run_id,wall_time,mode,bitfile,wns_ns,software_commit,workload,workload_id,repeat,status,exclusion_reason,n_circuits,shots,rps,n_active_ch,per_shot_us,qpu_ms,t_start_ns,t_end_ns,elapsed_ms,cmd_bytes_logical,cmd_bytes_transferred,readout_bytes,send_block_us_max,send_block_us_total,seamless,tag,pool_tables,n_groups,cnr,cnr_wait_cycles,note
c3_14q_re1-c3-1-r-1-1789951498,2026-09-20T17:44:58,c3,build_13b440c3_20260918192735,0.001,7de69de,single,1,-1,ok,,1,24576,2,2,8.58,210.9604,964723414229570,964723629070689,214.841119,416,65792,786432,883,44389,1,c3_14q_re1,0,1,0,0,
c3_14q_re1-c3-1-r0-1789951498,2026-09-20T17:44:58,c3,build_13b440c3_20260918192735,0.001,7de69de,single,1,0,ok,,1,24576,2,2,8.58,210.9604,964723701731616,964723916565025,214.833409,416,65792,786432,516,42329,1,c3_14q_re1,0,1,0,0,
c3_14q_re1-c3-1-r1-1789951498,2026-09-20T17:44:58,c3,build_13b440c3_20260918192735,0.001,7de69de,single,1,1,ok,,1,24576,2,2,8.58,210.9604,964723988427983,964724203259402,214.831419,416,65792,786432,544,41966,1,c3_14q_re1,0,1,0,0,
c3_14q_re1-c3-1-r2-1789951499,2026-09-20T17:44:59,c3,build_13b440c3_20260918192735,0.001,7de69de,single,1,2,ok,,1,24576,2,2,8.58,210.9604,964724277073500,964724491911409,214.837909,416,65792,786432,350,43259,1,c3_14q_re1,0,1,0,0,
c3_14q_re1-c3-1-r3-1789951499,2026-09-20T17:44:59,c3,build_13b440c3_20260918192735,0.001,7de69de,single,1,3,ok,,1,24576,2,2,8.58,210.9604,964724564687387,964724779516745,214.829358,416,65792,786432,713,44274,1,c3_14q_re1,0,1,0,0,
c3_14q_re1-c3-1-r4-1789951499,2026-09-20T17:44:59,c3,build_13b440c3_20260918192735,0.001,7de69de,single,1,4,ok,,1,24576,2,2,8.58,210.9604,964724852994790,964725067825819,214.831029,416,65792,786432,733,42997,1,c3_14q_re1,0,1,0,0,
c3_14q_re1-c3-2-r-1-1789951500,2026-09-20T17:45:00,c3,build_13b440c3_20260918192735,0.001,7de69de,single,2,-1,ok,,1,8192,2,3,11.71,95.9611,964725180079242,964725277364855,97.285613,624,98560,393216,348,21210,1,c3_14q_re1,0,1,0,0,
c3_14q_re1-c3-2-r0-1789951500,2026-09-20T17:45:00,c3,build_13b440c3_20260918192735,0.001,7de69de,single,2,0,ok,,1,8192,2,3,11.71,95.9611,964725382770459,964725480060162,97.289703,624,98560,393216,336,21630,1,c3_14q_re1,0,1,0,0,
c3_14q_re1-c3-2-r1-1789951500,2026-09-20T17:45:00,c3,build_13b440c3_20260918192735,0.001,7de69de,single,2,1,ok,,1,8192,2,3,11.71,95.9611,964725585508527,964725682802370,97.293843,624,98560,393216,673,22152,1,c3_14q_re1,0,1,0,0,
c3_14q_re1-c3-2-r2-1789951500,2026-09-20T17:45:00,c3,build_13b440c3_20260918192735,0.001,7de69de,single,2,2,ok,,1,8192,2,3,11.71,95.9611,964725792016162,964725889307865,97.291703,624,98560,393216,351,21356,1,c3_14q_re1,0,1,0,0,
c3_14q_re1-c3-2-r3-1789951500,2026-09-20T17:45:00,c3,build_13b440c3_20260918192735,0.001,7de69de,single,2,3,ok,,1,8192,2,3,11.71,95.9611,964725995499637,964726092786600,97.286963,624,98560,393216,690,21548,1,c3_14q_re1,0,1,0,0,
c3_14q_re1-c3-2-r4-1789951501,2026-09-20T17:45:01,c3,build_13b440c3_20260918192735,0.001,7de69de,single,2,4,ok,,1,8192,2,3,11.71,95.9611,964726199308086,964726296590789,97.282703,624,98560,393216,585,21623,1,c3_14q_re1,0,1,0,0,
c3_14q_re1-c3-3-r-1-1789951501,2026-09-20T17:45:01,c3,build_13b440c3_20260918192735,0.001,7de69de,single,3,-1,ok,,1,4000,2,2,8.58,34.3360,964726370388997,964726405392167,35.00317,448,65792,128000,384,7275,1,c3_14q_re1,0,1,0,0,
c3_14q_re1-c3-3-r0-1789951501,2026-09-20T17:45:01,c3,build_13b440c3_20260918192735,0.001,7de69de,single,3,0,ok,,1,4000,2,2,8.58,34.3360,964726475699580,964726510695310,34.99573,448,65792,128000,542,7249,1,c3_14q_re1,0,1,0,0,
c3_14q_re1-c3-3-r1-1789951501,2026-09-20T17:45:01,c3,build_13b440c3_20260918192735,0.001,7de69de,single,3,1,ok,,1,4000,2,2,8.58,34.3360,964726580943782,964726615943983,35.000201,448,65792,128000,48,7002,1,c3_14q_re1,0,1,0,0,
c3_14q_re1-c3-3-r2-1789951501,2026-09-20T17:45:01,c3,build_13b440c3_20260918192735,0.001,7de69de,single,3,2,ok,,1,4000,2,2,8.58,34.3360,964726688504668,964726723514358,35.00969,448,65792,128000,63,7016,1,c3_14q_re1,0,1,0,0,
c3_14q_re1-c3-3-r3-1789951501,2026-09-20T17:45:01,c3,build_13b440c3_20260918192735,0.001,7de69de,single,3,3,ok,,1,4000,2,2,8.58,34.3360,964726796205925,964726831200625,34.9947,448,65792,128000,387,7328,1,c3_14q_re1,0,1,0,0,
c3_14q_re1-c3-3-r4-1789951501,2026-09-20T17:45:01,c3,build_13b440c3_20260918192735,0.001,7de69de,single,3,4,ok,,1,4000,2,2,8.58,34.3360,964726904599230,964726939602250,35.00302,448,65792,128000,52,6999,1,c3_14q_re1,0,1,0,0,
c3_14q_re1-c3-4-r-1-1789951501,2026-09-20T17:45:01,c3,build_13b440c3_20260918192735,0.001,7de69de,single,4,-1,ok,,1,1000,2,2,8.94,8.9400,964727016321067,964727025457498,9.136431,512,65792,32000,64,1859,1,c3_14q_re1,0,1,0,0,
c3_14q_re1-c3-4-r0-1789951502,2026-09-20T17:45:02,c3,build_13b440c3_20260918192735,0.001,7de69de,single,4,0,ok,,1,1000,2,2,8.94,8.9400,964727099305737,964727108436718,9.130981,512,65792,32000,41,1818,1,c3_14q_re1,0,1,0,0,
c3_14q_re1-c3-4-r1-1789951502,2026-09-20T17:45:02,c3,build_13b440c3_20260918192735,0.001,7de69de,single,4,1,ok,,1,1000,2,2,8.94,8.9400,964727181700871,964727190834502,9.133631,512,65792,32000,39,1823,1,c3_14q_re1,0,1,0,0,
c3_14q_re1-c3-4-r2-1789951502,2026-09-20T17:45:02,c3,build_13b440c3_20260918192735,0.001,7de69de,single,4,2,ok,,1,1000,2,2,8.94,8.9400,964727263774112,964727272908803,9.134691,512,65792,32000,47,1922,1,c3_14q_re1,0,1,0,0,
c3_14q_re1-c3-4-r3-1789951502,2026-09-20T17:45:02,c3,build_13b440c3_20260918192735,0.001,7de69de,single,4,3,ok,,1,1000,2,2,8.94,8.9400,964727347533050,964727356668651,9.135601,512,65792,32000,56,1955,1,c3_14q_re1,0,1,0,0,
c3_14q_re1-c3-4-r4-1789951502,2026-09-20T17:45:02,c3,build_13b440c3_20260918192735,0.001,7de69de,single,4,4,ok,,1,1000,2,2,8.94,8.9400,964727429890003,964727439027745,9.137742,512,65792,32000,39,1909,1,c3_14q_re1,0,1,0,0,
c3_14q_re1-c3-5-r-1-1789951502,2026-09-20T17:45:02,c3,build_13b440c3_20260918192735,0.001,7de69de,single,5,-1,ok,,1,1000,2,3,14.50,14.4960,964727550079455,964727564782472,14.703017,768,98560,48000,38,2812,1,c3_14q_re1,0,1,0,0,
c3_14q_re1-c3-5-r0-1789951502,2026-09-20T17:45:02,c3,build_13b440c3_20260918192735,0.001,7de69de,single,5,0,ok,,1,1000,2,3,14.50,14.4960,964727697831143,964727712528650,14.697507,768,98560,48000,35,2745,1,c3_14q_re1,0,1,0,0,
c3_14q_re1-c3-5-r1-1789951502,2026-09-20T17:45:02,c3,build_13b440c3_20260918192735,0.001,7de69de,single,5,1,ok,,1,1000,2,3,14.50,14.4960,964727844619391,964727859328678,14.709287,768,98560,48000,36,2783,1,c3_14q_re1,0,1,0,0,
c3_14q_re1-c3-5-r2-1789951502,2026-09-20T17:45:02,c3,build_13b440c3_20260918192735,0.001,7de69de,single,5,2,ok,,1,1000,2,3,14.50,14.4960,964727993127897,964728007834184,14.706287,768,98560,48000,46,2720,1,c3_14q_re1,0,1,0,0,
c3_14q_re1-c3-5-r3-1789951503,2026-09-20T17:45:03,c3,build_13b440c3_20260918192735,0.001,7de69de,single,5,3,ok,,1,1000,2,3,14.50,14.4960,964728141760183,964728156462710,14.702527,768,98560,48000,41,2713,1,c3_14q_re1,0,1,0,0,
c3_14q_re1-c3-5-r4-1789951503,2026-09-20T17:45:03,c3,build_13b440c3_20260918192735,0.001,7de69de,single,5,4,ok,,1,1000,2,3,14.50,14.4960,964728290745663,964728305448220,14.702557,768,98560,48000,36,2625,1,c3_14q_re1,0,1,0,0,
c3_14q_re1-c3-6-r-1-1789951503,2026-09-20T17:45:03,c3,build_13b440c3_20260918192735,0.001,7de69de,single,6,-1,ok,,1,1024,2,3,12.06,12.3515,964728441906055,964728454466821,12.560766,784,98560,40960,41,2295,1,c3_14q_re1,0,1,0,0,
c3_14q_re1-c3-6-r0-1789951503,2026-09-20T17:45:03,c3,build_13b440c3_20260918192735,0.001,7de69de,single,6,0,ok,,1,1024,2,3,12.06,12.3515,964728588997816,964728601560892,12.563076,784,98560,40960,40,2307,1,c3_14q_re1,0,1,0,0,
c3_14q_re1-c3-6-r1-1789951503,2026-09-20T17:45:03,c3,build_13b440c3_20260918192735,0.001,7de69de,single,6,1,ok,,1,1024,2,3,12.06,12.3515,964728736217869,964728748782034,12.564165,784,98560,40960,37,2341,1,c3_14q_re1,0,1,0,0,
c3_14q_re1-c3-6-r2-1789951503,2026-09-20T17:45:03,c3,build_13b440c3_20260918192735,0.001,7de69de,single,6,2,ok,,1,1024,2,3,12.06,12.3515,964728883727464,964728896293050,12.565586,784,98560,40960,38,2302,1,c3_14q_re1,0,1,0,0,
c3_14q_re1-c3-6-r3-1789951503,2026-09-20T17:45:03,c3,build_13b440c3_20260918192735,0.001,7de69de,single,6,3,ok,,1,1024,2,3,12.06,12.3515,964729030359530,964729042920856,12.561326,784,98560,40960,48,2332,1,c3_14q_re1,0,1,0,0,
c3_14q_re1-c3-6-r4-1789951504,2026-09-20T17:45:04,c3,build_13b440c3_20260918192735,0.001,7de69de,single,6,4,ok,,1,1024,2,3,12.06,12.3515,964729179307260,964729191868986,12.561726,784,98560,40960,50,2313,1,c3_14q_re1,0,1,0,0,
c3_14q_re1-c3-7-r-1-1789951504,2026-09-20T17:45:04,c3,build_13b440c3_20260918192735,0.001,7de69de,single,7,-1,ok,,1,8192,2,4,14.84,121.6020,964729364153839,964729487103649,122.94981,832,131328,524288,345,28458,1,c3_14q_re1,0,1,0,0,
c3_14q_re1-c3-7-r0-1789951504,2026-09-20T17:45:04,c3,build_13b440c3_20260918192735,0.001,7de69de,single,7,0,ok,,1,8192,2,4,14.84,121.6020,964729625829876,964729748766216,122.93634,832,131328,524288,679,28249,1,c3_14q_re1,0,1,0,0,
c3_14q_re1-c3-7-r1-1789951504,2026-09-20T17:45:04,c3,build_13b440c3_20260918192735,0.001,7de69de,single,7,1,ok,,1,8192,2,4,14.84,121.6020,964729888207360,964730011143410,122.93605,832,131328,524288,996,30379,1,c3_14q_re1,0,1,0,0,
c3_14q_re1-c3-7-r2-1789951505,2026-09-20T17:45:05,c3,build_13b440c3_20260918192735,0.001,7de69de,single,7,2,ok,,1,8192,2,4,14.84,121.6020,964730150442063,964730273377803,122.93574,832,131328,524288,330,28073,1,c3_14q_re1,0,1,0,0,
c3_14q_re1-c3-7-r3-1789951505,2026-09-20T17:45:05,c3,build_13b440c3_20260918192735,0.001,7de69de,single,7,3,ok,,1,8192,2,4,14.84,121.6020,964730412195991,964730535136841,122.94085,832,131328,524288,690,29752,1,c3_14q_re1,0,1,0,0,
c3_14q_re1-c3-7-r4-1789951505,2026-09-20T17:45:05,c3,build_13b440c3_20260918192735,0.001,7de69de,single,7,4,ok,,1,8192,2,4,14.84,121.6020,964730674823138,964730797760807,122.937669,832,131328,524288,696,28454,1,c3_14q_re1,0,1,0,0,
c3_14q_re1-c3-8-r-1-1789951505,2026-09-20T17:45:05,c3,build_13b440c3_20260918192735,0.001,7de69de,single,8,-1,ok,,1,1024,2,5,17.97,18.4054,964730976742647,964730995390414,18.647767,1040,164096,81920,39,4724,1,c3_14q_re1,0,1,0,0,
c3_14q_re1-c3-8-r0-1789951506,2026-09-20T17:45:06,c3,build_13b440c3_20260918192735,0.001,7de69de,single,8,0,ok,,1,1024,2,5,17.97,18.4054,964731190604806,964731209235383,18.630577,1040,164096,81920,48,4695,1,c3_14q_re1,0,1,0,0,
c3_14q_re1-c3-8-r1-1789951506,2026-09-20T17:45:06,c3,build_13b440c3_20260918192735,0.001,7de69de,single,8,1,ok,,1,1024,2,5,17.97,18.4054,964731403957190,964731422593577,18.636387,1040,164096,81920,310,5112,1,c3_14q_re1,0,1,0,0,
c3_14q_re1-c3-8-r2-1789951506,2026-09-20T17:45:06,c3,build_13b440c3_20260918192735,0.001,7de69de,single,8,2,ok,,1,1024,2,5,17.97,18.4054,964731615862000,964731634492176,18.630176,1040,164096,81920,49,4681,1,c3_14q_re1,0,1,0,0,
c3_14q_re1-c3-8-r3-1789951506,2026-09-20T17:45:06,c3,build_13b440c3_20260918192735,0.001,7de69de,single,8,3,ok,,1,1024,2,5,17.97,18.4054,964731829999241,964731848631818,18.632577,1040,164096,81920,389,5056,1,c3_14q_re1,0,1,0,0,
c3_14q_re1-c3-8-r4-1789951506,2026-09-20T17:45:06,c3,build_13b440c3_20260918192735,0.001,7de69de,single,8,4,ok,,1,1024,2,5,17.97,18.4054,964732043571797,964732062201774,18.629977,1040,164096,81920,51,4739,1,c3_14q_re1,0,1,0,0,
c3_14q_re1-c3-9-r-1-1789951507,2026-09-20T17:45:07,c3,build_13b440c3_20260918192735,0.001,7de69de,single,9,-1,ok,,1,128,2,6,21.10,2.7013,964732296799460,964732299603158,2.803698,1248,196864,12288,36,746,1,c3_14q_re1,0,1,0,0,
c3_14q_re1-c3-9-r0-1789951507,2026-09-20T17:45:07,c3,build_13b440c3_20260918192735,0.001,7de69de,single,9,0,ok,,1,128,2,6,21.10,2.7013,964732544966832,964732547764690,2.797858,1248,196864,12288,48,747,1,c3_14q_re1,0,1,0,0,
c3_14q_re1-c3-9-r1-1789951507,2026-09-20T17:45:07,c3,build_13b440c3_20260918192735,0.001,7de69de,single,9,1,ok,,1,128,2,6,21.10,2.7013,964732793883062,964732796681460,2.798398,1248,196864,12288,82,803,1,c3_14q_re1,0,1,0,0,
c3_14q_re1-c3-9-r2-1789951507,2026-09-20T17:45:07,c3,build_13b440c3_20260918192735,0.001,7de69de,single,9,2,ok,,1,128,2,6,21.10,2.7013,964733084682540,964733087483378,2.800838,1248,196864,12288,44,750,1,c3_14q_re1,0,1,0,0,
c3_14q_re1-c3-9-r3-1789951508,2026-09-20T17:45:08,c3,build_13b440c3_20260918192735,0.001,7de69de,single,9,3,ok,,1,128,2,6,21.10,2.7013,964733372487989,964733375287407,2.799418,1248,196864,12288,42,709,1,c3_14q_re1,0,1,0,0,
c3_14q_re1-c3-9-r4-1789951508,2026-09-20T17:45:08,c3,build_13b440c3_20260918192735,0.001,7de69de,single,9,4,ok,,1,128,2,6,21.10,2.7013,964733659764672,964733662562060,2.797388,1248,196864,12288,47,780,1,c3_14q_re1,0,1,0,0,
c3_14q_re1-c3-10-r-1-1789951508,2026-09-20T17:45:08,c3,build_13b440c3_20260918192735,0.001,7de69de,single,10,-1,ok,,1,32,2,8,27.36,0.8756,964733985610591,964733986590751,0.98016,1664,262400,4096,45,272,1,c3_14q_re1,0,1,0,0,
c3_14q_re1-c3-10-r0-1789951509,2026-09-20T17:45:09,c3,build_13b440c3_20260918192735,0.001,7de69de,single,10,0,ok,,1,32,2,8,27.36,0.8756,964734300391589,964734301366189,0.9746,1664,262400,4096,39,264,1,c3_14q_re1,0,1,0,0,
c3_14q_re1-c3-10-r1-1789951509,2026-09-20T17:45:09,c3,build_13b440c3_20260918192735,0.001,7de69de,single,10,1,ok,,1,32,2,8,27.36,0.8756,964734614609502,964734615591001,0.981499,1664,262400,4096,37,262,1,c3_14q_re1,0,1,0,0,
c3_14q_re1-c3-10-r2-1789951509,2026-09-20T17:45:09,c3,build_13b440c3_20260918192735,0.001,7de69de,single,10,2,ok,,1,32,2,8,27.36,0.8756,964734924602162,964734925580412,0.97825,1664,262400,4096,36,239,1,c3_14q_re1,0,1,0,0,
c3_14q_re1-c3-10-r3-1789951509,2026-09-20T17:45:09,c3,build_13b440c3_20260918192735,0.001,7de69de,single,10,3,ok,,1,32,2,8,27.36,0.8756,964735229838305,964735230820085,0.98178,1664,262400,4096,45,253,1,c3_14q_re1,0,1,0,0,
c3_14q_re1-c3-10-r4-1789951510,2026-09-20T17:45:10,c3,build_13b440c3_20260918192735,0.001,7de69de,single,10,4,ok,,1,32,2,8,27.36,0.8756,964735542966237,964735543940866,0.974629,1664,262400,4096,52,276,1,c3_14q_re1,0,1,0,0,
c3_14q_re1-c3-11-r-1-1789951510,2026-09-20T17:45:10,c3,build_13b440c3_20260918192735,0.001,7de69de,single,11,-1,ok,,1,1024,2,5,18.92,19.3761,964735763426572,964735783032788,19.606216,1392,164096,73728,55,4221,1,c3_14q_re1,0,1,0,0,
c3_14q_re1-c3-11-r0-1789951510,2026-09-20T17:45:10,c3,build_13b440c3_20260918192735,0.001,7de69de,single,11,0,ok,,1,1024,2,5,18.92,19.3761,964735979819036,964735999428512,19.609476,1392,164096,73728,47,4173,1,c3_14q_re1,0,1,0,0,
c3_14q_re1-c3-11-r1-1789951511,2026-09-20T17:45:11,c3,build_13b440c3_20260918192735,0.001,7de69de,single,11,1,ok,,1,1024,2,5,18.92,19.3761,964736194126359,964736213728165,19.601806,1392,164096,73728,45,3971,1,c3_14q_re1,0,1,0,0,
c3_14q_re1-c3-11-r2-1789951511,2026-09-20T17:45:11,c3,build_13b440c3_20260918192735,0.001,7de69de,single,11,2,ok,,1,1024,2,5,18.92,19.3761,964736405965258,964736425570504,19.605246,1392,164096,73728,36,4026,1,c3_14q_re1,0,1,0,0,
c3_14q_re1-c3-11-r3-1789951511,2026-09-20T17:45:11,c3,build_13b440c3_20260918192735,0.001,7de69de,single,11,3,ok,,1,1024,2,5,18.92,19.3761,964736617893358,964736637498224,19.604866,1392,164096,73728,40,4140,1,c3_14q_re1,0,1,0,0,
c3_14q_re1-c3-11-r4-1789951511,2026-09-20T17:45:11,c3,build_13b440c3_20260918192735,0.001,7de69de,single,11,4,ok,,1,1024,2,5,18.92,19.3761,964736831871818,964736851479044,19.607226,1392,164096,73728,40,4120,1,c3_14q_re1,0,1,0,0,
c3_14q_re1-c3-12-r-1-1789951511,2026-09-20T17:45:11,c3,build_13b440c3_20260918192735,0.001,7de69de,single,12,-1,ok,,1,10000,2,1,5.43,54.3000,964736912853638,964736968741917,55.888279,192,33024,160000,46,8534,1,c3_14q_re1,0,1,0,0,
c3_14q_re1-c3-12-r0-1789951511,2026-09-20T17:45:11,c3,build_13b440c3_20260918192735,0.001,7de69de,single,12,0,ok,,1,10000,2,1,5.43,54.3000,964737005117150,964737061006799,55.889649,192,33024,160000,367,8826,1,c3_14q_re1,0,1,0,0,
c3_14q_re1-c3-12-r1-1789951512,2026-09-20T17:45:12,c3,build_13b440c3_20260918192735,0.001,7de69de,single,12,1,ok,,1,10000,2,1,5.43,54.3000,964737096540635,964737152427764,55.887129,192,33024,160000,39,8507,1,c3_14q_re1,0,1,0,0,
c3_14q_re1-c3-12-r2-1789951512,2026-09-20T17:45:12,c3,build_13b440c3_20260918192735,0.001,7de69de,single,12,2,ok,,1,10000,2,1,5.43,54.3000,964737188285302,964737244382624,56.097322,192,33024,160000,358,8832,1,c3_14q_re1,0,1,0,0,
c3_14q_re1-c3-12-r3-1789951512,2026-09-20T17:45:12,c3,build_13b440c3_20260918192735,0.001,7de69de,single,12,3,ok,,1,10000,2,1,5.43,54.3000,964737282370733,964737338262302,55.891569,192,33024,160000,48,8518,1,c3_14q_re1,0,1,0,0,
c3_14q_re1-c3-12-r4-1789951512,2026-09-20T17:45:12,c3,build_13b440c3_20260918192735,0.001,7de69de,single,12,4,ok,,1,10000,2,1,5.43,54.3000,964737373895369,964737429781108,55.885739,192,33024,160000,422,8942,1,c3_14q_re1,0,1,0,0,
c3_14q_re1-c3-13-r-1-1789951512,2026-09-20T17:45:12,c3,build_13b440c3_20260918192735,0.001,7de69de,single,13,-1,ok,,1,500,2,4,26.47,13.2360,964737583221032,964737596595976,13.374944,3008,131328,32000,36,1796,1,c3_14q_re1,0,1,0,0,
c3_14q_re1-c3-13-r0-1789951512,2026-09-20T17:45:12,c3,build_13b440c3_20260918192735,0.001,7de69de,single,13,0,ok,,1,500,2,4,26.47,13.2360,964737764750128,964737778126342,13.376214,3008,131328,32000,40,1782,1,c3_14q_re1,0,1,0,0,
c3_14q_re1-c3-13-r1-1789951512,2026-09-20T17:45:12,c3,build_13b440c3_20260918192735,0.001,7de69de,single,13,1,ok,,1,500,2,4,26.47,13.2360,964737948104912,964737961479666,13.374754,3008,131328,32000,44,1789,1,c3_14q_re1,0,1,0,0,
c3_14q_re1-c3-13-r2-1789951512,2026-09-20T17:45:12,c3,build_13b440c3_20260918192735,0.001,7de69de,single,13,2,ok,,1,500,2,4,26.47,13.2360,964738129109062,964738142479586,13.370524,3008,131328,32000,50,1807,1,c3_14q_re1,0,1,0,0,
c3_14q_re1-c3-13-r3-1789951513,2026-09-20T17:45:13,c3,build_13b440c3_20260918192735,0.001,7de69de,single,13,3,ok,,1,500,2,4,26.47,13.2360,964738308744259,964738322122353,13.378094,3008,131328,32000,41,1808,1,c3_14q_re1,0,1,0,0,
c3_14q_re1-c3-13-r4-1789951513,2026-09-20T17:45:13,c3,build_13b440c3_20260918192735,0.001,7de69de,single,13,4,ok,,1,500,2,4,26.47,13.2360,964738489503167,964738502873640,13.370473,3008,131328,32000,50,1822,1,c3_14q_re1,0,1,0,0,
c3_14q_re1-c3-19-r-1-1789951513,2026-09-20T17:45:13,c3,build_13b440c3_20260918192735,0.001,7de69de,single,19,-1,ok,,1,4096,2,14,46.42,190.1199,964739025612719,964739216534788,190.922069,3968,458752,917504,651,51227,1,c3_14q_re1,0,1,0,0,
c3_14q_re1-c3-19-r0-1789951514,2026-09-20T17:45:14,c3,build_13b440c3_20260918192735,0.001,7de69de,single,19,0,ok,,1,4096,2,14,46.42,190.1199,964739688249456,964739879164095,190.914639,3968,458752,917504,623,50091,1,c3_14q_re1,0,1,0,0,
c3_14q_re1-c3-19-r1-1789951514,2026-09-20T17:45:14,c3,build_13b440c3_20260918192735,0.001,7de69de,single,19,1,ok,,1,4096,2,14,46.42,190.1199,964740346952544,964740537864933,190.912389,3968,458752,917504,315,49795,1,c3_14q_re1,0,1,0,0,
c3_14q_re1-c3-19-r2-1789951515,2026-09-20T17:45:15,c3,build_13b440c3_20260918192735,0.001,7de69de,single,19,2,ok,,1,4096,2,14,46.42,190.1199,964741010453490,964741201375360,190.92187,3968,458752,917504,314,50046,1,c3_14q_re1,0,1,0,0,
c3_14q_re1-c3-19-r3-1789951516,2026-09-20T17:45:16,c3,build_13b440c3_20260918192735,0.001,7de69de,single,19,3,ok,,1,4096,2,14,46.42,190.1199,964741673012227,964741863932036,190.919809,3968,458752,917504,515,49611,1,c3_14q_re1,0,1,0,0,
c3_14q_re1-c3-19-r4-1789951516,2026-09-20T17:45:16,c3,build_13b440c3_20260918192735,0.001,7de69de,single,19,4,ok,,1,4096,2,14,46.42,190.1199,964742333717095,964742524643154,190.926059,3968,458752,917504,473,49555,1,c3_14q_re1,0,1,0,0,
c3_14q_re1-c3-20-r-1-1789951517,2026-09-20T17:45:17,c3,build_13b440c3_20260918192735,0.001,7de69de,single,20,-1,ok,,1,1000,2,5,17.66,17.6580,964742689606364,964742707493153,17.886789,1008,164096,56000,36,3126,1,c3_14q_re1,0,1,0,0,
c3_14q_re1-c3-20-r0-1789951517,2026-09-20T17:45:17,c3,build_13b440c3_20260918192735,0.001,7de69de,single,20,0,ok,,1,1000,2,5,17.66,17.6580,964742888295791,964742906181170,17.885379,1008,164096,56000,36,3104,1,c3_14q_re1,0,1,0,0,
c3_14q_re1-c3-20-r1-1789951517,2026-09-20T17:45:17,c3,build_13b440c3_20260918192735,0.001,7de69de,single,20,1,ok,,1,1000,2,5,17.66,17.6580,964743085860557,964743103740126,17.879569,1008,164096,56000,39,3124,1,c3_14q_re1,0,1,0,0,
c3_14q_re1-c3-20-r2-1789951518,2026-09-20T17:45:18,c3,build_13b440c3_20260918192735,0.001,7de69de,single,20,2,ok,,1,1000,2,5,17.66,17.6580,964743282570045,964743300458044,17.887999,1008,164096,56000,54,3084,1,c3_14q_re1,0,1,0,0,
c3_14q_re1-c3-20-r3-1789951518,2026-09-20T17:45:18,c3,build_13b440c3_20260918192735,0.001,7de69de,single,20,3,ok,,1,1000,2,5,17.66,17.6580,964743481616696,964743499515795,17.899099,1008,164096,56000,46,3039,1,c3_14q_re1,0,1,0,0,
c3_14q_re1-c3-20-r4-1789951518,2026-09-20T17:45:18,c3,build_13b440c3_20260918192735,0.001,7de69de,single,20,4,ok,,1,1000,2,5,17.66,17.6580,964743678591466,964743696470514,17.879048,1008,164096,56000,64,3090,1,c3_14q_re1,0,1,0,0,
c3_14q_re1-c3-21-r-1-1789951518,2026-09-20T17:45:18,c3,build_13b440c3_20260918192735,0.001,7de69de,single,21,-1,ok,,1,10000,2,12,43.24,432.4000,964744143832939,964744577930770,434.097831,3392,393472,1920000,667,104162,1,c3_14q_re1,0,1,0,0,
c3_14q_re1-c3-21-r0-1789951519,2026-09-20T17:45:19,c3,build_13b440c3_20260918192735,0.001,7de69de,single,21,0,ok,,1,10000,2,12,43.24,432.4000,964744984946851,964745419042603,434.095752,3392,393472,1920000,944,104747,1,c3_14q_re1,0,1,0,0,
c3_14q_re1-c3-21-r1-1789951520,2026-09-20T17:45:20,c3,build_13b440c3_20260918192735,0.001,7de69de,single,21,1,ok,,1,10000,2,12,43.24,432.4000,964745826038193,964746260137465,434.099272,3392,393472,1920000,661,104644,1,c3_14q_re1,0,1,0,0,
c3_14q_re1-c3-21-r2-1789951521,2026-09-20T17:45:21,c3,build_13b440c3_20260918192735,0.001,7de69de,single,21,2,ok,,1,10000,2,12,43.24,432.4000,964746667735612,964747101842023,434.106411,3392,393472,1920000,659,106146,1,c3_14q_re1,0,1,0,0,
c3_14q_re1-c3-21-r3-1789951522,2026-09-20T17:45:22,c3,build_13b440c3_20260918192735,0.001,7de69de,single,21,3,ok,,1,10000,2,12,43.24,432.4000,964747506372539,964747940466641,434.094102,3392,393472,1920000,452,102878,1,c3_14q_re1,0,1,0,0,
c3_14q_re1-c3-21-r4-1789951522,2026-09-20T17:45:22,c3,build_13b440c3_20260918192735,0.001,7de69de,single,21,4,ok,,1,10000,2,12,43.24,432.4000,964748348121728,964748782217940,434.096212,3392,393472,1920000,666,105966,1,c3_14q_re1,0,1,0,0,
c3_14q_re1-c3-22-r-1-1789951523,2026-09-20T17:45:23,c3,build_13b440c3_20260918192735,0.001,7de69de,single,22,-1,ok,,1,400,2,14,50.12,20.0496,964749277236601,964749297503664,20.267063,4192,458752,89600,51,5079,1,c3_14q_re1,0,1,0,0,
c3_14q_re1-c3-22-r0-1789951524,2026-09-20T17:45:24,c3,build_13b440c3_20260918192735,0.001,7de69de,single,22,0,ok,,1,400,2,14,50.12,20.0496,964749786837868,964749807107650,20.269782,4192,458752,89600,301,5424,1,c3_14q_re1,0,1,0,0,
c3_14q_re1-c3-22-r1-1789951524,2026-09-20T17:45:24,c3,build_13b440c3_20260918192735,0.001,7de69de,single,22,1,ok,,1,400,2,14,50.12,20.0496,964750293957910,964750314234732,20.276822,4192,458752,89600,56,4877,1,c3_14q_re1,0,1,0,0,
c3_14q_re1-c3-22-r2-1789951525,2026-09-20T17:45:25,c3,build_13b440c3_20260918192735,0.001,7de69de,single,22,2,ok,,1,400,2,14,50.12,20.0496,964750803593847,964750823863269,20.269422,4192,458752,89600,49,4839,1,c3_14q_re1,0,1,0,0,
c3_14q_re1-c3-22-r3-1789951525,2026-09-20T17:45:25,c3,build_13b440c3_20260918192735,0.001,7de69de,single,22,3,ok,,1,400,2,14,50.12,20.0496,964751311326415,964751331608498,20.282083,4192,458752,89600,304,5505,1,c3_14q_re1,0,1,0,0,
c3_14q_re1-c3-22-r4-1789951526,2026-09-20T17:45:26,c3,build_13b440c3_20260918192735,0.001,7de69de,single,22,4,ok,,1,400,2,14,50.12,20.0496,964751818628669,964751838895481,20.266812,4192,458752,89600,48,5343,1,c3_14q_re1,0,1,0,0,
c3_14q_re1-c3-23-r-1-1789951526,2026-09-20T17:45:26,c3,build_13b440c3_20260918192735,0.001,7de69de,single,23,-1,ok,,1,4000,2,12,42.85,171.4080,964752264064094,964752436245406,172.181312,3136,393472,768000,336,41120,1,c3_14q_re1,0,1,0,0,
c3_14q_re1-c3-23-r0-1789951527,2026-09-20T17:45:27,c3,build_13b440c3_20260918192735,0.001,7de69de,single,23,0,ok,,1,4000,2,12,42.85,171.4080,964752825776492,964752997947114,172.170622,3136,393472,768000,503,40968,1,c3_14q_re1,0,1,0,0,
c3_14q_re1-c3-23-r1-1789951528,2026-09-20T17:45:27,c3,build_13b440c3_20260918192735,0.001,7de69de,single,23,1,ok,,1,4000,2,12,42.85,171.4080,964753385973645,964753558140347,172.166702,3136,393472,768000,571,42459,1,c3_14q_re1,0,1,0,0,
c3_14q_re1-c3-23-r2-1789951528,2026-09-20T17:45:28,c3,build_13b440c3_20260918192735,0.001,7de69de,single,23,2,ok,,1,4000,2,12,42.85,171.4080,964753948356629,964754120528071,172.171442,3136,393472,768000,425,41718,1,c3_14q_re1,0,1,0,0,
c3_14q_re1-c3-23-r3-1789951529,2026-09-20T17:45:29,c3,build_13b440c3_20260918192735,0.001,7de69de,single,23,3,ok,,1,4000,2,12,42.85,171.4080,964754510083387,964754682257289,172.173902,3136,393472,768000,474,42029,1,c3_14q_re1,0,1,0,0,
c3_14q_re1-c3-23-r4-1789951529,2026-09-20T17:45:29,c3,build_13b440c3_20260918192735,0.001,7de69de,single,23,4,ok,,1,4000,2,12,42.85,171.4080,964755073232590,964755245404792,172.172202,3136,393472,768000,543,41346,1,c3_14q_re1,0,1,0,0,
c3_14q_re1-c3-24-r-1-1789951530,2026-09-20T17:45:30,c3,build_13b440c3_20260918192735,0.001,7de69de,single,24,-1,ok,,1,1024,2,6,59.48,60.9034,964755499480043,964755560624894,61.144851,10080,196864,98304,433,5794,1,c3_14q_re1,0,1,0,0,
c3_14q_re1-c3-24-r0-1789951530,2026-09-20T17:45:30,c3,build_13b440c3_20260918192735,0.001,7de69de,single,24,0,ok,,1,1024,2,6,59.48,60.9034,964755770480053,964755831619015,61.138962,10080,196864,98304,602,5944,1,c3_14q_re1,0,1,0,0,
c3_14q_re1-c3-24-r1-1789951530,2026-09-20T17:45:30,c3,build_13b440c3_20260918192735,0.001,7de69de,single,24,1,ok,,1,1024,2,6,59.48,60.9034,964756039180171,964756100326352,61.146181,10080,196864,98304,909,6299,1,c3_14q_re1,0,1,0,0,
c3_14q_re1-c3-24-r2-1789951531,2026-09-20T17:45:31,c3,build_13b440c3_20260918192735,0.001,7de69de,single,24,2,ok,,1,1024,2,6,59.48,60.9034,964756308429894,964756369568765,61.138871,10080,196864,98304,1019,6329,1,c3_14q_re1,0,1,0,0,
c3_14q_re1-c3-24-r3-1789951531,2026-09-20T17:45:31,c3,build_13b440c3_20260918192735,0.001,7de69de,single,24,3,ok,,1,1024,2,6,59.48,60.9034,964756576803268,964756637942949,61.139681,10080,196864,98304,404,5809,1,c3_14q_re1,0,1,0,0,
c3_14q_re1-c3-24-r4-1789951531,2026-09-20T17:45:31,c3,build_13b440c3_20260918192735,0.001,7de69de,single,24,4,ok,,1,1024,2,6,59.48,60.9034,964756846062641,964756907210222,61.147581,10080,196864,98304,40,5419,1,c3_14q_re1,0,1,0,0,
c3_14q_re1-c3-25-r-1-1789951531,2026-09-20T17:45:31,c3,build_13b440c3_20260918192735,0.001,7de69de,single,25,-1,ok,,1,1024,2,4,17.12,17.5309,964757054807239,964757072560906,17.753667,1344,131328,65536,48,3799,1,c3_14q_re1,0,1,0,0,
c3_14q_re1-c3-25-r0-1789951532,2026-09-20T17:45:32,c3,build_13b440c3_20260918192735,0.001,7de69de,single,25,0,ok,,1,1024,2,4,17.12,17.5309,964757235613577,964757253358814,17.745237,1344,131328,65536,453,4190,1,c3_14q_re1,0,1,0,0,
c3_14q_re1-c3-25-r1-1789951532,2026-09-20T17:45:32,c3,build_13b440c3_20260918192735,0.001,7de69de,single,25,1,ok,,1,1024,2,4,17.12,17.5309,964757414927210,964757432679568,17.752358,1344,131328,65536,62,3613,1,c3_14q_re1,0,1,0,0,
c3_14q_re1-c3-25-r2-1789951532,2026-09-20T17:45:32,c3,build_13b440c3_20260918192735,0.001,7de69de,single,25,2,ok,,1,1024,2,4,17.12,17.5309,964757595579947,964757613332485,17.752538,1344,131328,65536,40,3627,1,c3_14q_re1,0,1,0,0,
c3_14q_re1-c3-25-r3-1789951532,2026-09-20T17:45:32,c3,build_13b440c3_20260918192735,0.001,7de69de,single,25,3,ok,,1,1024,2,4,17.12,17.5309,964757775779539,964757793533737,17.754198,1344,131328,65536,162,3903,1,c3_14q_re1,0,1,0,0,
c3_14q_re1-c3-25-r4-1789951532,2026-09-20T17:45:32,c3,build_13b440c3_20260918192735,0.001,7de69de,single,25,4,ok,,1,1024,2,4,17.12,17.5309,964757958442836,964757976194684,17.751848,1344,131328,65536,35,3746,1,c3_14q_re1,0,1,0,0,
c3_14q_re1-c3-ghz8_x30-r-1-1789951533,2026-09-20T17:45:33,c3,build_13b440c3_20260918192735,0.001,7de69de,batch,ghz8_x30,-1,ok,,30,32;32;32;32;32;32;32;32;32;32;32;32;32;32;32;32;32;32;32;32;32;32;32;32;32;32;32;32;32;32,2;2;2;2;2;2;2;2;2;2;2;2;2;2;2;2;2;2;2;2;2;2;2;2;2;2;2;2;2;2,8;8;8;8;8;8;8;8;8;8;8;8;8;8;8;8;8;8;8;8;8;8;8;8;8;8;8;8;8;8,27.36;27.36;27.36;27.36;27.36;27.36;27.36;27.36;27.36;27.36;27.36;27.36;27.36;27.36;27.36;27.36;27.36;27.36;27.36;27.36;27.36;27.36;27.36;27.36;27.36;27.36;27.36;27.36;27.36;27.36,26.2694,964758785892692,964758812533959,26.641267,49920,7864576,122880,437,6759,1,c3_14q_re1,0,1,0,1,
c3_14q_re1-c3-ghz8_x30-r0-1789951533,2026-09-20T17:45:33,c3,build_13b440c3_20260918192735,0.001,7de69de,batch,ghz8_x30,0,ok,,30,32;32;32;32;32;32;32;32;32;32;32;32;32;32;32;32;32;32;32;32;32;32;32;32;32;32;32;32;32;32,2;2;2;2;2;2;2;2;2;2;2;2;2;2;2;2;2;2;2;2;2;2;2;2;2;2;2;2;2;2,8;8;8;8;8;8;8;8;8;8;8;8;8;8;8;8;8;8;8;8;8;8;8;8;8;8;8;8;8;8,27.36;27.36;27.36;27.36;27.36;27.36;27.36;27.36;27.36;27.36;27.36;27.36;27.36;27.36;27.36;27.36;27.36;27.36;27.36;27.36;27.36;27.36;27.36;27.36;27.36;27.36;27.36;27.36;27.36;27.36,26.2694,964759169574280,964759196576100,27.00182,49920,7864576,122880,767,7565,1,c3_14q_re1,0,1,0,1,
c3_14q_re1-c3-ghz8_x30-r1-1789951534,2026-09-20T17:45:34,c3,build_13b440c3_20260918192735,0.001,7de69de,batch,ghz8_x30,1,ok,,30,32;32;32;32;32;32;32;32;32;32;32;32;32;32;32;32;32;32;32;32;32;32;32;32;32;32;32;32;32;32,2;2;2;2;2;2;2;2;2;2;2;2;2;2;2;2;2;2;2;2;2;2;2;2;2;2;2;2;2;2,8;8;8;8;8;8;8;8;8;8;8;8;8;8;8;8;8;8;8;8;8;8;8;8;8;8;8;8;8;8,27.36;27.36;27.36;27.36;27.36;27.36;27.36;27.36;27.36;27.36;27.36;27.36;27.36;27.36;27.36;27.36;27.36;27.36;27.36;27.36;27.36;27.36;27.36;27.36;27.36;27.36;27.36;27.36;27.36;27.36,26.2694,964759552966544,964759579608011,26.641467,49920,7864576,122880,883,7090,1,c3_14q_re1,0,1,0,1,
c3_14q_re1-c3-ghz8_x30-r2-1789951534,2026-09-20T17:45:34,c3,build_13b440c3_20260918192735,0.001,7de69de,batch,ghz8_x30,2,ok,,30,32;32;32;32;32;32;32;32;32;32;32;32;32;32;32;32;32;32;32;32;32;32;32;32;32;32;32;32;32;32,2;2;2;2;2;2;2;2;2;2;2;2;2;2;2;2;2;2;2;2;2;2;2;2;2;2;2;2;2;2,8;8;8;8;8;8;8;8;8;8;8;8;8;8;8;8;8;8;8;8;8;8;8;8;8;8;8;8;8;8,27.36;27.36;27.36;27.36;27.36;27.36;27.36;27.36;27.36;27.36;27.36;27.36;27.36;27.36;27.36;27.36;27.36;27.36;27.36;27.36;27.36;27.36;27.36;27.36;27.36;27.36;27.36;27.36;27.36;27.36,26.2694,964759937875304,964759964524450,26.649146,49920,7864576,122880,247,6393,1,c3_14q_re1,0,1,0,1,
c3_14q_re1-c3-ghz8_x30-r3-1789951534,2026-09-20T17:45:34,c3,build_13b440c3_20260918192735,0.001,7de69de,batch,ghz8_x30,3,ok,,30,32;32;32;32;32;32;32;32;32;32;32;32;32;32;32;32;32;32;32;32;32;32;32;32;32;32;32;32;32;32,2;2;2;2;2;2;2;2;2;2;2;2;2;2;2;2;2;2;2;2;2;2;2;2;2;2;2;2;2;2,8;8;8;8;8;8;8;8;8;8;8;8;8;8;8;8;8;8;8;8;8;8;8;8;8;8;8;8;8;8,27.36;27.36;27.36;27.36;27.36;27.36;27.36;27.36;27.36;27.36;27.36;27.36;27.36;27.36;27.36;27.36;27.36;27.36;27.36;27.36;27.36;27.36;27.36;27.36;27.36;27.36;27.36;27.36;27.36;27.36,26.2694,964760324507551,964760351152457,26.644906,49920,7864576,122880,60,6328,1,c3_14q_re1,0,1,0,1,
c3_14q_re1-c3-ghz8_x30-r4-1789951535,2026-09-20T17:45:35,c3,build_13b440c3_20260918192735,0.001,7de69de,batch,ghz8_x30,4,ok,,30,32;32;32;32;32;32;32;32;32;32;32;32;32;32;32;32;32;32;32;32;32;32;32;32;32;32;32;32;32;32,2;2;2;2;2;2;2;2;2;2;2;2;2;2;2;2;2;2;2;2;2;2;2;2;2;2;2;2;2;2,8;8;8;8;8;8;8;8;8;8;8;8;8;8;8;8;8;8;8;8;8;8;8;8;8;8;8;8;8;8,27.36;27.36;27.36;27.36;27.36;27.36;27.36;27.36;27.36;27.36;27.36;27.36;27.36;27.36;27.36;27.36;27.36;27.36;27.36;27.36;27.36;27.36;27.36;27.36;27.36;27.36;27.36;27.36;27.36;27.36,26.2694,964760709525732,964760736170918,26.645186,49920,7864576,122880,719,6890,1,c3_14q_re1,0,1,0,1,
c3_14q_re1-c3-qaoa12_x30-r-1-1789951536,2026-09-20T17:45:36,c3,build_13b440c3_20260918192735,0.001,7de69de,batch,qaoa12_x30,-1,ok,,30,10000;10000;10000;10000;10000;10000;10000;10000;10000;10000;10000;10000;10000;10000;10000;10000;10000;10000;10000;10000;10000;10000;10000;10000;10000;10000;10000;10000;10000;10000,2;2;2;2;2;2;2;2;2;2;2;2;2;2;2;2;2;2;2;2;2;2;2;2;2;2;2;2;2;2,12;12;12;12;12;12;12;12;12;12;12;12;12;12;12;12;12;12;12;12;12;12;12;12;12;12;12;12;12;12,43.24;43.24;43.24;43.24;43.24;43.24;43.24;43.24;43.24;43.24;43.24;43.24;43.24;43.24;43.24;43.24;43.24;43.24;43.24;43.24;43.24;43.24;43.24;43.24;43.24;43.24;43.24;43.24;43.24;43.24,12972.0000,964761679944467,964774699066689,13019.122222,101760,11796736,57600000,1009,3109402,1,c3_14q_re1,0,1,0,1,
c3_14q_re1-c3-qaoa12_x30-r0-1789951549,2026-09-20T17:45:49,c3,build_13b440c3_20260918192735,0.001,7de69de,batch,qaoa12_x30,0,ok,,30,10000;10000;10000;10000;10000;10000;10000;10000;10000;10000;10000;10000;10000;10000;10000;10000;10000;10000;10000;10000;10000;10000;10000;10000;10000;10000;10000;10000;10000;10000,2;2;2;2;2;2;2;2;2;2;2;2;2;2;2;2;2;2;2;2;2;2;2;2;2;2;2;2;2;2,12;12;12;12;12;12;12;12;12;12;12;12;12;12;12;12;12;12;12;12;12;12;12;12;12;12;12;12;12;12,43.24;43.24;43.24;43.24;43.24;43.24;43.24;43.24;43.24;43.24;43.24;43.24;43.24;43.24;43.24;43.24;43.24;43.24;43.24;43.24;43.24;43.24;43.24;43.24;43.24;43.24;43.24;43.24;43.24;43.24,12972.0000,964775273454784,964788292573035,13019.118251,101760,11796736,57600000,780,3119470,1,c3_14q_re1,0,1,0,1,
c3_14q_re1-c3-qaoa12_x30-r1-1789951563,2026-09-20T17:46:03,c3,build_13b440c3_20260918192735,0.001,7de69de,batch,qaoa12_x30,1,ok,,30,10000;10000;10000;10000;10000;10000;10000;10000;10000;10000;10000;10000;10000;10000;10000;10000;10000;10000;10000;10000;10000;10000;10000;10000;10000;10000;10000;10000;10000;10000,2;2;2;2;2;2;2;2;2;2;2;2;2;2;2;2;2;2;2;2;2;2;2;2;2;2;2;2;2;2,12;12;12;12;12;12;12;12;12;12;12;12;12;12;12;12;12;12;12;12;12;12;12;12;12;12;12;12;12;12,43.24;43.24;43.24;43.24;43.24;43.24;43.24;43.24;43.24;43.24;43.24;43.24;43.24;43.24;43.24;43.24;43.24;43.24;43.24;43.24;43.24;43.24;43.24;43.24;43.24;43.24;43.24;43.24;43.24;43.24,12972.0000,964788864403154,964801883517106,13019.113952,101760,11796736,57600000,962,3108305,1,c3_14q_re1,0,1,0,1,
c3_14q_re1-c3-qaoa12_x30-r2-1789951576,2026-09-20T17:46:16,c3,build_13b440c3_20260918192735,0.001,7de69de,batch,qaoa12_x30,2,ok,,30,10000;10000;10000;10000;10000;10000;10000;10000;10000;10000;10000;10000;10000;10000;10000;10000;10000;10000;10000;10000;10000;10000;10000;10000;10000;10000;10000;10000;10000;10000,2;2;2;2;2;2;2;2;2;2;2;2;2;2;2;2;2;2;2;2;2;2;2;2;2;2;2;2;2;2,12;12;12;12;12;12;12;12;12;12;12;12;12;12;12;12;12;12;12;12;12;12;12;12;12;12;12;12;12;12,43.24;43.24;43.24;43.24;43.24;43.24;43.24;43.24;43.24;43.24;43.24;43.24;43.24;43.24;43.24;43.24;43.24;43.24;43.24;43.24;43.24;43.24;43.24;43.24;43.24;43.24;43.24;43.24;43.24;43.24,12972.0000,964802457507546,964815476623158,13019.115612,101760,11796736,57600000,974,3113278,1,c3_14q_re1,0,1,0,1,
c3_14q_re1-c3-qaoa12_x30-r3-1789951590,2026-09-20T17:46:30,c3,build_13b440c3_20260918192735,0.001,7de69de,batch,qaoa12_x30,3,ok,,30,10000;10000;10000;10000;10000;10000;10000;10000;10000;10000;10000;10000;10000;10000;10000;10000;10000;10000;10000;10000;10000;10000;10000;10000;10000;10000;10000;10000;10000;10000,2;2;2;2;2;2;2;2;2;2;2;2;2;2;2;2;2;2;2;2;2;2;2;2;2;2;2;2;2;2,12;12;12;12;12;12;12;12;12;12;12;12;12;12;12;12;12;12;12;12;12;12;12;12;12;12;12;12;12;12,43.24;43.24;43.24;43.24;43.24;43.24;43.24;43.24;43.24;43.24;43.24;43.24;43.24;43.24;43.24;43.24;43.24;43.24;43.24;43.24;43.24;43.24;43.24;43.24;43.24;43.24;43.24;43.24;43.24;43.24,12972.0000,964816050675809,964829069789851,13019.114042,101760,11796736,57600000,1255,3099364,1,c3_14q_re1,0,1,0,1,
c3_14q_re1-c3-qaoa12_x30-r4-1789951604,2026-09-20T17:46:44,c3,build_13b440c3_20260918192735,0.001,7de69de,batch,qaoa12_x30,4,ok,,30,10000;10000;10000;10000;10000;10000;10000;10000;10000;10000;10000;10000;10000;10000;10000;10000;10000;10000;10000;10000;10000;10000;10000;10000;10000;10000;10000;10000;10000;10000,2;2;2;2;2;2;2;2;2;2;2;2;2;2;2;2;2;2;2;2;2;2;2;2;2;2;2;2;2;2,12;12;12;12;12;12;12;12;12;12;12;12;12;12;12;12;12;12;12;12;12;12;12;12;12;12;12;12;12;12,43.24;43.24;43.24;43.24;43.24;43.24;43.24;43.24;43.24;43.24;43.24;43.24;43.24;43.24;43.24;43.24;43.24;43.24;43.24;43.24;43.24;43.24;43.24;43.24;43.24;43.24;43.24;43.24;43.24;43.24,12972.0000,964829640927133,964842660041384,13019.114251,101760,11796736,57600000,1307,3120627,1,c3_14q_re1,0,1,0,1,
c3_14q_re1-c3-rand10_t0-r-1-1789951618,2026-09-20T17:46:58,c3,build_13b440c3_20260918192735,0.001,7de69de,batch,rand10_t0,-1,ok,,10,500;24576;1024;1000;1000;4096;4000;8192;128;24576,2;2;2;2;2;2;2;2;2;2,4;2;3;3;5;14;12;3;6;2,26.47;8.58;12.06;14.50;17.66;46.42;42.85;11.71;21.10;8.58,939.8526,964843326035715,964845993725957,2667.690242,15376,1771520,3840832,712,210418,0,c3_14q_re1,0,9,0,1,
c3_14q_re1-c3-rand10_t0-r0-1789951620,2026-09-20T17:47:00,c3,build_13b440c3_20260918192735,0.001,7de69de,batch,rand10_t0,0,ok,,10,500;24576;1024;1000;1000;4096;4000;8192;128;24576,2;2;2;2;2;2;2;2;2;2,4;2;3;3;5;14;12;3;6;2,26.47;8.58;12.06;14.50;17.66;46.42;42.85;11.71;21.10;8.58,939.8526,964846134553825,964848777056474,2642.502649,15376,1771520,3840832,618,212611,0,c3_14q_re1,0,9,0,1,
c3_14q_re1-c3-rand10_t0-r1-1789951623,2026-09-20T17:47:03,c3,build_13b440c3_20260918192735,0.001,7de69de,batch,rand10_t0,1,ok,,10,500;24576;1024;1000;1000;4096;4000;8192;128;24576,2;2;2;2;2;2;2;2;2;2,4;2;3;3;5;14;12;3;6;2,26.47;8.58;12.06;14.50;17.66;46.42;42.85;11.71;21.10;8.58,939.8526,964848919465408,964851559188500,2639.723092,15376,1771520,3840832,687,209884,0,c3_14q_re1,0,9,0,1,
c3_14q_re1-c3-rand10_t0-r2-1789951626,2026-09-20T17:47:06,c3,build_13b440c3_20260918192735,0.001,7de69de,batch,rand10_t0,2,ok,,10,500;24576;1024;1000;1000;4096;4000;8192;128;24576,2;2;2;2;2;2;2;2;2;2,4;2;3;3;5;14;12;3;6;2,26.47;8.58;12.06;14.50;17.66;46.42;42.85;11.71;21.10;8.58,939.8526,964851700449483,964854330187994,2629.738511,15376,1771520,3840832,670,210381,0,c3_14q_re1,0,9,0,1,
c3_14q_re1-c3-rand10_t0-r3-1789951629,2026-09-20T17:47:09,c3,build_13b440c3_20260918192735,0.001,7de69de,batch,rand10_t0,3,ok,,10,500;24576;1024;1000;1000;4096;4000;8192;128;24576,2;2;2;2;2;2;2;2;2;2,4;2;3;3;5;14;12;3;6;2,26.47;8.58;12.06;14.50;17.66;46.42;42.85;11.71;21.10;8.58,939.8526,964854471101393,964857102472441,2631.371048,15376,1771520,3840832,698,210033,0,c3_14q_re1,0,9,0,1,
c3_14q_re1-c3-rand10_t0-r4-1789951632,2026-09-20T17:47:12,c3,build_13b440c3_20260918192735,0.001,7de69de,batch,rand10_t0,4,ok,,10,500;24576;1024;1000;1000;4096;4000;8192;128;24576,2;2;2;2;2;2;2;2;2;2,4;2;3;3;5;14;12;3;6;2,26.47;8.58;12.06;14.50;17.66;46.42;42.85;11.71;21.10;8.58,939.8526,964857244288750,964859912950310,2668.66156,15376,1771520,3840832,673,208848,0,c3_14q_re1,0,9,0,1,
c3_14q_re1-c3-rand10_t1-r-1-1789951635,2026-09-20T17:47:15,c3,build_13b440c3_20260918192735,0.001,7de69de,batch,rand10_t1,-1,ok,,10,1000;1024;24576;1000;500;1024;1000;10000;400;24576,2;2;2;2;2;2;2;2;2;2,3;5;2;2;4;5;3;1;14;2,14.50;18.92;8.58;8.94;26.47;18.92;14.50;5.43;50.12;8.58,586.1906,964860476675349,964862461997425,1985.322076,13056,1345536,2129920,774,119069,0,c3_14q_re1,0,9,0,1,
c3_14q_re1-c3-rand10_t1-r0-1789951637,2026-09-20T17:47:17,c3,build_13b440c3_20260918192735,0.001,7de69de,batch,rand10_t1,0,ok,,10,1000;1024;24576;1000;500;1024;1000;10000;400;24576,2;2;2;2;2;2;2;2;2;2,3;5;2;2;4;5;3;1;14;2,14.50;18.92;8.58;8.94;26.47;18.92;14.50;5.43;50.12;8.58,586.1906,964862567345759,964864558252921,1990.907162,13056,1345536,2129920,661,115959,0,c3_14q_re1,0,9,0,1,
c3_14q_re1-c3-rand10_t1-r1-1789951639,2026-09-20T17:47:19,c3,build_13b440c3_20260918192735,0.001,7de69de,batch,rand10_t1,1,ok,,10,1000;1024;24576;1000;500;1024;1000;10000;400;24576,2;2;2;2;2;2;2;2;2;2,3;5;2;2;4;5;3;1;14;2,14.50;18.92;8.58;8.94;26.47;18.92;14.50;5.43;50.12;8.58,586.1906,964864664881227,964866656304665,1991.423438,13056,1345536,2129920,346,115107,0,c3_14q_re1,0,9,0,1,
c3_14q_re1-c3-rand10_t1-r2-1789951641,2026-09-20T17:47:21,c3,build_13b440c3_20260918192735,0.001,7de69de,batch,rand10_t1,2,ok,,10,1000;1024;24576;1000;500;1024;1000;10000;400;24576,2;2;2;2;2;2;2;2;2;2,3;5;2;2;4;5;3;1;14;2,14.50;18.92;8.58;8.94;26.47;18.92;14.50;5.43;50.12;8.58,586.1906,964866761951941,964868754205007,1992.253066,13056,1345536,2129920,686,116581,0,c3_14q_re1,0,9,0,1,
c3_14q_re1-c3-rand10_t1-r3-1789951643,2026-09-20T17:47:23,c3,build_13b440c3_20260918192735,0.001,7de69de,batch,rand10_t1,3,ok,,10,1000;1024;24576;1000;500;1024;1000;10000;400;24576,2;2;2;2;2;2;2;2;2;2,3;5;2;2;4;5;3;1;14;2,14.50;18.92;8.58;8.94;26.47;18.92;14.50;5.43;50.12;8.58,586.1906,964868859550650,964870844808086,1985.257436,13056,1345536,2129920,411,117618,0,c3_14q_re1,0,9,0,1,
c3_14q_re1-c3-rand10_t1-r4-1789951645,2026-09-20T17:47:25,c3,build_13b440c3_20260918192735,0.001,7de69de,batch,rand10_t1,4,ok,,10,1000;1024;24576;1000;500;1024;1000;10000;400;24576,2;2;2;2;2;2;2;2;2;2,3;5;2;2;4;5;3;1;14;2,14.50;18.92;8.58;8.94;26.47;18.92;14.50;5.43;50.12;8.58,586.1906,964870951439383,964872941241104,1989.801721,13056,1345536,2129920,724,116441,0,c3_14q_re1,0,9,0,1,
c3_14q_re1-c3-rand10_t2-r-1-1789951648,2026-09-20T17:47:28,c3,build_13b440c3_20260918192735,0.001,7de69de,batch,rand10_t2,-1,ok,,10,400;4096;8192;1000;1024;8192;8192;8192;400;500,2;2;2;2;2;2;2;2;2;2,14;14;4;2;4;4;3;3;14;4,50.12;46.42;14.84;8.94;17.12;14.84;11.71;11.71;50.12;26.47,705.0523,964873902503898,964875851315969,1948.812071,20128,2164224,3061248,664,166440,0,c3_14q_re1,0,8,0,1,
c3_14q_re1-c3-rand10_t2-r0-1789951650,2026-09-20T17:47:30,c3,build_13b440c3_20260918192735,0.001,7de69de,batch,rand10_t2,0,ok,,10,400;4096;8192;1000;1024;8192;8192;8192;400;500,2;2;2;2;2;2;2;2;2;2,14;14;4;2;4;4;3;3;14;4,50.12;46.42;14.84;8.94;17.12;14.84;11.71;11.71;50.12;26.47,705.0523,964876354154798,964878308310023,1954.155225,20128,2164224,3061248,681,169343,0,c3_14q_re1,0,8,0,1,
c3_14q_re1-c3-rand10_t2-r1-1789951653,2026-09-20T17:47:33,c3,build_13b440c3_20260918192735,0.001,7de69de,batch,rand10_t2,1,ok,,10,400;4096;8192;1000;1024;8192;8192;8192;400;500,2;2;2;2;2;2;2;2;2;2,14;14;4;2;4;4;3;3;14;4,50.12;46.42;14.84;8.94;17.12;14.84;11.71;11.71;50.12;26.47,705.0523,964878812629007,964880763678820,1951.049813,20128,2164224,3061248,606,166257,0,c3_14q_re1,0,8,0,1,
c3_14q_re1-c3-rand10_t2-r2-1789951655,2026-09-20T17:47:35,c3,build_13b440c3_20260918192735,0.001,7de69de,batch,rand10_t2,2,ok,,10,400;4096;8192;1000;1024;8192;8192;8192;400;500,2;2;2;2;2;2;2;2;2;2,14;14;4;2;4;4;3;3;14;4,50.12;46.42;14.84;8.94;17.12;14.84;11.71;11.71;50.12;26.47,705.0523,964881266697311,964883215648024,1948.950713,20128,2164224,3061248,510,165393,0,c3_14q_re1,0,8,0,1,
c3_14q_re1-c3-rand10_t2-r3-1789951658,2026-09-20T17:47:38,c3,build_13b440c3_20260918192735,0.001,7de69de,batch,rand10_t2,3,ok,,10,400;4096;8192;1000;1024;8192;8192;8192;400;500,2;2;2;2;2;2;2;2;2;2,14;14;4;2;4;4;3;3;14;4,50.12;46.42;14.84;8.94;17.12;14.84;11.71;11.71;50.12;26.47,705.0523,964883722183760,964885672602547,1950.418787,20128,2164224,3061248,696,167424,0,c3_14q_re1,0,8,0,1,
c3_14q_re1-c3-rand10_t2-r4-1789951660,2026-09-20T17:47:40,c3,build_13b440c3_20260918192735,0.001,7de69de,batch,rand10_t2,4,ok,,10,400;4096;8192;1000;1024;8192;8192;8192;400;500,2;2;2;2;2;2;2;2;2;2,14;14;4;2;4;4;3;3;14;4,50.12;46.42;14.84;8.94;17.12;14.84;11.71;11.71;50.12;26.47,705.0523,964886177758940,964888127217697,1949.458757,20128,2164224,3061248,1084,169613,0,c3_14q_re1,0,8,0,1,
c3_14q_re1-c3-rand10_t3-r-1-1789951663,2026-09-20T17:47:43,c3,build_13b440c3_20260918192735,0.001,7de69de,batch,rand10_t3,-1,ok,,10,400;1000;1024;1024;1024;10000;400;500;4000;10000,2;2;2;2;2;2;2;2;2;2,14;5;5;4;5;1;14;4;12;1,50.12;17.66;18.92;17.12;17.97;5.43;50.12;26.47;42.85;5.43,406.3136,964889122870165,964891392492425,2269.62226,19696,2131968,1576384,495,86787,0,c3_14q_re1,0,10,0,0,
c3_14q_re1-c3-rand10_t3-r0-1789951666,2026-09-20T17:47:46,c3,build_13b440c3_20260918192735,0.001,7de69de,batch,rand10_t3,0,ok,,10,400;1000;1024;1024;1024;10000;400;500;4000;10000,2;2;2;2;2;2;2;2;2;2,14;5;5;4;5;1;14;4;12;1,50.12;17.66;18.92;17.12;17.97;5.43;50.12;26.47;42.85;5.43,406.3136,964891864957640,964894144881943,2279.924303,19696,2131968,1576384,312,86651,0,c3_14q_re1,0,10,0,0,
c3_14q_re1-c3-rand10_t3-r1-1789951669,2026-09-20T17:47:49,c3,build_13b440c3_20260918192735,0.001,7de69de,batch,rand10_t3,1,ok,,10,400;1000;1024;1024;1024;10000;400;500;4000;10000,2;2;2;2;2;2;2;2;2;2,14;5;5;4;5;1;14;4;12;1,50.12;17.66;18.92;17.12;17.97;5.43;50.12;26.47;42.85;5.43,406.3136,964894618112166,964896893150490,2275.038324,19696,2131968,1576384,759,87212,0,c3_14q_re1,0,10,0,0,
c3_14q_re1-c3-rand10_t3-r2-1789951671,2026-09-20T17:47:51,c3,build_13b440c3_20260918192735,0.001,7de69de,batch,rand10_t3,2,ok,,10,400;1000;1024;1024;1024;10000;400;500;4000;10000,2;2;2;2;2;2;2;2;2;2,14;5;5;4;5;1;14;4;12;1,50.12;17.66;18.92;17.12;17.97;5.43;50.12;26.47;42.85;5.43,406.3136,964897364552295,964899645635989,2281.083694,19696,2131968,1576384,840,88376,0,c3_14q_re1,0,10,0,0,
c3_14q_re1-c3-rand10_t3-r3-1789951674,2026-09-20T17:47:54,c3,build_13b440c3_20260918192735,0.001,7de69de,batch,rand10_t3,3,ok,,10,400;1000;1024;1024;1024;10000;400;500;4000;10000,2;2;2;2;2;2;2;2;2;2,14;5;5;4;5;1;14;4;12;1,50.12;17.66;18.92;17.12;17.97;5.43;50.12;26.47;42.85;5.43,406.3136,964900116813082,964902401408991,2284.595909,19696,2131968,1576384,786,86821,0,c3_14q_re1,0,10,0,0,
c3_14q_re1-c3-rand10_t3-r4-1789951677,2026-09-20T17:47:57,c3,build_13b440c3_20260918192735,0.001,7de69de,batch,rand10_t3,4,ok,,10,400;1000;1024;1024;1024;10000;400;500;4000;10000,2;2;2;2;2;2;2;2;2;2,14;5;5;4;5;1;14;4;12;1,50.12;17.66;18.92;17.12;17.97;5.43;50.12;26.47;42.85;5.43,406.3136,964902871982708,964905148175523,2276.192815,19696,2131968,1576384,417,86659,0,c3_14q_re1,0,10,0,0,
c3_14q_re1-c3-rand10_t4-r-1-1789951680,2026-09-20T17:48:00,c3,build_13b440c3_20260918192735,0.001,7de69de,batch,rand10_t4,-1,ok,,10,1000;24576;1000;1024;8192;1000;4000;1024;500;1024,2;2;2;2;2;2;2;2;2;2,5;2;3;3;3;3;2;3;4;5,17.66;8.58;14.50;12.06;11.71;14.50;8.58;12.06;26.47;17.97,444.2518,964905763584178,964907213651571,1450.067393,9648,1083648,1655488,643,90282,0,c3_14q_re1,0,9,0,1,
c3_14q_re1-c3-rand10_t4-r0-1789951682,2026-09-20T17:48:02,c3,build_13b440c3_20260918192735,0.001,7de69de,batch,rand10_t4,0,ok,,10,1000;24576;1000;1024;8192;1000;4000;1024;500;1024,2;2;2;2;2;2;2;2;2;2,5;2;3;3;3;3;2;3;4;5,17.66;8.58;14.50;12.06;11.71;14.50;8.58;12.06;26.47;17.97,444.2518,964907391932334,964908852772525,1460.840191,9648,1083648,1655488,636,90612,0,c3_14q_re1,0,9,0,1,
c3_14q_re1-c3-rand10_t4-r1-1789951683,2026-09-20T17:48:03,c3,build_13b440c3_20260918192735,0.001,7de69de,batch,rand10_t4,1,ok,,10,1000;24576;1000;1024;8192;1000;4000;1024;500;1024,2;2;2;2;2;2;2;2;2;2,5;2;3;3;3;3;2;3;4;5,17.66;8.58;14.50;12.06;11.71;14.50;8.58;12.06;26.47;17.97,444.2518,964909032367811,964910486879649,1454.511838,9648,1083648,1655488,676,90955,0,c3_14q_re1,0,9,0,1,
c3_14q_re1-c3-rand10_t4-r2-1789951685,2026-09-20T17:48:05,c3,build_13b440c3_20260918192735,0.001,7de69de,batch,rand10_t4,2,ok,,10,1000;24576;1000;1024;8192;1000;4000;1024;500;1024,2;2;2;2;2;2;2;2;2;2,5;2;3;3;3;3;2;3;4;5,17.66;8.58;14.50;12.06;11.71;14.50;8.58;12.06;26.47;17.97,444.2518,964910666436594,964912127908791,1461.472197,9648,1083648,1655488,840,91298,0,c3_14q_re1,0,9,0,1,
c3_14q_re1-c3-rand10_t4-r3-1789951687,2026-09-20T17:48:07,c3,build_13b440c3_20260918192735,0.001,7de69de,batch,rand10_t4,3,ok,,10,1000;24576;1000;1024;8192;1000;4000;1024;500;1024,2;2;2;2;2;2;2;2;2;2,5;2;3;3;3;3;2;3;4;5,17.66;8.58;14.50;12.06;11.71;14.50;8.58;12.06;26.47;17.97,444.2518,964912308854361,964913766512980,1457.658619,9648,1083648,1655488,718,92187,0,c3_14q_re1,0,9,0,1,
c3_14q_re1-c3-rand10_t4-r4-1789951688,2026-09-20T17:48:08,c3,build_13b440c3_20260918192735,0.001,7de69de,batch,rand10_t4,4,ok,,10,1000;24576;1000;1024;8192;1000;4000;1024;500;1024,2;2;2;2;2;2;2;2;2;2,5;2;3;3;3;3;2;3;4;5,17.66;8.58;14.50;12.06;11.71;14.50;8.58;12.06;26.47;17.97,444.2518,964913946207937,964915409848276,1463.640339,9648,1083648,1655488,520,90936,0,c3_14q_re1,0,9,0,1,
c3_14q_re1-c3-rand10_t5-r-1-1789951690,2026-09-20T17:48:10,c3,build_13b440c3_20260918192735,0.001,7de69de,batch,rand10_t5,-1,ok,,10,1024;1000;1024;1024;500;500;1000;1000;1000;1024,2;2;2;2;2;2;2;2;2;2,5;3;3;6;4;4;2;5;2;5,17.97;14.50;12.06;59.48;26.47;26.47;8.94;17.66;8.94;17.97,186.5717,964916088082009,964917421400855,1333.318846,21760,1280256,535104,259,30261,0,c3_14q_re1,0,9,0,1,
c3_14q_re1-c3-rand10_t5-r0-1789951692,2026-09-20T17:48:12,c3,build_13b440c3_20260918192735,0.001,7de69de,batch,rand10_t5,0,ok,,10,1024;1000;1024;1024;500;500;1000;1000;1000;1024,2;2;2;2;2;2;2;2;2;2,5;3;3;6;4;4;2;5;2;5,17.97;14.50;12.06;59.48;26.47;26.47;8.94;17.66;8.94;17.97,186.5717,964917618077052,964918962363817,1344.286765,21760,1280256,535104,650,30771,0,c3_14q_re1,0,9,0,1,
c3_14q_re1-c3-rand10_t5-r1-1789951693,2026-09-20T17:48:13,c3,build_13b440c3_20260918192735,0.001,7de69de,batch,rand10_t5,1,ok,,10,1024;1000;1024;1024;500;500;1000;1000;1000;1024,2;2;2;2;2;2;2;2;2;2,5;3;3;6;4;4;2;5;2;5,17.97;14.50;12.06;59.48;26.47;26.47;8.94;17.66;8.94;17.97,186.5717,964919157253576,964920487359229,1330.105653,21760,1280256,535104,607,30807,0,c3_14q_re1,0,9,0,1,
c3_14q_re1-c3-rand10_t5-r2-1789951695,2026-09-20T17:48:15,c3,build_13b440c3_20260918192735,0.001,7de69de,batch,rand10_t5,2,ok,,10,1024;1000;1024;1024;500;500;1000;1000;1000;1024,2;2;2;2;2;2;2;2;2;2,5;3;3;6;4;4;2;5;2;5,17.97;14.50;12.06;59.48;26.47;26.47;8.94;17.66;8.94;17.97,186.5717,964920681883925,964922001436232,1319.552307,21760,1280256,535104,258,29918,0,c3_14q_re1,0,9,0,1,
c3_14q_re1-c3-rand10_t5-r3-1789951697,2026-09-20T17:48:17,c3,build_13b440c3_20260918192735,0.001,7de69de,batch,rand10_t5,3,ok,,10,1024;1000;1024;1024;500;500;1000;1000;1000;1024,2;2;2;2;2;2;2;2;2;2,5;3;3;6;4;4;2;5;2;5,17.97;14.50;12.06;59.48;26.47;26.47;8.94;17.66;8.94;17.97,186.5717,964922194023298,964923520492275,1326.468977,21760,1280256,535104,322,30193,0,c3_14q_re1,0,9,0,1,
c3_14q_re1-c3-rand10_t5-r4-1789951698,2026-09-20T17:48:18,c3,build_13b440c3_20260918192735,0.001,7de69de,batch,rand10_t5,4,ok,,10,1024;1000;1024;1024;500;500;1000;1000;1000;1024,2;2;2;2;2;2;2;2;2;2,5;3;3;6;4;4;2;5;2;5,17.97;14.50;12.06;59.48;26.47;26.47;8.94;17.66;8.94;17.97,186.5717,964923714934140,964925067431467,1352.497327,21760,1280256,535104,411,30977,0,c3_14q_re1,0,9,0,1,
c3_14q_re1-c3-rand10_t6-r-1-1789951700,2026-09-20T17:48:20,c3,build_13b440c3_20260918192735,0.001,7de69de,batch,rand10_t6,-1,ok,,10,1024;500;10000;4096;400;10000;1000;24576;8192;1024,2;2;2;2;2;2;2;2;2;2,4;4;1;14;14;12;3;2;4;3,17.12;26.47;5.43;46.42;50.12;43.24;14.50;8.58;14.84;12.06,1087.0463,964925734254496,964928382041148,2647.786652,18896,2000896,4584320,771,252600,0,c3_14q_re1,0,9,0,1,
c3_14q_re1-c3-rand10_t6-r0-1789951703,2026-09-20T17:48:23,c3,build_13b440c3_20260918192735,0.001,7de69de,batch,rand10_t6,0,ok,,10,1024;500;10000;4096;400;10000;1000;24576;8192;1024,2;2;2;2;2;2;2;2;2;2,4;4;1;14;14;12;3;2;4;3,17.12;26.47;5.43;46.42;50.12;43.24;14.50;8.58;14.84;12.06,1087.0463,964928553251161,964931202297985,2649.046824,18896,2000896,4584320,649,250021,0,c3_14q_re1,0,9,0,1,
c3_14q_re1-c3-rand10_t6-r1-1789951706,2026-09-20T17:48:26,c3,build_13b440c3_20260918192735,0.001,7de69de,batch,rand10_t6,1,ok,,10,1024;500;10000;4096;400;10000;1000;24576;8192;1024,2;2;2;2;2;2;2;2;2;2,4;4;1;14;14;12;3;2;4;3,17.12;26.47;5.43;46.42;50.12;43.24;14.50;8.58;14.84;12.06,1087.0463,964931372171784,964934019551182,2647.379398,18896,2000896,4584320,710,248600,0,c3_14q_re1,0,9,0,1,
c3_14q_re1-c3-rand10_t6-r2-1789951709,2026-09-20T17:48:29,c3,build_13b440c3_20260918192735,0.001,7de69de,batch,rand10_t6,2,ok,,10,1024;500;10000;4096;400;10000;1000;24576;8192;1024,2;2;2;2;2;2;2;2;2;2,4;4;1;14;14;12;3;2;4;3,17.12;26.47;5.43;46.42;50.12;43.24;14.50;8.58;14.84;12.06,1087.0463,964934187924106,964936838904330,2650.980224,18896,2000896,4584320,514,247865,0,c3_14q_re1,0,9,0,1,
c3_14q_re1-c3-rand10_t6-r3-1789951711,2026-09-20T17:48:31,c3,build_13b440c3_20260918192735,0.001,7de69de,batch,rand10_t6,3,ok,,10,1024;500;10000;4096;400;10000;1000;24576;8192;1024,2;2;2;2;2;2;2;2;2;2,4;4;1;14;14;12;3;2;4;3,17.12;26.47;5.43;46.42;50.12;43.24;14.50;8.58;14.84;12.06,1087.0463,964937008351465,964939657620292,2649.268827,18896,2000896,4584320,605,249080,0,c3_14q_re1,0,9,0,1,
c3_14q_re1-c3-rand10_t6-r4-1789951714,2026-09-20T17:48:34,c3,build_13b440c3_20260918192735,0.001,7de69de,batch,rand10_t6,4,ok,,10,1024;500;10000;4096;400;10000;1000;24576;8192;1024,2;2;2;2;2;2;2;2;2;2,4;4;1;14;14;12;3;2;4;3,17.12;26.47;5.43;46.42;50.12;43.24;14.50;8.58;14.84;12.06,1087.0463,964939828620322,964942481689987,2653.069665,18896,2000896,4584320,723,249456,0,c3_14q_re1,0,9,0,1,
c3_14q_re1-c3-rand10_t7-r-1-1789951717,2026-09-20T17:48:37,c3,build_13b440c3_20260918192735,0.001,7de69de,batch,rand10_t7,-1,ok,,10,1000;1024;4000;8192;4096;1024;1024;32;1024;1000,2;2;2;2;2;2;2;2;2;2,3;6;12;4;14;5;6;8;3;3,14.50;59.48;42.85;14.84;46.42;17.97;59.48;27.36;12.06;14.50,665.5613,964943133008101,964945984939295,2851.931194,33120,2099456,2629376,1052,144888,0,c3_14q_re1,0,10,0,0,
c3_14q_re1-c3-rand10_t7-r0-1789951721,2026-09-20T17:48:41,c3,build_13b440c3_20260918192735,0.001,7de69de,batch,rand10_t7,0,ok,,10,1000;1024;4000;8192;4096;1024;1024;32;1024;1000,2;2;2;2;2;2;2;2;2;2,3;6;12;4;14;5;6;8;3;3,14.50;59.48;42.85;14.84;46.42;17.97;59.48;27.36;12.06;14.50,665.5613,964946118362279,964948971849918,2853.487639,33120,2099456,2629376,637,143039,0,c3_14q_re1,0,10,0,0,
c3_14q_re1-c3-rand10_t7-r1-1789951724,2026-09-20T17:48:44,c3,build_13b440c3_20260918192735,0.001,7de69de,batch,rand10_t7,1,ok,,10,1000;1024;4000;8192;4096;1024;1024;32;1024;1000,2;2;2;2;2;2;2;2;2;2,3;6;12;4;14;5;6;8;3;3,14.50;59.48;42.85;14.84;46.42;17.97;59.48;27.36;12.06;14.50,665.5613,964949107391744,964951963707212,2856.315468,33120,2099456,2629376,644,145819,0,c3_14q_re1,0,10,0,0,
c3_14q_re1-c3-rand10_t7-r2-1789951726,2026-09-20T17:48:46,c3,build_13b440c3_20260918192735,0.001,7de69de,batch,rand10_t7,2,ok,,10,1000;1024;4000;8192;4096;1024;1024;32;1024;1000,2;2;2;2;2;2;2;2;2;2,3;6;12;4;14;5;6;8;3;3,14.50;59.48;42.85;14.84;46.42;17.97;59.48;27.36;12.06;14.50,665.5613,964952098068415,964954943761747,2845.693332,33120,2099456,2629376,661,144367,0,c3_14q_re1,0,10,0,0,
c3_14q_re1-c3-rand10_t7-r3-1789951729,2026-09-20T17:48:49,c3,build_13b440c3_20260918192735,0.001,7de69de,batch,rand10_t7,3,ok,,10,1000;1024;4000;8192;4096;1024;1024;32;1024;1000,2;2;2;2;2;2;2;2;2;2,3;6;12;4;14;5;6;8;3;3,14.50;59.48;42.85;14.84;46.42;17.97;59.48;27.36;12.06;14.50,665.5613,964955077251462,964957931959873,2854.708411,33120,2099456,2629376,664,145040,0,c3_14q_re1,0,10,0,0,
c3_14q_re1-c3-rand10_t7-r4-1789951732,2026-09-20T17:48:52,c3,build_13b440c3_20260918192735,0.001,7de69de,batch,rand10_t7,4,ok,,10,1000;1024;4000;8192;4096;1024;1024;32;1024;1000,2;2;2;2;2;2;2;2;2;2,3;6;12;4;14;5;6;8;3;3,14.50;59.48;42.85;14.84;46.42;17.97;59.48;27.36;12.06;14.50,665.5613,964958066284687,964960907724066,2841.439379,33120,2099456,2629376,660,143538,0,c3_14q_re1,0,10,0,0,
c3_14q_re1-c3-rand10_t8-r-1-1789951736,2026-09-20T17:48:56,c3,build_13b440c3_20260918192735,0.001,7de69de,batch,rand10_t8,-1,ok,,10,10000;1024;10000;4000;1024;1000;1024;1024;8192;24576,2;2;2;2;2;2;2;2;2;2,1;3;1;12;5;3;4;5;3;2,5.43;12.06;5.43;42.85;17.97;14.50;17.12;18.92;11.71;8.58,669.0893,964961446652496,964963539661749,2093.009253,9888,1280512,2577792,684,143527,0,c3_14q_re1,0,10,0,0,
c3_14q_re1-c3-rand10_t8-r0-1789951738,2026-09-20T17:48:58,c3,build_13b440c3_20260918192735,0.001,7de69de,batch,rand10_t8,0,ok,,10,10000;1024;10000;4000;1024;1000;1024;1024;8192;24576,2;2;2;2;2;2;2;2;2;2,1;3;1;12;5;3;4;5;3;2,5.43;12.06;5.43;42.85;17.97;14.50;17.12;18.92;11.71;8.58,669.0893,964963576649189,964965669150147,2092.500958,9888,1280512,2577792,379,140087,0,c3_14q_re1,0,10,0,0,
c3_14q_re1-c3-rand10_t8-r1-1789951740,2026-09-20T17:49:00,c3,build_13b440c3_20260918192735,0.001,7de69de,batch,rand10_t8,1,ok,,10,10000;1024;10000;4000;1024;1000;1024;1024;8192;24576,2;2;2;2;2;2;2;2;2;2,1;3;1;12;5;3;4;5;3;2,5.43;12.06;5.43;42.85;17.97;14.50;17.12;18.92;11.71;8.58,669.0893,964965707477591,964967798835638,2091.358047,9888,1280512,2577792,366,141680,0,c3_14q_re1,0,10,0,0,
c3_14q_re1-c3-rand10_t8-r2-1789951742,2026-09-20T17:49:02,c3,build_13b440c3_20260918192735,0.001,7de69de,batch,rand10_t8,2,ok,,10,10000;1024;10000;4000;1024;1000;1024;1024;8192;24576,2;2;2;2;2;2;2;2;2;2,1;3;1;12;5;3;4;5;3;2,5.43;12.06;5.43;42.85;17.97;14.50;17.12;18.92;11.71;8.58,669.0893,964967838073670,964969926917152,2088.843482,9888,1280512,2577792,588,140855,0,c3_14q_re1,0,10,0,0,
c3_14q_re1-c3-rand10_t8-r3-1789951744,2026-09-20T17:49:04,c3,build_13b440c3_20260918192735,0.001,7de69de,batch,rand10_t8,3,ok,,10,10000;1024;10000;4000;1024;1000;1024;1024;8192;24576,2;2;2;2;2;2;2;2;2;2,1;3;1;12;5;3;4;5;3;2,5.43;12.06;5.43;42.85;17.97;14.50;17.12;18.92;11.71;8.58,669.0893,964969965373216,964972057497461,2092.124245,9888,1280512,2577792,669,143456,0,c3_14q_re1,0,10,0,0,
c3_14q_re1-c3-rand10_t8-r4-1789951747,2026-09-20T17:49:07,c3,build_13b440c3_20260918192735,0.001,7de69de,batch,rand10_t8,4,ok,,10,10000;1024;10000;4000;1024;1000;1024;1024;8192;24576,2;2;2;2;2;2;2;2;2;2,1;3;1;12;5;3;4;5;3;2,5.43;12.06;5.43;42.85;17.97;14.50;17.12;18.92;11.71;8.58,669.0893,964972094666853,964974188619355,2093.952502,9888,1280512,2577792,713,143187,0,c3_14q_re1,0,10,0,0,
c3_14q_re1-c3-rand10_t9-r-1-1789951749,2026-09-20T17:49:09,c3,build_13b440c3_20260918192735,0.001,7de69de,batch,rand10_t9,-1,ok,,10,4000;500;10000;128;8192;1024;1024;1024;1024;4000,2;2;2;2;2;2;2;2;2;2,2;4;12;6;3;5;4;5;4;12,8.58;26.47;43.24;21.10;11.71;17.97;17.12;18.92;17.12;42.85,822.8857,964974739369494,964977585807033,2846.437539,16976,1870336,3540224,638,193397,0,c3_14q_re1,0,10,0,0,
c3_14q_re1-c3-rand10_t9-r0-1789951752,2026-09-20T17:49:12,c3,build_13b440c3_20260918192735,0.001,7de69de,batch,rand10_t9,0,ok,,10,4000;500;10000;128;8192;1024;1024;1024;1024;4000,2;2;2;2;2;2;2;2;2;2,2;4;12;6;3;5;4;5;4;12,8.58;26.47;43.24;21.10;11.71;17.97;17.12;18.92;17.12;42.85,822.8857,964977656778962,964980501597665,2844.818703,16976,1870336,3540224,683,192365,0,c3_14q_re1,0,10,0,0,
c3_14q_re1-c3-rand10_t9-r1-1789951755,2026-09-20T17:49:15,c3,build_13b440c3_20260918192735,0.001,7de69de,batch,rand10_t9,1,ok,,10,4000;500;10000;128;8192;1024;1024;1024;1024;4000,2;2;2;2;2;2;2;2;2;2,2;4;12;6;3;5;4;5;4;12,8.58;26.47;43.24;21.10;11.71;17.97;17.12;18.92;17.12;42.85,822.8857,964980575540385,964983434623590,2859.083205,16976,1870336,3540224,675,193542,0,c3_14q_re1,0,10,0,0,
c3_14q_re1-c3-rand10_t9-r2-1789951758,2026-09-20T17:49:18,c3,build_13b440c3_20260918192735,0.001,7de69de,batch,rand10_t9,2,ok,,10,4000;500;10000;128;8192;1024;1024;1024;1024;4000,2;2;2;2;2;2;2;2;2;2,2;4;12;6;3;5;4;5;4;12,8.58;26.47;43.24;21.10;11.71;17.97;17.12;18.92;17.12;42.85,822.8857,964983507025524,964986351114119,2844.088595,16976,1870336,3540224,645,193662,0,c3_14q_re1,0,10,0,0,
c3_14q_re1-c3-rand10_t9-r3-1789951761,2026-09-20T17:49:21,c3,build_13b440c3_20260918192735,0.001,7de69de,batch,rand10_t9,3,ok,,10,4000;500;10000;128;8192;1024;1024;1024;1024;4000,2;2;2;2;2;2;2;2;2;2,2;4;12;6;3;5;4;5;4;12,8.58;26.47;43.24;21.10;11.71;17.97;17.12;18.92;17.12;42.85,822.8857,964986421975148,964989306285306,2884.310158,16976,1870336,3540224,364,191984,0,c3_14q_re1,0,10,0,0,
c3_14q_re1-c3-rand10_t9-r4-1789951764,2026-09-20T17:49:24,c3,build_13b440c3_20260918192735,0.001,7de69de,batch,rand10_t9,4,ok,,10,4000;500;10000;128;8192;1024;1024;1024;1024;4000,2;2;2;2;2;2;2;2;2;2,2;4;12;6;3;5;4;5;4;12,8.58;26.47;43.24;21.10;11.71;17.97;17.12;18.92;17.12;42.85,822.8857,964989377299356,964992267305000,2890.005644,16976,1870336,3540224,960,194936,0,c3_14q_re1,0,10,0,0,
c3_14q_re1-c3-rand20_t0-r-1-1789951767,2026-09-20T17:49:27,c3,build_13b440c3_20260918192735,0.001,7de69de,batch,rand20_t0,-1,ok,,20,24576;1000;4096;1024;1024;500;4000;128;32;1024;4000;1024;1024;1000;1024;4000;1024;500;500;1000,2;2;2;2;2;2;2;2;2;2;2;2;2;2;2;2;2;2;2;2,2;5;14;5;3;4;2;6;8;4;12;3;5;2;6;12;3;4;4;2,8.58;17.66;46.42;18.92;12.06;26.47;8.58;21.10;27.36;17.12;42.85;12.06;18.92;8.94;59.48;42.85;12.06;26.47;26.47;8.94,1011.2963,964992851264271,964997533739053,4682.474782,41632,3478016,4034496,459,220985,0,c3_14q_re1,0,19,0,1,
c3_14q_re1-c3-rand20_t0-r0-1789951772,2026-09-20T17:49:32,c3,build_13b440c3_20260918192735,0.001,7de69de,batch,rand20_t0,0,ok,,20,24576;1000;4096;1024;1024;500;4000;128;32;1024;4000;1024;1024;1000;1024;4000;1024;500;500;1000,2;2;2;2;2;2;2;2;2;2;2;2;2;2;2;2;2;2;2;2,2;5;14;5;3;4;2;6;8;4;12;3;5;2;6;12;3;4;4;2,8.58;17.66;46.42;18.92;12.06;26.47;8.58;21.10;27.36;17.12;42.85;12.06;18.92;8.94;59.48;42.85;12.06;26.47;26.47;8.94,1011.2963,964997606352379,965002282580669,4676.22829,41632,3478016,4034496,713,220321,0,c3_14q_re1,0,19,0,1,
c3_14q_re1-c3-rand20_t0-r1-1789951777,2026-09-20T17:49:37,c3,build_13b440c3_20260918192735,0.001,7de69de,batch,rand20_t0,1,ok,,20,24576;1000;4096;1024;1024;500;4000;128;32;1024;4000;1024;1024;1000;1024;4000;1024;500;500;1000,2;2;2;2;2;2;2;2;2;2;2;2;2;2;2;2;2;2;2;2,2;5;14;5;3;4;2;6;8;4;12;3;5;2;6;12;3;4;4;2,8.58;17.66;46.42;18.92;12.06;26.47;8.58;21.10;27.36;17.12;42.85;12.06;18.92;8.94;59.48;42.85;12.06;26.47;26.47;8.94,1011.2963,965002355033723,965007109181112,4754.147389,41632,3478016,4034496,733,225735,0,c3_14q_re1,0,19,0,1,
c3_14q_re1-c3-rand20_t0-r2-1789951782,2026-09-20T17:49:42,c3,build_13b440c3_20260918192735,0.001,7de69de,batch,rand20_t0,2,ok,,20,24576;1000;4096;1024;1024;500;4000;128;32;1024;4000;1024;1024;1000;1024;4000;1024;500;500;1000,2;2;2;2;2;2;2;2;2;2;2;2;2;2;2;2;2;2;2;2,2;5;14;5;3;4;2;6;8;4;12;3;5;2;6;12;3;4;4;2,8.58;17.66;46.42;18.92;12.06;26.47;8.58;21.10;27.36;17.12;42.85;12.06;18.92;8.94;59.48;42.85;12.06;26.47;26.47;8.94,1011.2963,965007182779258,965011899173310,4716.394052,41632,3478016,4034496,687,220882,0,c3_14q_re1,0,19,0,1,
c3_14q_re1-c3-rand20_t0-r3-1789951786,2026-09-20T17:49:46,c3,build_13b440c3_20260918192735,0.001,7de69de,batch,rand20_t0,3,ok,,20,24576;1000;4096;1024;1024;500;4000;128;32;1024;4000;1024;1024;1000;1024;4000;1024;500;500;1000,2;2;2;2;2;2;2;2;2;2;2;2;2;2;2;2;2;2;2;2,2;5;14;5;3;4;2;6;8;4;12;3;5;2;6;12;3;4;4;2,8.58;17.66;46.42;18.92;12.06;26.47;8.58;21.10;27.36;17.12;42.85;12.06;18.92;8.94;59.48;42.85;12.06;26.47;26.47;8.94,1011.2963,965011970912307,965016673053606,4702.141299,41632,3478016,4034496,464,219969,0,c3_14q_re1,0,19,0,1,
c3_14q_re1-c3-rand20_t0-r4-1789951791,2026-09-20T17:49:51,c3,build_13b440c3_20260918192735,0.001,7de69de,batch,rand20_t0,4,ok,,20,24576;1000;4096;1024;1024;500;4000;128;32;1024;4000;1024;1024;1000;1024;4000;1024;500;500;1000,2;2;2;2;2;2;2;2;2;2;2;2;2;2;2;2;2;2;2;2,2;5;14;5;3;4;2;6;8;4;12;3;5;2;6;12;3;4;4;2,8.58;17.66;46.42;18.92;12.06;26.47;8.58;21.10;27.36;17.12;42.85;12.06;18.92;8.94;59.48;42.85;12.06;26.47;26.47;8.94,1011.2963,965016746072836,965021432983663,4686.910827,41632,3478016,4034496,660,222109,0,c3_14q_re1,0,19,0,1,
c3_14q_re1-c3-rand20_t1-r-1-1789951796,2026-09-20T17:49:56,c3,build_13b440c3_20260918192735,0.001,7de69de,batch,rand20_t1,-1,ok,,20,10000;1024;10000;1024;24576;8192;24576;1024;4000;400;8192;8192;4000;1024;8192;32;8192;10000;10000;4000,2;2;2;2;2;2;2;2;2;2;2;2;2;2;2;2;2;2;2;2,12;5;12;5;2;4;2;6;12;14;4;3;12;6;3;8;3;12;12;2,43.24;18.92;43.24;18.92;8.58;14.84;8.58;59.48;42.85;50.12;14.84;11.71;42.85;59.48;11.71;27.36;11.71;43.24;43.24;8.58,3241.2445,965022329209206,965029583018176,7253.80897,53456,4559360,13582848,791,735736,0,c3_14q_re1,0,19,0,1,
c3_14q_re1-c3-rand20_t1-r0-1789951804,2026-09-20T17:50:04,c3,build_13b440c3_20260918192735,0.001,7de69de,batch,rand20_t1,0,ok,,20,10000;1024;10000;1024;24576;8192;24576;1024;4000;400;8192;8192;4000;1024;8192;32;8192;10000;10000;4000,2;2;2;2;2;2;2;2;2;2;2;2;2;2;2;2;2;2;2;2,12;5;12;5;2;4;2;6;12;14;4;3;12;6;3;8;3;12;12;2,43.24;18.92;43.24;18.92;8.58;14.84;8.58;59.48;42.85;50.12;14.84;11.71;42.85;59.48;11.71;27.36;11.71;43.24;43.24;8.58,3241.2445,965029988505791,965037242586633,7254.080842,53456,4559360,13582848,695,739642,0,c3_14q_re1,0,19,0,1,
c3_14q_re1-c3-rand20_t1-r1-1789951812,2026-09-20T17:50:12,c3,build_13b440c3_20260918192735,0.001,7de69de,batch,rand20_t1,1,ok,,20,10000;1024;10000;1024;24576;8192;24576;1024;4000;400;8192;8192;4000;1024;8192;32;8192;10000;10000;4000,2;2;2;2;2;2;2;2;2;2;2;2;2;2;2;2;2;2;2;2,12;5;12;5;2;4;2;6;12;14;4;3;12;6;3;8;3;12;12;2,43.24;18.92;43.24;18.92;8.58;14.84;8.58;59.48;42.85;50.12;14.84;11.71;42.85;59.48;11.71;27.36;11.71;43.24;43.24;8.58,3241.2445,965037648025238,965044936629926,7288.604688,53456,4559360,13582848,680,736033,0,c3_14q_re1,0,19,0,1,
c3_14q_re1-c3-rand20_t1-r2-1789951819,2026-09-20T17:50:19,c3,build_13b440c3_20260918192735,0.001,7de69de,batch,rand20_t1,2,ok,,20,10000;1024;10000;1024;24576;8192;24576;1024;4000;400;8192;8192;4000;1024;8192;32;8192;10000;10000;4000,2;2;2;2;2;2;2;2;2;2;2;2;2;2;2;2;2;2;2;2,12;5;12;5;2;4;2;6;12;14;4;3;12;6;3;8;3;12;12;2,43.24;18.92;43.24;18.92;8.58;14.84;8.58;59.48;42.85;50.12;14.84;11.71;42.85;59.48;11.71;27.36;11.71;43.24;43.24;8.58,3241.2445,965045344524065,965052590983831,7246.459766,53456,4559360,13582848,960,741340,0,c3_14q_re1,0,19,0,1,
c3_14q_re1-c3-rand20_t1-r3-1789951827,2026-09-20T17:50:27,c3,build_13b440c3_20260918192735,0.001,7de69de,batch,rand20_t1,3,ok,,20,10000;1024;10000;1024;24576;8192;24576;1024;4000;400;8192;8192;4000;1024;8192;32;8192;10000;10000;4000,2;2;2;2;2;2;2;2;2;2;2;2;2;2;2;2;2;2;2;2,12;5;12;5;2;4;2;6;12;14;4;3;12;6;3;8;3;12;12;2,43.24;18.92;43.24;18.92;8.58;14.84;8.58;59.48;42.85;50.12;14.84;11.71;42.85;59.48;11.71;27.36;11.71;43.24;43.24;8.58,3241.2445,965052997668529,965060269125385,7271.456856,53456,4559360,13582848,834,737363,0,c3_14q_re1,0,19,0,1,
c3_14q_re1-c3-rand20_t1-r4-1789951835,2026-09-20T17:50:35,c3,build_13b440c3_20260918192735,0.001,7de69de,batch,rand20_t1,4,ok,,20,10000;1024;10000;1024;24576;8192;24576;1024;4000;400;8192;8192;4000;1024;8192;32;8192;10000;10000;4000,2;2;2;2;2;2;2;2;2;2;2;2;2;2;2;2;2;2;2;2,12;5;12;5;2;4;2;6;12;14;4;3;12;6;3;8;3;12;12;2,43.24;18.92;43.24;18.92;8.58;14.84;8.58;59.48;42.85;50.12;14.84;11.71;42.85;59.48;11.71;27.36;11.71;43.24;43.24;8.58,3241.2445,965060673322107,965067962326889,7289.004782,53456,4559360,13582848,938,739080,0,c3_14q_re1,0,19,0,1,
c3_14q_re1-c3-rand20_t2-r-1-1789951843,2026-09-20T17:50:43,c3,build_13b440c3_20260918192735,0.001,7de69de,batch,rand20_t2,-1,ok,,20,32;1024;1024;4000;128;1000;1024;1000;1000;8192;1024;500;128;1024;4000;1000;8192;10000;1000;1000,2;2;2;2;2;2;2;2;2;2;2;2;2;2;2;2;2;2;2;2,8;5;3;12;6;3;5;5;3;4;4;4;6;5;2;3;4;1;3;3,27.36;18.92;12.06;42.85;21.10;14.50;18.92;17.66;14.50;14.84;17.12;26.47;21.10;18.92;8.58;14.50;14.84;5.43;14.50;14.50,700.9111,965068727101058,965072312947762,3585.846704,23760,2920960,2788928,584,153161,0,c3_14q_re1,0,18,0,1,
c3_14q_re1-c3-rand20_t2-r0-1789951847,2026-09-20T17:50:47,c3,build_13b440c3_20260918192735,0.001,7de69de,batch,rand20_t2,0,ok,,20,32;1024;1024;4000;128;1000;1024;1000;1000;8192;1024;500;128;1024;4000;1000;8192;10000;1000;1000,2;2;2;2;2;2;2;2;2;2;2;2;2;2;2;2;2;2;2;2,8;5;3;12;6;3;5;5;3;4;4;4;6;5;2;3;4;1;3;3,27.36;18.92;12.06;42.85;21.10;14.50;18.92;17.66;14.50;14.84;17.12;26.47;21.10;18.92;8.58;14.50;14.84;5.43;14.50;14.50,700.9111,965072597017823,965076178761296,3581.743473,23760,2920960,2788928,593,152494,0,c3_14q_re1,0,18,0,1,
c3_14q_re1-c3-rand20_t2-r1-1789951851,2026-09-20T17:50:51,c3,build_13b440c3_20260918192735,0.001,7de69de,batch,rand20_t2,1,ok,,20,32;1024;1024;4000;128;1000;1024;1000;1000;8192;1024;500;128;1024;4000;1000;8192;10000;1000;1000,2;2;2;2;2;2;2;2;2;2;2;2;2;2;2;2;2;2;2;2,8;5;3;12;6;3;5;5;3;4;4;4;6;5;2;3;4;1;3;3,27.36;18.92;12.06;42.85;21.10;14.50;18.92;17.66;14.50;14.84;17.12;26.47;21.10;18.92;8.58;14.50;14.84;5.43;14.50;14.50,700.9111,965076462460363,965080071943384,3609.483021,23760,2920960,2788928,532,152180,0,c3_14q_re1,0,18,0,1,
c3_14q_re1-c3-rand20_t2-r2-1789951855,2026-09-20T17:50:55,c3,build_13b440c3_20260918192735,0.001,7de69de,batch,rand20_t2,2,ok,,20,32;1024;1024;4000;128;1000;1024;1000;1000;8192;1024;500;128;1024;4000;1000;8192;10000;1000;1000,2;2;2;2;2;2;2;2;2;2;2;2;2;2;2;2;2;2;2;2,8;5;3;12;6;3;5;5;3;4;4;4;6;5;2;3;4;1;3;3,27.36;18.92;12.06;42.85;21.10;14.50;18.92;17.66;14.50;14.84;17.12;26.47;21.10;18.92;8.58;14.50;14.84;5.43;14.50;14.50,700.9111,965080355976534,965083977913800,3621.937266,23760,2920960,2788928,691,151134,0,c3_14q_re1,0,18,0,1,
c3_14q_re1-c3-rand20_t2-r3-1789951858,2026-09-20T17:50:58,c3,build_13b440c3_20260918192735,0.001,7de69de,batch,rand20_t2,3,ok,,20,32;1024;1024;4000;128;1000;1024;1000;1000;8192;1024;500;128;1024;4000;1000;8192;10000;1000;1000,2;2;2;2;2;2;2;2;2;2;2;2;2;2;2;2;2;2;2;2,8;5;3;12;6;3;5;5;3;4;4;4;6;5;2;3;4;1;3;3,27.36;18.92;12.06;42.85;21.10;14.50;18.92;17.66;14.50;14.84;17.12;26.47;21.10;18.92;8.58;14.50;14.84;5.43;14.50;14.50,700.9111,965084260624027,965087837892545,3577.268518,23760,2920960,2788928,797,156497,0,c3_14q_re1,0,18,0,1,
c3_14q_re1-c3-rand20_t2-r4-1789951862,2026-09-20T17:51:02,c3,build_13b440c3_20260918192735,0.001,7de69de,batch,rand20_t2,4,ok,,20,32;1024;1024;4000;128;1000;1024;1000;1000;8192;1024;500;128;1024;4000;1000;8192;10000;1000;1000,2;2;2;2;2;2;2;2;2;2;2;2;2;2;2;2;2;2;2;2,8;5;3;12;6;3;5;5;3;4;4;4;6;5;2;3;4;1;3;3,27.36;18.92;12.06;42.85;21.10;14.50;18.92;17.66;14.50;14.84;17.12;26.47;21.10;18.92;8.58;14.50;14.84;5.43;14.50;14.50,700.9111,965088121253899,965091778894981,3657.641082,23760,2920960,2788928,642,154615,0,c3_14q_re1,0,18,0,1,
c3_14q_re1-c3-rand20_t3-r-1-1789951867,2026-09-20T17:51:07,c3,build_13b440c3_20260918192735,0.001,7de69de,batch,rand20_t3,-1,ok,,20,8192;500;1000;1024;4000;8192;1000;4096;1000;4000;1024;10000;32;10000;400;1000;8192;128;128;32,2;2;2;2;2;2;2;2;2;2;2;2;2;2;2;2;2;2;2;2,3;4;3;6;12;3;3;14;3;2;6;1;8;12;14;2;3;6;6;8,11.71;26.47;14.50;59.48;42.85;11.71;14.50;46.42;14.50;8.58;59.48;5.43;27.36;43.24;50.12;8.94;11.71;21.10;21.10;27.36,1385.1216,965092486992104,965097851009032,5364.016928,49008,3903744,5600128,594,304037,0,c3_14q_re1,0,19,0,1,
c3_14q_re1-c3-rand20_t3-r0-1789951872,2026-09-20T17:51:12,c3,build_13b440c3_20260918192735,0.001,7de69de,batch,rand20_t3,0,ok,,20,8192;500;1000;1024;4000;8192;1000;4096;1000;4000;1024;10000;32;10000;400;1000;8192;128;128;32,2;2;2;2;2;2;2;2;2;2;2;2;2;2;2;2;2;2;2;2,3;4;3;6;12;3;3;14;3;2;6;1;8;12;14;2;3;6;6;8,11.71;26.47;14.50;59.48;42.85;11.71;14.50;46.42;14.50;8.58;59.48;5.43;27.36;43.24;50.12;8.94;11.71;21.10;21.10;27.36,1385.1216,965097998149944,965103352995411,5354.845467,49008,3903744,5600128,645,307580,0,c3_14q_re1,0,19,0,1,
c3_14q_re1-c3-rand20_t3-r1-1789951878,2026-09-20T17:51:18,c3,build_13b440c3_20260918192735,0.001,7de69de,batch,rand20_t3,1,ok,,20,8192;500;1000;1024;4000;8192;1000;4096;1000;4000;1024;10000;32;10000;400;1000;8192;128;128;32,2;2;2;2;2;2;2;2;2;2;2;2;2;2;2;2;2;2;2;2,3;4;3;6;12;3;3;14;3;2;6;1;8;12;14;2;3;6;6;8,11.71;26.47;14.50;59.48;42.85;11.71;14.50;46.42;14.50;8.58;59.48;5.43;27.36;43.24;50.12;8.94;11.71;21.10;21.10;27.36,1385.1216,965103500053811,965108843139011,5343.0852,49008,3903744,5600128,638,306172,0,c3_14q_re1,0,19,0,1,
c3_14q_re1-c3-rand20_t3-r2-1789951883,2026-09-20T17:51:23,c3,build_13b440c3_20260918192735,0.001,7de69de,batch,rand20_t3,2,ok,,20,8192;500;1000;1024;4000;8192;1000;4096;1000;4000;1024;10000;32;10000;400;1000;8192;128;128;32,2;2;2;2;2;2;2;2;2;2;2;2;2;2;2;2;2;2;2;2,3;4;3;6;12;3;3;14;3;2;6;1;8;12;14;2;3;6;6;8,11.71;26.47;14.50;59.48;42.85;11.71;14.50;46.42;14.50;8.58;59.48;5.43;27.36;43.24;50.12;8.94;11.71;21.10;21.10;27.36,1385.1216,965108989591995,965114319559793,5329.967798,49008,3903744,5600128,819,304345,0,c3_14q_re1,0,19,0,1,
c3_14q_re1-c3-rand20_t3-r3-1789951889,2026-09-20T17:51:29,c3,build_13b440c3_20260918192735,0.001,7de69de,batch,rand20_t3,3,ok,,20,8192;500;1000;1024;4000;8192;1000;4096;1000;4000;1024;10000;32;10000;400;1000;8192;128;128;32,2;2;2;2;2;2;2;2;2;2;2;2;2;2;2;2;2;2;2;2,3;4;3;6;12;3;3;14;3;2;6;1;8;12;14;2;3;6;6;8,11.71;26.47;14.50;59.48;42.85;11.71;14.50;46.42;14.50;8.58;59.48;5.43;27.36;43.24;50.12;8.94;11.71;21.10;21.10;27.36,1385.1216,965114466770326,965119797691113,5330.920787,49008,3903744,5600128,652,303768,0,c3_14q_re1,0,19,0,1,
c3_14q_re1-c3-rand20_t3-r4-1789951894,2026-09-20T17:51:34,c3,build_13b440c3_20260918192735,0.001,7de69de,batch,rand20_t3,4,ok,,20,8192;500;1000;1024;4000;8192;1000;4096;1000;4000;1024;10000;32;10000;400;1000;8192;128;128;32,2;2;2;2;2;2;2;2;2;2;2;2;2;2;2;2;2;2;2;2,3;4;3;6;12;3;3;14;3;2;6;1;8;12;14;2;3;6;6;8,11.71;26.47;14.50;59.48;42.85;11.71;14.50;46.42;14.50;8.58;59.48;5.43;27.36;43.24;50.12;8.94;11.71;21.10;21.10;27.36,1385.1216,965119944967776,965125272935024,5327.967248,49008,3903744,5600128,660,305497,0,c3_14q_re1,0,19,0,1,
c3_14q_re1-c3-rand20_t4-r-1-1789951900,2026-09-20T17:51:40,c3,build_13b440c3_20260918192735,0.001,7de69de,batch,rand20_t4,-1,ok,,20,1000;4096;1024;8192;128;8192;4000;1000;1000;128;128;1024;1000;1024;128;4000;10000;8192;1024;400,2;2;2;2;2;2;2;2;2;2;2;2;2;2;2;2;2;2;2;2,5;14;4;3;6;4;12;3;2;6;6;3;3;6;6;12;1;3;4;14,17.66;46.42;17.12;11.71;21.10;14.84;42.85;14.50;8.94;21.10;21.10;12.06;14.50;59.48;21.10;42.85;5.43;11.71;17.12;50.12,1095.5217,965126017502901,965130966120235,4948.617334,38304,3838208,4517312,784,244946,0,c3_14q_re1,0,19,0,1,
c3_14q_re1-c3-rand20_t4-r0-1789951905,2026-09-20T17:51:45,c3,build_13b440c3_20260918192735,0.001,7de69de,batch,rand20_t4,0,ok,,20,1000;4096;1024;8192;128;8192;4000;1000;1000;128;128;1024;1000;1024;128;4000;10000;8192;1024;400,2;2;2;2;2;2;2;2;2;2;2;2;2;2;2;2;2;2;2;2,5;14;4;3;6;4;12;3;2;6;6;3;3;6;6;12;1;3;4;14,17.66;46.42;17.12;11.71;21.10;14.84;42.85;14.50;8.94;21.10;21.10;12.06;14.50;59.48;21.10;42.85;5.43;11.71;17.12;50.12,1095.5217,965131141199216,965136093863260,4952.664044,38304,3838208,4517312,537,247028,0,c3_14q_re1,0,19,0,1,
c3_14q_re1-c3-rand20_t4-r1-1789951911,2026-09-20T17:51:51,c3,build_13b440c3_20260918192735,0.001,7de69de,batch,rand20_t4,1,ok,,20,1000;4096;1024;8192;128;8192;4000;1000;1000;128;128;1024;1000;1024;128;4000;10000;8192;1024;400,2;2;2;2;2;2;2;2;2;2;2;2;2;2;2;2;2;2;2;2,5;14;4;3;6;4;12;3;2;6;6;3;3;6;6;12;1;3;4;14,17.66;46.42;17.12;11.71;21.10;14.84;42.85;14.50;8.94;21.10;21.10;12.06;14.50;59.48;21.10;42.85;5.43;11.71;17.12;50.12,1095.5217,965136269529617,965141273297643,5003.768026,38304,3838208,4517312,1203,244614,0,c3_14q_re1,0,19,0,1,
c3_14q_re1-c3-rand20_t4-r2-1789951916,2026-09-20T17:51:56,c3,build_13b440c3_20260918192735,0.001,7de69de,batch,rand20_t4,2,ok,,20,1000;4096;1024;8192;128;8192;4000;1000;1000;128;128;1024;1000;1024;128;4000;10000;8192;1024;400,2;2;2;2;2;2;2;2;2;2;2;2;2;2;2;2;2;2;2;2,5;14;4;3;6;4;12;3;2;6;6;3;3;6;6;12;1;3;4;14,17.66;46.42;17.12;11.71;21.10;14.84;42.85;14.50;8.94;21.10;21.10;12.06;14.50;59.48;21.10;42.85;5.43;11.71;17.12;50.12,1095.5217,965141448885859,965146461265100,5012.379241,38304,3838208,4517312,633,248583,0,c3_14q_re1,0,19,0,1,
c3_14q_re1-c3-rand20_t4-r3-1789951921,2026-09-20T17:52:01,c3,build_13b440c3_20260918192735,0.001,7de69de,batch,rand20_t4,3,ok,,20,1000;4096;1024;8192;128;8192;4000;1000;1000;128;128;1024;1000;1024;128;4000;10000;8192;1024;400,2;2;2;2;2;2;2;2;2;2;2;2;2;2;2;2;2;2;2;2,5;14;4;3;6;4;12;3;2;6;6;3;3;6;6;12;1;3;4;14,17.66;46.42;17.12;11.71;21.10;14.84;42.85;14.50;8.94;21.10;21.10;12.06;14.50;59.48;21.10;42.85;5.43;11.71;17.12;50.12,1095.5217,965146643283991,965151715244248,5071.960257,38304,3838208,4517312,845,248597,0,c3_14q_re1,0,19,0,1,
c3_14q_re1-c3-rand20_t4-r4-1789951926,2026-09-20T17:52:06,c3,build_13b440c3_20260918192735,0.001,7de69de,batch,rand20_t4,4,ok,,20,1000;4096;1024;8192;128;8192;4000;1000;1000;128;128;1024;1000;1024;128;4000;10000;8192;1024;400,2;2;2;2;2;2;2;2;2;2;2;2;2;2;2;2;2;2;2;2,5;14;4;3;6;4;12;3;2;6;6;3;3;6;6;12;1;3;4;14,17.66;46.42;17.12;11.71;21.10;14.84;42.85;14.50;8.94;21.10;21.10;12.06;14.50;59.48;21.10;42.85;5.43;11.71;17.12;50.12,1095.5217,965151893386270,965156917777542,5024.391272,38304,3838208,4517312,1004,248812,0,c3_14q_re1,0,19,0,1,
c3_14q_re1-c3-rand20_t5-r-1-1789951932,2026-09-20T17:52:12,c3,build_13b440c3_20260918192735,0.001,7de69de,batch,rand20_t5,-1,ok,,20,1024;1024;400;1000;32;1000;128;8192;1024;1024;1024;10000;32;128;1024;1024;10000;1000;1000;1024,2;2;2;2;2;2;2;2;2;2;2;2;2;2;2;2;2;2;2;2,4;6;14;2;8;3;6;3;5;4;3;12;8;6;4;4;1;5;2;3,17.12;59.48;50.12;8.94;27.36;14.50;21.10;11.71;17.97;17.12;12.06;43.24;27.36;21.10;17.12;17.12;5.43;17.66;8.94;12.06,834.0339,965157615350369,965162059465517,4444.115148,35088,3379712,3287872,728,178789,0,c3_14q_re1,0,19,0,1,
c3_14q_re1-c3-rand20_t5-r0-1789951937,2026-09-20T17:52:17,c3,build_13b440c3_20260918192735,0.001,7de69de,batch,rand20_t5,0,ok,,20,1024;1024;400;1000;32;1000;128;8192;1024;1024;1024;10000;32;128;1024;1024;10000;1000;1000;1024,2;2;2;2;2;2;2;2;2;2;2;2;2;2;2;2;2;2;2;2,4;6;14;2;8;3;6;3;5;4;3;12;8;6;4;4;1;5;2;3,17.12;59.48;50.12;8.94;27.36;14.50;21.10;11.71;17.97;17.12;12.06;43.24;27.36;21.10;17.12;17.12;5.43;17.66;8.94;12.06,834.0339,965162227555868,965166649374963,4421.819095,35088,3379712,3287872,641,180830,0,c3_14q_re1,0,19,0,1,
c3_14q_re1-c3-rand20_t5-r1-1789951941,2026-09-20T17:52:21,c3,build_13b440c3_20260918192735,0.001,7de69de,batch,rand20_t5,1,ok,,20,1024;1024;400;1000;32;1000;128;8192;1024;1024;1024;10000;32;128;1024;1024;10000;1000;1000;1024,2;2;2;2;2;2;2;2;2;2;2;2;2;2;2;2;2;2;2;2,4;6;14;2;8;3;6;3;5;4;3;12;8;6;4;4;1;5;2;3,17.12;59.48;50.12;8.94;27.36;14.50;21.10;11.71;17.97;17.12;12.06;43.24;27.36;21.10;17.12;17.12;5.43;17.66;8.94;12.06,834.0339,965166819802448,965171261654133,4441.851685,35088,3379712,3287872,650,181634,0,c3_14q_re1,0,19,0,1,
c3_14q_re1-c3-rand20_t5-r2-1789951946,2026-09-20T17:52:26,c3,build_13b440c3_20260918192735,0.001,7de69de,batch,rand20_t5,2,ok,,20,1024;1024;400;1000;32;1000;128;8192;1024;1024;1024;10000;32;128;1024;1024;10000;1000;1000;1024,2;2;2;2;2;2;2;2;2;2;2;2;2;2;2;2;2;2;2;2,4;6;14;2;8;3;6;3;5;4;3;12;8;6;4;4;1;5;2;3,17.12;59.48;50.12;8.94;27.36;14.50;21.10;11.71;17.97;17.12;12.06;43.24;27.36;21.10;17.12;17.12;5.43;17.66;8.94;12.06,834.0339,965171431385441,965175922176636,4490.791195,35088,3379712,3287872,604,181184,0,c3_14q_re1,0,19,0,1,
c3_14q_re1-c3-rand20_t5-r3-1789951950,2026-09-20T17:52:30,c3,build_13b440c3_20260918192735,0.001,7de69de,batch,rand20_t5,3,ok,,20,1024;1024;400;1000;32;1000;128;8192;1024;1024;1024;10000;32;128;1024;1024;10000;1000;1000;1024,2;2;2;2;2;2;2;2;2;2;2;2;2;2;2;2;2;2;2;2,4;6;14;2;8;3;6;3;5;4;3;12;8;6;4;4;1;5;2;3,17.12;59.48;50.12;8.94;27.36;14.50;21.10;11.71;17.97;17.12;12.06;43.24;27.36;21.10;17.12;17.12;5.43;17.66;8.94;12.06,834.0339,965176091402168,965180581676038,4490.27387,35088,3379712,3287872,643,181459,0,c3_14q_re1,0,19,0,1,
c3_14q_re1-c3-rand20_t5-r4-1789951955,2026-09-20T17:52:35,c3,build_13b440c3_20260918192735,0.001,7de69de,batch,rand20_t5,4,ok,,20,1024;1024;400;1000;32;1000;128;8192;1024;1024;1024;10000;32;128;1024;1024;10000;1000;1000;1024,2;2;2;2;2;2;2;2;2;2;2;2;2;2;2;2;2;2;2;2,4;6;14;2;8;3;6;3;5;4;3;12;8;6;4;4;1;5;2;3,17.12;59.48;50.12;8.94;27.36;14.50;21.10;11.71;17.97;17.12;12.06;43.24;27.36;21.10;17.12;17.12;5.43;17.66;8.94;12.06,834.0339,965180750603637,965185202487983,4451.884346,35088,3379712,3287872,968,182011,0,c3_14q_re1,0,19,0,1,
c3_14q_re1-c3-rand20_t6-r-1-1789951960,2026-09-20T17:52:40,c3,build_13b440c3_20260918192735,0.001,7de69de,batch,rand20_t6,-1,ok,,20,1024;10000;1024;1000;8192;10000;1024;4000;1000;1024;8192;1000;10000;4096;1000;4000;4000;1000;10000;500,2;2;2;2;2;2;2;2;2;2;2;2;2;2;2;2;2;2;2;2,4;1;5;5;3;1;5;12;2;4;3;2;1;14;3;2;12;3;1;4,17.12;5.43;18.92;17.66;11.71;5.43;18.92;42.85;8.94;17.12;11.71;8.94;5.43;46.42;14.50;8.58;42.85;14.50;5.43;26.47,1127.9741,965185861076480,965189956904595,4095.828115,24752,2855680,4534464,998,249487,0,c3_14q_re1,0,20,0,0,
c3_14q_re1-c3-rand20_t6-r0-1789951964,2026-09-20T17:52:44,c3,build_13b440c3_20260918192735,0.001,7de69de,batch,rand20_t6,0,ok,,20,1024;10000;1024;1000;8192;10000;1024;4000;1000;1024;8192;1000;10000;4096;1000;4000;4000;1000;10000;500,2;2;2;2;2;2;2;2;2;2;2;2;2;2;2;2;2;2;2;2,4;1;5;5;3;1;5;12;2;4;3;2;1;14;3;2;12;3;1;4,17.12;5.43;18.92;17.66;11.71;5.43;18.92;42.85;8.94;17.12;11.71;8.94;5.43;46.42;14.50;8.58;42.85;14.50;5.43;26.47,1127.9741,965190123851384,965194293040193,4169.188809,24752,2855680,4534464,766,249817,0,c3_14q_re1,0,20,0,0,
c3_14q_re1-c3-rand20_t6-r1-1789951969,2026-09-20T17:52:49,c3,build_13b440c3_20260918192735,0.001,7de69de,batch,rand20_t6,1,ok,,20,1024;10000;1024;1000;8192;10000;1024;4000;1000;1024;8192;1000;10000;4096;1000;4000;4000;1000;10000;500,2;2;2;2;2;2;2;2;2;2;2;2;2;2;2;2;2;2;2;2,4;1;5;5;3;1;5;12;2;4;3;2;1;14;3;2;12;3;1;4,17.12;5.43;18.92;17.66;11.71;5.43;18.92;42.85;8.94;17.12;11.71;8.94;5.43;46.42;14.50;8.58;42.85;14.50;5.43;26.47,1127.9741,965194460928442,965198559607425,4098.678983,24752,2855680,4534464,726,248742,0,c3_14q_re1,0,20,0,0,
c3_14q_re1-c3-rand20_t6-r2-1789951973,2026-09-20T17:52:53,c3,build_13b440c3_20260918192735,0.001,7de69de,batch,rand20_t6,2,ok,,20,1024;10000;1024;1000;8192;10000;1024;4000;1000;1024;8192;1000;10000;4096;1000;4000;4000;1000;10000;500,2;2;2;2;2;2;2;2;2;2;2;2;2;2;2;2;2;2;2;2,4;1;5;5;3;1;5;12;2;4;3;2;1;14;3;2;12;3;1;4,17.12;5.43;18.92;17.66;11.71;5.43;18.92;42.85;8.94;17.12;11.71;8.94;5.43;46.42;14.50;8.58;42.85;14.50;5.43;26.47,1127.9741,965198726856018,965202817198568,4090.34255,24752,2855680,4534464,541,248827,0,c3_14q_re1,0,20,0,0,
c3_14q_re1-c3-rand20_t6-r3-1789951977,2026-09-20T17:52:57,c3,build_13b440c3_20260918192735,0.001,7de69de,batch,rand20_t6,3,ok,,20,1024;10000;1024;1000;8192;10000;1024;4000;1000;1024;8192;1000;10000;4096;1000;4000;4000;1000;10000;500,2;2;2;2;2;2;2;2;2;2;2;2;2;2;2;2;2;2;2;2,4;1;5;5;3;1;5;12;2;4;3;2;1;14;3;2;12;3;1;4,17.12;5.43;18.92;17.66;11.71;5.43;18.92;42.85;8.94;17.12;11.71;8.94;5.43;46.42;14.50;8.58;42.85;14.50;5.43;26.47,1127.9741,965202984486791,965207083015812,4098.529021,24752,2855680,4534464,1004,250454,0,c3_14q_re1,0,20,0,0,
c3_14q_re1-c3-rand20_t6-r4-1789951982,2026-09-20T17:53:02,c3,build_13b440c3_20260918192735,0.001,7de69de,batch,rand20_t6,4,ok,,20,1024;10000;1024;1000;8192;10000;1024;4000;1000;1024;8192;1000;10000;4096;1000;4000;4000;1000;10000;500,2;2;2;2;2;2;2;2;2;2;2;2;2;2;2;2;2;2;2;2,4;1;5;5;3;1;5;12;2;4;3;2;1;14;3;2;12;3;1;4,17.12;5.43;18.92;17.66;11.71;5.43;18.92;42.85;8.94;17.12;11.71;8.94;5.43;46.42;14.50;8.58;42.85;14.50;5.43;26.47,1127.9741,965207251232725,965211341867698,4090.634973,24752,2855680,4534464,634,246475,0,c3_14q_re1,0,20,0,0,
c3_14q_re1-c3-rand20_t7-r-1-1789951986,2026-09-20T17:53:06,c3,build_13b440c3_20260918192735,0.001,7de69de,batch,rand20_t7,-1,ok,,20,128;10000;1024;1024;1000;1000;1000;1024;4096;1024;8192;10000;8192;32;1024;1024;8192;1000;1024;1024,2;2;2;2;2;2;2;2;2;2;2;2;2;2;2;2;2;2;2;2,6;1;5;6;3;5;3;5;14;3;4;12;3;8;4;4;3;3;3;6,21.10;5.43;18.92;59.48;14.50;17.66;14.50;17.97;46.42;12.06;14.84;43.24;11.71;27.36;17.12;17.12;11.71;14.50;12.06;59.48,1274.4202,965212114073831,965216537990257,4423.916426,42704,3313664,5089856,763,278938,0,c3_14q_re1,0,17,0,1,
c3_14q_re1-c3-rand20_t7-r0-1789951991,2026-09-20T17:53:11,c3,build_13b440c3_20260918192735,0.001,7de69de,batch,rand20_t7,0,ok,,20,128;10000;1024;1024;1000;1000;1000;1024;4096;1024;8192;10000;8192;32;1024;1024;8192;1000;1024;1024,2;2;2;2;2;2;2;2;2;2;2;2;2;2;2;2;2;2;2;2,6;1;5;6;3;5;3;5;14;3;4;12;3;8;4;4;3;3;3;6,21.10;5.43;18.92;59.48;14.50;17.66;14.50;17.97;46.42;12.06;14.84;43.24;11.71;27.36;17.12;17.12;11.71;14.50;12.06;59.48,1274.4202,965216744334221,965221137930574,4393.596353,42704,3313664,5089856,649,278314,0,c3_14q_re1,0,17,0,1,
c3_14q_re1-c3-rand20_t7-r1-1789951996,2026-09-20T17:53:16,c3,build_13b440c3_20260918192735,0.001,7de69de,batch,rand20_t7,1,ok,,20,128;10000;1024;1024;1000;1000;1000;1024;4096;1024;8192;10000;8192;32;1024;1024;8192;1000;1024;1024,2;2;2;2;2;2;2;2;2;2;2;2;2;2;2;2;2;2;2;2,6;1;5;6;3;5;3;5;14;3;4;12;3;8;4;4;3;3;3;6,21.10;5.43;18.92;59.48;14.50;17.66;14.50;17.97;46.42;12.06;14.84;43.24;11.71;27.36;17.12;17.12;11.71;14.50;12.06;59.48,1274.4202,965221362956904,965225752916651,4389.959747,42704,3313664,5089856,683,278052,0,c3_14q_re1,0,17,0,1,
c3_14q_re1-c3-rand20_t7-r2-1789952000,2026-09-20T17:53:20,c3,build_13b440c3_20260918192735,0.001,7de69de,batch,rand20_t7,2,ok,,20,128;10000;1024;1024;1000;1000;1000;1024;4096;1024;8192;10000;8192;32;1024;1024;8192;1000;1024;1024,2;2;2;2;2;2;2;2;2;2;2;2;2;2;2;2;2;2;2;2,6;1;5;6;3;5;3;5;14;3;4;12;3;8;4;4;3;3;3;6,21.10;5.43;18.92;59.48;14.50;17.66;14.50;17.97;46.42;12.06;14.84;43.24;11.71;27.36;17.12;17.12;11.71;14.50;12.06;59.48,1274.4202,965226000466807,965230402416713,4401.949906,42704,3313664,5089856,643,280142,0,c3_14q_re1,0,17,0,1,
c3_14q_re1-c3-rand20_t7-r3-1789952005,2026-09-20T17:53:25,c3,build_13b440c3_20260918192735,0.001,7de69de,batch,rand20_t7,3,ok,,20,128;10000;1024;1024;1000;1000;1000;1024;4096;1024;8192;10000;8192;32;1024;1024;8192;1000;1024;1024,2;2;2;2;2;2;2;2;2;2;2;2;2;2;2;2;2;2;2;2,6;1;5;6;3;5;3;5;14;3;4;12;3;8;4;4;3;3;3;6,21.10;5.43;18.92;59.48;14.50;17.66;14.50;17.97;46.42;12.06;14.84;43.24;11.71;27.36;17.12;17.12;11.71;14.50;12.06;59.48,1274.4202,965230607860838,965235042741843,4434.881005,42704,3313664,5089856,671,275973,0,c3_14q_re1,0,17,0,1,
c3_14q_re1-c3-rand20_t7-r4-1789952010,2026-09-20T17:53:30,c3,build_13b440c3_20260918192735,0.001,7de69de,batch,rand20_t7,4,ok,,20,128;10000;1024;1024;1000;1000;1000;1024;4096;1024;8192;10000;8192;32;1024;1024;8192;1000;1024;1024,2;2;2;2;2;2;2;2;2;2;2;2;2;2;2;2;2;2;2;2,6;1;5;6;3;5;3;5;14;3;4;12;3;8;4;4;3;3;3;6,21.10;5.43;18.92;59.48;14.50;17.66;14.50;17.97;46.42;12.06;14.84;43.24;11.71;27.36;17.12;17.12;11.71;14.50;12.06;59.48,1274.4202,965235250026377,965239653160245,4403.133868,42704,3313664,5089856,635,278971,0,c3_14q_re1,0,17,0,1,
c3_14q_re1-c3-rand20_t8-r-1-1789952015,2026-09-20T17:53:35,c3,build_13b440c3_20260918192735,0.001,7de69de,batch,rand20_t8,-1,ok,,20,4000;4000;1024;1000;400;1000;500;1024;4096;24576;400;1024;4096;1024;4000;4000;4000;10000;1024;500,2;2;2;2;2;2;2;2;2;2;2;2;2;2;2;2;2;2;2;2,12;12;5;2;14;5;4;4;14;2;14;3;14;6;2;2;2;1;3;4,42.85;42.85;17.97;8.94;50.12;17.66;26.47;17.12;46.42;8.58;50.12;12.06;46.42;59.48;8.58;8.58;8.58;5.43;12.06;26.47,1306.0361,965240589832563,965245384401976,4794.569413,46112,4099328,5360320,779,291340,0,c3_14q_re1,0,17,0,1,
c3_14q_re1-c3-rand20_t8-r0-1789952020,2026-09-20T17:53:40,c3,build_13b440c3_20260918192735,0.001,7de69de,batch,rand20_t8,0,ok,,20,4000;4000;1024;1000;400;1000;500;1024;4096;24576;400;1024;4096;1024;4000;4000;4000;10000;1024;500,2;2;2;2;2;2;2;2;2;2;2;2;2;2;2;2;2;2;2;2,12;12;5;2;14;5;4;4;14;2;14;3;14;6;2;2;2;1;3;4,42.85;42.85;17.97;8.94;50.12;17.66;26.47;17.12;46.42;8.58;50.12;12.06;46.42;59.48;8.58;8.58;8.58;5.43;12.06;26.47,1306.0361,965245806884472,965250635194172,4828.3097,46112,4099328,5360320,651,291770,0,c3_14q_re1,0,17,0,1,
c3_14q_re1-c3-rand20_t8-r1-1789952025,2026-09-20T17:53:45,c3,build_13b440c3_20260918192735,0.001,7de69de,batch,rand20_t8,1,ok,,20,4000;4000;1024;1000;400;1000;500;1024;4096;24576;400;1024;4096;1024;4000;4000;4000;10000;1024;500,2;2;2;2;2;2;2;2;2;2;2;2;2;2;2;2;2;2;2;2,12;12;5;2;14;5;4;4;14;2;14;3;14;6;2;2;2;1;3;4,42.85;42.85;17.97;8.94;50.12;17.66;26.47;17.12;46.42;8.58;50.12;12.06;46.42;59.48;8.58;8.58;8.58;5.43;12.06;26.47,1306.0361,965251061571987,965255853927118,4792.355131,46112,4099328,5360320,885,291776,0,c3_14q_re1,0,17,0,1,
c3_14q_re1-c3-rand20_t8-r2-1789952030,2026-09-20T17:53:50,c3,build_13b440c3_20260918192735,0.001,7de69de,batch,rand20_t8,2,ok,,20,4000;4000;1024;1000;400;1000;500;1024;4096;24576;400;1024;4096;1024;4000;4000;4000;10000;1024;500,2;2;2;2;2;2;2;2;2;2;2;2;2;2;2;2;2;2;2;2,12;12;5;2;14;5;4;4;14;2;14;3;14;6;2;2;2;1;3;4,42.85;42.85;17.97;8.94;50.12;17.66;26.47;17.12;46.42;8.58;50.12;12.06;46.42;59.48;8.58;8.58;8.58;5.43;12.06;26.47,1306.0361,965256281708696,965261082487261,4800.778565,46112,4099328,5360320,789,292593,0,c3_14q_re1,0,17,0,1,
c3_14q_re1-c3-rand20_t8-r3-1789952036,2026-09-20T17:53:56,c3,build_13b440c3_20260918192735,0.001,7de69de,batch,rand20_t8,3,ok,,20,4000;4000;1024;1000;400;1000;500;1024;4096;24576;400;1024;4096;1024;4000;4000;4000;10000;1024;500,2;2;2;2;2;2;2;2;2;2;2;2;2;2;2;2;2;2;2;2,12;12;5;2;14;5;4;4;14;2;14;3;14;6;2;2;2;1;3;4,42.85;42.85;17.97;8.94;50.12;17.66;26.47;17.12;46.42;8.58;50.12;12.06;46.42;59.48;8.58;8.58;8.58;5.43;12.06;26.47,1306.0361,965261506531033,965266318703412,4812.172379,46112,4099328,5360320,807,294683,0,c3_14q_re1,0,17,0,1,
c3_14q_re1-c3-rand20_t8-r4-1789952041,2026-09-20T17:54:01,c3,build_13b440c3_20260918192735,0.001,7de69de,batch,rand20_t8,4,ok,,20,4000;4000;1024;1000;400;1000;500;1024;4096;24576;400;1024;4096;1024;4000;4000;4000;10000;1024;500,2;2;2;2;2;2;2;2;2;2;2;2;2;2;2;2;2;2;2;2,12;12;5;2;14;5;4;4;14;2;14;3;14;6;2;2;2;1;3;4,42.85;42.85;17.97;8.94;50.12;17.66;26.47;17.12;46.42;8.58;50.12;12.06;46.42;59.48;8.58;8.58;8.58;5.43;12.06;26.47,1306.0361,965266743290748,965271537039263,4793.748515,46112,4099328,5360320,480,294341,0,c3_14q_re1,0,17,0,1,
c3_14q_re1-c3-rand20_t9-r-1-1789952046,2026-09-20T17:54:06,c3,build_13b440c3_20260918192735,0.001,7de69de,batch,rand20_t9,-1,ok,,20,1000;1000;500;1024;32;1024;400;8192;128;1024;24576;10000;500;1024;1000;10000;128;24576;8192;4000,2;2;2;2;2;2;2;2;2;2;2;2;2;2;2;2;2;2;2;2,5;3;4;3;8;6;14;3;6;3;2;12;4;3;5;1;6;2;3;12,17.66;14.50;26.47;12.06;27.36;59.48;50.12;11.71;21.10;12.06;8.58;43.24;26.47;12.06;17.66;5.43;21.10;8.58;11.71;42.85,1472.5207,965272261782722,965277406938621,5145.155899,38384,3445248,5770752,602,316014,0,c3_14q_re1,0,19,0,1,
c3_14q_re1-c3-rand20_t9-r0-1789952052,2026-09-20T17:54:12,c3,build_13b440c3_20260918192735,0.001,7de69de,batch,rand20_t9,0,ok,,20,1000;1000;500;1024;32;1024;400;8192;128;1024;24576;10000;500;1024;1000;10000;128;24576;8192;4000,2;2;2;2;2;2;2;2;2;2;2;2;2;2;2;2;2;2;2;2,5;3;4;3;8;6;14;3;6;3;2;12;4;3;5;1;6;2;3;12,17.66;14.50;26.47;12.06;27.36;59.48;50.12;11.71;21.10;12.06;8.58;43.24;26.47;12.06;17.66;5.43;21.10;8.58;11.71;42.85,1472.5207,965277566406336,965282707310113,5140.903777,38384,3445248,5770752,757,315102,0,c3_14q_re1,0,19,0,1,
c3_14q_re1-c3-rand20_t9-r1-1789952057,2026-09-20T17:54:17,c3,build_13b440c3_20260918192735,0.001,7de69de,batch,rand20_t9,1,ok,,20,1000;1000;500;1024;32;1024;400;8192;128;1024;24576;10000;500;1024;1000;10000;128;24576;8192;4000,2;2;2;2;2;2;2;2;2;2;2;2;2;2;2;2;2;2;2;2,5;3;4;3;8;6;14;3;6;3;2;12;4;3;5;1;6;2;3;12,17.66;14.50;26.47;12.06;27.36;59.48;50.12;11.71;21.10;12.06;8.58;43.24;26.47;12.06;17.66;5.43;21.10;8.58;11.71;42.85,1472.5207,965282879447495,965288016430733,5136.983238,38384,3445248,5770752,670,315792,0,c3_14q_re1,0,19,0,1,
c3_14q_re1-c3-rand20_t9-r2-1789952063,2026-09-20T17:54:23,c3,build_13b440c3_20260918192735,0.001,7de69de,batch,rand20_t9,2,ok,,20,1000;1000;500;1024;32;1024;400;8192;128;1024;24576;10000;500;1024;1000;10000;128;24576;8192;4000,2;2;2;2;2;2;2;2;2;2;2;2;2;2;2;2;2;2;2;2,5;3;4;3;8;6;14;3;6;3;2;12;4;3;5;1;6;2;3;12,17.66;14.50;26.47;12.06;27.36;59.48;50.12;11.71;21.10;12.06;8.58;43.24;26.47;12.06;17.66;5.43;21.10;8.58;11.71;42.85,1472.5207,965288178107210,965293272782595,5094.675385,38384,3445248,5770752,693,314660,0,c3_14q_re1,0,19,0,1,
c3_14q_re1-c3-rand20_t9-r3-1789952068,2026-09-20T17:54:28,c3,build_13b440c3_20260918192735,0.001,7de69de,batch,rand20_t9,3,ok,,20,1000;1000;500;1024;32;1024;400;8192;128;1024;24576;10000;500;1024;1000;10000;128;24576;8192;4000,2;2;2;2;2;2;2;2;2;2;2;2;2;2;2;2;2;2;2;2,5;3;4;3;8;6;14;3;6;3;2;12;4;3;5;1;6;2;3;12,17.66;14.50;26.47;12.06;27.36;59.48;50.12;11.71;21.10;12.06;8.58;43.24;26.47;12.06;17.66;5.43;21.10;8.58;11.71;42.85,1472.5207,965293431692994,965298591142326,5159.449332,38384,3445248,5770752,666,315591,0,c3_14q_re1,0,19,0,1,
c3_14q_re1-c3-rand20_t9-r4-1789952073,2026-09-20T17:54:33,c3,build_13b440c3_20260918192735,0.001,7de69de,batch,rand20_t9,4,ok,,20,1000;1000;500;1024;32;1024;400;8192;128;1024;24576;10000;500;1024;1000;10000;128;24576;8192;4000,2;2;2;2;2;2;2;2;2;2;2;2;2;2;2;2;2;2;2;2,5;3;4;3;8;6;14;3;6;3;2;12;4;3;5;1;6;2;3;12,17.66;14.50;26.47;12.06;27.36;59.48;50.12;11.71;21.10;12.06;8.58;43.24;26.47;12.06;17.66;5.43;21.10;8.58;11.71;42.85,1472.5207,965298751293408,965303841956063,5090.662655,38384,3445248,5770752,687,316277,0,c3_14q_re1,0,19,0,1,
c3_14q_re1-c3-rand30_t0-r-1-1789952079,2026-09-20T17:54:39,c3,build_13b440c3_20260918192735,0.001,7de69de,batch,rand30_t0,-1,ok,,30,1024;1024;400;10000;4000;4000;8192;4000;10000;4000;4000;1000;1000;4000;10000;4000;128;500;1000;1024;4000;1024;400;4000;24576;1000;8192;1024;400;4000,2;2;2;2;2;2;2;2;2;2;2;2;2;2;2;2;2;2;2;2;2;2;2;2;2;2;2;2;2;2,6;5;14;1;2;2;4;12;12;12;12;3;3;2;12;12;6;4;2;6;12;4;14;12;2;5;4;6;14;12,59.48;18.92;50.12;5.43;8.58;8.58;14.84;42.85;43.24;42.85;42.85;14.50;14.50;8.58;43.24;42.85;21.10;26.47;8.94;59.48;42.85;17.12;50.12;42.85;8.58;17.66;14.84;59.48;50.12;42.85,3027.4219,965304602858573,965314372194872,9769.336299,85216,7116800,12526272,824,684771,0,c3_14q_re1,0,27,0,1,
c3_14q_re1-c3-rand30_t0-r0-1789952089,2026-09-20T17:54:49,c3,build_13b440c3_20260918192735,0.001,7de69de,batch,rand30_t0,0,ok,,30,1024;1024;400;10000;4000;4000;8192;4000;10000;4000;4000;1000;1000;4000;10000;4000;128;500;1000;1024;4000;1024;400;4000;24576;1000;8192;1024;400;4000,2;2;2;2;2;2;2;2;2;2;2;2;2;2;2;2;2;2;2;2;2;2;2;2;2;2;2;2;2;2,6;5;14;1;2;2;4;12;12;12;12;3;3;2;12;12;6;4;2;6;12;4;14;12;2;5;4;6;14;12,59.48;18.92;50.12;5.43;8.58;8.58;14.84;42.85;43.24;42.85;42.85;14.50;14.50;8.58;43.24;42.85;21.10;26.47;8.94;59.48;42.85;17.12;50.12;42.85;8.58;17.66;14.84;59.48;50.12;42.85,3027.4219,965314583037390,965324371081256,9788.043866,85216,7116800,12526272,742,684366,0,c3_14q_re1,0,27,0,1,
c3_14q_re1-c3-rand30_t0-r1-1789952099,2026-09-20T17:54:59,c3,build_13b440c3_20260918192735,0.001,7de69de,batch,rand30_t0,1,ok,,30,1024;1024;400;10000;4000;4000;8192;4000;10000;4000;4000;1000;1000;4000;10000;4000;128;500;1000;1024;4000;1024;400;4000;24576;1000;8192;1024;400;4000,2;2;2;2;2;2;2;2;2;2;2;2;2;2;2;2;2;2;2;2;2;2;2;2;2;2;2;2;2;2,6;5;14;1;2;2;4;12;12;12;12;3;3;2;12;12;6;4;2;6;12;4;14;12;2;5;4;6;14;12,59.48;18.92;50.12;5.43;8.58;8.58;14.84;42.85;43.24;42.85;42.85;14.50;14.50;8.58;43.24;42.85;21.10;26.47;8.94;59.48;42.85;17.12;50.12;42.85;8.58;17.66;14.84;59.48;50.12;42.85,3027.4219,965324580550961,965334325779099,9745.228138,85216,7116800,12526272,1267,681244,0,c3_14q_re1,0,27,0,1,
c3_14q_re1-c3-rand30_t0-r2-1789952109,2026-09-20T17:55:09,c3,build_13b440c3_20260918192735,0.001,7de69de,batch,rand30_t0,2,ok,,30,1024;1024;400;10000;4000;4000;8192;4000;10000;4000;4000;1000;1000;4000;10000;4000;128;500;1000;1024;4000;1024;400;4000;24576;1000;8192;1024;400;4000,2;2;2;2;2;2;2;2;2;2;2;2;2;2;2;2;2;2;2;2;2;2;2;2;2;2;2;2;2;2,6;5;14;1;2;2;4;12;12;12;12;3;3;2;12;12;6;4;2;6;12;4;14;12;2;5;4;6;14;12,59.48;18.92;50.12;5.43;8.58;8.58;14.84;42.85;43.24;42.85;42.85;14.50;14.50;8.58;43.24;42.85;21.10;26.47;8.94;59.48;42.85;17.12;50.12;42.85;8.58;17.66;14.84;59.48;50.12;42.85,3027.4219,965334535358605,965344324575032,9789.216427,85216,7116800,12526272,844,682427,0,c3_14q_re1,0,27,0,1,
c3_14q_re1-c3-rand30_t0-r3-1789952119,2026-09-20T17:55:19,c3,build_13b440c3_20260918192735,0.001,7de69de,batch,rand30_t0,3,ok,,30,1024;1024;400;10000;4000;4000;8192;4000;10000;4000;4000;1000;1000;4000;10000;4000;128;500;1000;1024;4000;1024;400;4000;24576;1000;8192;1024;400;4000,2;2;2;2;2;2;2;2;2;2;2;2;2;2;2;2;2;2;2;2;2;2;2;2;2;2;2;2;2;2,6;5;14;1;2;2;4;12;12;12;12;3;3;2;12;12;6;4;2;6;12;4;14;12;2;5;4;6;14;12,59.48;18.92;50.12;5.43;8.58;8.58;14.84;42.85;43.24;42.85;42.85;14.50;14.50;8.58;43.24;42.85;21.10;26.47;8.94;59.48;42.85;17.12;50.12;42.85;8.58;17.66;14.84;59.48;50.12;42.85,3027.4219,965344535185489,965354375461097,9840.275608,85216,7116800,12526272,707,677997,0,c3_14q_re1,0,27,0,1,
c3_14q_re1-c3-rand30_t0-r4-1789952129,2026-09-20T17:55:29,c3,build_13b440c3_20260918192735,0.001,7de69de,batch,rand30_t0,4,ok,,30,1024;1024;400;10000;4000;4000;8192;4000;10000;4000;4000;1000;1000;4000;10000;4000;128;500;1000;1024;4000;1024;400;4000;24576;1000;8192;1024;400;4000,2;2;2;2;2;2;2;2;2;2;2;2;2;2;2;2;2;2;2;2;2;2;2;2;2;2;2;2;2;2,6;5;14;1;2;2;4;12;12;12;12;3;3;2;12;12;6;4;2;6;12;4;14;12;2;5;4;6;14;12,59.48;18.92;50.12;5.43;8.58;8.58;14.84;42.85;43.24;42.85;42.85;14.50;14.50;8.58;43.24;42.85;21.10;26.47;8.94;59.48;42.85;17.12;50.12;42.85;8.58;17.66;14.84;59.48;50.12;42.85,3027.4219,965354588457467,965364349535023,9761.077556,85216,7116800,12526272,818,681942,0,c3_14q_re1,0,27,0,1,
c3_14q_re1-c3-rand30_t1-r-1-1789952139,2026-09-20T17:55:39,c3,build_13b440c3_20260918192735,0.001,7de69de,batch,rand30_t1,-1,ok,,30,400;1024;10000;4000;4000;4000;1000;400;32;8192;10000;1000;24576;1000;8192;4000;1024;1024;500;1024;1024;1024;1024;4000;1024;1000;1024;1024;4000;128,2;2;2;2;2;2;2;2;2;2;2;2;2;2;2;2;2;2;2;2;2;2;2;2;2;2;2;2;2;2,14;3;12;2;12;12;3;14;8;4;12;3;2;2;4;12;4;3;4;5;4;5;6;2;4;2;4;3;2;6,50.12;12.06;43.24;8.58;42.85;42.85;14.50;50.12;27.36;14.84;43.24;14.50;8.58;8.94;14.84;42.85;17.12;12.06;26.47;17.97;17.12;18.92;59.48;8.58;17.12;8.94;17.12;12.06;8.58;21.10,2245.8436,965365391175061,965372978194713,7587.019652,56720,5675520,9389568,708,511012,0,c3_14q_re1,0,28,0,1,
c3_14q_re1-c3-rand30_t1-r0-1789952148,2026-09-20T17:55:48,c3,build_13b440c3_20260918192735,0.001,7de69de,batch,rand30_t1,0,ok,,30,400;1024;10000;4000;4000;4000;1000;400;32;8192;10000;1000;24576;1000;8192;4000;1024;1024;500;1024;1024;1024;1024;4000;1024;1000;1024;1024;4000;128,2;2;2;2;2;2;2;2;2;2;2;2;2;2;2;2;2;2;2;2;2;2;2;2;2;2;2;2;2;2,14;3;12;2;12;12;3;14;8;4;12;3;2;2;4;12;4;3;4;5;4;5;6;2;4;2;4;3;2;6,50.12;12.06;43.24;8.58;42.85;42.85;14.50;50.12;27.36;14.84;43.24;14.50;8.58;8.94;14.84;42.85;17.12;12.06;26.47;17.97;17.12;18.92;59.48;8.58;17.12;8.94;17.12;12.06;8.58;21.10,2245.8436,965373526977812,965381124511159,7597.533347,56720,5675520,9389568,747,514109,0,c3_14q_re1,0,28,0,1,
c3_14q_re1-c3-rand30_t1-r1-1789952156,2026-09-20T17:55:56,c3,build_13b440c3_20260918192735,0.001,7de69de,batch,rand30_t1,1,ok,,30,400;1024;10000;4000;4000;4000;1000;400;32;8192;10000;1000;24576;1000;8192;4000;1024;1024;500;1024;1024;1024;1024;4000;1024;1000;1024;1024;4000;128,2;2;2;2;2;2;2;2;2;2;2;2;2;2;2;2;2;2;2;2;2;2;2;2;2;2;2;2;2;2,14;3;12;2;12;12;3;14;8;4;12;3;2;2;4;12;4;3;4;5;4;5;6;2;4;2;4;3;2;6,50.12;12.06;43.24;8.58;42.85;42.85;14.50;50.12;27.36;14.84;43.24;14.50;8.58;8.94;14.84;42.85;17.12;12.06;26.47;17.97;17.12;18.92;59.48;8.58;17.12;8.94;17.12;12.06;8.58;21.10,2245.8436,965381636314488,965389241816755,7605.502267,56720,5675520,9389568,730,509368,0,c3_14q_re1,0,28,0,1,
c3_14q_re1-c3-rand30_t1-r2-1789952164,2026-09-20T17:56:04,c3,build_13b440c3_20260918192735,0.001,7de69de,batch,rand30_t1,2,ok,,30,400;1024;10000;4000;4000;4000;1000;400;32;8192;10000;1000;24576;1000;8192;4000;1024;1024;500;1024;1024;1024;1024;4000;1024;1000;1024;1024;4000;128,2;2;2;2;2;2;2;2;2;2;2;2;2;2;2;2;2;2;2;2;2;2;2;2;2;2;2;2;2;2,14;3;12;2;12;12;3;14;8;4;12;3;2;2;4;12;4;3;4;5;4;5;6;2;4;2;4;3;2;6,50.12;12.06;43.24;8.58;42.85;42.85;14.50;50.12;27.36;14.84;43.24;14.50;8.58;8.94;14.84;42.85;17.12;12.06;26.47;17.97;17.12;18.92;59.48;8.58;17.12;8.94;17.12;12.06;8.58;21.10,2245.8436,965389797748225,965397366899698,7569.151473,56720,5675520,9389568,645,511233,0,c3_14q_re1,0,28,0,1,
c3_14q_re1-c3-rand30_t1-r3-1789952172,2026-09-20T17:56:12,c3,build_13b440c3_20260918192735,0.001,7de69de,batch,rand30_t1,3,ok,,30,400;1024;10000;4000;4000;4000;1000;400;32;8192;10000;1000;24576;1000;8192;4000;1024;1024;500;1024;1024;1024;1024;4000;1024;1000;1024;1024;4000;128,2;2;2;2;2;2;2;2;2;2;2;2;2;2;2;2;2;2;2;2;2;2;2;2;2;2;2;2;2;2,14;3;12;2;12;12;3;14;8;4;12;3;2;2;4;12;4;3;4;5;4;5;6;2;4;2;4;3;2;6,50.12;12.06;43.24;8.58;42.85;42.85;14.50;50.12;27.36;14.84;43.24;14.50;8.58;8.94;14.84;42.85;17.12;12.06;26.47;17.97;17.12;18.92;59.48;8.58;17.12;8.94;17.12;12.06;8.58;21.10,2245.8436,965397878290743,965405437431406,7559.140663,56720,5675520,9389568,1384,512388,0,c3_14q_re1,0,28,0,1,
c3_14q_re1-c3-rand30_t1-r4-1789952180,2026-09-20T17:56:20,c3,build_13b440c3_20260918192735,0.001,7de69de,batch,rand30_t1,4,ok,,30,400;1024;10000;4000;4000;4000;1000;400;32;8192;10000;1000;24576;1000;8192;4000;1024;1024;500;1024;1024;1024;1024;4000;1024;1000;1024;1024;4000;128,2;2;2;2;2;2;2;2;2;2;2;2;2;2;2;2;2;2;2;2;2;2;2;2;2;2;2;2;2;2,14;3;12;2;12;12;3;14;8;4;12;3;2;2;4;12;4;3;4;5;4;5;6;2;4;2;4;3;2;6,50.12;12.06;43.24;8.58;42.85;42.85;14.50;50.12;27.36;14.84;43.24;14.50;8.58;8.94;14.84;42.85;17.12;12.06;26.47;17.97;17.12;18.92;59.48;8.58;17.12;8.94;17.12;12.06;8.58;21.10,2245.8436,965405987418747,965413571161246,7583.742499,56720,5675520,9389568,679,511085,0,c3_14q_re1,0,28,0,1,
c3_14q_re1-c3-rand30_t2-r-1-1789952189,2026-09-20T17:56:29,c3,build_13b440c3_20260918192735,0.001,7de69de,batch,rand30_t2,-1,ok,,30,1000;8192;500;1024;1024;10000;1024;1000;24576;1024;1024;1000;1000;4096;1024;8192;4096;8192;8192;400;1000;8192;8192;128;128;1024;4000;128;1024;4096,2;2;2;2;2;2;2;2;2;2;2;2;2;2;2;2;2;2;2;2;2;2;2;2;2;2;2;2;2;2,5;4;4;5;5;1;3;5;2;6;5;5;5;14;5;3;14;4;4;14;5;4;4;6;6;3;2;6;6;14,17.66;14.84;26.47;18.92;17.97;5.43;12.06;17.66;8.58;59.48;18.92;17.66;17.66;46.42;17.97;11.71;46.42;14.84;14.84;50.12;17.66;14.84;14.84;21.10;21.10;12.06;8.58;21.10;59.48;46.42,1925.6799,965414361634482,965421203997896,6842.363414,60320,5542912,7869888,680,431543,0,c3_14q_re1,0,24,0,1,
c3_14q_re1-c3-rand30_t2-r0-1789952196,2026-09-20T17:56:36,c3,build_13b440c3_20260918192735,0.001,7de69de,batch,rand30_t2,0,ok,,30,1000;8192;500;1024;1024;10000;1024;1000;24576;1024;1024;1000;1000;4096;1024;8192;4096;8192;8192;400;1000;8192;8192;128;128;1024;4000;128;1024;4096,2;2;2;2;2;2;2;2;2;2;2;2;2;2;2;2;2;2;2;2;2;2;2;2;2;2;2;2;2;2,5;4;4;5;5;1;3;5;2;6;5;5;5;14;5;3;14;4;4;14;5;4;4;6;6;3;2;6;6;14,17.66;14.84;26.47;18.92;17.97;5.43;12.06;17.66;8.58;59.48;18.92;17.66;17.66;46.42;17.97;11.71;46.42;14.84;14.84;50.12;17.66;14.84;14.84;21.10;21.10;12.06;8.58;21.10;59.48;46.42,1925.6799,965421363556192,965428194347621,6830.791429,60320,5542912,7869888,706,430445,0,c3_14q_re1,0,24,0,1,
c3_14q_re1-c3-rand30_t2-r1-1789952203,2026-09-20T17:56:43,c3,build_13b440c3_20260918192735,0.001,7de69de,batch,rand30_t2,1,ok,,30,1000;8192;500;1024;1024;10000;1024;1000;24576;1024;1024;1000;1000;4096;1024;8192;4096;8192;8192;400;1000;8192;8192;128;128;1024;4000;128;1024;4096,2;2;2;2;2;2;2;2;2;2;2;2;2;2;2;2;2;2;2;2;2;2;2;2;2;2;2;2;2;2,5;4;4;5;5;1;3;5;2;6;5;5;5;14;5;3;14;4;4;14;5;4;4;6;6;3;2;6;6;14,17.66;14.84;26.47;18.92;17.97;5.43;12.06;17.66;8.58;59.48;18.92;17.66;17.66;46.42;17.97;11.71;46.42;14.84;14.84;50.12;17.66;14.84;14.84;21.10;21.10;12.06;8.58;21.10;59.48;46.42,1925.6799,965428354178189,965435219368432,6865.190243,60320,5542912,7869888,677,431696,0,c3_14q_re1,0,24,0,1,
c3_14q_re1-c3-rand30_t2-r2-1789952210,2026-09-20T17:56:50,c3,build_13b440c3_20260918192735,0.001,7de69de,batch,rand30_t2,2,ok,,30,1000;8192;500;1024;1024;10000;1024;1000;24576;1024;1024;1000;1000;4096;1024;8192;4096;8192;8192;400;1000;8192;8192;128;128;1024;4000;128;1024;4096,2;2;2;2;2;2;2;2;2;2;2;2;2;2;2;2;2;2;2;2;2;2;2;2;2;2;2;2;2;2,5;4;4;5;5;1;3;5;2;6;5;5;5;14;5;3;14;4;4;14;5;4;4;6;6;3;2;6;6;14,17.66;14.84;26.47;18.92;17.97;5.43;12.06;17.66;8.58;59.48;18.92;17.66;17.66;46.42;17.97;11.71;46.42;14.84;14.84;50.12;17.66;14.84;14.84;21.10;21.10;12.06;8.58;21.10;59.48;46.42,1925.6799,965435378959878,965442199663706,6820.703828,60320,5542912,7869888,757,432559,0,c3_14q_re1,0,24,0,1,
c3_14q_re1-c3-rand30_t2-r3-1789952217,2026-09-20T17:56:57,c3,build_13b440c3_20260918192735,0.001,7de69de,batch,rand30_t2,3,ok,,30,1000;8192;500;1024;1024;10000;1024;1000;24576;1024;1024;1000;1000;4096;1024;8192;4096;8192;8192;400;1000;8192;8192;128;128;1024;4000;128;1024;4096,2;2;2;2;2;2;2;2;2;2;2;2;2;2;2;2;2;2;2;2;2;2;2;2;2;2;2;2;2;2,5;4;4;5;5;1;3;5;2;6;5;5;5;14;5;3;14;4;4;14;5;4;4;6;6;3;2;6;6;14,17.66;14.84;26.47;18.92;17.97;5.43;12.06;17.66;8.58;59.48;18.92;17.66;17.66;46.42;17.97;11.71;46.42;14.84;14.84;50.12;17.66;14.84;14.84;21.10;21.10;12.06;8.58;21.10;59.48;46.42,1925.6799,965442358890498,965449173137361,6814.246863,60320,5542912,7869888,683,433559,0,c3_14q_re1,0,24,0,1,
c3_14q_re1-c3-rand30_t2-r4-1789952224,2026-09-20T17:57:04,c3,build_13b440c3_20260918192735,0.001,7de69de,batch,rand30_t2,4,ok,,30,1000;8192;500;1024;1024;10000;1024;1000;24576;1024;1024;1000;1000;4096;1024;8192;4096;8192;8192;400;1000;8192;8192;128;128;1024;4000;128;1024;4096,2;2;2;2;2;2;2;2;2;2;2;2;2;2;2;2;2;2;2;2;2;2;2;2;2;2;2;2;2;2,5;4;4;5;5;1;3;5;2;6;5;5;5;14;5;3;14;4;4;14;5;4;4;6;6;3;2;6;6;14,17.66;14.84;26.47;18.92;17.97;5.43;12.06;17.66;8.58;59.48;18.92;17.66;17.66;46.42;17.97;11.71;46.42;14.84;14.84;50.12;17.66;14.84;14.84;21.10;21.10;12.06;8.58;21.10;59.48;46.42,1925.6799,965449332394034,965456164484806,6832.090772,60320,5542912,7869888,873,430020,0,c3_14q_re1,0,24,0,1,
c3_14q_re1-c3-rand30_t3-r-1-1789952231,2026-09-20T17:57:11,c3,build_13b440c3_20260918192735,0.001,7de69de,batch,rand30_t3,-1,ok,,30,1024;500;8192;1024;24576;1024;128;10000;4096;32;128;1000;32;1024;10000;1000;8192;1024;500;8192;400;10000;4096;1000;1000;24576;1000;32;400;8192,2;2;2;2;2;2;2;2;2;2;2;2;2;2;2;2;2;2;2;2;2;2;2;2;2;2;2;2;2;2,6;4;4;5;2;3;6;1;14;8;6;3;8;6;12;2;3;5;4;4;14;12;14;3;2;2;3;8;14;3,59.48;26.47;14.84;18.92;8.58;12.06;21.10;5.43;46.42;27.36;21.10;14.50;27.36;59.48;43.24;8.94;11.71;18.92;26.47;14.84;50.12;43.24;46.42;14.50;8.94;8.58;14.50;27.36;50.12;11.71,2465.2663,965456923231144,965465482517030,8559.285886,67600,5936896,10115968,888,551266,0,c3_14q_re1,0,27,0,1,
c3_14q_re1-c3-rand30_t3-r0-1789952240,2026-09-20T17:57:20,c3,build_13b440c3_20260918192735,0.001,7de69de,batch,rand30_t3,0,ok,,30,1024;500;8192;1024;24576;1024;128;10000;4096;32;128;1000;32;1024;10000;1000;8192;1024;500;8192;400;10000;4096;1000;1000;24576;1000;32;400;8192,2;2;2;2;2;2;2;2;2;2;2;2;2;2;2;2;2;2;2;2;2;2;2;2;2;2;2;2;2;2,6;4;4;5;2;3;6;1;14;8;6;3;8;6;12;2;3;5;4;4;14;12;14;3;2;2;3;8;14;3,59.48;26.47;14.84;18.92;8.58;12.06;21.10;5.43;46.42;27.36;21.10;14.50;27.36;59.48;43.24;8.94;11.71;18.92;26.47;14.84;50.12;43.24;46.42;14.50;8.94;8.58;14.50;27.36;50.12;11.71,2465.2663,965465690419710,965474207616325,8517.196615,67600,5936896,10115968,905,553957,0,c3_14q_re1,0,27,0,1,
c3_14q_re1-c3-rand30_t3-r1-1789952249,2026-09-20T17:57:29,c3,build_13b440c3_20260918192735,0.001,7de69de,batch,rand30_t3,1,ok,,30,1024;500;8192;1024;24576;1024;128;10000;4096;32;128;1000;32;1024;10000;1000;8192;1024;500;8192;400;10000;4096;1000;1000;24576;1000;32;400;8192,2;2;2;2;2;2;2;2;2;2;2;2;2;2;2;2;2;2;2;2;2;2;2;2;2;2;2;2;2;2,6;4;4;5;2;3;6;1;14;8;6;3;8;6;12;2;3;5;4;4;14;12;14;3;2;2;3;8;14;3,59.48;26.47;14.84;18.92;8.58;12.06;21.10;5.43;46.42;27.36;21.10;14.50;27.36;59.48;43.24;8.94;11.71;18.92;26.47;14.84;50.12;43.24;46.42;14.50;8.94;8.58;14.50;27.36;50.12;11.71,2465.2663,965474415668266,965482939363476,8523.69521,67600,5936896,10115968,701,553948,0,c3_14q_re1,0,27,0,1,
c3_14q_re1-c3-rand30_t3-r2-1789952257,2026-09-20T17:57:37,c3,build_13b440c3_20260918192735,0.001,7de69de,batch,rand30_t3,2,ok,,30,1024;500;8192;1024;24576;1024;128;10000;4096;32;128;1000;32;1024;10000;1000;8192;1024;500;8192;400;10000;4096;1000;1000;24576;1000;32;400;8192,2;2;2;2;2;2;2;2;2;2;2;2;2;2;2;2;2;2;2;2;2;2;2;2;2;2;2;2;2;2,6;4;4;5;2;3;6;1;14;8;6;3;8;6;12;2;3;5;4;4;14;12;14;3;2;2;3;8;14;3,59.48;26.47;14.84;18.92;8.58;12.06;21.10;5.43;46.42;27.36;21.10;14.50;27.36;59.48;43.24;8.94;11.71;18.92;26.47;14.84;50.12;43.24;46.42;14.50;8.94;8.58;14.50;27.36;50.12;11.71,2465.2663,965483148884572,965491698618322,8549.73375,67600,5936896,10115968,797,553406,0,c3_14q_re1,0,27,0,1,
c3_14q_re1-c3-rand30_t3-r3-1789952266,2026-09-20T17:57:46,c3,build_13b440c3_20260918192735,0.001,7de69de,batch,rand30_t3,3,ok,,30,1024;500;8192;1024;24576;1024;128;10000;4096;32;128;1000;32;1024;10000;1000;8192;1024;500;8192;400;10000;4096;1000;1000;24576;1000;32;400;8192,2;2;2;2;2;2;2;2;2;2;2;2;2;2;2;2;2;2;2;2;2;2;2;2;2;2;2;2;2;2,6;4;4;5;2;3;6;1;14;8;6;3;8;6;12;2;3;5;4;4;14;12;14;3;2;2;3;8;14;3,59.48;26.47;14.84;18.92;8.58;12.06;21.10;5.43;46.42;27.36;21.10;14.50;27.36;59.48;43.24;8.94;11.71;18.92;26.47;14.84;50.12;43.24;46.42;14.50;8.94;8.58;14.50;27.36;50.12;11.71,2465.2663,965491905275089,965500448500555,8543.225466,67600,5936896,10115968,652,552419,0,c3_14q_re1,0,27,0,1,
c3_14q_re1-c3-rand30_t3-r4-1789952275,2026-09-20T17:57:55,c3,build_13b440c3_20260918192735,0.001,7de69de,batch,rand30_t3,4,ok,,30,1024;500;8192;1024;24576;1024;128;10000;4096;32;128;1000;32;1024;10000;1000;8192;1024;500;8192;400;10000;4096;1000;1000;24576;1000;32;400;8192,2;2;2;2;2;2;2;2;2;2;2;2;2;2;2;2;2;2;2;2;2;2;2;2;2;2;2;2;2;2,6;4;4;5;2;3;6;1;14;8;6;3;8;6;12;2;3;5;4;4;14;12;14;3;2;2;3;8;14;3,59.48;26.47;14.84;18.92;8.58;12.06;21.10;5.43;46.42;27.36;21.10;14.50;27.36;59.48;43.24;8.94;11.71;18.92;26.47;14.84;50.12;43.24;46.42;14.50;8.94;8.58;14.50;27.36;50.12;11.71,2465.2663,965500656196062,965509160323767,8504.127705,67600,5936896,10115968,717,552405,0,c3_14q_re1,0,27,0,1,
c3_14q_re1-c3-rand30_t4-r-1-1789952284,2026-09-20T17:58:04,c3,build_13b440c3_20260918192735,0.001,7de69de,batch,rand30_t4,-1,ok,,30,128;500;1000;4096;32;1000;4096;24576;10000;10000;4000;128;1000;1024;1024;8192;1000;400;32;400;4096;1024;10000;1024;4000;500;1000;1024;400;1024,2;2;2;2;2;2;2;2;2;2;2;2;2;2;2;2;2;2;2;2;2;2;2;2;2;2;2;2;2;2,6;4;2;14;8;3;14;2;12;12;2;6;2;4;5;3;3;14;8;14;14;4;1;4;12;4;5;5;14;5,21.10;26.47;8.94;46.42;27.36;14.50;46.42;8.58;43.24;43.24;8.58;21.10;8.94;17.12;18.92;11.71;14.50;50.12;27.36;50.12;46.42;17.12;5.43;17.12;42.85;26.47;17.66;18.92;50.12;18.92,2271.1510,965509908977564,965518549753136,8640.775572,59696,6756096,9827520,832,534968,0,c3_14q_re1,0,28,0,1,
c3_14q_re1-c3-rand30_t4-r0-1789952293,2026-09-20T17:58:13,c3,build_13b440c3_20260918192735,0.001,7de69de,batch,rand30_t4,0,ok,,30,128;500;1000;4096;32;1000;4096;24576;10000;10000;4000;128;1000;1024;1024;8192;1000;400;32;400;4096;1024;10000;1024;4000;500;1000;1024;400;1024,2;2;2;2;2;2;2;2;2;2;2;2;2;2;2;2;2;2;2;2;2;2;2;2;2;2;2;2;2;2,6;4;2;14;8;3;14;2;12;12;2;6;2;4;5;3;3;14;8;14;14;4;1;4;12;4;5;5;14;5,21.10;26.47;8.94;46.42;27.36;14.50;46.42;8.58;43.24;43.24;8.58;21.10;8.94;17.12;18.92;11.71;14.50;50.12;27.36;50.12;46.42;17.12;5.43;17.12;42.85;26.47;17.66;18.92;50.12;18.92,2271.1510,965518781449363,965527461053092,8679.603729,59696,6756096,9827520,791,538324,0,c3_14q_re1,0,28,0,1,
c3_14q_re1-c3-rand30_t4-r1-1789952302,2026-09-20T17:58:22,c3,build_13b440c3_20260918192735,0.001,7de69de,batch,rand30_t4,1,ok,,30,128;500;1000;4096;32;1000;4096;24576;10000;10000;4000;128;1000;1024;1024;8192;1000;400;32;400;4096;1024;10000;1024;4000;500;1000;1024;400;1024,2;2;2;2;2;2;2;2;2;2;2;2;2;2;2;2;2;2;2;2;2;2;2;2;2;2;2;2;2;2,6;4;2;14;8;3;14;2;12;12;2;6;2;4;5;3;3;14;8;14;14;4;1;4;12;4;5;5;14;5,21.10;26.47;8.94;46.42;27.36;14.50;46.42;8.58;43.24;43.24;8.58;21.10;8.94;17.12;18.92;11.71;14.50;50.12;27.36;50.12;46.42;17.12;5.43;17.12;42.85;26.47;17.66;18.92;50.12;18.92,2271.1510,965527688597928,965536363802304,8675.204376,59696,6756096,9827520,646,533181,0,c3_14q_re1,0,28,0,1,
c3_14q_re1-c3-rand30_t4-r2-1789952311,2026-09-20T17:58:31,c3,build_13b440c3_20260918192735,0.001,7de69de,batch,rand30_t4,2,ok,,30,128;500;1000;4096;32;1000;4096;24576;10000;10000;4000;128;1000;1024;1024;8192;1000;400;32;400;4096;1024;10000;1024;4000;500;1000;1024;400;1024,2;2;2;2;2;2;2;2;2;2;2;2;2;2;2;2;2;2;2;2;2;2;2;2;2;2;2;2;2;2,6;4;2;14;8;3;14;2;12;12;2;6;2;4;5;3;3;14;8;14;14;4;1;4;12;4;5;5;14;5,21.10;26.47;8.94;46.42;27.36;14.50;46.42;8.58;43.24;43.24;8.58;21.10;8.94;17.12;18.92;11.71;14.50;50.12;27.36;50.12;46.42;17.12;5.43;17.12;42.85;26.47;17.66;18.92;50.12;18.92,2271.1510,965536594005866,965545222757647,8628.751781,59696,6756096,9827520,626,533187,0,c3_14q_re1,0,28,0,1,
c3_14q_re1-c3-rand30_t4-r3-1789952320,2026-09-20T17:58:40,c3,build_13b440c3_20260918192735,0.001,7de69de,batch,rand30_t4,3,ok,,30,128;500;1000;4096;32;1000;4096;24576;10000;10000;4000;128;1000;1024;1024;8192;1000;400;32;400;4096;1024;10000;1024;4000;500;1000;1024;400;1024,2;2;2;2;2;2;2;2;2;2;2;2;2;2;2;2;2;2;2;2;2;2;2;2;2;2;2;2;2;2,6;4;2;14;8;3;14;2;12;12;2;6;2;4;5;3;3;14;8;14;14;4;1;4;12;4;5;5;14;5,21.10;26.47;8.94;46.42;27.36;14.50;46.42;8.58;43.24;43.24;8.58;21.10;8.94;17.12;18.92;11.71;14.50;50.12;27.36;50.12;46.42;17.12;5.43;17.12;42.85;26.47;17.66;18.92;50.12;18.92,2271.1510,965545452016830,965554104012424,8651.995594,59696,6756096,9827520,855,531768,0,c3_14q_re1,0,28,0,1,
c3_14q_re1-c3-rand30_t4-r4-1789952329,2026-09-20T17:58:49,c3,build_13b440c3_20260918192735,0.001,7de69de,batch,rand30_t4,4,ok,,30,128;500;1000;4096;32;1000;4096;24576;10000;10000;4000;128;1000;1024;1024;8192;1000;400;32;400;4096;1024;10000;1024;4000;500;1000;1024;400;1024,2;2;2;2;2;2;2;2;2;2;2;2;2;2;2;2;2;2;2;2;2;2;2;2;2;2;2;2;2;2,6;4;2;14;8;3;14;2;12;12;2;6;2;4;5;3;3;14;8;14;14;4;1;4;12;4;5;5;14;5,21.10;26.47;8.94;46.42;27.36;14.50;46.42;8.58;43.24;43.24;8.58;21.10;8.94;17.12;18.92;11.71;14.50;50.12;27.36;50.12;46.42;17.12;5.43;17.12;42.85;26.47;17.66;18.92;50.12;18.92,2271.1510,965554332720931,965563005163319,8672.442388,59696,6756096,9827520,869,536111,0,c3_14q_re1,0,28,0,1,
c3_14q_re1-c3-rand30_t5-r-1-1789952338,2026-09-20T17:58:58,c3,build_13b440c3_20260918192735,0.001,7de69de,batch,rand30_t5,-1,ok,,30,4000;1000;32;1024;1000;500;10000;1024;500;1024;8192;1024;1024;8192;1024;4000;1000;4096;1000;8192;128;1024;128;1000;128;1024;10000;4096;4000;10000,2;2;2;2;2;2;2;2;2;2;2;2;2;2;2;2;2;2;2;2;2;2;2;2;2;2;2;2;2;2,12;5;8;3;3;4;12;5;4;3;3;3;3;4;5;2;3;14;5;3;6;5;6;3;6;6;1;14;12;12,42.85;17.66;27.36;12.06;14.50;26.47;43.24;18.92;26.47;12.06;11.71;12.06;12.06;14.84;18.92;8.58;14.50;46.42;17.66;11.71;21.10;18.92;21.10;14.50;21.10;59.48;5.43;46.42;42.85;43.24,2272.7094,965563986111000,965572022117383,8036.006383,56848,5740800,9654016,762,528914,0,c3_14q_re1,0,27,0,1,
c3_14q_re1-c3-rand30_t5-r0-1789952347,2026-09-20T17:59:07,c3,build_13b440c3_20260918192735,0.001,7de69de,batch,rand30_t5,0,ok,,30,4000;1000;32;1024;1000;500;10000;1024;500;1024;8192;1024;1024;8192;1024;4000;1000;4096;1000;8192;128;1024;128;1000;128;1024;10000;4096;4000;10000,2;2;2;2;2;2;2;2;2;2;2;2;2;2;2;2;2;2;2;2;2;2;2;2;2;2;2;2;2;2,12;5;8;3;3;4;12;5;4;3;3;3;3;4;5;2;3;14;5;3;6;5;6;3;6;6;1;14;12;12,42.85;17.66;27.36;12.06;14.50;26.47;43.24;18.92;26.47;12.06;11.71;12.06;12.06;14.84;18.92;8.58;14.50;46.42;17.66;11.71;21.10;18.92;21.10;14.50;21.10;59.48;5.43;46.42;42.85;43.24,2272.7094,965572416357236,965580408948594,7992.591358,56848,5740800,9654016,717,524724,0,c3_14q_re1,0,27,0,1,
c3_14q_re1-c3-rand30_t5-r1-1789952355,2026-09-20T17:59:15,c3,build_13b440c3_20260918192735,0.001,7de69de,batch,rand30_t5,1,ok,,30,4000;1000;32;1024;1000;500;10000;1024;500;1024;8192;1024;1024;8192;1024;4000;1000;4096;1000;8192;128;1024;128;1000;128;1024;10000;4096;4000;10000,2;2;2;2;2;2;2;2;2;2;2;2;2;2;2;2;2;2;2;2;2;2;2;2;2;2;2;2;2;2,12;5;8;3;3;4;12;5;4;3;3;3;3;4;5;2;3;14;5;3;6;5;6;3;6;6;1;14;12;12,42.85;17.66;27.36;12.06;14.50;26.47;43.24;18.92;26.47;12.06;11.71;12.06;12.06;14.84;18.92;8.58;14.50;46.42;17.66;11.71;21.10;18.92;21.10;14.50;21.10;59.48;5.43;46.42;42.85;43.24,2272.7094,965580803114276,965588804013228,8000.898952,56848,5740800,9654016,1111,525740,0,c3_14q_re1,0,27,0,1,
c3_14q_re1-c3-rand30_t5-r2-1789952363,2026-09-20T17:59:23,c3,build_13b440c3_20260918192735,0.001,7de69de,batch,rand30_t5,2,ok,,30,4000;1000;32;1024;1000;500;10000;1024;500;1024;8192;1024;1024;8192;1024;4000;1000;4096;1000;8192;128;1024;128;1000;128;1024;10000;4096;4000;10000,2;2;2;2;2;2;2;2;2;2;2;2;2;2;2;2;2;2;2;2;2;2;2;2;2;2;2;2;2;2,12;5;8;3;3;4;12;5;4;3;3;3;3;4;5;2;3;14;5;3;6;5;6;3;6;6;1;14;12;12,42.85;17.66;27.36;12.06;14.50;26.47;43.24;18.92;26.47;12.06;11.71;12.06;12.06;14.84;18.92;8.58;14.50;46.42;17.66;11.71;21.10;18.92;21.10;14.50;21.10;59.48;5.43;46.42;42.85;43.24,2272.7094,965589198326001,965597209152202,8010.826201,56848,5740800,9654016,405,522378,0,c3_14q_re1,0,27,0,1,
c3_14q_re1-c3-rand30_t5-r3-1789952372,2026-09-20T17:59:32,c3,build_13b440c3_20260918192735,0.001,7de69de,batch,rand30_t5,3,ok,,30,4000;1000;32;1024;1000;500;10000;1024;500;1024;8192;1024;1024;8192;1024;4000;1000;4096;1000;8192;128;1024;128;1000;128;1024;10000;4096;4000;10000,2;2;2;2;2;2;2;2;2;2;2;2;2;2;2;2;2;2;2;2;2;2;2;2;2;2;2;2;2;2,12;5;8;3;3;4;12;5;4;3;3;3;3;4;5;2;3;14;5;3;6;5;6;3;6;6;1;14;12;12,42.85;17.66;27.36;12.06;14.50;26.47;43.24;18.92;26.47;12.06;11.71;12.06;12.06;14.84;18.92;8.58;14.50;46.42;17.66;11.71;21.10;18.92;21.10;14.50;21.10;59.48;5.43;46.42;42.85;43.24,2272.7094,965597605213393,965605559950213,7954.73682,56848,5740800,9654016,812,524804,0,c3_14q_re1,0,27,0,1,
c3_14q_re1-c3-rand30_t5-r4-1789952380,2026-09-20T17:59:40,c3,build_13b440c3_20260918192735,0.001,7de69de,batch,rand30_t5,4,ok,,30,4000;1000;32;1024;1000;500;10000;1024;500;1024;8192;1024;1024;8192;1024;4000;1000;4096;1000;8192;128;1024;128;1000;128;1024;10000;4096;4000;10000,2;2;2;2;2;2;2;2;2;2;2;2;2;2;2;2;2;2;2;2;2;2;2;2;2;2;2;2;2;2,12;5;8;3;3;4;12;5;4;3;3;3;3;4;5;2;3;14;5;3;6;5;6;3;6;6;1;14;12;12,42.85;17.66;27.36;12.06;14.50;26.47;43.24;18.92;26.47;12.06;11.71;12.06;12.06;14.84;18.92;8.58;14.50;46.42;17.66;11.71;21.10;18.92;21.10;14.50;21.10;59.48;5.43;46.42;42.85;43.24,2272.7094,965605951090485,965613920395091,7969.304606,56848,5740800,9654016,667,528489,0,c3_14q_re1,0,27,0,1,
c3_14q_re1-c3-rand30_t6-r-1-1789952389,2026-09-20T17:59:49,c3,build_13b440c3_20260918192735,0.001,7de69de,batch,rand30_t6,-1,ok,,30,1024;24576;1024;10000;4000;1024;128;1000;1024;500;1000;1000;128;24576;8192;4096;128;1000;32;4000;500;24576;1024;10000;24576;500;4000;32;8192;1024,2;2;2;2;2;2;2;2;2;2;2;2;2;2;2;2;2;2;2;2;2;2;2;2;2;2;2;2;2;2,5;2;5;12;12;4;6;5;5;4;3;3;6;2;4;14;6;2;8;2;4;2;5;1;2;4;2;8;3;5,17.97;8.58;17.97;43.24;42.85;17.12;21.10;17.66;18.92;26.47;14.50;14.50;21.10;8.58;14.84;46.42;21.10;8.94;27.36;8.58;26.47;8.58;17.97;5.43;8.58;26.47;8.58;27.36;11.71;17.97,2193.9864,965614630634184,965622084430624,7453.79644,40752,4791296,8876736,810,489027,0,c3_14q_re1,0,29,0,1,
c3_14q_re1-c3-rand30_t6-r0-1789952397,2026-09-20T17:59:57,c3,build_13b440c3_20260918192735,0.001,7de69de,batch,rand30_t6,0,ok,,30,1024;24576;1024;10000;4000;1024;128;1000;1024;500;1000;1000;128;24576;8192;4096;128;1000;32;4000;500;24576;1024;10000;24576;500;4000;32;8192;1024,2;2;2;2;2;2;2;2;2;2;2;2;2;2;2;2;2;2;2;2;2;2;2;2;2;2;2;2;2;2,5;2;5;12;12;4;6;5;5;4;3;3;6;2;4;14;6;2;8;2;4;2;5;1;2;4;2;8;3;5,17.97;8.58;17.97;43.24;42.85;17.12;21.10;17.66;18.92;26.47;14.50;14.50;21.10;8.58;14.84;46.42;21.10;8.94;27.36;8.58;26.47;8.58;17.97;5.43;8.58;26.47;8.58;27.36;11.71;17.97,2193.9864,965622280467604,965629671123703,7390.656099,40752,4791296,8876736,966,488152,0,c3_14q_re1,0,29,0,1,
c3_14q_re1-c3-rand30_t6-r1-1789952404,2026-09-20T18:00:04,c3,build_13b440c3_20260918192735,0.001,7de69de,batch,rand30_t6,1,ok,,30,1024;24576;1024;10000;4000;1024;128;1000;1024;500;1000;1000;128;24576;8192;4096;128;1000;32;4000;500;24576;1024;10000;24576;500;4000;32;8192;1024,2;2;2;2;2;2;2;2;2;2;2;2;2;2;2;2;2;2;2;2;2;2;2;2;2;2;2;2;2;2,5;2;5;12;12;4;6;5;5;4;3;3;6;2;4;14;6;2;8;2;4;2;5;1;2;4;2;8;3;5,17.97;8.58;17.97;43.24;42.85;17.12;21.10;17.66;18.92;26.47;14.50;14.50;21.10;8.58;14.84;46.42;21.10;8.94;27.36;8.58;26.47;8.58;17.97;5.43;8.58;26.47;8.58;27.36;11.71;17.97,2193.9864,965629867073592,965637365983123,7498.909531,40752,4791296,8876736,623,487319,0,c3_14q_re1,0,29,0,1,
c3_14q_re1-c3-rand30_t6-r2-1789952412,2026-09-20T18:00:12,c3,build_13b440c3_20260918192735,0.001,7de69de,batch,rand30_t6,2,ok,,30,1024;24576;1024;10000;4000;1024;128;1000;1024;500;1000;1000;128;24576;8192;4096;128;1000;32;4000;500;24576;1024;10000;24576;500;4000;32;8192;1024,2;2;2;2;2;2;2;2;2;2;2;2;2;2;2;2;2;2;2;2;2;2;2;2;2;2;2;2;2;2,5;2;5;12;12;4;6;5;5;4;3;3;6;2;4;14;6;2;8;2;4;2;5;1;2;4;2;8;3;5,17.97;8.58;17.97;43.24;42.85;17.12;21.10;17.66;18.92;26.47;14.50;14.50;21.10;8.58;14.84;46.42;21.10;8.94;27.36;8.58;26.47;8.58;17.97;5.43;8.58;26.47;8.58;27.36;11.71;17.97,2193.9864,965637560975403,965644943680372,7382.704969,40752,4791296,8876736,704,485608,0,c3_14q_re1,0,29,0,1,
c3_14q_re1-c3-rand30_t6-r3-1789952419,2026-09-20T18:00:19,c3,build_13b440c3_20260918192735,0.001,7de69de,batch,rand30_t6,3,ok,,30,1024;24576;1024;10000;4000;1024;128;1000;1024;500;1000;1000;128;24576;8192;4096;128;1000;32;4000;500;24576;1024;10000;24576;500;4000;32;8192;1024,2;2;2;2;2;2;2;2;2;2;2;2;2;2;2;2;2;2;2;2;2;2;2;2;2;2;2;2;2;2,5;2;5;12;12;4;6;5;5;4;3;3;6;2;4;14;6;2;8;2;4;2;5;1;2;4;2;8;3;5,17.97;8.58;17.97;43.24;42.85;17.12;21.10;17.66;18.92;26.47;14.50;14.50;21.10;8.58;14.84;46.42;21.10;8.94;27.36;8.58;26.47;8.58;17.97;5.43;8.58;26.47;8.58;27.36;11.71;17.97,2193.9864,965645141183157,965652522314650,7381.131493,40752,4791296,8876736,707,488586,0,c3_14q_re1,0,29,0,1,
c3_14q_re1-c3-rand30_t6-r4-1789952427,2026-09-20T18:00:27,c3,build_13b440c3_20260918192735,0.001,7de69de,batch,rand30_t6,4,ok,,30,1024;24576;1024;10000;4000;1024;128;1000;1024;500;1000;1000;128;24576;8192;4096;128;1000;32;4000;500;24576;1024;10000;24576;500;4000;32;8192;1024,2;2;2;2;2;2;2;2;2;2;2;2;2;2;2;2;2;2;2;2;2;2;2;2;2;2;2;2;2;2,5;2;5;12;12;4;6;5;5;4;3;3;6;2;4;14;6;2;8;2;4;2;5;1;2;4;2;8;3;5,17.97;8.58;17.97;43.24;42.85;17.12;21.10;17.66;18.92;26.47;14.50;14.50;21.10;8.58;14.84;46.42;21.10;8.94;27.36;8.58;26.47;8.58;17.97;5.43;8.58;26.47;8.58;27.36;11.71;17.97,2193.9864,965652713220749,965660076345602,7363.124853,40752,4791296,8876736,722,483515,0,c3_14q_re1,0,29,0,1,
c3_14q_re1-c3-rand30_t7-r-1-1789952435,2026-09-20T18:00:35,c3,build_13b440c3_20260918192735,0.001,7de69de,batch,rand30_t7,-1,ok,,30,1000;8192;10000;1024;10000;400;1024;8192;24576;1024;1024;8192;4096;10000;4096;10000;1024;1000;24576;1000;4000;4096;10000;1000;4096;10000;1000;500;1000;4000,2;2;2;2;2;2;2;2;2;2;2;2;2;2;2;2;2;2;2;2;2;2;2;2;2;2;2;2;2;2,3;4;12;5;12;14;3;3;2;5;4;4;14;12;14;12;6;2;2;2;2;14;1;3;14;12;2;4;5;2,14.50;14.84;43.24;17.97;43.24;50.12;12.06;11.71;8.58;18.92;17.12;14.84;46.42;43.24;46.42;43.24;59.48;8.94;8.58;8.94;8.58;46.42;5.43;14.50;46.42;43.24;8.94;26.47;17.66;8.58,4041.8606,965660757022900,965671202746064,10445.723164,62960,6362368,17430720,808,951449,0,c3_14q_re1,0,26,0,1,
c3_14q_re1-c3-rand30_t7-r0-1789952446,2026-09-20T18:00:46,c3,build_13b440c3_20260918192735,0.001,7de69de,batch,rand30_t7,0,ok,,30,1000;8192;10000;1024;10000;400;1024;8192;24576;1024;1024;8192;4096;10000;4096;10000;1024;1000;24576;1000;4000;4096;10000;1000;4096;10000;1000;500;1000;4000,2;2;2;2;2;2;2;2;2;2;2;2;2;2;2;2;2;2;2;2;2;2;2;2;2;2;2;2;2;2,3;4;12;5;12;14;3;3;2;5;4;4;14;12;14;12;6;2;2;2;2;14;1;3;14;12;2;4;5;2,14.50;14.84;43.24;17.97;43.24;50.12;12.06;11.71;8.58;18.92;17.12;14.84;46.42;43.24;46.42;43.24;59.48;8.94;8.58;8.94;8.58;46.42;5.43;14.50;46.42;43.24;8.94;26.47;17.66;8.58,4041.8606,965671309283319,965681726472927,10417.189608,62960,6362368,17430720,877,950375,0,c3_14q_re1,0,26,0,1,
c3_14q_re1-c3-rand30_t7-r1-1789952456,2026-09-20T18:00:56,c3,build_13b440c3_20260918192735,0.001,7de69de,batch,rand30_t7,1,ok,,30,1000;8192;10000;1024;10000;400;1024;8192;24576;1024;1024;8192;4096;10000;4096;10000;1024;1000;24576;1000;4000;4096;10000;1000;4096;10000;1000;500;1000;4000,2;2;2;2;2;2;2;2;2;2;2;2;2;2;2;2;2;2;2;2;2;2;2;2;2;2;2;2;2;2,3;4;12;5;12;14;3;3;2;5;4;4;14;12;14;12;6;2;2;2;2;14;1;3;14;12;2;4;5;2,14.50;14.84;43.24;17.97;43.24;50.12;12.06;11.71;8.58;18.92;17.12;14.84;46.42;43.24;46.42;43.24;59.48;8.94;8.58;8.94;8.58;46.42;5.43;14.50;46.42;43.24;8.94;26.47;17.66;8.58,4041.8606,965681833445427,965692235281872,10401.836445,62960,6362368,17430720,675,944336,0,c3_14q_re1,0,26,0,1,
c3_14q_re1-c3-rand30_t7-r2-1789952467,2026-09-20T18:01:07,c3,build_13b440c3_20260918192735,0.001,7de69de,batch,rand30_t7,2,ok,,30,1000;8192;10000;1024;10000;400;1024;8192;24576;1024;1024;8192;4096;10000;4096;10000;1024;1000;24576;1000;4000;4096;10000;1000;4096;10000;1000;500;1000;4000,2;2;2;2;2;2;2;2;2;2;2;2;2;2;2;2;2;2;2;2;2;2;2;2;2;2;2;2;2;2,3;4;12;5;12;14;3;3;2;5;4;4;14;12;14;12;6;2;2;2;2;14;1;3;14;12;2;4;5;2,14.50;14.84;43.24;17.97;43.24;50.12;12.06;11.71;8.58;18.92;17.12;14.84;46.42;43.24;46.42;43.24;59.48;8.94;8.58;8.94;8.58;46.42;5.43;14.50;46.42;43.24;8.94;26.47;17.66;8.58,4041.8606,965692342405103,965702769780423,10427.37532,62960,6362368,17430720,904,948678,0,c3_14q_re1,0,26,0,1,
c3_14q_re1-c3-rand30_t7-r3-1789952477,2026-09-20T18:01:17,c3,build_13b440c3_20260918192735,0.001,7de69de,batch,rand30_t7,3,ok,,30,1000;8192;10000;1024;10000;400;1024;8192;24576;1024;1024;8192;4096;10000;4096;10000;1024;1000;24576;1000;4000;4096;10000;1000;4096;10000;1000;500;1000;4000,2;2;2;2;2;2;2;2;2;2;2;2;2;2;2;2;2;2;2;2;2;2;2;2;2;2;2;2;2;2,3;4;12;5;12;14;3;3;2;5;4;4;14;12;14;12;6;2;2;2;2;14;1;3;14;12;2;4;5;2,14.50;14.84;43.24;17.97;43.24;50.12;12.06;11.71;8.58;18.92;17.12;14.84;46.42;43.24;46.42;43.24;59.48;8.94;8.58;8.94;8.58;46.42;5.43;14.50;46.42;43.24;8.94;26.47;17.66;8.58,4041.8606,965702877373199,965713285262154,10407.888955,62960,6362368,17430720,944,949954,0,c3_14q_re1,0,26,0,1,
c3_14q_re1-c3-rand30_t7-r4-1789952488,2026-09-20T18:01:28,c3,build_13b440c3_20260918192735,0.001,7de69de,batch,rand30_t7,4,ok,,30,1000;8192;10000;1024;10000;400;1024;8192;24576;1024;1024;8192;4096;10000;4096;10000;1024;1000;24576;1000;4000;4096;10000;1000;4096;10000;1000;500;1000;4000,2;2;2;2;2;2;2;2;2;2;2;2;2;2;2;2;2;2;2;2;2;2;2;2;2;2;2;2;2;2,3;4;12;5;12;14;3;3;2;5;4;4;14;12;14;12;6;2;2;2;2;14;1;3;14;12;2;4;5;2,14.50;14.84;43.24;17.97;43.24;50.12;12.06;11.71;8.58;18.92;17.12;14.84;46.42;43.24;46.42;43.24;59.48;8.94;8.58;8.94;8.58;46.42;5.43;14.50;46.42;43.24;8.94;26.47;17.66;8.58,4041.8606,965713392232974,965723808244431,10416.011457,62960,6362368,17430720,815,950132,0,c3_14q_re1,0,26,0,1,
c3_14q_re1-c3-rand30_t8-r-1-1789952499,2026-09-20T18:01:39,c3,build_13b440c3_20260918192735,0.001,7de69de,batch,rand30_t8,-1,ok,,30,400;1024;4000;24576;8192;4096;1024;1024;1000;8192;4096;500;4000;10000;4000;500;4000;1024;10000;8192;128;1024;1024;8192;400;400;4000;1024;500;400,2;2;2;2;2;2;2;2;2;2;2;2;2;2;2;2;2;2;2;2;2;2;2;2;2;2;2;2;2;2,14;4;2;2;4;14;4;5;5;3;14;4;2;12;12;4;2;4;12;4;6;5;5;4;14;14;2;4;4;14,50.12;17.12;8.58;8.58;14.84;46.42;17.12;17.97;17.66;11.71;46.42;26.47;8.58;43.24;42.85;26.47;8.58;17.12;43.24;14.84;21.10;17.97;18.92;14.84;50.12;50.12;8.58;17.12;26.47;50.12,2492.0956,965724810600706,965733160410167,8349.809461,60080,6526464,10729920,833,587007,0,c3_14q_re1,0,27,0,1,
c3_14q_re1-c3-rand30_t8-r0-1789952508,2026-09-20T18:01:48,c3,build_13b440c3_20260918192735,0.001,7de69de,batch,rand30_t8,0,ok,,30,400;1024;4000;24576;8192;4096;1024;1024;1000;8192;4096;500;4000;10000;4000;500;4000;1024;10000;8192;128;1024;1024;8192;400;400;4000;1024;500;400,2;2;2;2;2;2;2;2;2;2;2;2;2;2;2;2;2;2;2;2;2;2;2;2;2;2;2;2;2;2,14;4;2;2;4;14;4;5;5;3;14;4;2;12;12;4;2;4;12;4;6;5;5;4;14;14;2;4;4;14,50.12;17.12;8.58;8.58;14.84;46.42;17.12;17.97;17.66;11.71;46.42;26.47;8.58;43.24;42.85;26.47;8.58;17.12;43.24;14.84;21.10;17.97;18.92;14.84;50.12;50.12;8.58;17.12;26.47;50.12,2492.0956,965733655310107,965742005545352,8350.235245,60080,6526464,10729920,678,588356,0,c3_14q_re1,0,27,0,1,
c3_14q_re1-c3-rand30_t8-r1-1789952517,2026-09-20T18:01:57,c3,build_13b440c3_20260918192735,0.001,7de69de,batch,rand30_t8,1,ok,,30,400;1024;4000;24576;8192;4096;1024;1024;1000;8192;4096;500;4000;10000;4000;500;4000;1024;10000;8192;128;1024;1024;8192;400;400;4000;1024;500;400,2;2;2;2;2;2;2;2;2;2;2;2;2;2;2;2;2;2;2;2;2;2;2;2;2;2;2;2;2;2,14;4;2;2;4;14;4;5;5;3;14;4;2;12;12;4;2;4;12;4;6;5;5;4;14;14;2;4;4;14,50.12;17.12;8.58;8.58;14.84;46.42;17.12;17.97;17.66;11.71;46.42;26.47;8.58;43.24;42.85;26.47;8.58;17.12;43.24;14.84;21.10;17.97;18.92;14.84;50.12;50.12;8.58;17.12;26.47;50.12,2492.0956,965742495309280,965750860715047,8365.405767,60080,6526464,10729920,947,588637,0,c3_14q_re1,0,27,0,1,
c3_14q_re1-c3-rand30_t8-r2-1789952525,2026-09-20T18:02:05,c3,build_13b440c3_20260918192735,0.001,7de69de,batch,rand30_t8,2,ok,,30,400;1024;4000;24576;8192;4096;1024;1024;1000;8192;4096;500;4000;10000;4000;500;4000;1024;10000;8192;128;1024;1024;8192;400;400;4000;1024;500;400,2;2;2;2;2;2;2;2;2;2;2;2;2;2;2;2;2;2;2;2;2;2;2;2;2;2;2;2;2;2,14;4;2;2;4;14;4;5;5;3;14;4;2;12;12;4;2;4;12;4;6;5;5;4;14;14;2;4;4;14,50.12;17.12;8.58;8.58;14.84;46.42;17.12;17.97;17.66;11.71;46.42;26.47;8.58;43.24;42.85;26.47;8.58;17.12;43.24;14.84;21.10;17.97;18.92;14.84;50.12;50.12;8.58;17.12;26.47;50.12,2492.0956,965751350530096,965759699191826,8348.66173,60080,6526464,10729920,817,586575,0,c3_14q_re1,0,27,0,1,
c3_14q_re1-c3-rand30_t8-r3-1789952534,2026-09-20T18:02:14,c3,build_13b440c3_20260918192735,0.001,7de69de,batch,rand30_t8,3,ok,,30,400;1024;4000;24576;8192;4096;1024;1024;1000;8192;4096;500;4000;10000;4000;500;4000;1024;10000;8192;128;1024;1024;8192;400;400;4000;1024;500;400,2;2;2;2;2;2;2;2;2;2;2;2;2;2;2;2;2;2;2;2;2;2;2;2;2;2;2;2;2;2,14;4;2;2;4;14;4;5;5;3;14;4;2;12;12;4;2;4;12;4;6;5;5;4;14;14;2;4;4;14,50.12;17.12;8.58;8.58;14.84;46.42;17.12;17.97;17.66;11.71;46.42;26.47;8.58;43.24;42.85;26.47;8.58;17.12;43.24;14.84;21.10;17.97;18.92;14.84;50.12;50.12;8.58;17.12;26.47;50.12,2492.0956,965760191633911,965768529327111,8337.6932,60080,6526464,10729920,809,589702,0,c3_14q_re1,0,27,0,1,
c3_14q_re1-c3-rand30_t8-r4-1789952543,2026-09-20T18:02:23,c3,build_13b440c3_20260918192735,0.001,7de69de,batch,rand30_t8,4,ok,,30,400;1024;4000;24576;8192;4096;1024;1024;1000;8192;4096;500;4000;10000;4000;500;4000;1024;10000;8192;128;1024;1024;8192;400;400;4000;1024;500;400,2;2;2;2;2;2;2;2;2;2;2;2;2;2;2;2;2;2;2;2;2;2;2;2;2;2;2;2;2;2,14;4;2;2;4;14;4;5;5;3;14;4;2;12;12;4;2;4;12;4;6;5;5;4;14;14;2;4;4;14,50.12;17.12;8.58;8.58;14.84;46.42;17.12;17.97;17.66;11.71;46.42;26.47;8.58;43.24;42.85;26.47;8.58;17.12;43.24;14.84;21.10;17.97;18.92;14.84;50.12;50.12;8.58;17.12;26.47;50.12,2492.0956,965769022387972,965777398646028,8376.258056,60080,6526464,10729920,691,588958,0,c3_14q_re1,0,27,0,1,
c3_14q_re1-c3-rand30_t9-r-1-1789952552,2026-09-20T18:02:32,c3,build_13b440c3_20260918192735,0.001,7de69de,batch,rand30_t9,-1,ok,,30,1000;128;1000;1024;1024;400;1024;32;128;1000;1024;4000;400;8192;4000;1000;32;500;1024;24576;4000;1000;1000;10000;8192;4000;1000;1024;24576;1024,2;2;2;2;2;2;2;2;2;2;2;2;2;2;2;2;2;2;2;2;2;2;2;2;2;2;2;2;2;2,5;6;5;4;3;14;5;8;6;5;3;12;14;3;12;3;8;4;5;2;12;2;3;12;4;12;5;3;2;6,17.66;21.10;17.66;17.12;12.06;50.12;18.92;27.36;21.10;17.66;12.06;42.85;50.12;11.71;42.85;14.50;27.36;26.47;17.97;8.58;42.85;8.94;14.50;43.24;14.84;42.85;17.66;12.06;8.58;59.48,2079.8393,965778138646749,965786954287569,8815.64082,57728,6167552,8520704,670,467335,0,c3_14q_re1,0,30,0,0,
c3_14q_re1-c3-rand30_t9-r0-1789952561,2026-09-20T18:02:41,c3,build_13b440c3_20260918192735,0.001,7de69de,batch,rand30_t9,0,ok,,30,1000;128;1000;1024;1024;400;1024;32;128;1000;1024;4000;400;8192;4000;1000;32;500;1024;24576;4000;1000;1000;10000;8192;4000;1000;1024;24576;1024,2;2;2;2;2;2;2;2;2;2;2;2;2;2;2;2;2;2;2;2;2;2;2;2;2;2;2;2;2;2,5;6;5;4;3;14;5;8;6;5;3;12;14;3;12;3;8;4;5;2;12;2;3;12;4;12;5;3;2;6,17.66;21.10;17.66;17.12;12.06;50.12;18.92;27.36;21.10;17.66;12.06;42.85;50.12;11.71;42.85;14.50;27.36;26.47;17.97;8.58;42.85;8.94;14.50;43.24;14.84;42.85;17.66;12.06;8.58;59.48,2079.8393,965787113161548,965795885810479,8772.648931,57728,6167552,8520704,667,462503,0,c3_14q_re1,0,30,0,0,
c3_14q_re1-c3-rand30_t9-r1-1789952570,2026-09-20T18:02:50,c3,build_13b440c3_20260918192735,0.001,7de69de,batch,rand30_t9,1,ok,,30,1000;128;1000;1024;1024;400;1024;32;128;1000;1024;4000;400;8192;4000;1000;32;500;1024;24576;4000;1000;1000;10000;8192;4000;1000;1024;24576;1024,2;2;2;2;2;2;2;2;2;2;2;2;2;2;2;2;2;2;2;2;2;2;2;2;2;2;2;2;2;2,5;6;5;4;3;14;5;8;6;5;3;12;14;3;12;3;8;4;5;2;12;2;3;12;4;12;5;3;2;6,17.66;21.10;17.66;17.12;12.06;50.12;18.92;27.36;21.10;17.66;12.06;42.85;50.12;11.71;42.85;14.50;27.36;26.47;17.97;8.58;42.85;8.94;14.50;43.24;14.84;42.85;17.66;12.06;8.58;59.48,2079.8393,965796045533756,965804824436839,8778.903083,57728,6167552,8520704,711,469360,0,c3_14q_re1,0,30,0,0,
c3_14q_re1-c3-rand30_t9-r2-1789952579,2026-09-20T18:02:59,c3,build_13b440c3_20260918192735,0.001,7de69de,batch,rand30_t9,2,ok,,30,1000;128;1000;1024;1024;400;1024;32;128;1000;1024;4000;400;8192;4000;1000;32;500;1024;24576;4000;1000;1000;10000;8192;4000;1000;1024;24576;1024,2;2;2;2;2;2;2;2;2;2;2;2;2;2;2;2;2;2;2;2;2;2;2;2;2;2;2;2;2;2,5;6;5;4;3;14;5;8;6;5;3;12;14;3;12;3;8;4;5;2;12;2;3;12;4;12;5;3;2;6,17.66;21.10;17.66;17.12;12.06;50.12;18.92;27.36;21.10;17.66;12.06;42.85;50.12;11.71;42.85;14.50;27.36;26.47;17.97;8.58;42.85;8.94;14.50;43.24;14.84;42.85;17.66;12.06;8.58;59.48,2079.8393,965804984706732,965813771161800,8786.455068,57728,6167552,8520704,726,467889,0,c3_14q_re1,0,30,0,0,
c3_14q_re1-c3-rand30_t9-r3-1789952588,2026-09-20T18:03:08,c3,build_13b440c3_20260918192735,0.001,7de69de,batch,rand30_t9,3,ok,,30,1000;128;1000;1024;1024;400;1024;32;128;1000;1024;4000;400;8192;4000;1000;32;500;1024;24576;4000;1000;1000;10000;8192;4000;1000;1024;24576;1024,2;2;2;2;2;2;2;2;2;2;2;2;2;2;2;2;2;2;2;2;2;2;2;2;2;2;2;2;2;2,5;6;5;4;3;14;5;8;6;5;3;12;14;3;12;3;8;4;5;2;12;2;3;12;4;12;5;3;2;6,17.66;21.10;17.66;17.12;12.06;50.12;18.92;27.36;21.10;17.66;12.06;42.85;50.12;11.71;42.85;14.50;27.36;26.47;17.97;8.58;42.85;8.94;14.50;43.24;14.84;42.85;17.66;12.06;8.58;59.48,2079.8393,965813950640145,965822754575568,8803.935423,57728,6167552,8520704,870,469990,0,c3_14q_re1,0,30,0,0,
c3_14q_re1-c3-rand30_t9-r4-1789952597,2026-09-20T18:03:17,c3,build_13b440c3_20260918192735,0.001,7de69de,batch,rand30_t9,4,ok,,30,1000;128;1000;1024;1024;400;1024;32;128;1000;1024;4000;400;8192;4000;1000;32;500;1024;24576;4000;1000;1000;10000;8192;4000;1000;1024;24576;1024,2;2;2;2;2;2;2;2;2;2;2;2;2;2;2;2;2;2;2;2;2;2;2;2;2;2;2;2;2;2,5;6;5;4;3;14;5;8;6;5;3;12;14;3;12;3;8;4;5;2;12;2;3;12;4;12;5;3;2;6,17.66;21.10;17.66;17.12;12.06;50.12;18.92;27.36;21.10;17.66;12.06;42.85;50.12;11.71;42.85;14.50;27.36;26.47;17.97;8.58;42.85;8.94;14.50;43.24;14.84;42.85;17.66;12.06;8.58;59.48,2079.8393,965822933736720,965831692824875,8759.088155,57728,6167552,8520704,720,465761,0,c3_14q_re1,0,30,0,0,
std_14q_re1-std-ghz8_x30-r-1-1789952645,2026-09-20T18:04:05,std,build_0071783e_20260829023649,0.002,7de69de,batch,ghz8_x30,-1,ok,,30,32;32;32;32;32;32;32;32;32;32;32;32;32;32;32;32;32;32;32;32;32;32;32;32;32;32;32;32;32;32,2;2;2;2;2;2;2;2;2;2;2;2;2;2;2;2;2;2;2;2;2;2;2;2;2;2;2;2;2;2,8;8;8;8;8;8;8;8;8;8;8;8;8;8;8;8;8;8;8;8;8;8;8;8;8;8;8;8;8;8,27.36;27.36;27.36;27.36;27.36;27.36;27.36;27.36;27.36;27.36;27.36;27.36;27.36;27.36;27.36;27.36;27.36;27.36;27.36;27.36;27.36;27.36;27.36;27.36;27.36;27.36;27.36;27.36;27.36;27.36,26.2694,965870495695984,965870604608283,108.912299,49920,56640,122880,0,0,,std_14q_re1,0,,,,
std_14q_re1-std-ghz8_x30-r0-1789952645,2026-09-20T18:04:05,std,build_0071783e_20260829023649,0.002,7de69de,batch,ghz8_x30,0,ok,,30,32;32;32;32;32;32;32;32;32;32;32;32;32;32;32;32;32;32;32;32;32;32;32;32;32;32;32;32;32;32,2;2;2;2;2;2;2;2;2;2;2;2;2;2;2;2;2;2;2;2;2;2;2;2;2;2;2;2;2;2,8;8;8;8;8;8;8;8;8;8;8;8;8;8;8;8;8;8;8;8;8;8;8;8;8;8;8;8;8;8,27.36;27.36;27.36;27.36;27.36;27.36;27.36;27.36;27.36;27.36;27.36;27.36;27.36;27.36;27.36;27.36;27.36;27.36;27.36;27.36;27.36;27.36;27.36;27.36;27.36;27.36;27.36;27.36;27.36;27.36,26.2694,965870882693414,965870991609904,108.91649,49920,56640,122880,0,0,,std_14q_re1,0,,,,
std_14q_re1-std-ghz8_x30-r1-1789952645,2026-09-20T18:04:05,std,build_0071783e_20260829023649,0.002,7de69de,batch,ghz8_x30,1,ok,,30,32;32;32;32;32;32;32;32;32;32;32;32;32;32;32;32;32;32;32;32;32;32;32;32;32;32;32;32;32;32,2;2;2;2;2;2;2;2;2;2;2;2;2;2;2;2;2;2;2;2;2;2;2;2;2;2;2;2;2;2,8;8;8;8;8;8;8;8;8;8;8;8;8;8;8;8;8;8;8;8;8;8;8;8;8;8;8;8;8;8,27.36;27.36;27.36;27.36;27.36;27.36;27.36;27.36;27.36;27.36;27.36;27.36;27.36;27.36;27.36;27.36;27.36;27.36;27.36;27.36;27.36;27.36;27.36;27.36;27.36;27.36;27.36;27.36;27.36;27.36,26.2694,965871271792966,965871380723845,108.930879,49920,56640,122880,0,0,,std_14q_re1,0,,,,
std_14q_re1-std-ghz8_x30-r2-1789952646,2026-09-20T18:04:06,std,build_0071783e_20260829023649,0.002,7de69de,batch,ghz8_x30,2,ok,,30,32;32;32;32;32;32;32;32;32;32;32;32;32;32;32;32;32;32;32;32;32;32;32;32;32;32;32;32;32;32,2;2;2;2;2;2;2;2;2;2;2;2;2;2;2;2;2;2;2;2;2;2;2;2;2;2;2;2;2;2,8;8;8;8;8;8;8;8;8;8;8;8;8;8;8;8;8;8;8;8;8;8;8;8;8;8;8;8;8;8,27.36;27.36;27.36;27.36;27.36;27.36;27.36;27.36;27.36;27.36;27.36;27.36;27.36;27.36;27.36;27.36;27.36;27.36;27.36;27.36;27.36;27.36;27.36;27.36;27.36;27.36;27.36;27.36;27.36;27.36,26.2694,965871701505784,965871810665836,109.160052,49920,56640,122880,0,0,,std_14q_re1,0,,,,
std_14q_re1-std-ghz8_x30-r3-1789952646,2026-09-20T18:04:06,std,build_0071783e_20260829023649,0.002,7de69de,batch,ghz8_x30,3,ok,,30,32;32;32;32;32;32;32;32;32;32;32;32;32;32;32;32;32;32;32;32;32;32;32;32;32;32;32;32;32;32,2;2;2;2;2;2;2;2;2;2;2;2;2;2;2;2;2;2;2;2;2;2;2;2;2;2;2;2;2;2,8;8;8;8;8;8;8;8;8;8;8;8;8;8;8;8;8;8;8;8;8;8;8;8;8;8;8;8;8;8,27.36;27.36;27.36;27.36;27.36;27.36;27.36;27.36;27.36;27.36;27.36;27.36;27.36;27.36;27.36;27.36;27.36;27.36;27.36;27.36;27.36;27.36;27.36;27.36;27.36;27.36;27.36;27.36;27.36;27.36,26.2694,965872090100420,965872199012270,108.91185,49920,56640,122880,0,0,,std_14q_re1,0,,,,
std_14q_re1-std-ghz8_x30-r4-1789952647,2026-09-20T18:04:07,std,build_0071783e_20260829023649,0.002,7de69de,batch,ghz8_x30,4,ok,,30,32;32;32;32;32;32;32;32;32;32;32;32;32;32;32;32;32;32;32;32;32;32;32;32;32;32;32;32;32;32,2;2;2;2;2;2;2;2;2;2;2;2;2;2;2;2;2;2;2;2;2;2;2;2;2;2;2;2;2;2,8;8;8;8;8;8;8;8;8;8;8;8;8;8;8;8;8;8;8;8;8;8;8;8;8;8;8;8;8;8,27.36;27.36;27.36;27.36;27.36;27.36;27.36;27.36;27.36;27.36;27.36;27.36;27.36;27.36;27.36;27.36;27.36;27.36;27.36;27.36;27.36;27.36;27.36;27.36;27.36;27.36;27.36;27.36;27.36;27.36,26.2694,965872477153111,965872586051721,108.89861,49920,56640,122880,0,0,,std_14q_re1,0,,,,
std_14q_re1-std-qaoa12_x30-r-1-1789952648,2026-09-20T18:04:08,std,build_0071783e_20260829023649,0.002,7de69de,batch,qaoa12_x30,-1,ok,,30,10000;10000;10000;10000;10000;10000;10000;10000;10000;10000;10000;10000;10000;10000;10000;10000;10000;10000;10000;10000;10000;10000;10000;10000;10000;10000;10000;10000;10000;10000,2;2;2;2;2;2;2;2;2;2;2;2;2;2;2;2;2;2;2;2;2;2;2;2;2;2;2;2;2;2,12;12;12;12;12;12;12;12;12;12;12;12;12;12;12;12;12;12;12;12;12;12;12;12;12;12;12;12;12;12,43.24;43.24;43.24;43.24;43.24;43.24;43.24;43.24;43.24;43.24;43.24;43.24;43.24;43.24;43.24;43.24;43.24;43.24;43.24;43.24;43.24;43.24;43.24;43.24;43.24;43.24;43.24;43.24;43.24;43.24,12972.0000,965873486183113,965891281132981,17794.949868,101760,108480,57600000,0,0,,std_14q_re1,0,,,,
std_14q_re1-std-qaoa12_x30-r0-1789952666,2026-09-20T18:04:26,std,build_0071783e_20260829023649,0.002,7de69de,batch,qaoa12_x30,0,ok,,30,10000;10000;10000;10000;10000;10000;10000;10000;10000;10000;10000;10000;10000;10000;10000;10000;10000;10000;10000;10000;10000;10000;10000;10000;10000;10000;10000;10000;10000;10000,2;2;2;2;2;2;2;2;2;2;2;2;2;2;2;2;2;2;2;2;2;2;2;2;2;2;2;2;2;2,12;12;12;12;12;12;12;12;12;12;12;12;12;12;12;12;12;12;12;12;12;12;12;12;12;12;12;12;12;12,43.24;43.24;43.24;43.24;43.24;43.24;43.24;43.24;43.24;43.24;43.24;43.24;43.24;43.24;43.24;43.24;43.24;43.24;43.24;43.24;43.24;43.24;43.24;43.24;43.24;43.24;43.24;43.24;43.24;43.24,12972.0000,965892192770818,965909985443873,17792.673055,101760,108480,57600000,0,0,,std_14q_re1,0,,,,
std_14q_re1-std-qaoa12_x30-r1-1789952685,2026-09-20T18:04:45,std,build_0071783e_20260829023649,0.002,7de69de,batch,qaoa12_x30,1,ok,,30,10000;10000;10000;10000;10000;10000;10000;10000;10000;10000;10000;10000;10000;10000;10000;10000;10000;10000;10000;10000;10000;10000;10000;10000;10000;10000;10000;10000;10000;10000,2;2;2;2;2;2;2;2;2;2;2;2;2;2;2;2;2;2;2;2;2;2;2;2;2;2;2;2;2;2,12;12;12;12;12;12;12;12;12;12;12;12;12;12;12;12;12;12;12;12;12;12;12;12;12;12;12;12;12;12,43.24;43.24;43.24;43.24;43.24;43.24;43.24;43.24;43.24;43.24;43.24;43.24;43.24;43.24;43.24;43.24;43.24;43.24;43.24;43.24;43.24;43.24;43.24;43.24;43.24;43.24;43.24;43.24;43.24;43.24,12972.0000,965910897822248,965928691641844,17793.819596,101760,108480,57600000,0,0,,std_14q_re1,0,,,,
std_14q_re1-std-qaoa12_x30-r2-1789952704,2026-09-20T18:05:04,std,build_0071783e_20260829023649,0.002,7de69de,batch,qaoa12_x30,2,ok,,30,10000;10000;10000;10000;10000;10000;10000;10000;10000;10000;10000;10000;10000;10000;10000;10000;10000;10000;10000;10000;10000;10000;10000;10000;10000;10000;10000;10000;10000;10000,2;2;2;2;2;2;2;2;2;2;2;2;2;2;2;2;2;2;2;2;2;2;2;2;2;2;2;2;2;2,12;12;12;12;12;12;12;12;12;12;12;12;12;12;12;12;12;12;12;12;12;12;12;12;12;12;12;12;12;12,43.24;43.24;43.24;43.24;43.24;43.24;43.24;43.24;43.24;43.24;43.24;43.24;43.24;43.24;43.24;43.24;43.24;43.24;43.24;43.24;43.24;43.24;43.24;43.24;43.24;43.24;43.24;43.24;43.24;43.24,12972.0000,965929604984349,965947392943996,17787.959647,101760,108480,57600000,0,0,,std_14q_re1,0,,,,
std_14q_re1-std-qaoa12_x30-r3-1789952722,2026-09-20T18:05:22,std,build_0071783e_20260829023649,0.002,7de69de,batch,qaoa12_x30,3,ok,,30,10000;10000;10000;10000;10000;10000;10000;10000;10000;10000;10000;10000;10000;10000;10000;10000;10000;10000;10000;10000;10000;10000;10000;10000;10000;10000;10000;10000;10000;10000,2;2;2;2;2;2;2;2;2;2;2;2;2;2;2;2;2;2;2;2;2;2;2;2;2;2;2;2;2;2,12;12;12;12;12;12;12;12;12;12;12;12;12;12;12;12;12;12;12;12;12;12;12;12;12;12;12;12;12;12,43.24;43.24;43.24;43.24;43.24;43.24;43.24;43.24;43.24;43.24;43.24;43.24;43.24;43.24;43.24;43.24;43.24;43.24;43.24;43.24;43.24;43.24;43.24;43.24;43.24;43.24;43.24;43.24;43.24;43.24,12972.0000,965948305786266,965966094068577,17788.282311,101760,108480,57600000,0,0,,std_14q_re1,0,,,,
std_14q_re1-std-qaoa12_x30-r4-1789952741,2026-09-20T18:05:41,std,build_0071783e_20260829023649,0.002,7de69de,batch,qaoa12_x30,4,ok,,30,10000;10000;10000;10000;10000;10000;10000;10000;10000;10000;10000;10000;10000;10000;10000;10000;10000;10000;10000;10000;10000;10000;10000;10000;10000;10000;10000;10000;10000;10000,2;2;2;2;2;2;2;2;2;2;2;2;2;2;2;2;2;2;2;2;2;2;2;2;2;2;2;2;2;2,12;12;12;12;12;12;12;12;12;12;12;12;12;12;12;12;12;12;12;12;12;12;12;12;12;12;12;12;12;12,43.24;43.24;43.24;43.24;43.24;43.24;43.24;43.24;43.24;43.24;43.24;43.24;43.24;43.24;43.24;43.24;43.24;43.24;43.24;43.24;43.24;43.24;43.24;43.24;43.24;43.24;43.24;43.24;43.24;43.24,12972.0000,965967004497532,965984792787023,17788.289491,101760,108480,57600000,0,0,,std_14q_re1,0,,,,
std_14q_re1-std-rand10_t0-r-1-1789952760,2026-09-20T18:06:00,std,build_0071783e_20260829023649,0.002,7de69de,batch,rand10_t0,-1,ok,,10,500;24576;1024;1000;1000;4096;4000;8192;128;24576,2;2;2;2;2;2;2;2;2;2,4;2;3;3;5;14;12;3;6;2,26.47;8.58;12.06;14.50;17.66;46.42;42.85;11.71;21.10;8.58,939.8526,965985906577393,965987528965319,1622.387926,15376,576560,3840832,0,0,,std_14q_re1,0,,,,
std_14q_re1-std-rand10_t0-r0-1789952762,2026-09-20T18:06:02,std,build_0071783e_20260829023649,0.002,7de69de,batch,rand10_t0,0,ok,,10,500;24576;1024;1000;1000;4096;4000;8192;128;24576,2;2;2;2;2;2;2;2;2;2,4;2;3;3;5;14;12;3;6;2,26.47;8.58;12.06;14.50;17.66;46.42;42.85;11.71;21.10;8.58,939.8526,965987708361243,965989330730159,1622.368916,15376,576560,3840832,0,0,,std_14q_re1,0,,,,
std_14q_re1-std-rand10_t0-r1-1789952764,2026-09-20T18:06:04,std,build_0071783e_20260829023649,0.002,7de69de,batch,rand10_t0,1,ok,,10,500;24576;1024;1000;1000;4096;4000;8192;128;24576,2;2;2;2;2;2;2;2;2;2,4;2;3;3;5;14;12;3;6;2,26.47;8.58;12.06;14.50;17.66;46.42;42.85;11.71;21.10;8.58,939.8526,965989512870801,965991135181967,1622.311166,15376,576560,3840832,0,0,,std_14q_re1,0,,,,
std_14q_re1-std-rand10_t0-r2-1789952766,2026-09-20T18:06:06,std,build_0071783e_20260829023649,0.002,7de69de,batch,rand10_t0,2,ok,,10,500;24576;1024;1000;1000;4096;4000;8192;128;24576,2;2;2;2;2;2;2;2;2;2,4;2;3;3;5;14;12;3;6;2,26.47;8.58;12.06;14.50;17.66;46.42;42.85;11.71;21.10;8.58,939.8526,965991318538911,965992940930057,1622.391146,15376,576560,3840832,0,0,,std_14q_re1,0,,,,
std_14q_re1-std-rand10_t0-r3-1789952767,2026-09-20T18:06:07,std,build_0071783e_20260829023649,0.002,7de69de,batch,rand10_t0,3,ok,,10,500;24576;1024;1000;1000;4096;4000;8192;128;24576,2;2;2;2;2;2;2;2;2;2,4;2;3;3;5;14;12;3;6;2,26.47;8.58;12.06;14.50;17.66;46.42;42.85;11.71;21.10;8.58,939.8526,965993121272461,965994743652957,1622.380496,15376,576560,3840832,0,0,,std_14q_re1,0,,,,
std_14q_re1-std-rand10_t0-r4-1789952769,2026-09-20T18:06:09,std,build_0071783e_20260829023649,0.002,7de69de,batch,rand10_t0,4,ok,,10,500;24576;1024;1000;1000;4096;4000;8192;128;24576,2;2;2;2;2;2;2;2;2;2,4;2;3;3;5;14;12;3;6;2,26.47;8.58;12.06;14.50;17.66;46.42;42.85;11.71;21.10;8.58,939.8526,965994921900100,965996544252996,1622.352896,15376,576560,3840832,0,0,,std_14q_re1,0,,,,
std_14q_re1-std-rand10_t1-r-1-1789952772,2026-09-20T18:06:12,std,build_0071783e_20260829023649,0.002,7de69de,batch,rand10_t1,-1,ok,,10,1000;1024;24576;1000;500;1024;1000;10000;400;24576,2;2;2;2;2;2;2;2;2;2,3;5;2;2;4;5;3;1;14;2,14.50;18.92;8.58;8.94;26.47;18.92;14.50;5.43;50.12;8.58,586.1906,965997187283337,965998323113297,1135.82996,13056,441392,2129920,0,0,,std_14q_re1,0,,,,
std_14q_re1-std-rand10_t1-r0-1789952773,2026-09-20T18:06:13,std,build_0071783e_20260829023649,0.002,7de69de,batch,rand10_t1,0,ok,,10,1000;1024;24576;1000;500;1024;1000;10000;400;24576,2;2;2;2;2;2;2;2;2;2,3;5;2;2;4;5;3;1;14;2,14.50;18.92;8.58;8.94;26.47;18.92;14.50;5.43;50.12;8.58,586.1906,965998452609822,965999588267731,1135.657909,13056,441392,2129920,0,0,,std_14q_re1,0,,,,
std_14q_re1-std-rand10_t1-r1-1789952774,2026-09-20T18:06:14,std,build_0071783e_20260829023649,0.002,7de69de,batch,rand10_t1,1,ok,,10,1000;1024;24576;1000;500;1024;1000;10000;400;24576,2;2;2;2;2;2;2;2;2;2,3;5;2;2;4;5;3;1;14;2,14.50;18.92;8.58;8.94;26.47;18.92;14.50;5.43;50.12;8.58,586.1906,965999715979928,966000851704127,1135.724199,13056,441392,2129920,0,0,,std_14q_re1,0,,,,
std_14q_re1-std-rand10_t1-r2-1789952775,2026-09-20T18:06:15,std,build_0071783e_20260829023649,0.002,7de69de,batch,rand10_t1,2,ok,,10,1000;1024;24576;1000;500;1024;1000;10000;400;24576,2;2;2;2;2;2;2;2;2;2,3;5;2;2;4;5;3;1;14;2,14.50;18.92;8.58;8.94;26.47;18.92;14.50;5.43;50.12;8.58,586.1906,966000980714707,966002117213314,1136.498607,13056,441392,2129920,0,0,,std_14q_re1,0,,,,
std_14q_re1-std-rand10_t1-r3-1789952777,2026-09-20T18:06:17,std,build_0071783e_20260829023649,0.002,7de69de,batch,rand10_t1,3,ok,,10,1000;1024;24576;1000;500;1024;1000;10000;400;24576,2;2;2;2;2;2;2;2;2;2,3;5;2;2;4;5;3;1;14;2,14.50;18.92;8.58;8.94;26.47;18.92;14.50;5.43;50.12;8.58,586.1906,966002246779290,966003382716911,1135.937621,13056,441392,2129920,0,0,,std_14q_re1,0,,,,
std_14q_re1-std-rand10_t1-r4-1789952778,2026-09-20T18:06:18,std,build_0071783e_20260829023649,0.002,7de69de,batch,rand10_t1,4,ok,,10,1000;1024;24576;1000;500;1024;1000;10000;400;24576,2;2;2;2;2;2;2;2;2;2,3;5;2;2;4;5;3;1;14;2,14.50;18.92;8.58;8.94;26.47;18.92;14.50;5.43;50.12;8.58,586.1906,966003512327418,966004648032346,1135.704928,13056,441392,2129920,0,0,,std_14q_re1,0,,,,
std_14q_re1-std-rand10_t2-r-1-1789952780,2026-09-20T18:06:20,std,build_0071783e_20260829023649,0.002,7de69de,batch,rand10_t2,-1,ok,,10,400;4096;8192;1000;1024;8192;8192;8192;400;500,2;2;2;2;2;2;2;2;2;2,14;14;4;2;4;4;3;3;14;4,50.12;46.42;14.84;8.94;17.12;14.84;11.71;11.71;50.12;26.47,705.0523,966005631844826,966006813910559,1182.065733,20128,724864,3061248,0,0,,std_14q_re1,0,,,,
std_14q_re1-std-rand10_t2-r0-1789952781,2026-09-20T18:06:21,std,build_0071783e_20260829023649,0.002,7de69de,batch,rand10_t2,0,ok,,10,400;4096;8192;1000;1024;8192;8192;8192;400;500,2;2;2;2;2;2;2;2;2;2,14;14;4;2;4;4;3;3;14;4,50.12;46.42;14.84;8.94;17.12;14.84;11.71;11.71;50.12;26.47,705.0523,966007314899509,966008496889361,1181.989852,20128,724864,3061248,0,0,,std_14q_re1,0,,,,
std_14q_re1-std-rand10_t2-r1-1789952783,2026-09-20T18:06:23,std,build_0071783e_20260829023649,0.002,7de69de,batch,rand10_t2,1,ok,,10,400;4096;8192;1000;1024;8192;8192;8192;400;500,2;2;2;2;2;2;2;2;2;2,14;14;4;2;4;4;3;3;14;4,50.12;46.42;14.84;8.94;17.12;14.84;11.71;11.71;50.12;26.47,705.0523,966009000118544,966010182219667,1182.101123,20128,724864,3061248,0,0,,std_14q_re1,0,,,,
std_14q_re1-std-rand10_t2-r2-1789952785,2026-09-20T18:06:25,std,build_0071783e_20260829023649,0.002,7de69de,batch,rand10_t2,2,ok,,10,400;4096;8192;1000;1024;8192;8192;8192;400;500,2;2;2;2;2;2;2;2;2;2,14;14;4;2;4;4;3;3;14;4,50.12;46.42;14.84;8.94;17.12;14.84;11.71;11.71;50.12;26.47,705.0523,966010682973945,966011865398911,1182.424966,20128,724864,3061248,0,0,,std_14q_re1,0,,,,
std_14q_re1-std-rand10_t2-r3-1789952786,2026-09-20T18:06:26,std,build_0071783e_20260829023649,0.002,7de69de,batch,rand10_t2,3,ok,,10,400;4096;8192;1000;1024;8192;8192;8192;400;500,2;2;2;2;2;2;2;2;2;2,14;14;4;2;4;4;3;3;14;4,50.12;46.42;14.84;8.94;17.12;14.84;11.71;11.71;50.12;26.47,705.0523,966012367604484,966013550155931,1182.551447,20128,724864,3061248,0,0,,std_14q_re1,0,,,,
std_14q_re1-std-rand10_t2-r4-1789952788,2026-09-20T18:06:28,std,build_0071783e_20260829023649,0.002,7de69de,batch,rand10_t2,4,ok,,10,400;4096;8192;1000;1024;8192;8192;8192;400;500,2;2;2;2;2;2;2;2;2;2,14;14;4;2;4;4;3;3;14;4,50.12;46.42;14.84;8.94;17.12;14.84;11.71;11.71;50.12;26.47,705.0523,966014053737028,966015235907992,1182.170964,20128,724864,3061248,0,0,,std_14q_re1,0,,,,
std_14q_re1-std-rand10_t3-r-1-1789952790,2026-09-20T18:06:30,std,build_0071783e_20260829023649,0.002,7de69de,batch,rand10_t3,-1,ok,,10,400;1000;1024;1024;1024;10000;400;500;4000;10000,2;2;2;2;2;2;2;2;2;2,14;5;5;4;5;1;14;4;12;1,50.12;17.66;18.92;17.12;17.97;5.43;50.12;26.47;42.85;5.43,406.3136,966016232072875,966016960738353,728.665478,19696,702496,1576384,0,0,,std_14q_re1,0,,,,
std_14q_re1-std-rand10_t3-r0-1789952791,2026-09-20T18:06:31,std,build_0071783e_20260829023649,0.002,7de69de,batch,rand10_t3,0,ok,,10,400;1000;1024;1024;1024;10000;400;500;4000;10000,2;2;2;2;2;2;2;2;2;2,14;5;5;4;5;1;14;4;12;1,50.12;17.66;18.92;17.12;17.97;5.43;50.12;26.47;42.85;5.43,406.3136,966017451019276,966018178808135,727.788859,19696,702496,1576384,0,0,,std_14q_re1,0,,,,
std_14q_re1-std-rand10_t3-r1-1789952793,2026-09-20T18:06:33,std,build_0071783e_20260829023649,0.002,7de69de,batch,rand10_t3,1,ok,,10,400;1000;1024;1024;1024;10000;400;500;4000;10000,2;2;2;2;2;2;2;2;2;2,14;5;5;4;5;1;14;4;12;1,50.12;17.66;18.92;17.12;17.97;5.43;50.12;26.47;42.85;5.43,406.3136,966018669164590,966019396740886,727.576296,19696,702496,1576384,0,0,,std_14q_re1,0,,,,
std_14q_re1-std-rand10_t3-r2-1789952794,2026-09-20T18:06:34,std,build_0071783e_20260829023649,0.002,7de69de,batch,rand10_t3,2,ok,,10,400;1000;1024;1024;1024;10000;400;500;4000;10000,2;2;2;2;2;2;2;2;2;2,14;5;5;4;5;1;14;4;12;1,50.12;17.66;18.92;17.12;17.97;5.43;50.12;26.47;42.85;5.43,406.3136,966019886316333,966020613875920,727.559587,19696,702496,1576384,0,0,,std_14q_re1,0,,,,
std_14q_re1-std-rand10_t3-r3-1789952795,2026-09-20T18:06:35,std,build_0071783e_20260829023649,0.002,7de69de,batch,rand10_t3,3,ok,,10,400;1000;1024;1024;1024;10000;400;500;4000;10000,2;2;2;2;2;2;2;2;2;2,14;5;5;4;5;1;14;4;12;1,50.12;17.66;18.92;17.12;17.97;5.43;50.12;26.47;42.85;5.43,406.3136,966021101694869,966021829321196,727.626327,19696,702496,1576384,0,0,,std_14q_re1,0,,,,
std_14q_re1-std-rand10_t3-r4-1789952796,2026-09-20T18:06:36,std,build_0071783e_20260829023649,0.002,7de69de,batch,rand10_t3,4,ok,,10,400;1000;1024;1024;1024;10000;400;500;4000;10000,2;2;2;2;2;2;2;2;2;2,14;5;5;4;5;1;14;4;12;1,50.12;17.66;18.92;17.12;17.97;5.43;50.12;26.47;42.85;5.43,406.3136,966022320792952,966023049756782,728.96383,19696,702496,1576384,0,0,,std_14q_re1,0,,,,
std_14q_re1-std-rand10_t4-r-1-1789952798,2026-09-20T18:06:38,std,build_0071783e_20260829023649,0.002,7de69de,batch,rand10_t4,-1,ok,,10,1000;24576;1000;1024;8192;1000;4000;1024;500;1024,2;2;2;2;2;2;2;2;2;2,5;2;3;3;3;3;2;3;4;5,17.66;8.58;14.50;12.06;11.71;14.50;8.58;12.06;26.47;17.97,444.2518,966023682391540,966024504995807,822.604267,9648,344096,1655488,0,0,,std_14q_re1,0,,,,
std_14q_re1-std-rand10_t4-r0-1789952799,2026-09-20T18:06:39,std,build_0071783e_20260829023649,0.002,7de69de,batch,rand10_t4,0,ok,,10,1000;24576;1000;1024;8192;1000;4000;1024;500;1024,2;2;2;2;2;2;2;2;2;2,5;2;3;3;3;3;2;3;4;5,17.66;8.58;14.50;12.06;11.71;14.50;8.58;12.06;26.47;17.97,444.2518,966024679992127,966025502516844,822.524717,9648,344096,1655488,0,0,,std_14q_re1,0,,,,
std_14q_re1-std-rand10_t4-r1-1789952800,2026-09-20T18:06:40,std,build_0071783e_20260829023649,0.002,7de69de,batch,rand10_t4,1,ok,,10,1000;24576;1000;1024;8192;1000;4000;1024;500;1024,2;2;2;2;2;2;2;2;2;2,5;2;3;3;3;3;2;3;4;5,17.66;8.58;14.50;12.06;11.71;14.50;8.58;12.06;26.47;17.97,444.2518,966025671507754,966026494336433,822.828679,9648,344096,1655488,0,0,,std_14q_re1,0,,,,
std_14q_re1-std-rand10_t4-r2-1789952801,2026-09-20T18:06:41,std,build_0071783e_20260829023649,0.002,7de69de,batch,rand10_t4,2,ok,,10,1000;24576;1000;1024;8192;1000;4000;1024;500;1024,2;2;2;2;2;2;2;2;2;2,5;2;3;3;3;3;2;3;4;5,17.66;8.58;14.50;12.06;11.71;14.50;8.58;12.06;26.47;17.97,444.2518,966026670751178,966027493327115,822.575937,9648,344096,1655488,0,0,,std_14q_re1,0,,,,
std_14q_re1-std-rand10_t4-r3-1789952802,2026-09-20T18:06:42,std,build_0071783e_20260829023649,0.002,7de69de,batch,rand10_t4,3,ok,,10,1000;24576;1000;1024;8192;1000;4000;1024;500;1024,2;2;2;2;2;2;2;2;2;2,5;2;3;3;3;3;2;3;4;5,17.66;8.58;14.50;12.06;11.71;14.50;8.58;12.06;26.47;17.97,444.2518,966027668027142,966028490628159,822.601017,9648,344096,1655488,0,0,,std_14q_re1,0,,,,
std_14q_re1-std-rand10_t4-r4-1789952803,2026-09-20T18:06:43,std,build_0071783e_20260829023649,0.002,7de69de,batch,rand10_t4,4,ok,,10,1000;24576;1000;1024;8192;1000;4000;1024;500;1024,2;2;2;2;2;2;2;2;2;2,5;2;3;3;3;3;2;3;4;5,17.66;8.58;14.50;12.06;11.71;14.50;8.58;12.06;26.47;17.97,444.2518,966028665859772,966029488497170,822.637398,9648,344096,1655488,0,0,,std_14q_re1,0,,,,
std_14q_re1-std-rand10_t5-r-1-1789952804,2026-09-20T18:06:44,std,build_0071783e_20260829023649,0.002,7de69de,batch,rand10_t5,-1,ok,,10,1024;1000;1024;1024;500;500;1000;1000;1000;1024,2;2;2;2;2;2;2;2;2;2,5;3;3;6;4;4;2;5;2;5,17.97;14.50;12.06;59.48;26.47;26.47;8.94;17.66;8.94;17.97,186.5717,966030177961635,966030490653693,312.692058,21760,422544,535104,0,0,,std_14q_re1,0,,,,
std_14q_re1-std-rand10_t5-r0-1789952805,2026-09-20T18:06:45,std,build_0071783e_20260829023649,0.002,7de69de,batch,rand10_t5,0,ok,,10,1024;1000;1024;1024;500;500;1000;1000;1000;1024,2;2;2;2;2;2;2;2;2;2,5;3;3;6;4;4;2;5;2;5,17.97;14.50;12.06;59.48;26.47;26.47;8.94;17.66;8.94;17.97,186.5717,966030669884945,966030982539272,312.654327,21760,422544,535104,0,0,,std_14q_re1,0,,,,
std_14q_re1-std-rand10_t5-r1-1789952805,2026-09-20T18:06:45,std,build_0071783e_20260829023649,0.002,7de69de,batch,rand10_t5,1,ok,,10,1024;1000;1024;1024;500;500;1000;1000;1000;1024,2;2;2;2;2;2;2;2;2;2,5;3;3;6;4;4;2;5;2;5,17.97;14.50;12.06;59.48;26.47;26.47;8.94;17.66;8.94;17.97,186.5717,966031161840566,966031474530433,312.689867,21760,422544,535104,0,0,,std_14q_re1,0,,,,
std_14q_re1-std-rand10_t5-r2-1789952806,2026-09-20T18:06:46,std,build_0071783e_20260829023649,0.002,7de69de,batch,rand10_t5,2,ok,,10,1024;1000;1024;1024;500;500;1000;1000;1000;1024,2;2;2;2;2;2;2;2;2;2,5;3;3;6;4;4;2;5;2;5,17.97;14.50;12.06;59.48;26.47;26.47;8.94;17.66;8.94;17.97,186.5717,966031654112679,966031966892898,312.780219,21760,422544,535104,0,0,,std_14q_re1,0,,,,
std_14q_re1-std-rand10_t5-r3-1789952806,2026-09-20T18:06:46,std,build_0071783e_20260829023649,0.002,7de69de,batch,rand10_t5,3,ok,,10,1024;1000;1024;1024;500;500;1000;1000;1000;1024,2;2;2;2;2;2;2;2;2;2,5;3;3;6;4;4;2;5;2;5,17.97;14.50;12.06;59.48;26.47;26.47;8.94;17.66;8.94;17.97,186.5717,966032146407183,966032459093200,312.686017,21760,422544,535104,0,0,,std_14q_re1,0,,,,
std_14q_re1-std-rand10_t5-r4-1789952807,2026-09-20T18:06:47,std,build_0071783e_20260829023649,0.002,7de69de,batch,rand10_t5,4,ok,,10,1024;1000;1024;1024;500;500;1000;1000;1000;1024,2;2;2;2;2;2;2;2;2;2,5;3;3;6;4;4;2;5;2;5,17.97;14.50;12.06;59.48;26.47;26.47;8.94;17.66;8.94;17.97,186.5717,966032636697307,966032949432464,312.735157,21760,422544,535104,0,0,,std_14q_re1,0,,,,
std_14q_re1-std-rand10_t6-r-1-1789952808,2026-09-20T18:06:48,std,build_0071783e_20260829023649,0.002,7de69de,batch,rand10_t6,-1,ok,,10,1024;500;10000;4096;400;10000;1000;24576;8192;1024,2;2;2;2;2;2;2;2;2;2,4;4;1;14;14;12;3;2;4;3,17.12;26.47;5.43;46.42;50.12;43.24;14.50;8.58;14.84;12.06,1087.0463,966033593399745,966035357132375,1763.73263,18896,668352,4584320,0,0,,std_14q_re1,0,,,,
std_14q_re1-std-rand10_t6-r0-1789952810,2026-09-20T18:06:50,std,build_0071783e_20260829023649,0.002,7de69de,batch,rand10_t6,0,ok,,10,1024;500;10000;4096;400;10000;1000;24576;8192;1024,2;2;2;2;2;2;2;2;2;2,4;4;1;14;14;12;3;2;4;3,17.12;26.47;5.43;46.42;50.12;43.24;14.50;8.58;14.84;12.06,1087.0463,966035542129405,966037305812405,1763.683,18896,668352,4584320,0,0,,std_14q_re1,0,,,,
std_14q_re1-std-rand10_t6-r1-1789952812,2026-09-20T18:06:52,std,build_0071783e_20260829023649,0.002,7de69de,batch,rand10_t6,1,ok,,10,1024;500;10000;4096;400;10000;1000;24576;8192;1024,2;2;2;2;2;2;2;2;2;2,4;4;1;14;14;12;3;2;4;3,17.12;26.47;5.43;46.42;50.12;43.24;14.50;8.58;14.84;12.06,1087.0463,966037489652924,966039253475105,1763.822181,18896,668352,4584320,0,0,,std_14q_re1,0,,,,
std_14q_re1-std-rand10_t6-r2-1789952814,2026-09-20T18:06:54,std,build_0071783e_20260829023649,0.002,7de69de,batch,rand10_t6,2,ok,,10,1024;500;10000;4096;400;10000;1000;24576;8192;1024,2;2;2;2;2;2;2;2;2;2,4;4;1;14;14;12;3;2;4;3,17.12;26.47;5.43;46.42;50.12;43.24;14.50;8.58;14.84;12.06,1087.0463,966039439223133,966041202867092,1763.643959,18896,668352,4584320,0,0,,std_14q_re1,0,,,,
std_14q_re1-std-rand10_t6-r3-1789952816,2026-09-20T18:06:56,std,build_0071783e_20260829023649,0.002,7de69de,batch,rand10_t6,3,ok,,10,1024;500;10000;4096;400;10000;1000;24576;8192;1024,2;2;2;2;2;2;2;2;2;2,4;4;1;14;14;12;3;2;4;3,17.12;26.47;5.43;46.42;50.12;43.24;14.50;8.58;14.84;12.06,1087.0463,966041382542269,966043146004866,1763.462597,18896,668352,4584320,0,0,,std_14q_re1,0,,,,
std_14q_re1-std-rand10_t6-r4-1789952818,2026-09-20T18:06:58,std,build_0071783e_20260829023649,0.002,7de69de,batch,rand10_t6,4,ok,,10,1024;500;10000;4096;400;10000;1000;24576;8192;1024,2;2;2;2;2;2;2;2;2;2,4;4;1;14;14;12;3;2;4;3,17.12;26.47;5.43;46.42;50.12;43.24;14.50;8.58;14.84;12.06,1087.0463,966043333373460,966045097022049,1763.648589,18896,668352,4584320,0,0,,std_14q_re1,0,,,,
std_14q_re1-std-rand10_t7-r-1-1789952820,2026-09-20T18:07:00,std,build_0071783e_20260829023649,0.002,7de69de,batch,rand10_t7,-1,ok,,10,1000;1024;4000;8192;4096;1024;1024;32;1024;1000,2;2;2;2;2;2;2;2;2;2,3;6;12;4;14;5;6;8;3;3,14.50;59.48;42.85;14.84;46.42;17.97;59.48;27.36;12.06;14.50,665.5613,966045784623676,966046806250374,1021.626698,33120,710304,2629376,0,0,,std_14q_re1,0,,,,
std_14q_re1-std-rand10_t7-r0-1789952821,2026-09-20T18:07:01,std,build_0071783e_20260829023649,0.002,7de69de,batch,rand10_t7,0,ok,,10,1000;1024;4000;8192;4096;1024;1024;32;1024;1000,2;2;2;2;2;2;2;2;2;2,3;6;12;4;14;5;6;8;3;3,14.50;59.48;42.85;14.84;46.42;17.97;59.48;27.36;12.06;14.50,665.5613,966046944223804,966047965600730,1021.376926,33120,710304,2629376,0,0,,std_14q_re1,0,,,,
std_14q_re1-std-rand10_t7-r1-1789952822,2026-09-20T18:07:02,std,build_0071783e_20260829023649,0.002,7de69de,batch,rand10_t7,1,ok,,10,1000;1024;4000;8192;4096;1024;1024;32;1024;1000,2;2;2;2;2;2;2;2;2;2,3;6;12;4;14;5;6;8;3;3,14.50;59.48;42.85;14.84;46.42;17.97;59.48;27.36;12.06;14.50,665.5613,966048103913683,966049125393129,1021.479446,33120,710304,2629376,0,0,,std_14q_re1,0,,,,
std_14q_re1-std-rand10_t7-r2-1789952824,2026-09-20T18:07:04,std,build_0071783e_20260829023649,0.002,7de69de,batch,rand10_t7,2,ok,,10,1000;1024;4000;8192;4096;1024;1024;32;1024;1000,2;2;2;2;2;2;2;2;2;2,3;6;12;4;14;5;6;8;3;3,14.50;59.48;42.85;14.84;46.42;17.97;59.48;27.36;12.06;14.50,665.5613,966049264120237,966050285441972,1021.321735,33120,710304,2629376,0,0,,std_14q_re1,0,,,,
std_14q_re1-std-rand10_t7-r3-1789952825,2026-09-20T18:07:05,std,build_0071783e_20260829023649,0.002,7de69de,batch,rand10_t7,3,ok,,10,1000;1024;4000;8192;4096;1024;1024;32;1024;1000,2;2;2;2;2;2;2;2;2;2,3;6;12;4;14;5;6;8;3;3,14.50;59.48;42.85;14.84;46.42;17.97;59.48;27.36;12.06;14.50,665.5613,966050421126679,966051442520144,1021.393465,33120,710304,2629376,0,0,,std_14q_re1,0,,,,
std_14q_re1-std-rand10_t7-r4-1789952826,2026-09-20T18:07:06,std,build_0071783e_20260829023649,0.002,7de69de,batch,rand10_t7,4,ok,,10,1000;1024;4000;8192;4096;1024;1024;32;1024;1000,2;2;2;2;2;2;2;2;2;2,3;6;12;4;14;5;6;8;3;3,14.50;59.48;42.85;14.84;46.42;17.97;59.48;27.36;12.06;14.50,665.5613,966051577161531,966052598515306,1021.353775,33120,710304,2629376,0,0,,std_14q_re1,0,,,,
std_14q_re1-std-rand10_t8-r-1-1789952828,2026-09-20T18:07:08,std,build_0071783e_20260829023649,0.002,7de69de,batch,rand10_t8,-1,ok,,10,10000;1024;10000;4000;1024;1000;1024;1024;8192;24576,2;2;2;2;2;2;2;2;2;2,1;3;1;12;5;3;4;5;3;2,5.43;12.06;5.43;42.85;17.97;14.50;17.12;18.92;11.71;8.58,669.0893,966053129505577,966054328489328,1198.983751,9888,410672,2577792,0,0,,std_14q_re1,0,,,,
std_14q_re1-std-rand10_t8-r0-1789952829,2026-09-20T18:07:09,std,build_0071783e_20260829023649,0.002,7de69de,batch,rand10_t8,0,ok,,10,10000;1024;10000;4000;1024;1000;1024;1024;8192;24576,2;2;2;2;2;2;2;2;2;2,1;3;1;12;5;3;4;5;3;2,5.43;12.06;5.43;42.85;17.97;14.50;17.12;18.92;11.71;8.58,669.0893,966054391310657,966055590580241,1199.269584,9888,410672,2577792,0,0,,std_14q_re1,0,,,,
std_14q_re1-std-rand10_t8-r1-1789952830,2026-09-20T18:07:10,std,build_0071783e_20260829023649,0.002,7de69de,batch,rand10_t8,1,ok,,10,10000;1024;10000;4000;1024;1000;1024;1024;8192;24576,2;2;2;2;2;2;2;2;2;2,1;3;1;12;5;3;4;5;3;2,5.43;12.06;5.43;42.85;17.97;14.50;17.12;18.92;11.71;8.58,669.0893,966055652663752,966056851557953,1198.894201,9888,410672,2577792,0,0,,std_14q_re1,0,,,,
std_14q_re1-std-rand10_t8-r2-1789952831,2026-09-20T18:07:11,std,build_0071783e_20260829023649,0.002,7de69de,batch,rand10_t8,2,ok,,10,10000;1024;10000;4000;1024;1000;1024;1024;8192;24576,2;2;2;2;2;2;2;2;2;2,1;3;1;12;5;3;4;5;3;2,5.43;12.06;5.43;42.85;17.97;14.50;17.12;18.92;11.71;8.58,669.0893,966056911021728,966058110095440,1199.073712,9888,410672,2577792,0,0,,std_14q_re1,0,,,,
std_14q_re1-std-rand10_t8-r3-1789952833,2026-09-20T18:07:13,std,build_0071783e_20260829023649,0.002,7de69de,batch,rand10_t8,3,ok,,10,10000;1024;10000;4000;1024;1000;1024;1024;8192;24576,2;2;2;2;2;2;2;2;2;2,1;3;1;12;5;3;4;5;3;2,5.43;12.06;5.43;42.85;17.97;14.50;17.12;18.92;11.71;8.58,669.0893,966058172447834,966059371599227,1199.151393,9888,410672,2577792,0,0,,std_14q_re1,0,,,,
std_14q_re1-std-rand10_t8-r4-1789952834,2026-09-20T18:07:14,std,build_0071783e_20260829023649,0.002,7de69de,batch,rand10_t8,4,ok,,10,10000;1024;10000;4000;1024;1000;1024;1024;8192;24576,2;2;2;2;2;2;2;2;2;2,1;3;1;12;5;3;4;5;3;2,5.43;12.06;5.43;42.85;17.97;14.50;17.12;18.92;11.71;8.58,669.0893,966059434622218,966060633500888,1198.87867,9888,410672,2577792,0,0,,std_14q_re1,0,,,,
std_14q_re1-std-rand10_t9-r-1-1789952836,2026-09-20T18:07:16,std,build_0071783e_20260829023649,0.002,7de69de,batch,rand10_t9,-1,ok,,10,4000;500;10000;128;8192;1024;1024;1024;1024;4000,2;2;2;2;2;2;2;2;2;2,2;4;12;6;3;5;4;5;4;12,8.58;26.47;43.24;21.10;11.71;17.97;17.12;18.92;17.12;42.85,822.8857,966061229463559,966062485932796,1256.469237,16976,616768,3540224,0,0,,std_14q_re1,0,,,,
std_14q_re1-std-rand10_t9-r0-1789952837,2026-09-20T18:07:17,std,build_0071783e_20260829023649,0.002,7de69de,batch,rand10_t9,0,ok,,10,4000;500;10000;128;8192;1024;1024;1024;1024;4000,2;2;2;2;2;2;2;2;2;2,2;4;12;6;3;5;4;5;4;12,8.58;26.47;43.24;21.10;11.71;17.97;17.12;18.92;17.12;42.85,822.8857,966062597253879,966063853719216,1256.465337,16976,616768,3540224,0,0,,std_14q_re1,0,,,,
std_14q_re1-std-rand10_t9-r1-1789952838,2026-09-20T18:07:18,std,build_0071783e_20260829023649,0.002,7de69de,batch,rand10_t9,1,ok,,10,4000;500;10000;128;8192;1024;1024;1024;1024;4000,2;2;2;2;2;2;2;2;2;2,2;4;12;6;3;5;4;5;4;12,8.58;26.47;43.24;21.10;11.71;17.97;17.12;18.92;17.12;42.85,822.8857,966063964822097,966065221195062,1256.372965,16976,616768,3540224,0,0,,std_14q_re1,0,,,,
std_14q_re1-std-rand10_t9-r2-1789952840,2026-09-20T18:07:20,std,build_0071783e_20260829023649,0.002,7de69de,batch,rand10_t9,2,ok,,10,4000;500;10000;128;8192;1024;1024;1024;1024;4000,2;2;2;2;2;2;2;2;2;2,2;4;12;6;3;5;4;5;4;12,8.58;26.47;43.24;21.10;11.71;17.97;17.12;18.92;17.12;42.85,822.8857,966065331524316,966066587870321,1256.346005,16976,616768,3540224,0,0,,std_14q_re1,0,,,,
std_14q_re1-std-rand10_t9-r3-1789952841,2026-09-20T18:07:21,std,build_0071783e_20260829023649,0.002,7de69de,batch,rand10_t9,3,ok,,10,4000;500;10000;128;8192;1024;1024;1024;1024;4000,2;2;2;2;2;2;2;2;2;2,2;4;12;6;3;5;4;5;4;12,8.58;26.47;43.24;21.10;11.71;17.97;17.12;18.92;17.12;42.85,822.8857,966066698267855,966067954687472,1256.419617,16976,616768,3540224,0,0,,std_14q_re1,0,,,,
std_14q_re1-std-rand10_t9-r4-1789952842,2026-09-20T18:07:22,std,build_0071783e_20260829023649,0.002,7de69de,batch,rand10_t9,4,ok,,10,4000;500;10000;128;8192;1024;1024;1024;1024;4000,2;2;2;2;2;2;2;2;2;2,2;4;12;6;3;5;4;5;4;12,8.58;26.47;43.24;21.10;11.71;17.97;17.12;18.92;17.12;42.85,822.8857,966068063371319,966069319778605,1256.407286,16976,616768,3540224,0,0,,std_14q_re1,0,,,,
std_14q_re1-std-rand20_t0-r-1-1789952844,2026-09-20T18:07:24,std,build_0071783e_20260829023649,0.002,7de69de,batch,rand20_t0,-1,ok,,20,24576;1000;4096;1024;1024;500;4000;128;32;1024;4000;1024;1024;1000;1024;4000;1024;500;500;1000,2;2;2;2;2;2;2;2;2;2;2;2;2;2;2;2;2;2;2;2,2;5;14;5;3;4;2;6;8;4;12;3;5;2;6;12;3;4;4;2,8.58;17.66;46.42;18.92;12.06;26.47;8.58;21.10;27.36;17.12;42.85;12.06;18.92;8.94;59.48;42.85;12.06;26.47;26.47;8.94,1011.2963,966069969096069,966071642483035,1673.386966,41632,1147328,4034496,0,0,,std_14q_re1,0,,,,
std_14q_re1-std-rand20_t0-r0-1789952846,2026-09-20T18:07:26,std,build_0071783e_20260829023649,0.002,7de69de,batch,rand20_t0,0,ok,,20,24576;1000;4096;1024;1024;500;4000;128;32;1024;4000;1024;1024;1000;1024;4000;1024;500;500;1000,2;2;2;2;2;2;2;2;2;2;2;2;2;2;2;2;2;2;2;2,2;5;14;5;3;4;2;6;8;4;12;3;5;2;6;12;3;4;4;2,8.58;17.66;46.42;18.92;12.06;26.47;8.58;21.10;27.36;17.12;42.85;12.06;18.92;8.94;59.48;42.85;12.06;26.47;26.47;8.94,1011.2963,966071761056871,966073434294616,1673.237745,41632,1147328,4034496,0,0,,std_14q_re1,0,,,,
std_14q_re1-std-rand20_t0-r1-1789952848,2026-09-20T18:07:28,std,build_0071783e_20260829023649,0.002,7de69de,batch,rand20_t0,1,ok,,20,24576;1000;4096;1024;1024;500;4000;128;32;1024;4000;1024;1024;1000;1024;4000;1024;500;500;1000,2;2;2;2;2;2;2;2;2;2;2;2;2;2;2;2;2;2;2;2,2;5;14;5;3;4;2;6;8;4;12;3;5;2;6;12;3;4;4;2,8.58;17.66;46.42;18.92;12.06;26.47;8.58;21.10;27.36;17.12;42.85;12.06;18.92;8.94;59.48;42.85;12.06;26.47;26.47;8.94,1011.2963,966073548890012,966075222422790,1673.532778,41632,1147328,4034496,0,0,,std_14q_re1,0,,,,
std_14q_re1-std-rand20_t0-r2-1789952850,2026-09-20T18:07:30,std,build_0071783e_20260829023649,0.002,7de69de,batch,rand20_t0,2,ok,,20,24576;1000;4096;1024;1024;500;4000;128;32;1024;4000;1024;1024;1000;1024;4000;1024;500;500;1000,2;2;2;2;2;2;2;2;2;2;2;2;2;2;2;2;2;2;2;2,2;5;14;5;3;4;2;6;8;4;12;3;5;2;6;12;3;4;4;2,8.58;17.66;46.42;18.92;12.06;26.47;8.58;21.10;27.36;17.12;42.85;12.06;18.92;8.94;59.48;42.85;12.06;26.47;26.47;8.94,1011.2963,966075337950886,966077011306492,1673.355606,41632,1147328,4034496,0,0,,std_14q_re1,0,,,,
std_14q_re1-std-rand20_t0-r3-1789952852,2026-09-20T18:07:32,std,build_0071783e_20260829023649,0.002,7de69de,batch,rand20_t0,3,ok,,20,24576;1000;4096;1024;1024;500;4000;128;32;1024;4000;1024;1024;1000;1024;4000;1024;500;500;1000,2;2;2;2;2;2;2;2;2;2;2;2;2;2;2;2;2;2;2;2,2;5;14;5;3;4;2;6;8;4;12;3;5;2;6;12;3;4;4;2,8.58;17.66;46.42;18.92;12.06;26.47;8.58;21.10;27.36;17.12;42.85;12.06;18.92;8.94;59.48;42.85;12.06;26.47;26.47;8.94,1011.2963,966077131494564,966078804978671,1673.484107,41632,1147328,4034496,0,0,,std_14q_re1,0,,,,
std_14q_re1-std-rand20_t0-r4-1789952853,2026-09-20T18:07:33,std,build_0071783e_20260829023649,0.002,7de69de,batch,rand20_t0,4,ok,,20,24576;1000;4096;1024;1024;500;4000;128;32;1024;4000;1024;1024;1000;1024;4000;1024;500;500;1000,2;2;2;2;2;2;2;2;2;2;2;2;2;2;2;2;2;2;2;2,2;5;14;5;3;4;2;6;8;4;12;3;5;2;6;12;3;4;4;2,8.58;17.66;46.42;18.92;12.06;26.47;8.58;21.10;27.36;17.12;42.85;12.06;18.92;8.94;59.48;42.85;12.06;26.47;26.47;8.94,1011.2963,966078925099783,966080598518820,1673.419037,41632,1147328,4034496,0,0,,std_14q_re1,0,,,,
std_14q_re1-std-rand20_t1-r-1-1789952856,2026-09-20T18:07:36,std,build_0071783e_20260829023649,0.002,7de69de,batch,rand20_t1,-1,ok,,20,10000;1024;10000;1024;24576;8192;24576;1024;4000;400;8192;8192;4000;1024;8192;32;8192;10000;10000;4000,2;2;2;2;2;2;2;2;2;2;2;2;2;2;2;2;2;2;2;2,12;5;12;5;2;4;2;6;12;14;4;3;12;6;3;8;3;12;12;2,43.24;18.92;43.24;18.92;8.58;14.84;8.58;59.48;42.85;50.12;14.84;11.71;42.85;59.48;11.71;27.36;11.71;43.24;43.24;8.58,3241.2445,966081573642482,966086569908653,4996.266171,53456,1529440,13582848,0,0,,std_14q_re1,0,,,,
std_14q_re1-std-rand20_t1-r0-1789952861,2026-09-20T18:07:41,std,build_0071783e_20260829023649,0.002,7de69de,batch,rand20_t1,0,ok,,20,10000;1024;10000;1024;24576;8192;24576;1024;4000;400;8192;8192;4000;1024;8192;32;8192;10000;10000;4000,2;2;2;2;2;2;2;2;2;2;2;2;2;2;2;2;2;2;2;2,12;5;12;5;2;4;2;6;12;14;4;3;12;6;3;8;3;12;12;2,43.24;18.92;43.24;18.92;8.58;14.84;8.58;59.48;42.85;50.12;14.84;11.71;42.85;59.48;11.71;27.36;11.71;43.24;43.24;8.58,3241.2445,966087102640741,966092090138064,4987.497323,53456,1529440,13582848,0,0,,std_14q_re1,0,,,,
std_14q_re1-std-rand20_t1-r1-1789952867,2026-09-20T18:07:47,std,build_0071783e_20260829023649,0.002,7de69de,batch,rand20_t1,1,ok,,20,10000;1024;10000;1024;24576;8192;24576;1024;4000;400;8192;8192;4000;1024;8192;32;8192;10000;10000;4000,2;2;2;2;2;2;2;2;2;2;2;2;2;2;2;2;2;2;2;2,12;5;12;5;2;4;2;6;12;14;4;3;12;6;3;8;3;12;12;2,43.24;18.92;43.24;18.92;8.58;14.84;8.58;59.48;42.85;50.12;14.84;11.71;42.85;59.48;11.71;27.36;11.71;43.24;43.24;8.58,3241.2445,966092625177435,966097613485026,4988.307591,53456,1529440,13582848,0,0,,std_14q_re1,0,,,,
std_14q_re1-std-rand20_t1-r2-1789952872,2026-09-20T18:07:52,std,build_0071783e_20260829023649,0.002,7de69de,batch,rand20_t1,2,ok,,20,10000;1024;10000;1024;24576;8192;24576;1024;4000;400;8192;8192;4000;1024;8192;32;8192;10000;10000;4000,2;2;2;2;2;2;2;2;2;2;2;2;2;2;2;2;2;2;2;2,12;5;12;5;2;4;2;6;12;14;4;3;12;6;3;8;3;12;12;2,43.24;18.92;43.24;18.92;8.58;14.84;8.58;59.48;42.85;50.12;14.84;11.71;42.85;59.48;11.71;27.36;11.71;43.24;43.24;8.58,3241.2445,966098146321875,966103133962969,4987.641094,53456,1529440,13582848,0,0,,std_14q_re1,0,,,,
std_14q_re1-std-rand20_t1-r3-1789952878,2026-09-20T18:07:58,std,build_0071783e_20260829023649,0.002,7de69de,batch,rand20_t1,3,ok,,20,10000;1024;10000;1024;24576;8192;24576;1024;4000;400;8192;8192;4000;1024;8192;32;8192;10000;10000;4000,2;2;2;2;2;2;2;2;2;2;2;2;2;2;2;2;2;2;2;2,12;5;12;5;2;4;2;6;12;14;4;3;12;6;3;8;3;12;12;2,43.24;18.92;43.24;18.92;8.58;14.84;8.58;59.48;42.85;50.12;14.84;11.71;42.85;59.48;11.71;27.36;11.71;43.24;43.24;8.58,3241.2445,966103667237203,966108656296681,4989.059478,53456,1529440,13582848,0,0,,std_14q_re1,0,,,,
std_14q_re1-std-rand20_t1-r4-1789952883,2026-09-20T18:08:03,std,build_0071783e_20260829023649,0.002,7de69de,batch,rand20_t1,4,ok,,20,10000;1024;10000;1024;24576;8192;24576;1024;4000;400;8192;8192;4000;1024;8192;32;8192;10000;10000;4000,2;2;2;2;2;2;2;2;2;2;2;2;2;2;2;2;2;2;2;2,12;5;12;5;2;4;2;6;12;14;4;3;12;6;3;8;3;12;12;2,43.24;18.92;43.24;18.92;8.58;14.84;8.58;59.48;42.85;50.12;14.84;11.71;42.85;59.48;11.71;27.36;11.71;43.24;43.24;8.58,3241.2445,966109191938658,966114179626293,4987.687635,53456,1529440,13582848,0,0,,std_14q_re1,0,,,,
std_14q_re1-std-rand20_t2-r-1-1789952889,2026-09-20T18:08:09,std,build_0071783e_20260829023649,0.002,7de69de,batch,rand20_t2,-1,ok,,20,32;1024;1024;4000;128;1000;1024;1000;1000;8192;1024;500;128;1024;4000;1000;8192;10000;1000;1000,2;2;2;2;2;2;2;2;2;2;2;2;2;2;2;2;2;2;2;2,8;5;3;12;6;3;5;5;3;4;4;4;6;5;2;3;4;1;3;3,27.36;18.92;12.06;42.85;21.10;14.50;18.92;17.66;14.50;14.84;17.12;26.47;21.10;18.92;8.58;14.50;14.84;5.43;14.50;14.50,700.9111,966115068223650,966116301733667,1233.510017,23760,946944,2788928,0,0,,std_14q_re1,0,,,,
std_14q_re1-std-rand20_t2-r0-1789952891,2026-09-20T18:08:11,std,build_0071783e_20260829023649,0.002,7de69de,batch,rand20_t2,0,ok,,20,32;1024;1024;4000;128;1000;1024;1000;1000;8192;1024;500;128;1024;4000;1000;8192;10000;1000;1000,2;2;2;2;2;2;2;2;2;2;2;2;2;2;2;2;2;2;2;2,8;5;3;12;6;3;5;5;3;4;4;4;6;5;2;3;4;1;3;3,27.36;18.92;12.06;42.85;21.10;14.50;18.92;17.66;14.50;14.84;17.12;26.47;21.10;18.92;8.58;14.50;14.84;5.43;14.50;14.50,700.9111,966116602932250,966117836311686,1233.379436,23760,946944,2788928,0,0,,std_14q_re1,0,,,,
std_14q_re1-std-rand20_t2-r1-1789952892,2026-09-20T18:08:12,std,build_0071783e_20260829023649,0.002,7de69de,batch,rand20_t2,1,ok,,20,32;1024;1024;4000;128;1000;1024;1000;1000;8192;1024;500;128;1024;4000;1000;8192;10000;1000;1000,2;2;2;2;2;2;2;2;2;2;2;2;2;2;2;2;2;2;2;2,8;5;3;12;6;3;5;5;3;4;4;4;6;5;2;3;4;1;3;3,27.36;18.92;12.06;42.85;21.10;14.50;18.92;17.66;14.50;14.84;17.12;26.47;21.10;18.92;8.58;14.50;14.84;5.43;14.50;14.50,700.9111,966118139666610,966119372960035,1233.293425,23760,946944,2788928,0,0,,std_14q_re1,0,,,,
std_14q_re1-std-rand20_t2-r2-1789952894,2026-09-20T18:08:14,std,build_0071783e_20260829023649,0.002,7de69de,batch,rand20_t2,2,ok,,20,32;1024;1024;4000;128;1000;1024;1000;1000;8192;1024;500;128;1024;4000;1000;8192;10000;1000;1000,2;2;2;2;2;2;2;2;2;2;2;2;2;2;2;2;2;2;2;2,8;5;3;12;6;3;5;5;3;4;4;4;6;5;2;3;4;1;3;3,27.36;18.92;12.06;42.85;21.10;14.50;18.92;17.66;14.50;14.84;17.12;26.47;21.10;18.92;8.58;14.50;14.84;5.43;14.50;14.50,700.9111,966119685059636,966120918457432,1233.397796,23760,946944,2788928,0,0,,std_14q_re1,0,,,,
std_14q_re1-std-rand20_t2-r3-1789952895,2026-09-20T18:08:15,std,build_0071783e_20260829023649,0.002,7de69de,batch,rand20_t2,3,ok,,20,32;1024;1024;4000;128;1000;1024;1000;1000;8192;1024;500;128;1024;4000;1000;8192;10000;1000;1000,2;2;2;2;2;2;2;2;2;2;2;2;2;2;2;2;2;2;2;2,8;5;3;12;6;3;5;5;3;4;4;4;6;5;2;3;4;1;3;3,27.36;18.92;12.06;42.85;21.10;14.50;18.92;17.66;14.50;14.84;17.12;26.47;21.10;18.92;8.58;14.50;14.84;5.43;14.50;14.50,700.9111,966121221284561,966122454813028,1233.528467,23760,946944,2788928,0,0,,std_14q_re1,0,,,,
std_14q_re1-std-rand20_t2-r4-1789952897,2026-09-20T18:08:17,std,build_0071783e_20260829023649,0.002,7de69de,batch,rand20_t2,4,ok,,20,32;1024;1024;4000;128;1000;1024;1000;1000;8192;1024;500;128;1024;4000;1000;8192;10000;1000;1000,2;2;2;2;2;2;2;2;2;2;2;2;2;2;2;2;2;2;2;2,8;5;3;12;6;3;5;5;3;4;4;4;6;5;2;3;4;1;3;3,27.36;18.92;12.06;42.85;21.10;14.50;18.92;17.66;14.50;14.84;17.12;26.47;21.10;18.92;8.58;14.50;14.84;5.43;14.50;14.50,700.9111,966122763461685,966123997136714,1233.675029,23760,946944,2788928,0,0,,std_14q_re1,0,,,,
std_14q_re1-std-rand20_t3-r-1-1789952899,2026-09-20T18:08:19,std,build_0071783e_20260829023649,0.002,7de69de,batch,rand20_t3,-1,ok,,20,8192;500;1000;1024;4000;8192;1000;4096;1000;4000;1024;10000;32;10000;400;1000;8192;128;128;32,2;2;2;2;2;2;2;2;2;2;2;2;2;2;2;2;2;2;2;2,3;4;3;6;12;3;3;14;3;2;6;1;8;12;14;2;3;6;6;8,11.71;26.47;14.50;59.48;42.85;11.71;14.50;46.42;14.50;8.58;59.48;5.43;27.36;43.24;50.12;8.94;11.71;21.10;21.10;27.36,1385.1216,966124700184645,966126890350290,2190.165645,49008,1309312,5600128,0,0,,std_14q_re1,0,,,,
std_14q_re1-std-rand20_t3-r0-1789952901,2026-09-20T18:08:21,std,build_0071783e_20260829023649,0.002,7de69de,batch,rand20_t3,0,ok,,20,8192;500;1000;1024;4000;8192;1000;4096;1000;4000;1024;10000;32;10000;400;1000;8192;128;128;32,2;2;2;2;2;2;2;2;2;2;2;2;2;2;2;2;2;2;2;2,3;4;3;6;12;3;3;14;3;2;6;1;8;12;14;2;3;6;6;8,11.71;26.47;14.50;59.48;42.85;11.71;14.50;46.42;14.50;8.58;59.48;5.43;27.36;43.24;50.12;8.94;11.71;21.10;21.10;27.36,1385.1216,966127057705414,966129246307073,2188.601659,49008,1309312,5600128,0,0,,std_14q_re1,0,,,,
std_14q_re1-std-rand20_t3-r1-1789952904,2026-09-20T18:08:24,std,build_0071783e_20260829023649,0.002,7de69de,batch,rand20_t3,1,ok,,20,8192;500;1000;1024;4000;8192;1000;4096;1000;4000;1024;10000;32;10000;400;1000;8192;128;128;32,2;2;2;2;2;2;2;2;2;2;2;2;2;2;2;2;2;2;2;2,3;4;3;6;12;3;3;14;3;2;6;1;8;12;14;2;3;6;6;8,11.71;26.47;14.50;59.48;42.85;11.71;14.50;46.42;14.50;8.58;59.48;5.43;27.36;43.24;50.12;8.94;11.71;21.10;21.10;27.36,1385.1216,966129415990720,966131605936213,2189.945493,49008,1309312,5600128,0,0,,std_14q_re1,0,,,,
std_14q_re1-std-rand20_t3-r2-1789952906,2026-09-20T18:08:26,std,build_0071783e_20260829023649,0.002,7de69de,batch,rand20_t3,2,ok,,20,8192;500;1000;1024;4000;8192;1000;4096;1000;4000;1024;10000;32;10000;400;1000;8192;128;128;32,2;2;2;2;2;2;2;2;2;2;2;2;2;2;2;2;2;2;2;2,3;4;3;6;12;3;3;14;3;2;6;1;8;12;14;2;3;6;6;8,11.71;26.47;14.50;59.48;42.85;11.71;14.50;46.42;14.50;8.58;59.48;5.43;27.36;43.24;50.12;8.94;11.71;21.10;21.10;27.36,1385.1216,966131777679091,966133966676784,2188.997693,49008,1309312,5600128,0,0,,std_14q_re1,0,,,,
std_14q_re1-std-rand20_t3-r3-1789952909,2026-09-20T18:08:29,std,build_0071783e_20260829023649,0.002,7de69de,batch,rand20_t3,3,ok,,20,8192;500;1000;1024;4000;8192;1000;4096;1000;4000;1024;10000;32;10000;400;1000;8192;128;128;32,2;2;2;2;2;2;2;2;2;2;2;2;2;2;2;2;2;2;2;2,3;4;3;6;12;3;3;14;3;2;6;1;8;12;14;2;3;6;6;8,11.71;26.47;14.50;59.48;42.85;11.71;14.50;46.42;14.50;8.58;59.48;5.43;27.36;43.24;50.12;8.94;11.71;21.10;21.10;27.36,1385.1216,966134131840536,966136321676418,2189.835882,49008,1309312,5600128,0,0,,std_14q_re1,0,,,,
std_14q_re1-std-rand20_t3-r4-1789952911,2026-09-20T18:08:31,std,build_0071783e_20260829023649,0.002,7de69de,batch,rand20_t3,4,ok,,20,8192;500;1000;1024;4000;8192;1000;4096;1000;4000;1024;10000;32;10000;400;1000;8192;128;128;32,2;2;2;2;2;2;2;2;2;2;2;2;2;2;2;2;2;2;2;2,3;4;3;6;12;3;3;14;3;2;6;1;8;12;14;2;3;6;6;8,11.71;26.47;14.50;59.48;42.85;11.71;14.50;46.42;14.50;8.58;59.48;5.43;27.36;43.24;50.12;8.94;11.71;21.10;21.10;27.36,1385.1216,966136491803190,966138680491590,2188.6884,49008,1309312,5600128,0,0,,std_14q_re1,0,,,,
std_14q_re1-std-rand20_t4-r-1-1789952914,2026-09-20T18:08:34,std,build_0071783e_20260829023649,0.002,7de69de,batch,rand20_t4,-1,ok,,20,1000;4096;1024;8192;128;8192;4000;1000;1000;128;128;1024;1000;1024;128;4000;10000;8192;1024;400,2;2;2;2;2;2;2;2;2;2;2;2;2;2;2;2;2;2;2;2,5;14;4;3;6;4;12;3;2;6;6;3;3;6;6;12;1;3;4;14,17.66;46.42;17.12;11.71;21.10;14.84;42.85;14.50;8.94;21.10;21.10;12.06;14.50;59.48;21.10;42.85;5.43;11.71;17.12;50.12,1095.5217,966139440124877,966141238100380,1797.975503,38304,1265616,4517312,0,0,,std_14q_re1,0,,,,
std_14q_re1-std-rand20_t4-r0-1789952916,2026-09-20T18:08:36,std,build_0071783e_20260829023649,0.002,7de69de,batch,rand20_t4,0,ok,,20,1000;4096;1024;8192;128;8192;4000;1000;1000;128;128;1024;1000;1024;128;4000;10000;8192;1024;400,2;2;2;2;2;2;2;2;2;2;2;2;2;2;2;2;2;2;2;2,5;14;4;3;6;4;12;3;2;6;6;3;3;6;6;12;1;3;4;14,17.66;46.42;17.12;11.71;21.10;14.84;42.85;14.50;8.94;21.10;21.10;12.06;14.50;59.48;21.10;42.85;5.43;11.71;17.12;50.12,1095.5217,966141449850058,966143248184054,1798.333996,38304,1265616,4517312,0,0,,std_14q_re1,0,,,,
std_14q_re1-std-rand20_t4-r1-1789952918,2026-09-20T18:08:38,std,build_0071783e_20260829023649,0.002,7de69de,batch,rand20_t4,1,ok,,20,1000;4096;1024;8192;128;8192;4000;1000;1000;128;128;1024;1000;1024;128;4000;10000;8192;1024;400,2;2;2;2;2;2;2;2;2;2;2;2;2;2;2;2;2;2;2;2,5;14;4;3;6;4;12;3;2;6;6;3;3;6;6;12;1;3;4;14,17.66;46.42;17.12;11.71;21.10;14.84;42.85;14.50;8.94;21.10;21.10;12.06;14.50;59.48;21.10;42.85;5.43;11.71;17.12;50.12,1095.5217,966143459633509,966145257847134,1798.213625,38304,1265616,4517312,0,0,,std_14q_re1,0,,,,
std_14q_re1-std-rand20_t4-r2-1789952920,2026-09-20T18:08:40,std,build_0071783e_20260829023649,0.002,7de69de,batch,rand20_t4,2,ok,,20,1000;4096;1024;8192;128;8192;4000;1000;1000;128;128;1024;1000;1024;128;4000;10000;8192;1024;400,2;2;2;2;2;2;2;2;2;2;2;2;2;2;2;2;2;2;2;2,5;14;4;3;6;4;12;3;2;6;6;3;3;6;6;12;1;3;4;14,17.66;46.42;17.12;11.71;21.10;14.84;42.85;14.50;8.94;21.10;21.10;12.06;14.50;59.48;21.10;42.85;5.43;11.71;17.12;50.12,1095.5217,966145467898075,966147265855127,1797.957052,38304,1265616,4517312,0,0,,std_14q_re1,0,,,,
std_14q_re1-std-rand20_t4-r3-1789952922,2026-09-20T18:08:42,std,build_0071783e_20260829023649,0.002,7de69de,batch,rand20_t4,3,ok,,20,1000;4096;1024;8192;128;8192;4000;1000;1000;128;128;1024;1000;1024;128;4000;10000;8192;1024;400,2;2;2;2;2;2;2;2;2;2;2;2;2;2;2;2;2;2;2;2,5;14;4;3;6;4;12;3;2;6;6;3;3;6;6;12;1;3;4;14,17.66;46.42;17.12;11.71;21.10;14.84;42.85;14.50;8.94;21.10;21.10;12.06;14.50;59.48;21.10;42.85;5.43;11.71;17.12;50.12,1095.5217,966147472670365,966149270706839,1798.036474,38304,1265616,4517312,0,0,,std_14q_re1,0,,,,
std_14q_re1-std-rand20_t4-r4-1789952924,2026-09-20T18:08:44,std,build_0071783e_20260829023649,0.002,7de69de,batch,rand20_t4,4,ok,,20,1000;4096;1024;8192;128;8192;4000;1000;1000;128;128;1024;1000;1024;128;4000;10000;8192;1024;400,2;2;2;2;2;2;2;2;2;2;2;2;2;2;2;2;2;2;2;2,5;14;4;3;6;4;12;3;2;6;6;3;3;6;6;12;1;3;4;14,17.66;46.42;17.12;11.71;21.10;14.84;42.85;14.50;8.94;21.10;21.10;12.06;14.50;59.48;21.10;42.85;5.43;11.71;17.12;50.12,1095.5217,966149486569078,966151284613001,1798.043923,38304,1265616,4517312,0,0,,std_14q_re1,0,,,,
std_14q_re1-std-rand20_t5-r-1-1789952926,2026-09-20T18:08:46,std,build_0071783e_20260829023649,0.002,7de69de,batch,rand20_t5,-1,ok,,20,1024;1024;400;1000;32;1000;128;8192;1024;1024;1024;10000;32;128;1024;1024;10000;1000;1000;1024,2;2;2;2;2;2;2;2;2;2;2;2;2;2;2;2;2;2;2;2,4;6;14;2;8;3;6;3;5;4;3;12;8;6;4;4;1;5;2;3,17.12;59.48;50.12;8.94;27.36;14.50;21.10;11.71;17.97;17.12;12.06;43.24;27.36;21.10;17.12;17.12;5.43;17.66;8.94;12.06,834.0339,966152011455170,966153377039568,1365.584398,35088,1118496,3287872,0,0,,std_14q_re1,0,,,,
std_14q_re1-std-rand20_t5-r0-1789952928,2026-09-20T18:08:48,std,build_0071783e_20260829023649,0.002,7de69de,batch,rand20_t5,0,ok,,20,1024;1024;400;1000;32;1000;128;8192;1024;1024;1024;10000;32;128;1024;1024;10000;1000;1000;1024,2;2;2;2;2;2;2;2;2;2;2;2;2;2;2;2;2;2;2;2,4;6;14;2;8;3;6;3;5;4;3;12;8;6;4;4;1;5;2;3,17.12;59.48;50.12;8.94;27.36;14.50;21.10;11.71;17.97;17.12;12.06;43.24;27.36;21.10;17.12;17.12;5.43;17.66;8.94;12.06,834.0339,966153560822216,966154926554726,1365.73251,35088,1118496,3287872,0,0,,std_14q_re1,0,,,,
std_14q_re1-std-rand20_t5-r1-1789952929,2026-09-20T18:08:49,std,build_0071783e_20260829023649,0.002,7de69de,batch,rand20_t5,1,ok,,20,1024;1024;400;1000;32;1000;128;8192;1024;1024;1024;10000;32;128;1024;1024;10000;1000;1000;1024,2;2;2;2;2;2;2;2;2;2;2;2;2;2;2;2;2;2;2;2,4;6;14;2;8;3;6;3;5;4;3;12;8;6;4;4;1;5;2;3,17.12;59.48;50.12;8.94;27.36;14.50;21.10;11.71;17.97;17.12;12.06;43.24;27.36;21.10;17.12;17.12;5.43;17.66;8.94;12.06,834.0339,966155110847919,966156476475198,1365.627279,35088,1118496,3287872,0,0,,std_14q_re1,0,,,,
std_14q_re1-std-rand20_t5-r2-1789952931,2026-09-20T18:08:51,std,build_0071783e_20260829023649,0.002,7de69de,batch,rand20_t5,2,ok,,20,1024;1024;400;1000;32;1000;128;8192;1024;1024;1024;10000;32;128;1024;1024;10000;1000;1000;1024,2;2;2;2;2;2;2;2;2;2;2;2;2;2;2;2;2;2;2;2,4;6;14;2;8;3;6;3;5;4;3;12;8;6;4;4;1;5;2;3,17.12;59.48;50.12;8.94;27.36;14.50;21.10;11.71;17.97;17.12;12.06;43.24;27.36;21.10;17.12;17.12;5.43;17.66;8.94;12.06,834.0339,966156661450378,966158027016405,1365.566027,35088,1118496,3287872,0,0,,std_14q_re1,0,,,,
std_14q_re1-std-rand20_t5-r3-1789952933,2026-09-20T18:08:53,std,build_0071783e_20260829023649,0.002,7de69de,batch,rand20_t5,3,ok,,20,1024;1024;400;1000;32;1000;128;8192;1024;1024;1024;10000;32;128;1024;1024;10000;1000;1000;1024,2;2;2;2;2;2;2;2;2;2;2;2;2;2;2;2;2;2;2;2,4;6;14;2;8;3;6;3;5;4;3;12;8;6;4;4;1;5;2;3,17.12;59.48;50.12;8.94;27.36;14.50;21.10;11.71;17.97;17.12;12.06;43.24;27.36;21.10;17.12;17.12;5.43;17.66;8.94;12.06,834.0339,966158211794553,966159577300431,1365.505878,35088,1118496,3287872,0,0,,std_14q_re1,0,,,,
std_14q_re1-std-rand20_t5-r4-1789952934,2026-09-20T18:08:54,std,build_0071783e_20260829023649,0.002,7de69de,batch,rand20_t5,4,ok,,20,1024;1024;400;1000;32;1000;128;8192;1024;1024;1024;10000;32;128;1024;1024;10000;1000;1000;1024,2;2;2;2;2;2;2;2;2;2;2;2;2;2;2;2;2;2;2;2,4;6;14;2;8;3;6;3;5;4;3;12;8;6;4;4;1;5;2;3,17.12;59.48;50.12;8.94;27.36;14.50;21.10;11.71;17.97;17.12;12.06;43.24;27.36;21.10;17.12;17.12;5.43;17.66;8.94;12.06,834.0339,966159761482643,966161126886999,1365.404356,35088,1118496,3287872,0,0,,std_14q_re1,0,,,,
std_14q_re1-std-rand20_t6-r-1-1789952936,2026-09-20T18:08:56,std,build_0071783e_20260829023649,0.002,7de69de,batch,rand20_t6,-1,ok,,20,1024;10000;1024;1000;8192;10000;1024;4000;1000;1024;8192;1000;10000;4096;1000;4000;4000;1000;10000;500,2;2;2;2;2;2;2;2;2;2;2;2;2;2;2;2;2;2;2;2,4;1;5;5;3;1;5;12;2;4;3;2;1;14;3;2;12;3;1;4,17.12;5.43;18.92;17.66;11.71;5.43;18.92;42.85;8.94;17.12;11.71;8.94;5.43;46.42;14.50;8.58;42.85;14.50;5.43;26.47,1127.9741,966161799580987,966163719050035,1919.469048,24752,920384,4534464,0,0,,std_14q_re1,0,,,,
std_14q_re1-std-rand20_t6-r0-1789952938,2026-09-20T18:08:58,std,build_0071783e_20260829023649,0.002,7de69de,batch,rand20_t6,0,ok,,20,1024;10000;1024;1000;8192;10000;1024;4000;1000;1024;8192;1000;10000;4096;1000;4000;4000;1000;10000;500,2;2;2;2;2;2;2;2;2;2;2;2;2;2;2;2;2;2;2;2,4;1;5;5;3;1;5;12;2;4;3;2;1;14;3;2;12;3;1;4,17.12;5.43;18.92;17.66;11.71;5.43;18.92;42.85;8.94;17.12;11.71;8.94;5.43;46.42;14.50;8.58;42.85;14.50;5.43;26.47,1127.9741,966163910288807,966165829533373,1919.244566,24752,920384,4534464,0,0,,std_14q_re1,0,,,,
std_14q_re1-std-rand20_t6-r1-1789952940,2026-09-20T18:09:00,std,build_0071783e_20260829023649,0.002,7de69de,batch,rand20_t6,1,ok,,20,1024;10000;1024;1000;8192;10000;1024;4000;1000;1024;8192;1000;10000;4096;1000;4000;4000;1000;10000;500,2;2;2;2;2;2;2;2;2;2;2;2;2;2;2;2;2;2;2;2,4;1;5;5;3;1;5;12;2;4;3;2;1;14;3;2;12;3;1;4,17.12;5.43;18.92;17.66;11.71;5.43;18.92;42.85;8.94;17.12;11.71;8.94;5.43;46.42;14.50;8.58;42.85;14.50;5.43;26.47,1127.9741,966166032485763,966167951561386,1919.075623,24752,920384,4534464,0,0,,std_14q_re1,0,,,,
std_14q_re1-std-rand20_t6-r2-1789952942,2026-09-20T18:09:02,std,build_0071783e_20260829023649,0.002,7de69de,batch,rand20_t6,2,ok,,20,1024;10000;1024;1000;8192;10000;1024;4000;1000;1024;8192;1000;10000;4096;1000;4000;4000;1000;10000;500,2;2;2;2;2;2;2;2;2;2;2;2;2;2;2;2;2;2;2;2,4;1;5;5;3;1;5;12;2;4;3;2;1;14;3;2;12;3;1;4,17.12;5.43;18.92;17.66;11.71;5.43;18.92;42.85;8.94;17.12;11.71;8.94;5.43;46.42;14.50;8.58;42.85;14.50;5.43;26.47,1127.9741,966168146237853,966170065314027,1919.076174,24752,920384,4534464,0,0,,std_14q_re1,0,,,,
std_14q_re1-std-rand20_t6-r3-1789952945,2026-09-20T18:09:05,std,build_0071783e_20260829023649,0.002,7de69de,batch,rand20_t6,3,ok,,20,1024;10000;1024;1000;8192;10000;1024;4000;1000;1024;8192;1000;10000;4096;1000;4000;4000;1000;10000;500,2;2;2;2;2;2;2;2;2;2;2;2;2;2;2;2;2;2;2;2,4;1;5;5;3;1;5;12;2;4;3;2;1;14;3;2;12;3;1;4,17.12;5.43;18.92;17.66;11.71;5.43;18.92;42.85;8.94;17.12;11.71;8.94;5.43;46.42;14.50;8.58;42.85;14.50;5.43;26.47,1127.9741,966170257360918,966172176456192,1919.095274,24752,920384,4534464,0,0,,std_14q_re1,0,,,,
std_14q_re1-std-rand20_t6-r4-1789952947,2026-09-20T18:09:07,std,build_0071783e_20260829023649,0.002,7de69de,batch,rand20_t6,4,ok,,20,1024;10000;1024;1000;8192;10000;1024;4000;1000;1024;8192;1000;10000;4096;1000;4000;4000;1000;10000;500,2;2;2;2;2;2;2;2;2;2;2;2;2;2;2;2;2;2;2;2,4;1;5;5;3;1;5;12;2;4;3;2;1;14;3;2;12;3;1;4,17.12;5.43;18.92;17.66;11.71;5.43;18.92;42.85;8.94;17.12;11.71;8.94;5.43;46.42;14.50;8.58;42.85;14.50;5.43;26.47,1127.9741,966172368055598,966174287128512,1919.072914,24752,920384,4534464,0,0,,std_14q_re1,0,,,,
std_14q_re1-std-rand20_t7-r-1-1789952949,2026-09-20T18:09:09,std,build_0071783e_20260829023649,0.002,7de69de,batch,rand20_t7,-1,ok,,20,128;10000;1024;1024;1000;1000;1000;1024;4096;1024;8192;10000;8192;32;1024;1024;8192;1000;1024;1024,2;2;2;2;2;2;2;2;2;2;2;2;2;2;2;2;2;2;2;2,6;1;5;6;3;5;3;5;14;3;4;12;3;8;4;4;3;3;3;6,21.10;5.43;18.92;59.48;14.50;17.66;14.50;17.97;46.42;12.06;14.84;43.24;11.71;27.36;17.12;17.12;11.71;14.50;12.06;59.48,1274.4202,966175103490577,966177115737202,2012.246625,42704,1104000,5089856,0,0,,std_14q_re1,0,,,,
std_14q_re1-std-rand20_t7-r0-1789952952,2026-09-20T18:09:12,std,build_0071783e_20260829023649,0.002,7de69de,batch,rand20_t7,0,ok,,20,128;10000;1024;1024;1000;1000;1000;1024;4096;1024;8192;10000;8192;32;1024;1024;8192;1000;1024;1024,2;2;2;2;2;2;2;2;2;2;2;2;2;2;2;2;2;2;2;2,6;1;5;6;3;5;3;5;14;3;4;12;3;8;4;4;3;3;3;6,21.10;5.43;18.92;59.48;14.50;17.66;14.50;17.97;46.42;12.06;14.84;43.24;11.71;27.36;17.12;17.12;11.71;14.50;12.06;59.48,1274.4202,966177382551291,966179395158020,2012.606729,42704,1104000,5089856,0,0,,std_14q_re1,0,,,,
std_14q_re1-std-rand20_t7-r1-1789952954,2026-09-20T18:09:14,std,build_0071783e_20260829023649,0.002,7de69de,batch,rand20_t7,1,ok,,20,128;10000;1024;1024;1000;1000;1000;1024;4096;1024;8192;10000;8192;32;1024;1024;8192;1000;1024;1024,2;2;2;2;2;2;2;2;2;2;2;2;2;2;2;2;2;2;2;2,6;1;5;6;3;5;3;5;14;3;4;12;3;8;4;4;3;3;3;6,21.10;5.43;18.92;59.48;14.50;17.66;14.50;17.97;46.42;12.06;14.84;43.24;11.71;27.36;17.12;17.12;11.71;14.50;12.06;59.48,1274.4202,966179660759777,966181673341065,2012.581288,42704,1104000,5089856,0,0,,std_14q_re1,0,,,,
std_14q_re1-std-rand20_t7-r2-1789952956,2026-09-20T18:09:16,std,build_0071783e_20260829023649,0.002,7de69de,batch,rand20_t7,2,ok,,20,128;10000;1024;1024;1000;1000;1000;1024;4096;1024;8192;10000;8192;32;1024;1024;8192;1000;1024;1024,2;2;2;2;2;2;2;2;2;2;2;2;2;2;2;2;2;2;2;2,6;1;5;6;3;5;3;5;14;3;4;12;3;8;4;4;3;3;3;6,21.10;5.43;18.92;59.48;14.50;17.66;14.50;17.97;46.42;12.06;14.84;43.24;11.71;27.36;17.12;17.12;11.71;14.50;12.06;59.48,1274.4202,966181939113294,966183951359929,2012.246635,42704,1104000,5089856,0,0,,std_14q_re1,0,,,,
std_14q_re1-std-rand20_t7-r3-1789952959,2026-09-20T18:09:18,std,build_0071783e_20260829023649,0.002,7de69de,batch,rand20_t7,3,ok,,20,128;10000;1024;1024;1000;1000;1000;1024;4096;1024;8192;10000;8192;32;1024;1024;8192;1000;1024;1024,2;2;2;2;2;2;2;2;2;2;2;2;2;2;2;2;2;2;2;2,6;1;5;6;3;5;3;5;14;3;4;12;3;8;4;4;3;3;3;6,21.10;5.43;18.92;59.48;14.50;17.66;14.50;17.97;46.42;12.06;14.84;43.24;11.71;27.36;17.12;17.12;11.71;14.50;12.06;59.48,1274.4202,966184216257919,966186228234092,2011.976173,42704,1104000,5089856,0,0,,std_14q_re1,0,,,,
std_14q_re1-std-rand20_t7-r4-1789952961,2026-09-20T18:09:21,std,build_0071783e_20260829023649,0.002,7de69de,batch,rand20_t7,4,ok,,20,128;10000;1024;1024;1000;1000;1000;1024;4096;1024;8192;10000;8192;32;1024;1024;8192;1000;1024;1024,2;2;2;2;2;2;2;2;2;2;2;2;2;2;2;2;2;2;2;2,6;1;5;6;3;5;3;5;14;3;4;12;3;8;4;4;3;3;3;6,21.10;5.43;18.92;59.48;14.50;17.66;14.50;17.97;46.42;12.06;14.84;43.24;11.71;27.36;17.12;17.12;11.71;14.50;12.06;59.48,1274.4202,966186490118901,966188502360576,2012.241675,42704,1104000,5089856,0,0,,std_14q_re1,0,,,,
std_14q_re1-std-rand20_t8-r-1-1789952963,2026-09-20T18:09:23,std,build_0071783e_20260829023649,0.002,7de69de,batch,rand20_t8,-1,ok,,20,4000;4000;1024;1000;400;1000;500;1024;4096;24576;400;1024;4096;1024;4000;4000;4000;10000;1024;500,2;2;2;2;2;2;2;2;2;2;2;2;2;2;2;2;2;2;2;2,12;12;5;2;14;5;4;4;14;2;14;3;14;6;2;2;2;1;3;4,42.85;42.85;17.97;8.94;50.12;17.66;26.47;17.12;46.42;8.58;50.12;12.06;46.42;59.48;8.58;8.58;8.58;5.43;12.06;26.47,1306.0361,966189490291247,966191660906957,2170.61571,46112,1361872,5360320,0,0,,std_14q_re1,0,,,,
std_14q_re1-std-rand20_t8-r0-1789952966,2026-09-20T18:09:26,std,build_0071783e_20260829023649,0.002,7de69de,batch,rand20_t8,0,ok,,20,4000;4000;1024;1000;400;1000;500;1024;4096;24576;400;1024;4096;1024;4000;4000;4000;10000;1024;500,2;2;2;2;2;2;2;2;2;2;2;2;2;2;2;2;2;2;2;2,12;12;5;2;14;5;4;4;14;2;14;3;14;6;2;2;2;1;3;4,42.85;42.85;17.97;8.94;50.12;17.66;26.47;17.12;46.42;8.58;50.12;12.06;46.42;59.48;8.58;8.58;8.58;5.43;12.06;26.47,1306.0361,966192108077429,966194277536547,2169.459118,46112,1361872,5360320,0,0,,std_14q_re1,0,,,,
std_14q_re1-std-rand20_t8-r1-1789952969,2026-09-20T18:09:29,std,build_0071783e_20260829023649,0.002,7de69de,batch,rand20_t8,1,ok,,20,4000;4000;1024;1000;400;1000;500;1024;4096;24576;400;1024;4096;1024;4000;4000;4000;10000;1024;500,2;2;2;2;2;2;2;2;2;2;2;2;2;2;2;2;2;2;2;2,12;12;5;2;14;5;4;4;14;2;14;3;14;6;2;2;2;1;3;4,42.85;42.85;17.97;8.94;50.12;17.66;26.47;17.12;46.42;8.58;50.12;12.06;46.42;59.48;8.58;8.58;8.58;5.43;12.06;26.47,1306.0361,966194723231185,966196893024276,2169.793091,46112,1361872,5360320,0,0,,std_14q_re1,0,,,,
std_14q_re1-std-rand20_t8-r2-1789952971,2026-09-20T18:09:31,std,build_0071783e_20260829023649,0.002,7de69de,batch,rand20_t8,2,ok,,20,4000;4000;1024;1000;400;1000;500;1024;4096;24576;400;1024;4096;1024;4000;4000;4000;10000;1024;500,2;2;2;2;2;2;2;2;2;2;2;2;2;2;2;2;2;2;2;2,12;12;5;2;14;5;4;4;14;2;14;3;14;6;2;2;2;1;3;4,42.85;42.85;17.97;8.94;50.12;17.66;26.47;17.12;46.42;8.58;50.12;12.06;46.42;59.48;8.58;8.58;8.58;5.43;12.06;26.47,1306.0361,966197353915836,966199523448624,2169.532788,46112,1361872,5360320,0,0,,std_14q_re1,0,,,,
std_14q_re1-std-rand20_t8-r3-1789952974,2026-09-20T18:09:34,std,build_0071783e_20260829023649,0.002,7de69de,batch,rand20_t8,3,ok,,20,4000;4000;1024;1000;400;1000;500;1024;4096;24576;400;1024;4096;1024;4000;4000;4000;10000;1024;500,2;2;2;2;2;2;2;2;2;2;2;2;2;2;2;2;2;2;2;2,12;12;5;2;14;5;4;4;14;2;14;3;14;6;2;2;2;1;3;4,42.85;42.85;17.97;8.94;50.12;17.66;26.47;17.12;46.42;8.58;50.12;12.06;46.42;59.48;8.58;8.58;8.58;5.43;12.06;26.47,1306.0361,966199970652507,966202140213406,2169.560899,46112,1361872,5360320,0,0,,std_14q_re1,0,,,,
std_14q_re1-std-rand20_t8-r4-1789952977,2026-09-20T18:09:37,std,build_0071783e_20260829023649,0.002,7de69de,batch,rand20_t8,4,ok,,20,4000;4000;1024;1000;400;1000;500;1024;4096;24576;400;1024;4096;1024;4000;4000;4000;10000;1024;500,2;2;2;2;2;2;2;2;2;2;2;2;2;2;2;2;2;2;2;2,12;12;5;2;14;5;4;4;14;2;14;3;14;6;2;2;2;1;3;4,42.85;42.85;17.97;8.94;50.12;17.66;26.47;17.12;46.42;8.58;50.12;12.06;46.42;59.48;8.58;8.58;8.58;5.43;12.06;26.47,1306.0361,966202593961084,966204763444583,2169.483499,46112,1361872,5360320,0,0,,std_14q_re1,0,,,,
std_14q_re1-std-rand20_t9-r-1-1789952980,2026-09-20T18:09:40,std,build_0071783e_20260829023649,0.002,7de69de,batch,rand20_t9,-1,ok,,20,1000;1000;500;1024;32;1024;400;8192;128;1024;24576;10000;500;1024;1000;10000;128;24576;8192;4000,2;2;2;2;2;2;2;2;2;2;2;2;2;2;2;2;2;2;2;2,5;3;4;3;8;6;14;3;6;3;2;12;4;3;5;1;6;2;3;12,17.66;14.50;26.47;12.06;27.36;59.48;50.12;11.71;21.10;12.06;8.58;43.24;26.47;12.06;17.66;5.43;21.10;8.58;11.71;42.85,1472.5207,966205526296612,966208001096954,2474.800342,38384,1133024,5770752,0,0,,std_14q_re1,0,,,,
std_14q_re1-std-rand20_t9-r0-1789952983,2026-09-20T18:09:43,std,build_0071783e_20260829023649,0.002,7de69de,batch,rand20_t9,0,ok,,20,1000;1000;500;1024;32;1024;400;8192;128;1024;24576;10000;500;1024;1000;10000;128;24576;8192;4000,2;2;2;2;2;2;2;2;2;2;2;2;2;2;2;2;2;2;2;2,5;3;4;3;8;6;14;3;6;3;2;12;4;3;5;1;6;2;3;12,17.66;14.50;26.47;12.06;27.36;59.48;50.12;11.71;21.10;12.06;8.58;43.24;26.47;12.06;17.66;5.43;21.10;8.58;11.71;42.85,1472.5207,966208223033374,966210699283610,2476.250236,38384,1133024,5770752,0,0,,std_14q_re1,0,,,,
std_14q_re1-std-rand20_t9-r1-1789952985,2026-09-20T18:09:45,std,build_0071783e_20260829023649,0.002,7de69de,batch,rand20_t9,1,ok,,20,1000;1000;500;1024;32;1024;400;8192;128;1024;24576;10000;500;1024;1000;10000;128;24576;8192;4000,2;2;2;2;2;2;2;2;2;2;2;2;2;2;2;2;2;2;2;2,5;3;4;3;8;6;14;3;6;3;2;12;4;3;5;1;6;2;3;12,17.66;14.50;26.47;12.06;27.36;59.48;50.12;11.71;21.10;12.06;8.58;43.24;26.47;12.06;17.66;5.43;21.10;8.58;11.71;42.85,1472.5207,966210921175109,966213397264674,2476.089565,38384,1133024,5770752,0,0,,std_14q_re1,0,,,,
std_14q_re1-std-rand20_t9-r2-1789952988,2026-09-20T18:09:48,std,build_0071783e_20260829023649,0.002,7de69de,batch,rand20_t9,2,ok,,20,1000;1000;500;1024;32;1024;400;8192;128;1024;24576;10000;500;1024;1000;10000;128;24576;8192;4000,2;2;2;2;2;2;2;2;2;2;2;2;2;2;2;2;2;2;2;2,5;3;4;3;8;6;14;3;6;3;2;12;4;3;5;1;6;2;3;12,17.66;14.50;26.47;12.06;27.36;59.48;50.12;11.71;21.10;12.06;8.58;43.24;26.47;12.06;17.66;5.43;21.10;8.58;11.71;42.85,1472.5207,966213619306025,966216096598582,2477.292557,38384,1133024,5770752,0,0,,std_14q_re1,0,,,,
std_14q_re1-std-rand20_t9-r3-1789952991,2026-09-20T18:09:51,std,build_0071783e_20260829023649,0.002,7de69de,batch,rand20_t9,3,ok,,20,1000;1000;500;1024;32;1024;400;8192;128;1024;24576;10000;500;1024;1000;10000;128;24576;8192;4000,2;2;2;2;2;2;2;2;2;2;2;2;2;2;2;2;2;2;2;2,5;3;4;3;8;6;14;3;6;3;2;12;4;3;5;1;6;2;3;12,17.66;14.50;26.47;12.06;27.36;59.48;50.12;11.71;21.10;12.06;8.58;43.24;26.47;12.06;17.66;5.43;21.10;8.58;11.71;42.85,1472.5207,966216315006316,966218790860679,2475.854363,38384,1133024,5770752,0,0,,std_14q_re1,0,,,,
std_14q_re1-std-rand20_t9-r4-1789952993,2026-09-20T18:09:53,std,build_0071783e_20260829023649,0.002,7de69de,batch,rand20_t9,4,ok,,20,1000;1000;500;1024;32;1024;400;8192;128;1024;24576;10000;500;1024;1000;10000;128;24576;8192;4000,2;2;2;2;2;2;2;2;2;2;2;2;2;2;2;2;2;2;2;2,5;3;4;3;8;6;14;3;6;3;2;12;4;3;5;1;6;2;3;12,17.66;14.50;26.47;12.06;27.36;59.48;50.12;11.71;21.10;12.06;8.58;43.24;26.47;12.06;17.66;5.43;21.10;8.58;11.71;42.85,1472.5207,966219007900139,966221483701371,2475.801232,38384,1133024,5770752,0,0,,std_14q_re1,0,,,,
std_14q_re1-std-rand30_t0-r-1-1789952996,2026-09-20T18:09:56,std,build_0071783e_20260829023649,0.002,7de69de,batch,rand30_t0,-1,ok,,30,1024;1024;400;10000;4000;4000;8192;4000;10000;4000;4000;1000;1000;4000;10000;4000;128;500;1000;1024;4000;1024;400;4000;24576;1000;8192;1024;400;4000,2;2;2;2;2;2;2;2;2;2;2;2;2;2;2;2;2;2;2;2;2;2;2;2;2;2;2;2;2;2,6;5;14;1;2;2;4;12;12;12;12;3;3;2;12;12;6;4;2;6;12;4;14;12;2;5;4;6;14;12,59.48;18.92;50.12;5.43;8.58;8.58;14.84;42.85;43.24;42.85;42.85;14.50;14.50;8.58;43.24;42.85;21.10;26.47;8.94;59.48;42.85;17.12;50.12;42.85;8.58;17.66;14.84;59.48;50.12;42.85,3027.4219,966222313091836,966227000169934,4687.078098,85216,2365968,12526272,0,0,,std_14q_re1,0,,,,
std_14q_re1-std-rand30_t0-r0-1789953002,2026-09-20T18:10:02,std,build_0071783e_20260829023649,0.002,7de69de,batch,rand30_t0,0,ok,,30,1024;1024;400;10000;4000;4000;8192;4000;10000;4000;4000;1000;1000;4000;10000;4000;128;500;1000;1024;4000;1024;400;4000;24576;1000;8192;1024;400;4000,2;2;2;2;2;2;2;2;2;2;2;2;2;2;2;2;2;2;2;2;2;2;2;2;2;2;2;2;2;2,6;5;14;1;2;2;4;12;12;12;12;3;3;2;12;12;6;4;2;6;12;4;14;12;2;5;4;6;14;12,59.48;18.92;50.12;5.43;8.58;8.58;14.84;42.85;43.24;42.85;42.85;14.50;14.50;8.58;43.24;42.85;21.10;26.47;8.94;59.48;42.85;17.12;50.12;42.85;8.58;17.66;14.84;59.48;50.12;42.85,3027.4219,966227339451798,966232026464825,4687.013027,85216,2365968,12526272,0,0,,std_14q_re1,0,,,,
std_14q_re1-std-rand30_t0-r1-1789953007,2026-09-20T18:10:07,std,build_0071783e_20260829023649,0.002,7de69de,batch,rand30_t0,1,ok,,30,1024;1024;400;10000;4000;4000;8192;4000;10000;4000;4000;1000;1000;4000;10000;4000;128;500;1000;1024;4000;1024;400;4000;24576;1000;8192;1024;400;4000,2;2;2;2;2;2;2;2;2;2;2;2;2;2;2;2;2;2;2;2;2;2;2;2;2;2;2;2;2;2,6;5;14;1;2;2;4;12;12;12;12;3;3;2;12;12;6;4;2;6;12;4;14;12;2;5;4;6;14;12,59.48;18.92;50.12;5.43;8.58;8.58;14.84;42.85;43.24;42.85;42.85;14.50;14.50;8.58;43.24;42.85;21.10;26.47;8.94;59.48;42.85;17.12;50.12;42.85;8.58;17.66;14.84;59.48;50.12;42.85,3027.4219,966232364642868,966237052702345,4688.059477,85216,2365968,12526272,0,0,,std_14q_re1,0,,,,
std_14q_re1-std-rand30_t0-r2-1789953012,2026-09-20T18:10:12,std,build_0071783e_20260829023649,0.002,7de69de,batch,rand30_t0,2,ok,,30,1024;1024;400;10000;4000;4000;8192;4000;10000;4000;4000;1000;1000;4000;10000;4000;128;500;1000;1024;4000;1024;400;4000;24576;1000;8192;1024;400;4000,2;2;2;2;2;2;2;2;2;2;2;2;2;2;2;2;2;2;2;2;2;2;2;2;2;2;2;2;2;2,6;5;14;1;2;2;4;12;12;12;12;3;3;2;12;12;6;4;2;6;12;4;14;12;2;5;4;6;14;12,59.48;18.92;50.12;5.43;8.58;8.58;14.84;42.85;43.24;42.85;42.85;14.50;14.50;8.58;43.24;42.85;21.10;26.47;8.94;59.48;42.85;17.12;50.12;42.85;8.58;17.66;14.84;59.48;50.12;42.85,3027.4219,966237396404953,966242083315029,4686.910076,85216,2365968,12526272,0,0,,std_14q_re1,0,,,,
std_14q_re1-std-rand30_t0-r3-1789953017,2026-09-20T18:10:17,std,build_0071783e_20260829023649,0.002,7de69de,batch,rand30_t0,3,ok,,30,1024;1024;400;10000;4000;4000;8192;4000;10000;4000;4000;1000;1000;4000;10000;4000;128;500;1000;1024;4000;1024;400;4000;24576;1000;8192;1024;400;4000,2;2;2;2;2;2;2;2;2;2;2;2;2;2;2;2;2;2;2;2;2;2;2;2;2;2;2;2;2;2,6;5;14;1;2;2;4;12;12;12;12;3;3;2;12;12;6;4;2;6;12;4;14;12;2;5;4;6;14;12,59.48;18.92;50.12;5.43;8.58;8.58;14.84;42.85;43.24;42.85;42.85;14.50;14.50;8.58;43.24;42.85;21.10;26.47;8.94;59.48;42.85;17.12;50.12;42.85;8.58;17.66;14.84;59.48;50.12;42.85,3027.4219,966242425285880,966247112127695,4686.841815,85216,2365968,12526272,0,0,,std_14q_re1,0,,,,
std_14q_re1-std-rand30_t0-r4-1789953022,2026-09-20T18:10:22,std,build_0071783e_20260829023649,0.002,7de69de,batch,rand30_t0,4,ok,,30,1024;1024;400;10000;4000;4000;8192;4000;10000;4000;4000;1000;1000;4000;10000;4000;128;500;1000;1024;4000;1024;400;4000;24576;1000;8192;1024;400;4000,2;2;2;2;2;2;2;2;2;2;2;2;2;2;2;2;2;2;2;2;2;2;2;2;2;2;2;2;2;2,6;5;14;1;2;2;4;12;12;12;12;3;3;2;12;12;6;4;2;6;12;4;14;12;2;5;4;6;14;12,59.48;18.92;50.12;5.43;8.58;8.58;14.84;42.85;43.24;42.85;42.85;14.50;14.50;8.58;43.24;42.85;21.10;26.47;8.94;59.48;42.85;17.12;50.12;42.85;8.58;17.66;14.84;59.48;50.12;42.85,3027.4219,966247455415999,966252142431446,4687.015447,85216,2365968,12526272,0,0,,std_14q_re1,0,,,,
std_14q_re1-std-rand30_t1-r-1-1789953027,2026-09-20T18:10:27,std,build_0071783e_20260829023649,0.002,7de69de,batch,rand30_t1,-1,ok,,30,400;1024;10000;4000;4000;4000;1000;400;32;8192;10000;1000;24576;1000;8192;4000;1024;1024;500;1024;1024;1024;1024;4000;1024;1000;1024;1024;4000;128,2;2;2;2;2;2;2;2;2;2;2;2;2;2;2;2;2;2;2;2;2;2;2;2;2;2;2;2;2;2,14;3;12;2;12;12;3;14;8;4;12;3;2;2;4;12;4;3;4;5;4;5;6;2;4;2;4;3;2;6,50.12;12.06;43.24;8.58;42.85;42.85;14.50;50.12;27.36;14.84;43.24;14.50;8.58;8.94;14.84;42.85;17.12;12.06;26.47;17.97;17.12;18.92;59.48;8.58;17.12;8.94;17.12;12.06;8.58;21.10,2245.8436,966253300805362,966256863628486,3562.823124,56720,1878208,9389568,0,0,,std_14q_re1,0,,,,
std_14q_re1-std-rand30_t1-r0-1789953031,2026-09-20T18:10:31,std,build_0071783e_20260829023649,0.002,7de69de,batch,rand30_t1,0,ok,,30,400;1024;10000;4000;4000;4000;1000;400;32;8192;10000;1000;24576;1000;8192;4000;1024;1024;500;1024;1024;1024;1024;4000;1024;1000;1024;1024;4000;128,2;2;2;2;2;2;2;2;2;2;2;2;2;2;2;2;2;2;2;2;2;2;2;2;2;2;2;2;2;2,14;3;12;2;12;12;3;14;8;4;12;3;2;2;4;12;4;3;4;5;4;5;6;2;4;2;4;3;2;6,50.12;12.06;43.24;8.58;42.85;42.85;14.50;50.12;27.36;14.84;43.24;14.50;8.58;8.94;14.84;42.85;17.12;12.06;26.47;17.97;17.12;18.92;59.48;8.58;17.12;8.94;17.12;12.06;8.58;21.10,2245.8436,966257432409004,966260995016866,3562.607862,56720,1878208,9389568,0,0,,std_14q_re1,0,,,,
std_14q_re1-std-rand30_t1-r1-1789953036,2026-09-20T18:10:36,std,build_0071783e_20260829023649,0.002,7de69de,batch,rand30_t1,1,ok,,30,400;1024;10000;4000;4000;4000;1000;400;32;8192;10000;1000;24576;1000;8192;4000;1024;1024;500;1024;1024;1024;1024;4000;1024;1000;1024;1024;4000;128,2;2;2;2;2;2;2;2;2;2;2;2;2;2;2;2;2;2;2;2;2;2;2;2;2;2;2;2;2;2,14;3;12;2;12;12;3;14;8;4;12;3;2;2;4;12;4;3;4;5;4;5;6;2;4;2;4;3;2;6,50.12;12.06;43.24;8.58;42.85;42.85;14.50;50.12;27.36;14.84;43.24;14.50;8.58;8.94;14.84;42.85;17.12;12.06;26.47;17.97;17.12;18.92;59.48;8.58;17.12;8.94;17.12;12.06;8.58;21.10,2245.8436,966261573034807,966265136288265,3563.253458,56720,1878208,9389568,0,0,,std_14q_re1,0,,,,
std_14q_re1-std-rand30_t1-r2-1789953040,2026-09-20T18:10:40,std,build_0071783e_20260829023649,0.002,7de69de,batch,rand30_t1,2,ok,,30,400;1024;10000;4000;4000;4000;1000;400;32;8192;10000;1000;24576;1000;8192;4000;1024;1024;500;1024;1024;1024;1024;4000;1024;1000;1024;1024;4000;128,2;2;2;2;2;2;2;2;2;2;2;2;2;2;2;2;2;2;2;2;2;2;2;2;2;2;2;2;2;2,14;3;12;2;12;12;3;14;8;4;12;3;2;2;4;12;4;3;4;5;4;5;6;2;4;2;4;3;2;6,50.12;12.06;43.24;8.58;42.85;42.85;14.50;50.12;27.36;14.84;43.24;14.50;8.58;8.94;14.84;42.85;17.12;12.06;26.47;17.97;17.12;18.92;59.48;8.58;17.12;8.94;17.12;12.06;8.58;21.10,2245.8436,966265705689240,966269268133390,3562.44415,56720,1878208,9389568,0,0,,std_14q_re1,0,,,,
std_14q_re1-std-rand30_t1-r3-1789953044,2026-09-20T18:10:44,std,build_0071783e_20260829023649,0.002,7de69de,batch,rand30_t1,3,ok,,30,400;1024;10000;4000;4000;4000;1000;400;32;8192;10000;1000;24576;1000;8192;4000;1024;1024;500;1024;1024;1024;1024;4000;1024;1000;1024;1024;4000;128,2;2;2;2;2;2;2;2;2;2;2;2;2;2;2;2;2;2;2;2;2;2;2;2;2;2;2;2;2;2,14;3;12;2;12;12;3;14;8;4;12;3;2;2;4;12;4;3;4;5;4;5;6;2;4;2;4;3;2;6,50.12;12.06;43.24;8.58;42.85;42.85;14.50;50.12;27.36;14.84;43.24;14.50;8.58;8.94;14.84;42.85;17.12;12.06;26.47;17.97;17.12;18.92;59.48;8.58;17.12;8.94;17.12;12.06;8.58;21.10,2245.8436,966269840907699,966273403842234,3562.934535,56720,1878208,9389568,0,0,,std_14q_re1,0,,,,
std_14q_re1-std-rand30_t1-r4-1789953048,2026-09-20T18:10:48,std,build_0071783e_20260829023649,0.002,7de69de,batch,rand30_t1,4,ok,,30,400;1024;10000;4000;4000;4000;1000;400;32;8192;10000;1000;24576;1000;8192;4000;1024;1024;500;1024;1024;1024;1024;4000;1024;1000;1024;1024;4000;128,2;2;2;2;2;2;2;2;2;2;2;2;2;2;2;2;2;2;2;2;2;2;2;2;2;2;2;2;2;2,14;3;12;2;12;12;3;14;8;4;12;3;2;2;4;12;4;3;4;5;4;5;6;2;4;2;4;3;2;6,50.12;12.06;43.24;8.58;42.85;42.85;14.50;50.12;27.36;14.84;43.24;14.50;8.58;8.94;14.84;42.85;17.12;12.06;26.47;17.97;17.12;18.92;59.48;8.58;17.12;8.94;17.12;12.06;8.58;21.10,2245.8436,966273967544141,966277530332965,3562.788824,56720,1878208,9389568,0,0,,std_14q_re1,0,,,,
std_14q_re1-std-rand30_t2-r-1-1789953053,2026-09-20T18:10:53,std,build_0071783e_20260829023649,0.002,7de69de,batch,rand30_t2,-1,ok,,30,1000;8192;500;1024;1024;10000;1024;1000;24576;1024;1024;1000;1000;4096;1024;8192;4096;8192;8192;400;1000;8192;8192;128;128;1024;4000;128;1024;4096,2;2;2;2;2;2;2;2;2;2;2;2;2;2;2;2;2;2;2;2;2;2;2;2;2;2;2;2;2;2,5;4;4;5;5;1;3;5;2;6;5;5;5;14;5;3;14;4;4;14;5;4;4;6;6;3;2;6;6;14,17.66;14.84;26.47;18.92;17.97;5.43;12.06;17.66;8.58;59.48;18.92;17.66;17.66;46.42;17.97;11.71;46.42;14.84;14.84;50.12;17.66;14.84;14.84;21.10;21.10;12.06;8.58;21.10;59.48;46.42,1925.6799,966278334189285,966281576785496,3242.596211,60320,1826704,7869888,0,0,,std_14q_re1,0,,,,
std_14q_re1-std-rand30_t2-r0-1789953056,2026-09-20T18:10:56,std,build_0071783e_20260829023649,0.002,7de69de,batch,rand30_t2,0,ok,,30,1000;8192;500;1024;1024;10000;1024;1000;24576;1024;1024;1000;1000;4096;1024;8192;4096;8192;8192;400;1000;8192;8192;128;128;1024;4000;128;1024;4096,2;2;2;2;2;2;2;2;2;2;2;2;2;2;2;2;2;2;2;2;2;2;2;2;2;2;2;2;2;2,5;4;4;5;5;1;3;5;2;6;5;5;5;14;5;3;14;4;4;14;5;4;4;6;6;3;2;6;6;14,17.66;14.84;26.47;18.92;17.97;5.43;12.06;17.66;8.58;59.48;18.92;17.66;17.66;46.42;17.97;11.71;46.42;14.84;14.84;50.12;17.66;14.84;14.84;21.10;21.10;12.06;8.58;21.10;59.48;46.42,1925.6799,966281827391962,966285070001433,3242.609471,60320,1826704,7869888,0,0,,std_14q_re1,0,,,,
std_14q_re1-std-rand30_t2-r1-1789953060,2026-09-20T18:11:00,std,build_0071783e_20260829023649,0.002,7de69de,batch,rand30_t2,1,ok,,30,1000;8192;500;1024;1024;10000;1024;1000;24576;1024;1024;1000;1000;4096;1024;8192;4096;8192;8192;400;1000;8192;8192;128;128;1024;4000;128;1024;4096,2;2;2;2;2;2;2;2;2;2;2;2;2;2;2;2;2;2;2;2;2;2;2;2;2;2;2;2;2;2,5;4;4;5;5;1;3;5;2;6;5;5;5;14;5;3;14;4;4;14;5;4;4;6;6;3;2;6;6;14,17.66;14.84;26.47;18.92;17.97;5.43;12.06;17.66;8.58;59.48;18.92;17.66;17.66;46.42;17.97;11.71;46.42;14.84;14.84;50.12;17.66;14.84;14.84;21.10;21.10;12.06;8.58;21.10;59.48;46.42,1925.6799,966285319775511,966288562139990,3242.364479,60320,1826704,7869888,0,0,,std_14q_re1,0,,,,
std_14q_re1-std-rand30_t2-r2-1789953063,2026-09-20T18:11:03,std,build_0071783e_20260829023649,0.002,7de69de,batch,rand30_t2,2,ok,,30,1000;8192;500;1024;1024;10000;1024;1000;24576;1024;1024;1000;1000;4096;1024;8192;4096;8192;8192;400;1000;8192;8192;128;128;1024;4000;128;1024;4096,2;2;2;2;2;2;2;2;2;2;2;2;2;2;2;2;2;2;2;2;2;2;2;2;2;2;2;2;2;2,5;4;4;5;5;1;3;5;2;6;5;5;5;14;5;3;14;4;4;14;5;4;4;6;6;3;2;6;6;14,17.66;14.84;26.47;18.92;17.97;5.43;12.06;17.66;8.58;59.48;18.92;17.66;17.66;46.42;17.97;11.71;46.42;14.84;14.84;50.12;17.66;14.84;14.84;21.10;21.10;12.06;8.58;21.10;59.48;46.42,1925.6799,966288813872748,966292056711291,3242.838543,60320,1826704,7869888,0,0,,std_14q_re1,0,,,,
std_14q_re1-std-rand30_t2-r3-1789953067,2026-09-20T18:11:07,std,build_0071783e_20260829023649,0.002,7de69de,batch,rand30_t2,3,ok,,30,1000;8192;500;1024;1024;10000;1024;1000;24576;1024;1024;1000;1000;4096;1024;8192;4096;8192;8192;400;1000;8192;8192;128;128;1024;4000;128;1024;4096,2;2;2;2;2;2;2;2;2;2;2;2;2;2;2;2;2;2;2;2;2;2;2;2;2;2;2;2;2;2,5;4;4;5;5;1;3;5;2;6;5;5;5;14;5;3;14;4;4;14;5;4;4;6;6;3;2;6;6;14,17.66;14.84;26.47;18.92;17.97;5.43;12.06;17.66;8.58;59.48;18.92;17.66;17.66;46.42;17.97;11.71;46.42;14.84;14.84;50.12;17.66;14.84;14.84;21.10;21.10;12.06;8.58;21.10;59.48;46.42,1925.6799,966292304104006,966295546594446,3242.49044,60320,1826704,7869888,0,0,,std_14q_re1,0,,,,
std_14q_re1-std-rand30_t2-r4-1789953070,2026-09-20T18:11:10,std,build_0071783e_20260829023649,0.002,7de69de,batch,rand30_t2,4,ok,,30,1000;8192;500;1024;1024;10000;1024;1000;24576;1024;1024;1000;1000;4096;1024;8192;4096;8192;8192;400;1000;8192;8192;128;128;1024;4000;128;1024;4096,2;2;2;2;2;2;2;2;2;2;2;2;2;2;2;2;2;2;2;2;2;2;2;2;2;2;2;2;2;2,5;4;4;5;5;1;3;5;2;6;5;5;5;14;5;3;14;4;4;14;5;4;4;6;6;3;2;6;6;14,17.66;14.84;26.47;18.92;17.97;5.43;12.06;17.66;8.58;59.48;18.92;17.66;17.66;46.42;17.97;11.71;46.42;14.84;14.84;50.12;17.66;14.84;14.84;21.10;21.10;12.06;8.58;21.10;59.48;46.42,1925.6799,966295792284043,966299034909604,3242.625561,60320,1826704,7869888,0,0,,std_14q_re1,0,,,,
std_14q_re1-std-rand30_t3-r-1-1789953074,2026-09-20T18:11:14,std,build_0071783e_20260829023649,0.002,7de69de,batch,rand30_t3,-1,ok,,30,1024;500;8192;1024;24576;1024;128;10000;4096;32;128;1000;32;1024;10000;1000;8192;1024;500;8192;400;10000;4096;1000;1000;24576;1000;32;400;8192,2;2;2;2;2;2;2;2;2;2;2;2;2;2;2;2;2;2;2;2;2;2;2;2;2;2;2;2;2;2,6;4;4;5;2;3;6;1;14;8;6;3;8;6;12;2;3;5;4;4;14;12;14;3;2;2;3;8;14;3,59.48;26.47;14.84;18.92;8.58;12.06;21.10;5.43;46.42;27.36;21.10;14.50;27.36;59.48;43.24;8.94;11.71;18.92;26.47;14.84;50.12;43.24;46.42;14.50;8.94;8.58;14.50;27.36;50.12;11.71,2465.2663,966299880075097,966303897006593,4016.931496,67600,1993856,10115968,0,0,,std_14q_re1,0,,,,
std_14q_re1-std-rand30_t3-r0-1789953078,2026-09-20T18:11:18,std,build_0071783e_20260829023649,0.002,7de69de,batch,rand30_t3,0,ok,,30,1024;500;8192;1024;24576;1024;128;10000;4096;32;128;1000;32;1024;10000;1000;8192;1024;500;8192;400;10000;4096;1000;1000;24576;1000;32;400;8192,2;2;2;2;2;2;2;2;2;2;2;2;2;2;2;2;2;2;2;2;2;2;2;2;2;2;2;2;2;2,6;4;4;5;2;3;6;1;14;8;6;3;8;6;12;2;3;5;4;4;14;12;14;3;2;2;3;8;14;3,59.48;26.47;14.84;18.92;8.58;12.06;21.10;5.43;46.42;27.36;21.10;14.50;27.36;59.48;43.24;8.94;11.71;18.92;26.47;14.84;50.12;43.24;46.42;14.50;8.94;8.58;14.50;27.36;50.12;11.71,2465.2663,966304212471508,966308224709837,4012.238329,67600,1993856,10115968,0,0,,std_14q_re1,0,,,,
std_14q_re1-std-rand30_t3-r1-1789953083,2026-09-20T18:11:23,std,build_0071783e_20260829023649,0.002,7de69de,batch,rand30_t3,1,ok,,30,1024;500;8192;1024;24576;1024;128;10000;4096;32;128;1000;32;1024;10000;1000;8192;1024;500;8192;400;10000;4096;1000;1000;24576;1000;32;400;8192,2;2;2;2;2;2;2;2;2;2;2;2;2;2;2;2;2;2;2;2;2;2;2;2;2;2;2;2;2;2,6;4;4;5;2;3;6;1;14;8;6;3;8;6;12;2;3;5;4;4;14;12;14;3;2;2;3;8;14;3,59.48;26.47;14.84;18.92;8.58;12.06;21.10;5.43;46.42;27.36;21.10;14.50;27.36;59.48;43.24;8.94;11.71;18.92;26.47;14.84;50.12;43.24;46.42;14.50;8.94;8.58;14.50;27.36;50.12;11.71,2465.2663,966308545930379,966312559042587,4013.112208,67600,1993856,10115968,0,0,,std_14q_re1,0,,,,
std_14q_re1-std-rand30_t3-r2-1789953087,2026-09-20T18:11:27,std,build_0071783e_20260829023649,0.002,7de69de,batch,rand30_t3,2,ok,,30,1024;500;8192;1024;24576;1024;128;10000;4096;32;128;1000;32;1024;10000;1000;8192;1024;500;8192;400;10000;4096;1000;1000;24576;1000;32;400;8192,2;2;2;2;2;2;2;2;2;2;2;2;2;2;2;2;2;2;2;2;2;2;2;2;2;2;2;2;2;2,6;4;4;5;2;3;6;1;14;8;6;3;8;6;12;2;3;5;4;4;14;12;14;3;2;2;3;8;14;3,59.48;26.47;14.84;18.92;8.58;12.06;21.10;5.43;46.42;27.36;21.10;14.50;27.36;59.48;43.24;8.94;11.71;18.92;26.47;14.84;50.12;43.24;46.42;14.50;8.94;8.58;14.50;27.36;50.12;11.71,2465.2663,966312873560742,966316884552748,4010.992006,67600,1993856,10115968,0,0,,std_14q_re1,0,,,,
std_14q_re1-std-rand30_t3-r3-1789953091,2026-09-20T18:11:31,std,build_0071783e_20260829023649,0.002,7de69de,batch,rand30_t3,3,ok,,30,1024;500;8192;1024;24576;1024;128;10000;4096;32;128;1000;32;1024;10000;1000;8192;1024;500;8192;400;10000;4096;1000;1000;24576;1000;32;400;8192,2;2;2;2;2;2;2;2;2;2;2;2;2;2;2;2;2;2;2;2;2;2;2;2;2;2;2;2;2;2,6;4;4;5;2;3;6;1;14;8;6;3;8;6;12;2;3;5;4;4;14;12;14;3;2;2;3;8;14;3,59.48;26.47;14.84;18.92;8.58;12.06;21.10;5.43;46.42;27.36;21.10;14.50;27.36;59.48;43.24;8.94;11.71;18.92;26.47;14.84;50.12;43.24;46.42;14.50;8.94;8.58;14.50;27.36;50.12;11.71,2465.2663,966317197489358,966321209832638,4012.34328,67600,1993856,10115968,0,0,,std_14q_re1,0,,,,
std_14q_re1-std-rand30_t3-r4-1789953096,2026-09-20T18:11:36,std,build_0071783e_20260829023649,0.002,7de69de,batch,rand30_t3,4,ok,,30,1024;500;8192;1024;24576;1024;128;10000;4096;32;128;1000;32;1024;10000;1000;8192;1024;500;8192;400;10000;4096;1000;1000;24576;1000;32;400;8192,2;2;2;2;2;2;2;2;2;2;2;2;2;2;2;2;2;2;2;2;2;2;2;2;2;2;2;2;2;2,6;4;4;5;2;3;6;1;14;8;6;3;8;6;12;2;3;5;4;4;14;12;14;3;2;2;3;8;14;3,59.48;26.47;14.84;18.92;8.58;12.06;21.10;5.43;46.42;27.36;21.10;14.50;27.36;59.48;43.24;8.94;11.71;18.92;26.47;14.84;50.12;43.24;46.42;14.50;8.94;8.58;14.50;27.36;50.12;11.71,2465.2663,966321526329173,966325537038597,4010.709424,67600,1993856,10115968,0,0,,std_14q_re1,0,,,,
std_14q_re1-std-rand30_t4-r-1-1789953101,2026-09-20T18:11:41,std,build_0071783e_20260829023649,0.002,7de69de,batch,rand30_t4,-1,ok,,30,128;500;1000;4096;32;1000;4096;24576;10000;10000;4000;128;1000;1024;1024;8192;1000;400;32;400;4096;1024;10000;1024;4000;500;1000;1024;400;1024,2;2;2;2;2;2;2;2;2;2;2;2;2;2;2;2;2;2;2;2;2;2;2;2;2;2;2;2;2;2,6;4;2;14;8;3;14;2;12;12;2;6;2;4;5;3;3;14;8;14;14;4;1;4;12;4;5;5;14;5,21.10;26.47;8.94;46.42;27.36;14.50;46.42;8.58;43.24;43.24;8.58;21.10;8.94;17.12;18.92;11.71;14.50;50.12;27.36;50.12;46.42;17.12;5.43;17.12;42.85;26.47;17.66;18.92;50.12;18.92,2271.1510,966326382581654,966330005990893,3623.409239,59696,2251472,9827520,0,0,,std_14q_re1,0,,,,
std_14q_re1-std-rand30_t4-r0-1789953105,2026-09-20T18:11:45,std,build_0071783e_20260829023649,0.002,7de69de,batch,rand30_t4,0,ok,,30,128;500;1000;4096;32;1000;4096;24576;10000;10000;4000;128;1000;1024;1024;8192;1000;400;32;400;4096;1024;10000;1024;4000;500;1000;1024;400;1024,2;2;2;2;2;2;2;2;2;2;2;2;2;2;2;2;2;2;2;2;2;2;2;2;2;2;2;2;2;2,6;4;2;14;8;3;14;2;12;12;2;6;2;4;5;3;3;14;8;14;14;4;1;4;12;4;5;5;14;5,21.10;26.47;8.94;46.42;27.36;14.50;46.42;8.58;43.24;43.24;8.58;21.10;8.94;17.12;18.92;11.71;14.50;50.12;27.36;50.12;46.42;17.12;5.43;17.12;42.85;26.47;17.66;18.92;50.12;18.92,2271.1510,966330400565910,966334023286253,3622.720343,59696,2251472,9827520,0,0,,std_14q_re1,0,,,,
std_14q_re1-std-rand30_t4-r1-1789953109,2026-09-20T18:11:49,std,build_0071783e_20260829023649,0.002,7de69de,batch,rand30_t4,1,ok,,30,128;500;1000;4096;32;1000;4096;24576;10000;10000;4000;128;1000;1024;1024;8192;1000;400;32;400;4096;1024;10000;1024;4000;500;1000;1024;400;1024,2;2;2;2;2;2;2;2;2;2;2;2;2;2;2;2;2;2;2;2;2;2;2;2;2;2;2;2;2;2,6;4;2;14;8;3;14;2;12;12;2;6;2;4;5;3;3;14;8;14;14;4;1;4;12;4;5;5;14;5,21.10;26.47;8.94;46.42;27.36;14.50;46.42;8.58;43.24;43.24;8.58;21.10;8.94;17.12;18.92;11.71;14.50;50.12;27.36;50.12;46.42;17.12;5.43;17.12;42.85;26.47;17.66;18.92;50.12;18.92,2271.1510,966334334650527,966337957472020,3622.821493,59696,2251472,9827520,0,0,,std_14q_re1,0,,,,
std_14q_re1-std-rand30_t4-r2-1789953113,2026-09-20T18:11:53,std,build_0071783e_20260829023649,0.002,7de69de,batch,rand30_t4,2,ok,,30,128;500;1000;4096;32;1000;4096;24576;10000;10000;4000;128;1000;1024;1024;8192;1000;400;32;400;4096;1024;10000;1024;4000;500;1000;1024;400;1024,2;2;2;2;2;2;2;2;2;2;2;2;2;2;2;2;2;2;2;2;2;2;2;2;2;2;2;2;2;2,6;4;2;14;8;3;14;2;12;12;2;6;2;4;5;3;3;14;8;14;14;4;1;4;12;4;5;5;14;5,21.10;26.47;8.94;46.42;27.36;14.50;46.42;8.58;43.24;43.24;8.58;21.10;8.94;17.12;18.92;11.71;14.50;50.12;27.36;50.12;46.42;17.12;5.43;17.12;42.85;26.47;17.66;18.92;50.12;18.92,2271.1510,966338269164038,966341891744389,3622.580351,59696,2251472,9827520,0,0,,std_14q_re1,0,,,,
std_14q_re1-std-rand30_t4-r3-1789953116,2026-09-20T18:11:56,std,build_0071783e_20260829023649,0.002,7de69de,batch,rand30_t4,3,ok,,30,128;500;1000;4096;32;1000;4096;24576;10000;10000;4000;128;1000;1024;1024;8192;1000;400;32;400;4096;1024;10000;1024;4000;500;1000;1024;400;1024,2;2;2;2;2;2;2;2;2;2;2;2;2;2;2;2;2;2;2;2;2;2;2;2;2;2;2;2;2;2,6;4;2;14;8;3;14;2;12;12;2;6;2;4;5;3;3;14;8;14;14;4;1;4;12;4;5;5;14;5,21.10;26.47;8.94;46.42;27.36;14.50;46.42;8.58;43.24;43.24;8.58;21.10;8.94;17.12;18.92;11.71;14.50;50.12;27.36;50.12;46.42;17.12;5.43;17.12;42.85;26.47;17.66;18.92;50.12;18.92,2271.1510,966342210861281,966345835087339,3624.226058,59696,2251472,9827520,0,0,,std_14q_re1,0,,,,
std_14q_re1-std-rand30_t4-r4-1789953120,2026-09-20T18:12:00,std,build_0071783e_20260829023649,0.002,7de69de,batch,rand30_t4,4,ok,,30,128;500;1000;4096;32;1000;4096;24576;10000;10000;4000;128;1000;1024;1024;8192;1000;400;32;400;4096;1024;10000;1024;4000;500;1000;1024;400;1024,2;2;2;2;2;2;2;2;2;2;2;2;2;2;2;2;2;2;2;2;2;2;2;2;2;2;2;2;2;2,6;4;2;14;8;3;14;2;12;12;2;6;2;4;5;3;3;14;8;14;14;4;1;4;12;4;5;5;14;5,21.10;26.47;8.94;46.42;27.36;14.50;46.42;8.58;43.24;43.24;8.58;21.10;8.94;17.12;18.92;11.71;14.50;50.12;27.36;50.12;46.42;17.12;5.43;17.12;42.85;26.47;17.66;18.92;50.12;18.92,2271.1510,966346148350042,966349770522599,3622.172557,59696,2251472,9827520,0,0,,std_14q_re1,0,,,,
std_14q_re1-std-rand30_t5-r-1-1789953125,2026-09-20T18:12:05,std,build_0071783e_20260829023649,0.002,7de69de,batch,rand30_t5,-1,ok,,30,4000;1000;32;1024;1000;500;10000;1024;500;1024;8192;1024;1024;8192;1024;4000;1000;4096;1000;8192;128;1024;128;1000;128;1024;10000;4096;4000;10000,2;2;2;2;2;2;2;2;2;2;2;2;2;2;2;2;2;2;2;2;2;2;2;2;2;2;2;2;2;2,12;5;8;3;3;4;12;5;4;3;3;3;3;4;5;2;3;14;5;3;6;5;6;3;6;6;1;14;12;12,42.85;17.66;27.36;12.06;14.50;26.47;43.24;18.92;26.47;12.06;11.71;12.06;12.06;14.84;18.92;8.58;14.50;46.42;17.66;11.71;21.10;18.92;21.10;14.50;21.10;59.48;5.43;46.42;42.85;43.24,2272.7094,966350808116717,966354321508156,3513.391439,56848,1895008,9654016,0,0,,std_14q_re1,0,,,,
std_14q_re1-std-rand30_t5-r0-1789953129,2026-09-20T18:12:09,std,build_0071783e_20260829023649,0.002,7de69de,batch,rand30_t5,0,ok,,30,4000;1000;32;1024;1000;500;10000;1024;500;1024;8192;1024;1024;8192;1024;4000;1000;4096;1000;8192;128;1024;128;1000;128;1024;10000;4096;4000;10000,2;2;2;2;2;2;2;2;2;2;2;2;2;2;2;2;2;2;2;2;2;2;2;2;2;2;2;2;2;2,12;5;8;3;3;4;12;5;4;3;3;3;3;4;5;2;3;14;5;3;6;5;6;3;6;6;1;14;12;12,42.85;17.66;27.36;12.06;14.50;26.47;43.24;18.92;26.47;12.06;11.71;12.06;12.06;14.84;18.92;8.58;14.50;46.42;17.66;11.71;21.10;18.92;21.10;14.50;21.10;59.48;5.43;46.42;42.85;43.24,2272.7094,966354816567688,966358333792385,3517.224697,56848,1895008,9654016,0,0,,std_14q_re1,0,,,,
std_14q_re1-std-rand30_t5-r1-1789953133,2026-09-20T18:12:13,std,build_0071783e_20260829023649,0.002,7de69de,batch,rand30_t5,1,ok,,30,4000;1000;32;1024;1000;500;10000;1024;500;1024;8192;1024;1024;8192;1024;4000;1000;4096;1000;8192;128;1024;128;1000;128;1024;10000;4096;4000;10000,2;2;2;2;2;2;2;2;2;2;2;2;2;2;2;2;2;2;2;2;2;2;2;2;2;2;2;2;2;2,12;5;8;3;3;4;12;5;4;3;3;3;3;4;5;2;3;14;5;3;6;5;6;3;6;6;1;14;12;12,42.85;17.66;27.36;12.06;14.50;26.47;43.24;18.92;26.47;12.06;11.71;12.06;12.06;14.84;18.92;8.58;14.50;46.42;17.66;11.71;21.10;18.92;21.10;14.50;21.10;59.48;5.43;46.42;42.85;43.24,2272.7094,966358824946508,966362342226396,3517.279888,56848,1895008,9654016,0,0,,std_14q_re1,0,,,,
std_14q_re1-std-rand30_t5-r2-1789953137,2026-09-20T18:12:17,std,build_0071783e_20260829023649,0.002,7de69de,batch,rand30_t5,2,ok,,30,4000;1000;32;1024;1000;500;10000;1024;500;1024;8192;1024;1024;8192;1024;4000;1000;4096;1000;8192;128;1024;128;1000;128;1024;10000;4096;4000;10000,2;2;2;2;2;2;2;2;2;2;2;2;2;2;2;2;2;2;2;2;2;2;2;2;2;2;2;2;2;2,12;5;8;3;3;4;12;5;4;3;3;3;3;4;5;2;3;14;5;3;6;5;6;3;6;6;1;14;12;12,42.85;17.66;27.36;12.06;14.50;26.47;43.24;18.92;26.47;12.06;11.71;12.06;12.06;14.84;18.92;8.58;14.50;46.42;17.66;11.71;21.10;18.92;21.10;14.50;21.10;59.48;5.43;46.42;42.85;43.24,2272.7094,966362834040905,966366352505845,3518.46494,56848,1895008,9654016,0,0,,std_14q_re1,0,,,,
std_14q_re1-std-rand30_t5-r3-1789953141,2026-09-20T18:12:21,std,build_0071783e_20260829023649,0.002,7de69de,batch,rand30_t5,3,ok,,30,4000;1000;32;1024;1000;500;10000;1024;500;1024;8192;1024;1024;8192;1024;4000;1000;4096;1000;8192;128;1024;128;1000;128;1024;10000;4096;4000;10000,2;2;2;2;2;2;2;2;2;2;2;2;2;2;2;2;2;2;2;2;2;2;2;2;2;2;2;2;2;2,12;5;8;3;3;4;12;5;4;3;3;3;3;4;5;2;3;14;5;3;6;5;6;3;6;6;1;14;12;12,42.85;17.66;27.36;12.06;14.50;26.47;43.24;18.92;26.47;12.06;11.71;12.06;12.06;14.84;18.92;8.58;14.50;46.42;17.66;11.71;21.10;18.92;21.10;14.50;21.10;59.48;5.43;46.42;42.85;43.24,2272.7094,966366845631027,966370363369630,3517.738603,56848,1895008,9654016,0,0,,std_14q_re1,0,,,,
std_14q_re1-std-rand30_t5-r4-1789953145,2026-09-20T18:12:25,std,build_0071783e_20260829023649,0.002,7de69de,batch,rand30_t5,4,ok,,30,4000;1000;32;1024;1000;500;10000;1024;500;1024;8192;1024;1024;8192;1024;4000;1000;4096;1000;8192;128;1024;128;1000;128;1024;10000;4096;4000;10000,2;2;2;2;2;2;2;2;2;2;2;2;2;2;2;2;2;2;2;2;2;2;2;2;2;2;2;2;2;2,12;5;8;3;3;4;12;5;4;3;3;3;3;4;5;2;3;14;5;3;6;5;6;3;6;6;1;14;12;12,42.85;17.66;27.36;12.06;14.50;26.47;43.24;18.92;26.47;12.06;11.71;12.06;12.06;14.84;18.92;8.58;14.50;46.42;17.66;11.71;21.10;18.92;21.10;14.50;21.10;59.48;5.43;46.42;42.85;43.24,2272.7094,966370854720254,966374372957772,3518.237518,56848,1895008,9654016,0,0,,std_14q_re1,0,,,,
std_14q_re1-std-rand30_t6-r-1-1789953149,2026-09-20T18:12:29,std,build_0071783e_20260829023649,0.002,7de69de,batch,rand30_t6,-1,ok,,30,1024;24576;1024;10000;4000;1024;128;1000;1024;500;1000;1000;128;24576;8192;4096;128;1000;32;4000;500;24576;1024;10000;24576;500;4000;32;8192;1024,2;2;2;2;2;2;2;2;2;2;2;2;2;2;2;2;2;2;2;2;2;2;2;2;2;2;2;2;2;2,5;2;5;12;12;4;6;5;5;4;3;3;6;2;4;14;6;2;8;2;4;2;5;1;2;4;2;8;3;5,17.97;8.58;17.97;43.24;42.85;17.12;21.10;17.66;18.92;26.47;14.50;14.50;21.10;8.58;14.84;46.42;21.10;8.94;27.36;8.58;26.47;8.58;17.97;5.43;8.58;26.47;8.58;27.36;11.71;17.97,2193.9864,966375165531619,966378990757967,3825.226348,40752,1569168,8876736,0,0,,std_14q_re1,0,,,,
std_14q_re1-std-rand30_t6-r0-1789953154,2026-09-20T18:12:34,std,build_0071783e_20260829023649,0.002,7de69de,batch,rand30_t6,0,ok,,30,1024;24576;1024;10000;4000;1024;128;1000;1024;500;1000;1000;128;24576;8192;4096;128;1000;32;4000;500;24576;1024;10000;24576;500;4000;32;8192;1024,2;2;2;2;2;2;2;2;2;2;2;2;2;2;2;2;2;2;2;2;2;2;2;2;2;2;2;2;2;2,5;2;5;12;12;4;6;5;5;4;3;3;6;2;4;14;6;2;8;2;4;2;5;1;2;4;2;8;3;5,17.97;8.58;17.97;43.24;42.85;17.12;21.10;17.66;18.92;26.47;14.50;14.50;21.10;8.58;14.84;46.42;21.10;8.94;27.36;8.58;26.47;8.58;17.97;5.43;8.58;26.47;8.58;27.36;11.71;17.97,2193.9864,966379262103091,966383081366350,3819.263259,40752,1569168,8876736,0,0,,std_14q_re1,0,,,,
std_14q_re1-std-rand30_t6-r1-1789953158,2026-09-20T18:12:38,std,build_0071783e_20260829023649,0.002,7de69de,batch,rand30_t6,1,ok,,30,1024;24576;1024;10000;4000;1024;128;1000;1024;500;1000;1000;128;24576;8192;4096;128;1000;32;4000;500;24576;1024;10000;24576;500;4000;32;8192;1024,2;2;2;2;2;2;2;2;2;2;2;2;2;2;2;2;2;2;2;2;2;2;2;2;2;2;2;2;2;2,5;2;5;12;12;4;6;5;5;4;3;3;6;2;4;14;6;2;8;2;4;2;5;1;2;4;2;8;3;5,17.97;8.58;17.97;43.24;42.85;17.12;21.10;17.66;18.92;26.47;14.50;14.50;21.10;8.58;14.84;46.42;21.10;8.94;27.36;8.58;26.47;8.58;17.97;5.43;8.58;26.47;8.58;27.36;11.71;17.97,2193.9864,966383342893115,966387162940592,3820.047477,40752,1569168,8876736,0,0,,std_14q_re1,0,,,,
std_14q_re1-std-rand30_t6-r2-1789953162,2026-09-20T18:12:42,std,build_0071783e_20260829023649,0.002,7de69de,batch,rand30_t6,2,ok,,30,1024;24576;1024;10000;4000;1024;128;1000;1024;500;1000;1000;128;24576;8192;4096;128;1000;32;4000;500;24576;1024;10000;24576;500;4000;32;8192;1024,2;2;2;2;2;2;2;2;2;2;2;2;2;2;2;2;2;2;2;2;2;2;2;2;2;2;2;2;2;2,5;2;5;12;12;4;6;5;5;4;3;3;6;2;4;14;6;2;8;2;4;2;5;1;2;4;2;8;3;5,17.97;8.58;17.97;43.24;42.85;17.12;21.10;17.66;18.92;26.47;14.50;14.50;21.10;8.58;14.84;46.42;21.10;8.94;27.36;8.58;26.47;8.58;17.97;5.43;8.58;26.47;8.58;27.36;11.71;17.97,2193.9864,966387424795871,966391244681536,3819.885665,40752,1569168,8876736,0,0,,std_14q_re1,0,,,,
std_14q_re1-std-rand30_t6-r3-1789953166,2026-09-20T18:12:46,std,build_0071783e_20260829023649,0.002,7de69de,batch,rand30_t6,3,ok,,30,1024;24576;1024;10000;4000;1024;128;1000;1024;500;1000;1000;128;24576;8192;4096;128;1000;32;4000;500;24576;1024;10000;24576;500;4000;32;8192;1024,2;2;2;2;2;2;2;2;2;2;2;2;2;2;2;2;2;2;2;2;2;2;2;2;2;2;2;2;2;2,5;2;5;12;12;4;6;5;5;4;3;3;6;2;4;14;6;2;8;2;4;2;5;1;2;4;2;8;3;5,17.97;8.58;17.97;43.24;42.85;17.12;21.10;17.66;18.92;26.47;14.50;14.50;21.10;8.58;14.84;46.42;21.10;8.94;27.36;8.58;26.47;8.58;17.97;5.43;8.58;26.47;8.58;27.36;11.71;17.97,2193.9864,966391511377943,966395331477480,3820.099537,40752,1569168,8876736,0,0,,std_14q_re1,0,,,,
std_14q_re1-std-rand30_t6-r4-1789953170,2026-09-20T18:12:50,std,build_0071783e_20260829023649,0.002,7de69de,batch,rand30_t6,4,ok,,30,1024;24576;1024;10000;4000;1024;128;1000;1024;500;1000;1000;128;24576;8192;4096;128;1000;32;4000;500;24576;1024;10000;24576;500;4000;32;8192;1024,2;2;2;2;2;2;2;2;2;2;2;2;2;2;2;2;2;2;2;2;2;2;2;2;2;2;2;2;2;2,5;2;5;12;12;4;6;5;5;4;3;3;6;2;4;14;6;2;8;2;4;2;5;1;2;4;2;8;3;5,17.97;8.58;17.97;43.24;42.85;17.12;21.10;17.66;18.92;26.47;14.50;14.50;21.10;8.58;14.84;46.42;21.10;8.94;27.36;8.58;26.47;8.58;17.97;5.43;8.58;26.47;8.58;27.36;11.71;17.97,2193.9864,966395592869194,966399412852160,3819.982966,40752,1569168,8876736,0,0,,std_14q_re1,0,,,,
std_14q_re1-std-rand30_t7-r-1-1789953174,2026-09-20T18:12:54,std,build_0071783e_20260829023649,0.002,7de69de,batch,rand30_t7,-1,ok,,30,1000;8192;10000;1024;10000;400;1024;8192;24576;1024;1024;8192;4096;10000;4096;10000;1024;1000;24576;1000;4000;4096;10000;1000;4096;10000;1000;500;1000;4000,2;2;2;2;2;2;2;2;2;2;2;2;2;2;2;2;2;2;2;2;2;2;2;2;2;2;2;2;2;2,3;4;12;5;12;14;3;3;2;5;4;4;14;12;14;12;6;2;2;2;2;14;1;3;14;12;2;4;5;2,14.50;14.84;43.24;17.97;43.24;50.12;12.06;11.71;8.58;18.92;17.12;14.84;46.42;43.24;46.42;43.24;59.48;8.94;8.58;8.94;8.58;46.42;5.43;14.50;46.42;43.24;8.94;26.47;17.66;8.58,4041.8606,966400178217345,966406397460127,6219.242782,62960,2127504,17430720,0,0,,std_14q_re1,0,,,,
std_14q_re1-std-rand30_t7-r0-1789953181,2026-09-20T18:13:01,std,build_0071783e_20260829023649,0.002,7de69de,batch,rand30_t7,0,ok,,30,1000;8192;10000;1024;10000;400;1024;8192;24576;1024;1024;8192;4096;10000;4096;10000;1024;1000;24576;1000;4000;4096;10000;1000;4096;10000;1000;500;1000;4000,2;2;2;2;2;2;2;2;2;2;2;2;2;2;2;2;2;2;2;2;2;2;2;2;2;2;2;2;2;2,3;4;12;5;12;14;3;3;2;5;4;4;14;12;14;12;6;2;2;2;2;14;1;3;14;12;2;4;5;2,14.50;14.84;43.24;17.97;43.24;50.12;12.06;11.71;8.58;18.92;17.12;14.84;46.42;43.24;46.42;43.24;59.48;8.94;8.58;8.94;8.58;46.42;5.43;14.50;46.42;43.24;8.94;26.47;17.66;8.58,4041.8606,966406675248355,966412886021793,6210.773438,62960,2127504,17430720,0,0,,std_14q_re1,0,,,,
std_14q_re1-std-rand30_t7-r1-1789953188,2026-09-20T18:13:08,std,build_0071783e_20260829023649,0.002,7de69de,batch,rand30_t7,1,ok,,30,1000;8192;10000;1024;10000;400;1024;8192;24576;1024;1024;8192;4096;10000;4096;10000;1024;1000;24576;1000;4000;4096;10000;1000;4096;10000;1000;500;1000;4000,2;2;2;2;2;2;2;2;2;2;2;2;2;2;2;2;2;2;2;2;2;2;2;2;2;2;2;2;2;2,3;4;12;5;12;14;3;3;2;5;4;4;14;12;14;12;6;2;2;2;2;14;1;3;14;12;2;4;5;2,14.50;14.84;43.24;17.97;43.24;50.12;12.06;11.71;8.58;18.92;17.12;14.84;46.42;43.24;46.42;43.24;59.48;8.94;8.58;8.94;8.58;46.42;5.43;14.50;46.42;43.24;8.94;26.47;17.66;8.58,4041.8606,966413162865312,966419374007273,6211.141961,62960,2127504,17430720,0,0,,std_14q_re1,0,,,,
std_14q_re1-std-rand30_t7-r2-1789953194,2026-09-20T18:13:14,std,build_0071783e_20260829023649,0.002,7de69de,batch,rand30_t7,2,ok,,30,1000;8192;10000;1024;10000;400;1024;8192;24576;1024;1024;8192;4096;10000;4096;10000;1024;1000;24576;1000;4000;4096;10000;1000;4096;10000;1000;500;1000;4000,2;2;2;2;2;2;2;2;2;2;2;2;2;2;2;2;2;2;2;2;2;2;2;2;2;2;2;2;2;2,3;4;12;5;12;14;3;3;2;5;4;4;14;12;14;12;6;2;2;2;2;14;1;3;14;12;2;4;5;2,14.50;14.84;43.24;17.97;43.24;50.12;12.06;11.71;8.58;18.92;17.12;14.84;46.42;43.24;46.42;43.24;59.48;8.94;8.58;8.94;8.58;46.42;5.43;14.50;46.42;43.24;8.94;26.47;17.66;8.58,4041.8606,966419648703110,966425858586179,6209.883069,62960,2127504,17430720,0,0,,std_14q_re1,0,,,,
std_14q_re1-std-rand30_t7-r3-1789953201,2026-09-20T18:13:21,std,build_0071783e_20260829023649,0.002,7de69de,batch,rand30_t7,3,ok,,30,1000;8192;10000;1024;10000;400;1024;8192;24576;1024;1024;8192;4096;10000;4096;10000;1024;1000;24576;1000;4000;4096;10000;1000;4096;10000;1000;500;1000;4000,2;2;2;2;2;2;2;2;2;2;2;2;2;2;2;2;2;2;2;2;2;2;2;2;2;2;2;2;2;2,3;4;12;5;12;14;3;3;2;5;4;4;14;12;14;12;6;2;2;2;2;14;1;3;14;12;2;4;5;2,14.50;14.84;43.24;17.97;43.24;50.12;12.06;11.71;8.58;18.92;17.12;14.84;46.42;43.24;46.42;43.24;59.48;8.94;8.58;8.94;8.58;46.42;5.43;14.50;46.42;43.24;8.94;26.47;17.66;8.58,4041.8606,966426134542539,966432344111754,6209.569215,62960,2127504,17430720,0,0,,std_14q_re1,0,,,,
std_14q_re1-std-rand30_t7-r4-1789953207,2026-09-20T18:13:27,std,build_0071783e_20260829023649,0.002,7de69de,batch,rand30_t7,4,ok,,30,1000;8192;10000;1024;10000;400;1024;8192;24576;1024;1024;8192;4096;10000;4096;10000;1024;1000;24576;1000;4000;4096;10000;1000;4096;10000;1000;500;1000;4000,2;2;2;2;2;2;2;2;2;2;2;2;2;2;2;2;2;2;2;2;2;2;2;2;2;2;2;2;2;2,3;4;12;5;12;14;3;3;2;5;4;4;14;12;14;12;6;2;2;2;2;14;1;3;14;12;2;4;5;2,14.50;14.84;43.24;17.97;43.24;50.12;12.06;11.71;8.58;18.92;17.12;14.84;46.42;43.24;46.42;43.24;59.48;8.94;8.58;8.94;8.58;46.42;5.43;14.50;46.42;43.24;8.94;26.47;17.66;8.58,4041.8606,966432625761711,966438838689380,6212.927669,62960,2127504,17430720,0,0,,std_14q_re1,0,,,,
std_14q_re1-std-rand30_t8-r-1-1789953214,2026-09-20T18:13:34,std,build_0071783e_20260829023649,0.002,7de69de,batch,rand30_t8,-1,ok,,30,400;1024;4000;24576;8192;4096;1024;1024;1000;8192;4096;500;4000;10000;4000;500;4000;1024;10000;8192;128;1024;1024;8192;400;400;4000;1024;500;400,2;2;2;2;2;2;2;2;2;2;2;2;2;2;2;2;2;2;2;2;2;2;2;2;2;2;2;2;2;2,14;4;2;2;4;14;4;5;5;3;14;4;2;12;12;4;2;4;12;4;6;5;5;4;14;14;2;4;4;14,50.12;17.12;8.58;8.58;14.84;46.42;17.12;17.97;17.66;11.71;46.42;26.47;8.58;43.24;42.85;26.47;8.58;17.12;43.24;14.84;21.10;17.97;18.92;14.84;50.12;50.12;8.58;17.12;26.47;50.12,2492.0956,966439998346198,966444007549937,4009.203739,60080,2174464,10729920,0,0,,std_14q_re1,0,,,,
std_14q_re1-std-rand30_t8-r0-1789953219,2026-09-20T18:13:39,std,build_0071783e_20260829023649,0.002,7de69de,batch,rand30_t8,0,ok,,30,400;1024;4000;24576;8192;4096;1024;1024;1000;8192;4096;500;4000;10000;4000;500;4000;1024;10000;8192;128;1024;1024;8192;400;400;4000;1024;500;400,2;2;2;2;2;2;2;2;2;2;2;2;2;2;2;2;2;2;2;2;2;2;2;2;2;2;2;2;2;2,14;4;2;2;4;14;4;5;5;3;14;4;2;12;12;4;2;4;12;4;6;5;5;4;14;14;2;4;4;14,50.12;17.12;8.58;8.58;14.84;46.42;17.12;17.97;17.66;11.71;46.42;26.47;8.58;43.24;42.85;26.47;8.58;17.12;43.24;14.84;21.10;17.97;18.92;14.84;50.12;50.12;8.58;17.12;26.47;50.12,2492.0956,966444589021282,966448604088409,4015.067127,60080,2174464,10729920,0,0,,std_14q_re1,0,,,,
std_14q_re1-std-rand30_t8-r1-1789953223,2026-09-20T18:13:43,std,build_0071783e_20260829023649,0.002,7de69de,batch,rand30_t8,1,ok,,30,400;1024;4000;24576;8192;4096;1024;1024;1000;8192;4096;500;4000;10000;4000;500;4000;1024;10000;8192;128;1024;1024;8192;400;400;4000;1024;500;400,2;2;2;2;2;2;2;2;2;2;2;2;2;2;2;2;2;2;2;2;2;2;2;2;2;2;2;2;2;2,14;4;2;2;4;14;4;5;5;3;14;4;2;12;12;4;2;4;12;4;6;5;5;4;14;14;2;4;4;14,50.12;17.12;8.58;8.58;14.84;46.42;17.12;17.97;17.66;11.71;46.42;26.47;8.58;43.24;42.85;26.47;8.58;17.12;43.24;14.84;21.10;17.97;18.92;14.84;50.12;50.12;8.58;17.12;26.47;50.12,2492.0956,966449193047780,966453207732713,4014.684933,60080,2174464,10729920,0,0,,std_14q_re1,0,,,,
std_14q_re1-std-rand30_t8-r2-1789953228,2026-09-20T18:13:48,std,build_0071783e_20260829023649,0.002,7de69de,batch,rand30_t8,2,ok,,30,400;1024;4000;24576;8192;4096;1024;1024;1000;8192;4096;500;4000;10000;4000;500;4000;1024;10000;8192;128;1024;1024;8192;400;400;4000;1024;500;400,2;2;2;2;2;2;2;2;2;2;2;2;2;2;2;2;2;2;2;2;2;2;2;2;2;2;2;2;2;2,14;4;2;2;4;14;4;5;5;3;14;4;2;12;12;4;2;4;12;4;6;5;5;4;14;14;2;4;4;14,50.12;17.12;8.58;8.58;14.84;46.42;17.12;17.97;17.66;11.71;46.42;26.47;8.58;43.24;42.85;26.47;8.58;17.12;43.24;14.84;21.10;17.97;18.92;14.84;50.12;50.12;8.58;17.12;26.47;50.12,2492.0956,966453789377430,966457804019393,4014.641963,60080,2174464,10729920,0,0,,std_14q_re1,0,,,,
std_14q_re1-std-rand30_t8-r3-1789953232,2026-09-20T18:13:52,std,build_0071783e_20260829023649,0.002,7de69de,batch,rand30_t8,3,ok,,30,400;1024;4000;24576;8192;4096;1024;1024;1000;8192;4096;500;4000;10000;4000;500;4000;1024;10000;8192;128;1024;1024;8192;400;400;4000;1024;500;400,2;2;2;2;2;2;2;2;2;2;2;2;2;2;2;2;2;2;2;2;2;2;2;2;2;2;2;2;2;2,14;4;2;2;4;14;4;5;5;3;14;4;2;12;12;4;2;4;12;4;6;5;5;4;14;14;2;4;4;14,50.12;17.12;8.58;8.58;14.84;46.42;17.12;17.97;17.66;11.71;46.42;26.47;8.58;43.24;42.85;26.47;8.58;17.12;43.24;14.84;21.10;17.97;18.92;14.84;50.12;50.12;8.58;17.12;26.47;50.12,2492.0956,966458384252926,966462399020520,4014.767594,60080,2174464,10729920,0,0,,std_14q_re1,0,,,,
std_14q_re1-std-rand30_t8-r4-1789953237,2026-09-20T18:13:57,std,build_0071783e_20260829023649,0.002,7de69de,batch,rand30_t8,4,ok,,30,400;1024;4000;24576;8192;4096;1024;1024;1000;8192;4096;500;4000;10000;4000;500;4000;1024;10000;8192;128;1024;1024;8192;400;400;4000;1024;500;400,2;2;2;2;2;2;2;2;2;2;2;2;2;2;2;2;2;2;2;2;2;2;2;2;2;2;2;2;2;2,14;4;2;2;4;14;4;5;5;3;14;4;2;12;12;4;2;4;12;4;6;5;5;4;14;14;2;4;4;14,50.12;17.12;8.58;8.58;14.84;46.42;17.12;17.97;17.66;11.71;46.42;26.47;8.58;43.24;42.85;26.47;8.58;17.12;43.24;14.84;21.10;17.97;18.92;14.84;50.12;50.12;8.58;17.12;26.47;50.12,2492.0956,966462982471565,966466997190869,4014.719304,60080,2174464,10729920,0,0,,std_14q_re1,0,,,,
std_14q_re1-std-rand30_t9-r-1-1789953242,2026-09-20T18:14:02,std,build_0071783e_20260829023649,0.002,7de69de,batch,rand30_t9,-1,ok,,30,1000;128;1000;1024;1024;400;1024;32;128;1000;1024;4000;400;8192;4000;1000;32;500;1024;24576;4000;1000;1000;10000;8192;4000;1000;1024;24576;1024,2;2;2;2;2;2;2;2;2;2;2;2;2;2;2;2;2;2;2;2;2;2;2;2;2;2;2;2;2;2,5;6;5;4;3;14;5;8;6;5;3;12;14;3;12;3;8;4;5;2;12;2;3;12;4;12;5;3;2;6,17.66;21.10;17.66;17.12;12.06;50.12;18.92;27.36;21.10;17.66;12.06;42.85;50.12;11.71;42.85;14.50;27.36;26.47;17.97;8.58;42.85;8.94;14.50;43.24;14.84;42.85;17.66;12.06;8.58;59.48,2079.8393,966467848437313,966471252353327,3403.916014,57728,2017856,8520704,0,0,,std_14q_re1,0,,,,
std_14q_re1-std-rand30_t9-r0-1789953246,2026-09-20T18:14:06,std,build_0071783e_20260829023649,0.002,7de69de,batch,rand30_t9,0,ok,,30,1000;128;1000;1024;1024;400;1024;32;128;1000;1024;4000;400;8192;4000;1000;32;500;1024;24576;4000;1000;1000;10000;8192;4000;1000;1024;24576;1024,2;2;2;2;2;2;2;2;2;2;2;2;2;2;2;2;2;2;2;2;2;2;2;2;2;2;2;2;2;2,5;6;5;4;3;14;5;8;6;5;3;12;14;3;12;3;8;4;5;2;12;2;3;12;4;12;5;3;2;6,17.66;21.10;17.66;17.12;12.06;50.12;18.92;27.36;21.10;17.66;12.06;42.85;50.12;11.71;42.85;14.50;27.36;26.47;17.97;8.58;42.85;8.94;14.50;43.24;14.84;42.85;17.66;12.06;8.58;59.48,2079.8393,966471511411028,966474915195981,3403.784953,57728,2017856,8520704,0,0,,std_14q_re1,0,,,,
std_14q_re1-std-rand30_t9-r1-1789953249,2026-09-20T18:14:09,std,build_0071783e_20260829023649,0.002,7de69de,batch,rand30_t9,1,ok,,30,1000;128;1000;1024;1024;400;1024;32;128;1000;1024;4000;400;8192;4000;1000;32;500;1024;24576;4000;1000;1000;10000;8192;4000;1000;1024;24576;1024,2;2;2;2;2;2;2;2;2;2;2;2;2;2;2;2;2;2;2;2;2;2;2;2;2;2;2;2;2;2,5;6;5;4;3;14;5;8;6;5;3;12;14;3;12;3;8;4;5;2;12;2;3;12;4;12;5;3;2;6,17.66;21.10;17.66;17.12;12.06;50.12;18.92;27.36;21.10;17.66;12.06;42.85;50.12;11.71;42.85;14.50;27.36;26.47;17.97;8.58;42.85;8.94;14.50;43.24;14.84;42.85;17.66;12.06;8.58;59.48,2079.8393,966475174941389,966478578756713,3403.815324,57728,2017856,8520704,0,0,,std_14q_re1,0,,,,
std_14q_re1-std-rand30_t9-r2-1789953253,2026-09-20T18:14:13,std,build_0071783e_20260829023649,0.002,7de69de,batch,rand30_t9,2,ok,,30,1000;128;1000;1024;1024;400;1024;32;128;1000;1024;4000;400;8192;4000;1000;32;500;1024;24576;4000;1000;1000;10000;8192;4000;1000;1024;24576;1024,2;2;2;2;2;2;2;2;2;2;2;2;2;2;2;2;2;2;2;2;2;2;2;2;2;2;2;2;2;2,5;6;5;4;3;14;5;8;6;5;3;12;14;3;12;3;8;4;5;2;12;2;3;12;4;12;5;3;2;6,17.66;21.10;17.66;17.12;12.06;50.12;18.92;27.36;21.10;17.66;12.06;42.85;50.12;11.71;42.85;14.50;27.36;26.47;17.97;8.58;42.85;8.94;14.50;43.24;14.84;42.85;17.66;12.06;8.58;59.48,2079.8393,966478839775193,966482244376465,3404.601272,57728,2017856,8520704,0,0,,std_14q_re1,0,,,,
std_14q_re1-std-rand30_t9-r3-1789953257,2026-09-20T18:14:17,std,build_0071783e_20260829023649,0.002,7de69de,batch,rand30_t9,3,ok,,30,1000;128;1000;1024;1024;400;1024;32;128;1000;1024;4000;400;8192;4000;1000;32;500;1024;24576;4000;1000;1000;10000;8192;4000;1000;1024;24576;1024,2;2;2;2;2;2;2;2;2;2;2;2;2;2;2;2;2;2;2;2;2;2;2;2;2;2;2;2;2;2,5;6;5;4;3;14;5;8;6;5;3;12;14;3;12;3;8;4;5;2;12;2;3;12;4;12;5;3;2;6,17.66;21.10;17.66;17.12;12.06;50.12;18.92;27.36;21.10;17.66;12.06;42.85;50.12;11.71;42.85;14.50;27.36;26.47;17.97;8.58;42.85;8.94;14.50;43.24;14.84;42.85;17.66;12.06;8.58;59.48,2079.8393,966482504928740,966485909093527,3404.164787,57728,2017856,8520704,0,0,,std_14q_re1,0,,,,
std_14q_re1-std-rand30_t9-r4-1789953260,2026-09-20T18:14:20,std,build_0071783e_20260829023649,0.002,7de69de,batch,rand30_t9,4,ok,,30,1000;128;1000;1024;1024;400;1024;32;128;1000;1024;4000;400;8192;4000;1000;32;500;1024;24576;4000;1000;1000;10000;8192;4000;1000;1024;24576;1024,2;2;2;2;2;2;2;2;2;2;2;2;2;2;2;2;2;2;2;2;2;2;2;2;2;2;2;2;2;2,5;6;5;4;3;14;5;8;6;5;3;12;14;3;12;3;8;4;5;2;12;2;3;12;4;12;5;3;2;6,17.66;21.10;17.66;17.12;12.06;50.12;18.92;27.36;21.10;17.66;12.06;42.85;50.12;11.71;42.85;14.50;27.36;26.47;17.97;8.58;42.85;8.94;14.50;43.24;14.84;42.85;17.66;12.06;8.58;59.48,2079.8393,966486166796395,966489571982702,3405.186307,57728,2017856,8520704,0,0,,std_14q_re1,0,,,,
c3_14q_pool1-c3-rand30_t4-r-1-1789953303,2026-09-20T18:15:03,c3,build_13b440c3_20260918192735,0.001,7de69de,batch,rand30_t4,-1,ok,,30,128;500;1000;4096;32;1000;4096;24576;10000;10000;4000;128;1000;1024;1024;8192;1000;400;32;400;4096;1024;10000;1024;4000;500;1000;1024;400;1024,2;2;2;2;2;2;2;2;2;2;2;2;2;2;2;2;2;2;2;2;2;2;2;2;2;2;2;2;2;2,6;4;2;14;8;3;14;2;12;12;2;6;2;4;5;3;3;14;8;14;14;4;1;4;12;4;5;5;14;5,21.10;26.47;8.94;46.42;27.36;14.50;46.42;8.58;43.24;43.24;8.58;21.10;8.94;17.12;18.92;11.71;14.50;50.12;27.36;50.12;46.42;17.12;5.43;17.12;42.85;26.47;17.66;18.92;50.12;18.92,2271.1510,966529486325768,966531772744305,2286.418537,59696,6750464,9827520,807,526879,1,c3_14q_pool1,1,1,0,1,block=0 seq=0 cfg=c3_pool attempt=1
c3_14q_pool1-c3-rand30_t4-r0-1789953306,2026-09-20T18:15:06,c3,build_13b440c3_20260918192735,0.001,7de69de,batch,rand30_t4,0,ok,,30,128;500;1000;4096;32;1000;4096;24576;10000;10000;4000;128;1000;1024;1024;8192;1000;400;32;400;4096;1024;10000;1024;4000;500;1000;1024;400;1024,2;2;2;2;2;2;2;2;2;2;2;2;2;2;2;2;2;2;2;2;2;2;2;2;2;2;2;2;2;2,6;4;2;14;8;3;14;2;12;12;2;6;2;4;5;3;3;14;8;14;14;4;1;4;12;4;5;5;14;5,21.10;26.47;8.94;46.42;27.36;14.50;46.42;8.58;43.24;43.24;8.58;21.10;8.94;17.12;18.92;11.71;14.50;50.12;27.36;50.12;46.42;17.12;5.43;17.12;42.85;26.47;17.66;18.92;50.12;18.92,2271.1510,966532318889958,966534605313896,2286.423938,59696,6750464,9827520,1461,532142,1,c3_14q_pool1,1,1,0,1,block=0 seq=0 cfg=c3_pool attempt=1
c3_14q_pool1-c3-rand30_t4-r1-1789953309,2026-09-20T18:15:09,c3,build_13b440c3_20260918192735,0.001,7de69de,batch,rand30_t4,1,ok,,30,128;500;1000;4096;32;1000;4096;24576;10000;10000;4000;128;1000;1024;1024;8192;1000;400;32;400;4096;1024;10000;1024;4000;500;1000;1024;400;1024,2;2;2;2;2;2;2;2;2;2;2;2;2;2;2;2;2;2;2;2;2;2;2;2;2;2;2;2;2;2,6;4;2;14;8;3;14;2;12;12;2;6;2;4;5;3;3;14;8;14;14;4;1;4;12;4;5;5;14;5,21.10;26.47;8.94;46.42;27.36;14.50;46.42;8.58;43.24;43.24;8.58;21.10;8.94;17.12;18.92;11.71;14.50;50.12;27.36;50.12;46.42;17.12;5.43;17.12;42.85;26.47;17.66;18.92;50.12;18.92,2271.1510,966535156407787,966537442833435,2286.425648,59696,6750464,9827520,894,529660,1,c3_14q_pool1,1,1,0,1,block=0 seq=0 cfg=c3_pool attempt=1
c3_14q_pool1-c3-rand30_t4-r2-1789953312,2026-09-20T18:15:12,c3,build_13b440c3_20260918192735,0.001,7de69de,batch,rand30_t4,2,ok,,30,128;500;1000;4096;32;1000;4096;24576;10000;10000;4000;128;1000;1024;1024;8192;1000;400;32;400;4096;1024;10000;1024;4000;500;1000;1024;400;1024,2;2;2;2;2;2;2;2;2;2;2;2;2;2;2;2;2;2;2;2;2;2;2;2;2;2;2;2;2;2,6;4;2;14;8;3;14;2;12;12;2;6;2;4;5;3;3;14;8;14;14;4;1;4;12;4;5;5;14;5,21.10;26.47;8.94;46.42;27.36;14.50;46.42;8.58;43.24;43.24;8.58;21.10;8.94;17.12;18.92;11.71;14.50;50.12;27.36;50.12;46.42;17.12;5.43;17.12;42.85;26.47;17.66;18.92;50.12;18.92,2271.1510,966537992169479,966540278586127,2286.416648,59696,6750464,9827520,730,525421,1,c3_14q_pool1,1,1,0,1,block=0 seq=0 cfg=c3_pool attempt=1
c3_14q_pool1-c3-rand30_t4-r3-1789953315,2026-09-20T18:15:15,c3,build_13b440c3_20260918192735,0.001,7de69de,batch,rand30_t4,3,ok,,30,128;500;1000;4096;32;1000;4096;24576;10000;10000;4000;128;1000;1024;1024;8192;1000;400;32;400;4096;1024;10000;1024;4000;500;1000;1024;400;1024,2;2;2;2;2;2;2;2;2;2;2;2;2;2;2;2;2;2;2;2;2;2;2;2;2;2;2;2;2;2,6;4;2;14;8;3;14;2;12;12;2;6;2;4;5;3;3;14;8;14;14;4;1;4;12;4;5;5;14;5,21.10;26.47;8.94;46.42;27.36;14.50;46.42;8.58;43.24;43.24;8.58;21.10;8.94;17.12;18.92;11.71;14.50;50.12;27.36;50.12;46.42;17.12;5.43;17.12;42.85;26.47;17.66;18.92;50.12;18.92,2271.1510,966540825475087,966543111896305,2286.421218,59696,6750464,9827520,1586,533346,1,c3_14q_pool1,1,1,0,1,block=0 seq=0 cfg=c3_pool attempt=1
c3_14q_pool1-c3-rand30_t4-r4-1789953318,2026-09-20T18:15:18,c3,build_13b440c3_20260918192735,0.001,7de69de,batch,rand30_t4,4,ok,,30,128;500;1000;4096;32;1000;4096;24576;10000;10000;4000;128;1000;1024;1024;8192;1000;400;32;400;4096;1024;10000;1024;4000;500;1000;1024;400;1024,2;2;2;2;2;2;2;2;2;2;2;2;2;2;2;2;2;2;2;2;2;2;2;2;2;2;2;2;2;2,6;4;2;14;8;3;14;2;12;12;2;6;2;4;5;3;3;14;8;14;14;4;1;4;12;4;5;5;14;5,21.10;26.47;8.94;46.42;27.36;14.50;46.42;8.58;43.24;43.24;8.58;21.10;8.94;17.12;18.92;11.71;14.50;50.12;27.36;50.12;46.42;17.12;5.43;17.12;42.85;26.47;17.66;18.92;50.12;18.92,2271.1510,966543656356040,966545942779948,2286.423908,59696,6750464,9827520,914,530503,1,c3_14q_pool1,1,1,0,1,block=0 seq=0 cfg=c3_pool attempt=1
c3_14q_pool1-c3-rand10_t1-r-1-1789953321,2026-09-20T18:15:21,c3,build_13b440c3_20260918192735,0.001,7de69de,batch,rand10_t1,-1,ok,,10,1000;1024;24576;1000;500;1024;1000;10000;400;24576,2;2;2;2;2;2;2;2;2;2,3;5;2;2;4;5;3;1;14;2,14.50;18.92;8.58;8.94;26.47;18.92;14.50;5.43;50.12;8.58,586.1906,966547058065642,966547654505048,596.439406,13056,1343744,2129920,744,116155,1,c3_14q_pool1,1,1,0,1,block=0 seq=6 cfg=c3_pool attempt=1
c3_14q_pool1-c3-rand10_t1-r0-1789953322,2026-09-20T18:15:22,c3,build_13b440c3_20260918192735,0.001,7de69de,batch,rand10_t1,0,ok,,10,1000;1024;24576;1000;500;1024;1000;10000;400;24576,2;2;2;2;2;2;2;2;2;2,3;5;2;2;4;5;3;1;14;2,14.50;18.92;8.58;8.94;26.47;18.92;14.50;5.43;50.12;8.58,586.1906,966548144213556,966548740672981,596.459425,13056,1343744,2129920,761,116856,1,c3_14q_pool1,1,1,0,1,block=0 seq=6 cfg=c3_pool attempt=1
c3_14q_pool1-c3-rand10_t1-r1-1789953323,2026-09-20T18:15:23,c3,build_13b440c3_20260918192735,0.001,7de69de,batch,rand10_t1,1,ok,,10,1000;1024;24576;1000;500;1024;1000;10000;400;24576,2;2;2;2;2;2;2;2;2;2,3;5;2;2;4;5;3;1;14;2,14.50;18.92;8.58;8.94;26.47;18.92;14.50;5.43;50.12;8.58,586.1906,966549229456490,966549825902405,596.445915,13056,1343744,2129920,529,115351,1,c3_14q_pool1,1,1,0,1,block=0 seq=6 cfg=c3_pool attempt=1
c3_14q_pool1-c3-rand10_t1-r2-1789953324,2026-09-20T18:15:24,c3,build_13b440c3_20260918192735,0.001,7de69de,batch,rand10_t1,2,ok,,10,1000;1024;24576;1000;500;1024;1000;10000;400;24576,2;2;2;2;2;2;2;2;2;2,3;5;2;2;4;5;3;1;14;2,14.50;18.92;8.58;8.94;26.47;18.92;14.50;5.43;50.12;8.58,586.1906,966550316323160,966550912769196,596.446036,13056,1343744,2129920,580,117765,1,c3_14q_pool1,1,1,0,1,block=0 seq=6 cfg=c3_pool attempt=1
c3_14q_pool1-c3-rand10_t1-r3-1789953325,2026-09-20T18:15:25,c3,build_13b440c3_20260918192735,0.001,7de69de,batch,rand10_t1,3,ok,,10,1000;1024;24576;1000;500;1024;1000;10000;400;24576,2;2;2;2;2;2;2;2;2;2,3;5;2;2;4;5;3;1;14;2,14.50;18.92;8.58;8.94;26.47;18.92;14.50;5.43;50.12;8.58,586.1906,966551401260371,966551997707967,596.447596,13056,1343744,2129920,713,115337,1,c3_14q_pool1,1,1,0,1,block=0 seq=6 cfg=c3_pool attempt=1
c3_14q_pool1-c3-rand10_t1-r4-1789953327,2026-09-20T18:15:27,c3,build_13b440c3_20260918192735,0.001,7de69de,batch,rand10_t1,4,ok,,10,1000;1024;24576;1000;500;1024;1000;10000;400;24576,2;2;2;2;2;2;2;2;2;2,3;5;2;2;4;5;3;1;14;2,14.50;18.92;8.58;8.94;26.47;18.92;14.50;5.43;50.12;8.58,586.1906,966552487367334,966553083812879,596.445545,13056,1343744,2129920,755,117282,1,c3_14q_pool1,1,1,0,1,block=0 seq=6 cfg=c3_pool attempt=1
c3_14q_pool1-c3-rand30_t6-r-1-1789953328,2026-09-20T18:15:28,c3,build_13b440c3_20260918192735,0.001,7de69de,batch,rand30_t6,-1,ok,,30,1024;24576;1024;10000;4000;1024;128;1000;1024;500;1000;1000;128;24576;8192;4096;128;1000;32;4000;500;24576;1024;10000;24576;500;4000;32;8192;1024,2;2;2;2;2;2;2;2;2;2;2;2;2;2;2;2;2;2;2;2;2;2;2;2;2;2;2;2;2;2,5;2;5;12;12;4;6;5;5;4;3;3;6;2;4;14;6;2;8;2;4;2;5;1;2;4;2;8;3;5,17.97;8.58;17.97;43.24;42.85;17.12;21.10;17.66;18.92;26.47;14.50;14.50;21.10;8.58;14.84;46.42;21.10;8.94;27.36;8.58;26.47;8.58;17.97;5.43;8.58;26.47;8.58;27.36;11.71;17.97,2193.9864,966554277681990,966556497254979,2219.572989,40752,4784384,8876736,745,479681,1,c3_14q_pool1,1,1,0,1,block=0 seq=12 cfg=c3_pool attempt=1
c3_14q_pool1-c3-rand30_t6-r0-1789953331,2026-09-20T18:15:31,c3,build_13b440c3_20260918192735,0.001,7de69de,batch,rand30_t6,0,ok,,30,1024;24576;1024;10000;4000;1024;128;1000;1024;500;1000;1000;128;24576;8192;4096;128;1000;32;4000;500;24576;1024;10000;24576;500;4000;32;8192;1024,2;2;2;2;2;2;2;2;2;2;2;2;2;2;2;2;2;2;2;2;2;2;2;2;2;2;2;2;2;2,5;2;5;12;12;4;6;5;5;4;3;3;6;2;4;14;6;2;8;2;4;2;5;1;2;4;2;8;3;5,17.97;8.58;17.97;43.24;42.85;17.12;21.10;17.66;18.92;26.47;14.50;14.50;21.10;8.58;14.84;46.42;21.10;8.94;27.36;8.58;26.47;8.58;17.97;5.43;8.58;26.47;8.58;27.36;11.71;17.97,2193.9864,966557023881016,966559243452545,2219.571529,40752,4784384,8876736,746,477164,1,c3_14q_pool1,1,1,0,1,block=0 seq=12 cfg=c3_pool attempt=1
c3_14q_pool1-c3-rand30_t6-r1-1789953334,2026-09-20T18:15:34,c3,build_13b440c3_20260918192735,0.001,7de69de,batch,rand30_t6,1,ok,,30,1024;24576;1024;10000;4000;1024;128;1000;1024;500;1000;1000;128;24576;8192;4096;128;1000;32;4000;500;24576;1024;10000;24576;500;4000;32;8192;1024,2;2;2;2;2;2;2;2;2;2;2;2;2;2;2;2;2;2;2;2;2;2;2;2;2;2;2;2;2;2,5;2;5;12;12;4;6;5;5;4;3;3;6;2;4;14;6;2;8;2;4;2;5;1;2;4;2;8;3;5,17.97;8.58;17.97;43.24;42.85;17.12;21.10;17.66;18.92;26.47;14.50;14.50;21.10;8.58;14.84;46.42;21.10;8.94;27.36;8.58;26.47;8.58;17.97;5.43;8.58;26.47;8.58;27.36;11.71;17.97,2193.9864,966559769696559,966561989278978,2219.582419,40752,4784384,8876736,780,478349,1,c3_14q_pool1,1,1,0,1,block=0 seq=12 cfg=c3_pool attempt=1
c3_14q_pool1-c3-rand30_t6-r2-1789953336,2026-09-20T18:15:36,c3,build_13b440c3_20260918192735,0.001,7de69de,batch,rand30_t6,2,ok,,30,1024;24576;1024;10000;4000;1024;128;1000;1024;500;1000;1000;128;24576;8192;4096;128;1000;32;4000;500;24576;1024;10000;24576;500;4000;32;8192;1024,2;2;2;2;2;2;2;2;2;2;2;2;2;2;2;2;2;2;2;2;2;2;2;2;2;2;2;2;2;2,5;2;5;12;12;4;6;5;5;4;3;3;6;2;4;14;6;2;8;2;4;2;5;1;2;4;2;8;3;5,17.97;8.58;17.97;43.24;42.85;17.12;21.10;17.66;18.92;26.47;14.50;14.50;21.10;8.58;14.84;46.42;21.10;8.94;27.36;8.58;26.47;8.58;17.97;5.43;8.58;26.47;8.58;27.36;11.71;17.97,2193.9864,966562515567692,966564735153631,2219.585939,40752,4784384,8876736,826,476665,1,c3_14q_pool1,1,1,0,1,block=0 seq=12 cfg=c3_pool attempt=1
c3_14q_pool1-c3-rand30_t6-r3-1789953339,2026-09-20T18:15:39,c3,build_13b440c3_20260918192735,0.001,7de69de,batch,rand30_t6,3,ok,,30,1024;24576;1024;10000;4000;1024;128;1000;1024;500;1000;1000;128;24576;8192;4096;128;1000;32;4000;500;24576;1024;10000;24576;500;4000;32;8192;1024,2;2;2;2;2;2;2;2;2;2;2;2;2;2;2;2;2;2;2;2;2;2;2;2;2;2;2;2;2;2,5;2;5;12;12;4;6;5;5;4;3;3;6;2;4;14;6;2;8;2;4;2;5;1;2;4;2;8;3;5,17.97;8.58;17.97;43.24;42.85;17.12;21.10;17.66;18.92;26.47;14.50;14.50;21.10;8.58;14.84;46.42;21.10;8.94;27.36;8.58;26.47;8.58;17.97;5.43;8.58;26.47;8.58;27.36;11.71;17.97,2193.9864,966565260175042,966567479747321,2219.572279,40752,4784384,8876736,551,480937,1,c3_14q_pool1,1,1,0,1,block=0 seq=12 cfg=c3_pool attempt=1
c3_14q_pool1-c3-rand30_t6-r4-1789953342,2026-09-20T18:15:42,c3,build_13b440c3_20260918192735,0.001,7de69de,batch,rand30_t6,4,ok,,30,1024;24576;1024;10000;4000;1024;128;1000;1024;500;1000;1000;128;24576;8192;4096;128;1000;32;4000;500;24576;1024;10000;24576;500;4000;32;8192;1024,2;2;2;2;2;2;2;2;2;2;2;2;2;2;2;2;2;2;2;2;2;2;2;2;2;2;2;2;2;2,5;2;5;12;12;4;6;5;5;4;3;3;6;2;4;14;6;2;8;2;4;2;5;1;2;4;2;8;3;5,17.97;8.58;17.97;43.24;42.85;17.12;21.10;17.66;18.92;26.47;14.50;14.50;21.10;8.58;14.84;46.42;21.10;8.94;27.36;8.58;26.47;8.58;17.97;5.43;8.58;26.47;8.58;27.36;11.71;17.97,2193.9864,966567995315908,966570214896267,2219.580359,40752,4784384,8876736,779,480436,1,c3_14q_pool1,1,1,0,1,block=0 seq=12 cfg=c3_pool attempt=1
c3_14q_pool1-c3-rand20_t8-r-1-1789953345,2026-09-20T18:15:45,c3,build_13b440c3_20260918192735,0.001,7de69de,batch,rand20_t8,-1,ok,,20,4000;4000;1024;1000;400;1000;500;1024;4096;24576;400;1024;4096;1024;4000;4000;4000;10000;1024;500,2;2;2;2;2;2;2;2;2;2;2;2;2;2;2;2;2;2;2;2,12;12;5;2;14;5;4;4;14;2;14;3;14;6;2;2;2;1;3;4,42.85;42.85;17.97;8.94;50.12;17.66;26.47;17.12;46.42;8.58;50.12;12.06;46.42;59.48;8.58;8.58;8.58;5.43;12.06;26.47,1306.0361,966571427225942,966572744671949,1317.446007,46112,4096256,5360320,689,290561,1,c3_14q_pool1,1,1,0,1,block=0 seq=18 cfg=c3_pool attempt=1
c3_14q_pool1-c3-rand20_t8-r0-1789953347,2026-09-20T18:15:47,c3,build_13b440c3_20260918192735,0.001,7de69de,batch,rand20_t8,0,ok,,20,4000;4000;1024;1000;400;1000;500;1024;4096;24576;400;1024;4096;1024;4000;4000;4000;10000;1024;500,2;2;2;2;2;2;2;2;2;2;2;2;2;2;2;2;2;2;2;2,12;12;5;2;14;5;4;4;14;2;14;3;14;6;2;2;2;1;3;4,42.85;42.85;17.97;8.94;50.12;17.66;26.47;17.12;46.42;8.58;50.12;12.06;46.42;59.48;8.58;8.58;8.58;5.43;12.06;26.47,1306.0361,966573264015303,966574581453549,1317.438246,46112,4096256,5360320,853,290645,1,c3_14q_pool1,1,1,0,1,block=0 seq=18 cfg=c3_pool attempt=1
c3_14q_pool1-c3-rand20_t8-r1-1789953349,2026-09-20T18:15:49,c3,build_13b440c3_20260918192735,0.001,7de69de,batch,rand20_t8,1,ok,,20,4000;4000;1024;1000;400;1000;500;1024;4096;24576;400;1024;4096;1024;4000;4000;4000;10000;1024;500,2;2;2;2;2;2;2;2;2;2;2;2;2;2;2;2;2;2;2;2,12;12;5;2;14;5;4;4;14;2;14;3;14;6;2;2;2;1;3;4,42.85;42.85;17.97;8.94;50.12;17.66;26.47;17.12;46.42;8.58;50.12;12.06;46.42;59.48;8.58;8.58;8.58;5.43;12.06;26.47,1306.0361,966575099670012,966576417105829,1317.435817,46112,4096256,5360320,646,286118,1,c3_14q_pool1,1,1,0,1,block=0 seq=18 cfg=c3_pool attempt=1
c3_14q_pool1-c3-rand20_t8-r2-1789953351,2026-09-20T18:15:51,c3,build_13b440c3_20260918192735,0.001,7de69de,batch,rand20_t8,2,ok,,20,4000;4000;1024;1000;400;1000;500;1024;4096;24576;400;1024;4096;1024;4000;4000;4000;10000;1024;500,2;2;2;2;2;2;2;2;2;2;2;2;2;2;2;2;2;2;2;2,12;12;5;2;14;5;4;4;14;2;14;3;14;6;2;2;2;1;3;4,42.85;42.85;17.97;8.94;50.12;17.66;26.47;17.12;46.42;8.58;50.12;12.06;46.42;59.48;8.58;8.58;8.58;5.43;12.06;26.47,1306.0361,966576933133200,966578250575236,1317.442036,46112,4096256,5360320,530,288998,1,c3_14q_pool1,1,1,0,1,block=0 seq=18 cfg=c3_pool attempt=1
c3_14q_pool1-c3-rand20_t8-r3-1789953353,2026-09-20T18:15:53,c3,build_13b440c3_20260918192735,0.001,7de69de,batch,rand20_t8,3,ok,,20,4000;4000;1024;1000;400;1000;500;1024;4096;24576;400;1024;4096;1024;4000;4000;4000;10000;1024;500,2;2;2;2;2;2;2;2;2;2;2;2;2;2;2;2;2;2;2;2,12;12;5;2;14;5;4;4;14;2;14;3;14;6;2;2;2;1;3;4,42.85;42.85;17.97;8.94;50.12;17.66;26.47;17.12;46.42;8.58;50.12;12.06;46.42;59.48;8.58;8.58;8.58;5.43;12.06;26.47,1306.0361,966578767925661,966580085374117,1317.448456,46112,4096256,5360320,679,289014,1,c3_14q_pool1,1,1,0,1,block=0 seq=18 cfg=c3_pool attempt=1
c3_14q_pool1-c3-rand20_t8-r4-1789953355,2026-09-20T18:15:55,c3,build_13b440c3_20260918192735,0.001,7de69de,batch,rand20_t8,4,ok,,20,4000;4000;1024;1000;400;1000;500;1024;4096;24576;400;1024;4096;1024;4000;4000;4000;10000;1024;500,2;2;2;2;2;2;2;2;2;2;2;2;2;2;2;2;2;2;2;2,12;12;5;2;14;5;4;4;14;2;14;3;14;6;2;2;2;1;3;4,42.85;42.85;17.97;8.94;50.12;17.66;26.47;17.12;46.42;8.58;50.12;12.06;46.42;59.48;8.58;8.58;8.58;5.43;12.06;26.47,1306.0361,966580605054855,966581922494341,1317.439486,46112,4096256,5360320,1049,288383,1,c3_14q_pool1,1,1,0,1,block=0 seq=18 cfg=c3_pool attempt=1
c3_14q_pool1-c3-rand10_t8-r-1-1789953357,2026-09-20T18:15:57,c3,build_13b440c3_20260918192735,0.001,7de69de,batch,rand10_t8,-1,ok,,10,10000;1024;10000;4000;1024;1000;1024;1024;8192;24576,2;2;2;2;2;2;2;2;2;2,1;3;1;12;5;3;4;5;3;2,5.43;12.06;5.43;42.85;17.97;14.50;17.12;18.92;11.71;8.58,669.0893,966582986538523,966583665404383,678.86586,9888,1278208,2577792,698,140722,1,c3_14q_pool1,1,1,0,1,block=0 seq=24 cfg=c3_pool attempt=1
c3_14q_pool1-c3-rand10_t8-r0-1789953358,2026-09-20T18:15:58,c3,build_13b440c3_20260918192735,0.001,7de69de,batch,rand10_t8,0,ok,,10,10000;1024;10000;4000;1024;1000;1024;1024;8192;24576,2;2;2;2;2;2;2;2;2;2,1;3;1;12;5;3;4;5;3;2,5.43;12.06;5.43;42.85;17.97;14.50;17.12;18.92;11.71;8.58,669.0893,966584084857768,966584763728738,678.87097,9888,1278208,2577792,689,138571,1,c3_14q_pool1,1,1,0,1,block=0 seq=24 cfg=c3_pool attempt=1
c3_14q_pool1-c3-rand10_t8-r1-1789953359,2026-09-20T18:15:59,c3,build_13b440c3_20260918192735,0.001,7de69de,batch,rand10_t8,1,ok,,10,10000;1024;10000;4000;1024;1000;1024;1024;8192;24576,2;2;2;2;2;2;2;2;2;2,1;3;1;12;5;3;4;5;3;2,5.43;12.06;5.43;42.85;17.97;14.50;17.12;18.92;11.71;8.58,669.0893,966585178194323,966585857068123,678.8738,9888,1278208,2577792,555,140100,1,c3_14q_pool1,1,1,0,1,block=0 seq=24 cfg=c3_pool attempt=1
c3_14q_pool1-c3-rand10_t8-r2-1789953360,2026-09-20T18:16:00,c3,build_13b440c3_20260918192735,0.001,7de69de,batch,rand10_t8,2,ok,,10,10000;1024;10000;4000;1024;1000;1024;1024;8192;24576,2;2;2;2;2;2;2;2;2;2,1;3;1;12;5;3;4;5;3;2,5.43;12.06;5.43;42.85;17.97;14.50;17.12;18.92;11.71;8.58,669.0893,966586274054784,966586952924033,678.869249,9888,1278208,2577792,759,140346,1,c3_14q_pool1,1,1,0,1,block=0 seq=24 cfg=c3_pool attempt=1
c3_14q_pool1-c3-rand10_t8-r3-1789953361,2026-09-20T18:16:01,c3,build_13b440c3_20260918192735,0.001,7de69de,batch,rand10_t8,3,ok,,10,10000;1024;10000;4000;1024;1000;1024;1024;8192;24576,2;2;2;2;2;2;2;2;2;2,1;3;1;12;5;3;4;5;3;2,5.43;12.06;5.43;42.85;17.97;14.50;17.12;18.92;11.71;8.58,669.0893,966587371717032,966588050587822,678.87079,9888,1278208,2577792,564,140692,1,c3_14q_pool1,1,1,0,1,block=0 seq=24 cfg=c3_pool attempt=1
c3_14q_pool1-c3-rand10_t8-r4-1789953363,2026-09-20T18:16:03,c3,build_13b440c3_20260918192735,0.001,7de69de,batch,rand10_t8,4,ok,,10,10000;1024;10000;4000;1024;1000;1024;1024;8192;24576,2;2;2;2;2;2;2;2;2;2,1;3;1;12;5;3;4;5;3;2,5.43;12.06;5.43;42.85;17.97;14.50;17.12;18.92;11.71;8.58,669.0893,966588468617353,966589147485422,678.868069,9888,1278208,2577792,535,138510,1,c3_14q_pool1,1,1,0,1,block=0 seq=24 cfg=c3_pool attempt=1
c3_14q_pool1-c3-rand20_t5-r-1-1789953364,2026-09-20T18:16:04,c3,build_13b440c3_20260918192735,0.001,7de69de,batch,rand20_t5,-1,ok,,20,1024;1024;400;1000;32;1000;128;8192;1024;1024;1024;10000;32;128;1024;1024;10000;1000;1000;1024,2;2;2;2;2;2;2;2;2;2;2;2;2;2;2;2;2;2;2;2,4;6;14;2;8;3;6;3;5;4;3;12;8;6;4;4;1;5;2;3,17.12;59.48;50.12;8.94;27.36;14.50;21.10;11.71;17.97;17.12;12.06;43.24;27.36;21.10;17.12;17.12;5.43;17.66;8.94;12.06,834.0339,966590344744657,966591185373604,840.628947,35088,3375360,3287872,589,176027,1,c3_14q_pool1,1,1,0,1,block=0 seq=30 cfg=c3_pool attempt=1
c3_14q_pool1-c3-rand20_t5-r0-1789953366,2026-09-20T18:16:06,c3,build_13b440c3_20260918192735,0.001,7de69de,batch,rand20_t5,0,ok,,20,1024;1024;400;1000;32;1000;128;8192;1024;1024;1024;10000;32;128;1024;1024;10000;1000;1000;1024,2;2;2;2;2;2;2;2;2;2;2;2;2;2;2;2;2;2;2;2,4;6;14;2;8;3;6;3;5;4;3;12;8;6;4;4;1;5;2;3,17.12;59.48;50.12;8.94;27.36;14.50;21.10;11.71;17.97;17.12;12.06;43.24;27.36;21.10;17.12;17.12;5.43;17.66;8.94;12.06,834.0339,966591695339165,966592535967122,840.627957,35088,3375360,3287872,869,178477,1,c3_14q_pool1,1,1,0,1,block=0 seq=30 cfg=c3_pool attempt=1
c3_14q_pool1-c3-rand20_t5-r1-1789953367,2026-09-20T18:16:07,c3,build_13b440c3_20260918192735,0.001,7de69de,batch,rand20_t5,1,ok,,20,1024;1024;400;1000;32;1000;128;8192;1024;1024;1024;10000;32;128;1024;1024;10000;1000;1000;1024,2;2;2;2;2;2;2;2;2;2;2;2;2;2;2;2;2;2;2;2,4;6;14;2;8;3;6;3;5;4;3;12;8;6;4;4;1;5;2;3,17.12;59.48;50.12;8.94;27.36;14.50;21.10;11.71;17.97;17.12;12.06;43.24;27.36;21.10;17.12;17.12;5.43;17.66;8.94;12.06,834.0339,966593041806082,966593882438619,840.632537,35088,3375360,3287872,794,178312,1,c3_14q_pool1,1,1,0,1,block=0 seq=30 cfg=c3_pool attempt=1
c3_14q_pool1-c3-rand20_t5-r2-1789953368,2026-09-20T18:16:08,c3,build_13b440c3_20260918192735,0.001,7de69de,batch,rand20_t5,2,ok,,20,1024;1024;400;1000;32;1000;128;8192;1024;1024;1024;10000;32;128;1024;1024;10000;1000;1000;1024,2;2;2;2;2;2;2;2;2;2;2;2;2;2;2;2;2;2;2;2,4;6;14;2;8;3;6;3;5;4;3;12;8;6;4;4;1;5;2;3,17.12;59.48;50.12;8.94;27.36;14.50;21.10;11.71;17.97;17.12;12.06;43.24;27.36;21.10;17.12;17.12;5.43;17.66;8.94;12.06,834.0339,966594389690483,966595230317990,840.627507,35088,3375360,3287872,510,178932,1,c3_14q_pool1,1,1,0,1,block=0 seq=30 cfg=c3_pool attempt=1
c3_14q_pool1-c3-rand20_t5-r3-1789953370,2026-09-20T18:16:10,c3,build_13b440c3_20260918192735,0.001,7de69de,batch,rand20_t5,3,ok,,20,1024;1024;400;1000;32;1000;128;8192;1024;1024;1024;10000;32;128;1024;1024;10000;1000;1000;1024,2;2;2;2;2;2;2;2;2;2;2;2;2;2;2;2;2;2;2;2,4;6;14;2;8;3;6;3;5;4;3;12;8;6;4;4;1;5;2;3,17.12;59.48;50.12;8.94;27.36;14.50;21.10;11.71;17.97;17.12;12.06;43.24;27.36;21.10;17.12;17.12;5.43;17.66;8.94;12.06,834.0339,966595735011378,966596575638755,840.627377,35088,3375360,3287872,832,176873,1,c3_14q_pool1,1,1,0,1,block=0 seq=30 cfg=c3_pool attempt=1
c3_14q_pool1-c3-rand20_t5-r4-1789953371,2026-09-20T18:16:11,c3,build_13b440c3_20260918192735,0.001,7de69de,batch,rand20_t5,4,ok,,20,1024;1024;400;1000;32;1000;128;8192;1024;1024;1024;10000;32;128;1024;1024;10000;1000;1000;1024,2;2;2;2;2;2;2;2;2;2;2;2;2;2;2;2;2;2;2;2,4;6;14;2;8;3;6;3;5;4;3;12;8;6;4;4;1;5;2;3,17.12;59.48;50.12;8.94;27.36;14.50;21.10;11.71;17.97;17.12;12.06;43.24;27.36;21.10;17.12;17.12;5.43;17.66;8.94;12.06,834.0339,966597079598256,966597920401375,840.803119,35088,3375360,3287872,698,179282,1,c3_14q_pool1,1,1,0,1,block=0 seq=30 cfg=c3_pool attempt=1
std_14q_native_pool1-std-rand10_t8-r-1-1789953410,2026-09-20T18:16:50,std,build_0071783e_20260829023649,0.002,7de69de,batch,rand10_t8,-1,ok,,10,10000;1024;10000;4000;1024;1000;1024;1024;8192;24576,2;2;2;2;2;2;2;2;2;2,1;3;1;12;5;3;4;5;3;2,5.43;12.06;5.43;42.85;17.97;14.50;17.12;18.92;11.71;8.58,669.0893,966635302566375,966636501989781,1199.423406,9888,410672,2577792,0,0,,std_14q_native_pool1,0,,,,block=0 seq=36 cfg=std_native attempt=1
std_14q_native_pool1-std-rand10_t8-r0-1789953411,2026-09-20T18:16:51,std,build_0071783e_20260829023649,0.002,7de69de,batch,rand10_t8,0,ok,,10,10000;1024;10000;4000;1024;1000;1024;1024;8192;24576,2;2;2;2;2;2;2;2;2;2,1;3;1;12;5;3;4;5;3;2,5.43;12.06;5.43;42.85;17.97;14.50;17.12;18.92;11.71;8.58,669.0893,966636572890030,966637771944893,1199.054863,9888,410672,2577792,0,0,,std_14q_native_pool1,0,,,,block=0 seq=36 cfg=std_native attempt=1
std_14q_native_pool1-std-rand10_t8-r1-1789953412,2026-09-20T18:16:52,std,build_0071783e_20260829023649,0.002,7de69de,batch,rand10_t8,1,ok,,10,10000;1024;10000;4000;1024;1000;1024;1024;8192;24576,2;2;2;2;2;2;2;2;2;2,1;3;1;12;5;3;4;5;3;2,5.43;12.06;5.43;42.85;17.97;14.50;17.12;18.92;11.71;8.58,669.0893,966637842828702,966639041987855,1199.159153,9888,410672,2577792,0,0,,std_14q_native_pool1,0,,,,block=0 seq=36 cfg=std_native attempt=1
std_14q_native_pool1-std-rand10_t8-r2-1789953414,2026-09-20T18:16:54,std,build_0071783e_20260829023649,0.002,7de69de,batch,rand10_t8,2,ok,,10,10000;1024;10000;4000;1024;1000;1024;1024;8192;24576,2;2;2;2;2;2;2;2;2;2,1;3;1;12;5;3;4;5;3;2,5.43;12.06;5.43;42.85;17.97;14.50;17.12;18.92;11.71;8.58,669.0893,966639106718253,966640305978047,1199.259794,9888,410672,2577792,0,0,,std_14q_native_pool1,0,,,,block=0 seq=36 cfg=std_native attempt=1
std_14q_native_pool1-std-rand10_t8-r3-1789953415,2026-09-20T18:16:55,std,build_0071783e_20260829023649,0.002,7de69de,batch,rand10_t8,3,ok,,10,10000;1024;10000;4000;1024;1000;1024;1024;8192;24576,2;2;2;2;2;2;2;2;2;2,1;3;1;12;5;3;4;5;3;2,5.43;12.06;5.43;42.85;17.97;14.50;17.12;18.92;11.71;8.58,669.0893,966640370626054,966641569574185,1198.948131,9888,410672,2577792,0,0,,std_14q_native_pool1,0,,,,block=0 seq=36 cfg=std_native attempt=1
std_14q_native_pool1-std-rand10_t8-r4-1789953416,2026-09-20T18:16:56,std,build_0071783e_20260829023649,0.002,7de69de,batch,rand10_t8,4,ok,,10,10000;1024;10000;4000;1024;1000;1024;1024;8192;24576,2;2;2;2;2;2;2;2;2;2,1;3;1;12;5;3;4;5;3;2,5.43;12.06;5.43;42.85;17.97;14.50;17.12;18.92;11.71;8.58,669.0893,966641633812917,966642832762029,1198.949112,9888,410672,2577792,0,0,,std_14q_native_pool1,0,,,,block=0 seq=36 cfg=std_native attempt=1
std_14q_native_pool1-std-rand10_t1-r-1-1789953418,2026-09-20T18:16:58,std,build_0071783e_20260829023649,0.002,7de69de,batch,rand10_t1,-1,ok,,10,1000;1024;24576;1000;500;1024;1000;10000;400;24576,2;2;2;2;2;2;2;2;2;2,3;5;2;2;4;5;3;1;14;2,14.50;18.92;8.58;8.94;26.47;18.92;14.50;5.43;50.12;8.58,586.1906,966643434797250,966644570673521,1135.876271,13056,441392,2129920,0,0,,std_14q_native_pool1,0,,,,block=0 seq=42 cfg=std_native attempt=1
std_14q_native_pool1-std-rand10_t1-r0-1789953419,2026-09-20T18:16:59,std,build_0071783e_20260829023649,0.002,7de69de,batch,rand10_t1,0,ok,,10,1000;1024;24576;1000;500;1024;1000;10000;400;24576,2;2;2;2;2;2;2;2;2;2,3;5;2;2;4;5;3;1;14;2,14.50;18.92;8.58;8.94;26.47;18.92;14.50;5.43;50.12;8.58,586.1906,966644697790142,966645834049236,1136.259094,13056,441392,2129920,0,0,,std_14q_native_pool1,0,,,,block=0 seq=42 cfg=std_native attempt=1
std_14q_native_pool1-std-rand10_t1-r1-1789953420,2026-09-20T18:17:00,std,build_0071783e_20260829023649,0.002,7de69de,batch,rand10_t1,1,ok,,10,1000;1024;24576;1000;500;1024;1000;10000;400;24576,2;2;2;2;2;2;2;2;2;2,3;5;2;2;4;5;3;1;14;2,14.50;18.92;8.58;8.94;26.47;18.92;14.50;5.43;50.12;8.58,586.1906,966645961352210,966647097207310,1135.8551,13056,441392,2129920,0,0,,std_14q_native_pool1,0,,,,block=0 seq=42 cfg=std_native attempt=1
std_14q_native_pool1-std-rand10_t1-r2-1789953422,2026-09-20T18:17:02,std,build_0071783e_20260829023649,0.002,7de69de,batch,rand10_t1,2,ok,,10,1000;1024;24576;1000;500;1024;1000;10000;400;24576,2;2;2;2;2;2;2;2;2;2,3;5;2;2;4;5;3;1;14;2,14.50;18.92;8.58;8.94;26.47;18.92;14.50;5.43;50.12;8.58,586.1906,966647221455043,966648357391714,1135.936671,13056,441392,2129920,0,0,,std_14q_native_pool1,0,,,,block=0 seq=42 cfg=std_native attempt=1
std_14q_native_pool1-std-rand10_t1-r3-1789953423,2026-09-20T18:17:03,std,build_0071783e_20260829023649,0.002,7de69de,batch,rand10_t1,3,ok,,10,1000;1024;24576;1000;500;1024;1000;10000;400;24576,2;2;2;2;2;2;2;2;2;2,3;5;2;2;4;5;3;1;14;2,14.50;18.92;8.58;8.94;26.47;18.92;14.50;5.43;50.12;8.58,586.1906,966648490948339,966649626813770,1135.865431,13056,441392,2129920,0,0,,std_14q_native_pool1,0,,,,block=0 seq=42 cfg=std_native attempt=1
std_14q_native_pool1-std-rand10_t1-r4-1789953424,2026-09-20T18:17:04,std,build_0071783e_20260829023649,0.002,7de69de,batch,rand10_t1,4,ok,,10,1000;1024;24576;1000;500;1024;1000;10000;400;24576,2;2;2;2;2;2;2;2;2;2,3;5;2;2;4;5;3;1;14;2,14.50;18.92;8.58;8.94;26.47;18.92;14.50;5.43;50.12;8.58,586.1906,966649758307785,966650895067144,1136.759359,13056,441392,2129920,0,0,,std_14q_native_pool1,0,,,,block=0 seq=42 cfg=std_native attempt=1
std_14q_native_pool1-std-rand20_t8-r-1-1789953426,2026-09-20T18:17:06,std,build_0071783e_20260829023649,0.002,7de69de,batch,rand20_t8,-1,ok,,20,4000;4000;1024;1000;400;1000;500;1024;4096;24576;400;1024;4096;1024;4000;4000;4000;10000;1024;500,2;2;2;2;2;2;2;2;2;2;2;2;2;2;2;2;2;2;2;2,12;12;5;2;14;5;4;4;14;2;14;3;14;6;2;2;2;1;3;4,42.85;42.85;17.97;8.94;50.12;17.66;26.47;17.12;46.42;8.58;50.12;12.06;46.42;59.48;8.58;8.58;8.58;5.43;12.06;26.47,1306.0361,966651879767813,966654050920158,2171.152345,46112,1361872,5360320,0,0,,std_14q_native_pool1,0,,,,block=0 seq=48 cfg=std_native attempt=1
std_14q_native_pool1-std-rand20_t8-r0-1789953429,2026-09-20T18:17:09,std,build_0071783e_20260829023649,0.002,7de69de,batch,rand20_t8,0,ok,,20,4000;4000;1024;1000;400;1000;500;1024;4096;24576;400;1024;4096;1024;4000;4000;4000;10000;1024;500,2;2;2;2;2;2;2;2;2;2;2;2;2;2;2;2;2;2;2;2,12;12;5;2;14;5;4;4;14;2;14;3;14;6;2;2;2;1;3;4,42.85;42.85;17.97;8.94;50.12;17.66;26.47;17.12;46.42;8.58;50.12;12.06;46.42;59.48;8.58;8.58;8.58;5.43;12.06;26.47,1306.0361,966654509509884,966656679181665,2169.671781,46112,1361872,5360320,0,0,,std_14q_native_pool1,0,,,,block=0 seq=48 cfg=std_native attempt=1
std_14q_native_pool1-std-rand20_t8-r1-1789953431,2026-09-20T18:17:11,std,build_0071783e_20260829023649,0.002,7de69de,batch,rand20_t8,1,ok,,20,4000;4000;1024;1000;400;1000;500;1024;4096;24576;400;1024;4096;1024;4000;4000;4000;10000;1024;500,2;2;2;2;2;2;2;2;2;2;2;2;2;2;2;2;2;2;2;2,12;12;5;2;14;5;4;4;14;2;14;3;14;6;2;2;2;1;3;4,42.85;42.85;17.97;8.94;50.12;17.66;26.47;17.12;46.42;8.58;50.12;12.06;46.42;59.48;8.58;8.58;8.58;5.43;12.06;26.47,1306.0361,966657137362117,966659306860315,2169.498198,46112,1361872,5360320,0,0,,std_14q_native_pool1,0,,,,block=0 seq=48 cfg=std_native attempt=1
std_14q_native_pool1-std-rand20_t8-r2-1789953434,2026-09-20T18:17:14,std,build_0071783e_20260829023649,0.002,7de69de,batch,rand20_t8,2,ok,,20,4000;4000;1024;1000;400;1000;500;1024;4096;24576;400;1024;4096;1024;4000;4000;4000;10000;1024;500,2;2;2;2;2;2;2;2;2;2;2;2;2;2;2;2;2;2;2;2,12;12;5;2;14;5;4;4;14;2;14;3;14;6;2;2;2;1;3;4,42.85;42.85;17.97;8.94;50.12;17.66;26.47;17.12;46.42;8.58;50.12;12.06;46.42;59.48;8.58;8.58;8.58;5.43;12.06;26.47,1306.0361,966659766827186,966661936923390,2170.096204,46112,1361872,5360320,0,0,,std_14q_native_pool1,0,,,,block=0 seq=48 cfg=std_native attempt=1
std_14q_native_pool1-std-rand20_t8-r3-1789953436,2026-09-20T18:17:16,std,build_0071783e_20260829023649,0.002,7de69de,batch,rand20_t8,3,ok,,20,4000;4000;1024;1000;400;1000;500;1024;4096;24576;400;1024;4096;1024;4000;4000;4000;10000;1024;500,2;2;2;2;2;2;2;2;2;2;2;2;2;2;2;2;2;2;2;2,12;12;5;2;14;5;4;4;14;2;14;3;14;6;2;2;2;1;3;4,42.85;42.85;17.97;8.94;50.12;17.66;26.47;17.12;46.42;8.58;50.12;12.06;46.42;59.48;8.58;8.58;8.58;5.43;12.06;26.47,1306.0361,966662393647128,966664563314368,2169.66724,46112,1361872,5360320,0,0,,std_14q_native_pool1,0,,,,block=0 seq=48 cfg=std_native attempt=1
std_14q_native_pool1-std-rand20_t8-r4-1789953439,2026-09-20T18:17:19,std,build_0071783e_20260829023649,0.002,7de69de,batch,rand20_t8,4,ok,,20,4000;4000;1024;1000;400;1000;500;1024;4096;24576;400;1024;4096;1024;4000;4000;4000;10000;1024;500,2;2;2;2;2;2;2;2;2;2;2;2;2;2;2;2;2;2;2;2,12;12;5;2;14;5;4;4;14;2;14;3;14;6;2;2;2;1;3;4,42.85;42.85;17.97;8.94;50.12;17.66;26.47;17.12;46.42;8.58;50.12;12.06;46.42;59.48;8.58;8.58;8.58;5.43;12.06;26.47,1306.0361,966665022437790,966667192108070,2169.67028,46112,1361872,5360320,0,0,,std_14q_native_pool1,0,,,,block=0 seq=48 cfg=std_native attempt=1
std_14q_native_pool1-std-rand30_t6-r-1-1789953442,2026-09-20T18:17:22,std,build_0071783e_20260829023649,0.002,7de69de,batch,rand30_t6,-1,ok,,30,1024;24576;1024;10000;4000;1024;128;1000;1024;500;1000;1000;128;24576;8192;4096;128;1000;32;4000;500;24576;1024;10000;24576;500;4000;32;8192;1024,2;2;2;2;2;2;2;2;2;2;2;2;2;2;2;2;2;2;2;2;2;2;2;2;2;2;2;2;2;2,5;2;5;12;12;4;6;5;5;4;3;3;6;2;4;14;6;2;8;2;4;2;5;1;2;4;2;8;3;5,17.97;8.58;17.97;43.24;42.85;17.12;21.10;17.66;18.92;26.47;14.50;14.50;21.10;8.58;14.84;46.42;21.10;8.94;27.36;8.58;26.47;8.58;17.97;5.43;8.58;26.47;8.58;27.36;11.71;17.97,2193.9864,966667960098581,966671783628993,3823.530412,40752,1569168,8876736,0,0,,std_14q_native_pool1,0,,,,block=0 seq=54 cfg=std_native attempt=1
std_14q_native_pool1-std-rand30_t6-r0-1789953446,2026-09-20T18:17:26,std,build_0071783e_20260829023649,0.002,7de69de,batch,rand30_t6,0,ok,,30,1024;24576;1024;10000;4000;1024;128;1000;1024;500;1000;1000;128;24576;8192;4096;128;1000;32;4000;500;24576;1024;10000;24576;500;4000;32;8192;1024,2;2;2;2;2;2;2;2;2;2;2;2;2;2;2;2;2;2;2;2;2;2;2;2;2;2;2;2;2;2,5;2;5;12;12;4;6;5;5;4;3;3;6;2;4;14;6;2;8;2;4;2;5;1;2;4;2;8;3;5,17.97;8.58;17.97;43.24;42.85;17.12;21.10;17.66;18.92;26.47;14.50;14.50;21.10;8.58;14.84;46.42;21.10;8.94;27.36;8.58;26.47;8.58;17.97;5.43;8.58;26.47;8.58;27.36;11.71;17.97,2193.9864,966672059248019,966675879977662,3820.729643,40752,1569168,8876736,0,0,,std_14q_native_pool1,0,,,,block=0 seq=54 cfg=std_native attempt=1
std_14q_native_pool1-std-rand30_t6-r1-1789953450,2026-09-20T18:17:30,std,build_0071783e_20260829023649,0.002,7de69de,batch,rand30_t6,1,ok,,30,1024;24576;1024;10000;4000;1024;128;1000;1024;500;1000;1000;128;24576;8192;4096;128;1000;32;4000;500;24576;1024;10000;24576;500;4000;32;8192;1024,2;2;2;2;2;2;2;2;2;2;2;2;2;2;2;2;2;2;2;2;2;2;2;2;2;2;2;2;2;2,5;2;5;12;12;4;6;5;5;4;3;3;6;2;4;14;6;2;8;2;4;2;5;1;2;4;2;8;3;5,17.97;8.58;17.97;43.24;42.85;17.12;21.10;17.66;18.92;26.47;14.50;14.50;21.10;8.58;14.84;46.42;21.10;8.94;27.36;8.58;26.47;8.58;17.97;5.43;8.58;26.47;8.58;27.36;11.71;17.97,2193.9864,966676154943813,966679974578385,3819.634572,40752,1569168,8876736,0,0,,std_14q_native_pool1,0,,,,block=0 seq=54 cfg=std_native attempt=1
std_14q_native_pool1-std-rand30_t6-r2-1789953455,2026-09-20T18:17:35,std,build_0071783e_20260829023649,0.002,7de69de,batch,rand30_t6,2,ok,,30,1024;24576;1024;10000;4000;1024;128;1000;1024;500;1000;1000;128;24576;8192;4096;128;1000;32;4000;500;24576;1024;10000;24576;500;4000;32;8192;1024,2;2;2;2;2;2;2;2;2;2;2;2;2;2;2;2;2;2;2;2;2;2;2;2;2;2;2;2;2;2,5;2;5;12;12;4;6;5;5;4;3;3;6;2;4;14;6;2;8;2;4;2;5;1;2;4;2;8;3;5,17.97;8.58;17.97;43.24;42.85;17.12;21.10;17.66;18.92;26.47;14.50;14.50;21.10;8.58;14.84;46.42;21.10;8.94;27.36;8.58;26.47;8.58;17.97;5.43;8.58;26.47;8.58;27.36;11.71;17.97,2193.9864,966680249499705,966684069546461,3820.046756,40752,1569168,8876736,0,0,,std_14q_native_pool1,0,,,,block=0 seq=54 cfg=std_native attempt=1
std_14q_native_pool1-std-rand30_t6-r3-1789953459,2026-09-20T18:17:39,std,build_0071783e_20260829023649,0.002,7de69de,batch,rand30_t6,3,ok,,30,1024;24576;1024;10000;4000;1024;128;1000;1024;500;1000;1000;128;24576;8192;4096;128;1000;32;4000;500;24576;1024;10000;24576;500;4000;32;8192;1024,2;2;2;2;2;2;2;2;2;2;2;2;2;2;2;2;2;2;2;2;2;2;2;2;2;2;2;2;2;2,5;2;5;12;12;4;6;5;5;4;3;3;6;2;4;14;6;2;8;2;4;2;5;1;2;4;2;8;3;5,17.97;8.58;17.97;43.24;42.85;17.12;21.10;17.66;18.92;26.47;14.50;14.50;21.10;8.58;14.84;46.42;21.10;8.94;27.36;8.58;26.47;8.58;17.97;5.43;8.58;26.47;8.58;27.36;11.71;17.97,2193.9864,966684346423900,966688166183844,3819.759944,40752,1569168,8876736,0,0,,std_14q_native_pool1,0,,,,block=0 seq=54 cfg=std_native attempt=1
std_14q_native_pool1-std-rand30_t6-r4-1789953463,2026-09-20T18:17:43,std,build_0071783e_20260829023649,0.002,7de69de,batch,rand30_t6,4,ok,,30,1024;24576;1024;10000;4000;1024;128;1000;1024;500;1000;1000;128;24576;8192;4096;128;1000;32;4000;500;24576;1024;10000;24576;500;4000;32;8192;1024,2;2;2;2;2;2;2;2;2;2;2;2;2;2;2;2;2;2;2;2;2;2;2;2;2;2;2;2;2;2,5;2;5;12;12;4;6;5;5;4;3;3;6;2;4;14;6;2;8;2;4;2;5;1;2;4;2;8;3;5,17.97;8.58;17.97;43.24;42.85;17.12;21.10;17.66;18.92;26.47;14.50;14.50;21.10;8.58;14.84;46.42;21.10;8.94;27.36;8.58;26.47;8.58;17.97;5.43;8.58;26.47;8.58;27.36;11.71;17.97,2193.9864,966688442117863,966692261477013,3819.35915,40752,1569168,8876736,0,0,,std_14q_native_pool1,0,,,,block=0 seq=54 cfg=std_native attempt=1
std_14q_native_pool1-std-rand20_t5-r-1-1789953467,2026-09-20T18:17:47,std,build_0071783e_20260829023649,0.002,7de69de,batch,rand20_t5,-1,ok,,20,1024;1024;400;1000;32;1000;128;8192;1024;1024;1024;10000;32;128;1024;1024;10000;1000;1000;1024,2;2;2;2;2;2;2;2;2;2;2;2;2;2;2;2;2;2;2;2,4;6;14;2;8;3;6;3;5;4;3;12;8;6;4;4;1;5;2;3,17.12;59.48;50.12;8.94;27.36;14.50;21.10;11.71;17.97;17.12;12.06;43.24;27.36;21.10;17.12;17.12;5.43;17.66;8.94;12.06,834.0339,966693032610886,966694398026862,1365.415976,35088,1118496,3287872,0,0,,std_14q_native_pool1,0,,,,block=0 seq=60 cfg=std_native attempt=1
std_14q_native_pool1-std-rand20_t5-r0-1789953469,2026-09-20T18:17:49,std,build_0071783e_20260829023649,0.002,7de69de,batch,rand20_t5,0,ok,,20,1024;1024;400;1000;32;1000;128;8192;1024;1024;1024;10000;32;128;1024;1024;10000;1000;1000;1024,2;2;2;2;2;2;2;2;2;2;2;2;2;2;2;2;2;2;2;2,4;6;14;2;8;3;6;3;5;4;3;12;8;6;4;4;1;5;2;3,17.12;59.48;50.12;8.94;27.36;14.50;21.10;11.71;17.97;17.12;12.06;43.24;27.36;21.10;17.12;17.12;5.43;17.66;8.94;12.06,834.0339,966694584357305,966695949743721,1365.386416,35088,1118496,3287872,0,0,,std_14q_native_pool1,0,,,,block=0 seq=60 cfg=std_native attempt=1
std_14q_native_pool1-std-rand20_t5-r1-1789953470,2026-09-20T18:17:50,std,build_0071783e_20260829023649,0.002,7de69de,batch,rand20_t5,1,ok,,20,1024;1024;400;1000;32;1000;128;8192;1024;1024;1024;10000;32;128;1024;1024;10000;1000;1000;1024,2;2;2;2;2;2;2;2;2;2;2;2;2;2;2;2;2;2;2;2,4;6;14;2;8;3;6;3;5;4;3;12;8;6;4;4;1;5;2;3,17.12;59.48;50.12;8.94;27.36;14.50;21.10;11.71;17.97;17.12;12.06;43.24;27.36;21.10;17.12;17.12;5.43;17.66;8.94;12.06,834.0339,966696136194056,966697501611593,1365.417537,35088,1118496,3287872,0,0,,std_14q_native_pool1,0,,,,block=0 seq=60 cfg=std_native attempt=1
std_14q_native_pool1-std-rand20_t5-r2-1789953472,2026-09-20T18:17:52,std,build_0071783e_20260829023649,0.002,7de69de,batch,rand20_t5,2,ok,,20,1024;1024;400;1000;32;1000;128;8192;1024;1024;1024;10000;32;128;1024;1024;10000;1000;1000;1024,2;2;2;2;2;2;2;2;2;2;2;2;2;2;2;2;2;2;2;2,4;6;14;2;8;3;6;3;5;4;3;12;8;6;4;4;1;5;2;3,17.12;59.48;50.12;8.94;27.36;14.50;21.10;11.71;17.97;17.12;12.06;43.24;27.36;21.10;17.12;17.12;5.43;17.66;8.94;12.06,834.0339,966697688213429,966699053600965,1365.387536,35088,1118496,3287872,0,0,,std_14q_native_pool1,0,,,,block=0 seq=60 cfg=std_native attempt=1
std_14q_native_pool1-std-rand20_t5-r3-1789953474,2026-09-20T18:17:54,std,build_0071783e_20260829023649,0.002,7de69de,batch,rand20_t5,3,ok,,20,1024;1024;400;1000;32;1000;128;8192;1024;1024;1024;10000;32;128;1024;1024;10000;1000;1000;1024,2;2;2;2;2;2;2;2;2;2;2;2;2;2;2;2;2;2;2;2,4;6;14;2;8;3;6;3;5;4;3;12;8;6;4;4;1;5;2;3,17.12;59.48;50.12;8.94;27.36;14.50;21.10;11.71;17.97;17.12;12.06;43.24;27.36;21.10;17.12;17.12;5.43;17.66;8.94;12.06,834.0339,966699238770347,966700604186223,1365.415876,35088,1118496,3287872,0,0,,std_14q_native_pool1,0,,,,block=0 seq=60 cfg=std_native attempt=1
std_14q_native_pool1-std-rand20_t5-r4-1789953475,2026-09-20T18:17:55,std,build_0071783e_20260829023649,0.002,7de69de,batch,rand20_t5,4,ok,,20,1024;1024;400;1000;32;1000;128;8192;1024;1024;1024;10000;32;128;1024;1024;10000;1000;1000;1024,2;2;2;2;2;2;2;2;2;2;2;2;2;2;2;2;2;2;2;2,4;6;14;2;8;3;6;3;5;4;3;12;8;6;4;4;1;5;2;3,17.12;59.48;50.12;8.94;27.36;14.50;21.10;11.71;17.97;17.12;12.06;43.24;27.36;21.10;17.12;17.12;5.43;17.66;8.94;12.06,834.0339,966700790148933,966702155787992,1365.639059,35088,1118496,3287872,0,0,,std_14q_native_pool1,0,,,,block=0 seq=60 cfg=std_native attempt=1
std_14q_native_pool1-std-rand30_t4-r-1-1789953477,2026-09-20T18:17:57,std,build_0071783e_20260829023649,0.002,7de69de,batch,rand30_t4,-1,ok,,30,128;500;1000;4096;32;1000;4096;24576;10000;10000;4000;128;1000;1024;1024;8192;1000;400;32;400;4096;1024;10000;1024;4000;500;1000;1024;400;1024,2;2;2;2;2;2;2;2;2;2;2;2;2;2;2;2;2;2;2;2;2;2;2;2;2;2;2;2;2;2,6;4;2;14;8;3;14;2;12;12;2;6;2;4;5;3;3;14;8;14;14;4;1;4;12;4;5;5;14;5,21.10;26.47;8.94;46.42;27.36;14.50;46.42;8.58;43.24;43.24;8.58;21.10;8.94;17.12;18.92;11.71;14.50;50.12;27.36;50.12;46.42;17.12;5.43;17.12;42.85;26.47;17.66;18.92;50.12;18.92,2271.1510,966702961032015,966706589939290,3628.907275,59696,2251472,9827520,0,0,,std_14q_native_pool1,0,,,,block=0 seq=66 cfg=std_native attempt=1
std_14q_native_pool1-std-rand30_t4-r0-1789953481,2026-09-20T18:18:01,std,build_0071783e_20260829023649,0.002,7de69de,batch,rand30_t4,0,ok,,30,128;500;1000;4096;32;1000;4096;24576;10000;10000;4000;128;1000;1024;1024;8192;1000;400;32;400;4096;1024;10000;1024;4000;500;1000;1024;400;1024,2;2;2;2;2;2;2;2;2;2;2;2;2;2;2;2;2;2;2;2;2;2;2;2;2;2;2;2;2;2,6;4;2;14;8;3;14;2;12;12;2;6;2;4;5;3;3;14;8;14;14;4;1;4;12;4;5;5;14;5,21.10;26.47;8.94;46.42;27.36;14.50;46.42;8.58;43.24;43.24;8.58;21.10;8.94;17.12;18.92;11.71;14.50;50.12;27.36;50.12;46.42;17.12;5.43;17.12;42.85;26.47;17.66;18.92;50.12;18.92,2271.1510,966706915540597,966710538770044,3623.229447,59696,2251472,9827520,0,0,,std_14q_native_pool1,0,,,,block=0 seq=66 cfg=std_native attempt=1
std_14q_native_pool1-std-rand30_t4-r1-1789953485,2026-09-20T18:18:05,std,build_0071783e_20260829023649,0.002,7de69de,batch,rand30_t4,1,ok,,30,128;500;1000;4096;32;1000;4096;24576;10000;10000;4000;128;1000;1024;1024;8192;1000;400;32;400;4096;1024;10000;1024;4000;500;1000;1024;400;1024,2;2;2;2;2;2;2;2;2;2;2;2;2;2;2;2;2;2;2;2;2;2;2;2;2;2;2;2;2;2,6;4;2;14;8;3;14;2;12;12;2;6;2;4;5;3;3;14;8;14;14;4;1;4;12;4;5;5;14;5,21.10;26.47;8.94;46.42;27.36;14.50;46.42;8.58;43.24;43.24;8.58;21.10;8.94;17.12;18.92;11.71;14.50;50.12;27.36;50.12;46.42;17.12;5.43;17.12;42.85;26.47;17.66;18.92;50.12;18.92,2271.1510,966710866595783,966714489182585,3622.586802,59696,2251472,9827520,0,0,,std_14q_native_pool1,0,,,,block=0 seq=66 cfg=std_native attempt=1
std_14q_native_pool1-std-rand30_t4-r2-1789953489,2026-09-20T18:18:09,std,build_0071783e_20260829023649,0.002,7de69de,batch,rand30_t4,2,ok,,30,128;500;1000;4096;32;1000;4096;24576;10000;10000;4000;128;1000;1024;1024;8192;1000;400;32;400;4096;1024;10000;1024;4000;500;1000;1024;400;1024,2;2;2;2;2;2;2;2;2;2;2;2;2;2;2;2;2;2;2;2;2;2;2;2;2;2;2;2;2;2,6;4;2;14;8;3;14;2;12;12;2;6;2;4;5;3;3;14;8;14;14;4;1;4;12;4;5;5;14;5,21.10;26.47;8.94;46.42;27.36;14.50;46.42;8.58;43.24;43.24;8.58;21.10;8.94;17.12;18.92;11.71;14.50;50.12;27.36;50.12;46.42;17.12;5.43;17.12;42.85;26.47;17.66;18.92;50.12;18.92,2271.1510,966714801005453,966718425235131,3624.229678,59696,2251472,9827520,0,0,,std_14q_native_pool1,0,,,,block=0 seq=66 cfg=std_native attempt=1
std_14q_native_pool1-std-rand30_t4-r3-1789953493,2026-09-20T18:18:13,std,build_0071783e_20260829023649,0.002,7de69de,batch,rand30_t4,3,ok,,30,128;500;1000;4096;32;1000;4096;24576;10000;10000;4000;128;1000;1024;1024;8192;1000;400;32;400;4096;1024;10000;1024;4000;500;1000;1024;400;1024,2;2;2;2;2;2;2;2;2;2;2;2;2;2;2;2;2;2;2;2;2;2;2;2;2;2;2;2;2;2,6;4;2;14;8;3;14;2;12;12;2;6;2;4;5;3;3;14;8;14;14;4;1;4;12;4;5;5;14;5,21.10;26.47;8.94;46.42;27.36;14.50;46.42;8.58;43.24;43.24;8.58;21.10;8.94;17.12;18.92;11.71;14.50;50.12;27.36;50.12;46.42;17.12;5.43;17.12;42.85;26.47;17.66;18.92;50.12;18.92,2271.1510,966718734093070,966722356589641,3622.496571,59696,2251472,9827520,0,0,,std_14q_native_pool1,0,,,,block=0 seq=66 cfg=std_native attempt=1
std_14q_native_pool1-std-rand30_t4-r4-1789953497,2026-09-20T18:18:17,std,build_0071783e_20260829023649,0.002,7de69de,batch,rand30_t4,4,ok,,30,128;500;1000;4096;32;1000;4096;24576;10000;10000;4000;128;1000;1024;1024;8192;1000;400;32;400;4096;1024;10000;1024;4000;500;1000;1024;400;1024,2;2;2;2;2;2;2;2;2;2;2;2;2;2;2;2;2;2;2;2;2;2;2;2;2;2;2;2;2;2,6;4;2;14;8;3;14;2;12;12;2;6;2;4;5;3;3;14;8;14;14;4;1;4;12;4;5;5;14;5,21.10;26.47;8.94;46.42;27.36;14.50;46.42;8.58;43.24;43.24;8.58;21.10;8.94;17.12;18.92;11.71;14.50;50.12;27.36;50.12;46.42;17.12;5.43;17.12;42.85;26.47;17.66;18.92;50.12;18.92,2271.1510,966722667882955,966726290494176,3622.611221,59696,2251472,9827520,0,0,,std_14q_native_pool1,0,,,,block=0 seq=66 cfg=std_native attempt=1
std_14q_pool1-std-rand20_t5-r-1-1789953501,2026-09-20T18:18:21,std,build_0071783e_20260829023649,0.002,7de69de,batch,rand20_t5,-1,ok,,20,1024;1024;400;1000;32;1000;128;8192;1024;1024;1024;10000;32;128;1024;1024;10000;1000;1000;1024,2;2;2;2;2;2;2;2;2;2;2;2;2;2;2;2;2;2;2;2,4;6;14;2;8;3;6;3;5;4;3;12;8;6;4;4;1;5;2;3,17.12;59.48;50.12;8.94;27.36;14.50;21.10;11.71;17.97;17.12;12.06;43.24;27.36;21.10;17.12;17.12;5.43;17.66;8.94;12.06,834.0339,966727522596849,966728767412679,1244.81583,35088,39568,3287872,0,0,,std_14q_pool1,1,,,,block=0 seq=72 cfg=std_pool attempt=1
std_14q_pool1-std-rand20_t5-r0-1789953503,2026-09-20T18:18:23,std,build_0071783e_20260829023649,0.002,7de69de,batch,rand20_t5,0,ok,,20,1024;1024;400;1000;32;1000;128;8192;1024;1024;1024;10000;32;128;1024;1024;10000;1000;1000;1024,2;2;2;2;2;2;2;2;2;2;2;2;2;2;2;2;2;2;2;2,4;6;14;2;8;3;6;3;5;4;3;12;8;6;4;4;1;5;2;3,17.12;59.48;50.12;8.94;27.36;14.50;21.10;11.71;17.97;17.12;12.06;43.24;27.36;21.10;17.12;17.12;5.43;17.66;8.94;12.06,834.0339,966729261699503,966730506584374,1244.884871,35088,39568,3287872,0,0,,std_14q_pool1,1,,,,block=0 seq=72 cfg=std_pool attempt=1
std_14q_pool1-std-rand20_t5-r1-1789953505,2026-09-20T18:18:25,std,build_0071783e_20260829023649,0.002,7de69de,batch,rand20_t5,1,ok,,20,1024;1024;400;1000;32;1000;128;8192;1024;1024;1024;10000;32;128;1024;1024;10000;1000;1000;1024,2;2;2;2;2;2;2;2;2;2;2;2;2;2;2;2;2;2;2;2,4;6;14;2;8;3;6;3;5;4;3;12;8;6;4;4;1;5;2;3,17.12;59.48;50.12;8.94;27.36;14.50;21.10;11.71;17.97;17.12;12.06;43.24;27.36;21.10;17.12;17.12;5.43;17.66;8.94;12.06,834.0339,966731002135840,966732246948140,1244.8123,35088,39568,3287872,0,0,,std_14q_pool1,1,,,,block=0 seq=72 cfg=std_pool attempt=1
std_14q_pool1-std-rand20_t5-r2-1789953507,2026-09-20T18:18:27,std,build_0071783e_20260829023649,0.002,7de69de,batch,rand20_t5,2,ok,,20,1024;1024;400;1000;32;1000;128;8192;1024;1024;1024;10000;32;128;1024;1024;10000;1000;1000;1024,2;2;2;2;2;2;2;2;2;2;2;2;2;2;2;2;2;2;2;2,4;6;14;2;8;3;6;3;5;4;3;12;8;6;4;4;1;5;2;3,17.12;59.48;50.12;8.94;27.36;14.50;21.10;11.71;17.97;17.12;12.06;43.24;27.36;21.10;17.12;17.12;5.43;17.66;8.94;12.06,834.0339,966732743049202,966733987777061,1244.727859,35088,39568,3287872,0,0,,std_14q_pool1,1,,,,block=0 seq=72 cfg=std_pool attempt=1
std_14q_pool1-std-rand20_t5-r3-1789953509,2026-09-20T18:18:29,std,build_0071783e_20260829023649,0.002,7de69de,batch,rand20_t5,3,ok,,20,1024;1024;400;1000;32;1000;128;8192;1024;1024;1024;10000;32;128;1024;1024;10000;1000;1000;1024,2;2;2;2;2;2;2;2;2;2;2;2;2;2;2;2;2;2;2;2,4;6;14;2;8;3;6;3;5;4;3;12;8;6;4;4;1;5;2;3,17.12;59.48;50.12;8.94;27.36;14.50;21.10;11.71;17.97;17.12;12.06;43.24;27.36;21.10;17.12;17.12;5.43;17.66;8.94;12.06,834.0339,966734485074365,966735730008216,1244.933851,35088,39568,3287872,0,0,,std_14q_pool1,1,,,,block=0 seq=72 cfg=std_pool attempt=1
std_14q_pool1-std-rand20_t5-r4-1789953510,2026-09-20T18:18:30,std,build_0071783e_20260829023649,0.002,7de69de,batch,rand20_t5,4,ok,,20,1024;1024;400;1000;32;1000;128;8192;1024;1024;1024;10000;32;128;1024;1024;10000;1000;1000;1024,2;2;2;2;2;2;2;2;2;2;2;2;2;2;2;2;2;2;2;2,4;6;14;2;8;3;6;3;5;4;3;12;8;6;4;4;1;5;2;3,17.12;59.48;50.12;8.94;27.36;14.50;21.10;11.71;17.97;17.12;12.06;43.24;27.36;21.10;17.12;17.12;5.43;17.66;8.94;12.06,834.0339,966736226144858,966737470985519,1244.840661,35088,39568,3287872,0,0,,std_14q_pool1,1,,,,block=0 seq=72 cfg=std_pool attempt=1
std_14q_pool1-std-rand30_t6-r-1-1789953513,2026-09-20T18:18:33,std,build_0071783e_20260829023649,0.002,7de69de,batch,rand30_t6,-1,ok,,30,1024;24576;1024;10000;4000;1024;128;1000;1024;500;1000;1000;128;24576;8192;4096;128;1000;32;4000;500;24576;1024;10000;24576;500;4000;32;8192;1024,2;2;2;2;2;2;2;2;2;2;2;2;2;2;2;2;2;2;2;2;2;2;2;2;2;2;2;2;2;2,5;2;5;12;12;4;6;5;5;4;3;3;6;2;4;14;6;2;8;2;4;2;5;1;2;4;2;8;3;5,17.97;8.58;17.97;43.24;42.85;17.12;21.10;17.66;18.92;26.47;14.50;14.50;21.10;8.58;14.84;46.42;21.10;8.94;27.36;8.58;26.47;8.58;17.97;5.43;8.58;26.47;8.58;27.36;11.71;17.97,2193.9864,966738667657787,966742321116077,3653.45829,40752,47472,8876736,0,0,,std_14q_pool1,1,,,,block=0 seq=78 cfg=std_pool attempt=1
std_14q_pool1-std-rand30_t6-r0-1789953517,2026-09-20T18:18:37,std,build_0071783e_20260829023649,0.002,7de69de,batch,rand30_t6,0,ok,,30,1024;24576;1024;10000;4000;1024;128;1000;1024;500;1000;1000;128;24576;8192;4096;128;1000;32;4000;500;24576;1024;10000;24576;500;4000;32;8192;1024,2;2;2;2;2;2;2;2;2;2;2;2;2;2;2;2;2;2;2;2;2;2;2;2;2;2;2;2;2;2,5;2;5;12;12;4;6;5;5;4;3;3;6;2;4;14;6;2;8;2;4;2;5;1;2;4;2;8;3;5,17.97;8.58;17.97;43.24;42.85;17.12;21.10;17.66;18.92;26.47;14.50;14.50;21.10;8.58;14.84;46.42;21.10;8.94;27.36;8.58;26.47;8.58;17.97;5.43;8.58;26.47;8.58;27.36;11.71;17.97,2193.9864,966742863374191,966746516683620,3653.309429,40752,47472,8876736,0,0,,std_14q_pool1,1,,,,block=0 seq=78 cfg=std_pool attempt=1
std_14q_pool1-std-rand30_t6-r1-1789953521,2026-09-20T18:18:41,std,build_0071783e_20260829023649,0.002,7de69de,batch,rand30_t6,1,ok,,30,1024;24576;1024;10000;4000;1024;128;1000;1024;500;1000;1000;128;24576;8192;4096;128;1000;32;4000;500;24576;1024;10000;24576;500;4000;32;8192;1024,2;2;2;2;2;2;2;2;2;2;2;2;2;2;2;2;2;2;2;2;2;2;2;2;2;2;2;2;2;2,5;2;5;12;12;4;6;5;5;4;3;3;6;2;4;14;6;2;8;2;4;2;5;1;2;4;2;8;3;5,17.97;8.58;17.97;43.24;42.85;17.12;21.10;17.66;18.92;26.47;14.50;14.50;21.10;8.58;14.84;46.42;21.10;8.94;27.36;8.58;26.47;8.58;17.97;5.43;8.58;26.47;8.58;27.36;11.71;17.97,2193.9864,966747060781322,966750713802627,3653.021305,40752,47472,8876736,0,0,,std_14q_pool1,1,,,,block=0 seq=78 cfg=std_pool attempt=1
std_14q_pool1-std-rand30_t6-r2-1789953525,2026-09-20T18:18:45,std,build_0071783e_20260829023649,0.002,7de69de,batch,rand30_t6,2,ok,,30,1024;24576;1024;10000;4000;1024;128;1000;1024;500;1000;1000;128;24576;8192;4096;128;1000;32;4000;500;24576;1024;10000;24576;500;4000;32;8192;1024,2;2;2;2;2;2;2;2;2;2;2;2;2;2;2;2;2;2;2;2;2;2;2;2;2;2;2;2;2;2,5;2;5;12;12;4;6;5;5;4;3;3;6;2;4;14;6;2;8;2;4;2;5;1;2;4;2;8;3;5,17.97;8.58;17.97;43.24;42.85;17.12;21.10;17.66;18.92;26.47;14.50;14.50;21.10;8.58;14.84;46.42;21.10;8.94;27.36;8.58;26.47;8.58;17.97;5.43;8.58;26.47;8.58;27.36;11.71;17.97,2193.9864,966751259917669,966754913485261,3653.567592,40752,47472,8876736,0,0,,std_14q_pool1,1,,,,block=0 seq=78 cfg=std_pool attempt=1
std_14q_pool1-std-rand30_t6-r3-1789953529,2026-09-20T18:18:49,std,build_0071783e_20260829023649,0.002,7de69de,batch,rand30_t6,3,ok,,30,1024;24576;1024;10000;4000;1024;128;1000;1024;500;1000;1000;128;24576;8192;4096;128;1000;32;4000;500;24576;1024;10000;24576;500;4000;32;8192;1024,2;2;2;2;2;2;2;2;2;2;2;2;2;2;2;2;2;2;2;2;2;2;2;2;2;2;2;2;2;2,5;2;5;12;12;4;6;5;5;4;3;3;6;2;4;14;6;2;8;2;4;2;5;1;2;4;2;8;3;5,17.97;8.58;17.97;43.24;42.85;17.12;21.10;17.66;18.92;26.47;14.50;14.50;21.10;8.58;14.84;46.42;21.10;8.94;27.36;8.58;26.47;8.58;17.97;5.43;8.58;26.47;8.58;27.36;11.71;17.97,2193.9864,966755456544642,966759109940722,3653.39608,40752,47472,8876736,0,0,,std_14q_pool1,1,,,,block=0 seq=78 cfg=std_pool attempt=1
std_14q_pool1-std-rand30_t6-r4-1789953534,2026-09-20T18:18:54,std,build_0071783e_20260829023649,0.002,7de69de,batch,rand30_t6,4,ok,,30,1024;24576;1024;10000;4000;1024;128;1000;1024;500;1000;1000;128;24576;8192;4096;128;1000;32;4000;500;24576;1024;10000;24576;500;4000;32;8192;1024,2;2;2;2;2;2;2;2;2;2;2;2;2;2;2;2;2;2;2;2;2;2;2;2;2;2;2;2;2;2,5;2;5;12;12;4;6;5;5;4;3;3;6;2;4;14;6;2;8;2;4;2;5;1;2;4;2;8;3;5,17.97;8.58;17.97;43.24;42.85;17.12;21.10;17.66;18.92;26.47;14.50;14.50;21.10;8.58;14.84;46.42;21.10;8.94;27.36;8.58;26.47;8.58;17.97;5.43;8.58;26.47;8.58;27.36;11.71;17.97,2193.9864,966759657305196,966763309840817,3652.535621,40752,47472,8876736,0,0,,std_14q_pool1,1,,,,block=0 seq=78 cfg=std_pool attempt=1
std_14q_pool1-std-rand10_t1-r-1-1789953538,2026-09-20T18:18:58,std,build_0071783e_20260829023649,0.002,7de69de,batch,rand10_t1,-1,ok,,10,1000;1024;24576;1000;500;1024;1000;10000;400;24576,2;2;2;2;2;2;2;2;2;2,3;5;2;2;4;5;3;1;14;2,14.50;18.92;8.58;8.94;26.47;18.92;14.50;5.43;50.12;8.58,586.1906,966764490081312,966765578317756,1088.236444,13056,15296,2129920,0,0,,std_14q_pool1,1,,,,block=0 seq=84 cfg=std_pool attempt=1
std_14q_pool1-std-rand10_t1-r0-1789953540,2026-09-20T18:19:00,std,build_0071783e_20260829023649,0.002,7de69de,batch,rand10_t1,0,ok,,10,1000;1024;24576;1000;500;1024;1000;10000;400;24576,2;2;2;2;2;2;2;2;2;2,3;5;2;2;4;5;3;1;14;2,14.50;18.92;8.58;8.94;26.47;18.92;14.50;5.43;50.12;8.58,586.1906,966766062870432,966767151296288,1088.425856,13056,15296,2129920,0,0,,std_14q_pool1,1,,,,block=0 seq=84 cfg=std_pool attempt=1
std_14q_pool1-std-rand10_t1-r1-1789953542,2026-09-20T18:19:02,std,build_0071783e_20260829023649,0.002,7de69de,batch,rand10_t1,1,ok,,10,1000;1024;24576;1000;500;1024;1000;10000;400;24576,2;2;2;2;2;2;2;2;2;2,3;5;2;2;4;5;3;1;14;2,14.50;18.92;8.58;8.94;26.47;18.92;14.50;5.43;50.12;8.58,586.1906,966767634072807,966768722202260,1088.129453,13056,15296,2129920,0,0,,std_14q_pool1,1,,,,block=0 seq=84 cfg=std_pool attempt=1
std_14q_pool1-std-rand10_t1-r2-1789953543,2026-09-20T18:19:03,std,build_0071783e_20260829023649,0.002,7de69de,batch,rand10_t1,2,ok,,10,1000;1024;24576;1000;500;1024;1000;10000;400;24576,2;2;2;2;2;2;2;2;2;2,3;5;2;2;4;5;3;1;14;2,14.50;18.92;8.58;8.94;26.47;18.92;14.50;5.43;50.12;8.58,586.1906,966769204957388,966770293240892,1088.283504,13056,15296,2129920,0,0,,std_14q_pool1,1,,,,block=0 seq=84 cfg=std_pool attempt=1
std_14q_pool1-std-rand10_t1-r3-1789953545,2026-09-20T18:19:05,std,build_0071783e_20260829023649,0.002,7de69de,batch,rand10_t1,3,ok,,10,1000;1024;24576;1000;500;1024;1000;10000;400;24576,2;2;2;2;2;2;2;2;2;2,3;5;2;2;4;5;3;1;14;2,14.50;18.92;8.58;8.94;26.47;18.92;14.50;5.43;50.12;8.58,586.1906,966770772463085,966771860873121,1088.410036,13056,15296,2129920,0,0,,std_14q_pool1,1,,,,block=0 seq=84 cfg=std_pool attempt=1
std_14q_pool1-std-rand10_t1-r4-1789953546,2026-09-20T18:19:06,std,build_0071783e_20260829023649,0.002,7de69de,batch,rand10_t1,4,ok,,10,1000;1024;24576;1000;500;1024;1000;10000;400;24576,2;2;2;2;2;2;2;2;2;2,3;5;2;2;4;5;3;1;14;2,14.50;18.92;8.58;8.94;26.47;18.92;14.50;5.43;50.12;8.58,586.1906,966772354107574,966773442488640,1088.381066,13056,15296,2129920,0,0,,std_14q_pool1,1,,,,block=0 seq=84 cfg=std_pool attempt=1
std_14q_pool1-std-rand10_t8-r-1-1789953549,2026-09-20T18:19:09,std,build_0071783e_20260829023649,0.002,7de69de,batch,rand10_t8,-1,ok,,10,10000;1024;10000;4000;1024;1000;1024;1024;8192;24576,2;2;2;2;2;2;2;2;2;2,1;3;1;12;5;3;4;5;3;2,5.43;12.06;5.43;42.85;17.97;14.50;17.12;18.92;11.71;8.58,669.0893,966774494459561,966775649034129,1154.574568,9888,12128,2577792,0,0,,std_14q_pool1,1,,,,block=0 seq=90 cfg=std_pool attempt=1
std_14q_pool1-std-rand10_t8-r0-1789953550,2026-09-20T18:19:10,std,build_0071783e_20260829023649,0.002,7de69de,batch,rand10_t8,0,ok,,10,10000;1024;10000;4000;1024;1000;1024;1024;8192;24576,2;2;2;2;2;2;2;2;2;2,1;3;1;12;5;3;4;5;3;2,5.43;12.06;5.43;42.85;17.97;14.50;17.12;18.92;11.71;8.58,669.0893,966776070865208,966777225409525,1154.544317,9888,12128,2577792,0,0,,std_14q_pool1,1,,,,block=0 seq=90 cfg=std_pool attempt=1
std_14q_pool1-std-rand10_t8-r1-1789953552,2026-09-20T18:19:12,std,build_0071783e_20260829023649,0.002,7de69de,batch,rand10_t8,1,ok,,10,10000;1024;10000;4000;1024;1000;1024;1024;8192;24576,2;2;2;2;2;2;2;2;2;2,1;3;1;12;5;3;4;5;3;2,5.43;12.06;5.43;42.85;17.97;14.50;17.12;18.92;11.71;8.58,669.0893,966777648062252,966778802715150,1154.652898,9888,12128,2577792,0,0,,std_14q_pool1,1,,,,block=0 seq=90 cfg=std_pool attempt=1
std_14q_pool1-std-rand10_t8-r2-1789953553,2026-09-20T18:19:13,std,build_0071783e_20260829023649,0.002,7de69de,batch,rand10_t8,2,ok,,10,10000;1024;10000;4000;1024;1000;1024;1024;8192;24576,2;2;2;2;2;2;2;2;2;2,1;3;1;12;5;3;4;5;3;2,5.43;12.06;5.43;42.85;17.97;14.50;17.12;18.92;11.71;8.58,669.0893,966779223759631,966780378431020,1154.671389,9888,12128,2577792,0,0,,std_14q_pool1,1,,,,block=0 seq=90 cfg=std_pool attempt=1
std_14q_pool1-std-rand10_t8-r3-1789953555,2026-09-20T18:19:15,std,build_0071783e_20260829023649,0.002,7de69de,batch,rand10_t8,3,ok,,10,10000;1024;10000;4000;1024;1000;1024;1024;8192;24576,2;2;2;2;2;2;2;2;2;2,1;3;1;12;5;3;4;5;3;2,5.43;12.06;5.43;42.85;17.97;14.50;17.12;18.92;11.71;8.58,669.0893,966780799854785,966781954409602,1154.554817,9888,12128,2577792,0,0,,std_14q_pool1,1,,,,block=0 seq=90 cfg=std_pool attempt=1
std_14q_pool1-std-rand10_t8-r4-1789953556,2026-09-20T18:19:16,std,build_0071783e_20260829023649,0.002,7de69de,batch,rand10_t8,4,ok,,10,10000;1024;10000;4000;1024;1000;1024;1024;8192;24576,2;2;2;2;2;2;2;2;2;2,1;3;1;12;5;3;4;5;3;2,5.43;12.06;5.43;42.85;17.97;14.50;17.12;18.92;11.71;8.58,669.0893,966782376133100,966783530959120,1154.82602,9888,12128,2577792,0,0,,std_14q_pool1,1,,,,block=0 seq=90 cfg=std_pool attempt=1
std_14q_pool1-std-rand30_t4-r-1-1789953559,2026-09-20T18:19:19,std,build_0071783e_20260829023649,0.002,7de69de,batch,rand30_t4,-1,ok,,30,128;500;1000;4096;32;1000;4096;24576;10000;10000;4000;128;1000;1024;1024;8192;1000;400;32;400;4096;1024;10000;1024;4000;500;1000;1024;400;1024,2;2;2;2;2;2;2;2;2;2;2;2;2;2;2;2;2;2;2;2;2;2;2;2;2;2;2;2;2;2,6;4;2;14;8;3;14;2;12;12;2;6;2;4;5;3;3;14;8;14;14;4;1;4;12;4;5;5;14;5,21.10;26.47;8.94;46.42;27.36;14.50;46.42;8.58;43.24;43.24;8.58;21.10;8.94;17.12;18.92;11.71;14.50;50.12;27.36;50.12;46.42;17.12;5.43;17.12;42.85;26.47;17.66;18.92;50.12;18.92,2271.1510,966784727147544,966788109583304,3382.43576,59696,66416,9827520,0,0,,std_14q_pool1,1,,,,block=0 seq=96 cfg=std_pool attempt=1
std_14q_pool1-std-rand30_t4-r0-1789953563,2026-09-20T18:19:23,std,build_0071783e_20260829023649,0.002,7de69de,batch,rand30_t4,0,ok,,30,128;500;1000;4096;32;1000;4096;24576;10000;10000;4000;128;1000;1024;1024;8192;1000;400;32;400;4096;1024;10000;1024;4000;500;1000;1024;400;1024,2;2;2;2;2;2;2;2;2;2;2;2;2;2;2;2;2;2;2;2;2;2;2;2;2;2;2;2;2;2,6;4;2;14;8;3;14;2;12;12;2;6;2;4;5;3;3;14;8;14;14;4;1;4;12;4;5;5;14;5,21.10;26.47;8.94;46.42;27.36;14.50;46.42;8.58;43.24;43.24;8.58;21.10;8.94;17.12;18.92;11.71;14.50;50.12;27.36;50.12;46.42;17.12;5.43;17.12;42.85;26.47;17.66;18.92;50.12;18.92,2271.1510,966788663684975,966792046224646,3382.539671,59696,66416,9827520,0,0,,std_14q_pool1,1,,,,block=0 seq=96 cfg=std_pool attempt=1
std_14q_pool1-std-rand30_t4-r1-1789953567,2026-09-20T18:19:27,std,build_0071783e_20260829023649,0.002,7de69de,batch,rand30_t4,1,ok,,30,128;500;1000;4096;32;1000;4096;24576;10000;10000;4000;128;1000;1024;1024;8192;1000;400;32;400;4096;1024;10000;1024;4000;500;1000;1024;400;1024,2;2;2;2;2;2;2;2;2;2;2;2;2;2;2;2;2;2;2;2;2;2;2;2;2;2;2;2;2;2,6;4;2;14;8;3;14;2;12;12;2;6;2;4;5;3;3;14;8;14;14;4;1;4;12;4;5;5;14;5,21.10;26.47;8.94;46.42;27.36;14.50;46.42;8.58;43.24;43.24;8.58;21.10;8.94;17.12;18.92;11.71;14.50;50.12;27.36;50.12;46.42;17.12;5.43;17.12;42.85;26.47;17.66;18.92;50.12;18.92,2271.1510,966792599997575,966795982586396,3382.588821,59696,66416,9827520,0,0,,std_14q_pool1,1,,,,block=0 seq=96 cfg=std_pool attempt=1
std_14q_pool1-std-rand30_t4-r2-1789953571,2026-09-20T18:19:31,std,build_0071783e_20260829023649,0.002,7de69de,batch,rand30_t4,2,ok,,30,128;500;1000;4096;32;1000;4096;24576;10000;10000;4000;128;1000;1024;1024;8192;1000;400;32;400;4096;1024;10000;1024;4000;500;1000;1024;400;1024,2;2;2;2;2;2;2;2;2;2;2;2;2;2;2;2;2;2;2;2;2;2;2;2;2;2;2;2;2;2,6;4;2;14;8;3;14;2;12;12;2;6;2;4;5;3;3;14;8;14;14;4;1;4;12;4;5;5;14;5,21.10;26.47;8.94;46.42;27.36;14.50;46.42;8.58;43.24;43.24;8.58;21.10;8.94;17.12;18.92;11.71;14.50;50.12;27.36;50.12;46.42;17.12;5.43;17.12;42.85;26.47;17.66;18.92;50.12;18.92,2271.1510,966796535613997,966799918410190,3382.796193,59696,66416,9827520,0,0,,std_14q_pool1,1,,,,block=0 seq=96 cfg=std_pool attempt=1
std_14q_pool1-std-rand30_t4-r3-1789953575,2026-09-20T18:19:35,std,build_0071783e_20260829023649,0.002,7de69de,batch,rand30_t4,3,ok,,30,128;500;1000;4096;32;1000;4096;24576;10000;10000;4000;128;1000;1024;1024;8192;1000;400;32;400;4096;1024;10000;1024;4000;500;1000;1024;400;1024,2;2;2;2;2;2;2;2;2;2;2;2;2;2;2;2;2;2;2;2;2;2;2;2;2;2;2;2;2;2,6;4;2;14;8;3;14;2;12;12;2;6;2;4;5;3;3;14;8;14;14;4;1;4;12;4;5;5;14;5,21.10;26.47;8.94;46.42;27.36;14.50;46.42;8.58;43.24;43.24;8.58;21.10;8.94;17.12;18.92;11.71;14.50;50.12;27.36;50.12;46.42;17.12;5.43;17.12;42.85;26.47;17.66;18.92;50.12;18.92,2271.1510,966800471512552,966803853743640,3382.231088,59696,66416,9827520,0,0,,std_14q_pool1,1,,,,block=0 seq=96 cfg=std_pool attempt=1
std_14q_pool1-std-rand30_t4-r4-1789953578,2026-09-20T18:19:38,std,build_0071783e_20260829023649,0.002,7de69de,batch,rand30_t4,4,ok,,30,128;500;1000;4096;32;1000;4096;24576;10000;10000;4000;128;1000;1024;1024;8192;1000;400;32;400;4096;1024;10000;1024;4000;500;1000;1024;400;1024,2;2;2;2;2;2;2;2;2;2;2;2;2;2;2;2;2;2;2;2;2;2;2;2;2;2;2;2;2;2,6;4;2;14;8;3;14;2;12;12;2;6;2;4;5;3;3;14;8;14;14;4;1;4;12;4;5;5;14;5,21.10;26.47;8.94;46.42;27.36;14.50;46.42;8.58;43.24;43.24;8.58;21.10;8.94;17.12;18.92;11.71;14.50;50.12;27.36;50.12;46.42;17.12;5.43;17.12;42.85;26.47;17.66;18.92;50.12;18.92,2271.1510,966804410505078,966807792830837,3382.325759,59696,66416,9827520,0,0,,std_14q_pool1,1,,,,block=0 seq=96 cfg=std_pool attempt=1
std_14q_pool1-std-rand20_t8-r-1-1789953583,2026-09-20T18:19:43,std,build_0071783e_20260829023649,0.002,7de69de,batch,rand20_t8,-1,ok,,20,4000;4000;1024;1000;400;1000;500;1024;4096;24576;400;1024;4096;1024;4000;4000;4000;10000;1024;500,2;2;2;2;2;2;2;2;2;2;2;2;2;2;2;2;2;2;2;2,12;12;5;2;14;5;4;4;14;2;14;3;14;6;2;2;2;1;3;4,42.85;42.85;17.97;8.94;50.12;17.66;26.47;17.12;46.42;8.58;50.12;12.06;46.42;59.48;8.58;8.58;8.58;5.43;12.06;26.47,1306.0361,966809060647067,966811084106175,2023.459108,46112,50592,5360320,0,0,,std_14q_pool1,1,,,,block=0 seq=102 cfg=std_pool attempt=1
std_14q_pool1-std-rand20_t8-r0-1789953586,2026-09-20T18:19:46,std,build_0071783e_20260829023649,0.002,7de69de,batch,rand20_t8,0,ok,,20,4000;4000;1024;1000;400;1000;500;1024;4096;24576;400;1024;4096;1024;4000;4000;4000;10000;1024;500,2;2;2;2;2;2;2;2;2;2;2;2;2;2;2;2;2;2;2;2,12;12;5;2;14;5;4;4;14;2;14;3;14;6;2;2;2;1;3;4,42.85;42.85;17.97;8.94;50.12;17.66;26.47;17.12;46.42;8.58;50.12;12.06;46.42;59.48;8.58;8.58;8.58;5.43;12.06;26.47,1306.0361,966811602485739,966813625655734,2023.169995,46112,50592,5360320,0,0,,std_14q_pool1,1,,,,block=0 seq=102 cfg=std_pool attempt=1
std_14q_pool1-std-rand20_t8-r1-1789953588,2026-09-20T18:19:48,std,build_0071783e_20260829023649,0.002,7de69de,batch,rand20_t8,1,ok,,20,4000;4000;1024;1000;400;1000;500;1024;4096;24576;400;1024;4096;1024;4000;4000;4000;10000;1024;500,2;2;2;2;2;2;2;2;2;2;2;2;2;2;2;2;2;2;2;2,12;12;5;2;14;5;4;4;14;2;14;3;14;6;2;2;2;1;3;4,42.85;42.85;17.97;8.94;50.12;17.66;26.47;17.12;46.42;8.58;50.12;12.06;46.42;59.48;8.58;8.58;8.58;5.43;12.06;26.47,1306.0361,966814139972148,966816162877940,2022.905792,46112,50592,5360320,0,0,,std_14q_pool1,1,,,,block=0 seq=102 cfg=std_pool attempt=1
std_14q_pool1-std-rand20_t8-r2-1789953591,2026-09-20T18:19:51,std,build_0071783e_20260829023649,0.002,7de69de,batch,rand20_t8,2,ok,,20,4000;4000;1024;1000;400;1000;500;1024;4096;24576;400;1024;4096;1024;4000;4000;4000;10000;1024;500,2;2;2;2;2;2;2;2;2;2;2;2;2;2;2;2;2;2;2;2,12;12;5;2;14;5;4;4;14;2;14;3;14;6;2;2;2;1;3;4,42.85;42.85;17.97;8.94;50.12;17.66;26.47;17.12;46.42;8.58;50.12;12.06;46.42;59.48;8.58;8.58;8.58;5.43;12.06;26.47,1306.0361,966816677466087,966818700585031,2023.118944,46112,50592,5360320,0,0,,std_14q_pool1,1,,,,block=0 seq=102 cfg=std_pool attempt=1
std_14q_pool1-std-rand20_t8-r3-1789953593,2026-09-20T18:19:53,std,build_0071783e_20260829023649,0.002,7de69de,batch,rand20_t8,3,ok,,20,4000;4000;1024;1000;400;1000;500;1024;4096;24576;400;1024;4096;1024;4000;4000;4000;10000;1024;500,2;2;2;2;2;2;2;2;2;2;2;2;2;2;2;2;2;2;2;2,12;12;5;2;14;5;4;4;14;2;14;3;14;6;2;2;2;1;3;4,42.85;42.85;17.97;8.94;50.12;17.66;26.47;17.12;46.42;8.58;50.12;12.06;46.42;59.48;8.58;8.58;8.58;5.43;12.06;26.47,1306.0361,966819214278099,966821237693016,2023.414917,46112,50592,5360320,0,0,,std_14q_pool1,1,,,,block=0 seq=102 cfg=std_pool attempt=1
std_14q_pool1-std-rand20_t8-r4-1789953596,2026-09-20T18:19:56,std,build_0071783e_20260829023649,0.002,7de69de,batch,rand20_t8,4,ok,,20,4000;4000;1024;1000;400;1000;500;1024;4096;24576;400;1024;4096;1024;4000;4000;4000;10000;1024;500,2;2;2;2;2;2;2;2;2;2;2;2;2;2;2;2;2;2;2;2,12;12;5;2;14;5;4;4;14;2;14;3;14;6;2;2;2;1;3;4,42.85;42.85;17.97;8.94;50.12;17.66;26.47;17.12;46.42;8.58;50.12;12.06;46.42;59.48;8.58;8.58;8.58;5.43;12.06;26.47,1306.0361,966821756613986,966823779501958,2022.887972,46112,50592,5360320,0,0,,std_14q_pool1,1,,,,block=0 seq=102 cfg=std_pool attempt=1
c1_14q_native_pool1-c1-rand20_t8-r-1-1789953633,2026-09-20T18:20:33,c1,build_0071783e_20260829023649,0.002,7de69de,batch,rand20_t8,-1,ok,,20,4000;4000;1024;1000;400;1000;500;1024;4096;24576;400;1024;4096;1024;4000;4000;4000;10000;1024;500,2;2;2;2;2;2;2;2;2;2;2;2;2;2;2;2;2;2;2;2,12;12;5;2;14;5;4;4;14;2;14;3;14;6;2;2;2;1;3;4,42.85;42.85;17.97;8.94;50.12;17.66;26.47;17.12;46.42;8.58;50.12;12.06;46.42;59.48;8.58;8.58;8.58;5.43;12.06;26.47,1306.0361,966858881556514,966860431052111,1549.495597,46112,1361872,5360320,1679,10563,,c1_14q_native_pool1,0,,,,block=0 seq=108 cfg=c1_native attempt=1
c1_14q_native_pool1-c1-rand20_t8-r0-1789953635,2026-09-20T18:20:35,c1,build_0071783e_20260829023649,0.002,7de69de,batch,rand20_t8,0,ok,,20,4000;4000;1024;1000;400;1000;500;1024;4096;24576;400;1024;4096;1024;4000;4000;4000;10000;1024;500,2;2;2;2;2;2;2;2;2;2;2;2;2;2;2;2;2;2;2;2,12;12;5;2;14;5;4;4;14;2;14;3;14;6;2;2;2;1;3;4,42.85;42.85;17.97;8.94;50.12;17.66;26.47;17.12;46.42;8.58;50.12;12.06;46.42;59.48;8.58;8.58;8.58;5.43;12.06;26.47,1306.0361,966860839714708,966862370624760,1530.910052,46112,1361872,5360320,1657,11225,,c1_14q_native_pool1,0,,,,block=0 seq=108 cfg=c1_native attempt=1
c1_14q_native_pool1-c1-rand20_t8-r1-1789953637,2026-09-20T18:20:37,c1,build_0071783e_20260829023649,0.002,7de69de,batch,rand20_t8,1,ok,,20,4000;4000;1024;1000;400;1000;500;1024;4096;24576;400;1024;4096;1024;4000;4000;4000;10000;1024;500,2;2;2;2;2;2;2;2;2;2;2;2;2;2;2;2;2;2;2;2,12;12;5;2;14;5;4;4;14;2;14;3;14;6;2;2;2;1;3;4,42.85;42.85;17.97;8.94;50.12;17.66;26.47;17.12;46.42;8.58;50.12;12.06;46.42;59.48;8.58;8.58;8.58;5.43;12.06;26.47,1306.0361,966862779904103,966864310502382,1530.598279,46112,1361872,5360320,1731,11097,,c1_14q_native_pool1,0,,,,block=0 seq=108 cfg=c1_native attempt=1
c1_14q_native_pool1-c1-rand20_t8-r2-1789953639,2026-09-20T18:20:39,c1,build_0071783e_20260829023649,0.002,7de69de,batch,rand20_t8,2,ok,,20,4000;4000;1024;1000;400;1000;500;1024;4096;24576;400;1024;4096;1024;4000;4000;4000;10000;1024;500,2;2;2;2;2;2;2;2;2;2;2;2;2;2;2;2;2;2;2;2,12;12;5;2;14;5;4;4;14;2;14;3;14;6;2;2;2;1;3;4,42.85;42.85;17.97;8.94;50.12;17.66;26.47;17.12;46.42;8.58;50.12;12.06;46.42;59.48;8.58;8.58;8.58;5.43;12.06;26.47,1306.0361,966864714805845,966866245750347,1530.944502,46112,1361872,5360320,1459,10238,,c1_14q_native_pool1,0,,,,block=0 seq=108 cfg=c1_native attempt=1
c1_14q_native_pool1-c1-rand20_t8-r3-1789953641,2026-09-20T18:20:41,c1,build_0071783e_20260829023649,0.002,7de69de,batch,rand20_t8,3,ok,,20,4000;4000;1024;1000;400;1000;500;1024;4096;24576;400;1024;4096;1024;4000;4000;4000;10000;1024;500,2;2;2;2;2;2;2;2;2;2;2;2;2;2;2;2;2;2;2;2,12;12;5;2;14;5;4;4;14;2;14;3;14;6;2;2;2;1;3;4,42.85;42.85;17.97;8.94;50.12;17.66;26.47;17.12;46.42;8.58;50.12;12.06;46.42;59.48;8.58;8.58;8.58;5.43;12.06;26.47,1306.0361,966866656230983,966868206354006,1550.123023,46112,1361872,5360320,1445,9935,,c1_14q_native_pool1,0,,,,block=0 seq=108 cfg=c1_native attempt=1
c1_14q_native_pool1-c1-rand20_t8-r4-1789953643,2026-09-20T18:20:43,c1,build_0071783e_20260829023649,0.002,7de69de,batch,rand20_t8,4,data_mismatch,STRM error after 3686592/5360320 B,20,4000;4000;1024;1000;400;1000;500;1024;4096;24576;400;1024;4096;1024;4000;4000;4000;10000;1024;500,2;2;2;2;2;2;2;2;2;2;2;2;2;2;2;2;2;2;2;2,12;12;5;2;14;5;4;4;14;2;14;3;14;6;2;2;2;1;3;4,42.85;42.85;17.97;8.94;50.12;17.66;26.47;17.12;46.42;8.58;50.12;12.06;46.42;59.48;8.58;8.58;8.58;5.43;12.06;26.47,1306.0361,,,,46112,,5360320,,,,c1_14q_native_pool1,0,,,,block=0 seq=108 cfg=c1_native attempt=1
c1_14q_native_pool1-c1-rand20_t8-r4-1789953794,2026-09-20T18:23:14,c1,build_0071783e_20260829023649,0.002,7de69de,batch,rand20_t8,4,ok,,20,4000;4000;1024;1000;400;1000;500;1024;4096;24576;400;1024;4096;1024;4000;4000;4000;10000;1024;500,2;2;2;2;2;2;2;2;2;2;2;2;2;2;2;2;2;2;2;2,12;12;5;2;14;5;4;4;14;2;14;3;14;6;2;2;2;1;3;4,42.85;42.85;17.97;8.94;50.12;17.66;26.47;17.12;46.42;8.58;50.12;12.06;46.42;59.48;8.58;8.58;8.58;5.43;12.06;26.47,1306.0361,967169689536628,967171214393679,1524.857051,46112,1361872,5360320,1618,10652,,c1_14q_native_pool1,0,,,,block=0 seq=108 cfg=c1_native attempt=1
c1_14q_native_pool1-c1-rand30_t4-r-1-1789953946,2026-09-20T18:25:46,c1,build_0071783e_20260829023649,0.002,7de69de,batch,rand30_t4,-1,ok,,30,128;500;1000;4096;32;1000;4096;24576;10000;10000;4000;128;1000;1024;1024;8192;1000;400;32;400;4096;1024;10000;1024;4000;500;1000;1024;400;1024,2;2;2;2;2;2;2;2;2;2;2;2;2;2;2;2;2;2;2;2;2;2;2;2;2;2;2;2;2;2,6;4;2;14;8;3;14;2;12;12;2;6;2;4;5;3;3;14;8;14;14;4;1;4;12;4;5;5;14;5,21.10;26.47;8.94;46.42;27.36;14.50;46.42;8.58;43.24;43.24;8.58;21.10;8.94;17.12;18.92;11.71;14.50;50.12;27.36;50.12;46.42;17.12;5.43;17.12;42.85;26.47;17.66;18.92;50.12;18.92,2271.1510,967171977981646,967174596512206,2618.53056,59696,2251472,9827520,2745,18994,,c1_14q_native_pool1,0,,,,block=0 seq=114 cfg=c1_native attempt=1
c1_14q_native_pool1-c1-rand30_t4-r0-1789953949,2026-09-20T18:25:49,c1,build_0071783e_20260829023649,0.002,7de69de,batch,rand30_t4,0,ok,,30,128;500;1000;4096;32;1000;4096;24576;10000;10000;4000;128;1000;1024;1024;8192;1000;400;32;400;4096;1024;10000;1024;4000;500;1000;1024;400;1024,2;2;2;2;2;2;2;2;2;2;2;2;2;2;2;2;2;2;2;2;2;2;2;2;2;2;2;2;2;2,6;4;2;14;8;3;14;2;12;12;2;6;2;4;5;3;3;14;8;14;14;4;1;4;12;4;5;5;14;5,21.10;26.47;8.94;46.42;27.36;14.50;46.42;8.58;43.24;43.24;8.58;21.10;8.94;17.12;18.92;11.71;14.50;50.12;27.36;50.12;46.42;17.12;5.43;17.12;42.85;26.47;17.66;18.92;50.12;18.92,2271.1510,967174829415805,967177447460939,2618.045134,59696,2251472,9827520,2718,19228,,c1_14q_native_pool1,0,,,,block=0 seq=114 cfg=c1_native attempt=1
c1_14q_native_pool1-c1-rand30_t4-r1-1789953952,2026-09-20T18:25:52,c1,build_0071783e_20260829023649,0.002,7de69de,batch,rand30_t4,1,ok,,30,128;500;1000;4096;32;1000;4096;24576;10000;10000;4000;128;1000;1024;1024;8192;1000;400;32;400;4096;1024;10000;1024;4000;500;1000;1024;400;1024,2;2;2;2;2;2;2;2;2;2;2;2;2;2;2;2;2;2;2;2;2;2;2;2;2;2;2;2;2;2,6;4;2;14;8;3;14;2;12;12;2;6;2;4;5;3;3;14;8;14;14;4;1;4;12;4;5;5;14;5,21.10;26.47;8.94;46.42;27.36;14.50;46.42;8.58;43.24;43.24;8.58;21.10;8.94;17.12;18.92;11.71;14.50;50.12;27.36;50.12;46.42;17.12;5.43;17.12;42.85;26.47;17.66;18.92;50.12;18.92,2271.1510,967177681210027,967180299342033,2618.132006,59696,2251472,9827520,2632,18519,,c1_14q_native_pool1,0,,,,block=0 seq=114 cfg=c1_native attempt=1
c1_14q_native_pool1-c1-rand30_t4-r2-1789953955,2026-09-20T18:25:55,c1,build_0071783e_20260829023649,0.002,7de69de,batch,rand30_t4,2,ok,,30,128;500;1000;4096;32;1000;4096;24576;10000;10000;4000;128;1000;1024;1024;8192;1000;400;32;400;4096;1024;10000;1024;4000;500;1000;1024;400;1024,2;2;2;2;2;2;2;2;2;2;2;2;2;2;2;2;2;2;2;2;2;2;2;2;2;2;2;2;2;2,6;4;2;14;8;3;14;2;12;12;2;6;2;4;5;3;3;14;8;14;14;4;1;4;12;4;5;5;14;5,21.10;26.47;8.94;46.42;27.36;14.50;46.42;8.58;43.24;43.24;8.58;21.10;8.94;17.12;18.92;11.71;14.50;50.12;27.36;50.12;46.42;17.12;5.43;17.12;42.85;26.47;17.66;18.92;50.12;18.92,2271.1510,967180533175681,967183149998064,2616.822383,59696,2251472,9827520,2933,19999,,c1_14q_native_pool1,0,,,,block=0 seq=114 cfg=c1_native attempt=1
c1_14q_native_pool1-c1-rand30_t4-r3-1789953958,2026-09-20T18:25:58,c1,build_0071783e_20260829023649,0.002,7de69de,batch,rand30_t4,3,ok,,30,128;500;1000;4096;32;1000;4096;24576;10000;10000;4000;128;1000;1024;1024;8192;1000;400;32;400;4096;1024;10000;1024;4000;500;1000;1024;400;1024,2;2;2;2;2;2;2;2;2;2;2;2;2;2;2;2;2;2;2;2;2;2;2;2;2;2;2;2;2;2,6;4;2;14;8;3;14;2;12;12;2;6;2;4;5;3;3;14;8;14;14;4;1;4;12;4;5;5;14;5,21.10;26.47;8.94;46.42;27.36;14.50;46.42;8.58;43.24;43.24;8.58;21.10;8.94;17.12;18.92;11.71;14.50;50.12;27.36;50.12;46.42;17.12;5.43;17.12;42.85;26.47;17.66;18.92;50.12;18.92,2271.1510,967183384153256,967186001662635,2617.509379,59696,2251472,9827520,2739,19722,,c1_14q_native_pool1,0,,,,block=0 seq=114 cfg=c1_native attempt=1
c1_14q_native_pool1-c1-rand30_t4-r4-1789953961,2026-09-20T18:26:01,c1,build_0071783e_20260829023649,0.002,7de69de,batch,rand30_t4,4,data_mismatch,STRM error after 6717824/9827520 B,30,128;500;1000;4096;32;1000;4096;24576;10000;10000;4000;128;1000;1024;1024;8192;1000;400;32;400;4096;1024;10000;1024;4000;500;1000;1024;400;1024,2;2;2;2;2;2;2;2;2;2;2;2;2;2;2;2;2;2;2;2;2;2;2;2;2;2;2;2;2;2,6;4;2;14;8;3;14;2;12;12;2;6;2;4;5;3;3;14;8;14;14;4;1;4;12;4;5;5;14;5,21.10;26.47;8.94;46.42;27.36;14.50;46.42;8.58;43.24;43.24;8.58;21.10;8.94;17.12;18.92;11.71;14.50;50.12;27.36;50.12;46.42;17.12;5.43;17.12;42.85;26.47;17.66;18.92;50.12;18.92,2271.1510,,,,59696,,9827520,,,,c1_14q_native_pool1,0,,,,block=0 seq=114 cfg=c1_native attempt=1
c1_14q_native_pool1-c1-rand30_t4-r4-1789954112,2026-09-20T18:28:32,c1,build_0071783e_20260829023649,0.002,7de69de,batch,rand30_t4,4,ok,,30,128;500;1000;4096;32;1000;4096;24576;10000;10000;4000;128;1000;1024;1024;8192;1000;400;32;400;4096;1024;10000;1024;4000;500;1000;1024;400;1024,2;2;2;2;2;2;2;2;2;2;2;2;2;2;2;2;2;2;2;2;2;2;2;2;2;2;2;2;2;2,6;4;2;14;8;3;14;2;12;12;2;6;2;4;5;3;3;14;8;14;14;4;1;4;12;4;5;5;14;5,21.10;26.47;8.94;46.42;27.36;14.50;46.42;8.58;43.24;43.24;8.58;21.10;8.94;17.12;18.92;11.71;14.50;50.12;27.36;50.12;46.42;17.12;5.43;17.12;42.85;26.47;17.66;18.92;50.12;18.92,2271.1510,967487980249512,967490637937223,2657.687711,59696,2251472,9827520,2561,18685,,c1_14q_native_pool1,0,,,,block=0 seq=114 cfg=c1_native attempt=1
c1_14q_native_pool1-c1-rand10_t1-r-1-1789954266,2026-09-20T18:31:06,c1,build_0071783e_20260829023649,0.002,7de69de,batch,rand10_t1,-1,ok,,10,1000;1024;24576;1000;500;1024;1000;10000;400;24576,2;2;2;2;2;2;2;2;2;2,3;5;2;2;4;5;3;1;14;2,14.50;18.92;8.58;8.94;26.47;18.92;14.50;5.43;50.12;8.58,586.1906,967491220228896,967491895512550,675.283654,13056,441392,2129920,1423,4728,,c1_14q_native_pool1,0,,,,block=0 seq=120 cfg=c1_native attempt=1
c1_14q_native_pool1-c1-rand10_t1-r0-1789954266,2026-09-20T18:31:06,c1,build_0071783e_20260829023649,0.002,7de69de,batch,rand10_t1,0,ok,,10,1000;1024;24576;1000;500;1024;1000;10000;400;24576,2;2;2;2;2;2;2;2;2;2,3;5;2;2;4;5;3;1;14;2,14.50;18.92;8.58;8.94;26.47;18.92;14.50;5.43;50.12;8.58,586.1906,967492016238118,967492693713994,677.475876,13056,441392,2129920,1217,4093,,c1_14q_native_pool1,0,,,,block=0 seq=120 cfg=c1_native attempt=1
c1_14q_native_pool1-c1-rand10_t1-r1-1789954267,2026-09-20T18:31:07,c1,build_0071783e_20260829023649,0.002,7de69de,batch,rand10_t1,1,ok,,10,1000;1024;24576;1000;500;1024;1000;10000;400;24576,2;2;2;2;2;2;2;2;2;2,3;5;2;2;4;5;3;1;14;2,14.50;18.92;8.58;8.94;26.47;18.92;14.50;5.43;50.12;8.58,586.1906,967492814072817,967493484755365,670.682548,13056,441392,2129920,1340,4184,,c1_14q_native_pool1,0,,,,block=0 seq=120 cfg=c1_native attempt=1
c1_14q_native_pool1-c1-rand10_t1-r2-1789954268,2026-09-20T18:31:08,c1,build_0071783e_20260829023649,0.002,7de69de,batch,rand10_t1,2,ok,,10,1000;1024;24576;1000;500;1024;1000;10000;400;24576,2;2;2;2;2;2;2;2;2;2,3;5;2;2;4;5;3;1;14;2,14.50;18.92;8.58;8.94;26.47;18.92;14.50;5.43;50.12;8.58,586.1906,967493603539343,967494275170141,671.630798,13056,441392,2129920,1402,4794,,c1_14q_native_pool1,0,,,,block=0 seq=120 cfg=c1_native attempt=1
c1_14q_native_pool1-c1-rand10_t1-r3-1789954269,2026-09-20T18:31:09,c1,build_0071783e_20260829023649,0.002,7de69de,batch,rand10_t1,3,ok,,10,1000;1024;24576;1000;500;1024;1000;10000;400;24576,2;2;2;2;2;2;2;2;2;2,3;5;2;2;4;5;3;1;14;2,14.50;18.92;8.58;8.94;26.47;18.92;14.50;5.43;50.12;8.58,586.1906,967494394013569,967495065715247,671.701678,13056,441392,2129920,1301,4796,,c1_14q_native_pool1,0,,,,block=0 seq=120 cfg=c1_native attempt=1
c1_14q_native_pool1-c1-rand10_t1-r4-1789954270,2026-09-20T18:31:10,c1,build_0071783e_20260829023649,0.002,7de69de,batch,rand10_t1,4,ok,,10,1000;1024;24576;1000;500;1024;1000;10000;400;24576,2;2;2;2;2;2;2;2;2;2,3;5;2;2;4;5;3;1;14;2,14.50;18.92;8.58;8.94;26.47;18.92;14.50;5.43;50.12;8.58,586.1906,967495185468755,967495861529547,676.060792,13056,441392,2129920,1402,4694,,c1_14q_native_pool1,0,,,,block=0 seq=120 cfg=c1_native attempt=1
c1_14q_native_pool1-c1-rand20_t5-r-1-1789954271,2026-09-20T18:31:11,c1,build_0071783e_20260829023649,0.002,7de69de,batch,rand20_t5,-1,ok,,20,1024;1024;400;1000;32;1000;128;8192;1024;1024;1024;10000;32;128;1024;1024;10000;1000;1000;1024,2;2;2;2;2;2;2;2;2;2;2;2;2;2;2;2;2;2;2;2,4;6;14;2;8;3;6;3;5;4;3;12;8;6;4;4;1;5;2;3,17.12;59.48;50.12;8.94;27.36;14.50;21.10;11.71;17.97;17.12;12.06;43.24;27.36;21.10;17.12;17.12;5.43;17.66;8.94;12.06,834.0339,967496552598558,967497584395038,1031.79648,35088,1118496,3287872,2359,6755,,c1_14q_native_pool1,0,,,,block=0 seq=126 cfg=c1_native attempt=1
c1_14q_native_pool1-c1-rand20_t5-r0-1789954272,2026-09-20T18:31:12,c1,build_0071783e_20260829023649,0.002,7de69de,batch,rand20_t5,0,data_mismatch,STRM error after 289536/3287872 B,20,1024;1024;400;1000;32;1000;128;8192;1024;1024;1024;10000;32;128;1024;1024;10000;1000;1000;1024,2;2;2;2;2;2;2;2;2;2;2;2;2;2;2;2;2;2;2;2,4;6;14;2;8;3;6;3;5;4;3;12;8;6;4;4;1;5;2;3,17.12;59.48;50.12;8.94;27.36;14.50;21.10;11.71;17.97;17.12;12.06;43.24;27.36;21.10;17.12;17.12;5.43;17.66;8.94;12.06,834.0339,,,,35088,,3287872,,,,c1_14q_native_pool1,0,,,,block=0 seq=126 cfg=c1_native attempt=1
c1_14q_native_pool1-c1-rand20_t5-r0-1789954422,2026-09-20T18:33:42,c1,build_0071783e_20260829023649,0.002,7de69de,batch,rand20_t5,0,ok,,20,1024;1024;400;1000;32;1000;128;8192;1024;1024;1024;10000;32;128;1024;1024;10000;1000;1000;1024,2;2;2;2;2;2;2;2;2;2;2;2;2;2;2;2;2;2;2;2,4;6;14;2;8;3;6;3;5;4;3;12;8;6;4;4;1;5;2;3,17.12;59.48;50.12;8.94;27.36;14.50;21.10;11.71;17.97;17.12;12.06;43.24;27.36;21.10;17.12;17.12;5.43;17.66;8.94;12.06,834.0339,967797945192504,967798976866983,1031.674479,35088,1118496,3287872,2557,7371,,c1_14q_native_pool1,0,,,,block=0 seq=126 cfg=c1_native attempt=1
c1_14q_native_pool1-c1-rand20_t5-r1-1789954573,2026-09-20T18:36:13,c1,build_0071783e_20260829023649,0.002,7de69de,batch,rand20_t5,1,ok,,20,1024;1024;400;1000;32;1000;128;8192;1024;1024;1024;10000;32;128;1024;1024;10000;1000;1000;1024,2;2;2;2;2;2;2;2;2;2;2;2;2;2;2;2;2;2;2;2,4;6;14;2;8;3;6;3;5;4;3;12;8;6;4;4;1;5;2;3,17.12;59.48;50.12;8.94;27.36;14.50;21.10;11.71;17.97;17.12;12.06;43.24;27.36;21.10;17.12;17.12;5.43;17.66;8.94;12.06,834.0339,967799133369618,967800147763423,1014.393805,35088,1118496,3287872,2350,7105,,c1_14q_native_pool1,0,,,,block=0 seq=126 cfg=c1_native attempt=1
c1_14q_native_pool1-c1-rand20_t5-r2-1789954575,2026-09-20T18:36:15,c1,build_0071783e_20260829023649,0.002,7de69de,batch,rand20_t5,2,ok,,20,1024;1024;400;1000;32;1000;128;8192;1024;1024;1024;10000;32;128;1024;1024;10000;1000;1000;1024,2;2;2;2;2;2;2;2;2;2;2;2;2;2;2;2;2;2;2;2,4;6;14;2;8;3;6;3;5;4;3;12;8;6;4;4;1;5;2;3,17.12;59.48;50.12;8.94;27.36;14.50;21.10;11.71;17.97;17.12;12.06;43.24;27.36;21.10;17.12;17.12;5.43;17.66;8.94;12.06,834.0339,967800304815424,967801336617224,1031.8018,35088,1118496,3287872,2234,6452,,c1_14q_native_pool1,0,,,,block=0 seq=126 cfg=c1_native attempt=1
c1_14q_native_pool1-c1-rand20_t5-r3-1789954576,2026-09-20T18:36:16,c1,build_0071783e_20260829023649,0.002,7de69de,batch,rand20_t5,3,ok,,20,1024;1024;400;1000;32;1000;128;8192;1024;1024;1024;10000;32;128;1024;1024;10000;1000;1000;1024,2;2;2;2;2;2;2;2;2;2;2;2;2;2;2;2;2;2;2;2,4;6;14;2;8;3;6;3;5;4;3;12;8;6;4;4;1;5;2;3,17.12;59.48;50.12;8.94;27.36;14.50;21.10;11.71;17.97;17.12;12.06;43.24;27.36;21.10;17.12;17.12;5.43;17.66;8.94;12.06,834.0339,967801490181210,967802520997630,1030.81642,35088,1118496,3287872,2247,6780,,c1_14q_native_pool1,0,,,,block=0 seq=126 cfg=c1_native attempt=1
c1_14q_native_pool1-c1-rand20_t5-r4-1789954577,2026-09-20T18:36:17,c1,build_0071783e_20260829023649,0.002,7de69de,batch,rand20_t5,4,ok,,20,1024;1024;400;1000;32;1000;128;8192;1024;1024;1024;10000;32;128;1024;1024;10000;1000;1000;1024,2;2;2;2;2;2;2;2;2;2;2;2;2;2;2;2;2;2;2;2,4;6;14;2;8;3;6;3;5;4;3;12;8;6;4;4;1;5;2;3,17.12;59.48;50.12;8.94;27.36;14.50;21.10;11.71;17.97;17.12;12.06;43.24;27.36;21.10;17.12;17.12;5.43;17.66;8.94;12.06,834.0339,967802672851318,967803687296674,1014.445356,35088,1118496,3287872,2403,7150,,c1_14q_native_pool1,0,,,,block=0 seq=126 cfg=c1_native attempt=1
c1_14q_native_pool1-c1-rand30_t6-r-1-1789954579,2026-09-20T18:36:19,c1,build_0071783e_20260829023649,0.002,7de69de,batch,rand30_t6,-1,ok,,30,1024;24576;1024;10000;4000;1024;128;1000;1024;500;1000;1000;128;24576;8192;4096;128;1000;32;4000;500;24576;1024;10000;24576;500;4000;32;8192;1024,2;2;2;2;2;2;2;2;2;2;2;2;2;2;2;2;2;2;2;2;2;2;2;2;2;2;2;2;2;2,5;2;5;12;12;4;6;5;5;4;3;3;6;2;4;14;6;2;8;2;4;2;5;1;2;4;2;8;3;5,17.97;8.58;17.97;43.24;42.85;17.12;21.10;17.66;18.92;26.47;14.50;14.50;21.10;8.58;14.84;46.42;21.10;8.94;27.36;8.58;26.47;8.58;17.97;5.43;8.58;26.47;8.58;27.36;11.71;17.97,2193.9864,967804416421777,967806889567212,2473.145435,40752,1569168,8876736,2454,16535,,c1_14q_native_pool1,0,,,,block=0 seq=132 cfg=c1_native attempt=1
c1_14q_native_pool1-c1-rand30_t6-r0-1789954581,2026-09-20T18:36:21,c1,build_0071783e_20260829023649,0.002,7de69de,batch,rand30_t6,0,data_mismatch,STRM error after 6390720/8876736 B,30,1024;24576;1024;10000;4000;1024;128;1000;1024;500;1000;1000;128;24576;8192;4096;128;1000;32;4000;500;24576;1024;10000;24576;500;4000;32;8192;1024,2;2;2;2;2;2;2;2;2;2;2;2;2;2;2;2;2;2;2;2;2;2;2;2;2;2;2;2;2;2,5;2;5;12;12;4;6;5;5;4;3;3;6;2;4;14;6;2;8;2;4;2;5;1;2;4;2;8;3;5,17.97;8.58;17.97;43.24;42.85;17.12;21.10;17.66;18.92;26.47;14.50;14.50;21.10;8.58;14.84;46.42;21.10;8.94;27.36;8.58;26.47;8.58;17.97;5.43;8.58;26.47;8.58;27.36;11.71;17.97,2193.9864,,,,40752,,8876736,,,,c1_14q_native_pool1,0,,,,block=0 seq=132 cfg=c1_native attempt=1
c1_14q_native_pool1-c1-rand30_t6-r0-1789954733,2026-09-20T18:38:53,c1,build_0071783e_20260829023649,0.002,7de69de,batch,rand30_t6,0,ok,,30,1024;24576;1024;10000;4000;1024;128;1000;1024;500;1000;1000;128;24576;8192;4096;128;1000;32;4000;500;24576;1024;10000;24576;500;4000;32;8192;1024,2;2;2;2;2;2;2;2;2;2;2;2;2;2;2;2;2;2;2;2;2;2;2;2;2;2;2;2;2;2,5;2;5;12;12;4;6;5;5;4;3;3;6;2;4;14;6;2;8;2;4;2;5;1;2;4;2;8;3;5,17.97;8.58;17.97;43.24;42.85;17.12;21.10;17.66;18.92;26.47;14.50;14.50;21.10;8.58;14.84;46.42;21.10;8.94;27.36;8.58;26.47;8.58;17.97;5.43;8.58;26.47;8.58;27.36;11.71;17.97,2193.9864,968108882043408,968111398831810,2516.788402,40752,1569168,8876736,2408,17249,,c1_14q_native_pool1,0,,,,block=0 seq=132 cfg=c1_native attempt=1
c1_14q_native_pool1-c1-rand30_t6-r1-1789954886,2026-09-20T18:41:26,c1,build_0071783e_20260829023649,0.002,7de69de,batch,rand30_t6,1,ok,,30,1024;24576;1024;10000;4000;1024;128;1000;1024;500;1000;1000;128;24576;8192;4096;128;1000;32;4000;500;24576;1024;10000;24576;500;4000;32;8192;1024,2;2;2;2;2;2;2;2;2;2;2;2;2;2;2;2;2;2;2;2;2;2;2;2;2;2;2;2;2;2,5;2;5;12;12;4;6;5;5;4;3;3;6;2;4;14;6;2;8;2;4;2;5;1;2;4;2;8;3;5,17.97;8.58;17.97;43.24;42.85;17.12;21.10;17.66;18.92;26.47;14.50;14.50;21.10;8.58;14.84;46.42;21.10;8.94;27.36;8.58;26.47;8.58;17.97;5.43;8.58;26.47;8.58;27.36;11.71;17.97,2193.9864,968111589816940,968114062730733,2472.913793,40752,1569168,8876736,2395,17751,,c1_14q_native_pool1,0,,,,block=0 seq=132 cfg=c1_native attempt=1
c1_14q_native_pool1-c1-rand30_t6-r2-1789954889,2026-09-20T18:41:29,c1,build_0071783e_20260829023649,0.002,7de69de,batch,rand30_t6,2,ok,,30,1024;24576;1024;10000;4000;1024;128;1000;1024;500;1000;1000;128;24576;8192;4096;128;1000;32;4000;500;24576;1024;10000;24576;500;4000;32;8192;1024,2;2;2;2;2;2;2;2;2;2;2;2;2;2;2;2;2;2;2;2;2;2;2;2;2;2;2;2;2;2,5;2;5;12;12;4;6;5;5;4;3;3;6;2;4;14;6;2;8;2;4;2;5;1;2;4;2;8;3;5,17.97;8.58;17.97;43.24;42.85;17.12;21.10;17.66;18.92;26.47;14.50;14.50;21.10;8.58;14.84;46.42;21.10;8.94;27.36;8.58;26.47;8.58;17.97;5.43;8.58;26.47;8.58;27.36;11.71;17.97,2193.9864,968114251732813,968116724395943,2472.66313,40752,1569168,8876736,2427,17877,,c1_14q_native_pool1,0,,,,block=0 seq=132 cfg=c1_native attempt=1
c1_14q_native_pool1-c1-rand30_t6-r3-1789954891,2026-09-20T18:41:31,c1,build_0071783e_20260829023649,0.002,7de69de,batch,rand30_t6,3,ok,,30,1024;24576;1024;10000;4000;1024;128;1000;1024;500;1000;1000;128;24576;8192;4096;128;1000;32;4000;500;24576;1024;10000;24576;500;4000;32;8192;1024,2;2;2;2;2;2;2;2;2;2;2;2;2;2;2;2;2;2;2;2;2;2;2;2;2;2;2;2;2;2,5;2;5;12;12;4;6;5;5;4;3;3;6;2;4;14;6;2;8;2;4;2;5;1;2;4;2;8;3;5,17.97;8.58;17.97;43.24;42.85;17.12;21.10;17.66;18.92;26.47;14.50;14.50;21.10;8.58;14.84;46.42;21.10;8.94;27.36;8.58;26.47;8.58;17.97;5.43;8.58;26.47;8.58;27.36;11.71;17.97,2193.9864,968116918957009,968119436150355,2517.193346,40752,1569168,8876736,2350,16803,,c1_14q_native_pool1,0,,,,block=0 seq=132 cfg=c1_native attempt=1
c1_14q_native_pool1-c1-rand30_t6-r4-1789954894,2026-09-20T18:41:34,c1,build_0071783e_20260829023649,0.002,7de69de,batch,rand30_t6,4,ok,,30,1024;24576;1024;10000;4000;1024;128;1000;1024;500;1000;1000;128;24576;8192;4096;128;1000;32;4000;500;24576;1024;10000;24576;500;4000;32;8192;1024,2;2;2;2;2;2;2;2;2;2;2;2;2;2;2;2;2;2;2;2;2;2;2;2;2;2;2;2;2;2,5;2;5;12;12;4;6;5;5;4;3;3;6;2;4;14;6;2;8;2;4;2;5;1;2;4;2;8;3;5,17.97;8.58;17.97;43.24;42.85;17.12;21.10;17.66;18.92;26.47;14.50;14.50;21.10;8.58;14.84;46.42;21.10;8.94;27.36;8.58;26.47;8.58;17.97;5.43;8.58;26.47;8.58;27.36;11.71;17.97,2193.9864,968119624797662,968122108363982,2483.56632,40752,1569168,8876736,2415,18164,,c1_14q_native_pool1,0,,,,block=0 seq=132 cfg=c1_native attempt=1
c1_14q_native_pool1-c1-rand10_t8-r-1-1789954897,2026-09-20T18:41:37,c1,build_0071783e_20260829023649,0.002,7de69de,batch,rand10_t8,-1,ok,,10,10000;1024;10000;4000;1024;1000;1024;1024;8192;24576,2;2;2;2;2;2;2;2;2;2,1;3;1;12;5;3;4;5;3;2,5.43;12.06;5.43;42.85;17.97;14.50;17.12;18.92;11.71;8.58,669.0893,968122604753176,968123362861188,758.108012,9888,410672,2577792,1301,5626,,c1_14q_native_pool1,0,,,,block=0 seq=138 cfg=c1_native attempt=1
c1_14q_native_pool1-c1-rand10_t8-r0-1789954898,2026-09-20T18:41:38,c1,build_0071783e_20260829023649,0.002,7de69de,batch,rand10_t8,0,ok,,10,10000;1024;10000;4000;1024;1000;1024;1024;8192;24576,2;2;2;2;2;2;2;2;2;2,1;3;1;12;5;3;4;5;3;2,5.43;12.06;5.43;42.85;17.97;14.50;17.12;18.92;11.71;8.58,669.0893,968123411191992,968124170104842,758.91285,9888,410672,2577792,1200,5200,,c1_14q_native_pool1,0,,,,block=0 seq=138 cfg=c1_native attempt=1
c1_14q_native_pool1-c1-rand10_t8-r1-1789954899,2026-09-20T18:41:39,c1,build_0071783e_20260829023649,0.002,7de69de,batch,rand10_t8,1,ok,,10,10000;1024;10000;4000;1024;1000;1024;1024;8192;24576,2;2;2;2;2;2;2;2;2;2,1;3;1;12;5;3;4;5;3;2,5.43;12.06;5.43;42.85;17.97;14.50;17.12;18.92;11.71;8.58,669.0893,968124219207793,968124978202504,758.994711,9888,410672,2577792,1196,5201,,c1_14q_native_pool1,0,,,,block=0 seq=138 cfg=c1_native attempt=1
c1_14q_native_pool1-c1-rand10_t8-r2-1789954899,2026-09-20T18:41:39,c1,build_0071783e_20260829023649,0.002,7de69de,batch,rand10_t8,2,ok,,10,10000;1024;10000;4000;1024;1000;1024;1024;8192;24576,2;2;2;2;2;2;2;2;2;2,1;3;1;12;5;3;4;5;3;2,5.43;12.06;5.43;42.85;17.97;14.50;17.12;18.92;11.71;8.58,669.0893,968125030219555,968125779913353,749.693798,9888,410672,2577792,1616,5900,,c1_14q_native_pool1,0,,,,block=0 seq=138 cfg=c1_native attempt=1
c1_14q_native_pool1-c1-rand10_t8-r3-1789954900,2026-09-20T18:41:40,c1,build_0071783e_20260829023649,0.002,7de69de,batch,rand10_t8,3,ok,,10,10000;1024;10000;4000;1024;1000;1024;1024;8192;24576,2;2;2;2;2;2;2;2;2;2,1;3;1;12;5;3;4;5;3;2,5.43;12.06;5.43;42.85;17.97;14.50;17.12;18.92;11.71;8.58,669.0893,968125830060254,968126579700722,749.640468,9888,410672,2577792,1371,5768,,c1_14q_native_pool1,0,,,,block=0 seq=138 cfg=c1_native attempt=1
c1_14q_native_pool1-c1-rand10_t8-r4-1789954901,2026-09-20T18:41:41,c1,build_0071783e_20260829023649,0.002,7de69de,batch,rand10_t8,4,ok,,10,10000;1024;10000;4000;1024;1000;1024;1024;8192;24576,2;2;2;2;2;2;2;2;2;2,1;3;1;12;5;3;4;5;3;2,5.43;12.06;5.43;42.85;17.97;14.50;17.12;18.92;11.71;8.58,669.0893,968126629062046,968127378770604,749.708558,9888,410672,2577792,1559,5852,,c1_14q_native_pool1,0,,,,block=0 seq=138 cfg=c1_native attempt=1
c1_14q_pool1-c1-rand10_t1-r-1-1789954902,2026-09-20T18:41:42,c1,build_0071783e_20260829023649,0.002,7de69de,batch,rand10_t1,-1,ok,,10,1000;1024;24576;1000;500;1024;1000;10000;400;24576,2;2;2;2;2;2;2;2;2;2,3;5;2;2;4;5;3;1;14;2,14.50;18.92;8.58;8.94;26.47;18.92;14.50;5.43;50.12;8.58,586.1906,968128480422612,968129104737066,624.314454,13056,15296,2129920,1367,4563,,c1_14q_pool1,1,,,,block=0 seq=144 cfg=c1_pool attempt=1
c1_14q_pool1-c1-rand10_t1-r0-1789954904,2026-09-20T18:41:44,c1,build_0071783e_20260829023649,0.002,7de69de,batch,rand10_t1,0,ok,,10,1000;1024;24576;1000;500;1024;1000;10000;400;24576,2;2;2;2;2;2;2;2;2;2,3;5;2;2;4;5;3;1;14;2,14.50;18.92;8.58;8.94;26.47;18.92;14.50;5.43;50.12;8.58,586.1906,968129567404614,968130191649007,624.244393,13056,15296,2129920,1248,4486,,c1_14q_pool1,1,,,,block=0 seq=144 cfg=c1_pool attempt=1
c1_14q_pool1-c1-rand10_t1-r1-1789954905,2026-09-20T18:41:45,c1,build_0071783e_20260829023649,0.002,7de69de,batch,rand10_t1,1,ok,,10,1000;1024;24576;1000;500;1024;1000;10000;400;24576,2;2;2;2;2;2;2;2;2;2,3;5;2;2;4;5;3;1;14;2,14.50;18.92;8.58;8.94;26.47;18.92;14.50;5.43;50.12;8.58,586.1906,968130654664968,968131279910941,625.245973,13056,15296,2129920,1471,4807,,c1_14q_pool1,1,,,,block=0 seq=144 cfg=c1_pool attempt=1
c1_14q_pool1-c1-rand10_t1-r2-1789954906,2026-09-20T18:41:46,c1,build_0071783e_20260829023649,0.002,7de69de,batch,rand10_t1,2,ok,,10,1000;1024;24576;1000;500;1024;1000;10000;400;24576,2;2;2;2;2;2;2;2;2;2,3;5;2;2;4;5;3;1;14;2,14.50;18.92;8.58;8.94;26.47;18.92;14.50;5.43;50.12;8.58,586.1906,968131742979983,968132368181086,625.201103,13056,15296,2129920,1206,4176,,c1_14q_pool1,1,,,,block=0 seq=144 cfg=c1_pool attempt=1
c1_14q_pool1-c1-rand10_t1-r3-1789954907,2026-09-20T18:41:47,c1,build_0071783e_20260829023649,0.002,7de69de,batch,rand10_t1,3,ok,,10,1000;1024;24576;1000;500;1024;1000;10000;400;24576,2;2;2;2;2;2;2;2;2;2,3;5;2;2;4;5;3;1;14;2,14.50;18.92;8.58;8.94;26.47;18.92;14.50;5.43;50.12;8.58,586.1906,968132833272877,968133457780053,624.507176,13056,15296,2129920,1225,4380,,c1_14q_pool1,1,,,,block=0 seq=144 cfg=c1_pool attempt=1
c1_14q_pool1-c1-rand10_t1-r4-1789954908,2026-09-20T18:41:48,c1,build_0071783e_20260829023649,0.002,7de69de,batch,rand10_t1,4,ok,,10,1000;1024;24576;1000;500;1024;1000;10000;400;24576,2;2;2;2;2;2;2;2;2;2,3;5;2;2;4;5;3;1;14;2,14.50;18.92;8.58;8.94;26.47;18.92;14.50;5.43;50.12;8.58,586.1906,968133921563692,968134546490622,624.92693,13056,15296,2129920,1221,3860,,c1_14q_pool1,1,,,,block=0 seq=144 cfg=c1_pool attempt=1
c1_14q_pool1-c1-rand30_t6-r-1-1789954910,2026-09-20T18:41:50,c1,build_0071783e_20260829023649,0.002,7de69de,batch,rand30_t6,-1,ok,,30,1024;24576;1024;10000;4000;1024;128;1000;1024;500;1000;1000;128;24576;8192;4096;128;1000;32;4000;500;24576;1024;10000;24576;500;4000;32;8192;1024,2;2;2;2;2;2;2;2;2;2;2;2;2;2;2;2;2;2;2;2;2;2;2;2;2;2;2;2;2;2,5;2;5;12;12;4;6;5;5;4;3;3;6;2;4;14;6;2;8;2;4;2;5;1;2;4;2;8;3;5,17.97;8.58;17.97;43.24;42.85;17.12;21.10;17.66;18.92;26.47;14.50;14.50;21.10;8.58;14.84;46.42;21.10;8.94;27.36;8.58;26.47;8.58;17.97;5.43;8.58;26.47;8.58;27.36;11.71;17.97,2193.9864,968135707288082,968138020267425,2312.979343,40752,47472,8876736,2355,17439,,c1_14q_pool1,1,,,,block=0 seq=150 cfg=c1_pool attempt=1
c1_14q_pool1-c1-rand30_t6-r0-1789954913,2026-09-20T18:41:53,c1,build_0071783e_20260829023649,0.002,7de69de,batch,rand30_t6,0,ok,,30,1024;24576;1024;10000;4000;1024;128;1000;1024;500;1000;1000;128;24576;8192;4096;128;1000;32;4000;500;24576;1024;10000;24576;500;4000;32;8192;1024,2;2;2;2;2;2;2;2;2;2;2;2;2;2;2;2;2;2;2;2;2;2;2;2;2;2;2;2;2;2,5;2;5;12;12;4;6;5;5;4;3;3;6;2;4;14;6;2;8;2;4;2;5;1;2;4;2;8;3;5,17.97;8.58;17.97;43.24;42.85;17.12;21.10;17.66;18.92;26.47;14.50;14.50;21.10;8.58;14.84;46.42;21.10;8.94;27.36;8.58;26.47;8.58;17.97;5.43;8.58;26.47;8.58;27.36;11.71;17.97,2193.9864,968138480043464,968140791735674,2311.69221,40752,47472,8876736,2230,16565,,c1_14q_pool1,1,,,,block=0 seq=150 cfg=c1_pool attempt=1
c1_14q_pool1-c1-rand30_t6-r1-1789954915,2026-09-20T18:41:55,c1,build_0071783e_20260829023649,0.002,7de69de,batch,rand30_t6,1,ok,,30,1024;24576;1024;10000;4000;1024;128;1000;1024;500;1000;1000;128;24576;8192;4096;128;1000;32;4000;500;24576;1024;10000;24576;500;4000;32;8192;1024,2;2;2;2;2;2;2;2;2;2;2;2;2;2;2;2;2;2;2;2;2;2;2;2;2;2;2;2;2;2,5;2;5;12;12;4;6;5;5;4;3;3;6;2;4;14;6;2;8;2;4;2;5;1;2;4;2;8;3;5,17.97;8.58;17.97;43.24;42.85;17.12;21.10;17.66;18.92;26.47;14.50;14.50;21.10;8.58;14.84;46.42;21.10;8.94;27.36;8.58;26.47;8.58;17.97;5.43;8.58;26.47;8.58;27.36;11.71;17.97,2193.9864,968141252629994,968143564670838,2312.040844,40752,47472,8876736,2404,16661,,c1_14q_pool1,1,,,,block=0 seq=150 cfg=c1_pool attempt=1
c1_14q_pool1-c1-rand30_t6-r2-1789954918,2026-09-20T18:41:58,c1,build_0071783e_20260829023649,0.002,7de69de,batch,rand30_t6,2,ok,,30,1024;24576;1024;10000;4000;1024;128;1000;1024;500;1000;1000;128;24576;8192;4096;128;1000;32;4000;500;24576;1024;10000;24576;500;4000;32;8192;1024,2;2;2;2;2;2;2;2;2;2;2;2;2;2;2;2;2;2;2;2;2;2;2;2;2;2;2;2;2;2,5;2;5;12;12;4;6;5;5;4;3;3;6;2;4;14;6;2;8;2;4;2;5;1;2;4;2;8;3;5,17.97;8.58;17.97;43.24;42.85;17.12;21.10;17.66;18.92;26.47;14.50;14.50;21.10;8.58;14.84;46.42;21.10;8.94;27.36;8.58;26.47;8.58;17.97;5.43;8.58;26.47;8.58;27.36;11.71;17.97,2193.9864,968144025815160,968146339108277,2313.293117,40752,47472,8876736,2300,17325,,c1_14q_pool1,1,,,,block=0 seq=150 cfg=c1_pool attempt=1
c1_14q_pool1-c1-rand30_t6-r3-1789954921,2026-09-20T18:42:01,c1,build_0071783e_20260829023649,0.002,7de69de,batch,rand30_t6,3,ok,,30,1024;24576;1024;10000;4000;1024;128;1000;1024;500;1000;1000;128;24576;8192;4096;128;1000;32;4000;500;24576;1024;10000;24576;500;4000;32;8192;1024,2;2;2;2;2;2;2;2;2;2;2;2;2;2;2;2;2;2;2;2;2;2;2;2;2;2;2;2;2;2,5;2;5;12;12;4;6;5;5;4;3;3;6;2;4;14;6;2;8;2;4;2;5;1;2;4;2;8;3;5,17.97;8.58;17.97;43.24;42.85;17.12;21.10;17.66;18.92;26.47;14.50;14.50;21.10;8.58;14.84;46.42;21.10;8.94;27.36;8.58;26.47;8.58;17.97;5.43;8.58;26.47;8.58;27.36;11.71;17.97,2193.9864,968146801567932,968149115326633,2313.758701,40752,47472,8876736,2360,18383,,c1_14q_pool1,1,,,,block=0 seq=150 cfg=c1_pool attempt=1
c1_14q_pool1-c1-rand30_t6-r4-1789954924,2026-09-20T18:42:04,c1,build_0071783e_20260829023649,0.002,7de69de,batch,rand30_t6,4,ok,,30,1024;24576;1024;10000;4000;1024;128;1000;1024;500;1000;1000;128;24576;8192;4096;128;1000;32;4000;500;24576;1024;10000;24576;500;4000;32;8192;1024,2;2;2;2;2;2;2;2;2;2;2;2;2;2;2;2;2;2;2;2;2;2;2;2;2;2;2;2;2;2,5;2;5;12;12;4;6;5;5;4;3;3;6;2;4;14;6;2;8;2;4;2;5;1;2;4;2;8;3;5,17.97;8.58;17.97;43.24;42.85;17.12;21.10;17.66;18.92;26.47;14.50;14.50;21.10;8.58;14.84;46.42;21.10;8.94;27.36;8.58;26.47;8.58;17.97;5.43;8.58;26.47;8.58;27.36;11.71;17.97,2193.9864,968149577964710,968151890568520,2312.60381,40752,47472,8876736,2110,16821,,c1_14q_pool1,1,,,,block=0 seq=150 cfg=c1_pool attempt=1
c1_14q_pool1-c1-rand10_t8-r-1-1789954927,2026-09-20T18:42:07,c1,build_0071783e_20260829023649,0.002,7de69de,batch,rand10_t8,-1,ok,,10,10000;1024;10000;4000;1024;1000;1024;1024;8192;24576,2;2;2;2;2;2;2;2;2;2,1;3;1;12;5;3;4;5;3;2,5.43;12.06;5.43;42.85;17.97;14.50;17.12;18.92;11.71;8.58,669.0893,968152917309999,968153625995817,708.685818,9888,12128,2577792,1231,4960,,c1_14q_pool1,1,,,,block=0 seq=156 cfg=c1_pool attempt=1
c1_14q_pool1-c1-rand10_t8-r0-1789954928,2026-09-20T18:42:08,c1,build_0071783e_20260829023649,0.002,7de69de,batch,rand10_t8,0,ok,,10,10000;1024;10000;4000;1024;1000;1024;1024;8192;24576,2;2;2;2;2;2;2;2;2;2,1;3;1;12;5;3;4;5;3;2,5.43;12.06;5.43;42.85;17.97;14.50;17.12;18.92;11.71;8.58,669.0893,968154022493603,968154732064519,709.570916,9888,12128,2577792,1181,5237,,c1_14q_pool1,1,,,,block=0 seq=156 cfg=c1_pool attempt=1
c1_14q_pool1-c1-rand10_t8-r1-1789954929,2026-09-20T18:42:09,c1,build_0071783e_20260829023649,0.002,7de69de,batch,rand10_t8,1,ok,,10,10000;1024;10000;4000;1024;1000;1024;1024;8192;24576,2;2;2;2;2;2;2;2;2;2,1;3;1;12;5;3;4;5;3;2,5.43;12.06;5.43;42.85;17.97;14.50;17.12;18.92;11.71;8.58,669.0893,968155133307102,968155843057791,709.750689,9888,12128,2577792,1258,5228,,c1_14q_pool1,1,,,,block=0 seq=156 cfg=c1_pool attempt=1
c1_14q_pool1-c1-rand10_t8-r2-1789954930,2026-09-20T18:42:10,c1,build_0071783e_20260829023649,0.002,7de69de,batch,rand10_t8,2,ok,,10,10000;1024;10000;4000;1024;1000;1024;1024;8192;24576,2;2;2;2;2;2;2;2;2;2,1;3;1;12;5;3;4;5;3;2,5.43;12.06;5.43;42.85;17.97;14.50;17.12;18.92;11.71;8.58,669.0893,968156241106522,968156948163394,707.056872,9888,12128,2577792,1267,5120,,c1_14q_pool1,1,,,,block=0 seq=156 cfg=c1_pool attempt=1
c1_14q_pool1-c1-rand10_t8-r3-1789954931,2026-09-20T18:42:11,c1,build_0071783e_20260829023649,0.002,7de69de,batch,rand10_t8,3,ok,,10,10000;1024;10000;4000;1024;1000;1024;1024;8192;24576,2;2;2;2;2;2;2;2;2;2,1;3;1;12;5;3;4;5;3;2,5.43;12.06;5.43;42.85;17.97;14.50;17.12;18.92;11.71;8.58,669.0893,968157347359246,968158053970714,706.611468,9888,12128,2577792,1231,5177,,c1_14q_pool1,1,,,,block=0 seq=156 cfg=c1_pool attempt=1
c1_14q_pool1-c1-rand10_t8-r4-1789954933,2026-09-20T18:42:13,c1,build_0071783e_20260829023649,0.002,7de69de,batch,rand10_t8,4,ok,,10,10000;1024;10000;4000;1024;1000;1024;1024;8192;24576,2;2;2;2;2;2;2;2;2;2,1;3;1;12;5;3;4;5;3;2,5.43;12.06;5.43;42.85;17.97;14.50;17.12;18.92;11.71;8.58,669.0893,968158451839803,968159158305069,706.465266,9888,12128,2577792,1243,5115,,c1_14q_pool1,1,,,,block=0 seq=156 cfg=c1_pool attempt=1
c1_14q_pool1-c1-rand20_t8-r-1-1789954934,2026-09-20T18:42:14,c1,build_0071783e_20260829023649,0.002,7de69de,batch,rand20_t8,-1,ok,,20,4000;4000;1024;1000;400;1000;500;1024;4096;24576;400;1024;4096;1024;4000;4000;4000;10000;1024;500,2;2;2;2;2;2;2;2;2;2;2;2;2;2;2;2;2;2;2;2,12;12;5;2;14;5;4;4;14;2;14;3;14;6;2;2;2;1;3;4,42.85;42.85;17.97;8.94;50.12;17.66;26.47;17.12;46.42;8.58;50.12;12.06;46.42;59.48;8.58;8.58;8.58;5.43;12.06;26.47,1306.0361,968160325232560,968161706002530,1380.76997,46112,50592,5360320,1615,10229,,c1_14q_pool1,1,,,,block=0 seq=162 cfg=c1_pool attempt=1
c1_14q_pool1-c1-rand20_t8-r0-1789954936,2026-09-20T18:42:16,c1,build_0071783e_20260829023649,0.002,7de69de,batch,rand20_t8,0,ok,,20,4000;4000;1024;1000;400;1000;500;1024;4096;24576;400;1024;4096;1024;4000;4000;4000;10000;1024;500,2;2;2;2;2;2;2;2;2;2;2;2;2;2;2;2;2;2;2;2,12;12;5;2;14;5;4;4;14;2;14;3;14;6;2;2;2;1;3;4,42.85;42.85;17.97;8.94;50.12;17.66;26.47;17.12;46.42;8.58;50.12;12.06;46.42;59.48;8.58;8.58;8.58;5.43;12.06;26.47,1306.0361,968162168403674,968163547884851,1379.481177,46112,50592,5360320,1744,10213,,c1_14q_pool1,1,,,,block=0 seq=162 cfg=c1_pool attempt=1
c1_14q_pool1-c1-rand20_t8-r1-1789954938,2026-09-20T18:42:18,c1,build_0071783e_20260829023649,0.002,7de69de,batch,rand20_t8,1,ok,,20,4000;4000;1024;1000;400;1000;500;1024;4096;24576;400;1024;4096;1024;4000;4000;4000;10000;1024;500,2;2;2;2;2;2;2;2;2;2;2;2;2;2;2;2;2;2;2;2,12;12;5;2;14;5;4;4;14;2;14;3;14;6;2;2;2;1;3;4,42.85;42.85;17.97;8.94;50.12;17.66;26.47;17.12;46.42;8.58;50.12;12.06;46.42;59.48;8.58;8.58;8.58;5.43;12.06;26.47,1306.0361,968164009354207,968165389274228,1379.920021,46112,50592,5360320,1858,10383,,c1_14q_pool1,1,,,,block=0 seq=162 cfg=c1_pool attempt=1
c1_14q_pool1-c1-rand20_t8-r2-1789954940,2026-09-20T18:42:20,c1,build_0071783e_20260829023649,0.002,7de69de,batch,rand20_t8,2,ok,,20,4000;4000;1024;1000;400;1000;500;1024;4096;24576;400;1024;4096;1024;4000;4000;4000;10000;1024;500,2;2;2;2;2;2;2;2;2;2;2;2;2;2;2;2;2;2;2;2,12;12;5;2;14;5;4;4;14;2;14;3;14;6;2;2;2;1;3;4,42.85;42.85;17.97;8.94;50.12;17.66;26.47;17.12;46.42;8.58;50.12;12.06;46.42;59.48;8.58;8.58;8.58;5.43;12.06;26.47,1306.0361,968165852484051,968167233182920,1380.698869,46112,50592,5360320,1889,10410,,c1_14q_pool1,1,,,,block=0 seq=162 cfg=c1_pool attempt=1
c1_14q_pool1-c1-rand20_t8-r3-1789954942,2026-09-20T18:42:22,c1,build_0071783e_20260829023649,0.002,7de69de,batch,rand20_t8,3,ok,,20,4000;4000;1024;1000;400;1000;500;1024;4096;24576;400;1024;4096;1024;4000;4000;4000;10000;1024;500,2;2;2;2;2;2;2;2;2;2;2;2;2;2;2;2;2;2;2;2,12;12;5;2;14;5;4;4;14;2;14;3;14;6;2;2;2;1;3;4,42.85;42.85;17.97;8.94;50.12;17.66;26.47;17.12;46.42;8.58;50.12;12.06;46.42;59.48;8.58;8.58;8.58;5.43;12.06;26.47,1306.0361,968167693940708,968169074144663,1380.203955,46112,50592,5360320,1842,10013,,c1_14q_pool1,1,,,,block=0 seq=162 cfg=c1_pool attempt=1
c1_14q_pool1-c1-rand20_t8-r4-1789954944,2026-09-20T18:42:24,c1,build_0071783e_20260829023649,0.002,7de69de,batch,rand20_t8,4,ok,,20,4000;4000;1024;1000;400;1000;500;1024;4096;24576;400;1024;4096;1024;4000;4000;4000;10000;1024;500,2;2;2;2;2;2;2;2;2;2;2;2;2;2;2;2;2;2;2;2,12;12;5;2;14;5;4;4;14;2;14;3;14;6;2;2;2;1;3;4,42.85;42.85;17.97;8.94;50.12;17.66;26.47;17.12;46.42;8.58;50.12;12.06;46.42;59.48;8.58;8.58;8.58;5.43;12.06;26.47,1306.0361,968169533487627,968170914535919,1381.048292,46112,50592,5360320,1843,10882,,c1_14q_pool1,1,,,,block=0 seq=162 cfg=c1_pool attempt=1
c1_14q_pool1-c1-rand30_t4-r-1-1789954946,2026-09-20T18:42:26,c1,build_0071783e_20260829023649,0.002,7de69de,batch,rand30_t4,-1,ok,,30,128;500;1000;4096;32;1000;4096;24576;10000;10000;4000;128;1000;1024;1024;8192;1000;400;32;400;4096;1024;10000;1024;4000;500;1000;1024;400;1024,2;2;2;2;2;2;2;2;2;2;2;2;2;2;2;2;2;2;2;2;2;2;2;2;2;2;2;2;2;2,6;4;2;14;8;3;14;2;12;12;2;6;2;4;5;3;3;14;8;14;14;4;1;4;12;4;5;5;14;5,21.10;26.47;8.94;46.42;27.36;14.50;46.42;8.58;43.24;43.24;8.58;21.10;8.94;17.12;18.92;11.71;14.50;50.12;27.36;50.12;46.42;17.12;5.43;17.12;42.85;26.47;17.66;18.92;50.12;18.92,2271.1510,968172092747453,968174475121161,2382.373708,59696,66416,9827520,2510,19044,,c1_14q_pool1,1,,,,block=0 seq=168 cfg=c1_pool attempt=1
c1_14q_pool1-c1-rand30_t4-r0-1789954949,2026-09-20T18:42:29,c1,build_0071783e_20260829023649,0.002,7de69de,batch,rand30_t4,0,ok,,30,128;500;1000;4096;32;1000;4096;24576;10000;10000;4000;128;1000;1024;1024;8192;1000;400;32;400;4096;1024;10000;1024;4000;500;1000;1024;400;1024,2;2;2;2;2;2;2;2;2;2;2;2;2;2;2;2;2;2;2;2;2;2;2;2;2;2;2;2;2;2,6;4;2;14;8;3;14;2;12;12;2;6;2;4;5;3;3;14;8;14;14;4;1;4;12;4;5;5;14;5,21.10;26.47;8.94;46.42;27.36;14.50;46.42;8.58;43.24;43.24;8.58;21.10;8.94;17.12;18.92;11.71;14.50;50.12;27.36;50.12;46.42;17.12;5.43;17.12;42.85;26.47;17.66;18.92;50.12;18.92,2271.1510,968174939275893,968177323064795,2383.788902,59696,66416,9827520,2509,19111,,c1_14q_pool1,1,,,,block=0 seq=168 cfg=c1_pool attempt=1
c1_14q_pool1-c1-rand30_t4-r1-1789954952,2026-09-20T18:42:32,c1,build_0071783e_20260829023649,0.002,7de69de,batch,rand30_t4,1,ok,,30,128;500;1000;4096;32;1000;4096;24576;10000;10000;4000;128;1000;1024;1024;8192;1000;400;32;400;4096;1024;10000;1024;4000;500;1000;1024;400;1024,2;2;2;2;2;2;2;2;2;2;2;2;2;2;2;2;2;2;2;2;2;2;2;2;2;2;2;2;2;2,6;4;2;14;8;3;14;2;12;12;2;6;2;4;5;3;3;14;8;14;14;4;1;4;12;4;5;5;14;5,21.10;26.47;8.94;46.42;27.36;14.50;46.42;8.58;43.24;43.24;8.58;21.10;8.94;17.12;18.92;11.71;14.50;50.12;27.36;50.12;46.42;17.12;5.43;17.12;42.85;26.47;17.66;18.92;50.12;18.92,2271.1510,968177784449699,968180169276401,2384.826702,59696,66416,9827520,2496,19235,,c1_14q_pool1,1,,,,block=0 seq=168 cfg=c1_pool attempt=1
c1_14q_pool1-c1-rand30_t4-r2-1789954955,2026-09-20T18:42:35,c1,build_0071783e_20260829023649,0.002,7de69de,batch,rand30_t4,2,ok,,30,128;500;1000;4096;32;1000;4096;24576;10000;10000;4000;128;1000;1024;1024;8192;1000;400;32;400;4096;1024;10000;1024;4000;500;1000;1024;400;1024,2;2;2;2;2;2;2;2;2;2;2;2;2;2;2;2;2;2;2;2;2;2;2;2;2;2;2;2;2;2,6;4;2;14;8;3;14;2;12;12;2;6;2;4;5;3;3;14;8;14;14;4;1;4;12;4;5;5;14;5,21.10;26.47;8.94;46.42;27.36;14.50;46.42;8.58;43.24;43.24;8.58;21.10;8.94;17.12;18.92;11.71;14.50;50.12;27.36;50.12;46.42;17.12;5.43;17.12;42.85;26.47;17.66;18.92;50.12;18.92,2271.1510,968180631706336,968183014221655,2382.515319,59696,66416,9827520,2504,18951,,c1_14q_pool1,1,,,,block=0 seq=168 cfg=c1_pool attempt=1
c1_14q_pool1-c1-rand30_t4-r3-1789954958,2026-09-20T18:42:38,c1,build_0071783e_20260829023649,0.002,7de69de,batch,rand30_t4,3,data_mismatch,STRM error after 7432192/9827520 B,30,128;500;1000;4096;32;1000;4096;24576;10000;10000;4000;128;1000;1024;1024;8192;1000;400;32;400;4096;1024;10000;1024;4000;500;1000;1024;400;1024,2;2;2;2;2;2;2;2;2;2;2;2;2;2;2;2;2;2;2;2;2;2;2;2;2;2;2;2;2;2,6;4;2;14;8;3;14;2;12;12;2;6;2;4;5;3;3;14;8;14;14;4;1;4;12;4;5;5;14;5,21.10;26.47;8.94;46.42;27.36;14.50;46.42;8.58;43.24;43.24;8.58;21.10;8.94;17.12;18.92;11.71;14.50;50.12;27.36;50.12;46.42;17.12;5.43;17.12;42.85;26.47;17.66;18.92;50.12;18.92,2271.1510,,,,59696,,9827520,,,,c1_14q_pool1,1,,,,block=0 seq=168 cfg=c1_pool attempt=1
c1_14q_pool1-c1-rand30_t4-r3-1789955110,2026-09-20T18:45:10,c1,build_0071783e_20260829023649,0.002,7de69de,batch,rand30_t4,3,ok,,30,128;500;1000;4096;32;1000;4096;24576;10000;10000;4000;128;1000;1024;1024;8192;1000;400;32;400;4096;1024;10000;1024;4000;500;1000;1024;400;1024,2;2;2;2;2;2;2;2;2;2;2;2;2;2;2;2;2;2;2;2;2;2;2;2;2;2;2;2;2;2,6;4;2;14;8;3;14;2;12;12;2;6;2;4;5;3;3;14;8;14;14;4;1;4;12;4;5;5;14;5,21.10;26.47;8.94;46.42;27.36;14.50;46.42;8.58;43.24;43.24;8.58;21.10;8.94;17.12;18.92;11.71;14.50;50.12;27.36;50.12;46.42;17.12;5.43;17.12;42.85;26.47;17.66;18.92;50.12;18.92,2271.1510,968485265332418,968487648446792,2383.114374,59696,66416,9827520,2616,18532,,c1_14q_pool1,1,,,,block=0 seq=168 cfg=c1_pool attempt=1
c1_14q_pool1-c1-rand30_t4-r4-1789955262,2026-09-20T18:47:42,c1,build_0071783e_20260829023649,0.002,7de69de,batch,rand30_t4,4,ok,,30,128;500;1000;4096;32;1000;4096;24576;10000;10000;4000;128;1000;1024;1024;8192;1000;400;32;400;4096;1024;10000;1024;4000;500;1000;1024;400;1024,2;2;2;2;2;2;2;2;2;2;2;2;2;2;2;2;2;2;2;2;2;2;2;2;2;2;2;2;2;2,6;4;2;14;8;3;14;2;12;12;2;6;2;4;5;3;3;14;8;14;14;4;1;4;12;4;5;5;14;5,21.10;26.47;8.94;46.42;27.36;14.50;46.42;8.58;43.24;43.24;8.58;21.10;8.94;17.12;18.92;11.71;14.50;50.12;27.36;50.12;46.42;17.12;5.43;17.12;42.85;26.47;17.66;18.92;50.12;18.92,2271.1510,968488109989029,968490491825211,2381.836182,59696,66416,9827520,2467,18078,,c1_14q_pool1,1,,,,block=0 seq=168 cfg=c1_pool attempt=1
c1_14q_pool1-c1-rand20_t5-r-1-1789955266,2026-09-20T18:47:46,c1,build_0071783e_20260829023649,0.002,7de69de,batch,rand20_t5,-1,ok,,20,1024;1024;400;1000;32;1000;128;8192;1024;1024;1024;10000;32;128;1024;1024;10000;1000;1000;1024,2;2;2;2;2;2;2;2;2;2;2;2;2;2;2;2;2;2;2;2,4;6;14;2;8;3;6;3;5;4;3;12;8;6;4;4;1;5;2;3,17.12;59.48;50.12;8.94;27.36;14.50;21.10;11.71;17.97;17.12;12.06;43.24;27.36;21.10;17.12;17.12;5.43;17.66;8.94;12.06,834.0339,968491635808152,968492534940285,899.132133,35088,39568,3287872,2749,7695,,c1_14q_pool1,1,,,,block=0 seq=174 cfg=c1_pool attempt=1
c1_14q_pool1-c1-rand20_t5-r0-1789955267,2026-09-20T18:47:47,c1,build_0071783e_20260829023649,0.002,7de69de,batch,rand20_t5,0,ok,,20,1024;1024;400;1000;32;1000;128;8192;1024;1024;1024;10000;32;128;1024;1024;10000;1000;1000;1024,2;2;2;2;2;2;2;2;2;2;2;2;2;2;2;2;2;2;2;2,4;6;14;2;8;3;6;3;5;4;3;12;8;6;4;4;1;5;2;3,17.12;59.48;50.12;8.94;27.36;14.50;21.10;11.71;17.97;17.12;12.06;43.24;27.36;21.10;17.12;17.12;5.43;17.66;8.94;12.06,834.0339,968492993626743,968493893016098,899.389355,35088,39568,3287872,2949,7919,,c1_14q_pool1,1,,,,block=0 seq=174 cfg=c1_pool attempt=1
c1_14q_pool1-c1-rand20_t5-r1-1789955268,2026-09-20T18:47:48,c1,build_0071783e_20260829023649,0.002,7de69de,batch,rand20_t5,1,ok,,20,1024;1024;400;1000;32;1000;128;8192;1024;1024;1024;10000;32;128;1024;1024;10000;1000;1000;1024,2;2;2;2;2;2;2;2;2;2;2;2;2;2;2;2;2;2;2;2,4;6;14;2;8;3;6;3;5;4;3;12;8;6;4;4;1;5;2;3,17.12;59.48;50.12;8.94;27.36;14.50;21.10;11.71;17.97;17.12;12.06;43.24;27.36;21.10;17.12;17.12;5.43;17.66;8.94;12.06,834.0339,968494350060919,968495247303093,897.242174,35088,39568,3287872,2299,6545,,c1_14q_pool1,1,,,,block=0 seq=174 cfg=c1_pool attempt=1
c1_14q_pool1-c1-rand20_t5-r2-1789955270,2026-09-20T18:47:50,c1,build_0071783e_20260829023649,0.002,7de69de,batch,rand20_t5,2,ok,,20,1024;1024;400;1000;32;1000;128;8192;1024;1024;1024;10000;32;128;1024;1024;10000;1000;1000;1024,2;2;2;2;2;2;2;2;2;2;2;2;2;2;2;2;2;2;2;2,4;6;14;2;8;3;6;3;5;4;3;12;8;6;4;4;1;5;2;3,17.12;59.48;50.12;8.94;27.36;14.50;21.10;11.71;17.97;17.12;12.06;43.24;27.36;21.10;17.12;17.12;5.43;17.66;8.94;12.06,834.0339,968495700445345,968496597473147,897.027802,35088,39568,3287872,2174,6718,,c1_14q_pool1,1,,,,block=0 seq=174 cfg=c1_pool attempt=1
c1_14q_pool1-c1-rand20_t5-r3-1789955271,2026-09-20T18:47:51,c1,build_0071783e_20260829023649,0.002,7de69de,batch,rand20_t5,3,ok,,20,1024;1024;400;1000;32;1000;128;8192;1024;1024;1024;10000;32;128;1024;1024;10000;1000;1000;1024,2;2;2;2;2;2;2;2;2;2;2;2;2;2;2;2;2;2;2;2,4;6;14;2;8;3;6;3;5;4;3;12;8;6;4;4;1;5;2;3,17.12;59.48;50.12;8.94;27.36;14.50;21.10;11.71;17.97;17.12;12.06;43.24;27.36;21.10;17.12;17.12;5.43;17.66;8.94;12.06,834.0339,968497054390656,968497951873133,897.482477,35088,39568,3287872,2296,6642,,c1_14q_pool1,1,,,,block=0 seq=174 cfg=c1_pool attempt=1
c1_14q_pool1-c1-rand20_t5-r4-1789955272,2026-09-20T18:47:52,c1,build_0071783e_20260829023649,0.002,7de69de,batch,rand20_t5,4,ok,,20,1024;1024;400;1000;32;1000;128;8192;1024;1024;1024;10000;32;128;1024;1024;10000;1000;1000;1024,2;2;2;2;2;2;2;2;2;2;2;2;2;2;2;2;2;2;2;2,4;6;14;2;8;3;6;3;5;4;3;12;8;6;4;4;1;5;2;3,17.12;59.48;50.12;8.94;27.36;14.50;21.10;11.71;17.97;17.12;12.06;43.24;27.36;21.10;17.12;17.12;5.43;17.66;8.94;12.06,834.0339,968498407936484,968499305392790,897.456306,35088,39568,3287872,2369,6772,,c1_14q_pool1,1,,,,block=0 seq=174 cfg=c1_pool attempt=1
std_14q_pool1-std-rand10_t6-r-1-1789955308,2026-09-20T18:48:28,std,build_0071783e_20260829023649,0.002,7de69de,batch,rand10_t6,-1,ok,,10,1024;500;10000;4096;400;10000;1000;24576;8192;1024,2;2;2;2;2;2;2;2;2;2,4;4;1;14;14;12;3;2;4;3,17.12;26.47;5.43;46.42;50.12;43.24;14.50;8.58;14.84;12.06,1087.0463,968533764636406,968535455877651,1691.241245,18896,21136,4584320,0,0,,std_14q_pool1,1,,,,block=1 seq=180 cfg=std_pool attempt=1
std_14q_pool1-std-rand10_t6-r0-1789955310,2026-09-20T18:48:30,std,build_0071783e_20260829023649,0.002,7de69de,batch,rand10_t6,0,ok,,10,1024;500;10000;4096;400;10000;1000;24576;8192;1024,2;2;2;2;2;2;2;2;2;2,4;4;1;14;14;12;3;2;4;3,17.12;26.47;5.43;46.42;50.12;43.24;14.50;8.58;14.84;12.06,1087.0463,968535961238626,968537652583632,1691.345006,18896,21136,4584320,0,0,,std_14q_pool1,1,,,,block=1 seq=180 cfg=std_pool attempt=1
std_14q_pool1-std-rand10_t6-r1-1789955312,2026-09-20T18:48:32,std,build_0071783e_20260829023649,0.002,7de69de,batch,rand10_t6,1,ok,,10,1024;500;10000;4096;400;10000;1000;24576;8192;1024,2;2;2;2;2;2;2;2;2;2,4;4;1;14;14;12;3;2;4;3,17.12;26.47;5.43;46.42;50.12;43.24;14.50;8.58;14.84;12.06,1087.0463,968538157321980,968539848204561,1690.882581,18896,21136,4584320,0,0,,std_14q_pool1,1,,,,block=1 seq=180 cfg=std_pool attempt=1
std_14q_pool1-std-rand10_t6-r2-1789955314,2026-09-20T18:48:34,std,build_0071783e_20260829023649,0.002,7de69de,batch,rand10_t6,2,ok,,10,1024;500;10000;4096;400;10000;1000;24576;8192;1024,2;2;2;2;2;2;2;2;2;2,4;4;1;14;14;12;3;2;4;3,17.12;26.47;5.43;46.42;50.12;43.24;14.50;8.58;14.84;12.06,1087.0463,968540352504075,968542043628249,1691.124174,18896,21136,4584320,0,0,,std_14q_pool1,1,,,,block=1 seq=180 cfg=std_pool attempt=1
std_14q_pool1-std-rand10_t6-r3-1789955317,2026-09-20T18:48:37,std,build_0071783e_20260829023649,0.002,7de69de,batch,rand10_t6,3,ok,,10,1024;500;10000;4096;400;10000;1000;24576;8192;1024,2;2;2;2;2;2;2;2;2;2,4;4;1;14;14;12;3;2;4;3,17.12;26.47;5.43;46.42;50.12;43.24;14.50;8.58;14.84;12.06,1087.0463,968542547255326,968544238324939,1691.069613,18896,21136,4584320,0,0,,std_14q_pool1,1,,,,block=1 seq=180 cfg=std_pool attempt=1
std_14q_pool1-std-rand10_t6-r4-1789955319,2026-09-20T18:48:39,std,build_0071783e_20260829023649,0.002,7de69de,batch,rand10_t6,4,ok,,10,1024;500;10000;4096;400;10000;1000;24576;8192;1024,2;2;2;2;2;2;2;2;2;2,4;4;1;14;14;12;3;2;4;3,17.12;26.47;5.43;46.42;50.12;43.24;14.50;8.58;14.84;12.06,1087.0463,968544744162619,968546435135311,1690.972692,18896,21136,4584320,0,0,,std_14q_pool1,1,,,,block=1 seq=180 cfg=std_pool attempt=1
std_14q_pool1-std-rand30_t5-r-1-1789955322,2026-09-20T18:48:42,std,build_0071783e_20260829023649,0.002,7de69de,batch,rand30_t5,-1,ok,,30,4000;1000;32;1024;1000;500;10000;1024;500;1024;8192;1024;1024;8192;1024;4000;1000;4096;1000;8192;128;1024;128;1000;128;1024;10000;4096;4000;10000,2;2;2;2;2;2;2;2;2;2;2;2;2;2;2;2;2;2;2;2;2;2;2;2;2;2;2;2;2;2,12;5;8;3;3;4;12;5;4;3;3;3;3;4;5;2;3;14;5;3;6;5;6;3;6;6;1;14;12;12,42.85;17.66;27.36;12.06;14.50;26.47;43.24;18.92;26.47;12.06;11.71;12.06;12.06;14.84;18.92;8.58;14.50;46.42;17.66;11.71;21.10;18.92;21.10;14.50;21.10;59.48;5.43;46.42;42.85;43.24,2272.7094,968547662303845,968550974390991,3312.087146,56848,63568,9654016,0,0,,std_14q_pool1,1,,,,block=1 seq=186 cfg=std_pool attempt=1
std_14q_pool1-std-rand30_t5-r0-1789955326,2026-09-20T18:48:46,std,build_0071783e_20260829023649,0.002,7de69de,batch,rand30_t5,0,ok,,30,4000;1000;32;1024;1000;500;10000;1024;500;1024;8192;1024;1024;8192;1024;4000;1000;4096;1000;8192;128;1024;128;1000;128;1024;10000;4096;4000;10000,2;2;2;2;2;2;2;2;2;2;2;2;2;2;2;2;2;2;2;2;2;2;2;2;2;2;2;2;2;2,12;5;8;3;3;4;12;5;4;3;3;3;3;4;5;2;3;14;5;3;6;5;6;3;6;6;1;14;12;12,42.85;17.66;27.36;12.06;14.50;26.47;43.24;18.92;26.47;12.06;11.71;12.06;12.06;14.84;18.92;8.58;14.50;46.42;17.66;11.71;21.10;18.92;21.10;14.50;21.10;59.48;5.43;46.42;42.85;43.24,2272.7094,968551531861636,968554843789171,3311.927535,56848,63568,9654016,0,0,,std_14q_pool1,1,,,,block=1 seq=186 cfg=std_pool attempt=1
std_14q_pool1-std-rand30_t5-r1-1789955329,2026-09-20T18:48:49,std,build_0071783e_20260829023649,0.002,7de69de,batch,rand30_t5,1,ok,,30,4000;1000;32;1024;1000;500;10000;1024;500;1024;8192;1024;1024;8192;1024;4000;1000;4096;1000;8192;128;1024;128;1000;128;1024;10000;4096;4000;10000,2;2;2;2;2;2;2;2;2;2;2;2;2;2;2;2;2;2;2;2;2;2;2;2;2;2;2;2;2;2,12;5;8;3;3;4;12;5;4;3;3;3;3;4;5;2;3;14;5;3;6;5;6;3;6;6;1;14;12;12,42.85;17.66;27.36;12.06;14.50;26.47;43.24;18.92;26.47;12.06;11.71;12.06;12.06;14.84;18.92;8.58;14.50;46.42;17.66;11.71;21.10;18.92;21.10;14.50;21.10;59.48;5.43;46.42;42.85;43.24,2272.7094,968555400970203,968558713012319,3312.042116,56848,63568,9654016,0,0,,std_14q_pool1,1,,,,block=1 seq=186 cfg=std_pool attempt=1
std_14q_pool1-std-rand30_t5-r2-1789955333,2026-09-20T18:48:53,std,build_0071783e_20260829023649,0.002,7de69de,batch,rand30_t5,2,ok,,30,4000;1000;32;1024;1000;500;10000;1024;500;1024;8192;1024;1024;8192;1024;4000;1000;4096;1000;8192;128;1024;128;1000;128;1024;10000;4096;4000;10000,2;2;2;2;2;2;2;2;2;2;2;2;2;2;2;2;2;2;2;2;2;2;2;2;2;2;2;2;2;2,12;5;8;3;3;4;12;5;4;3;3;3;3;4;5;2;3;14;5;3;6;5;6;3;6;6;1;14;12;12,42.85;17.66;27.36;12.06;14.50;26.47;43.24;18.92;26.47;12.06;11.71;12.06;12.06;14.84;18.92;8.58;14.50;46.42;17.66;11.71;21.10;18.92;21.10;14.50;21.10;59.48;5.43;46.42;42.85;43.24,2272.7094,968559268382773,968562580383019,3312.000246,56848,63568,9654016,0,0,,std_14q_pool1,1,,,,block=1 seq=186 cfg=std_pool attempt=1
std_14q_pool1-std-rand30_t5-r3-1789955337,2026-09-20T18:48:57,std,build_0071783e_20260829023649,0.002,7de69de,batch,rand30_t5,3,ok,,30,4000;1000;32;1024;1000;500;10000;1024;500;1024;8192;1024;1024;8192;1024;4000;1000;4096;1000;8192;128;1024;128;1000;128;1024;10000;4096;4000;10000,2;2;2;2;2;2;2;2;2;2;2;2;2;2;2;2;2;2;2;2;2;2;2;2;2;2;2;2;2;2,12;5;8;3;3;4;12;5;4;3;3;3;3;4;5;2;3;14;5;3;6;5;6;3;6;6;1;14;12;12,42.85;17.66;27.36;12.06;14.50;26.47;43.24;18.92;26.47;12.06;11.71;12.06;12.06;14.84;18.92;8.58;14.50;46.42;17.66;11.71;21.10;18.92;21.10;14.50;21.10;59.48;5.43;46.42;42.85;43.24,2272.7094,968563137274578,968566450414735,3313.140157,56848,63568,9654016,0,0,,std_14q_pool1,1,,,,block=1 seq=186 cfg=std_pool attempt=1
std_14q_pool1-std-rand30_t5-r4-1789955341,2026-09-20T18:49:01,std,build_0071783e_20260829023649,0.002,7de69de,batch,rand30_t5,4,ok,,30,4000;1000;32;1024;1000;500;10000;1024;500;1024;8192;1024;1024;8192;1024;4000;1000;4096;1000;8192;128;1024;128;1000;128;1024;10000;4096;4000;10000,2;2;2;2;2;2;2;2;2;2;2;2;2;2;2;2;2;2;2;2;2;2;2;2;2;2;2;2;2;2,12;5;8;3;3;4;12;5;4;3;3;3;3;4;5;2;3;14;5;3;6;5;6;3;6;6;1;14;12;12,42.85;17.66;27.36;12.06;14.50;26.47;43.24;18.92;26.47;12.06;11.71;12.06;12.06;14.84;18.92;8.58;14.50;46.42;17.66;11.71;21.10;18.92;21.10;14.50;21.10;59.48;5.43;46.42;42.85;43.24,2272.7094,968567008509797,968570320725854,3312.216057,56848,63568,9654016,0,0,,std_14q_pool1,1,,,,block=1 seq=186 cfg=std_pool attempt=1
std_14q_pool1-std-rand10_t5-r-1-1789955345,2026-09-20T18:49:05,std,build_0071783e_20260829023649,0.002,7de69de,batch,rand10_t5,-1,ok,,10,1024;1000;1024;1024;500;500;1000;1000;1000;1024,2;2;2;2;2;2;2;2;2;2,5;3;3;6;4;4;2;5;2;5,17.97;14.50;12.06;59.48;26.47;26.47;8.94;17.66;8.94;17.97,186.5717,968571250640015,968571518944308,268.304293,21760,24000,535104,0,0,,std_14q_pool1,1,,,,block=1 seq=192 cfg=std_pool attempt=1
std_14q_pool1-std-rand10_t5-r0-1789955346,2026-09-20T18:49:06,std,build_0071783e_20260829023649,0.002,7de69de,batch,rand10_t5,0,ok,,10,1024;1000;1024;1024;500;500;1000;1000;1000;1024,2;2;2;2;2;2;2;2;2;2,5;3;3;6;4;4;2;5;2;5,17.97;14.50;12.06;59.48;26.47;26.47;8.94;17.66;8.94;17.97,186.5717,968571722935128,968571991261702,268.326574,21760,24000,535104,0,0,,std_14q_pool1,1,,,,block=1 seq=192 cfg=std_pool attempt=1
std_14q_pool1-std-rand10_t5-r1-1789955347,2026-09-20T18:49:07,std,build_0071783e_20260829023649,0.002,7de69de,batch,rand10_t5,1,ok,,10,1024;1000;1024;1024;500;500;1000;1000;1000;1024,2;2;2;2;2;2;2;2;2;2,5;3;3;6;4;4;2;5;2;5,17.97;14.50;12.06;59.48;26.47;26.47;8.94;17.66;8.94;17.97,186.5717,968572195031970,968572463358124,268.326154,21760,24000,535104,0,0,,std_14q_pool1,1,,,,block=1 seq=192 cfg=std_pool attempt=1
std_14q_pool1-std-rand10_t5-r2-1789955347,2026-09-20T18:49:07,std,build_0071783e_20260829023649,0.002,7de69de,batch,rand10_t5,2,ok,,10,1024;1000;1024;1024;500;500;1000;1000;1000;1024,2;2;2;2;2;2;2;2;2;2,5;3;3;6;4;4;2;5;2;5,17.97;14.50;12.06;59.48;26.47;26.47;8.94;17.66;8.94;17.97,186.5717,968572667755548,968572936214373,268.458825,21760,24000,535104,0,0,,std_14q_pool1,1,,,,block=1 seq=192 cfg=std_pool attempt=1
std_14q_pool1-std-rand10_t5-r3-1789955347,2026-09-20T18:49:07,std,build_0071783e_20260829023649,0.002,7de69de,batch,rand10_t5,3,ok,,10,1024;1000;1024;1024;500;500;1000;1000;1000;1024,2;2;2;2;2;2;2;2;2;2,5;3;3;6;4;4;2;5;2;5,17.97;14.50;12.06;59.48;26.47;26.47;8.94;17.66;8.94;17.97,186.5717,968573139990771,968573408335935,268.345164,21760,24000,535104,0,0,,std_14q_pool1,1,,,,block=1 seq=192 cfg=std_pool attempt=1
std_14q_pool1-std-rand10_t5-r4-1789955348,2026-09-20T18:49:08,std,build_0071783e_20260829023649,0.002,7de69de,batch,rand10_t5,4,ok,,10,1024;1000;1024;1024;500;500;1000;1000;1000;1024,2;2;2;2;2;2;2;2;2;2,5;3;3;6;4;4;2;5;2;5,17.97;14.50;12.06;59.48;26.47;26.47;8.94;17.66;8.94;17.97,186.5717,968573608370146,968573876705019,268.334873,21760,24000,535104,0,0,,std_14q_pool1,1,,,,block=1 seq=192 cfg=std_pool attempt=1
std_14q_pool1-std-rand20_t3-r-1-1789955349,2026-09-20T18:49:09,std,build_0071783e_20260829023649,0.002,7de69de,batch,rand20_t3,-1,ok,,20,8192;500;1000;1024;4000;8192;1000;4096;1000;4000;1024;10000;32;10000;400;1000;8192;128;128;32,2;2;2;2;2;2;2;2;2;2;2;2;2;2;2;2;2;2;2;2,3;4;3;6;12;3;3;14;3;2;6;1;8;12;14;2;3;6;6;8,11.71;26.47;14.50;59.48;42.85;11.71;14.50;46.42;14.50;8.58;59.48;5.43;27.36;43.24;50.12;8.94;11.71;21.10;21.10;27.36,1385.1216,968575063676821,968577112604223,2048.927402,49008,53488,5600128,0,0,,std_14q_pool1,1,,,,block=1 seq=198 cfg=std_pool attempt=1
std_14q_pool1-std-rand20_t3-r0-1789955352,2026-09-20T18:49:12,std,build_0071783e_20260829023649,0.002,7de69de,batch,rand20_t3,0,ok,,20,8192;500;1000;1024;4000;8192;1000;4096;1000;4000;1024;10000;32;10000;400;1000;8192;128;128;32,2;2;2;2;2;2;2;2;2;2;2;2;2;2;2;2;2;2;2;2,3;4;3;6;12;3;3;14;3;2;6;1;8;12;14;2;3;6;6;8,11.71;26.47;14.50;59.48;42.85;11.71;14.50;46.42;14.50;8.58;59.48;5.43;27.36;43.24;50.12;8.94;11.71;21.10;21.10;27.36,1385.1216,968577616434143,968579665246544,2048.812401,49008,53488,5600128,0,0,,std_14q_pool1,1,,,,block=1 seq=198 cfg=std_pool attempt=1
std_14q_pool1-std-rand20_t3-r1-1789955354,2026-09-20T18:49:14,std,build_0071783e_20260829023649,0.002,7de69de,batch,rand20_t3,1,ok,,20,8192;500;1000;1024;4000;8192;1000;4096;1000;4000;1024;10000;32;10000;400;1000;8192;128;128;32,2;2;2;2;2;2;2;2;2;2;2;2;2;2;2;2;2;2;2;2,3;4;3;6;12;3;3;14;3;2;6;1;8;12;14;2;3;6;6;8,11.71;26.47;14.50;59.48;42.85;11.71;14.50;46.42;14.50;8.58;59.48;5.43;27.36;43.24;50.12;8.94;11.71;21.10;21.10;27.36,1385.1216,968580168585178,968582217541201,2048.956023,49008,53488,5600128,0,0,,std_14q_pool1,1,,,,block=1 seq=198 cfg=std_pool attempt=1
std_14q_pool1-std-rand20_t3-r2-1789955357,2026-09-20T18:49:17,std,build_0071783e_20260829023649,0.002,7de69de,batch,rand20_t3,2,ok,,20,8192;500;1000;1024;4000;8192;1000;4096;1000;4000;1024;10000;32;10000;400;1000;8192;128;128;32,2;2;2;2;2;2;2;2;2;2;2;2;2;2;2;2;2;2;2;2,3;4;3;6;12;3;3;14;3;2;6;1;8;12;14;2;3;6;6;8,11.71;26.47;14.50;59.48;42.85;11.71;14.50;46.42;14.50;8.58;59.48;5.43;27.36;43.24;50.12;8.94;11.71;21.10;21.10;27.36,1385.1216,968582723559362,968584772581525,2049.022163,49008,53488,5600128,0,0,,std_14q_pool1,1,,,,block=1 seq=198 cfg=std_pool attempt=1
std_14q_pool1-std-rand20_t3-r3-1789955359,2026-09-20T18:49:19,std,build_0071783e_20260829023649,0.002,7de69de,batch,rand20_t3,3,ok,,20,8192;500;1000;1024;4000;8192;1000;4096;1000;4000;1024;10000;32;10000;400;1000;8192;128;128;32,2;2;2;2;2;2;2;2;2;2;2;2;2;2;2;2;2;2;2;2,3;4;3;6;12;3;3;14;3;2;6;1;8;12;14;2;3;6;6;8,11.71;26.47;14.50;59.48;42.85;11.71;14.50;46.42;14.50;8.58;59.48;5.43;27.36;43.24;50.12;8.94;11.71;21.10;21.10;27.36,1385.1216,968585276053121,968587325247646,2049.194525,49008,53488,5600128,0,0,,std_14q_pool1,1,,,,block=1 seq=198 cfg=std_pool attempt=1
std_14q_pool1-std-rand20_t3-r4-1789955362,2026-09-20T18:49:22,std,build_0071783e_20260829023649,0.002,7de69de,batch,rand20_t3,4,ok,,20,8192;500;1000;1024;4000;8192;1000;4096;1000;4000;1024;10000;32;10000;400;1000;8192;128;128;32,2;2;2;2;2;2;2;2;2;2;2;2;2;2;2;2;2;2;2;2,3;4;3;6;12;3;3;14;3;2;6;1;8;12;14;2;3;6;6;8,11.71;26.47;14.50;59.48;42.85;11.71;14.50;46.42;14.50;8.58;59.48;5.43;27.36;43.24;50.12;8.94;11.71;21.10;21.10;27.36,1385.1216,968587829302467,968589878195269,2048.892802,49008,53488,5600128,0,0,,std_14q_pool1,1,,,,block=1 seq=198 cfg=std_pool attempt=1
std_14q_pool1-std-rand20_t1-r-1-1789955365,2026-09-20T18:49:25,std,build_0071783e_20260829023649,0.002,7de69de,batch,rand20_t1,-1,ok,,20,10000;1024;10000;1024;24576;8192;24576;1024;4000;400;8192;8192;4000;1024;8192;32;8192;10000;10000;4000,2;2;2;2;2;2;2;2;2;2;2;2;2;2;2;2;2;2;2;2,12;5;12;5;2;4;2;6;12;14;4;3;12;6;3;8;3;12;12;2,43.24;18.92;43.24;18.92;8.58;14.84;8.58;59.48;42.85;50.12;14.84;11.71;42.85;59.48;11.71;27.36;11.71;43.24;43.24;8.58,3241.2445,968591079248072,968595910769004,4831.520932,53456,57936,13582848,0,0,,std_14q_pool1,1,,,,block=1 seq=204 cfg=std_pool attempt=1
std_14q_pool1-std-rand20_t1-r0-1789955371,2026-09-20T18:49:31,std,build_0071783e_20260829023649,0.002,7de69de,batch,rand20_t1,0,ok,,20,10000;1024;10000;1024;24576;8192;24576;1024;4000;400;8192;8192;4000;1024;8192;32;8192;10000;10000;4000,2;2;2;2;2;2;2;2;2;2;2;2;2;2;2;2;2;2;2;2,12;5;12;5;2;4;2;6;12;14;4;3;12;6;3;8;3;12;12;2,43.24;18.92;43.24;18.92;8.58;14.84;8.58;59.48;42.85;50.12;14.84;11.71;42.85;59.48;11.71;27.36;11.71;43.24;43.24;8.58,3241.2445,968596489084478,968601322762333,4833.677855,53456,57936,13582848,0,0,,std_14q_pool1,1,,,,block=1 seq=204 cfg=std_pool attempt=1
std_14q_pool1-std-rand20_t1-r1-1789955376,2026-09-20T18:49:36,std,build_0071783e_20260829023649,0.002,7de69de,batch,rand20_t1,1,ok,,20,10000;1024;10000;1024;24576;8192;24576;1024;4000;400;8192;8192;4000;1024;8192;32;8192;10000;10000;4000,2;2;2;2;2;2;2;2;2;2;2;2;2;2;2;2;2;2;2;2,12;5;12;5;2;4;2;6;12;14;4;3;12;6;3;8;3;12;12;2,43.24;18.92;43.24;18.92;8.58;14.84;8.58;59.48;42.85;50.12;14.84;11.71;42.85;59.48;11.71;27.36;11.71;43.24;43.24;8.58,3241.2445,968601899170588,968606731059764,4831.889176,53456,57936,13582848,0,0,,std_14q_pool1,1,,,,block=1 seq=204 cfg=std_pool attempt=1
std_14q_pool1-std-rand20_t1-r2-1789955381,2026-09-20T18:49:41,std,build_0071783e_20260829023649,0.002,7de69de,batch,rand20_t1,2,ok,,20,10000;1024;10000;1024;24576;8192;24576;1024;4000;400;8192;8192;4000;1024;8192;32;8192;10000;10000;4000,2;2;2;2;2;2;2;2;2;2;2;2;2;2;2;2;2;2;2;2,12;5;12;5;2;4;2;6;12;14;4;3;12;6;3;8;3;12;12;2,43.24;18.92;43.24;18.92;8.58;14.84;8.58;59.48;42.85;50.12;14.84;11.71;42.85;59.48;11.71;27.36;11.71;43.24;43.24;8.58,3241.2445,968607310092575,968612141512397,4831.419822,53456,57936,13582848,0,0,,std_14q_pool1,1,,,,block=1 seq=204 cfg=std_pool attempt=1
std_14q_pool1-std-rand20_t1-r3-1789955387,2026-09-20T18:49:47,std,build_0071783e_20260829023649,0.002,7de69de,batch,rand20_t1,3,ok,,20,10000;1024;10000;1024;24576;8192;24576;1024;4000;400;8192;8192;4000;1024;8192;32;8192;10000;10000;4000,2;2;2;2;2;2;2;2;2;2;2;2;2;2;2;2;2;2;2;2,12;5;12;5;2;4;2;6;12;14;4;3;12;6;3;8;3;12;12;2,43.24;18.92;43.24;18.92;8.58;14.84;8.58;59.48;42.85;50.12;14.84;11.71;42.85;59.48;11.71;27.36;11.71;43.24;43.24;8.58,3241.2445,968612719765951,968617550515956,4830.750005,53456,57936,13582848,0,0,,std_14q_pool1,1,,,,block=1 seq=204 cfg=std_pool attempt=1
std_14q_pool1-std-rand20_t1-r4-1789955392,2026-09-20T18:49:52,std,build_0071783e_20260829023649,0.002,7de69de,batch,rand20_t1,4,ok,,20,10000;1024;10000;1024;24576;8192;24576;1024;4000;400;8192;8192;4000;1024;8192;32;8192;10000;10000;4000,2;2;2;2;2;2;2;2;2;2;2;2;2;2;2;2;2;2;2;2,12;5;12;5;2;4;2;6;12;14;4;3;12;6;3;8;3;12;12;2,43.24;18.92;43.24;18.92;8.58;14.84;8.58;59.48;42.85;50.12;14.84;11.71;42.85;59.48;11.71;27.36;11.71;43.24;43.24;8.58,3241.2445,968618130604567,968622962089730,4831.485163,53456,57936,13582848,0,0,,std_14q_pool1,1,,,,block=1 seq=204 cfg=std_pool attempt=1
std_14q_pool1-std-ghz8_x30-r-1-1789955398,2026-09-20T18:49:58,std,build_0071783e_20260829023649,0.002,7de69de,batch,ghz8_x30,-1,ok,,30,32;32;32;32;32;32;32;32;32;32;32;32;32;32;32;32;32;32;32;32;32;32;32;32;32;32;32;32;32;32,2;2;2;2;2;2;2;2;2;2;2;2;2;2;2;2;2;2;2;2;2;2;2;2;2;2;2;2;2;2,8;8;8;8;8;8;8;8;8;8;8;8;8;8;8;8;8;8;8;8;8;8;8;8;8;8;8;8;8;8,27.36;27.36;27.36;27.36;27.36;27.36;27.36;27.36;27.36;27.36;27.36;27.36;27.36;27.36;27.36;27.36;27.36;27.36;27.36;27.36;27.36;27.36;27.36;27.36;27.36;27.36;27.36;27.36;27.36;27.36,26.2694,968623929869769,968624038819209,108.94944,49920,56640,122880,0,0,,std_14q_pool1,1,,,,block=1 seq=210 cfg=std_pool attempt=1
std_14q_pool1-std-ghz8_x30-r0-1789955399,2026-09-20T18:49:59,std,build_0071783e_20260829023649,0.002,7de69de,batch,ghz8_x30,0,ok,,30,32;32;32;32;32;32;32;32;32;32;32;32;32;32;32;32;32;32;32;32;32;32;32;32;32;32;32;32;32;32,2;2;2;2;2;2;2;2;2;2;2;2;2;2;2;2;2;2;2;2;2;2;2;2;2;2;2;2;2;2,8;8;8;8;8;8;8;8;8;8;8;8;8;8;8;8;8;8;8;8;8;8;8;8;8;8;8;8;8;8,27.36;27.36;27.36;27.36;27.36;27.36;27.36;27.36;27.36;27.36;27.36;27.36;27.36;27.36;27.36;27.36;27.36;27.36;27.36;27.36;27.36;27.36;27.36;27.36;27.36;27.36;27.36;27.36;27.36;27.36,26.2694,968624309697508,968624418633178,108.93567,49920,56640,122880,0,0,,std_14q_pool1,1,,,,block=1 seq=210 cfg=std_pool attempt=1
std_14q_pool1-std-ghz8_x30-r1-1789955399,2026-09-20T18:49:59,std,build_0071783e_20260829023649,0.002,7de69de,batch,ghz8_x30,1,ok,,30,32;32;32;32;32;32;32;32;32;32;32;32;32;32;32;32;32;32;32;32;32;32;32;32;32;32;32;32;32;32,2;2;2;2;2;2;2;2;2;2;2;2;2;2;2;2;2;2;2;2;2;2;2;2;2;2;2;2;2;2,8;8;8;8;8;8;8;8;8;8;8;8;8;8;8;8;8;8;8;8;8;8;8;8;8;8;8;8;8;8,27.36;27.36;27.36;27.36;27.36;27.36;27.36;27.36;27.36;27.36;27.36;27.36;27.36;27.36;27.36;27.36;27.36;27.36;27.36;27.36;27.36;27.36;27.36;27.36;27.36;27.36;27.36;27.36;27.36;27.36,26.2694,968624690610288,968624799624378,109.01409,49920,56640,122880,0,0,,std_14q_pool1,1,,,,block=1 seq=210 cfg=std_pool attempt=1
std_14q_pool1-std-ghz8_x30-r2-1789955399,2026-09-20T18:49:59,std,build_0071783e_20260829023649,0.002,7de69de,batch,ghz8_x30,2,ok,,30,32;32;32;32;32;32;32;32;32;32;32;32;32;32;32;32;32;32;32;32;32;32;32;32;32;32;32;32;32;32,2;2;2;2;2;2;2;2;2;2;2;2;2;2;2;2;2;2;2;2;2;2;2;2;2;2;2;2;2;2,8;8;8;8;8;8;8;8;8;8;8;8;8;8;8;8;8;8;8;8;8;8;8;8;8;8;8;8;8;8,27.36;27.36;27.36;27.36;27.36;27.36;27.36;27.36;27.36;27.36;27.36;27.36;27.36;27.36;27.36;27.36;27.36;27.36;27.36;27.36;27.36;27.36;27.36;27.36;27.36;27.36;27.36;27.36;27.36;27.36,26.2694,968625069536978,968625178485767,108.948789,49920,56640,122880,0,0,,std_14q_pool1,1,,,,block=1 seq=210 cfg=std_pool attempt=1
std_14q_pool1-std-ghz8_x30-r3-1789955400,2026-09-20T18:50:00,std,build_0071783e_20260829023649,0.002,7de69de,batch,ghz8_x30,3,ok,,30,32;32;32;32;32;32;32;32;32;32;32;32;32;32;32;32;32;32;32;32;32;32;32;32;32;32;32;32;32;32,2;2;2;2;2;2;2;2;2;2;2;2;2;2;2;2;2;2;2;2;2;2;2;2;2;2;2;2;2;2,8;8;8;8;8;8;8;8;8;8;8;8;8;8;8;8;8;8;8;8;8;8;8;8;8;8;8;8;8;8,27.36;27.36;27.36;27.36;27.36;27.36;27.36;27.36;27.36;27.36;27.36;27.36;27.36;27.36;27.36;27.36;27.36;27.36;27.36;27.36;27.36;27.36;27.36;27.36;27.36;27.36;27.36;27.36;27.36;27.36,26.2694,968625447647049,968625556569099,108.92205,49920,56640,122880,0,0,,std_14q_pool1,1,,,,block=1 seq=210 cfg=std_pool attempt=1
std_14q_pool1-std-ghz8_x30-r4-1789955400,2026-09-20T18:50:00,std,build_0071783e_20260829023649,0.002,7de69de,batch,ghz8_x30,4,ok,,30,32;32;32;32;32;32;32;32;32;32;32;32;32;32;32;32;32;32;32;32;32;32;32;32;32;32;32;32;32;32,2;2;2;2;2;2;2;2;2;2;2;2;2;2;2;2;2;2;2;2;2;2;2;2;2;2;2;2;2;2,8;8;8;8;8;8;8;8;8;8;8;8;8;8;8;8;8;8;8;8;8;8;8;8;8;8;8;8;8;8,27.36;27.36;27.36;27.36;27.36;27.36;27.36;27.36;27.36;27.36;27.36;27.36;27.36;27.36;27.36;27.36;27.36;27.36;27.36;27.36;27.36;27.36;27.36;27.36;27.36;27.36;27.36;27.36;27.36;27.36,26.2694,968625826396707,968625935325277,108.92857,49920,56640,122880,0,0,,std_14q_pool1,1,,,,block=1 seq=210 cfg=std_pool attempt=1
std_14q_pool1-std-rand30_t2-r-1-1789955401,2026-09-20T18:50:01,std,build_0071783e_20260829023649,0.002,7de69de,batch,rand30_t2,-1,ok,,30,1000;8192;500;1024;1024;10000;1024;1000;24576;1024;1024;1000;1000;4096;1024;8192;4096;8192;8192;400;1000;8192;8192;128;128;1024;4000;128;1024;4096,2;2;2;2;2;2;2;2;2;2;2;2;2;2;2;2;2;2;2;2;2;2;2;2;2;2;2;2;2;2,5;4;4;5;5;1;3;5;2;6;5;5;5;14;5;3;14;4;4;14;5;4;4;6;6;3;2;6;6;14,17.66;14.84;26.47;18.92;17.97;5.43;12.06;17.66;8.58;59.48;18.92;17.66;17.66;46.42;17.97;11.71;46.42;14.84;14.84;50.12;17.66;14.84;14.84;21.10;21.10;12.06;8.58;21.10;59.48;46.42,1925.6799,968627092066926,968630137039381,3044.972455,60320,67040,7869888,0,0,,std_14q_pool1,1,,,,block=1 seq=216 cfg=std_pool attempt=1
std_14q_pool1-std-rand30_t2-r0-1789955405,2026-09-20T18:50:05,std,build_0071783e_20260829023649,0.002,7de69de,batch,rand30_t2,0,ok,,30,1000;8192;500;1024;1024;10000;1024;1000;24576;1024;1024;1000;1000;4096;1024;8192;4096;8192;8192;400;1000;8192;8192;128;128;1024;4000;128;1024;4096,2;2;2;2;2;2;2;2;2;2;2;2;2;2;2;2;2;2;2;2;2;2;2;2;2;2;2;2;2;2,5;4;4;5;5;1;3;5;2;6;5;5;5;14;5;3;14;4;4;14;5;4;4;6;6;3;2;6;6;14,17.66;14.84;26.47;18.92;17.97;5.43;12.06;17.66;8.58;59.48;18.92;17.66;17.66;46.42;17.97;11.71;46.42;14.84;14.84;50.12;17.66;14.84;14.84;21.10;21.10;12.06;8.58;21.10;59.48;46.42,1925.6799,968630665898640,968633711136847,3045.238207,60320,67040,7869888,0,0,,std_14q_pool1,1,,,,block=1 seq=216 cfg=std_pool attempt=1
std_14q_pool1-std-rand30_t2-r1-1789955408,2026-09-20T18:50:08,std,build_0071783e_20260829023649,0.002,7de69de,batch,rand30_t2,1,ok,,30,1000;8192;500;1024;1024;10000;1024;1000;24576;1024;1024;1000;1000;4096;1024;8192;4096;8192;8192;400;1000;8192;8192;128;128;1024;4000;128;1024;4096,2;2;2;2;2;2;2;2;2;2;2;2;2;2;2;2;2;2;2;2;2;2;2;2;2;2;2;2;2;2,5;4;4;5;5;1;3;5;2;6;5;5;5;14;5;3;14;4;4;14;5;4;4;6;6;3;2;6;6;14,17.66;14.84;26.47;18.92;17.97;5.43;12.06;17.66;8.58;59.48;18.92;17.66;17.66;46.42;17.97;11.71;46.42;14.84;14.84;50.12;17.66;14.84;14.84;21.10;21.10;12.06;8.58;21.10;59.48;46.42,1925.6799,968634239649903,968637285068372,3045.418469,60320,67040,7869888,0,0,,std_14q_pool1,1,,,,block=1 seq=216 cfg=std_pool attempt=1
std_14q_pool1-std-rand30_t2-r2-1789955412,2026-09-20T18:50:12,std,build_0071783e_20260829023649,0.002,7de69de,batch,rand30_t2,2,ok,,30,1000;8192;500;1024;1024;10000;1024;1000;24576;1024;1024;1000;1000;4096;1024;8192;4096;8192;8192;400;1000;8192;8192;128;128;1024;4000;128;1024;4096,2;2;2;2;2;2;2;2;2;2;2;2;2;2;2;2;2;2;2;2;2;2;2;2;2;2;2;2;2;2,5;4;4;5;5;1;3;5;2;6;5;5;5;14;5;3;14;4;4;14;5;4;4;6;6;3;2;6;6;14,17.66;14.84;26.47;18.92;17.97;5.43;12.06;17.66;8.58;59.48;18.92;17.66;17.66;46.42;17.97;11.71;46.42;14.84;14.84;50.12;17.66;14.84;14.84;21.10;21.10;12.06;8.58;21.10;59.48;46.42,1925.6799,968637810940621,968640856212379,3045.271758,60320,67040,7869888,0,0,,std_14q_pool1,1,,,,block=1 seq=216 cfg=std_pool attempt=1
std_14q_pool1-std-rand30_t2-r3-1789955415,2026-09-20T18:50:15,std,build_0071783e_20260829023649,0.002,7de69de,batch,rand30_t2,3,ok,,30,1000;8192;500;1024;1024;10000;1024;1000;24576;1024;1024;1000;1000;4096;1024;8192;4096;8192;8192;400;1000;8192;8192;128;128;1024;4000;128;1024;4096,2;2;2;2;2;2;2;2;2;2;2;2;2;2;2;2;2;2;2;2;2;2;2;2;2;2;2;2;2;2,5;4;4;5;5;1;3;5;2;6;5;5;5;14;5;3;14;4;4;14;5;4;4;6;6;3;2;6;6;14,17.66;14.84;26.47;18.92;17.97;5.43;12.06;17.66;8.58;59.48;18.92;17.66;17.66;46.42;17.97;11.71;46.42;14.84;14.84;50.12;17.66;14.84;14.84;21.10;21.10;12.06;8.58;21.10;59.48;46.42,1925.6799,968641380456952,968644425767180,3045.310228,60320,67040,7869888,0,0,,std_14q_pool1,1,,,,block=1 seq=216 cfg=std_pool attempt=1
std_14q_pool1-std-rand30_t2-r4-1789955419,2026-09-20T18:50:19,std,build_0071783e_20260829023649,0.002,7de69de,batch,rand30_t2,4,ok,,30,1000;8192;500;1024;1024;10000;1024;1000;24576;1024;1024;1000;1000;4096;1024;8192;4096;8192;8192;400;1000;8192;8192;128;128;1024;4000;128;1024;4096,2;2;2;2;2;2;2;2;2;2;2;2;2;2;2;2;2;2;2;2;2;2;2;2;2;2;2;2;2;2,5;4;4;5;5;1;3;5;2;6;5;5;5;14;5;3;14;4;4;14;5;4;4;6;6;3;2;6;6;14,17.66;14.84;26.47;18.92;17.97;5.43;12.06;17.66;8.58;59.48;18.92;17.66;17.66;46.42;17.97;11.71;46.42;14.84;14.84;50.12;17.66;14.84;14.84;21.10;21.10;12.06;8.58;21.10;59.48;46.42,1925.6799,968644953413497,968647998582924,3045.169427,60320,67040,7869888,0,0,,std_14q_pool1,1,,,,block=1 seq=216 cfg=std_pool attempt=1
c1_14q_native_pool1-c1-rand10_t6-r-1-1789955458,2026-09-20T18:50:58,c1,build_0071783e_20260829023649,0.002,7de69de,batch,rand10_t6,-1,ok,,10,1024;500;10000;4096;400;10000;1000;24576;8192;1024,2;2;2;2;2;2;2;2;2;2,4;4;1;14;14;12;3;2;4;3,17.12;26.47;5.43;46.42;50.12;43.24;14.50;8.58;14.84;12.06,1087.0463,968683354603299,968684552944964,1198.341665,18896,668352,4584320,3426,10541,,c1_14q_native_pool1,0,,,,block=1 seq=222 cfg=c1_native attempt=1
c1_14q_native_pool1-c1-rand10_t6-r0-1789955459,2026-09-20T18:50:59,c1,build_0071783e_20260829023649,0.002,7de69de,batch,rand10_t6,0,ok,,10,1024;500;10000;4096;400;10000;1000;24576;8192;1024,2;2;2;2;2;2;2;2;2;2,4;4;1;14;14;12;3;2;4;3,17.12;26.47;5.43;46.42;50.12;43.24;14.50;8.58;14.84;12.06,1087.0463,968684701806093,968685899858736,1198.052643,18896,668352,4584320,2099,7052,,c1_14q_native_pool1,0,,,,block=1 seq=222 cfg=c1_native attempt=1
c1_14q_native_pool1-c1-rand10_t6-r1-1789955460,2026-09-20T18:51:00,c1,build_0071783e_20260829023649,0.002,7de69de,batch,rand10_t6,1,ok,,10,1024;500;10000;4096;400;10000;1000;24576;8192;1024,2;2;2;2;2;2;2;2;2;2,4;4;1;14;14;12;3;2;4;3,17.12;26.47;5.43;46.42;50.12;43.24;14.50;8.58;14.84;12.06,1087.0463,968686045883786,968687244027009,1198.143223,18896,668352,4584320,3408,10395,,c1_14q_native_pool1,0,,,,block=1 seq=222 cfg=c1_native attempt=1
c1_14q_native_pool1-c1-rand10_t6-r2-1789955462,2026-09-20T18:51:02,c1,build_0071783e_20260829023649,0.002,7de69de,batch,rand10_t6,2,ok,,10,1024;500;10000;4096;400;10000;1000;24576;8192;1024,2;2;2;2;2;2;2;2;2;2,4;4;1;14;14;12;3;2;4;3,17.12;26.47;5.43;46.42;50.12;43.24;14.50;8.58;14.84;12.06,1087.0463,968687391456614,968688589485626,1198.029012,18896,668352,4584320,3293,10299,,c1_14q_native_pool1,0,,,,block=1 seq=222 cfg=c1_native attempt=1
c1_14q_native_pool1-c1-rand10_t6-r3-1789955463,2026-09-20T18:51:03,c1,build_0071783e_20260829023649,0.002,7de69de,batch,rand10_t6,3,ok,,10,1024;500;10000;4096;400;10000;1000;24576;8192;1024,2;2;2;2;2;2;2;2;2;2,4;4;1;14;14;12;3;2;4;3,17.12;26.47;5.43;46.42;50.12;43.24;14.50;8.58;14.84;12.06,1087.0463,968688736538947,968689934491098,1197.952151,18896,668352,4584320,2421,7964,,c1_14q_native_pool1,0,,,,block=1 seq=222 cfg=c1_native attempt=1
c1_14q_native_pool1-c1-rand10_t6-r4-1789955464,2026-09-20T18:51:04,c1,build_0071783e_20260829023649,0.002,7de69de,batch,rand10_t6,4,ok,,10,1024;500;10000;4096;400;10000;1000;24576;8192;1024,2;2;2;2;2;2;2;2;2;2,4;4;1;14;14;12;3;2;4;3,17.12;26.47;5.43;46.42;50.12;43.24;14.50;8.58;14.84;12.06,1087.0463,968690080995924,968691279053296,1198.057372,18896,668352,4584320,3398,10014,,c1_14q_native_pool1,0,,,,block=1 seq=222 cfg=c1_native attempt=1
c1_14q_native_pool1-c1-rand10_t5-r-1-1789955466,2026-09-20T18:51:06,c1,build_0071783e_20260829023649,0.002,7de69de,batch,rand10_t5,-1,ok,,10,1024;1000;1024;1024;500;500;1000;1000;1000;1024,2;2;2;2;2;2;2;2;2;2,5;3;3;6;4;4;2;5;2;5,17.97;14.50;12.06;59.48;26.47;26.47;8.94;17.66;8.94;17.97,186.5717,968691948811845,968692208810835,259.99899,21760,422544,535104,279,2004,,c1_14q_native_pool1,0,,,,block=1 seq=228 cfg=c1_native attempt=1
c1_14q_native_pool1-c1-rand10_t5-r0-1789955467,2026-09-20T18:51:07,c1,build_0071783e_20260829023649,0.002,7de69de,batch,rand10_t5,0,ok,,10,1024;1000;1024;1024;500;500;1000;1000;1000;1024,2;2;2;2;2;2;2;2;2;2,5;3;3;6;4;4;2;5;2;5,17.97;14.50;12.06;59.48;26.47;26.47;8.94;17.66;8.94;17.97,186.5717,968692386866866,968692646918377,260.051511,21760,422544,535104,279,1992,,c1_14q_native_pool1,0,,,,block=1 seq=228 cfg=c1_native attempt=1
c1_14q_native_pool1-c1-rand10_t5-r1-1789955467,2026-09-20T18:51:07,c1,build_0071783e_20260829023649,0.002,7de69de,batch,rand10_t5,1,ok,,10,1024;1000;1024;1024;500;500;1000;1000;1000;1024,2;2;2;2;2;2;2;2;2;2,5;3;3;6;4;4;2;5;2;5,17.97;14.50;12.06;59.48;26.47;26.47;8.94;17.66;8.94;17.97,186.5717,968692823522393,968693097395162,273.872769,21760,422544,535104,280,2006,,c1_14q_native_pool1,0,,,,block=1 seq=228 cfg=c1_native attempt=1
c1_14q_native_pool1-c1-rand10_t5-r2-1789955468,2026-09-20T18:51:08,c1,build_0071783e_20260829023649,0.002,7de69de,batch,rand10_t5,2,ok,,10,1024;1000;1024;1024;500;500;1000;1000;1000;1024,2;2;2;2;2;2;2;2;2;2,5;3;3;6;4;4;2;5;2;5,17.97;14.50;12.06;59.48;26.47;26.47;8.94;17.66;8.94;17.97,186.5717,968693275101470,968693539841857,264.740387,21760,422544,535104,279,1986,,c1_14q_native_pool1,0,,,,block=1 seq=228 cfg=c1_native attempt=1
c1_14q_native_pool1-c1-rand10_t5-r3-1789955468,2026-09-20T18:51:08,c1,build_0071783e_20260829023649,0.002,7de69de,batch,rand10_t5,3,ok,,10,1024;1000;1024;1024;500;500;1000;1000;1000;1024,2;2;2;2;2;2;2;2;2;2,5;3;3;6;4;4;2;5;2;5,17.97;14.50;12.06;59.48;26.47;26.47;8.94;17.66;8.94;17.97,186.5717,968693716699696,968693976807068,260.107372,21760,422544,535104,217,1766,,c1_14q_native_pool1,0,,,,block=1 seq=228 cfg=c1_native attempt=1
c1_14q_native_pool1-c1-rand10_t5-r4-1789955468,2026-09-20T18:51:08,c1,build_0071783e_20260829023649,0.002,7de69de,batch,rand10_t5,4,ok,,10,1024;1000;1024;1024;500;500;1000;1000;1000;1024,2;2;2;2;2;2;2;2;2;2,5;3;3;6;4;4;2;5;2;5,17.97;14.50;12.06;59.48;26.47;26.47;8.94;17.66;8.94;17.97,186.5717,968694154407364,968694419510255,265.102891,21760,422544,535104,291,1982,,c1_14q_native_pool1,0,,,,block=1 seq=228 cfg=c1_native attempt=1
c1_14q_native_pool1-c1-rand20_t3-r-1-1789955469,2026-09-20T18:51:09,c1,build_0071783e_20260829023649,0.002,7de69de,batch,rand20_t3,-1,ok,,20,8192;500;1000;1024;4000;8192;1000;4096;1000;4000;1024;10000;32;10000;400;1000;8192;128;128;32,2;2;2;2;2;2;2;2;2;2;2;2;2;2;2;2;2;2;2;2,3;4;3;6;12;3;3;14;3;2;6;1;8;12;14;2;3;6;6;8,11.71;26.47;14.50;59.48;42.85;11.71;14.50;46.42;14.50;8.58;59.48;5.43;27.36;43.24;50.12;8.94;11.71;21.10;21.10;27.36,1385.1216,968695091001711,968696717920473,1626.918762,49008,1309312,5600128,3110,13276,,c1_14q_native_pool1,0,,,,block=1 seq=234 cfg=c1_native attempt=1
c1_14q_native_pool1-c1-rand20_t3-r0-1789955471,2026-09-20T18:51:11,c1,build_0071783e_20260829023649,0.002,7de69de,batch,rand20_t3,0,ok,,20,8192;500;1000;1024;4000;8192;1000;4096;1000;4000;1024;10000;32;10000;400;1000;8192;128;128;32,2;2;2;2;2;2;2;2;2;2;2;2;2;2;2;2;2;2;2;2,3;4;3;6;12;3;3;14;3;2;6;1;8;12;14;2;3;6;6;8,11.71;26.47;14.50;59.48;42.85;11.71;14.50;46.42;14.50;8.58;59.48;5.43;27.36;43.24;50.12;8.94;11.71;21.10;21.10;27.36,1385.1216,968696842947684,968698473753214,1630.80553,49008,1309312,5600128,2212,9451,,c1_14q_native_pool1,0,,,,block=1 seq=234 cfg=c1_native attempt=1
c1_14q_native_pool1-c1-rand20_t3-r1-1789955473,2026-09-20T18:51:13,c1,build_0071783e_20260829023649,0.002,7de69de,batch,rand20_t3,1,ok,,20,8192;500;1000;1024;4000;8192;1000;4096;1000;4000;1024;10000;32;10000;400;1000;8192;128;128;32,2;2;2;2;2;2;2;2;2;2;2;2;2;2;2;2;2;2;2;2,3;4;3;6;12;3;3;14;3;2;6;1;8;12;14;2;3;6;6;8,11.71;26.47;14.50;59.48;42.85;11.71;14.50;46.42;14.50;8.58;59.48;5.43;27.36;43.24;50.12;8.94;11.71;21.10;21.10;27.36,1385.1216,968698597155608,968700228684106,1631.528498,49008,1309312,5600128,2207,9711,,c1_14q_native_pool1,0,,,,block=1 seq=234 cfg=c1_native attempt=1
c1_14q_native_pool1-c1-rand20_t3-r2-1789955475,2026-09-20T18:51:15,c1,build_0071783e_20260829023649,0.002,7de69de,batch,rand20_t3,2,ok,,20,8192;500;1000;1024;4000;8192;1000;4096;1000;4000;1024;10000;32;10000;400;1000;8192;128;128;32,2;2;2;2;2;2;2;2;2;2;2;2;2;2;2;2;2;2;2;2,3;4;3;6;12;3;3;14;3;2;6;1;8;12;14;2;3;6;6;8,11.71;26.47;14.50;59.48;42.85;11.71;14.50;46.42;14.50;8.58;59.48;5.43;27.36;43.24;50.12;8.94;11.71;21.10;21.10;27.36,1385.1216,968700348373593,968701943593978,1595.220385,49008,1309312,5600128,2279,9720,,c1_14q_native_pool1,0,,,,block=1 seq=234 cfg=c1_native attempt=1
c1_14q_native_pool1-c1-rand20_t3-r3-1789955476,2026-09-20T18:51:16,c1,build_0071783e_20260829023649,0.002,7de69de,batch,rand20_t3,3,ok,,20,8192;500;1000;1024;4000;8192;1000;4096;1000;4000;1024;10000;32;10000;400;1000;8192;128;128;32,2;2;2;2;2;2;2;2;2;2;2;2;2;2;2;2;2;2;2;2,3;4;3;6;12;3;3;14;3;2;6;1;8;12;14;2;3;6;6;8,11.71;26.47;14.50;59.48;42.85;11.71;14.50;46.42;14.50;8.58;59.48;5.43;27.36;43.24;50.12;8.94;11.71;21.10;21.10;27.36,1385.1216,968702066492197,968703663484230,1596.992033,49008,1309312,5600128,2497,11065,,c1_14q_native_pool1,0,,,,block=1 seq=234 cfg=c1_native attempt=1
c1_14q_native_pool1-c1-rand20_t3-r4-1789955478,2026-09-20T18:51:18,c1,build_0071783e_20260829023649,0.002,7de69de,batch,rand20_t3,4,ok,,20,8192;500;1000;1024;4000;8192;1000;4096;1000;4000;1024;10000;32;10000;400;1000;8192;128;128;32,2;2;2;2;2;2;2;2;2;2;2;2;2;2;2;2;2;2;2;2,3;4;3;6;12;3;3;14;3;2;6;1;8;12;14;2;3;6;6;8,11.71;26.47;14.50;59.48;42.85;11.71;14.50;46.42;14.50;8.58;59.48;5.43;27.36;43.24;50.12;8.94;11.71;21.10;21.10;27.36,1385.1216,968703788508580,968705417484422,1628.975842,49008,1309312,5600128,2146,9527,,c1_14q_native_pool1,0,,,,block=1 seq=234 cfg=c1_native attempt=1
c1_14q_native_pool1-c1-ghz8_x30-r-1-1789955480,2026-09-20T18:51:20,c1,build_0071783e_20260829023649,0.002,7de69de,batch,ghz8_x30,-1,ok,,30,32;32;32;32;32;32;32;32;32;32;32;32;32;32;32;32;32;32;32;32;32;32;32;32;32;32;32;32;32;32,2;2;2;2;2;2;2;2;2;2;2;2;2;2;2;2;2;2;2;2;2;2;2;2;2;2;2;2;2;2,8;8;8;8;8;8;8;8;8;8;8;8;8;8;8;8;8;8;8;8;8;8;8;8;8;8;8;8;8;8,27.36;27.36;27.36;27.36;27.36;27.36;27.36;27.36;27.36;27.36;27.36;27.36;27.36;27.36;27.36;27.36;27.36;27.36;27.36;27.36;27.36;27.36;27.36;27.36;27.36;27.36;27.36;27.36;27.36;27.36,26.2694,968706117533774,968706221975389,104.441615,49920,56640,122880,55,1362,,c1_14q_native_pool1,0,,,,block=1 seq=240 cfg=c1_native attempt=1
c1_14q_native_pool1-c1-ghz8_x30-r0-1789955481,2026-09-20T18:51:21,c1,build_0071783e_20260829023649,0.002,7de69de,batch,ghz8_x30,0,ok,,30,32;32;32;32;32;32;32;32;32;32;32;32;32;32;32;32;32;32;32;32;32;32;32;32;32;32;32;32;32;32,2;2;2;2;2;2;2;2;2;2;2;2;2;2;2;2;2;2;2;2;2;2;2;2;2;2;2;2;2;2,8;8;8;8;8;8;8;8;8;8;8;8;8;8;8;8;8;8;8;8;8;8;8;8;8;8;8;8;8;8,27.36;27.36;27.36;27.36;27.36;27.36;27.36;27.36;27.36;27.36;27.36;27.36;27.36;27.36;27.36;27.36;27.36;27.36;27.36;27.36;27.36;27.36;27.36;27.36;27.36;27.36;27.36;27.36;27.36;27.36,26.2694,968706494491184,968706599058640,104.567456,49920,56640,122880,56,1366,,c1_14q_native_pool1,0,,,,block=1 seq=240 cfg=c1_native attempt=1
c1_14q_native_pool1-c1-ghz8_x30-r1-1789955481,2026-09-20T18:51:21,c1,build_0071783e_20260829023649,0.002,7de69de,batch,ghz8_x30,1,data_mismatch,STRM error after 36864/122880 B,30,32;32;32;32;32;32;32;32;32;32;32;32;32;32;32;32;32;32;32;32;32;32;32;32;32;32;32;32;32;32,2;2;2;2;2;2;2;2;2;2;2;2;2;2;2;2;2;2;2;2;2;2;2;2;2;2;2;2;2;2,8;8;8;8;8;8;8;8;8;8;8;8;8;8;8;8;8;8;8;8;8;8;8;8;8;8;8;8;8;8,27.36;27.36;27.36;27.36;27.36;27.36;27.36;27.36;27.36;27.36;27.36;27.36;27.36;27.36;27.36;27.36;27.36;27.36;27.36;27.36;27.36;27.36;27.36;27.36;27.36;27.36;27.36;27.36;27.36;27.36,26.2694,,,,49920,,122880,,,,c1_14q_native_pool1,0,,,,block=1 seq=240 cfg=c1_native attempt=1
c1_14q_native_pool1-c1-ghz8_x30-r1-1789955631,2026-09-20T18:53:51,c1,build_0071783e_20260829023649,0.002,7de69de,batch,ghz8_x30,1,ok,,30,32;32;32;32;32;32;32;32;32;32;32;32;32;32;32;32;32;32;32;32;32;32;32;32;32;32;32;32;32;32,2;2;2;2;2;2;2;2;2;2;2;2;2;2;2;2;2;2;2;2;2;2;2;2;2;2;2;2;2;2,8;8;8;8;8;8;8;8;8;8;8;8;8;8;8;8;8;8;8;8;8;8;8;8;8;8;8;8;8;8,27.36;27.36;27.36;27.36;27.36;27.36;27.36;27.36;27.36;27.36;27.36;27.36;27.36;27.36;27.36;27.36;27.36;27.36;27.36;27.36;27.36;27.36;27.36;27.36;27.36;27.36;27.36;27.36;27.36;27.36,26.2694,969006909695305,969007014136519,104.441214,49920,56640,122880,76,1442,,c1_14q_native_pool1,0,,,,block=1 seq=240 cfg=c1_native attempt=1
c1_14q_native_pool1-c1-ghz8_x30-r2-1789955782,2026-09-20T18:56:22,c1,build_0071783e_20260829023649,0.002,7de69de,batch,ghz8_x30,2,data_mismatch,STRM error after 69632/122880 B,30,32;32;32;32;32;32;32;32;32;32;32;32;32;32;32;32;32;32;32;32;32;32;32;32;32;32;32;32;32;32,2;2;2;2;2;2;2;2;2;2;2;2;2;2;2;2;2;2;2;2;2;2;2;2;2;2;2;2;2;2,8;8;8;8;8;8;8;8;8;8;8;8;8;8;8;8;8;8;8;8;8;8;8;8;8;8;8;8;8;8,27.36;27.36;27.36;27.36;27.36;27.36;27.36;27.36;27.36;27.36;27.36;27.36;27.36;27.36;27.36;27.36;27.36;27.36;27.36;27.36;27.36;27.36;27.36;27.36;27.36;27.36;27.36;27.36;27.36;27.36,26.2694,,,,49920,,122880,,,,c1_14q_native_pool1,0,,,,block=1 seq=240 cfg=c1_native attempt=1
c1_14q_native_pool1-c1-ghz8_x30-r2-1789955932,2026-09-20T18:58:52,c1,build_0071783e_20260829023649,0.002,7de69de,batch,ghz8_x30,2,ok,,30,32;32;32;32;32;32;32;32;32;32;32;32;32;32;32;32;32;32;32;32;32;32;32;32;32;32;32;32;32;32,2;2;2;2;2;2;2;2;2;2;2;2;2;2;2;2;2;2;2;2;2;2;2;2;2;2;2;2;2;2,8;8;8;8;8;8;8;8;8;8;8;8;8;8;8;8;8;8;8;8;8;8;8;8;8;8;8;8;8;8,27.36;27.36;27.36;27.36;27.36;27.36;27.36;27.36;27.36;27.36;27.36;27.36;27.36;27.36;27.36;27.36;27.36;27.36;27.36;27.36;27.36;27.36;27.36;27.36;27.36;27.36;27.36;27.36;27.36;27.36,26.2694,969307353449951,969307463402720,109.952769,49920,56640,122880,74,1417,,c1_14q_native_pool1,0,,,,block=1 seq=240 cfg=c1_native attempt=1
c1_14q_native_pool1-c1-ghz8_x30-r3-1789956082,2026-09-20T19:01:22,c1,build_0071783e_20260829023649,0.002,7de69de,batch,ghz8_x30,3,ok,,30,32;32;32;32;32;32;32;32;32;32;32;32;32;32;32;32;32;32;32;32;32;32;32;32;32;32;32;32;32;32,2;2;2;2;2;2;2;2;2;2;2;2;2;2;2;2;2;2;2;2;2;2;2;2;2;2;2;2;2;2,8;8;8;8;8;8;8;8;8;8;8;8;8;8;8;8;8;8;8;8;8;8;8;8;8;8;8;8;8;8,27.36;27.36;27.36;27.36;27.36;27.36;27.36;27.36;27.36;27.36;27.36;27.36;27.36;27.36;27.36;27.36;27.36;27.36;27.36;27.36;27.36;27.36;27.36;27.36;27.36;27.36;27.36;27.36;27.36;27.36,26.2694,969307736696824,969307841210999,104.514175,49920,56640,122880,65,1374,,c1_14q_native_pool1,0,,,,block=1 seq=240 cfg=c1_native attempt=1
c1_14q_native_pool1-c1-ghz8_x30-r4-1789956082,2026-09-20T19:01:22,c1,build_0071783e_20260829023649,0.002,7de69de,batch,ghz8_x30,4,ok,,30,32;32;32;32;32;32;32;32;32;32;32;32;32;32;32;32;32;32;32;32;32;32;32;32;32;32;32;32;32;32,2;2;2;2;2;2;2;2;2;2;2;2;2;2;2;2;2;2;2;2;2;2;2;2;2;2;2;2;2;2,8;8;8;8;8;8;8;8;8;8;8;8;8;8;8;8;8;8;8;8;8;8;8;8;8;8;8;8;8;8,27.36;27.36;27.36;27.36;27.36;27.36;27.36;27.36;27.36;27.36;27.36;27.36;27.36;27.36;27.36;27.36;27.36;27.36;27.36;27.36;27.36;27.36;27.36;27.36;27.36;27.36;27.36;27.36;27.36;27.36,26.2694,969308113194719,969308217698744,104.504025,49920,56640,122880,55,1356,,c1_14q_native_pool1,0,,,,block=1 seq=240 cfg=c1_native attempt=1
c1_14q_native_pool1-c1-rand30_t5-r-1-1789956083,2026-09-20T19:01:23,c1,build_0071783e_20260829023649,0.002,7de69de,batch,rand30_t5,-1,ok,,30,4000;1000;32;1024;1000;500;10000;1024;500;1024;8192;1024;1024;8192;1024;4000;1000;4096;1000;8192;128;1024;128;1000;128;1024;10000;4096;4000;10000,2;2;2;2;2;2;2;2;2;2;2;2;2;2;2;2;2;2;2;2;2;2;2;2;2;2;2;2;2;2,12;5;8;3;3;4;12;5;4;3;3;3;3;4;5;2;3;14;5;3;6;5;6;3;6;6;1;14;12;12,42.85;17.66;27.36;12.06;14.50;26.47;43.24;18.92;26.47;12.06;11.71;12.06;12.06;14.84;18.92;8.58;14.50;46.42;17.66;11.71;21.10;18.92;21.10;14.50;21.10;59.48;5.43;46.42;42.85;43.24,2272.7094,969309176814927,969311756594749,2579.779822,56848,1895008,9654016,2819,20233,,c1_14q_native_pool1,0,,,,block=1 seq=246 cfg=c1_native attempt=1
c1_14q_native_pool1-c1-rand30_t5-r0-1789956086,2026-09-20T19:01:26,c1,build_0071783e_20260829023649,0.002,7de69de,batch,rand30_t5,0,ok,,30,4000;1000;32;1024;1000;500;10000;1024;500;1024;8192;1024;1024;8192;1024;4000;1000;4096;1000;8192;128;1024;128;1000;128;1024;10000;4096;4000;10000,2;2;2;2;2;2;2;2;2;2;2;2;2;2;2;2;2;2;2;2;2;2;2;2;2;2;2;2;2;2,12;5;8;3;3;4;12;5;4;3;3;3;3;4;5;2;3;14;5;3;6;5;6;3;6;6;1;14;12;12,42.85;17.66;27.36;12.06;14.50;26.47;43.24;18.92;26.47;12.06;11.71;12.06;12.06;14.84;18.92;8.58;14.50;46.42;17.66;11.71;21.10;18.92;21.10;14.50;21.10;59.48;5.43;46.42;42.85;43.24,2272.7094,969312188541969,969314816354891,2627.812922,56848,1895008,9654016,2489,16951,,c1_14q_native_pool1,0,,,,block=1 seq=246 cfg=c1_native attempt=1
c1_14q_native_pool1-c1-rand30_t5-r1-1789956089,2026-09-20T19:01:29,c1,build_0071783e_20260829023649,0.002,7de69de,batch,rand30_t5,1,ok,,30,4000;1000;32;1024;1000;500;10000;1024;500;1024;8192;1024;1024;8192;1024;4000;1000;4096;1000;8192;128;1024;128;1000;128;1024;10000;4096;4000;10000,2;2;2;2;2;2;2;2;2;2;2;2;2;2;2;2;2;2;2;2;2;2;2;2;2;2;2;2;2;2,12;5;8;3;3;4;12;5;4;3;3;3;3;4;5;2;3;14;5;3;6;5;6;3;6;6;1;14;12;12,42.85;17.66;27.36;12.06;14.50;26.47;43.24;18.92;26.47;12.06;11.71;12.06;12.06;14.84;18.92;8.58;14.50;46.42;17.66;11.71;21.10;18.92;21.10;14.50;21.10;59.48;5.43;46.42;42.85;43.24,2272.7094,969315242269421,969317818998842,2576.729421,56848,1895008,9654016,2609,17625,,c1_14q_native_pool1,0,,,,block=1 seq=246 cfg=c1_native attempt=1
c1_14q_native_pool1-c1-rand30_t5-r2-1789956092,2026-09-20T19:01:32,c1,build_0071783e_20260829023649,0.002,7de69de,batch,rand30_t5,2,ok,,30,4000;1000;32;1024;1000;500;10000;1024;500;1024;8192;1024;1024;8192;1024;4000;1000;4096;1000;8192;128;1024;128;1000;128;1024;10000;4096;4000;10000,2;2;2;2;2;2;2;2;2;2;2;2;2;2;2;2;2;2;2;2;2;2;2;2;2;2;2;2;2;2,12;5;8;3;3;4;12;5;4;3;3;3;3;4;5;2;3;14;5;3;6;5;6;3;6;6;1;14;12;12,42.85;17.66;27.36;12.06;14.50;26.47;43.24;18.92;26.47;12.06;11.71;12.06;12.06;14.84;18.92;8.58;14.50;46.42;17.66;11.71;21.10;18.92;21.10;14.50;21.10;59.48;5.43;46.42;42.85;43.24,2272.7094,969318242606439,969320819083978,2576.477539,56848,1895008,9654016,2392,20320,,c1_14q_native_pool1,0,,,,block=1 seq=246 cfg=c1_native attempt=1
c1_14q_native_pool1-c1-rand30_t5-r3-1789956095,2026-09-20T19:01:35,c1,build_0071783e_20260829023649,0.002,7de69de,batch,rand30_t5,3,ok,,30,4000;1000;32;1024;1000;500;10000;1024;500;1024;8192;1024;1024;8192;1024;4000;1000;4096;1000;8192;128;1024;128;1000;128;1024;10000;4096;4000;10000,2;2;2;2;2;2;2;2;2;2;2;2;2;2;2;2;2;2;2;2;2;2;2;2;2;2;2;2;2;2,12;5;8;3;3;4;12;5;4;3;3;3;3;4;5;2;3;14;5;3;6;5;6;3;6;6;1;14;12;12,42.85;17.66;27.36;12.06;14.50;26.47;43.24;18.92;26.47;12.06;11.71;12.06;12.06;14.84;18.92;8.58;14.50;46.42;17.66;11.71;21.10;18.92;21.10;14.50;21.10;59.48;5.43;46.42;42.85;43.24,2272.7094,969321240764675,969323817767119,2577.002444,56848,1895008,9654016,2798,20681,,c1_14q_native_pool1,0,,,,block=1 seq=246 cfg=c1_native attempt=1
c1_14q_native_pool1-c1-rand30_t5-r4-1789956098,2026-09-20T19:01:38,c1,build_0071783e_20260829023649,0.002,7de69de,batch,rand30_t5,4,ok,,30,4000;1000;32;1024;1000;500;10000;1024;500;1024;8192;1024;1024;8192;1024;4000;1000;4096;1000;8192;128;1024;128;1000;128;1024;10000;4096;4000;10000,2;2;2;2;2;2;2;2;2;2;2;2;2;2;2;2;2;2;2;2;2;2;2;2;2;2;2;2;2;2,12;5;8;3;3;4;12;5;4;3;3;3;3;4;5;2;3;14;5;3;6;5;6;3;6;6;1;14;12;12,42.85;17.66;27.36;12.06;14.50;26.47;43.24;18.92;26.47;12.06;11.71;12.06;12.06;14.84;18.92;8.58;14.50;46.42;17.66;11.71;21.10;18.92;21.10;14.50;21.10;59.48;5.43;46.42;42.85;43.24,2272.7094,969324238562908,969326814915476,2576.352568,56848,1895008,9654016,2344,18146,,c1_14q_native_pool1,0,,,,block=1 seq=246 cfg=c1_native attempt=1
c1_14q_native_pool1-c1-rand20_t1-r-1-1789956102,2026-09-20T19:01:42,c1,build_0071783e_20260829023649,0.002,7de69de,batch,rand20_t1,-1,ok,,20,10000;1024;10000;1024;24576;8192;24576;1024;4000;400;8192;8192;4000;1024;8192;32;8192;10000;10000;4000,2;2;2;2;2;2;2;2;2;2;2;2;2;2;2;2;2;2;2;2,12;5;12;5;2;4;2;6;12;14;4;3;12;6;3;8;3;12;12;2,43.24;18.92;43.24;18.92;8.58;14.84;8.58;59.48;42.85;50.12;14.84;11.71;42.85;59.48;11.71;27.36;11.71;43.24;43.24;8.58,3241.2445,969327773276431,969331261347147,3488.070716,53456,1529440,13582848,3086,25825,,c1_14q_native_pool1,0,,,,block=1 seq=252 cfg=c1_native attempt=1
c1_14q_native_pool1-c1-rand20_t1-r0-1789956106,2026-09-20T19:01:46,c1,build_0071783e_20260829023649,0.002,7de69de,batch,rand20_t1,0,ok,,20,10000;1024;10000;1024;24576;8192;24576;1024;4000;400;8192;8192;4000;1024;8192;32;8192;10000;10000;4000,2;2;2;2;2;2;2;2;2;2;2;2;2;2;2;2;2;2;2;2,12;5;12;5;2;4;2;6;12;14;4;3;12;6;3;8;3;12;12;2,43.24;18.92;43.24;18.92;8.58;14.84;8.58;59.48;42.85;50.12;14.84;11.71;42.85;59.48;11.71;27.36;11.71;43.24;43.24;8.58,3241.2445,969331679847413,969335168440394,3488.592981,53456,1529440,13582848,3073,24758,,c1_14q_native_pool1,0,,,,block=1 seq=252 cfg=c1_native attempt=1
c1_14q_native_pool1-c1-rand20_t1-r1-1789956110,2026-09-20T19:01:50,c1,build_0071783e_20260829023649,0.002,7de69de,batch,rand20_t1,1,ok,,20,10000;1024;10000;1024;24576;8192;24576;1024;4000;400;8192;8192;4000;1024;8192;32;8192;10000;10000;4000,2;2;2;2;2;2;2;2;2;2;2;2;2;2;2;2;2;2;2;2,12;5;12;5;2;4;2;6;12;14;4;3;12;6;3;8;3;12;12;2,43.24;18.92;43.24;18.92;8.58;14.84;8.58;59.48;42.85;50.12;14.84;11.71;42.85;59.48;11.71;27.36;11.71;43.24;43.24;8.58,3241.2445,969335587050361,969339123495181,3536.44482,53456,1529440,13582848,2672,23289,,c1_14q_native_pool1,0,,,,block=1 seq=252 cfg=c1_native attempt=1
c1_14q_native_pool1-c1-rand20_t1-r2-1789956114,2026-09-20T19:01:54,c1,build_0071783e_20260829023649,0.002,7de69de,batch,rand20_t1,2,ok,,20,10000;1024;10000;1024;24576;8192;24576;1024;4000;400;8192;8192;4000;1024;8192;32;8192;10000;10000;4000,2;2;2;2;2;2;2;2;2;2;2;2;2;2;2;2;2;2;2;2,12;5;12;5;2;4;2;6;12;14;4;3;12;6;3;8;3;12;12;2,43.24;18.92;43.24;18.92;8.58;14.84;8.58;59.48;42.85;50.12;14.84;11.71;42.85;59.48;11.71;27.36;11.71;43.24;43.24;8.58,3241.2445,969339547204098,969343111843840,3564.639742,53456,1529440,13582848,2957,24733,,c1_14q_native_pool1,0,,,,block=1 seq=252 cfg=c1_native attempt=1
c1_14q_native_pool1-c1-rand20_t1-r3-1789956118,2026-09-20T19:01:58,c1,build_0071783e_20260829023649,0.002,7de69de,batch,rand20_t1,3,ok,,20,10000;1024;10000;1024;24576;8192;24576;1024;4000;400;8192;8192;4000;1024;8192;32;8192;10000;10000;4000,2;2;2;2;2;2;2;2;2;2;2;2;2;2;2;2;2;2;2;2,12;5;12;5;2;4;2;6;12;14;4;3;12;6;3;8;3;12;12;2,43.24;18.92;43.24;18.92;8.58;14.84;8.58;59.48;42.85;50.12;14.84;11.71;42.85;59.48;11.71;27.36;11.71;43.24;43.24;8.58,3241.2445,969343532094233,969347021028478,3488.934245,53456,1529440,13582848,3018,24790,,c1_14q_native_pool1,0,,,,block=1 seq=252 cfg=c1_native attempt=1
c1_14q_native_pool1-c1-rand20_t1-r4-1789956122,2026-09-20T19:02:02,c1,build_0071783e_20260829023649,0.002,7de69de,batch,rand20_t1,4,ok,,20,10000;1024;10000;1024;24576;8192;24576;1024;4000;400;8192;8192;4000;1024;8192;32;8192;10000;10000;4000,2;2;2;2;2;2;2;2;2;2;2;2;2;2;2;2;2;2;2;2,12;5;12;5;2;4;2;6;12;14;4;3;12;6;3;8;3;12;12;2,43.24;18.92;43.24;18.92;8.58;14.84;8.58;59.48;42.85;50.12;14.84;11.71;42.85;59.48;11.71;27.36;11.71;43.24;43.24;8.58,3241.2445,969347443630625,969350933657731,3490.027106,53456,1529440,13582848,2990,25122,,c1_14q_native_pool1,0,,,,block=1 seq=252 cfg=c1_native attempt=1
c1_14q_native_pool1-c1-rand30_t2-r-1-1789956126,2026-09-20T19:02:06,c1,build_0071783e_20260829023649,0.002,7de69de,batch,rand30_t2,-1,ok,,30,1000;8192;500;1024;1024;10000;1024;1000;24576;1024;1024;1000;1000;4096;1024;8192;4096;8192;8192;400;1000;8192;8192;128;128;1024;4000;128;1024;4096,2;2;2;2;2;2;2;2;2;2;2;2;2;2;2;2;2;2;2;2;2;2;2;2;2;2;2;2;2;2,5;4;4;5;5;1;3;5;2;6;5;5;5;14;5;3;14;4;4;14;5;4;4;6;6;3;2;6;6;14,17.66;14.84;26.47;18.92;17.97;5.43;12.06;17.66;8.58;59.48;18.92;17.66;17.66;46.42;17.97;11.71;46.42;14.84;14.84;50.12;17.66;14.84;14.84;21.10;21.10;12.06;8.58;21.10;59.48;46.42,1925.6799,969351645566381,969353874953358,2229.386977,60320,1826704,7869888,1731,16185,,c1_14q_native_pool1,0,,,,block=1 seq=258 cfg=c1_native attempt=1
c1_14q_native_pool1-c1-rand30_t2-r0-1789956128,2026-09-20T19:02:08,c1,build_0071783e_20260829023649,0.002,7de69de,batch,rand30_t2,0,ok,,30,1000;8192;500;1024;1024;10000;1024;1000;24576;1024;1024;1000;1000;4096;1024;8192;4096;8192;8192;400;1000;8192;8192;128;128;1024;4000;128;1024;4096,2;2;2;2;2;2;2;2;2;2;2;2;2;2;2;2;2;2;2;2;2;2;2;2;2;2;2;2;2;2,5;4;4;5;5;1;3;5;2;6;5;5;5;14;5;3;14;4;4;14;5;4;4;6;6;3;2;6;6;14,17.66;14.84;26.47;18.92;17.97;5.43;12.06;17.66;8.58;59.48;18.92;17.66;17.66;46.42;17.97;11.71;46.42;14.84;14.84;50.12;17.66;14.84;14.84;21.10;21.10;12.06;8.58;21.10;59.48;46.42,1925.6799,969354057604355,969356287366986,2229.762631,60320,1826704,7869888,1743,16634,,c1_14q_native_pool1,0,,,,block=1 seq=258 cfg=c1_native attempt=1
c1_14q_native_pool1-c1-rand30_t2-r1-1789956131,2026-09-20T19:02:11,c1,build_0071783e_20260829023649,0.002,7de69de,batch,rand30_t2,1,ok,,30,1000;8192;500;1024;1024;10000;1024;1000;24576;1024;1024;1000;1000;4096;1024;8192;4096;8192;8192;400;1000;8192;8192;128;128;1024;4000;128;1024;4096,2;2;2;2;2;2;2;2;2;2;2;2;2;2;2;2;2;2;2;2;2;2;2;2;2;2;2;2;2;2,5;4;4;5;5;1;3;5;2;6;5;5;5;14;5;3;14;4;4;14;5;4;4;6;6;3;2;6;6;14,17.66;14.84;26.47;18.92;17.97;5.43;12.06;17.66;8.58;59.48;18.92;17.66;17.66;46.42;17.97;11.71;46.42;14.84;14.84;50.12;17.66;14.84;14.84;21.10;21.10;12.06;8.58;21.10;59.48;46.42,1925.6799,969356479018743,969358746271349,2267.252606,60320,1826704,7869888,1711,17360,,c1_14q_native_pool1,0,,,,block=1 seq=258 cfg=c1_native attempt=1
c1_14q_native_pool1-c1-rand30_t2-r2-1789956133,2026-09-20T19:02:13,c1,build_0071783e_20260829023649,0.002,7de69de,batch,rand30_t2,2,ok,,30,1000;8192;500;1024;1024;10000;1024;1000;24576;1024;1024;1000;1000;4096;1024;8192;4096;8192;8192;400;1000;8192;8192;128;128;1024;4000;128;1024;4096,2;2;2;2;2;2;2;2;2;2;2;2;2;2;2;2;2;2;2;2;2;2;2;2;2;2;2;2;2;2,5;4;4;5;5;1;3;5;2;6;5;5;5;14;5;3;14;4;4;14;5;4;4;6;6;3;2;6;6;14,17.66;14.84;26.47;18.92;17.97;5.43;12.06;17.66;8.58;59.48;18.92;17.66;17.66;46.42;17.97;11.71;46.42;14.84;14.84;50.12;17.66;14.84;14.84;21.10;21.10;12.06;8.58;21.10;59.48;46.42,1925.6799,969358930776304,969361160424704,2229.6484,60320,1826704,7869888,1532,16407,,c1_14q_native_pool1,0,,,,block=1 seq=258 cfg=c1_native attempt=1
c1_14q_native_pool1-c1-rand30_t2-r3-1789956136,2026-09-20T19:02:16,c1,build_0071783e_20260829023649,0.002,7de69de,batch,rand30_t2,3,ok,,30,1000;8192;500;1024;1024;10000;1024;1000;24576;1024;1024;1000;1000;4096;1024;8192;4096;8192;8192;400;1000;8192;8192;128;128;1024;4000;128;1024;4096,2;2;2;2;2;2;2;2;2;2;2;2;2;2;2;2;2;2;2;2;2;2;2;2;2;2;2;2;2;2,5;4;4;5;5;1;3;5;2;6;5;5;5;14;5;3;14;4;4;14;5;4;4;6;6;3;2;6;6;14,17.66;14.84;26.47;18.92;17.97;5.43;12.06;17.66;8.58;59.48;18.92;17.66;17.66;46.42;17.97;11.71;46.42;14.84;14.84;50.12;17.66;14.84;14.84;21.10;21.10;12.06;8.58;21.10;59.48;46.42,1925.6799,969361343421525,969363571719631,2228.298106,60320,1826704,7869888,1751,16791,,c1_14q_native_pool1,0,,,,block=1 seq=258 cfg=c1_native attempt=1
c1_14q_native_pool1-c1-rand30_t2-r4-1789956138,2026-09-20T19:02:18,c1,build_0071783e_20260829023649,0.002,7de69de,batch,rand30_t2,4,ok,,30,1000;8192;500;1024;1024;10000;1024;1000;24576;1024;1024;1000;1000;4096;1024;8192;4096;8192;8192;400;1000;8192;8192;128;128;1024;4000;128;1024;4096,2;2;2;2;2;2;2;2;2;2;2;2;2;2;2;2;2;2;2;2;2;2;2;2;2;2;2;2;2;2,5;4;4;5;5;1;3;5;2;6;5;5;5;14;5;3;14;4;4;14;5;4;4;6;6;3;2;6;6;14,17.66;14.84;26.47;18.92;17.97;5.43;12.06;17.66;8.58;59.48;18.92;17.66;17.66;46.42;17.97;11.71;46.42;14.84;14.84;50.12;17.66;14.84;14.84;21.10;21.10;12.06;8.58;21.10;59.48;46.42,1925.6799,969363762521269,969366035037718,2272.516449,60320,1826704,7869888,1693,16260,,c1_14q_native_pool1,0,,,,block=1 seq=258 cfg=c1_native attempt=1
c1_14q_pool1-c1-rand20_t1-r-1-1789956141,2026-09-20T19:02:21,c1,build_0071783e_20260829023649,0.002,7de69de,batch,rand20_t1,-1,ok,,20,10000;1024;10000;1024;24576;8192;24576;1024;4000;400;8192;8192;4000;1024;8192;32;8192;10000;10000;4000,2;2;2;2;2;2;2;2;2;2;2;2;2;2;2;2;2;2;2;2,12;5;12;5;2;4;2;6;12;14;4;3;12;6;3;8;3;12;12;2,43.24;18.92;43.24;18.92;8.58;14.84;8.58;59.48;42.85;50.12;14.84;11.71;42.85;59.48;11.71;27.36;11.71;43.24;43.24;8.58,3241.2445,969367199055110,969370574245307,3375.190197,53456,57936,13582848,2526,22884,,c1_14q_pool1,1,,,,block=1 seq=264 cfg=c1_pool attempt=1
c1_14q_pool1-c1-rand20_t1-r0-1789956145,2026-09-20T19:02:25,c1,build_0071783e_20260829023649,0.002,7de69de,batch,rand20_t1,0,ok,,20,10000;1024;10000;1024;24576;8192;24576;1024;4000;400;8192;8192;4000;1024;8192;32;8192;10000;10000;4000,2;2;2;2;2;2;2;2;2;2;2;2;2;2;2;2;2;2;2;2,12;5;12;5;2;4;2;6;12;14;4;3;12;6;3;8;3;12;12;2,43.24;18.92;43.24;18.92;8.58;14.84;8.58;59.48;42.85;50.12;14.84;11.71;42.85;59.48;11.71;27.36;11.71;43.24;43.24;8.58,3241.2445,969371041857314,969374417597087,3375.739773,53456,57936,13582848,2889,23588,,c1_14q_pool1,1,,,,block=1 seq=264 cfg=c1_pool attempt=1
c1_14q_pool1-c1-rand20_t1-r1-1789956149,2026-09-20T19:02:29,c1,build_0071783e_20260829023649,0.002,7de69de,batch,rand20_t1,1,ok,,20,10000;1024;10000;1024;24576;8192;24576;1024;4000;400;8192;8192;4000;1024;8192;32;8192;10000;10000;4000,2;2;2;2;2;2;2;2;2;2;2;2;2;2;2;2;2;2;2;2,12;5;12;5;2;4;2;6;12;14;4;3;12;6;3;8;3;12;12;2,43.24;18.92;43.24;18.92;8.58;14.84;8.58;59.48;42.85;50.12;14.84;11.71;42.85;59.48;11.71;27.36;11.71;43.24;43.24;8.58,3241.2445,969374887407236,969378225113078,3337.705842,53456,57936,13582848,2539,21803,,c1_14q_pool1,1,,,,block=1 seq=264 cfg=c1_pool attempt=1
c1_14q_pool1-c1-rand20_t1-r2-1789956153,2026-09-20T19:02:33,c1,build_0071783e_20260829023649,0.002,7de69de,batch,rand20_t1,2,ok,,20,10000;1024;10000;1024;24576;8192;24576;1024;4000;400;8192;8192;4000;1024;8192;32;8192;10000;10000;4000,2;2;2;2;2;2;2;2;2;2;2;2;2;2;2;2;2;2;2;2,12;5;12;5;2;4;2;6;12;14;4;3;12;6;3;8;3;12;12;2,43.24;18.92;43.24;18.92;8.58;14.84;8.58;59.48;42.85;50.12;14.84;11.71;42.85;59.48;11.71;27.36;11.71;43.24;43.24;8.58,3241.2445,969378693837496,969382032327836,3338.49034,53456,57936,13582848,2793,22521,,c1_14q_pool1,1,,,,block=1 seq=264 cfg=c1_pool attempt=1
c1_14q_pool1-c1-rand20_t1-r3-1789956157,2026-09-20T19:02:37,c1,build_0071783e_20260829023649,0.002,7de69de,batch,rand20_t1,3,ok,,20,10000;1024;10000;1024;24576;8192;24576;1024;4000;400;8192;8192;4000;1024;8192;32;8192;10000;10000;4000,2;2;2;2;2;2;2;2;2;2;2;2;2;2;2;2;2;2;2;2,12;5;12;5;2;4;2;6;12;14;4;3;12;6;3;8;3;12;12;2,43.24;18.92;43.24;18.92;8.58;14.84;8.58;59.48;42.85;50.12;14.84;11.71;42.85;59.48;11.71;27.36;11.71;43.24;43.24;8.58,3241.2445,969382500437408,969385839666415,3339.229007,53456,57936,13582848,2840,23720,,c1_14q_pool1,1,,,,block=1 seq=264 cfg=c1_pool attempt=1
c1_14q_pool1-c1-rand20_t1-r4-1789956160,2026-09-20T19:02:40,c1,build_0071783e_20260829023649,0.002,7de69de,batch,rand20_t1,4,ok,,20,10000;1024;10000;1024;24576;8192;24576;1024;4000;400;8192;8192;4000;1024;8192;32;8192;10000;10000;4000,2;2;2;2;2;2;2;2;2;2;2;2;2;2;2;2;2;2;2;2,12;5;12;5;2;4;2;6;12;14;4;3;12;6;3;8;3;12;12;2,43.24;18.92;43.24;18.92;8.58;14.84;8.58;59.48;42.85;50.12;14.84;11.71;42.85;59.48;11.71;27.36;11.71;43.24;43.24;8.58,3241.2445,969386306305862,969389666732702,3360.42684,53456,57936,13582848,2773,23529,,c1_14q_pool1,1,,,,block=1 seq=264 cfg=c1_pool attempt=1
c1_14q_pool1-c1-rand30_t2-r-1-1789956165,2026-09-20T19:02:45,c1,build_0071783e_20260829023649,0.002,7de69de,batch,rand30_t2,-1,ok,,30,1000;8192;500;1024;1024;10000;1024;1000;24576;1024;1024;1000;1000;4096;1024;8192;4096;8192;8192;400;1000;8192;8192;128;128;1024;4000;128;1024;4096,2;2;2;2;2;2;2;2;2;2;2;2;2;2;2;2;2;2;2;2;2;2;2;2;2;2;2;2;2;2,5;4;4;5;5;1;3;5;2;6;5;5;5;14;5;3;14;4;4;14;5;4;4;6;6;3;2;6;6;14,17.66;14.84;26.47;18.92;17.97;5.43;12.06;17.66;8.58;59.48;18.92;17.66;17.66;46.42;17.97;11.71;46.42;14.84;14.84;50.12;17.66;14.84;14.84;21.10;21.10;12.06;8.58;21.10;59.48;46.42,1925.6799,969390837600182,969392900217342,2062.61716,60320,67040,7869888,1897,17051,,c1_14q_pool1,1,,,,block=1 seq=270 cfg=c1_pool attempt=1
c1_14q_pool1-c1-rand30_t2-r0-1789956167,2026-09-20T19:02:47,c1,build_0071783e_20260829023649,0.002,7de69de,batch,rand30_t2,0,ok,,30,1000;8192;500;1024;1024;10000;1024;1000;24576;1024;1024;1000;1000;4096;1024;8192;4096;8192;8192;400;1000;8192;8192;128;128;1024;4000;128;1024;4096,2;2;2;2;2;2;2;2;2;2;2;2;2;2;2;2;2;2;2;2;2;2;2;2;2;2;2;2;2;2,5;4;4;5;5;1;3;5;2;6;5;5;5;14;5;3;14;4;4;14;5;4;4;6;6;3;2;6;6;14,17.66;14.84;26.47;18.92;17.97;5.43;12.06;17.66;8.58;59.48;18.92;17.66;17.66;46.42;17.97;11.71;46.42;14.84;14.84;50.12;17.66;14.84;14.84;21.10;21.10;12.06;8.58;21.10;59.48;46.42,1925.6799,969393374223563,969395443418128,2069.194565,60320,67040,7869888,1938,17268,,c1_14q_pool1,1,,,,block=1 seq=270 cfg=c1_pool attempt=1
c1_14q_pool1-c1-rand30_t2-r1-1789956170,2026-09-20T19:02:50,c1,build_0071783e_20260829023649,0.002,7de69de,batch,rand30_t2,1,ok,,30,1000;8192;500;1024;1024;10000;1024;1000;24576;1024;1024;1000;1000;4096;1024;8192;4096;8192;8192;400;1000;8192;8192;128;128;1024;4000;128;1024;4096,2;2;2;2;2;2;2;2;2;2;2;2;2;2;2;2;2;2;2;2;2;2;2;2;2;2;2;2;2;2,5;4;4;5;5;1;3;5;2;6;5;5;5;14;5;3;14;4;4;14;5;4;4;6;6;3;2;6;6;14,17.66;14.84;26.47;18.92;17.97;5.43;12.06;17.66;8.58;59.48;18.92;17.66;17.66;46.42;17.97;11.71;46.42;14.84;14.84;50.12;17.66;14.84;14.84;21.10;21.10;12.06;8.58;21.10;59.48;46.42,1925.6799,969395919917133,969397957362471,2037.445338,60320,67040,7869888,1836,17654,,c1_14q_pool1,1,,,,block=1 seq=270 cfg=c1_pool attempt=1
c1_14q_pool1-c1-rand30_t2-r2-1789956172,2026-09-20T19:02:52,c1,build_0071783e_20260829023649,0.002,7de69de,batch,rand30_t2,2,ok,,30,1000;8192;500;1024;1024;10000;1024;1000;24576;1024;1024;1000;1000;4096;1024;8192;4096;8192;8192;400;1000;8192;8192;128;128;1024;4000;128;1024;4096,2;2;2;2;2;2;2;2;2;2;2;2;2;2;2;2;2;2;2;2;2;2;2;2;2;2;2;2;2;2,5;4;4;5;5;1;3;5;2;6;5;5;5;14;5;3;14;4;4;14;5;4;4;6;6;3;2;6;6;14,17.66;14.84;26.47;18.92;17.97;5.43;12.06;17.66;8.58;59.48;18.92;17.66;17.66;46.42;17.97;11.71;46.42;14.84;14.84;50.12;17.66;14.84;14.84;21.10;21.10;12.06;8.58;21.10;59.48;46.42,1925.6799,969398430259611,969400466946601,2036.68699,60320,67040,7869888,1995,18586,,c1_14q_pool1,1,,,,block=1 seq=270 cfg=c1_pool attempt=1
c1_14q_pool1-c1-rand30_t2-r3-1789956175,2026-09-20T19:02:55,c1,build_0071783e_20260829023649,0.002,7de69de,batch,rand30_t2,3,ok,,30,1000;8192;500;1024;1024;10000;1024;1000;24576;1024;1024;1000;1000;4096;1024;8192;4096;8192;8192;400;1000;8192;8192;128;128;1024;4000;128;1024;4096,2;2;2;2;2;2;2;2;2;2;2;2;2;2;2;2;2;2;2;2;2;2;2;2;2;2;2;2;2;2,5;4;4;5;5;1;3;5;2;6;5;5;5;14;5;3;14;4;4;14;5;4;4;6;6;3;2;6;6;14,17.66;14.84;26.47;18.92;17.97;5.43;12.06;17.66;8.58;59.48;18.92;17.66;17.66;46.42;17.97;11.71;46.42;14.84;14.84;50.12;17.66;14.84;14.84;21.10;21.10;12.06;8.58;21.10;59.48;46.42,1925.6799,969400943086523,969402977916124,2034.829601,60320,67040,7869888,1981,15999,,c1_14q_pool1,1,,,,block=1 seq=270 cfg=c1_pool attempt=1
c1_14q_pool1-c1-rand30_t2-r4-1789956177,2026-09-20T19:02:57,c1,build_0071783e_20260829023649,0.002,7de69de,batch,rand30_t2,4,ok,,30,1000;8192;500;1024;1024;10000;1024;1000;24576;1024;1024;1000;1000;4096;1024;8192;4096;8192;8192;400;1000;8192;8192;128;128;1024;4000;128;1024;4096,2;2;2;2;2;2;2;2;2;2;2;2;2;2;2;2;2;2;2;2;2;2;2;2;2;2;2;2;2;2,5;4;4;5;5;1;3;5;2;6;5;5;5;14;5;3;14;4;4;14;5;4;4;6;6;3;2;6;6;14,17.66;14.84;26.47;18.92;17.97;5.43;12.06;17.66;8.58;59.48;18.92;17.66;17.66;46.42;17.97;11.71;46.42;14.84;14.84;50.12;17.66;14.84;14.84;21.10;21.10;12.06;8.58;21.10;59.48;46.42,1925.6799,969403452836544,969405488438844,2035.6023,60320,67040,7869888,1821,17087,,c1_14q_pool1,1,,,,block=1 seq=270 cfg=c1_pool attempt=1
c1_14q_pool1-c1-rand20_t3-r-1-1789956181,2026-09-20T19:03:01,c1,build_0071783e_20260829023649,0.002,7de69de,batch,rand20_t3,-1,ok,,20,8192;500;1000;1024;4000;8192;1000;4096;1000;4000;1024;10000;32;10000;400;1000;8192;128;128;32,2;2;2;2;2;2;2;2;2;2;2;2;2;2;2;2;2;2;2;2,3;4;3;6;12;3;3;14;3;2;6;1;8;12;14;2;3;6;6;8,11.71;26.47;14.50;59.48;42.85;11.71;14.50;46.42;14.50;8.58;59.48;5.43;27.36;43.24;50.12;8.94;11.71;21.10;21.10;27.36,1385.1216,969406685877340,969408144754441,1458.877101,49008,53488,5600128,2694,10851,,c1_14q_pool1,1,,,,block=1 seq=276 cfg=c1_pool attempt=1
c1_14q_pool1-c1-rand20_t3-r0-1789956183,2026-09-20T19:03:03,c1,build_0071783e_20260829023649,0.002,7de69de,batch,rand20_t3,0,ok,,20,8192;500;1000;1024;4000;8192;1000;4096;1000;4000;1024;10000;32;10000;400;1000;8192;128;128;32,2;2;2;2;2;2;2;2;2;2;2;2;2;2;2;2;2;2;2;2,3;4;3;6;12;3;3;14;3;2;6;1;8;12;14;2;3;6;6;8,11.71;26.47;14.50;59.48;42.85;11.71;14.50;46.42;14.50;8.58;59.48;5.43;27.36;43.24;50.12;8.94;11.71;21.10;21.10;27.36,1385.1216,969408606342817,969410064860375,1458.517558,49008,53488,5600128,2521,10682,,c1_14q_pool1,1,,,,block=1 seq=276 cfg=c1_pool attempt=1
c1_14q_pool1-c1-rand20_t3-r1-1789956185,2026-09-20T19:03:05,c1,build_0071783e_20260829023649,0.002,7de69de,batch,rand20_t3,1,ok,,20,8192;500;1000;1024;4000;8192;1000;4096;1000;4000;1024;10000;32;10000;400;1000;8192;128;128;32,2;2;2;2;2;2;2;2;2;2;2;2;2;2;2;2;2;2;2;2,3;4;3;6;12;3;3;14;3;2;6;1;8;12;14;2;3;6;6;8,11.71;26.47;14.50;59.48;42.85;11.71;14.50;46.42;14.50;8.58;59.48;5.43;27.36;43.24;50.12;8.94;11.71;21.10;21.10;27.36,1385.1216,969410529146498,969411987948289,1458.801791,49008,53488,5600128,2699,10852,,c1_14q_pool1,1,,,,block=1 seq=276 cfg=c1_pool attempt=1
c1_14q_pool1-c1-rand20_t3-r2-1789956186,2026-09-20T19:03:06,c1,build_0071783e_20260829023649,0.002,7de69de,batch,rand20_t3,2,ok,,20,8192;500;1000;1024;4000;8192;1000;4096;1000;4000;1024;10000;32;10000;400;1000;8192;128;128;32,2;2;2;2;2;2;2;2;2;2;2;2;2;2;2;2;2;2;2;2,3;4;3;6;12;3;3;14;3;2;6;1;8;12;14;2;3;6;6;8,11.71;26.47;14.50;59.48;42.85;11.71;14.50;46.42;14.50;8.58;59.48;5.43;27.36;43.24;50.12;8.94;11.71;21.10;21.10;27.36,1385.1216,969412451044470,969413909722890,1458.67842,49008,53488,5600128,2518,10845,,c1_14q_pool1,1,,,,block=1 seq=276 cfg=c1_pool attempt=1
c1_14q_pool1-c1-rand20_t3-r3-1789956188,2026-09-20T19:03:08,c1,build_0071783e_20260829023649,0.002,7de69de,batch,rand20_t3,3,ok,,20,8192;500;1000;1024;4000;8192;1000;4096;1000;4000;1024;10000;32;10000;400;1000;8192;128;128;32,2;2;2;2;2;2;2;2;2;2;2;2;2;2;2;2;2;2;2;2,3;4;3;6;12;3;3;14;3;2;6;1;8;12;14;2;3;6;6;8,11.71;26.47;14.50;59.48;42.85;11.71;14.50;46.42;14.50;8.58;59.48;5.43;27.36;43.24;50.12;8.94;11.71;21.10;21.10;27.36,1385.1216,969414373179745,969415832541161,1459.361416,49008,53488,5600128,2681,11273,,c1_14q_pool1,1,,,,block=1 seq=276 cfg=c1_pool attempt=1
c1_14q_pool1-c1-rand20_t3-r4-1789956190,2026-09-20T19:03:10,c1,build_0071783e_20260829023649,0.002,7de69de,batch,rand20_t3,4,ok,,20,8192;500;1000;1024;4000;8192;1000;4096;1000;4000;1024;10000;32;10000;400;1000;8192;128;128;32,2;2;2;2;2;2;2;2;2;2;2;2;2;2;2;2;2;2;2;2,3;4;3;6;12;3;3;14;3;2;6;1;8;12;14;2;3;6;6;8,11.71;26.47;14.50;59.48;42.85;11.71;14.50;46.42;14.50;8.58;59.48;5.43;27.36;43.24;50.12;8.94;11.71;21.10;21.10;27.36,1385.1216,969416394547772,969417852078509,1457.530737,49008,53488,5600128,2495,10266,,c1_14q_pool1,1,,,,block=1 seq=276 cfg=c1_pool attempt=1
c1_14q_pool1-c1-ghz8_x30-r-1-1789956193,2026-09-20T19:03:13,c1,build_0071783e_20260829023649,0.002,7de69de,batch,ghz8_x30,-1,ok,,30,32;32;32;32;32;32;32;32;32;32;32;32;32;32;32;32;32;32;32;32;32;32;32;32;32;32;32;32;32;32,2;2;2;2;2;2;2;2;2;2;2;2;2;2;2;2;2;2;2;2;2;2;2;2;2;2;2;2;2;2,8;8;8;8;8;8;8;8;8;8;8;8;8;8;8;8;8;8;8;8;8;8;8;8;8;8;8;8;8;8,27.36;27.36;27.36;27.36;27.36;27.36;27.36;27.36;27.36;27.36;27.36;27.36;27.36;27.36;27.36;27.36;27.36;27.36;27.36;27.36;27.36;27.36;27.36;27.36;27.36;27.36;27.36;27.36;27.36;27.36,26.2694,969418710467954,969418813360224,102.89227,49920,56640,122880,56,1357,,c1_14q_pool1,1,,,,block=1 seq=282 cfg=c1_pool attempt=1
c1_14q_pool1-c1-ghz8_x30-r0-1789956193,2026-09-20T19:03:13,c1,build_0071783e_20260829023649,0.002,7de69de,batch,ghz8_x30,0,ok,,30,32;32;32;32;32;32;32;32;32;32;32;32;32;32;32;32;32;32;32;32;32;32;32;32;32;32;32;32;32;32,2;2;2;2;2;2;2;2;2;2;2;2;2;2;2;2;2;2;2;2;2;2;2;2;2;2;2;2;2;2,8;8;8;8;8;8;8;8;8;8;8;8;8;8;8;8;8;8;8;8;8;8;8;8;8;8;8;8;8;8,27.36;27.36;27.36;27.36;27.36;27.36;27.36;27.36;27.36;27.36;27.36;27.36;27.36;27.36;27.36;27.36;27.36;27.36;27.36;27.36;27.36;27.36;27.36;27.36;27.36;27.36;27.36;27.36;27.36;27.36,26.2694,969419082448175,969419185309854,102.861679,49920,56640,122880,54,1355,,c1_14q_pool1,1,,,,block=1 seq=282 cfg=c1_pool attempt=1
c1_14q_pool1-c1-ghz8_x30-r1-1789956194,2026-09-20T19:03:14,c1,build_0071783e_20260829023649,0.002,7de69de,batch,ghz8_x30,1,ok,,30,32;32;32;32;32;32;32;32;32;32;32;32;32;32;32;32;32;32;32;32;32;32;32;32;32;32;32;32;32;32,2;2;2;2;2;2;2;2;2;2;2;2;2;2;2;2;2;2;2;2;2;2;2;2;2;2;2;2;2;2,8;8;8;8;8;8;8;8;8;8;8;8;8;8;8;8;8;8;8;8;8;8;8;8;8;8;8;8;8;8,27.36;27.36;27.36;27.36;27.36;27.36;27.36;27.36;27.36;27.36;27.36;27.36;27.36;27.36;27.36;27.36;27.36;27.36;27.36;27.36;27.36;27.36;27.36;27.36;27.36;27.36;27.36;27.36;27.36;27.36,26.2694,969419455031601,969419557914300,102.882699,49920,56640,122880,53,1345,,c1_14q_pool1,1,,,,block=1 seq=282 cfg=c1_pool attempt=1
c1_14q_pool1-c1-ghz8_x30-r2-1789956194,2026-09-20T19:03:14,c1,build_0071783e_20260829023649,0.002,7de69de,batch,ghz8_x30,2,ok,,30,32;32;32;32;32;32;32;32;32;32;32;32;32;32;32;32;32;32;32;32;32;32;32;32;32;32;32;32;32;32,2;2;2;2;2;2;2;2;2;2;2;2;2;2;2;2;2;2;2;2;2;2;2;2;2;2;2;2;2;2,8;8;8;8;8;8;8;8;8;8;8;8;8;8;8;8;8;8;8;8;8;8;8;8;8;8;8;8;8;8,27.36;27.36;27.36;27.36;27.36;27.36;27.36;27.36;27.36;27.36;27.36;27.36;27.36;27.36;27.36;27.36;27.36;27.36;27.36;27.36;27.36;27.36;27.36;27.36;27.36;27.36;27.36;27.36;27.36;27.36,26.2694,969419828022732,969419930877770,102.855038,49920,56640,122880,56,1365,,c1_14q_pool1,1,,,,block=1 seq=282 cfg=c1_pool attempt=1
c1_14q_pool1-c1-ghz8_x30-r3-1789956194,2026-09-20T19:03:14,c1,build_0071783e_20260829023649,0.002,7de69de,batch,ghz8_x30,3,ok,,30,32;32;32;32;32;32;32;32;32;32;32;32;32;32;32;32;32;32;32;32;32;32;32;32;32;32;32;32;32;32,2;2;2;2;2;2;2;2;2;2;2;2;2;2;2;2;2;2;2;2;2;2;2;2;2;2;2;2;2;2,8;8;8;8;8;8;8;8;8;8;8;8;8;8;8;8;8;8;8;8;8;8;8;8;8;8;8;8;8;8,27.36;27.36;27.36;27.36;27.36;27.36;27.36;27.36;27.36;27.36;27.36;27.36;27.36;27.36;27.36;27.36;27.36;27.36;27.36;27.36;27.36;27.36;27.36;27.36;27.36;27.36;27.36;27.36;27.36;27.36,26.2694,969420201155374,969420303963132,102.807758,49920,56640,122880,62,1420,,c1_14q_pool1,1,,,,block=1 seq=282 cfg=c1_pool attempt=1
c1_14q_pool1-c1-ghz8_x30-r4-1789956195,2026-09-20T19:03:15,c1,build_0071783e_20260829023649,0.002,7de69de,batch,ghz8_x30,4,ok,,30,32;32;32;32;32;32;32;32;32;32;32;32;32;32;32;32;32;32;32;32;32;32;32;32;32;32;32;32;32;32,2;2;2;2;2;2;2;2;2;2;2;2;2;2;2;2;2;2;2;2;2;2;2;2;2;2;2;2;2;2,8;8;8;8;8;8;8;8;8;8;8;8;8;8;8;8;8;8;8;8;8;8;8;8;8;8;8;8;8;8,27.36;27.36;27.36;27.36;27.36;27.36;27.36;27.36;27.36;27.36;27.36;27.36;27.36;27.36;27.36;27.36;27.36;27.36;27.36;27.36;27.36;27.36;27.36;27.36;27.36;27.36;27.36;27.36;27.36;27.36,26.2694,969420581179914,969420684066054,102.88614,49920,56640,122880,57,1389,,c1_14q_pool1,1,,,,block=1 seq=282 cfg=c1_pool attempt=1
c1_14q_pool1-c1-rand10_t5-r-1-1789956196,2026-09-20T19:03:16,c1,build_0071783e_20260829023649,0.002,7de69de,batch,rand10_t5,-1,ok,,10,1024;1000;1024;1024;500;500;1000;1000;1000;1024,2;2;2;2;2;2;2;2;2;2,5;3;3;6;4;4;2;5;2;5,17.97;14.50;12.06;59.48;26.47;26.47;8.94;17.66;8.94;17.97,186.5717,969421535752052,969421751470109,215.718057,21760,24000,535104,272,1937,,c1_14q_pool1,1,,,,block=1 seq=288 cfg=c1_pool attempt=1
c1_14q_pool1-c1-rand10_t5-r0-1789956196,2026-09-20T19:03:16,c1,build_0071783e_20260829023649,0.002,7de69de,batch,rand10_t5,0,ok,,10,1024;1000;1024;1024;500;500;1000;1000;1000;1024,2;2;2;2;2;2;2;2;2;2,5;3;3;6;4;4;2;5;2;5,17.97;14.50;12.06;59.48;26.47;26.47;8.94;17.66;8.94;17.97,186.5717,969421955966455,969422171891514,215.925059,21760,24000,535104,278,1947,,c1_14q_pool1,1,,,,block=1 seq=288 cfg=c1_pool attempt=1
c1_14q_pool1-c1-rand10_t5-r1-1789956197,2026-09-20T19:03:17,c1,build_0071783e_20260829023649,0.002,7de69de,batch,rand10_t5,1,ok,,10,1024;1000;1024;1024;500;500;1000;1000;1000;1024,2;2;2;2;2;2;2;2;2;2,5;3;3;6;4;4;2;5;2;5,17.97;14.50;12.06;59.48;26.47;26.47;8.94;17.66;8.94;17.97,186.5717,969422376484080,969422592338369,215.854289,21760,24000,535104,265,1936,,c1_14q_pool1,1,,,,block=1 seq=288 cfg=c1_pool attempt=1
c1_14q_pool1-c1-rand10_t5-r2-1789956197,2026-09-20T19:03:17,c1,build_0071783e_20260829023649,0.002,7de69de,batch,rand10_t5,2,ok,,10,1024;1000;1024;1024;500;500;1000;1000;1000;1024,2;2;2;2;2;2;2;2;2;2,5;3;3;6;4;4;2;5;2;5,17.97;14.50;12.06;59.48;26.47;26.47;8.94;17.66;8.94;17.97,186.5717,969422797428910,969423013321620,215.89271,21760,24000,535104,274,1960,,c1_14q_pool1,1,,,,block=1 seq=288 cfg=c1_pool attempt=1
c1_14q_pool1-c1-rand10_t5-r3-1789956198,2026-09-20T19:03:18,c1,build_0071783e_20260829023649,0.002,7de69de,batch,rand10_t5,3,ok,,10,1024;1000;1024;1024;500;500;1000;1000;1000;1024,2;2;2;2;2;2;2;2;2;2,5;3;3;6;4;4;2;5;2;5,17.97;14.50;12.06;59.48;26.47;26.47;8.94;17.66;8.94;17.97,186.5717,969423218293460,969423434261400,215.96794,21760,24000,535104,273,1946,,c1_14q_pool1,1,,,,block=1 seq=288 cfg=c1_pool attempt=1
c1_14q_pool1-c1-rand10_t5-r4-1789956198,2026-09-20T19:03:18,c1,build_0071783e_20260829023649,0.002,7de69de,batch,rand10_t5,4,ok,,10,1024;1000;1024;1024;500;500;1000;1000;1000;1024,2;2;2;2;2;2;2;2;2;2,5;3;3;6;4;4;2;5;2;5,17.97;14.50;12.06;59.48;26.47;26.47;8.94;17.66;8.94;17.97,186.5717,969423638737745,969423854478933,215.741188,21760,24000,535104,213,1717,,c1_14q_pool1,1,,,,block=1 seq=288 cfg=c1_pool attempt=1
c1_14q_pool1-c1-rand30_t5-r-1-1789956199,2026-09-20T19:03:19,c1,build_0071783e_20260829023649,0.002,7de69de,batch,rand30_t5,-1,ok,,30,4000;1000;32;1024;1000;500;10000;1024;500;1024;8192;1024;1024;8192;1024;4000;1000;4096;1000;8192;128;1024;128;1000;128;1024;10000;4096;4000;10000,2;2;2;2;2;2;2;2;2;2;2;2;2;2;2;2;2;2;2;2;2;2;2;2;2;2;2;2;2;2,12;5;8;3;3;4;12;5;4;3;3;3;3;4;5;2;3;14;5;3;6;5;6;3;6;6;1;14;12;12,42.85;17.66;27.36;12.06;14.50;26.47;43.24;18.92;26.47;12.06;11.71;12.06;12.06;14.84;18.92;8.58;14.50;46.42;17.66;11.71;21.10;18.92;21.10;14.50;21.10;59.48;5.43;46.42;42.85;43.24,2272.7094,969425031541955,969427412118465,2380.57651,56848,63568,9654016,2482,19000,,c1_14q_pool1,1,,,,block=1 seq=294 cfg=c1_pool attempt=1
c1_14q_pool1-c1-rand30_t5-r0-1789956202,2026-09-20T19:03:22,c1,build_0071783e_20260829023649,0.002,7de69de,batch,rand30_t5,0,ok,,30,4000;1000;32;1024;1000;500;10000;1024;500;1024;8192;1024;1024;8192;1024;4000;1000;4096;1000;8192;128;1024;128;1000;128;1024;10000;4096;4000;10000,2;2;2;2;2;2;2;2;2;2;2;2;2;2;2;2;2;2;2;2;2;2;2;2;2;2;2;2;2;2,12;5;8;3;3;4;12;5;4;3;3;3;3;4;5;2;3;14;5;3;6;5;6;3;6;6;1;14;12;12,42.85;17.66;27.36;12.06;14.50;26.47;43.24;18.92;26.47;12.06;11.71;12.06;12.06;14.84;18.92;8.58;14.50;46.42;17.66;11.71;21.10;18.92;21.10;14.50;21.10;59.48;5.43;46.42;42.85;43.24,2272.7094,969427901557870,969430281009168,2379.451298,56848,63568,9654016,2517,18145,,c1_14q_pool1,1,,,,block=1 seq=294 cfg=c1_pool attempt=1
c1_14q_pool1-c1-rand30_t5-r1-1789956205,2026-09-20T19:03:25,c1,build_0071783e_20260829023649,0.002,7de69de,batch,rand30_t5,1,ok,,30,4000;1000;32;1024;1000;500;10000;1024;500;1024;8192;1024;1024;8192;1024;4000;1000;4096;1000;8192;128;1024;128;1000;128;1024;10000;4096;4000;10000,2;2;2;2;2;2;2;2;2;2;2;2;2;2;2;2;2;2;2;2;2;2;2;2;2;2;2;2;2;2,12;5;8;3;3;4;12;5;4;3;3;3;3;4;5;2;3;14;5;3;6;5;6;3;6;6;1;14;12;12,42.85;17.66;27.36;12.06;14.50;26.47;43.24;18.92;26.47;12.06;11.71;12.06;12.06;14.84;18.92;8.58;14.50;46.42;17.66;11.71;21.10;18.92;21.10;14.50;21.10;59.48;5.43;46.42;42.85;43.24,2272.7094,969430767516114,969433148842431,2381.326317,56848,63568,9654016,2694,20005,,c1_14q_pool1,1,,,,block=1 seq=294 cfg=c1_pool attempt=1
c1_14q_pool1-c1-rand30_t5-r2-1789956208,2026-09-20T19:03:28,c1,build_0071783e_20260829023649,0.002,7de69de,batch,rand30_t5,2,ok,,30,4000;1000;32;1024;1000;500;10000;1024;500;1024;8192;1024;1024;8192;1024;4000;1000;4096;1000;8192;128;1024;128;1000;128;1024;10000;4096;4000;10000,2;2;2;2;2;2;2;2;2;2;2;2;2;2;2;2;2;2;2;2;2;2;2;2;2;2;2;2;2;2,12;5;8;3;3;4;12;5;4;3;3;3;3;4;5;2;3;14;5;3;6;5;6;3;6;6;1;14;12;12,42.85;17.66;27.36;12.06;14.50;26.47;43.24;18.92;26.47;12.06;11.71;12.06;12.06;14.84;18.92;8.58;14.50;46.42;17.66;11.71;21.10;18.92;21.10;14.50;21.10;59.48;5.43;46.42;42.85;43.24,2272.7094,969433634522128,969436014785385,2380.263257,56848,63568,9654016,2798,19306,,c1_14q_pool1,1,,,,block=1 seq=294 cfg=c1_pool attempt=1
c1_14q_pool1-c1-rand30_t5-r3-1789956211,2026-09-20T19:03:31,c1,build_0071783e_20260829023649,0.002,7de69de,batch,rand30_t5,3,ok,,30,4000;1000;32;1024;1000;500;10000;1024;500;1024;8192;1024;1024;8192;1024;4000;1000;4096;1000;8192;128;1024;128;1000;128;1024;10000;4096;4000;10000,2;2;2;2;2;2;2;2;2;2;2;2;2;2;2;2;2;2;2;2;2;2;2;2;2;2;2;2;2;2,12;5;8;3;3;4;12;5;4;3;3;3;3;4;5;2;3;14;5;3;6;5;6;3;6;6;1;14;12;12,42.85;17.66;27.36;12.06;14.50;26.47;43.24;18.92;26.47;12.06;11.71;12.06;12.06;14.84;18.92;8.58;14.50;46.42;17.66;11.71;21.10;18.92;21.10;14.50;21.10;59.48;5.43;46.42;42.85;43.24,2272.7094,969436500850076,969438881701028,2380.850952,56848,63568,9654016,2774,19865,,c1_14q_pool1,1,,,,block=1 seq=294 cfg=c1_pool attempt=1
c1_14q_pool1-c1-rand30_t5-r4-1789956213,2026-09-20T19:03:33,c1,build_0071783e_20260829023649,0.002,7de69de,batch,rand30_t5,4,ok,,30,4000;1000;32;1024;1000;500;10000;1024;500;1024;8192;1024;1024;8192;1024;4000;1000;4096;1000;8192;128;1024;128;1000;128;1024;10000;4096;4000;10000,2;2;2;2;2;2;2;2;2;2;2;2;2;2;2;2;2;2;2;2;2;2;2;2;2;2;2;2;2;2,12;5;8;3;3;4;12;5;4;3;3;3;3;4;5;2;3;14;5;3;6;5;6;3;6;6;1;14;12;12,42.85;17.66;27.36;12.06;14.50;26.47;43.24;18.92;26.47;12.06;11.71;12.06;12.06;14.84;18.92;8.58;14.50;46.42;17.66;11.71;21.10;18.92;21.10;14.50;21.10;59.48;5.43;46.42;42.85;43.24,2272.7094,969439367585238,969441746857644,2379.272406,56848,63568,9654016,2587,18093,,c1_14q_pool1,1,,,,block=1 seq=294 cfg=c1_pool attempt=1
c1_14q_pool1-c1-rand10_t6-r-1-1789956217,2026-09-20T19:03:37,c1,build_0071783e_20260829023649,0.002,7de69de,batch,rand10_t6,-1,ok,,10,1024;500;10000;4096;400;10000;1000;24576;8192;1024,2;2;2;2;2;2;2;2;2;2,4;4;1;14;14;12;3;2;4;3,17.12;26.47;5.43;46.42;50.12;43.24;14.50;8.58;14.84;12.06,1087.0463,969442890182729,969444020167671,1129.984942,18896,21136,4584320,2294,7644,,c1_14q_pool1,1,,,,block=1 seq=300 cfg=c1_pool attempt=1
c1_14q_pool1-c1-rand10_t6-r0-1789956219,2026-09-20T19:03:39,c1,build_0071783e_20260829023649,0.002,7de69de,batch,rand10_t6,0,ok,,10,1024;500;10000;4096;400;10000;1000;24576;8192;1024,2;2;2;2;2;2;2;2;2;2,4;4;1;14;14;12;3;2;4;3,17.12;26.47;5.43;46.42;50.12;43.24;14.50;8.58;14.84;12.06,1087.0463,969444478731837,969445609469626,1130.737789,18896,21136,4584320,2781,8417,,c1_14q_pool1,1,,,,block=1 seq=300 cfg=c1_pool attempt=1
c1_14q_pool1-c1-rand10_t6-r1-1789956220,2026-09-20T19:03:40,c1,build_0071783e_20260829023649,0.002,7de69de,batch,rand10_t6,1,ok,,10,1024;500;10000;4096;400;10000;1000;24576;8192;1024,2;2;2;2;2;2;2;2;2;2,4;4;1;14;14;12;3;2;4;3,17.12;26.47;5.43;46.42;50.12;43.24;14.50;8.58;14.84;12.06,1087.0463,969446068891131,969447197381888,1128.490757,18896,21136,4584320,2238,7274,,c1_14q_pool1,1,,,,block=1 seq=300 cfg=c1_pool attempt=1
c1_14q_pool1-c1-rand10_t6-r2-1789956222,2026-09-20T19:03:42,c1,build_0071783e_20260829023649,0.002,7de69de,batch,rand10_t6,2,ok,,10,1024;500;10000;4096;400;10000;1000;24576;8192;1024,2;2;2;2;2;2;2;2;2;2,4;4;1;14;14;12;3;2;4;3,17.12;26.47;5.43;46.42;50.12;43.24;14.50;8.58;14.84;12.06,1087.0463,969447657818353,969448787169938,1129.351585,18896,21136,4584320,2374,6995,,c1_14q_pool1,1,,,,block=1 seq=300 cfg=c1_pool attempt=1
c1_14q_pool1-c1-rand10_t6-r3-1789956223,2026-09-20T19:03:43,c1,build_0071783e_20260829023649,0.002,7de69de,batch,rand10_t6,3,ok,,10,1024;500;10000;4096;400;10000;1000;24576;8192;1024,2;2;2;2;2;2;2;2;2;2,4;4;1;14;14;12;3;2;4;3,17.12;26.47;5.43;46.42;50.12;43.24;14.50;8.58;14.84;12.06,1087.0463,969449248520783,969450376475034,1127.954251,18896,21136,4584320,2245,6662,,c1_14q_pool1,1,,,,block=1 seq=300 cfg=c1_pool attempt=1
c1_14q_pool1-c1-rand10_t6-r4-1789956225,2026-09-20T19:03:45,c1,build_0071783e_20260829023649,0.002,7de69de,batch,rand10_t6,4,ok,,10,1024;500;10000;4096;400;10000;1000;24576;8192;1024,2;2;2;2;2;2;2;2;2;2,4;4;1;14;14;12;3;2;4;3,17.12;26.47;5.43;46.42;50.12;43.24;14.50;8.58;14.84;12.06,1087.0463,969450836944459,969451967121973,1130.177514,18896,21136,4584320,3084,9060,,c1_14q_pool1,1,,,,block=1 seq=300 cfg=c1_pool attempt=1
std_14q_native_pool1-std-rand10_t6-r-1-1789956260,2026-09-20T19:04:20,std,build_0071783e_20260829023649,0.002,7de69de,batch,rand10_t6,-1,ok,,10,1024;500;10000;4096;400;10000;1000;24576;8192;1024,2;2;2;2;2;2;2;2;2;2,4;4;1;14;14;12;3;2;4;3,17.12;26.47;5.43;46.42;50.12;43.24;14.50;8.58;14.84;12.06,1087.0463,969485563243426,969487327195829,1763.952403,18896,668352,4584320,0,0,,std_14q_native_pool1,0,,,,block=1 seq=306 cfg=std_native attempt=1
std_14q_native_pool1-std-rand10_t6-r0-1789956262,2026-09-20T19:04:22,std,build_0071783e_20260829023649,0.002,7de69de,batch,rand10_t6,0,ok,,10,1024;500;10000;4096;400;10000;1000;24576;8192;1024,2;2;2;2;2;2;2;2;2;2,4;4;1;14;14;12;3;2;4;3,17.12;26.47;5.43;46.42;50.12;43.24;14.50;8.58;14.84;12.06,1087.0463,969487511194559,969489274901479,1763.70692,18896,668352,4584320,0,0,,std_14q_native_pool1,0,,,,block=1 seq=306 cfg=std_native attempt=1
std_14q_native_pool1-std-rand10_t6-r1-1789956264,2026-09-20T19:04:24,std,build_0071783e_20260829023649,0.002,7de69de,batch,rand10_t6,1,ok,,10,1024;500;10000;4096;400;10000;1000;24576;8192;1024,2;2;2;2;2;2;2;2;2;2,4;4;1;14;14;12;3;2;4;3,17.12;26.47;5.43;46.42;50.12;43.24;14.50;8.58;14.84;12.06,1087.0463,969489458678937,969491223295856,1764.616919,18896,668352,4584320,0,0,,std_14q_native_pool1,0,,,,block=1 seq=306 cfg=std_native attempt=1
std_14q_native_pool1-std-rand10_t6-r2-1789956266,2026-09-20T19:04:26,std,build_0071783e_20260829023649,0.002,7de69de,batch,rand10_t6,2,ok,,10,1024;500;10000;4096;400;10000;1000;24576;8192;1024,2;2;2;2;2;2;2;2;2;2,4;4;1;14;14;12;3;2;4;3,17.12;26.47;5.43;46.42;50.12;43.24;14.50;8.58;14.84;12.06,1087.0463,969491407063494,969493170755223,1763.691729,18896,668352,4584320,0,0,,std_14q_native_pool1,0,,,,block=1 seq=306 cfg=std_native attempt=1
std_14q_native_pool1-std-rand10_t6-r3-1789956268,2026-09-20T19:04:28,std,build_0071783e_20260829023649,0.002,7de69de,batch,rand10_t6,3,ok,,10,1024;500;10000;4096;400;10000;1000;24576;8192;1024,2;2;2;2;2;2;2;2;2;2,4;4;1;14;14;12;3;2;4;3,17.12;26.47;5.43;46.42;50.12;43.24;14.50;8.58;14.84;12.06,1087.0463,969493354403590,969495118289892,1763.886302,18896,668352,4584320,0,0,,std_14q_native_pool1,0,,,,block=1 seq=306 cfg=std_native attempt=1
std_14q_native_pool1-std-rand10_t6-r4-1789956270,2026-09-20T19:04:30,std,build_0071783e_20260829023649,0.002,7de69de,batch,rand10_t6,4,ok,,10,1024;500;10000;4096;400;10000;1000;24576;8192;1024,2;2;2;2;2;2;2;2;2;2,4;4;1;14;14;12;3;2;4;3,17.12;26.47;5.43;46.42;50.12;43.24;14.50;8.58;14.84;12.06,1087.0463,969495302385963,969497067405536,1765.019573,18896,668352,4584320,0,0,,std_14q_native_pool1,0,,,,block=1 seq=306 cfg=std_native attempt=1
std_14q_native_pool1-std-rand30_t5-r-1-1789956272,2026-09-20T19:04:32,std,build_0071783e_20260829023649,0.002,7de69de,batch,rand30_t5,-1,ok,,30,4000;1000;32;1024;1000;500;10000;1024;500;1024;8192;1024;1024;8192;1024;4000;1000;4096;1000;8192;128;1024;128;1000;128;1024;10000;4096;4000;10000,2;2;2;2;2;2;2;2;2;2;2;2;2;2;2;2;2;2;2;2;2;2;2;2;2;2;2;2;2;2,12;5;8;3;3;4;12;5;4;3;3;3;3;4;5;2;3;14;5;3;6;5;6;3;6;6;1;14;12;12,42.85;17.66;27.36;12.06;14.50;26.47;43.24;18.92;26.47;12.06;11.71;12.06;12.06;14.84;18.92;8.58;14.50;46.42;17.66;11.71;21.10;18.92;21.10;14.50;21.10;59.48;5.43;46.42;42.85;43.24,2272.7094,969498070725961,969501588688466,3517.962505,56848,1895008,9654016,0,0,,std_14q_native_pool1,0,,,,block=1 seq=312 cfg=std_native attempt=1
std_14q_native_pool1-std-rand30_t5-r0-1789956276,2026-09-20T19:04:36,std,build_0071783e_20260829023649,0.002,7de69de,batch,rand30_t5,0,ok,,30,4000;1000;32;1024;1000;500;10000;1024;500;1024;8192;1024;1024;8192;1024;4000;1000;4096;1000;8192;128;1024;128;1000;128;1024;10000;4096;4000;10000,2;2;2;2;2;2;2;2;2;2;2;2;2;2;2;2;2;2;2;2;2;2;2;2;2;2;2;2;2;2,12;5;8;3;3;4;12;5;4;3;3;3;3;4;5;2;3;14;5;3;6;5;6;3;6;6;1;14;12;12,42.85;17.66;27.36;12.06;14.50;26.47;43.24;18.92;26.47;12.06;11.71;12.06;12.06;14.84;18.92;8.58;14.50;46.42;17.66;11.71;21.10;18.92;21.10;14.50;21.10;59.48;5.43;46.42;42.85;43.24,2272.7094,969502090082231,969505607737173,3517.654942,56848,1895008,9654016,0,0,,std_14q_native_pool1,0,,,,block=1 seq=312 cfg=std_native attempt=1
std_14q_native_pool1-std-rand30_t5-r1-1789956280,2026-09-20T19:04:40,std,build_0071783e_20260829023649,0.002,7de69de,batch,rand30_t5,1,ok,,30,4000;1000;32;1024;1000;500;10000;1024;500;1024;8192;1024;1024;8192;1024;4000;1000;4096;1000;8192;128;1024;128;1000;128;1024;10000;4096;4000;10000,2;2;2;2;2;2;2;2;2;2;2;2;2;2;2;2;2;2;2;2;2;2;2;2;2;2;2;2;2;2,12;5;8;3;3;4;12;5;4;3;3;3;3;4;5;2;3;14;5;3;6;5;6;3;6;6;1;14;12;12,42.85;17.66;27.36;12.06;14.50;26.47;43.24;18.92;26.47;12.06;11.71;12.06;12.06;14.84;18.92;8.58;14.50;46.42;17.66;11.71;21.10;18.92;21.10;14.50;21.10;59.48;5.43;46.42;42.85;43.24,2272.7094,969506098048547,969509616109763,3518.061216,56848,1895008,9654016,0,0,,std_14q_native_pool1,0,,,,block=1 seq=312 cfg=std_native attempt=1
std_14q_native_pool1-std-rand30_t5-r2-1789956284,2026-09-20T19:04:44,std,build_0071783e_20260829023649,0.002,7de69de,batch,rand30_t5,2,ok,,30,4000;1000;32;1024;1000;500;10000;1024;500;1024;8192;1024;1024;8192;1024;4000;1000;4096;1000;8192;128;1024;128;1000;128;1024;10000;4096;4000;10000,2;2;2;2;2;2;2;2;2;2;2;2;2;2;2;2;2;2;2;2;2;2;2;2;2;2;2;2;2;2,12;5;8;3;3;4;12;5;4;3;3;3;3;4;5;2;3;14;5;3;6;5;6;3;6;6;1;14;12;12,42.85;17.66;27.36;12.06;14.50;26.47;43.24;18.92;26.47;12.06;11.71;12.06;12.06;14.84;18.92;8.58;14.50;46.42;17.66;11.71;21.10;18.92;21.10;14.50;21.10;59.48;5.43;46.42;42.85;43.24,2272.7094,969510215967392,969513733485273,3517.517881,56848,1895008,9654016,0,0,,std_14q_native_pool1,0,,,,block=1 seq=312 cfg=std_native attempt=1
std_14q_native_pool1-std-rand30_t5-r3-1789956288,2026-09-20T19:04:48,std,build_0071783e_20260829023649,0.002,7de69de,batch,rand30_t5,3,ok,,30,4000;1000;32;1024;1000;500;10000;1024;500;1024;8192;1024;1024;8192;1024;4000;1000;4096;1000;8192;128;1024;128;1000;128;1024;10000;4096;4000;10000,2;2;2;2;2;2;2;2;2;2;2;2;2;2;2;2;2;2;2;2;2;2;2;2;2;2;2;2;2;2,12;5;8;3;3;4;12;5;4;3;3;3;3;4;5;2;3;14;5;3;6;5;6;3;6;6;1;14;12;12,42.85;17.66;27.36;12.06;14.50;26.47;43.24;18.92;26.47;12.06;11.71;12.06;12.06;14.84;18.92;8.58;14.50;46.42;17.66;11.71;21.10;18.92;21.10;14.50;21.10;59.48;5.43;46.42;42.85;43.24,2272.7094,969514228581335,969517746166296,3517.584961,56848,1895008,9654016,0,0,,std_14q_native_pool1,0,,,,block=1 seq=312 cfg=std_native attempt=1
std_14q_native_pool1-std-rand30_t5-r4-1789956292,2026-09-20T19:04:52,std,build_0071783e_20260829023649,0.002,7de69de,batch,rand30_t5,4,ok,,30,4000;1000;32;1024;1000;500;10000;1024;500;1024;8192;1024;1024;8192;1024;4000;1000;4096;1000;8192;128;1024;128;1000;128;1024;10000;4096;4000;10000,2;2;2;2;2;2;2;2;2;2;2;2;2;2;2;2;2;2;2;2;2;2;2;2;2;2;2;2;2;2,12;5;8;3;3;4;12;5;4;3;3;3;3;4;5;2;3;14;5;3;6;5;6;3;6;6;1;14;12;12,42.85;17.66;27.36;12.06;14.50;26.47;43.24;18.92;26.47;12.06;11.71;12.06;12.06;14.84;18.92;8.58;14.50;46.42;17.66;11.71;21.10;18.92;21.10;14.50;21.10;59.48;5.43;46.42;42.85;43.24,2272.7094,969518241208027,969521759043871,3517.835844,56848,1895008,9654016,0,0,,std_14q_native_pool1,0,,,,block=1 seq=312 cfg=std_native attempt=1
std_14q_native_pool1-std-rand10_t5-r-1-1789956297,2026-09-20T19:04:57,std,build_0071783e_20260829023649,0.002,7de69de,batch,rand10_t5,-1,ok,,10,1024;1000;1024;1024;500;500;1000;1000;1000;1024,2;2;2;2;2;2;2;2;2;2,5;3;3;6;4;4;2;5;2;5,17.97;14.50;12.06;59.48;26.47;26.47;8.94;17.66;8.94;17.97,186.5717,969522497343415,969522809981542,312.638127,21760,422544,535104,0,0,,std_14q_native_pool1,0,,,,block=1 seq=318 cfg=std_native attempt=1
std_14q_native_pool1-std-rand10_t5-r0-1789956297,2026-09-20T19:04:57,std,build_0071783e_20260829023649,0.002,7de69de,batch,rand10_t5,0,ok,,10,1024;1000;1024;1024;500;500;1000;1000;1000;1024,2;2;2;2;2;2;2;2;2;2,5;3;3;6;4;4;2;5;2;5,17.97;14.50;12.06;59.48;26.47;26.47;8.94;17.66;8.94;17.97,186.5717,969522995215175,969523307897792,312.682617,21760,422544,535104,0,0,,std_14q_native_pool1,0,,,,block=1 seq=318 cfg=std_native attempt=1
std_14q_native_pool1-std-rand10_t5-r1-1789956298,2026-09-20T19:04:58,std,build_0071783e_20260829023649,0.002,7de69de,batch,rand10_t5,1,ok,,10,1024;1000;1024;1024;500;500;1000;1000;1000;1024,2;2;2;2;2;2;2;2;2;2,5;3;3;6;4;4;2;5;2;5,17.97;14.50;12.06;59.48;26.47;26.47;8.94;17.66;8.94;17.97,186.5717,969523491425247,969523804134915,312.709668,21760,422544,535104,0,0,,std_14q_native_pool1,0,,,,block=1 seq=318 cfg=std_native attempt=1
std_14q_native_pool1-std-rand10_t5-r2-1789956298,2026-09-20T19:04:58,std,build_0071783e_20260829023649,0.002,7de69de,batch,rand10_t5,2,ok,,10,1024;1000;1024;1024;500;500;1000;1000;1000;1024,2;2;2;2;2;2;2;2;2;2,5;3;3;6;4;4;2;5;2;5,17.97;14.50;12.06;59.48;26.47;26.47;8.94;17.66;8.94;17.97,186.5717,969523987158886,969524299994824,312.835938,21760,422544,535104,0,0,,std_14q_native_pool1,0,,,,block=1 seq=318 cfg=std_native attempt=1
std_14q_native_pool1-std-rand10_t5-r3-1789956299,2026-09-20T19:04:59,std,build_0071783e_20260829023649,0.002,7de69de,batch,rand10_t5,3,ok,,10,1024;1000;1024;1024;500;500;1000;1000;1000;1024,2;2;2;2;2;2;2;2;2;2,5;3;3;6;4;4;2;5;2;5,17.97;14.50;12.06;59.48;26.47;26.47;8.94;17.66;8.94;17.97,186.5717,969524482493400,969524795212107,312.718707,21760,422544,535104,0,0,,std_14q_native_pool1,0,,,,block=1 seq=318 cfg=std_native attempt=1
std_14q_native_pool1-std-rand10_t5-r4-1789956299,2026-09-20T19:04:59,std,build_0071783e_20260829023649,0.002,7de69de,batch,rand10_t5,4,ok,,10,1024;1000;1024;1024;500;500;1000;1000;1000;1024,2;2;2;2;2;2;2;2;2;2,5;3;3;6;4;4;2;5;2;5,17.97;14.50;12.06;59.48;26.47;26.47;8.94;17.66;8.94;17.97,186.5717,969524977005636,969525289712383,312.706747,21760,422544,535104,0,0,,std_14q_native_pool1,0,,,,block=1 seq=318 cfg=std_native attempt=1
std_14q_native_pool1-std-ghz8_x30-r-1-1789956300,2026-09-20T19:05:00,std,build_0071783e_20260829023649,0.002,7de69de,batch,ghz8_x30,-1,ok,,30,32;32;32;32;32;32;32;32;32;32;32;32;32;32;32;32;32;32;32;32;32;32;32;32;32;32;32;32;32;32,2;2;2;2;2;2;2;2;2;2;2;2;2;2;2;2;2;2;2;2;2;2;2;2;2;2;2;2;2;2,8;8;8;8;8;8;8;8;8;8;8;8;8;8;8;8;8;8;8;8;8;8;8;8;8;8;8;8;8;8,27.36;27.36;27.36;27.36;27.36;27.36;27.36;27.36;27.36;27.36;27.36;27.36;27.36;27.36;27.36;27.36;27.36;27.36;27.36;27.36;27.36;27.36;27.36;27.36;27.36;27.36;27.36;27.36;27.36;27.36,26.2694,969526022849576,969526131808145,108.958569,49920,56640,122880,0,0,,std_14q_native_pool1,0,,,,block=1 seq=324 cfg=std_native attempt=1
std_14q_native_pool1-std-ghz8_x30-r0-1789956301,2026-09-20T19:05:01,std,build_0071783e_20260829023649,0.002,7de69de,batch,ghz8_x30,0,ok,,30,32;32;32;32;32;32;32;32;32;32;32;32;32;32;32;32;32;32;32;32;32;32;32;32;32;32;32;32;32;32,2;2;2;2;2;2;2;2;2;2;2;2;2;2;2;2;2;2;2;2;2;2;2;2;2;2;2;2;2;2,8;8;8;8;8;8;8;8;8;8;8;8;8;8;8;8;8;8;8;8;8;8;8;8;8;8;8;8;8;8,27.36;27.36;27.36;27.36;27.36;27.36;27.36;27.36;27.36;27.36;27.36;27.36;27.36;27.36;27.36;27.36;27.36;27.36;27.36;27.36;27.36;27.36;27.36;27.36;27.36;27.36;27.36;27.36;27.36;27.36,26.2694,969526407620324,969526516571964,108.95164,49920,56640,122880,0,0,,std_14q_native_pool1,0,,,,block=1 seq=324 cfg=std_native attempt=1
std_14q_native_pool1-std-ghz8_x30-r1-1789956301,2026-09-20T19:05:01,std,build_0071783e_20260829023649,0.002,7de69de,batch,ghz8_x30,1,ok,,30,32;32;32;32;32;32;32;32;32;32;32;32;32;32;32;32;32;32;32;32;32;32;32;32;32;32;32;32;32;32,2;2;2;2;2;2;2;2;2;2;2;2;2;2;2;2;2;2;2;2;2;2;2;2;2;2;2;2;2;2,8;8;8;8;8;8;8;8;8;8;8;8;8;8;8;8;8;8;8;8;8;8;8;8;8;8;8;8;8;8,27.36;27.36;27.36;27.36;27.36;27.36;27.36;27.36;27.36;27.36;27.36;27.36;27.36;27.36;27.36;27.36;27.36;27.36;27.36;27.36;27.36;27.36;27.36;27.36;27.36;27.36;27.36;27.36;27.36;27.36,26.2694,969526791997408,969526901105250,109.107842,49920,56640,122880,0,0,,std_14q_native_pool1,0,,,,block=1 seq=324 cfg=std_native attempt=1
std_14q_native_pool1-std-ghz8_x30-r2-1789956301,2026-09-20T19:05:01,std,build_0071783e_20260829023649,0.002,7de69de,batch,ghz8_x30,2,ok,,30,32;32;32;32;32;32;32;32;32;32;32;32;32;32;32;32;32;32;32;32;32;32;32;32;32;32;32;32;32;32,2;2;2;2;2;2;2;2;2;2;2;2;2;2;2;2;2;2;2;2;2;2;2;2;2;2;2;2;2;2,8;8;8;8;8;8;8;8;8;8;8;8;8;8;8;8;8;8;8;8;8;8;8;8;8;8;8;8;8;8,27.36;27.36;27.36;27.36;27.36;27.36;27.36;27.36;27.36;27.36;27.36;27.36;27.36;27.36;27.36;27.36;27.36;27.36;27.36;27.36;27.36;27.36;27.36;27.36;27.36;27.36;27.36;27.36;27.36;27.36,26.2694,969527179768307,969527288690976,108.922669,49920,56640,122880,0,0,,std_14q_native_pool1,0,,,,block=1 seq=324 cfg=std_native attempt=1
std_14q_native_pool1-std-ghz8_x30-r3-1789956302,2026-09-20T19:05:02,std,build_0071783e_20260829023649,0.002,7de69de,batch,ghz8_x30,3,ok,,30,32;32;32;32;32;32;32;32;32;32;32;32;32;32;32;32;32;32;32;32;32;32;32;32;32;32;32;32;32;32,2;2;2;2;2;2;2;2;2;2;2;2;2;2;2;2;2;2;2;2;2;2;2;2;2;2;2;2;2;2,8;8;8;8;8;8;8;8;8;8;8;8;8;8;8;8;8;8;8;8;8;8;8;8;8;8;8;8;8;8,27.36;27.36;27.36;27.36;27.36;27.36;27.36;27.36;27.36;27.36;27.36;27.36;27.36;27.36;27.36;27.36;27.36;27.36;27.36;27.36;27.36;27.36;27.36;27.36;27.36;27.36;27.36;27.36;27.36;27.36,26.2694,969527565822088,969527674771707,108.949619,49920,56640,122880,0,0,,std_14q_native_pool1,0,,,,block=1 seq=324 cfg=std_native attempt=1
std_14q_native_pool1-std-ghz8_x30-r4-1789956302,2026-09-20T19:05:02,std,build_0071783e_20260829023649,0.002,7de69de,batch,ghz8_x30,4,ok,,30,32;32;32;32;32;32;32;32;32;32;32;32;32;32;32;32;32;32;32;32;32;32;32;32;32;32;32;32;32;32,2;2;2;2;2;2;2;2;2;2;2;2;2;2;2;2;2;2;2;2;2;2;2;2;2;2;2;2;2;2,8;8;8;8;8;8;8;8;8;8;8;8;8;8;8;8;8;8;8;8;8;8;8;8;8;8;8;8;8;8,27.36;27.36;27.36;27.36;27.36;27.36;27.36;27.36;27.36;27.36;27.36;27.36;27.36;27.36;27.36;27.36;27.36;27.36;27.36;27.36;27.36;27.36;27.36;27.36;27.36;27.36;27.36;27.36;27.36;27.36,26.2694,969527948118321,969528057050361,108.93204,49920,56640,122880,0,0,,std_14q_native_pool1,0,,,,block=1 seq=324 cfg=std_native attempt=1
std_14q_native_pool1-std-rand20_t3-r-1-1789956303,2026-09-20T19:05:03,std,build_0071783e_20260829023649,0.002,7de69de,batch,rand20_t3,-1,ok,,20,8192;500;1000;1024;4000;8192;1000;4096;1000;4000;1024;10000;32;10000;400;1000;8192;128;128;32,2;2;2;2;2;2;2;2;2;2;2;2;2;2;2;2;2;2;2;2,3;4;3;6;12;3;3;14;3;2;6;1;8;12;14;2;3;6;6;8,11.71;26.47;14.50;59.48;42.85;11.71;14.50;46.42;14.50;8.58;59.48;5.43;27.36;43.24;50.12;8.94;11.71;21.10;21.10;27.36,1385.1216,969528727319995,969530917139796,2189.819801,49008,1309312,5600128,0,0,,std_14q_native_pool1,0,,,,block=1 seq=330 cfg=std_native attempt=1
std_14q_native_pool1-std-rand20_t3-r0-1789956305,2026-09-20T19:05:05,std,build_0071783e_20260829023649,0.002,7de69de,batch,rand20_t3,0,ok,,20,8192;500;1000;1024;4000;8192;1000;4096;1000;4000;1024;10000;32;10000;400;1000;8192;128;128;32,2;2;2;2;2;2;2;2;2;2;2;2;2;2;2;2;2;2;2;2,3;4;3;6;12;3;3;14;3;2;6;1;8;12;14;2;3;6;6;8,11.71;26.47;14.50;59.48;42.85;11.71;14.50;46.42;14.50;8.58;59.48;5.43;27.36;43.24;50.12;8.94;11.71;21.10;21.10;27.36,1385.1216,969531088561011,969533277191350,2188.630339,49008,1309312,5600128,0,0,,std_14q_native_pool1,0,,,,block=1 seq=330 cfg=std_native attempt=1
std_14q_native_pool1-std-rand20_t3-r1-1789956308,2026-09-20T19:05:08,std,build_0071783e_20260829023649,0.002,7de69de,batch,rand20_t3,1,ok,,20,8192;500;1000;1024;4000;8192;1000;4096;1000;4000;1024;10000;32;10000;400;1000;8192;128;128;32,2;2;2;2;2;2;2;2;2;2;2;2;2;2;2;2;2;2;2;2,3;4;3;6;12;3;3;14;3;2;6;1;8;12;14;2;3;6;6;8,11.71;26.47;14.50;59.48;42.85;11.71;14.50;46.42;14.50;8.58;59.48;5.43;27.36;43.24;50.12;8.94;11.71;21.10;21.10;27.36,1385.1216,969533449997169,969535640356966,2190.359797,49008,1309312,5600128,0,0,,std_14q_native_pool1,0,,,,block=1 seq=330 cfg=std_native attempt=1
std_14q_native_pool1-std-rand20_t3-r2-1789956310,2026-09-20T19:05:10,std,build_0071783e_20260829023649,0.002,7de69de,batch,rand20_t3,2,ok,,20,8192;500;1000;1024;4000;8192;1000;4096;1000;4000;1024;10000;32;10000;400;1000;8192;128;128;32,2;2;2;2;2;2;2;2;2;2;2;2;2;2;2;2;2;2;2;2,3;4;3;6;12;3;3;14;3;2;6;1;8;12;14;2;3;6;6;8,11.71;26.47;14.50;59.48;42.85;11.71;14.50;46.42;14.50;8.58;59.48;5.43;27.36;43.24;50.12;8.94;11.71;21.10;21.10;27.36,1385.1216,969535812559388,969538000710393,2188.151005,49008,1309312,5600128,0,0,,std_14q_native_pool1,0,,,,block=1 seq=330 cfg=std_native attempt=1
std_14q_native_pool1-std-rand20_t3-r3-1789956313,2026-09-20T19:05:13,std,build_0071783e_20260829023649,0.002,7de69de,batch,rand20_t3,3,ok,,20,8192;500;1000;1024;4000;8192;1000;4096;1000;4000;1024;10000;32;10000;400;1000;8192;128;128;32,2;2;2;2;2;2;2;2;2;2;2;2;2;2;2;2;2;2;2;2,3;4;3;6;12;3;3;14;3;2;6;1;8;12;14;2;3;6;6;8,11.71;26.47;14.50;59.48;42.85;11.71;14.50;46.42;14.50;8.58;59.48;5.43;27.36;43.24;50.12;8.94;11.71;21.10;21.10;27.36,1385.1216,969538172858355,969540362530895,2189.67254,49008,1309312,5600128,0,0,,std_14q_native_pool1,0,,,,block=1 seq=330 cfg=std_native attempt=1
std_14q_native_pool1-std-rand20_t3-r4-1789956315,2026-09-20T19:05:15,std,build_0071783e_20260829023649,0.002,7de69de,batch,rand20_t3,4,ok,,20,8192;500;1000;1024;4000;8192;1000;4096;1000;4000;1024;10000;32;10000;400;1000;8192;128;128;32,2;2;2;2;2;2;2;2;2;2;2;2;2;2;2;2;2;2;2;2,3;4;3;6;12;3;3;14;3;2;6;1;8;12;14;2;3;6;6;8,11.71;26.47;14.50;59.48;42.85;11.71;14.50;46.42;14.50;8.58;59.48;5.43;27.36;43.24;50.12;8.94;11.71;21.10;21.10;27.36,1385.1216,969540533123561,969542721601869,2188.478308,49008,1309312,5600128,0,0,,std_14q_native_pool1,0,,,,block=1 seq=330 cfg=std_native attempt=1
std_14q_native_pool1-std-rand30_t2-r-1-1789956318,2026-09-20T19:05:18,std,build_0071783e_20260829023649,0.002,7de69de,batch,rand30_t2,-1,ok,,30,1000;8192;500;1024;1024;10000;1024;1000;24576;1024;1024;1000;1000;4096;1024;8192;4096;8192;8192;400;1000;8192;8192;128;128;1024;4000;128;1024;4096,2;2;2;2;2;2;2;2;2;2;2;2;2;2;2;2;2;2;2;2;2;2;2;2;2;2;2;2;2;2,5;4;4;5;5;1;3;5;2;6;5;5;5;14;5;3;14;4;4;14;5;4;4;6;6;3;2;6;6;14,17.66;14.84;26.47;18.92;17.97;5.43;12.06;17.66;8.58;59.48;18.92;17.66;17.66;46.42;17.97;11.71;46.42;14.84;14.84;50.12;17.66;14.84;14.84;21.10;21.10;12.06;8.58;21.10;59.48;46.42,1925.6799,969543480545960,969546722968689,3242.422729,60320,1826704,7869888,0,0,,std_14q_native_pool1,0,,,,block=1 seq=336 cfg=std_native attempt=1
std_14q_native_pool1-std-rand30_t2-r0-1789956321,2026-09-20T19:05:21,std,build_0071783e_20260829023649,0.002,7de69de,batch,rand30_t2,0,ok,,30,1000;8192;500;1024;1024;10000;1024;1000;24576;1024;1024;1000;1000;4096;1024;8192;4096;8192;8192;400;1000;8192;8192;128;128;1024;4000;128;1024;4096,2;2;2;2;2;2;2;2;2;2;2;2;2;2;2;2;2;2;2;2;2;2;2;2;2;2;2;2;2;2,5;4;4;5;5;1;3;5;2;6;5;5;5;14;5;3;14;4;4;14;5;4;4;6;6;3;2;6;6;14,17.66;14.84;26.47;18.92;17.97;5.43;12.06;17.66;8.58;59.48;18.92;17.66;17.66;46.42;17.97;11.71;46.42;14.84;14.84;50.12;17.66;14.84;14.84;21.10;21.10;12.06;8.58;21.10;59.48;46.42,1925.6799,969546966925259,969550209239417,3242.314158,60320,1826704,7869888,0,0,,std_14q_native_pool1,0,,,,block=1 seq=336 cfg=std_native attempt=1
std_14q_native_pool1-std-rand30_t2-r1-1789956325,2026-09-20T19:05:25,std,build_0071783e_20260829023649,0.002,7de69de,batch,rand30_t2,1,ok,,30,1000;8192;500;1024;1024;10000;1024;1000;24576;1024;1024;1000;1000;4096;1024;8192;4096;8192;8192;400;1000;8192;8192;128;128;1024;4000;128;1024;4096,2;2;2;2;2;2;2;2;2;2;2;2;2;2;2;2;2;2;2;2;2;2;2;2;2;2;2;2;2;2,5;4;4;5;5;1;3;5;2;6;5;5;5;14;5;3;14;4;4;14;5;4;4;6;6;3;2;6;6;14,17.66;14.84;26.47;18.92;17.97;5.43;12.06;17.66;8.58;59.48;18.92;17.66;17.66;46.42;17.97;11.71;46.42;14.84;14.84;50.12;17.66;14.84;14.84;21.10;21.10;12.06;8.58;21.10;59.48;46.42,1925.6799,969550452050346,969553695040571,3242.990225,60320,1826704,7869888,0,0,,std_14q_native_pool1,0,,,,block=1 seq=336 cfg=std_native attempt=1
std_14q_native_pool1-std-rand30_t2-r2-1789956328,2026-09-20T19:05:28,std,build_0071783e_20260829023649,0.002,7de69de,batch,rand30_t2,2,ok,,30,1000;8192;500;1024;1024;10000;1024;1000;24576;1024;1024;1000;1000;4096;1024;8192;4096;8192;8192;400;1000;8192;8192;128;128;1024;4000;128;1024;4096,2;2;2;2;2;2;2;2;2;2;2;2;2;2;2;2;2;2;2;2;2;2;2;2;2;2;2;2;2;2,5;4;4;5;5;1;3;5;2;6;5;5;5;14;5;3;14;4;4;14;5;4;4;6;6;3;2;6;6;14,17.66;14.84;26.47;18.92;17.97;5.43;12.06;17.66;8.58;59.48;18.92;17.66;17.66;46.42;17.97;11.71;46.42;14.84;14.84;50.12;17.66;14.84;14.84;21.10;21.10;12.06;8.58;21.10;59.48;46.42,1925.6799,969553937610237,969557180660092,3243.049855,60320,1826704,7869888,0,0,,std_14q_native_pool1,0,,,,block=1 seq=336 cfg=std_native attempt=1
std_14q_native_pool1-std-rand30_t2-r3-1789956332,2026-09-20T19:05:32,std,build_0071783e_20260829023649,0.002,7de69de,batch,rand30_t2,3,ok,,30,1000;8192;500;1024;1024;10000;1024;1000;24576;1024;1024;1000;1000;4096;1024;8192;4096;8192;8192;400;1000;8192;8192;128;128;1024;4000;128;1024;4096,2;2;2;2;2;2;2;2;2;2;2;2;2;2;2;2;2;2;2;2;2;2;2;2;2;2;2;2;2;2,5;4;4;5;5;1;3;5;2;6;5;5;5;14;5;3;14;4;4;14;5;4;4;6;6;3;2;6;6;14,17.66;14.84;26.47;18.92;17.97;5.43;12.06;17.66;8.58;59.48;18.92;17.66;17.66;46.42;17.97;11.71;46.42;14.84;14.84;50.12;17.66;14.84;14.84;21.10;21.10;12.06;8.58;21.10;59.48;46.42,1925.6799,969557425113727,969560668134192,3243.020465,60320,1826704,7869888,0,0,,std_14q_native_pool1,0,,,,block=1 seq=336 cfg=std_native attempt=1
std_14q_native_pool1-std-rand30_t2-r4-1789956335,2026-09-20T19:05:35,std,build_0071783e_20260829023649,0.002,7de69de,batch,rand30_t2,4,ok,,30,1000;8192;500;1024;1024;10000;1024;1000;24576;1024;1024;1000;1000;4096;1024;8192;4096;8192;8192;400;1000;8192;8192;128;128;1024;4000;128;1024;4096,2;2;2;2;2;2;2;2;2;2;2;2;2;2;2;2;2;2;2;2;2;2;2;2;2;2;2;2;2;2,5;4;4;5;5;1;3;5;2;6;5;5;5;14;5;3;14;4;4;14;5;4;4;6;6;3;2;6;6;14,17.66;14.84;26.47;18.92;17.97;5.43;12.06;17.66;8.58;59.48;18.92;17.66;17.66;46.42;17.97;11.71;46.42;14.84;14.84;50.12;17.66;14.84;14.84;21.10;21.10;12.06;8.58;21.10;59.48;46.42,1925.6799,969560910814900,969564153384800,3242.5699,60320,1826704,7869888,0,0,,std_14q_native_pool1,0,,,,block=1 seq=336 cfg=std_native attempt=1
std_14q_native_pool1-std-rand20_t1-r-1-1789956339,2026-09-20T19:05:39,std,build_0071783e_20260829023649,0.002,7de69de,batch,rand20_t1,-1,ok,,20,10000;1024;10000;1024;24576;8192;24576;1024;4000;400;8192;8192;4000;1024;8192;32;8192;10000;10000;4000,2;2;2;2;2;2;2;2;2;2;2;2;2;2;2;2;2;2;2;2,12;5;12;5;2;4;2;6;12;14;4;3;12;6;3;8;3;12;12;2,43.24;18.92;43.24;18.92;8.58;14.84;8.58;59.48;42.85;50.12;14.84;11.71;42.85;59.48;11.71;27.36;11.71;43.24;43.24;8.58,3241.2445,969565149560744,969570146941665,4997.380921,53456,1529440,13582848,0,0,,std_14q_native_pool1,0,,,,block=1 seq=342 cfg=std_native attempt=1
std_14q_native_pool1-std-rand20_t1-r0-1789956345,2026-09-20T19:05:45,std,build_0071783e_20260829023649,0.002,7de69de,batch,rand20_t1,0,ok,,20,10000;1024;10000;1024;24576;8192;24576;1024;4000;400;8192;8192;4000;1024;8192;32;8192;10000;10000;4000,2;2;2;2;2;2;2;2;2;2;2;2;2;2;2;2;2;2;2;2,12;5;12;5;2;4;2;6;12;14;4;3;12;6;3;8;3;12;12;2,43.24;18.92;43.24;18.92;8.58;14.84;8.58;59.48;42.85;50.12;14.84;11.71;42.85;59.48;11.71;27.36;11.71;43.24;43.24;8.58,3241.2445,969570675465151,969575663949344,4988.484193,53456,1529440,13582848,0,0,,std_14q_native_pool1,0,,,,block=1 seq=342 cfg=std_native attempt=1
std_14q_native_pool1-std-rand20_t1-r1-1789956350,2026-09-20T19:05:50,std,build_0071783e_20260829023649,0.002,7de69de,batch,rand20_t1,1,ok,,20,10000;1024;10000;1024;24576;8192;24576;1024;4000;400;8192;8192;4000;1024;8192;32;8192;10000;10000;4000,2;2;2;2;2;2;2;2;2;2;2;2;2;2;2;2;2;2;2;2,12;5;12;5;2;4;2;6;12;14;4;3;12;6;3;8;3;12;12;2,43.24;18.92;43.24;18.92;8.58;14.84;8.58;59.48;42.85;50.12;14.84;11.71;42.85;59.48;11.71;27.36;11.71;43.24;43.24;8.58,3241.2445,969576192710572,969581182448958,4989.738386,53456,1529440,13582848,0,0,,std_14q_native_pool1,0,,,,block=1 seq=342 cfg=std_native attempt=1
std_14q_native_pool1-std-rand20_t1-r2-1789956356,2026-09-20T19:05:56,std,build_0071783e_20260829023649,0.002,7de69de,batch,rand20_t1,2,ok,,20,10000;1024;10000;1024;24576;8192;24576;1024;4000;400;8192;8192;4000;1024;8192;32;8192;10000;10000;4000,2;2;2;2;2;2;2;2;2;2;2;2;2;2;2;2;2;2;2;2,12;5;12;5;2;4;2;6;12;14;4;3;12;6;3;8;3;12;12;2,43.24;18.92;43.24;18.92;8.58;14.84;8.58;59.48;42.85;50.12;14.84;11.71;42.85;59.48;11.71;27.36;11.71;43.24;43.24;8.58,3241.2445,969581712168596,969586700208314,4988.039718,53456,1529440,13582848,0,0,,std_14q_native_pool1,0,,,,block=1 seq=342 cfg=std_native attempt=1
std_14q_native_pool1-std-rand20_t1-r3-1789956361,2026-09-20T19:06:01,std,build_0071783e_20260829023649,0.002,7de69de,batch,rand20_t1,3,ok,,20,10000;1024;10000;1024;24576;8192;24576;1024;4000;400;8192;8192;4000;1024;8192;32;8192;10000;10000;4000,2;2;2;2;2;2;2;2;2;2;2;2;2;2;2;2;2;2;2;2,12;5;12;5;2;4;2;6;12;14;4;3;12;6;3;8;3;12;12;2,43.24;18.92;43.24;18.92;8.58;14.84;8.58;59.48;42.85;50.12;14.84;11.71;42.85;59.48;11.71;27.36;11.71;43.24;43.24;8.58,3241.2445,969587229847411,969592216667817,4986.820406,53456,1529440,13582848,0,0,,std_14q_native_pool1,0,,,,block=1 seq=342 cfg=std_native attempt=1
std_14q_native_pool1-std-rand20_t1-r4-1789956367,2026-09-20T19:06:07,std,build_0071783e_20260829023649,0.002,7de69de,batch,rand20_t1,4,ok,,20,10000;1024;10000;1024;24576;8192;24576;1024;4000;400;8192;8192;4000;1024;8192;32;8192;10000;10000;4000,2;2;2;2;2;2;2;2;2;2;2;2;2;2;2;2;2;2;2;2,12;5;12;5;2;4;2;6;12;14;4;3;12;6;3;8;3;12;12;2,43.24;18.92;43.24;18.92;8.58;14.84;8.58;59.48;42.85;50.12;14.84;11.71;42.85;59.48;11.71;27.36;11.71;43.24;43.24;8.58,3241.2445,969592744812389,969597732160291,4987.347902,53456,1529440,13582848,0,0,,std_14q_native_pool1,0,,,,block=1 seq=342 cfg=std_native attempt=1
c3_14q_pool1-c3-rand30_t2-r-1-1789956409,2026-09-20T19:06:49,c3,build_13b440c3_20260918192735,0.001,7de69de,batch,rand30_t2,-1,ok,,30,1000;8192;500;1024;1024;10000;1024;1000;24576;1024;1024;1000;1000;4096;1024;8192;4096;8192;8192;400;1000;8192;8192;128;128;1024;4000;128;1024;4096,2;2;2;2;2;2;2;2;2;2;2;2;2;2;2;2;2;2;2;2;2;2;2;2;2;2;2;2;2;2,5;4;4;5;5;1;3;5;2;6;5;5;5;14;5;3;14;4;4;14;5;4;4;6;6;3;2;6;6;14,17.66;14.84;26.47;18.92;17.97;5.43;12.06;17.66;8.58;59.48;18.92;17.66;17.66;46.42;17.97;11.71;46.42;14.84;14.84;50.12;17.66;14.84;14.84;21.10;21.10;12.06;8.58;21.10;59.48;46.42,1925.6799,969634869080718,969636812752467,1943.671749,60320,5538048,7869888,949,426185,1,c3_14q_pool1,1,1,0,1,block=1 seq=348 cfg=c3_pool attempt=1
c3_14q_pool1-c3-rand30_t2-r0-1789956411,2026-09-20T19:06:51,c3,build_13b440c3_20260918192735,0.001,7de69de,batch,rand30_t2,0,ok,,30,1000;8192;500;1024;1024;10000;1024;1000;24576;1024;1024;1000;1000;4096;1024;8192;4096;8192;8192;400;1000;8192;8192;128;128;1024;4000;128;1024;4096,2;2;2;2;2;2;2;2;2;2;2;2;2;2;2;2;2;2;2;2;2;2;2;2;2;2;2;2;2;2,5;4;4;5;5;1;3;5;2;6;5;5;5;14;5;3;14;4;4;14;5;4;4;6;6;3;2;6;6;14,17.66;14.84;26.47;18.92;17.97;5.43;12.06;17.66;8.58;59.48;18.92;17.66;17.66;46.42;17.97;11.71;46.42;14.84;14.84;50.12;17.66;14.84;14.84;21.10;21.10;12.06;8.58;21.10;59.48;46.42,1925.6799,969637346358794,969639290039374,1943.68058,60320,5538048,7869888,716,423740,1,c3_14q_pool1,1,1,0,1,block=1 seq=348 cfg=c3_pool attempt=1
c3_14q_pool1-c3-rand30_t2-r1-1789956414,2026-09-20T19:06:54,c3,build_13b440c3_20260918192735,0.001,7de69de,batch,rand30_t2,1,ok,,30,1000;8192;500;1024;1024;10000;1024;1000;24576;1024;1024;1000;1000;4096;1024;8192;4096;8192;8192;400;1000;8192;8192;128;128;1024;4000;128;1024;4096,2;2;2;2;2;2;2;2;2;2;2;2;2;2;2;2;2;2;2;2;2;2;2;2;2;2;2;2;2;2,5;4;4;5;5;1;3;5;2;6;5;5;5;14;5;3;14;4;4;14;5;4;4;6;6;3;2;6;6;14,17.66;14.84;26.47;18.92;17.97;5.43;12.06;17.66;8.58;59.48;18.92;17.66;17.66;46.42;17.97;11.71;46.42;14.84;14.84;50.12;17.66;14.84;14.84;21.10;21.10;12.06;8.58;21.10;59.48;46.42,1925.6799,969639821355998,969641765030248,1943.67425,60320,5538048,7869888,742,425050,1,c3_14q_pool1,1,1,0,1,block=1 seq=348 cfg=c3_pool attempt=1
c3_14q_pool1-c3-rand30_t2-r2-1789956416,2026-09-20T19:06:56,c3,build_13b440c3_20260918192735,0.001,7de69de,batch,rand30_t2,2,ok,,30,1000;8192;500;1024;1024;10000;1024;1000;24576;1024;1024;1000;1000;4096;1024;8192;4096;8192;8192;400;1000;8192;8192;128;128;1024;4000;128;1024;4096,2;2;2;2;2;2;2;2;2;2;2;2;2;2;2;2;2;2;2;2;2;2;2;2;2;2;2;2;2;2,5;4;4;5;5;1;3;5;2;6;5;5;5;14;5;3;14;4;4;14;5;4;4;6;6;3;2;6;6;14,17.66;14.84;26.47;18.92;17.97;5.43;12.06;17.66;8.58;59.48;18.92;17.66;17.66;46.42;17.97;11.71;46.42;14.84;14.84;50.12;17.66;14.84;14.84;21.10;21.10;12.06;8.58;21.10;59.48;46.42,1925.6799,969642296286131,969644239961291,1943.67516,60320,5538048,7869888,1346,420265,1,c3_14q_pool1,1,1,0,1,block=1 seq=348 cfg=c3_pool attempt=1
c3_14q_pool1-c3-rand30_t2-r3-1789956419,2026-09-20T19:06:59,c3,build_13b440c3_20260918192735,0.001,7de69de,batch,rand30_t2,3,ok,,30,1000;8192;500;1024;1024;10000;1024;1000;24576;1024;1024;1000;1000;4096;1024;8192;4096;8192;8192;400;1000;8192;8192;128;128;1024;4000;128;1024;4096,2;2;2;2;2;2;2;2;2;2;2;2;2;2;2;2;2;2;2;2;2;2;2;2;2;2;2;2;2;2,5;4;4;5;5;1;3;5;2;6;5;5;5;14;5;3;14;4;4;14;5;4;4;6;6;3;2;6;6;14,17.66;14.84;26.47;18.92;17.97;5.43;12.06;17.66;8.58;59.48;18.92;17.66;17.66;46.42;17.97;11.71;46.42;14.84;14.84;50.12;17.66;14.84;14.84;21.10;21.10;12.06;8.58;21.10;59.48;46.42,1925.6799,969644773887581,969646717565841,1943.67826,60320,5538048,7869888,816,419516,1,c3_14q_pool1,1,1,0,1,block=1 seq=348 cfg=c3_pool attempt=1
c3_14q_pool1-c3-rand30_t2-r4-1789956421,2026-09-20T19:07:01,c3,build_13b440c3_20260918192735,0.001,7de69de,batch,rand30_t2,4,ok,,30,1000;8192;500;1024;1024;10000;1024;1000;24576;1024;1024;1000;1000;4096;1024;8192;4096;8192;8192;400;1000;8192;8192;128;128;1024;4000;128;1024;4096,2;2;2;2;2;2;2;2;2;2;2;2;2;2;2;2;2;2;2;2;2;2;2;2;2;2;2;2;2;2,5;4;4;5;5;1;3;5;2;6;5;5;5;14;5;3;14;4;4;14;5;4;4;6;6;3;2;6;6;14,17.66;14.84;26.47;18.92;17.97;5.43;12.06;17.66;8.58;59.48;18.92;17.66;17.66;46.42;17.97;11.71;46.42;14.84;14.84;50.12;17.66;14.84;14.84;21.10;21.10;12.06;8.58;21.10;59.48;46.42,1925.6799,969647247986506,969649191657226,1943.67072,60320,5538048,7869888,762,422627,1,c3_14q_pool1,1,1,0,1,block=1 seq=348 cfg=c3_pool attempt=1
c3_14q_pool1-c3-rand10_t5-r-1-1789956424,2026-09-20T19:07:04,c3,build_13b440c3_20260918192735,0.001,7de69de,batch,rand10_t5,-1,ok,,10,1024;1000;1024;1024;500;500;1000;1000;1000;1024,2;2;2;2;2;2;2;2;2;2,5;3;3;6;4;4;2;5;2;5,17.97;14.50;12.06;59.48;26.47;26.47;8.94;17.66;8.94;17.97,186.5717,969650061073311,969650249267874,188.194563,21760,1278208,535104,591,29043,1,c3_14q_pool1,1,1,0,1,block=1 seq=354 cfg=c3_pool attempt=1
c3_14q_pool1-c3-rand10_t5-r0-1789956425,2026-09-20T19:07:05,c3,build_13b440c3_20260918192735,0.001,7de69de,batch,rand10_t5,0,ok,,10,1024;1000;1024;1024;500;500;1000;1000;1000;1024,2;2;2;2;2;2;2;2;2;2,5;3;3;6;4;4;2;5;2;5,17.97;14.50;12.06;59.48;26.47;26.47;8.94;17.66;8.94;17.97,186.5717,969650469675128,969650657835240,188.160112,21760,1278208,535104,718,29674,1,c3_14q_pool1,1,1,0,1,block=1 seq=354 cfg=c3_pool attempt=1
c3_14q_pool1-c3-rand10_t5-r1-1789956425,2026-09-20T19:07:05,c3,build_13b440c3_20260918192735,0.001,7de69de,batch,rand10_t5,1,ok,,10,1024;1000;1024;1024;500;500;1000;1000;1000;1024,2;2;2;2;2;2;2;2;2;2,5;3;3;6;4;4;2;5;2;5,17.97;14.50;12.06;59.48;26.47;26.47;8.94;17.66;8.94;17.97,186.5717,969650877458916,969651065615788,188.156872,21760,1278208,535104,524,28612,1,c3_14q_pool1,1,1,0,1,block=1 seq=354 cfg=c3_pool attempt=1
c3_14q_pool1-c3-rand10_t5-r2-1789956426,2026-09-20T19:07:06,c3,build_13b440c3_20260918192735,0.001,7de69de,batch,rand10_t5,2,ok,,10,1024;1000;1024;1024;500;500;1000;1000;1000;1024,2;2;2;2;2;2;2;2;2;2,5;3;3;6;4;4;2;5;2;5,17.97;14.50;12.06;59.48;26.47;26.47;8.94;17.66;8.94;17.97,186.5717,969651285314366,969651473461897,188.147531,21760,1278208,535104,789,28588,1,c3_14q_pool1,1,1,0,1,block=1 seq=354 cfg=c3_pool attempt=1
c3_14q_pool1-c3-rand10_t5-r3-1789956426,2026-09-20T19:07:06,c3,build_13b440c3_20260918192735,0.001,7de69de,batch,rand10_t5,3,ok,,10,1024;1000;1024;1024;500;500;1000;1000;1000;1024,2;2;2;2;2;2;2;2;2;2,5;3;3;6;4;4;2;5;2;5,17.97;14.50;12.06;59.48;26.47;26.47;8.94;17.66;8.94;17.97,186.5717,969651694001543,969651882200015,188.198472,21760,1278208,535104,1065,29612,1,c3_14q_pool1,1,1,0,1,block=1 seq=354 cfg=c3_pool attempt=1
c3_14q_pool1-c3-rand10_t5-r4-1789956426,2026-09-20T19:07:06,c3,build_13b440c3_20260918192735,0.001,7de69de,batch,rand10_t5,4,ok,,10,1024;1000;1024;1024;500;500;1000;1000;1000;1024,2;2;2;2;2;2;2;2;2;2,5;3;3;6;4;4;2;5;2;5,17.97;14.50;12.06;59.48;26.47;26.47;8.94;17.66;8.94;17.97,186.5717,969652102383688,969652290529219,188.145531,21760,1278208,535104,418,30413,1,c3_14q_pool1,1,1,0,1,block=1 seq=354 cfg=c3_pool attempt=1
c3_14q_pool1-c3-ghz8_x30-r-1-1789956427,2026-09-20T19:07:07,c3,build_13b440c3_20260918192735,0.001,7de69de,batch,ghz8_x30,-1,ok,,30,32;32;32;32;32;32;32;32;32;32;32;32;32;32;32;32;32;32;32;32;32;32;32;32;32;32;32;32;32;32,2;2;2;2;2;2;2;2;2;2;2;2;2;2;2;2;2;2;2;2;2;2;2;2;2;2;2;2;2;2,8;8;8;8;8;8;8;8;8;8;8;8;8;8;8;8;8;8;8;8;8;8;8;8;8;8;8;8;8;8,27.36;27.36;27.36;27.36;27.36;27.36;27.36;27.36;27.36;27.36;27.36;27.36;27.36;27.36;27.36;27.36;27.36;27.36;27.36;27.36;27.36;27.36;27.36;27.36;27.36;27.36;27.36;27.36;27.36;27.36,26.2694,969653228460360,969653255110457,26.650097,49920,7864576,122880,1082,7127,1,c3_14q_pool1,1,1,0,1,block=1 seq=360 cfg=c3_pool attempt=1
c3_14q_pool1-c3-ghz8_x30-r0-1789956428,2026-09-20T19:07:08,c3,build_13b440c3_20260918192735,0.001,7de69de,batch,ghz8_x30,0,ok,,30,32;32;32;32;32;32;32;32;32;32;32;32;32;32;32;32;32;32;32;32;32;32;32;32;32;32;32;32;32;32,2;2;2;2;2;2;2;2;2;2;2;2;2;2;2;2;2;2;2;2;2;2;2;2;2;2;2;2;2;2,8;8;8;8;8;8;8;8;8;8;8;8;8;8;8;8;8;8;8;8;8;8;8;8;8;8;8;8;8;8,27.36;27.36;27.36;27.36;27.36;27.36;27.36;27.36;27.36;27.36;27.36;27.36;27.36;27.36;27.36;27.36;27.36;27.36;27.36;27.36;27.36;27.36;27.36;27.36;27.36;27.36;27.36;27.36;27.36;27.36,26.2694,969653616868545,969653643518301,26.649756,49920,7864576,122880,561,6990,1,c3_14q_pool1,1,1,0,1,block=1 seq=360 cfg=c3_pool attempt=1
c3_14q_pool1-c3-ghz8_x30-r1-1789956428,2026-09-20T19:07:08,c3,build_13b440c3_20260918192735,0.001,7de69de,batch,ghz8_x30,1,ok,,30,32;32;32;32;32;32;32;32;32;32;32;32;32;32;32;32;32;32;32;32;32;32;32;32;32;32;32;32;32;32,2;2;2;2;2;2;2;2;2;2;2;2;2;2;2;2;2;2;2;2;2;2;2;2;2;2;2;2;2;2,8;8;8;8;8;8;8;8;8;8;8;8;8;8;8;8;8;8;8;8;8;8;8;8;8;8;8;8;8;8,27.36;27.36;27.36;27.36;27.36;27.36;27.36;27.36;27.36;27.36;27.36;27.36;27.36;27.36;27.36;27.36;27.36;27.36;27.36;27.36;27.36;27.36;27.36;27.36;27.36;27.36;27.36;27.36;27.36;27.36,26.2694,969654002682514,969654029330350,26.647836,49920,7864576,122880,1087,7231,1,c3_14q_pool1,1,1,0,1,block=1 seq=360 cfg=c3_pool attempt=1
c3_14q_pool1-c3-ghz8_x30-r2-1789956429,2026-09-20T19:07:09,c3,build_13b440c3_20260918192735,0.001,7de69de,batch,ghz8_x30,2,ok,,30,32;32;32;32;32;32;32;32;32;32;32;32;32;32;32;32;32;32;32;32;32;32;32;32;32;32;32;32;32;32,2;2;2;2;2;2;2;2;2;2;2;2;2;2;2;2;2;2;2;2;2;2;2;2;2;2;2;2;2;2,8;8;8;8;8;8;8;8;8;8;8;8;8;8;8;8;8;8;8;8;8;8;8;8;8;8;8;8;8;8,27.36;27.36;27.36;27.36;27.36;27.36;27.36;27.36;27.36;27.36;27.36;27.36;27.36;27.36;27.36;27.36;27.36;27.36;27.36;27.36;27.36;27.36;27.36;27.36;27.36;27.36;27.36;27.36;27.36;27.36,26.2694,969654391144059,969654417790055,26.645996,49920,7864576,122880,1083,7087,1,c3_14q_pool1,1,1,0,1,block=1 seq=360 cfg=c3_pool attempt=1
c3_14q_pool1-c3-ghz8_x30-r3-1789956429,2026-09-20T19:07:09,c3,build_13b440c3_20260918192735,0.001,7de69de,batch,ghz8_x30,3,ok,,30,32;32;32;32;32;32;32;32;32;32;32;32;32;32;32;32;32;32;32;32;32;32;32;32;32;32;32;32;32;32,2;2;2;2;2;2;2;2;2;2;2;2;2;2;2;2;2;2;2;2;2;2;2;2;2;2;2;2;2;2,8;8;8;8;8;8;8;8;8;8;8;8;8;8;8;8;8;8;8;8;8;8;8;8;8;8;8;8;8;8,27.36;27.36;27.36;27.36;27.36;27.36;27.36;27.36;27.36;27.36;27.36;27.36;27.36;27.36;27.36;27.36;27.36;27.36;27.36;27.36;27.36;27.36;27.36;27.36;27.36;27.36;27.36;27.36;27.36;27.36,26.2694,969654774965648,969654801606344,26.640696,49920,7864576,122880,837,7704,1,c3_14q_pool1,1,1,0,1,block=1 seq=360 cfg=c3_pool attempt=1
c3_14q_pool1-c3-ghz8_x30-r4-1789956429,2026-09-20T19:07:09,c3,build_13b440c3_20260918192735,0.001,7de69de,batch,ghz8_x30,4,ok,,30,32;32;32;32;32;32;32;32;32;32;32;32;32;32;32;32;32;32;32;32;32;32;32;32;32;32;32;32;32;32,2;2;2;2;2;2;2;2;2;2;2;2;2;2;2;2;2;2;2;2;2;2;2;2;2;2;2;2;2;2,8;8;8;8;8;8;8;8;8;8;8;8;8;8;8;8;8;8;8;8;8;8;8;8;8;8;8;8;8;8,27.36;27.36;27.36;27.36;27.36;27.36;27.36;27.36;27.36;27.36;27.36;27.36;27.36;27.36;27.36;27.36;27.36;27.36;27.36;27.36;27.36;27.36;27.36;27.36;27.36;27.36;27.36;27.36;27.36;27.36,26.2694,969655161262601,969655187913668,26.651067,49920,7864576,122880,791,6925,1,c3_14q_pool1,1,1,0,1,block=1 seq=360 cfg=c3_pool attempt=1
c3_14q_pool1-c3-rand20_t3-r-1-1789956430,2026-09-20T19:07:10,c3,build_13b440c3_20260918192735,0.001,7de69de,batch,rand20_t3,-1,ok,,20,8192;500;1000;1024;4000;8192;1000;4096;1000;4000;1024;10000;32;10000;400;1000;8192;128;128;32,2;2;2;2;2;2;2;2;2;2;2;2;2;2;2;2;2;2;2;2,3;4;3;6;12;3;3;14;3;2;6;1;8;12;14;2;3;6;6;8,11.71;26.47;14.50;59.48;42.85;11.71;14.50;46.42;14.50;8.58;59.48;5.43;27.36;43.24;50.12;8.94;11.71;21.10;21.10;27.36,1385.1216,969656417452205,969657812680109,1395.227904,49008,3899648,5600128,894,299088,1,c3_14q_pool1,1,1,0,1,block=1 seq=366 cfg=c3_pool attempt=1
c3_14q_pool1-c3-rand20_t3-r0-1789956432,2026-09-20T19:07:12,c3,build_13b440c3_20260918192735,0.001,7de69de,batch,rand20_t3,0,ok,,20,8192;500;1000;1024;4000;8192;1000;4096;1000;4000;1024;10000;32;10000;400;1000;8192;128;128;32,2;2;2;2;2;2;2;2;2;2;2;2;2;2;2;2;2;2;2;2,3;4;3;6;12;3;3;14;3;2;6;1;8;12;14;2;3;6;6;8,11.71;26.47;14.50;59.48;42.85;11.71;14.50;46.42;14.50;8.58;59.48;5.43;27.36;43.24;50.12;8.94;11.71;21.10;21.10;27.36,1385.1216,969658316901292,969659712119867,1395.218575,49008,3899648,5600128,677,299080,1,c3_14q_pool1,1,1,0,1,block=1 seq=366 cfg=c3_pool attempt=1
c3_14q_pool1-c3-rand20_t3-r1-1789956434,2026-09-20T19:07:14,c3,build_13b440c3_20260918192735,0.001,7de69de,batch,rand20_t3,1,ok,,20,8192;500;1000;1024;4000;8192;1000;4096;1000;4000;1024;10000;32;10000;400;1000;8192;128;128;32,2;2;2;2;2;2;2;2;2;2;2;2;2;2;2;2;2;2;2;2,3;4;3;6;12;3;3;14;3;2;6;1;8;12;14;2;3;6;6;8,11.71;26.47;14.50;59.48;42.85;11.71;14.50;46.42;14.50;8.58;59.48;5.43;27.36;43.24;50.12;8.94;11.71;21.10;21.10;27.36,1385.1216,969660214127528,969661609340732,1395.213204,49008,3899648,5600128,886,304346,1,c3_14q_pool1,1,1,0,1,block=1 seq=366 cfg=c3_pool attempt=1
c3_14q_pool1-c3-rand20_t3-r2-1789956436,2026-09-20T19:07:16,c3,build_13b440c3_20260918192735,0.001,7de69de,batch,rand20_t3,2,ok,,20,8192;500;1000;1024;4000;8192;1000;4096;1000;4000;1024;10000;32;10000;400;1000;8192;128;128;32,2;2;2;2;2;2;2;2;2;2;2;2;2;2;2;2;2;2;2;2,3;4;3;6;12;3;3;14;3;2;6;1;8;12;14;2;3;6;6;8,11.71;26.47;14.50;59.48;42.85;11.71;14.50;46.42;14.50;8.58;59.48;5.43;27.36;43.24;50.12;8.94;11.71;21.10;21.10;27.36,1385.1216,969662111554845,969663506778909,1395.224064,49008,3899648,5600128,647,300142,1,c3_14q_pool1,1,1,0,1,block=1 seq=366 cfg=c3_pool attempt=1
c3_14q_pool1-c3-rand20_t3-r3-1789956438,2026-09-20T19:07:18,c3,build_13b440c3_20260918192735,0.001,7de69de,batch,rand20_t3,3,ok,,20,8192;500;1000;1024;4000;8192;1000;4096;1000;4000;1024;10000;32;10000;400;1000;8192;128;128;32,2;2;2;2;2;2;2;2;2;2;2;2;2;2;2;2;2;2;2;2,3;4;3;6;12;3;3;14;3;2;6;1;8;12;14;2;3;6;6;8,11.71;26.47;14.50;59.48;42.85;11.71;14.50;46.42;14.50;8.58;59.48;5.43;27.36;43.24;50.12;8.94;11.71;21.10;21.10;27.36,1385.1216,969664008476147,969665403689521,1395.213374,49008,3899648,5600128,648,296632,1,c3_14q_pool1,1,1,0,1,block=1 seq=366 cfg=c3_pool attempt=1
c3_14q_pool1-c3-rand20_t3-r4-1789956440,2026-09-20T19:07:20,c3,build_13b440c3_20260918192735,0.001,7de69de,batch,rand20_t3,4,ok,,20,8192;500;1000;1024;4000;8192;1000;4096;1000;4000;1024;10000;32;10000;400;1000;8192;128;128;32,2;2;2;2;2;2;2;2;2;2;2;2;2;2;2;2;2;2;2;2,3;4;3;6;12;3;3;14;3;2;6;1;8;12;14;2;3;6;6;8,11.71;26.47;14.50;59.48;42.85;11.71;14.50;46.42;14.50;8.58;59.48;5.43;27.36;43.24;50.12;8.94;11.71;21.10;21.10;27.36,1385.1216,969665905485930,969667300700704,1395.214774,49008,3899648,5600128,651,297661,1,c3_14q_pool1,1,1,0,1,block=1 seq=366 cfg=c3_pool attempt=1
c3_14q_pool1-c3-rand10_t6-r-1-1789956442,2026-09-20T19:07:22,c3,build_13b440c3_20260918192735,0.001,7de69de,batch,rand10_t6,-1,ok,,10,1024;500;10000;4096;400;10000;1000;24576;8192;1024,2;2;2;2;2;2;2;2;2;2,4;4;1;14;14;12;3;2;4;3,17.12;26.47;5.43;46.42;50.12;43.24;14.50;8.58;14.84;12.06,1087.0463,969668441041870,969669537739748,1096.697878,18896,1999104,4584320,383,246028,1,c3_14q_pool1,1,1,0,1,block=1 seq=372 cfg=c3_pool attempt=1
c3_14q_pool1-c3-rand10_t6-r0-1789956444,2026-09-20T19:07:24,c3,build_13b440c3_20260918192735,0.001,7de69de,batch,rand10_t6,0,ok,,10,1024;500;10000;4096;400;10000;1000;24576;8192;1024,2;2;2;2;2;2;2;2;2;2,4;4;1;14;14;12;3;2;4;3,17.12;26.47;5.43;46.42;50.12;43.24;14.50;8.58;14.84;12.06,1087.0463,969670023111193,969671119806571,1096.695378,18896,1999104,4584320,822,244091,1,c3_14q_pool1,1,1,0,1,block=1 seq=372 cfg=c3_pool attempt=1
c3_14q_pool1-c3-rand10_t6-r1-1789956446,2026-09-20T19:07:26,c3,build_13b440c3_20260918192735,0.001,7de69de,batch,rand10_t6,1,ok,,10,1024;500;10000;4096;400;10000;1000;24576;8192;1024,2;2;2;2;2;2;2;2;2;2,4;4;1;14;14;12;3;2;4;3,17.12;26.47;5.43;46.42;50.12;43.24;14.50;8.58;14.84;12.06,1087.0463,969671606263177,969672702961315,1096.698138,18896,1999104,4584320,790,244682,1,c3_14q_pool1,1,1,0,1,block=1 seq=372 cfg=c3_pool attempt=1
c3_14q_pool1-c3-rand10_t6-r2-1789956447,2026-09-20T19:07:27,c3,build_13b440c3_20260918192735,0.001,7de69de,batch,rand10_t6,2,ok,,10,1024;500;10000;4096;400;10000;1000;24576;8192;1024,2;2;2;2;2;2;2;2;2;2,4;4;1;14;14;12;3;2;4;3,17.12;26.47;5.43;46.42;50.12;43.24;14.50;8.58;14.84;12.06,1087.0463,969673185641913,969674282344152,1096.702239,18896,1999104,4584320,984,245416,1,c3_14q_pool1,1,1,0,1,block=1 seq=372 cfg=c3_pool attempt=1
c3_14q_pool1-c3-rand10_t6-r3-1789956449,2026-09-20T19:07:29,c3,build_13b440c3_20260918192735,0.001,7de69de,batch,rand10_t6,3,ok,,10,1024;500;10000;4096;400;10000;1000;24576;8192;1024,2;2;2;2;2;2;2;2;2;2,4;4;1;14;14;12;3;2;4;3,17.12;26.47;5.43;46.42;50.12;43.24;14.50;8.58;14.84;12.06,1087.0463,969674769938238,969675866638067,1096.699829,18896,1999104,4584320,773,246388,1,c3_14q_pool1,1,1,0,1,block=1 seq=372 cfg=c3_pool attempt=1
c3_14q_pool1-c3-rand10_t6-r4-1789956450,2026-09-20T19:07:30,c3,build_13b440c3_20260918192735,0.001,7de69de,batch,rand10_t6,4,ok,,10,1024;500;10000;4096;400;10000;1000;24576;8192;1024,2;2;2;2;2;2;2;2;2;2,4;4;1;14;14;12;3;2;4;3,17.12;26.47;5.43;46.42;50.12;43.24;14.50;8.58;14.84;12.06,1087.0463,969676350699629,969677447410937,1096.711308,18896,1999104,4584320,709,248788,1,c3_14q_pool1,1,1,0,1,block=1 seq=372 cfg=c3_pool attempt=1
c3_14q_pool1-c3-rand20_t1-r-1-1789956453,2026-09-20T19:07:33,c3,build_13b440c3_20260918192735,0.001,7de69de,batch,rand20_t1,-1,ok,,20,10000;1024;10000;1024;24576;8192;24576;1024;4000;400;8192;8192;4000;1024;8192;32;8192;10000;10000;4000,2;2;2;2;2;2;2;2;2;2;2;2;2;2;2;2;2;2;2;2,12;5;12;5;2;4;2;6;12;14;4;3;12;6;3;8;3;12;12;2,43.24;18.92;43.24;18.92;8.58;14.84;8.58;59.48;42.85;50.12;14.84;11.71;42.85;59.48;11.71;27.36;11.71;43.24;43.24;8.58,3241.2445,969678643897584,969681908257053,3264.359469,53456,4555008,13582848,787,724709,1,c3_14q_pool1,1,1,0,1,block=1 seq=378 cfg=c3_pool attempt=1
c3_14q_pool1-c3-rand20_t1-r0-1789956456,2026-09-20T19:07:36,c3,build_13b440c3_20260918192735,0.001,7de69de,batch,rand20_t1,0,ok,,20,10000;1024;10000;1024;24576;8192;24576;1024;4000;400;8192;8192;4000;1024;8192;32;8192;10000;10000;4000,2;2;2;2;2;2;2;2;2;2;2;2;2;2;2;2;2;2;2;2,12;5;12;5;2;4;2;6;12;14;4;3;12;6;3;8;3;12;12;2,43.24;18.92;43.24;18.92;8.58;14.84;8.58;59.48;42.85;50.12;14.84;11.71;42.85;59.48;11.71;27.36;11.71;43.24;43.24;8.58,3241.2445,969682423989701,969685688384500,3264.394799,53456,4555008,13582848,680,725168,1,c3_14q_pool1,1,1,0,1,block=1 seq=378 cfg=c3_pool attempt=1
c3_14q_pool1-c3-rand20_t1-r1-1789956460,2026-09-20T19:07:40,c3,build_13b440c3_20260918192735,0.001,7de69de,batch,rand20_t1,1,ok,,20,10000;1024;10000;1024;24576;8192;24576;1024;4000;400;8192;8192;4000;1024;8192;32;8192;10000;10000;4000,2;2;2;2;2;2;2;2;2;2;2;2;2;2;2;2;2;2;2;2,12;5;12;5;2;4;2;6;12;14;4;3;12;6;3;8;3;12;12;2,43.24;18.92;43.24;18.92;8.58;14.84;8.58;59.48;42.85;50.12;14.84;11.71;42.85;59.48;11.71;27.36;11.71;43.24;43.24;8.58,3241.2445,969686207081658,969689471442626,3264.360968,53456,4555008,13582848,862,731612,1,c3_14q_pool1,1,1,0,1,block=1 seq=378 cfg=c3_pool attempt=1
c3_14q_pool1-c3-rand20_t1-r2-1789956464,2026-09-20T19:07:44,c3,build_13b440c3_20260918192735,0.001,7de69de,batch,rand20_t1,2,ok,,20,10000;1024;10000;1024;24576;8192;24576;1024;4000;400;8192;8192;4000;1024;8192;32;8192;10000;10000;4000,2;2;2;2;2;2;2;2;2;2;2;2;2;2;2;2;2;2;2;2,12;5;12;5;2;4;2;6;12;14;4;3;12;6;3;8;3;12;12;2,43.24;18.92;43.24;18.92;8.58;14.84;8.58;59.48;42.85;50.12;14.84;11.71;42.85;59.48;11.71;27.36;11.71;43.24;43.24;8.58,3241.2445,969689991728290,969693256081489,3264.353199,53456,4555008,13582848,741,727346,1,c3_14q_pool1,1,1,0,1,block=1 seq=378 cfg=c3_pool attempt=1
c3_14q_pool1-c3-rand20_t1-r3-1789956468,2026-09-20T19:07:48,c3,build_13b440c3_20260918192735,0.001,7de69de,batch,rand20_t1,3,ok,,20,10000;1024;10000;1024;24576;8192;24576;1024;4000;400;8192;8192;4000;1024;8192;32;8192;10000;10000;4000,2;2;2;2;2;2;2;2;2;2;2;2;2;2;2;2;2;2;2;2,12;5;12;5;2;4;2;6;12;14;4;3;12;6;3;8;3;12;12;2,43.24;18.92;43.24;18.92;8.58;14.84;8.58;59.48;42.85;50.12;14.84;11.71;42.85;59.48;11.71;27.36;11.71;43.24;43.24;8.58,3241.2445,969693776146490,969697040503739,3264.357249,53456,4555008,13582848,1374,730529,1,c3_14q_pool1,1,1,0,1,block=1 seq=378 cfg=c3_pool attempt=1
c3_14q_pool1-c3-rand20_t1-r4-1789956472,2026-09-20T19:07:52,c3,build_13b440c3_20260918192735,0.001,7de69de,batch,rand20_t1,4,ok,,20,10000;1024;10000;1024;24576;8192;24576;1024;4000;400;8192;8192;4000;1024;8192;32;8192;10000;10000;4000,2;2;2;2;2;2;2;2;2;2;2;2;2;2;2;2;2;2;2;2,12;5;12;5;2;4;2;6;12;14;4;3;12;6;3;8;3;12;12;2,43.24;18.92;43.24;18.92;8.58;14.84;8.58;59.48;42.85;50.12;14.84;11.71;42.85;59.48;11.71;27.36;11.71;43.24;43.24;8.58,3241.2445,969697558103176,969700822455724,3264.352548,53456,4555008,13582848,1083,725782,1,c3_14q_pool1,1,1,0,1,block=1 seq=378 cfg=c3_pool attempt=1
c3_14q_pool1-c3-rand30_t5-r-1-1789956476,2026-09-20T19:07:56,c3,build_13b440c3_20260918192735,0.001,7de69de,batch,rand30_t5,-1,ok,,30,4000;1000;32;1024;1000;500;10000;1024;500;1024;8192;1024;1024;8192;1024;4000;1000;4096;1000;8192;128;1024;128;1000;128;1024;10000;4096;4000;10000,2;2;2;2;2;2;2;2;2;2;2;2;2;2;2;2;2;2;2;2;2;2;2;2;2;2;2;2;2;2,12;5;8;3;3;4;12;5;4;3;3;3;3;4;5;2;3;14;5;3;6;5;6;3;6;6;1;14;12;12,42.85;17.66;27.36;12.06;14.50;26.47;43.24;18.92;26.47;12.06;11.71;12.06;12.06;14.84;18.92;8.58;14.50;46.42;17.66;11.71;21.10;18.92;21.10;14.50;21.10;59.48;5.43;46.42;42.85;43.24,2272.7094,969702087028922,969704373886344,2286.857422,56848,5734656,9654016,679,512722,1,c3_14q_pool1,1,1,0,1,block=1 seq=384 cfg=c3_pool attempt=1
c3_14q_pool1-c3-rand30_t5-r0-1789956479,2026-09-20T19:07:59,c3,build_13b440c3_20260918192735,0.001,7de69de,batch,rand30_t5,0,ok,,30,4000;1000;32;1024;1000;500;10000;1024;500;1024;8192;1024;1024;8192;1024;4000;1000;4096;1000;8192;128;1024;128;1000;128;1024;10000;4096;4000;10000,2;2;2;2;2;2;2;2;2;2;2;2;2;2;2;2;2;2;2;2;2;2;2;2;2;2;2;2;2;2,12;5;8;3;3;4;12;5;4;3;3;3;3;4;5;2;3;14;5;3;6;5;6;3;6;6;1;14;12;12,42.85;17.66;27.36;12.06;14.50;26.47;43.24;18.92;26.47;12.06;11.71;12.06;12.06;14.84;18.92;8.58;14.50;46.42;17.66;11.71;21.10;18.92;21.10;14.50;21.10;59.48;5.43;46.42;42.85;43.24,2272.7094,969704905072797,969707191925339,2286.852542,56848,5734656,9654016,664,519839,1,c3_14q_pool1,1,1,0,1,block=1 seq=384 cfg=c3_pool attempt=1
c3_14q_pool1-c3-rand30_t5-r1-1789956482,2026-09-20T19:08:02,c3,build_13b440c3_20260918192735,0.001,7de69de,batch,rand30_t5,1,ok,,30,4000;1000;32;1024;1000;500;10000;1024;500;1024;8192;1024;1024;8192;1024;4000;1000;4096;1000;8192;128;1024;128;1000;128;1024;10000;4096;4000;10000,2;2;2;2;2;2;2;2;2;2;2;2;2;2;2;2;2;2;2;2;2;2;2;2;2;2;2;2;2;2,12;5;8;3;3;4;12;5;4;3;3;3;3;4;5;2;3;14;5;3;6;5;6;3;6;6;1;14;12;12,42.85;17.66;27.36;12.06;14.50;26.47;43.24;18.92;26.47;12.06;11.71;12.06;12.06;14.84;18.92;8.58;14.50;46.42;17.66;11.71;21.10;18.92;21.10;14.50;21.10;59.48;5.43;46.42;42.85;43.24,2272.7094,969707721261303,969710008199026,2286.937723,56848,5734656,9654016,491,520448,1,c3_14q_pool1,1,1,0,1,block=1 seq=384 cfg=c3_pool attempt=1
c3_14q_pool1-c3-rand30_t5-r2-1789956485,2026-09-20T19:08:05,c3,build_13b440c3_20260918192735,0.001,7de69de,batch,rand30_t5,2,ok,,30,4000;1000;32;1024;1000;500;10000;1024;500;1024;8192;1024;1024;8192;1024;4000;1000;4096;1000;8192;128;1024;128;1000;128;1024;10000;4096;4000;10000,2;2;2;2;2;2;2;2;2;2;2;2;2;2;2;2;2;2;2;2;2;2;2;2;2;2;2;2;2;2,12;5;8;3;3;4;12;5;4;3;3;3;3;4;5;2;3;14;5;3;6;5;6;3;6;6;1;14;12;12,42.85;17.66;27.36;12.06;14.50;26.47;43.24;18.92;26.47;12.06;11.71;12.06;12.06;14.84;18.92;8.58;14.50;46.42;17.66;11.71;21.10;18.92;21.10;14.50;21.10;59.48;5.43;46.42;42.85;43.24,2272.7094,969710536503090,969712823359742,2286.856652,56848,5734656,9654016,551,515904,1,c3_14q_pool1,1,1,0,1,block=1 seq=384 cfg=c3_pool attempt=1
c3_14q_pool1-c3-rand30_t5-r3-1789956487,2026-09-20T19:08:07,c3,build_13b440c3_20260918192735,0.001,7de69de,batch,rand30_t5,3,ok,,30,4000;1000;32;1024;1000;500;10000;1024;500;1024;8192;1024;1024;8192;1024;4000;1000;4096;1000;8192;128;1024;128;1000;128;1024;10000;4096;4000;10000,2;2;2;2;2;2;2;2;2;2;2;2;2;2;2;2;2;2;2;2;2;2;2;2;2;2;2;2;2;2,12;5;8;3;3;4;12;5;4;3;3;3;3;4;5;2;3;14;5;3;6;5;6;3;6;6;1;14;12;12,42.85;17.66;27.36;12.06;14.50;26.47;43.24;18.92;26.47;12.06;11.71;12.06;12.06;14.84;18.92;8.58;14.50;46.42;17.66;11.71;21.10;18.92;21.10;14.50;21.10;59.48;5.43;46.42;42.85;43.24,2272.7094,969713351692096,969715638545798,2286.853702,56848,5734656,9654016,621,514876,1,c3_14q_pool1,1,1,0,1,block=1 seq=384 cfg=c3_pool attempt=1
c3_14q_pool1-c3-rand30_t5-r4-1789956490,2026-09-20T19:08:10,c3,build_13b440c3_20260918192735,0.001,7de69de,batch,rand30_t5,4,ok,,30,4000;1000;32;1024;1000;500;10000;1024;500;1024;8192;1024;1024;8192;1024;4000;1000;4096;1000;8192;128;1024;128;1000;128;1024;10000;4096;4000;10000,2;2;2;2;2;2;2;2;2;2;2;2;2;2;2;2;2;2;2;2;2;2;2;2;2;2;2;2;2;2,12;5;8;3;3;4;12;5;4;3;3;3;3;4;5;2;3;14;5;3;6;5;6;3;6;6;1;14;12;12,42.85;17.66;27.36;12.06;14.50;26.47;43.24;18.92;26.47;12.06;11.71;12.06;12.06;14.84;18.92;8.58;14.50;46.42;17.66;11.71;21.10;18.92;21.10;14.50;21.10;59.48;5.43;46.42;42.85;43.24,2272.7094,969716167179235,969718454033728,2286.854493,56848,5734656,9654016,1079,512623,1,c3_14q_pool1,1,1,0,1,block=1 seq=384 cfg=c3_pool attempt=1
c3_14q_pool1-c3-rand10_t9-r-1-1789956494,2026-09-20T19:08:14,c3,build_13b440c3_20260918192735,0.001,7de69de,batch,rand10_t9,-1,ok,,10,4000;500;10000;128;8192;1024;1024;1024;1024;4000,2;2;2;2;2;2;2;2;2;2,2;4;12;6;3;5;4;5;4;12,8.58;26.47;43.24;21.10;11.71;17.97;17.12;18.92;17.12;42.85,822.8857,969719529077600,969720356961740,827.88414,16976,1868032,3540224,704,189912,1,c3_14q_pool1,1,1,0,1,block=2 seq=390 cfg=c3_pool attempt=1
c3_14q_pool1-c3-rand10_t9-r0-1789956495,2026-09-20T19:08:15,c3,build_13b440c3_20260918192735,0.001,7de69de,batch,rand10_t9,0,ok,,10,4000;500;10000;128;8192;1024;1024;1024;1024;4000,2;2;2;2;2;2;2;2;2;2,2;4;12;6;3;5;4;5;4;12,8.58;26.47;43.24;21.10;11.71;17.97;17.12;18.92;17.12;42.85,822.8857,969720774855919,969721602737809,827.88189,16976,1868032,3540224,571,190296,1,c3_14q_pool1,1,1,0,1,block=2 seq=390 cfg=c3_pool attempt=1
c3_14q_pool1-c3-rand10_t9-r1-1789956496,2026-09-20T19:08:16,c3,build_13b440c3_20260918192735,0.001,7de69de,batch,rand10_t9,1,ok,,10,4000;500;10000;128;8192;1024;1024;1024;1024;4000,2;2;2;2;2;2;2;2;2;2,2;4;12;6;3;5;4;5;4;12,8.58;26.47;43.24;21.10;11.71;17.97;17.12;18.92;17.12;42.85,822.8857,969722017990623,969722845881473,827.89085,16976,1868032,3540224,701,189998,1,c3_14q_pool1,1,1,0,1,block=2 seq=390 cfg=c3_pool attempt=1
c3_14q_pool1-c3-rand10_t9-r2-1789956497,2026-09-20T19:08:17,c3,build_13b440c3_20260918192735,0.001,7de69de,batch,rand10_t9,2,ok,,10,4000;500;10000;128;8192;1024;1024;1024;1024;4000,2;2;2;2;2;2;2;2;2;2,2;4;12;6;3;5;4;5;4;12,8.58;26.47;43.24;21.10;11.71;17.97;17.12;18.92;17.12;42.85,822.8857,969723259543340,969724087432880,827.88954,16976,1868032,3540224,655,189697,1,c3_14q_pool1,1,1,0,1,block=2 seq=390 cfg=c3_pool attempt=1
c3_14q_pool1-c3-rand10_t9-r3-1789956499,2026-09-20T19:08:19,c3,build_13b440c3_20260918192735,0.001,7de69de,batch,rand10_t9,3,ok,,10,4000;500;10000;128;8192;1024;1024;1024;1024;4000,2;2;2;2;2;2;2;2;2;2,2;4;12;6;3;5;4;5;4;12,8.58;26.47;43.24;21.10;11.71;17.97;17.12;18.92;17.12;42.85,822.8857,969724504307990,969725332201170,827.89318,16976,1868032,3540224,750,188927,1,c3_14q_pool1,1,1,0,1,block=2 seq=390 cfg=c3_pool attempt=1
c3_14q_pool1-c3-rand10_t9-r4-1789956500,2026-09-20T19:08:20,c3,build_13b440c3_20260918192735,0.001,7de69de,batch,rand10_t9,4,ok,,10,4000;500;10000;128;8192;1024;1024;1024;1024;4000,2;2;2;2;2;2;2;2;2;2,2;4;12;6;3;5;4;5;4;12,8.58;26.47;43.24;21.10;11.71;17.97;17.12;18.92;17.12;42.85,822.8857,969725750538014,969726578428394,827.89038,16976,1868032,3540224,518,190226,1,c3_14q_pool1,1,1,0,1,block=2 seq=390 cfg=c3_pool attempt=1
c3_14q_pool1-c3-rand10_t7-r-1-1789956502,2026-09-20T19:08:22,c3,build_13b440c3_20260918192735,0.001,7de69de,batch,rand10_t7,-1,ok,,10,1000;1024;4000;8192;4096;1024;1024;32;1024;1000,2;2;2;2;2;2;2;2;2;2,3;6;12;4;14;5;6;8;3;3,14.50;59.48;42.85;14.84;46.42;17.97;59.48;27.36;12.06;14.50,665.5613,969727734712179,969728403951632,669.239453,33120,2097408,2629376,509,142684,1,c3_14q_pool1,1,1,0,1,block=2 seq=396 cfg=c3_pool attempt=1
c3_14q_pool1-c3-rand10_t7-r0-1789956503,2026-09-20T19:08:23,c3,build_13b440c3_20260918192735,0.001,7de69de,batch,rand10_t7,0,ok,,10,1000;1024;4000;8192;4096;1024;1024;32;1024;1000,2;2;2;2;2;2;2;2;2;2,3;6;12;4;14;5;6;8;3;3,14.50;59.48;42.85;14.84;46.42;17.97;59.48;27.36;12.06;14.50,665.5613,969728892348757,969729561582710,669.233953,33120,2097408,2629376,575,140549,1,c3_14q_pool1,1,1,0,1,block=2 seq=396 cfg=c3_pool attempt=1
c3_14q_pool1-c3-rand10_t7-r1-1789956504,2026-09-20T19:08:24,c3,build_13b440c3_20260918192735,0.001,7de69de,batch,rand10_t7,1,ok,,10,1000;1024;4000;8192;4096;1024;1024;32;1024;1000,2;2;2;2;2;2;2;2;2;2,3;6;12;4;14;5;6;8;3;3,14.50;59.48;42.85;14.84;46.42;17.97;59.48;27.36;12.06;14.50,665.5613,969730046655972,969730715897385,669.241413,33120,2097408,2629376,868,141112,1,c3_14q_pool1,1,1,0,1,block=2 seq=396 cfg=c3_pool attempt=1
c3_14q_pool1-c3-rand10_t7-r2-1789956505,2026-09-20T19:08:25,c3,build_13b440c3_20260918192735,0.001,7de69de,batch,rand10_t7,2,ok,,10,1000;1024;4000;8192;4096;1024;1024;32;1024;1000,2;2;2;2;2;2;2;2;2;2,3;6;12;4;14;5;6;8;3;3,14.50;59.48;42.85;14.84;46.42;17.97;59.48;27.36;12.06;14.50,665.5613,969731197190169,969731866442273,669.252104,33120,2097408,2629376,883,142536,1,c3_14q_pool1,1,1,0,1,block=2 seq=396 cfg=c3_pool attempt=1
c3_14q_pool1-c3-rand10_t7-r3-1789956506,2026-09-20T19:08:26,c3,build_13b440c3_20260918192735,0.001,7de69de,batch,rand10_t7,3,ok,,10,1000;1024;4000;8192;4096;1024;1024;32;1024;1000,2;2;2;2;2;2;2;2;2;2,3;6;12;4;14;5;6;8;3;3,14.50;59.48;42.85;14.84;46.42;17.97;59.48;27.36;12.06;14.50,665.5613,969732347385603,969733016620446,669.234843,33120,2097408,2629376,476,139669,1,c3_14q_pool1,1,1,0,1,block=2 seq=396 cfg=c3_pool attempt=1
c3_14q_pool1-c3-rand10_t7-r4-1789956508,2026-09-20T19:08:28,c3,build_13b440c3_20260918192735,0.001,7de69de,batch,rand10_t7,4,ok,,10,1000;1024;4000;8192;4096;1024;1024;32;1024;1000,2;2;2;2;2;2;2;2;2;2,3;6;12;4;14;5;6;8;3;3,14.50;59.48;42.85;14.84;46.42;17.97;59.48;27.36;12.06;14.50,665.5613,969733500799019,969734170042342,669.243323,33120,2097408,2629376,650,142059,1,c3_14q_pool1,1,1,0,1,block=2 seq=396 cfg=c3_pool attempt=1
c3_14q_pool1-c3-rand30_t7-r-1-1789956509,2026-09-20T19:08:29,c3,build_13b440c3_20260918192735,0.001,7de69de,batch,rand30_t7,-1,ok,,30,1000;8192;10000;1024;10000;400;1024;8192;24576;1024;1024;8192;4096;10000;4096;10000;1024;1000;24576;1000;4000;4096;10000;1000;4096;10000;1000;500;1000;4000,2;2;2;2;2;2;2;2;2;2;2;2;2;2;2;2;2;2;2;2;2;2;2;2;2;2;2;2;2;2,3;4;12;5;12;14;3;3;2;5;4;4;14;12;14;12;6;2;2;2;2;14;1;3;14;12;2;4;5;2,14.50;14.84;43.24;17.97;43.24;50.12;12.06;11.71;8.58;18.92;17.12;14.84;46.42;43.24;46.42;43.24;59.48;8.94;8.58;8.94;8.58;46.42;5.43;14.50;46.42;43.24;8.94;26.47;17.66;8.58,4041.8606,969735406892273,969739475457845,4068.565572,62960,6357248,17430720,833,939350,1,c3_14q_pool1,1,1,0,1,block=2 seq=402 cfg=c3_pool attempt=1
c3_14q_pool1-c3-rand30_t7-r0-1789956514,2026-09-20T19:08:34,c3,build_13b440c3_20260918192735,0.001,7de69de,batch,rand30_t7,0,ok,,30,1000;8192;10000;1024;10000;400;1024;8192;24576;1024;1024;8192;4096;10000;4096;10000;1024;1000;24576;1000;4000;4096;10000;1000;4096;10000;1000;500;1000;4000,2;2;2;2;2;2;2;2;2;2;2;2;2;2;2;2;2;2;2;2;2;2;2;2;2;2;2;2;2;2,3;4;12;5;12;14;3;3;2;5;4;4;14;12;14;12;6;2;2;2;2;14;1;3;14;12;2;4;5;2,14.50;14.84;43.24;17.97;43.24;50.12;12.06;11.71;8.58;18.92;17.12;14.84;46.42;43.24;46.42;43.24;59.48;8.94;8.58;8.94;8.58;46.42;5.43;14.50;46.42;43.24;8.94;26.47;17.66;8.58,4041.8606,969740014682308,969744083251520,4068.569212,62960,6357248,17430720,646,933197,1,c3_14q_pool1,1,1,0,1,block=2 seq=402 cfg=c3_pool attempt=1
c3_14q_pool1-c3-rand30_t7-r1-1789956519,2026-09-20T19:08:39,c3,build_13b440c3_20260918192735,0.001,7de69de,batch,rand30_t7,1,ok,,30,1000;8192;10000;1024;10000;400;1024;8192;24576;1024;1024;8192;4096;10000;4096;10000;1024;1000;24576;1000;4000;4096;10000;1000;4096;10000;1000;500;1000;4000,2;2;2;2;2;2;2;2;2;2;2;2;2;2;2;2;2;2;2;2;2;2;2;2;2;2;2;2;2;2,3;4;12;5;12;14;3;3;2;5;4;4;14;12;14;12;6;2;2;2;2;14;1;3;14;12;2;4;5;2,14.50;14.84;43.24;17.97;43.24;50.12;12.06;11.71;8.58;18.92;17.12;14.84;46.42;43.24;46.42;43.24;59.48;8.94;8.58;8.94;8.58;46.42;5.43;14.50;46.42;43.24;8.94;26.47;17.66;8.58,4041.8606,969744615396412,969748683971134,4068.574722,62960,6357248,17430720,840,938446,1,c3_14q_pool1,1,1,0,1,block=2 seq=402 cfg=c3_pool attempt=1
c3_14q_pool1-c3-rand30_t7-r2-1789956523,2026-09-20T19:08:43,c3,build_13b440c3_20260918192735,0.001,7de69de,batch,rand30_t7,2,ok,,30,1000;8192;10000;1024;10000;400;1024;8192;24576;1024;1024;8192;4096;10000;4096;10000;1024;1000;24576;1000;4000;4096;10000;1000;4096;10000;1000;500;1000;4000,2;2;2;2;2;2;2;2;2;2;2;2;2;2;2;2;2;2;2;2;2;2;2;2;2;2;2;2;2;2,3;4;12;5;12;14;3;3;2;5;4;4;14;12;14;12;6;2;2;2;2;14;1;3;14;12;2;4;5;2,14.50;14.84;43.24;17.97;43.24;50.12;12.06;11.71;8.58;18.92;17.12;14.84;46.42;43.24;46.42;43.24;59.48;8.94;8.58;8.94;8.58;46.42;5.43;14.50;46.42;43.24;8.94;26.47;17.66;8.58,4041.8606,969749256301128,969753324872570,4068.571442,62960,6357248,17430720,722,931156,1,c3_14q_pool1,1,1,0,1,block=2 seq=402 cfg=c3_pool attempt=1
c3_14q_pool1-c3-rand30_t7-r3-1789956528,2026-09-20T19:08:48,c3,build_13b440c3_20260918192735,0.001,7de69de,batch,rand30_t7,3,ok,,30,1000;8192;10000;1024;10000;400;1024;8192;24576;1024;1024;8192;4096;10000;4096;10000;1024;1000;24576;1000;4000;4096;10000;1000;4096;10000;1000;500;1000;4000,2;2;2;2;2;2;2;2;2;2;2;2;2;2;2;2;2;2;2;2;2;2;2;2;2;2;2;2;2;2,3;4;12;5;12;14;3;3;2;5;4;4;14;12;14;12;6;2;2;2;2;14;1;3;14;12;2;4;5;2,14.50;14.84;43.24;17.97;43.24;50.12;12.06;11.71;8.58;18.92;17.12;14.84;46.42;43.24;46.42;43.24;59.48;8.94;8.58;8.94;8.58;46.42;5.43;14.50;46.42;43.24;8.94;26.47;17.66;8.58,4041.8606,969753859347626,969757927918248,4068.570622,62960,6357248,17430720,813,937134,1,c3_14q_pool1,1,1,0,1,block=2 seq=402 cfg=c3_pool attempt=1
c3_14q_pool1-c3-rand30_t7-r4-1789956532,2026-09-20T19:08:52,c3,build_13b440c3_20260918192735,0.001,7de69de,batch,rand30_t7,4,ok,,30,1000;8192;10000;1024;10000;400;1024;8192;24576;1024;1024;8192;4096;10000;4096;10000;1024;1000;24576;1000;4000;4096;10000;1000;4096;10000;1000;500;1000;4000,2;2;2;2;2;2;2;2;2;2;2;2;2;2;2;2;2;2;2;2;2;2;2;2;2;2;2;2;2;2,3;4;12;5;12;14;3;3;2;5;4;4;14;12;14;12;6;2;2;2;2;14;1;3;14;12;2;4;5;2,14.50;14.84;43.24;17.97;43.24;50.12;12.06;11.71;8.58;18.92;17.12;14.84;46.42;43.24;46.42;43.24;59.48;8.94;8.58;8.94;8.58;46.42;5.43;14.50;46.42;43.24;8.94;26.47;17.66;8.58,4041.8606,969758465223912,969762533807684,4068.583772,62960,6357248,17430720,840,933254,1,c3_14q_pool1,1,1,0,1,block=2 seq=402 cfg=c3_pool attempt=1
c3_14q_pool1-c3-rand20_t7-r-1-1789956538,2026-09-20T19:08:58,c3,build_13b440c3_20260918192735,0.001,7de69de,batch,rand20_t7,-1,ok,,20,128;10000;1024;1024;1000;1000;1000;1024;4096;1024;8192;10000;8192;32;1024;1024;8192;1000;1024;1024,2;2;2;2;2;2;2;2;2;2;2;2;2;2;2;2;2;2;2;2,6;1;5;6;3;5;3;5;14;3;4;12;3;8;4;4;3;3;3;6,21.10;5.43;18.92;59.48;14.50;17.66;14.50;17.97;46.42;12.06;14.84;43.24;11.71;27.36;17.12;17.12;11.71;14.50;12.06;59.48,1274.4202,969763753460392,969765037534155,1284.073763,42704,3309824,5089856,880,275194,1,c3_14q_pool1,1,1,0,1,block=2 seq=408 cfg=c3_pool attempt=1
c3_14q_pool1-c3-rand20_t7-r0-1789956540,2026-09-20T19:09:00,c3,build_13b440c3_20260918192735,0.001,7de69de,batch,rand20_t7,0,ok,,20,128;10000;1024;1024;1000;1000;1000;1024;4096;1024;8192;10000;8192;32;1024;1024;8192;1000;1024;1024,2;2;2;2;2;2;2;2;2;2;2;2;2;2;2;2;2;2;2;2,6;1;5;6;3;5;3;5;14;3;4;12;3;8;4;4;3;3;3;6,21.10;5.43;18.92;59.48;14.50;17.66;14.50;17.97;46.42;12.06;14.84;43.24;11.71;27.36;17.12;17.12;11.71;14.50;12.06;59.48,1274.4202,969765539172742,969766823245755,1284.073013,42704,3309824,5089856,740,274599,1,c3_14q_pool1,1,1,0,1,block=2 seq=408 cfg=c3_pool attempt=1
c3_14q_pool1-c3-rand20_t7-r1-1789956541,2026-09-20T19:09:01,c3,build_13b440c3_20260918192735,0.001,7de69de,batch,rand20_t7,1,ok,,20,128;10000;1024;1024;1000;1000;1000;1024;4096;1024;8192;10000;8192;32;1024;1024;8192;1000;1024;1024,2;2;2;2;2;2;2;2;2;2;2;2;2;2;2;2;2;2;2;2,6;1;5;6;3;5;3;5;14;3;4;12;3;8;4;4;3;3;3;6,21.10;5.43;18.92;59.48;14.50;17.66;14.50;17.97;46.42;12.06;14.84;43.24;11.71;27.36;17.12;17.12;11.71;14.50;12.06;59.48,1274.4202,969767324957013,969768609030816,1284.073803,42704,3309824,5089856,531,273624,1,c3_14q_pool1,1,1,0,1,block=2 seq=408 cfg=c3_pool attempt=1
c3_14q_pool1-c3-rand20_t7-r2-1789956543,2026-09-20T19:09:03,c3,build_13b440c3_20260918192735,0.001,7de69de,batch,rand20_t7,2,ok,,20,128;10000;1024;1024;1000;1000;1000;1024;4096;1024;8192;10000;8192;32;1024;1024;8192;1000;1024;1024,2;2;2;2;2;2;2;2;2;2;2;2;2;2;2;2;2;2;2;2,6;1;5;6;3;5;3;5;14;3;4;12;3;8;4;4;3;3;3;6,21.10;5.43;18.92;59.48;14.50;17.66;14.50;17.97;46.42;12.06;14.84;43.24;11.71;27.36;17.12;17.12;11.71;14.50;12.06;59.48,1274.4202,969769107352470,969770391428202,1284.075732,42704,3309824,5089856,950,273992,1,c3_14q_pool1,1,1,0,1,block=2 seq=408 cfg=c3_pool attempt=1
c3_14q_pool1-c3-rand20_t7-r3-1789956545,2026-09-20T19:09:05,c3,build_13b440c3_20260918192735,0.001,7de69de,batch,rand20_t7,3,ok,,20,128;10000;1024;1024;1000;1000;1000;1024;4096;1024;8192;10000;8192;32;1024;1024;8192;1000;1024;1024,2;2;2;2;2;2;2;2;2;2;2;2;2;2;2;2;2;2;2;2,6;1;5;6;3;5;3;5;14;3;4;12;3;8;4;4;3;3;3;6,21.10;5.43;18.92;59.48;14.50;17.66;14.50;17.97;46.42;12.06;14.84;43.24;11.71;27.36;17.12;17.12;11.71;14.50;12.06;59.48,1274.4202,969770885821947,969772169899920,1284.077973,42704,3309824,5089856,648,271500,1,c3_14q_pool1,1,1,0,1,block=2 seq=408 cfg=c3_pool attempt=1
c3_14q_pool1-c3-rand20_t7-r4-1789956547,2026-09-20T19:09:07,c3,build_13b440c3_20260918192735,0.001,7de69de,batch,rand20_t7,4,ok,,20,128;10000;1024;1024;1000;1000;1000;1024;4096;1024;8192;10000;8192;32;1024;1024;8192;1000;1024;1024,2;2;2;2;2;2;2;2;2;2;2;2;2;2;2;2;2;2;2;2,6;1;5;6;3;5;3;5;14;3;4;12;3;8;4;4;3;3;3;6,21.10;5.43;18.92;59.48;14.50;17.66;14.50;17.97;46.42;12.06;14.84;43.24;11.71;27.36;17.12;17.12;11.71;14.50;12.06;59.48,1274.4202,969772668438756,969773952862442,1284.423686,42704,3309824,5089856,979,275148,1,c3_14q_pool1,1,1,0,1,block=2 seq=408 cfg=c3_pool attempt=1
c3_14q_pool1-c3-rand30_t9-r-1-1789956549,2026-09-20T19:09:09,c3,build_13b440c3_20260918192735,0.001,7de69de,batch,rand30_t9,-1,ok,,30,1000;128;1000;1024;1024;400;1024;32;128;1000;1024;4000;400;8192;4000;1000;32;500;1024;24576;4000;1000;1000;10000;8192;4000;1000;1024;24576;1024,2;2;2;2;2;2;2;2;2;2;2;2;2;2;2;2;2;2;2;2;2;2;2;2;2;2;2;2;2;2,5;6;5;4;3;14;5;8;6;5;3;12;14;3;12;3;8;4;5;2;12;2;3;12;4;12;5;3;2;6,17.66;21.10;17.66;17.12;12.06;50.12;18.92;27.36;21.10;17.66;12.06;42.85;50.12;11.71;42.85;14.50;27.36;26.47;17.97;8.58;42.85;8.94;14.50;43.24;14.84;42.85;17.66;12.06;8.58;59.48,2079.8393,969775198903385,969777295633935,2096.73055,57728,6160640,8520704,656,455800,1,c3_14q_pool1,1,1,0,1,block=2 seq=414 cfg=c3_pool attempt=1
c3_14q_pool1-c3-rand30_t9-r0-1789956552,2026-09-20T19:09:12,c3,build_13b440c3_20260918192735,0.001,7de69de,batch,rand30_t9,0,ok,,30,1000;128;1000;1024;1024;400;1024;32;128;1000;1024;4000;400;8192;4000;1000;32;500;1024;24576;4000;1000;1000;10000;8192;4000;1000;1024;24576;1024,2;2;2;2;2;2;2;2;2;2;2;2;2;2;2;2;2;2;2;2;2;2;2;2;2;2;2;2;2;2,5;6;5;4;3;14;5;8;6;5;3;12;14;3;12;3;8;4;5;2;12;2;3;12;4;12;5;3;2;6,17.66;21.10;17.66;17.12;12.06;50.12;18.92;27.36;21.10;17.66;12.06;42.85;50.12;11.71;42.85;14.50;27.36;26.47;17.97;8.58;42.85;8.94;14.50;43.24;14.84;42.85;17.66;12.06;8.58;59.48,2079.8393,969777823070650,969779919801291,2096.730641,57728,6160640,8520704,668,461499,1,c3_14q_pool1,1,1,0,1,block=2 seq=414 cfg=c3_pool attempt=1
c3_14q_pool1-c3-rand30_t9-r1-1789956554,2026-09-20T19:09:14,c3,build_13b440c3_20260918192735,0.001,7de69de,batch,rand30_t9,1,ok,,30,1000;128;1000;1024;1024;400;1024;32;128;1000;1024;4000;400;8192;4000;1000;32;500;1024;24576;4000;1000;1000;10000;8192;4000;1000;1024;24576;1024,2;2;2;2;2;2;2;2;2;2;2;2;2;2;2;2;2;2;2;2;2;2;2;2;2;2;2;2;2;2,5;6;5;4;3;14;5;8;6;5;3;12;14;3;12;3;8;4;5;2;12;2;3;12;4;12;5;3;2;6,17.66;21.10;17.66;17.12;12.06;50.12;18.92;27.36;21.10;17.66;12.06;42.85;50.12;11.71;42.85;14.50;27.36;26.47;17.97;8.58;42.85;8.94;14.50;43.24;14.84;42.85;17.66;12.06;8.58;59.48,2079.8393,969780446356847,969782543082968,2096.726121,57728,6160640,8520704,654,456065,1,c3_14q_pool1,1,1,0,1,block=2 seq=414 cfg=c3_pool attempt=1
c3_14q_pool1-c3-rand30_t9-r2-1789956557,2026-09-20T19:09:17,c3,build_13b440c3_20260918192735,0.001,7de69de,batch,rand30_t9,2,ok,,30,1000;128;1000;1024;1024;400;1024;32;128;1000;1024;4000;400;8192;4000;1000;32;500;1024;24576;4000;1000;1000;10000;8192;4000;1000;1024;24576;1024,2;2;2;2;2;2;2;2;2;2;2;2;2;2;2;2;2;2;2;2;2;2;2;2;2;2;2;2;2;2,5;6;5;4;3;14;5;8;6;5;3;12;14;3;12;3;8;4;5;2;12;2;3;12;4;12;5;3;2;6,17.66;21.10;17.66;17.12;12.06;50.12;18.92;27.36;21.10;17.66;12.06;42.85;50.12;11.71;42.85;14.50;27.36;26.47;17.97;8.58;42.85;8.94;14.50;43.24;14.84;42.85;17.66;12.06;8.58;59.48,2079.8393,969783071605464,969785168347645,2096.742181,57728,6160640,8520704,488,455078,1,c3_14q_pool1,1,1,0,1,block=2 seq=414 cfg=c3_pool attempt=1
c3_14q_pool1-c3-rand30_t9-r3-1789956560,2026-09-20T19:09:20,c3,build_13b440c3_20260918192735,0.001,7de69de,batch,rand30_t9,3,ok,,30,1000;128;1000;1024;1024;400;1024;32;128;1000;1024;4000;400;8192;4000;1000;32;500;1024;24576;4000;1000;1000;10000;8192;4000;1000;1024;24576;1024,2;2;2;2;2;2;2;2;2;2;2;2;2;2;2;2;2;2;2;2;2;2;2;2;2;2;2;2;2;2,5;6;5;4;3;14;5;8;6;5;3;12;14;3;12;3;8;4;5;2;12;2;3;12;4;12;5;3;2;6,17.66;21.10;17.66;17.12;12.06;50.12;18.92;27.36;21.10;17.66;12.06;42.85;50.12;11.71;42.85;14.50;27.36;26.47;17.97;8.58;42.85;8.94;14.50;43.24;14.84;42.85;17.66;12.06;8.58;59.48,2079.8393,969785697741069,969787794473630,2096.732561,57728,6160640,8520704,853,454253,1,c3_14q_pool1,1,1,0,1,block=2 seq=414 cfg=c3_pool attempt=1
c3_14q_pool1-c3-rand30_t9-r4-1789956562,2026-09-20T19:09:22,c3,build_13b440c3_20260918192735,0.001,7de69de,batch,rand30_t9,4,ok,,30,1000;128;1000;1024;1024;400;1024;32;128;1000;1024;4000;400;8192;4000;1000;32;500;1024;24576;4000;1000;1000;10000;8192;4000;1000;1024;24576;1024,2;2;2;2;2;2;2;2;2;2;2;2;2;2;2;2;2;2;2;2;2;2;2;2;2;2;2;2;2;2,5;6;5;4;3;14;5;8;6;5;3;12;14;3;12;3;8;4;5;2;12;2;3;12;4;12;5;3;2;6,17.66;21.10;17.66;17.12;12.06;50.12;18.92;27.36;21.10;17.66;12.06;42.85;50.12;11.71;42.85;14.50;27.36;26.47;17.97;8.58;42.85;8.94;14.50;43.24;14.84;42.85;17.66;12.06;8.58;59.48,2079.8393,969788322750054,969790419477144,2096.72709,57728,6160640,8520704,1070,455503,1,c3_14q_pool1,1,1,0,1,block=2 seq=414 cfg=c3_pool attempt=1
c3_14q_pool1-c3-rand20_t2-r-1-1789956566,2026-09-20T19:09:26,c3,build_13b440c3_20260918192735,0.001,7de69de,batch,rand20_t2,-1,ok,,20,32;1024;1024;4000;128;1000;1024;1000;1000;8192;1024;500;128;1024;4000;1000;8192;10000;1000;1000,2;2;2;2;2;2;2;2;2;2;2;2;2;2;2;2;2;2;2;2,8;5;3;12;6;3;5;5;3;4;4;4;6;5;2;3;4;1;3;3,27.36;18.92;12.06;42.85;21.10;14.50;18.92;17.66;14.50;14.84;17.12;26.47;21.10;18.92;8.58;14.50;14.84;5.43;14.50;14.50,700.9111,969791502813509,969792211170444,708.356935,23760,2916608,2788928,808,148128,1,c3_14q_pool1,1,1,0,1,block=2 seq=420 cfg=c3_pool attempt=1
c3_14q_pool1-c3-rand20_t2-r0-1789956567,2026-09-20T19:09:27,c3,build_13b440c3_20260918192735,0.001,7de69de,batch,rand20_t2,0,ok,,20,32;1024;1024;4000;128;1000;1024;1000;1000;8192;1024;500;128;1024;4000;1000;8192;10000;1000;1000,2;2;2;2;2;2;2;2;2;2;2;2;2;2;2;2;2;2;2;2,8;5;3;12;6;3;5;5;3;4;4;4;6;5;2;3;4;1;3;3,27.36;18.92;12.06;42.85;21.10;14.50;18.92;17.66;14.50;14.84;17.12;26.47;21.10;18.92;8.58;14.50;14.84;5.43;14.50;14.50,700.9111,969792637929332,969793346348607,708.419275,23760,2916608,2788928,1154,148389,1,c3_14q_pool1,1,1,0,1,block=2 seq=420 cfg=c3_pool attempt=1
c3_14q_pool1-c3-rand20_t2-r1-1789956568,2026-09-20T19:09:28,c3,build_13b440c3_20260918192735,0.001,7de69de,batch,rand20_t2,1,ok,,20,32;1024;1024;4000;128;1000;1024;1000;1000;8192;1024;500;128;1024;4000;1000;8192;10000;1000;1000,2;2;2;2;2;2;2;2;2;2;2;2;2;2;2;2;2;2;2;2,8;5;3;12;6;3;5;5;3;4;4;4;6;5;2;3;4;1;3;3,27.36;18.92;12.06;42.85;21.10;14.50;18.92;17.66;14.50;14.84;17.12;26.47;21.10;18.92;8.58;14.50;14.84;5.43;14.50;14.50,700.9111,969793773780842,969794482147407,708.366565,23760,2916608,2788928,779,150252,1,c3_14q_pool1,1,1,0,1,block=2 seq=420 cfg=c3_pool attempt=1
c3_14q_pool1-c3-rand20_t2-r2-1789956569,2026-09-20T19:09:29,c3,build_13b440c3_20260918192735,0.001,7de69de,batch,rand20_t2,2,ok,,20,32;1024;1024;4000;128;1000;1024;1000;1000;8192;1024;500;128;1024;4000;1000;8192;10000;1000;1000,2;2;2;2;2;2;2;2;2;2;2;2;2;2;2;2;2;2;2;2,8;5;3;12;6;3;5;5;3;4;4;4;6;5;2;3;4;1;3;3,27.36;18.92;12.06;42.85;21.10;14.50;18.92;17.66;14.50;14.84;17.12;26.47;21.10;18.92;8.58;14.50;14.84;5.43;14.50;14.50,700.9111,969794912656543,969795621015088,708.358545,23760,2916608,2788928,810,147653,1,c3_14q_pool1,1,1,0,1,block=2 seq=420 cfg=c3_pool attempt=1
c3_14q_pool1-c3-rand20_t2-r3-1789956570,2026-09-20T19:09:30,c3,build_13b440c3_20260918192735,0.001,7de69de,batch,rand20_t2,3,ok,,20,32;1024;1024;4000;128;1000;1024;1000;1000;8192;1024;500;128;1024;4000;1000;8192;10000;1000;1000,2;2;2;2;2;2;2;2;2;2;2;2;2;2;2;2;2;2;2;2,8;5;3;12;6;3;5;5;3;4;4;4;6;5;2;3;4;1;3;3,27.36;18.92;12.06;42.85;21.10;14.50;18.92;17.66;14.50;14.84;17.12;26.47;21.10;18.92;8.58;14.50;14.84;5.43;14.50;14.50,700.9111,969796050819546,969796759237172,708.417626,23760,2916608,2788928,729,149666,1,c3_14q_pool1,1,1,0,1,block=2 seq=420 cfg=c3_pool attempt=1
c3_14q_pool1-c3-rand20_t2-r4-1789956571,2026-09-20T19:09:31,c3,build_13b440c3_20260918192735,0.001,7de69de,batch,rand20_t2,4,ok,,20,32;1024;1024;4000;128;1000;1024;1000;1000;8192;1024;500;128;1024;4000;1000;8192;10000;1000;1000,2;2;2;2;2;2;2;2;2;2;2;2;2;2;2;2;2;2;2;2,8;5;3;12;6;3;5;5;3;4;4;4;6;5;2;3;4;1;3;3,27.36;18.92;12.06;42.85;21.10;14.50;18.92;17.66;14.50;14.84;17.12;26.47;21.10;18.92;8.58;14.50;14.84;5.43;14.50;14.50,700.9111,969797188592006,969797896944551,708.352545,23760,2916608,2788928,710,151467,1,c3_14q_pool1,1,1,0,1,block=2 seq=420 cfg=c3_pool attempt=1
c1_14q_native_pool1-c1-rand20_t2-r-1-1789956615,2026-09-20T19:10:15,c1,build_0071783e_20260829023649,0.002,7de69de,batch,rand20_t2,-1,ok,,20,32;1024;1024;4000;128;1000;1024;1000;1000;8192;1024;500;128;1024;4000;1000;8192;10000;1000;1000,2;2;2;2;2;2;2;2;2;2;2;2;2;2;2;2;2;2;2;2,8;5;3;12;6;3;5;5;3;4;4;4;6;5;2;3;4;1;3;3,27.36;18.92;12.06;42.85;21.10;14.50;18.92;17.66;14.50;14.84;17.12;26.47;21.10;18.92;8.58;14.50;14.84;5.43;14.50;14.50,700.9111,969840642262430,969841508762677,866.500247,23760,946944,2788928,2147,9746,,c1_14q_native_pool1,0,,,,block=2 seq=426 cfg=c1_native attempt=1
c1_14q_native_pool1-c1-rand20_t2-r0-1789956616,2026-09-20T19:10:16,c1,build_0071783e_20260829023649,0.002,7de69de,batch,rand20_t2,0,ok,,20,32;1024;1024;4000;128;1000;1024;1000;1000;8192;1024;500;128;1024;4000;1000;8192;10000;1000;1000,2;2;2;2;2;2;2;2;2;2;2;2;2;2;2;2;2;2;2;2,8;5;3;12;6;3;5;5;3;4;4;4;6;5;2;3;4;1;3;3,27.36;18.92;12.06;42.85;21.10;14.50;18.92;17.66;14.50;14.84;17.12;26.47;21.10;18.92;8.58;14.50;14.84;5.43;14.50;14.50,700.9111,969841792784227,969842658901550,866.117323,23760,946944,2788928,1889,9081,,c1_14q_native_pool1,0,,,,block=2 seq=426 cfg=c1_native attempt=1
c1_14q_native_pool1-c1-rand20_t2-r1-1789956617,2026-09-20T19:10:17,c1,build_0071783e_20260829023649,0.002,7de69de,batch,rand20_t2,1,ok,,20,32;1024;1024;4000;128;1000;1024;1000;1000;8192;1024;500;128;1024;4000;1000;8192;10000;1000;1000,2;2;2;2;2;2;2;2;2;2;2;2;2;2;2;2;2;2;2;2,8;5;3;12;6;3;5;5;3;4;4;4;6;5;2;3;4;1;3;3,27.36;18.92;12.06;42.85;21.10;14.50;18.92;17.66;14.50;14.84;17.12;26.47;21.10;18.92;8.58;14.50;14.84;5.43;14.50;14.50,700.9111,969842938252034,969843804448847,866.196813,23760,946944,2788928,2162,9652,,c1_14q_native_pool1,0,,,,block=2 seq=426 cfg=c1_native attempt=1
c1_14q_native_pool1-c1-rand20_t2-r2-1789956618,2026-09-20T19:10:18,c1,build_0071783e_20260829023649,0.002,7de69de,batch,rand20_t2,2,ok,,20,32;1024;1024;4000;128;1000;1024;1000;1000;8192;1024;500;128;1024;4000;1000;8192;10000;1000;1000,2;2;2;2;2;2;2;2;2;2;2;2;2;2;2;2;2;2;2;2,8;5;3;12;6;3;5;5;3;4;4;4;6;5;2;3;4;1;3;3,27.36;18.92;12.06;42.85;21.10;14.50;18.92;17.66;14.50;14.84;17.12;26.47;21.10;18.92;8.58;14.50;14.84;5.43;14.50;14.50,700.9111,969844089554349,969844956904383,867.350034,23760,946944,2788928,1935,9246,,c1_14q_native_pool1,0,,,,block=2 seq=426 cfg=c1_native attempt=1
c1_14q_native_pool1-c1-rand20_t2-r3-1789956619,2026-09-20T19:10:19,c1,build_0071783e_20260829023649,0.002,7de69de,batch,rand20_t2,3,ok,,20,32;1024;1024;4000;128;1000;1024;1000;1000;8192;1024;500;128;1024;4000;1000;8192;10000;1000;1000,2;2;2;2;2;2;2;2;2;2;2;2;2;2;2;2;2;2;2;2,8;5;3;12;6;3;5;5;3;4;4;4;6;5;2;3;4;1;3;3,27.36;18.92;12.06;42.85;21.10;14.50;18.92;17.66;14.50;14.84;17.12;26.47;21.10;18.92;8.58;14.50;14.84;5.43;14.50;14.50,700.9111,969845241250017,969846124067087,882.81707,23760,946944,2788928,1887,8992,,c1_14q_native_pool1,0,,,,block=2 seq=426 cfg=c1_native attempt=1
c1_14q_native_pool1-c1-rand20_t2-r4-1789956621,2026-09-20T19:10:21,c1,build_0071783e_20260829023649,0.002,7de69de,batch,rand20_t2,4,ok,,20,32;1024;1024;4000;128;1000;1024;1000;1000;8192;1024;500;128;1024;4000;1000;8192;10000;1000;1000,2;2;2;2;2;2;2;2;2;2;2;2;2;2;2;2;2;2;2;2,8;5;3;12;6;3;5;5;3;4;4;4;6;5;2;3;4;1;3;3,27.36;18.92;12.06;42.85;21.10;14.50;18.92;17.66;14.50;14.84;17.12;26.47;21.10;18.92;8.58;14.50;14.84;5.43;14.50;14.50,700.9111,969846406457511,969847273057739,866.600228,23760,946944,2788928,2162,8904,,c1_14q_native_pool1,0,,,,block=2 seq=426 cfg=c1_native attempt=1
c1_14q_native_pool1-c1-rand10_t9-r-1-1789956622,2026-09-20T19:10:22,c1,build_0071783e_20260829023649,0.002,7de69de,batch,rand10_t9,-1,ok,,10,4000;500;10000;128;8192;1024;1024;1024;1024;4000,2;2;2;2;2;2;2;2;2;2,2;4;12;6;3;5;4;5;4;12,8.58;26.47;43.24;21.10;11.71;17.97;17.12;18.92;17.12;42.85,822.8857,969847827257402,969848750719508,923.462106,16976,616768,3540224,2496,7018,,c1_14q_native_pool1,0,,,,block=2 seq=432 cfg=c1_native attempt=1
c1_14q_native_pool1-c1-rand10_t9-r0-1789956623,2026-09-20T19:10:23,c1,build_0071783e_20260829023649,0.002,7de69de,batch,rand10_t9,0,ok,,10,4000;500;10000;128;8192;1024;1024;1024;1024;4000,2;2;2;2;2;2;2;2;2;2,2;4;12;6;3;5;4;5;4;12,8.58;26.47;43.24;21.10;11.71;17.97;17.12;18.92;17.12;42.85,822.8857,969848835692397,969849758499117,922.80672,16976,616768,3540224,2395,6704,,c1_14q_native_pool1,0,,,,block=2 seq=432 cfg=c1_native attempt=1
c1_14q_native_pool1-c1-rand10_t9-r1-1789956624,2026-09-20T19:10:24,c1,build_0071783e_20260829023649,0.002,7de69de,batch,rand10_t9,1,ok,,10,4000;500;10000;128;8192;1024;1024;1024;1024;4000,2;2;2;2;2;2;2;2;2;2,2;4;12;6;3;5;4;5;4;12,8.58;26.47;43.24;21.10;11.71;17.97;17.12;18.92;17.12;42.85,822.8857,969849845307195,969850769125855,923.81866,16976,616768,3540224,1937,5797,,c1_14q_native_pool1,0,,,,block=2 seq=432 cfg=c1_native attempt=1
c1_14q_native_pool1-c1-rand10_t9-r2-1789956625,2026-09-20T19:10:25,c1,build_0071783e_20260829023649,0.002,7de69de,batch,rand10_t9,2,ok,,10,4000;500;10000;128;8192;1024;1024;1024;1024;4000,2;2;2;2;2;2;2;2;2;2,2;4;12;6;3;5;4;5;4;12,8.58;26.47;43.24;21.10;11.71;17.97;17.12;18.92;17.12;42.85,822.8857,969850855798612,969851797605131,941.806519,16976,616768,3540224,2207,5681,,c1_14q_native_pool1,0,,,,block=2 seq=432 cfg=c1_native attempt=1
c1_14q_native_pool1-c1-rand10_t9-r3-1789956626,2026-09-20T19:10:26,c1,build_0071783e_20260829023649,0.002,7de69de,batch,rand10_t9,3,ok,,10,4000;500;10000;128;8192;1024;1024;1024;1024;4000,2;2;2;2;2;2;2;2;2;2,2;4;12;6;3;5;4;5;4;12,8.58;26.47;43.24;21.10;11.71;17.97;17.12;18.92;17.12;42.85,822.8857,969851883058316,969852806008207,922.949891,16976,616768,3540224,2246,6023,,c1_14q_native_pool1,0,,,,block=2 seq=432 cfg=c1_native attempt=1
c1_14q_native_pool1-c1-rand10_t9-r4-1789956627,2026-09-20T19:10:27,c1,build_0071783e_20260829023649,0.002,7de69de,batch,rand10_t9,4,ok,,10,4000;500;10000;128;8192;1024;1024;1024;1024;4000,2;2;2;2;2;2;2;2;2;2,2;4;12;6;3;5;4;5;4;12,8.58;26.47;43.24;21.10;11.71;17.97;17.12;18.92;17.12;42.85,822.8857,969852891422331,969853814638455,923.216124,16976,616768,3540224,2400,6421,,c1_14q_native_pool1,0,,,,block=2 seq=432 cfg=c1_native attempt=1
c1_14q_native_pool1-c1-rand30_t7-r-1-1789956629,2026-09-20T19:10:29,c1,build_0071783e_20260829023649,0.002,7de69de,batch,rand30_t7,-1,ok,,30,1000;8192;10000;1024;10000;400;1024;8192;24576;1024;1024;8192;4096;10000;4096;10000;1024;1000;24576;1000;4000;4096;10000;1000;4096;10000;1000;500;1000;4000,2;2;2;2;2;2;2;2;2;2;2;2;2;2;2;2;2;2;2;2;2;2;2;2;2;2;2;2;2;2,3;4;12;5;12;14;3;3;2;5;4;4;14;12;14;12;6;2;2;2;2;14;1;3;14;12;2;4;5;2,14.50;14.84;43.24;17.97;43.24;50.12;12.06;11.71;8.58;18.92;17.12;14.84;46.42;43.24;46.42;43.24;59.48;8.94;8.58;8.94;8.58;46.42;5.43;14.50;46.42;43.24;8.94;26.47;17.66;8.58,4041.8606,969854513536995,969858900931816,4387.394821,62960,2127504,17430720,2913,30490,,c1_14q_native_pool1,0,,,,block=2 seq=438 cfg=c1_native attempt=1
c1_14q_native_pool1-c1-rand30_t7-r0-1789956633,2026-09-20T19:10:33,c1,build_0071783e_20260829023649,0.002,7de69de,batch,rand30_t7,0,ok,,30,1000;8192;10000;1024;10000;400;1024;8192;24576;1024;1024;8192;4096;10000;4096;10000;1024;1000;24576;1000;4000;4096;10000;1000;4096;10000;1000;500;1000;4000,2;2;2;2;2;2;2;2;2;2;2;2;2;2;2;2;2;2;2;2;2;2;2;2;2;2;2;2;2;2,3;4;12;5;12;14;3;3;2;5;4;4;14;12;14;12;6;2;2;2;2;14;1;3;14;12;2;4;5;2,14.50;14.84;43.24;17.97;43.24;50.12;12.06;11.71;8.58;18.92;17.12;14.84;46.42;43.24;46.42;43.24;59.48;8.94;8.58;8.94;8.58;46.42;5.43;14.50;46.42;43.24;8.94;26.47;17.66;8.58,4041.8606,969859039105137,969863426399227,4387.29409,62960,2127504,17430720,2958,31754,,c1_14q_native_pool1,0,,,,block=2 seq=438 cfg=c1_native attempt=1
c1_14q_native_pool1-c1-rand30_t7-r1-1789956638,2026-09-20T19:10:38,c1,build_0071783e_20260829023649,0.002,7de69de,batch,rand30_t7,1,ok,,30,1000;8192;10000;1024;10000;400;1024;8192;24576;1024;1024;8192;4096;10000;4096;10000;1024;1000;24576;1000;4000;4096;10000;1000;4096;10000;1000;500;1000;4000,2;2;2;2;2;2;2;2;2;2;2;2;2;2;2;2;2;2;2;2;2;2;2;2;2;2;2;2;2;2,3;4;12;5;12;14;3;3;2;5;4;4;14;12;14;12;6;2;2;2;2;14;1;3;14;12;2;4;5;2,14.50;14.84;43.24;17.97;43.24;50.12;12.06;11.71;8.58;18.92;17.12;14.84;46.42;43.24;46.42;43.24;59.48;8.94;8.58;8.94;8.58;46.42;5.43;14.50;46.42;43.24;8.94;26.47;17.66;8.58,4041.8606,969863557531699,969868046103131,4488.571432,62960,2127504,17430720,2768,29050,,c1_14q_native_pool1,0,,,,block=2 seq=438 cfg=c1_native attempt=1
c1_14q_native_pool1-c1-rand30_t7-r2-1789956643,2026-09-20T19:10:43,c1,build_0071783e_20260829023649,0.002,7de69de,batch,rand30_t7,2,ok,,30,1000;8192;10000;1024;10000;400;1024;8192;24576;1024;1024;8192;4096;10000;4096;10000;1024;1000;24576;1000;4000;4096;10000;1000;4096;10000;1000;500;1000;4000,2;2;2;2;2;2;2;2;2;2;2;2;2;2;2;2;2;2;2;2;2;2;2;2;2;2;2;2;2;2,3;4;12;5;12;14;3;3;2;5;4;4;14;12;14;12;6;2;2;2;2;14;1;3;14;12;2;4;5;2,14.50;14.84;43.24;17.97;43.24;50.12;12.06;11.71;8.58;18.92;17.12;14.84;46.42;43.24;46.42;43.24;59.48;8.94;8.58;8.94;8.58;46.42;5.43;14.50;46.42;43.24;8.94;26.47;17.66;8.58,4041.8606,969868188597377,969872676848666,4488.251289,62960,2127504,17430720,2825,28469,,c1_14q_native_pool1,0,,,,block=2 seq=438 cfg=c1_native attempt=1
c1_14q_native_pool1-c1-rand30_t7-r3-1789956647,2026-09-20T19:10:47,c1,build_0071783e_20260829023649,0.002,7de69de,batch,rand30_t7,3,ok,,30,1000;8192;10000;1024;10000;400;1024;8192;24576;1024;1024;8192;4096;10000;4096;10000;1024;1000;24576;1000;4000;4096;10000;1000;4096;10000;1000;500;1000;4000,2;2;2;2;2;2;2;2;2;2;2;2;2;2;2;2;2;2;2;2;2;2;2;2;2;2;2;2;2;2,3;4;12;5;12;14;3;3;2;5;4;4;14;12;14;12;6;2;2;2;2;14;1;3;14;12;2;4;5;2,14.50;14.84;43.24;17.97;43.24;50.12;12.06;11.71;8.58;18.92;17.12;14.84;46.42;43.24;46.42;43.24;59.48;8.94;8.58;8.94;8.58;46.42;5.43;14.50;46.42;43.24;8.94;26.47;17.66;8.58,4041.8606,969872811281381,969877198625401,4387.34402,62960,2127504,17430720,3248,32929,,c1_14q_native_pool1,0,,,,block=2 seq=438 cfg=c1_native attempt=1
c1_14q_native_pool1-c1-rand30_t7-r4-1789956652,2026-09-20T19:10:52,c1,build_0071783e_20260829023649,0.002,7de69de,batch,rand30_t7,4,ok,,30,1000;8192;10000;1024;10000;400;1024;8192;24576;1024;1024;8192;4096;10000;4096;10000;1024;1000;24576;1000;4000;4096;10000;1000;4096;10000;1000;500;1000;4000,2;2;2;2;2;2;2;2;2;2;2;2;2;2;2;2;2;2;2;2;2;2;2;2;2;2;2;2;2;2,3;4;12;5;12;14;3;3;2;5;4;4;14;12;14;12;6;2;2;2;2;14;1;3;14;12;2;4;5;2,14.50;14.84;43.24;17.97;43.24;50.12;12.06;11.71;8.58;18.92;17.12;14.84;46.42;43.24;46.42;43.24;59.48;8.94;8.58;8.94;8.58;46.42;5.43;14.50;46.42;43.24;8.94;26.47;17.66;8.58,4041.8606,969877339335898,969881823562748,4484.22685,62960,2127504,17430720,2859,29195,,c1_14q_native_pool1,0,,,,block=2 seq=438 cfg=c1_native attempt=1
c1_14q_native_pool1-c1-rand20_t7-r-1-1789956657,2026-09-20T19:10:57,c1,build_0071783e_20260829023649,0.002,7de69de,batch,rand20_t7,-1,ok,,20,128;10000;1024;1024;1000;1000;1000;1024;4096;1024;8192;10000;8192;32;1024;1024;8192;1000;1024;1024,2;2;2;2;2;2;2;2;2;2;2;2;2;2;2;2;2;2;2;2,6;1;5;6;3;5;3;5;14;3;4;12;3;8;4;4;3;3;3;6,21.10;5.43;18.92;59.48;14.50;17.66;14.50;17.97;46.42;12.06;14.84;43.24;11.71;27.36;17.12;17.12;11.71;14.50;12.06;59.48,1274.4202,969882579945893,969884067527541,1487.581648,42704,1104000,5089856,2389,9897,,c1_14q_native_pool1,0,,,,block=2 seq=444 cfg=c1_native attempt=1
c1_14q_native_pool1-c1-rand20_t7-r0-1789956659,2026-09-20T19:10:59,c1,build_0071783e_20260829023649,0.002,7de69de,batch,rand20_t7,0,ok,,20,128;10000;1024;1024;1000;1000;1000;1024;4096;1024;8192;10000;8192;32;1024;1024;8192;1000;1024;1024,2;2;2;2;2;2;2;2;2;2;2;2;2;2;2;2;2;2;2;2,6;1;5;6;3;5;3;5;14;3;4;12;3;8;4;4;3;3;3;6,21.10;5.43;18.92;59.48;14.50;17.66;14.50;17.97;46.42;12.06;14.84;43.24;11.71;27.36;17.12;17.12;11.71;14.50;12.06;59.48,1274.4202,969884290720163,969885778566944,1487.846781,42704,1104000,5089856,2324,9837,,c1_14q_native_pool1,0,,,,block=2 seq=444 cfg=c1_native attempt=1
c1_14q_native_pool1-c1-rand20_t7-r1-1789956660,2026-09-20T19:11:00,c1,build_0071783e_20260829023649,0.002,7de69de,batch,rand20_t7,1,ok,,20,128;10000;1024;1024;1000;1000;1000;1024;4096;1024;8192;10000;8192;32;1024;1024;8192;1000;1024;1024,2;2;2;2;2;2;2;2;2;2;2;2;2;2;2;2;2;2;2;2,6;1;5;6;3;5;3;5;14;3;4;12;3;8;4;4;3;3;3;6,21.10;5.43;18.92;59.48;14.50;17.66;14.50;17.97;46.42;12.06;14.84;43.24;11.71;27.36;17.12;17.12;11.71;14.50;12.06;59.48,1274.4202,969886001674905,969887490724338,1489.049433,42704,1104000,5089856,2336,9078,,c1_14q_native_pool1,0,,,,block=2 seq=444 cfg=c1_native attempt=1
c1_14q_native_pool1-c1-rand20_t7-r2-1789956662,2026-09-20T19:11:02,c1,build_0071783e_20260829023649,0.002,7de69de,batch,rand20_t7,2,ok,,20,128;10000;1024;1024;1000;1000;1000;1024;4096;1024;8192;10000;8192;32;1024;1024;8192;1000;1024;1024,2;2;2;2;2;2;2;2;2;2;2;2;2;2;2;2;2;2;2;2,6;1;5;6;3;5;3;5;14;3;4;12;3;8;4;4;3;3;3;6,21.10;5.43;18.92;59.48;14.50;17.66;14.50;17.97;46.42;12.06;14.84;43.24;11.71;27.36;17.12;17.12;11.71;14.50;12.06;59.48,1274.4202,969887714869250,969889173491598,1458.622348,42704,1104000,5089856,2355,9667,,c1_14q_native_pool1,0,,,,block=2 seq=444 cfg=c1_native attempt=1
c1_14q_native_pool1-c1-rand20_t7-r3-1789956664,2026-09-20T19:11:04,c1,build_0071783e_20260829023649,0.002,7de69de,batch,rand20_t7,3,ok,,20,128;10000;1024;1024;1000;1000;1000;1024;4096;1024;8192;10000;8192;32;1024;1024;8192;1000;1024;1024,2;2;2;2;2;2;2;2;2;2;2;2;2;2;2;2;2;2;2;2,6;1;5;6;3;5;3;5;14;3;4;12;3;8;4;4;3;3;3;6,21.10;5.43;18.92;59.48;14.50;17.66;14.50;17.97;46.42;12.06;14.84;43.24;11.71;27.36;17.12;17.12;11.71;14.50;12.06;59.48,1274.4202,969889394118555,969890851883825,1457.76527,42704,1104000,5089856,2451,10754,,c1_14q_native_pool1,0,,,,block=2 seq=444 cfg=c1_native attempt=1
c1_14q_native_pool1-c1-rand20_t7-r4-1789956665,2026-09-20T19:11:05,c1,build_0071783e_20260829023649,0.002,7de69de,batch,rand20_t7,4,ok,,20,128;10000;1024;1024;1000;1000;1000;1024;4096;1024;8192;10000;8192;32;1024;1024;8192;1000;1024;1024,2;2;2;2;2;2;2;2;2;2;2;2;2;2;2;2;2;2;2;2,6;1;5;6;3;5;3;5;14;3;4;12;3;8;4;4;3;3;3;6,21.10;5.43;18.92;59.48;14.50;17.66;14.50;17.97;46.42;12.06;14.84;43.24;11.71;27.36;17.12;17.12;11.71;14.50;12.06;59.48,1274.4202,969891076119008,969892563377782,1487.258774,42704,1104000,5089856,2410,10487,,c1_14q_native_pool1,0,,,,block=2 seq=444 cfg=c1_native attempt=1
c1_14q_native_pool1-c1-rand30_t9-r-1-1789956667,2026-09-20T19:11:07,c1,build_0071783e_20260829023649,0.002,7de69de,batch,rand30_t9,-1,ok,,30,1000;128;1000;1024;1024;400;1024;32;128;1000;1024;4000;400;8192;4000;1000;32;500;1024;24576;4000;1000;1000;10000;8192;4000;1000;1024;24576;1024,2;2;2;2;2;2;2;2;2;2;2;2;2;2;2;2;2;2;2;2;2;2;2;2;2;2;2;2;2;2,5;6;5;4;3;14;5;8;6;5;3;12;14;3;12;3;8;4;5;2;12;2;3;12;4;12;5;3;2;6,17.66;21.10;17.66;17.12;12.06;50.12;18.92;27.36;21.10;17.66;12.06;42.85;50.12;11.71;42.85;14.50;27.36;26.47;17.97;8.58;42.85;8.94;14.50;43.24;14.84;42.85;17.66;12.06;8.58;59.48,2079.8393,969893312962449,969895765367437,2452.404988,57728,2017856,8520704,2659,17491,,c1_14q_native_pool1,0,,,,block=2 seq=450 cfg=c1_native attempt=1
c1_14q_native_pool1-c1-rand30_t9-r0-1789956670,2026-09-20T19:11:10,c1,build_0071783e_20260829023649,0.002,7de69de,batch,rand30_t9,0,ok,,30,1000;128;1000;1024;1024;400;1024;32;128;1000;1024;4000;400;8192;4000;1000;32;500;1024;24576;4000;1000;1000;10000;8192;4000;1000;1024;24576;1024,2;2;2;2;2;2;2;2;2;2;2;2;2;2;2;2;2;2;2;2;2;2;2;2;2;2;2;2;2;2,5;6;5;4;3;14;5;8;6;5;3;12;14;3;12;3;8;4;5;2;12;2;3;12;4;12;5;3;2;6,17.66;21.10;17.66;17.12;12.06;50.12;18.92;27.36;21.10;17.66;12.06;42.85;50.12;11.71;42.85;14.50;27.36;26.47;17.97;8.58;42.85;8.94;14.50;43.24;14.84;42.85;17.66;12.06;8.58;59.48,2079.8393,969895954405098,969898407428502,2453.023404,57728,2017856,8520704,2945,19307,,c1_14q_native_pool1,0,,,,block=2 seq=450 cfg=c1_native attempt=1
c1_14q_native_pool1-c1-rand30_t9-r1-1789956673,2026-09-20T19:11:13,c1,build_0071783e_20260829023649,0.002,7de69de,batch,rand30_t9,1,ok,,30,1000;128;1000;1024;1024;400;1024;32;128;1000;1024;4000;400;8192;4000;1000;32;500;1024;24576;4000;1000;1000;10000;8192;4000;1000;1024;24576;1024,2;2;2;2;2;2;2;2;2;2;2;2;2;2;2;2;2;2;2;2;2;2;2;2;2;2;2;2;2;2,5;6;5;4;3;14;5;8;6;5;3;12;14;3;12;3;8;4;5;2;12;2;3;12;4;12;5;3;2;6,17.66;21.10;17.66;17.12;12.06;50.12;18.92;27.36;21.10;17.66;12.06;42.85;50.12;11.71;42.85;14.50;27.36;26.47;17.97;8.58;42.85;8.94;14.50;43.24;14.84;42.85;17.66;12.06;8.58;59.48,2079.8393,969898594515033,969901044663379,2450.148346,57728,2017856,8520704,2690,19472,,c1_14q_native_pool1,0,,,,block=2 seq=450 cfg=c1_native attempt=1
c1_14q_native_pool1-c1-rand30_t9-r2-1789956676,2026-09-20T19:11:16,c1,build_0071783e_20260829023649,0.002,7de69de,batch,rand30_t9,2,ok,,30,1000;128;1000;1024;1024;400;1024;32;128;1000;1024;4000;400;8192;4000;1000;32;500;1024;24576;4000;1000;1000;10000;8192;4000;1000;1024;24576;1024,2;2;2;2;2;2;2;2;2;2;2;2;2;2;2;2;2;2;2;2;2;2;2;2;2;2;2;2;2;2,5;6;5;4;3;14;5;8;6;5;3;12;14;3;12;3;8;4;5;2;12;2;3;12;4;12;5;3;2;6,17.66;21.10;17.66;17.12;12.06;50.12;18.92;27.36;21.10;17.66;12.06;42.85;50.12;11.71;42.85;14.50;27.36;26.47;17.97;8.58;42.85;8.94;14.50;43.24;14.84;42.85;17.66;12.06;8.58;59.48,2079.8393,969901230656739,969903685137507,2454.480768,57728,2017856,8520704,2587,18345,,c1_14q_native_pool1,0,,,,block=2 seq=450 cfg=c1_native attempt=1
c1_14q_native_pool1-c1-rand30_t9-r3-1789956678,2026-09-20T19:11:18,c1,build_0071783e_20260829023649,0.002,7de69de,batch,rand30_t9,3,ok,,30,1000;128;1000;1024;1024;400;1024;32;128;1000;1024;4000;400;8192;4000;1000;32;500;1024;24576;4000;1000;1000;10000;8192;4000;1000;1024;24576;1024,2;2;2;2;2;2;2;2;2;2;2;2;2;2;2;2;2;2;2;2;2;2;2;2;2;2;2;2;2;2,5;6;5;4;3;14;5;8;6;5;3;12;14;3;12;3;8;4;5;2;12;2;3;12;4;12;5;3;2;6,17.66;21.10;17.66;17.12;12.06;50.12;18.92;27.36;21.10;17.66;12.06;42.85;50.12;11.71;42.85;14.50;27.36;26.47;17.97;8.58;42.85;8.94;14.50;43.24;14.84;42.85;17.66;12.06;8.58;59.48,2079.8393,969903870812394,969906322909869,2452.097475,57728,2017856,8520704,2929,19494,,c1_14q_native_pool1,0,,,,block=2 seq=450 cfg=c1_native attempt=1
c1_14q_native_pool1-c1-rand30_t9-r4-1789956681,2026-09-20T19:11:21,c1,build_0071783e_20260829023649,0.002,7de69de,batch,rand30_t9,4,ok,,30,1000;128;1000;1024;1024;400;1024;32;128;1000;1024;4000;400;8192;4000;1000;32;500;1024;24576;4000;1000;1000;10000;8192;4000;1000;1024;24576;1024,2;2;2;2;2;2;2;2;2;2;2;2;2;2;2;2;2;2;2;2;2;2;2;2;2;2;2;2;2;2,5;6;5;4;3;14;5;8;6;5;3;12;14;3;12;3;8;4;5;2;12;2;3;12;4;12;5;3;2;6,17.66;21.10;17.66;17.12;12.06;50.12;18.92;27.36;21.10;17.66;12.06;42.85;50.12;11.71;42.85;14.50;27.36;26.47;17.97;8.58;42.85;8.94;14.50;43.24;14.84;42.85;17.66;12.06;8.58;59.48,2079.8393,969906513853689,969908967076635,2453.222946,57728,2017856,8520704,2598,16878,,c1_14q_native_pool1,0,,,,block=2 seq=450 cfg=c1_native attempt=1
c1_14q_native_pool1-c1-rand10_t7-r-1-1789956684,2026-09-20T19:11:24,c1,build_0071783e_20260829023649,0.002,7de69de,batch,rand10_t7,-1,ok,,10,1000;1024;4000;8192;4096;1024;1024;32;1024;1000,2;2;2;2;2;2;2;2;2;2,3;6;12;4;14;5;6;8;3;3,14.50;59.48;42.85;14.84;46.42;17.97;59.48;27.36;12.06;14.50,665.5613,969909578564821,969910354183698,775.618877,33120,710304,2629376,1394,4628,,c1_14q_native_pool1,0,,,,block=2 seq=456 cfg=c1_native attempt=1
c1_14q_native_pool1-c1-rand10_t7-r0-1789956685,2026-09-20T19:11:25,c1,build_0071783e_20260829023649,0.002,7de69de,batch,rand10_t7,0,ok,,10,1000;1024;4000;8192;4096;1024;1024;32;1024;1000,2;2;2;2;2;2;2;2;2;2,3;6;12;4;14;5;6;8;3;3,14.50;59.48;42.85;14.84;46.42;17.97;59.48;27.36;12.06;14.50,665.5613,969910463524342,969911238137289,774.612947,33120,710304,2629376,1325,4677,,c1_14q_native_pool1,0,,,,block=2 seq=456 cfg=c1_native attempt=1
c1_14q_native_pool1-c1-rand10_t7-r1-1789956686,2026-09-20T19:11:26,c1,build_0071783e_20260829023649,0.002,7de69de,batch,rand10_t7,1,ok,,10,1000;1024;4000;8192;4096;1024;1024;32;1024;1000,2;2;2;2;2;2;2;2;2;2,3;6;12;4;14;5;6;8;3;3,14.50;59.48;42.85;14.84;46.42;17.97;59.48;27.36;12.06;14.50,665.5613,969911352361742,969912144802857,792.441115,33120,710304,2629376,1811,6235,,c1_14q_native_pool1,0,,,,block=2 seq=456 cfg=c1_native attempt=1
c1_14q_native_pool1-c1-rand10_t7-r2-1789956687,2026-09-20T19:11:27,c1,build_0071783e_20260829023649,0.002,7de69de,batch,rand10_t7,2,ok,,10,1000;1024;4000;8192;4096;1024;1024;32;1024;1000,2;2;2;2;2;2;2;2;2;2,3;6;12;4;14;5;6;8;3;3,14.50;59.48;42.85;14.84;46.42;17.97;59.48;27.36;12.06;14.50,665.5613,969912260442724,969913036014831,775.572107,33120,710304,2629376,1416,4726,,c1_14q_native_pool1,0,,,,block=2 seq=456 cfg=c1_native attempt=1
c1_14q_native_pool1-c1-rand10_t7-r3-1789956688,2026-09-20T19:11:28,c1,build_0071783e_20260829023649,0.002,7de69de,batch,rand10_t7,3,ok,,10,1000;1024;4000;8192;4096;1024;1024;32;1024;1000,2;2;2;2;2;2;2;2;2;2,3;6;12;4;14;5;6;8;3;3,14.50;59.48;42.85;14.84;46.42;17.97;59.48;27.36;12.06;14.50,665.5613,969913150980161,969913938700569,787.720408,33120,710304,2629376,1332,4619,,c1_14q_native_pool1,0,,,,block=2 seq=456 cfg=c1_native attempt=1
c1_14q_native_pool1-c1-rand10_t7-r4-1789956688,2026-09-20T19:11:28,c1,build_0071783e_20260829023649,0.002,7de69de,batch,rand10_t7,4,ok,,10,1000;1024;4000;8192;4096;1024;1024;32;1024;1000,2;2;2;2;2;2;2;2;2;2,3;6;12;4;14;5;6;8;3;3,14.50;59.48;42.85;14.84;46.42;17.97;59.48;27.36;12.06;14.50,665.5613,969914053514897,969914846181685,792.666788,33120,710304,2629376,1518,5266,,c1_14q_native_pool1,0,,,,block=2 seq=456 cfg=c1_native attempt=1
c1_14q_pool1-c1-rand30_t9-r-1-1789956690,2026-09-20T19:11:30,c1,build_0071783e_20260829023649,0.002,7de69de,batch,rand30_t9,-1,ok,,30,1000;128;1000;1024;1024;400;1024;32;128;1000;1024;4000;400;8192;4000;1000;32;500;1024;24576;4000;1000;1000;10000;8192;4000;1000;1024;24576;1024,2;2;2;2;2;2;2;2;2;2;2;2;2;2;2;2;2;2;2;2;2;2;2;2;2;2;2;2;2;2,5;6;5;4;3;14;5;8;6;5;3;12;14;3;12;3;8;4;5;2;12;2;3;12;4;12;5;3;2;6,17.66;21.10;17.66;17.12;12.06;50.12;18.92;27.36;21.10;17.66;12.06;42.85;50.12;11.71;42.85;14.50;27.36;26.47;17.97;8.58;42.85;8.94;14.50;43.24;14.84;42.85;17.66;12.06;8.58;59.48,2079.8393,969916073008655,969918296385443,2223.376788,57728,64448,8520704,2264,16647,,c1_14q_pool1,1,,,,block=2 seq=462 cfg=c1_pool attempt=1
c1_14q_pool1-c1-rand30_t9-r0-1789956693,2026-09-20T19:11:33,c1,build_0071783e_20260829023649,0.002,7de69de,batch,rand30_t9,0,ok,,30,1000;128;1000;1024;1024;400;1024;32;128;1000;1024;4000;400;8192;4000;1000;32;500;1024;24576;4000;1000;1000;10000;8192;4000;1000;1024;24576;1024,2;2;2;2;2;2;2;2;2;2;2;2;2;2;2;2;2;2;2;2;2;2;2;2;2;2;2;2;2;2,5;6;5;4;3;14;5;8;6;5;3;12;14;3;12;3;8;4;5;2;12;2;3;12;4;12;5;3;2;6,17.66;21.10;17.66;17.12;12.06;50.12;18.92;27.36;21.10;17.66;12.06;42.85;50.12;11.71;42.85;14.50;27.36;26.47;17.97;8.58;42.85;8.94;14.50;43.24;14.84;42.85;17.66;12.06;8.58;59.48,2079.8393,969918757593635,969920978344356,2220.750721,57728,64448,8520704,2559,17174,,c1_14q_pool1,1,,,,block=2 seq=462 cfg=c1_pool attempt=1
c1_14q_pool1-c1-rand30_t9-r1-1789956695,2026-09-20T19:11:35,c1,build_0071783e_20260829023649,0.002,7de69de,batch,rand30_t9,1,ok,,30,1000;128;1000;1024;1024;400;1024;32;128;1000;1024;4000;400;8192;4000;1000;32;500;1024;24576;4000;1000;1000;10000;8192;4000;1000;1024;24576;1024,2;2;2;2;2;2;2;2;2;2;2;2;2;2;2;2;2;2;2;2;2;2;2;2;2;2;2;2;2;2,5;6;5;4;3;14;5;8;6;5;3;12;14;3;12;3;8;4;5;2;12;2;3;12;4;12;5;3;2;6,17.66;21.10;17.66;17.12;12.06;50.12;18.92;27.36;21.10;17.66;12.06;42.85;50.12;11.71;42.85;14.50;27.36;26.47;17.97;8.58;42.85;8.94;14.50;43.24;14.84;42.85;17.66;12.06;8.58;59.48,2079.8393,969921443459528,969923659589413,2216.129885,57728,64448,8520704,2797,18483,,c1_14q_pool1,1,,,,block=2 seq=462 cfg=c1_pool attempt=1
c1_14q_pool1-c1-rand30_t9-r2-1789956698,2026-09-20T19:11:38,c1,build_0071783e_20260829023649,0.002,7de69de,batch,rand30_t9,2,ok,,30,1000;128;1000;1024;1024;400;1024;32;128;1000;1024;4000;400;8192;4000;1000;32;500;1024;24576;4000;1000;1000;10000;8192;4000;1000;1024;24576;1024,2;2;2;2;2;2;2;2;2;2;2;2;2;2;2;2;2;2;2;2;2;2;2;2;2;2;2;2;2;2,5;6;5;4;3;14;5;8;6;5;3;12;14;3;12;3;8;4;5;2;12;2;3;12;4;12;5;3;2;6,17.66;21.10;17.66;17.12;12.06;50.12;18.92;27.36;21.10;17.66;12.06;42.85;50.12;11.71;42.85;14.50;27.36;26.47;17.97;8.58;42.85;8.94;14.50;43.24;14.84;42.85;17.66;12.06;8.58;59.48,2079.8393,969924123161000,969926313923301,2190.762301,57728,64448,8520704,2781,18815,,c1_14q_pool1,1,,,,block=2 seq=462 cfg=c1_pool attempt=1
c1_14q_pool1-c1-rand30_t9-r3-1789956701,2026-09-20T19:11:41,c1,build_0071783e_20260829023649,0.002,7de69de,batch,rand30_t9,3,ok,,30,1000;128;1000;1024;1024;400;1024;32;128;1000;1024;4000;400;8192;4000;1000;32;500;1024;24576;4000;1000;1000;10000;8192;4000;1000;1024;24576;1024,2;2;2;2;2;2;2;2;2;2;2;2;2;2;2;2;2;2;2;2;2;2;2;2;2;2;2;2;2;2,5;6;5;4;3;14;5;8;6;5;3;12;14;3;12;3;8;4;5;2;12;2;3;12;4;12;5;3;2;6,17.66;21.10;17.66;17.12;12.06;50.12;18.92;27.36;21.10;17.66;12.06;42.85;50.12;11.71;42.85;14.50;27.36;26.47;17.97;8.58;42.85;8.94;14.50;43.24;14.84;42.85;17.66;12.06;8.58;59.48,2079.8393,969926779251485,969928970031836,2190.780351,57728,64448,8520704,2532,18878,,c1_14q_pool1,1,,,,block=2 seq=462 cfg=c1_pool attempt=1
c1_14q_pool1-c1-rand30_t9-r4-1789956703,2026-09-20T19:11:43,c1,build_0071783e_20260829023649,0.002,7de69de,batch,rand30_t9,4,ok,,30,1000;128;1000;1024;1024;400;1024;32;128;1000;1024;4000;400;8192;4000;1000;32;500;1024;24576;4000;1000;1000;10000;8192;4000;1000;1024;24576;1024,2;2;2;2;2;2;2;2;2;2;2;2;2;2;2;2;2;2;2;2;2;2;2;2;2;2;2;2;2;2,5;6;5;4;3;14;5;8;6;5;3;12;14;3;12;3;8;4;5;2;12;2;3;12;4;12;5;3;2;6,17.66;21.10;17.66;17.12;12.06;50.12;18.92;27.36;21.10;17.66;12.06;42.85;50.12;11.71;42.85;14.50;27.36;26.47;17.97;8.58;42.85;8.94;14.50;43.24;14.84;42.85;17.66;12.06;8.58;59.48,2079.8393,969929435102117,969931624043850,2188.941733,57728,64448,8520704,2543,16932,,c1_14q_pool1,1,,,,block=2 seq=462 cfg=c1_pool attempt=1
c1_14q_pool1-c1-rand10_t9-r-1-1789956707,2026-09-20T19:11:47,c1,build_0071783e_20260829023649,0.002,7de69de,batch,rand10_t9,-1,ok,,10,4000;500;10000;128;8192;1024;1024;1024;1024;4000,2;2;2;2;2;2;2;2;2;2,2;4;12;6;3;5;4;5;4;12,8.58;26.47;43.24;21.10;11.71;17.97;17.12;18.92;17.12;42.85,822.8857,969932655292584,969933514297426,859.004842,16976,19216,3540224,2198,5729,,c1_14q_pool1,1,,,,block=2 seq=468 cfg=c1_pool attempt=1
c1_14q_pool1-c1-rand10_t9-r0-1789956708,2026-09-20T19:11:48,c1,build_0071783e_20260829023649,0.002,7de69de,batch,rand10_t9,0,ok,,10,4000;500;10000;128;8192;1024;1024;1024;1024;4000,2;2;2;2;2;2;2;2;2;2,2;4;12;6;3;5;4;5;4;12,8.58;26.47;43.24;21.10;11.71;17.97;17.12;18.92;17.12;42.85,822.8857,969933917329776,969934776348728,859.018952,16976,19216,3540224,2199,6041,,c1_14q_pool1,1,,,,block=2 seq=468 cfg=c1_pool attempt=1
c1_14q_pool1-c1-rand10_t9-r1-1789956709,2026-09-20T19:11:49,c1,build_0071783e_20260829023649,0.002,7de69de,batch,rand10_t9,1,ok,,10,4000;500;10000;128;8192;1024;1024;1024;1024;4000,2;2;2;2;2;2;2;2;2;2,2;4;12;6;3;5;4;5;4;12,8.58;26.47;43.24;21.10;11.71;17.97;17.12;18.92;17.12;42.85,822.8857,969935180843424,969936039933146,859.089722,16976,19216,3540224,2173,6518,,c1_14q_pool1,1,,,,block=2 seq=468 cfg=c1_pool attempt=1
c1_14q_pool1-c1-rand10_t9-r2-1789956711,2026-09-20T19:11:51,c1,build_0071783e_20260829023649,0.002,7de69de,batch,rand10_t9,2,ok,,10,4000;500;10000;128;8192;1024;1024;1024;1024;4000,2;2;2;2;2;2;2;2;2;2,2;4;12;6;3;5;4;5;4;12,8.58;26.47;43.24;21.10;11.71;17.97;17.12;18.92;17.12;42.85,822.8857,969936445202869,969937304187150,858.984281,16976,19216,3540224,2071,5976,,c1_14q_pool1,1,,,,block=2 seq=468 cfg=c1_pool attempt=1
c1_14q_pool1-c1-rand10_t9-r3-1789956712,2026-09-20T19:11:52,c1,build_0071783e_20260829023649,0.002,7de69de,batch,rand10_t9,3,ok,,10,4000;500;10000;128;8192;1024;1024;1024;1024;4000,2;2;2;2;2;2;2;2;2;2,2;4;12;6;3;5;4;5;4;12,8.58;26.47;43.24;21.10;11.71;17.97;17.12;18.92;17.12;42.85,822.8857,969937709105890,969938568394094,859.288204,16976,19216,3540224,2149,5545,,c1_14q_pool1,1,,,,block=2 seq=468 cfg=c1_pool attempt=1
c1_14q_pool1-c1-rand10_t9-r4-1789956713,2026-09-20T19:11:53,c1,build_0071783e_20260829023649,0.002,7de69de,batch,rand10_t9,4,ok,,10,4000;500;10000;128;8192;1024;1024;1024;1024;4000,2;2;2;2;2;2;2;2;2;2,2;4;12;6;3;5;4;5;4;12,8.58;26.47;43.24;21.10;11.71;17.97;17.12;18.92;17.12;42.85,822.8857,969938972908150,969939832156574,859.248424,16976,19216,3540224,2198,5981,,c1_14q_pool1,1,,,,block=2 seq=468 cfg=c1_pool attempt=1
c1_14q_pool1-c1-rand10_t7-r-1-1789956715,2026-09-20T19:11:55,c1,build_0071783e_20260829023649,0.002,7de69de,batch,rand10_t7,-1,ok,,10,1000;1024;4000;8192;4096;1024;1024;32;1024;1000,2;2;2;2;2;2;2;2;2;2,3;6;12;4;14;5;6;8;3;3,14.50;59.48;42.85;14.84;46.42;17.97;59.48;27.36;12.06;14.50,665.5613,969940966662731,969941667754703,701.091972,33120,35360,2629376,1658,5799,,c1_14q_pool1,1,,,,block=2 seq=474 cfg=c1_pool attempt=1
c1_14q_pool1-c1-rand10_t7-r0-1789956716,2026-09-20T19:11:56,c1,build_0071783e_20260829023649,0.002,7de69de,batch,rand10_t7,0,ok,,10,1000;1024;4000;8192;4096;1024;1024;32;1024;1000,2;2;2;2;2;2;2;2;2;2,3;6;12;4;14;5;6;8;3;3,14.50;59.48;42.85;14.84;46.42;17.97;59.48;27.36;12.06;14.50,665.5613,969942123833724,969942824973567,701.139843,33120,35360,2629376,1729,5999,,c1_14q_pool1,1,,,,block=2 seq=474 cfg=c1_pool attempt=1
c1_14q_pool1-c1-rand10_t7-r1-1789956717,2026-09-20T19:11:57,c1,build_0071783e_20260829023649,0.002,7de69de,batch,rand10_t7,1,ok,,10,1000;1024;4000;8192;4096;1024;1024;32;1024;1000,2;2;2;2;2;2;2;2;2;2,3;6;12;4;14;5;6;8;3;3,14.50;59.48;42.85;14.84;46.42;17.97;59.48;27.36;12.06;14.50,665.5613,969943284596074,969943984947858,700.351784,33120,35360,2629376,1306,4601,,c1_14q_pool1,1,,,,block=2 seq=474 cfg=c1_pool attempt=1
c1_14q_pool1-c1-rand10_t7-r2-1789956718,2026-09-20T19:11:58,c1,build_0071783e_20260829023649,0.002,7de69de,batch,rand10_t7,2,ok,,10,1000;1024;4000;8192;4096;1024;1024;32;1024;1000,2;2;2;2;2;2;2;2;2;2,3;6;12;4;14;5;6;8;3;3,14.50;59.48;42.85;14.84;46.42;17.97;59.48;27.36;12.06;14.50,665.5613,969944444407714,969945144566246,700.158532,33120,35360,2629376,1271,4460,,c1_14q_pool1,1,,,,block=2 seq=474 cfg=c1_pool attempt=1
c1_14q_pool1-c1-rand10_t7-r3-1789956720,2026-09-20T19:12:00,c1,build_0071783e_20260829023649,0.002,7de69de,batch,rand10_t7,3,ok,,10,1000;1024;4000;8192;4096;1024;1024;32;1024;1000,2;2;2;2;2;2;2;2;2;2,3;6;12;4;14;5;6;8;3;3,14.50;59.48;42.85;14.84;46.42;17.97;59.48;27.36;12.06;14.50,665.5613,969945605881620,969946306028503,700.146883,33120,35360,2629376,1089,4345,,c1_14q_pool1,1,,,,block=2 seq=474 cfg=c1_pool attempt=1
c1_14q_pool1-c1-rand10_t7-r4-1789956721,2026-09-20T19:12:01,c1,build_0071783e_20260829023649,0.002,7de69de,batch,rand10_t7,4,ok,,10,1000;1024;4000;8192;4096;1024;1024;32;1024;1000,2;2;2;2;2;2;2;2;2;2,3;6;12;4;14;5;6;8;3;3,14.50;59.48;42.85;14.84;46.42;17.97;59.48;27.36;12.06;14.50,665.5613,969946765396837,969947473629691,708.232854,33120,35360,2629376,1375,4860,,c1_14q_pool1,1,,,,block=2 seq=474 cfg=c1_pool attempt=1
c1_14q_pool1-c1-rand30_t7-r-1-1789956723,2026-09-20T19:12:03,c1,build_0071783e_20260829023649,0.002,7de69de,batch,rand30_t7,-1,ok,,30,1000;8192;10000;1024;10000;400;1024;8192;24576;1024;1024;8192;4096;10000;4096;10000;1024;1000;24576;1000;4000;4096;10000;1000;4096;10000;1000;500;1000;4000,2;2;2;2;2;2;2;2;2;2;2;2;2;2;2;2;2;2;2;2;2;2;2;2;2;2;2;2;2;2,3;4;12;5;12;14;3;3;2;5;4;4;14;12;14;12;6;2;2;2;2;14;1;3;14;12;2;4;5;2,14.50;14.84;43.24;17.97;43.24;50.12;12.06;11.71;8.58;18.92;17.12;14.84;46.42;43.24;46.42;43.24;59.48;8.94;8.58;8.94;8.58;46.42;5.43;14.50;46.42;43.24;8.94;26.47;17.66;8.58,4041.8606,969948665199368,969952885244665,4220.045297,62960,69680,17430720,2847,29933,,c1_14q_pool1,1,,,,block=2 seq=480 cfg=c1_pool attempt=1
c1_14q_pool1-c1-rand30_t7-r0-1789956727,2026-09-20T19:12:07,c1,build_0071783e_20260829023649,0.002,7de69de,batch,rand30_t7,0,ok,,30,1000;8192;10000;1024;10000;400;1024;8192;24576;1024;1024;8192;4096;10000;4096;10000;1024;1000;24576;1000;4000;4096;10000;1000;4096;10000;1000;500;1000;4000,2;2;2;2;2;2;2;2;2;2;2;2;2;2;2;2;2;2;2;2;2;2;2;2;2;2;2;2;2;2,3;4;12;5;12;14;3;3;2;5;4;4;14;12;14;12;6;2;2;2;2;14;1;3;14;12;2;4;5;2,14.50;14.84;43.24;17.97;43.24;50.12;12.06;11.71;8.58;18.92;17.12;14.84;46.42;43.24;46.42;43.24;59.48;8.94;8.58;8.94;8.58;46.42;5.43;14.50;46.42;43.24;8.94;26.47;17.66;8.58,4041.8606,969953358416318,969957557756808,4199.34049,62960,69680,17430720,2625,29456,,c1_14q_pool1,1,,,,block=2 seq=480 cfg=c1_pool attempt=1
c1_14q_pool1-c1-rand30_t7-r1-1789956732,2026-09-20T19:12:12,c1,build_0071783e_20260829023649,0.002,7de69de,batch,rand30_t7,1,ok,,30,1000;8192;10000;1024;10000;400;1024;8192;24576;1024;1024;8192;4096;10000;4096;10000;1024;1000;24576;1000;4000;4096;10000;1000;4096;10000;1000;500;1000;4000,2;2;2;2;2;2;2;2;2;2;2;2;2;2;2;2;2;2;2;2;2;2;2;2;2;2;2;2;2;2,3;4;12;5;12;14;3;3;2;5;4;4;14;12;14;12;6;2;2;2;2;14;1;3;14;12;2;4;5;2,14.50;14.84;43.24;17.97;43.24;50.12;12.06;11.71;8.58;18.92;17.12;14.84;46.42;43.24;46.42;43.24;59.48;8.94;8.58;8.94;8.58;46.42;5.43;14.50;46.42;43.24;8.94;26.47;17.66;8.58,4041.8606,969958025100032,969962200464762,4175.36473,62960,69680,17430720,2783,29788,,c1_14q_pool1,1,,,,block=2 seq=480 cfg=c1_pool attempt=1
c1_14q_pool1-c1-rand30_t7-r2-1789956737,2026-09-20T19:12:17,c1,build_0071783e_20260829023649,0.002,7de69de,batch,rand30_t7,2,ok,,30,1000;8192;10000;1024;10000;400;1024;8192;24576;1024;1024;8192;4096;10000;4096;10000;1024;1000;24576;1000;4000;4096;10000;1000;4096;10000;1000;500;1000;4000,2;2;2;2;2;2;2;2;2;2;2;2;2;2;2;2;2;2;2;2;2;2;2;2;2;2;2;2;2;2,3;4;12;5;12;14;3;3;2;5;4;4;14;12;14;12;6;2;2;2;2;14;1;3;14;12;2;4;5;2,14.50;14.84;43.24;17.97;43.24;50.12;12.06;11.71;8.58;18.92;17.12;14.84;46.42;43.24;46.42;43.24;59.48;8.94;8.58;8.94;8.58;46.42;5.43;14.50;46.42;43.24;8.94;26.47;17.66;8.58,4041.8606,969962666929037,969966843130326,4176.201289,62960,69680,17430720,2861,30879,,c1_14q_pool1,1,,,,block=2 seq=480 cfg=c1_pool attempt=1
c1_14q_pool1-c1-rand30_t7-r3-1789956741,2026-09-20T19:12:21,c1,build_0071783e_20260829023649,0.002,7de69de,batch,rand30_t7,3,ok,,30,1000;8192;10000;1024;10000;400;1024;8192;24576;1024;1024;8192;4096;10000;4096;10000;1024;1000;24576;1000;4000;4096;10000;1000;4096;10000;1000;500;1000;4000,2;2;2;2;2;2;2;2;2;2;2;2;2;2;2;2;2;2;2;2;2;2;2;2;2;2;2;2;2;2,3;4;12;5;12;14;3;3;2;5;4;4;14;12;14;12;6;2;2;2;2;14;1;3;14;12;2;4;5;2,14.50;14.84;43.24;17.97;43.24;50.12;12.06;11.71;8.58;18.92;17.12;14.84;46.42;43.24;46.42;43.24;59.48;8.94;8.58;8.94;8.58;46.42;5.43;14.50;46.42;43.24;8.94;26.47;17.66;8.58,4041.8606,969967313694132,969971488093843,4174.399711,62960,69680,17430720,2728,28882,,c1_14q_pool1,1,,,,block=2 seq=480 cfg=c1_pool attempt=1
c1_14q_pool1-c1-rand30_t7-r4-1789956746,2026-09-20T19:12:26,c1,build_0071783e_20260829023649,0.002,7de69de,batch,rand30_t7,4,ok,,30,1000;8192;10000;1024;10000;400;1024;8192;24576;1024;1024;8192;4096;10000;4096;10000;1024;1000;24576;1000;4000;4096;10000;1000;4096;10000;1000;500;1000;4000,2;2;2;2;2;2;2;2;2;2;2;2;2;2;2;2;2;2;2;2;2;2;2;2;2;2;2;2;2;2,3;4;12;5;12;14;3;3;2;5;4;4;14;12;14;12;6;2;2;2;2;14;1;3;14;12;2;4;5;2,14.50;14.84;43.24;17.97;43.24;50.12;12.06;11.71;8.58;18.92;17.12;14.84;46.42;43.24;46.42;43.24;59.48;8.94;8.58;8.94;8.58;46.42;5.43;14.50;46.42;43.24;8.94;26.47;17.66;8.58,4041.8606,969971958303126,969976134820997,4176.517871,62960,69680,17430720,2863,30201,,c1_14q_pool1,1,,,,block=2 seq=480 cfg=c1_pool attempt=1
c1_14q_pool1-c1-rand20_t7-r-1-1789956751,2026-09-20T19:12:31,c1,build_0071783e_20260829023649,0.002,7de69de,batch,rand20_t7,-1,ok,,20,128;10000;1024;1024;1000;1000;1000;1024;4096;1024;8192;10000;8192;32;1024;1024;8192;1000;1024;1024,2;2;2;2;2;2;2;2;2;2;2;2;2;2;2;2;2;2;2;2,6;1;5;6;3;5;3;5;14;3;4;12;3;8;4;4;3;3;3;6,21.10;5.43;18.92;59.48;14.50;17.66;14.50;17.97;46.42;12.06;14.84;43.24;11.71;27.36;17.12;17.12;11.71;14.50;12.06;59.48,1274.4202,969977318780039,969978663082404,1344.302365,42704,47184,5089856,2337,9875,,c1_14q_pool1,1,,,,block=2 seq=486 cfg=c1_pool attempt=1
c1_14q_pool1-c1-rand20_t7-r0-1789956753,2026-09-20T19:12:33,c1,build_0071783e_20260829023649,0.002,7de69de,batch,rand20_t7,0,ok,,20,128;10000;1024;1024;1000;1000;1000;1024;4096;1024;8192;10000;8192;32;1024;1024;8192;1000;1024;1024,2;2;2;2;2;2;2;2;2;2;2;2;2;2;2;2;2;2;2;2,6;1;5;6;3;5;3;5;14;3;4;12;3;8;4;4;3;3;3;6,21.10;5.43;18.92;59.48;14.50;17.66;14.50;17.97;46.42;12.06;14.84;43.24;11.71;27.36;17.12;17.12;11.71;14.50;12.06;59.48,1274.4202,969979125330847,969980469733773,1344.402926,42704,47184,5089856,2226,9820,,c1_14q_pool1,1,,,,block=2 seq=486 cfg=c1_pool attempt=1
c1_14q_pool1-c1-rand20_t7-r1-1789956755,2026-09-20T19:12:35,c1,build_0071783e_20260829023649,0.002,7de69de,batch,rand20_t7,1,ok,,20,128;10000;1024;1024;1000;1000;1000;1024;4096;1024;8192;10000;8192;32;1024;1024;8192;1000;1024;1024,2;2;2;2;2;2;2;2;2;2;2;2;2;2;2;2;2;2;2;2,6;1;5;6;3;5;3;5;14;3;4;12;3;8;4;4;3;3;3;6,21.10;5.43;18.92;59.48;14.50;17.66;14.50;17.97;46.42;12.06;14.84;43.24;11.71;27.36;17.12;17.12;11.71;14.50;12.06;59.48,1274.4202,969980933630903,969982277892618,1344.261715,42704,47184,5089856,2267,9750,,c1_14q_pool1,1,,,,block=2 seq=486 cfg=c1_pool attempt=1
c1_14q_pool1-c1-rand20_t7-r2-1789956757,2026-09-20T19:12:37,c1,build_0071783e_20260829023649,0.002,7de69de,batch,rand20_t7,2,ok,,20,128;10000;1024;1024;1000;1000;1000;1024;4096;1024;8192;10000;8192;32;1024;1024;8192;1000;1024;1024,2;2;2;2;2;2;2;2;2;2;2;2;2;2;2;2;2;2;2;2,6;1;5;6;3;5;3;5;14;3;4;12;3;8;4;4;3;3;3;6,21.10;5.43;18.92;59.48;14.50;17.66;14.50;17.97;46.42;12.06;14.84;43.24;11.71;27.36;17.12;17.12;11.71;14.50;12.06;59.48,1274.4202,969982737331413,969984082131693,1344.80028,42704,47184,5089856,2532,10445,,c1_14q_pool1,1,,,,block=2 seq=486 cfg=c1_pool attempt=1
c1_14q_pool1-c1-rand20_t7-r3-1789956759,2026-09-20T19:12:39,c1,build_0071783e_20260829023649,0.002,7de69de,batch,rand20_t7,3,ok,,20,128;10000;1024;1024;1000;1000;1000;1024;4096;1024;8192;10000;8192;32;1024;1024;8192;1000;1024;1024,2;2;2;2;2;2;2;2;2;2;2;2;2;2;2;2;2;2;2;2,6;1;5;6;3;5;3;5;14;3;4;12;3;8;4;4;3;3;3;6,21.10;5.43;18.92;59.48;14.50;17.66;14.50;17.97;46.42;12.06;14.84;43.24;11.71;27.36;17.12;17.12;11.71;14.50;12.06;59.48,1274.4202,969984545017152,969985889457429,1344.440277,42704,47184,5089856,2304,9819,,c1_14q_pool1,1,,,,block=2 seq=486 cfg=c1_pool attempt=1
c1_14q_pool1-c1-rand20_t7-r4-1789956760,2026-09-20T19:12:40,c1,build_0071783e_20260829023649,0.002,7de69de,batch,rand20_t7,4,ok,,20,128;10000;1024;1024;1000;1000;1000;1024;4096;1024;8192;10000;8192;32;1024;1024;8192;1000;1024;1024,2;2;2;2;2;2;2;2;2;2;2;2;2;2;2;2;2;2;2;2,6;1;5;6;3;5;3;5;14;3;4;12;3;8;4;4;3;3;3;6,21.10;5.43;18.92;59.48;14.50;17.66;14.50;17.97;46.42;12.06;14.84;43.24;11.71;27.36;17.12;17.12;11.71;14.50;12.06;59.48,1274.4202,969986350552760,969987694816145,1344.263385,42704,47184,5089856,2294,9876,,c1_14q_pool1,1,,,,block=2 seq=486 cfg=c1_pool attempt=1
c1_14q_pool1-c1-rand20_t2-r-1-1789956763,2026-09-20T19:12:43,c1,build_0071783e_20260829023649,0.002,7de69de,batch,rand20_t2,-1,ok,,20,32;1024;1024;4000;128;1000;1024;1000;1000;8192;1024;500;128;1024;4000;1000;8192;10000;1000;1000,2;2;2;2;2;2;2;2;2;2;2;2;2;2;2;2;2;2;2;2,8;5;3;12;6;3;5;5;3;4;4;4;6;5;2;3;4;1;3;3,27.36;18.92;12.06;42.85;21.10;14.50;18.92;17.66;14.50;14.84;17.12;26.47;21.10;18.92;8.58;14.50;14.84;5.43;14.50;14.50,700.9111,969988734760276,969989501256372,766.496096,23760,28240,2788928,1794,8400,,c1_14q_pool1,1,,,,block=2 seq=492 cfg=c1_pool attempt=1
c1_14q_pool1-c1-rand20_t2-r0-1789956764,2026-09-20T19:12:44,c1,build_0071783e_20260829023649,0.002,7de69de,batch,rand20_t2,0,ok,,20,32;1024;1024;4000;128;1000;1024;1000;1000;8192;1024;500;128;1024;4000;1000;8192;10000;1000;1000,2;2;2;2;2;2;2;2;2;2;2;2;2;2;2;2;2;2;2;2,8;5;3;12;6;3;5;5;3;4;4;4;6;5;2;3;4;1;3;3,27.36;18.92;12.06;42.85;21.10;14.50;18.92;17.66;14.50;14.84;17.12;26.47;21.10;18.92;8.58;14.50;14.84;5.43;14.50;14.50,700.9111,969989900913860,969990667244974,766.331114,23760,28240,2788928,1985,8732,,c1_14q_pool1,1,,,,block=2 seq=492 cfg=c1_pool attempt=1
c1_14q_pool1-c1-rand20_t2-r1-1789956765,2026-09-20T19:12:45,c1,build_0071783e_20260829023649,0.002,7de69de,batch,rand20_t2,1,ok,,20,32;1024;1024;4000;128;1000;1024;1000;1000;8192;1024;500;128;1024;4000;1000;8192;10000;1000;1000,2;2;2;2;2;2;2;2;2;2;2;2;2;2;2;2;2;2;2;2,8;5;3;12;6;3;5;5;3;4;4;4;6;5;2;3;4;1;3;3,27.36;18.92;12.06;42.85;21.10;14.50;18.92;17.66;14.50;14.84;17.12;26.47;21.10;18.92;8.58;14.50;14.84;5.43;14.50;14.50,700.9111,969991069730250,969991835711071,765.980821,23760,28240,2788928,1782,8454,,c1_14q_pool1,1,,,,block=2 seq=492 cfg=c1_pool attempt=1
c1_14q_pool1-c1-rand20_t2-r2-1789956766,2026-09-20T19:12:46,c1,build_0071783e_20260829023649,0.002,7de69de,batch,rand20_t2,2,ok,,20,32;1024;1024;4000;128;1000;1024;1000;1000;8192;1024;500;128;1024;4000;1000;8192;10000;1000;1000,2;2;2;2;2;2;2;2;2;2;2;2;2;2;2;2;2;2;2;2,8;5;3;12;6;3;5;5;3;4;4;4;6;5;2;3;4;1;3;3,27.36;18.92;12.06;42.85;21.10;14.50;18.92;17.66;14.50;14.84;17.12;26.47;21.10;18.92;8.58;14.50;14.84;5.43;14.50;14.50,700.9111,969992234716861,969993000204207,765.487346,23760,28240,2788928,1488,7777,,c1_14q_pool1,1,,,,block=2 seq=492 cfg=c1_pool attempt=1
c1_14q_pool1-c1-rand20_t2-r3-1789956768,2026-09-20T19:12:48,c1,build_0071783e_20260829023649,0.002,7de69de,batch,rand20_t2,3,ok,,20,32;1024;1024;4000;128;1000;1024;1000;1000;8192;1024;500;128;1024;4000;1000;8192;10000;1000;1000,2;2;2;2;2;2;2;2;2;2;2;2;2;2;2;2;2;2;2;2,8;5;3;12;6;3;5;5;3;4;4;4;6;5;2;3;4;1;3;3,27.36;18.92;12.06;42.85;21.10;14.50;18.92;17.66;14.50;14.84;17.12;26.47;21.10;18.92;8.58;14.50;14.84;5.43;14.50;14.50,700.9111,969993401126587,969994167225329,766.098742,23760,28240,2788928,1730,8270,,c1_14q_pool1,1,,,,block=2 seq=492 cfg=c1_pool attempt=1
c1_14q_pool1-c1-rand20_t2-r4-1789956769,2026-09-20T19:12:49,c1,build_0071783e_20260829023649,0.002,7de69de,batch,rand20_t2,4,ok,,20,32;1024;1024;4000;128;1000;1024;1000;1000;8192;1024;500;128;1024;4000;1000;8192;10000;1000;1000,2;2;2;2;2;2;2;2;2;2;2;2;2;2;2;2;2;2;2;2,8;5;3;12;6;3;5;5;3;4;4;4;6;5;2;3;4;1;3;3,27.36;18.92;12.06;42.85;21.10;14.50;18.92;17.66;14.50;14.84;17.12;26.47;21.10;18.92;8.58;14.50;14.84;5.43;14.50;14.50,700.9111,969994566976418,969995332887128,765.91071,23760,28240,2788928,1519,8125,,c1_14q_pool1,1,,,,block=2 seq=492 cfg=c1_pool attempt=1
std_14q_native_pool1-std-rand30_t7-r-1-1789956804,2026-09-20T19:13:24,std,build_0071783e_20260829023649,0.002,7de69de,batch,rand30_t7,-1,timeout,std_server BATCH failed: status 3 (3 = lastshotdone timeout),30,1000;8192;10000;1024;10000;400;1024;8192;24576;1024;1024;8192;4096;10000;4096;10000;1024;1000;24576;1000;4000;4096;10000;1000;4096;10000;1000;500;1000;4000,2;2;2;2;2;2;2;2;2;2;2;2;2;2;2;2;2;2;2;2;2;2;2;2;2;2;2;2;2;2,3;4;12;5;12;14;3;3;2;5;4;4;14;12;14;12;6;2;2;2;2;14;1;3;14;12;2;4;5;2,14.50;14.84;43.24;17.97;43.24;50.12;12.06;11.71;8.58;18.92;17.12;14.84;46.42;43.24;46.42;43.24;59.48;8.94;8.58;8.94;8.58;46.42;5.43;14.50;46.42;43.24;8.94;26.47;17.66;8.58,4041.8606,,,,62960,,17430720,,,,std_14q_native_pool1,0,,,,block=2 seq=498 cfg=std_native attempt=1
std_14q_native_pool1-std-rand30_t7-r0-1789957105,2026-09-20T19:18:25,std,build_0071783e_20260829023649,0.002,7de69de,batch,rand30_t7,0,ok,,30,1000;8192;10000;1024;10000;400;1024;8192;24576;1024;1024;8192;4096;10000;4096;10000;1024;1000;24576;1000;4000;4096;10000;1000;4096;10000;1000;500;1000;4000,2;2;2;2;2;2;2;2;2;2;2;2;2;2;2;2;2;2;2;2;2;2;2;2;2;2;2;2;2;2,3;4;12;5;12;14;3;3;2;5;4;4;14;12;14;12;6;2;2;2;2;14;1;3;14;12;2;4;5;2,14.50;14.84;43.24;17.97;43.24;50.12;12.06;11.71;8.58;18.92;17.12;14.84;46.42;43.24;46.42;43.24;59.48;8.94;8.58;8.94;8.58;46.42;5.43;14.50;46.42;43.24;8.94;26.47;17.66;8.58,4041.8606,970330309925711,970336532586877,6222.661166,62960,2127504,17430720,0,0,,std_14q_native_pool1,0,,,,block=2 seq=498 cfg=std_native attempt=1
std_14q_native_pool1-std-rand30_t7-r1-1789957111,2026-09-20T19:18:31,std,build_0071783e_20260829023649,0.002,7de69de,batch,rand30_t7,1,ok,,30,1000;8192;10000;1024;10000;400;1024;8192;24576;1024;1024;8192;4096;10000;4096;10000;1024;1000;24576;1000;4000;4096;10000;1000;4096;10000;1000;500;1000;4000,2;2;2;2;2;2;2;2;2;2;2;2;2;2;2;2;2;2;2;2;2;2;2;2;2;2;2;2;2;2,3;4;12;5;12;14;3;3;2;5;4;4;14;12;14;12;6;2;2;2;2;14;1;3;14;12;2;4;5;2,14.50;14.84;43.24;17.97;43.24;50.12;12.06;11.71;8.58;18.92;17.12;14.84;46.42;43.24;46.42;43.24;59.48;8.94;8.58;8.94;8.58;46.42;5.43;14.50;46.42;43.24;8.94;26.47;17.66;8.58,4041.8606,970336810847640,970343022247734,6211.400094,62960,2127504,17430720,0,0,,std_14q_native_pool1,0,,,,block=2 seq=498 cfg=std_native attempt=1
std_14q_native_pool1-std-rand30_t7-r2-1789957118,2026-09-20T19:18:38,std,build_0071783e_20260829023649,0.002,7de69de,batch,rand30_t7,2,ok,,30,1000;8192;10000;1024;10000;400;1024;8192;24576;1024;1024;8192;4096;10000;4096;10000;1024;1000;24576;1000;4000;4096;10000;1000;4096;10000;1000;500;1000;4000,2;2;2;2;2;2;2;2;2;2;2;2;2;2;2;2;2;2;2;2;2;2;2;2;2;2;2;2;2;2,3;4;12;5;12;14;3;3;2;5;4;4;14;12;14;12;6;2;2;2;2;14;1;3;14;12;2;4;5;2,14.50;14.84;43.24;17.97;43.24;50.12;12.06;11.71;8.58;18.92;17.12;14.84;46.42;43.24;46.42;43.24;59.48;8.94;8.58;8.94;8.58;46.42;5.43;14.50;46.42;43.24;8.94;26.47;17.66;8.58,4041.8606,970343300921341,970349513621997,6212.700656,62960,2127504,17430720,0,0,,std_14q_native_pool1,0,,,,block=2 seq=498 cfg=std_native attempt=1
std_14q_native_pool1-std-rand30_t7-r3-1789957124,2026-09-20T19:18:44,std,build_0071783e_20260829023649,0.002,7de69de,batch,rand30_t7,3,ok,,30,1000;8192;10000;1024;10000;400;1024;8192;24576;1024;1024;8192;4096;10000;4096;10000;1024;1000;24576;1000;4000;4096;10000;1000;4096;10000;1000;500;1000;4000,2;2;2;2;2;2;2;2;2;2;2;2;2;2;2;2;2;2;2;2;2;2;2;2;2;2;2;2;2;2,3;4;12;5;12;14;3;3;2;5;4;4;14;12;14;12;6;2;2;2;2;14;1;3;14;12;2;4;5;2,14.50;14.84;43.24;17.97;43.24;50.12;12.06;11.71;8.58;18.92;17.12;14.84;46.42;43.24;46.42;43.24;59.48;8.94;8.58;8.94;8.58;46.42;5.43;14.50;46.42;43.24;8.94;26.47;17.66;8.58,4041.8606,970349800726989,970356010689028,6209.962039,62960,2127504,17430720,0,0,,std_14q_native_pool1,0,,,,block=2 seq=498 cfg=std_native attempt=1
std_14q_native_pool1-std-rand30_t7-r4-1789957131,2026-09-20T19:18:51,std,build_0071783e_20260829023649,0.002,7de69de,batch,rand30_t7,4,ok,,30,1000;8192;10000;1024;10000;400;1024;8192;24576;1024;1024;8192;4096;10000;4096;10000;1024;1000;24576;1000;4000;4096;10000;1000;4096;10000;1000;500;1000;4000,2;2;2;2;2;2;2;2;2;2;2;2;2;2;2;2;2;2;2;2;2;2;2;2;2;2;2;2;2;2,3;4;12;5;12;14;3;3;2;5;4;4;14;12;14;12;6;2;2;2;2;14;1;3;14;12;2;4;5;2,14.50;14.84;43.24;17.97;43.24;50.12;12.06;11.71;8.58;18.92;17.12;14.84;46.42;43.24;46.42;43.24;59.48;8.94;8.58;8.94;8.58;46.42;5.43;14.50;46.42;43.24;8.94;26.47;17.66;8.58,4041.8606,970356298534587,970362508058632,6209.524045,62960,2127504,17430720,0,0,,std_14q_native_pool1,0,,,,block=2 seq=498 cfg=std_native attempt=1
std_14q_native_pool1-std-rand20_t7-r-1-1789957138,2026-09-20T19:18:58,std,build_0071783e_20260829023649,0.002,7de69de,batch,rand20_t7,-1,ok,,20,128;10000;1024;1024;1000;1000;1000;1024;4096;1024;8192;10000;8192;32;1024;1024;8192;1000;1024;1024,2;2;2;2;2;2;2;2;2;2;2;2;2;2;2;2;2;2;2;2,6;1;5;6;3;5;3;5;14;3;4;12;3;8;4;4;3;3;3;6,21.10;5.43;18.92;59.48;14.50;17.66;14.50;17.97;46.42;12.06;14.84;43.24;11.71;27.36;17.12;17.12;11.71;14.50;12.06;59.48,1274.4202,970363411302906,970365422501991,2011.199085,42704,1104000,5089856,0,0,,std_14q_native_pool1,0,,,,block=2 seq=504 cfg=std_native attempt=1
std_14q_native_pool1-std-rand20_t7-r0-1789957140,2026-09-20T19:19:00,std,build_0071783e_20260829023649,0.002,7de69de,batch,rand20_t7,0,ok,,20,128;10000;1024;1024;1000;1000;1000;1024;4096;1024;8192;10000;8192;32;1024;1024;8192;1000;1024;1024,2;2;2;2;2;2;2;2;2;2;2;2;2;2;2;2;2;2;2;2,6;1;5;6;3;5;3;5;14;3;4;12;3;8;4;4;3;3;3;6,21.10;5.43;18.92;59.48;14.50;17.66;14.50;17.97;46.42;12.06;14.84;43.24;11.71;27.36;17.12;17.12;11.71;14.50;12.06;59.48,1274.4202,970365686013577,970367697996690,2011.983113,42704,1104000,5089856,0,0,,std_14q_native_pool1,0,,,,block=2 seq=504 cfg=std_native attempt=1
std_14q_native_pool1-std-rand20_t7-r1-1789957142,2026-09-20T19:19:02,std,build_0071783e_20260829023649,0.002,7de69de,batch,rand20_t7,1,ok,,20,128;10000;1024;1024;1000;1000;1000;1024;4096;1024;8192;10000;8192;32;1024;1024;8192;1000;1024;1024,2;2;2;2;2;2;2;2;2;2;2;2;2;2;2;2;2;2;2;2,6;1;5;6;3;5;3;5;14;3;4;12;3;8;4;4;3;3;3;6,21.10;5.43;18.92;59.48;14.50;17.66;14.50;17.97;46.42;12.06;14.84;43.24;11.71;27.36;17.12;17.12;11.71;14.50;12.06;59.48,1274.4202,970367972115741,970369983991293,2011.875552,42704,1104000,5089856,0,0,,std_14q_native_pool1,0,,,,block=2 seq=504 cfg=std_native attempt=1
std_14q_native_pool1-std-rand20_t7-r2-1789957145,2026-09-20T19:19:05,std,build_0071783e_20260829023649,0.002,7de69de,batch,rand20_t7,2,ok,,20,128;10000;1024;1024;1000;1000;1000;1024;4096;1024;8192;10000;8192;32;1024;1024;8192;1000;1024;1024,2;2;2;2;2;2;2;2;2;2;2;2;2;2;2;2;2;2;2;2,6;1;5;6;3;5;3;5;14;3;4;12;3;8;4;4;3;3;3;6,21.10;5.43;18.92;59.48;14.50;17.66;14.50;17.97;46.42;12.06;14.84;43.24;11.71;27.36;17.12;17.12;11.71;14.50;12.06;59.48,1274.4202,970370249518599,970372261410631,2011.892032,42704,1104000,5089856,0,0,,std_14q_native_pool1,0,,,,block=2 seq=504 cfg=std_native attempt=1
std_14q_native_pool1-std-rand20_t7-r3-1789957147,2026-09-20T19:19:07,std,build_0071783e_20260829023649,0.002,7de69de,batch,rand20_t7,3,ok,,20,128;10000;1024;1024;1000;1000;1000;1024;4096;1024;8192;10000;8192;32;1024;1024;8192;1000;1024;1024,2;2;2;2;2;2;2;2;2;2;2;2;2;2;2;2;2;2;2;2,6;1;5;6;3;5;3;5;14;3;4;12;3;8;4;4;3;3;3;6,21.10;5.43;18.92;59.48;14.50;17.66;14.50;17.97;46.42;12.06;14.84;43.24;11.71;27.36;17.12;17.12;11.71;14.50;12.06;59.48,1274.4202,970372521797625,970374534296073,2012.498448,42704,1104000,5089856,0,0,,std_14q_native_pool1,0,,,,block=2 seq=504 cfg=std_native attempt=1
std_14q_native_pool1-std-rand20_t7-r4-1789957149,2026-09-20T19:19:09,std,build_0071783e_20260829023649,0.002,7de69de,batch,rand20_t7,4,ok,,20,128;10000;1024;1024;1000;1000;1000;1024;4096;1024;8192;10000;8192;32;1024;1024;8192;1000;1024;1024,2;2;2;2;2;2;2;2;2;2;2;2;2;2;2;2;2;2;2;2,6;1;5;6;3;5;3;5;14;3;4;12;3;8;4;4;3;3;3;6,21.10;5.43;18.92;59.48;14.50;17.66;14.50;17.97;46.42;12.06;14.84;43.24;11.71;27.36;17.12;17.12;11.71;14.50;12.06;59.48,1274.4202,970374797954110,970376810162875,2012.208765,42704,1104000,5089856,0,0,,std_14q_native_pool1,0,,,,block=2 seq=504 cfg=std_native attempt=1
std_14q_native_pool1-std-rand20_t2-r-1-1789957152,2026-09-20T19:19:12,std,build_0071783e_20260829023649,0.002,7de69de,batch,rand20_t2,-1,ok,,20,32;1024;1024;4000;128;1000;1024;1000;1000;8192;1024;500;128;1024;4000;1000;8192;10000;1000;1000,2;2;2;2;2;2;2;2;2;2;2;2;2;2;2;2;2;2;2;2,8;5;3;12;6;3;5;5;3;4;4;4;6;5;2;3;4;1;3;3,27.36;18.92;12.06;42.85;21.10;14.50;18.92;17.66;14.50;14.84;17.12;26.47;21.10;18.92;8.58;14.50;14.84;5.43;14.50;14.50,700.9111,970377624132206,970378857276380,1233.144174,23760,946944,2788928,0,0,,std_14q_native_pool1,0,,,,block=2 seq=510 cfg=std_native attempt=1
std_14q_native_pool1-std-rand20_t2-r0-1789957153,2026-09-20T19:19:13,std,build_0071783e_20260829023649,0.002,7de69de,batch,rand20_t2,0,ok,,20,32;1024;1024;4000;128;1000;1024;1000;1000;8192;1024;500;128;1024;4000;1000;8192;10000;1000;1000,2;2;2;2;2;2;2;2;2;2;2;2;2;2;2;2;2;2;2;2,8;5;3;12;6;3;5;5;3;4;4;4;6;5;2;3;4;1;3;3,27.36;18.92;12.06;42.85;21.10;14.50;18.92;17.66;14.50;14.84;17.12;26.47;21.10;18.92;8.58;14.50;14.84;5.43;14.50;14.50,700.9111,970379165760405,970380399270652,1233.510247,23760,946944,2788928,0,0,,std_14q_native_pool1,0,,,,block=2 seq=510 cfg=std_native attempt=1
std_14q_native_pool1-std-rand20_t2-r1-1789957155,2026-09-20T19:19:15,std,build_0071783e_20260829023649,0.002,7de69de,batch,rand20_t2,1,ok,,20,32;1024;1024;4000;128;1000;1024;1000;1000;8192;1024;500;128;1024;4000;1000;8192;10000;1000;1000,2;2;2;2;2;2;2;2;2;2;2;2;2;2;2;2;2;2;2;2,8;5;3;12;6;3;5;5;3;4;4;4;6;5;2;3;4;1;3;3,27.36;18.92;12.06;42.85;21.10;14.50;18.92;17.66;14.50;14.84;17.12;26.47;21.10;18.92;8.58;14.50;14.84;5.43;14.50;14.50,700.9111,970380709581386,970381942794110,1233.212724,23760,946944,2788928,0,0,,std_14q_native_pool1,0,,,,block=2 seq=510 cfg=std_native attempt=1
std_14q_native_pool1-std-rand20_t2-r2-1789957156,2026-09-20T19:19:16,std,build_0071783e_20260829023649,0.002,7de69de,batch,rand20_t2,2,ok,,20,32;1024;1024;4000;128;1000;1024;1000;1000;8192;1024;500;128;1024;4000;1000;8192;10000;1000;1000,2;2;2;2;2;2;2;2;2;2;2;2;2;2;2;2;2;2;2;2,8;5;3;12;6;3;5;5;3;4;4;4;6;5;2;3;4;1;3;3,27.36;18.92;12.06;42.85;21.10;14.50;18.92;17.66;14.50;14.84;17.12;26.47;21.10;18.92;8.58;14.50;14.84;5.43;14.50;14.50,700.9111,970382251690419,970383484810562,1233.120143,23760,946944,2788928,0,0,,std_14q_native_pool1,0,,,,block=2 seq=510 cfg=std_native attempt=1
std_14q_native_pool1-std-rand20_t2-r3-1789957158,2026-09-20T19:19:18,std,build_0071783e_20260829023649,0.002,7de69de,batch,rand20_t2,3,ok,,20,32;1024;1024;4000;128;1000;1024;1000;1000;8192;1024;500;128;1024;4000;1000;8192;10000;1000;1000,2;2;2;2;2;2;2;2;2;2;2;2;2;2;2;2;2;2;2;2,8;5;3;12;6;3;5;5;3;4;4;4;6;5;2;3;4;1;3;3,27.36;18.92;12.06;42.85;21.10;14.50;18.92;17.66;14.50;14.84;17.12;26.47;21.10;18.92;8.58;14.50;14.84;5.43;14.50;14.50,700.9111,970383794560590,970385027926696,1233.366106,23760,946944,2788928,0,0,,std_14q_native_pool1,0,,,,block=2 seq=510 cfg=std_native attempt=1
std_14q_native_pool1-std-rand20_t2-r4-1789957160,2026-09-20T19:19:20,std,build_0071783e_20260829023649,0.002,7de69de,batch,rand20_t2,4,ok,,20,32;1024;1024;4000;128;1000;1024;1000;1000;8192;1024;500;128;1024;4000;1000;8192;10000;1000;1000,2;2;2;2;2;2;2;2;2;2;2;2;2;2;2;2;2;2;2;2,8;5;3;12;6;3;5;5;3;4;4;4;6;5;2;3;4;1;3;3,27.36;18.92;12.06;42.85;21.10;14.50;18.92;17.66;14.50;14.84;17.12;26.47;21.10;18.92;8.58;14.50;14.84;5.43;14.50;14.50,700.9111,970385336282100,970386569381553,1233.099453,23760,946944,2788928,0,0,,std_14q_native_pool1,0,,,,block=2 seq=510 cfg=std_native attempt=1
std_14q_native_pool1-std-rand10_t7-r-1-1789957162,2026-09-20T19:19:22,std,build_0071783e_20260829023649,0.002,7de69de,batch,rand10_t7,-1,ok,,10,1000;1024;4000;8192;4096;1024;1024;32;1024;1000,2;2;2;2;2;2;2;2;2;2,3;6;12;4;14;5;6;8;3;3,14.50;59.48;42.85;14.84;46.42;17.97;59.48;27.36;12.06;14.50,665.5613,970387204810988,970388226047632,1021.236644,33120,710304,2629376,0,0,,std_14q_native_pool1,0,,,,block=2 seq=516 cfg=std_native attempt=1
std_14q_native_pool1-std-rand10_t7-r0-1789957163,2026-09-20T19:19:23,std,build_0071783e_20260829023649,0.002,7de69de,batch,rand10_t7,0,ok,,10,1000;1024;4000;8192;4096;1024;1024;32;1024;1000,2;2;2;2;2;2;2;2;2;2,3;6;12;4;14;5;6;8;3;3,14.50;59.48;42.85;14.84;46.42;17.97;59.48;27.36;12.06;14.50,665.5613,970388363608368,970389384914653,1021.306285,33120,710304,2629376,0,0,,std_14q_native_pool1,0,,,,block=2 seq=516 cfg=std_native attempt=1
std_14q_native_pool1-std-rand10_t7-r1-1789957164,2026-09-20T19:19:24,std,build_0071783e_20260829023649,0.002,7de69de,batch,rand10_t7,1,ok,,10,1000;1024;4000;8192;4096;1024;1024;32;1024;1000,2;2;2;2;2;2;2;2;2;2,3;6;12;4;14;5;6;8;3;3,14.50;59.48;42.85;14.84;46.42;17.97;59.48;27.36;12.06;14.50,665.5613,970389522861812,970390544223547,1021.361735,33120,710304,2629376,0,0,,std_14q_native_pool1,0,,,,block=2 seq=516 cfg=std_native attempt=1
std_14q_native_pool1-std-rand10_t7-r2-1789957165,2026-09-20T19:19:25,std,build_0071783e_20260829023649,0.002,7de69de,batch,rand10_t7,2,ok,,10,1000;1024;4000;8192;4096;1024;1024;32;1024;1000,2;2;2;2;2;2;2;2;2;2,3;6;12;4;14;5;6;8;3;3,14.50;59.48;42.85;14.84;46.42;17.97;59.48;27.36;12.06;14.50,665.5613,970390681993315,970391703287970,1021.294655,33120,710304,2629376,0,0,,std_14q_native_pool1,0,,,,block=2 seq=516 cfg=std_native attempt=1
std_14q_native_pool1-std-rand10_t7-r3-1789957166,2026-09-20T19:19:26,std,build_0071783e_20260829023649,0.002,7de69de,batch,rand10_t7,3,ok,,10,1000;1024;4000;8192;4096;1024;1024;32;1024;1000,2;2;2;2;2;2;2;2;2;2,3;6;12;4;14;5;6;8;3;3,14.50;59.48;42.85;14.84;46.42;17.97;59.48;27.36;12.06;14.50,665.5613,970391834490042,970392856342332,1021.85229,33120,710304,2629376,0,0,,std_14q_native_pool1,0,,,,block=2 seq=516 cfg=std_native attempt=1
std_14q_native_pool1-std-rand10_t7-r4-1789957167,2026-09-20T19:19:27,std,build_0071783e_20260829023649,0.002,7de69de,batch,rand10_t7,4,ok,,10,1000;1024;4000;8192;4096;1024;1024;32;1024;1000,2;2;2;2;2;2;2;2;2;2,3;6;12;4;14;5;6;8;3;3,14.50;59.48;42.85;14.84;46.42;17.97;59.48;27.36;12.06;14.50,665.5613,970392994451804,970394015786498,1021.334694,33120,710304,2629376,0,0,,std_14q_native_pool1,0,,,,block=2 seq=516 cfg=std_native attempt=1
std_14q_native_pool1-std-rand10_t9-r-1-1789957169,2026-09-20T19:19:29,std,build_0071783e_20260829023649,0.002,7de69de,batch,rand10_t9,-1,ok,,10,4000;500;10000;128;8192;1024;1024;1024;1024;4000,2;2;2;2;2;2;2;2;2;2,2;4;12;6;3;5;4;5;4;12,8.58;26.47;43.24;21.10;11.71;17.97;17.12;18.92;17.12;42.85,822.8857,970394605452916,970395861852342,1256.399426,16976,616768,3540224,0,0,,std_14q_native_pool1,0,,,,block=2 seq=522 cfg=std_native attempt=1
std_14q_native_pool1-std-rand10_t9-r0-1789957170,2026-09-20T19:19:30,std,build_0071783e_20260829023649,0.002,7de69de,batch,rand10_t9,0,ok,,10,4000;500;10000;128;8192;1024;1024;1024;1024;4000,2;2;2;2;2;2;2;2;2;2,2;4;12;6;3;5;4;5;4;12,8.58;26.47;43.24;21.10;11.71;17.97;17.12;18.92;17.12;42.85,822.8857,970395973570809,970397229907195,1256.336386,16976,616768,3540224,0,0,,std_14q_native_pool1,0,,,,block=2 seq=522 cfg=std_native attempt=1
std_14q_native_pool1-std-rand10_t9-r1-1789957172,2026-09-20T19:19:32,std,build_0071783e_20260829023649,0.002,7de69de,batch,rand10_t9,1,ok,,10,4000;500;10000;128;8192;1024;1024;1024;1024;4000,2;2;2;2;2;2;2;2;2;2,2;4;12;6;3;5;4;5;4;12,8.58;26.47;43.24;21.10;11.71;17.97;17.12;18.92;17.12;42.85,822.8857,970397340901815,970398597231590,1256.329775,16976,616768,3540224,0,0,,std_14q_native_pool1,0,,,,block=2 seq=522 cfg=std_native attempt=1
std_14q_native_pool1-std-rand10_t9-r2-1789957173,2026-09-20T19:19:33,std,build_0071783e_20260829023649,0.002,7de69de,batch,rand10_t9,2,ok,,10,4000;500;10000;128;8192;1024;1024;1024;1024;4000,2;2;2;2;2;2;2;2;2;2,2;4;12;6;3;5;4;5;4;12,8.58;26.47;43.24;21.10;11.71;17.97;17.12;18.92;17.12;42.85,822.8857,970398708298051,970399965627086,1257.329035,16976,616768,3540224,0,0,,std_14q_native_pool1,0,,,,block=2 seq=522 cfg=std_native attempt=1
std_14q_native_pool1-std-rand10_t9-r3-1789957175,2026-09-20T19:19:35,std,build_0071783e_20260829023649,0.002,7de69de,batch,rand10_t9,3,ok,,10,4000;500;10000;128;8192;1024;1024;1024;1024;4000,2;2;2;2;2;2;2;2;2;2,2;4;12;6;3;5;4;5;4;12,8.58;26.47;43.24;21.10;11.71;17.97;17.12;18.92;17.12;42.85,822.8857,970400076819138,970401333046203,1256.227065,16976,616768,3540224,0,0,,std_14q_native_pool1,0,,,,block=2 seq=522 cfg=std_native attempt=1
std_14q_native_pool1-std-rand10_t9-r4-1789957176,2026-09-20T19:19:36,std,build_0071783e_20260829023649,0.002,7de69de,batch,rand10_t9,4,ok,,10,4000;500;10000;128;8192;1024;1024;1024;1024;4000,2;2;2;2;2;2;2;2;2;2,2;4;12;6;3;5;4;5;4;12,8.58;26.47;43.24;21.10;11.71;17.97;17.12;18.92;17.12;42.85,822.8857,970401444377866,970402701780302,1257.402436,16976,616768,3540224,0,0,,std_14q_native_pool1,0,,,,block=2 seq=522 cfg=std_native attempt=1
std_14q_native_pool1-std-rand30_t9-r-1-1789957178,2026-09-20T19:19:38,std,build_0071783e_20260829023649,0.002,7de69de,batch,rand30_t9,-1,ok,,30,1000;128;1000;1024;1024;400;1024;32;128;1000;1024;4000;400;8192;4000;1000;32;500;1024;24576;4000;1000;1000;10000;8192;4000;1000;1024;24576;1024,2;2;2;2;2;2;2;2;2;2;2;2;2;2;2;2;2;2;2;2;2;2;2;2;2;2;2;2;2;2,5;6;5;4;3;14;5;8;6;5;3;12;14;3;12;3;8;4;5;2;12;2;3;12;4;12;5;3;2;6,17.66;21.10;17.66;17.12;12.06;50.12;18.92;27.36;21.10;17.66;12.06;42.85;50.12;11.71;42.85;14.50;27.36;26.47;17.97;8.58;42.85;8.94;14.50;43.24;14.84;42.85;17.66;12.06;8.58;59.48,2079.8393,970403463942615,970406867555426,3403.612811,57728,2017856,8520704,0,0,,std_14q_native_pool1,0,,,,block=2 seq=528 cfg=std_native attempt=1
std_14q_native_pool1-std-rand30_t9-r0-1789957181,2026-09-20T19:19:41,std,build_0071783e_20260829023649,0.002,7de69de,batch,rand30_t9,0,ok,,30,1000;128;1000;1024;1024;400;1024;32;128;1000;1024;4000;400;8192;4000;1000;32;500;1024;24576;4000;1000;1000;10000;8192;4000;1000;1024;24576;1024,2;2;2;2;2;2;2;2;2;2;2;2;2;2;2;2;2;2;2;2;2;2;2;2;2;2;2;2;2;2,5;6;5;4;3;14;5;8;6;5;3;12;14;3;12;3;8;4;5;2;12;2;3;12;4;12;5;3;2;6,17.66;21.10;17.66;17.12;12.06;50.12;18.92;27.36;21.10;17.66;12.06;42.85;50.12;11.71;42.85;14.50;27.36;26.47;17.97;8.58;42.85;8.94;14.50;43.24;14.84;42.85;17.66;12.06;8.58;59.48,2079.8393,970407120032761,970410523874715,3403.841954,57728,2017856,8520704,0,0,,std_14q_native_pool1,0,,,,block=2 seq=528 cfg=std_native attempt=1
std_14q_native_pool1-std-rand30_t9-r1-1789957185,2026-09-20T19:19:45,std,build_0071783e_20260829023649,0.002,7de69de,batch,rand30_t9,1,ok,,30,1000;128;1000;1024;1024;400;1024;32;128;1000;1024;4000;400;8192;4000;1000;32;500;1024;24576;4000;1000;1000;10000;8192;4000;1000;1024;24576;1024,2;2;2;2;2;2;2;2;2;2;2;2;2;2;2;2;2;2;2;2;2;2;2;2;2;2;2;2;2;2,5;6;5;4;3;14;5;8;6;5;3;12;14;3;12;3;8;4;5;2;12;2;3;12;4;12;5;3;2;6,17.66;21.10;17.66;17.12;12.06;50.12;18.92;27.36;21.10;17.66;12.06;42.85;50.12;11.71;42.85;14.50;27.36;26.47;17.97;8.58;42.85;8.94;14.50;43.24;14.84;42.85;17.66;12.06;8.58;59.48,2079.8393,970410777835545,970414181928621,3404.093076,57728,2017856,8520704,0,0,,std_14q_native_pool1,0,,,,block=2 seq=528 cfg=std_native attempt=1
std_14q_native_pool1-std-rand30_t9-r2-1789957189,2026-09-20T19:19:49,std,build_0071783e_20260829023649,0.002,7de69de,batch,rand30_t9,2,ok,,30,1000;128;1000;1024;1024;400;1024;32;128;1000;1024;4000;400;8192;4000;1000;32;500;1024;24576;4000;1000;1000;10000;8192;4000;1000;1024;24576;1024,2;2;2;2;2;2;2;2;2;2;2;2;2;2;2;2;2;2;2;2;2;2;2;2;2;2;2;2;2;2,5;6;5;4;3;14;5;8;6;5;3;12;14;3;12;3;8;4;5;2;12;2;3;12;4;12;5;3;2;6,17.66;21.10;17.66;17.12;12.06;50.12;18.92;27.36;21.10;17.66;12.06;42.85;50.12;11.71;42.85;14.50;27.36;26.47;17.97;8.58;42.85;8.94;14.50;43.24;14.84;42.85;17.66;12.06;8.58;59.48,2079.8393,970414435770110,970417839940797,3404.170687,57728,2017856,8520704,0,0,,std_14q_native_pool1,0,,,,block=2 seq=528 cfg=std_native attempt=1
std_14q_native_pool1-std-rand30_t9-r3-1789957192,2026-09-20T19:19:52,std,build_0071783e_20260829023649,0.002,7de69de,batch,rand30_t9,3,ok,,30,1000;128;1000;1024;1024;400;1024;32;128;1000;1024;4000;400;8192;4000;1000;32;500;1024;24576;4000;1000;1000;10000;8192;4000;1000;1024;24576;1024,2;2;2;2;2;2;2;2;2;2;2;2;2;2;2;2;2;2;2;2;2;2;2;2;2;2;2;2;2;2,5;6;5;4;3;14;5;8;6;5;3;12;14;3;12;3;8;4;5;2;12;2;3;12;4;12;5;3;2;6,17.66;21.10;17.66;17.12;12.06;50.12;18.92;27.36;21.10;17.66;12.06;42.85;50.12;11.71;42.85;14.50;27.36;26.47;17.97;8.58;42.85;8.94;14.50;43.24;14.84;42.85;17.66;12.06;8.58;59.48,2079.8393,970418090428342,970421494761531,3404.333189,57728,2017856,8520704,0,0,,std_14q_native_pool1,0,,,,block=2 seq=528 cfg=std_native attempt=1
std_14q_native_pool1-std-rand30_t9-r4-1789957196,2026-09-20T19:19:56,std,build_0071783e_20260829023649,0.002,7de69de,batch,rand30_t9,4,ok,,30,1000;128;1000;1024;1024;400;1024;32;128;1000;1024;4000;400;8192;4000;1000;32;500;1024;24576;4000;1000;1000;10000;8192;4000;1000;1024;24576;1024,2;2;2;2;2;2;2;2;2;2;2;2;2;2;2;2;2;2;2;2;2;2;2;2;2;2;2;2;2;2,5;6;5;4;3;14;5;8;6;5;3;12;14;3;12;3;8;4;5;2;12;2;3;12;4;12;5;3;2;6,17.66;21.10;17.66;17.12;12.06;50.12;18.92;27.36;21.10;17.66;12.06;42.85;50.12;11.71;42.85;14.50;27.36;26.47;17.97;8.58;42.85;8.94;14.50;43.24;14.84;42.85;17.66;12.06;8.58;59.48,2079.8393,970421756042904,970425160021329,3403.978425,57728,2017856,8520704,0,0,,std_14q_native_pool1,0,,,,block=2 seq=528 cfg=std_native attempt=1
std_14q_pool1-std-rand30_t7-r-1-1789957200,2026-09-20T19:20:00,std,build_0071783e_20260829023649,0.002,7de69de,batch,rand30_t7,-1,ok,,30,1000;8192;10000;1024;10000;400;1024;8192;24576;1024;1024;8192;4096;10000;4096;10000;1024;1000;24576;1000;4000;4096;10000;1000;4096;10000;1000;500;1000;4000,2;2;2;2;2;2;2;2;2;2;2;2;2;2;2;2;2;2;2;2;2;2;2;2;2;2;2;2;2;2,3;4;12;5;12;14;3;3;2;5;4;4;14;12;14;12;6;2;2;2;2;14;1;3;14;12;2;4;5;2,14.50;14.84;43.24;17.97;43.24;50.12;12.06;11.71;8.58;18.92;17.12;14.84;46.42;43.24;46.42;43.24;59.48;8.94;8.58;8.94;8.58;46.42;5.43;14.50;46.42;43.24;8.94;26.47;17.66;8.58,4041.8606,970426411228233,970432404204943,5992.97671,62960,69680,17430720,0,0,,std_14q_pool1,1,,,,block=2 seq=534 cfg=std_pool attempt=1
std_14q_pool1-std-rand30_t7-r0-1789957207,2026-09-20T19:20:07,std,build_0071783e_20260829023649,0.002,7de69de,batch,rand30_t7,0,ok,,30,1000;8192;10000;1024;10000;400;1024;8192;24576;1024;1024;8192;4096;10000;4096;10000;1024;1000;24576;1000;4000;4096;10000;1000;4096;10000;1000;500;1000;4000,2;2;2;2;2;2;2;2;2;2;2;2;2;2;2;2;2;2;2;2;2;2;2;2;2;2;2;2;2;2,3;4;12;5;12;14;3;3;2;5;4;4;14;12;14;12;6;2;2;2;2;14;1;3;14;12;2;4;5;2,14.50;14.84;43.24;17.97;43.24;50.12;12.06;11.71;8.58;18.92;17.12;14.84;46.42;43.24;46.42;43.24;59.48;8.94;8.58;8.94;8.58;46.42;5.43;14.50;46.42;43.24;8.94;26.47;17.66;8.58,4041.8606,970433014999801,970439006720608,5991.720807,62960,69680,17430720,0,0,,std_14q_pool1,1,,,,block=2 seq=534 cfg=std_pool attempt=1
std_14q_pool1-std-rand30_t7-r1-1789957214,2026-09-20T19:20:14,std,build_0071783e_20260829023649,0.002,7de69de,batch,rand30_t7,1,ok,,30,1000;8192;10000;1024;10000;400;1024;8192;24576;1024;1024;8192;4096;10000;4096;10000;1024;1000;24576;1000;4000;4096;10000;1000;4096;10000;1000;500;1000;4000,2;2;2;2;2;2;2;2;2;2;2;2;2;2;2;2;2;2;2;2;2;2;2;2;2;2;2;2;2;2,3;4;12;5;12;14;3;3;2;5;4;4;14;12;14;12;6;2;2;2;2;14;1;3;14;12;2;4;5;2,14.50;14.84;43.24;17.97;43.24;50.12;12.06;11.71;8.58;18.92;17.12;14.84;46.42;43.24;46.42;43.24;59.48;8.94;8.58;8.94;8.58;46.42;5.43;14.50;46.42;43.24;8.94;26.47;17.66;8.58,4041.8606,970439616670548,970445608908400,5992.237852,62960,69680,17430720,0,0,,std_14q_pool1,1,,,,block=2 seq=534 cfg=std_pool attempt=1
std_14q_pool1-std-rand30_t7-r2-1789957220,2026-09-20T19:20:20,std,build_0071783e_20260829023649,0.002,7de69de,batch,rand30_t7,2,ok,,30,1000;8192;10000;1024;10000;400;1024;8192;24576;1024;1024;8192;4096;10000;4096;10000;1024;1000;24576;1000;4000;4096;10000;1000;4096;10000;1000;500;1000;4000,2;2;2;2;2;2;2;2;2;2;2;2;2;2;2;2;2;2;2;2;2;2;2;2;2;2;2;2;2;2,3;4;12;5;12;14;3;3;2;5;4;4;14;12;14;12;6;2;2;2;2;14;1;3;14;12;2;4;5;2,14.50;14.84;43.24;17.97;43.24;50.12;12.06;11.71;8.58;18.92;17.12;14.84;46.42;43.24;46.42;43.24;59.48;8.94;8.58;8.94;8.58;46.42;5.43;14.50;46.42;43.24;8.94;26.47;17.66;8.58,4041.8606,970446220526767,970452213371105,5992.844338,62960,69680,17430720,0,0,,std_14q_pool1,1,,,,block=2 seq=534 cfg=std_pool attempt=1
std_14q_pool1-std-rand30_t7-r3-1789957227,2026-09-20T19:20:27,std,build_0071783e_20260829023649,0.002,7de69de,batch,rand30_t7,3,ok,,30,1000;8192;10000;1024;10000;400;1024;8192;24576;1024;1024;8192;4096;10000;4096;10000;1024;1000;24576;1000;4000;4096;10000;1000;4096;10000;1000;500;1000;4000,2;2;2;2;2;2;2;2;2;2;2;2;2;2;2;2;2;2;2;2;2;2;2;2;2;2;2;2;2;2,3;4;12;5;12;14;3;3;2;5;4;4;14;12;14;12;6;2;2;2;2;14;1;3;14;12;2;4;5;2,14.50;14.84;43.24;17.97;43.24;50.12;12.06;11.71;8.58;18.92;17.12;14.84;46.42;43.24;46.42;43.24;59.48;8.94;8.58;8.94;8.58;46.42;5.43;14.50;46.42;43.24;8.94;26.47;17.66;8.58,4041.8606,970452822913661,970458815741009,5992.827348,62960,69680,17430720,0,0,,std_14q_pool1,1,,,,block=2 seq=534 cfg=std_pool attempt=1
std_14q_pool1-std-rand30_t7-r4-1789957233,2026-09-20T19:20:33,std,build_0071783e_20260829023649,0.002,7de69de,batch,rand30_t7,4,ok,,30,1000;8192;10000;1024;10000;400;1024;8192;24576;1024;1024;8192;4096;10000;4096;10000;1024;1000;24576;1000;4000;4096;10000;1000;4096;10000;1000;500;1000;4000,2;2;2;2;2;2;2;2;2;2;2;2;2;2;2;2;2;2;2;2;2;2;2;2;2;2;2;2;2;2,3;4;12;5;12;14;3;3;2;5;4;4;14;12;14;12;6;2;2;2;2;14;1;3;14;12;2;4;5;2,14.50;14.84;43.24;17.97;43.24;50.12;12.06;11.71;8.58;18.92;17.12;14.84;46.42;43.24;46.42;43.24;59.48;8.94;8.58;8.94;8.58;46.42;5.43;14.50;46.42;43.24;8.94;26.47;17.66;8.58,4041.8606,970459426280095,970465418157014,5991.876919,62960,69680,17430720,0,0,,std_14q_pool1,1,,,,block=2 seq=534 cfg=std_pool attempt=1
std_14q_pool1-std-rand10_t9-r-1-1789957241,2026-09-20T19:20:41,std,build_0071783e_20260829023649,0.002,7de69de,batch,rand10_t9,-1,ok,,10,4000;500;10000;128;8192;1024;1024;1024;1024;4000,2;2;2;2;2;2;2;2;2;2,2;4;12;6;3;5;4;5;4;12,8.58;26.47;43.24;21.10;11.71;17.97;17.12;18.92;17.12;42.85,822.8857,970466598660950,970467788356819,1189.695869,16976,19216,3540224,0,0,,std_14q_pool1,1,,,,block=2 seq=540 cfg=std_pool attempt=1
std_14q_pool1-std-rand10_t9-r0-1789957242,2026-09-20T19:20:42,std,build_0071783e_20260829023649,0.002,7de69de,batch,rand10_t9,0,ok,,10,4000;500;10000;128;8192;1024;1024;1024;1024;4000,2;2;2;2;2;2;2;2;2;2,2;4;12;6;3;5;4;5;4;12,8.58;26.47;43.24;21.10;11.71;17.97;17.12;18.92;17.12;42.85,822.8857,970468211559702,970469401396422,1189.83672,16976,19216,3540224,0,0,,std_14q_pool1,1,,,,block=2 seq=540 cfg=std_pool attempt=1
std_14q_pool1-std-rand10_t9-r1-1789957244,2026-09-20T19:20:44,std,build_0071783e_20260829023649,0.002,7de69de,batch,rand10_t9,1,ok,,10,4000;500;10000;128;8192;1024;1024;1024;1024;4000,2;2;2;2;2;2;2;2;2;2,2;4;12;6;3;5;4;5;4;12,8.58;26.47;43.24;21.10;11.71;17.97;17.12;18.92;17.12;42.85,822.8857,970469820117050,970471009710318,1189.593268,16976,19216,3540224,0,0,,std_14q_pool1,1,,,,block=2 seq=540 cfg=std_pool attempt=1
std_14q_pool1-std-rand10_t9-r2-1789957246,2026-09-20T19:20:46,std,build_0071783e_20260829023649,0.002,7de69de,batch,rand10_t9,2,ok,,10,4000;500;10000;128;8192;1024;1024;1024;1024;4000,2;2;2;2;2;2;2;2;2;2,2;4;12;6;3;5;4;5;4;12,8.58;26.47;43.24;21.10;11.71;17.97;17.12;18.92;17.12;42.85,822.8857,970471431437786,970472621170955,1189.733169,16976,19216,3540224,0,0,,std_14q_pool1,1,,,,block=2 seq=540 cfg=std_pool attempt=1
std_14q_pool1-std-rand10_t9-r3-1789957247,2026-09-20T19:20:47,std,build_0071783e_20260829023649,0.002,7de69de,batch,rand10_t9,3,ok,,10,4000;500;10000;128;8192;1024;1024;1024;1024;4000,2;2;2;2;2;2;2;2;2;2,2;4;12;6;3;5;4;5;4;12,8.58;26.47;43.24;21.10;11.71;17.97;17.12;18.92;17.12;42.85,822.8857,970473042232456,970474232511061,1190.278605,16976,19216,3540224,0,0,,std_14q_pool1,1,,,,block=2 seq=540 cfg=std_pool attempt=1
std_14q_pool1-std-rand10_t9-r4-1789957249,2026-09-20T19:20:49,std,build_0071783e_20260829023649,0.002,7de69de,batch,rand10_t9,4,ok,,10,4000;500;10000;128;8192;1024;1024;1024;1024;4000,2;2;2;2;2;2;2;2;2;2,2;4;12;6;3;5;4;5;4;12,8.58;26.47;43.24;21.10;11.71;17.97;17.12;18.92;17.12;42.85,822.8857,970474654511861,970475844491413,1189.979552,16976,19216,3540224,0,0,,std_14q_pool1,1,,,,block=2 seq=540 cfg=std_pool attempt=1
std_14q_pool1-std-rand20_t2-r-1-1789957251,2026-09-20T19:20:51,std,build_0071783e_20260829023649,0.002,7de69de,batch,rand20_t2,-1,ok,,20,32;1024;1024;4000;128;1000;1024;1000;1000;8192;1024;500;128;1024;4000;1000;8192;10000;1000;1000,2;2;2;2;2;2;2;2;2;2;2;2;2;2;2;2;2;2;2;2,8;5;3;12;6;3;5;5;3;4;4;4;6;5;2;3;4;1;3;3,27.36;18.92;12.06;42.85;21.10;14.50;18.92;17.66;14.50;14.84;17.12;26.47;21.10;18.92;8.58;14.50;14.84;5.43;14.50;14.50,700.9111,970476922520075,970478053923481,1131.403406,23760,28240,2788928,0,0,,std_14q_pool1,1,,,,block=2 seq=546 cfg=std_pool attempt=1
std_14q_pool1-std-rand20_t2-r0-1789957253,2026-09-20T19:20:53,std,build_0071783e_20260829023649,0.002,7de69de,batch,rand20_t2,0,ok,,20,32;1024;1024;4000;128;1000;1024;1000;1000;8192;1024;500;128;1024;4000;1000;8192;10000;1000;1000,2;2;2;2;2;2;2;2;2;2;2;2;2;2;2;2;2;2;2;2,8;5;3;12;6;3;5;5;3;4;4;4;6;5;2;3;4;1;3;3,27.36;18.92;12.06;42.85;21.10;14.50;18.92;17.66;14.50;14.84;17.12;26.47;21.10;18.92;8.58;14.50;14.84;5.43;14.50;14.50,700.9111,970478474958642,970479605573970,1130.615328,23760,28240,2788928,0,0,,std_14q_pool1,1,,,,block=2 seq=546 cfg=std_pool attempt=1
std_14q_pool1-std-rand20_t2-r1-1789957254,2026-09-20T19:20:54,std,build_0071783e_20260829023649,0.002,7de69de,batch,rand20_t2,1,ok,,20,32;1024;1024;4000;128;1000;1024;1000;1000;8192;1024;500;128;1024;4000;1000;8192;10000;1000;1000,2;2;2;2;2;2;2;2;2;2;2;2;2;2;2;2;2;2;2;2,8;5;3;12;6;3;5;5;3;4;4;4;6;5;2;3;4;1;3;3,27.36;18.92;12.06;42.85;21.10;14.50;18.92;17.66;14.50;14.84;17.12;26.47;21.10;18.92;8.58;14.50;14.84;5.43;14.50;14.50,700.9111,970480024152476,970481154728654,1130.576178,23760,28240,2788928,0,0,,std_14q_pool1,1,,,,block=2 seq=546 cfg=std_pool attempt=1
std_14q_pool1-std-rand20_t2-r2-1789957256,2026-09-20T19:20:56,std,build_0071783e_20260829023649,0.002,7de69de,batch,rand20_t2,2,ok,,20,32;1024;1024;4000;128;1000;1024;1000;1000;8192;1024;500;128;1024;4000;1000;8192;10000;1000;1000,2;2;2;2;2;2;2;2;2;2;2;2;2;2;2;2;2;2;2;2,8;5;3;12;6;3;5;5;3;4;4;4;6;5;2;3;4;1;3;3,27.36;18.92;12.06;42.85;21.10;14.50;18.92;17.66;14.50;14.84;17.12;26.47;21.10;18.92;8.58;14.50;14.84;5.43;14.50;14.50,700.9111,970481573994037,970482704757967,1130.76393,23760,28240,2788928,0,0,,std_14q_pool1,1,,,,block=2 seq=546 cfg=std_pool attempt=1
std_14q_pool1-std-rand20_t2-r3-1789957257,2026-09-20T19:20:57,std,build_0071783e_20260829023649,0.002,7de69de,batch,rand20_t2,3,ok,,20,32;1024;1024;4000;128;1000;1024;1000;1000;8192;1024;500;128;1024;4000;1000;8192;10000;1000;1000,2;2;2;2;2;2;2;2;2;2;2;2;2;2;2;2;2;2;2;2,8;5;3;12;6;3;5;5;3;4;4;4;6;5;2;3;4;1;3;3,27.36;18.92;12.06;42.85;21.10;14.50;18.92;17.66;14.50;14.84;17.12;26.47;21.10;18.92;8.58;14.50;14.84;5.43;14.50;14.50,700.9111,970483124081120,970484254586017,1130.504897,23760,28240,2788928,0,0,,std_14q_pool1,1,,,,block=2 seq=546 cfg=std_pool attempt=1
std_14q_pool1-std-rand20_t2-r4-1789957259,2026-09-20T19:20:59,std,build_0071783e_20260829023649,0.002,7de69de,batch,rand20_t2,4,ok,,20,32;1024;1024;4000;128;1000;1024;1000;1000;8192;1024;500;128;1024;4000;1000;8192;10000;1000;1000,2;2;2;2;2;2;2;2;2;2;2;2;2;2;2;2;2;2;2;2,8;5;3;12;6;3;5;5;3;4;4;4;6;5;2;3;4;1;3;3,27.36;18.92;12.06;42.85;21.10;14.50;18.92;17.66;14.50;14.84;17.12;26.47;21.10;18.92;8.58;14.50;14.84;5.43;14.50;14.50,700.9111,970484674973182,970485805567749,1130.594567,23760,28240,2788928,0,0,,std_14q_pool1,1,,,,block=2 seq=546 cfg=std_pool attempt=1
std_14q_pool1-std-rand10_t7-r-1-1789957261,2026-09-20T19:21:01,std,build_0071783e_20260829023649,0.002,7de69de,batch,rand10_t7,-1,ok,,10,1000;1024;4000;8192;4096;1024;1024;32;1024;1000,2;2;2;2;2;2;2;2;2;2,3;6;12;4;14;5;6;8;3;3,14.50;59.48;42.85;14.84;46.42;17.97;59.48;27.36;12.06;14.50,665.5613,970486954667132,970487900690774,946.023642,33120,35360,2629376,0,0,,std_14q_pool1,1,,,,block=2 seq=552 cfg=std_pool attempt=1
std_14q_pool1-std-rand10_t7-r0-1789957262,2026-09-20T19:21:02,std,build_0071783e_20260829023649,0.002,7de69de,batch,rand10_t7,0,ok,,10,1000;1024;4000;8192;4096;1024;1024;32;1024;1000,2;2;2;2;2;2;2;2;2;2,3;6;12;4;14;5;6;8;3;3,14.50;59.48;42.85;14.84;46.42;17.97;59.48;27.36;12.06;14.50,665.5613,970488378536733,970489324486734,945.950001,33120,35360,2629376,0,0,,std_14q_pool1,1,,,,block=2 seq=552 cfg=std_pool attempt=1
std_14q_pool1-std-rand10_t7-r1-1789957264,2026-09-20T19:21:04,std,build_0071783e_20260829023649,0.002,7de69de,batch,rand10_t7,1,ok,,10,1000;1024;4000;8192;4096;1024;1024;32;1024;1000,2;2;2;2;2;2;2;2;2;2,3;6;12;4;14;5;6;8;3;3,14.50;59.48;42.85;14.84;46.42;17.97;59.48;27.36;12.06;14.50,665.5613,970489803051491,970490749091042,946.039551,33120,35360,2629376,0,0,,std_14q_pool1,1,,,,block=2 seq=552 cfg=std_pool attempt=1
std_14q_pool1-std-rand10_t7-r2-1789957265,2026-09-20T19:21:05,std,build_0071783e_20260829023649,0.002,7de69de,batch,rand10_t7,2,ok,,10,1000;1024;4000;8192;4096;1024;1024;32;1024;1000,2;2;2;2;2;2;2;2;2;2,3;6;12;4;14;5;6;8;3;3,14.50;59.48;42.85;14.84;46.42;17.97;59.48;27.36;12.06;14.50,665.5613,970491226997002,970492173069384,946.072382,33120,35360,2629376,0,0,,std_14q_pool1,1,,,,block=2 seq=552 cfg=std_pool attempt=1
std_14q_pool1-std-rand10_t7-r3-1789957267,2026-09-20T19:21:07,std,build_0071783e_20260829023649,0.002,7de69de,batch,rand10_t7,3,ok,,10,1000;1024;4000;8192;4096;1024;1024;32;1024;1000,2;2;2;2;2;2;2;2;2;2,3;6;12;4;14;5;6;8;3;3,14.50;59.48;42.85;14.84;46.42;17.97;59.48;27.36;12.06;14.50,665.5613,970492652574180,970493598604702,946.030522,33120,35360,2629376,0,0,,std_14q_pool1,1,,,,block=2 seq=552 cfg=std_pool attempt=1
std_14q_pool1-std-rand10_t7-r4-1789957268,2026-09-20T19:21:08,std,build_0071783e_20260829023649,0.002,7de69de,batch,rand10_t7,4,ok,,10,1000;1024;4000;8192;4096;1024;1024;32;1024;1000,2;2;2;2;2;2;2;2;2;2,3;6;12;4;14;5;6;8;3;3,14.50;59.48;42.85;14.84;46.42;17.97;59.48;27.36;12.06;14.50,665.5613,970494078914936,970495024928747,946.013811,33120,35360,2629376,0,0,,std_14q_pool1,1,,,,block=2 seq=552 cfg=std_pool attempt=1
std_14q_pool1-std-rand30_t9-r-1-1789957270,2026-09-20T19:21:10,std,build_0071783e_20260829023649,0.002,7de69de,batch,rand30_t9,-1,ok,,30,1000;128;1000;1024;1024;400;1024;32;128;1000;1024;4000;400;8192;4000;1000;32;500;1024;24576;4000;1000;1000;10000;8192;4000;1000;1024;24576;1024,2;2;2;2;2;2;2;2;2;2;2;2;2;2;2;2;2;2;2;2;2;2;2;2;2;2;2;2;2;2,5;6;5;4;3;14;5;8;6;5;3;12;14;3;12;3;8;4;5;2;12;2;3;12;4;12;5;3;2;6,17.66;21.10;17.66;17.12;12.06;50.12;18.92;27.36;21.10;17.66;12.06;42.85;50.12;11.71;42.85;14.50;27.36;26.47;17.97;8.58;42.85;8.94;14.50;43.24;14.84;42.85;17.66;12.06;8.58;59.48,2079.8393,970496240300143,970499425280298,3184.980155,57728,64448,8520704,0,0,,std_14q_pool1,1,,,,block=2 seq=558 cfg=std_pool attempt=1
std_14q_pool1-std-rand30_t9-r0-1789957274,2026-09-20T19:21:14,std,build_0071783e_20260829023649,0.002,7de69de,batch,rand30_t9,0,ok,,30,1000;128;1000;1024;1024;400;1024;32;128;1000;1024;4000;400;8192;4000;1000;32;500;1024;24576;4000;1000;1000;10000;8192;4000;1000;1024;24576;1024,2;2;2;2;2;2;2;2;2;2;2;2;2;2;2;2;2;2;2;2;2;2;2;2;2;2;2;2;2;2,5;6;5;4;3;14;5;8;6;5;3;12;14;3;12;3;8;4;5;2;12;2;3;12;4;12;5;3;2;6,17.66;21.10;17.66;17.12;12.06;50.12;18.92;27.36;21.10;17.66;12.06;42.85;50.12;11.71;42.85;14.50;27.36;26.47;17.97;8.58;42.85;8.94;14.50;43.24;14.84;42.85;17.66;12.06;8.58;59.48,2079.8393,970499958064866,970503142530906,3184.46604,57728,64448,8520704,0,0,,std_14q_pool1,1,,,,block=2 seq=558 cfg=std_pool attempt=1
std_14q_pool1-std-rand30_t9-r1-1789957278,2026-09-20T19:21:18,std,build_0071783e_20260829023649,0.002,7de69de,batch,rand30_t9,1,ok,,30,1000;128;1000;1024;1024;400;1024;32;128;1000;1024;4000;400;8192;4000;1000;32;500;1024;24576;4000;1000;1000;10000;8192;4000;1000;1024;24576;1024,2;2;2;2;2;2;2;2;2;2;2;2;2;2;2;2;2;2;2;2;2;2;2;2;2;2;2;2;2;2,5;6;5;4;3;14;5;8;6;5;3;12;14;3;12;3;8;4;5;2;12;2;3;12;4;12;5;3;2;6,17.66;21.10;17.66;17.12;12.06;50.12;18.92;27.36;21.10;17.66;12.06;42.85;50.12;11.71;42.85;14.50;27.36;26.47;17.97;8.58;42.85;8.94;14.50;43.24;14.84;42.85;17.66;12.06;8.58;59.48,2079.8393,970503676423456,970506860958046,3184.53459,57728,64448,8520704,0,0,,std_14q_pool1,1,,,,block=2 seq=558 cfg=std_pool attempt=1
std_14q_pool1-std-rand30_t9-r2-1789957281,2026-09-20T19:21:21,std,build_0071783e_20260829023649,0.002,7de69de,batch,rand30_t9,2,ok,,30,1000;128;1000;1024;1024;400;1024;32;128;1000;1024;4000;400;8192;4000;1000;32;500;1024;24576;4000;1000;1000;10000;8192;4000;1000;1024;24576;1024,2;2;2;2;2;2;2;2;2;2;2;2;2;2;2;2;2;2;2;2;2;2;2;2;2;2;2;2;2;2,5;6;5;4;3;14;5;8;6;5;3;12;14;3;12;3;8;4;5;2;12;2;3;12;4;12;5;3;2;6,17.66;21.10;17.66;17.12;12.06;50.12;18.92;27.36;21.10;17.66;12.06;42.85;50.12;11.71;42.85;14.50;27.36;26.47;17.97;8.58;42.85;8.94;14.50;43.24;14.84;42.85;17.66;12.06;8.58;59.48,2079.8393,970507395538393,970510580361306,3184.822913,57728,64448,8520704,0,0,,std_14q_pool1,1,,,,block=2 seq=558 cfg=std_pool attempt=1
std_14q_pool1-std-rand30_t9-r3-1789957285,2026-09-20T19:21:25,std,build_0071783e_20260829023649,0.002,7de69de,batch,rand30_t9,3,ok,,30,1000;128;1000;1024;1024;400;1024;32;128;1000;1024;4000;400;8192;4000;1000;32;500;1024;24576;4000;1000;1000;10000;8192;4000;1000;1024;24576;1024,2;2;2;2;2;2;2;2;2;2;2;2;2;2;2;2;2;2;2;2;2;2;2;2;2;2;2;2;2;2,5;6;5;4;3;14;5;8;6;5;3;12;14;3;12;3;8;4;5;2;12;2;3;12;4;12;5;3;2;6,17.66;21.10;17.66;17.12;12.06;50.12;18.92;27.36;21.10;17.66;12.06;42.85;50.12;11.71;42.85;14.50;27.36;26.47;17.97;8.58;42.85;8.94;14.50;43.24;14.84;42.85;17.66;12.06;8.58;59.48,2079.8393,970511114685710,970514299365262,3184.679552,57728,64448,8520704,0,0,,std_14q_pool1,1,,,,block=2 seq=558 cfg=std_pool attempt=1
std_14q_pool1-std-rand30_t9-r4-1789957289,2026-09-20T19:21:29,std,build_0071783e_20260829023649,0.002,7de69de,batch,rand30_t9,4,ok,,30,1000;128;1000;1024;1024;400;1024;32;128;1000;1024;4000;400;8192;4000;1000;32;500;1024;24576;4000;1000;1000;10000;8192;4000;1000;1024;24576;1024,2;2;2;2;2;2;2;2;2;2;2;2;2;2;2;2;2;2;2;2;2;2;2;2;2;2;2;2;2;2,5;6;5;4;3;14;5;8;6;5;3;12;14;3;12;3;8;4;5;2;12;2;3;12;4;12;5;3;2;6,17.66;21.10;17.66;17.12;12.06;50.12;18.92;27.36;21.10;17.66;12.06;42.85;50.12;11.71;42.85;14.50;27.36;26.47;17.97;8.58;42.85;8.94;14.50;43.24;14.84;42.85;17.66;12.06;8.58;59.48,2079.8393,970514831601435,970518016269777,3184.668342,57728,64448,8520704,0,0,,std_14q_pool1,1,,,,block=2 seq=558 cfg=std_pool attempt=1
std_14q_pool1-std-rand20_t7-r-1-1789957293,2026-09-20T19:21:33,std,build_0071783e_20260829023649,0.002,7de69de,batch,rand20_t7,-1,ok,,20,128;10000;1024;1024;1000;1000;1000;1024;4096;1024;8192;10000;8192;32;1024;1024;8192;1000;1024;1024,2;2;2;2;2;2;2;2;2;2;2;2;2;2;2;2;2;2;2;2,6;1;5;6;3;5;3;5;14;3;4;12;3;8;4;4;3;3;3;6,21.10;5.43;18.92;59.48;14.50;17.66;14.50;17.97;46.42;12.06;14.84;43.24;11.71;27.36;17.12;17.12;11.71;14.50;12.06;59.48,1274.4202,970519257738323,970521152717896,1894.979573,42704,47184,5089856,0,0,,std_14q_pool1,1,,,,block=2 seq=564 cfg=std_pool attempt=1
std_14q_pool1-std-rand20_t7-r0-1789957296,2026-09-20T19:21:36,std,build_0071783e_20260829023649,0.002,7de69de,batch,rand20_t7,0,ok,,20,128;10000;1024;1024;1000;1000;1000;1024;4096;1024;8192;10000;8192;32;1024;1024;8192;1000;1024;1024,2;2;2;2;2;2;2;2;2;2;2;2;2;2;2;2;2;2;2;2,6;1;5;6;3;5;3;5;14;3;4;12;3;8;4;4;3;3;3;6,21.10;5.43;18.92;59.48;14.50;17.66;14.50;17.97;46.42;12.06;14.84;43.24;11.71;27.36;17.12;17.12;11.71;14.50;12.06;59.48,1274.4202,970521655987550,970523549499588,1893.512038,42704,47184,5089856,0,0,,std_14q_pool1,1,,,,block=2 seq=564 cfg=std_pool attempt=1
std_14q_pool1-std-rand20_t7-r1-1789957298,2026-09-20T19:21:38,std,build_0071783e_20260829023649,0.002,7de69de,batch,rand20_t7,1,ok,,20,128;10000;1024;1024;1000;1000;1000;1024;4096;1024;8192;10000;8192;32;1024;1024;8192;1000;1024;1024,2;2;2;2;2;2;2;2;2;2;2;2;2;2;2;2;2;2;2;2,6;1;5;6;3;5;3;5;14;3;4;12;3;8;4;4;3;3;3;6,21.10;5.43;18.92;59.48;14.50;17.66;14.50;17.97;46.42;12.06;14.84;43.24;11.71;27.36;17.12;17.12;11.71;14.50;12.06;59.48,1274.4202,970524054055754,970525948149248,1894.093494,42704,47184,5089856,0,0,,std_14q_pool1,1,,,,block=2 seq=564 cfg=std_pool attempt=1
std_14q_pool1-std-rand20_t7-r2-1789957301,2026-09-20T19:21:41,std,build_0071783e_20260829023649,0.002,7de69de,batch,rand20_t7,2,ok,,20,128;10000;1024;1024;1000;1000;1000;1024;4096;1024;8192;10000;8192;32;1024;1024;8192;1000;1024;1024,2;2;2;2;2;2;2;2;2;2;2;2;2;2;2;2;2;2;2;2,6;1;5;6;3;5;3;5;14;3;4;12;3;8;4;4;3;3;3;6,21.10;5.43;18.92;59.48;14.50;17.66;14.50;17.97;46.42;12.06;14.84;43.24;11.71;27.36;17.12;17.12;11.71;14.50;12.06;59.48,1274.4202,970526450410421,970528344671617,1894.261196,42704,47184,5089856,0,0,,std_14q_pool1,1,,,,block=2 seq=564 cfg=std_pool attempt=1
std_14q_pool1-std-rand20_t7-r3-1789957303,2026-09-20T19:21:43,std,build_0071783e_20260829023649,0.002,7de69de,batch,rand20_t7,3,ok,,20,128;10000;1024;1024;1000;1000;1000;1024;4096;1024;8192;10000;8192;32;1024;1024;8192;1000;1024;1024,2;2;2;2;2;2;2;2;2;2;2;2;2;2;2;2;2;2;2;2,6;1;5;6;3;5;3;5;14;3;4;12;3;8;4;4;3;3;3;6,21.10;5.43;18.92;59.48;14.50;17.66;14.50;17.97;46.42;12.06;14.84;43.24;11.71;27.36;17.12;17.12;11.71;14.50;12.06;59.48,1274.4202,970528847262344,970530740892673,1893.630329,42704,47184,5089856,0,0,,std_14q_pool1,1,,,,block=2 seq=564 cfg=std_pool attempt=1
std_14q_pool1-std-rand20_t7-r4-1789957305,2026-09-20T19:21:45,std,build_0071783e_20260829023649,0.002,7de69de,batch,rand20_t7,4,ok,,20,128;10000;1024;1024;1000;1000;1000;1024;4096;1024;8192;10000;8192;32;1024;1024;8192;1000;1024;1024,2;2;2;2;2;2;2;2;2;2;2;2;2;2;2;2;2;2;2;2,6;1;5;6;3;5;3;5;14;3;4;12;3;8;4;4;3;3;3;6,21.10;5.43;18.92;59.48;14.50;17.66;14.50;17.97;46.42;12.06;14.84;43.24;11.71;27.36;17.12;17.12;11.71;14.50;12.06;59.48,1274.4202,970531244200057,970533137717455,1893.517398,42704,47184,5089856,0,0,,std_14q_pool1,1,,,,block=2 seq=564 cfg=std_pool attempt=1
c1_14q_pool1-c1-rand20_t6-r-1-1789957342,2026-09-20T19:22:22,c1,build_0071783e_20260829023649,0.002,7de69de,batch,rand20_t6,-1,ok,,20,1024;10000;1024;1000;8192;10000;1024;4000;1000;1024;8192;1000;10000;4096;1000;4000;4000;1000;10000;500,2;2;2;2;2;2;2;2;2;2;2;2;2;2;2;2;2;2;2;2,4;1;5;5;3;1;5;12;2;4;3;2;1;14;3;2;12;3;1;4,17.12;5.43;18.92;17.66;11.71;5.43;18.92;42.85;8.94;17.12;11.71;8.94;5.43;46.42;14.50;8.58;42.85;14.50;5.43;26.47,1127.9741,970568445740160,970569651865983,1206.125823,24752,29232,4534464,1714,10763,,c1_14q_pool1,1,,,,block=3 seq=570 cfg=c1_pool attempt=1
c1_14q_pool1-c1-rand20_t6-r0-1789957344,2026-09-20T19:22:24,c1,build_0071783e_20260829023649,0.002,7de69de,batch,rand20_t6,0,ok,,20,1024;10000;1024;1000;8192;10000;1024;4000;1000;1024;8192;1000;10000;4096;1000;4000;4000;1000;10000;500,2;2;2;2;2;2;2;2;2;2;2;2;2;2;2;2;2;2;2;2,4;1;5;5;3;1;5;12;2;4;3;2;1;14;3;2;12;3;1;4,17.12;5.43;18.92;17.66;11.71;5.43;18.92;42.85;8.94;17.12;11.71;8.94;5.43;46.42;14.50;8.58;42.85;14.50;5.43;26.47,1127.9741,970570118211827,970571327388931,1209.177104,24752,29232,4534464,1937,12711,,c1_14q_pool1,1,,,,block=3 seq=570 cfg=c1_pool attempt=1
c1_14q_pool1-c1-rand20_t6-r1-1789957346,2026-09-20T19:22:26,c1,build_0071783e_20260829023649,0.002,7de69de,batch,rand20_t6,1,ok,,20,1024;10000;1024;1000;8192;10000;1024;4000;1000;1024;8192;1000;10000;4096;1000;4000;4000;1000;10000;500,2;2;2;2;2;2;2;2;2;2;2;2;2;2;2;2;2;2;2;2,4;1;5;5;3;1;5;12;2;4;3;2;1;14;3;2;12;3;1;4,17.12;5.43;18.92;17.66;11.71;5.43;18.92;42.85;8.94;17.12;11.71;8.94;5.43;46.42;14.50;8.58;42.85;14.50;5.43;26.47,1127.9741,970571798277211,970573005069450,1206.792239,24752,29232,4534464,2019,12896,,c1_14q_pool1,1,,,,block=3 seq=570 cfg=c1_pool attempt=1
c1_14q_pool1-c1-rand20_t6-r2-1789957348,2026-09-20T19:22:28,c1,build_0071783e_20260829023649,0.002,7de69de,batch,rand20_t6,2,ok,,20,1024;10000;1024;1000;8192;10000;1024;4000;1000;1024;8192;1000;10000;4096;1000;4000;4000;1000;10000;500,2;2;2;2;2;2;2;2;2;2;2;2;2;2;2;2;2;2;2;2,4;1;5;5;3;1;5;12;2;4;3;2;1;14;3;2;12;3;1;4,17.12;5.43;18.92;17.66;11.71;5.43;18.92;42.85;8.94;17.12;11.71;8.94;5.43;46.42;14.50;8.58;42.85;14.50;5.43;26.47,1127.9741,970573472674047,970574677157504,1204.483457,24752,29232,4534464,1799,10723,,c1_14q_pool1,1,,,,block=3 seq=570 cfg=c1_pool attempt=1
c1_14q_pool1-c1-rand20_t6-r3-1789957349,2026-09-20T19:22:29,c1,build_0071783e_20260829023649,0.002,7de69de,batch,rand20_t6,3,ok,,20,1024;10000;1024;1000;8192;10000;1024;4000;1000;1024;8192;1000;10000;4096;1000;4000;4000;1000;10000;500,2;2;2;2;2;2;2;2;2;2;2;2;2;2;2;2;2;2;2;2,4;1;5;5;3;1;5;12;2;4;3;2;1;14;3;2;12;3;1;4,17.12;5.43;18.92;17.66;11.71;5.43;18.92;42.85;8.94;17.12;11.71;8.94;5.43;46.42;14.50;8.58;42.85;14.50;5.43;26.47,1127.9741,970575145574199,970576349535590,1203.961391,24752,29232,4534464,1722,10388,,c1_14q_pool1,1,,,,block=3 seq=570 cfg=c1_pool attempt=1
c1_14q_pool1-c1-rand20_t6-r4-1789957351,2026-09-20T19:22:31,c1,build_0071783e_20260829023649,0.002,7de69de,batch,rand20_t6,4,ok,,20,1024;10000;1024;1000;8192;10000;1024;4000;1000;1024;8192;1000;10000;4096;1000;4000;4000;1000;10000;500,2;2;2;2;2;2;2;2;2;2;2;2;2;2;2;2;2;2;2;2,4;1;5;5;3;1;5;12;2;4;3;2;1;14;3;2;12;3;1;4,17.12;5.43;18.92;17.66;11.71;5.43;18.92;42.85;8.94;17.12;11.71;8.94;5.43;46.42;14.50;8.58;42.85;14.50;5.43;26.47,1127.9741,970576815969725,970578021892156,1205.922431,24752,29232,4534464,1495,10056,,c1_14q_pool1,1,,,,block=3 seq=570 cfg=c1_pool attempt=1
c1_14q_pool1-c1-rand20_t4-r-1-1789957353,2026-09-20T19:22:33,c1,build_0071783e_20260829023649,0.002,7de69de,batch,rand20_t4,-1,ok,,20,1000;4096;1024;8192;128;8192;4000;1000;1000;128;128;1024;1000;1024;128;4000;10000;8192;1024;400,2;2;2;2;2;2;2;2;2;2;2;2;2;2;2;2;2;2;2;2,5;14;4;3;6;4;12;3;2;6;6;3;3;6;6;12;1;3;4;14,17.66;46.42;17.12;11.71;21.10;14.84;42.85;14.50;8.94;21.10;21.10;12.06;14.50;59.48;21.10;42.85;5.43;11.71;17.12;50.12,1095.5217,970579182382883,970580353758649,1171.375766,38304,42784,4517312,1900,10955,,c1_14q_pool1,1,,,,block=3 seq=576 cfg=c1_pool attempt=1
c1_14q_pool1-c1-rand20_t4-r0-1789957355,2026-09-20T19:22:35,c1,build_0071783e_20260829023649,0.002,7de69de,batch,rand20_t4,0,ok,,20,1000;4096;1024;8192;128;8192;4000;1000;1000;128;128;1024;1000;1024;128;4000;10000;8192;1024;400,2;2;2;2;2;2;2;2;2;2;2;2;2;2;2;2;2;2;2;2,5;14;4;3;6;4;12;3;2;6;6;3;3;6;6;12;1;3;4;14,17.66;46.42;17.12;11.71;21.10;14.84;42.85;14.50;8.94;21.10;21.10;12.06;14.50;59.48;21.10;42.85;5.43;11.71;17.12;50.12,1095.5217,970580822044812,970581993670050,1171.625238,38304,42784,4517312,2120,10819,,c1_14q_pool1,1,,,,block=3 seq=576 cfg=c1_pool attempt=1
c1_14q_pool1-c1-rand20_t4-r1-1789957357,2026-09-20T19:22:37,c1,build_0071783e_20260829023649,0.002,7de69de,batch,rand20_t4,1,data_mismatch,STRM error after 3808960/4517312 B,20,1000;4096;1024;8192;128;8192;4000;1000;1000;128;128;1024;1000;1024;128;4000;10000;8192;1024;400,2;2;2;2;2;2;2;2;2;2;2;2;2;2;2;2;2;2;2;2,5;14;4;3;6;4;12;3;2;6;6;3;3;6;6;12;1;3;4;14,17.66;46.42;17.12;11.71;21.10;14.84;42.85;14.50;8.94;21.10;21.10;12.06;14.50;59.48;21.10;42.85;5.43;11.71;17.12;50.12,1095.5217,,,,38304,,4517312,,,,c1_14q_pool1,1,,,,block=3 seq=576 cfg=c1_pool attempt=1
c1_14q_pool1-c1-rand20_t4-r1-1789957508,2026-09-20T19:25:08,c1,build_0071783e_20260829023649,0.002,7de69de,batch,rand20_t4,1,ok,,20,1000;4096;1024;8192;128;8192;4000;1000;1000;128;128;1024;1000;1024;128;4000;10000;8192;1024;400,2;2;2;2;2;2;2;2;2;2;2;2;2;2;2;2;2;2;2;2,5;14;4;3;6;4;12;3;2;6;6;3;3;6;6;12;1;3;4;14,17.66;46.42;17.12;11.71;21.10;14.84;42.85;14.50;8.94;21.10;21.10;12.06;14.50;59.48;21.10;42.85;5.43;11.71;17.12;50.12,1095.5217,970883491549209,970884662945095,1171.395886,38304,42784,4517312,1338,8921,,c1_14q_pool1,1,,,,block=3 seq=576 cfg=c1_pool attempt=1
c1_14q_pool1-c1-rand20_t4-r2-1789957659,2026-09-20T19:27:39,c1,build_0071783e_20260829023649,0.002,7de69de,batch,rand20_t4,2,data_mismatch,STRM error after 3028672/4517312 B,20,1000;4096;1024;8192;128;8192;4000;1000;1000;128;128;1024;1000;1024;128;4000;10000;8192;1024;400,2;2;2;2;2;2;2;2;2;2;2;2;2;2;2;2;2;2;2;2,5;14;4;3;6;4;12;3;2;6;6;3;3;6;6;12;1;3;4;14,17.66;46.42;17.12;11.71;21.10;14.84;42.85;14.50;8.94;21.10;21.10;12.06;14.50;59.48;21.10;42.85;5.43;11.71;17.12;50.12,1095.5217,,,,38304,,4517312,,,,c1_14q_pool1,1,,,,block=3 seq=576 cfg=c1_pool attempt=1
c1_14q_pool1-c1-rand20_t4-r2-1789957810,2026-09-20T19:30:10,c1,build_0071783e_20260829023649,0.002,7de69de,batch,rand20_t4,2,ok,,20,1000;4096;1024;8192;128;8192;4000;1000;1000;128;128;1024;1000;1024;128;4000;10000;8192;1024;400,2;2;2;2;2;2;2;2;2;2;2;2;2;2;2;2;2;2;2;2,5;14;4;3;6;4;12;3;2;6;6;3;3;6;6;12;1;3;4;14,17.66;46.42;17.12;11.71;21.10;14.84;42.85;14.50;8.94;21.10;21.10;12.06;14.50;59.48;21.10;42.85;5.43;11.71;17.12;50.12,1095.5217,971185924957235,971187096350441,1171.393206,38304,42784,4517312,1860,10903,,c1_14q_pool1,1,,,,block=3 seq=576 cfg=c1_pool attempt=1
c1_14q_pool1-c1-rand20_t4-r3-1789957962,2026-09-20T19:32:42,c1,build_0071783e_20260829023649,0.002,7de69de,batch,rand20_t4,3,ok,,20,1000;4096;1024;8192;128;8192;4000;1000;1000;128;128;1024;1000;1024;128;4000;10000;8192;1024;400,2;2;2;2;2;2;2;2;2;2;2;2;2;2;2;2;2;2;2;2,5;14;4;3;6;4;12;3;2;6;6;3;3;6;6;12;1;3;4;14,17.66;46.42;17.12;11.71;21.10;14.84;42.85;14.50;8.94;21.10;21.10;12.06;14.50;59.48;21.10;42.85;5.43;11.71;17.12;50.12,1095.5217,971187556918707,971188727927399,1171.008692,38304,42784,4517312,1888,10871,,c1_14q_pool1,1,,,,block=3 seq=576 cfg=c1_pool attempt=1
c1_14q_pool1-c1-rand20_t4-r4-1789957963,2026-09-20T19:32:43,c1,build_0071783e_20260829023649,0.002,7de69de,batch,rand20_t4,4,ok,,20,1000;4096;1024;8192;128;8192;4000;1000;1000;128;128;1024;1000;1024;128;4000;10000;8192;1024;400,2;2;2;2;2;2;2;2;2;2;2;2;2;2;2;2;2;2;2;2,5;14;4;3;6;4;12;3;2;6;6;3;3;6;6;12;1;3;4;14,17.66;46.42;17.12;11.71;21.10;14.84;42.85;14.50;8.94;21.10;21.10;12.06;14.50;59.48;21.10;42.85;5.43;11.71;17.12;50.12,1095.5217,971189190132932,971190360829721,1170.696789,38304,42784,4517312,1689,9915,,c1_14q_pool1,1,,,,block=3 seq=576 cfg=c1_pool attempt=1
c1_14q_pool1-c1-qaoa12_x30-r-1-1789957965,2026-09-20T19:32:45,c1,build_0071783e_20260829023649,0.002,7de69de,batch,qaoa12_x30,-1,ok,,30,10000;10000;10000;10000;10000;10000;10000;10000;10000;10000;10000;10000;10000;10000;10000;10000;10000;10000;10000;10000;10000;10000;10000;10000;10000;10000;10000;10000;10000;10000,2;2;2;2;2;2;2;2;2;2;2;2;2;2;2;2;2;2;2;2;2;2;2;2;2;2;2;2;2;2,12;12;12;12;12;12;12;12;12;12;12;12;12;12;12;12;12;12;12;12;12;12;12;12;12;12;12;12;12;12,43.24;43.24;43.24;43.24;43.24;43.24;43.24;43.24;43.24;43.24;43.24;43.24;43.24;43.24;43.24;43.24;43.24;43.24;43.24;43.24;43.24;43.24;43.24;43.24;43.24;43.24;43.24;43.24;43.24;43.24,12972.0000,971191375634610,971204570526610,13194.892,101760,108480,57600000,2778,76192,,c1_14q_pool1,1,,,,block=3 seq=582 cfg=c1_pool attempt=1
c1_14q_pool1-c1-qaoa12_x30-r0-1789957979,2026-09-20T19:32:59,c1,build_0071783e_20260829023649,0.002,7de69de,batch,qaoa12_x30,0,ok,,30,10000;10000;10000;10000;10000;10000;10000;10000;10000;10000;10000;10000;10000;10000;10000;10000;10000;10000;10000;10000;10000;10000;10000;10000;10000;10000;10000;10000;10000;10000,2;2;2;2;2;2;2;2;2;2;2;2;2;2;2;2;2;2;2;2;2;2;2;2;2;2;2;2;2;2,12;12;12;12;12;12;12;12;12;12;12;12;12;12;12;12;12;12;12;12;12;12;12;12;12;12;12;12;12;12,43.24;43.24;43.24;43.24;43.24;43.24;43.24;43.24;43.24;43.24;43.24;43.24;43.24;43.24;43.24;43.24;43.24;43.24;43.24;43.24;43.24;43.24;43.24;43.24;43.24;43.24;43.24;43.24;43.24;43.24,12972.0000,971205007160967,971218202967206,13195.806239,101760,108480,57600000,2815,78976,,c1_14q_pool1,1,,,,block=3 seq=582 cfg=c1_pool attempt=1
c1_14q_pool1-c1-qaoa12_x30-r1-1789957993,2026-09-20T19:33:13,c1,build_0071783e_20260829023649,0.002,7de69de,batch,qaoa12_x30,1,ok,,30,10000;10000;10000;10000;10000;10000;10000;10000;10000;10000;10000;10000;10000;10000;10000;10000;10000;10000;10000;10000;10000;10000;10000;10000;10000;10000;10000;10000;10000;10000,2;2;2;2;2;2;2;2;2;2;2;2;2;2;2;2;2;2;2;2;2;2;2;2;2;2;2;2;2;2,12;12;12;12;12;12;12;12;12;12;12;12;12;12;12;12;12;12;12;12;12;12;12;12;12;12;12;12;12;12,43.24;43.24;43.24;43.24;43.24;43.24;43.24;43.24;43.24;43.24;43.24;43.24;43.24;43.24;43.24;43.24;43.24;43.24;43.24;43.24;43.24;43.24;43.24;43.24;43.24;43.24;43.24;43.24;43.24;43.24,12972.0000,971218642164698,971231835362181,13193.197483,101760,108480,57600000,2815,74958,,c1_14q_pool1,1,,,,block=3 seq=582 cfg=c1_pool attempt=1
c1_14q_pool1-c1-qaoa12_x30-r2-1789958006,2026-09-20T19:33:26,c1,build_0071783e_20260829023649,0.002,7de69de,batch,qaoa12_x30,2,ok,,30,10000;10000;10000;10000;10000;10000;10000;10000;10000;10000;10000;10000;10000;10000;10000;10000;10000;10000;10000;10000;10000;10000;10000;10000;10000;10000;10000;10000;10000;10000,2;2;2;2;2;2;2;2;2;2;2;2;2;2;2;2;2;2;2;2;2;2;2;2;2;2;2;2;2;2,12;12;12;12;12;12;12;12;12;12;12;12;12;12;12;12;12;12;12;12;12;12;12;12;12;12;12;12;12;12,43.24;43.24;43.24;43.24;43.24;43.24;43.24;43.24;43.24;43.24;43.24;43.24;43.24;43.24;43.24;43.24;43.24;43.24;43.24;43.24;43.24;43.24;43.24;43.24;43.24;43.24;43.24;43.24;43.24;43.24,12972.0000,971232270518453,971245468462013,13197.94356,101760,108480,57600000,2823,78516,,c1_14q_pool1,1,,,,block=3 seq=582 cfg=c1_pool attempt=1
c1_14q_pool1-c1-qaoa12_x30-r3-1789958020,2026-09-20T19:33:40,c1,build_0071783e_20260829023649,0.002,7de69de,batch,qaoa12_x30,3,ok,,30,10000;10000;10000;10000;10000;10000;10000;10000;10000;10000;10000;10000;10000;10000;10000;10000;10000;10000;10000;10000;10000;10000;10000;10000;10000;10000;10000;10000;10000;10000,2;2;2;2;2;2;2;2;2;2;2;2;2;2;2;2;2;2;2;2;2;2;2;2;2;2;2;2;2;2,12;12;12;12;12;12;12;12;12;12;12;12;12;12;12;12;12;12;12;12;12;12;12;12;12;12;12;12;12;12,43.24;43.24;43.24;43.24;43.24;43.24;43.24;43.24;43.24;43.24;43.24;43.24;43.24;43.24;43.24;43.24;43.24;43.24;43.24;43.24;43.24;43.24;43.24;43.24;43.24;43.24;43.24;43.24;43.24;43.24,12972.0000,971245904629485,971259095866718,13191.237233,101760,108480,57600000,2816,76195,,c1_14q_pool1,1,,,,block=3 seq=582 cfg=c1_pool attempt=1
c1_14q_pool1-c1-qaoa12_x30-r4-1789958034,2026-09-20T19:33:54,c1,build_0071783e_20260829023649,0.002,7de69de,batch,qaoa12_x30,4,ok,,30,10000;10000;10000;10000;10000;10000;10000;10000;10000;10000;10000;10000;10000;10000;10000;10000;10000;10000;10000;10000;10000;10000;10000;10000;10000;10000;10000;10000;10000;10000,2;2;2;2;2;2;2;2;2;2;2;2;2;2;2;2;2;2;2;2;2;2;2;2;2;2;2;2;2;2,12;12;12;12;12;12;12;12;12;12;12;12;12;12;12;12;12;12;12;12;12;12;12;12;12;12;12;12;12;12,43.24;43.24;43.24;43.24;43.24;43.24;43.24;43.24;43.24;43.24;43.24;43.24;43.24;43.24;43.24;43.24;43.24;43.24;43.24;43.24;43.24;43.24;43.24;43.24;43.24;43.24;43.24;43.24;43.24;43.24,12972.0000,971259534308963,971272723416985,13189.108022,101760,108480,57600000,2707,74542,,c1_14q_pool1,1,,,,block=3 seq=582 cfg=c1_pool attempt=1
c1_14q_pool1-c1-rand30_t8-r-1-1789958048,2026-09-20T19:34:08,c1,build_0071783e_20260829023649,0.002,7de69de,batch,rand30_t8,-1,ok,,30,400;1024;4000;24576;8192;4096;1024;1024;1000;8192;4096;500;4000;10000;4000;500;4000;1024;10000;8192;128;1024;1024;8192;400;400;4000;1024;500;400,2;2;2;2;2;2;2;2;2;2;2;2;2;2;2;2;2;2;2;2;2;2;2;2;2;2;2;2;2;2,14;4;2;2;4;14;4;5;5;3;14;4;2;12;12;4;2;4;12;4;6;5;5;4;14;14;2;4;4;14,50.12;17.12;8.58;8.58;14.84;46.42;17.12;17.97;17.66;11.71;46.42;26.47;8.58;43.24;42.85;26.47;8.58;17.12;43.24;14.84;21.10;17.97;18.92;14.84;50.12;50.12;8.58;17.12;26.47;50.12,2492.0956,971273912075023,971276531491252,2619.416229,60080,66800,10729920,2555,20840,,c1_14q_pool1,1,,,,block=3 seq=588 cfg=c1_pool attempt=1
c1_14q_pool1-c1-rand30_t8-r0-1789958051,2026-09-20T19:34:11,c1,build_0071783e_20260829023649,0.002,7de69de,batch,rand30_t8,0,ok,,30,400;1024;4000;24576;8192;4096;1024;1024;1000;8192;4096;500;4000;10000;4000;500;4000;1024;10000;8192;128;1024;1024;8192;400;400;4000;1024;500;400,2;2;2;2;2;2;2;2;2;2;2;2;2;2;2;2;2;2;2;2;2;2;2;2;2;2;2;2;2;2,14;4;2;2;4;14;4;5;5;3;14;4;2;12;12;4;2;4;12;4;6;5;5;4;14;14;2;4;4;14,50.12;17.12;8.58;8.58;14.84;46.42;17.12;17.97;17.66;11.71;46.42;26.47;8.58;43.24;42.85;26.47;8.58;17.12;43.24;14.84;21.10;17.97;18.92;14.84;50.12;50.12;8.58;17.12;26.47;50.12,2492.0956,971277002056708,971279622088042,2620.031334,60080,66800,10729920,2793,21403,,c1_14q_pool1,1,,,,block=3 seq=588 cfg=c1_pool attempt=1
c1_14q_pool1-c1-rand30_t8-r1-1789958054,2026-09-20T19:34:14,c1,build_0071783e_20260829023649,0.002,7de69de,batch,rand30_t8,1,ok,,30,400;1024;4000;24576;8192;4096;1024;1024;1000;8192;4096;500;4000;10000;4000;500;4000;1024;10000;8192;128;1024;1024;8192;400;400;4000;1024;500;400,2;2;2;2;2;2;2;2;2;2;2;2;2;2;2;2;2;2;2;2;2;2;2;2;2;2;2;2;2;2,14;4;2;2;4;14;4;5;5;3;14;4;2;12;12;4;2;4;12;4;6;5;5;4;14;14;2;4;4;14,50.12;17.12;8.58;8.58;14.84;46.42;17.12;17.97;17.66;11.71;46.42;26.47;8.58;43.24;42.85;26.47;8.58;17.12;43.24;14.84;21.10;17.97;18.92;14.84;50.12;50.12;8.58;17.12;26.47;50.12,2492.0956,971280089907771,971282709537732,2619.629961,60080,66800,10729920,2786,21148,,c1_14q_pool1,1,,,,block=3 seq=588 cfg=c1_pool attempt=1
c1_14q_pool1-c1-rand30_t8-r2-1789958057,2026-09-20T19:34:17,c1,build_0071783e_20260829023649,0.002,7de69de,batch,rand30_t8,2,ok,,30,400;1024;4000;24576;8192;4096;1024;1024;1000;8192;4096;500;4000;10000;4000;500;4000;1024;10000;8192;128;1024;1024;8192;400;400;4000;1024;500;400,2;2;2;2;2;2;2;2;2;2;2;2;2;2;2;2;2;2;2;2;2;2;2;2;2;2;2;2;2;2,14;4;2;2;4;14;4;5;5;3;14;4;2;12;12;4;2;4;12;4;6;5;5;4;14;14;2;4;4;14,50.12;17.12;8.58;8.58;14.84;46.42;17.12;17.97;17.66;11.71;46.42;26.47;8.58;43.24;42.85;26.47;8.58;17.12;43.24;14.84;21.10;17.97;18.92;14.84;50.12;50.12;8.58;17.12;26.47;50.12,2492.0956,971283177732824,971285798977431,2621.244607,60080,66800,10729920,2803,20595,,c1_14q_pool1,1,,,,block=3 seq=588 cfg=c1_pool attempt=1
c1_14q_pool1-c1-rand30_t8-r3-1789958060,2026-09-20T19:34:20,c1,build_0071783e_20260829023649,0.002,7de69de,batch,rand30_t8,3,ok,,30,400;1024;4000;24576;8192;4096;1024;1024;1000;8192;4096;500;4000;10000;4000;500;4000;1024;10000;8192;128;1024;1024;8192;400;400;4000;1024;500;400,2;2;2;2;2;2;2;2;2;2;2;2;2;2;2;2;2;2;2;2;2;2;2;2;2;2;2;2;2;2,14;4;2;2;4;14;4;5;5;3;14;4;2;12;12;4;2;4;12;4;6;5;5;4;14;14;2;4;4;14,50.12;17.12;8.58;8.58;14.84;46.42;17.12;17.97;17.66;11.71;46.42;26.47;8.58;43.24;42.85;26.47;8.58;17.12;43.24;14.84;21.10;17.97;18.92;14.84;50.12;50.12;8.58;17.12;26.47;50.12,2492.0956,971286264624078,971288874235248,2609.61117,60080,66800,10729920,2515,19445,,c1_14q_pool1,1,,,,block=3 seq=588 cfg=c1_pool attempt=1
c1_14q_pool1-c1-rand30_t8-r4-1789958063,2026-09-20T19:34:23,c1,build_0071783e_20260829023649,0.002,7de69de,batch,rand30_t8,4,ok,,30,400;1024;4000;24576;8192;4096;1024;1024;1000;8192;4096;500;4000;10000;4000;500;4000;1024;10000;8192;128;1024;1024;8192;400;400;4000;1024;500;400,2;2;2;2;2;2;2;2;2;2;2;2;2;2;2;2;2;2;2;2;2;2;2;2;2;2;2;2;2;2,14;4;2;2;4;14;4;5;5;3;14;4;2;12;12;4;2;4;12;4;6;5;5;4;14;14;2;4;4;14,50.12;17.12;8.58;8.58;14.84;46.42;17.12;17.97;17.66;11.71;46.42;26.47;8.58;43.24;42.85;26.47;8.58;17.12;43.24;14.84;21.10;17.97;18.92;14.84;50.12;50.12;8.58;17.12;26.47;50.12,2492.0956,971289342594063,971291951994771,2609.400708,60080,66800,10729920,2758,20500,,c1_14q_pool1,1,,,,block=3 seq=588 cfg=c1_pool attempt=1
c1_14q_pool1-c1-rand10_t3-r-1-1789958067,2026-09-20T19:34:27,c1,build_0071783e_20260829023649,0.002,7de69de,batch,rand10_t3,-1,ok,,10,400;1000;1024;1024;1024;10000;400;500;4000;10000,2;2;2;2;2;2;2;2;2;2,14;5;5;4;5;1;14;4;12;1,50.12;17.66;18.92;17.12;17.97;5.43;50.12;26.47;42.85;5.43,406.3136,971293069417137,971293510018573,440.601436,19696,21936,1576384,1701,4586,,c1_14q_pool1,1,,,,block=3 seq=594 cfg=c1_pool attempt=1
c1_14q_pool1-c1-rand10_t3-r0-1789958068,2026-09-20T19:34:28,c1,build_0071783e_20260829023649,0.002,7de69de,batch,rand10_t3,0,ok,,10,400;1000;1024;1024;1024;10000;400;500;4000;10000,2;2;2;2;2;2;2;2;2;2,14;5;5;4;5;1;14;4;12;1,50.12;17.66;18.92;17.12;17.97;5.43;50.12;26.47;42.85;5.43,406.3136,971293974353448,971294414766292,440.412844,19696,21936,1576384,1522,4345,,c1_14q_pool1,1,,,,block=3 seq=594 cfg=c1_pool attempt=1
c1_14q_pool1-c1-rand10_t3-r1-1789958069,2026-09-20T19:34:29,c1,build_0071783e_20260829023649,0.002,7de69de,batch,rand10_t3,1,ok,,10,400;1000;1024;1024;1024;10000;400;500;4000;10000,2;2;2;2;2;2;2;2;2;2,14;5;5;4;5;1;14;4;12;1,50.12;17.66;18.92;17.12;17.97;5.43;50.12;26.47;42.85;5.43,406.3136,971294877542101,971295318624702,441.082601,19696,21936,1576384,1337,4205,,c1_14q_pool1,1,,,,block=3 seq=594 cfg=c1_pool attempt=1
c1_14q_pool1-c1-rand10_t3-r2-1789958070,2026-09-20T19:34:30,c1,build_0071783e_20260829023649,0.002,7de69de,batch,rand10_t3,2,ok,,10,400;1000;1024;1024;1024;10000;400;500;4000;10000,2;2;2;2;2;2;2;2;2;2,14;5;5;4;5;1;14;4;12;1,50.12;17.66;18.92;17.12;17.97;5.43;50.12;26.47;42.85;5.43,406.3136,971295780668793,971296220685404,440.016611,19696,21936,1576384,1184,4091,,c1_14q_pool1,1,,,,block=3 seq=594 cfg=c1_pool attempt=1
c1_14q_pool1-c1-rand10_t3-r3-1789958071,2026-09-20T19:34:31,c1,build_0071783e_20260829023649,0.002,7de69de,batch,rand10_t3,3,ok,,10,400;1000;1024;1024;1024;10000;400;500;4000;10000,2;2;2;2;2;2;2;2;2;2,14;5;5;4;5;1;14;4;12;1,50.12;17.66;18.92;17.12;17.97;5.43;50.12;26.47;42.85;5.43,406.3136,971296682917047,971297123908458,440.991411,19696,21936,1576384,1290,4066,,c1_14q_pool1,1,,,,block=3 seq=594 cfg=c1_pool attempt=1
c1_14q_pool1-c1-rand10_t3-r4-1789958072,2026-09-20T19:34:32,c1,build_0071783e_20260829023649,0.002,7de69de,batch,rand10_t3,4,ok,,10,400;1000;1024;1024;1024;10000;400;500;4000;10000,2;2;2;2;2;2;2;2;2;2,14;5;5;4;5;1;14;4;12;1,50.12;17.66;18.92;17.12;17.97;5.43;50.12;26.47;42.85;5.43,406.3136,971297585297773,971298026767428,441.469655,19696,21936,1576384,1600,4461,,c1_14q_pool1,1,,,,block=3 seq=594 cfg=c1_pool attempt=1
c1_14q_pool1-c1-rand30_t3-r-1-1789958073,2026-09-20T19:34:33,c1,build_0071783e_20260829023649,0.002,7de69de,batch,rand30_t3,-1,ok,,30,1024;500;8192;1024;24576;1024;128;10000;4096;32;128;1000;32;1024;10000;1000;8192;1024;500;8192;400;10000;4096;1000;1000;24576;1000;32;400;8192,2;2;2;2;2;2;2;2;2;2;2;2;2;2;2;2;2;2;2;2;2;2;2;2;2;2;2;2;2;2,6;4;4;5;2;3;6;1;14;8;6;3;8;6;12;2;3;5;4;4;14;12;14;3;2;2;3;8;14;3,59.48;26.47;14.84;18.92;8.58;12.06;21.10;5.43;46.42;27.36;21.10;14.50;27.36;59.48;43.24;8.94;11.71;18.92;26.47;14.84;50.12;43.24;46.42;14.50;8.94;8.58;14.50;27.36;50.12;11.71,2465.2663,971299210457137,971301792165068,2581.707931,67600,74320,10115968,2563,19293,,c1_14q_pool1,1,,,,block=3 seq=600 cfg=c1_pool attempt=1
c1_14q_pool1-c1-rand30_t3-r0-1789958076,2026-09-20T19:34:36,c1,build_0071783e_20260829023649,0.002,7de69de,batch,rand30_t3,0,ok,,30,1024;500;8192;1024;24576;1024;128;10000;4096;32;128;1000;32;1024;10000;1000;8192;1024;500;8192;400;10000;4096;1000;1000;24576;1000;32;400;8192,2;2;2;2;2;2;2;2;2;2;2;2;2;2;2;2;2;2;2;2;2;2;2;2;2;2;2;2;2;2,6;4;4;5;2;3;6;1;14;8;6;3;8;6;12;2;3;5;4;4;14;12;14;3;2;2;3;8;14;3,59.48;26.47;14.84;18.92;8.58;12.06;21.10;5.43;46.42;27.36;21.10;14.50;27.36;59.48;43.24;8.94;11.71;18.92;26.47;14.84;50.12;43.24;46.42;14.50;8.94;8.58;14.50;27.36;50.12;11.71,2465.2663,971302263352210,971304846128922,2582.776712,67600,74320,10115968,2723,20063,,c1_14q_pool1,1,,,,block=3 seq=600 cfg=c1_pool attempt=1
c1_14q_pool1-c1-rand30_t3-r1-1789958079,2026-09-20T19:34:39,c1,build_0071783e_20260829023649,0.002,7de69de,batch,rand30_t3,1,ok,,30,1024;500;8192;1024;24576;1024;128;10000;4096;32;128;1000;32;1024;10000;1000;8192;1024;500;8192;400;10000;4096;1000;1000;24576;1000;32;400;8192,2;2;2;2;2;2;2;2;2;2;2;2;2;2;2;2;2;2;2;2;2;2;2;2;2;2;2;2;2;2,6;4;4;5;2;3;6;1;14;8;6;3;8;6;12;2;3;5;4;4;14;12;14;3;2;2;3;8;14;3,59.48;26.47;14.84;18.92;8.58;12.06;21.10;5.43;46.42;27.36;21.10;14.50;27.36;59.48;43.24;8.94;11.71;18.92;26.47;14.84;50.12;43.24;46.42;14.50;8.94;8.58;14.50;27.36;50.12;11.71,2465.2663,971305317558657,971307901161827,2583.60317,67600,74320,10115968,2752,19531,,c1_14q_pool1,1,,,,block=3 seq=600 cfg=c1_pool attempt=1
c1_14q_pool1-c1-rand30_t3-r2-1789958082,2026-09-20T19:34:42,c1,build_0071783e_20260829023649,0.002,7de69de,batch,rand30_t3,2,ok,,30,1024;500;8192;1024;24576;1024;128;10000;4096;32;128;1000;32;1024;10000;1000;8192;1024;500;8192;400;10000;4096;1000;1000;24576;1000;32;400;8192,2;2;2;2;2;2;2;2;2;2;2;2;2;2;2;2;2;2;2;2;2;2;2;2;2;2;2;2;2;2,6;4;4;5;2;3;6;1;14;8;6;3;8;6;12;2;3;5;4;4;14;12;14;3;2;2;3;8;14;3,59.48;26.47;14.84;18.92;8.58;12.06;21.10;5.43;46.42;27.36;21.10;14.50;27.36;59.48;43.24;8.94;11.71;18.92;26.47;14.84;50.12;43.24;46.42;14.50;8.94;8.58;14.50;27.36;50.12;11.71,2465.2663,971308367417741,971310951043821,2583.62608,67600,74320,10115968,2732,18900,,c1_14q_pool1,1,,,,block=3 seq=600 cfg=c1_pool attempt=1
c1_14q_pool1-c1-rand30_t3-r3-1789958085,2026-09-20T19:34:45,c1,build_0071783e_20260829023649,0.002,7de69de,batch,rand30_t3,3,ok,,30,1024;500;8192;1024;24576;1024;128;10000;4096;32;128;1000;32;1024;10000;1000;8192;1024;500;8192;400;10000;4096;1000;1000;24576;1000;32;400;8192,2;2;2;2;2;2;2;2;2;2;2;2;2;2;2;2;2;2;2;2;2;2;2;2;2;2;2;2;2;2,6;4;4;5;2;3;6;1;14;8;6;3;8;6;12;2;3;5;4;4;14;12;14;3;2;2;3;8;14;3,59.48;26.47;14.84;18.92;8.58;12.06;21.10;5.43;46.42;27.36;21.10;14.50;27.36;59.48;43.24;8.94;11.71;18.92;26.47;14.84;50.12;43.24;46.42;14.50;8.94;8.58;14.50;27.36;50.12;11.71,2465.2663,971311419489256,971314001915094,2582.425838,67600,74320,10115968,2524,19259,,c1_14q_pool1,1,,,,block=3 seq=600 cfg=c1_pool attempt=1
c1_14q_pool1-c1-rand30_t3-r4-1789958089,2026-09-20T19:34:49,c1,build_0071783e_20260829023649,0.002,7de69de,batch,rand30_t3,4,ok,,30,1024;500;8192;1024;24576;1024;128;10000;4096;32;128;1000;32;1024;10000;1000;8192;1024;500;8192;400;10000;4096;1000;1000;24576;1000;32;400;8192,2;2;2;2;2;2;2;2;2;2;2;2;2;2;2;2;2;2;2;2;2;2;2;2;2;2;2;2;2;2,6;4;4;5;2;3;6;1;14;8;6;3;8;6;12;2;3;5;4;4;14;12;14;3;2;2;3;8;14;3,59.48;26.47;14.84;18.92;8.58;12.06;21.10;5.43;46.42;27.36;21.10;14.50;27.36;59.48;43.24;8.94;11.71;18.92;26.47;14.84;50.12;43.24;46.42;14.50;8.94;8.58;14.50;27.36;50.12;11.71,2465.2663,971314470012636,971317053340293,2583.327657,67600,74320,10115968,2533,19294,,c1_14q_pool1,1,,,,block=3 seq=600 cfg=c1_pool attempt=1
c1_14q_pool1-c1-rand10_t2-r-1-1789958092,2026-09-20T19:34:52,c1,build_0071783e_20260829023649,0.002,7de69de,batch,rand10_t2,-1,ok,,10,400;4096;8192;1000;1024;8192;8192;8192;400;500,2;2;2;2;2;2;2;2;2;2,14;14;4;2;4;4;3;3;14;4,50.12;46.42;14.84;8.94;17.12;14.84;11.71;11.71;50.12;26.47,705.0523,971318161489957,971318905426817,743.93686,20128,22368,3061248,1371,6231,,c1_14q_pool1,1,,,,block=3 seq=606 cfg=c1_pool attempt=1
c1_14q_pool1-c1-rand10_t2-r0-1789958093,2026-09-20T19:34:53,c1,build_0071783e_20260829023649,0.002,7de69de,batch,rand10_t2,0,ok,,10,400;4096;8192;1000;1024;8192;8192;8192;400;500,2;2;2;2;2;2;2;2;2;2,14;14;4;2;4;4;3;3;14;4,50.12;46.42;14.84;8.94;17.12;14.84;11.71;11.71;50.12;26.47,705.0523,971319366829302,971320111223837,744.394535,20128,22368,3061248,1389,6736,,c1_14q_pool1,1,,,,block=3 seq=606 cfg=c1_pool attempt=1
c1_14q_pool1-c1-rand10_t2-r1-1789958095,2026-09-20T19:34:55,c1,build_0071783e_20260829023649,0.002,7de69de,batch,rand10_t2,1,ok,,10,400;4096;8192;1000;1024;8192;8192;8192;400;500,2;2;2;2;2;2;2;2;2;2,14;14;4;2;4;4;3;3;14;4,50.12;46.42;14.84;8.94;17.12;14.84;11.71;11.71;50.12;26.47,705.0523,971320572029146,971321316113558,744.084412,20128,22368,3061248,1391,6343,,c1_14q_pool1,1,,,,block=3 seq=606 cfg=c1_pool attempt=1
c1_14q_pool1-c1-rand10_t2-r2-1789958096,2026-09-20T19:34:56,c1,build_0071783e_20260829023649,0.002,7de69de,batch,rand10_t2,2,ok,,10,400;4096;8192;1000;1024;8192;8192;8192;400;500,2;2;2;2;2;2;2;2;2;2,14;14;4;2;4;4;3;3;14;4,50.12;46.42;14.84;8.94;17.12;14.84;11.71;11.71;50.12;26.47,705.0523,971321779554173,971322523973518,744.419345,20128,22368,3061248,1542,6666,,c1_14q_pool1,1,,,,block=3 seq=606 cfg=c1_pool attempt=1
c1_14q_pool1-c1-rand10_t2-r3-1789958097,2026-09-20T19:34:57,c1,build_0071783e_20260829023649,0.002,7de69de,batch,rand10_t2,3,ok,,10,400;4096;8192;1000;1024;8192;8192;8192;400;500,2;2;2;2;2;2;2;2;2;2,14;14;4;2;4;4;3;3;14;4,50.12;46.42;14.84;8.94;17.12;14.84;11.71;11.71;50.12;26.47,705.0523,971322986562765,971323732374344,745.811579,20128,22368,3061248,1301,5457,,c1_14q_pool1,1,,,,block=3 seq=606 cfg=c1_pool attempt=1
c1_14q_pool1-c1-rand10_t2-r4-1789958098,2026-09-20T19:34:58,c1,build_0071783e_20260829023649,0.002,7de69de,batch,rand10_t2,4,ok,,10,400;4096;8192;1000;1024;8192;8192;8192;400;500,2;2;2;2;2;2;2;2;2;2,14;14;4;2;4;4;3;3;14;4,50.12;46.42;14.84;8.94;17.12;14.84;11.71;11.71;50.12;26.47,705.0523,971324192946241,971324941068303,748.122062,20128,22368,3061248,1424,6479,,c1_14q_pool1,1,,,,block=3 seq=606 cfg=c1_pool attempt=1
std_14q_native_pool1-std-rand30_t8-r-1-1789958134,2026-09-20T19:35:34,std,build_0071783e_20260829023649,0.002,7de69de,batch,rand30_t8,-1,ok,,30,400;1024;4000;24576;8192;4096;1024;1024;1000;8192;4096;500;4000;10000;4000;500;4000;1024;10000;8192;128;1024;1024;8192;400;400;4000;1024;500;400,2;2;2;2;2;2;2;2;2;2;2;2;2;2;2;2;2;2;2;2;2;2;2;2;2;2;2;2;2;2,14;4;2;2;4;14;4;5;5;3;14;4;2;12;12;4;2;4;12;4;6;5;5;4;14;14;2;4;4;14,50.12;17.12;8.58;8.58;14.84;46.42;17.12;17.97;17.66;11.71;46.42;26.47;8.58;43.24;42.85;26.47;8.58;17.12;43.24;14.84;21.10;17.97;18.92;14.84;50.12;50.12;8.58;17.12;26.47;50.12,2492.0956,971360089083778,971364104274306,4015.190528,60080,2174464,10729920,0,0,,std_14q_native_pool1,0,,,,block=3 seq=612 cfg=std_native attempt=1
std_14q_native_pool1-std-rand30_t8-r0-1789958139,2026-09-20T19:35:39,std,build_0071783e_20260829023649,0.002,7de69de,batch,rand30_t8,0,ok,,30,400;1024;4000;24576;8192;4096;1024;1024;1000;8192;4096;500;4000;10000;4000;500;4000;1024;10000;8192;128;1024;1024;8192;400;400;4000;1024;500;400,2;2;2;2;2;2;2;2;2;2;2;2;2;2;2;2;2;2;2;2;2;2;2;2;2;2;2;2;2;2,14;4;2;2;4;14;4;5;5;3;14;4;2;12;12;4;2;4;12;4;6;5;5;4;14;14;2;4;4;14,50.12;17.12;8.58;8.58;14.84;46.42;17.12;17.97;17.66;11.71;46.42;26.47;8.58;43.24;42.85;26.47;8.58;17.12;43.24;14.84;21.10;17.97;18.92;14.84;50.12;50.12;8.58;17.12;26.47;50.12,2492.0956,971364810427489,971368825761988,4015.334499,60080,2174464,10729920,0,0,,std_14q_native_pool1,0,,,,block=3 seq=612 cfg=std_native attempt=1
std_14q_native_pool1-std-rand30_t8-r1-1789958143,2026-09-20T19:35:43,std,build_0071783e_20260829023649,0.002,7de69de,batch,rand30_t8,1,ok,,30,400;1024;4000;24576;8192;4096;1024;1024;1000;8192;4096;500;4000;10000;4000;500;4000;1024;10000;8192;128;1024;1024;8192;400;400;4000;1024;500;400,2;2;2;2;2;2;2;2;2;2;2;2;2;2;2;2;2;2;2;2;2;2;2;2;2;2;2;2;2;2,14;4;2;2;4;14;4;5;5;3;14;4;2;12;12;4;2;4;12;4;6;5;5;4;14;14;2;4;4;14,50.12;17.12;8.58;8.58;14.84;46.42;17.12;17.97;17.66;11.71;46.42;26.47;8.58;43.24;42.85;26.47;8.58;17.12;43.24;14.84;21.10;17.97;18.92;14.84;50.12;50.12;8.58;17.12;26.47;50.12,2492.0956,971369432261554,971373448253980,4015.992426,60080,2174464,10729920,0,0,,std_14q_native_pool1,0,,,,block=3 seq=612 cfg=std_native attempt=1
std_14q_native_pool1-std-rand30_t8-r2-1789958148,2026-09-20T19:35:48,std,build_0071783e_20260829023649,0.002,7de69de,batch,rand30_t8,2,ok,,30,400;1024;4000;24576;8192;4096;1024;1024;1000;8192;4096;500;4000;10000;4000;500;4000;1024;10000;8192;128;1024;1024;8192;400;400;4000;1024;500;400,2;2;2;2;2;2;2;2;2;2;2;2;2;2;2;2;2;2;2;2;2;2;2;2;2;2;2;2;2;2,14;4;2;2;4;14;4;5;5;3;14;4;2;12;12;4;2;4;12;4;6;5;5;4;14;14;2;4;4;14,50.12;17.12;8.58;8.58;14.84;46.42;17.12;17.97;17.66;11.71;46.42;26.47;8.58;43.24;42.85;26.47;8.58;17.12;43.24;14.84;21.10;17.97;18.92;14.84;50.12;50.12;8.58;17.12;26.47;50.12,2492.0956,971374043870538,971378059124176,4015.253638,60080,2174464,10729920,0,0,,std_14q_native_pool1,0,,,,block=3 seq=612 cfg=std_native attempt=1
std_14q_native_pool1-std-rand30_t8-r3-1789958153,2026-09-20T19:35:53,std,build_0071783e_20260829023649,0.002,7de69de,batch,rand30_t8,3,ok,,30,400;1024;4000;24576;8192;4096;1024;1024;1000;8192;4096;500;4000;10000;4000;500;4000;1024;10000;8192;128;1024;1024;8192;400;400;4000;1024;500;400,2;2;2;2;2;2;2;2;2;2;2;2;2;2;2;2;2;2;2;2;2;2;2;2;2;2;2;2;2;2,14;4;2;2;4;14;4;5;5;3;14;4;2;12;12;4;2;4;12;4;6;5;5;4;14;14;2;4;4;14,50.12;17.12;8.58;8.58;14.84;46.42;17.12;17.97;17.66;11.71;46.42;26.47;8.58;43.24;42.85;26.47;8.58;17.12;43.24;14.84;21.10;17.97;18.92;14.84;50.12;50.12;8.58;17.12;26.47;50.12,2492.0956,971378657832644,971382672436577,4014.603933,60080,2174464,10729920,0,0,,std_14q_native_pool1,0,,,,block=3 seq=612 cfg=std_native attempt=1
std_14q_native_pool1-std-rand30_t8-r4-1789958157,2026-09-20T19:35:57,std,build_0071783e_20260829023649,0.002,7de69de,batch,rand30_t8,4,ok,,30,400;1024;4000;24576;8192;4096;1024;1024;1000;8192;4096;500;4000;10000;4000;500;4000;1024;10000;8192;128;1024;1024;8192;400;400;4000;1024;500;400,2;2;2;2;2;2;2;2;2;2;2;2;2;2;2;2;2;2;2;2;2;2;2;2;2;2;2;2;2;2,14;4;2;2;4;14;4;5;5;3;14;4;2;12;12;4;2;4;12;4;6;5;5;4;14;14;2;4;4;14,50.12;17.12;8.58;8.58;14.84;46.42;17.12;17.97;17.66;11.71;46.42;26.47;8.58;43.24;42.85;26.47;8.58;17.12;43.24;14.84;21.10;17.97;18.92;14.84;50.12;50.12;8.58;17.12;26.47;50.12,2492.0956,971383278777891,971387294691286,4015.913395,60080,2174464,10729920,0,0,,std_14q_native_pool1,0,,,,block=3 seq=612 cfg=std_native attempt=1
std_14q_native_pool1-std-rand10_t2-r-1-1789958162,2026-09-20T19:36:02,std,build_0071783e_20260829023649,0.002,7de69de,batch,rand10_t2,-1,ok,,10,400;4096;8192;1000;1024;8192;8192;8192;400;500,2;2;2;2;2;2;2;2;2;2,14;14;4;2;4;4;3;3;14;4,50.12;46.42;14.84;8.94;17.12;14.84;11.71;11.71;50.12;26.47,705.0523,971388357892820,971389540138534,1182.245714,20128,724864,3061248,0,0,,std_14q_native_pool1,0,,,,block=3 seq=618 cfg=std_native attempt=1
std_14q_native_pool1-std-rand10_t2-r0-1789958164,2026-09-20T19:36:04,std,build_0071783e_20260829023649,0.002,7de69de,batch,rand10_t2,0,ok,,10,400;4096;8192;1000;1024;8192;8192;8192;400;500,2;2;2;2;2;2;2;2;2;2,14;14;4;2;4;4;3;3;14;4,50.12;46.42;14.84;8.94;17.12;14.84;11.71;11.71;50.12;26.47,705.0523,971390054117095,971391236118187,1182.001092,20128,724864,3061248,0,0,,std_14q_native_pool1,0,,,,block=3 seq=618 cfg=std_native attempt=1
std_14q_native_pool1-std-rand10_t2-r1-1789958166,2026-09-20T19:36:06,std,build_0071783e_20260829023649,0.002,7de69de,batch,rand10_t2,1,ok,,10,400;4096;8192;1000;1024;8192;8192;8192;400;500,2;2;2;2;2;2;2;2;2;2,14;14;4;2;4;4;3;3;14;4,50.12;46.42;14.84;8.94;17.12;14.84;11.71;11.71;50.12;26.47,705.0523,971391749346130,971392931322962,1181.976832,20128,724864,3061248,0,0,,std_14q_native_pool1,0,,,,block=3 seq=618 cfg=std_native attempt=1
std_14q_native_pool1-std-rand10_t2-r2-1789958167,2026-09-20T19:36:07,std,build_0071783e_20260829023649,0.002,7de69de,batch,rand10_t2,2,ok,,10,400;4096;8192;1000;1024;8192;8192;8192;400;500,2;2;2;2;2;2;2;2;2;2,14;14;4;2;4;4;3;3;14;4,50.12;46.42;14.84;8.94;17.12;14.84;11.71;11.71;50.12;26.47,705.0523,971393445158361,971394627211193,1182.052832,20128,724864,3061248,0,0,,std_14q_native_pool1,0,,,,block=3 seq=618 cfg=std_native attempt=1
std_14q_native_pool1-std-rand10_t2-r3-1789958169,2026-09-20T19:36:09,std,build_0071783e_20260829023649,0.002,7de69de,batch,rand10_t2,3,ok,,10,400;4096;8192;1000;1024;8192;8192;8192;400;500,2;2;2;2;2;2;2;2;2;2,14;14;4;2;4;4;3;3;14;4,50.12;46.42;14.84;8.94;17.12;14.84;11.71;11.71;50.12;26.47,705.0523,971395140876801,971396322814202,1181.937401,20128,724864,3061248,0,0,,std_14q_native_pool1,0,,,,block=3 seq=618 cfg=std_native attempt=1
std_14q_native_pool1-std-rand10_t2-r4-1789958171,2026-09-20T19:36:11,std,build_0071783e_20260829023649,0.002,7de69de,batch,rand10_t2,4,ok,,10,400;4096;8192;1000;1024;8192;8192;8192;400;500,2;2;2;2;2;2;2;2;2;2,14;14;4;2;4;4;3;3;14;4,50.12;46.42;14.84;8.94;17.12;14.84;11.71;11.71;50.12;26.47,705.0523,971396834113266,971398016840045,1182.726779,20128,724864,3061248,0,0,,std_14q_native_pool1,0,,,,block=3 seq=618 cfg=std_native attempt=1
std_14q_native_pool1-std-rand30_t3-r-1-1789958173,2026-09-20T19:36:13,std,build_0071783e_20260829023649,0.002,7de69de,batch,rand30_t3,-1,ok,,30,1024;500;8192;1024;24576;1024;128;10000;4096;32;128;1000;32;1024;10000;1000;8192;1024;500;8192;400;10000;4096;1000;1000;24576;1000;32;400;8192,2;2;2;2;2;2;2;2;2;2;2;2;2;2;2;2;2;2;2;2;2;2;2;2;2;2;2;2;2;2,6;4;4;5;2;3;6;1;14;8;6;3;8;6;12;2;3;5;4;4;14;12;14;3;2;2;3;8;14;3,59.48;26.47;14.84;18.92;8.58;12.06;21.10;5.43;46.42;27.36;21.10;14.50;27.36;59.48;43.24;8.94;11.71;18.92;26.47;14.84;50.12;43.24;46.42;14.50;8.94;8.58;14.50;27.36;50.12;11.71,2465.2663,971398829530133,971402846831582,4017.301449,67600,1993856,10115968,0,0,,std_14q_native_pool1,0,,,,block=3 seq=624 cfg=std_native attempt=1
std_14q_native_pool1-std-rand30_t3-r0-1789958177,2026-09-20T19:36:17,std,build_0071783e_20260829023649,0.002,7de69de,batch,rand30_t3,0,ok,,30,1024;500;8192;1024;24576;1024;128;10000;4096;32;128;1000;32;1024;10000;1000;8192;1024;500;8192;400;10000;4096;1000;1000;24576;1000;32;400;8192,2;2;2;2;2;2;2;2;2;2;2;2;2;2;2;2;2;2;2;2;2;2;2;2;2;2;2;2;2;2,6;4;4;5;2;3;6;1;14;8;6;3;8;6;12;2;3;5;4;4;14;12;14;3;2;2;3;8;14;3,59.48;26.47;14.84;18.92;8.58;12.06;21.10;5.43;46.42;27.36;21.10;14.50;27.36;59.48;43.24;8.94;11.71;18.92;26.47;14.84;50.12;43.24;46.42;14.50;8.94;8.58;14.50;27.36;50.12;11.71,2465.2663,971403161810432,971407172939080,4011.128648,67600,1993856,10115968,0,0,,std_14q_native_pool1,0,,,,block=3 seq=624 cfg=std_native attempt=1
std_14q_native_pool1-std-rand30_t3-r1-1789958182,2026-09-20T19:36:22,std,build_0071783e_20260829023649,0.002,7de69de,batch,rand30_t3,1,ok,,30,1024;500;8192;1024;24576;1024;128;10000;4096;32;128;1000;32;1024;10000;1000;8192;1024;500;8192;400;10000;4096;1000;1000;24576;1000;32;400;8192,2;2;2;2;2;2;2;2;2;2;2;2;2;2;2;2;2;2;2;2;2;2;2;2;2;2;2;2;2;2,6;4;4;5;2;3;6;1;14;8;6;3;8;6;12;2;3;5;4;4;14;12;14;3;2;2;3;8;14;3,59.48;26.47;14.84;18.92;8.58;12.06;21.10;5.43;46.42;27.36;21.10;14.50;27.36;59.48;43.24;8.94;11.71;18.92;26.47;14.84;50.12;43.24;46.42;14.50;8.94;8.58;14.50;27.36;50.12;11.71,2465.2663,971407492113782,971411505331471,4013.217689,67600,1993856,10115968,0,0,,std_14q_native_pool1,0,,,,block=3 seq=624 cfg=std_native attempt=1
std_14q_native_pool1-std-rand30_t3-r2-1789958186,2026-09-20T19:36:26,std,build_0071783e_20260829023649,0.002,7de69de,batch,rand30_t3,2,ok,,30,1024;500;8192;1024;24576;1024;128;10000;4096;32;128;1000;32;1024;10000;1000;8192;1024;500;8192;400;10000;4096;1000;1000;24576;1000;32;400;8192,2;2;2;2;2;2;2;2;2;2;2;2;2;2;2;2;2;2;2;2;2;2;2;2;2;2;2;2;2;2,6;4;4;5;2;3;6;1;14;8;6;3;8;6;12;2;3;5;4;4;14;12;14;3;2;2;3;8;14;3,59.48;26.47;14.84;18.92;8.58;12.06;21.10;5.43;46.42;27.36;21.10;14.50;27.36;59.48;43.24;8.94;11.71;18.92;26.47;14.84;50.12;43.24;46.42;14.50;8.94;8.58;14.50;27.36;50.12;11.71,2465.2663,971411824692295,971415835670931,4010.978636,67600,1993856,10115968,0,0,,std_14q_native_pool1,0,,,,block=3 seq=624 cfg=std_native attempt=1
std_14q_native_pool1-std-rand30_t3-r3-1789958190,2026-09-20T19:36:30,std,build_0071783e_20260829023649,0.002,7de69de,batch,rand30_t3,3,ok,,30,1024;500;8192;1024;24576;1024;128;10000;4096;32;128;1000;32;1024;10000;1000;8192;1024;500;8192;400;10000;4096;1000;1000;24576;1000;32;400;8192,2;2;2;2;2;2;2;2;2;2;2;2;2;2;2;2;2;2;2;2;2;2;2;2;2;2;2;2;2;2,6;4;4;5;2;3;6;1;14;8;6;3;8;6;12;2;3;5;4;4;14;12;14;3;2;2;3;8;14;3,59.48;26.47;14.84;18.92;8.58;12.06;21.10;5.43;46.42;27.36;21.10;14.50;27.36;59.48;43.24;8.94;11.71;18.92;26.47;14.84;50.12;43.24;46.42;14.50;8.94;8.58;14.50;27.36;50.12;11.71,2465.2663,971416152437729,971420163940860,4011.503131,67600,1993856,10115968,0,0,,std_14q_native_pool1,0,,,,block=3 seq=624 cfg=std_native attempt=1
std_14q_native_pool1-std-rand30_t3-r4-1789958195,2026-09-20T19:36:35,std,build_0071783e_20260829023649,0.002,7de69de,batch,rand30_t3,4,ok,,30,1024;500;8192;1024;24576;1024;128;10000;4096;32;128;1000;32;1024;10000;1000;8192;1024;500;8192;400;10000;4096;1000;1000;24576;1000;32;400;8192,2;2;2;2;2;2;2;2;2;2;2;2;2;2;2;2;2;2;2;2;2;2;2;2;2;2;2;2;2;2,6;4;4;5;2;3;6;1;14;8;6;3;8;6;12;2;3;5;4;4;14;12;14;3;2;2;3;8;14;3,59.48;26.47;14.84;18.92;8.58;12.06;21.10;5.43;46.42;27.36;21.10;14.50;27.36;59.48;43.24;8.94;11.71;18.92;26.47;14.84;50.12;43.24;46.42;14.50;8.94;8.58;14.50;27.36;50.12;11.71,2465.2663,971420478478376,971424490191349,4011.712973,67600,1993856,10115968,0,0,,std_14q_native_pool1,0,,,,block=3 seq=624 cfg=std_native attempt=1
std_14q_native_pool1-std-rand10_t3-r-1-1789958200,2026-09-20T19:36:40,std,build_0071783e_20260829023649,0.002,7de69de,batch,rand10_t3,-1,ok,,10,400;1000;1024;1024;1024;10000;400;500;4000;10000,2;2;2;2;2;2;2;2;2;2,14;5;5;4;5;1;14;4;12;1,50.12;17.66;18.92;17.12;17.97;5.43;50.12;26.47;42.85;5.43,406.3136,971425541701606,971426269366534,727.664928,19696,702496,1576384,0,0,,std_14q_native_pool1,0,,,,block=3 seq=630 cfg=std_native attempt=1
std_14q_native_pool1-std-rand10_t3-r0-1789958201,2026-09-20T19:36:41,std,build_0071783e_20260829023649,0.002,7de69de,batch,rand10_t3,0,ok,,10,400;1000;1024;1024;1024;10000;400;500;4000;10000,2;2;2;2;2;2;2;2;2;2,14;5;5;4;5;1;14;4;12;1,50.12;17.66;18.92;17.12;17.97;5.43;50.12;26.47;42.85;5.43,406.3136,971426759765259,971427487223284,727.458025,19696,702496,1576384,0,0,,std_14q_native_pool1,0,,,,block=3 seq=630 cfg=std_native attempt=1
std_14q_native_pool1-std-rand10_t3-r1-1789958202,2026-09-20T19:36:42,std,build_0071783e_20260829023649,0.002,7de69de,batch,rand10_t3,1,ok,,10,400;1000;1024;1024;1024;10000;400;500;4000;10000,2;2;2;2;2;2;2;2;2;2,14;5;5;4;5;1;14;4;12;1,50.12;17.66;18.92;17.12;17.97;5.43;50.12;26.47;42.85;5.43,406.3136,971427981144494,971428708643181,727.498687,19696,702496,1576384,0,0,,std_14q_native_pool1,0,,,,block=3 seq=630 cfg=std_native attempt=1
std_14q_native_pool1-std-rand10_t3-r2-1789958203,2026-09-20T19:36:43,std,build_0071783e_20260829023649,0.002,7de69de,batch,rand10_t3,2,ok,,10,400;1000;1024;1024;1024;10000;400;500;4000;10000,2;2;2;2;2;2;2;2;2;2,14;5;5;4;5;1;14;4;12;1,50.12;17.66;18.92;17.12;17.97;5.43;50.12;26.47;42.85;5.43,406.3136,971429200158796,971429927812154,727.653358,19696,702496,1576384,0,0,,std_14q_native_pool1,0,,,,block=3 seq=630 cfg=std_native attempt=1
std_14q_native_pool1-std-rand10_t3-r3-1789958204,2026-09-20T19:36:44,std,build_0071783e_20260829023649,0.002,7de69de,batch,rand10_t3,3,ok,,10,400;1000;1024;1024;1024;10000;400;500;4000;10000,2;2;2;2;2;2;2;2;2;2,14;5;5;4;5;1;14;4;12;1,50.12;17.66;18.92;17.12;17.97;5.43;50.12;26.47;42.85;5.43,406.3136,971430420425321,971431147980458,727.555137,19696,702496,1576384,0,0,,std_14q_native_pool1,0,,,,block=3 seq=630 cfg=std_native attempt=1
std_14q_native_pool1-std-rand10_t3-r4-1789958206,2026-09-20T19:36:46,std,build_0071783e_20260829023649,0.002,7de69de,batch,rand10_t3,4,ok,,10,400;1000;1024;1024;1024;10000;400;500;4000;10000,2;2;2;2;2;2;2;2;2;2,14;5;5;4;5;1;14;4;12;1,50.12;17.66;18.92;17.12;17.97;5.43;50.12;26.47;42.85;5.43,406.3136,971431642871987,971432370519345,727.647358,19696,702496,1576384,0,0,,std_14q_native_pool1,0,,,,block=3 seq=630 cfg=std_native attempt=1
std_14q_native_pool1-std-rand20_t4-r-1-1789958207,2026-09-20T19:36:47,std,build_0071783e_20260829023649,0.002,7de69de,batch,rand20_t4,-1,ok,,20,1000;4096;1024;8192;128;8192;4000;1000;1000;128;128;1024;1000;1024;128;4000;10000;8192;1024;400,2;2;2;2;2;2;2;2;2;2;2;2;2;2;2;2;2;2;2;2,5;14;4;3;6;4;12;3;2;6;6;3;3;6;6;12;1;3;4;14,17.66;46.42;17.12;11.71;21.10;14.84;42.85;14.50;8.94;21.10;21.10;12.06;14.50;59.48;21.10;42.85;5.43;11.71;17.12;50.12,1095.5217,971433079061052,971434876454958,1797.393906,38304,1265616,4517312,0,0,,std_14q_native_pool1,0,,,,block=3 seq=636 cfg=std_native attempt=1
std_14q_native_pool1-std-rand20_t4-r0-1789958209,2026-09-20T19:36:49,std,build_0071783e_20260829023649,0.002,7de69de,batch,rand20_t4,0,ok,,20,1000;4096;1024;8192;128;8192;4000;1000;1000;128;128;1024;1000;1024;128;4000;10000;8192;1024;400,2;2;2;2;2;2;2;2;2;2;2;2;2;2;2;2;2;2;2;2,5;14;4;3;6;4;12;3;2;6;6;3;3;6;6;12;1;3;4;14,17.66;46.42;17.12;11.71;21.10;14.84;42.85;14.50;8.94;21.10;21.10;12.06;14.50;59.48;21.10;42.85;5.43;11.71;17.12;50.12,1095.5217,971435086797472,971436885018887,1798.221415,38304,1265616,4517312,0,0,,std_14q_native_pool1,0,,,,block=3 seq=636 cfg=std_native attempt=1
std_14q_native_pool1-std-rand20_t4-r1-1789958211,2026-09-20T19:36:51,std,build_0071783e_20260829023649,0.002,7de69de,batch,rand20_t4,1,ok,,20,1000;4096;1024;8192;128;8192;4000;1000;1000;128;128;1024;1000;1024;128;4000;10000;8192;1024;400,2;2;2;2;2;2;2;2;2;2;2;2;2;2;2;2;2;2;2;2,5;14;4;3;6;4;12;3;2;6;6;3;3;6;6;12;1;3;4;14,17.66;46.42;17.12;11.71;21.10;14.84;42.85;14.50;8.94;21.10;21.10;12.06;14.50;59.48;21.10;42.85;5.43;11.71;17.12;50.12,1095.5217,971437090687084,971438888718137,1798.031053,38304,1265616,4517312,0,0,,std_14q_native_pool1,0,,,,block=3 seq=636 cfg=std_native attempt=1
std_14q_native_pool1-std-rand20_t4-r2-1789958213,2026-09-20T19:36:53,std,build_0071783e_20260829023649,0.002,7de69de,batch,rand20_t4,2,ok,,20,1000;4096;1024;8192;128;8192;4000;1000;1000;128;128;1024;1000;1024;128;4000;10000;8192;1024;400,2;2;2;2;2;2;2;2;2;2;2;2;2;2;2;2;2;2;2;2,5;14;4;3;6;4;12;3;2;6;6;3;3;6;6;12;1;3;4;14,17.66;46.42;17.12;11.71;21.10;14.84;42.85;14.50;8.94;21.10;21.10;12.06;14.50;59.48;21.10;42.85;5.43;11.71;17.12;50.12,1095.5217,971439097494665,971440895596259,1798.101594,38304,1265616,4517312,0,0,,std_14q_native_pool1,0,,,,block=3 seq=636 cfg=std_native attempt=1
std_14q_native_pool1-std-rand20_t4-r3-1789958215,2026-09-20T19:36:55,std,build_0071783e_20260829023649,0.002,7de69de,batch,rand20_t4,3,ok,,20,1000;4096;1024;8192;128;8192;4000;1000;1000;128;128;1024;1000;1024;128;4000;10000;8192;1024;400,2;2;2;2;2;2;2;2;2;2;2;2;2;2;2;2;2;2;2;2,5;14;4;3;6;4;12;3;2;6;6;3;3;6;6;12;1;3;4;14,17.66;46.42;17.12;11.71;21.10;14.84;42.85;14.50;8.94;21.10;21.10;12.06;14.50;59.48;21.10;42.85;5.43;11.71;17.12;50.12,1095.5217,971441106368567,971442904279419,1797.910852,38304,1265616,4517312,0,0,,std_14q_native_pool1,0,,,,block=3 seq=636 cfg=std_native attempt=1
std_14q_native_pool1-std-rand20_t4-r4-1789958217,2026-09-20T19:36:57,std,build_0071783e_20260829023649,0.002,7de69de,batch,rand20_t4,4,ok,,20,1000;4096;1024;8192;128;8192;4000;1000;1000;128;128;1024;1000;1024;128;4000;10000;8192;1024;400,2;2;2;2;2;2;2;2;2;2;2;2;2;2;2;2;2;2;2;2,5;14;4;3;6;4;12;3;2;6;6;3;3;6;6;12;1;3;4;14,17.66;46.42;17.12;11.71;21.10;14.84;42.85;14.50;8.94;21.10;21.10;12.06;14.50;59.48;21.10;42.85;5.43;11.71;17.12;50.12,1095.5217,971443115142768,971444913133281,1797.990513,38304,1265616,4517312,0,0,,std_14q_native_pool1,0,,,,block=3 seq=636 cfg=std_native attempt=1
std_14q_native_pool1-std-rand20_t6-r-1-1789958220,2026-09-20T19:37:00,std,build_0071783e_20260829023649,0.002,7de69de,batch,rand20_t6,-1,ok,,20,1024;10000;1024;1000;8192;10000;1024;4000;1000;1024;8192;1000;10000;4096;1000;4000;4000;1000;10000;500,2;2;2;2;2;2;2;2;2;2;2;2;2;2;2;2;2;2;2;2,4;1;5;5;3;1;5;12;2;4;3;2;1;14;3;2;12;3;1;4,17.12;5.43;18.92;17.66;11.71;5.43;18.92;42.85;8.94;17.12;11.71;8.94;5.43;46.42;14.50;8.58;42.85;14.50;5.43;26.47,1127.9741,971445592361794,971447511735831,1919.374037,24752,920384,4534464,0,0,,std_14q_native_pool1,0,,,,block=3 seq=642 cfg=std_native attempt=1
std_14q_native_pool1-std-rand20_t6-r0-1789958222,2026-09-20T19:37:02,std,build_0071783e_20260829023649,0.002,7de69de,batch,rand20_t6,0,ok,,20,1024;10000;1024;1000;8192;10000;1024;4000;1000;1024;8192;1000;10000;4096;1000;4000;4000;1000;10000;500,2;2;2;2;2;2;2;2;2;2;2;2;2;2;2;2;2;2;2;2,4;1;5;5;3;1;5;12;2;4;3;2;1;14;3;2;12;3;1;4,17.12;5.43;18.92;17.66;11.71;5.43;18.92;42.85;8.94;17.12;11.71;8.94;5.43;46.42;14.50;8.58;42.85;14.50;5.43;26.47,1127.9741,971447703628120,971449622721664,1919.093544,24752,920384,4534464,0,0,,std_14q_native_pool1,0,,,,block=3 seq=642 cfg=std_native attempt=1
std_14q_native_pool1-std-rand20_t6-r1-1789958224,2026-09-20T19:37:04,std,build_0071783e_20260829023649,0.002,7de69de,batch,rand20_t6,1,ok,,20,1024;10000;1024;1000;8192;10000;1024;4000;1000;1024;8192;1000;10000;4096;1000;4000;4000;1000;10000;500,2;2;2;2;2;2;2;2;2;2;2;2;2;2;2;2;2;2;2;2,4;1;5;5;3;1;5;12;2;4;3;2;1;14;3;2;12;3;1;4,17.12;5.43;18.92;17.66;11.71;5.43;18.92;42.85;8.94;17.12;11.71;8.94;5.43;46.42;14.50;8.58;42.85;14.50;5.43;26.47,1127.9741,971449809655704,971451728593686,1918.937982,24752,920384,4534464,0,0,,std_14q_native_pool1,0,,,,block=3 seq=642 cfg=std_native attempt=1
std_14q_native_pool1-std-rand20_t6-r2-1789958226,2026-09-20T19:37:06,std,build_0071783e_20260829023649,0.002,7de69de,batch,rand20_t6,2,ok,,20,1024;10000;1024;1000;8192;10000;1024;4000;1000;1024;8192;1000;10000;4096;1000;4000;4000;1000;10000;500,2;2;2;2;2;2;2;2;2;2;2;2;2;2;2;2;2;2;2;2,4;1;5;5;3;1;5;12;2;4;3;2;1;14;3;2;12;3;1;4,17.12;5.43;18.92;17.66;11.71;5.43;18.92;42.85;8.94;17.12;11.71;8.94;5.43;46.42;14.50;8.58;42.85;14.50;5.43;26.47,1127.9741,971451913832129,971453832856602,1919.024473,24752,920384,4534464,0,0,,std_14q_native_pool1,0,,,,block=3 seq=642 cfg=std_native attempt=1
std_14q_native_pool1-std-rand20_t6-r3-1789958228,2026-09-20T19:37:08,std,build_0071783e_20260829023649,0.002,7de69de,batch,rand20_t6,3,ok,,20,1024;10000;1024;1000;8192;10000;1024;4000;1000;1024;8192;1000;10000;4096;1000;4000;4000;1000;10000;500,2;2;2;2;2;2;2;2;2;2;2;2;2;2;2;2;2;2;2;2,4;1;5;5;3;1;5;12;2;4;3;2;1;14;3;2;12;3;1;4,17.12;5.43;18.92;17.66;11.71;5.43;18.92;42.85;8.94;17.12;11.71;8.94;5.43;46.42;14.50;8.58;42.85;14.50;5.43;26.47,1127.9741,971454019563279,971455938538512,1918.975233,24752,920384,4534464,0,0,,std_14q_native_pool1,0,,,,block=3 seq=642 cfg=std_native attempt=1
std_14q_native_pool1-std-rand20_t6-r4-1789958230,2026-09-20T19:37:10,std,build_0071783e_20260829023649,0.002,7de69de,batch,rand20_t6,4,ok,,20,1024;10000;1024;1000;8192;10000;1024;4000;1000;1024;8192;1000;10000;4096;1000;4000;4000;1000;10000;500,2;2;2;2;2;2;2;2;2;2;2;2;2;2;2;2;2;2;2;2,4;1;5;5;3;1;5;12;2;4;3;2;1;14;3;2;12;3;1;4,17.12;5.43;18.92;17.66;11.71;5.43;18.92;42.85;8.94;17.12;11.71;8.94;5.43;46.42;14.50;8.58;42.85;14.50;5.43;26.47,1127.9741,971456124791915,971458043689707,1918.897792,24752,920384,4534464,0,0,,std_14q_native_pool1,0,,,,block=3 seq=642 cfg=std_native attempt=1
std_14q_native_pool1-std-qaoa12_x30-r-1-1789958233,2026-09-20T19:37:13,std,build_0071783e_20260829023649,0.002,7de69de,batch,qaoa12_x30,-1,ok,,30,10000;10000;10000;10000;10000;10000;10000;10000;10000;10000;10000;10000;10000;10000;10000;10000;10000;10000;10000;10000;10000;10000;10000;10000;10000;10000;10000;10000;10000;10000,2;2;2;2;2;2;2;2;2;2;2;2;2;2;2;2;2;2;2;2;2;2;2;2;2;2;2;2;2;2,12;12;12;12;12;12;12;12;12;12;12;12;12;12;12;12;12;12;12;12;12;12;12;12;12;12;12;12;12;12,43.24;43.24;43.24;43.24;43.24;43.24;43.24;43.24;43.24;43.24;43.24;43.24;43.24;43.24;43.24;43.24;43.24;43.24;43.24;43.24;43.24;43.24;43.24;43.24;43.24;43.24;43.24;43.24;43.24;43.24,12972.0000,971458936242644,971476725687696,17789.445052,101760,108480,57600000,0,0,,std_14q_native_pool1,0,,,,block=3 seq=648 cfg=std_native attempt=1
std_14q_native_pool1-std-qaoa12_x30-r0-1789958252,2026-09-20T19:37:32,std,build_0071783e_20260829023649,0.002,7de69de,batch,qaoa12_x30,0,ok,,30,10000;10000;10000;10000;10000;10000;10000;10000;10000;10000;10000;10000;10000;10000;10000;10000;10000;10000;10000;10000;10000;10000;10000;10000;10000;10000;10000;10000;10000;10000,2;2;2;2;2;2;2;2;2;2;2;2;2;2;2;2;2;2;2;2;2;2;2;2;2;2;2;2;2;2,12;12;12;12;12;12;12;12;12;12;12;12;12;12;12;12;12;12;12;12;12;12;12;12;12;12;12;12;12;12,43.24;43.24;43.24;43.24;43.24;43.24;43.24;43.24;43.24;43.24;43.24;43.24;43.24;43.24;43.24;43.24;43.24;43.24;43.24;43.24;43.24;43.24;43.24;43.24;43.24;43.24;43.24;43.24;43.24;43.24,12972.0000,971477633021571,971495418179040,17785.157469,101760,108480,57600000,0,0,,std_14q_native_pool1,0,,,,block=3 seq=648 cfg=std_native attempt=1
std_14q_native_pool1-std-qaoa12_x30-r1-1789958270,2026-09-20T19:37:50,std,build_0071783e_20260829023649,0.002,7de69de,batch,qaoa12_x30,1,ok,,30,10000;10000;10000;10000;10000;10000;10000;10000;10000;10000;10000;10000;10000;10000;10000;10000;10000;10000;10000;10000;10000;10000;10000;10000;10000;10000;10000;10000;10000;10000,2;2;2;2;2;2;2;2;2;2;2;2;2;2;2;2;2;2;2;2;2;2;2;2;2;2;2;2;2;2,12;12;12;12;12;12;12;12;12;12;12;12;12;12;12;12;12;12;12;12;12;12;12;12;12;12;12;12;12;12,43.24;43.24;43.24;43.24;43.24;43.24;43.24;43.24;43.24;43.24;43.24;43.24;43.24;43.24;43.24;43.24;43.24;43.24;43.24;43.24;43.24;43.24;43.24;43.24;43.24;43.24;43.24;43.24;43.24;43.24,12972.0000,971496322717237,971514113449202,17790.731965,101760,108480,57600000,0,0,,std_14q_native_pool1,0,,,,block=3 seq=648 cfg=std_native attempt=1
std_14q_native_pool1-std-qaoa12_x30-r2-1789958289,2026-09-20T19:38:09,std,build_0071783e_20260829023649,0.002,7de69de,batch,qaoa12_x30,2,ok,,30,10000;10000;10000;10000;10000;10000;10000;10000;10000;10000;10000;10000;10000;10000;10000;10000;10000;10000;10000;10000;10000;10000;10000;10000;10000;10000;10000;10000;10000;10000,2;2;2;2;2;2;2;2;2;2;2;2;2;2;2;2;2;2;2;2;2;2;2;2;2;2;2;2;2;2,12;12;12;12;12;12;12;12;12;12;12;12;12;12;12;12;12;12;12;12;12;12;12;12;12;12;12;12;12;12,43.24;43.24;43.24;43.24;43.24;43.24;43.24;43.24;43.24;43.24;43.24;43.24;43.24;43.24;43.24;43.24;43.24;43.24;43.24;43.24;43.24;43.24;43.24;43.24;43.24;43.24;43.24;43.24;43.24;43.24,12972.0000,971515019778466,971532812316920,17792.538454,101760,108480,57600000,0,0,,std_14q_native_pool1,0,,,,block=3 seq=648 cfg=std_native attempt=1
std_14q_native_pool1-std-qaoa12_x30-r3-1789958308,2026-09-20T19:38:28,std,build_0071783e_20260829023649,0.002,7de69de,batch,qaoa12_x30,3,ok,,30,10000;10000;10000;10000;10000;10000;10000;10000;10000;10000;10000;10000;10000;10000;10000;10000;10000;10000;10000;10000;10000;10000;10000;10000;10000;10000;10000;10000;10000;10000,2;2;2;2;2;2;2;2;2;2;2;2;2;2;2;2;2;2;2;2;2;2;2;2;2;2;2;2;2;2,12;12;12;12;12;12;12;12;12;12;12;12;12;12;12;12;12;12;12;12;12;12;12;12;12;12;12;12;12;12,43.24;43.24;43.24;43.24;43.24;43.24;43.24;43.24;43.24;43.24;43.24;43.24;43.24;43.24;43.24;43.24;43.24;43.24;43.24;43.24;43.24;43.24;43.24;43.24;43.24;43.24;43.24;43.24;43.24;43.24,12972.0000,971533833062969,971551619779614,17786.716645,101760,108480,57600000,0,0,,std_14q_native_pool1,0,,,,block=3 seq=648 cfg=std_native attempt=1
std_14q_native_pool1-std-qaoa12_x30-r4-1789958327,2026-09-20T19:38:47,std,build_0071783e_20260829023649,0.002,7de69de,batch,qaoa12_x30,4,ok,,30,10000;10000;10000;10000;10000;10000;10000;10000;10000;10000;10000;10000;10000;10000;10000;10000;10000;10000;10000;10000;10000;10000;10000;10000;10000;10000;10000;10000;10000;10000,2;2;2;2;2;2;2;2;2;2;2;2;2;2;2;2;2;2;2;2;2;2;2;2;2;2;2;2;2;2,12;12;12;12;12;12;12;12;12;12;12;12;12;12;12;12;12;12;12;12;12;12;12;12;12;12;12;12;12;12,43.24;43.24;43.24;43.24;43.24;43.24;43.24;43.24;43.24;43.24;43.24;43.24;43.24;43.24;43.24;43.24;43.24;43.24;43.24;43.24;43.24;43.24;43.24;43.24;43.24;43.24;43.24;43.24;43.24;43.24,12972.0000,971552526589583,971570314225767,17787.636184,101760,108480,57600000,0,0,,std_14q_native_pool1,0,,,,block=3 seq=648 cfg=std_native attempt=1
std_14q_pool1-std-rand10_t3-r-1-1789958346,2026-09-20T19:39:06,std,build_0071783e_20260829023649,0.002,7de69de,batch,rand10_t3,-1,ok,,10,400;1000;1024;1024;1024;10000;400;500;4000;10000,2;2;2;2;2;2;2;2;2;2,14;5;5;4;5;1;14;4;12;1,50.12;17.66;18.92;17.12;17.97;5.43;50.12;26.47;42.85;5.43,406.3136,971571912977397,971572564541074,651.563677,19696,21936,1576384,0,0,,std_14q_pool1,1,,,,block=3 seq=654 cfg=std_pool attempt=1
std_14q_pool1-std-rand10_t3-r0-1789958347,2026-09-20T19:39:07,std,build_0071783e_20260829023649,0.002,7de69de,batch,rand10_t3,0,ok,,10,400;1000;1024;1024;1024;10000;400;500;4000;10000,2;2;2;2;2;2;2;2;2;2,14;5;5;4;5;1;14;4;12;1,50.12;17.66;18.92;17.12;17.97;5.43;50.12;26.47;42.85;5.43,406.3136,971573043916498,971573695673017,651.756519,19696,21936,1576384,0,0,,std_14q_pool1,1,,,,block=3 seq=654 cfg=std_pool attempt=1
std_14q_pool1-std-rand10_t3-r1-1789958348,2026-09-20T19:39:08,std,build_0071783e_20260829023649,0.002,7de69de,batch,rand10_t3,1,ok,,10,400;1000;1024;1024;1024;10000;400;500;4000;10000,2;2;2;2;2;2;2;2;2;2,14;5;5;4;5;1;14;4;12;1,50.12;17.66;18.92;17.12;17.97;5.43;50.12;26.47;42.85;5.43,406.3136,971574180491476,971574832048942,651.557466,19696,21936,1576384,0,0,,std_14q_pool1,1,,,,block=3 seq=654 cfg=std_pool attempt=1
std_14q_pool1-std-rand10_t3-r2-1789958349,2026-09-20T19:39:09,std,build_0071783e_20260829023649,0.002,7de69de,batch,rand10_t3,2,ok,,10,400;1000;1024;1024;1024;10000;400;500;4000;10000,2;2;2;2;2;2;2;2;2;2,14;5;5;4;5;1;14;4;12;1,50.12;17.66;18.92;17.12;17.97;5.43;50.12;26.47;42.85;5.43,406.3136,971575315924902,971575967546329,651.621427,19696,21936,1576384,0,0,,std_14q_pool1,1,,,,block=3 seq=654 cfg=std_pool attempt=1
std_14q_pool1-std-rand10_t3-r3-1789958350,2026-09-20T19:39:10,std,build_0071783e_20260829023649,0.002,7de69de,batch,rand10_t3,3,ok,,10,400;1000;1024;1024;1024;10000;400;500;4000;10000,2;2;2;2;2;2;2;2;2;2,14;5;5;4;5;1;14;4;12;1,50.12;17.66;18.92;17.12;17.97;5.43;50.12;26.47;42.85;5.43,406.3136,971576453629521,971577105181437,651.551916,19696,21936,1576384,0,0,,std_14q_pool1,1,,,,block=3 seq=654 cfg=std_pool attempt=1
std_14q_pool1-std-rand10_t3-r4-1789958352,2026-09-20T19:39:12,std,build_0071783e_20260829023649,0.002,7de69de,batch,rand10_t3,4,ok,,10,400;1000;1024;1024;1024;10000;400;500;4000;10000,2;2;2;2;2;2;2;2;2;2,14;5;5;4;5;1;14;4;12;1,50.12;17.66;18.92;17.12;17.97;5.43;50.12;26.47;42.85;5.43,406.3136,971577589419440,971578241117198,651.697758,19696,21936,1576384,0,0,,std_14q_pool1,1,,,,block=3 seq=654 cfg=std_pool attempt=1
std_14q_pool1-std-rand10_t2-r-1-1789958353,2026-09-20T19:39:13,std,build_0071783e_20260829023649,0.002,7de69de,batch,rand10_t2,-1,ok,,10,400;4096;8192;1000;1024;8192;8192;8192;400;500,2;2;2;2;2;2;2;2;2;2,14;14;4;2;4;4;3;3;14;4,50.12;46.42;14.84;8.94;17.12;14.84;11.71;11.71;50.12;26.47,705.0523,971579374694356,971580478214073,1103.519717,20128,22368,3061248,0,0,,std_14q_pool1,1,,,,block=3 seq=660 cfg=std_pool attempt=1
std_14q_pool1-std-rand10_t2-r0-1789958355,2026-09-20T19:39:15,std,build_0071783e_20260829023649,0.002,7de69de,batch,rand10_t2,0,ok,,10,400;4096;8192;1000;1024;8192;8192;8192;400;500,2;2;2;2;2;2;2;2;2;2,14;14;4;2;4;4;3;3;14;4,50.12;46.42;14.84;8.94;17.12;14.84;11.71;11.71;50.12;26.47,705.0523,971580976782919,971582080430168,1103.647249,20128,22368,3061248,0,0,,std_14q_pool1,1,,,,block=3 seq=660 cfg=std_pool attempt=1
std_14q_pool1-std-rand10_t2-r1-1789958357,2026-09-20T19:39:17,std,build_0071783e_20260829023649,0.002,7de69de,batch,rand10_t2,1,ok,,10,400;4096;8192;1000;1024;8192;8192;8192;400;500,2;2;2;2;2;2;2;2;2;2,14;14;4;2;4;4;3;3;14;4,50.12;46.42;14.84;8.94;17.12;14.84;11.71;11.71;50.12;26.47,705.0523,971582576675541,971583681100927,1104.425386,20128,22368,3061248,0,0,,std_14q_pool1,1,,,,block=3 seq=660 cfg=std_pool attempt=1
std_14q_pool1-std-rand10_t2-r2-1789958358,2026-09-20T19:39:18,std,build_0071783e_20260829023649,0.002,7de69de,batch,rand10_t2,2,ok,,10,400;4096;8192;1000;1024;8192;8192;8192;400;500,2;2;2;2;2;2;2;2;2;2,14;14;4;2;4;4;3;3;14;4,50.12;46.42;14.84;8.94;17.12;14.84;11.71;11.71;50.12;26.47,705.0523,971584178884525,971585282627465,1103.74294,20128,22368,3061248,0,0,,std_14q_pool1,1,,,,block=3 seq=660 cfg=std_pool attempt=1
std_14q_pool1-std-rand10_t2-r3-1789958360,2026-09-20T19:39:20,std,build_0071783e_20260829023649,0.002,7de69de,batch,rand10_t2,3,ok,,10,400;4096;8192;1000;1024;8192;8192;8192;400;500,2;2;2;2;2;2;2;2;2;2,14;14;4;2;4;4;3;3;14;4,50.12;46.42;14.84;8.94;17.12;14.84;11.71;11.71;50.12;26.47,705.0523,971585777601235,971586881281524,1103.680289,20128,22368,3061248,0,0,,std_14q_pool1,1,,,,block=3 seq=660 cfg=std_pool attempt=1
std_14q_pool1-std-rand10_t2-r4-1789958361,2026-09-20T19:39:21,std,build_0071783e_20260829023649,0.002,7de69de,batch,rand10_t2,4,ok,,10,400;4096;8192;1000;1024;8192;8192;8192;400;500,2;2;2;2;2;2;2;2;2;2,14;14;4;2;4;4;3;3;14;4,50.12;46.42;14.84;8.94;17.12;14.84;11.71;11.71;50.12;26.47,705.0523,971587379550677,971588483114864,1103.564187,20128,22368,3061248,0,0,,std_14q_pool1,1,,,,block=3 seq=660 cfg=std_pool attempt=1
std_14q_pool1-std-rand20_t4-r-1-1789958364,2026-09-20T19:39:24,std,build_0071783e_20260829023649,0.002,7de69de,batch,rand20_t4,-1,ok,,20,1000;4096;1024;8192;128;8192;4000;1000;1000;128;128;1024;1000;1024;128;4000;10000;8192;1024;400,2;2;2;2;2;2;2;2;2;2;2;2;2;2;2;2;2;2;2;2,5;14;4;3;6;4;12;3;2;6;6;3;3;6;6;12;1;3;4;14,17.66;46.42;17.12;11.71;21.10;14.84;42.85;14.50;8.94;21.10;21.10;12.06;14.50;59.48;21.10;42.85;5.43;11.71;17.12;50.12,1095.5217,971589685496370,971591346390172,1660.893802,38304,42784,4517312,0,0,,std_14q_pool1,1,,,,block=3 seq=666 cfg=std_pool attempt=1
std_14q_pool1-std-rand20_t4-r0-1789958366,2026-09-20T19:39:26,std,build_0071783e_20260829023649,0.002,7de69de,batch,rand20_t4,0,ok,,20,1000;4096;1024;8192;128;8192;4000;1000;1000;128;128;1024;1000;1024;128;4000;10000;8192;1024;400,2;2;2;2;2;2;2;2;2;2;2;2;2;2;2;2;2;2;2;2,5;14;4;3;6;4;12;3;2;6;6;3;3;6;6;12;1;3;4;14,17.66;46.42;17.12;11.71;21.10;14.84;42.85;14.50;8.94;21.10;21.10;12.06;14.50;59.48;21.10;42.85;5.43;11.71;17.12;50.12,1095.5217,971591856180210,971593517170813,1660.990603,38304,42784,4517312,0,0,,std_14q_pool1,1,,,,block=3 seq=666 cfg=std_pool attempt=1
std_14q_pool1-std-rand20_t4-r1-1789958368,2026-09-20T19:39:28,std,build_0071783e_20260829023649,0.002,7de69de,batch,rand20_t4,1,ok,,20,1000;4096;1024;8192;128;8192;4000;1000;1000;128;128;1024;1000;1024;128;4000;10000;8192;1024;400,2;2;2;2;2;2;2;2;2;2;2;2;2;2;2;2;2;2;2;2,5;14;4;3;6;4;12;3;2;6;6;3;3;6;6;12;1;3;4;14,17.66;46.42;17.12;11.71;21.10;14.84;42.85;14.50;8.94;21.10;21.10;12.06;14.50;59.48;21.10;42.85;5.43;11.71;17.12;50.12,1095.5217,971594024934081,971595686112546,1661.178465,38304,42784,4517312,0,0,,std_14q_pool1,1,,,,block=3 seq=666 cfg=std_pool attempt=1
std_14q_pool1-std-rand20_t4-r2-1789958370,2026-09-20T19:39:30,std,build_0071783e_20260829023649,0.002,7de69de,batch,rand20_t4,2,ok,,20,1000;4096;1024;8192;128;8192;4000;1000;1000;128;128;1024;1000;1024;128;4000;10000;8192;1024;400,2;2;2;2;2;2;2;2;2;2;2;2;2;2;2;2;2;2;2;2,5;14;4;3;6;4;12;3;2;6;6;3;3;6;6;12;1;3;4;14,17.66;46.42;17.12;11.71;21.10;14.84;42.85;14.50;8.94;21.10;21.10;12.06;14.50;59.48;21.10;42.85;5.43;11.71;17.12;50.12,1095.5217,971596193835604,971597855087599,1661.251995,38304,42784,4517312,0,0,,std_14q_pool1,1,,,,block=3 seq=666 cfg=std_pool attempt=1
std_14q_pool1-std-rand20_t4-r3-1789958372,2026-09-20T19:39:32,std,build_0071783e_20260829023649,0.002,7de69de,batch,rand20_t4,3,ok,,20,1000;4096;1024;8192;128;8192;4000;1000;1000;128;128;1024;1000;1024;128;4000;10000;8192;1024;400,2;2;2;2;2;2;2;2;2;2;2;2;2;2;2;2;2;2;2;2,5;14;4;3;6;4;12;3;2;6;6;3;3;6;6;12;1;3;4;14,17.66;46.42;17.12;11.71;21.10;14.84;42.85;14.50;8.94;21.10;21.10;12.06;14.50;59.48;21.10;42.85;5.43;11.71;17.12;50.12,1095.5217,971598363886598,971600025468006,1661.581408,38304,42784,4517312,0,0,,std_14q_pool1,1,,,,block=3 seq=666 cfg=std_pool attempt=1
std_14q_pool1-std-rand20_t4-r4-1789958375,2026-09-20T19:39:35,std,build_0071783e_20260829023649,0.002,7de69de,batch,rand20_t4,4,ok,,20,1000;4096;1024;8192;128;8192;4000;1000;1000;128;128;1024;1000;1024;128;4000;10000;8192;1024;400,2;2;2;2;2;2;2;2;2;2;2;2;2;2;2;2;2;2;2;2,5;14;4;3;6;4;12;3;2;6;6;3;3;6;6;12;1;3;4;14,17.66;46.42;17.12;11.71;21.10;14.84;42.85;14.50;8.94;21.10;21.10;12.06;14.50;59.48;21.10;42.85;5.43;11.71;17.12;50.12,1095.5217,971600532502887,971602193446489,1660.943602,38304,42784,4517312,0,0,,std_14q_pool1,1,,,,block=3 seq=666 cfg=std_pool attempt=1
std_14q_pool1-std-rand20_t6-r-1-1789958377,2026-09-20T19:39:37,std,build_0071783e_20260829023649,0.002,7de69de,batch,rand20_t6,-1,ok,,20,1024;10000;1024;1000;8192;10000;1024;4000;1000;1024;8192;1000;10000;4096;1000;4000;4000;1000;10000;500,2;2;2;2;2;2;2;2;2;2;2;2;2;2;2;2;2;2;2;2,4;1;5;5;3;1;5;12;2;4;3;2;1;14;3;2;12;3;1;4,17.12;5.43;18.92;17.66;11.71;5.43;18.92;42.85;8.94;17.12;11.71;8.94;5.43;46.42;14.50;8.58;42.85;14.50;5.43;26.47,1127.9741,971603351573072,971605170906028,1819.332956,24752,29232,4534464,0,0,,std_14q_pool1,1,,,,block=3 seq=672 cfg=std_pool attempt=1
std_14q_pool1-std-rand20_t6-r0-1789958380,2026-09-20T19:39:40,std,build_0071783e_20260829023649,0.002,7de69de,batch,rand20_t6,0,ok,,20,1024;10000;1024;1000;8192;10000;1024;4000;1000;1024;8192;1000;10000;4096;1000;4000;4000;1000;10000;500,2;2;2;2;2;2;2;2;2;2;2;2;2;2;2;2;2;2;2;2,4;1;5;5;3;1;5;12;2;4;3;2;1;14;3;2;12;3;1;4,17.12;5.43;18.92;17.66;11.71;5.43;18.92;42.85;8.94;17.12;11.71;8.94;5.43;46.42;14.50;8.58;42.85;14.50;5.43;26.47,1127.9741,971605678941039,971607498369247,1819.428208,24752,29232,4534464,0,0,,std_14q_pool1,1,,,,block=3 seq=672 cfg=std_pool attempt=1
std_14q_pool1-std-rand20_t6-r1-1789958382,2026-09-20T19:39:42,std,build_0071783e_20260829023649,0.002,7de69de,batch,rand20_t6,1,ok,,20,1024;10000;1024;1000;8192;10000;1024;4000;1000;1024;8192;1000;10000;4096;1000;4000;4000;1000;10000;500,2;2;2;2;2;2;2;2;2;2;2;2;2;2;2;2;2;2;2;2,4;1;5;5;3;1;5;12;2;4;3;2;1;14;3;2;12;3;1;4,17.12;5.43;18.92;17.66;11.71;5.43;18.92;42.85;8.94;17.12;11.71;8.94;5.43;46.42;14.50;8.58;42.85;14.50;5.43;26.47,1127.9741,971608004400958,971609823994116,1819.593158,24752,29232,4534464,0,0,,std_14q_pool1,1,,,,block=3 seq=672 cfg=std_pool attempt=1
std_14q_pool1-std-rand20_t6-r2-1789958384,2026-09-20T19:39:44,std,build_0071783e_20260829023649,0.002,7de69de,batch,rand20_t6,2,ok,,20,1024;10000;1024;1000;8192;10000;1024;4000;1000;1024;8192;1000;10000;4096;1000;4000;4000;1000;10000;500,2;2;2;2;2;2;2;2;2;2;2;2;2;2;2;2;2;2;2;2,4;1;5;5;3;1;5;12;2;4;3;2;1;14;3;2;12;3;1;4,17.12;5.43;18.92;17.66;11.71;5.43;18.92;42.85;8.94;17.12;11.71;8.94;5.43;46.42;14.50;8.58;42.85;14.50;5.43;26.47,1127.9741,971610333202789,971612152679617,1819.476828,24752,29232,4534464,0,0,,std_14q_pool1,1,,,,block=3 seq=672 cfg=std_pool attempt=1
std_14q_pool1-std-rand20_t6-r3-1789958387,2026-09-20T19:39:47,std,build_0071783e_20260829023649,0.002,7de69de,batch,rand20_t6,3,ok,,20,1024;10000;1024;1000;8192;10000;1024;4000;1000;1024;8192;1000;10000;4096;1000;4000;4000;1000;10000;500,2;2;2;2;2;2;2;2;2;2;2;2;2;2;2;2;2;2;2;2,4;1;5;5;3;1;5;12;2;4;3;2;1;14;3;2;12;3;1;4,17.12;5.43;18.92;17.66;11.71;5.43;18.92;42.85;8.94;17.12;11.71;8.94;5.43;46.42;14.50;8.58;42.85;14.50;5.43;26.47,1127.9741,971612660648487,971614480136925,1819.488438,24752,29232,4534464,0,0,,std_14q_pool1,1,,,,block=3 seq=672 cfg=std_pool attempt=1
std_14q_pool1-std-rand20_t6-r4-1789958389,2026-09-20T19:39:49,std,build_0071783e_20260829023649,0.002,7de69de,batch,rand20_t6,4,ok,,20,1024;10000;1024;1000;8192;10000;1024;4000;1000;1024;8192;1000;10000;4096;1000;4000;4000;1000;10000;500,2;2;2;2;2;2;2;2;2;2;2;2;2;2;2;2;2;2;2;2,4;1;5;5;3;1;5;12;2;4;3;2;1;14;3;2;12;3;1;4,17.12;5.43;18.92;17.66;11.71;5.43;18.92;42.85;8.94;17.12;11.71;8.94;5.43;46.42;14.50;8.58;42.85;14.50;5.43;26.47,1127.9741,971614988497410,971616808100728,1819.603318,24752,29232,4534464,0,0,,std_14q_pool1,1,,,,block=3 seq=672 cfg=std_pool attempt=1
std_14q_pool1-std-qaoa12_x30-r-1-1789958392,2026-09-20T19:39:52,std,build_0071783e_20260829023649,0.002,7de69de,batch,qaoa12_x30,-1,ok,,30,10000;10000;10000;10000;10000;10000;10000;10000;10000;10000;10000;10000;10000;10000;10000;10000;10000;10000;10000;10000;10000;10000;10000;10000;10000;10000;10000;10000;10000;10000,2;2;2;2;2;2;2;2;2;2;2;2;2;2;2;2;2;2;2;2;2;2;2;2;2;2;2;2;2;2,12;12;12;12;12;12;12;12;12;12;12;12;12;12;12;12;12;12;12;12;12;12;12;12;12;12;12;12;12;12,43.24;43.24;43.24;43.24;43.24;43.24;43.24;43.24;43.24;43.24;43.24;43.24;43.24;43.24;43.24;43.24;43.24;43.24;43.24;43.24;43.24;43.24;43.24;43.24;43.24;43.24;43.24;43.24;43.24;43.24,12972.0000,971617854425053,971635642616013,17788.19096,101760,108480,57600000,0,0,,std_14q_pool1,1,,,,block=3 seq=678 cfg=std_pool attempt=1
std_14q_pool1-std-qaoa12_x30-r0-1789958411,2026-09-20T19:40:11,std,build_0071783e_20260829023649,0.002,7de69de,batch,qaoa12_x30,0,ok,,30,10000;10000;10000;10000;10000;10000;10000;10000;10000;10000;10000;10000;10000;10000;10000;10000;10000;10000;10000;10000;10000;10000;10000;10000;10000;10000;10000;10000;10000;10000,2;2;2;2;2;2;2;2;2;2;2;2;2;2;2;2;2;2;2;2;2;2;2;2;2;2;2;2;2;2,12;12;12;12;12;12;12;12;12;12;12;12;12;12;12;12;12;12;12;12;12;12;12;12;12;12;12;12;12;12,43.24;43.24;43.24;43.24;43.24;43.24;43.24;43.24;43.24;43.24;43.24;43.24;43.24;43.24;43.24;43.24;43.24;43.24;43.24;43.24;43.24;43.24;43.24;43.24;43.24;43.24;43.24;43.24;43.24;43.24,12972.0000,971636552312201,971654342156228,17789.844027,101760,108480,57600000,0,0,,std_14q_pool1,1,,,,block=3 seq=678 cfg=std_pool attempt=1
std_14q_pool1-std-qaoa12_x30-r1-1789958429,2026-09-20T19:40:29,std,build_0071783e_20260829023649,0.002,7de69de,batch,qaoa12_x30,1,ok,,30,10000;10000;10000;10000;10000;10000;10000;10000;10000;10000;10000;10000;10000;10000;10000;10000;10000;10000;10000;10000;10000;10000;10000;10000;10000;10000;10000;10000;10000;10000,2;2;2;2;2;2;2;2;2;2;2;2;2;2;2;2;2;2;2;2;2;2;2;2;2;2;2;2;2;2,12;12;12;12;12;12;12;12;12;12;12;12;12;12;12;12;12;12;12;12;12;12;12;12;12;12;12;12;12;12,43.24;43.24;43.24;43.24;43.24;43.24;43.24;43.24;43.24;43.24;43.24;43.24;43.24;43.24;43.24;43.24;43.24;43.24;43.24;43.24;43.24;43.24;43.24;43.24;43.24;43.24;43.24;43.24;43.24;43.24,12972.0000,971655252173889,971673041587021,17789.413132,101760,108480,57600000,0,0,,std_14q_pool1,1,,,,block=3 seq=678 cfg=std_pool attempt=1
std_14q_pool1-std-qaoa12_x30-r2-1789958448,2026-09-20T19:40:48,std,build_0071783e_20260829023649,0.002,7de69de,batch,qaoa12_x30,2,ok,,30,10000;10000;10000;10000;10000;10000;10000;10000;10000;10000;10000;10000;10000;10000;10000;10000;10000;10000;10000;10000;10000;10000;10000;10000;10000;10000;10000;10000;10000;10000,2;2;2;2;2;2;2;2;2;2;2;2;2;2;2;2;2;2;2;2;2;2;2;2;2;2;2;2;2;2,12;12;12;12;12;12;12;12;12;12;12;12;12;12;12;12;12;12;12;12;12;12;12;12;12;12;12;12;12;12,43.24;43.24;43.24;43.24;43.24;43.24;43.24;43.24;43.24;43.24;43.24;43.24;43.24;43.24;43.24;43.24;43.24;43.24;43.24;43.24;43.24;43.24;43.24;43.24;43.24;43.24;43.24;43.24;43.24;43.24,12972.0000,971673952198599,971691742067595,17789.868996,101760,108480,57600000,0,0,,std_14q_pool1,1,,,,block=3 seq=678 cfg=std_pool attempt=1
std_14q_pool1-std-qaoa12_x30-r3-1789958467,2026-09-20T19:41:07,std,build_0071783e_20260829023649,0.002,7de69de,batch,qaoa12_x30,3,ok,,30,10000;10000;10000;10000;10000;10000;10000;10000;10000;10000;10000;10000;10000;10000;10000;10000;10000;10000;10000;10000;10000;10000;10000;10000;10000;10000;10000;10000;10000;10000,2;2;2;2;2;2;2;2;2;2;2;2;2;2;2;2;2;2;2;2;2;2;2;2;2;2;2;2;2;2,12;12;12;12;12;12;12;12;12;12;12;12;12;12;12;12;12;12;12;12;12;12;12;12;12;12;12;12;12;12,43.24;43.24;43.24;43.24;43.24;43.24;43.24;43.24;43.24;43.24;43.24;43.24;43.24;43.24;43.24;43.24;43.24;43.24;43.24;43.24;43.24;43.24;43.24;43.24;43.24;43.24;43.24;43.24;43.24;43.24,12972.0000,971692650087107,971710437420608,17787.333501,101760,108480,57600000,0,0,,std_14q_pool1,1,,,,block=3 seq=678 cfg=std_pool attempt=1
std_14q_pool1-std-qaoa12_x30-r4-1789958485,2026-09-20T19:41:25,std,build_0071783e_20260829023649,0.002,7de69de,batch,qaoa12_x30,4,ok,,30,10000;10000;10000;10000;10000;10000;10000;10000;10000;10000;10000;10000;10000;10000;10000;10000;10000;10000;10000;10000;10000;10000;10000;10000;10000;10000;10000;10000;10000;10000,2;2;2;2;2;2;2;2;2;2;2;2;2;2;2;2;2;2;2;2;2;2;2;2;2;2;2;2;2;2,12;12;12;12;12;12;12;12;12;12;12;12;12;12;12;12;12;12;12;12;12;12;12;12;12;12;12;12;12;12,43.24;43.24;43.24;43.24;43.24;43.24;43.24;43.24;43.24;43.24;43.24;43.24;43.24;43.24;43.24;43.24;43.24;43.24;43.24;43.24;43.24;43.24;43.24;43.24;43.24;43.24;43.24;43.24;43.24;43.24,12972.0000,971711347403529,971729135870981,17788.467452,101760,108480,57600000,0,0,,std_14q_pool1,1,,,,block=3 seq=678 cfg=std_pool attempt=1
std_14q_pool1-std-rand30_t3-r-1-1789958505,2026-09-20T19:41:45,std,build_0071783e_20260829023649,0.002,7de69de,batch,rand30_t3,-1,ok,,30,1024;500;8192;1024;24576;1024;128;10000;4096;32;128;1000;32;1024;10000;1000;8192;1024;500;8192;400;10000;4096;1000;1000;24576;1000;32;400;8192,2;2;2;2;2;2;2;2;2;2;2;2;2;2;2;2;2;2;2;2;2;2;2;2;2;2;2;2;2;2,6;4;4;5;2;3;6;1;14;8;6;3;8;6;12;2;3;5;4;4;14;12;14;3;2;2;3;8;14;3,59.48;26.47;14.84;18.92;8.58;12.06;21.10;5.43;46.42;27.36;21.10;14.50;27.36;59.48;43.24;8.94;11.71;18.92;26.47;14.84;50.12;43.24;46.42;14.50;8.94;8.58;14.50;27.36;50.12;11.71,2465.2663,971730804643442,971734605685308,3801.041866,67600,74320,10115968,0,0,,std_14q_pool1,1,,,,block=3 seq=684 cfg=std_pool attempt=1
std_14q_pool1-std-rand30_t3-r0-1789958509,2026-09-20T19:41:49,std,build_0071783e_20260829023649,0.002,7de69de,batch,rand30_t3,0,ok,,30,1024;500;8192;1024;24576;1024;128;10000;4096;32;128;1000;32;1024;10000;1000;8192;1024;500;8192;400;10000;4096;1000;1000;24576;1000;32;400;8192,2;2;2;2;2;2;2;2;2;2;2;2;2;2;2;2;2;2;2;2;2;2;2;2;2;2;2;2;2;2,6;4;4;5;2;3;6;1;14;8;6;3;8;6;12;2;3;5;4;4;14;12;14;3;2;2;3;8;14;3,59.48;26.47;14.84;18.92;8.58;12.06;21.10;5.43;46.42;27.36;21.10;14.50;27.36;59.48;43.24;8.94;11.71;18.92;26.47;14.84;50.12;43.24;46.42;14.50;8.94;8.58;14.50;27.36;50.12;11.71,2465.2663,971735159684539,971738960997958,3801.313419,67600,74320,10115968,0,0,,std_14q_pool1,1,,,,block=3 seq=684 cfg=std_pool attempt=1
std_14q_pool1-std-rand30_t3-r1-1789958514,2026-09-20T19:41:54,std,build_0071783e_20260829023649,0.002,7de69de,batch,rand30_t3,1,ok,,30,1024;500;8192;1024;24576;1024;128;10000;4096;32;128;1000;32;1024;10000;1000;8192;1024;500;8192;400;10000;4096;1000;1000;24576;1000;32;400;8192,2;2;2;2;2;2;2;2;2;2;2;2;2;2;2;2;2;2;2;2;2;2;2;2;2;2;2;2;2;2,6;4;4;5;2;3;6;1;14;8;6;3;8;6;12;2;3;5;4;4;14;12;14;3;2;2;3;8;14;3,59.48;26.47;14.84;18.92;8.58;12.06;21.10;5.43;46.42;27.36;21.10;14.50;27.36;59.48;43.24;8.94;11.71;18.92;26.47;14.84;50.12;43.24;46.42;14.50;8.94;8.58;14.50;27.36;50.12;11.71,2465.2663,971739518915918,971743321458019,3802.542101,67600,74320,10115968,0,0,,std_14q_pool1,1,,,,block=3 seq=684 cfg=std_pool attempt=1
std_14q_pool1-std-rand30_t3-r2-1789958518,2026-09-20T19:41:58,std,build_0071783e_20260829023649,0.002,7de69de,batch,rand30_t3,2,ok,,30,1024;500;8192;1024;24576;1024;128;10000;4096;32;128;1000;32;1024;10000;1000;8192;1024;500;8192;400;10000;4096;1000;1000;24576;1000;32;400;8192,2;2;2;2;2;2;2;2;2;2;2;2;2;2;2;2;2;2;2;2;2;2;2;2;2;2;2;2;2;2,6;4;4;5;2;3;6;1;14;8;6;3;8;6;12;2;3;5;4;4;14;12;14;3;2;2;3;8;14;3,59.48;26.47;14.84;18.92;8.58;12.06;21.10;5.43;46.42;27.36;21.10;14.50;27.36;59.48;43.24;8.94;11.71;18.92;26.47;14.84;50.12;43.24;46.42;14.50;8.94;8.58;14.50;27.36;50.12;11.71,2465.2663,971743878731343,971747679745649,3801.014306,67600,74320,10115968,0,0,,std_14q_pool1,1,,,,block=3 seq=684 cfg=std_pool attempt=1
std_14q_pool1-std-rand30_t3-r3-1789958522,2026-09-20T19:42:02,std,build_0071783e_20260829023649,0.002,7de69de,batch,rand30_t3,3,ok,,30,1024;500;8192;1024;24576;1024;128;10000;4096;32;128;1000;32;1024;10000;1000;8192;1024;500;8192;400;10000;4096;1000;1000;24576;1000;32;400;8192,2;2;2;2;2;2;2;2;2;2;2;2;2;2;2;2;2;2;2;2;2;2;2;2;2;2;2;2;2;2,6;4;4;5;2;3;6;1;14;8;6;3;8;6;12;2;3;5;4;4;14;12;14;3;2;2;3;8;14;3,59.48;26.47;14.84;18.92;8.58;12.06;21.10;5.43;46.42;27.36;21.10;14.50;27.36;59.48;43.24;8.94;11.71;18.92;26.47;14.84;50.12;43.24;46.42;14.50;8.94;8.58;14.50;27.36;50.12;11.71,2465.2663,971748238110103,971752038993378,3800.883275,67600,74320,10115968,0,0,,std_14q_pool1,1,,,,block=3 seq=684 cfg=std_pool attempt=1
std_14q_pool1-std-rand30_t3-r4-1789958527,2026-09-20T19:42:07,std,build_0071783e_20260829023649,0.002,7de69de,batch,rand30_t3,4,ok,,30,1024;500;8192;1024;24576;1024;128;10000;4096;32;128;1000;32;1024;10000;1000;8192;1024;500;8192;400;10000;4096;1000;1000;24576;1000;32;400;8192,2;2;2;2;2;2;2;2;2;2;2;2;2;2;2;2;2;2;2;2;2;2;2;2;2;2;2;2;2;2,6;4;4;5;2;3;6;1;14;8;6;3;8;6;12;2;3;5;4;4;14;12;14;3;2;2;3;8;14;3,59.48;26.47;14.84;18.92;8.58;12.06;21.10;5.43;46.42;27.36;21.10;14.50;27.36;59.48;43.24;8.94;11.71;18.92;26.47;14.84;50.12;43.24;46.42;14.50;8.94;8.58;14.50;27.36;50.12;11.71,2465.2663,971752599180081,971756400137456,3800.957375,67600,74320,10115968,0,0,,std_14q_pool1,1,,,,block=3 seq=684 cfg=std_pool attempt=1
std_14q_pool1-std-rand30_t8-r-1-1789958532,2026-09-20T19:42:12,std,build_0071783e_20260829023649,0.002,7de69de,batch,rand30_t8,-1,ok,,30,400;1024;4000;24576;8192;4096;1024;1024;1000;8192;4096;500;4000;10000;4000;500;4000;1024;10000;8192;128;1024;1024;8192;400;400;4000;1024;500;400,2;2;2;2;2;2;2;2;2;2;2;2;2;2;2;2;2;2;2;2;2;2;2;2;2;2;2;2;2;2,14;4;2;2;4;14;4;5;5;3;14;4;2;12;12;4;2;4;12;4;6;5;5;4;14;14;2;4;4;14,50.12;17.12;8.58;8.58;14.84;46.42;17.12;17.97;17.66;11.71;46.42;26.47;8.58;43.24;42.85;26.47;8.58;17.12;43.24;14.84;21.10;17.97;18.92;14.84;50.12;50.12;8.58;17.12;26.47;50.12,2492.0956,971757649726764,971761428020813,3778.294049,60080,66800,10729920,0,0,,std_14q_pool1,1,,,,block=3 seq=690 cfg=std_pool attempt=1
std_14q_pool1-std-rand30_t8-r0-1789958536,2026-09-20T19:42:16,std,build_0071783e_20260829023649,0.002,7de69de,batch,rand30_t8,0,ok,,30,400;1024;4000;24576;8192;4096;1024;1024;1000;8192;4096;500;4000;10000;4000;500;4000;1024;10000;8192;128;1024;1024;8192;400;400;4000;1024;500;400,2;2;2;2;2;2;2;2;2;2;2;2;2;2;2;2;2;2;2;2;2;2;2;2;2;2;2;2;2;2,14;4;2;2;4;14;4;5;5;3;14;4;2;12;12;4;2;4;12;4;6;5;5;4;14;14;2;4;4;14,50.12;17.12;8.58;8.58;14.84;46.42;17.12;17.97;17.66;11.71;46.42;26.47;8.58;43.24;42.85;26.47;8.58;17.12;43.24;14.84;21.10;17.97;18.92;14.84;50.12;50.12;8.58;17.12;26.47;50.12,2492.0956,971761996583120,971765774773817,3778.190697,60080,66800,10729920,0,0,,std_14q_pool1,1,,,,block=3 seq=690 cfg=std_pool attempt=1
std_14q_pool1-std-rand30_t8-r1-1789958540,2026-09-20T19:42:20,std,build_0071783e_20260829023649,0.002,7de69de,batch,rand30_t8,1,ok,,30,400;1024;4000;24576;8192;4096;1024;1024;1000;8192;4096;500;4000;10000;4000;500;4000;1024;10000;8192;128;1024;1024;8192;400;400;4000;1024;500;400,2;2;2;2;2;2;2;2;2;2;2;2;2;2;2;2;2;2;2;2;2;2;2;2;2;2;2;2;2;2,14;4;2;2;4;14;4;5;5;3;14;4;2;12;12;4;2;4;12;4;6;5;5;4;14;14;2;4;4;14,50.12;17.12;8.58;8.58;14.84;46.42;17.12;17.97;17.66;11.71;46.42;26.47;8.58;43.24;42.85;26.47;8.58;17.12;43.24;14.84;21.10;17.97;18.92;14.84;50.12;50.12;8.58;17.12;26.47;50.12,2492.0956,971766341056771,971770119435301,3778.37853,60080,66800,10729920,0,0,,std_14q_pool1,1,,,,block=3 seq=690 cfg=std_pool attempt=1
std_14q_pool1-std-rand30_t8-r2-1789958545,2026-09-20T19:42:25,std,build_0071783e_20260829023649,0.002,7de69de,batch,rand30_t8,2,ok,,30,400;1024;4000;24576;8192;4096;1024;1024;1000;8192;4096;500;4000;10000;4000;500;4000;1024;10000;8192;128;1024;1024;8192;400;400;4000;1024;500;400,2;2;2;2;2;2;2;2;2;2;2;2;2;2;2;2;2;2;2;2;2;2;2;2;2;2;2;2;2;2,14;4;2;2;4;14;4;5;5;3;14;4;2;12;12;4;2;4;12;4;6;5;5;4;14;14;2;4;4;14,50.12;17.12;8.58;8.58;14.84;46.42;17.12;17.97;17.66;11.71;46.42;26.47;8.58;43.24;42.85;26.47;8.58;17.12;43.24;14.84;21.10;17.97;18.92;14.84;50.12;50.12;8.58;17.12;26.47;50.12,2492.0956,971770685426222,971774463941103,3778.514881,60080,66800,10729920,0,0,,std_14q_pool1,1,,,,block=3 seq=690 cfg=std_pool attempt=1
std_14q_pool1-std-rand30_t8-r3-1789958549,2026-09-20T19:42:29,std,build_0071783e_20260829023649,0.002,7de69de,batch,rand30_t8,3,ok,,30,400;1024;4000;24576;8192;4096;1024;1024;1000;8192;4096;500;4000;10000;4000;500;4000;1024;10000;8192;128;1024;1024;8192;400;400;4000;1024;500;400,2;2;2;2;2;2;2;2;2;2;2;2;2;2;2;2;2;2;2;2;2;2;2;2;2;2;2;2;2;2,14;4;2;2;4;14;4;5;5;3;14;4;2;12;12;4;2;4;12;4;6;5;5;4;14;14;2;4;4;14,50.12;17.12;8.58;8.58;14.84;46.42;17.12;17.97;17.66;11.71;46.42;26.47;8.58;43.24;42.85;26.47;8.58;17.12;43.24;14.84;21.10;17.97;18.92;14.84;50.12;50.12;8.58;17.12;26.47;50.12,2492.0956,971775027349948,971778806165892,3778.815944,60080,66800,10729920,0,0,,std_14q_pool1,1,,,,block=3 seq=690 cfg=std_pool attempt=1
std_14q_pool1-std-rand30_t8-r4-1789958553,2026-09-20T19:42:33,std,build_0071783e_20260829023649,0.002,7de69de,batch,rand30_t8,4,ok,,30,400;1024;4000;24576;8192;4096;1024;1024;1000;8192;4096;500;4000;10000;4000;500;4000;1024;10000;8192;128;1024;1024;8192;400;400;4000;1024;500;400,2;2;2;2;2;2;2;2;2;2;2;2;2;2;2;2;2;2;2;2;2;2;2;2;2;2;2;2;2;2,14;4;2;2;4;14;4;5;5;3;14;4;2;12;12;4;2;4;12;4;6;5;5;4;14;14;2;4;4;14,50.12;17.12;8.58;8.58;14.84;46.42;17.12;17.97;17.66;11.71;46.42;26.47;8.58;43.24;42.85;26.47;8.58;17.12;43.24;14.84;21.10;17.97;18.92;14.84;50.12;50.12;8.58;17.12;26.47;50.12,2492.0956,971779374349664,971783152901296,3778.551632,60080,66800,10729920,0,0,,std_14q_pool1,1,,,,block=3 seq=690 cfg=std_pool attempt=1
c1_14q_native_pool1-c1-rand20_t4-r-1-1789958591,2026-09-20T19:43:11,c1,build_0071783e_20260829023649,0.002,7de69de,batch,rand20_t4,-1,ok,,20,1000;4096;1024;8192;128;8192;4000;1000;1000;128;128;1024;1000;1024;128;4000;10000;8192;1024;400,2;2;2;2;2;2;2;2;2;2;2;2;2;2;2;2;2;2;2;2,5;14;4;3;6;4;12;3;2;6;6;3;3;6;6;12;1;3;4;14,17.66;46.42;17.12;11.71;21.10;14.84;42.85;14.50;8.94;21.10;21.10;12.06;14.50;59.48;21.10;42.85;5.43;11.71;17.12;50.12,1095.5217,971816801437734,971818098933891,1297.496157,38304,1265616,4517312,1752,10219,,c1_14q_native_pool1,0,,,,block=3 seq=696 cfg=c1_native attempt=1
c1_14q_native_pool1-c1-rand20_t4-r0-1789958593,2026-09-20T19:43:13,c1,build_0071783e_20260829023649,0.002,7de69de,batch,rand20_t4,0,ok,,20,1000;4096;1024;8192;128;8192;4000;1000;1000;128;128;1024;1000;1024;128;4000;10000;8192;1024;400,2;2;2;2;2;2;2;2;2;2;2;2;2;2;2;2;2;2;2;2,5;14;4;3;6;4;12;3;2;6;6;3;3;6;6;12;1;3;4;14,17.66;46.42;17.12;11.71;21.10;14.84;42.85;14.50;8.94;21.10;21.10;12.06;14.50;59.48;21.10;42.85;5.43;11.71;17.12;50.12,1095.5217,971818278361225,971819603621870,1325.260645,38304,1265616,4517312,1613,10461,,c1_14q_native_pool1,0,,,,block=3 seq=696 cfg=c1_native attempt=1
c1_14q_native_pool1-c1-rand20_t4-r1-1789958594,2026-09-20T19:43:14,c1,build_0071783e_20260829023649,0.002,7de69de,batch,rand20_t4,1,ok,,20,1000;4096;1024;8192;128;8192;4000;1000;1000;128;128;1024;1000;1024;128;4000;10000;8192;1024;400,2;2;2;2;2;2;2;2;2;2;2;2;2;2;2;2;2;2;2;2,5;14;4;3;6;4;12;3;2;6;6;3;3;6;6;12;1;3;4;14,17.66;46.42;17.12;11.71;21.10;14.84;42.85;14.50;8.94;21.10;21.10;12.06;14.50;59.48;21.10;42.85;5.43;11.71;17.12;50.12,1095.5217,971819779039834,971821075322609,1296.282775,38304,1265616,4517312,1513,10615,,c1_14q_native_pool1,0,,,,block=3 seq=696 cfg=c1_native attempt=1
c1_14q_native_pool1-c1-rand20_t4-r2-1789958596,2026-09-20T19:43:16,c1,build_0071783e_20260829023649,0.002,7de69de,batch,rand20_t4,2,ok,,20,1000;4096;1024;8192;128;8192;4000;1000;1000;128;128;1024;1000;1024;128;4000;10000;8192;1024;400,2;2;2;2;2;2;2;2;2;2;2;2;2;2;2;2;2;2;2;2,5;14;4;3;6;4;12;3;2;6;6;3;3;6;6;12;1;3;4;14,17.66;46.42;17.12;11.71;21.10;14.84;42.85;14.50;8.94;21.10;21.10;12.06;14.50;59.48;21.10;42.85;5.43;11.71;17.12;50.12,1095.5217,971821241926785,971822540985348,1299.058563,38304,1265616,4517312,1819,11284,,c1_14q_native_pool1,0,,,,block=3 seq=696 cfg=c1_native attempt=1
c1_14q_native_pool1-c1-rand20_t4-r3-1789958597,2026-09-20T19:43:17,c1,build_0071783e_20260829023649,0.002,7de69de,batch,rand20_t4,3,ok,,20,1000;4096;1024;8192;128;8192;4000;1000;1000;128;128;1024;1000;1024;128;4000;10000;8192;1024;400,2;2;2;2;2;2;2;2;2;2;2;2;2;2;2;2;2;2;2;2,5;14;4;3;6;4;12;3;2;6;6;3;3;6;6;12;1;3;4;14,17.66;46.42;17.12;11.71;21.10;14.84;42.85;14.50;8.94;21.10;21.10;12.06;14.50;59.48;21.10;42.85;5.43;11.71;17.12;50.12,1095.5217,971822715051649,971824042700108,1327.648459,38304,1265616,4517312,1733,10599,,c1_14q_native_pool1,0,,,,block=3 seq=696 cfg=c1_native attempt=1
c1_14q_native_pool1-c1-rand20_t4-r4-1789958599,2026-09-20T19:43:19,c1,build_0071783e_20260829023649,0.002,7de69de,batch,rand20_t4,4,ok,,20,1000;4096;1024;8192;128;8192;4000;1000;1000;128;128;1024;1000;1024;128;4000;10000;8192;1024;400,2;2;2;2;2;2;2;2;2;2;2;2;2;2;2;2;2;2;2;2,5;14;4;3;6;4;12;3;2;6;6;3;3;6;6;12;1;3;4;14,17.66;46.42;17.12;11.71;21.10;14.84;42.85;14.50;8.94;21.10;21.10;12.06;14.50;59.48;21.10;42.85;5.43;11.71;17.12;50.12,1095.5217,971824217779709,971825543889212,1326.109503,38304,1265616,4517312,1561,9864,,c1_14q_native_pool1,0,,,,block=3 seq=696 cfg=c1_native attempt=1
c1_14q_native_pool1-c1-rand20_t6-r-1-1789958600,2026-09-20T19:43:20,c1,build_0071783e_20260829023649,0.002,7de69de,batch,rand20_t6,-1,ok,,20,1024;10000;1024;1000;8192;10000;1024;4000;1000;1024;8192;1000;10000;4096;1000;4000;4000;1000;10000;500,2;2;2;2;2;2;2;2;2;2;2;2;2;2;2;2;2;2;2;2,4;1;5;5;3;1;5;12;2;4;3;2;1;14;3;2;12;3;1;4,17.12;5.43;18.92;17.66;11.71;5.43;18.92;42.85;8.94;17.12;11.71;8.94;5.43;46.42;14.50;8.58;42.85;14.50;5.43;26.47,1127.9741,971826190087245,971827485505671,1295.418426,24752,920384,4534464,2167,13794,,c1_14q_native_pool1,0,,,,block=3 seq=702 cfg=c1_native attempt=1
c1_14q_native_pool1-c1-rand20_t6-r0-1789958602,2026-09-20T19:43:22,c1,build_0071783e_20260829023649,0.002,7de69de,batch,rand20_t6,0,ok,,20,1024;10000;1024;1000;8192;10000;1024;4000;1000;1024;8192;1000;10000;4096;1000;4000;4000;1000;10000;500,2;2;2;2;2;2;2;2;2;2;2;2;2;2;2;2;2;2;2;2,4;1;5;5;3;1;5;12;2;4;3;2;1;14;3;2;12;3;1;4,17.12;5.43;18.92;17.66;11.71;5.43;18.92;42.85;8.94;17.12;11.71;8.94;5.43;46.42;14.50;8.58;42.85;14.50;5.43;26.47,1127.9741,971827634858495,971828930653245,1295.79475,24752,920384,4534464,2240,14558,,c1_14q_native_pool1,0,,,,block=3 seq=702 cfg=c1_native attempt=1
c1_14q_native_pool1-c1-rand20_t6-r1-1789958603,2026-09-20T19:43:23,c1,build_0071783e_20260829023649,0.002,7de69de,batch,rand20_t6,1,ok,,20,1024;10000;1024;1000;8192;10000;1024;4000;1000;1024;8192;1000;10000;4096;1000;4000;4000;1000;10000;500,2;2;2;2;2;2;2;2;2;2;2;2;2;2;2;2;2;2;2;2,4;1;5;5;3;1;5;12;2;4;3;2;1;14;3;2;12;3;1;4,17.12;5.43;18.92;17.66;11.71;5.43;18.92;42.85;8.94;17.12;11.71;8.94;5.43;46.42;14.50;8.58;42.85;14.50;5.43;26.47,1127.9741,971829083997448,971830399765038,1315.76759,24752,920384,4534464,1923,13255,,c1_14q_native_pool1,0,,,,block=3 seq=702 cfg=c1_native attempt=1
c1_14q_native_pool1-c1-rand20_t6-r2-1789958605,2026-09-20T19:43:25,c1,build_0071783e_20260829023649,0.002,7de69de,batch,rand20_t6,2,ok,,20,1024;10000;1024;1000;8192;10000;1024;4000;1000;1024;8192;1000;10000;4096;1000;4000;4000;1000;10000;500,2;2;2;2;2;2;2;2;2;2;2;2;2;2;2;2;2;2;2;2,4;1;5;5;3;1;5;12;2;4;3;2;1;14;3;2;12;3;1;4,17.12;5.43;18.92;17.66;11.71;5.43;18.92;42.85;8.94;17.12;11.71;8.94;5.43;46.42;14.50;8.58;42.85;14.50;5.43;26.47,1127.9741,971830551715538,971831866280036,1314.564498,24752,920384,4534464,1905,13168,,c1_14q_native_pool1,0,,,,block=3 seq=702 cfg=c1_native attempt=1
c1_14q_native_pool1-c1-rand20_t6-r3-1789958606,2026-09-20T19:43:26,c1,build_0071783e_20260829023649,0.002,7de69de,batch,rand20_t6,3,ok,,20,1024;10000;1024;1000;8192;10000;1024;4000;1000;1024;8192;1000;10000;4096;1000;4000;4000;1000;10000;500,2;2;2;2;2;2;2;2;2;2;2;2;2;2;2;2;2;2;2;2,4;1;5;5;3;1;5;12;2;4;3;2;1;14;3;2;12;3;1;4,17.12;5.43;18.92;17.66;11.71;5.43;18.92;42.85;8.94;17.12;11.71;8.94;5.43;46.42;14.50;8.58;42.85;14.50;5.43;26.47,1127.9741,971832016435647,971833332078676,1315.643029,24752,920384,4534464,1654,10827,,c1_14q_native_pool1,0,,,,block=3 seq=702 cfg=c1_native attempt=1
c1_14q_native_pool1-c1-rand20_t6-r4-1789958608,2026-09-20T19:43:28,c1,build_0071783e_20260829023649,0.002,7de69de,batch,rand20_t6,4,ok,,20,1024;10000;1024;1000;8192;10000;1024;4000;1000;1024;8192;1000;10000;4096;1000;4000;4000;1000;10000;500,2;2;2;2;2;2;2;2;2;2;2;2;2;2;2;2;2;2;2;2,4;1;5;5;3;1;5;12;2;4;3;2;1;14;3;2;12;3;1;4,17.12;5.43;18.92;17.66;11.71;5.43;18.92;42.85;8.94;17.12;11.71;8.94;5.43;46.42;14.50;8.58;42.85;14.50;5.43;26.47,1127.9741,971833483239668,971834778267960,1295.028292,24752,920384,4534464,1782,11442,,c1_14q_native_pool1,0,,,,block=3 seq=702 cfg=c1_native attempt=1
c1_14q_native_pool1-c1-rand30_t8-r-1-1789958610,2026-09-20T19:43:30,c1,build_0071783e_20260829023649,0.002,7de69de,batch,rand30_t8,-1,ok,,30,400;1024;4000;24576;8192;4096;1024;1024;1000;8192;4096;500;4000;10000;4000;500;4000;1024;10000;8192;128;1024;1024;8192;400;400;4000;1024;500;400,2;2;2;2;2;2;2;2;2;2;2;2;2;2;2;2;2;2;2;2;2;2;2;2;2;2;2;2;2;2,14;4;2;2;4;14;4;5;5;3;14;4;2;12;12;4;2;4;12;4;6;5;5;4;14;14;2;4;4;14,50.12;17.12;8.58;8.58;14.84;46.42;17.12;17.97;17.66;11.71;46.42;26.47;8.58;43.24;42.85;26.47;8.58;17.12;43.24;14.84;21.10;17.97;18.92;14.84;50.12;50.12;8.58;17.12;26.47;50.12,2492.0956,971835807050609,971838643897762,2836.847153,60080,2174464,10729920,3279,23218,,c1_14q_native_pool1,0,,,,block=3 seq=708 cfg=c1_native attempt=1
c1_14q_native_pool1-c1-rand30_t8-r0-1789958613,2026-09-20T19:43:33,c1,build_0071783e_20260829023649,0.002,7de69de,batch,rand30_t8,0,ok,,30,400;1024;4000;24576;8192;4096;1024;1024;1000;8192;4096;500;4000;10000;4000;500;4000;1024;10000;8192;128;1024;1024;8192;400;400;4000;1024;500;400,2;2;2;2;2;2;2;2;2;2;2;2;2;2;2;2;2;2;2;2;2;2;2;2;2;2;2;2;2;2,14;4;2;2;4;14;4;5;5;3;14;4;2;12;12;4;2;4;12;4;6;5;5;4;14;14;2;4;4;14,50.12;17.12;8.58;8.58;14.84;46.42;17.12;17.97;17.66;11.71;46.42;26.47;8.58;43.24;42.85;26.47;8.58;17.12;43.24;14.84;21.10;17.97;18.92;14.84;50.12;50.12;8.58;17.12;26.47;50.12,2492.0956,971839136804042,971841985093259,2848.289217,60080,2174464,10729920,2942,22841,,c1_14q_native_pool1,0,,,,block=3 seq=708 cfg=c1_native attempt=1
c1_14q_native_pool1-c1-rand30_t8-r1-1789958617,2026-09-20T19:43:37,c1,build_0071783e_20260829023649,0.002,7de69de,batch,rand30_t8,1,ok,,30,400;1024;4000;24576;8192;4096;1024;1024;1000;8192;4096;500;4000;10000;4000;500;4000;1024;10000;8192;128;1024;1024;8192;400;400;4000;1024;500;400,2;2;2;2;2;2;2;2;2;2;2;2;2;2;2;2;2;2;2;2;2;2;2;2;2;2;2;2;2;2,14;4;2;2;4;14;4;5;5;3;14;4;2;12;12;4;2;4;12;4;6;5;5;4;14;14;2;4;4;14,50.12;17.12;8.58;8.58;14.84;46.42;17.12;17.97;17.66;11.71;46.42;26.47;8.58;43.24;42.85;26.47;8.58;17.12;43.24;14.84;21.10;17.97;18.92;14.84;50.12;50.12;8.58;17.12;26.47;50.12,2492.0956,971842489295752,971845374894873,2885.599121,60080,2174464,10729920,2587,20461,,c1_14q_native_pool1,0,,,,block=3 seq=708 cfg=c1_native attempt=1
c1_14q_native_pool1-c1-rand30_t8-r2-1789958620,2026-09-20T19:43:40,c1,build_0071783e_20260829023649,0.002,7de69de,batch,rand30_t8,2,ok,,30,400;1024;4000;24576;8192;4096;1024;1024;1000;8192;4096;500;4000;10000;4000;500;4000;1024;10000;8192;128;1024;1024;8192;400;400;4000;1024;500;400,2;2;2;2;2;2;2;2;2;2;2;2;2;2;2;2;2;2;2;2;2;2;2;2;2;2;2;2;2;2,14;4;2;2;4;14;4;5;5;3;14;4;2;12;12;4;2;4;12;4;6;5;5;4;14;14;2;4;4;14,50.12;17.12;8.58;8.58;14.84;46.42;17.12;17.97;17.66;11.71;46.42;26.47;8.58;43.24;42.85;26.47;8.58;17.12;43.24;14.84;21.10;17.97;18.92;14.84;50.12;50.12;8.58;17.12;26.47;50.12,2492.0956,971845871354418,971848710723586,2839.369168,60080,2174464,10729920,2976,21798,,c1_14q_native_pool1,0,,,,block=3 seq=708 cfg=c1_native attempt=1
c1_14q_native_pool1-c1-rand30_t8-r3-1789958623,2026-09-20T19:43:43,c1,build_0071783e_20260829023649,0.002,7de69de,batch,rand30_t8,3,ok,,30,400;1024;4000;24576;8192;4096;1024;1024;1000;8192;4096;500;4000;10000;4000;500;4000;1024;10000;8192;128;1024;1024;8192;400;400;4000;1024;500;400,2;2;2;2;2;2;2;2;2;2;2;2;2;2;2;2;2;2;2;2;2;2;2;2;2;2;2;2;2;2,14;4;2;2;4;14;4;5;5;3;14;4;2;12;12;4;2;4;12;4;6;5;5;4;14;14;2;4;4;14,50.12;17.12;8.58;8.58;14.84;46.42;17.12;17.97;17.66;11.71;46.42;26.47;8.58;43.24;42.85;26.47;8.58;17.12;43.24;14.84;21.10;17.97;18.92;14.84;50.12;50.12;8.58;17.12;26.47;50.12,2492.0956,971849205430334,971852042856793,2837.426459,60080,2174464,10729920,2965,21764,,c1_14q_native_pool1,0,,,,block=3 seq=708 cfg=c1_native attempt=1
c1_14q_native_pool1-c1-rand30_t8-r4-1789958627,2026-09-20T19:43:47,c1,build_0071783e_20260829023649,0.002,7de69de,batch,rand30_t8,4,ok,,30,400;1024;4000;24576;8192;4096;1024;1024;1000;8192;4096;500;4000;10000;4000;500;4000;1024;10000;8192;128;1024;1024;8192;400;400;4000;1024;500;400,2;2;2;2;2;2;2;2;2;2;2;2;2;2;2;2;2;2;2;2;2;2;2;2;2;2;2;2;2;2,14;4;2;2;4;14;4;5;5;3;14;4;2;12;12;4;2;4;12;4;6;5;5;4;14;14;2;4;4;14,50.12;17.12;8.58;8.58;14.84;46.42;17.12;17.97;17.66;11.71;46.42;26.47;8.58;43.24;42.85;26.47;8.58;17.12;43.24;14.84;21.10;17.97;18.92;14.84;50.12;50.12;8.58;17.12;26.47;50.12,2492.0956,971852535903784,971855379431024,2843.52724,60080,2174464,10729920,3329,23324,,c1_14q_native_pool1,0,,,,block=3 seq=708 cfg=c1_native attempt=1
c1_14q_native_pool1-c1-rand10_t2-r-1-1789958630,2026-09-20T19:43:50,c1,build_0071783e_20260829023649,0.002,7de69de,batch,rand10_t2,-1,ok,,10,400;4096;8192;1000;1024;8192;8192;8192;400;500,2;2;2;2;2;2;2;2;2;2,14;14;4;2;4;4;3;3;14;4,50.12;46.42;14.84;8.94;17.12;14.84;11.71;11.71;50.12;26.47,705.0523,971856343767139,971857162304625,818.537486,20128,724864,3061248,1315,6932,,c1_14q_native_pool1,0,,,,block=3 seq=714 cfg=c1_native attempt=1
c1_14q_native_pool1-c1-rand10_t2-r0-1789958632,2026-09-20T19:43:52,c1,build_0071783e_20260829023649,0.002,7de69de,batch,rand10_t2,0,ok,,10,400;4096;8192;1000;1024;8192;8192;8192;400;500,2;2;2;2;2;2;2;2;2;2,14;14;4;2;4;4;3;3;14;4,50.12;46.42;14.84;8.94;17.12;14.84;11.71;11.71;50.12;26.47,705.0523,971857644440957,971858463869273,819.428316,20128,724864,3061248,1366,6765,,c1_14q_native_pool1,0,,,,block=3 seq=714 cfg=c1_native attempt=1
c1_14q_native_pool1-c1-rand10_t2-r1-1789958633,2026-09-20T19:43:53,c1,build_0071783e_20260829023649,0.002,7de69de,batch,rand10_t2,1,ok,,10,400;4096;8192;1000;1024;8192;8192;8192;400;500,2;2;2;2;2;2;2;2;2;2,14;14;4;2;4;4;3;3;14;4,50.12;46.42;14.84;8.94;17.12;14.84;11.71;11.71;50.12;26.47,705.0523,971858938272668,971859757689213,819.416545,20128,724864,3061248,1287,6600,,c1_14q_native_pool1,0,,,,block=3 seq=714 cfg=c1_native attempt=1
c1_14q_native_pool1-c1-rand10_t2-r2-1789958634,2026-09-20T19:43:54,c1,build_0071783e_20260829023649,0.002,7de69de,batch,rand10_t2,2,ok,,10,400;4096;8192;1000;1024;8192;8192;8192;400;500,2;2;2;2;2;2;2;2;2;2,14;14;4;2;4;4;3;3;14;4,50.12;46.42;14.84;8.94;17.12;14.84;11.71;11.71;50.12;26.47,705.0523,971860230121388,971861064016278,833.89489,20128,724864,3061248,1277,6396,,c1_14q_native_pool1,0,,,,block=3 seq=714 cfg=c1_native attempt=1
c1_14q_native_pool1-c1-rand10_t2-r3-1789958636,2026-09-20T19:43:56,c1,build_0071783e_20260829023649,0.002,7de69de,batch,rand10_t2,3,ok,,10,400;4096;8192;1000;1024;8192;8192;8192;400;500,2;2;2;2;2;2;2;2;2;2,14;14;4;2;4;4;3;3;14;4,50.12;46.42;14.84;8.94;17.12;14.84;11.71;11.71;50.12;26.47,705.0523,971861534629015,971862358423065,823.79405,20128,724864,3061248,1262,6669,,c1_14q_native_pool1,0,,,,block=3 seq=714 cfg=c1_native attempt=1
c1_14q_native_pool1-c1-rand10_t2-r4-1789958637,2026-09-20T19:43:57,c1,build_0071783e_20260829023649,0.002,7de69de,batch,rand10_t2,4,ok,,10,400;4096;8192;1000;1024;8192;8192;8192;400;500,2;2;2;2;2;2;2;2;2;2,14;14;4;2;4;4;3;3;14;4,50.12;46.42;14.84;8.94;17.12;14.84;11.71;11.71;50.12;26.47,705.0523,971862831225923,971863666141944,834.916021,20128,724864,3061248,1263,6765,,c1_14q_native_pool1,0,,,,block=3 seq=714 cfg=c1_native attempt=1
c1_14q_native_pool1-c1-rand30_t3-r-1-1789958639,2026-09-20T19:43:59,c1,build_0071783e_20260829023649,0.002,7de69de,batch,rand30_t3,-1,ok,,30,1024;500;8192;1024;24576;1024;128;10000;4096;32;128;1000;32;1024;10000;1000;8192;1024;500;8192;400;10000;4096;1000;1000;24576;1000;32;400;8192,2;2;2;2;2;2;2;2;2;2;2;2;2;2;2;2;2;2;2;2;2;2;2;2;2;2;2;2;2;2,6;4;4;5;2;3;6;1;14;8;6;3;8;6;12;2;3;5;4;4;14;12;14;3;2;2;3;8;14;3,59.48;26.47;14.84;18.92;8.58;12.06;21.10;5.43;46.42;27.36;21.10;14.50;27.36;59.48;43.24;8.94;11.71;18.92;26.47;14.84;50.12;43.24;46.42;14.50;8.94;8.58;14.50;27.36;50.12;11.71,2465.2663,971864455587099,971867243815906,2788.228807,67600,1993856,10115968,3188,21646,,c1_14q_native_pool1,0,,,,block=3 seq=720 cfg=c1_native attempt=1
c1_14q_native_pool1-c1-rand30_t3-r0-1789958642,2026-09-20T19:44:02,c1,build_0071783e_20260829023649,0.002,7de69de,batch,rand30_t3,0,ok,,30,1024;500;8192;1024;24576;1024;128;10000;4096;32;128;1000;32;1024;10000;1000;8192;1024;500;8192;400;10000;4096;1000;1000;24576;1000;32;400;8192,2;2;2;2;2;2;2;2;2;2;2;2;2;2;2;2;2;2;2;2;2;2;2;2;2;2;2;2;2;2,6;4;4;5;2;3;6;1;14;8;6;3;8;6;12;2;3;5;4;4;14;12;14;3;2;2;3;8;14;3,59.48;26.47;14.84;18.92;8.58;12.06;21.10;5.43;46.42;27.36;21.10;14.50;27.36;59.48;43.24;8.94;11.71;18.92;26.47;14.84;50.12;43.24;46.42;14.50;8.94;8.58;14.50;27.36;50.12;11.71,2465.2663,971867474059279,971870275597429,2801.53815,67600,1993856,10115968,3016,21412,,c1_14q_native_pool1,0,,,,block=3 seq=720 cfg=c1_native attempt=1
c1_14q_native_pool1-c1-rand30_t3-r1-1789958645,2026-09-20T19:44:05,c1,build_0071783e_20260829023649,0.002,7de69de,batch,rand30_t3,1,ok,,30,1024;500;8192;1024;24576;1024;128;10000;4096;32;128;1000;32;1024;10000;1000;8192;1024;500;8192;400;10000;4096;1000;1000;24576;1000;32;400;8192,2;2;2;2;2;2;2;2;2;2;2;2;2;2;2;2;2;2;2;2;2;2;2;2;2;2;2;2;2;2,6;4;4;5;2;3;6;1;14;8;6;3;8;6;12;2;3;5;4;4;14;12;14;3;2;2;3;8;14;3,59.48;26.47;14.84;18.92;8.58;12.06;21.10;5.43;46.42;27.36;21.10;14.50;27.36;59.48;43.24;8.94;11.71;18.92;26.47;14.84;50.12;43.24;46.42;14.50;8.94;8.58;14.50;27.36;50.12;11.71,2465.2663,971870513393387,971873342359361,2828.965974,67600,1993856,10115968,2928,19664,,c1_14q_native_pool1,0,,,,block=3 seq=720 cfg=c1_native attempt=1
c1_14q_native_pool1-c1-rand30_t3-r2-1789958648,2026-09-20T19:44:08,c1,build_0071783e_20260829023649,0.002,7de69de,batch,rand30_t3,2,data_mismatch,STRM error after 2713984/10115968 B,30,1024;500;8192;1024;24576;1024;128;10000;4096;32;128;1000;32;1024;10000;1000;8192;1024;500;8192;400;10000;4096;1000;1000;24576;1000;32;400;8192,2;2;2;2;2;2;2;2;2;2;2;2;2;2;2;2;2;2;2;2;2;2;2;2;2;2;2;2;2;2,6;4;4;5;2;3;6;1;14;8;6;3;8;6;12;2;3;5;4;4;14;12;14;3;2;2;3;8;14;3,59.48;26.47;14.84;18.92;8.58;12.06;21.10;5.43;46.42;27.36;21.10;14.50;27.36;59.48;43.24;8.94;11.71;18.92;26.47;14.84;50.12;43.24;46.42;14.50;8.94;8.58;14.50;27.36;50.12;11.71,2465.2663,,,,67600,,10115968,,,,c1_14q_native_pool1,0,,,,block=3 seq=720 cfg=c1_native attempt=1
c1_14q_native_pool1-c1-rand30_t3-r2-1789958799,2026-09-20T19:46:39,c1,build_0071783e_20260829023649,0.002,7de69de,batch,rand30_t3,2,ok,,30,1024;500;8192;1024;24576;1024;128;10000;4096;32;128;1000;32;1024;10000;1000;8192;1024;500;8192;400;10000;4096;1000;1000;24576;1000;32;400;8192,2;2;2;2;2;2;2;2;2;2;2;2;2;2;2;2;2;2;2;2;2;2;2;2;2;2;2;2;2;2,6;4;4;5;2;3;6;1;14;8;6;3;8;6;12;2;3;5;4;4;14;12;14;3;2;2;3;8;14;3,59.48;26.47;14.84;18.92;8.58;12.06;21.10;5.43;46.42;27.36;21.10;14.50;27.36;59.48;43.24;8.94;11.71;18.92;26.47;14.84;50.12;43.24;46.42;14.50;8.94;8.58;14.50;27.36;50.12;11.71,2465.2663,972174516105558,972177346433976,2830.328418,67600,1993856,10115968,2685,18987,,c1_14q_native_pool1,0,,,,block=3 seq=720 cfg=c1_native attempt=1
c1_14q_native_pool1-c1-rand30_t3-r3-1789958952,2026-09-20T19:49:12,c1,build_0071783e_20260829023649,0.002,7de69de,batch,rand30_t3,3,ok,,30,1024;500;8192;1024;24576;1024;128;10000;4096;32;128;1000;32;1024;10000;1000;8192;1024;500;8192;400;10000;4096;1000;1000;24576;1000;32;400;8192,2;2;2;2;2;2;2;2;2;2;2;2;2;2;2;2;2;2;2;2;2;2;2;2;2;2;2;2;2;2,6;4;4;5;2;3;6;1;14;8;6;3;8;6;12;2;3;5;4;4;14;12;14;3;2;2;3;8;14;3,59.48;26.47;14.84;18.92;8.58;12.06;21.10;5.43;46.42;27.36;21.10;14.50;27.36;59.48;43.24;8.94;11.71;18.92;26.47;14.84;50.12;43.24;46.42;14.50;8.94;8.58;14.50;27.36;50.12;11.71,2465.2663,972177578458046,972180379130258,2800.672212,67600,1993856,10115968,2804,20159,,c1_14q_native_pool1,0,,,,block=3 seq=720 cfg=c1_native attempt=1
c1_14q_native_pool1-c1-rand30_t3-r4-1789958955,2026-09-20T19:49:15,c1,build_0071783e_20260829023649,0.002,7de69de,batch,rand30_t3,4,ok,,30,1024;500;8192;1024;24576;1024;128;10000;4096;32;128;1000;32;1024;10000;1000;8192;1024;500;8192;400;10000;4096;1000;1000;24576;1000;32;400;8192,2;2;2;2;2;2;2;2;2;2;2;2;2;2;2;2;2;2;2;2;2;2;2;2;2;2;2;2;2;2,6;4;4;5;2;3;6;1;14;8;6;3;8;6;12;2;3;5;4;4;14;12;14;3;2;2;3;8;14;3,59.48;26.47;14.84;18.92;8.58;12.06;21.10;5.43;46.42;27.36;21.10;14.50;27.36;59.48;43.24;8.94;11.71;18.92;26.47;14.84;50.12;43.24;46.42;14.50;8.94;8.58;14.50;27.36;50.12;11.71,2465.2663,972180615019857,972183441852030,2826.832173,67600,1993856,10115968,2828,20312,,c1_14q_native_pool1,0,,,,block=3 seq=720 cfg=c1_native attempt=1
c1_14q_native_pool1-c1-rand10_t3-r-1-1789958958,2026-09-20T19:49:18,c1,build_0071783e_20260829023649,0.002,7de69de,batch,rand10_t3,-1,ok,,10,400;1000;1024;1024;1024;10000;400;500;4000;10000,2;2;2;2;2;2;2;2;2;2,14;5;5;4;5;1;14;4;12;1,50.12;17.66;18.92;17.12;17.97;5.43;50.12;26.47;42.85;5.43,406.3136,972184413043053,972184932259376,519.216323,19696,702496,1576384,1869,4770,,c1_14q_native_pool1,0,,,,block=3 seq=726 cfg=c1_native attempt=1
c1_14q_native_pool1-c1-rand10_t3-r0-1789958959,2026-09-20T19:49:19,c1,build_0071783e_20260829023649,0.002,7de69de,batch,rand10_t3,0,ok,,10,400;1000;1024;1024;1024;10000;400;500;4000;10000,2;2;2;2;2;2;2;2;2;2,14;5;5;4;5;1;14;4;12;1,50.12;17.66;18.92;17.12;17.97;5.43;50.12;26.47;42.85;5.43,406.3136,972185402436258,972185921552450,519.116192,19696,702496,1576384,1447,4408,,c1_14q_native_pool1,0,,,,block=3 seq=726 cfg=c1_native attempt=1
c1_14q_native_pool1-c1-rand10_t3-r1-1789958960,2026-09-20T19:49:20,c1,build_0071783e_20260829023649,0.002,7de69de,batch,rand10_t3,1,ok,,10,400;1000;1024;1024;1024;10000;400;500;4000;10000,2;2;2;2;2;2;2;2;2;2,14;5;5;4;5;1;14;4;12;1,50.12;17.66;18.92;17.12;17.97;5.43;50.12;26.47;42.85;5.43,406.3136,972186392631422,972186908775434,516.144012,19696,702496,1576384,1019,3320,,c1_14q_native_pool1,0,,,,block=3 seq=726 cfg=c1_native attempt=1
c1_14q_native_pool1-c1-rand10_t3-r2-1789958961,2026-09-20T19:49:21,c1,build_0071783e_20260829023649,0.002,7de69de,batch,rand10_t3,2,ok,,10,400;1000;1024;1024;1024;10000;400;500;4000;10000,2;2;2;2;2;2;2;2;2;2,14;5;5;4;5;1;14;4;12;1,50.12;17.66;18.92;17.12;17.97;5.43;50.12;26.47;42.85;5.43,406.3136,972187378236740,972187897448342,519.211602,19696,702496,1576384,1267,4037,,c1_14q_native_pool1,0,,,,block=3 seq=726 cfg=c1_native attempt=1
c1_14q_native_pool1-c1-rand10_t3-r3-1789958962,2026-09-20T19:49:22,c1,build_0071783e_20260829023649,0.002,7de69de,batch,rand10_t3,3,ok,,10,400;1000;1024;1024;1024;10000;400;500;4000;10000,2;2;2;2;2;2;2;2;2;2,14;5;5;4;5;1;14;4;12;1,50.12;17.66;18.92;17.12;17.97;5.43;50.12;26.47;42.85;5.43,406.3136,972188370271421,972188889273132,519.001711,19696,702496,1576384,1680,4417,,c1_14q_native_pool1,0,,,,block=3 seq=726 cfg=c1_native attempt=1
c1_14q_native_pool1-c1-rand10_t3-r4-1789958963,2026-09-20T19:49:23,c1,build_0071783e_20260829023649,0.002,7de69de,batch,rand10_t3,4,ok,,10,400;1000;1024;1024;1024;10000;400;500;4000;10000,2;2;2;2;2;2;2;2;2;2,14;5;5;4;5;1;14;4;12;1,50.12;17.66;18.92;17.12;17.97;5.43;50.12;26.47;42.85;5.43,406.3136,972189359595926,972189876552357,516.956431,19696,702496,1576384,1630,4631,,c1_14q_native_pool1,0,,,,block=3 seq=726 cfg=c1_native attempt=1
c1_14q_native_pool1-c1-qaoa12_x30-r-1-1789958965,2026-09-20T19:49:25,c1,build_0071783e_20260829023649,0.002,7de69de,batch,qaoa12_x30,-1,ok,,30,10000;10000;10000;10000;10000;10000;10000;10000;10000;10000;10000;10000;10000;10000;10000;10000;10000;10000;10000;10000;10000;10000;10000;10000;10000;10000;10000;10000;10000;10000,2;2;2;2;2;2;2;2;2;2;2;2;2;2;2;2;2;2;2;2;2;2;2;2;2;2;2;2;2;2,12;12;12;12;12;12;12;12;12;12;12;12;12;12;12;12;12;12;12;12;12;12;12;12;12;12;12;12;12;12,43.24;43.24;43.24;43.24;43.24;43.24;43.24;43.24;43.24;43.24;43.24;43.24;43.24;43.24;43.24;43.24;43.24;43.24;43.24;43.24;43.24;43.24;43.24;43.24;43.24;43.24;43.24;43.24;43.24;43.24,12972.0000,972190715847151,972203922100194,13206.253043,101760,108480,57600000,2820,79092,,c1_14q_native_pool1,0,,,,block=3 seq=732 cfg=c1_native attempt=1
c1_14q_native_pool1-c1-qaoa12_x30-r0-1789958978,2026-09-20T19:49:38,c1,build_0071783e_20260829023649,0.002,7de69de,batch,qaoa12_x30,0,ok,,30,10000;10000;10000;10000;10000;10000;10000;10000;10000;10000;10000;10000;10000;10000;10000;10000;10000;10000;10000;10000;10000;10000;10000;10000;10000;10000;10000;10000;10000;10000,2;2;2;2;2;2;2;2;2;2;2;2;2;2;2;2;2;2;2;2;2;2;2;2;2;2;2;2;2;2,12;12;12;12;12;12;12;12;12;12;12;12;12;12;12;12;12;12;12;12;12;12;12;12;12;12;12;12;12;12,43.24;43.24;43.24;43.24;43.24;43.24;43.24;43.24;43.24;43.24;43.24;43.24;43.24;43.24;43.24;43.24;43.24;43.24;43.24;43.24;43.24;43.24;43.24;43.24;43.24;43.24;43.24;43.24;43.24;43.24,12972.0000,972204356065614,972217559852283,13203.786669,101760,108480,57600000,2805,76680,,c1_14q_native_pool1,0,,,,block=3 seq=732 cfg=c1_native attempt=1
c1_14q_native_pool1-c1-qaoa12_x30-r1-1789958992,2026-09-20T19:49:52,c1,build_0071783e_20260829023649,0.002,7de69de,batch,qaoa12_x30,1,ok,,30,10000;10000;10000;10000;10000;10000;10000;10000;10000;10000;10000;10000;10000;10000;10000;10000;10000;10000;10000;10000;10000;10000;10000;10000;10000;10000;10000;10000;10000;10000,2;2;2;2;2;2;2;2;2;2;2;2;2;2;2;2;2;2;2;2;2;2;2;2;2;2;2;2;2;2,12;12;12;12;12;12;12;12;12;12;12;12;12;12;12;12;12;12;12;12;12;12;12;12;12;12;12;12;12;12,43.24;43.24;43.24;43.24;43.24;43.24;43.24;43.24;43.24;43.24;43.24;43.24;43.24;43.24;43.24;43.24;43.24;43.24;43.24;43.24;43.24;43.24;43.24;43.24;43.24;43.24;43.24;43.24;43.24;43.24,12972.0000,972217994796533,972231198461280,13203.664747,101760,108480,57600000,2846,79232,,c1_14q_native_pool1,0,,,,block=3 seq=732 cfg=c1_native attempt=1
c1_14q_native_pool1-c1-qaoa12_x30-r2-1789959006,2026-09-20T19:50:06,c1,build_0071783e_20260829023649,0.002,7de69de,batch,qaoa12_x30,2,ok,,30,10000;10000;10000;10000;10000;10000;10000;10000;10000;10000;10000;10000;10000;10000;10000;10000;10000;10000;10000;10000;10000;10000;10000;10000;10000;10000;10000;10000;10000;10000,2;2;2;2;2;2;2;2;2;2;2;2;2;2;2;2;2;2;2;2;2;2;2;2;2;2;2;2;2;2,12;12;12;12;12;12;12;12;12;12;12;12;12;12;12;12;12;12;12;12;12;12;12;12;12;12;12;12;12;12,43.24;43.24;43.24;43.24;43.24;43.24;43.24;43.24;43.24;43.24;43.24;43.24;43.24;43.24;43.24;43.24;43.24;43.24;43.24;43.24;43.24;43.24;43.24;43.24;43.24;43.24;43.24;43.24;43.24;43.24,12972.0000,972231632736434,972244836590193,13203.853759,101760,108480,57600000,2812,77535,,c1_14q_native_pool1,0,,,,block=3 seq=732 cfg=c1_native attempt=1
c1_14q_native_pool1-c1-qaoa12_x30-r3-1789959019,2026-09-20T19:50:19,c1,build_0071783e_20260829023649,0.002,7de69de,batch,qaoa12_x30,3,ok,,30,10000;10000;10000;10000;10000;10000;10000;10000;10000;10000;10000;10000;10000;10000;10000;10000;10000;10000;10000;10000;10000;10000;10000;10000;10000;10000;10000;10000;10000;10000,2;2;2;2;2;2;2;2;2;2;2;2;2;2;2;2;2;2;2;2;2;2;2;2;2;2;2;2;2;2,12;12;12;12;12;12;12;12;12;12;12;12;12;12;12;12;12;12;12;12;12;12;12;12;12;12;12;12;12;12,43.24;43.24;43.24;43.24;43.24;43.24;43.24;43.24;43.24;43.24;43.24;43.24;43.24;43.24;43.24;43.24;43.24;43.24;43.24;43.24;43.24;43.24;43.24;43.24;43.24;43.24;43.24;43.24;43.24;43.24,12972.0000,972245271788095,972258465099119,13193.311024,101760,108480,57600000,2759,76113,,c1_14q_native_pool1,0,,,,block=3 seq=732 cfg=c1_native attempt=1
c1_14q_native_pool1-c1-qaoa12_x30-r4-1789959033,2026-09-20T19:50:33,c1,build_0071783e_20260829023649,0.002,7de69de,batch,qaoa12_x30,4,ok,,30,10000;10000;10000;10000;10000;10000;10000;10000;10000;10000;10000;10000;10000;10000;10000;10000;10000;10000;10000;10000;10000;10000;10000;10000;10000;10000;10000;10000;10000;10000,2;2;2;2;2;2;2;2;2;2;2;2;2;2;2;2;2;2;2;2;2;2;2;2;2;2;2;2;2;2,12;12;12;12;12;12;12;12;12;12;12;12;12;12;12;12;12;12;12;12;12;12;12;12;12;12;12;12;12;12,43.24;43.24;43.24;43.24;43.24;43.24;43.24;43.24;43.24;43.24;43.24;43.24;43.24;43.24;43.24;43.24;43.24;43.24;43.24;43.24;43.24;43.24;43.24;43.24;43.24;43.24;43.24;43.24;43.24;43.24,12972.0000,972258904254661,972272093997619,13189.742958,101760,108480,57600000,2846,78854,,c1_14q_native_pool1,0,,,,block=3 seq=732 cfg=c1_native attempt=1
c3_14q_pool1-c3-rand20_t4-r-1-1789959083,2026-09-20T19:51:23,c3,build_13b440c3_20260918192735,0.001,7de69de,batch,rand20_t4,-1,ok,,20,1000;4096;1024;8192;128;8192;4000;1000;1000;128;128;1024;1000;1024;128;4000;10000;8192;1024;400,2;2;2;2;2;2;2;2;2;2;2;2;2;2;2;2;2;2;2;2,5;14;4;3;6;4;12;3;2;6;6;3;3;6;6;12;1;3;4;14,17.66;46.42;17.12;11.71;21.10;14.84;42.85;14.50;8.94;21.10;21.10;12.06;14.50;59.48;21.10;42.85;5.43;11.71;17.12;50.12,1095.5217,972309387829776,972310492965589,1105.135813,38304,3834112,4517312,1154,239701,1,c3_14q_pool1,1,1,0,1,block=3 seq=738 cfg=c3_pool attempt=1
c3_14q_pool1-c3-rand20_t4-r0-1789959085,2026-09-20T19:51:25,c3,build_13b440c3_20260918192735,0.001,7de69de,batch,rand20_t4,0,ok,,20,1000;4096;1024;8192;128;8192;4000;1000;1000;128;128;1024;1000;1024;128;4000;10000;8192;1024;400,2;2;2;2;2;2;2;2;2;2;2;2;2;2;2;2;2;2;2;2,5;14;4;3;6;4;12;3;2;6;6;3;3;6;6;12;1;3;4;14,17.66;46.42;17.12;11.71;21.10;14.84;42.85;14.50;8.94;21.10;21.10;12.06;14.50;59.48;21.10;42.85;5.43;11.71;17.12;50.12,1095.5217,972310999082991,972312103475456,1104.392465,38304,3834112,4517312,693,239384,1,c3_14q_pool1,1,1,0,1,block=3 seq=738 cfg=c3_pool attempt=1
c3_14q_pool1-c3-rand20_t4-r1-1789959087,2026-09-20T19:51:27,c3,build_13b440c3_20260918192735,0.001,7de69de,batch,rand20_t4,1,ok,,20,1000;4096;1024;8192;128;8192;4000;1000;1000;128;128;1024;1000;1024;128;4000;10000;8192;1024;400,2;2;2;2;2;2;2;2;2;2;2;2;2;2;2;2;2;2;2;2,5;14;4;3;6;4;12;3;2;6;6;3;3;6;6;12;1;3;4;14,17.66;46.42;17.12;11.71;21.10;14.84;42.85;14.50;8.94;21.10;21.10;12.06;14.50;59.48;21.10;42.85;5.43;11.71;17.12;50.12,1095.5217,972312606320116,972313710717131,1104.397015,38304,3834112,4517312,473,240184,1,c3_14q_pool1,1,1,0,1,block=3 seq=738 cfg=c3_pool attempt=1
c3_14q_pool1-c3-rand20_t4-r2-1789959088,2026-09-20T19:51:28,c3,build_13b440c3_20260918192735,0.001,7de69de,batch,rand20_t4,2,ok,,20,1000;4096;1024;8192;128;8192;4000;1000;1000;128;128;1024;1000;1024;128;4000;10000;8192;1024;400,2;2;2;2;2;2;2;2;2;2;2;2;2;2;2;2;2;2;2;2,5;14;4;3;6;4;12;3;2;6;6;3;3;6;6;12;1;3;4;14,17.66;46.42;17.12;11.71;21.10;14.84;42.85;14.50;8.94;21.10;21.10;12.06;14.50;59.48;21.10;42.85;5.43;11.71;17.12;50.12,1095.5217,972314215636571,972315320748684,1105.112113,38304,3834112,4517312,679,236833,1,c3_14q_pool1,1,1,0,1,block=3 seq=738 cfg=c3_pool attempt=1
c3_14q_pool1-c3-rand20_t4-r3-1789959090,2026-09-20T19:51:30,c3,build_13b440c3_20260918192735,0.001,7de69de,batch,rand20_t4,3,ok,,20,1000;4096;1024;8192;128;8192;4000;1000;1000;128;128;1024;1000;1024;128;4000;10000;8192;1024;400,2;2;2;2;2;2;2;2;2;2;2;2;2;2;2;2;2;2;2;2,5;14;4;3;6;4;12;3;2;6;6;3;3;6;6;12;1;3;4;14,17.66;46.42;17.12;11.71;21.10;14.84;42.85;14.50;8.94;21.10;21.10;12.06;14.50;59.48;21.10;42.85;5.43;11.71;17.12;50.12,1095.5217,972315822226520,972316926617665,1104.391145,38304,3834112,4517312,766,241488,1,c3_14q_pool1,1,1,0,1,block=3 seq=738 cfg=c3_pool attempt=1
c3_14q_pool1-c3-rand20_t4-r4-1789959091,2026-09-20T19:51:31,c3,build_13b440c3_20260918192735,0.001,7de69de,batch,rand20_t4,4,ok,,20,1000;4096;1024;8192;128;8192;4000;1000;1000;128;128;1024;1000;1024;128;4000;10000;8192;1024;400,2;2;2;2;2;2;2;2;2;2;2;2;2;2;2;2;2;2;2;2,5;14;4;3;6;4;12;3;2;6;6;3;3;6;6;12;1;3;4;14,17.66;46.42;17.12;11.71;21.10;14.84;42.85;14.50;8.94;21.10;21.10;12.06;14.50;59.48;21.10;42.85;5.43;11.71;17.12;50.12,1095.5217,972317432288133,972318536677368,1104.389235,38304,3834112,4517312,724,236961,1,c3_14q_pool1,1,1,0,1,block=3 seq=738 cfg=c3_pool attempt=1
c3_14q_pool1-c3-rand10_t3-r-1-1789959094,2026-09-20T19:51:34,c3,build_13b440c3_20260918192735,0.001,7de69de,batch,rand10_t3,-1,ok,,10,400;1000;1024;1024;1024;10000;400;500;4000;10000,2;2;2;2;2;2;2;2;2;2,14;5;5;4;5;1;14;4;12;1,50.12;17.66;18.92;17.12;17.97;5.43;50.12;26.47;42.85;5.43,406.3136,972319672558329,972320083657101,411.098772,19696,2130176,1576384,768,82834,1,c3_14q_pool1,1,1,0,1,block=3 seq=744 cfg=c3_pool attempt=1
c3_14q_pool1-c3-rand10_t3-r0-1789959095,2026-09-20T19:51:35,c3,build_13b440c3_20260918192735,0.001,7de69de,batch,rand10_t3,0,ok,,10,400;1000;1024;1024;1024;10000;400;500;4000;10000,2;2;2;2;2;2;2;2;2;2,14;5;5;4;5;1;14;4;12;1,50.12;17.66;18.92;17.12;17.97;5.43;50.12;26.47;42.85;5.43,406.3136,972320571741082,972320982839694,411.098612,19696,2130176,1576384,669,84439,1,c3_14q_pool1,1,1,0,1,block=3 seq=744 cfg=c3_pool attempt=1
c3_14q_pool1-c3-rand10_t3-r1-1789959095,2026-09-20T19:51:35,c3,build_13b440c3_20260918192735,0.001,7de69de,batch,rand10_t3,1,ok,,10,400;1000;1024;1024;1024;10000;400;500;4000;10000,2;2;2;2;2;2;2;2;2;2,14;5;5;4;5;1;14;4;12;1,50.12;17.66;18.92;17.12;17.97;5.43;50.12;26.47;42.85;5.43,406.3136,972321472417810,972321883510732,411.092922,19696,2130176,1576384,873,83698,1,c3_14q_pool1,1,1,0,1,block=3 seq=744 cfg=c3_pool attempt=1
c3_14q_pool1-c3-rand10_t3-r2-1789959096,2026-09-20T19:51:36,c3,build_13b440c3_20260918192735,0.001,7de69de,batch,rand10_t3,2,ok,,10,400;1000;1024;1024;1024;10000;400;500;4000;10000,2;2;2;2;2;2;2;2;2;2,14;5;5;4;5;1;14;4;12;1,50.12;17.66;18.92;17.12;17.97;5.43;50.12;26.47;42.85;5.43,406.3136,972322371688825,972322782789756,411.100931,19696,2130176,1576384,856,83727,1,c3_14q_pool1,1,1,0,1,block=3 seq=744 cfg=c3_pool attempt=1
c3_14q_pool1-c3-rand10_t3-r3-1789959097,2026-09-20T19:51:37,c3,build_13b440c3_20260918192735,0.001,7de69de,batch,rand10_t3,3,ok,,10,400;1000;1024;1024;1024;10000;400;500;4000;10000,2;2;2;2;2;2;2;2;2;2,14;5;5;4;5;1;14;4;12;1,50.12;17.66;18.92;17.12;17.97;5.43;50.12;26.47;42.85;5.43,406.3136,972323272380563,972323683477954,411.097391,19696,2130176,1576384,901,85422,1,c3_14q_pool1,1,1,0,1,block=3 seq=744 cfg=c3_pool attempt=1
c3_14q_pool1-c3-rand10_t3-r4-1789959098,2026-09-20T19:51:38,c3,build_13b440c3_20260918192735,0.001,7de69de,batch,rand10_t3,4,ok,,10,400;1000;1024;1024;1024;10000;400;500;4000;10000,2;2;2;2;2;2;2;2;2;2,14;5;5;4;5;1;14;4;12;1,50.12;17.66;18.92;17.12;17.97;5.43;50.12;26.47;42.85;5.43,406.3136,972324172911860,972324584018751,411.106891,19696,2130176,1576384,689,82499,1,c3_14q_pool1,1,1,0,1,block=3 seq=744 cfg=c3_pool attempt=1
c3_14q_pool1-c3-qaoa12_x30-r-1-1789959100,2026-09-20T19:51:40,c3,build_13b440c3_20260918192735,0.001,7de69de,batch,qaoa12_x30,-1,ok,,30,10000;10000;10000;10000;10000;10000;10000;10000;10000;10000;10000;10000;10000;10000;10000;10000;10000;10000;10000;10000;10000;10000;10000;10000;10000;10000;10000;10000;10000;10000,2;2;2;2;2;2;2;2;2;2;2;2;2;2;2;2;2;2;2;2;2;2;2;2;2;2;2;2;2;2,12;12;12;12;12;12;12;12;12;12;12;12;12;12;12;12;12;12;12;12;12;12;12;12;12;12;12;12;12;12,43.24;43.24;43.24;43.24;43.24;43.24;43.24;43.24;43.24;43.24;43.24;43.24;43.24;43.24;43.24;43.24;43.24;43.24;43.24;43.24;43.24;43.24;43.24;43.24;43.24;43.24;43.24;43.24;43.24;43.24,12972.0000,972325691966302,972338711078254,13019.111952,101760,11796736,57600000,874,3057053,1,c3_14q_pool1,1,1,0,1,block=3 seq=750 cfg=c3_pool attempt=1
c3_14q_pool1-c3-qaoa12_x30-r0-1789959113,2026-09-20T19:51:53,c3,build_13b440c3_20260918192735,0.001,7de69de,batch,qaoa12_x30,0,ok,,30,10000;10000;10000;10000;10000;10000;10000;10000;10000;10000;10000;10000;10000;10000;10000;10000;10000;10000;10000;10000;10000;10000;10000;10000;10000;10000;10000;10000;10000;10000,2;2;2;2;2;2;2;2;2;2;2;2;2;2;2;2;2;2;2;2;2;2;2;2;2;2;2;2;2;2,12;12;12;12;12;12;12;12;12;12;12;12;12;12;12;12;12;12;12;12;12;12;12;12;12;12;12;12;12;12,43.24;43.24;43.24;43.24;43.24;43.24;43.24;43.24;43.24;43.24;43.24;43.24;43.24;43.24;43.24;43.24;43.24;43.24;43.24;43.24;43.24;43.24;43.24;43.24;43.24;43.24;43.24;43.24;43.24;43.24,12972.0000,972339279966644,972352299082635,13019.115991,101760,11796736,57600000,900,3058877,1,c3_14q_pool1,1,1,0,1,block=3 seq=750 cfg=c3_pool attempt=1
c3_14q_pool1-c3-qaoa12_x30-r1-1789959127,2026-09-20T19:52:07,c3,build_13b440c3_20260918192735,0.001,7de69de,batch,qaoa12_x30,1,ok,,30,10000;10000;10000;10000;10000;10000;10000;10000;10000;10000;10000;10000;10000;10000;10000;10000;10000;10000;10000;10000;10000;10000;10000;10000;10000;10000;10000;10000;10000;10000,2;2;2;2;2;2;2;2;2;2;2;2;2;2;2;2;2;2;2;2;2;2;2;2;2;2;2;2;2;2,12;12;12;12;12;12;12;12;12;12;12;12;12;12;12;12;12;12;12;12;12;12;12;12;12;12;12;12;12;12,43.24;43.24;43.24;43.24;43.24;43.24;43.24;43.24;43.24;43.24;43.24;43.24;43.24;43.24;43.24;43.24;43.24;43.24;43.24;43.24;43.24;43.24;43.24;43.24;43.24;43.24;43.24;43.24;43.24;43.24,12972.0000,972352868418169,972365887534021,13019.115852,101760,11796736,57600000,996,3061567,1,c3_14q_pool1,1,1,0,1,block=3 seq=750 cfg=c3_pool attempt=1
c3_14q_pool1-c3-qaoa12_x30-r2-1789959140,2026-09-20T19:52:20,c3,build_13b440c3_20260918192735,0.001,7de69de,batch,qaoa12_x30,2,ok,,30,10000;10000;10000;10000;10000;10000;10000;10000;10000;10000;10000;10000;10000;10000;10000;10000;10000;10000;10000;10000;10000;10000;10000;10000;10000;10000;10000;10000;10000;10000,2;2;2;2;2;2;2;2;2;2;2;2;2;2;2;2;2;2;2;2;2;2;2;2;2;2;2;2;2;2,12;12;12;12;12;12;12;12;12;12;12;12;12;12;12;12;12;12;12;12;12;12;12;12;12;12;12;12;12;12,43.24;43.24;43.24;43.24;43.24;43.24;43.24;43.24;43.24;43.24;43.24;43.24;43.24;43.24;43.24;43.24;43.24;43.24;43.24;43.24;43.24;43.24;43.24;43.24;43.24;43.24;43.24;43.24;43.24;43.24,12972.0000,972366454306939,972379473425111,13019.118172,101760,11796736,57600000,1008,3051846,1,c3_14q_pool1,1,1,0,1,block=3 seq=750 cfg=c3_pool attempt=1
c3_14q_pool1-c3-qaoa12_x30-r3-1789959154,2026-09-20T19:52:34,c3,build_13b440c3_20260918192735,0.001,7de69de,batch,qaoa12_x30,3,ok,,30,10000;10000;10000;10000;10000;10000;10000;10000;10000;10000;10000;10000;10000;10000;10000;10000;10000;10000;10000;10000;10000;10000;10000;10000;10000;10000;10000;10000;10000;10000,2;2;2;2;2;2;2;2;2;2;2;2;2;2;2;2;2;2;2;2;2;2;2;2;2;2;2;2;2;2,12;12;12;12;12;12;12;12;12;12;12;12;12;12;12;12;12;12;12;12;12;12;12;12;12;12;12;12;12;12,43.24;43.24;43.24;43.24;43.24;43.24;43.24;43.24;43.24;43.24;43.24;43.24;43.24;43.24;43.24;43.24;43.24;43.24;43.24;43.24;43.24;43.24;43.24;43.24;43.24;43.24;43.24;43.24;43.24;43.24,12972.0000,972380042870426,972393061981158,13019.110732,101760,11796736,57600000,814,3054025,1,c3_14q_pool1,1,1,0,1,block=3 seq=750 cfg=c3_pool attempt=1
c3_14q_pool1-c3-qaoa12_x30-r4-1789959168,2026-09-20T19:52:48,c3,build_13b440c3_20260918192735,0.001,7de69de,batch,qaoa12_x30,4,ok,,30,10000;10000;10000;10000;10000;10000;10000;10000;10000;10000;10000;10000;10000;10000;10000;10000;10000;10000;10000;10000;10000;10000;10000;10000;10000;10000;10000;10000;10000;10000,2;2;2;2;2;2;2;2;2;2;2;2;2;2;2;2;2;2;2;2;2;2;2;2;2;2;2;2;2;2,12;12;12;12;12;12;12;12;12;12;12;12;12;12;12;12;12;12;12;12;12;12;12;12;12;12;12;12;12;12,43.24;43.24;43.24;43.24;43.24;43.24;43.24;43.24;43.24;43.24;43.24;43.24;43.24;43.24;43.24;43.24;43.24;43.24;43.24;43.24;43.24;43.24;43.24;43.24;43.24;43.24;43.24;43.24;43.24;43.24,12972.0000,972393625671935,972406644785017,13019.113082,101760,11796736,57600000,1068,3065952,1,c3_14q_pool1,1,1,0,1,block=3 seq=750 cfg=c3_pool attempt=1
c3_14q_pool1-c3-rand30_t3-r-1-1789959182,2026-09-20T19:53:02,c3,build_13b440c3_20260918192735,0.001,7de69de,batch,rand30_t3,-1,ok,,30,1024;500;8192;1024;24576;1024;128;10000;4096;32;128;1000;32;1024;10000;1000;8192;1024;500;8192;400;10000;4096;1000;1000;24576;1000;32;400;8192,2;2;2;2;2;2;2;2;2;2;2;2;2;2;2;2;2;2;2;2;2;2;2;2;2;2;2;2;2;2,6;4;4;5;2;3;6;1;14;8;6;3;8;6;12;2;3;5;4;4;14;12;14;3;2;2;3;8;14;3,59.48;26.47;14.84;18.92;8.58;12.06;21.10;5.43;46.42;27.36;21.10;14.50;27.36;59.48;43.24;8.94;11.71;18.92;26.47;14.84;50.12;43.24;46.42;14.50;8.94;8.58;14.50;27.36;50.12;11.71,2465.2663,972407925313094,972410411375289,2486.062195,67600,5931264,10115968,662,536891,1,c3_14q_pool1,1,1,0,1,block=3 seq=756 cfg=c3_pool attempt=1
c3_14q_pool1-c3-rand30_t3-r0-1789959185,2026-09-20T19:53:05,c3,build_13b440c3_20260918192735,0.001,7de69de,batch,rand30_t3,0,ok,,30,1024;500;8192;1024;24576;1024;128;10000;4096;32;128;1000;32;1024;10000;1000;8192;1024;500;8192;400;10000;4096;1000;1000;24576;1000;32;400;8192,2;2;2;2;2;2;2;2;2;2;2;2;2;2;2;2;2;2;2;2;2;2;2;2;2;2;2;2;2;2,6;4;4;5;2;3;6;1;14;8;6;3;8;6;12;2;3;5;4;4;14;12;14;3;2;2;3;8;14;3,59.48;26.47;14.84;18.92;8.58;12.06;21.10;5.43;46.42;27.36;21.10;14.50;27.36;59.48;43.24;8.94;11.71;18.92;26.47;14.84;50.12;43.24;46.42;14.50;8.94;8.58;14.50;27.36;50.12;11.71,2465.2663,972410931717493,972413417772727,2486.055234,67600,5931264,10115968,1069,542364,1,c3_14q_pool1,1,1,0,1,block=3 seq=756 cfg=c3_pool attempt=1
c3_14q_pool1-c3-rand30_t3-r1-1789959188,2026-09-20T19:53:08,c3,build_13b440c3_20260918192735,0.001,7de69de,batch,rand30_t3,1,ok,,30,1024;500;8192;1024;24576;1024;128;10000;4096;32;128;1000;32;1024;10000;1000;8192;1024;500;8192;400;10000;4096;1000;1000;24576;1000;32;400;8192,2;2;2;2;2;2;2;2;2;2;2;2;2;2;2;2;2;2;2;2;2;2;2;2;2;2;2;2;2;2,6;4;4;5;2;3;6;1;14;8;6;3;8;6;12;2;3;5;4;4;14;12;14;3;2;2;3;8;14;3,59.48;26.47;14.84;18.92;8.58;12.06;21.10;5.43;46.42;27.36;21.10;14.50;27.36;59.48;43.24;8.94;11.71;18.92;26.47;14.84;50.12;43.24;46.42;14.50;8.94;8.58;14.50;27.36;50.12;11.71,2465.2663,972413936440745,972416422496789,2486.056044,67600,5931264,10115968,645,538601,1,c3_14q_pool1,1,1,0,1,block=3 seq=756 cfg=c3_pool attempt=1
c3_14q_pool1-c3-rand30_t3-r2-1789959191,2026-09-20T19:53:11,c3,build_13b440c3_20260918192735,0.001,7de69de,batch,rand30_t3,2,ok,,30,1024;500;8192;1024;24576;1024;128;10000;4096;32;128;1000;32;1024;10000;1000;8192;1024;500;8192;400;10000;4096;1000;1000;24576;1000;32;400;8192,2;2;2;2;2;2;2;2;2;2;2;2;2;2;2;2;2;2;2;2;2;2;2;2;2;2;2;2;2;2,6;4;4;5;2;3;6;1;14;8;6;3;8;6;12;2;3;5;4;4;14;12;14;3;2;2;3;8;14;3,59.48;26.47;14.84;18.92;8.58;12.06;21.10;5.43;46.42;27.36;21.10;14.50;27.36;59.48;43.24;8.94;11.71;18.92;26.47;14.84;50.12;43.24;46.42;14.50;8.94;8.58;14.50;27.36;50.12;11.71,2465.2663,972416939461460,972419425517014,2486.055554,67600,5931264,10115968,891,533715,1,c3_14q_pool1,1,1,0,1,block=3 seq=756 cfg=c3_pool attempt=1
c3_14q_pool1-c3-rand30_t3-r3-1789959194,2026-09-20T19:53:14,c3,build_13b440c3_20260918192735,0.001,7de69de,batch,rand30_t3,3,ok,,30,1024;500;8192;1024;24576;1024;128;10000;4096;32;128;1000;32;1024;10000;1000;8192;1024;500;8192;400;10000;4096;1000;1000;24576;1000;32;400;8192,2;2;2;2;2;2;2;2;2;2;2;2;2;2;2;2;2;2;2;2;2;2;2;2;2;2;2;2;2;2,6;4;4;5;2;3;6;1;14;8;6;3;8;6;12;2;3;5;4;4;14;12;14;3;2;2;3;8;14;3,59.48;26.47;14.84;18.92;8.58;12.06;21.10;5.43;46.42;27.36;21.10;14.50;27.36;59.48;43.24;8.94;11.71;18.92;26.47;14.84;50.12;43.24;46.42;14.50;8.94;8.58;14.50;27.36;50.12;11.71,2465.2663,972419940034840,972422426094455,2486.059615,67600,5931264,10115968,679,536549,1,c3_14q_pool1,1,1,0,1,block=3 seq=756 cfg=c3_pool attempt=1
c3_14q_pool1-c3-rand30_t3-r4-1789959197,2026-09-20T19:53:17,c3,build_13b440c3_20260918192735,0.001,7de69de,batch,rand30_t3,4,ok,,30,1024;500;8192;1024;24576;1024;128;10000;4096;32;128;1000;32;1024;10000;1000;8192;1024;500;8192;400;10000;4096;1000;1000;24576;1000;32;400;8192,2;2;2;2;2;2;2;2;2;2;2;2;2;2;2;2;2;2;2;2;2;2;2;2;2;2;2;2;2;2,6;4;4;5;2;3;6;1;14;8;6;3;8;6;12;2;3;5;4;4;14;12;14;3;2;2;3;8;14;3,59.48;26.47;14.84;18.92;8.58;12.06;21.10;5.43;46.42;27.36;21.10;14.50;27.36;59.48;43.24;8.94;11.71;18.92;26.47;14.84;50.12;43.24;46.42;14.50;8.94;8.58;14.50;27.36;50.12;11.71,2465.2663,972422941608881,972425427669255,2486.060374,67600,5931264,10115968,969,539150,1,c3_14q_pool1,1,1,0,1,block=3 seq=756 cfg=c3_pool attempt=1
c3_14q_pool1-c3-rand10_t2-r-1-1789959201,2026-09-20T19:53:21,c3,build_13b440c3_20260918192735,0.001,7de69de,batch,rand10_t2,-1,ok,,10,400;4096;8192;1000;1024;8192;8192;8192;400;500,2;2;2;2;2;2;2;2;2;2,14;14;4;2;4;4;3;3;14;4,50.12;46.42;14.84;8.94;17.12;14.84;11.71;11.71;50.12;26.47,705.0523,972426563542636,972427275104192,711.561556,20128,2162944,3061248,598,164018,1,c3_14q_pool1,1,1,0,1,block=3 seq=762 cfg=c3_pool attempt=1
c3_14q_pool1-c3-rand10_t2-r0-1789959202,2026-09-20T19:53:22,c3,build_13b440c3_20260918192735,0.001,7de69de,batch,rand10_t2,0,ok,,10,400;4096;8192;1000;1024;8192;8192;8192;400;500,2;2;2;2;2;2;2;2;2;2,14;14;4;2;4;4;3;3;14;4,50.12;46.42;14.84;8.94;17.12;14.84;11.71;11.71;50.12;26.47,705.0523,972427750350445,972428461917722,711.567277,20128,2162944,3061248,683,162951,1,c3_14q_pool1,1,1,0,1,block=3 seq=762 cfg=c3_pool attempt=1
c3_14q_pool1-c3-rand10_t2-r1-1789959203,2026-09-20T19:53:23,c3,build_13b440c3_20260918192735,0.001,7de69de,batch,rand10_t2,1,ok,,10,400;4096;8192;1000;1024;8192;8192;8192;400;500,2;2;2;2;2;2;2;2;2;2,14;14;4;2;4;4;3;3;14;4,50.12;46.42;14.84;8.94;17.12;14.84;11.71;11.71;50.12;26.47,705.0523,972428944778822,972429656344438,711.565616,20128,2162944,3061248,652,161679,1,c3_14q_pool1,1,1,0,1,block=3 seq=762 cfg=c3_pool attempt=1
c3_14q_pool1-c3-rand10_t2-r2-1789959204,2026-09-20T19:53:24,c3,build_13b440c3_20260918192735,0.001,7de69de,batch,rand10_t2,2,ok,,10,400;4096;8192;1000;1024;8192;8192;8192;400;500,2;2;2;2;2;2;2;2;2;2,14;14;4;2;4;4;3;3;14;4,50.12;46.42;14.84;8.94;17.12;14.84;11.71;11.71;50.12;26.47,705.0523,972430137439100,972430849002167,711.563067,20128,2162944,3061248,638,161915,1,c3_14q_pool1,1,1,0,1,block=3 seq=762 cfg=c3_pool attempt=1
c3_14q_pool1-c3-rand10_t2-r3-1789959205,2026-09-20T19:53:25,c3,build_13b440c3_20260918192735,0.001,7de69de,batch,rand10_t2,3,ok,,10,400;4096;8192;1000;1024;8192;8192;8192;400;500,2;2;2;2;2;2;2;2;2;2,14;14;4;2;4;4;3;3;14;4,50.12;46.42;14.84;8.94;17.12;14.84;11.71;11.71;50.12;26.47,705.0523,972431329511263,972432041071609,711.560346,20128,2162944,3061248,658,164681,1,c3_14q_pool1,1,1,0,1,block=3 seq=762 cfg=c3_pool attempt=1
c3_14q_pool1-c3-rand10_t2-r4-1789959207,2026-09-20T19:53:27,c3,build_13b440c3_20260918192735,0.001,7de69de,batch,rand10_t2,4,ok,,10,400;4096;8192;1000;1024;8192;8192;8192;400;500,2;2;2;2;2;2;2;2;2;2,14;14;4;2;4;4;3;3;14;4,50.12;46.42;14.84;8.94;17.12;14.84;11.71;11.71;50.12;26.47,705.0523,972432520124071,972433231682977,711.558906,20128,2162944,3061248,677,163592,1,c3_14q_pool1,1,1,0,1,block=3 seq=762 cfg=c3_pool attempt=1
c3_14q_pool1-c3-rand30_t8-r-1-1789959208,2026-09-20T19:53:28,c3,build_13b440c3_20260918192735,0.001,7de69de,batch,rand30_t8,-1,ok,,30,400;1024;4000;24576;8192;4096;1024;1024;1000;8192;4096;500;4000;10000;4000;500;4000;1024;10000;8192;128;1024;1024;8192;400;400;4000;1024;500;400,2;2;2;2;2;2;2;2;2;2;2;2;2;2;2;2;2;2;2;2;2;2;2;2;2;2;2;2;2;2,14;4;2;2;4;14;4;5;5;3;14;4;2;12;12;4;2;4;12;4;6;5;5;4;14;14;2;4;4;14,50.12;17.12;8.58;8.58;14.84;46.42;17.12;17.97;17.66;11.71;46.42;26.47;8.58;43.24;42.85;26.47;8.58;17.12;43.24;14.84;21.10;17.97;18.92;14.84;50.12;50.12;8.58;17.12;26.47;50.12,2492.0956,972434432052053,972436942582412,2510.530359,60080,6521088,10729920,865,573401,1,c3_14q_pool1,1,1,0,1,block=3 seq=768 cfg=c3_pool attempt=1
c3_14q_pool1-c3-rand30_t8-r0-1789959211,2026-09-20T19:53:31,c3,build_13b440c3_20260918192735,0.001,7de69de,batch,rand30_t8,0,ok,,30,400;1024;4000;24576;8192;4096;1024;1024;1000;8192;4096;500;4000;10000;4000;500;4000;1024;10000;8192;128;1024;1024;8192;400;400;4000;1024;500;400,2;2;2;2;2;2;2;2;2;2;2;2;2;2;2;2;2;2;2;2;2;2;2;2;2;2;2;2;2;2,14;4;2;2;4;14;4;5;5;3;14;4;2;12;12;4;2;4;12;4;6;5;5;4;14;14;2;4;4;14,50.12;17.12;8.58;8.58;14.84;46.42;17.12;17.97;17.66;11.71;46.42;26.47;8.58;43.24;42.85;26.47;8.58;17.12;43.24;14.84;21.10;17.97;18.92;14.84;50.12;50.12;8.58;17.12;26.47;50.12,2492.0956,972437471318040,972439981842569,2510.524529,60080,6521088,10729920,688,569935,1,c3_14q_pool1,1,1,0,1,block=3 seq=768 cfg=c3_pool attempt=1
c3_14q_pool1-c3-rand30_t8-r1-1789959215,2026-09-20T19:53:35,c3,build_13b440c3_20260918192735,0.001,7de69de,batch,rand30_t8,1,ok,,30,400;1024;4000;24576;8192;4096;1024;1024;1000;8192;4096;500;4000;10000;4000;500;4000;1024;10000;8192;128;1024;1024;8192;400;400;4000;1024;500;400,2;2;2;2;2;2;2;2;2;2;2;2;2;2;2;2;2;2;2;2;2;2;2;2;2;2;2;2;2;2,14;4;2;2;4;14;4;5;5;3;14;4;2;12;12;4;2;4;12;4;6;5;5;4;14;14;2;4;4;14,50.12;17.12;8.58;8.58;14.84;46.42;17.12;17.97;17.66;11.71;46.42;26.47;8.58;43.24;42.85;26.47;8.58;17.12;43.24;14.84;21.10;17.97;18.92;14.84;50.12;50.12;8.58;17.12;26.47;50.12,2492.0956,972440511413026,972443021934955,2510.521929,60080,6521088,10729920,833,566399,1,c3_14q_pool1,1,1,0,1,block=3 seq=768 cfg=c3_pool attempt=1
c3_14q_pool1-c3-rand30_t8-r2-1789959218,2026-09-20T19:53:38,c3,build_13b440c3_20260918192735,0.001,7de69de,batch,rand30_t8,2,ok,,30,400;1024;4000;24576;8192;4096;1024;1024;1000;8192;4096;500;4000;10000;4000;500;4000;1024;10000;8192;128;1024;1024;8192;400;400;4000;1024;500;400,2;2;2;2;2;2;2;2;2;2;2;2;2;2;2;2;2;2;2;2;2;2;2;2;2;2;2;2;2;2,14;4;2;2;4;14;4;5;5;3;14;4;2;12;12;4;2;4;12;4;6;5;5;4;14;14;2;4;4;14,50.12;17.12;8.58;8.58;14.84;46.42;17.12;17.97;17.66;11.71;46.42;26.47;8.58;43.24;42.85;26.47;8.58;17.12;43.24;14.84;21.10;17.97;18.92;14.84;50.12;50.12;8.58;17.12;26.47;50.12,2492.0956,972443690722424,972446201242143,2510.519719,60080,6521088,10729920,989,572978,1,c3_14q_pool1,1,1,0,1,block=3 seq=768 cfg=c3_pool attempt=1
c3_14q_pool1-c3-rand30_t8-r3-1789959221,2026-09-20T19:53:41,c3,build_13b440c3_20260918192735,0.001,7de69de,batch,rand30_t8,3,ok,,30,400;1024;4000;24576;8192;4096;1024;1024;1000;8192;4096;500;4000;10000;4000;500;4000;1024;10000;8192;128;1024;1024;8192;400;400;4000;1024;500;400,2;2;2;2;2;2;2;2;2;2;2;2;2;2;2;2;2;2;2;2;2;2;2;2;2;2;2;2;2;2,14;4;2;2;4;14;4;5;5;3;14;4;2;12;12;4;2;4;12;4;6;5;5;4;14;14;2;4;4;14,50.12;17.12;8.58;8.58;14.84;46.42;17.12;17.97;17.66;11.71;46.42;26.47;8.58;43.24;42.85;26.47;8.58;17.12;43.24;14.84;21.10;17.97;18.92;14.84;50.12;50.12;8.58;17.12;26.47;50.12,2492.0956,972446730567687,972449241090376,2510.522689,60080,6521088,10729920,861,570725,1,c3_14q_pool1,1,1,0,1,block=3 seq=768 cfg=c3_pool attempt=1
c3_14q_pool1-c3-rand30_t8-r4-1789959224,2026-09-20T19:53:44,c3,build_13b440c3_20260918192735,0.001,7de69de,batch,rand30_t8,4,ok,,30,400;1024;4000;24576;8192;4096;1024;1024;1000;8192;4096;500;4000;10000;4000;500;4000;1024;10000;8192;128;1024;1024;8192;400;400;4000;1024;500;400,2;2;2;2;2;2;2;2;2;2;2;2;2;2;2;2;2;2;2;2;2;2;2;2;2;2;2;2;2;2,14;4;2;2;4;14;4;5;5;3;14;4;2;12;12;4;2;4;12;4;6;5;5;4;14;14;2;4;4;14,50.12;17.12;8.58;8.58;14.84;46.42;17.12;17.97;17.66;11.71;46.42;26.47;8.58;43.24;42.85;26.47;8.58;17.12;43.24;14.84;21.10;17.97;18.92;14.84;50.12;50.12;8.58;17.12;26.47;50.12,2492.0956,972449770007306,972452280535076,2510.52777,60080,6521088,10729920,1081,567130,1,c3_14q_pool1,1,1,0,1,block=3 seq=768 cfg=c3_pool attempt=1
c3_14q_pool1-c3-rand20_t6-r-1-1789959227,2026-09-20T19:53:47,c3,build_13b440c3_20260918192735,0.001,7de69de,batch,rand20_t6,-1,ok,,20,1024;10000;1024;1000;8192;10000;1024;4000;1000;1024;8192;1000;10000;4096;1000;4000;4000;1000;10000;500,2;2;2;2;2;2;2;2;2;2;2;2;2;2;2;2;2;2;2;2,4;1;5;5;3;1;5;12;2;4;3;2;1;14;3;2;12;3;1;4,17.12;5.43;18.92;17.66;11.71;5.43;18.92;42.85;8.94;17.12;11.71;8.94;5.43;46.42;14.50;8.58;42.85;14.50;5.43;26.47,1127.9741,972453422681219,972454563571039,1140.88982,24752,2851072,4534464,977,236619,1,c3_14q_pool1,1,1,0,1,block=3 seq=774 cfg=c3_pool attempt=1
c3_14q_pool1-c3-rand20_t6-r0-1789959229,2026-09-20T19:53:49,c3,build_13b440c3_20260918192735,0.001,7de69de,batch,rand20_t6,0,ok,,20,1024;10000;1024;1000;8192;10000;1024;4000;1000;1024;8192;1000;10000;4096;1000;4000;4000;1000;10000;500,2;2;2;2;2;2;2;2;2;2;2;2;2;2;2;2;2;2;2;2,4;1;5;5;3;1;5;12;2;4;3;2;1;14;3;2;12;3;1;4,17.12;5.43;18.92;17.66;11.71;5.43;18.92;42.85;8.94;17.12;11.71;8.94;5.43;46.42;14.50;8.58;42.85;14.50;5.43;26.47,1127.9741,972455049980584,972456190873105,1140.892521,24752,2851072,4534464,956,240213,1,c3_14q_pool1,1,1,0,1,block=3 seq=774 cfg=c3_pool attempt=1
c3_14q_pool1-c3-rand20_t6-r1-1789959231,2026-09-20T19:53:51,c3,build_13b440c3_20260918192735,0.001,7de69de,batch,rand20_t6,1,ok,,20,1024;10000;1024;1000;8192;10000;1024;4000;1000;1024;8192;1000;10000;4096;1000;4000;4000;1000;10000;500,2;2;2;2;2;2;2;2;2;2;2;2;2;2;2;2;2;2;2;2,4;1;5;5;3;1;5;12;2;4;3;2;1;14;3;2;12;3;1;4,17.12;5.43;18.92;17.66;11.71;5.43;18.92;42.85;8.94;17.12;11.71;8.94;5.43;46.42;14.50;8.58;42.85;14.50;5.43;26.47,1127.9741,972456677687904,972457818578995,1140.891091,24752,2851072,4534464,495,239348,1,c3_14q_pool1,1,1,0,1,block=3 seq=774 cfg=c3_pool attempt=1
c3_14q_pool1-c3-rand20_t6-r2-1789959232,2026-09-20T19:53:52,c3,build_13b440c3_20260918192735,0.001,7de69de,batch,rand20_t6,2,ok,,20,1024;10000;1024;1000;8192;10000;1024;4000;1000;1024;8192;1000;10000;4096;1000;4000;4000;1000;10000;500,2;2;2;2;2;2;2;2;2;2;2;2;2;2;2;2;2;2;2;2,4;1;5;5;3;1;5;12;2;4;3;2;1;14;3;2;12;3;1;4,17.12;5.43;18.92;17.66;11.71;5.43;18.92;42.85;8.94;17.12;11.71;8.94;5.43;46.42;14.50;8.58;42.85;14.50;5.43;26.47,1127.9741,972458302686516,972459443592817,1140.906301,24752,2851072,4534464,810,239423,1,c3_14q_pool1,1,1,0,1,block=3 seq=774 cfg=c3_pool attempt=1
c3_14q_pool1-c3-rand20_t6-r3-1789959234,2026-09-20T19:53:54,c3,build_13b440c3_20260918192735,0.001,7de69de,batch,rand20_t6,3,ok,,20,1024;10000;1024;1000;8192;10000;1024;4000;1000;1024;8192;1000;10000;4096;1000;4000;4000;1000;10000;500,2;2;2;2;2;2;2;2;2;2;2;2;2;2;2;2;2;2;2;2,4;1;5;5;3;1;5;12;2;4;3;2;1;14;3;2;12;3;1;4,17.12;5.43;18.92;17.66;11.71;5.43;18.92;42.85;8.94;17.12;11.71;8.94;5.43;46.42;14.50;8.58;42.85;14.50;5.43;26.47,1127.9741,972459926067693,972461066957503,1140.88981,24752,2851072,4534464,990,241710,1,c3_14q_pool1,1,1,0,1,block=3 seq=774 cfg=c3_pool attempt=1
c3_14q_pool1-c3-rand20_t6-r4-1789959236,2026-09-20T19:53:56,c3,build_13b440c3_20260918192735,0.001,7de69de,batch,rand20_t6,4,ok,,20,1024;10000;1024;1000;8192;10000;1024;4000;1000;1024;8192;1000;10000;4096;1000;4000;4000;1000;10000;500,2;2;2;2;2;2;2;2;2;2;2;2;2;2;2;2;2;2;2;2,4;1;5;5;3;1;5;12;2;4;3;2;1;14;3;2;12;3;1;4,17.12;5.43;18.92;17.66;11.71;5.43;18.92;42.85;8.94;17.12;11.71;8.94;5.43;46.42;14.50;8.58;42.85;14.50;5.43;26.47,1127.9741,972461549873503,972462690770014,1140.896511,24752,2851072,4534464,806,243340,1,c3_14q_pool1,1,1,0,1,block=3 seq=774 cfg=c3_pool attempt=1
c3_14q_pool1-c3-rand30_t1-r-1-1789959238,2026-09-20T19:53:58,c3,build_13b440c3_20260918192735,0.001,7de69de,batch,rand30_t1,-1,ok,,30,400;1024;10000;4000;4000;4000;1000;400;32;8192;10000;1000;24576;1000;8192;4000;1024;1024;500;1024;1024;1024;1024;4000;1024;1000;1024;1024;4000;128,2;2;2;2;2;2;2;2;2;2;2;2;2;2;2;2;2;2;2;2;2;2;2;2;2;2;2;2;2;2,14;3;12;2;12;12;3;14;8;4;12;3;2;2;4;12;4;3;4;5;4;5;6;2;4;2;4;3;2;6,50.12;12.06;43.24;8.58;42.85;42.85;14.50;50.12;27.36;14.84;43.24;14.50;8.58;8.94;14.84;42.85;17.12;12.06;26.47;17.97;17.12;18.92;59.48;8.58;17.12;8.94;17.12;12.06;8.58;21.10,2245.8436,972463921920478,972466183684479,2261.764001,56720,5669120,9389568,733,501713,1,c3_14q_pool1,1,1,0,1,block=4 seq=780 cfg=c3_pool attempt=1
c3_14q_pool1-c3-rand30_t1-r0-1789959241,2026-09-20T19:54:01,c3,build_13b440c3_20260918192735,0.001,7de69de,batch,rand30_t1,0,ok,,30,400;1024;10000;4000;4000;4000;1000;400;32;8192;10000;1000;24576;1000;8192;4000;1024;1024;500;1024;1024;1024;1024;4000;1024;1000;1024;1024;4000;128,2;2;2;2;2;2;2;2;2;2;2;2;2;2;2;2;2;2;2;2;2;2;2;2;2;2;2;2;2;2,14;3;12;2;12;12;3;14;8;4;12;3;2;2;4;12;4;3;4;5;4;5;6;2;4;2;4;3;2;6,50.12;12.06;43.24;8.58;42.85;42.85;14.50;50.12;27.36;14.84;43.24;14.50;8.58;8.94;14.84;42.85;17.12;12.06;26.47;17.97;17.12;18.92;59.48;8.58;17.12;8.94;17.12;12.06;8.58;21.10,2245.8436,972466699851091,972468961614402,2261.763311,56720,5669120,9389568,735,500151,1,c3_14q_pool1,1,1,0,1,block=4 seq=780 cfg=c3_pool attempt=1
c3_14q_pool1-c3-rand30_t1-r1-1789959243,2026-09-20T19:54:03,c3,build_13b440c3_20260918192735,0.001,7de69de,batch,rand30_t1,1,ok,,30,400;1024;10000;4000;4000;4000;1000;400;32;8192;10000;1000;24576;1000;8192;4000;1024;1024;500;1024;1024;1024;1024;4000;1024;1000;1024;1024;4000;128,2;2;2;2;2;2;2;2;2;2;2;2;2;2;2;2;2;2;2;2;2;2;2;2;2;2;2;2;2;2,14;3;12;2;12;12;3;14;8;4;12;3;2;2;4;12;4;3;4;5;4;5;6;2;4;2;4;3;2;6,50.12;12.06;43.24;8.58;42.85;42.85;14.50;50.12;27.36;14.84;43.24;14.50;8.58;8.94;14.84;42.85;17.12;12.06;26.47;17.97;17.12;18.92;59.48;8.58;17.12;8.94;17.12;12.06;8.58;21.10,2245.8436,972469480025537,972471741794989,2261.769452,56720,5669120,9389568,719,492315,1,c3_14q_pool1,1,1,0,1,block=4 seq=780 cfg=c3_pool attempt=1
c3_14q_pool1-c3-rand30_t1-r2-1789959246,2026-09-20T19:54:06,c3,build_13b440c3_20260918192735,0.001,7de69de,batch,rand30_t1,2,ok,,30,400;1024;10000;4000;4000;4000;1000;400;32;8192;10000;1000;24576;1000;8192;4000;1024;1024;500;1024;1024;1024;1024;4000;1024;1000;1024;1024;4000;128,2;2;2;2;2;2;2;2;2;2;2;2;2;2;2;2;2;2;2;2;2;2;2;2;2;2;2;2;2;2,14;3;12;2;12;12;3;14;8;4;12;3;2;2;4;12;4;3;4;5;4;5;6;2;4;2;4;3;2;6,50.12;12.06;43.24;8.58;42.85;42.85;14.50;50.12;27.36;14.84;43.24;14.50;8.58;8.94;14.84;42.85;17.12;12.06;26.47;17.97;17.12;18.92;59.48;8.58;17.12;8.94;17.12;12.06;8.58;21.10,2245.8436,972472260850630,972474522612641,2261.762011,56720,5669120,9389568,895,501024,1,c3_14q_pool1,1,1,0,1,block=4 seq=780 cfg=c3_pool attempt=1
c3_14q_pool1-c3-rand30_t1-r3-1789959249,2026-09-20T19:54:09,c3,build_13b440c3_20260918192735,0.001,7de69de,batch,rand30_t1,3,ok,,30,400;1024;10000;4000;4000;4000;1000;400;32;8192;10000;1000;24576;1000;8192;4000;1024;1024;500;1024;1024;1024;1024;4000;1024;1000;1024;1024;4000;128,2;2;2;2;2;2;2;2;2;2;2;2;2;2;2;2;2;2;2;2;2;2;2;2;2;2;2;2;2;2,14;3;12;2;12;12;3;14;8;4;12;3;2;2;4;12;4;3;4;5;4;5;6;2;4;2;4;3;2;6,50.12;12.06;43.24;8.58;42.85;42.85;14.50;50.12;27.36;14.84;43.24;14.50;8.58;8.94;14.84;42.85;17.12;12.06;26.47;17.97;17.12;18.92;59.48;8.58;17.12;8.94;17.12;12.06;8.58;21.10,2245.8436,972475039254958,972477301021439,2261.766481,56720,5669120,9389568,685,503065,1,c3_14q_pool1,1,1,0,1,block=4 seq=780 cfg=c3_pool attempt=1
c3_14q_pool1-c3-rand30_t1-r4-1789959252,2026-09-20T19:54:12,c3,build_13b440c3_20260918192735,0.001,7de69de,batch,rand30_t1,4,ok,,30,400;1024;10000;4000;4000;4000;1000;400;32;8192;10000;1000;24576;1000;8192;4000;1024;1024;500;1024;1024;1024;1024;4000;1024;1000;1024;1024;4000;128,2;2;2;2;2;2;2;2;2;2;2;2;2;2;2;2;2;2;2;2;2;2;2;2;2;2;2;2;2;2,14;3;12;2;12;12;3;14;8;4;12;3;2;2;4;12;4;3;4;5;4;5;6;2;4;2;4;3;2;6,50.12;12.06;43.24;8.58;42.85;42.85;14.50;50.12;27.36;14.84;43.24;14.50;8.58;8.94;14.84;42.85;17.12;12.06;26.47;17.97;17.12;18.92;59.48;8.58;17.12;8.94;17.12;12.06;8.58;21.10,2245.8436,972477818881199,972480080644740,2261.763541,56720,5669120,9389568,749,500019,1,c3_14q_pool1,1,1,0,1,block=4 seq=780 cfg=c3_pool attempt=1
c3_14q_pool1-c3-rand20_t9-r-1-1789959255,2026-09-20T19:54:15,c3,build_13b440c3_20260918192735,0.001,7de69de,batch,rand20_t9,-1,ok,,20,1000;1000;500;1024;32;1024;400;8192;128;1024;24576;10000;500;1024;1000;10000;128;24576;8192;4000,2;2;2;2;2;2;2;2;2;2;2;2;2;2;2;2;2;2;2;2,5;3;4;3;8;6;14;3;6;3;2;12;4;3;5;1;6;2;3;12,17.66;14.50;26.47;12.06;27.36;59.48;50.12;11.71;21.10;12.06;8.58;43.24;26.47;12.06;17.66;5.43;21.10;8.58;11.71;42.85,1472.5207,972481284137507,972482772113729,1487.976222,38384,3440896,5770752,973,303691,1,c3_14q_pool1,1,1,0,1,block=4 seq=786 cfg=c3_pool attempt=1
c3_14q_pool1-c3-rand20_t9-r0-1789959257,2026-09-20T19:54:17,c3,build_13b440c3_20260918192735,0.001,7de69de,batch,rand20_t9,0,ok,,20,1000;1000;500;1024;32;1024;400;8192;128;1024;24576;10000;500;1024;1000;10000;128;24576;8192;4000,2;2;2;2;2;2;2;2;2;2;2;2;2;2;2;2;2;2;2;2,5;3;4;3;8;6;14;3;6;3;2;12;4;3;5;1;6;2;3;12,17.66;14.50;26.47;12.06;27.36;59.48;50.12;11.71;21.10;12.06;8.58;43.24;26.47;12.06;17.66;5.43;21.10;8.58;11.71;42.85,1472.5207,972483265788966,972484753767379,1487.978413,38384,3440896,5770752,779,303359,1,c3_14q_pool1,1,1,0,1,block=4 seq=786 cfg=c3_pool attempt=1
c3_14q_pool1-c3-rand20_t9-r1-1789959259,2026-09-20T19:54:19,c3,build_13b440c3_20260918192735,0.001,7de69de,batch,rand20_t9,1,ok,,20,1000;1000;500;1024;32;1024;400;8192;128;1024;24576;10000;500;1024;1000;10000;128;24576;8192;4000,2;2;2;2;2;2;2;2;2;2;2;2;2;2;2;2;2;2;2;2,5;3;4;3;8;6;14;3;6;3;2;12;4;3;5;1;6;2;3;12,17.66;14.50;26.47;12.06;27.36;59.48;50.12;11.71;21.10;12.06;8.58;43.24;26.47;12.06;17.66;5.43;21.10;8.58;11.71;42.85,1472.5207,972485245155693,972486733132135,1487.976442,38384,3440896,5770752,838,307858,1,c3_14q_pool1,1,1,0,1,block=4 seq=786 cfg=c3_pool attempt=1
c3_14q_pool1-c3-rand20_t9-r2-1789959261,2026-09-20T19:54:21,c3,build_13b440c3_20260918192735,0.001,7de69de,batch,rand20_t9,2,ok,,20,1000;1000;500;1024;32;1024;400;8192;128;1024;24576;10000;500;1024;1000;10000;128;24576;8192;4000,2;2;2;2;2;2;2;2;2;2;2;2;2;2;2;2;2;2;2;2,5;3;4;3;8;6;14;3;6;3;2;12;4;3;5;1;6;2;3;12,17.66;14.50;26.47;12.06;27.36;59.48;50.12;11.71;21.10;12.06;8.58;43.24;26.47;12.06;17.66;5.43;21.10;8.58;11.71;42.85,1472.5207,972487227767212,972488715737474,1487.970262,38384,3440896,5770752,714,306709,1,c3_14q_pool1,1,1,0,1,block=4 seq=786 cfg=c3_pool attempt=1
c3_14q_pool1-c3-rand20_t9-r3-1789959263,2026-09-20T19:54:23,c3,build_13b440c3_20260918192735,0.001,7de69de,batch,rand20_t9,3,ok,,20,1000;1000;500;1024;32;1024;400;8192;128;1024;24576;10000;500;1024;1000;10000;128;24576;8192;4000,2;2;2;2;2;2;2;2;2;2;2;2;2;2;2;2;2;2;2;2,5;3;4;3;8;6;14;3;6;3;2;12;4;3;5;1;6;2;3;12,17.66;14.50;26.47;12.06;27.36;59.48;50.12;11.71;21.10;12.06;8.58;43.24;26.47;12.06;17.66;5.43;21.10;8.58;11.71;42.85,1472.5207,972489209341651,972490697318843,1487.977192,38384,3440896,5770752,827,305004,1,c3_14q_pool1,1,1,0,1,block=4 seq=786 cfg=c3_pool attempt=1
c3_14q_pool1-c3-rand20_t9-r4-1789959265,2026-09-20T19:54:25,c3,build_13b440c3_20260918192735,0.001,7de69de,batch,rand20_t9,4,ok,,20,1000;1000;500;1024;32;1024;400;8192;128;1024;24576;10000;500;1024;1000;10000;128;24576;8192;4000,2;2;2;2;2;2;2;2;2;2;2;2;2;2;2;2;2;2;2;2,5;3;4;3;8;6;14;3;6;3;2;12;4;3;5;1;6;2;3;12,17.66;14.50;26.47;12.06;27.36;59.48;50.12;11.71;21.10;12.06;8.58;43.24;26.47;12.06;17.66;5.43;21.10;8.58;11.71;42.85,1472.5207,972491188355944,972492676738721,1488.382777,38384,3440896,5770752,837,307866,1,c3_14q_pool1,1,1,0,1,block=4 seq=786 cfg=c3_pool attempt=1
c3_14q_pool1-c3-rand20_t0-r-1-1789959268,2026-09-20T19:54:28,c3,build_13b440c3_20260918192735,0.001,7de69de,batch,rand20_t0,-1,ok,,20,24576;1000;4096;1024;1024;500;4000;128;32;1024;4000;1024;1024;1000;1024;4000;1024;500;500;1000,2;2;2;2;2;2;2;2;2;2;2;2;2;2;2;2;2;2;2;2,2;5;14;5;3;4;2;6;8;4;12;3;5;2;6;12;3;4;4;2,8.58;17.66;46.42;18.92;12.06;26.47;8.58;21.10;27.36;17.12;42.85;12.06;18.92;8.94;59.48;42.85;12.06;26.47;26.47;8.94,1011.2963,972493860545461,972494880830195,1020.284734,41632,3473664,4034496,696,214190,1,c3_14q_pool1,1,1,0,1,block=4 seq=792 cfg=c3_pool attempt=1
c3_14q_pool1-c3-rand20_t0-r0-1789959269,2026-09-20T19:54:29,c3,build_13b440c3_20260918192735,0.001,7de69de,batch,rand20_t0,0,ok,,20,24576;1000;4096;1024;1024;500;4000;128;32;1024;4000;1024;1024;1000;1024;4000;1024;500;500;1000,2;2;2;2;2;2;2;2;2;2;2;2;2;2;2;2;2;2;2;2,2;5;14;5;3;4;2;6;8;4;12;3;5;2;6;12;3;4;4;2,8.58;17.66;46.42;18.92;12.06;26.47;8.58;21.10;27.36;17.12;42.85;12.06;18.92;8.94;59.48;42.85;12.06;26.47;26.47;8.94,1011.2963,972495416061538,972496435735496,1019.673958,41632,3473664,4034496,430,211764,1,c3_14q_pool1,1,1,0,1,block=4 seq=792 cfg=c3_pool attempt=1
c3_14q_pool1-c3-rand20_t0-r1-1789959271,2026-09-20T19:54:31,c3,build_13b440c3_20260918192735,0.001,7de69de,batch,rand20_t0,1,ok,,20,24576;1000;4096;1024;1024;500;4000;128;32;1024;4000;1024;1024;1000;1024;4000;1024;500;500;1000,2;2;2;2;2;2;2;2;2;2;2;2;2;2;2;2;2;2;2;2,2;5;14;5;3;4;2;6;8;4;12;3;5;2;6;12;3;4;4;2,8.58;17.66;46.42;18.92;12.06;26.47;8.58;21.10;27.36;17.12;42.85;12.06;18.92;8.94;59.48;42.85;12.06;26.47;26.47;8.94,1011.2963,972496927319913,972497946990571,1019.670658,41632,3473664,4034496,749,212508,1,c3_14q_pool1,1,1,0,1,block=4 seq=792 cfg=c3_pool attempt=1
c3_14q_pool1-c3-rand20_t0-r2-1789959272,2026-09-20T19:54:32,c3,build_13b440c3_20260918192735,0.001,7de69de,batch,rand20_t0,2,ok,,20,24576;1000;4096;1024;1024;500;4000;128;32;1024;4000;1024;1024;1000;1024;4000;1024;500;500;1000,2;2;2;2;2;2;2;2;2;2;2;2;2;2;2;2;2;2;2;2,2;5;14;5;3;4;2;6;8;4;12;3;5;2;6;12;3;4;4;2,8.58;17.66;46.42;18.92;12.06;26.47;8.58;21.10;27.36;17.12;42.85;12.06;18.92;8.94;59.48;42.85;12.06;26.47;26.47;8.94,1011.2963,972498435223994,972499454901543,1019.677549,41632,3473664,4034496,694,213938,1,c3_14q_pool1,1,1,0,1,block=4 seq=792 cfg=c3_pool attempt=1
c3_14q_pool1-c3-rand20_t0-r3-1789959274,2026-09-20T19:54:34,c3,build_13b440c3_20260918192735,0.001,7de69de,batch,rand20_t0,3,ok,,20,24576;1000;4096;1024;1024;500;4000;128;32;1024;4000;1024;1024;1000;1024;4000;1024;500;500;1000,2;2;2;2;2;2;2;2;2;2;2;2;2;2;2;2;2;2;2;2,2;5;14;5;3;4;2;6;8;4;12;3;5;2;6;12;3;4;4;2,8.58;17.66;46.42;18.92;12.06;26.47;8.58;21.10;27.36;17.12;42.85;12.06;18.92;8.94;59.48;42.85;12.06;26.47;26.47;8.94,1011.2963,972499945434669,972500965107457,1019.672788,41632,3473664,4034496,1057,213467,1,c3_14q_pool1,1,1,0,1,block=4 seq=792 cfg=c3_pool attempt=1
c3_14q_pool1-c3-rand20_t0-r4-1789959275,2026-09-20T19:54:35,c3,build_13b440c3_20260918192735,0.001,7de69de,batch,rand20_t0,4,ok,,20,24576;1000;4096;1024;1024;500;4000;128;32;1024;4000;1024;1024;1000;1024;4000;1024;500;500;1000,2;2;2;2;2;2;2;2;2;2;2;2;2;2;2;2;2;2;2;2,2;5;14;5;3;4;2;6;8;4;12;3;5;2;6;12;3;4;4;2,8.58;17.66;46.42;18.92;12.06;26.47;8.58;21.10;27.36;17.12;42.85;12.06;18.92;8.94;59.48;42.85;12.06;26.47;26.47;8.94,1011.2963,972501454547392,972502474221391,1019.673999,41632,3473664,4034496,764,211402,1,c3_14q_pool1,1,1,0,1,block=4 seq=792 cfg=c3_pool attempt=1
c3_14q_pool1-c3-rand30_t0-r-1-1789959278,2026-09-20T19:54:38,c3,build_13b440c3_20260918192735,0.001,7de69de,batch,rand30_t0,-1,ok,,30,1024;1024;400;10000;4000;4000;8192;4000;10000;4000;4000;1000;1000;4000;10000;4000;128;500;1000;1024;4000;1024;400;4000;24576;1000;8192;1024;400;4000,2;2;2;2;2;2;2;2;2;2;2;2;2;2;2;2;2;2;2;2;2;2;2;2;2;2;2;2;2;2,6;5;14;1;2;2;4;12;12;12;12;3;3;2;12;12;6;4;2;6;12;4;14;12;2;5;4;6;14;12,59.48;18.92;50.12;5.43;8.58;8.58;14.84;42.85;43.24;42.85;42.85;14.50;14.50;8.58;43.24;42.85;21.10;26.47;8.94;59.48;42.85;17.12;50.12;42.85;8.58;17.66;14.84;59.48;50.12;42.85,3027.4219,972503714267813,972506760891124,3046.623311,85216,7110912,12526272,671,666140,1,c3_14q_pool1,1,1,0,1,block=4 seq=798 cfg=c3_pool attempt=1
c3_14q_pool1-c3-rand30_t0-r0-1789959281,2026-09-20T19:54:41,c3,build_13b440c3_20260918192735,0.001,7de69de,batch,rand30_t0,0,ok,,30,1024;1024;400;10000;4000;4000;8192;4000;10000;4000;4000;1000;1000;4000;10000;4000;128;500;1000;1024;4000;1024;400;4000;24576;1000;8192;1024;400;4000,2;2;2;2;2;2;2;2;2;2;2;2;2;2;2;2;2;2;2;2;2;2;2;2;2;2;2;2;2;2,6;5;14;1;2;2;4;12;12;12;12;3;3;2;12;12;6;4;2;6;12;4;14;12;2;5;4;6;14;12,59.48;18.92;50.12;5.43;8.58;8.58;14.84;42.85;43.24;42.85;42.85;14.50;14.50;8.58;43.24;42.85;21.10;26.47;8.94;59.48;42.85;17.12;50.12;42.85;8.58;17.66;14.84;59.48;50.12;42.85,3027.4219,972507295357060,972510341984961,3046.627901,85216,7110912,12526272,667,661815,1,c3_14q_pool1,1,1,0,1,block=4 seq=798 cfg=c3_pool attempt=1
c3_14q_pool1-c3-rand30_t0-r1-1789959285,2026-09-20T19:54:45,c3,build_13b440c3_20260918192735,0.001,7de69de,batch,rand30_t0,1,ok,,30,1024;1024;400;10000;4000;4000;8192;4000;10000;4000;4000;1000;1000;4000;10000;4000;128;500;1000;1024;4000;1024;400;4000;24576;1000;8192;1024;400;4000,2;2;2;2;2;2;2;2;2;2;2;2;2;2;2;2;2;2;2;2;2;2;2;2;2;2;2;2;2;2,6;5;14;1;2;2;4;12;12;12;12;3;3;2;12;12;6;4;2;6;12;4;14;12;2;5;4;6;14;12,59.48;18.92;50.12;5.43;8.58;8.58;14.84;42.85;43.24;42.85;42.85;14.50;14.50;8.58;43.24;42.85;21.10;26.47;8.94;59.48;42.85;17.12;50.12;42.85;8.58;17.66;14.84;59.48;50.12;42.85,3027.4219,972510877674338,972513924298379,3046.624041,85216,7110912,12526272,429,662730,1,c3_14q_pool1,1,1,0,1,block=4 seq=798 cfg=c3_pool attempt=1
c3_14q_pool1-c3-rand30_t0-r2-1789959288,2026-09-20T19:54:48,c3,build_13b440c3_20260918192735,0.001,7de69de,batch,rand30_t0,2,ok,,30,1024;1024;400;10000;4000;4000;8192;4000;10000;4000;4000;1000;1000;4000;10000;4000;128;500;1000;1024;4000;1024;400;4000;24576;1000;8192;1024;400;4000,2;2;2;2;2;2;2;2;2;2;2;2;2;2;2;2;2;2;2;2;2;2;2;2;2;2;2;2;2;2,6;5;14;1;2;2;4;12;12;12;12;3;3;2;12;12;6;4;2;6;12;4;14;12;2;5;4;6;14;12,59.48;18.92;50.12;5.43;8.58;8.58;14.84;42.85;43.24;42.85;42.85;14.50;14.50;8.58;43.24;42.85;21.10;26.47;8.94;59.48;42.85;17.12;50.12;42.85;8.58;17.66;14.84;59.48;50.12;42.85,3027.4219,972514456230169,972517502858150,3046.627981,85216,7110912,12526272,662,667784,1,c3_14q_pool1,1,1,0,1,block=4 seq=798 cfg=c3_pool attempt=1
c3_14q_pool1-c3-rand30_t0-r3-1789959292,2026-09-20T19:54:52,c3,build_13b440c3_20260918192735,0.001,7de69de,batch,rand30_t0,3,ok,,30,1024;1024;400;10000;4000;4000;8192;4000;10000;4000;4000;1000;1000;4000;10000;4000;128;500;1000;1024;4000;1024;400;4000;24576;1000;8192;1024;400;4000,2;2;2;2;2;2;2;2;2;2;2;2;2;2;2;2;2;2;2;2;2;2;2;2;2;2;2;2;2;2,6;5;14;1;2;2;4;12;12;12;12;3;3;2;12;12;6;4;2;6;12;4;14;12;2;5;4;6;14;12,59.48;18.92;50.12;5.43;8.58;8.58;14.84;42.85;43.24;42.85;42.85;14.50;14.50;8.58;43.24;42.85;21.10;26.47;8.94;59.48;42.85;17.12;50.12;42.85;8.58;17.66;14.84;59.48;50.12;42.85,3027.4219,972518041351966,972521087975877,3046.623911,85216,7110912,12526272,664,665326,1,c3_14q_pool1,1,1,0,1,block=4 seq=798 cfg=c3_pool attempt=1
c3_14q_pool1-c3-rand30_t0-r4-1789959296,2026-09-20T19:54:56,c3,build_13b440c3_20260918192735,0.001,7de69de,batch,rand30_t0,4,ok,,30,1024;1024;400;10000;4000;4000;8192;4000;10000;4000;4000;1000;1000;4000;10000;4000;128;500;1000;1024;4000;1024;400;4000;24576;1000;8192;1024;400;4000,2;2;2;2;2;2;2;2;2;2;2;2;2;2;2;2;2;2;2;2;2;2;2;2;2;2;2;2;2;2,6;5;14;1;2;2;4;12;12;12;12;3;3;2;12;12;6;4;2;6;12;4;14;12;2;5;4;6;14;12,59.48;18.92;50.12;5.43;8.58;8.58;14.84;42.85;43.24;42.85;42.85;14.50;14.50;8.58;43.24;42.85;21.10;26.47;8.94;59.48;42.85;17.12;50.12;42.85;8.58;17.66;14.84;59.48;50.12;42.85,3027.4219,972521619254871,972524665955843,3046.700972,85216,7110912,12526272,830,665130,1,c3_14q_pool1,1,1,0,1,block=4 seq=798 cfg=c3_pool attempt=1
c3_14q_pool1-c3-rand10_t4-r-1-1789959300,2026-09-20T19:55:00,c3,build_13b440c3_20260918192735,0.001,7de69de,batch,rand10_t4,-1,ok,,10,1000;24576;1000;1024;8192;1000;4000;1024;500;1024,2;2;2;2;2;2;2;2;2;2,5;2;3;3;3;3;2;3;4;5,17.66;8.58;14.50;12.06;11.71;14.50;8.58;12.06;26.47;17.97,444.2518,972525466686961,972525917807293,451.120332,9648,1081600,1655488,657,89316,1,c3_14q_pool1,1,1,0,1,block=4 seq=804 cfg=c3_pool attempt=1
c3_14q_pool1-c3-rand10_t4-r0-1789959300,2026-09-20T19:55:00,c3,build_13b440c3_20260918192735,0.001,7de69de,batch,rand10_t4,0,ok,,10,1000;24576;1000;1024;8192;1000;4000;1024;500;1024,2;2;2;2;2;2;2;2;2;2,5;2;3;3;3;3;2;3;4;5,17.66;8.58;14.50;12.06;11.71;14.50;8.58;12.06;26.47;17.97,444.2518,972526097838104,972526548961296,451.123192,9648,1081600,1655488,919,88829,1,c3_14q_pool1,1,1,0,1,block=4 seq=804 cfg=c3_pool attempt=1
c3_14q_pool1-c3-rand10_t4-r1-1789959301,2026-09-20T19:55:01,c3,build_13b440c3_20260918192735,0.001,7de69de,batch,rand10_t4,1,ok,,10,1000;24576;1000;1024;8192;1000;4000;1024;500;1024,2;2;2;2;2;2;2;2;2;2,5;2;3;3;3;3;2;3;4;5,17.66;8.58;14.50;12.06;11.71;14.50;8.58;12.06;26.47;17.97,444.2518,972526729399130,972527180521542,451.122412,9648,1081600,1655488,976,89261,1,c3_14q_pool1,1,1,0,1,block=4 seq=804 cfg=c3_pool attempt=1
c3_14q_pool1-c3-rand10_t4-r2-1789959302,2026-09-20T19:55:02,c3,build_13b440c3_20260918192735,0.001,7de69de,batch,rand10_t4,2,ok,,10,1000;24576;1000;1024;8192;1000;4000;1024;500;1024,2;2;2;2;2;2;2;2;2;2,5;2;3;3;3;3;2;3;4;5,17.66;8.58;14.50;12.06;11.71;14.50;8.58;12.06;26.47;17.97,444.2518,972527364669764,972527815797076,451.127312,9648,1081600,1655488,1081,88306,1,c3_14q_pool1,1,1,0,1,block=4 seq=804 cfg=c3_pool attempt=1
c3_14q_pool1-c3-rand10_t4-r3-1789959302,2026-09-20T19:55:02,c3,build_13b440c3_20260918192735,0.001,7de69de,batch,rand10_t4,3,ok,,10,1000;24576;1000;1024;8192;1000;4000;1024;500;1024,2;2;2;2;2;2;2;2;2;2,5;2;3;3;3;3;2;3;4;5,17.66;8.58;14.50;12.06;11.71;14.50;8.58;12.06;26.47;17.97,444.2518,972527998180360,972528449309562,451.129202,9648,1081600,1655488,672,88488,1,c3_14q_pool1,1,1,0,1,block=4 seq=804 cfg=c3_pool attempt=1
c3_14q_pool1-c3-rand10_t4-r4-1789959303,2026-09-20T19:55:03,c3,build_13b440c3_20260918192735,0.001,7de69de,batch,rand10_t4,4,ok,,10,1000;24576;1000;1024;8192;1000;4000;1024;500;1024,2;2;2;2;2;2;2;2;2;2,5;2;3;3;3;3;2;3;4;5,17.66;8.58;14.50;12.06;11.71;14.50;8.58;12.06;26.47;17.97,444.2518,972528630172621,972529081370744,451.198123,9648,1081600,1655488,732,87109,1,c3_14q_pool1,1,1,0,1,block=4 seq=804 cfg=c3_pool attempt=1
c3_14q_pool1-c3-rand10_t0-r-1-1789959304,2026-09-20T19:55:04,c3,build_13b440c3_20260918192735,0.001,7de69de,batch,rand10_t0,-1,ok,,10,500;24576;1024;1000;1000;4096;4000;8192;128;24576,2;2;2;2;2;2;2;2;2;2,4;2;3;3;5;14;12;3;6;2,26.47;8.58;12.06;14.50;17.66;46.42;42.85;11.71;21.10;8.58,939.8526,972530200463286,972531151191015,950.727729,15376,1769728,3840832,734,202278,1,c3_14q_pool1,1,1,0,1,block=4 seq=810 cfg=c3_pool attempt=1
c3_14q_pool1-c3-rand10_t0-r0-1789959306,2026-09-20T19:55:06,c3,build_13b440c3_20260918192735,0.001,7de69de,batch,rand10_t0,0,ok,,10,500;24576;1024;1000;1000;4096;4000;8192;128;24576,2;2;2;2;2;2;2;2;2;2,4;2;3;3;5;14;12;3;6;2,26.47;8.58;12.06;14.50;17.66;46.42;42.85;11.71;21.10;8.58,939.8526,972531627369448,972532578099626,950.730178,15376,1769728,3840832,1142,203952,1,c3_14q_pool1,1,1,0,1,block=4 seq=810 cfg=c3_pool attempt=1
c3_14q_pool1-c3-rand10_t0-r1-1789959307,2026-09-20T19:55:07,c3,build_13b440c3_20260918192735,0.001,7de69de,batch,rand10_t0,1,ok,,10,500;24576;1024;1000;1000;4096;4000;8192;128;24576,2;2;2;2;2;2;2;2;2;2,4;2;3;3;5;14;12;3;6;2,26.47;8.58;12.06;14.50;17.66;46.42;42.85;11.71;21.10;8.58,939.8526,972533054800604,972534005525983,950.725379,15376,1769728,3840832,550,204181,1,c3_14q_pool1,1,1,0,1,block=4 seq=810 cfg=c3_pool attempt=1
c3_14q_pool1-c3-rand10_t0-r2-1789959309,2026-09-20T19:55:09,c3,build_13b440c3_20260918192735,0.001,7de69de,batch,rand10_t0,2,ok,,10,500;24576;1024;1000;1000;4096;4000;8192;128;24576,2;2;2;2;2;2;2;2;2;2,4;2;3;3;5;14;12;3;6;2,26.47;8.58;12.06;14.50;17.66;46.42;42.85;11.71;21.10;8.58,939.8526,972534478643875,972535429370224,950.726349,15376,1769728,3840832,730,204678,1,c3_14q_pool1,1,1,0,1,block=4 seq=810 cfg=c3_pool attempt=1
c3_14q_pool1-c3-rand10_t0-r3-1789959310,2026-09-20T19:55:10,c3,build_13b440c3_20260918192735,0.001,7de69de,batch,rand10_t0,3,ok,,10,500;24576;1024;1000;1000;4096;4000;8192;128;24576,2;2;2;2;2;2;2;2;2;2,4;2;3;3;5;14;12;3;6;2,26.47;8.58;12.06;14.50;17.66;46.42;42.85;11.71;21.10;8.58,939.8526,972535900891800,972536851613528,950.721728,15376,1769728,3840832,617,203755,1,c3_14q_pool1,1,1,0,1,block=4 seq=810 cfg=c3_pool attempt=1
c3_14q_pool1-c3-rand10_t0-r4-1789959311,2026-09-20T19:55:11,c3,build_13b440c3_20260918192735,0.001,7de69de,batch,rand10_t0,4,ok,,10,500;24576;1024;1000;1000;4096;4000;8192;128;24576,2;2;2;2;2;2;2;2;2;2,4;2;3;3;5;14;12;3;6;2,26.47;8.58;12.06;14.50;17.66;46.42;42.85;11.71;21.10;8.58,939.8526,972537324421437,972538275148966,950.727529,15376,1769728,3840832,622,203150,1,c3_14q_pool1,1,1,0,1,block=4 seq=810 cfg=c3_pool attempt=1
std_14q_native_pool1-std-rand30_t0-r-1-1789959350,2026-09-20T19:55:50,std,build_0071783e_20260829023649,0.002,7de69de,batch,rand30_t0,-1,ok,,30,1024;1024;400;10000;4000;4000;8192;4000;10000;4000;4000;1000;1000;4000;10000;4000;128;500;1000;1024;4000;1024;400;4000;24576;1000;8192;1024;400;4000,2;2;2;2;2;2;2;2;2;2;2;2;2;2;2;2;2;2;2;2;2;2;2;2;2;2;2;2;2;2,6;5;14;1;2;2;4;12;12;12;12;3;3;2;12;12;6;4;2;6;12;4;14;12;2;5;4;6;14;12,59.48;18.92;50.12;5.43;8.58;8.58;14.84;42.85;43.24;42.85;42.85;14.50;14.50;8.58;43.24;42.85;21.10;26.47;8.94;59.48;42.85;17.12;50.12;42.85;8.58;17.66;14.84;59.48;50.12;42.85,3027.4219,972576302444788,972580990374365,4687.929577,85216,2365968,12526272,0,0,,std_14q_native_pool1,0,,,,block=4 seq=816 cfg=std_native attempt=1
std_14q_native_pool1-std-rand30_t0-r0-1789959356,2026-09-20T19:55:56,std,build_0071783e_20260829023649,0.002,7de69de,batch,rand30_t0,0,ok,,30,1024;1024;400;10000;4000;4000;8192;4000;10000;4000;4000;1000;1000;4000;10000;4000;128;500;1000;1024;4000;1024;400;4000;24576;1000;8192;1024;400;4000,2;2;2;2;2;2;2;2;2;2;2;2;2;2;2;2;2;2;2;2;2;2;2;2;2;2;2;2;2;2,6;5;14;1;2;2;4;12;12;12;12;3;3;2;12;12;6;4;2;6;12;4;14;12;2;5;4;6;14;12,59.48;18.92;50.12;5.43;8.58;8.58;14.84;42.85;43.24;42.85;42.85;14.50;14.50;8.58;43.24;42.85;21.10;26.47;8.94;59.48;42.85;17.12;50.12;42.85;8.58;17.66;14.84;59.48;50.12;42.85,3027.4219,972581331620848,972586018675746,4687.054898,85216,2365968,12526272,0,0,,std_14q_native_pool1,0,,,,block=4 seq=816 cfg=std_native attempt=1
std_14q_native_pool1-std-rand30_t0-r1-1789959361,2026-09-20T19:56:01,std,build_0071783e_20260829023649,0.002,7de69de,batch,rand30_t0,1,ok,,30,1024;1024;400;10000;4000;4000;8192;4000;10000;4000;4000;1000;1000;4000;10000;4000;128;500;1000;1024;4000;1024;400;4000;24576;1000;8192;1024;400;4000,2;2;2;2;2;2;2;2;2;2;2;2;2;2;2;2;2;2;2;2;2;2;2;2;2;2;2;2;2;2,6;5;14;1;2;2;4;12;12;12;12;3;3;2;12;12;6;4;2;6;12;4;14;12;2;5;4;6;14;12,59.48;18.92;50.12;5.43;8.58;8.58;14.84;42.85;43.24;42.85;42.85;14.50;14.50;8.58;43.24;42.85;21.10;26.47;8.94;59.48;42.85;17.12;50.12;42.85;8.58;17.66;14.84;59.48;50.12;42.85,3027.4219,972586360746157,972591048878975,4688.132818,85216,2365968,12526272,0,0,,std_14q_native_pool1,0,,,,block=4 seq=816 cfg=std_native attempt=1
std_14q_native_pool1-std-rand30_t0-r2-1789959366,2026-09-20T19:56:06,std,build_0071783e_20260829023649,0.002,7de69de,batch,rand30_t0,2,ok,,30,1024;1024;400;10000;4000;4000;8192;4000;10000;4000;4000;1000;1000;4000;10000;4000;128;500;1000;1024;4000;1024;400;4000;24576;1000;8192;1024;400;4000,2;2;2;2;2;2;2;2;2;2;2;2;2;2;2;2;2;2;2;2;2;2;2;2;2;2;2;2;2;2,6;5;14;1;2;2;4;12;12;12;12;3;3;2;12;12;6;4;2;6;12;4;14;12;2;5;4;6;14;12,59.48;18.92;50.12;5.43;8.58;8.58;14.84;42.85;43.24;42.85;42.85;14.50;14.50;8.58;43.24;42.85;21.10;26.47;8.94;59.48;42.85;17.12;50.12;42.85;8.58;17.66;14.84;59.48;50.12;42.85,3027.4219,972591393079958,972596080355268,4687.27531,85216,2365968,12526272,0,0,,std_14q_native_pool1,0,,,,block=4 seq=816 cfg=std_native attempt=1
std_14q_native_pool1-std-rand30_t0-r3-1789959371,2026-09-20T19:56:11,std,build_0071783e_20260829023649,0.002,7de69de,batch,rand30_t0,3,ok,,30,1024;1024;400;10000;4000;4000;8192;4000;10000;4000;4000;1000;1000;4000;10000;4000;128;500;1000;1024;4000;1024;400;4000;24576;1000;8192;1024;400;4000,2;2;2;2;2;2;2;2;2;2;2;2;2;2;2;2;2;2;2;2;2;2;2;2;2;2;2;2;2;2,6;5;14;1;2;2;4;12;12;12;12;3;3;2;12;12;6;4;2;6;12;4;14;12;2;5;4;6;14;12,59.48;18.92;50.12;5.43;8.58;8.58;14.84;42.85;43.24;42.85;42.85;14.50;14.50;8.58;43.24;42.85;21.10;26.47;8.94;59.48;42.85;17.12;50.12;42.85;8.58;17.66;14.84;59.48;50.12;42.85,3027.4219,972596421816913,972601108930582,4687.113669,85216,2365968,12526272,0,0,,std_14q_native_pool1,0,,,,block=4 seq=816 cfg=std_native attempt=1
std_14q_native_pool1-std-rand30_t0-r4-1789959376,2026-09-20T19:56:16,std,build_0071783e_20260829023649,0.002,7de69de,batch,rand30_t0,4,ok,,30,1024;1024;400;10000;4000;4000;8192;4000;10000;4000;4000;1000;1000;4000;10000;4000;128;500;1000;1024;4000;1024;400;4000;24576;1000;8192;1024;400;4000,2;2;2;2;2;2;2;2;2;2;2;2;2;2;2;2;2;2;2;2;2;2;2;2;2;2;2;2;2;2,6;5;14;1;2;2;4;12;12;12;12;3;3;2;12;12;6;4;2;6;12;4;14;12;2;5;4;6;14;12,59.48;18.92;50.12;5.43;8.58;8.58;14.84;42.85;43.24;42.85;42.85;14.50;14.50;8.58;43.24;42.85;21.10;26.47;8.94;59.48;42.85;17.12;50.12;42.85;8.58;17.66;14.84;59.48;50.12;42.85,3027.4219,972601460367267,972606148848169,4688.480902,85216,2365968,12526272,0,0,,std_14q_native_pool1,0,,,,block=4 seq=816 cfg=std_native attempt=1
std_14q_native_pool1-std-rand20_t0-r-1-1789959381,2026-09-20T19:56:21,std,build_0071783e_20260829023649,0.002,7de69de,batch,rand20_t0,-1,ok,,20,24576;1000;4096;1024;1024;500;4000;128;32;1024;4000;1024;1024;1000;1024;4000;1024;500;500;1000,2;2;2;2;2;2;2;2;2;2;2;2;2;2;2;2;2;2;2;2,2;5;14;5;3;4;2;6;8;4;12;3;5;2;6;12;3;4;4;2,8.58;17.66;46.42;18.92;12.06;26.47;8.58;21.10;27.36;17.12;42.85;12.06;18.92;8.94;59.48;42.85;12.06;26.47;26.47;8.94,1011.2963,972606881494706,972608554946813,1673.452107,41632,1147328,4034496,0,0,,std_14q_native_pool1,0,,,,block=4 seq=822 cfg=std_native attempt=1
std_14q_native_pool1-std-rand20_t0-r0-1789959383,2026-09-20T19:56:23,std,build_0071783e_20260829023649,0.002,7de69de,batch,rand20_t0,0,ok,,20,24576;1000;4096;1024;1024;500;4000;128;32;1024;4000;1024;1024;1000;1024;4000;1024;500;500;1000,2;2;2;2;2;2;2;2;2;2;2;2;2;2;2;2;2;2;2;2,2;5;14;5;3;4;2;6;8;4;12;3;5;2;6;12;3;4;4;2,8.58;17.66;46.42;18.92;12.06;26.47;8.58;21.10;27.36;17.12;42.85;12.06;18.92;8.94;59.48;42.85;12.06;26.47;26.47;8.94,1011.2963,972608672392558,972610345688464,1673.295906,41632,1147328,4034496,0,0,,std_14q_native_pool1,0,,,,block=4 seq=822 cfg=std_native attempt=1
std_14q_native_pool1-std-rand20_t0-r1-1789959385,2026-09-20T19:56:25,std,build_0071783e_20260829023649,0.002,7de69de,batch,rand20_t0,1,ok,,20,24576;1000;4096;1024;1024;500;4000;128;32;1024;4000;1024;1024;1000;1024;4000;1024;500;500;1000,2;2;2;2;2;2;2;2;2;2;2;2;2;2;2;2;2;2;2;2,2;5;14;5;3;4;2;6;8;4;12;3;5;2;6;12;3;4;4;2,8.58;17.66;46.42;18.92;12.06;26.47;8.58;21.10;27.36;17.12;42.85;12.06;18.92;8.94;59.48;42.85;12.06;26.47;26.47;8.94,1011.2963,972610463778985,972612137400323,1673.621338,41632,1147328,4034496,0,0,,std_14q_native_pool1,0,,,,block=4 seq=822 cfg=std_native attempt=1
std_14q_native_pool1-std-rand20_t0-r2-1789959387,2026-09-20T19:56:27,std,build_0071783e_20260829023649,0.002,7de69de,batch,rand20_t0,2,ok,,20,24576;1000;4096;1024;1024;500;4000;128;32;1024;4000;1024;1024;1000;1024;4000;1024;500;500;1000,2;2;2;2;2;2;2;2;2;2;2;2;2;2;2;2;2;2;2;2,2;5;14;5;3;4;2;6;8;4;12;3;5;2;6;12;3;4;4;2,8.58;17.66;46.42;18.92;12.06;26.47;8.58;21.10;27.36;17.12;42.85;12.06;18.92;8.94;59.48;42.85;12.06;26.47;26.47;8.94,1011.2963,972612254611026,972613928091913,1673.480887,41632,1147328,4034496,0,0,,std_14q_native_pool1,0,,,,block=4 seq=822 cfg=std_native attempt=1
std_14q_native_pool1-std-rand20_t0-r3-1789959388,2026-09-20T19:56:28,std,build_0071783e_20260829023649,0.002,7de69de,batch,rand20_t0,3,ok,,20,24576;1000;4096;1024;1024;500;4000;128;32;1024;4000;1024;1024;1000;1024;4000;1024;500;500;1000,2;2;2;2;2;2;2;2;2;2;2;2;2;2;2;2;2;2;2;2,2;5;14;5;3;4;2;6;8;4;12;3;5;2;6;12;3;4;4;2,8.58;17.66;46.42;18.92;12.06;26.47;8.58;21.10;27.36;17.12;42.85;12.06;18.92;8.94;59.48;42.85;12.06;26.47;26.47;8.94,1011.2963,972614044882971,972615718283448,1673.400477,41632,1147328,4034496,0,0,,std_14q_native_pool1,0,,,,block=4 seq=822 cfg=std_native attempt=1
std_14q_native_pool1-std-rand20_t0-r4-1789959390,2026-09-20T19:56:30,std,build_0071783e_20260829023649,0.002,7de69de,batch,rand20_t0,4,ok,,20,24576;1000;4096;1024;1024;500;4000;128;32;1024;4000;1024;1024;1000;1024;4000;1024;500;500;1000,2;2;2;2;2;2;2;2;2;2;2;2;2;2;2;2;2;2;2;2,2;5;14;5;3;4;2;6;8;4;12;3;5;2;6;12;3;4;4;2,8.58;17.66;46.42;18.92;12.06;26.47;8.58;21.10;27.36;17.12;42.85;12.06;18.92;8.94;59.48;42.85;12.06;26.47;26.47;8.94,1011.2963,972615838653992,972617511763436,1673.109444,41632,1147328,4034496,0,0,,std_14q_native_pool1,0,,,,block=4 seq=822 cfg=std_native attempt=1
std_14q_native_pool1-std-rand10_t0-r-1-1789959392,2026-09-20T19:56:32,std,build_0071783e_20260829023649,0.002,7de69de,batch,rand10_t0,-1,ok,,10,500;24576;1024;1000;1000;4096;4000;8192;128;24576,2;2;2;2;2;2;2;2;2;2,4;2;3;3;5;14;12;3;6;2,26.47;8.58;12.06;14.50;17.66;46.42;42.85;11.71;21.10;8.58,939.8526,972618180807567,972619803205623,1622.398056,15376,576560,3840832,0,0,,std_14q_native_pool1,0,,,,block=4 seq=828 cfg=std_native attempt=1
std_14q_native_pool1-std-rand10_t0-r0-1789959394,2026-09-20T19:56:34,std,build_0071783e_20260829023649,0.002,7de69de,batch,rand10_t0,0,ok,,10,500;24576;1024;1000;1000;4096;4000;8192;128;24576,2;2;2;2;2;2;2;2;2;2,4;2;3;3;5;14;12;3;6;2,26.47;8.58;12.06;14.50;17.66;46.42;42.85;11.71;21.10;8.58,939.8526,972619980658678,972621603028255,1622.369577,15376,576560,3840832,0,0,,std_14q_native_pool1,0,,,,block=4 seq=828 cfg=std_native attempt=1
std_14q_native_pool1-std-rand10_t0-r1-1789959396,2026-09-20T19:56:36,std,build_0071783e_20260829023649,0.002,7de69de,batch,rand10_t0,1,ok,,10,500;24576;1024;1000;1000;4096;4000;8192;128;24576,2;2;2;2;2;2;2;2;2;2,4;2;3;3;5;14;12;3;6;2,26.47;8.58;12.06;14.50;17.66;46.42;42.85;11.71;21.10;8.58,939.8526,972621780725702,972623403025367,1622.299665,15376,576560,3840832,0,0,,std_14q_native_pool1,0,,,,block=4 seq=828 cfg=std_native attempt=1
std_14q_native_pool1-std-rand10_t0-r2-1789959398,2026-09-20T19:56:38,std,build_0071783e_20260829023649,0.002,7de69de,batch,rand10_t0,2,ok,,10,500;24576;1024;1000;1000;4096;4000;8192;128;24576,2;2;2;2;2;2;2;2;2;2,4;2;3;3;5;14;12;3;6;2,26.47;8.58;12.06;14.50;17.66;46.42;42.85;11.71;21.10;8.58,939.8526,972623581159309,972625203549615,1622.390306,15376,576560,3840832,0,0,,std_14q_native_pool1,0,,,,block=4 seq=828 cfg=std_native attempt=1
std_14q_native_pool1-std-rand10_t0-r3-1789959400,2026-09-20T19:56:40,std,build_0071783e_20260829023649,0.002,7de69de,batch,rand10_t0,3,ok,,10,500;24576;1024;1000;1000;4096;4000;8192;128;24576,2;2;2;2;2;2;2;2;2;2,4;2;3;3;5;14;12;3;6;2,26.47;8.58;12.06;14.50;17.66;46.42;42.85;11.71;21.10;8.58,939.8526,972625381823278,972627004873391,1623.050113,15376,576560,3840832,0,0,,std_14q_native_pool1,0,,,,block=4 seq=828 cfg=std_native attempt=1
std_14q_native_pool1-std-rand10_t0-r4-1789959402,2026-09-20T19:56:42,std,build_0071783e_20260829023649,0.002,7de69de,batch,rand10_t0,4,ok,,10,500;24576;1024;1000;1000;4096;4000;8192;128;24576,2;2;2;2;2;2;2;2;2;2,4;2;3;3;5;14;12;3;6;2,26.47;8.58;12.06;14.50;17.66;46.42;42.85;11.71;21.10;8.58,939.8526,972627184050323,972628807298838,1623.248515,15376,576560,3840832,0,0,,std_14q_native_pool1,0,,,,block=4 seq=828 cfg=std_native attempt=1
std_14q_native_pool1-std-rand10_t4-r-1-1789959404,2026-09-20T19:56:44,std,build_0071783e_20260829023649,0.002,7de69de,batch,rand10_t4,-1,ok,,10,1000;24576;1000;1024;8192;1000;4000;1024;500;1024,2;2;2;2;2;2;2;2;2;2,5;2;3;3;3;3;2;3;4;5,17.66;8.58;14.50;12.06;11.71;14.50;8.58;12.06;26.47;17.97,444.2518,972629447337600,972630269994998,822.657398,9648,344096,1655488,0,0,,std_14q_native_pool1,0,,,,block=4 seq=834 cfg=std_native attempt=1
std_14q_native_pool1-std-rand10_t4-r0-1789959405,2026-09-20T19:56:45,std,build_0071783e_20260829023649,0.002,7de69de,batch,rand10_t4,0,ok,,10,1000;24576;1000;1024;8192;1000;4000;1024;500;1024,2;2;2;2;2;2;2;2;2;2,5;2;3;3;3;3;2;3;4;5,17.66;8.58;14.50;12.06;11.71;14.50;8.58;12.06;26.47;17.97,444.2518,972630441979448,972631264616135,822.636687,9648,344096,1655488,0,0,,std_14q_native_pool1,0,,,,block=4 seq=834 cfg=std_native attempt=1
std_14q_native_pool1-std-rand10_t4-r1-1789959406,2026-09-20T19:56:46,std,build_0071783e_20260829023649,0.002,7de69de,batch,rand10_t4,1,ok,,10,1000;24576;1000;1024;8192;1000;4000;1024;500;1024,2;2;2;2;2;2;2;2;2;2,5;2;3;3;3;3;2;3;4;5,17.66;8.58;14.50;12.06;11.71;14.50;8.58;12.06;26.47;17.97,444.2518,972631438470864,972632261146562,822.675698,9648,344096,1655488,0,0,,std_14q_native_pool1,0,,,,block=4 seq=834 cfg=std_native attempt=1
std_14q_native_pool1-std-rand10_t4-r2-1789959407,2026-09-20T19:56:47,std,build_0071783e_20260829023649,0.002,7de69de,batch,rand10_t4,2,ok,,10,1000;24576;1000;1024;8192;1000;4000;1024;500;1024,2;2;2;2;2;2;2;2;2;2,5;2;3;3;3;3;2;3;4;5,17.66;8.58;14.50;12.06;11.71;14.50;8.58;12.06;26.47;17.97,444.2518,972632435452916,972633257983332,822.530416,9648,344096,1655488,0,0,,std_14q_native_pool1,0,,,,block=4 seq=834 cfg=std_native attempt=1
std_14q_native_pool1-std-rand10_t4-r3-1789959408,2026-09-20T19:56:48,std,build_0071783e_20260829023649,0.002,7de69de,batch,rand10_t4,3,ok,,10,1000;24576;1000;1024;8192;1000;4000;1024;500;1024,2;2;2;2;2;2;2;2;2;2,5;2;3;3;3;3;2;3;4;5,17.66;8.58;14.50;12.06;11.71;14.50;8.58;12.06;26.47;17.97,444.2518,972633432533508,972634255188006,822.654498,9648,344096,1655488,0,0,,std_14q_native_pool1,0,,,,block=4 seq=834 cfg=std_native attempt=1
std_14q_native_pool1-std-rand10_t4-r4-1789959409,2026-09-20T19:56:49,std,build_0071783e_20260829023649,0.002,7de69de,batch,rand10_t4,4,ok,,10,1000;24576;1000;1024;8192;1000;4000;1024;500;1024,2;2;2;2;2;2;2;2;2;2,5;2;3;3;3;3;2;3;4;5,17.66;8.58;14.50;12.06;11.71;14.50;8.58;12.06;26.47;17.97,444.2518,972634430813352,972635253406770,822.593418,9648,344096,1655488,0,0,,std_14q_native_pool1,0,,,,block=4 seq=834 cfg=std_native attempt=1
std_14q_native_pool1-std-rand20_t9-r-1-1789959410,2026-09-20T19:56:50,std,build_0071783e_20260829023649,0.002,7de69de,batch,rand20_t9,-1,ok,,20,1000;1000;500;1024;32;1024;400;8192;128;1024;24576;10000;500;1024;1000;10000;128;24576;8192;4000,2;2;2;2;2;2;2;2;2;2;2;2;2;2;2;2;2;2;2;2,5;3;4;3;8;6;14;3;6;3;2;12;4;3;5;1;6;2;3;12,17.66;14.50;26.47;12.06;27.36;59.48;50.12;11.71;21.10;12.06;8.58;43.24;26.47;12.06;17.66;5.43;21.10;8.58;11.71;42.85,1472.5207,972635968570462,972638444827999,2476.257537,38384,1133024,5770752,0,0,,std_14q_native_pool1,0,,,,block=4 seq=840 cfg=std_native attempt=1
std_14q_native_pool1-std-rand20_t9-r0-1789959413,2026-09-20T19:56:53,std,build_0071783e_20260829023649,0.002,7de69de,batch,rand20_t9,0,ok,,20,1000;1000;500;1024;32;1024;400;8192;128;1024;24576;10000;500;1024;1000;10000;128;24576;8192;4000,2;2;2;2;2;2;2;2;2;2;2;2;2;2;2;2;2;2;2;2,5;3;4;3;8;6;14;3;6;3;2;12;4;3;5;1;6;2;3;12,17.66;14.50;26.47;12.06;27.36;59.48;50.12;11.71;21.10;12.06;8.58;43.24;26.47;12.06;17.66;5.43;21.10;8.58;11.71;42.85,1472.5207,972638670198893,972641146723892,2476.524999,38384,1133024,5770752,0,0,,std_14q_native_pool1,0,,,,block=4 seq=840 cfg=std_native attempt=1
std_14q_native_pool1-std-rand20_t9-r1-1789959416,2026-09-20T19:56:56,std,build_0071783e_20260829023649,0.002,7de69de,batch,rand20_t9,1,ok,,20,1000;1000;500;1024;32;1024;400;8192;128;1024;24576;10000;500;1024;1000;10000;128;24576;8192;4000,2;2;2;2;2;2;2;2;2;2;2;2;2;2;2;2;2;2;2;2,5;3;4;3;8;6;14;3;6;3;2;12;4;3;5;1;6;2;3;12,17.66;14.50;26.47;12.06;27.36;59.48;50.12;11.71;21.10;12.06;8.58;43.24;26.47;12.06;17.66;5.43;21.10;8.58;11.71;42.85,1472.5207,972641369854054,972643845902158,2476.048104,38384,1133024,5770752,0,0,,std_14q_native_pool1,0,,,,block=4 seq=840 cfg=std_native attempt=1
std_14q_native_pool1-std-rand20_t9-r2-1789959418,2026-09-20T19:56:58,std,build_0071783e_20260829023649,0.002,7de69de,batch,rand20_t9,2,ok,,20,1000;1000;500;1024;32;1024;400;8192;128;1024;24576;10000;500;1024;1000;10000;128;24576;8192;4000,2;2;2;2;2;2;2;2;2;2;2;2;2;2;2;2;2;2;2;2,5;3;4;3;8;6;14;3;6;3;2;12;4;3;5;1;6;2;3;12,17.66;14.50;26.47;12.06;27.36;59.48;50.12;11.71;21.10;12.06;8.58;43.24;26.47;12.06;17.66;5.43;21.10;8.58;11.71;42.85,1472.5207,972644065894918,972646542027753,2476.132835,38384,1133024,5770752,0,0,,std_14q_native_pool1,0,,,,block=4 seq=840 cfg=std_native attempt=1
std_14q_native_pool1-std-rand20_t9-r3-1789959421,2026-09-20T19:57:01,std,build_0071783e_20260829023649,0.002,7de69de,batch,rand20_t9,3,ok,,20,1000;1000;500;1024;32;1024;400;8192;128;1024;24576;10000;500;1024;1000;10000;128;24576;8192;4000,2;2;2;2;2;2;2;2;2;2;2;2;2;2;2;2;2;2;2;2,5;3;4;3;8;6;14;3;6;3;2;12;4;3;5;1;6;2;3;12,17.66;14.50;26.47;12.06;27.36;59.48;50.12;11.71;21.10;12.06;8.58;43.24;26.47;12.06;17.66;5.43;21.10;8.58;11.71;42.85,1472.5207,972646761488048,972649238805005,2477.316957,38384,1133024,5770752,0,0,,std_14q_native_pool1,0,,,,block=4 seq=840 cfg=std_native attempt=1
std_14q_native_pool1-std-rand20_t9-r4-1789959424,2026-09-20T19:57:04,std,build_0071783e_20260829023649,0.002,7de69de,batch,rand20_t9,4,ok,,20,1000;1000;500;1024;32;1024;400;8192;128;1024;24576;10000;500;1024;1000;10000;128;24576;8192;4000,2;2;2;2;2;2;2;2;2;2;2;2;2;2;2;2;2;2;2;2,5;3;4;3;8;6;14;3;6;3;2;12;4;3;5;1;6;2;3;12,17.66;14.50;26.47;12.06;27.36;59.48;50.12;11.71;21.10;12.06;8.58;43.24;26.47;12.06;17.66;5.43;21.10;8.58;11.71;42.85,1472.5207,972649453888267,972651929945551,2476.057284,38384,1133024,5770752,0,0,,std_14q_native_pool1,0,,,,block=4 seq=840 cfg=std_native attempt=1
std_14q_native_pool1-std-rand30_t1-r-1-1789959427,2026-09-20T19:57:07,std,build_0071783e_20260829023649,0.002,7de69de,batch,rand30_t1,-1,ok,,30,400;1024;10000;4000;4000;4000;1000;400;32;8192;10000;1000;24576;1000;8192;4000;1024;1024;500;1024;1024;1024;1024;4000;1024;1000;1024;1024;4000;128,2;2;2;2;2;2;2;2;2;2;2;2;2;2;2;2;2;2;2;2;2;2;2;2;2;2;2;2;2;2,14;3;12;2;12;12;3;14;8;4;12;3;2;2;4;12;4;3;4;5;4;5;6;2;4;2;4;3;2;6,50.12;12.06;43.24;8.58;42.85;42.85;14.50;50.12;27.36;14.84;43.24;14.50;8.58;8.94;14.84;42.85;17.12;12.06;26.47;17.97;17.12;18.92;59.48;8.58;17.12;8.94;17.12;12.06;8.58;21.10,2245.8436,972653031182015,972656594036479,3562.854464,56720,1878208,9389568,0,0,,std_14q_native_pool1,0,,,,block=4 seq=846 cfg=std_native attempt=1
std_14q_native_pool1-std-rand30_t1-r0-1789959431,2026-09-20T19:57:11,std,build_0071783e_20260829023649,0.002,7de69de,batch,rand30_t1,0,ok,,30,400;1024;10000;4000;4000;4000;1000;400;32;8192;10000;1000;24576;1000;8192;4000;1024;1024;500;1024;1024;1024;1024;4000;1024;1000;1024;1024;4000;128,2;2;2;2;2;2;2;2;2;2;2;2;2;2;2;2;2;2;2;2;2;2;2;2;2;2;2;2;2;2,14;3;12;2;12;12;3;14;8;4;12;3;2;2;4;12;4;3;4;5;4;5;6;2;4;2;4;3;2;6,50.12;12.06;43.24;8.58;42.85;42.85;14.50;50.12;27.36;14.84;43.24;14.50;8.58;8.94;14.84;42.85;17.12;12.06;26.47;17.97;17.12;18.92;59.48;8.58;17.12;8.94;17.12;12.06;8.58;21.10,2245.8436,972657172498075,972660735869804,3563.371729,56720,1878208,9389568,0,0,,std_14q_native_pool1,0,,,,block=4 seq=846 cfg=std_native attempt=1
std_14q_native_pool1-std-rand30_t1-r1-1789959435,2026-09-20T19:57:15,std,build_0071783e_20260829023649,0.002,7de69de,batch,rand30_t1,1,ok,,30,400;1024;10000;4000;4000;4000;1000;400;32;8192;10000;1000;24576;1000;8192;4000;1024;1024;500;1024;1024;1024;1024;4000;1024;1000;1024;1024;4000;128,2;2;2;2;2;2;2;2;2;2;2;2;2;2;2;2;2;2;2;2;2;2;2;2;2;2;2;2;2;2,14;3;12;2;12;12;3;14;8;4;12;3;2;2;4;12;4;3;4;5;4;5;6;2;4;2;4;3;2;6,50.12;12.06;43.24;8.58;42.85;42.85;14.50;50.12;27.36;14.84;43.24;14.50;8.58;8.94;14.84;42.85;17.12;12.06;26.47;17.97;17.12;18.92;59.48;8.58;17.12;8.94;17.12;12.06;8.58;21.10,2245.8436,972661307225228,972664869600328,3562.3751,56720,1878208,9389568,0,0,,std_14q_native_pool1,0,,,,block=4 seq=846 cfg=std_native attempt=1
std_14q_native_pool1-std-rand30_t1-r2-1789959439,2026-09-20T19:57:19,std,build_0071783e_20260829023649,0.002,7de69de,batch,rand30_t1,2,ok,,30,400;1024;10000;4000;4000;4000;1000;400;32;8192;10000;1000;24576;1000;8192;4000;1024;1024;500;1024;1024;1024;1024;4000;1024;1000;1024;1024;4000;128,2;2;2;2;2;2;2;2;2;2;2;2;2;2;2;2;2;2;2;2;2;2;2;2;2;2;2;2;2;2,14;3;12;2;12;12;3;14;8;4;12;3;2;2;4;12;4;3;4;5;4;5;6;2;4;2;4;3;2;6,50.12;12.06;43.24;8.58;42.85;42.85;14.50;50.12;27.36;14.84;43.24;14.50;8.58;8.94;14.84;42.85;17.12;12.06;26.47;17.97;17.12;18.92;59.48;8.58;17.12;8.94;17.12;12.06;8.58;21.10,2245.8436,972665434156134,972668996920697,3562.764563,56720,1878208,9389568,0,0,,std_14q_native_pool1,0,,,,block=4 seq=846 cfg=std_native attempt=1
std_14q_native_pool1-std-rand30_t1-r3-1789959444,2026-09-20T19:57:24,std,build_0071783e_20260829023649,0.002,7de69de,batch,rand30_t1,3,ok,,30,400;1024;10000;4000;4000;4000;1000;400;32;8192;10000;1000;24576;1000;8192;4000;1024;1024;500;1024;1024;1024;1024;4000;1024;1000;1024;1024;4000;128,2;2;2;2;2;2;2;2;2;2;2;2;2;2;2;2;2;2;2;2;2;2;2;2;2;2;2;2;2;2,14;3;12;2;12;12;3;14;8;4;12;3;2;2;4;12;4;3;4;5;4;5;6;2;4;2;4;3;2;6,50.12;12.06;43.24;8.58;42.85;42.85;14.50;50.12;27.36;14.84;43.24;14.50;8.58;8.94;14.84;42.85;17.12;12.06;26.47;17.97;17.12;18.92;59.48;8.58;17.12;8.94;17.12;12.06;8.58;21.10,2245.8436,972669562886988,972673125054205,3562.167217,56720,1878208,9389568,0,0,,std_14q_native_pool1,0,,,,block=4 seq=846 cfg=std_native attempt=1
std_14q_native_pool1-std-rand30_t1-r4-1789959448,2026-09-20T19:57:28,std,build_0071783e_20260829023649,0.002,7de69de,batch,rand30_t1,4,ok,,30,400;1024;10000;4000;4000;4000;1000;400;32;8192;10000;1000;24576;1000;8192;4000;1024;1024;500;1024;1024;1024;1024;4000;1024;1000;1024;1024;4000;128,2;2;2;2;2;2;2;2;2;2;2;2;2;2;2;2;2;2;2;2;2;2;2;2;2;2;2;2;2;2,14;3;12;2;12;12;3;14;8;4;12;3;2;2;4;12;4;3;4;5;4;5;6;2;4;2;4;3;2;6,50.12;12.06;43.24;8.58;42.85;42.85;14.50;50.12;27.36;14.84;43.24;14.50;8.58;8.94;14.84;42.85;17.12;12.06;26.47;17.97;17.12;18.92;59.48;8.58;17.12;8.94;17.12;12.06;8.58;21.10,2245.8436,972673691070296,972677253226773,3562.156477,56720,1878208,9389568,0,0,,std_14q_native_pool1,0,,,,block=4 seq=846 cfg=std_native attempt=1
std_14q_pool1-std-rand20_t0-r-1-1789959452,2026-09-20T19:57:32,std,build_0071783e_20260829023649,0.002,7de69de,batch,rand20_t0,-1,ok,,20,24576;1000;4096;1024;1024;500;4000;128;32;1024;4000;1024;1024;1000;1024;4000;1024;500;500;1000,2;2;2;2;2;2;2;2;2;2;2;2;2;2;2;2;2;2;2;2,2;5;14;5;3;4;2;6;8;4;12;3;5;2;6;12;3;4;4;2,8.58;17.66;46.42;18.92;12.06;26.47;8.58;21.10;27.36;17.12;42.85;12.06;18.92;8.94;59.48;42.85;12.06;26.47;26.47;8.94,1011.2963,972678493997663,972680044032986,1550.035323,41632,46112,4034496,0,0,,std_14q_pool1,1,,,,block=4 seq=852 cfg=std_pool attempt=1
std_14q_pool1-std-rand20_t0-r0-1789959455,2026-09-20T19:57:35,std,build_0071783e_20260829023649,0.002,7de69de,batch,rand20_t0,0,ok,,20,24576;1000;4096;1024;1024;500;4000;128;32;1024;4000;1024;1024;1000;1024;4000;1024;500;500;1000,2;2;2;2;2;2;2;2;2;2;2;2;2;2;2;2;2;2;2;2,2;5;14;5;3;4;2;6;8;4;12;3;5;2;6;12;3;4;4;2,8.58;17.66;46.42;18.92;12.06;26.47;8.58;21.10;27.36;17.12;42.85;12.06;18.92;8.94;59.48;42.85;12.06;26.47;26.47;8.94,1011.2963,972680537452451,972682087441783,1549.989332,41632,46112,4034496,0,0,,std_14q_pool1,1,,,,block=4 seq=852 cfg=std_pool attempt=1
std_14q_pool1-std-rand20_t0-r1-1789959457,2026-09-20T19:57:37,std,build_0071783e_20260829023649,0.002,7de69de,batch,rand20_t0,1,ok,,20,24576;1000;4096;1024;1024;500;4000;128;32;1024;4000;1024;1024;1000;1024;4000;1024;500;500;1000,2;2;2;2;2;2;2;2;2;2;2;2;2;2;2;2;2;2;2;2,2;5;14;5;3;4;2;6;8;4;12;3;5;2;6;12;3;4;4;2,8.58;17.66;46.42;18.92;12.06;26.47;8.58;21.10;27.36;17.12;42.85;12.06;18.92;8.94;59.48;42.85;12.06;26.47;26.47;8.94,1011.2963,972682580392173,972684130481987,1550.089814,41632,46112,4034496,0,0,,std_14q_pool1,1,,,,block=4 seq=852 cfg=std_pool attempt=1
std_14q_pool1-std-rand20_t0-r2-1789959459,2026-09-20T19:57:39,std,build_0071783e_20260829023649,0.002,7de69de,batch,rand20_t0,2,ok,,20,24576;1000;4096;1024;1024;500;4000;128;32;1024;4000;1024;1024;1000;1024;4000;1024;500;500;1000,2;2;2;2;2;2;2;2;2;2;2;2;2;2;2;2;2;2;2;2,2;5;14;5;3;4;2;6;8;4;12;3;5;2;6;12;3;4;4;2,8.58;17.66;46.42;18.92;12.06;26.47;8.58;21.10;27.36;17.12;42.85;12.06;18.92;8.94;59.48;42.85;12.06;26.47;26.47;8.94,1011.2963,972684622251605,972686172416399,1550.164794,41632,46112,4034496,0,0,,std_14q_pool1,1,,,,block=4 seq=852 cfg=std_pool attempt=1
std_14q_pool1-std-rand20_t0-r3-1789959461,2026-09-20T19:57:41,std,build_0071783e_20260829023649,0.002,7de69de,batch,rand20_t0,3,ok,,20,24576;1000;4096;1024;1024;500;4000;128;32;1024;4000;1024;1024;1000;1024;4000;1024;500;500;1000,2;2;2;2;2;2;2;2;2;2;2;2;2;2;2;2;2;2;2;2,2;5;14;5;3;4;2;6;8;4;12;3;5;2;6;12;3;4;4;2,8.58;17.66;46.42;18.92;12.06;26.47;8.58;21.10;27.36;17.12;42.85;12.06;18.92;8.94;59.48;42.85;12.06;26.47;26.47;8.94,1011.2963,972686663156477,972688213504893,1550.348416,41632,46112,4034496,0,0,,std_14q_pool1,1,,,,block=4 seq=852 cfg=std_pool attempt=1
std_14q_pool1-std-rand20_t0-r4-1789959463,2026-09-20T19:57:43,std,build_0071783e_20260829023649,0.002,7de69de,batch,rand20_t0,4,ok,,20,24576;1000;4096;1024;1024;500;4000;128;32;1024;4000;1024;1024;1000;1024;4000;1024;500;500;1000,2;2;2;2;2;2;2;2;2;2;2;2;2;2;2;2;2;2;2;2,2;5;14;5;3;4;2;6;8;4;12;3;5;2;6;12;3;4;4;2,8.58;17.66;46.42;18.92;12.06;26.47;8.58;21.10;27.36;17.12;42.85;12.06;18.92;8.94;59.48;42.85;12.06;26.47;26.47;8.94,1011.2963,972688705495764,972690255900830,1550.405066,41632,46112,4034496,0,0,,std_14q_pool1,1,,,,block=4 seq=852 cfg=std_pool attempt=1
std_14q_pool1-std-rand10_t0-r-1-1789959465,2026-09-20T19:57:45,std,build_0071783e_20260829023649,0.002,7de69de,batch,rand10_t0,-1,ok,,10,500;24576;1024;1000;1000;4096;4000;8192;128;24576,2;2;2;2;2;2;2;2;2;2,4;2;3;3;5;14;12;3;6;2,26.47;8.58;12.06;14.50;17.66;46.42;42.85;11.71;21.10;8.58,939.8526,972691412745851,972692973020396,1560.274545,15376,17616,3840832,0,0,,std_14q_pool1,1,,,,block=4 seq=858 cfg=std_pool attempt=1
std_14q_pool1-std-rand10_t0-r0-1789959468,2026-09-20T19:57:48,std,build_0071783e_20260829023649,0.002,7de69de,batch,rand10_t0,0,ok,,10,500;24576;1024;1000;1000;4096;4000;8192;128;24576,2;2;2;2;2;2;2;2;2;2,4;2;3;3;5;14;12;3;6;2,26.47;8.58;12.06;14.50;17.66;46.42;42.85;11.71;21.10;8.58,939.8526,972693461960356,972695022108820,1560.148464,15376,17616,3840832,0,0,,std_14q_pool1,1,,,,block=4 seq=858 cfg=std_pool attempt=1
std_14q_pool1-std-rand10_t0-r1-1789959470,2026-09-20T19:57:50,std,build_0071783e_20260829023649,0.002,7de69de,batch,rand10_t0,1,ok,,10,500;24576;1024;1000;1000;4096;4000;8192;128;24576,2;2;2;2;2;2;2;2;2;2,4;2;3;3;5;14;12;3;6;2,26.47;8.58;12.06;14.50;17.66;46.42;42.85;11.71;21.10;8.58,939.8526,972695512119141,972697072216824,1560.097683,15376,17616,3840832,0,0,,std_14q_pool1,1,,,,block=4 seq=858 cfg=std_pool attempt=1
std_14q_pool1-std-rand10_t0-r2-1789959472,2026-09-20T19:57:52,std,build_0071783e_20260829023649,0.002,7de69de,batch,rand10_t0,2,ok,,10,500;24576;1024;1000;1000;4096;4000;8192;128;24576,2;2;2;2;2;2;2;2;2;2,4;2;3;3;5;14;12;3;6;2,26.47;8.58;12.06;14.50;17.66;46.42;42.85;11.71;21.10;8.58,939.8526,972697560931642,972699121062246,1560.130604,15376,17616,3840832,0,0,,std_14q_pool1,1,,,,block=4 seq=858 cfg=std_pool attempt=1
std_14q_pool1-std-rand10_t0-r3-1789959474,2026-09-20T19:57:54,std,build_0071783e_20260829023649,0.002,7de69de,batch,rand10_t0,3,ok,,10,500;24576;1024;1000;1000;4096;4000;8192;128;24576,2;2;2;2;2;2;2;2;2;2,4;2;3;3;5;14;12;3;6;2,26.47;8.58;12.06;14.50;17.66;46.42;42.85;11.71;21.10;8.58,939.8526,972699611436490,972701171306351,1559.869861,15376,17616,3840832,0,0,,std_14q_pool1,1,,,,block=4 seq=858 cfg=std_pool attempt=1
std_14q_pool1-std-rand10_t0-r4-1789959476,2026-09-20T19:57:56,std,build_0071783e_20260829023649,0.002,7de69de,batch,rand10_t0,4,ok,,10,500;24576;1024;1000;1000;4096;4000;8192;128;24576,2;2;2;2;2;2;2;2;2;2,4;2;3;3;5;14;12;3;6;2,26.47;8.58;12.06;14.50;17.66;46.42;42.85;11.71;21.10;8.58,939.8526,972701659359043,972703219496346,1560.137303,15376,17616,3840832,0,0,,std_14q_pool1,1,,,,block=4 seq=858 cfg=std_pool attempt=1
std_14q_pool1-std-rand30_t1-r-1-1789959478,2026-09-20T19:57:58,std,build_0071783e_20260829023649,0.002,7de69de,batch,rand30_t1,-1,ok,,30,400;1024;10000;4000;4000;4000;1000;400;32;8192;10000;1000;24576;1000;8192;4000;1024;1024;500;1024;1024;1024;1024;4000;1024;1000;1024;1024;4000;128,2;2;2;2;2;2;2;2;2;2;2;2;2;2;2;2;2;2;2;2;2;2;2;2;2;2;2;2;2;2,14;3;12;2;12;12;3;14;8;4;12;3;2;2;4;12;4;3;4;5;4;5;6;2;4;2;4;3;2;6,50.12;12.06;43.24;8.58;42.85;42.85;14.50;50.12;27.36;14.84;43.24;14.50;8.58;8.94;14.84;42.85;17.12;12.06;26.47;17.97;17.12;18.92;59.48;8.58;17.12;8.94;17.12;12.06;8.58;21.10,2245.8436,972704417488778,972707776556764,3359.067986,56720,63440,9389568,0,0,,std_14q_pool1,1,,,,block=4 seq=864 cfg=std_pool attempt=1
std_14q_pool1-std-rand30_t1-r0-1789959482,2026-09-20T19:58:02,std,build_0071783e_20260829023649,0.002,7de69de,batch,rand30_t1,0,ok,,30,400;1024;10000;4000;4000;4000;1000;400;32;8192;10000;1000;24576;1000;8192;4000;1024;1024;500;1024;1024;1024;1024;4000;1024;1000;1024;1024;4000;128,2;2;2;2;2;2;2;2;2;2;2;2;2;2;2;2;2;2;2;2;2;2;2;2;2;2;2;2;2;2,14;3;12;2;12;12;3;14;8;4;12;3;2;2;4;12;4;3;4;5;4;5;6;2;4;2;4;3;2;6,50.12;12.06;43.24;8.58;42.85;42.85;14.50;50.12;27.36;14.84;43.24;14.50;8.58;8.94;14.84;42.85;17.12;12.06;26.47;17.97;17.12;18.92;59.48;8.58;17.12;8.94;17.12;12.06;8.58;21.10,2245.8436,972708321354413,972711681715232,3360.360819,56720,63440,9389568,0,0,,std_14q_pool1,1,,,,block=4 seq=864 cfg=std_pool attempt=1
std_14q_pool1-std-rand30_t1-r1-1789959486,2026-09-20T19:58:06,std,build_0071783e_20260829023649,0.002,7de69de,batch,rand30_t1,1,ok,,30,400;1024;10000;4000;4000;4000;1000;400;32;8192;10000;1000;24576;1000;8192;4000;1024;1024;500;1024;1024;1024;1024;4000;1024;1000;1024;1024;4000;128,2;2;2;2;2;2;2;2;2;2;2;2;2;2;2;2;2;2;2;2;2;2;2;2;2;2;2;2;2;2,14;3;12;2;12;12;3;14;8;4;12;3;2;2;4;12;4;3;4;5;4;5;6;2;4;2;4;3;2;6,50.12;12.06;43.24;8.58;42.85;42.85;14.50;50.12;27.36;14.84;43.24;14.50;8.58;8.94;14.84;42.85;17.12;12.06;26.47;17.97;17.12;18.92;59.48;8.58;17.12;8.94;17.12;12.06;8.58;21.10,2245.8436,972712227663032,972715587930820,3360.267788,56720,63440,9389568,0,0,,std_14q_pool1,1,,,,block=4 seq=864 cfg=std_pool attempt=1
std_14q_pool1-std-rand30_t1-r2-1789959490,2026-09-20T19:58:10,std,build_0071783e_20260829023649,0.002,7de69de,batch,rand30_t1,2,ok,,30,400;1024;10000;4000;4000;4000;1000;400;32;8192;10000;1000;24576;1000;8192;4000;1024;1024;500;1024;1024;1024;1024;4000;1024;1000;1024;1024;4000;128,2;2;2;2;2;2;2;2;2;2;2;2;2;2;2;2;2;2;2;2;2;2;2;2;2;2;2;2;2;2,14;3;12;2;12;12;3;14;8;4;12;3;2;2;4;12;4;3;4;5;4;5;6;2;4;2;4;3;2;6,50.12;12.06;43.24;8.58;42.85;42.85;14.50;50.12;27.36;14.84;43.24;14.50;8.58;8.94;14.84;42.85;17.12;12.06;26.47;17.97;17.12;18.92;59.48;8.58;17.12;8.94;17.12;12.06;8.58;21.10,2245.8436,972716133474166,972719492576333,3359.102167,56720,63440,9389568,0,0,,std_14q_pool1,1,,,,block=4 seq=864 cfg=std_pool attempt=1
std_14q_pool1-std-rand30_t1-r3-1789959494,2026-09-20T19:58:14,std,build_0071783e_20260829023649,0.002,7de69de,batch,rand30_t1,3,ok,,30,400;1024;10000;4000;4000;4000;1000;400;32;8192;10000;1000;24576;1000;8192;4000;1024;1024;500;1024;1024;1024;1024;4000;1024;1000;1024;1024;4000;128,2;2;2;2;2;2;2;2;2;2;2;2;2;2;2;2;2;2;2;2;2;2;2;2;2;2;2;2;2;2,14;3;12;2;12;12;3;14;8;4;12;3;2;2;4;12;4;3;4;5;4;5;6;2;4;2;4;3;2;6,50.12;12.06;43.24;8.58;42.85;42.85;14.50;50.12;27.36;14.84;43.24;14.50;8.58;8.94;14.84;42.85;17.12;12.06;26.47;17.97;17.12;18.92;59.48;8.58;17.12;8.94;17.12;12.06;8.58;21.10,2245.8436,972720040391072,972723399676390,3359.285318,56720,63440,9389568,0,0,,std_14q_pool1,1,,,,block=4 seq=864 cfg=std_pool attempt=1
std_14q_pool1-std-rand30_t1-r4-1789959498,2026-09-20T19:58:18,std,build_0071783e_20260829023649,0.002,7de69de,batch,rand30_t1,4,ok,,30,400;1024;10000;4000;4000;4000;1000;400;32;8192;10000;1000;24576;1000;8192;4000;1024;1024;500;1024;1024;1024;1024;4000;1024;1000;1024;1024;4000;128,2;2;2;2;2;2;2;2;2;2;2;2;2;2;2;2;2;2;2;2;2;2;2;2;2;2;2;2;2;2,14;3;12;2;12;12;3;14;8;4;12;3;2;2;4;12;4;3;4;5;4;5;6;2;4;2;4;3;2;6,50.12;12.06;43.24;8.58;42.85;42.85;14.50;50.12;27.36;14.84;43.24;14.50;8.58;8.94;14.84;42.85;17.12;12.06;26.47;17.97;17.12;18.92;59.48;8.58;17.12;8.94;17.12;12.06;8.58;21.10,2245.8436,972723956464388,972727315359303,3358.894915,56720,63440,9389568,0,0,,std_14q_pool1,1,,,,block=4 seq=864 cfg=std_pool attempt=1
std_14q_pool1-std-rand20_t9-r-1-1789959502,2026-09-20T19:58:22,std,build_0071783e_20260829023649,0.002,7de69de,batch,rand20_t9,-1,ok,,20,1000;1000;500;1024;32;1024;400;8192;128;1024;24576;10000;500;1024;1000;10000;128;24576;8192;4000,2;2;2;2;2;2;2;2;2;2;2;2;2;2;2;2;2;2;2;2,5;3;4;3;8;6;14;3;6;3;2;12;4;3;5;1;6;2;3;12,17.66;14.50;26.47;12.06;27.36;59.48;50.12;11.71;21.10;12.06;8.58;43.24;26.47;12.06;17.66;5.43;21.10;8.58;11.71;42.85,1472.5207,972728563243883,972730916654951,2353.411068,38384,42864,5770752,0,0,,std_14q_pool1,1,,,,block=4 seq=870 cfg=std_pool attempt=1
std_14q_pool1-std-rand20_t9-r0-1789959505,2026-09-20T19:58:25,std,build_0071783e_20260829023649,0.002,7de69de,batch,rand20_t9,0,ok,,20,1000;1000;500;1024;32;1024;400;8192;128;1024;24576;10000;500;1024;1000;10000;128;24576;8192;4000,2;2;2;2;2;2;2;2;2;2;2;2;2;2;2;2;2;2;2;2,5;3;4;3;8;6;14;3;6;3;2;12;4;3;5;1;6;2;3;12,17.66;14.50;26.47;12.06;27.36;59.48;50.12;11.71;21.10;12.06;8.58;43.24;26.47;12.06;17.66;5.43;21.10;8.58;11.71;42.85,1472.5207,972731424273298,972733777660576,2353.387278,38384,42864,5770752,0,0,,std_14q_pool1,1,,,,block=4 seq=870 cfg=std_pool attempt=1
std_14q_pool1-std-rand20_t9-r1-1789959508,2026-09-20T19:58:28,std,build_0071783e_20260829023649,0.002,7de69de,batch,rand20_t9,1,ok,,20,1000;1000;500;1024;32;1024;400;8192;128;1024;24576;10000;500;1024;1000;10000;128;24576;8192;4000,2;2;2;2;2;2;2;2;2;2;2;2;2;2;2;2;2;2;2;2,5;3;4;3;8;6;14;3;6;3;2;12;4;3;5;1;6;2;3;12,17.66;14.50;26.47;12.06;27.36;59.48;50.12;11.71;21.10;12.06;8.58;43.24;26.47;12.06;17.66;5.43;21.10;8.58;11.71;42.85,1472.5207,972734286805888,972736640130775,2353.324887,38384,42864,5770752,0,0,,std_14q_pool1,1,,,,block=4 seq=870 cfg=std_pool attempt=1
std_14q_pool1-std-rand20_t9-r2-1789959511,2026-09-20T19:58:31,std,build_0071783e_20260829023649,0.002,7de69de,batch,rand20_t9,2,ok,,20,1000;1000;500;1024;32;1024;400;8192;128;1024;24576;10000;500;1024;1000;10000;128;24576;8192;4000,2;2;2;2;2;2;2;2;2;2;2;2;2;2;2;2;2;2;2;2,5;3;4;3;8;6;14;3;6;3;2;12;4;3;5;1;6;2;3;12,17.66;14.50;26.47;12.06;27.36;59.48;50.12;11.71;21.10;12.06;8.58;43.24;26.47;12.06;17.66;5.43;21.10;8.58;11.71;42.85,1472.5207,972737147175276,972739500524213,2353.348937,38384,42864,5770752,0,0,,std_14q_pool1,1,,,,block=4 seq=870 cfg=std_pool attempt=1
std_14q_pool1-std-rand20_t9-r3-1789959514,2026-09-20T19:58:34,std,build_0071783e_20260829023649,0.002,7de69de,batch,rand20_t9,3,ok,,20,1000;1000;500;1024;32;1024;400;8192;128;1024;24576;10000;500;1024;1000;10000;128;24576;8192;4000,2;2;2;2;2;2;2;2;2;2;2;2;2;2;2;2;2;2;2;2,5;3;4;3;8;6;14;3;6;3;2;12;4;3;5;1;6;2;3;12,17.66;14.50;26.47;12.06;27.36;59.48;50.12;11.71;21.10;12.06;8.58;43.24;26.47;12.06;17.66;5.43;21.10;8.58;11.71;42.85,1472.5207,972740007229341,972742360723570,2353.494229,38384,42864,5770752,0,0,,std_14q_pool1,1,,,,block=4 seq=870 cfg=std_pool attempt=1
std_14q_pool1-std-rand20_t9-r4-1789959517,2026-09-20T19:58:37,std,build_0071783e_20260829023649,0.002,7de69de,batch,rand20_t9,4,ok,,20,1000;1000;500;1024;32;1024;400;8192;128;1024;24576;10000;500;1024;1000;10000;128;24576;8192;4000,2;2;2;2;2;2;2;2;2;2;2;2;2;2;2;2;2;2;2;2,5;3;4;3;8;6;14;3;6;3;2;12;4;3;5;1;6;2;3;12,17.66;14.50;26.47;12.06;27.36;59.48;50.12;11.71;21.10;12.06;8.58;43.24;26.47;12.06;17.66;5.43;21.10;8.58;11.71;42.85,1472.5207,972742868576409,972745221937426,2353.361017,38384,42864,5770752,0,0,,std_14q_pool1,1,,,,block=4 seq=870 cfg=std_pool attempt=1
std_14q_pool1-std-rand30_t0-r-1-1789959520,2026-09-20T19:58:40,std,build_0071783e_20260829023649,0.002,7de69de,batch,rand30_t0,-1,ok,,30,1024;1024;400;10000;4000;4000;8192;4000;10000;4000;4000;1000;1000;4000;10000;4000;128;500;1000;1024;4000;1024;400;4000;24576;1000;8192;1024;400;4000,2;2;2;2;2;2;2;2;2;2;2;2;2;2;2;2;2;2;2;2;2;2;2;2;2;2;2;2;2;2,6;5;14;1;2;2;4;12;12;12;12;3;3;2;12;12;6;4;2;6;12;4;14;12;2;5;4;6;14;12,59.48;18.92;50.12;5.43;8.58;8.58;14.84;42.85;43.24;42.85;42.85;14.50;14.50;8.58;43.24;42.85;21.10;26.47;8.94;59.48;42.85;17.12;50.12;42.85;8.58;17.66;14.84;59.48;50.12;42.85,3027.4219,972746453509574,972750885736383,4432.226809,85216,91936,12526272,0,0,,std_14q_pool1,1,,,,block=4 seq=876 cfg=std_pool attempt=1
std_14q_pool1-std-rand30_t0-r0-1789959526,2026-09-20T19:58:46,std,build_0071783e_20260829023649,0.002,7de69de,batch,rand30_t0,0,ok,,30,1024;1024;400;10000;4000;4000;8192;4000;10000;4000;4000;1000;1000;4000;10000;4000;128;500;1000;1024;4000;1024;400;4000;24576;1000;8192;1024;400;4000,2;2;2;2;2;2;2;2;2;2;2;2;2;2;2;2;2;2;2;2;2;2;2;2;2;2;2;2;2;2,6;5;14;1;2;2;4;12;12;12;12;3;3;2;12;12;6;4;2;6;12;4;14;12;2;5;4;6;14;12,59.48;18.92;50.12;5.43;8.58;8.58;14.84;42.85;43.24;42.85;42.85;14.50;14.50;8.58;43.24;42.85;21.10;26.47;8.94;59.48;42.85;17.12;50.12;42.85;8.58;17.66;14.84;59.48;50.12;42.85,3027.4219,972751455159898,972755887402248,4432.24235,85216,91936,12526272,0,0,,std_14q_pool1,1,,,,block=4 seq=876 cfg=std_pool attempt=1
std_14q_pool1-std-rand30_t0-r1-1789959531,2026-09-20T19:58:51,std,build_0071783e_20260829023649,0.002,7de69de,batch,rand30_t0,1,ok,,30,1024;1024;400;10000;4000;4000;8192;4000;10000;4000;4000;1000;1000;4000;10000;4000;128;500;1000;1024;4000;1024;400;4000;24576;1000;8192;1024;400;4000,2;2;2;2;2;2;2;2;2;2;2;2;2;2;2;2;2;2;2;2;2;2;2;2;2;2;2;2;2;2,6;5;14;1;2;2;4;12;12;12;12;3;3;2;12;12;6;4;2;6;12;4;14;12;2;5;4;6;14;12,59.48;18.92;50.12;5.43;8.58;8.58;14.84;42.85;43.24;42.85;42.85;14.50;14.50;8.58;43.24;42.85;21.10;26.47;8.94;59.48;42.85;17.12;50.12;42.85;8.58;17.66;14.84;59.48;50.12;42.85,3027.4219,972756531889754,972760964198684,4432.30893,85216,91936,12526272,0,0,,std_14q_pool1,1,,,,block=4 seq=876 cfg=std_pool attempt=1
std_14q_pool1-std-rand30_t0-r2-1789959536,2026-09-20T19:58:56,std,build_0071783e_20260829023649,0.002,7de69de,batch,rand30_t0,2,ok,,30,1024;1024;400;10000;4000;4000;8192;4000;10000;4000;4000;1000;1000;4000;10000;4000;128;500;1000;1024;4000;1024;400;4000;24576;1000;8192;1024;400;4000,2;2;2;2;2;2;2;2;2;2;2;2;2;2;2;2;2;2;2;2;2;2;2;2;2;2;2;2;2;2,6;5;14;1;2;2;4;12;12;12;12;3;3;2;12;12;6;4;2;6;12;4;14;12;2;5;4;6;14;12,59.48;18.92;50.12;5.43;8.58;8.58;14.84;42.85;43.24;42.85;42.85;14.50;14.50;8.58;43.24;42.85;21.10;26.47;8.94;59.48;42.85;17.12;50.12;42.85;8.58;17.66;14.84;59.48;50.12;42.85,3027.4219,972761534678819,972765966866988,4432.188169,85216,91936,12526272,0,0,,std_14q_pool1,1,,,,block=4 seq=876 cfg=std_pool attempt=1
std_14q_pool1-std-rand30_t0-r3-1789959541,2026-09-20T19:59:01,std,build_0071783e_20260829023649,0.002,7de69de,batch,rand30_t0,3,ok,,30,1024;1024;400;10000;4000;4000;8192;4000;10000;4000;4000;1000;1000;4000;10000;4000;128;500;1000;1024;4000;1024;400;4000;24576;1000;8192;1024;400;4000,2;2;2;2;2;2;2;2;2;2;2;2;2;2;2;2;2;2;2;2;2;2;2;2;2;2;2;2;2;2,6;5;14;1;2;2;4;12;12;12;12;3;3;2;12;12;6;4;2;6;12;4;14;12;2;5;4;6;14;12,59.48;18.92;50.12;5.43;8.58;8.58;14.84;42.85;43.24;42.85;42.85;14.50;14.50;8.58;43.24;42.85;21.10;26.47;8.94;59.48;42.85;17.12;50.12;42.85;8.58;17.66;14.84;59.48;50.12;42.85,3027.4219,972766536142432,972770969115408,4432.972976,85216,91936,12526272,0,0,,std_14q_pool1,1,,,,block=4 seq=876 cfg=std_pool attempt=1
std_14q_pool1-std-rand30_t0-r4-1789959546,2026-09-20T19:59:06,std,build_0071783e_20260829023649,0.002,7de69de,batch,rand30_t0,4,ok,,30,1024;1024;400;10000;4000;4000;8192;4000;10000;4000;4000;1000;1000;4000;10000;4000;128;500;1000;1024;4000;1024;400;4000;24576;1000;8192;1024;400;4000,2;2;2;2;2;2;2;2;2;2;2;2;2;2;2;2;2;2;2;2;2;2;2;2;2;2;2;2;2;2,6;5;14;1;2;2;4;12;12;12;12;3;3;2;12;12;6;4;2;6;12;4;14;12;2;5;4;6;14;12,59.48;18.92;50.12;5.43;8.58;8.58;14.84;42.85;43.24;42.85;42.85;14.50;14.50;8.58;43.24;42.85;21.10;26.47;8.94;59.48;42.85;17.12;50.12;42.85;8.58;17.66;14.84;59.48;50.12;42.85,3027.4219,972771541609434,972775973017085,4431.407651,85216,91936,12526272,0,0,,std_14q_pool1,1,,,,block=4 seq=876 cfg=std_pool attempt=1
std_14q_pool1-std-rand10_t4-r-1-1789959551,2026-09-20T19:59:11,std,build_0071783e_20260829023649,0.002,7de69de,batch,rand10_t4,-1,ok,,10,1000;24576;1000;1024;8192;1000;4000;1024;500;1024,2;2;2;2;2;2;2;2;2;2,5;2;3;3;3;3;2;3;4;5,17.66;8.58;14.50;12.06;11.71;14.50;8.58;12.06;26.47;17.97,444.2518,972776862403520,972777647812266,785.408746,9648,11888,1655488,0,0,,std_14q_pool1,1,,,,block=4 seq=882 cfg=std_pool attempt=1
std_14q_pool1-std-rand10_t4-r0-1789959552,2026-09-20T19:59:12,std,build_0071783e_20260829023649,0.002,7de69de,batch,rand10_t4,0,ok,,10,1000;24576;1000;1024;8192;1000;4000;1024;500;1024,2;2;2;2;2;2;2;2;2;2,5;2;3;3;3;3;2;3;4;5,17.66;8.58;14.50;12.06;11.71;14.50;8.58;12.06;26.47;17.97,444.2518,972777830589214,972778616057740,785.468526,9648,11888,1655488,0,0,,std_14q_pool1,1,,,,block=4 seq=882 cfg=std_pool attempt=1
std_14q_pool1-std-rand10_t4-r1-1789959553,2026-09-20T19:59:13,std,build_0071783e_20260829023649,0.002,7de69de,batch,rand10_t4,1,ok,,10,1000;24576;1000;1024;8192;1000;4000;1024;500;1024,2;2;2;2;2;2;2;2;2;2,5;2;3;3;3;3;2;3;4;5,17.66;8.58;14.50;12.06;11.71;14.50;8.58;12.06;26.47;17.97,444.2518,972778798572995,972779583966150,785.393155,9648,11888,1655488,0,0,,std_14q_pool1,1,,,,block=4 seq=882 cfg=std_pool attempt=1
std_14q_pool1-std-rand10_t4-r2-1789959554,2026-09-20T19:59:14,std,build_0071783e_20260829023649,0.002,7de69de,batch,rand10_t4,2,ok,,10,1000;24576;1000;1024;8192;1000;4000;1024;500;1024,2;2;2;2;2;2;2;2;2;2,5;2;3;3;3;3;2;3;4;5,17.66;8.58;14.50;12.06;11.71;14.50;8.58;12.06;26.47;17.97,444.2518,972779765757198,972780551221604,785.464406,9648,11888,1655488,0,0,,std_14q_pool1,1,,,,block=4 seq=882 cfg=std_pool attempt=1
std_14q_pool1-std-rand10_t4-r3-1789959555,2026-09-20T19:59:15,std,build_0071783e_20260829023649,0.002,7de69de,batch,rand10_t4,3,ok,,10,1000;24576;1000;1024;8192;1000;4000;1024;500;1024,2;2;2;2;2;2;2;2;2;2,5;2;3;3;3;3;2;3;4;5,17.66;8.58;14.50;12.06;11.71;14.50;8.58;12.06;26.47;17.97,444.2518,972780732842421,972781518248596,785.406175,9648,11888,1655488,0,0,,std_14q_pool1,1,,,,block=4 seq=882 cfg=std_pool attempt=1
std_14q_pool1-std-rand10_t4-r4-1789959556,2026-09-20T19:59:16,std,build_0071783e_20260829023649,0.002,7de69de,batch,rand10_t4,4,ok,,10,1000;24576;1000;1024;8192;1000;4000;1024;500;1024,2;2;2;2;2;2;2;2;2;2,5;2;3;3;3;3;2;3;4;5,17.66;8.58;14.50;12.06;11.71;14.50;8.58;12.06;26.47;17.97,444.2518,972781700762922,972782486184047,785.421125,9648,11888,1655488,0,0,,std_14q_pool1,1,,,,block=4 seq=882 cfg=std_pool attempt=1
c1_14q_native_pool1-c1-rand10_t0-r-1-1789959591,2026-09-20T19:59:51,c1,build_0071783e_20260829023649,0.002,7de69de,batch,rand10_t0,-1,ok,,10,500;24576;1024;1000;1000;4096;4000;8192;128;24576,2;2;2;2;2;2;2;2;2;2,4;2;3;3;5;14;12;3;6;2,26.47;8.58;12.06;14.50;17.66;46.42;42.85;11.71;21.10;8.58,939.8526,972816394760046,972817438985809,1044.225763,15376,576560,3840832,10764,23486,,c1_14q_native_pool1,0,,,,block=4 seq=888 cfg=c1_native attempt=1
c1_14q_native_pool1-c1-rand10_t0-r0-1789959592,2026-09-20T19:59:52,c1,build_0071783e_20260829023649,0.002,7de69de,batch,rand10_t0,0,ok,,10,500;24576;1024;1000;1000;4096;4000;8192;128;24576,2;2;2;2;2;2;2;2;2;2,4;2;3;3;5;14;12;3;6;2,26.47;8.58;12.06;14.50;17.66;46.42;42.85;11.71;21.10;8.58,939.8526,972817595970490,972818637253984,1041.283494,15376,576560,3840832,1321,6480,,c1_14q_native_pool1,0,,,,block=4 seq=888 cfg=c1_native attempt=1
c1_14q_native_pool1-c1-rand10_t0-r1-1789959593,2026-09-20T19:59:53,c1,build_0071783e_20260829023649,0.002,7de69de,batch,rand10_t0,1,ok,,10,500;24576;1024;1000;1000;4096;4000;8192;128;24576,2;2;2;2;2;2;2;2;2;2,4;2;3;3;5;14;12;3;6;2,26.47;8.58;12.06;14.50;17.66;46.42;42.85;11.71;21.10;8.58,939.8526,972818793383456,972819850177565,1056.794109,15376,576560,3840832,1339,6004,,c1_14q_native_pool1,0,,,,block=4 seq=888 cfg=c1_native attempt=1
c1_14q_native_pool1-c1-rand10_t0-r2-1789959594,2026-09-20T19:59:54,c1,build_0071783e_20260829023649,0.002,7de69de,batch,rand10_t0,2,ok,,10,500;24576;1024;1000;1000;4096;4000;8192;128;24576,2;2;2;2;2;2;2;2;2;2,4;2;3;3;5;14;12;3;6;2,26.47;8.58;12.06;14.50;17.66;46.42;42.85;11.71;21.10;8.58,939.8526,972820005656500,972821062090146,1056.433646,15376,576560,3840832,1358,6717,,c1_14q_native_pool1,0,,,,block=4 seq=888 cfg=c1_native attempt=1
c1_14q_native_pool1-c1-rand10_t0-r3-1789959596,2026-09-20T19:59:56,c1,build_0071783e_20260829023649,0.002,7de69de,batch,rand10_t0,3,ok,,10,500;24576;1024;1000;1000;4096;4000;8192;128;24576,2;2;2;2;2;2;2;2;2;2,4;2;3;3;5;14;12;3;6;2,26.47;8.58;12.06;14.50;17.66;46.42;42.85;11.71;21.10;8.58,939.8526,972821215343849,972822271702484,1056.358635,15376,576560,3840832,1653,7175,,c1_14q_native_pool1,0,,,,block=4 seq=888 cfg=c1_native attempt=1
c1_14q_native_pool1-c1-rand10_t0-r4-1789959597,2026-09-20T19:59:57,c1,build_0071783e_20260829023649,0.002,7de69de,batch,rand10_t0,4,ok,,10,500;24576;1024;1000;1000;4096;4000;8192;128;24576,2;2;2;2;2;2;2;2;2;2,4;2;3;3;5;14;12;3;6;2,26.47;8.58;12.06;14.50;17.66;46.42;42.85;11.71;21.10;8.58,939.8526,972822425643424,972823482260322,1056.616898,15376,576560,3840832,1485,7005,,c1_14q_native_pool1,0,,,,block=4 seq=888 cfg=c1_native attempt=1
c1_14q_native_pool1-c1-rand30_t1-r-1-1789959598,2026-09-20T19:59:58,c1,build_0071783e_20260829023649,0.002,7de69de,batch,rand30_t1,-1,ok,,30,400;1024;10000;4000;4000;4000;1000;400;32;8192;10000;1000;24576;1000;8192;4000;1024;1024;500;1024;1024;1024;1024;4000;1024;1000;1024;1024;4000;128,2;2;2;2;2;2;2;2;2;2;2;2;2;2;2;2;2;2;2;2;2;2;2;2;2;2;2;2;2;2,14;3;12;2;12;12;3;14;8;4;12;3;2;2;4;12;4;3;4;5;4;5;6;2;4;2;4;3;2;6,50.12;12.06;43.24;8.58;42.85;42.85;14.50;50.12;27.36;14.84;43.24;14.50;8.58;8.94;14.84;42.85;17.12;12.06;26.47;17.97;17.12;18.92;59.48;8.58;17.12;8.94;17.12;12.06;8.58;21.10,2245.8436,972824533811149,972827117039835,2583.228686,56720,1878208,9389568,2949,19017,,c1_14q_native_pool1,0,,,,block=4 seq=894 cfg=c1_native attempt=1
c1_14q_native_pool1-c1-rand30_t1-r0-1789959602,2026-09-20T20:00:02,c1,build_0071783e_20260829023649,0.002,7de69de,batch,rand30_t1,0,ok,,30,400;1024;10000;4000;4000;4000;1000;400;32;8192;10000;1000;24576;1000;8192;4000;1024;1024;500;1024;1024;1024;1024;4000;1024;1000;1024;1024;4000;128,2;2;2;2;2;2;2;2;2;2;2;2;2;2;2;2;2;2;2;2;2;2;2;2;2;2;2;2;2;2,14;3;12;2;12;12;3;14;8;4;12;3;2;2;4;12;4;3;4;5;4;5;6;2;4;2;4;3;2;6,50.12;12.06;43.24;8.58;42.85;42.85;14.50;50.12;27.36;14.84;43.24;14.50;8.58;8.94;14.84;42.85;17.12;12.06;26.47;17.97;17.12;18.92;59.48;8.58;17.12;8.94;17.12;12.06;8.58;21.10,2245.8436,972827608383309,972830169685336,2561.302027,56720,1878208,9389568,3022,19070,,c1_14q_native_pool1,0,,,,block=4 seq=894 cfg=c1_native attempt=1
c1_14q_native_pool1-c1-rand30_t1-r1-1789959605,2026-09-20T20:00:05,c1,build_0071783e_20260829023649,0.002,7de69de,batch,rand30_t1,1,ok,,30,400;1024;10000;4000;4000;4000;1000;400;32;8192;10000;1000;24576;1000;8192;4000;1024;1024;500;1024;1024;1024;1024;4000;1024;1000;1024;1024;4000;128,2;2;2;2;2;2;2;2;2;2;2;2;2;2;2;2;2;2;2;2;2;2;2;2;2;2;2;2;2;2,14;3;12;2;12;12;3;14;8;4;12;3;2;2;4;12;4;3;4;5;4;5;6;2;4;2;4;3;2;6,50.12;12.06;43.24;8.58;42.85;42.85;14.50;50.12;27.36;14.84;43.24;14.50;8.58;8.94;14.84;42.85;17.12;12.06;26.47;17.97;17.12;18.92;59.48;8.58;17.12;8.94;17.12;12.06;8.58;21.10,2245.8436,972830657101781,972833208673371,2551.57159,56720,1878208,9389568,2981,18838,,c1_14q_native_pool1,0,,,,block=4 seq=894 cfg=c1_native attempt=1
c1_14q_native_pool1-c1-rand30_t1-r2-1789959608,2026-09-20T20:00:08,c1,build_0071783e_20260829023649,0.002,7de69de,batch,rand30_t1,2,ok,,30,400;1024;10000;4000;4000;4000;1000;400;32;8192;10000;1000;24576;1000;8192;4000;1024;1024;500;1024;1024;1024;1024;4000;1024;1000;1024;1024;4000;128,2;2;2;2;2;2;2;2;2;2;2;2;2;2;2;2;2;2;2;2;2;2;2;2;2;2;2;2;2;2,14;3;12;2;12;12;3;14;8;4;12;3;2;2;4;12;4;3;4;5;4;5;6;2;4;2;4;3;2;6,50.12;12.06;43.24;8.58;42.85;42.85;14.50;50.12;27.36;14.84;43.24;14.50;8.58;8.94;14.84;42.85;17.12;12.06;26.47;17.97;17.12;18.92;59.48;8.58;17.12;8.94;17.12;12.06;8.58;21.10,2245.8436,972833699921564,972836248970189,2549.048625,56720,1878208,9389568,2974,19608,,c1_14q_native_pool1,0,,,,block=4 seq=894 cfg=c1_native attempt=1
c1_14q_native_pool1-c1-rand30_t1-r3-1789959611,2026-09-20T20:00:11,c1,build_0071783e_20260829023649,0.002,7de69de,batch,rand30_t1,3,ok,,30,400;1024;10000;4000;4000;4000;1000;400;32;8192;10000;1000;24576;1000;8192;4000;1024;1024;500;1024;1024;1024;1024;4000;1024;1000;1024;1024;4000;128,2;2;2;2;2;2;2;2;2;2;2;2;2;2;2;2;2;2;2;2;2;2;2;2;2;2;2;2;2;2,14;3;12;2;12;12;3;14;8;4;12;3;2;2;4;12;4;3;4;5;4;5;6;2;4;2;4;3;2;6,50.12;12.06;43.24;8.58;42.85;42.85;14.50;50.12;27.36;14.84;43.24;14.50;8.58;8.94;14.84;42.85;17.12;12.06;26.47;17.97;17.12;18.92;59.48;8.58;17.12;8.94;17.12;12.06;8.58;21.10,2245.8436,972836739710517,972839319665980,2579.955463,56720,1878208,9389568,3054,19827,,c1_14q_native_pool1,0,,,,block=4 seq=894 cfg=c1_native attempt=1
c1_14q_native_pool1-c1-rand30_t1-r4-1789959614,2026-09-20T20:00:14,c1,build_0071783e_20260829023649,0.002,7de69de,batch,rand30_t1,4,ok,,30,400;1024;10000;4000;4000;4000;1000;400;32;8192;10000;1000;24576;1000;8192;4000;1024;1024;500;1024;1024;1024;1024;4000;1024;1000;1024;1024;4000;128,2;2;2;2;2;2;2;2;2;2;2;2;2;2;2;2;2;2;2;2;2;2;2;2;2;2;2;2;2;2,14;3;12;2;12;12;3;14;8;4;12;3;2;2;4;12;4;3;4;5;4;5;6;2;4;2;4;3;2;6,50.12;12.06;43.24;8.58;42.85;42.85;14.50;50.12;27.36;14.84;43.24;14.50;8.58;8.94;14.84;42.85;17.12;12.06;26.47;17.97;17.12;18.92;59.48;8.58;17.12;8.94;17.12;12.06;8.58;21.10,2245.8436,972839809117096,972842361245391,2552.128295,56720,1878208,9389568,3042,20224,,c1_14q_native_pool1,0,,,,block=4 seq=894 cfg=c1_native attempt=1
c1_14q_native_pool1-c1-rand20_t9-r-1-1789959617,2026-09-20T20:00:17,c1,build_0071783e_20260829023649,0.002,7de69de,batch,rand20_t9,-1,ok,,20,1000;1000;500;1024;32;1024;400;8192;128;1024;24576;10000;500;1024;1000;10000;128;24576;8192;4000,2;2;2;2;2;2;2;2;2;2;2;2;2;2;2;2;2;2;2;2,5;3;4;3;8;6;14;3;6;3;2;12;4;3;5;1;6;2;3;12,17.66;14.50;26.47;12.06;27.36;59.48;50.12;11.71;21.10;12.06;8.58;43.24;26.47;12.06;17.66;5.43;21.10;8.58;11.71;42.85,1472.5207,972843070943889,972844735146094,1664.202205,38384,1133024,5770752,2474,12733,,c1_14q_native_pool1,0,,,,block=4 seq=900 cfg=c1_native attempt=1
c1_14q_native_pool1-c1-rand20_t9-r0-1789959619,2026-09-20T20:00:19,c1,build_0071783e_20260829023649,0.002,7de69de,batch,rand20_t9,0,ok,,20,1000;1000;500;1024;32;1024;400;8192;128;1024;24576;10000;500;1024;1000;10000;128;24576;8192;4000,2;2;2;2;2;2;2;2;2;2;2;2;2;2;2;2;2;2;2;2,5;3;4;3;8;6;14;3;6;3;2;12;4;3;5;1;6;2;3;12,17.66;14.50;26.47;12.06;27.36;59.48;50.12;11.71;21.10;12.06;8.58;43.24;26.47;12.06;17.66;5.43;21.10;8.58;11.71;42.85,1472.5207,972844914643049,972846587001035,1672.357986,38384,1133024,5770752,2716,12598,,c1_14q_native_pool1,0,,,,block=4 seq=900 cfg=c1_native attempt=1
c1_14q_native_pool1-c1-rand20_t9-r1-1789959621,2026-09-20T20:00:21,c1,build_0071783e_20260829023649,0.002,7de69de,batch,rand20_t9,1,ok,,20,1000;1000;500;1024;32;1024;400;8192;128;1024;24576;10000;500;1024;1000;10000;128;24576;8192;4000,2;2;2;2;2;2;2;2;2;2;2;2;2;2;2;2;2;2;2;2,5;3;4;3;8;6;14;3;6;3;2;12;4;3;5;1;6;2;3;12,17.66;14.50;26.47;12.06;27.36;59.48;50.12;11.71;21.10;12.06;8.58;43.24;26.47;12.06;17.66;5.43;21.10;8.58;11.71;42.85,1472.5207,972846763648662,972848434642544,1670.993882,38384,1133024,5770752,2728,12997,,c1_14q_native_pool1,0,,,,block=4 seq=900 cfg=c1_native attempt=1
c1_14q_native_pool1-c1-rand20_t9-r2-1789959623,2026-09-20T20:00:23,c1,build_0071783e_20260829023649,0.002,7de69de,batch,rand20_t9,2,ok,,20,1000;1000;500;1024;32;1024;400;8192;128;1024;24576;10000;500;1024;1000;10000;128;24576;8192;4000,2;2;2;2;2;2;2;2;2;2;2;2;2;2;2;2;2;2;2;2,5;3;4;3;8;6;14;3;6;3;2;12;4;3;5;1;6;2;3;12,17.66;14.50;26.47;12.06;27.36;59.48;50.12;11.71;21.10;12.06;8.58;43.24;26.47;12.06;17.66;5.43;21.10;8.58;11.71;42.85,1472.5207,972848614873677,972850285238023,1670.364346,38384,1133024,5770752,2837,13241,,c1_14q_native_pool1,0,,,,block=4 seq=900 cfg=c1_native attempt=1
c1_14q_native_pool1-c1-rand20_t9-r3-1789959625,2026-09-20T20:00:25,c1,build_0071783e_20260829023649,0.002,7de69de,batch,rand20_t9,3,ok,,20,1000;1000;500;1024;32;1024;400;8192;128;1024;24576;10000;500;1024;1000;10000;128;24576;8192;4000,2;2;2;2;2;2;2;2;2;2;2;2;2;2;2;2;2;2;2;2,5;3;4;3;8;6;14;3;6;3;2;12;4;3;5;1;6;2;3;12,17.66;14.50;26.47;12.06;27.36;59.48;50.12;11.71;21.10;12.06;8.58;43.24;26.47;12.06;17.66;5.43;21.10;8.58;11.71;42.85,1472.5207,972850467269884,972852154889183,1687.619299,38384,1133024,5770752,2259,10904,,c1_14q_native_pool1,0,,,,block=4 seq=900 cfg=c1_native attempt=1
c1_14q_native_pool1-c1-rand20_t9-r4-1789959627,2026-09-20T20:00:27,c1,build_0071783e_20260829023649,0.002,7de69de,batch,rand20_t9,4,ok,,20,1000;1000;500;1024;32;1024;400;8192;128;1024;24576;10000;500;1024;1000;10000;128;24576;8192;4000,2;2;2;2;2;2;2;2;2;2;2;2;2;2;2;2;2;2;2;2,5;3;4;3;8;6;14;3;6;3;2;12;4;3;5;1;6;2;3;12,17.66;14.50;26.47;12.06;27.36;59.48;50.12;11.71;21.10;12.06;8.58;43.24;26.47;12.06;17.66;5.43;21.10;8.58;11.71;42.85,1472.5207,972852334547600,972854006406861,1671.859261,38384,1133024,5770752,2792,12983,,c1_14q_native_pool1,0,,,,block=4 seq=900 cfg=c1_native attempt=1
c1_14q_native_pool1-c1-rand30_t0-r-1-1789959629,2026-09-20T20:00:29,c1,build_0071783e_20260829023649,0.002,7de69de,batch,rand30_t0,-1,ok,,30,1024;1024;400;10000;4000;4000;8192;4000;10000;4000;4000;1000;1000;4000;10000;4000;128;500;1000;1024;4000;1024;400;4000;24576;1000;8192;1024;400;4000,2;2;2;2;2;2;2;2;2;2;2;2;2;2;2;2;2;2;2;2;2;2;2;2;2;2;2;2;2;2,6;5;14;1;2;2;4;12;12;12;12;3;3;2;12;12;6;4;2;6;12;4;14;12;2;5;4;6;14;12,59.48;18.92;50.12;5.43;8.58;8.58;14.84;42.85;43.24;42.85;42.85;14.50;14.50;8.58;43.24;42.85;21.10;26.47;8.94;59.48;42.85;17.12;50.12;42.85;8.58;17.66;14.84;59.48;50.12;42.85,3027.4219,972854801184100,972858253141175,3451.957075,85216,2365968,12526272,2949,26218,,c1_14q_native_pool1,0,,,,block=4 seq=906 cfg=c1_native attempt=1
c1_14q_native_pool1-c1-rand30_t0-r0-1789959633,2026-09-20T20:00:33,c1,build_0071783e_20260829023649,0.002,7de69de,batch,rand30_t0,0,ok,,30,1024;1024;400;10000;4000;4000;8192;4000;10000;4000;4000;1000;1000;4000;10000;4000;128;500;1000;1024;4000;1024;400;4000;24576;1000;8192;1024;400;4000,2;2;2;2;2;2;2;2;2;2;2;2;2;2;2;2;2;2;2;2;2;2;2;2;2;2;2;2;2;2,6;5;14;1;2;2;4;12;12;12;12;3;3;2;12;12;6;4;2;6;12;4;14;12;2;5;4;6;14;12,59.48;18.92;50.12;5.43;8.58;8.58;14.84;42.85;43.24;42.85;42.85;14.50;14.50;8.58;43.24;42.85;21.10;26.47;8.94;59.48;42.85;17.12;50.12;42.85;8.58;17.66;14.84;59.48;50.12;42.85,3027.4219,972858494047144,972861887408633,3393.361489,85216,2365968,12526272,3372,27410,,c1_14q_native_pool1,0,,,,block=4 seq=906 cfg=c1_native attempt=1
c1_14q_native_pool1-c1-rand30_t0-r1-1789959636,2026-09-20T20:00:36,c1,build_0071783e_20260829023649,0.002,7de69de,batch,rand30_t0,1,data_mismatch,STRM error after 172032/12526272 B,30,1024;1024;400;10000;4000;4000;8192;4000;10000;4000;4000;1000;1000;4000;10000;4000;128;500;1000;1024;4000;1024;400;4000;24576;1000;8192;1024;400;4000,2;2;2;2;2;2;2;2;2;2;2;2;2;2;2;2;2;2;2;2;2;2;2;2;2;2;2;2;2;2,6;5;14;1;2;2;4;12;12;12;12;3;3;2;12;12;6;4;2;6;12;4;14;12;2;5;4;6;14;12,59.48;18.92;50.12;5.43;8.58;8.58;14.84;42.85;43.24;42.85;42.85;14.50;14.50;8.58;43.24;42.85;21.10;26.47;8.94;59.48;42.85;17.12;50.12;42.85;8.58;17.66;14.84;59.48;50.12;42.85,3027.4219,,,,85216,,12526272,,,,c1_14q_native_pool1,0,,,,block=4 seq=906 cfg=c1_native attempt=1
c1_14q_native_pool1-c1-rand30_t0-r1-1789959787,2026-09-20T20:03:07,c1,build_0071783e_20260829023649,0.002,7de69de,batch,rand30_t0,1,ok,,30,1024;1024;400;10000;4000;4000;8192;4000;10000;4000;4000;1000;1000;4000;10000;4000;128;500;1000;1024;4000;1024;400;4000;24576;1000;8192;1024;400;4000,2;2;2;2;2;2;2;2;2;2;2;2;2;2;2;2;2;2;2;2;2;2;2;2;2;2;2;2;2;2,6;5;14;1;2;2;4;12;12;12;12;3;3;2;12;12;6;4;2;6;12;4;14;12;2;5;4;6;14;12,59.48;18.92;50.12;5.43;8.58;8.58;14.84;42.85;43.24;42.85;42.85;14.50;14.50;8.58;43.24;42.85;21.10;26.47;8.94;59.48;42.85;17.12;50.12;42.85;8.58;17.66;14.84;59.48;50.12;42.85,3027.4219,973162299748735,973165750674150,3450.925415,85216,2365968,12526272,2840,23882,,c1_14q_native_pool1,0,,,,block=4 seq=906 cfg=c1_native attempt=1
c1_14q_native_pool1-c1-rand30_t0-r2-1789959940,2026-09-20T20:05:40,c1,build_0071783e_20260829023649,0.002,7de69de,batch,rand30_t0,2,ok,,30,1024;1024;400;10000;4000;4000;8192;4000;10000;4000;4000;1000;1000;4000;10000;4000;128;500;1000;1024;4000;1024;400;4000;24576;1000;8192;1024;400;4000,2;2;2;2;2;2;2;2;2;2;2;2;2;2;2;2;2;2;2;2;2;2;2;2;2;2;2;2;2;2,6;5;14;1;2;2;4;12;12;12;12;3;3;2;12;12;6;4;2;6;12;4;14;12;2;5;4;6;14;12,59.48;18.92;50.12;5.43;8.58;8.58;14.84;42.85;43.24;42.85;42.85;14.50;14.50;8.58;43.24;42.85;21.10;26.47;8.94;59.48;42.85;17.12;50.12;42.85;8.58;17.66;14.84;59.48;50.12;42.85,3027.4219,973165993128804,973169400469363,3407.340559,85216,2365968,12526272,3204,26807,,c1_14q_native_pool1,0,,,,block=4 seq=906 cfg=c1_native attempt=1
c1_14q_native_pool1-c1-rand30_t0-r3-1789959944,2026-09-20T20:05:44,c1,build_0071783e_20260829023649,0.002,7de69de,batch,rand30_t0,3,ok,,30,1024;1024;400;10000;4000;4000;8192;4000;10000;4000;4000;1000;1000;4000;10000;4000;128;500;1000;1024;4000;1024;400;4000;24576;1000;8192;1024;400;4000,2;2;2;2;2;2;2;2;2;2;2;2;2;2;2;2;2;2;2;2;2;2;2;2;2;2;2;2;2;2,6;5;14;1;2;2;4;12;12;12;12;3;3;2;12;12;6;4;2;6;12;4;14;12;2;5;4;6;14;12,59.48;18.92;50.12;5.43;8.58;8.58;14.84;42.85;43.24;42.85;42.85;14.50;14.50;8.58;43.24;42.85;21.10;26.47;8.94;59.48;42.85;17.12;50.12;42.85;8.58;17.66;14.84;59.48;50.12;42.85,3027.4219,973169647790127,973173097297907,3449.50778,85216,2365968,12526272,3186,27789,,c1_14q_native_pool1,0,,,,block=4 seq=906 cfg=c1_native attempt=1
c1_14q_native_pool1-c1-rand30_t0-r4-1789959948,2026-09-20T20:05:48,c1,build_0071783e_20260829023649,0.002,7de69de,batch,rand30_t0,4,ok,,30,1024;1024;400;10000;4000;4000;8192;4000;10000;4000;4000;1000;1000;4000;10000;4000;128;500;1000;1024;4000;1024;400;4000;24576;1000;8192;1024;400;4000,2;2;2;2;2;2;2;2;2;2;2;2;2;2;2;2;2;2;2;2;2;2;2;2;2;2;2;2;2;2,6;5;14;1;2;2;4;12;12;12;12;3;3;2;12;12;6;4;2;6;12;4;14;12;2;5;4;6;14;12,59.48;18.92;50.12;5.43;8.58;8.58;14.84;42.85;43.24;42.85;42.85;14.50;14.50;8.58;43.24;42.85;21.10;26.47;8.94;59.48;42.85;17.12;50.12;42.85;8.58;17.66;14.84;59.48;50.12;42.85,3027.4219,973173335417019,973176742661007,3407.243988,85216,2365968,12526272,3349,25554,,c1_14q_native_pool1,0,,,,block=4 seq=906 cfg=c1_native attempt=1
c1_14q_native_pool1-c1-rand20_t0-r-1-1789959952,2026-09-20T20:05:52,c1,build_0071783e_20260829023649,0.002,7de69de,batch,rand20_t0,-1,ok,,20,24576;1000;4096;1024;1024;500;4000;128;32;1024;4000;1024;1024;1000;1024;4000;1024;500;500;1000,2;2;2;2;2;2;2;2;2;2;2;2;2;2;2;2;2;2;2;2,2;5;14;5;3;4;2;6;8;4;12;3;5;2;6;12;3;4;4;2,8.58;17.66;46.42;18.92;12.06;26.47;8.58;21.10;27.36;17.12;42.85;12.06;18.92;8.94;59.48;42.85;12.06;26.47;26.47;8.94,1011.2963,973177379018491,973178586262715,1207.244224,41632,1147328,4034496,1715,8345,,c1_14q_native_pool1,0,,,,block=4 seq=912 cfg=c1_native attempt=1
c1_14q_native_pool1-c1-rand20_t0-r0-1789959953,2026-09-20T20:05:53,c1,build_0071783e_20260829023649,0.002,7de69de,batch,rand20_t0,0,ok,,20,24576;1000;4096;1024;1024;500;4000;128;32;1024;4000;1024;1024;1000;1024;4000;1024;500;500;1000,2;2;2;2;2;2;2;2;2;2;2;2;2;2;2;2;2;2;2;2,2;5;14;5;3;4;2;6;8;4;12;3;5;2;6;12;3;4;4;2,8.58;17.66;46.42;18.92;12.06;26.47;8.58;21.10;27.36;17.12;42.85;12.06;18.92;8.94;59.48;42.85;12.06;26.47;26.47;8.94,1011.2963,973178670253595,973179877131736,1206.878141,41632,1147328,4034496,1593,8230,,c1_14q_native_pool1,0,,,,block=4 seq=912 cfg=c1_native attempt=1
c1_14q_native_pool1-c1-rand20_t0-r1-1789959954,2026-09-20T20:05:54,c1,build_0071783e_20260829023649,0.002,7de69de,batch,rand20_t0,1,ok,,20,24576;1000;4096;1024;1024;500;4000;128;32;1024;4000;1024;1024;1000;1024;4000;1024;500;500;1000,2;2;2;2;2;2;2;2;2;2;2;2;2;2;2;2;2;2;2;2,2;5;14;5;3;4;2;6;8;4;12;3;5;2;6;12;3;4;4;2,8.58;17.66;46.42;18.92;12.06;26.47;8.58;21.10;27.36;17.12;42.85;12.06;18.92;8.94;59.48;42.85;12.06;26.47;26.47;8.94,1011.2963,973179960245477,973181166887726,1206.642249,41632,1147328,4034496,1435,7870,,c1_14q_native_pool1,0,,,,block=4 seq=912 cfg=c1_native attempt=1
c1_14q_native_pool1-c1-rand20_t0-r2-1789959956,2026-09-20T20:05:56,c1,build_0071783e_20260829023649,0.002,7de69de,batch,rand20_t0,2,ok,,20,24576;1000;4096;1024;1024;500;4000;128;32;1024;4000;1024;1024;1000;1024;4000;1024;500;500;1000,2;2;2;2;2;2;2;2;2;2;2;2;2;2;2;2;2;2;2;2,2;5;14;5;3;4;2;6;8;4;12;3;5;2;6;12;3;4;4;2,8.58;17.66;46.42;18.92;12.06;26.47;8.58;21.10;27.36;17.12;42.85;12.06;18.92;8.94;59.48;42.85;12.06;26.47;26.47;8.94,1011.2963,973181248983667,973182455905568,1206.921901,41632,1147328,4034496,1374,7577,,c1_14q_native_pool1,0,,,,block=4 seq=912 cfg=c1_native attempt=1
c1_14q_native_pool1-c1-rand20_t0-r3-1789959957,2026-09-20T20:05:57,c1,build_0071783e_20260829023649,0.002,7de69de,batch,rand20_t0,3,ok,,20,24576;1000;4096;1024;1024;500;4000;128;32;1024;4000;1024;1024;1000;1024;4000;1024;500;500;1000,2;2;2;2;2;2;2;2;2;2;2;2;2;2;2;2;2;2;2;2,2;5;14;5;3;4;2;6;8;4;12;3;5;2;6;12;3;4;4;2,8.58;17.66;46.42;18.92;12.06;26.47;8.58;21.10;27.36;17.12;42.85;12.06;18.92;8.94;59.48;42.85;12.06;26.47;26.47;8.94,1011.2963,973182538690976,973183745632257,1206.941281,41632,1147328,4034496,1924,8982,,c1_14q_native_pool1,0,,,,block=4 seq=912 cfg=c1_native attempt=1
c1_14q_native_pool1-c1-rand20_t0-r4-1789959958,2026-09-20T20:05:58,c1,build_0071783e_20260829023649,0.002,7de69de,batch,rand20_t0,4,ok,,20,24576;1000;4096;1024;1024;500;4000;128;32;1024;4000;1024;1024;1000;1024;4000;1024;500;500;1000,2;2;2;2;2;2;2;2;2;2;2;2;2;2;2;2;2;2;2;2,2;5;14;5;3;4;2;6;8;4;12;3;5;2;6;12;3;4;4;2,8.58;17.66;46.42;18.92;12.06;26.47;8.58;21.10;27.36;17.12;42.85;12.06;18.92;8.94;59.48;42.85;12.06;26.47;26.47;8.94,1011.2963,973183827869520,973185034604919,1206.735399,41632,1147328,4034496,1758,8266,,c1_14q_native_pool1,0,,,,block=4 seq=912 cfg=c1_native attempt=1
c1_14q_native_pool1-c1-rand10_t4-r-1-1789959960,2026-09-20T20:06:00,c1,build_0071783e_20260829023649,0.002,7de69de,batch,rand10_t4,-1,ok,,10,1000;24576;1000;1024;8192;1000;4000;1024;500;1024,2;2;2;2;2;2;2;2;2;2,5;2;3;3;3;3;2;3;4;5,17.66;8.58;14.50;12.06;11.71;14.50;8.58;12.06;26.47;17.97,444.2518,973185642353047,973186160315148,517.962101,9648,344096,1655488,1274,4020,,c1_14q_native_pool1,0,,,,block=4 seq=918 cfg=c1_native attempt=1
c1_14q_native_pool1-c1-rand10_t4-r0-1789959961,2026-09-20T20:06:01,c1,build_0071783e_20260829023649,0.002,7de69de,batch,rand10_t4,0,ok,,10,1000;24576;1000;1024;8192;1000;4000;1024;500;1024,2;2;2;2;2;2;2;2;2;2,5;2;3;3;3;3;2;3;4;5,17.66;8.58;14.50;12.06;11.71;14.50;8.58;12.06;26.47;17.97,444.2518,973186317938384,973186832428370,514.489986,9648,344096,1655488,1110,3870,,c1_14q_native_pool1,0,,,,block=4 seq=918 cfg=c1_native attempt=1
c1_14q_native_pool1-c1-rand10_t4-r1-1789959961,2026-09-20T20:06:01,c1,build_0071783e_20260829023649,0.002,7de69de,batch,rand10_t4,1,ok,,10,1000;24576;1000;1024;8192;1000;4000;1024;500;1024,2;2;2;2;2;2;2;2;2;2,5;2;3;3;3;3;2;3;4;5,17.66;8.58;14.50;12.06;11.71;14.50;8.58;12.06;26.47;17.97,444.2518,973186989492691,973187504433101,514.94041,9648,344096,1655488,1071,3533,,c1_14q_native_pool1,0,,,,block=4 seq=918 cfg=c1_native attempt=1
c1_14q_native_pool1-c1-rand10_t4-r2-1789959962,2026-09-20T20:06:02,c1,build_0071783e_20260829023649,0.002,7de69de,batch,rand10_t4,2,ok,,10,1000;24576;1000;1024;8192;1000;4000;1024;500;1024,2;2;2;2;2;2;2;2;2;2,5;2;3;3;3;3;2;3;4;5,17.66;8.58;14.50;12.06;11.71;14.50;8.58;12.06;26.47;17.97,444.2518,973187661171599,973188176103899,514.9323,9648,344096,1655488,1077,3534,,c1_14q_native_pool1,0,,,,block=4 seq=918 cfg=c1_native attempt=1
c1_14q_native_pool1-c1-rand10_t4-r3-1789959963,2026-09-20T20:06:03,c1,build_0071783e_20260829023649,0.002,7de69de,batch,rand10_t4,3,ok,,10,1000;24576;1000;1024;8192;1000;4000;1024;500;1024,2;2;2;2;2;2;2;2;2;2,5;2;3;3;3;3;2;3;4;5,17.66;8.58;14.50;12.06;11.71;14.50;8.58;12.06;26.47;17.97,444.2518,973188333751946,973188848563104,514.811158,9648,344096,1655488,1050,3862,,c1_14q_native_pool1,0,,,,block=4 seq=918 cfg=c1_native attempt=1
c1_14q_native_pool1-c1-rand10_t4-r4-1789959963,2026-09-20T20:06:03,c1,build_0071783e_20260829023649,0.002,7de69de,batch,rand10_t4,4,ok,,10,1000;24576;1000;1024;8192;1000;4000;1024;500;1024,2;2;2;2;2;2;2;2;2;2,5;2;3;3;3;3;2;3;4;5,17.66;8.58;14.50;12.06;11.71;14.50;8.58;12.06;26.47;17.97,444.2518,973189003054650,973189517813878,514.759228,9648,344096,1655488,1044,3548,,c1_14q_native_pool1,0,,,,block=4 seq=918 cfg=c1_native attempt=1
c1_14q_pool1-c1-rand20_t0-r-1-1789959965,2026-09-20T20:06:05,c1,build_0071783e_20260829023649,0.002,7de69de,batch,rand20_t0,-1,ok,,20,24576;1000;4096;1024;1024;500;4000;128;32;1024;4000;1024;1024;1000;1024;4000;1024;500;500;1000,2;2;2;2;2;2;2;2;2;2;2;2;2;2;2;2;2;2;2;2,2;5;14;5;3;4;2;6;8;4;12;3;5;2;6;12;3;4;4;2,8.58;17.66;46.42;18.92;12.06;26.47;8.58;21.10;27.36;17.12;42.85;12.06;18.92;8.94;59.48;42.85;12.06;26.47;26.47;8.94,1011.2963,973190675256574,973191755360107,1080.103533,41632,46112,4034496,1752,8365,,c1_14q_pool1,1,,,,block=4 seq=924 cfg=c1_pool attempt=1
c1_14q_pool1-c1-rand20_t0-r0-1789959966,2026-09-20T20:06:06,c1,build_0071783e_20260829023649,0.002,7de69de,batch,rand20_t0,0,ok,,20,24576;1000;4096;1024;1024;500;4000;128;32;1024;4000;1024;1024;1000;1024;4000;1024;500;500;1000,2;2;2;2;2;2;2;2;2;2;2;2;2;2;2;2;2;2;2;2,2;5;14;5;3;4;2;6;8;4;12;3;5;2;6;12;3;4;4;2,8.58;17.66;46.42;18.92;12.06;26.47;8.58;21.10;27.36;17.12;42.85;12.06;18.92;8.94;59.48;42.85;12.06;26.47;26.47;8.94,1011.2963,973192212362598,973193292337529,1079.974931,41632,46112,4034496,1752,8559,,c1_14q_pool1,1,,,,block=4 seq=924 cfg=c1_pool attempt=1
c1_14q_pool1-c1-rand20_t0-r1-1789959968,2026-09-20T20:06:08,c1,build_0071783e_20260829023649,0.002,7de69de,batch,rand20_t0,1,ok,,20,24576;1000;4096;1024;1024;500;4000;128;32;1024;4000;1024;1024;1000;1024;4000;1024;500;500;1000,2;2;2;2;2;2;2;2;2;2;2;2;2;2;2;2;2;2;2;2,2;5;14;5;3;4;2;6;8;4;12;3;5;2;6;12;3;4;4;2,8.58;17.66;46.42;18.92;12.06;26.47;8.58;21.10;27.36;17.12;42.85;12.06;18.92;8.94;59.48;42.85;12.06;26.47;26.47;8.94,1011.2963,973193749113478,973194828557744,1079.444266,41632,46112,4034496,1606,7796,,c1_14q_pool1,1,,,,block=4 seq=924 cfg=c1_pool attempt=1
c1_14q_pool1-c1-rand20_t0-r2-1789959969,2026-09-20T20:06:09,c1,build_0071783e_20260829023649,0.002,7de69de,batch,rand20_t0,2,ok,,20,24576;1000;4096;1024;1024;500;4000;128;32;1024;4000;1024;1024;1000;1024;4000;1024;500;500;1000,2;2;2;2;2;2;2;2;2;2;2;2;2;2;2;2;2;2;2;2,2;5;14;5;3;4;2;6;8;4;12;3;5;2;6;12;3;4;4;2,8.58;17.66;46.42;18.92;12.06;26.47;8.58;21.10;27.36;17.12;42.85;12.06;18.92;8.94;59.48;42.85;12.06;26.47;26.47;8.94,1011.2963,973195288240801,973196367384924,1079.144123,41632,46112,4034496,1326,7323,,c1_14q_pool1,1,,,,block=4 seq=924 cfg=c1_pool attempt=1
c1_14q_pool1-c1-rand20_t0-r3-1789959971,2026-09-20T20:06:11,c1,build_0071783e_20260829023649,0.002,7de69de,batch,rand20_t0,3,ok,,20,24576;1000;4096;1024;1024;500;4000;128;32;1024;4000;1024;1024;1000;1024;4000;1024;500;500;1000,2;2;2;2;2;2;2;2;2;2;2;2;2;2;2;2;2;2;2;2,2;5;14;5;3;4;2;6;8;4;12;3;5;2;6;12;3;4;4;2,8.58;17.66;46.42;18.92;12.06;26.47;8.58;21.10;27.36;17.12;42.85;12.06;18.92;8.94;59.48;42.85;12.06;26.47;26.47;8.94,1011.2963,973196825099802,973197905255145,1080.155343,41632,46112,4034496,1828,8562,,c1_14q_pool1,1,,,,block=4 seq=924 cfg=c1_pool attempt=1
c1_14q_pool1-c1-rand20_t0-r4-1789959972,2026-09-20T20:06:12,c1,build_0071783e_20260829023649,0.002,7de69de,batch,rand20_t0,4,ok,,20,24576;1000;4096;1024;1024;500;4000;128;32;1024;4000;1024;1024;1000;1024;4000;1024;500;500;1000,2;2;2;2;2;2;2;2;2;2;2;2;2;2;2;2;2;2;2;2,2;5;14;5;3;4;2;6;8;4;12;3;5;2;6;12;3;4;4;2,8.58;17.66;46.42;18.92;12.06;26.47;8.58;21.10;27.36;17.12;42.85;12.06;18.92;8.94;59.48;42.85;12.06;26.47;26.47;8.94,1011.2963,973198364445268,973199443942395,1079.497127,41632,46112,4034496,1411,7819,,c1_14q_pool1,1,,,,block=4 seq=924 cfg=c1_pool attempt=1
c1_14q_pool1-c1-rand10_t0-r-1-1789959975,2026-09-20T20:06:15,c1,build_0071783e_20260829023649,0.002,7de69de,batch,rand10_t0,-1,ok,,10,500;24576;1024;1000;1000;4096;4000;8192;128;24576,2;2;2;2;2;2;2;2;2;2,4;2;3;3;5;14;12;3;6;2,26.47;8.58;12.06;14.50;17.66;46.42;42.85;11.71;21.10;8.58,939.8526,973200538596773,973201519462673,980.8659,15376,17616,3840832,1472,6467,,c1_14q_pool1,1,,,,block=4 seq=930 cfg=c1_pool attempt=1
c1_14q_pool1-c1-rand10_t0-r0-1789959976,2026-09-20T20:06:16,c1,build_0071783e_20260829023649,0.002,7de69de,batch,rand10_t0,0,ok,,10,500;24576;1024;1000;1000;4096;4000;8192;128;24576,2;2;2;2;2;2;2;2;2;2,4;2;3;3;5;14;12;3;6;2,26.47;8.58;12.06;14.50;17.66;46.42;42.85;11.71;21.10;8.58,939.8526,973201990398193,973202971955330,981.557137,15376,17616,3840832,1706,7336,,c1_14q_pool1,1,,,,block=4 seq=930 cfg=c1_pool attempt=1
c1_14q_pool1-c1-rand10_t0-r1-1789959977,2026-09-20T20:06:17,c1,build_0071783e_20260829023649,0.002,7de69de,batch,rand10_t0,1,ok,,10,500;24576;1024;1000;1000;4096;4000;8192;128;24576,2;2;2;2;2;2;2;2;2;2,4;2;3;3;5;14;12;3;6;2,26.47;8.58;12.06;14.50;17.66;46.42;42.85;11.71;21.10;8.58,939.8526,973203437755639,973204419137984,981.382345,15376,17616,3840832,1690,7236,,c1_14q_pool1,1,,,,block=4 seq=930 cfg=c1_pool attempt=1
c1_14q_pool1-c1-rand10_t0-r2-1789959979,2026-09-20T20:06:19,c1,build_0071783e_20260829023649,0.002,7de69de,batch,rand10_t0,2,ok,,10,500;24576;1024;1000;1000;4096;4000;8192;128;24576,2;2;2;2;2;2;2;2;2;2,4;2;3;3;5;14;12;3;6;2,26.47;8.58;12.06;14.50;17.66;46.42;42.85;11.71;21.10;8.58,939.8526,973204881536229,973205862331559,980.79533,15376,17616,3840832,1323,6439,,c1_14q_pool1,1,,,,block=4 seq=930 cfg=c1_pool attempt=1
c1_14q_pool1-c1-rand10_t0-r3-1789959980,2026-09-20T20:06:20,c1,build_0071783e_20260829023649,0.002,7de69de,batch,rand10_t0,3,ok,,10,500;24576;1024;1000;1000;4096;4000;8192;128;24576,2;2;2;2;2;2;2;2;2;2,4;2;3;3;5;14;12;3;6;2,26.47;8.58;12.06;14.50;17.66;46.42;42.85;11.71;21.10;8.58,939.8526,973206328309069,973207309249620,980.940551,15376,17616,3840832,1376,6468,,c1_14q_pool1,1,,,,block=4 seq=930 cfg=c1_pool attempt=1
c1_14q_pool1-c1-rand10_t0-r4-1789959982,2026-09-20T20:06:22,c1,build_0071783e_20260829023649,0.002,7de69de,batch,rand10_t0,4,ok,,10,500;24576;1024;1000;1000;4096;4000;8192;128;24576,2;2;2;2;2;2;2;2;2;2,4;2;3;3;5;14;12;3;6;2,26.47;8.58;12.06;14.50;17.66;46.42;42.85;11.71;21.10;8.58,939.8526,973207775174680,973208756286473,981.111793,15376,17616,3840832,1568,6743,,c1_14q_pool1,1,,,,block=4 seq=930 cfg=c1_pool attempt=1
c1_14q_pool1-c1-rand10_t4-r-1-1789959984,2026-09-20T20:06:24,c1,build_0071783e_20260829023649,0.002,7de69de,batch,rand10_t4,-1,ok,,10,1000;24576;1000;1024;8192;1000;4000;1024;500;1024,2;2;2;2;2;2;2;2;2;2,5;2;3;3;3;3;2;3;4;5,17.66;8.58;14.50;12.06;11.71;14.50;8.58;12.06;26.47;17.97,444.2518,973209557020591,973210035966551,478.94596,9648,11888,1655488,1176,3825,,c1_14q_pool1,1,,,,block=4 seq=936 cfg=c1_pool attempt=1
c1_14q_pool1-c1-rand10_t4-r0-1789959985,2026-09-20T20:06:25,c1,build_0071783e_20260829023649,0.002,7de69de,batch,rand10_t4,0,data_mismatch,STRM error after 931392/1655488 B,10,1000;24576;1000;1024;8192;1000;4000;1024;500;1024,2;2;2;2;2;2;2;2;2;2,5;2;3;3;3;3;2;3;4;5,17.66;8.58;14.50;12.06;11.71;14.50;8.58;12.06;26.47;17.97,444.2518,,,,9648,,1655488,,,,c1_14q_pool1,1,,,,block=4 seq=936 cfg=c1_pool attempt=1
c1_14q_pool1-c1-rand10_t4-r0-1789960135,2026-09-20T20:08:55,c1,build_0071783e_20260829023649,0.002,7de69de,batch,rand10_t4,0,ok,,10,1000;24576;1000;1024;8192;1000;4000;1024;500;1024,2;2;2;2;2;2;2;2;2;2,5;2;3;3;3;3;2;3;4;5,17.66;8.58;14.50;12.06;11.71;14.50;8.58;12.06;26.47;17.97,444.2518,973510577479635,973511056185393,478.705758,9648,11888,1655488,1023,3471,,c1_14q_pool1,1,,,,block=4 seq=936 cfg=c1_pool attempt=1
c1_14q_pool1-c1-rand10_t4-r1-1789960286,2026-09-20T20:11:26,c1,build_0071783e_20260829023649,0.002,7de69de,batch,rand10_t4,1,ok,,10,1000;24576;1000;1024;8192;1000;4000;1024;500;1024,2;2;2;2;2;2;2;2;2;2,5;2;3;3;3;3;2;3;4;5,17.66;8.58;14.50;12.06;11.71;14.50;8.58;12.06;26.47;17.97,444.2518,973511226232044,973511704838721,478.606677,9648,11888,1655488,980,3365,,c1_14q_pool1,1,,,,block=4 seq=936 cfg=c1_pool attempt=1
c1_14q_pool1-c1-rand10_t4-r2-1789960286,2026-09-20T20:11:26,c1,build_0071783e_20260829023649,0.002,7de69de,batch,rand10_t4,2,ok,,10,1000;24576;1000;1024;8192;1000;4000;1024;500;1024,2;2;2;2;2;2;2;2;2;2,5;2;3;3;3;3;2;3;4;5,17.66;8.58;14.50;12.06;11.71;14.50;8.58;12.06;26.47;17.97,444.2518,973511875666879,973512354226846,478.559967,9648,11888,1655488,955,3351,,c1_14q_pool1,1,,,,block=4 seq=936 cfg=c1_pool attempt=1
c1_14q_pool1-c1-rand10_t4-r3-1789960287,2026-09-20T20:11:27,c1,build_0071783e_20260829023649,0.002,7de69de,batch,rand10_t4,3,ok,,10,1000;24576;1000;1024;8192;1000;4000;1024;500;1024,2;2;2;2;2;2;2;2;2;2,5;2;3;3;3;3;2;3;4;5,17.66;8.58;14.50;12.06;11.71;14.50;8.58;12.06;26.47;17.97,444.2518,973512524367867,973513002980234,478.612367,9648,11888,1655488,967,3379,,c1_14q_pool1,1,,,,block=4 seq=936 cfg=c1_pool attempt=1
c1_14q_pool1-c1-rand10_t4-r4-1789960288,2026-09-20T20:11:28,c1,build_0071783e_20260829023649,0.002,7de69de,batch,rand10_t4,4,ok,,10,1000;24576;1000;1024;8192;1000;4000;1024;500;1024,2;2;2;2;2;2;2;2;2;2,5;2;3;3;3;3;2;3;4;5,17.66;8.58;14.50;12.06;11.71;14.50;8.58;12.06;26.47;17.97,444.2518,973513173164446,973513651613481,478.449035,9648,11888,1655488,947,3337,,c1_14q_pool1,1,,,,block=4 seq=936 cfg=c1_pool attempt=1
c1_14q_pool1-c1-rand20_t9-r-1-1789960289,2026-09-20T20:11:29,c1,build_0071783e_20260829023649,0.002,7de69de,batch,rand20_t9,-1,ok,,20,1000;1000;500;1024;32;1024;400;8192;128;1024;24576;10000;500;1024;1000;10000;128;24576;8192;4000,2;2;2;2;2;2;2;2;2;2;2;2;2;2;2;2;2;2;2;2,5;3;4;3;8;6;14;3;6;3;2;12;4;3;5;1;6;2;3;12,17.66;14.50;26.47;12.06;27.36;59.48;50.12;11.71;21.10;12.06;8.58;43.24;26.47;12.06;17.66;5.43;21.10;8.58;11.71;42.85,1472.5207,973514812369491,973516360213542,1547.844051,38384,42864,5770752,2545,11255,,c1_14q_pool1,1,,,,block=4 seq=942 cfg=c1_pool attempt=1
c1_14q_pool1-c1-rand20_t9-r0-1789960291,2026-09-20T20:11:31,c1,build_0071783e_20260829023649,0.002,7de69de,batch,rand20_t9,0,ok,,20,1000;1000;500;1024;32;1024;400;8192;128;1024;24576;10000;500;1024;1000;10000;128;24576;8192;4000,2;2;2;2;2;2;2;2;2;2;2;2;2;2;2;2;2;2;2;2,5;3;4;3;8;6;14;3;6;3;2;12;4;3;5;1;6;2;3;12,17.66;14.50;26.47;12.06;27.36;59.48;50.12;11.71;21.10;12.06;8.58;43.24;26.47;12.06;17.66;5.43;21.10;8.58;11.71;42.85,1472.5207,973516824640437,973518375627659,1550.987222,38384,42864,5770752,3027,13707,,c1_14q_pool1,1,,,,block=4 seq=942 cfg=c1_pool attempt=1
c1_14q_pool1-c1-rand20_t9-r1-1789960293,2026-09-20T20:11:33,c1,build_0071783e_20260829023649,0.002,7de69de,batch,rand20_t9,1,ok,,20,1000;1000;500;1024;32;1024;400;8192;128;1024;24576;10000;500;1024;1000;10000;128;24576;8192;4000,2;2;2;2;2;2;2;2;2;2;2;2;2;2;2;2;2;2;2;2,5;3;4;3;8;6;14;3;6;3;2;12;4;3;5;1;6;2;3;12,17.66;14.50;26.47;12.06;27.36;59.48;50.12;11.71;21.10;12.06;8.58;43.24;26.47;12.06;17.66;5.43;21.10;8.58;11.71;42.85,1472.5207,973518842658610,973520390485981,1547.827371,38384,42864,5770752,2244,11460,,c1_14q_pool1,1,,,,block=4 seq=942 cfg=c1_pool attempt=1
c1_14q_pool1-c1-rand20_t9-r2-1789960295,2026-09-20T20:11:35,c1,build_0071783e_20260829023649,0.002,7de69de,batch,rand20_t9,2,ok,,20,1000;1000;500;1024;32;1024;400;8192;128;1024;24576;10000;500;1024;1000;10000;128;24576;8192;4000,2;2;2;2;2;2;2;2;2;2;2;2;2;2;2;2;2;2;2;2,5;3;4;3;8;6;14;3;6;3;2;12;4;3;5;1;6;2;3;12,17.66;14.50;26.47;12.06;27.36;59.48;50.12;11.71;21.10;12.06;8.58;43.24;26.47;12.06;17.66;5.43;21.10;8.58;11.71;42.85,1472.5207,973520857845595,973522406449783,1548.604188,38384,42864,5770752,2455,11225,,c1_14q_pool1,1,,,,block=4 seq=942 cfg=c1_pool attempt=1
c1_14q_pool1-c1-rand20_t9-r3-1789960297,2026-09-20T20:11:37,c1,build_0071783e_20260829023649,0.002,7de69de,batch,rand20_t9,3,ok,,20,1000;1000;500;1024;32;1024;400;8192;128;1024;24576;10000;500;1024;1000;10000;128;24576;8192;4000,2;2;2;2;2;2;2;2;2;2;2;2;2;2;2;2;2;2;2;2,5;3;4;3;8;6;14;3;6;3;2;12;4;3;5;1;6;2;3;12,17.66;14.50;26.47;12.06;27.36;59.48;50.12;11.71;21.10;12.06;8.58;43.24;26.47;12.06;17.66;5.43;21.10;8.58;11.71;42.85,1472.5207,973522873128491,973524422441546,1549.313055,38384,42864,5770752,2534,11899,,c1_14q_pool1,1,,,,block=4 seq=942 cfg=c1_pool attempt=1
c1_14q_pool1-c1-rand20_t9-r4-1789960299,2026-09-20T20:11:39,c1,build_0071783e_20260829023649,0.002,7de69de,batch,rand20_t9,4,ok,,20,1000;1000;500;1024;32;1024;400;8192;128;1024;24576;10000;500;1024;1000;10000;128;24576;8192;4000,2;2;2;2;2;2;2;2;2;2;2;2;2;2;2;2;2;2;2;2,5;3;4;3;8;6;14;3;6;3;2;12;4;3;5;1;6;2;3;12,17.66;14.50;26.47;12.06;27.36;59.48;50.12;11.71;21.10;12.06;8.58;43.24;26.47;12.06;17.66;5.43;21.10;8.58;11.71;42.85,1472.5207,973524887985773,973526437531881,1549.546108,38384,42864,5770752,2503,12066,,c1_14q_pool1,1,,,,block=4 seq=942 cfg=c1_pool attempt=1
c1_14q_pool1-c1-rand30_t1-r-1-1789960302,2026-09-20T20:11:42,c1,build_0071783e_20260829023649,0.002,7de69de,batch,rand30_t1,-1,ok,,30,400;1024;10000;4000;4000;4000;1000;400;32;8192;10000;1000;24576;1000;8192;4000;1024;1024;500;1024;1024;1024;1024;4000;1024;1000;1024;1024;4000;128,2;2;2;2;2;2;2;2;2;2;2;2;2;2;2;2;2;2;2;2;2;2;2;2;2;2;2;2;2;2,14;3;12;2;12;12;3;14;8;4;12;3;2;2;4;12;4;3;4;5;4;5;6;2;4;2;4;3;2;6,50.12;12.06;43.24;8.58;42.85;42.85;14.50;50.12;27.36;14.84;43.24;14.50;8.58;8.94;14.84;42.85;17.12;12.06;26.47;17.97;17.12;18.92;59.48;8.58;17.12;8.94;17.12;12.06;8.58;21.10,2245.8436,973527619547333,973529977208063,2357.66073,56720,63440,9389568,2508,18069,,c1_14q_pool1,1,,,,block=4 seq=948 cfg=c1_pool attempt=1
c1_14q_pool1-c1-rand30_t1-r0-1789960304,2026-09-20T20:11:44,c1,build_0071783e_20260829023649,0.002,7de69de,batch,rand30_t1,0,ok,,30,400;1024;10000;4000;4000;4000;1000;400;32;8192;10000;1000;24576;1000;8192;4000;1024;1024;500;1024;1024;1024;1024;4000;1024;1000;1024;1024;4000;128,2;2;2;2;2;2;2;2;2;2;2;2;2;2;2;2;2;2;2;2;2;2;2;2;2;2;2;2;2;2,14;3;12;2;12;12;3;14;8;4;12;3;2;2;4;12;4;3;4;5;4;5;6;2;4;2;4;3;2;6,50.12;12.06;43.24;8.58;42.85;42.85;14.50;50.12;27.36;14.84;43.24;14.50;8.58;8.94;14.84;42.85;17.12;12.06;26.47;17.97;17.12;18.92;59.48;8.58;17.12;8.94;17.12;12.06;8.58;21.10,2245.8436,973530441804289,973532800391329,2358.58704,56720,63440,9389568,2505,18027,,c1_14q_pool1,1,,,,block=4 seq=948 cfg=c1_pool attempt=1
c1_14q_pool1-c1-rand30_t1-r1-1789960307,2026-09-20T20:11:47,c1,build_0071783e_20260829023649,0.002,7de69de,batch,rand30_t1,1,ok,,30,400;1024;10000;4000;4000;4000;1000;400;32;8192;10000;1000;24576;1000;8192;4000;1024;1024;500;1024;1024;1024;1024;4000;1024;1000;1024;1024;4000;128,2;2;2;2;2;2;2;2;2;2;2;2;2;2;2;2;2;2;2;2;2;2;2;2;2;2;2;2;2;2,14;3;12;2;12;12;3;14;8;4;12;3;2;2;4;12;4;3;4;5;4;5;6;2;4;2;4;3;2;6,50.12;12.06;43.24;8.58;42.85;42.85;14.50;50.12;27.36;14.84;43.24;14.50;8.58;8.94;14.84;42.85;17.12;12.06;26.47;17.97;17.12;18.92;59.48;8.58;17.12;8.94;17.12;12.06;8.58;21.10,2245.8436,973533263424890,973535621545125,2358.120235,56720,63440,9389568,2812,18700,,c1_14q_pool1,1,,,,block=4 seq=948 cfg=c1_pool attempt=1
c1_14q_pool1-c1-rand30_t1-r2-1789960310,2026-09-20T20:11:50,c1,build_0071783e_20260829023649,0.002,7de69de,batch,rand30_t1,2,ok,,30,400;1024;10000;4000;4000;4000;1000;400;32;8192;10000;1000;24576;1000;8192;4000;1024;1024;500;1024;1024;1024;1024;4000;1024;1000;1024;1024;4000;128,2;2;2;2;2;2;2;2;2;2;2;2;2;2;2;2;2;2;2;2;2;2;2;2;2;2;2;2;2;2,14;3;12;2;12;12;3;14;8;4;12;3;2;2;4;12;4;3;4;5;4;5;6;2;4;2;4;3;2;6,50.12;12.06;43.24;8.58;42.85;42.85;14.50;50.12;27.36;14.84;43.24;14.50;8.58;8.94;14.84;42.85;17.12;12.06;26.47;17.97;17.12;18.92;59.48;8.58;17.12;8.94;17.12;12.06;8.58;21.10,2245.8436,973536086608976,973538445872193,2359.263217,56720,63440,9389568,2823,18642,,c1_14q_pool1,1,,,,block=4 seq=948 cfg=c1_pool attempt=1
c1_14q_pool1-c1-rand30_t1-r3-1789960313,2026-09-20T20:11:53,c1,build_0071783e_20260829023649,0.002,7de69de,batch,rand30_t1,3,ok,,30,400;1024;10000;4000;4000;4000;1000;400;32;8192;10000;1000;24576;1000;8192;4000;1024;1024;500;1024;1024;1024;1024;4000;1024;1000;1024;1024;4000;128,2;2;2;2;2;2;2;2;2;2;2;2;2;2;2;2;2;2;2;2;2;2;2;2;2;2;2;2;2;2,14;3;12;2;12;12;3;14;8;4;12;3;2;2;4;12;4;3;4;5;4;5;6;2;4;2;4;3;2;6,50.12;12.06;43.24;8.58;42.85;42.85;14.50;50.12;27.36;14.84;43.24;14.50;8.58;8.94;14.84;42.85;17.12;12.06;26.47;17.97;17.12;18.92;59.48;8.58;17.12;8.94;17.12;12.06;8.58;21.10,2245.8436,973538912879423,973541270259211,2357.379788,56720,63440,9389568,2685,17870,,c1_14q_pool1,1,,,,block=4 seq=948 cfg=c1_pool attempt=1
c1_14q_pool1-c1-rand30_t1-r4-1789960316,2026-09-20T20:11:56,c1,build_0071783e_20260829023649,0.002,7de69de,batch,rand30_t1,4,ok,,30,400;1024;10000;4000;4000;4000;1000;400;32;8192;10000;1000;24576;1000;8192;4000;1024;1024;500;1024;1024;1024;1024;4000;1024;1000;1024;1024;4000;128,2;2;2;2;2;2;2;2;2;2;2;2;2;2;2;2;2;2;2;2;2;2;2;2;2;2;2;2;2;2,14;3;12;2;12;12;3;14;8;4;12;3;2;2;4;12;4;3;4;5;4;5;6;2;4;2;4;3;2;6,50.12;12.06;43.24;8.58;42.85;42.85;14.50;50.12;27.36;14.84;43.24;14.50;8.58;8.94;14.84;42.85;17.12;12.06;26.47;17.97;17.12;18.92;59.48;8.58;17.12;8.94;17.12;12.06;8.58;21.10,2245.8436,973541737528514,973544094143854,2356.61534,56720,63440,9389568,2500,17159,,c1_14q_pool1,1,,,,block=4 seq=948 cfg=c1_pool attempt=1
c1_14q_pool1-c1-rand30_t0-r-1-1789960319,2026-09-20T20:11:59,c1,build_0071783e_20260829023649,0.002,7de69de,batch,rand30_t0,-1,ok,,30,1024;1024;400;10000;4000;4000;8192;4000;10000;4000;4000;1000;1000;4000;10000;4000;128;500;1000;1024;4000;1024;400;4000;24576;1000;8192;1024;400;4000,2;2;2;2;2;2;2;2;2;2;2;2;2;2;2;2;2;2;2;2;2;2;2;2;2;2;2;2;2;2,6;5;14;1;2;2;4;12;12;12;12;3;3;2;12;12;6;4;2;6;12;4;14;12;2;5;4;6;14;12,59.48;18.92;50.12;5.43;8.58;8.58;14.84;42.85;43.24;42.85;42.85;14.50;14.50;8.58;43.24;42.85;21.10;26.47;8.94;59.48;42.85;17.12;50.12;42.85;8.58;17.66;14.84;59.48;50.12;42.85,3027.4219,973545282927434,973548434041520,3151.114086,85216,91936,12526272,2590,23614,,c1_14q_pool1,1,,,,block=4 seq=954 cfg=c1_pool attempt=1
c1_14q_pool1-c1-rand30_t0-r0-1789960323,2026-09-20T20:12:03,c1,build_0071783e_20260829023649,0.002,7de69de,batch,rand30_t0,0,ok,,30,1024;1024;400;10000;4000;4000;8192;4000;10000;4000;4000;1000;1000;4000;10000;4000;128;500;1000;1024;4000;1024;400;4000;24576;1000;8192;1024;400;4000,2;2;2;2;2;2;2;2;2;2;2;2;2;2;2;2;2;2;2;2;2;2;2;2;2;2;2;2;2;2,6;5;14;1;2;2;4;12;12;12;12;3;3;2;12;12;6;4;2;6;12;4;14;12;2;5;4;6;14;12,59.48;18.92;50.12;5.43;8.58;8.58;14.84;42.85;43.24;42.85;42.85;14.50;14.50;8.58;43.24;42.85;21.10;26.47;8.94;59.48;42.85;17.12;50.12;42.85;8.58;17.66;14.84;59.48;50.12;42.85,3027.4219,973548909116651,973552060190227,3151.073576,85216,91936,12526272,2754,24019,,c1_14q_pool1,1,,,,block=4 seq=954 cfg=c1_pool attempt=1
c1_14q_pool1-c1-rand30_t0-r1-1789960327,2026-09-20T20:12:07,c1,build_0071783e_20260829023649,0.002,7de69de,batch,rand30_t0,1,ok,,30,1024;1024;400;10000;4000;4000;8192;4000;10000;4000;4000;1000;1000;4000;10000;4000;128;500;1000;1024;4000;1024;400;4000;24576;1000;8192;1024;400;4000,2;2;2;2;2;2;2;2;2;2;2;2;2;2;2;2;2;2;2;2;2;2;2;2;2;2;2;2;2;2,6;5;14;1;2;2;4;12;12;12;12;3;3;2;12;12;6;4;2;6;12;4;14;12;2;5;4;6;14;12,59.48;18.92;50.12;5.43;8.58;8.58;14.84;42.85;43.24;42.85;42.85;14.50;14.50;8.58;43.24;42.85;21.10;26.47;8.94;59.48;42.85;17.12;50.12;42.85;8.58;17.66;14.84;59.48;50.12;42.85,3027.4219,973552533675383,973555684954850,3151.279467,85216,91936,12526272,2712,23089,,c1_14q_pool1,1,,,,block=4 seq=954 cfg=c1_pool attempt=1
c1_14q_pool1-c1-rand30_t0-r2-1789960330,2026-09-20T20:12:10,c1,build_0071783e_20260829023649,0.002,7de69de,batch,rand30_t0,2,ok,,30,1024;1024;400;10000;4000;4000;8192;4000;10000;4000;4000;1000;1000;4000;10000;4000;128;500;1000;1024;4000;1024;400;4000;24576;1000;8192;1024;400;4000,2;2;2;2;2;2;2;2;2;2;2;2;2;2;2;2;2;2;2;2;2;2;2;2;2;2;2;2;2;2,6;5;14;1;2;2;4;12;12;12;12;3;3;2;12;12;6;4;2;6;12;4;14;12;2;5;4;6;14;12,59.48;18.92;50.12;5.43;8.58;8.58;14.84;42.85;43.24;42.85;42.85;14.50;14.50;8.58;43.24;42.85;21.10;26.47;8.94;59.48;42.85;17.12;50.12;42.85;8.58;17.66;14.84;59.48;50.12;42.85,3027.4219,973556161379195,973559312239349,3150.860154,85216,91936,12526272,2589,23951,,c1_14q_pool1,1,,,,block=4 seq=954 cfg=c1_pool attempt=1
c1_14q_pool1-c1-rand30_t0-r3-1789960334,2026-09-20T20:12:14,c1,build_0071783e_20260829023649,0.002,7de69de,batch,rand30_t0,3,ok,,30,1024;1024;400;10000;4000;4000;8192;4000;10000;4000;4000;1000;1000;4000;10000;4000;128;500;1000;1024;4000;1024;400;4000;24576;1000;8192;1024;400;4000,2;2;2;2;2;2;2;2;2;2;2;2;2;2;2;2;2;2;2;2;2;2;2;2;2;2;2;2;2;2,6;5;14;1;2;2;4;12;12;12;12;3;3;2;12;12;6;4;2;6;12;4;14;12;2;5;4;6;14;12,59.48;18.92;50.12;5.43;8.58;8.58;14.84;42.85;43.24;42.85;42.85;14.50;14.50;8.58;43.24;42.85;21.10;26.47;8.94;59.48;42.85;17.12;50.12;42.85;8.58;17.66;14.84;59.48;50.12;42.85,3027.4219,973559784756355,973562936493177,3151.736822,85216,91936,12526272,2751,23910,,c1_14q_pool1,1,,,,block=4 seq=954 cfg=c1_pool attempt=1
c1_14q_pool1-c1-rand30_t0-r4-1789960337,2026-09-20T20:12:17,c1,build_0071783e_20260829023649,0.002,7de69de,batch,rand30_t0,4,ok,,30,1024;1024;400;10000;4000;4000;8192;4000;10000;4000;4000;1000;1000;4000;10000;4000;128;500;1000;1024;4000;1024;400;4000;24576;1000;8192;1024;400;4000,2;2;2;2;2;2;2;2;2;2;2;2;2;2;2;2;2;2;2;2;2;2;2;2;2;2;2;2;2;2,6;5;14;1;2;2;4;12;12;12;12;3;3;2;12;12;6;4;2;6;12;4;14;12;2;5;4;6;14;12,59.48;18.92;50.12;5.43;8.58;8.58;14.84;42.85;43.24;42.85;42.85;14.50;14.50;8.58;43.24;42.85;21.10;26.47;8.94;59.48;42.85;17.12;50.12;42.85;8.58;17.66;14.84;59.48;50.12;42.85,3027.4219,973563411191765,973566562913037,3151.721272,85216,91936,12526272,2565,24140,,c1_14q_pool1,1,,,,block=4 seq=954 cfg=c1_pool attempt=1
c3_14q_stop1_warmup-c3-2-r-1-1789960456,2026-09-20T20:14:16,c3,build_13b440c3_20260918192735,0.001,7de69de,single,2,-1,ok,,1,8192,2,3,11.71,95.9611,973681848296511,973681945581914,97.285403,624,98560,393216,674,21889,1,c3_14q_stop1_warmup,0,1,0,0,stop_campaign rep=-1
c3_14q_stop1_warmup-c3-2-r-1-1789960457,2026-09-20T20:14:17,c3,build_13b440c3_20260918192735,0.001,7de69de,single,2,-1,ok,,1,8192,2,3,11.71,95.9611,973682473866897,973682503290091,29.423194,624,98560,393216,48,4213,1,c3_14q_stop1_warmup,0,1,0,0,stop_campaign rep=-1
c3_14q_stop1_warmup-c3-9-r-1-1789960457,2026-09-20T20:14:17,c3,build_13b440c3_20260918192735,0.001,7de69de,single,9,-1,ok,,1,128,2,6,21.10,2.7013,973683072314853,973683075118431,2.803578,1248,196864,12288,40,747,1,c3_14q_stop1_warmup,0,1,0,0,stop_campaign rep=-1
c3_14q_stop1_warmup-c3-9-r-1-1789960458,2026-09-20T20:14:18,c3,build_13b440c3_20260918192735,0.001,7de69de,single,9,-1,ok,,1,128,2,6,21.10,2.7013,973683715940660,973683717575836,1.635176,1248,196864,12288,45,234,1,c3_14q_stop1_warmup,0,1,0,0,stop_campaign rep=-1
c3_14q_stop1_warmup-c3-10-r-1-1789960459,2026-09-20T20:14:19,c3,build_13b440c3_20260918192735,0.001,7de69de,single,10,-1,ok,,1,32,2,8,27.36,0.8756,973684352106903,973684353092162,0.985259,1664,262400,4096,37,257,1,c3_14q_stop1_warmup,0,1,0,0,stop_campaign rep=-1
c3_14q_stop1_warmup-c3-10-r-1-1789960459,2026-09-20T20:14:19,c3,build_13b440c3_20260918192735,0.001,7de69de,single,10,-1,ok,,1,32,2,8,27.36,0.8756,973685086077693,973685086714490,0.636797,1664,262400,4096,53,83,1,c3_14q_stop1_warmup,0,1,0,0,stop_campaign rep=-1
c3_14q_stop1_warmup-c3-19-r-1-1789960460,2026-09-20T20:14:20,c3,build_13b440c3_20260918192735,0.001,7de69de,single,19,-1,ok,,1,4096,2,14,46.42,190.1199,973685913899253,973686104817342,190.918089,3968,458752,917504,650,49234,1,c3_14q_stop1_warmup,0,1,0,0,stop_campaign rep=-1
c3_14q_stop1_warmup-c3-19-r-1-1789960461,2026-09-20T20:14:21,c3,build_13b440c3_20260918192735,0.001,7de69de,single,19,-1,ok,,1,4096,2,14,46.42,190.1199,973687026693923,973687085247408,58.553485,3968,458752,917504,73,7915,1,c3_14q_stop1_warmup,0,1,0,0,stop_campaign rep=-1
c3_14q_stop1_warmup-c3-22-r-1-1789960462,2026-09-20T20:14:22,c3,build_13b440c3_20260918192735,0.001,7de69de,single,22,-1,ok,,1,400,2,14,50.12,20.0496,973687946847786,973687967117318,20.269532,4192,458752,89600,51,5091,1,c3_14q_stop1_warmup,0,1,0,0,stop_campaign rep=-1
c3_14q_stop1_warmup-c3-22-r-1-1789960463,2026-09-20T20:14:23,c3,build_13b440c3_20260918192735,0.001,7de69de,single,22,-1,ok,,1,400,2,14,50.12,20.0496,973688906544274,973688914033369,7.489095,4192,458752,89600,44,754,1,c3_14q_stop1_warmup,0,1,0,0,stop_campaign rep=-1
c3_14q_stop1_warmup-c3-23-r-1-1789960464,2026-09-20T20:14:24,c3,build_13b440c3_20260918192735,0.001,7de69de,single,23,-1,ok,,1,4000,2,12,42.85,171.4080,973689696150031,973689868329073,172.179042,3136,393472,768000,686,43012,1,c3_14q_stop1_warmup,0,1,0,0,stop_campaign rep=-1
c3_14q_stop1_warmup-c3-23-r-1-1789960465,2026-09-20T20:14:25,c3,build_13b440c3_20260918192735,0.001,7de69de,single,23,-1,ok,,1,4000,2,12,42.85,171.4080,973690703248984,973690755388995,52.140011,3136,393472,768000,52,5776,1,c3_14q_stop1_warmup,0,1,0,0,stop_campaign rep=-1
c3_14q_stop1-c3-2-r0-1789960466,2026-09-20T20:14:26,c3,build_13b440c3_20260918192735,0.001,7de69de,single,2,0,ok,,1,8192,2,3,11.71,95.9611,973691296431997,973691325846411,29.414414,624,98560,393216,43,4127,1,c3_14q_stop1,0,1,0,0,stop_campaign rep=1
c3_14q_stop1-c3-2-r0-1789960466,2026-09-20T20:14:26,c3,build_13b440c3_20260918192735,0.001,7de69de,single,2,0,ok,,1,8192,2,3,11.71,95.9611,973691791156995,973691888713540,97.556545,624,98560,393216,389,21334,1,c3_14q_stop1,0,1,0,0,stop_campaign rep=1
c3_14q_stop1-c3-2-r0-1789960467,2026-09-20T20:14:27,c3,build_13b440c3_20260918192735,0.001,7de69de,single,2,0,ok,,1,8192,2,3,11.71,95.9611,973692395231636,973692424622420,29.390784,624,98560,393216,44,4155,1,c3_14q_stop1,0,1,0,0,stop_campaign rep=1
c3_14q_stop1-c3-2-r0-1789960467,2026-09-20T20:14:27,c3,build_13b440c3_20260918192735,0.001,7de69de,single,2,0,ok,,1,8192,2,3,11.71,95.9611,973692887657331,973692984944184,97.286853,624,98560,393216,340,20949,1,c3_14q_stop1,0,1,0,0,stop_campaign rep=1
c3_14q_stop1-c3-2-r0-1789960468,2026-09-20T20:14:28,c3,build_13b440c3_20260918192735,0.001,7de69de,single,2,0,ok,,1,8192,2,3,11.71,95.9611,973693462517011,973693559803684,97.286673,624,98560,393216,46,20381,1,c3_14q_stop1,0,1,0,0,stop_campaign rep=1
c3_14q_stop1-c3-2-r0-1789960468,2026-09-20T20:14:28,c3,build_13b440c3_20260918192735,0.001,7de69de,single,2,0,ok,,1,8192,2,3,11.71,95.9611,973694070085547,973694099730174,29.644627,624,98560,393216,82,4214,1,c3_14q_stop1,0,1,0,0,stop_campaign rep=1
c3_14q_stop1-c3-2-r0-1789960469,2026-09-20T20:14:29,c3,build_13b440c3_20260918192735,0.001,7de69de,single,2,0,ok,,1,8192,2,3,11.71,95.9611,973694606609144,973694636233870,29.624726,624,98560,393216,43,4137,1,c3_14q_stop1,0,1,0,0,stop_campaign rep=1
c3_14q_stop1-c3-2-r0-1789960470,2026-09-20T20:14:30,c3,build_13b440c3_20260918192735,0.001,7de69de,single,2,0,ok,,1,8192,2,3,11.71,95.9611,973695103490463,973695200963998,97.473535,624,98560,393216,480,20988,1,c3_14q_stop1,0,1,0,0,stop_campaign rep=1
c3_14q_stop1-c3-2-r0-1789960470,2026-09-20T20:14:30,c3,build_13b440c3_20260918192735,0.001,7de69de,single,2,0,ok,,1,8192,2,3,11.71,95.9611,973695665349423,973695762640646,97.291223,624,98560,393216,585,21306,1,c3_14q_stop1,0,1,0,0,stop_campaign rep=1
c3_14q_stop1-c3-2-r0-1789960471,2026-09-20T20:14:31,c3,build_13b440c3_20260918192735,0.001,7de69de,single,2,0,ok,,1,8192,2,3,11.71,95.9611,973696271615786,973696301131961,29.516175,624,98560,393216,57,4229,1,c3_14q_stop1,0,1,0,0,stop_campaign rep=1
c3_14q_stop1-c3-9-r0-1789960471,2026-09-20T20:14:31,c3,build_13b440c3_20260918192735,0.001,7de69de,single,9,0,ok,,1,128,2,6,21.10,2.7013,973696864730248,973696867526646,2.796398,1248,196864,12288,40,731,1,c3_14q_stop1,0,1,0,0,stop_campaign rep=1
c3_14q_stop1-c3-9-r0-1789960472,2026-09-20T20:14:32,c3,build_13b440c3_20260918192735,0.001,7de69de,single,9,0,ok,,1,128,2,6,21.10,2.7013,973697472307775,973697473960032,1.652257,1248,196864,12288,45,245,1,c3_14q_stop1,0,1,0,0,stop_campaign rep=1
c3_14q_stop1-c3-9-r0-1789960472,2026-09-20T20:14:32,c3,build_13b440c3_20260918192735,0.001,7de69de,single,9,0,ok,,1,128,2,6,21.10,2.7013,973698080792271,973698082551558,1.759287,1248,196864,12288,45,277,1,c3_14q_stop1,0,1,0,0,stop_campaign rep=1
c3_14q_stop1-c3-9-r0-1789960473,2026-09-20T20:14:33,c3,build_13b440c3_20260918192735,0.001,7de69de,single,9,0,ok,,1,128,2,6,21.10,2.7013,973698689022634,973698691822062,2.799428,1248,196864,12288,46,759,1,c3_14q_stop1,0,1,0,0,stop_campaign rep=1
c3_14q_stop1-c3-9-r0-1789960474,2026-09-20T20:14:34,c3,build_13b440c3_20260918192735,0.001,7de69de,single,9,0,ok,,1,128,2,6,21.10,2.7013,973699301562750,973699303136846,1.574096,1248,196864,12288,44,213,1,c3_14q_stop1,0,1,0,0,stop_campaign rep=1
c3_14q_stop1-c3-9-r0-1789960474,2026-09-20T20:14:34,c3,build_13b440c3_20260918192735,0.001,7de69de,single,9,0,ok,,1,128,2,6,21.10,2.7013,973699916632312,973699919435850,2.803538,1248,196864,12288,38,743,1,c3_14q_stop1,0,1,0,0,stop_campaign rep=1
c3_14q_stop1-c3-9-r0-1789960475,2026-09-20T20:14:35,c3,build_13b440c3_20260918192735,0.001,7de69de,single,9,0,ok,,1,128,2,6,21.10,2.7013,973700523943596,973700526742984,2.799388,1248,196864,12288,50,745,1,c3_14q_stop1,0,1,0,0,stop_campaign rep=1
c3_14q_stop1-c3-9-r0-1789960475,2026-09-20T20:14:35,c3,build_13b440c3_20260918192735,0.001,7de69de,single,9,0,ok,,1,128,2,6,21.10,2.7013,973701137379471,973701138951637,1.572166,1248,196864,12288,44,260,1,c3_14q_stop1,0,1,0,0,stop_campaign rep=1
c3_14q_stop1-c3-9-r0-1789960476,2026-09-20T20:14:36,c3,build_13b440c3_20260918192735,0.001,7de69de,single,9,0,ok,,1,128,2,6,21.10,2.7013,973701746679425,973701749477983,2.798558,1248,196864,12288,40,684,1,c3_14q_stop1,0,1,0,0,stop_campaign rep=1
c3_14q_stop1-c3-9-r0-1789960477,2026-09-20T20:14:37,c3,build_13b440c3_20260918192735,0.001,7de69de,single,9,0,ok,,1,128,2,6,21.10,2.7013,973702391580115,973702393245522,1.665407,1248,196864,12288,44,244,1,c3_14q_stop1,0,1,0,0,stop_campaign rep=1
c3_14q_stop1-c3-10-r0-1789960477,2026-09-20T20:14:37,c3,build_13b440c3_20260918192735,0.001,7de69de,single,10,0,ok,,1,32,2,8,27.36,0.8756,973703067817479,973703068460505,0.643026,1664,262400,4096,39,106,1,c3_14q_stop1,0,1,0,0,stop_campaign rep=1
c3_14q_stop1-c3-10-r0-1789960478,2026-09-20T20:14:38,c3,build_13b440c3_20260918192735,0.001,7de69de,single,10,0,ok,,1,32,2,8,27.36,0.8756,973703755642948,973703756627118,0.98417,1664,262400,4096,62,283,1,c3_14q_stop1,0,1,0,0,stop_campaign rep=1
c3_14q_stop1-c3-10-r0-1789960479,2026-09-20T20:14:39,c3,build_13b440c3_20260918192735,0.001,7de69de,single,10,0,ok,,1,32,2,8,27.36,0.8756,973704477628939,973704478232265,0.603326,1664,262400,4096,38,103,1,c3_14q_stop1,0,1,0,0,stop_campaign rep=1
c3_14q_stop1-c3-10-r0-1789960479,2026-09-20T20:14:39,c3,build_13b440c3_20260918192735,0.001,7de69de,single,10,0,ok,,1,32,2,8,27.36,0.8756,973705123999004,973705124996694,0.99769,1664,262400,4096,53,275,1,c3_14q_stop1,0,1,0,0,stop_campaign rep=1
c3_14q_stop1-c3-10-r0-1789960480,2026-09-20T20:14:40,c3,build_13b440c3_20260918192735,0.001,7de69de,single,10,0,ok,,1,32,2,8,27.36,0.8756,973705810389089,973705811365289,0.9762,1664,262400,4096,47,275,1,c3_14q_stop1,0,1,0,0,stop_campaign rep=1
c3_14q_stop1-c3-10-r0-1789960481,2026-09-20T20:14:41,c3,build_13b440c3_20260918192735,0.001,7de69de,single,10,0,ok,,1,32,2,8,27.36,0.8756,973706536690643,973706537346710,0.656067,1664,262400,4096,36,99,1,c3_14q_stop1,0,1,0,0,stop_campaign rep=1
c3_14q_stop1-c3-10-r0-1789960481,2026-09-20T20:14:41,c3,build_13b440c3_20260918192735,0.001,7de69de,single,10,0,ok,,1,32,2,8,27.36,0.8756,973707187886806,973707188863996,0.97719,1664,262400,4096,40,270,1,c3_14q_stop1,0,1,0,0,stop_campaign rep=1
c3_14q_stop1-c3-10-r0-1789960482,2026-09-20T20:14:42,c3,build_13b440c3_20260918192735,0.001,7de69de,single,10,0,ok,,1,32,2,8,27.36,0.8756,973707918284251,973707918926287,0.642036,1664,262400,4096,51,87,1,c3_14q_stop1,0,1,0,0,stop_campaign rep=1
c3_14q_stop1-c3-10-r0-1789960483,2026-09-20T20:14:43,c3,build_13b440c3_20260918192735,0.001,7de69de,single,10,0,ok,,1,32,2,8,27.36,0.8756,973708552977549,973708553953589,0.97604,1664,262400,4096,47,277,1,c3_14q_stop1,0,1,0,0,stop_campaign rep=1
c3_14q_stop1-c3-10-r0-1789960483,2026-09-20T20:14:43,c3,build_13b440c3_20260918192735,0.001,7de69de,single,10,0,ok,,1,32,2,8,27.36,0.8756,973709280101981,973709280652617,0.550636,1664,262400,4096,46,139,1,c3_14q_stop1,0,1,0,0,stop_campaign rep=1
c3_14q_stop1-c3-19-r0-1789960484,2026-09-20T20:14:44,c3,build_13b440c3_20260918192735,0.001,7de69de,single,19,0,ok,,1,4096,2,14,46.42,190.1199,973710176688459,973710235107263,58.418804,3968,458752,917504,57,7854,1,c3_14q_stop1,0,1,0,0,stop_campaign rep=1
c3_14q_stop1-c3-19-r0-1789960485,2026-09-20T20:14:45,c3,build_13b440c3_20260918192735,0.001,7de69de,single,19,0,ok,,1,4096,2,14,46.42,190.1199,973711106750201,973711297663190,190.912989,3968,458752,917504,623,51288,1,c3_14q_stop1,0,1,0,0,stop_campaign rep=1
c3_14q_stop1-c3-19-r0-1789960486,2026-09-20T20:14:46,c3,build_13b440c3_20260918192735,0.001,7de69de,single,19,0,ok,,1,4096,2,14,46.42,190.1199,973712219974705,973712278516880,58.542175,3968,458752,917504,58,7755,1,c3_14q_stop1,0,1,0,0,stop_campaign rep=1
c3_14q_stop1-c3-19-r0-1789960487,2026-09-20T20:14:47,c3,build_13b440c3_20260918192735,0.001,7de69de,single,19,0,ok,,1,4096,2,14,46.42,190.1199,973713147178058,973713338092988,190.91493,3968,458752,917504,326,50125,1,c3_14q_stop1,0,1,0,0,stop_campaign rep=1
c3_14q_stop1-c3-19-r0-1789960488,2026-09-20T20:14:48,c3,build_13b440c3_20260918192735,0.001,7de69de,single,19,0,ok,,1,4096,2,14,46.42,190.1199,973714260658455,973714319123249,58.464794,3968,458752,917504,72,8016,1,c3_14q_stop1,0,1,0,0,stop_campaign rep=1
c3_14q_stop1-c3-19-r0-1789960489,2026-09-20T20:14:49,c3,build_13b440c3_20260918192735,0.001,7de69de,single,19,0,ok,,1,4096,2,14,46.42,190.1199,973715188070790,973715378990530,190.91974,3968,458752,917504,511,49345,1,c3_14q_stop1,0,1,0,0,stop_campaign rep=1
c3_14q_stop1-c3-19-r0-1789960490,2026-09-20T20:14:50,c3,build_13b440c3_20260918192735,0.001,7de69de,single,19,0,ok,,1,4096,2,14,46.42,190.1199,973716251338525,973716442252834,190.914309,3968,458752,917504,329,48669,1,c3_14q_stop1,0,1,0,0,stop_campaign rep=1
c3_14q_stop1-c3-19-r0-1789960491,2026-09-20T20:14:51,c3,build_13b440c3_20260918192735,0.001,7de69de,single,19,0,ok,,1,4096,2,14,46.42,190.1199,973717353489988,973717412075534,58.585546,3968,458752,917504,73,7902,1,c3_14q_stop1,0,1,0,0,stop_campaign rep=1
c3_14q_stop1-c3-19-r0-1789960492,2026-09-20T20:14:52,c3,build_13b440c3_20260918192735,0.001,7de69de,single,19,0,ok,,1,4096,2,14,46.42,190.1199,973718290705641,973718481621781,190.91614,3968,458752,917504,587,48683,1,c3_14q_stop1,0,1,0,0,stop_campaign rep=1
c3_14q_stop1-c3-19-r0-1789960493,2026-09-20T20:14:53,c3,build_13b440c3_20260918192735,0.001,7de69de,single,19,0,ok,,1,4096,2,14,46.42,190.1199,973719359725113,973719418048237,58.323124,3968,458752,917504,76,7768,1,c3_14q_stop1,0,1,0,0,stop_campaign rep=1
c3_14q_stop1-c3-22-r0-1789960494,2026-09-20T20:14:54,c3,build_13b440c3_20260918192735,0.001,7de69de,single,22,0,ok,,1,400,2,14,50.12,20.0496,973720296276280,973720316549243,20.272963,4192,458752,89600,46,4653,1,c3_14q_stop1,0,1,0,0,stop_campaign rep=1
c3_14q_stop1-c3-22-r0-1789960495,2026-09-20T20:14:55,c3,build_13b440c3_20260918192735,0.001,7de69de,single,22,0,ok,,1,400,2,14,50.12,20.0496,973721193896428,973721201158581,7.262153,4192,458752,89600,46,750,1,c3_14q_stop1,0,1,0,0,stop_campaign rep=1
c3_14q_stop1-c3-22-r0-1789960496,2026-09-20T20:14:56,c3,build_13b440c3_20260918192735,0.001,7de69de,single,22,0,ok,,1,400,2,14,50.12,20.0496,973722103095821,973722123366964,20.271143,4192,458752,89600,52,4760,1,c3_14q_stop1,0,1,0,0,stop_campaign rep=1
c3_14q_stop1-c3-22-r0-1789960497,2026-09-20T20:14:57,c3,build_13b440c3_20260918192735,0.001,7de69de,single,22,0,ok,,1,400,2,14,50.12,20.0496,973723015843430,973723023088473,7.245043,4192,458752,89600,53,783,1,c3_14q_stop1,0,1,0,0,stop_campaign rep=1
c3_14q_stop1-c3-22-r0-1789960498,2026-09-20T20:14:58,c3,build_13b440c3_20260918192735,0.001,7de69de,single,22,0,ok,,1,400,2,14,50.12,20.0496,973723928362137,973723935597789,7.235652,4192,458752,89600,45,650,1,c3_14q_stop1,0,1,0,0,stop_campaign rep=1
c3_14q_stop1-c3-22-r0-1789960499,2026-09-20T20:14:59,c3,build_13b440c3_20260918192735,0.001,7de69de,single,22,0,ok,,1,400,2,14,50.12,20.0496,973724827417249,973724847692622,20.275373,4192,458752,89600,51,4634,1,c3_14q_stop1,0,1,0,0,stop_campaign rep=1
c3_14q_stop1-c3-22-r0-1789960500,2026-09-20T20:15:00,c3,build_13b440c3_20260918192735,0.001,7de69de,single,22,0,ok,,1,400,2,14,50.12,20.0496,973725733656353,973725740995186,7.338833,4192,458752,89600,52,707,1,c3_14q_stop1,0,1,0,0,stop_campaign rep=1
c3_14q_stop1-c3-22-r0-1789960501,2026-09-20T20:15:01,c3,build_13b440c3_20260918192735,0.001,7de69de,single,22,0,ok,,1,400,2,14,50.12,20.0496,973726641079688,973726661353821,20.274133,4192,458752,89600,46,4704,1,c3_14q_stop1,0,1,0,0,stop_campaign rep=1
c3_14q_stop1-c3-22-r0-1789960502,2026-09-20T20:15:02,c3,build_13b440c3_20260918192735,0.001,7de69de,single,22,0,ok,,1,400,2,14,50.12,20.0496,973727546307092,973727553814077,7.506985,4192,458752,89600,50,740,1,c3_14q_stop1,0,1,0,0,stop_campaign rep=1
c3_14q_stop1-c3-22-r0-1789960502,2026-09-20T20:15:02,c3,build_13b440c3_20260918192735,0.001,7de69de,single,22,0,ok,,1,400,2,14,50.12,20.0496,973728454190082,973728474458285,20.268203,4192,458752,89600,47,4685,1,c3_14q_stop1,0,1,0,0,stop_campaign rep=1
c3_14q_stop1-c3-23-r0-1789960503,2026-09-20T20:15:03,c3,build_13b440c3_20260918192735,0.001,7de69de,single,23,0,ok,,1,4000,2,12,42.85,171.4080,973729272572797,973729444741949,172.169152,3136,393472,768000,469,39489,1,c3_14q_stop1,0,1,0,0,stop_campaign rep=1
c3_14q_stop1-c3-23-r0-1789960504,2026-09-20T20:15:04,c3,build_13b440c3_20260918192735,0.001,7de69de,single,23,0,ok,,1,4000,2,12,42.85,171.4080,973730274581379,973730326787671,52.206292,3136,393472,768000,48,6128,1,c3_14q_stop1,0,1,0,0,stop_campaign rep=1
c3_14q_stop1-c3-23-r0-1789960505,2026-09-20T20:15:05,c3,build_13b440c3_20260918192735,0.001,7de69de,single,23,0,ok,,1,4000,2,12,42.85,171.4080,973731153924224,973731206300498,52.376274,3136,393472,768000,53,5941,1,c3_14q_stop1,0,1,0,0,stop_campaign rep=1
c3_14q_stop1-c3-23-r0-1789960506,2026-09-20T20:15:06,c3,build_13b440c3_20260918192735,0.001,7de69de,single,23,0,ok,,1,4000,2,12,42.85,171.4080,973731990430640,973732162596522,172.165882,3136,393472,768000,684,42031,1,c3_14q_stop1,0,1,0,0,stop_campaign rep=1
c3_14q_stop1-c3-23-r0-1789960507,2026-09-20T20:15:07,c3,build_13b440c3_20260918192735,0.001,7de69de,single,23,0,ok,,1,4000,2,12,42.85,171.4080,973732938391541,973733110563003,172.171462,3136,393472,768000,653,42082,1,c3_14q_stop1,0,1,0,0,stop_campaign rep=1
c3_14q_stop1-c3-23-r0-1789960508,2026-09-20T20:15:08,c3,build_13b440c3_20260918192735,0.001,7de69de,single,23,0,ok,,1,4000,2,12,42.85,171.4080,973733933411833,973733985542374,52.130541,3136,393472,768000,71,5782,1,c3_14q_stop1,0,1,0,0,stop_campaign rep=1
c3_14q_stop1-c3-23-r0-1789960509,2026-09-20T20:15:09,c3,build_13b440c3_20260918192735,0.001,7de69de,single,23,0,ok,,1,4000,2,12,42.85,171.4080,973734771931159,973734944410704,172.479545,3136,393472,768000,323,42311,1,c3_14q_stop1,0,1,0,0,stop_campaign rep=1
c3_14q_stop1-c3-23-r0-1789960510,2026-09-20T20:15:10,c3,build_13b440c3_20260918192735,0.001,7de69de,single,23,0,ok,,1,4000,2,12,42.85,171.4080,973735724990941,973735777171653,52.180712,3136,393472,768000,58,5917,1,c3_14q_stop1,0,1,0,0,stop_campaign rep=1
c3_14q_stop1-c3-23-r0-1789960511,2026-09-20T20:15:11,c3,build_13b440c3_20260918192735,0.001,7de69de,single,23,0,ok,,1,4000,2,12,42.85,171.4080,973736563699690,973736615904902,52.205212,3136,393472,768000,71,5891,1,c3_14q_stop1,0,1,0,0,stop_campaign rep=1
c3_14q_stop1-c3-23-r0-1789960512,2026-09-20T20:15:12,c3,build_13b440c3_20260918192735,0.001,7de69de,single,23,0,ok,,1,4000,2,12,42.85,171.4080,973737393706221,973737565880403,172.174182,3136,393472,768000,821,40445,1,c3_14q_stop1,0,1,0,0,stop_campaign rep=1
c3_14q_stop_poll0d_warmup-c3-2-r-1-1789960516,2026-09-20T20:15:16,c3,build_13b440c3_20260918192735,0.001,7de69de,single,2,-1,ok,,1,8192,2,3,11.71,95.9611,973742023529277,973742120826310,97.297033,624,98560,393216,728,21559,1,c3_14q_stop_poll0d_warmup,0,1,0,0,stop_campaign rep=-1
c3_14q_stop_poll0d_warmup-c3-2-r-1-1789960517,2026-09-20T20:15:17,c3,build_13b440c3_20260918192735,0.001,7de69de,single,2,-1,ok,,1,8192,2,3,11.71,95.9611,973742610157604,973742639527138,29.369534,624,98560,393216,42,6493,1,c3_14q_stop_poll0d_warmup,0,1,0,0,stop_campaign rep=-1
c3_14q_stop_poll0d_warmup-c3-10-r-1-1789960518,2026-09-20T20:15:18,c3,build_13b440c3_20260918192735,0.001,7de69de,single,10,-1,ok,,1,32,2,8,27.36,0.8756,973743287435458,973743288419758,0.9843,1664,262400,4096,48,263,1,c3_14q_stop_poll0d_warmup,0,1,0,0,stop_campaign rep=-1
c3_14q_stop_poll0d_warmup-c3-10-r-1-1789960518,2026-09-20T20:15:18,c3,build_13b440c3_20260918192735,0.001,7de69de,single,10,-1,ok,,1,32,2,8,27.36,0.8756,973743974242367,973743974782282,0.539915,1664,262400,4096,34,132,1,c3_14q_stop_poll0d_warmup,0,1,0,0,stop_campaign rep=-1
c3_14q_stop_poll0d-c3-2-r0-1789960519,2026-09-20T20:15:19,c3,build_13b440c3_20260918192735,0.001,7de69de,single,2,0,ok,,1,8192,2,3,11.71,95.9611,973744506953585,973744536496870,29.543285,624,98560,393216,46,6514,1,c3_14q_stop_poll0d,0,1,0,0,stop_campaign rep=1
c3_14q_stop_poll0d-c3-2-r0-1789960519,2026-09-20T20:15:19,c3,build_13b440c3_20260918192735,0.001,7de69de,single,2,0,ok,,1,8192,2,3,11.71,95.9611,973745010466391,973745107754644,97.288253,624,98560,393216,713,21331,1,c3_14q_stop_poll0d,0,1,0,0,stop_campaign rep=1
c3_14q_stop_poll0d-c3-2-r0-1789960520,2026-09-20T20:15:20,c3,build_13b440c3_20260918192735,0.001,7de69de,single,2,0,ok,,1,8192,2,3,11.71,95.9611,973745575966627,973745605336540,29.369913,624,98560,393216,44,6540,1,c3_14q_stop_poll0d,0,1,0,0,stop_campaign rep=1
c3_14q_stop_poll0d-c3-2-r0-1789960520,2026-09-20T20:15:20,c3,build_13b440c3_20260918192735,0.001,7de69de,single,2,0,ok,,1,8192,2,3,11.71,95.9611,973746081988248,973746179277931,97.289683,624,98560,393216,349,21164,1,c3_14q_stop_poll0d,0,1,0,0,stop_campaign rep=1
c3_14q_stop_poll0d-c3-2-r0-1789960521,2026-09-20T20:15:21,c3,build_13b440c3_20260918192735,0.001,7de69de,single,2,0,ok,,1,8192,2,3,11.71,95.9611,973746654315632,973746751616015,97.300383,624,98560,393216,372,21390,1,c3_14q_stop_poll0d,0,1,0,0,stop_campaign rep=1
c3_14q_stop_poll0d-c3-2-r0-1789960522,2026-09-20T20:15:22,c3,build_13b440c3_20260918192735,0.001,7de69de,single,2,0,ok,,1,8192,2,3,11.71,95.9611,973747259566585,973747288950509,29.383924,624,98560,393216,47,6572,1,c3_14q_stop_poll0d,0,1,0,0,stop_campaign rep=1
c3_14q_stop_poll0d-c3-2-r0-1789960522,2026-09-20T20:15:22,c3,build_13b440c3_20260918192735,0.001,7de69de,single,2,0,ok,,1,8192,2,3,11.71,95.9611,973747803130522,973747832504325,29.373803,624,98560,393216,68,6681,1,c3_14q_stop_poll0d,0,1,0,0,stop_campaign rep=1
c3_14q_stop_poll0d-c3-2-r0-1789960523,2026-09-20T20:15:23,c3,build_13b440c3_20260918192735,0.001,7de69de,single,2,0,ok,,1,8192,2,3,11.71,95.9611,973748289362125,973748386655308,97.293183,624,98560,393216,531,21618,1,c3_14q_stop_poll0d,0,1,0,0,stop_campaign rep=1
c3_14q_stop_poll0d-c3-2-r0-1789960523,2026-09-20T20:15:23,c3,build_13b440c3_20260918192735,0.001,7de69de,single,2,0,ok,,1,8192,2,3,11.71,95.9611,973748850493717,973748947777090,97.283373,624,98560,393216,501,21817,1,c3_14q_stop_poll0d,0,1,0,0,stop_campaign rep=1
c3_14q_stop_poll0d-c3-2-r0-1789960524,2026-09-20T20:15:24,c3,build_13b440c3_20260918192735,0.001,7de69de,single,2,0,ok,,1,8192,2,3,11.71,95.9611,973749416105874,973749445477658,29.371784,624,98560,393216,353,6995,1,c3_14q_stop_poll0d,0,1,0,0,stop_campaign rep=1
c3_14q_stop_poll0d-c3-10-r0-1789960524,2026-09-20T20:15:24,c3,build_13b440c3_20260918192735,0.001,7de69de,single,10,0,ok,,1,32,2,8,27.36,0.8756,973750093564060,973750094092345,0.528285,1664,262400,4096,37,131,1,c3_14q_stop_poll0d,0,1,0,0,stop_campaign rep=1
c3_14q_stop_poll0d-c3-10-r0-1789960525,2026-09-20T20:15:25,c3,build_13b440c3_20260918192735,0.001,7de69de,single,10,0,ok,,1,32,2,8,27.36,0.8756,973750780980755,973750781960625,0.97987,1664,262400,4096,37,251,1,c3_14q_stop_poll0d,0,1,0,0,stop_campaign rep=1
c3_14q_stop_poll0d-c3-10-r0-1789960526,2026-09-20T20:15:26,c3,build_13b440c3_20260918192735,0.001,7de69de,single,10,0,ok,,1,32,2,8,27.36,0.8756,973751464127747,973751464659233,0.531486,1664,262400,4096,35,129,1,c3_14q_stop_poll0d,0,1,0,0,stop_campaign rep=1
c3_14q_stop_poll0d-c3-10-r0-1789960526,2026-09-20T20:15:26,c3,build_13b440c3_20260918192735,0.001,7de69de,single,10,0,ok,,1,32,2,8,27.36,0.8756,973752149045808,973752150026437,0.980629,1664,262400,4096,40,266,1,c3_14q_stop_poll0d,0,1,0,0,stop_campaign rep=1
c3_14q_stop_poll0d-c3-10-r0-1789960527,2026-09-20T20:15:27,c3,build_13b440c3_20260918192735,0.001,7de69de,single,10,0,ok,,1,32,2,8,27.36,0.8756,973752837820686,973752838795276,0.97459,1664,262400,4096,41,256,1,c3_14q_stop_poll0d,0,1,0,0,stop_campaign rep=1
c3_14q_stop_poll0d-c3-10-r0-1789960528,2026-09-20T20:15:28,c3,build_13b440c3_20260918192735,0.001,7de69de,single,10,0,ok,,1,32,2,8,27.36,0.8756,973753529947729,973753530472354,0.524625,1664,262400,4096,35,131,1,c3_14q_stop_poll0d,0,1,0,0,stop_campaign rep=1
c3_14q_stop_poll0d-c3-10-r0-1789960528,2026-09-20T20:15:28,c3,build_13b440c3_20260918192735,0.001,7de69de,single,10,0,ok,,1,32,2,8,27.36,0.8756,973754213918850,973754214894359,0.975509,1664,262400,4096,42,265,1,c3_14q_stop_poll0d,0,1,0,0,stop_campaign rep=1
c3_14q_stop_poll0d-c3-10-r0-1789960529,2026-09-20T20:15:29,c3,build_13b440c3_20260918192735,0.001,7de69de,single,10,0,ok,,1,32,2,8,27.36,0.8756,973754903338845,973754903883570,0.544725,1664,262400,4096,36,138,1,c3_14q_stop_poll0d,0,1,0,0,stop_campaign rep=1
c3_14q_stop_poll0d-c3-10-r0-1789960530,2026-09-20T20:15:30,c3,build_13b440c3_20260918192735,0.001,7de69de,single,10,0,ok,,1,32,2,8,27.36,0.8756,973755585245435,973755586228665,0.98323,1664,262400,4096,36,260,1,c3_14q_stop_poll0d,0,1,0,0,stop_campaign rep=1
c3_14q_stop_poll0d-c3-10-r0-1789960531,2026-09-20T20:15:31,c3,build_13b440c3_20260918192735,0.001,7de69de,single,10,0,ok,,1,32,2,8,27.36,0.8756,973756284086754,973756284610400,0.523646,1664,262400,4096,36,134,1,c3_14q_stop_poll0d,0,1,0,0,stop_campaign rep=1
std_14q_single1-std-1-r-1-1790232231,2026-09-23T23:43:51,std,build_0071783e_20260829023649,0.002,7de69de,single,1,-1,ok,,1,24576,2,2,8.58,210.9604,1245456667769340,1245457070248206,402.478866,416,640,786432,0,0,,std_14q_single1,0,,,,
std_14q_single1-std-1-r0-1790232232,2026-09-23T23:43:52,std,build_0071783e_20260829023649,0.002,7de69de,single,1,0,ok,,1,24576,2,2,8.58,210.9604,1245457144619620,1245457547051235,402.431615,416,640,786432,0,0,,std_14q_single1,0,,,,
std_14q_single1-std-1-r1-1790232232,2026-09-23T23:43:52,std,build_0071783e_20260829023649,0.002,7de69de,single,1,1,ok,,1,24576,2,2,8.58,210.9604,1245457620131055,1245458022561780,402.430725,416,640,786432,0,0,,std_14q_single1,0,,,,
std_14q_single1-std-1-r2-1790232233,2026-09-23T23:43:53,std,build_0071783e_20260829023649,0.002,7de69de,single,1,2,ok,,1,24576,2,2,8.58,210.9604,1245458096197197,1245458498622782,402.425585,416,640,786432,0,0,,std_14q_single1,0,,,,
std_14q_single1-std-1-r3-1790232233,2026-09-23T23:43:53,std,build_0071783e_20260829023649,0.002,7de69de,single,1,3,ok,,1,24576,2,2,8.58,210.9604,1245458572767553,1245458975364500,402.596947,416,640,786432,0,0,,std_14q_single1,0,,,,
std_14q_single1-std-1-r4-1790232234,2026-09-23T23:43:54,std,build_0071783e_20260829023649,0.002,7de69de,single,1,4,ok,,1,24576,2,2,8.58,210.9604,1245459048709273,1245459451131648,402.422375,416,640,786432,0,0,,std_14q_single1,0,,,,
std_14q_single1-std-2-r-1-1790232234,2026-09-23T23:43:54,std,build_0071783e_20260829023649,0.002,7de69de,single,2,-1,ok,,1,8192,2,3,11.71,95.9611,1245459561217419,1245459720141259,158.92384,624,848,393216,0,0,,std_14q_single1,0,,,,
std_14q_single1-std-2-r0-1790232235,2026-09-23T23:43:55,std,build_0071783e_20260829023649,0.002,7de69de,single,2,0,ok,,1,8192,2,3,11.71,95.9611,1245459823451152,1245459982374132,158.92298,624,848,393216,0,0,,std_14q_single1,0,,,,
std_14q_single1-std-2-r1-1790232235,2026-09-23T23:43:55,std,build_0071783e_20260829023649,0.002,7de69de,single,2,1,ok,,1,8192,2,3,11.71,95.9611,1245460086517593,1245460245524123,159.00653,624,848,393216,0,0,,std_14q_single1,0,,,,
std_14q_single1-std-2-r2-1790232235,2026-09-23T23:43:55,std,build_0071783e_20260829023649,0.002,7de69de,single,2,2,ok,,1,8192,2,3,11.71,95.9611,1245460350801116,1245460509690366,158.88925,624,848,393216,0,0,,std_14q_single1,0,,,,
std_14q_single1-std-2-r3-1790232235,2026-09-23T23:43:55,std,build_0071783e_20260829023649,0.002,7de69de,single,2,3,ok,,1,8192,2,3,11.71,95.9611,1245460614484164,1245460773358013,158.873849,624,848,393216,0,0,,std_14q_single1,0,,,,
std_14q_single1-std-2-r4-1790232236,2026-09-23T23:43:56,std,build_0071783e_20260829023649,0.002,7de69de,single,2,4,ok,,1,8192,2,3,11.71,95.9611,1245460877040180,1245461035978789,158.938609,624,848,393216,0,0,,std_14q_single1,0,,,,
std_14q_single1-std-3-r-1-1790232236,2026-09-23T23:43:56,std,build_0071783e_20260829023649,0.002,7de69de,single,3,-1,ok,,1,4000,2,2,8.58,34.3360,1245461108780407,1245461174659926,65.879519,448,672,128000,0,0,,std_14q_single1,0,,,,
std_14q_single1-std-3-r0-1790232236,2026-09-23T23:43:56,std,build_0071783e_20260829023649,0.002,7de69de,single,3,0,ok,,1,4000,2,2,8.58,34.3360,1245461244708457,1245461310823678,66.115221,448,672,128000,0,0,,std_14q_single1,0,,,,
std_14q_single1-std-3-r1-1790232236,2026-09-23T23:43:56,std,build_0071783e_20260829023649,0.002,7de69de,single,3,1,ok,,1,4000,2,2,8.58,34.3360,1245461381995510,1245461448275023,66.279513,448,672,128000,0,0,,std_14q_single1,0,,,,
std_14q_single1-std-3-r2-1790232236,2026-09-23T23:43:56,std,build_0071783e_20260829023649,0.002,7de69de,single,3,2,ok,,1,4000,2,2,8.58,34.3360,1245461520707357,1245461586538156,65.830799,448,672,128000,0,0,,std_14q_single1,0,,,,
std_14q_single1-std-3-r3-1790232236,2026-09-23T23:43:56,std,build_0071783e_20260829023649,0.002,7de69de,single,3,3,ok,,1,4000,2,2,8.58,34.3360,1245461655908570,1245461721797668,65.889098,448,672,128000,0,0,,std_14q_single1,0,,,,
std_14q_single1-std-3-r4-1790232237,2026-09-23T23:43:57,std,build_0071783e_20260829023649,0.002,7de69de,single,3,4,ok,,1,4000,2,2,8.58,34.3360,1245461789463005,1245461855380435,65.91743,448,672,128000,0,0,,std_14q_single1,0,,,,
std_14q_single1-std-4-r-1-1790232237,2026-09-23T23:43:57,std,build_0071783e_20260829023649,0.002,7de69de,single,4,-1,ok,,1,1000,2,2,8.94,8.9400,1245461927388185,1245461944200373,16.812188,512,736,32000,0,0,,std_14q_single1,0,,,,
std_14q_single1-std-4-r0-1790232237,2026-09-23T23:43:57,std,build_0071783e_20260829023649,0.002,7de69de,single,4,0,ok,,1,1000,2,2,8.94,8.9400,1245462010873040,1245462027676748,16.803708,512,736,32000,0,0,,std_14q_single1,0,,,,
std_14q_single1-std-4-r1-1790232237,2026-09-23T23:43:57,std,build_0071783e_20260829023649,0.002,7de69de,single,4,1,ok,,1,1000,2,2,8.94,8.9400,1245462094659258,1245462111461096,16.801838,512,736,32000,0,0,,std_14q_single1,0,,,,
std_14q_single1-std-4-r2-1790232237,2026-09-23T23:43:57,std,build_0071783e_20260829023649,0.002,7de69de,single,4,2,ok,,1,1000,2,2,8.94,8.9400,1245462177920960,1245462194725039,16.804079,512,736,32000,0,0,,std_14q_single1,0,,,,
std_14q_single1-std-4-r3-1790232237,2026-09-23T23:43:57,std,build_0071783e_20260829023649,0.002,7de69de,single,4,3,ok,,1,1000,2,2,8.94,8.9400,1245462262920131,1245462279723229,16.803098,512,736,32000,0,0,,std_14q_single1,0,,,,
std_14q_single1-std-4-r4-1790232237,2026-09-23T23:43:57,std,build_0071783e_20260829023649,0.002,7de69de,single,4,4,ok,,1,1000,2,2,8.94,8.9400,1245462346504687,1245462363306905,16.802218,512,736,32000,0,0,,std_14q_single1,0,,,,
std_14q_single1-std-5-r-1-1790232237,2026-09-23T23:43:57,std,build_0071783e_20260829023649,0.002,7de69de,single,5,-1,ok,,1,1000,2,3,14.50,14.4960,1245462467930191,1245462491015062,23.084871,768,992,48000,0,0,,std_14q_single1,0,,,,
std_14q_single1-std-5-r0-1790232237,2026-09-23T23:43:57,std,build_0071783e_20260829023649,0.002,7de69de,single,5,0,ok,,1,1000,2,3,14.50,14.4960,1245462591240024,1245462614309425,23.069401,768,992,48000,0,0,,std_14q_single1,0,,,,
std_14q_single1-std-5-r1-1790232237,2026-09-23T23:43:57,std,build_0071783e_20260829023649,0.002,7de69de,single,5,1,ok,,1,1000,2,3,14.50,14.4960,1245462714218404,1245462737298155,23.079751,768,992,48000,0,0,,std_14q_single1,0,,,,
std_14q_single1-std-5-r2-1790232238,2026-09-23T23:43:58,std,build_0071783e_20260829023649,0.002,7de69de,single,5,2,ok,,1,1000,2,3,14.50,14.4960,1245462836175464,1245462859255005,23.079541,768,992,48000,0,0,,std_14q_single1,0,,,,
std_14q_single1-std-5-r3-1790232238,2026-09-23T23:43:58,std,build_0071783e_20260829023649,0.002,7de69de,single,5,3,ok,,1,1000,2,3,14.50,14.4960,1245462959438827,1245462982510028,23.071201,768,992,48000,0,0,,std_14q_single1,0,,,,
std_14q_single1-std-5-r4-1790232238,2026-09-23T23:43:58,std,build_0071783e_20260829023649,0.002,7de69de,single,5,4,ok,,1,1000,2,3,14.50,14.4960,1245463082882391,1245463105950622,23.068231,768,992,48000,0,0,,std_14q_single1,0,,,,
std_14q_single1-std-6-r-1-1790232238,2026-09-23T23:43:58,std,build_0071783e_20260829023649,0.002,7de69de,single,6,-1,ok,,1,1024,2,3,12.06,12.3515,1245463211077484,1245463230566459,19.488975,784,1008,40960,0,0,,std_14q_single1,0,,,,
std_14q_single1-std-6-r0-1790232238,2026-09-23T23:43:58,std,build_0071783e_20260829023649,0.002,7de69de,single,6,0,ok,,1,1024,2,3,12.06,12.3515,1245463330523148,1245463350015393,19.492245,784,1008,40960,0,0,,std_14q_single1,0,,,,
std_14q_single1-std-6-r1-1790232238,2026-09-23T23:43:58,std,build_0071783e_20260829023649,0.002,7de69de,single,6,1,ok,,1,1024,2,3,12.06,12.3515,1245463449290196,1245463468781901,19.491705,784,1008,40960,0,0,,std_14q_single1,0,,,,
std_14q_single1-std-6-r2-1790232238,2026-09-23T23:43:58,std,build_0071783e_20260829023649,0.002,7de69de,single,6,2,ok,,1,1024,2,3,12.06,12.3515,1245463568413688,1245463587896332,19.482644,784,1008,40960,0,0,,std_14q_single1,0,,,,
std_14q_single1-std-6-r3-1790232238,2026-09-23T23:43:58,std,build_0071783e_20260829023649,0.002,7de69de,single,6,3,ok,,1,1024,2,3,12.06,12.3515,1245463686745931,1245463706235056,19.489125,784,1008,40960,0,0,,std_14q_single1,0,,,,
std_14q_single1-std-6-r4-1790232239,2026-09-23T23:43:59,std,build_0071783e_20260829023649,0.002,7de69de,single,6,4,ok,,1,1024,2,3,12.06,12.3515,1245463805080475,1245463824567389,19.486914,784,1008,40960,0,0,,std_14q_single1,0,,,,
std_14q_single1-std-7-r-1-1790232239,2026-09-23T23:43:59,std,build_0071783e_20260829023649,0.002,7de69de,single,7,-1,ok,,1,8192,2,4,14.84,121.6020,1245463964636010,1245464165173556,200.537546,832,1056,524288,0,0,,std_14q_single1,0,,,,
std_14q_single1-std-7-r0-1790232239,2026-09-23T23:43:59,std,build_0071783e_20260829023649,0.002,7de69de,single,7,0,ok,,1,8192,2,4,14.84,121.6020,1245464301751862,1245464502392269,200.640407,832,1056,524288,0,0,,std_14q_single1,0,,,,
std_14q_single1-std-7-r1-1790232239,2026-09-23T23:43:59,std,build_0071783e_20260829023649,0.002,7de69de,single,7,1,ok,,1,8192,2,4,14.84,121.6020,1245464637999705,1245464838523571,200.523866,832,1056,524288,0,0,,std_14q_single1,0,,,,
std_14q_single1-std-7-r2-1790232240,2026-09-23T23:44:00,std,build_0071783e_20260829023649,0.002,7de69de,single,7,2,ok,,1,8192,2,4,14.84,121.6020,1245464974752243,1245465175288319,200.536076,832,1056,524288,0,0,,std_14q_single1,0,,,,
std_14q_single1-std-7-r3-1790232240,2026-09-23T23:44:00,std,build_0071783e_20260829023649,0.002,7de69de,single,7,3,ok,,1,8192,2,4,14.84,121.6020,1245465311798994,1245465512358320,200.559326,832,1056,524288,0,0,,std_14q_single1,0,,,,
std_14q_single1-std-7-r4-1790232240,2026-09-23T23:44:00,std,build_0071783e_20260829023649,0.002,7de69de,single,7,4,ok,,1,8192,2,4,14.84,121.6020,1245465648705854,1245465849281820,200.575966,832,1056,524288,0,0,,std_14q_single1,0,,,,
std_14q_single1-std-8-r-1-1790232241,2026-09-23T23:44:01,std,build_0071783e_20260829023649,0.002,7de69de,single,8,-1,ok,,1,1024,2,5,17.97,18.4054,1245466026075948,1245466054361491,28.285543,1040,1264,81920,0,0,,std_14q_single1,0,,,,
std_14q_single1-std-8-r0-1790232241,2026-09-23T23:44:01,std,build_0071783e_20260829023649,0.002,7de69de,single,8,0,ok,,1,1024,2,5,17.97,18.4054,1245466220705175,1245466248979617,28.274442,1040,1264,81920,0,0,,std_14q_single1,0,,,,
std_14q_single1-std-8-r1-1790232241,2026-09-23T23:44:01,std,build_0071783e_20260829023649,0.002,7de69de,single,8,1,ok,,1,1024,2,5,17.97,18.4054,1245466416632744,1245466444909937,28.277193,1040,1264,81920,0,0,,std_14q_single1,0,,,,
std_14q_single1-std-8-r2-1790232241,2026-09-23T23:44:01,std,build_0071783e_20260829023649,0.002,7de69de,single,8,2,ok,,1,1024,2,5,17.97,18.4054,1245466611922997,1245466640220030,28.297033,1040,1264,81920,0,0,,std_14q_single1,0,,,,
std_14q_single1-std-8-r3-1790232242,2026-09-23T23:44:02,std,build_0071783e_20260829023649,0.002,7de69de,single,8,3,ok,,1,1024,2,5,17.97,18.4054,1245466807240171,1245466835519974,28.279803,1040,1264,81920,0,0,,std_14q_single1,0,,,,
std_14q_single1-std-8-r4-1790232242,2026-09-23T23:44:02,std,build_0071783e_20260829023649,0.002,7de69de,single,8,4,ok,,1,1024,2,5,17.97,18.4054,1245467002779327,1245467031061189,28.281862,1040,1264,81920,0,0,,std_14q_single1,0,,,,
std_14q_single1-std-9-r-1-1790232242,2026-09-23T23:44:02,std,build_0071783e_20260829023649,0.002,7de69de,single,9,-1,ok,,1,128,2,6,21.10,2.7013,1245467239962289,1245467246167941,6.205652,1248,1472,12288,0,0,,std_14q_single1,0,,,,
std_14q_single1-std-9-r0-1790232242,2026-09-23T23:44:02,std,build_0071783e_20260829023649,0.002,7de69de,single,9,0,ok,,1,128,2,6,21.10,2.7013,1245467445284632,1245467451476584,6.191952,1248,1472,12288,0,0,,std_14q_single1,0,,,,
std_14q_single1-std-9-r1-1790232242,2026-09-23T23:44:02,std,build_0071783e_20260829023649,0.002,7de69de,single,9,1,ok,,1,128,2,6,21.10,2.7013,1245467651095491,1245467657287113,6.191622,1248,1472,12288,0,0,,std_14q_single1,0,,,,
std_14q_single1-std-9-r2-1790232243,2026-09-23T23:44:03,std,build_0071783e_20260829023649,0.002,7de69de,single,9,2,ok,,1,128,2,6,21.10,2.7013,1245467855557926,1245467861749608,6.191682,1248,1472,12288,0,0,,std_14q_single1,0,,,,
std_14q_single1-std-9-r3-1790232243,2026-09-23T23:44:03,std,build_0071783e_20260829023649,0.002,7de69de,single,9,3,ok,,1,128,2,6,21.10,2.7013,1245468057553616,1245468063744048,6.190432,1248,1472,12288,0,0,,std_14q_single1,0,,,,
std_14q_single1-std-9-r4-1790232243,2026-09-23T23:44:03,std,build_0071783e_20260829023649,0.002,7de69de,single,9,4,ok,,1,128,2,6,21.10,2.7013,1245468258695488,1245468264886700,6.191212,1248,1472,12288,0,0,,std_14q_single1,0,,,,
std_14q_single1-std-10-r-1-1790232243,2026-09-23T23:44:03,std,build_0071783e_20260829023649,0.002,7de69de,single,10,-1,ok,,1,32,2,8,27.36,0.8756,1245468534200133,1245468537836970,3.636837,1664,1888,4096,0,0,,std_14q_single1,0,,,,
std_14q_single1-std-10-r0-1790232243,2026-09-23T23:44:03,std,build_0071783e_20260829023649,0.002,7de69de,single,10,0,ok,,1,32,2,8,27.36,0.8756,1245468796282224,1245468799920301,3.638077,1664,1888,4096,0,0,,std_14q_single1,0,,,,
std_14q_single1-std-10-r1-1790232244,2026-09-23T23:44:04,std,build_0071783e_20260829023649,0.002,7de69de,single,10,1,ok,,1,32,2,8,27.36,0.8756,1245469058024612,1245469061662769,3.638157,1664,1888,4096,0,0,,std_14q_single1,0,,,,
std_14q_single1-std-10-r2-1790232244,2026-09-23T23:44:04,std,build_0071783e_20260829023649,0.002,7de69de,single,10,2,ok,,1,32,2,8,27.36,0.8756,1245469319752980,1245469323389496,3.636516,1664,1888,4096,0,0,,std_14q_single1,0,,,,
std_14q_single1-std-10-r3-1790232244,2026-09-23T23:44:04,std,build_0071783e_20260829023649,0.002,7de69de,single,10,3,ok,,1,32,2,8,27.36,0.8756,1245469581833551,1245469585470277,3.636726,1664,1888,4096,0,0,,std_14q_single1,0,,,,
std_14q_single1-std-10-r4-1790232244,2026-09-23T23:44:04,std,build_0071783e_20260829023649,0.002,7de69de,single,10,4,ok,,1,32,2,8,27.36,0.8756,1245469843680560,1245469847317386,3.636826,1664,1888,4096,0,0,,std_14q_single1,0,,,,
std_14q_single1-std-11-r-1-1790232245,2026-09-23T23:44:05,std,build_0071783e_20260829023649,0.002,7de69de,single,11,-1,ok,,1,1024,2,5,18.92,19.3761,1245470016996783,1245470046956203,29.95942,1392,1616,73728,0,0,,std_14q_single1,0,,,,
std_14q_single1-std-11-r0-1790232245,2026-09-23T23:44:05,std,build_0071783e_20260829023649,0.002,7de69de,single,11,0,ok,,1,1024,2,5,18.92,19.3761,1245470209676741,1245470239632350,29.955609,1392,1616,73728,0,0,,std_14q_single1,0,,,,
std_14q_single1-std-11-r1-1790232245,2026-09-23T23:44:05,std,build_0071783e_20260829023649,0.002,7de69de,single,11,1,ok,,1,1024,2,5,18.92,19.3761,1245470403909123,1245470433874303,29.96518,1392,1616,73728,0,0,,std_14q_single1,0,,,,
std_14q_single1-std-11-r2-1790232245,2026-09-23T23:44:05,std,build_0071783e_20260829023649,0.002,7de69de,single,11,2,ok,,1,1024,2,5,18.92,19.3761,1245470597528040,1245470627479179,29.951139,1392,1616,73728,0,0,,std_14q_single1,0,,,,
std_14q_single1-std-11-r3-1790232246,2026-09-23T23:44:06,std,build_0071783e_20260829023649,0.002,7de69de,single,11,3,ok,,1,1024,2,5,18.92,19.3761,1245470789756662,1245470819725542,29.96888,1392,1616,73728,0,0,,std_14q_single1,0,,,,
std_14q_single1-std-11-r4-1790232246,2026-09-23T23:44:06,std,build_0071783e_20260829023649,0.002,7de69de,single,11,4,ok,,1,1024,2,5,18.92,19.3761,1245470982333368,1245471012301718,29.96835,1392,1616,73728,0,0,,std_14q_single1,0,,,,
std_14q_single1-std-12-r-1-1790232246,2026-09-23T23:44:06,std,build_0071783e_20260829023649,0.002,7de69de,single,12,-1,ok,,1,10000,2,1,5.43,54.3000,1245471047662812,1245471162073566,114.410754,192,416,160000,0,0,,std_14q_single1,0,,,,
std_14q_single1-std-12-r0-1790232246,2026-09-23T23:44:06,std,build_0071783e_20260829023649,0.002,7de69de,single,12,0,ok,,1,10000,2,1,5.43,54.3000,1245471196895704,1245471311293858,114.398154,192,416,160000,0,0,,std_14q_single1,0,,,,
std_14q_single1-std-12-r1-1790232246,2026-09-23T23:44:06,std,build_0071783e_20260829023649,0.002,7de69de,single,12,1,ok,,1,10000,2,1,5.43,54.3000,1245471346631072,1245471461034236,114.403164,192,416,160000,0,0,,std_14q_single1,0,,,,
std_14q_single1-std-12-r2-1790232246,2026-09-23T23:44:06,std,build_0071783e_20260829023649,0.002,7de69de,single,12,2,ok,,1,10000,2,1,5.43,54.3000,1245471495440540,1245471609846664,114.406124,192,416,160000,0,0,,std_14q_single1,0,,,,
std_14q_single1-std-12-r3-1790232246,2026-09-23T23:44:06,std,build_0071783e_20260829023649,0.002,7de69de,single,12,3,ok,,1,10000,2,1,5.43,54.3000,1245471641778144,1245471756167358,114.389214,192,416,160000,0,0,,std_14q_single1,0,,,,
std_14q_single1-std-12-r4-1790232247,2026-09-23T23:44:07,std,build_0071783e_20260829023649,0.002,7de69de,single,12,4,ok,,1,10000,2,1,5.43,54.3000,1245471789279909,1245471903671203,114.391294,192,416,160000,0,0,,std_14q_single1,0,,,,
std_14q_single1-std-13-r-1-1790232247,2026-09-23T23:44:07,std,build_0071783e_20260829023649,0.002,7de69de,single,13,-1,ok,,1,500,2,4,26.47,13.2360,1245472048054417,1245472066187559,18.133142,3008,3232,32000,0,0,,std_14q_single1,0,,,,
std_14q_single1-std-13-r0-1790232247,2026-09-23T23:44:07,std,build_0071783e_20260829023649,0.002,7de69de,single,13,0,ok,,1,500,2,4,26.47,13.2360,1245472194245969,1245472212393151,18.147182,3008,3232,32000,0,0,,std_14q_single1,0,,,,
std_14q_single1-std-13-r1-1790232247,2026-09-23T23:44:07,std,build_0071783e_20260829023649,0.002,7de69de,single,13,1,ok,,1,500,2,4,26.47,13.2360,1245472342254040,1245472360399371,18.145331,3008,3232,32000,0,0,,std_14q_single1,0,,,,
std_14q_single1-std-13-r2-1790232247,2026-09-23T23:44:07,std,build_0071783e_20260829023649,0.002,7de69de,single,13,2,ok,,1,500,2,4,26.47,13.2360,1245472490769525,1245472508916487,18.146962,3008,3232,32000,0,0,,std_14q_single1,0,,,,
std_14q_single1-std-13-r3-1790232247,2026-09-23T23:44:07,std,build_0071783e_20260829023649,0.002,7de69de,single,13,3,ok,,1,500,2,4,26.47,13.2360,1245472639432852,1245472657578743,18.145891,3008,3232,32000,0,0,,std_14q_single1,0,,,,
std_14q_single1-std-13-r4-1790232248,2026-09-23T23:44:08,std,build_0071783e_20260829023649,0.002,7de69de,single,13,4,ok,,1,500,2,4,26.47,13.2360,1245472788280871,1245472806433342,18.152471,3008,3232,32000,0,0,,std_14q_single1,0,,,,
std_14q_single1-std-19-r-1-1790232248,2026-09-23T23:44:08,std,build_0071783e_20260829023649,0.002,7de69de,single,19,-1,ok,,1,4096,2,14,46.42,190.1199,1245473283210951,1245473549582595,266.371644,3968,4192,917504,0,0,,std_14q_single1,0,,,,
std_14q_single1-std-19-r0-1790232248,2026-09-23T23:44:08,std,build_0071783e_20260829023649,0.002,7de69de,single,19,0,ok,,1,4096,2,14,46.42,190.1199,1245474007833108,1245474274237292,266.404184,3968,4192,917504,0,0,,std_14q_single1,0,,,,
std_14q_single1-std-19-r1-1790232249,2026-09-23T23:44:09,std,build_0071783e_20260829023649,0.002,7de69de,single,19,1,ok,,1,4096,2,14,46.42,190.1199,1245474734025981,1245475000370075,266.344094,3968,4192,917504,0,0,,std_14q_single1,0,,,,
std_14q_single1-std-19-r2-1790232250,2026-09-23T23:44:10,std,build_0071783e_20260829023649,0.002,7de69de,single,19,2,ok,,1,4096,2,14,46.42,190.1199,1245475460301335,1245475726674009,266.372674,3968,4192,917504,0,0,,std_14q_single1,0,,,,
std_14q_single1-std-19-r3-1790232251,2026-09-23T23:44:11,std,build_0071783e_20260829023649,0.002,7de69de,single,19,3,ok,,1,4096,2,14,46.42,190.1199,1245476185706410,1245476452076074,266.369664,3968,4192,917504,0,0,,std_14q_single1,0,,,,
std_14q_single1-std-19-r4-1790232251,2026-09-23T23:44:11,std,build_0071783e_20260829023649,0.002,7de69de,single,19,4,ok,,1,4096,2,14,46.42,190.1199,1245476911275867,1245477177639681,266.363814,3968,4192,917504,0,0,,std_14q_single1,0,,,,
std_14q_single1-std-20-r-1-1790232252,2026-09-23T23:44:12,std,build_0071783e_20260829023649,0.002,7de69de,single,20,-1,ok,,1,1000,2,5,17.66,17.6580,1245477339013795,1245477365762823,26.749028,1008,1232,56000,0,0,,std_14q_single1,0,,,,
std_14q_single1-std-20-r0-1790232252,2026-09-23T23:44:12,std,build_0071783e_20260829023649,0.002,7de69de,single,20,0,ok,,1,1000,2,5,17.66,17.6580,1245477512974185,1245477539717382,26.743197,1008,1232,56000,0,0,,std_14q_single1,0,,,,
std_14q_single1-std-20-r1-1790232252,2026-09-23T23:44:12,std,build_0071783e_20260829023649,0.002,7de69de,single,20,1,ok,,1,1000,2,5,17.66,17.6580,1245477685829624,1245477712585841,26.756217,1008,1232,56000,0,0,,std_14q_single1,0,,,,
std_14q_single1-std-20-r2-1790232253,2026-09-23T23:44:13,std,build_0071783e_20260829023649,0.002,7de69de,single,20,2,ok,,1,1000,2,5,17.66,17.6580,1245477858744783,1245477885500511,26.755728,1008,1232,56000,0,0,,std_14q_single1,0,,,,
std_14q_single1-std-20-r3-1790232253,2026-09-23T23:44:13,std,build_0071783e_20260829023649,0.002,7de69de,single,20,3,ok,,1,1000,2,5,17.66,17.6580,1245478032756654,1245478059500351,26.743697,1008,1232,56000,0,0,,std_14q_single1,0,,,,
std_14q_single1-std-20-r4-1790232253,2026-09-23T23:44:13,std,build_0071783e_20260829023649,0.002,7de69de,single,20,4,ok,,1,1000,2,5,17.66,17.6580,1245478206679733,1245478233434561,26.754828,1008,1232,56000,0,0,,std_14q_single1,0,,,,
std_14q_single1-std-21-r-1-1790232253,2026-09-23T23:44:13,std,build_0071783e_20260829023649,0.002,7de69de,single,21,-1,ok,,1,10000,2,12,43.24,432.4000,1245478640629563,1245479231880267,591.250704,3392,3616,1920000,0,0,,std_14q_single1,0,,,,
std_14q_single1-std-21-r0-1790232254,2026-09-23T23:44:14,std,build_0071783e_20260829023649,0.002,7de69de,single,21,0,ok,,1,10000,2,12,43.24,432.4000,1245479636757496,1245480229080870,592.323374,3392,3616,1920000,0,0,,std_14q_single1,0,,,,
std_14q_single1-std-21-r1-1790232255,2026-09-23T23:44:15,std,build_0071783e_20260829023649,0.002,7de69de,single,21,1,ok,,1,10000,2,12,43.24,432.4000,1245480633637876,1245481224933330,591.295454,3392,3616,1920000,0,0,,std_14q_single1,0,,,,
std_14q_single1-std-21-r2-1790232256,2026-09-23T23:44:16,std,build_0071783e_20260829023649,0.002,7de69de,single,21,2,ok,,1,10000,2,12,43.24,432.4000,1245481630477326,1245482221840271,591.362945,3392,3616,1920000,0,0,,std_14q_single1,0,,,,
std_14q_single1-std-21-r3-1790232257,2026-09-23T23:44:17,std,build_0071783e_20260829023649,0.002,7de69de,single,21,3,ok,,1,10000,2,12,43.24,432.4000,1245482626710360,1245483218242266,591.531906,3392,3616,1920000,0,0,,std_14q_single1,0,,,,
std_14q_single1-std-21-r4-1790232258,2026-09-23T23:44:18,std,build_0071783e_20260829023649,0.002,7de69de,single,21,4,ok,,1,10000,2,12,43.24,432.4000,1245483623336658,1245484220283688,596.94703,3392,3616,1920000,0,0,,std_14q_single1,0,,,,
std_14q_single1-std-22-r-1-1790232259,2026-09-23T23:44:19,std,build_0071783e_20260829023649,0.002,7de69de,single,22,-1,ok,,1,400,2,14,50.12,20.0496,1245484713423061,1245484741447261,28.0242,4192,4416,89600,0,0,,std_14q_single1,0,,,,
std_14q_single1-std-22-r0-1790232260,2026-09-23T23:44:20,std,build_0071783e_20260829023649,0.002,7de69de,single,22,0,ok,,1,400,2,14,50.12,20.0496,1245485195797975,1245485223808385,28.01041,4192,4416,89600,0,0,,std_14q_single1,0,,,,
std_14q_single1-std-22-r1-1790232260,2026-09-23T23:44:20,std,build_0071783e_20260829023649,0.002,7de69de,single,22,1,ok,,1,400,2,14,50.12,20.0496,1245485678010338,1245485706013868,28.00353,4192,4416,89600,0,0,,std_14q_single1,0,,,,
std_14q_single1-std-22-r2-1790232261,2026-09-23T23:44:21,std,build_0071783e_20260829023649,0.002,7de69de,single,22,2,ok,,1,400,2,14,50.12,20.0496,1245486161602975,1245486189619785,28.01681,4192,4416,89600,0,0,,std_14q_single1,0,,,,
std_14q_single1-std-22-r3-1790232261,2026-09-23T23:44:21,std,build_0071783e_20260829023649,0.002,7de69de,single,22,3,ok,,1,400,2,14,50.12,20.0496,1245486644466664,1245486672489874,28.02321,4192,4416,89600,0,0,,std_14q_single1,0,,,,
std_14q_single1-std-22-r4-1790232262,2026-09-23T23:44:22,std,build_0071783e_20260829023649,0.002,7de69de,single,22,4,ok,,1,400,2,14,50.12,20.0496,1245487127687207,1245487155707797,28.02059,4192,4416,89600,0,0,,std_14q_single1,0,,,,
std_14q_single1-std-23-r-1-1790232262,2026-09-23T23:44:22,std,build_0071783e_20260829023649,0.002,7de69de,single,23,-1,ok,,1,4000,2,12,42.85,171.4080,1245487546304854,1245487782629397,236.324543,3136,3360,768000,0,0,,std_14q_single1,0,,,,
std_14q_single1-std-23-r0-1790232263,2026-09-23T23:44:23,std,build_0071783e_20260829023649,0.002,7de69de,single,23,0,ok,,1,4000,2,12,42.85,171.4080,1245488163670318,1245488400060173,236.389855,3136,3360,768000,0,0,,std_14q_single1,0,,,,
std_14q_single1-std-23-r1-1790232263,2026-09-23T23:44:23,std,build_0071783e_20260829023649,0.002,7de69de,single,23,1,ok,,1,4000,2,12,42.85,171.4080,1245488781506118,1245489017811301,236.305183,3136,3360,768000,0,0,,std_14q_single1,0,,,,
std_14q_single1-std-23-r2-1790232264,2026-09-23T23:44:24,std,build_0071783e_20260829023649,0.002,7de69de,single,23,2,ok,,1,4000,2,12,42.85,171.4080,1245489399330277,1245489635627710,236.297433,3136,3360,768000,0,0,,std_14q_single1,0,,,,
std_14q_single1-std-23-r3-1790232265,2026-09-23T23:44:25,std,build_0071783e_20260829023649,0.002,7de69de,single,23,3,ok,,1,4000,2,12,42.85,171.4080,1245490016803113,1245490253154717,236.351604,3136,3360,768000,0,0,,std_14q_single1,0,,,,
std_14q_single1-std-23-r4-1790232265,2026-09-23T23:44:25,std,build_0071783e_20260829023649,0.002,7de69de,single,23,4,ok,,1,4000,2,12,42.85,171.4080,1245490633514071,1245490869863135,236.349064,3136,3360,768000,0,0,,std_14q_single1,0,,,,
std_14q_single1-std-24-r-1-1790232266,2026-09-23T23:44:26,std,build_0071783e_20260829023649,0.002,7de69de,single,24,-1,ok,,1,1024,2,6,59.48,60.9034,1245491121512961,1245491194124878,72.611917,10080,10304,98304,0,0,,std_14q_single1,0,,,,
std_14q_single1-std-24-r0-1790232266,2026-09-23T23:44:26,std,build_0071783e_20260829023649,0.002,7de69de,single,24,0,ok,,1,1024,2,6,59.48,60.9034,1245491391384241,1245491463999407,72.615166,10080,10304,98304,0,0,,std_14q_single1,0,,,,
std_14q_single1-std-24-r1-1790232266,2026-09-23T23:44:26,std,build_0071783e_20260829023649,0.002,7de69de,single,24,1,ok,,1,1024,2,6,59.48,60.9034,1245491662371351,1245491734976497,72.605146,10080,10304,98304,0,0,,std_14q_single1,0,,,,
std_14q_single1-std-24-r2-1790232267,2026-09-23T23:44:27,std,build_0071783e_20260829023649,0.002,7de69de,single,24,2,ok,,1,1024,2,6,59.48,60.9034,1245491933211310,1245492005834486,72.623176,10080,10304,98304,0,0,,std_14q_single1,0,,,,
std_14q_single1-std-24-r3-1790232267,2026-09-23T23:44:27,std,build_0071783e_20260829023649,0.002,7de69de,single,24,3,ok,,1,1024,2,6,59.48,60.9034,1245492204272151,1245492276895887,72.623736,10080,10304,98304,0,0,,std_14q_single1,0,,,,
std_14q_single1-std-24-r4-1790232267,2026-09-23T23:44:27,std,build_0071783e_20260829023649,0.002,7de69de,single,24,4,ok,,1,1024,2,6,59.48,60.9034,1245492475084419,1245492547699746,72.615327,10080,10304,98304,0,0,,std_14q_single1,0,,,,
std_14q_single1-std-25-r-1-1790232267,2026-09-23T23:44:27,std,build_0071783e_20260829023649,0.002,7de69de,single,25,-1,ok,,1,1024,2,4,17.12,17.5309,1245492687660175,1245492715007889,27.347714,1344,1568,65536,0,0,,std_14q_single1,0,,,,
std_14q_single1-std-25-r0-1790232268,2026-09-23T23:44:28,std,build_0071783e_20260829023649,0.002,7de69de,single,25,0,ok,,1,1024,2,4,17.12,17.5309,1245492847105950,1245492874453184,27.347234,1344,1568,65536,0,0,,std_14q_single1,0,,,,
std_14q_single1-std-25-r1-1790232268,2026-09-23T23:44:28,std,build_0071783e_20260829023649,0.002,7de69de,single,25,1,ok,,1,1024,2,4,17.12,17.5309,1245493006168511,1245493033525595,27.357084,1344,1568,65536,0,0,,std_14q_single1,0,,,,
std_14q_single1-std-25-r2-1790232268,2026-09-23T23:44:28,std,build_0071783e_20260829023649,0.002,7de69de,single,25,2,ok,,1,1024,2,4,17.12,17.5309,1245493165278382,1245493192628776,27.350394,1344,1568,65536,0,0,,std_14q_single1,0,,,,
std_14q_single1-std-25-r3-1790232268,2026-09-23T23:44:28,std,build_0071783e_20260829023649,0.002,7de69de,single,25,3,ok,,1,1024,2,4,17.12,17.5309,1245493325156581,1245493352509965,27.353384,1344,1568,65536,0,0,,std_14q_single1,0,,,,
std_14q_single1-std-25-r4-1790232268,2026-09-23T23:44:28,std,build_0071783e_20260829023649,0.002,7de69de,single,25,4,ok,,1,1024,2,4,17.12,17.5309,1245493484221262,1245493511559076,27.337814,1344,1568,65536,0,0,,std_14q_single1,0,,,,
c1_14q_single1-c1-1-r-1-1790232301,2026-09-23T23:45:01,c1,build_0071783e_20260829023649,0.002,7de69de,single,1,-1,ok,,1,24576,2,2,8.58,210.9604,1245526086324324,1245526303748799,217.424475,416,640,786432,804,804,,c1_14q_single1,0,,,,
c1_14q_single1-c1-1-r0-1790232301,2026-09-23T23:45:01,c1,build_0071783e_20260829023649,0.002,7de69de,single,1,0,ok,,1,24576,2,2,8.58,210.9604,1245526379372545,1245526596797230,217.424685,416,640,786432,752,752,,c1_14q_single1,0,,,,
c1_14q_single1-c1-1-r1-1790232301,2026-09-23T23:45:01,c1,build_0071783e_20260829023649,0.002,7de69de,single,1,1,ok,,1,24576,2,2,8.58,210.9604,1245526673671099,1245526891082183,217.411084,416,640,786432,763,763,,c1_14q_single1,0,,,,
c1_14q_single1-c1-1-r2-1790232302,2026-09-23T23:45:02,c1,build_0071783e_20260829023649,0.002,7de69de,single,1,2,ok,,1,24576,2,2,8.58,210.9604,1245526967448977,1245527184864781,217.415804,416,640,786432,756,756,,c1_14q_single1,0,,,,
c1_14q_single1-c1-1-r3-1790232302,2026-09-23T23:45:02,c1,build_0071783e_20260829023649,0.002,7de69de,single,1,3,ok,,1,24576,2,2,8.58,210.9604,1245527260915322,1245527478359057,217.443735,416,640,786432,770,770,,c1_14q_single1,0,,,,
c1_14q_single1-c1-1-r4-1790232302,2026-09-23T23:45:02,c1,build_0071783e_20260829023649,0.002,7de69de,single,1,4,ok,,1,24576,2,2,8.58,210.9604,1245527554187685,1245527771626990,217.439305,416,640,786432,1018,1018,,c1_14q_single1,0,,,,
c1_14q_single1-c1-2-r-1-1790232303,2026-09-23T23:45:03,c1,build_0071783e_20260829023649,0.002,7de69de,single,2,-1,ok,,1,8192,2,3,11.71,95.9611,1245527884818392,1245527984462438,99.644046,624,848,393216,670,670,,c1_14q_single1,0,,,,
c1_14q_single1-c1-2-r0-1790232303,2026-09-23T23:45:03,c1,build_0071783e_20260829023649,0.002,7de69de,single,2,0,ok,,1,8192,2,3,11.71,95.9611,1245528090321807,1245528189966454,99.644647,624,848,393216,807,807,,c1_14q_single1,0,,,,
c1_14q_single1-c1-2-r1-1790232303,2026-09-23T23:45:03,c1,build_0071783e_20260829023649,0.002,7de69de,single,2,1,ok,,1,8192,2,3,11.71,95.9611,1245528296649351,1245528396286617,99.637266,624,848,393216,553,553,,c1_14q_single1,0,,,,
c1_14q_single1-c1-2-r2-1790232303,2026-09-23T23:45:03,c1,build_0071783e_20260829023649,0.002,7de69de,single,2,2,ok,,1,8192,2,3,11.71,95.9611,1245528501698562,1245528601344618,99.646056,624,848,393216,558,558,,c1_14q_single1,0,,,,
c1_14q_single1-c1-2-r3-1790232303,2026-09-23T23:45:03,c1,build_0071783e_20260829023649,0.002,7de69de,single,2,3,ok,,1,8192,2,3,11.71,95.9611,1245528707361689,1245528807007365,99.645676,624,848,393216,598,598,,c1_14q_single1,0,,,,
c1_14q_single1-c1-2-r4-1790232304,2026-09-23T23:45:04,c1,build_0071783e_20260829023649,0.002,7de69de,single,2,4,ok,,1,8192,2,3,11.71,95.9611,1245528913463140,1245529013107347,99.644207,624,848,393216,657,657,,c1_14q_single1,0,,,,
c1_14q_single1-c1-3-r-1-1790232304,2026-09-23T23:45:04,c1,build_0071783e_20260829023649,0.002,7de69de,single,3,-1,ok,,1,4000,2,2,8.58,34.3360,1245529089452830,1245529126730003,37.277173,448,672,128000,186,186,,c1_14q_single1,0,,,,
c1_14q_single1-c1-3-r0-1790232304,2026-09-23T23:45:04,c1,build_0071783e_20260829023649,0.002,7de69de,single,3,0,ok,,1,4000,2,2,8.58,34.3360,1245529198569881,1245529235852024,37.282143,448,672,128000,206,206,,c1_14q_single1,0,,,,
c1_14q_single1-c1-3-r1-1790232304,2026-09-23T23:45:04,c1,build_0071783e_20260829023649,0.002,7de69de,single,3,1,ok,,1,4000,2,2,8.58,34.3360,1245529307339569,1245529344612642,37.273073,448,672,128000,188,188,,c1_14q_single1,0,,,,
c1_14q_single1-c1-3-r2-1790232304,2026-09-23T23:45:04,c1,build_0071783e_20260829023649,0.002,7de69de,single,3,2,ok,,1,4000,2,2,8.58,34.3360,1245529416815344,1245529454088667,37.273323,448,672,128000,194,194,,c1_14q_single1,0,,,,
c1_14q_single1-c1-3-r3-1790232304,2026-09-23T23:45:04,c1,build_0071783e_20260829023649,0.002,7de69de,single,3,3,ok,,1,4000,2,2,8.58,34.3360,1245529525208858,1245529562483001,37.274143,448,672,128000,188,188,,c1_14q_single1,0,,,,
c1_14q_single1-c1-3-r4-1790232304,2026-09-23T23:45:04,c1,build_0071783e_20260829023649,0.002,7de69de,single,3,4,ok,,1,4000,2,2,8.58,34.3360,1245529634896295,1245529672172958,37.276663,448,672,128000,193,193,,c1_14q_single1,0,,,,
c1_14q_single1-c1-4-r-1-1790232305,2026-09-23T23:45:05,c1,build_0071783e_20260829023649,0.002,7de69de,single,4,-1,ok,,1,1000,2,2,8.94,8.9400,1245529747510982,1245529758903576,11.392594,512,736,32000,114,114,,c1_14q_single1,0,,,,
c1_14q_single1-c1-4-r0-1790232305,2026-09-23T23:45:05,c1,build_0071783e_20260829023649,0.002,7de69de,single,4,0,ok,,1,1000,2,2,8.94,8.9400,1245529855923346,1245529867338710,11.415364,512,736,32000,115,115,,c1_14q_single1,0,,,,
c1_14q_single1-c1-4-r1-1790232305,2026-09-23T23:45:05,c1,build_0071783e_20260829023649,0.002,7de69de,single,4,1,ok,,1,1000,2,2,8.94,8.9400,1245529966195239,1245529977591993,11.396754,512,736,32000,116,116,,c1_14q_single1,0,,,,
c1_14q_single1-c1-4-r2-1790232305,2026-09-23T23:45:05,c1,build_0071783e_20260829023649,0.002,7de69de,single,4,2,ok,,1,1000,2,2,8.94,8.9400,1245530076997367,1245530088390541,11.393174,512,736,32000,117,117,,c1_14q_single1,0,,,,
c1_14q_single1-c1-4-r3-1790232305,2026-09-23T23:45:05,c1,build_0071783e_20260829023649,0.002,7de69de,single,4,3,ok,,1,1000,2,2,8.94,8.9400,1245530186033978,1245530197431112,11.397134,512,736,32000,114,114,,c1_14q_single1,0,,,,
c1_14q_single1-c1-4-r4-1790232305,2026-09-23T23:45:05,c1,build_0071783e_20260829023649,0.002,7de69de,single,4,4,ok,,1,1000,2,2,8.94,8.9400,1245530295973887,1245530307384151,11.410264,512,736,32000,114,114,,c1_14q_single1,0,,,,
c1_14q_single1-c1-5-r-1-1790232305,2026-09-23T23:45:05,c1,build_0071783e_20260829023649,0.002,7de69de,single,5,-1,ok,,1,1000,2,3,14.50,14.4960,1245530443565943,1245530460541873,16.97593,768,992,48000,293,293,,c1_14q_single1,0,,,,
c1_14q_single1-c1-5-r0-1790232305,2026-09-23T23:45:05,c1,build_0071783e_20260829023649,0.002,7de69de,single,5,0,ok,,1,1000,2,3,14.50,14.4960,1245530585616344,1245530602597384,16.98104,768,992,48000,306,306,,c1_14q_single1,0,,,,
c1_14q_single1-c1-5-r1-1790232306,2026-09-23T23:45:06,c1,build_0071783e_20260829023649,0.002,7de69de,single,5,1,ok,,1,1000,2,3,14.50,14.4960,1245530727141070,1245530744118679,16.977609,768,992,48000,290,290,,c1_14q_single1,0,,,,
c1_14q_single1-c1-5-r2-1790232306,2026-09-23T23:45:06,c1,build_0071783e_20260829023649,0.002,7de69de,single,5,2,ok,,1,1000,2,3,14.50,14.4960,1245530869661335,1245530886640135,16.9788,768,992,48000,316,316,,c1_14q_single1,0,,,,
c1_14q_single1-c1-5-r3-1790232306,2026-09-23T23:45:06,c1,build_0071783e_20260829023649,0.002,7de69de,single,5,3,ok,,1,1000,2,3,14.50,14.4960,1245531011852187,1245531028851847,16.99966,768,992,48000,310,310,,c1_14q_single1,0,,,,
c1_14q_single1-c1-5-r4-1790232306,2026-09-23T23:45:06,c1,build_0071783e_20260829023649,0.002,7de69de,single,5,4,ok,,1,1000,2,3,14.50,14.4960,1245531154408783,1245531171389263,16.98048,768,992,48000,331,331,,c1_14q_single1,0,,,,
c1_14q_single1-c1-6-r-1-1790232306,2026-09-23T23:45:06,c1,build_0071783e_20260829023649,0.002,7de69de,single,6,-1,ok,,1,1024,2,3,12.06,12.3515,1245531300731076,1245531315572845,14.841769,784,1008,40960,124,124,,c1_14q_single1,0,,,,
c1_14q_single1-c1-6-r0-1790232306,2026-09-23T23:45:06,c1,build_0071783e_20260829023649,0.002,7de69de,single,6,0,ok,,1,1024,2,3,12.06,12.3515,1245531442752137,1245531457588665,14.836528,784,1008,40960,129,129,,c1_14q_single1,0,,,,
c1_14q_single1-c1-6-r1-1790232306,2026-09-23T23:45:06,c1,build_0071783e_20260829023649,0.002,7de69de,single,6,1,ok,,1,1024,2,3,12.06,12.3515,1245531585044160,1245531599887588,14.843428,784,1008,40960,142,142,,c1_14q_single1,0,,,,
c1_14q_single1-c1-6-r2-1790232307,2026-09-23T23:45:07,c1,build_0071783e_20260829023649,0.002,7de69de,single,6,2,ok,,1,1024,2,3,12.06,12.3515,1245531727110891,1245531741949649,14.838758,784,1008,40960,125,125,,c1_14q_single1,0,,,,
c1_14q_single1-c1-6-r3-1790232307,2026-09-23T23:45:07,c1,build_0071783e_20260829023649,0.002,7de69de,single,6,3,ok,,1,1024,2,3,12.06,12.3515,1245531868620096,1245531883480605,14.860509,784,1008,40960,126,126,,c1_14q_single1,0,,,,
c1_14q_single1-c1-6-r4-1790232307,2026-09-23T23:45:07,c1,build_0071783e_20260829023649,0.002,7de69de,single,6,4,ok,,1,1024,2,3,12.06,12.3515,1245532010000660,1245532024863469,14.862809,784,1008,40960,131,131,,c1_14q_single1,0,,,,
c1_14q_single1-c1-7-r-1-1790232307,2026-09-23T23:45:07,c1,build_0071783e_20260829023649,0.002,7de69de,single,7,-1,ok,,1,8192,2,4,14.84,121.6020,1245532192552496,1245532317894240,125.341744,832,1056,524288,433,433,,c1_14q_single1,0,,,,
c1_14q_single1-c1-7-r0-1790232307,2026-09-23T23:45:07,c1,build_0071783e_20260829023649,0.002,7de69de,single,7,0,ok,,1,8192,2,4,14.84,121.6020,1245532458940940,1245532584272794,125.331854,832,1056,524288,585,585,,c1_14q_single1,0,,,,
c1_14q_single1-c1-7-r1-1790232307,2026-09-23T23:45:07,c1,build_0071783e_20260829023649,0.002,7de69de,single,7,1,ok,,1,8192,2,4,14.84,121.6020,1245532725164513,1245532850505056,125.340543,832,1056,524288,605,605,,c1_14q_single1,0,,,,
c1_14q_single1-c1-7-r2-1790232308,2026-09-23T23:45:08,c1,build_0071783e_20260829023649,0.002,7de69de,single,7,2,ok,,1,8192,2,4,14.84,121.6020,1245532991265534,1245533116606468,125.340934,832,1056,524288,597,597,,c1_14q_single1,0,,,,
c1_14q_single1-c1-7-r3-1790232308,2026-09-23T23:45:08,c1,build_0071783e_20260829023649,0.002,7de69de,single,7,3,ok,,1,8192,2,4,14.84,121.6020,1245533256832580,1245533382172474,125.339894,832,1056,524288,601,601,,c1_14q_single1,0,,,,
c1_14q_single1-c1-7-r4-1790232308,2026-09-23T23:45:08,c1,build_0071783e_20260829023649,0.002,7de69de,single,7,4,ok,,1,8192,2,4,14.84,121.6020,1245533528644899,1245533654002833,125.357934,832,1056,524288,612,612,,c1_14q_single1,0,,,,
c1_14q_single1-c1-8-r-1-1790232309,2026-09-23T23:45:09,c1,build_0071783e_20260829023649,0.002,7de69de,single,8,-1,ok,,1,1024,2,5,17.97,18.4054,1245533832098654,1245533853031553,20.932899,1040,1264,81920,160,160,,c1_14q_single1,0,,,,
c1_14q_single1-c1-8-r0-1790232309,2026-09-23T23:45:09,c1,build_0071783e_20260829023649,0.002,7de69de,single,8,0,ok,,1,1024,2,5,17.97,18.4054,1245534037264926,1245534058201035,20.936109,1040,1264,81920,162,162,,c1_14q_single1,0,,,,
c1_14q_single1-c1-8-r1-1790232309,2026-09-23T23:45:09,c1,build_0071783e_20260829023649,0.002,7de69de,single,8,1,ok,,1,1024,2,5,17.97,18.4054,1245534242641020,1245534263577019,20.935999,1040,1264,81920,156,156,,c1_14q_single1,0,,,,
c1_14q_single1-c1-8-r2-1790232309,2026-09-23T23:45:09,c1,build_0071783e_20260829023649,0.002,7de69de,single,8,2,ok,,1,1024,2,5,17.97,18.4054,1245534449807892,1245534470744011,20.936119,1040,1264,81920,160,160,,c1_14q_single1,0,,,,
c1_14q_single1-c1-8-r3-1790232309,2026-09-23T23:45:09,c1,build_0071783e_20260829023649,0.002,7de69de,single,8,3,ok,,1,1024,2,5,17.97,18.4054,1245534657913963,1245534678843353,20.92939,1040,1264,81920,157,157,,c1_14q_single1,0,,,,
c1_14q_single1-c1-8-r4-1790232310,2026-09-23T23:45:10,c1,build_0071783e_20260829023649,0.002,7de69de,single,8,4,ok,,1,1024,2,5,17.97,18.4054,1245534866635281,1245534887575050,20.939769,1040,1264,81920,160,160,,c1_14q_single1,0,,,,
c1_14q_single1-c1-9-r-1-1790232310,2026-09-23T23:45:10,c1,build_0071783e_20260829023649,0.002,7de69de,single,9,-1,ok,,1,128,2,6,21.10,2.7013,1245535138945944,1245535144055716,5.109772,1248,1472,12288,102,102,,c1_14q_single1,0,,,,
c1_14q_single1-c1-9-r0-1790232310,2026-09-23T23:45:10,c1,build_0071783e_20260829023649,0.002,7de69de,single,9,0,ok,,1,128,2,6,21.10,2.7013,1245535381191837,1245535386289288,5.097451,1248,1472,12288,101,101,,c1_14q_single1,0,,,,
c1_14q_single1-c1-9-r1-1790232310,2026-09-23T23:45:10,c1,build_0071783e_20260829023649,0.002,7de69de,single,9,1,ok,,1,128,2,6,21.10,2.7013,1245535623642842,1245535628741143,5.098301,1248,1472,12288,103,103,,c1_14q_single1,0,,,,
c1_14q_single1-c1-9-r2-1790232311,2026-09-23T23:45:11,c1,build_0071783e_20260829023649,0.002,7de69de,single,9,2,ok,,1,128,2,6,21.10,2.7013,1245535866316069,1245535871412250,5.096181,1248,1472,12288,103,103,,c1_14q_single1,0,,,,
c1_14q_single1-c1-9-r3-1790232311,2026-09-23T23:45:11,c1,build_0071783e_20260829023649,0.002,7de69de,single,9,3,ok,,1,128,2,6,21.10,2.7013,1245536105601113,1245536110701384,5.100271,1248,1472,12288,102,102,,c1_14q_single1,0,,,,
c1_14q_single1-c1-9-r4-1790232311,2026-09-23T23:45:11,c1,build_0071783e_20260829023649,0.002,7de69de,single,9,4,ok,,1,128,2,6,21.10,2.7013,1245536344127038,1245536349223679,5.096641,1248,1472,12288,101,101,,c1_14q_single1,0,,,,
c1_14q_single1-c1-10-r-1-1790232311,2026-09-23T23:45:11,c1,build_0071783e_20260829023649,0.002,7de69de,single,10,-1,ok,,1,32,2,8,27.36,0.8756,1245536657927097,1245536661231680,3.304583,1664,1888,4096,59,59,,c1_14q_single1,0,,,,
c1_14q_single1-c1-10-r0-1790232312,2026-09-23T23:45:12,c1,build_0071783e_20260829023649,0.002,7de69de,single,10,0,ok,,1,32,2,8,27.36,0.8756,1245536962300401,1245536965595564,3.295163,1664,1888,4096,60,60,,c1_14q_single1,0,,,,
c1_14q_single1-c1-10-r1-1790232312,2026-09-23T23:45:12,c1,build_0071783e_20260829023649,0.002,7de69de,single,10,1,ok,,1,32,2,8,27.36,0.8756,1245537265513263,1245537268811686,3.298423,1664,1888,4096,59,59,,c1_14q_single1,0,,,,
c1_14q_single1-c1-10-r2-1790232312,2026-09-23T23:45:12,c1,build_0071783e_20260829023649,0.002,7de69de,single,10,2,ok,,1,32,2,8,27.36,0.8756,1245537567649555,1245537570948388,3.298833,1664,1888,4096,60,60,,c1_14q_single1,0,,,,
c1_14q_single1-c1-10-r3-1790232312,2026-09-23T23:45:12,c1,build_0071783e_20260829023649,0.002,7de69de,single,10,3,ok,,1,32,2,8,27.36,0.8756,1245537869851538,1245537873150521,3.298983,1664,1888,4096,58,58,,c1_14q_single1,0,,,,
c1_14q_single1-c1-10-r4-1790232313,2026-09-23T23:45:13,c1,build_0071783e_20260829023649,0.002,7de69de,single,10,4,ok,,1,32,2,8,27.36,0.8756,1245538174052860,1245538177347073,3.294213,1664,1888,4096,61,61,,c1_14q_single1,0,,,,
c1_14q_single1-c1-11-r-1-1790232313,2026-09-23T23:45:13,c1,build_0071783e_20260829023649,0.002,7de69de,single,11,-1,ok,,1,1024,2,5,18.92,19.3761,1245538389648697,1245538411599676,21.950979,1392,1616,73728,152,152,,c1_14q_single1,0,,,,
c1_14q_single1-c1-11-r0-1790232313,2026-09-23T23:45:13,c1,build_0071783e_20260829023649,0.002,7de69de,single,11,0,ok,,1,1024,2,5,18.92,19.3761,1245538594974560,1245538616913620,21.93906,1392,1616,73728,149,149,,c1_14q_single1,0,,,,
c1_14q_single1-c1-11-r1-1790232314,2026-09-23T23:45:14,c1,build_0071783e_20260829023649,0.002,7de69de,single,11,1,ok,,1,1024,2,5,18.92,19.3761,1245538801960040,1245538823903170,21.94313,1392,1616,73728,156,156,,c1_14q_single1,0,,,,
c1_14q_single1-c1-11-r2-1790232314,2026-09-23T23:45:14,c1,build_0071783e_20260829023649,0.002,7de69de,single,11,2,ok,,1,1024,2,5,18.92,19.3761,1245539008532976,1245539030475186,21.94221,1392,1616,73728,155,155,,c1_14q_single1,0,,,,
c1_14q_single1-c1-11-r3-1790232314,2026-09-23T23:45:14,c1,build_0071783e_20260829023649,0.002,7de69de,single,11,3,ok,,1,1024,2,5,18.92,19.3761,1245539213685958,1245539235599977,21.914019,1392,1616,73728,155,155,,c1_14q_single1,0,,,,
c1_14q_single1-c1-11-r4-1790232314,2026-09-23T23:45:14,c1,build_0071783e_20260829023649,0.002,7de69de,single,11,4,ok,,1,1024,2,5,18.92,19.3761,1245539424709499,1245539446649528,21.940029,1392,1616,73728,152,152,,c1_14q_single1,0,,,,
c1_14q_single1-c1-12-r-1-1790232314,2026-09-23T23:45:14,c1,build_0071783e_20260829023649,0.002,7de69de,single,12,-1,ok,,1,10000,2,1,5.43,54.3000,1245539500485347,1245539558644048,58.158701,192,416,160000,205,205,,c1_14q_single1,0,,,,
c1_14q_single1-c1-12-r0-1790232314,2026-09-23T23:45:14,c1,build_0071783e_20260829023649,0.002,7de69de,single,12,0,ok,,1,10000,2,1,5.43,54.3000,1245539594897891,1245539653080073,58.182182,192,416,160000,203,203,,c1_14q_single1,0,,,,
c1_14q_single1-c1-12-r1-1790232315,2026-09-23T23:45:15,c1,build_0071783e_20260829023649,0.002,7de69de,single,12,1,ok,,1,10000,2,1,5.43,54.3000,1245539690218954,1245539748375546,58.156592,192,416,160000,209,209,,c1_14q_single1,0,,,,
c1_14q_single1-c1-12-r2-1790232315,2026-09-23T23:45:15,c1,build_0071783e_20260829023649,0.002,7de69de,single,12,2,ok,,1,10000,2,1,5.43,54.3000,1245539785637279,1245539843794370,58.157091,192,416,160000,237,237,,c1_14q_single1,0,,,,
c1_14q_single1-c1-12-r3-1790232315,2026-09-23T23:45:15,c1,build_0071783e_20260829023649,0.002,7de69de,single,12,3,ok,,1,10000,2,1,5.43,54.3000,1245539881455787,1245539939615239,58.159452,192,416,160000,220,220,,c1_14q_single1,0,,,,
c1_14q_single1-c1-12-r4-1790232315,2026-09-23T23:45:15,c1,build_0071783e_20260829023649,0.002,7de69de,single,12,4,ok,,1,10000,2,1,5.43,54.3000,1245539976351536,1245540034505518,58.153982,192,416,160000,213,213,,c1_14q_single1,0,,,,
c1_14q_single1-c1-13-r-1-1790232315,2026-09-23T23:45:15,c1,build_0071783e_20260829023649,0.002,7de69de,single,13,-1,ok,,1,500,2,4,26.47,13.2360,1245540184141234,1245540200024393,15.883159,3008,3232,32000,115,115,,c1_14q_single1,0,,,,
c1_14q_single1-c1-13-r0-1790232315,2026-09-23T23:45:15,c1,build_0071783e_20260829023649,0.002,7de69de,single,13,0,ok,,1,500,2,4,26.47,13.2360,1245540358822341,1245540374698750,15.876409,3008,3232,32000,114,114,,c1_14q_single1,0,,,,
c1_14q_single1-c1-13-r1-1790232315,2026-09-23T23:45:15,c1,build_0071783e_20260829023649,0.002,7de69de,single,13,1,ok,,1,500,2,4,26.47,13.2360,1245540532279596,1245540548165395,15.885799,3008,3232,32000,115,115,,c1_14q_single1,0,,,,
c1_14q_single1-c1-13-r2-1790232315,2026-09-23T23:45:15,c1,build_0071783e_20260829023649,0.002,7de69de,single,13,2,ok,,1,500,2,4,26.47,13.2360,1245540706930973,1245540722814762,15.883789,3008,3232,32000,116,116,,c1_14q_single1,0,,,,
c1_14q_single1-c1-13-r3-1790232316,2026-09-23T23:45:16,c1,build_0071783e_20260829023649,0.002,7de69de,single,13,3,ok,,1,500,2,4,26.47,13.2360,1245540880628860,1245540896529139,15.900279,3008,3232,32000,114,114,,c1_14q_single1,0,,,,
c1_14q_single1-c1-13-r4-1790232316,2026-09-23T23:45:16,c1,build_0071783e_20260829023649,0.002,7de69de,single,13,4,ok,,1,500,2,4,26.47,13.2360,1245541054319847,1245541070205226,15.885379,3008,3232,32000,113,113,,c1_14q_single1,0,,,,
c1_14q_single1-c1-19-r-1-1790232316,2026-09-23T23:45:16,c1,build_0071783e_20260829023649,0.002,7de69de,single,19,-1,ok,,1,4096,2,14,46.42,190.1199,1245541575305208,1245541768966185,193.660977,3968,4192,917504,1184,1184,,c1_14q_single1,0,,,,
c1_14q_single1-c1-19-r0-1790232317,2026-09-23T23:45:17,c1,build_0071783e_20260829023649,0.002,7de69de,single,19,0,ok,,1,4096,2,14,46.42,190.1199,1245542237665883,1245542431353990,193.688107,3968,4192,917504,888,888,,c1_14q_single1,0,,,,
c1_14q_single1-c1-19-r1-1790232317,2026-09-23T23:45:17,c1,build_0071783e_20260829023649,0.002,7de69de,single,19,1,ok,,1,4096,2,14,46.42,190.1199,1245542896348951,1245543090011818,193.662867,3968,4192,917504,1106,1106,,c1_14q_single1,0,,,,
c1_14q_single1-c1-19-r2-1790232318,2026-09-23T23:45:18,c1,build_0071783e_20260829023649,0.002,7de69de,single,19,2,ok,,1,4096,2,14,46.42,190.1199,1245543556505563,1245543750191930,193.686367,3968,4192,917504,907,907,,c1_14q_single1,0,,,,
c1_14q_single1-c1-19-r3-1790232319,2026-09-23T23:45:19,c1,build_0071783e_20260829023649,0.002,7de69de,single,19,3,ok,,1,4096,2,14,46.42,190.1199,1245544218325292,1245544411983049,193.657757,3968,4192,917504,1158,1158,,c1_14q_single1,0,,,,
c1_14q_single1-c1-19-r4-1790232319,2026-09-23T23:45:19,c1,build_0071783e_20260829023649,0.002,7de69de,single,19,4,ok,,1,4096,2,14,46.42,190.1199,1245544881218302,1245545074900170,193.681868,3968,4192,917504,1094,1094,,c1_14q_single1,0,,,,
c1_14q_single1-c1-20-r-1-1790232320,2026-09-23T23:45:20,c1,build_0071783e_20260829023649,0.002,7de69de,single,20,-1,ok,,1,1000,2,5,17.66,17.6580,1245545311180533,1245545331347824,20.167291,1008,1232,56000,139,139,,c1_14q_single1,0,,,,
c1_14q_single1-c1-20-r0-1790232320,2026-09-23T23:45:20,c1,build_0071783e_20260829023649,0.002,7de69de,single,20,0,ok,,1,1000,2,5,17.66,17.6580,1245545501969811,1245545522143213,20.173402,1008,1232,56000,143,143,,c1_14q_single1,0,,,,
c1_14q_single1-c1-20-r1-1790232320,2026-09-23T23:45:20,c1,build_0071783e_20260829023649,0.002,7de69de,single,20,1,ok,,1,1000,2,5,17.66,17.6580,1245545692310105,1245545712484156,20.174051,1008,1232,56000,137,137,,c1_14q_single1,0,,,,
c1_14q_single1-c1-20-r2-1790232321,2026-09-23T23:45:21,c1,build_0071783e_20260829023649,0.002,7de69de,single,20,2,ok,,1,1000,2,5,17.66,17.6580,1245545884322285,1245545904513797,20.191512,1008,1232,56000,136,136,,c1_14q_single1,0,,,,
c1_14q_single1-c1-20-r3-1790232321,2026-09-23T23:45:21,c1,build_0071783e_20260829023649,0.002,7de69de,single,20,3,ok,,1,1000,2,5,17.66,17.6580,1245546074279975,1245546094473627,20.193652,1008,1232,56000,139,139,,c1_14q_single1,0,,,,
c1_14q_single1-c1-20-r4-1790232321,2026-09-23T23:45:21,c1,build_0071783e_20260829023649,0.002,7de69de,single,20,4,ok,,1,1000,2,5,17.66,17.6580,1245546264866251,1245546285037343,20.171092,1008,1232,56000,139,139,,c1_14q_single1,0,,,,
c1_14q_single1-c1-21-r-1-1790232321,2026-09-23T23:45:21,c1,build_0071783e_20260829023649,0.002,7de69de,single,21,-1,ok,,1,10000,2,12,43.24,432.4000,1245546716906162,1245547153968073,437.061911,3392,3616,1920000,2190,2190,,c1_14q_single1,0,,,,
c1_14q_single1-c1-21-r0-1790232322,2026-09-23T23:45:22,c1,build_0071783e_20260829023649,0.002,7de69de,single,21,0,ok,,1,10000,2,12,43.24,432.4000,1245547565135096,1245548002217057,437.081961,3392,3616,1920000,2194,2194,,c1_14q_single1,0,,,,
c1_14q_single1-c1-21-r1-1790232323,2026-09-23T23:45:23,c1,build_0071783e_20260829023649,0.002,7de69de,single,21,1,ok,,1,10000,2,12,43.24,432.4000,1245548431314939,1245548868372860,437.057921,3392,3616,1920000,2426,2426,,c1_14q_single1,0,,,,
c1_14q_single1-c1-21-r2-1790232324,2026-09-23T23:45:24,c1,build_0071783e_20260829023649,0.002,7de69de,single,21,2,ok,,1,10000,2,12,43.24,432.4000,1245549278839415,1245549715927977,437.088562,3392,3616,1920000,2312,2312,,c1_14q_single1,0,,,,
c1_14q_single1-c1-21-r3-1790232325,2026-09-23T23:45:25,c1,build_0071783e_20260829023649,0.002,7de69de,single,21,3,ok,,1,10000,2,12,43.24,432.4000,1245550124904587,1245550561990909,437.086322,3392,3616,1920000,2173,2173,,c1_14q_single1,0,,,,
c1_14q_single1-c1-21-r4-1790232325,2026-09-23T23:45:25,c1,build_0071783e_20260829023649,0.002,7de69de,single,21,4,ok,,1,10000,2,12,43.24,432.4000,1245550971717967,1245551408814719,437.096752,3392,3616,1920000,2303,2303,,c1_14q_single1,0,,,,
c1_14q_single1-c1-22-r-1-1790232326,2026-09-23T23:45:26,c1,build_0071783e_20260829023649,0.002,7de69de,single,22,-1,ok,,1,400,2,14,50.12,20.0496,1245551908753539,1245551931600027,22.846488,4192,4416,89600,159,159,,c1_14q_single1,0,,,,
c1_14q_single1-c1-22-r0-1790232327,2026-09-23T23:45:27,c1,build_0071783e_20260829023649,0.002,7de69de,single,22,0,ok,,1,400,2,14,50.12,20.0496,1245552406289465,1245552429124813,22.835348,4192,4416,89600,160,160,,c1_14q_single1,0,,,,
c1_14q_single1-c1-22-r1-1790232327,2026-09-23T23:45:27,c1,build_0071783e_20260829023649,0.002,7de69de,single,22,1,ok,,1,400,2,14,50.12,20.0496,1245552904948512,1245552927805241,22.856729,4192,4416,89600,173,173,,c1_14q_single1,0,,,,
c1_14q_single1-c1-22-r2-1790232328,2026-09-23T23:45:28,c1,build_0071783e_20260829023649,0.002,7de69de,single,22,2,ok,,1,400,2,14,50.12,20.0496,1245553402822262,1245553425667320,22.845058,4192,4416,89600,167,167,,c1_14q_single1,0,,,,
c1_14q_single1-c1-22-r3-1790232328,2026-09-23T23:45:28,c1,build_0071783e_20260829023649,0.002,7de69de,single,22,3,ok,,1,400,2,14,50.12,20.0496,1245553899721861,1245553922589600,22.867739,4192,4416,89600,181,181,,c1_14q_single1,0,,,,
c1_14q_single1-c1-22-r4-1790232329,2026-09-23T23:45:29,c1,build_0071783e_20260829023649,0.002,7de69de,single,22,4,ok,,1,400,2,14,50.12,20.0496,1245554397200387,1245554420030655,22.830268,4192,4416,89600,168,168,,c1_14q_single1,0,,,,
c1_14q_single1-c1-23-r-1-1790232329,2026-09-23T23:45:29,c1,build_0071783e_20260829023649,0.002,7de69de,single,23,-1,ok,,1,4000,2,12,42.85,171.4080,1245554832727173,1245555007551742,174.824569,3136,3360,768000,798,798,,c1_14q_single1,0,,,,
c1_14q_single1-c1-23-r0-1790232330,2026-09-23T23:45:30,c1,build_0071783e_20260829023649,0.002,7de69de,single,23,0,ok,,1,4000,2,12,42.85,171.4080,1245555395267559,1245555570071158,174.803599,3136,3360,768000,739,739,,c1_14q_single1,0,,,,
c1_14q_single1-c1-23-r1-1790232330,2026-09-23T23:45:30,c1,build_0071783e_20260829023649,0.002,7de69de,single,23,1,ok,,1,4000,2,12,42.85,171.4080,1245555955830766,1245556130647484,174.816718,3136,3360,768000,790,790,,c1_14q_single1,0,,,,
c1_14q_single1-c1-23-r2-1790232331,2026-09-23T23:45:31,c1,build_0071783e_20260829023649,0.002,7de69de,single,23,2,ok,,1,4000,2,12,42.85,171.4080,1245556519224771,1245556694032369,174.807598,3136,3360,768000,752,752,,c1_14q_single1,0,,,,
c1_14q_single1-c1-23-r3-1790232332,2026-09-23T23:45:32,c1,build_0071783e_20260829023649,0.002,7de69de,single,23,3,ok,,1,4000,2,12,42.85,171.4080,1245557079275592,1245557254077740,174.802148,3136,3360,768000,778,778,,c1_14q_single1,0,,,,
c1_14q_single1-c1-23-r4-1790232332,2026-09-23T23:45:32,c1,build_0071783e_20260829023649,0.002,7de69de,single,23,4,ok,,1,4000,2,12,42.85,171.4080,1245557640069771,1245557814903289,174.833518,3136,3360,768000,818,818,,c1_14q_single1,0,,,,
c1_14q_single1-c1-24-r-1-1790232333,2026-09-23T23:45:33,c1,build_0071783e_20260829023649,0.002,7de69de,single,24,-1,ok,,1,1024,2,6,59.48,60.9034,1245558068936040,1245558133386075,64.450035,10080,10304,98304,161,161,,c1_14q_single1,0,,,,
c1_14q_single1-c1-24-r0-1790232333,2026-09-23T23:45:33,c1,build_0071783e_20260829023649,0.002,7de69de,single,24,0,ok,,1,1024,2,6,59.48,60.9034,1245558335317114,1245558399752659,64.435545,10080,10304,98304,170,170,,c1_14q_single1,0,,,,
c1_14q_single1-c1-24-r1-1790232333,2026-09-23T23:45:33,c1,build_0071783e_20260829023649,0.002,7de69de,single,24,1,ok,,1,1024,2,6,59.48,60.9034,1245558600190443,1245558664639738,64.449295,10080,10304,98304,168,168,,c1_14q_single1,0,,,,
c1_14q_single1-c1-24-r2-1790232334,2026-09-23T23:45:34,c1,build_0071783e_20260829023649,0.002,7de69de,single,24,2,ok,,1,1024,2,6,59.48,60.9034,1245558866388316,1245558930815710,64.427394,10080,10304,98304,171,171,,c1_14q_single1,0,,,,
c1_14q_single1-c1-24-r3-1790232334,2026-09-23T23:45:34,c1,build_0071783e_20260829023649,0.002,7de69de,single,24,3,ok,,1,1024,2,6,59.48,60.9034,1245559132018003,1245559196446747,64.428744,10080,10304,98304,163,163,,c1_14q_single1,0,,,,
c1_14q_single1-c1-24-r4-1790232334,2026-09-23T23:45:34,c1,build_0071783e_20260829023649,0.002,7de69de,single,24,4,ok,,1,1024,2,6,59.48,60.9034,1245559398700170,1245559463123014,64.422844,10080,10304,98304,167,167,,c1_14q_single1,0,,,,
c1_14q_single1-c1-25-r-1-1790232334,2026-09-23T23:45:34,c1,build_0071783e_20260829023649,0.002,7de69de,single,25,-1,ok,,1,1024,2,4,17.12,17.5309,1245559605512968,1245559625605999,20.093031,1344,1568,65536,147,147,,c1_14q_single1,0,,,,
c1_14q_single1-c1-25-r0-1790232335,2026-09-23T23:45:35,c1,build_0071783e_20260829023649,0.002,7de69de,single,25,0,ok,,1,1024,2,4,17.12,17.5309,1245559778319237,1245559798407588,20.088351,1344,1568,65536,144,144,,c1_14q_single1,0,,,,
c1_14q_single1-c1-25-r1-1790232335,2026-09-23T23:45:35,c1,build_0071783e_20260829023649,0.002,7de69de,single,25,1,ok,,1,1024,2,4,17.12,17.5309,1245559951176565,1245559971266676,20.090111,1344,1568,65536,140,140,,c1_14q_single1,0,,,,
c1_14q_single1-c1-25-r2-1790232335,2026-09-23T23:45:35,c1,build_0071783e_20260829023649,0.002,7de69de,single,25,2,ok,,1,1024,2,4,17.12,17.5309,1245560124859813,1245560144949253,20.08944,1344,1568,65536,140,140,,c1_14q_single1,0,,,,
c1_14q_single1-c1-25-r3-1790232335,2026-09-23T23:45:35,c1,build_0071783e_20260829023649,0.002,7de69de,single,25,3,ok,,1,1024,2,4,17.12,17.5309,1245560297816352,1245560317908603,20.092251,1344,1568,65536,158,158,,c1_14q_single1,0,,,,
c1_14q_single1-c1-25-r4-1790232335,2026-09-23T23:45:35,c1,build_0071783e_20260829023649,0.002,7de69de,single,25,4,ok,,1,1024,2,4,17.12,17.5309,1245560471685691,1245560491766642,20.080951,1344,1568,65536,144,144,,c1_14q_single1,0,,,,
