idx,backend,seed,checkpoint,shots,tvd,hf,d_tvd,d_hf
1,FakeAlgiers,0,1,2457,0.0195,0.984,1.0,1.0
1,FakeAlgiers,0,2,4914,0.0195,0.9848,0.0,0.0008
1,FakeAlgiers,0,3,7371,0.0243,0.9837,0.0047,0.0011
1,FakeAlgiers,0,4,9828,0.0241,0.9842,0.0002,0.0004
1,FakeAlgiers,0,5,12285,0.024,0.9842,0.0001,0.0
1,FakeAlgiers,0,6,14742,0.0258,0.9835,0.0018,0.0006
1,FakeAlgiers,0,7,17199,0.0261,0.9834,0.0003,0.0001
1,FakeAlgiers,0,8,19656,0.0286,0.9828,0.0025,0.0006
1,FakeAlgiers,0,9,22113,0.0273,0.9828,0.0013,0.0001
1,FakeAlgiers,0,10,24576,0.0274,0.9823,0.0001,0.0005
1,FakeAlgiers,1,1,2457,0.0224,0.9815,1.0,1.0
1,FakeAlgiers,1,2,4914,0.0173,0.9832,0.0051,0.0017
1,FakeAlgiers,1,3,7371,0.016,0.984,0.0013,0.0007
1,FakeAlgiers,1,4,9828,0.0174,0.9826,0.0014,0.0014
1,FakeAlgiers,1,5,12285,0.0174,0.9826,0.0,0.0
1,FakeAlgiers,1,6,14742,0.017,0.983,0.0005,0.0005
1,FakeAlgiers,1,7,17199,0.0173,0.9827,0.0004,0.0004
1,FakeAlgiers,1,8,19656,0.0171,0.9829,0.0002,0.0002
1,FakeAlgiers,1,9,22113,0.0171,0.9829,0.0,0.0
1,FakeAlgiers,1,10,24576,0.0175,0.9825,0.0004,0.0004
1,FakeAlgiers,2,1,2457,0.0179,0.9821,1.0,1.0
1,FakeAlgiers,2,2,4914,0.0214,0.9786,0.0035,0.0035
1,FakeAlgiers,2,3,7371,0.0185,0.9815,0.0029,0.0029
1,FakeAlgiers,2,4,9828,0.018,0.982,0.0004,0.0005
1,FakeAlgiers,2,5,12285,0.0173,0.9827,0.0007,0.0007
1,FakeAlgiers,2,6,14742,0.0175,0.9825,0.0002,0.0002
1,FakeAlgiers,2,7,17199,0.0184,0.9816,0.0009,0.0009
1,FakeAlgiers,2,8,19656,0.018,0.982,0.0004,0.0004
1,FakeAlgiers,2,9,22113,0.0181,0.9818,0.0001,0.0001
1,FakeAlgiers,2,10,24576,0.0182,0.9817,0.0001,0.0001
1,FakeAlgiers,3,1,2457,0.0167,0.9833,1.0,1.0
1,FakeAlgiers,3,2,4914,0.0163,0.9837,0.0004,0.0004
1,FakeAlgiers,3,3,7371,0.0171,0.9829,0.0008,0.0008
1,FakeAlgiers,3,4,9828,0.0162,0.9838,0.0009,0.0009
1,FakeAlgiers,3,5,12285,0.0164,0.9836,0.0002,0.0002
1,FakeAlgiers,3,6,14742,0.0164,0.9836,0.0001,0.0
1,FakeAlgiers,3,7,17199,0.0165,0.9835,0.0001,0.0001
1,FakeAlgiers,3,8,19656,0.0171,0.9829,0.0006,0.0006
1,FakeAlgiers,3,9,22113,0.0172,0.9828,0.0001,0.0001
1,FakeAlgiers,3,10,24576,0.0176,0.9824,0.0004,0.0004
1,FakeAlgiers,4,1,2457,0.0147,0.9853,1.0,1.0
1,FakeAlgiers,4,2,4914,0.0165,0.9835,0.0018,0.0019
1,FakeAlgiers,4,3,7371,0.0163,0.9837,0.0002,0.0002
1,FakeAlgiers,4,4,9828,0.0171,0.9829,0.0008,0.0008
1,FakeAlgiers,4,5,12285,0.0173,0.9826,0.0002,0.0003
1,FakeAlgiers,4,6,14742,0.0172,0.9828,0.0001,0.0001
1,FakeAlgiers,4,7,17199,0.0166,0.9834,0.0007,0.0006
1,FakeAlgiers,4,8,19656,0.0166,0.9833,0.0001,0.0
1,FakeAlgiers,4,9,22113,0.0168,0.9832,0.0002,0.0002
1,FakeAlgiers,4,10,24576,0.0172,0.9828,0.0003,0.0003
1,FakeAlgiers,5,1,2457,0.0199,0.98,1.0,1.0
1,FakeAlgiers,5,2,4914,0.0179,0.9821,0.002,0.002
1,FakeAlgiers,5,3,7371,0.0174,0.9826,0.0005,0.0005
1,FakeAlgiers,5,4,9828,0.0167,0.9834,0.0007,0.0009
1,FakeAlgiers,5,5,12285,0.0168,0.9831,0.0002,0.0004
1,FakeAlgiers,5,6,14742,0.0161,0.9838,0.0007,0.0007
1,FakeAlgiers,5,7,17199,0.0163,0.9836,0.0002,0.0002
1,FakeAlgiers,5,8,19656,0.0167,0.9833,0.0003,0.0003
1,FakeAlgiers,5,9,22113,0.0167,0.9832,0.0,0.0
1,FakeAlgiers,5,10,24576,0.0168,0.9832,0.0001,0.0001
1,FakeAlgiers,6,1,2457,0.0155,0.9845,1.0,1.0
1,FakeAlgiers,6,2,4914,0.021,0.9824,0.0055,0.0022
1,FakeAlgiers,6,3,7371,0.0183,0.9817,0.0026,0.0007
1,FakeAlgiers,6,4,9828,0.0198,0.9817,0.0015,0.0
1,FakeAlgiers,6,5,12285,0.02,0.9818,0.0002,0.0001
1,FakeAlgiers,6,6,14742,0.0191,0.982,0.001,0.0002
1,FakeAlgiers,6,7,17199,0.018,0.982,0.0011,0.0
1,FakeAlgiers,6,8,19656,0.0187,0.9814,0.0007,0.0006
1,FakeAlgiers,6,9,22113,0.0179,0.982,0.0008,0.0006
1,FakeAlgiers,6,10,24576,0.0179,0.982,0.0,0.0
1,FakeAlgiers,7,1,2457,0.0187,0.9813,1.0,1.0
1,FakeAlgiers,7,2,4914,0.0191,0.9809,0.0004,0.0004
1,FakeAlgiers,7,3,7371,0.0179,0.9821,0.0012,0.0012
1,FakeAlgiers,7,4,9828,0.0187,0.9813,0.0008,0.0008
1,FakeAlgiers,7,5,12285,0.0191,0.9809,0.0004,0.0004
1,FakeAlgiers,7,6,14742,0.0182,0.9817,0.0009,0.0009
1,FakeAlgiers,7,7,17199,0.0181,0.9819,0.0002,0.0002
1,FakeAlgiers,7,8,19656,0.0176,0.9824,0.0005,0.0005
1,FakeAlgiers,7,9,22113,0.0174,0.9826,0.0001,0.0001
1,FakeAlgiers,7,10,24576,0.0173,0.9827,0.0001,0.0001
1,FakeAlgiers,8,1,2457,0.0228,0.9867,1.0,1.0
1,FakeAlgiers,8,2,4914,0.0138,0.9861,0.009,0.0006
1,FakeAlgiers,8,3,7371,0.0145,0.9855,0.0007,0.0006
1,FakeAlgiers,8,4,9828,0.0149,0.9851,0.0003,0.0004
1,FakeAlgiers,8,5,12285,0.0171,0.9836,0.0022,0.0015
1,FakeAlgiers,8,6,14742,0.0175,0.9827,0.0004,0.0009
1,FakeAlgiers,8,7,17199,0.0175,0.9824,0.0,0.0003
1,FakeAlgiers,8,8,19656,0.0179,0.9826,0.0004,0.0002
1,FakeAlgiers,8,9,22113,0.0178,0.9822,0.0001,0.0005
1,FakeAlgiers,8,10,24576,0.0174,0.9825,0.0004,0.0004
1,FakeAlgiers,9,1,2457,0.022,0.9779,1.0,1.0
1,FakeAlgiers,9,2,4914,0.0258,0.9774,0.0039,0.0005
1,FakeAlgiers,9,3,7371,0.0232,0.9783,0.0026,0.0009
1,FakeAlgiers,9,4,9828,0.0215,0.979,0.0017,0.0007
1,FakeAlgiers,9,5,12285,0.0231,0.9792,0.0016,0.0001
1,FakeAlgiers,9,6,14742,0.0214,0.9795,0.0018,0.0004
1,FakeAlgiers,9,7,17199,0.0223,0.9799,0.0009,0.0004
1,FakeAlgiers,9,8,19656,0.0228,0.98,0.0006,0.0001
1,FakeAlgiers,9,9,22113,0.0231,0.9798,0.0002,0.0002
1,FakeAlgiers,9,10,24576,0.0225,0.9796,0.0005,0.0002
1,FakeAlgiers,10,1,2457,0.0155,0.9845,1.0,1.0
1,FakeAlgiers,10,2,4914,0.0165,0.9837,0.001,0.0008
1,FakeAlgiers,10,3,7371,0.0251,0.9836,0.0086,0.0001
1,FakeAlgiers,10,4,9828,0.02,0.9837,0.0051,0.0001
1,FakeAlgiers,10,5,12285,0.0201,0.9837,0.0001,0.0
1,FakeAlgiers,10,6,14742,0.0169,0.9836,0.0032,0.0
1,FakeAlgiers,10,7,17199,0.0176,0.9839,0.0007,0.0002
1,FakeAlgiers,10,8,19656,0.0177,0.9838,0.0001,0.0001
1,FakeAlgiers,10,9,22113,0.0196,0.9836,0.0019,0.0001
1,FakeAlgiers,10,10,24576,0.0205,0.9834,0.0009,0.0002
1,FakeAlgiers,11,1,2457,0.033,0.9783,1.0,1.0
1,FakeAlgiers,11,2,4914,0.0214,0.9786,0.0116,0.0003
1,FakeAlgiers,11,3,7371,0.0199,0.98,0.0014,0.0014
1,FakeAlgiers,11,4,9828,0.0195,0.9804,0.0004,0.0004
1,FakeAlgiers,11,5,12285,0.0182,0.9817,0.0013,0.0013
1,FakeAlgiers,11,6,14742,0.0176,0.9824,0.0006,0.0006
1,FakeAlgiers,11,7,17199,0.018,0.982,0.0003,0.0003
1,FakeAlgiers,11,8,19656,0.0179,0.9821,0.0001,0.0001
1,FakeAlgiers,11,9,22113,0.0184,0.9816,0.0005,0.0005
1,FakeAlgiers,11,10,24576,0.0188,0.9812,0.0004,0.0004
1,FakeAlgiers,12,1,2457,0.0191,0.9828,1.0,1.0
1,FakeAlgiers,12,2,4914,0.0185,0.9842,0.0006,0.0014
1,FakeAlgiers,12,3,7371,0.0148,0.9852,0.0037,0.001
1,FakeAlgiers,12,4,9828,0.0159,0.9841,0.0011,0.0011
1,FakeAlgiers,12,5,12285,0.016,0.9839,0.0002,0.0002
1,FakeAlgiers,12,6,14742,0.0163,0.9837,0.0002,0.0002
1,FakeAlgiers,12,7,17199,0.016,0.9839,0.0002,0.0002
1,FakeAlgiers,12,8,19656,0.0158,0.9842,0.0003,0.0003
1,FakeAlgiers,12,9,22113,0.0159,0.9841,0.0001,0.0001
1,FakeAlgiers,12,10,24576,0.016,0.984,0.0001,0.0001
1,FakeAlgiers,13,1,2457,0.0244,0.9762,1.0,1.0
1,FakeAlgiers,13,2,4914,0.0252,0.9788,0.0008,0.0026
1,FakeAlgiers,13,3,7371,0.0202,0.9802,0.005,0.0014
1,FakeAlgiers,13,4,9828,0.02,0.9799,0.0002,0.0003
1,FakeAlgiers,13,5,12285,0.0197,0.9803,0.0003,0.0004
1,FakeAlgiers,13,6,14742,0.0191,0.9809,0.0006,0.0006
1,FakeAlgiers,13,7,17199,0.0186,0.9814,0.0005,0.0005
1,FakeAlgiers,13,8,19656,0.0185,0.9815,0.0001,0.0001
1,FakeAlgiers,13,9,22113,0.0181,0.9819,0.0004,0.0004
1,FakeAlgiers,13,10,24576,0.0178,0.9822,0.0003,0.0003
1,FakeAlgiers,14,1,2457,0.0391,0.9835,1.0,1.0
1,FakeAlgiers,14,2,4914,0.0165,0.9835,0.0226,0.0001
1,FakeAlgiers,14,3,7371,0.017,0.983,0.0005,0.0004
1,FakeAlgiers,14,4,9828,0.0176,0.9824,0.0006,0.0006
1,FakeAlgiers,14,5,12285,0.0168,0.9831,0.0008,0.0008
1,FakeAlgiers,14,6,14742,0.0168,0.9832,0.0,0.0
1,FakeAlgiers,14,7,17199,0.0168,0.9832,0.0,0.0
1,FakeAlgiers,14,8,19656,0.017,0.983,0.0002,0.0002
1,FakeAlgiers,14,9,22113,0.0171,0.9829,0.0001,0.0001
1,FakeAlgiers,14,10,24576,0.0168,0.9832,0.0003,0.0003
1,FakeAlgiers,15,1,2457,0.0195,0.9804,1.0,1.0
1,FakeAlgiers,15,2,4914,0.023,0.9823,0.0035,0.0019
1,FakeAlgiers,15,3,7371,0.0156,0.9844,0.0074,0.0021
1,FakeAlgiers,15,4,9828,0.0169,0.9831,0.0013,0.0013
1,FakeAlgiers,15,5,12285,0.0177,0.9823,0.0008,0.0008
1,FakeAlgiers,15,6,14742,0.0187,0.9812,0.0011,0.0011
1,FakeAlgiers,15,7,17199,0.0179,0.9821,0.0008,0.0008
1,FakeAlgiers,15,8,19656,0.0179,0.9821,0.0,0.0
1,FakeAlgiers,15,9,22113,0.018,0.982,0.0001,0.0001
1,FakeAlgiers,15,10,24576,0.0178,0.9822,0.0002,0.0002
1,FakeAlgiers,16,1,2457,0.0187,0.9824,1.0,1.0
1,FakeAlgiers,16,2,4914,0.0173,0.9827,0.0014,0.0003
1,FakeAlgiers,16,3,7371,0.0167,0.9833,0.0006,0.0006
1,FakeAlgiers,16,4,9828,0.0163,0.9837,0.0004,0.0004
1,FakeAlgiers,16,5,12285,0.0171,0.9829,0.0008,0.0008
1,FakeAlgiers,16,6,14742,0.0167,0.9833,0.0004,0.0004
1,FakeAlgiers,16,7,17199,0.0172,0.9828,0.0005,0.0005
1,FakeAlgiers,16,8,19656,0.0172,0.9828,0.0,0.0
1,FakeAlgiers,16,9,22113,0.0179,0.9821,0.0007,0.0007
1,FakeAlgiers,16,10,24576,0.018,0.982,0.0001,0.0001
1,FakeAlgiers,17,1,2457,0.0171,0.9828,1.0,1.0
1,FakeAlgiers,17,2,4914,0.0169,0.9831,0.0002,0.0003
1,FakeAlgiers,17,3,7371,0.0176,0.9823,0.0007,0.0008
1,FakeAlgiers,17,4,9828,0.017,0.983,0.0006,0.0006
1,FakeAlgiers,17,5,12285,0.017,0.9829,0.0,0.0
1,FakeAlgiers,17,6,14742,0.0175,0.9826,0.0005,0.0004
1,FakeAlgiers,17,7,17199,0.0197,0.9826,0.0022,0.0
1,FakeAlgiers,17,8,19656,0.019,0.9832,0.0007,0.0006
1,FakeAlgiers,17,9,22113,0.018,0.9833,0.001,0.0001
1,FakeAlgiers,17,10,24576,0.0171,0.9832,0.0009,0.0
1,FakeAlgiers,18,1,2457,0.0179,0.982,1.0,1.0
1,FakeAlgiers,18,2,4914,0.0189,0.9811,0.001,0.001
1,FakeAlgiers,18,3,7371,0.0193,0.9807,0.0003,0.0003
1,FakeAlgiers,18,4,9828,0.0198,0.9801,0.0006,0.0006
1,FakeAlgiers,18,5,12285,0.019,0.9809,0.0009,0.0008
1,FakeAlgiers,18,6,14742,0.0186,0.9814,0.0004,0.0004
1,FakeAlgiers,18,7,17199,0.0196,0.9812,0.001,0.0002
1,FakeAlgiers,18,8,19656,0.0199,0.9818,0.0003,0.0006
1,FakeAlgiers,18,9,22113,0.0189,0.9822,0.001,0.0004
1,FakeAlgiers,18,10,24576,0.0186,0.9824,0.0003,0.0001
1,FakeAlgiers,19,1,2457,0.0293,0.9793,1.0,1.0
1,FakeAlgiers,19,2,4914,0.0169,0.9831,0.0124,0.0038
1,FakeAlgiers,19,3,7371,0.0175,0.9824,0.0006,0.0006
1,FakeAlgiers,19,4,9828,0.0175,0.9824,0.0,0.0
1,FakeAlgiers,19,5,12285,0.0186,0.9822,0.0011,0.0003
1,FakeAlgiers,19,6,14742,0.0191,0.9827,0.0005,0.0005
1,FakeAlgiers,19,7,17199,0.0208,0.9815,0.0018,0.0012
1,FakeAlgiers,19,8,19656,0.0215,0.9815,0.0007,0.0
1,FakeAlgiers,19,9,22113,0.0203,0.9812,0.0013,0.0003
1,FakeAlgiers,19,10,24576,0.0215,0.9812,0.0013,0.0
2,FakeAlgiers,0,1,819,0.0391,0.9609,1.0,1.0
2,FakeAlgiers,0,2,1638,0.0336,0.9664,0.0055,0.0056
2,FakeAlgiers,0,3,2457,0.0322,0.9678,0.0014,0.0014
2,FakeAlgiers,0,4,3276,0.0327,0.9673,0.0005,0.0005
2,FakeAlgiers,0,5,4095,0.0305,0.9695,0.0021,0.0021
2,FakeAlgiers,0,6,4914,0.0301,0.9698,0.0004,0.0004
2,FakeAlgiers,0,7,5733,0.0312,0.9687,0.0011,0.0012
2,FakeAlgiers,0,8,6552,0.0308,0.9691,0.0004,0.0004
2,FakeAlgiers,0,9,7371,0.0297,0.9702,0.0011,0.0011
2,FakeAlgiers,0,10,8192,0.0302,0.9697,0.0004,0.0005
2,FakeAlgiers,1,1,819,0.0342,0.9658,1.0,1.0
2,FakeAlgiers,1,2,1638,0.0324,0.9676,0.0018,0.0018
2,FakeAlgiers,1,3,2457,0.0358,0.9642,0.0035,0.0035
2,FakeAlgiers,1,4,3276,0.0339,0.966,0.0019,0.0019
2,FakeAlgiers,1,5,4095,0.0357,0.9643,0.0018,0.0017
2,FakeAlgiers,1,6,4914,0.0368,0.9631,0.0012,0.0012
2,FakeAlgiers,1,7,5733,0.0361,0.9638,0.0007,0.0007
2,FakeAlgiers,1,8,6552,0.0354,0.9645,0.0007,0.0007
2,FakeAlgiers,1,9,7371,0.0343,0.9656,0.0011,0.0011
2,FakeAlgiers,1,10,8192,0.0343,0.9656,0.0,0.0
2,FakeAlgiers,2,1,819,0.044,0.9663,1.0,1.0
2,FakeAlgiers,2,2,1638,0.0311,0.9688,0.0128,0.0026
2,FakeAlgiers,2,3,2457,0.0293,0.9707,0.0018,0.0018
2,FakeAlgiers,2,4,3276,0.0296,0.9704,0.0003,0.0003
2,FakeAlgiers,2,5,4095,0.0313,0.9687,0.0016,0.0016
2,FakeAlgiers,2,6,4914,0.033,0.967,0.0017,0.0017
2,FakeAlgiers,2,7,5733,0.0316,0.9684,0.0014,0.0014
2,FakeAlgiers,2,8,6552,0.0313,0.9687,0.0003,0.0003
2,FakeAlgiers,2,9,7371,0.0315,0.9685,0.0002,0.0002
2,FakeAlgiers,2,10,8192,0.0317,0.9683,0.0003,0.0003
2,FakeAlgiers,3,1,819,0.0342,0.9658,1.0,1.0
2,FakeAlgiers,3,2,1638,0.0403,0.9677,0.0061,0.0019
2,FakeAlgiers,3,3,2457,0.0346,0.9675,0.0057,0.0002
2,FakeAlgiers,3,4,3276,0.0357,0.9664,0.0011,0.0011
2,FakeAlgiers,3,5,4095,0.042,0.9638,0.0063,0.0026
2,FakeAlgiers,3,6,4914,0.0448,0.9643,0.0028,0.0005
2,FakeAlgiers,3,7,5733,0.0429,0.9651,0.0019,0.0009
2,FakeAlgiers,3,8,6552,0.0423,0.9662,0.0006,0.0011
2,FakeAlgiers,3,9,7371,0.0393,0.9672,0.0029,0.001
2,FakeAlgiers,3,10,8192,0.0392,0.9675,0.0002,0.0003
2,FakeAlgiers,4,1,819,0.0427,0.9572,1.0,1.0
2,FakeAlgiers,4,2,1638,0.0372,0.9625,0.0055,0.0053
2,FakeAlgiers,4,3,2457,0.037,0.963,0.0002,0.0005
2,FakeAlgiers,4,4,3276,0.0375,0.9622,0.0005,0.0008
2,FakeAlgiers,4,5,4095,0.0352,0.9646,0.0024,0.0024
2,FakeAlgiers,4,6,4914,0.0346,0.9652,0.0006,0.0006
2,FakeAlgiers,4,7,5733,0.0331,0.9667,0.0015,0.0015
2,FakeAlgiers,4,8,6552,0.0342,0.9656,0.001,0.001
2,FakeAlgiers,4,9,7371,0.0341,0.9658,0.0001,0.0002
2,FakeAlgiers,4,10,8192,0.0348,0.9651,0.0007,0.0007
2,FakeAlgiers,5,1,819,0.0354,0.9667,1.0,1.0
2,FakeAlgiers,5,2,1638,0.0293,0.9706,0.0061,0.004
2,FakeAlgiers,5,3,2457,0.0313,0.9686,0.002,0.002
2,FakeAlgiers,5,4,3276,0.0342,0.9658,0.0028,0.0028
2,FakeAlgiers,5,5,4095,0.033,0.9669,0.0012,0.0011
2,FakeAlgiers,5,6,4914,0.0334,0.9665,0.0004,0.0004
2,FakeAlgiers,5,7,5733,0.0338,0.9661,0.0005,0.0004
2,FakeAlgiers,5,8,6552,0.0331,0.9668,0.0007,0.0007
2,FakeAlgiers,5,9,7371,0.032,0.9679,0.0011,0.0011
2,FakeAlgiers,5,10,8192,0.0319,0.9681,0.0002,0.0002
2,FakeAlgiers,6,1,819,0.0317,0.9692,1.0,1.0
2,FakeAlgiers,6,2,1638,0.0324,0.9676,0.0006,0.0015
2,FakeAlgiers,6,3,2457,0.0342,0.9658,0.0018,0.0018
2,FakeAlgiers,6,4,3276,0.033,0.967,0.0012,0.0012
2,FakeAlgiers,6,5,4095,0.0344,0.9656,0.0015,0.0015
2,FakeAlgiers,6,6,4914,0.035,0.965,0.0006,0.0006
2,FakeAlgiers,6,7,5733,0.0335,0.9665,0.0015,0.0015
2,FakeAlgiers,6,8,6552,0.0336,0.9664,0.0001,0.0001
2,FakeAlgiers,6,9,7371,0.0338,0.9662,0.0002,0.0002
2,FakeAlgiers,6,10,8192,0.033,0.967,0.0008,0.0008
2,FakeAlgiers,7,1,819,0.0391,0.9609,1.0,1.0
2,FakeAlgiers,7,2,1638,0.0287,0.9711,0.0104,0.0103
2,FakeAlgiers,7,3,2457,0.0289,0.971,0.0002,0.0001
2,FakeAlgiers,7,4,3276,0.0314,0.9685,0.0025,0.0025
2,FakeAlgiers,7,5,4095,0.03,0.97,0.0014,0.0015
2,FakeAlgiers,7,6,4914,0.0324,0.9676,0.0023,0.0023
2,FakeAlgiers,7,7,5733,0.0316,0.9684,0.0008,0.0008
2,FakeAlgiers,7,8,6552,0.0325,0.9675,0.0009,0.001
2,FakeAlgiers,7,9,7371,0.0328,0.9672,0.0003,0.0003
2,FakeAlgiers,7,10,8192,0.0328,0.9672,0.0,0.0
2,FakeAlgiers,8,1,819,0.0549,0.9573,1.0,1.0
2,FakeAlgiers,8,2,1638,0.0519,0.9599,0.0031,0.0026
2,FakeAlgiers,8,3,2457,0.046,0.9658,0.0059,0.0059
2,FakeAlgiers,8,4,3276,0.0339,0.967,0.0121,0.0013
2,FakeAlgiers,8,5,4095,0.0388,0.9673,0.0049,0.0002
2,FakeAlgiers,8,6,4914,0.0405,0.9673,0.0017,0.0
2,FakeAlgiers,8,7,5733,0.0392,0.9674,0.0013,0.0001
2,FakeAlgiers,8,8,6552,0.0369,0.9684,0.0023,0.001
2,FakeAlgiers,8,9,7371,0.037,0.9699,0.0001,0.0015
2,FakeAlgiers,8,10,8192,0.0386,0.9707,0.0015,0.0008
2,FakeAlgiers,9,1,819,0.0354,0.9679,1.0,1.0
2,FakeAlgiers,9,2,1638,0.047,0.9691,0.0116,0.0012
2,FakeAlgiers,9,3,2457,0.0399,0.9697,0.0071,0.0006
2,FakeAlgiers,9,4,3276,0.0336,0.9676,0.0063,0.002
2,FakeAlgiers,9,5,4095,0.0374,0.9666,0.0038,0.001
2,FakeAlgiers,9,6,4914,0.0346,0.9651,0.0028,0.0015
2,FakeAlgiers,9,7,5733,0.0347,0.9651,0.0001,0.0
2,FakeAlgiers,9,8,6552,0.0351,0.9647,0.0004,0.0004
2,FakeAlgiers,9,9,7371,0.0353,0.9645,0.0002,0.0002
2,FakeAlgiers,9,10,8192,0.0349,0.965,0.0004,0.0004
2,FakeAlgiers,10,1,819,0.0305,0.9694,1.0,1.0
2,FakeAlgiers,10,2,1638,0.0311,0.9689,0.0006,0.0006
2,FakeAlgiers,10,3,2457,0.033,0.967,0.0018,0.0018
2,FakeAlgiers,10,4,3276,0.0314,0.9685,0.0015,0.0015
2,FakeAlgiers,10,5,4095,0.031,0.969,0.0004,0.0004
2,FakeAlgiers,10,6,4914,0.0309,0.9691,0.0001,0.0001
2,FakeAlgiers,10,7,5733,0.0309,0.9691,0.0001,0.0001
2,FakeAlgiers,10,8,6552,0.0302,0.9698,0.0007,0.0007
2,FakeAlgiers,10,9,7371,0.032,0.968,0.0018,0.0018
2,FakeAlgiers,10,10,8192,0.0316,0.9684,0.0004,0.0004
2,FakeAlgiers,11,1,819,0.0354,0.9645,1.0,1.0
2,FakeAlgiers,11,2,1638,0.0366,0.9632,0.0012,0.0012
2,FakeAlgiers,11,3,2457,0.0366,0.9633,0.0,0.0
2,FakeAlgiers,11,4,3276,0.036,0.9638,0.0006,0.0005
2,FakeAlgiers,11,5,4095,0.0342,0.9657,0.0018,0.0019
2,FakeAlgiers,11,6,4914,0.034,0.9659,0.0002,0.0002
2,FakeAlgiers,11,7,5733,0.0344,0.9656,0.0004,0.0003
2,FakeAlgiers,11,8,6552,0.0325,0.9674,0.0019,0.0018
2,FakeAlgiers,11,9,7371,0.0341,0.9659,0.0015,0.0016
2,FakeAlgiers,11,10,8192,0.0344,0.9655,0.0004,0.0004
2,FakeAlgiers,12,1,819,0.0464,0.9673,1.0,1.0
2,FakeAlgiers,12,2,1638,0.0385,0.9666,0.0079,0.0008
2,FakeAlgiers,12,3,2457,0.0387,0.9701,0.0002,0.0036
2,FakeAlgiers,12,4,3276,0.0409,0.9691,0.0022,0.001
2,FakeAlgiers,12,5,4095,0.0396,0.9691,0.0013,0.0
2,FakeAlgiers,12,6,4914,0.0358,0.9681,0.0037,0.0011
2,FakeAlgiers,12,7,5733,0.0326,0.9672,0.0032,0.0009
2,FakeAlgiers,12,8,6552,0.0342,0.9675,0.0016,0.0003
2,FakeAlgiers,12,9,7371,0.0358,0.9669,0.0016,0.0005
2,FakeAlgiers,12,10,8192,0.0374,0.9675,0.0015,0.0005
2,FakeAlgiers,13,1,819,0.0305,0.9716,1.0,1.0
2,FakeAlgiers,13,2,1638,0.0342,0.9657,0.0037,0.006
2,FakeAlgiers,13,3,2457,0.035,0.9649,0.0008,0.0008
2,FakeAlgiers,13,4,3276,0.036,0.9638,0.001,0.0011
2,FakeAlgiers,13,5,4095,0.0352,0.9646,0.0009,0.0009
2,FakeAlgiers,13,6,4914,0.0334,0.9665,0.0018,0.0019
2,FakeAlgiers,13,7,5733,0.0326,0.9672,0.0008,0.0007
2,FakeAlgiers,13,8,6552,0.0322,0.9676,0.0004,0.0004
2,FakeAlgiers,13,9,7371,0.0311,0.9688,0.0011,0.0011
2,FakeAlgiers,13,10,8192,0.0312,0.9687,0.0002,0.0001
2,FakeAlgiers,14,1,819,0.0317,0.9681,1.0,1.0
2,FakeAlgiers,14,2,1638,0.0311,0.9688,0.0006,0.0007
2,FakeAlgiers,14,3,2457,0.0305,0.9695,0.0006,0.0007
2,FakeAlgiers,14,4,3276,0.0317,0.9682,0.0012,0.0013
2,FakeAlgiers,14,5,4095,0.032,0.968,0.0002,0.0002
2,FakeAlgiers,14,6,4914,0.0322,0.9678,0.0002,0.0002
2,FakeAlgiers,14,7,5733,0.0333,0.9666,0.0012,0.0012
2,FakeAlgiers,14,8,6552,0.0322,0.9677,0.0011,0.0011
2,FakeAlgiers,14,9,7371,0.0313,0.9686,0.0009,0.0009
2,FakeAlgiers,14,10,8192,0.0311,0.9689,0.0002,0.0002
2,FakeAlgiers,15,1,819,0.0549,0.9561,1.0,1.0
2,FakeAlgiers,15,2,1638,0.0427,0.9634,0.0122,0.0072
2,FakeAlgiers,15,3,2457,0.0492,0.9648,0.0065,0.0014
2,FakeAlgiers,15,4,3276,0.0424,0.9673,0.0068,0.0025
2,FakeAlgiers,15,5,4095,0.04,0.9672,0.0024,0.0001
2,FakeAlgiers,15,6,4914,0.0454,0.967,0.0053,0.0002
2,FakeAlgiers,15,7,5733,0.0473,0.9673,0.0019,0.0003
2,FakeAlgiers,15,8,6552,0.0437,0.9685,0.0036,0.0013
2,FakeAlgiers,15,9,7371,0.0441,0.9681,0.0004,0.0004
2,FakeAlgiers,15,10,8192,0.045,0.9672,0.001,0.0009
2,FakeAlgiers,16,1,819,0.0672,0.9691,1.0,1.0
2,FakeAlgiers,16,2,1638,0.0488,0.9696,0.0183,0.0004
2,FakeAlgiers,16,3,2457,0.0533,0.9708,0.0045,0.0012
2,FakeAlgiers,16,4,3276,0.051,0.9679,0.0023,0.0029
2,FakeAlgiers,16,5,4095,0.0542,0.9661,0.0032,0.0018
2,FakeAlgiers,16,6,4914,0.0539,0.9649,0.0003,0.0012
2,FakeAlgiers,16,7,5733,0.056,0.9642,0.0021,0.0007
2,FakeAlgiers,16,8,6552,0.0563,0.9653,0.0003,0.0012
2,FakeAlgiers,16,9,7371,0.0548,0.9662,0.0015,0.0009
2,FakeAlgiers,16,10,8192,0.0554,0.9665,0.0006,0.0002
2,FakeAlgiers,17,1,819,0.0635,0.9672,1.0,1.0
2,FakeAlgiers,17,2,1638,0.0458,0.9721,0.0177,0.005
2,FakeAlgiers,17,3,2457,0.0464,0.9709,0.0006,0.0012
2,FakeAlgiers,17,4,3276,0.0482,0.9705,0.0018,0.0004
2,FakeAlgiers,17,5,4095,0.0486,0.9712,0.0004,0.0007
2,FakeAlgiers,17,6,4914,0.0484,0.9711,0.0002,0.0001
2,FakeAlgiers,17,7,5733,0.0424,0.9718,0.006,0.0007
2,FakeAlgiers,17,8,6552,0.0386,0.9715,0.0038,0.0003
2,FakeAlgiers,17,9,7371,0.0408,0.972,0.0022,0.0005
2,FakeAlgiers,17,10,8192,0.0403,0.972,0.0005,0.0
2,FakeAlgiers,18,1,819,0.0354,0.9646,1.0,1.0
2,FakeAlgiers,18,2,1638,0.0348,0.9651,0.0006,0.0006
2,FakeAlgiers,18,3,2457,0.035,0.965,0.0002,0.0002
2,FakeAlgiers,18,4,3276,0.0324,0.9676,0.0026,0.0027
2,FakeAlgiers,18,5,4095,0.0317,0.9682,0.0006,0.0006
2,FakeAlgiers,18,6,4914,0.0322,0.9678,0.0004,0.0004
2,FakeAlgiers,18,7,5733,0.0326,0.9673,0.0005,0.0005
2,FakeAlgiers,18,8,6552,0.0324,0.9676,0.0003,0.0003
2,FakeAlgiers,18,9,7371,0.0336,0.9663,0.0013,0.0013
2,FakeAlgiers,18,10,8192,0.0325,0.9675,0.0012,0.0012
2,FakeAlgiers,19,1,819,0.044,0.9698,1.0,1.0
2,FakeAlgiers,19,2,1638,0.0403,0.9688,0.0037,0.001
2,FakeAlgiers,19,3,2457,0.0419,0.9676,0.0016,0.0013
2,FakeAlgiers,19,4,3276,0.0336,0.967,0.0083,0.0005
2,FakeAlgiers,19,5,4095,0.031,0.9689,0.0026,0.0019
2,FakeAlgiers,19,6,4914,0.0315,0.9684,0.0005,0.0005
2,FakeAlgiers,19,7,5733,0.0317,0.9682,0.0002,0.0002
2,FakeAlgiers,19,8,6552,0.0324,0.9675,0.0006,0.0006
2,FakeAlgiers,19,9,7371,0.0319,0.968,0.0005,0.0004
2,FakeAlgiers,19,10,8192,0.0315,0.9683,0.0004,0.0004
3,FakeAlgiers,0,1,400,0.02,0.98,1.0,1.0
3,FakeAlgiers,0,2,800,0.0188,0.9813,0.0012,0.0012
3,FakeAlgiers,0,3,1200,0.0175,0.9825,0.0013,0.0012
3,FakeAlgiers,0,4,1600,0.0188,0.9813,0.0013,0.0012
3,FakeAlgiers,0,5,2000,0.018,0.982,0.0008,0.0008
3,FakeAlgiers,0,6,2400,0.0188,0.9813,0.0008,0.0008
3,FakeAlgiers,0,7,2800,0.0218,0.9782,0.003,0.003
3,FakeAlgiers,0,8,3200,0.0231,0.9769,0.0013,0.0013
3,FakeAlgiers,0,9,3600,0.0225,0.9775,0.0006,0.0006
3,FakeAlgiers,0,10,4000,0.0215,0.9785,0.001,0.001
3,FakeAlgiers,1,1,400,0.0175,0.9825,1.0,1.0
3,FakeAlgiers,1,2,800,0.01,0.99,0.0075,0.0075
3,FakeAlgiers,1,3,1200,0.015,0.985,0.005,0.005
3,FakeAlgiers,1,4,1600,0.015,0.985,0.0,0.0
3,FakeAlgiers,1,5,2000,0.0175,0.9825,0.0025,0.0025
3,FakeAlgiers,1,6,2400,0.0183,0.9817,0.0008,0.0008
3,FakeAlgiers,1,7,2800,0.0207,0.9793,0.0024,0.0024
3,FakeAlgiers,1,8,3200,0.0197,0.9803,0.001,0.001
3,FakeAlgiers,1,9,3600,0.0197,0.9803,0.0,0.0
3,FakeAlgiers,1,10,4000,0.0195,0.9805,0.0002,0.0002
3,FakeAlgiers,2,1,400,0.02,0.98,1.0,1.0
3,FakeAlgiers,2,2,800,0.02,0.98,0.0,0.0
3,FakeAlgiers,2,3,1200,0.0225,0.9775,0.0025,0.0025
3,FakeAlgiers,2,4,1600,0.0231,0.9769,0.0006,0.0006
3,FakeAlgiers,2,5,2000,0.0235,0.9765,0.0004,0.0004
3,FakeAlgiers,2,6,2400,0.0221,0.9779,0.0014,0.0014
3,FakeAlgiers,2,7,2800,0.0239,0.9761,0.0018,0.0018
3,FakeAlgiers,2,8,3200,0.0238,0.9762,0.0002,0.0002
3,FakeAlgiers,2,9,3600,0.0242,0.9758,0.0004,0.0004
3,FakeAlgiers,2,10,4000,0.0242,0.9758,0.0001,0.0001
3,FakeAlgiers,3,1,400,0.0325,0.9675,1.0,1.0
3,FakeAlgiers,3,2,800,0.02,0.98,0.0125,0.0125
3,FakeAlgiers,3,3,1200,0.0183,0.9817,0.0017,0.0017
3,FakeAlgiers,3,4,1600,0.0156,0.9844,0.0027,0.0027
3,FakeAlgiers,3,5,2000,0.0125,0.9875,0.0031,0.0031
3,FakeAlgiers,3,6,2400,0.0146,0.9854,0.0021,0.0021
3,FakeAlgiers,3,7,2800,0.0161,0.9839,0.0015,0.0015
3,FakeAlgiers,3,8,3200,0.0178,0.9822,0.0017,0.0017
3,FakeAlgiers,3,9,3600,0.0178,0.9822,0.0,0.0
3,FakeAlgiers,3,10,4000,0.0192,0.9808,0.0015,0.0015
3,FakeAlgiers,4,1,400,0.02,0.98,1.0,1.0
3,FakeAlgiers,4,2,800,0.02,0.98,0.0,0.0
3,FakeAlgiers,4,3,1200,0.0183,0.9817,0.0017,0.0017
3,FakeAlgiers,4,4,1600,0.0194,0.9806,0.001,0.001
3,FakeAlgiers,4,5,2000,0.022,0.978,0.0026,0.0026
3,FakeAlgiers,4,6,2400,0.0233,0.9767,0.0013,0.0013
3,FakeAlgiers,4,7,2800,0.0239,0.9761,0.0006,0.0006
3,FakeAlgiers,4,8,3200,0.0238,0.9762,0.0002,0.0002
3,FakeAlgiers,4,9,3600,0.0244,0.9756,0.0007,0.0007
3,FakeAlgiers,4,10,4000,0.0248,0.9752,0.0003,0.0003
3,FakeAlgiers,5,1,400,0.025,0.975,1.0,1.0
3,FakeAlgiers,5,2,800,0.025,0.975,0.0,0.0
3,FakeAlgiers,5,3,1200,0.0217,0.9783,0.0033,0.0033
3,FakeAlgiers,5,4,1600,0.0206,0.9794,0.001,0.001
3,FakeAlgiers,5,5,2000,0.0245,0.9755,0.0039,0.0039
3,FakeAlgiers,5,6,2400,0.0229,0.9771,0.0016,0.0016
3,FakeAlgiers,5,7,2800,0.0225,0.9775,0.0004,0.0004
3,FakeAlgiers,5,8,3200,0.0231,0.9769,0.0006,0.0006
3,FakeAlgiers,5,9,3600,0.0225,0.9775,0.0006,0.0006
3,FakeAlgiers,5,10,4000,0.0225,0.9775,0.0,0.0
3,FakeAlgiers,6,1,400,0.0175,0.9825,1.0,1.0
3,FakeAlgiers,6,2,800,0.02,0.98,0.0025,0.0025
3,FakeAlgiers,6,3,1200,0.0242,0.9758,0.0042,0.0042
3,FakeAlgiers,6,4,1600,0.0244,0.9756,0.0002,0.0002
3,FakeAlgiers,6,5,2000,0.023,0.977,0.0014,0.0014
3,FakeAlgiers,6,6,2400,0.0225,0.9775,0.0005,0.0005
3,FakeAlgiers,6,7,2800,0.0232,0.9768,0.0007,0.0007
3,FakeAlgiers,6,8,3200,0.0231,0.9769,0.0001,0.0001
3,FakeAlgiers,6,9,3600,0.0225,0.9775,0.0006,0.0006
3,FakeAlgiers,6,10,4000,0.0218,0.9782,0.0007,0.0007
3,FakeAlgiers,7,1,400,0.0175,0.9825,1.0,1.0
3,FakeAlgiers,7,2,800,0.015,0.985,0.0025,0.0025
3,FakeAlgiers,7,3,1200,0.0158,0.9842,0.0008,0.0008
3,FakeAlgiers,7,4,1600,0.0175,0.9825,0.0017,0.0017
3,FakeAlgiers,7,5,2000,0.0175,0.9825,0.0,0.0
3,FakeAlgiers,7,6,2400,0.02,0.98,0.0025,0.0025
3,FakeAlgiers,7,7,2800,0.02,0.98,0.0,0.0
3,FakeAlgiers,7,8,3200,0.0197,0.9803,0.0003,0.0003
3,FakeAlgiers,7,9,3600,0.02,0.98,0.0003,0.0003
3,FakeAlgiers,7,10,4000,0.0202,0.9797,0.0002,0.0003
3,FakeAlgiers,8,1,400,0.01,0.99,1.0,1.0
3,FakeAlgiers,8,2,800,0.0138,0.9862,0.0038,0.0038
3,FakeAlgiers,8,3,1200,0.0158,0.9842,0.0021,0.0021
3,FakeAlgiers,8,4,1600,0.0175,0.9825,0.0017,0.0017
3,FakeAlgiers,8,5,2000,0.018,0.982,0.0005,0.0005
3,FakeAlgiers,8,6,2400,0.0188,0.9813,0.0008,0.0008
3,FakeAlgiers,8,7,2800,0.0207,0.9793,0.002,0.002
3,FakeAlgiers,8,8,3200,0.0219,0.9781,0.0012,0.0012
3,FakeAlgiers,8,9,3600,0.0222,0.9778,0.0003,0.0003
3,FakeAlgiers,8,10,4000,0.0215,0.9785,0.0007,0.0007
3,FakeAlgiers,9,1,400,0.02,0.98,1.0,1.0
3,FakeAlgiers,9,2,800,0.0238,0.9762,0.0038,0.0038
3,FakeAlgiers,9,3,1200,0.0217,0.9783,0.0021,0.0021
3,FakeAlgiers,9,4,1600,0.0219,0.9781,0.0002,0.0002
3,FakeAlgiers,9,5,2000,0.022,0.978,0.0001,0.0001
3,FakeAlgiers,9,6,2400,0.0233,0.9767,0.0013,0.0013
3,FakeAlgiers,9,7,2800,0.0221,0.9779,0.0012,0.0012
3,FakeAlgiers,9,8,3200,0.0222,0.9778,0.0,0.0
3,FakeAlgiers,9,9,3600,0.0233,0.9767,0.0011,0.0011
3,FakeAlgiers,9,10,4000,0.022,0.978,0.0013,0.0013
3,FakeAlgiers,10,1,400,0.0225,0.9775,1.0,1.0
3,FakeAlgiers,10,2,800,0.0212,0.9788,0.0012,0.0012
3,FakeAlgiers,10,3,1200,0.02,0.98,0.0012,0.0013
3,FakeAlgiers,10,4,1600,0.0219,0.9781,0.0019,0.0019
3,FakeAlgiers,10,5,2000,0.0195,0.9805,0.0024,0.0024
3,FakeAlgiers,10,6,2400,0.0179,0.9821,0.0016,0.0016
3,FakeAlgiers,10,7,2800,0.0171,0.9829,0.0008,0.0008
3,FakeAlgiers,10,8,3200,0.0178,0.9822,0.0007,0.0007
3,FakeAlgiers,10,9,3600,0.0189,0.9811,0.0011,0.0011
3,FakeAlgiers,10,10,4000,0.02,0.98,0.0011,0.0011
3,FakeAlgiers,11,1,400,0.025,0.975,1.0,1.0
3,FakeAlgiers,11,2,800,0.025,0.975,0.0,0.0
3,FakeAlgiers,11,3,1200,0.0225,0.9775,0.0025,0.0025
3,FakeAlgiers,11,4,1600,0.0194,0.9806,0.0031,0.0031
3,FakeAlgiers,11,5,2000,0.018,0.982,0.0014,0.0014
3,FakeAlgiers,11,6,2400,0.02,0.98,0.002,0.002
3,FakeAlgiers,11,7,2800,0.0211,0.9789,0.0011,0.0011
3,FakeAlgiers,11,8,3200,0.0209,0.9791,0.0001,0.0001
3,FakeAlgiers,11,9,3600,0.0222,0.9778,0.0013,0.0013
3,FakeAlgiers,11,10,4000,0.0218,0.9782,0.0005,0.0005
3,FakeAlgiers,12,1,400,0.0225,0.9775,1.0,1.0
3,FakeAlgiers,12,2,800,0.0188,0.9813,0.0037,0.0037
3,FakeAlgiers,12,3,1200,0.0208,0.9792,0.0021,0.0021
3,FakeAlgiers,12,4,1600,0.0225,0.9775,0.0017,0.0017
3,FakeAlgiers,12,5,2000,0.021,0.979,0.0015,0.0015
3,FakeAlgiers,12,6,2400,0.02,0.98,0.001,0.001
3,FakeAlgiers,12,7,2800,0.0182,0.9818,0.0018,0.0018
3,FakeAlgiers,12,8,3200,0.0184,0.9816,0.0002,0.0002
3,FakeAlgiers,12,9,3600,0.0181,0.9819,0.0004,0.0004
3,FakeAlgiers,12,10,4000,0.018,0.982,0.0001,0.0001
3,FakeAlgiers,13,1,400,0.005,0.995,1.0,1.0
3,FakeAlgiers,13,2,800,0.0162,0.9837,0.0112,0.0112
3,FakeAlgiers,13,3,1200,0.0167,0.9833,0.0004,0.0004
3,FakeAlgiers,13,4,1600,0.0175,0.9825,0.0008,0.0008
3,FakeAlgiers,13,5,2000,0.0165,0.9835,0.001,0.001
3,FakeAlgiers,13,6,2400,0.0167,0.9833,0.0002,0.0002
3,FakeAlgiers,13,7,2800,0.0175,0.9825,0.0008,0.0008
3,FakeAlgiers,13,8,3200,0.0178,0.9822,0.0003,0.0003
3,FakeAlgiers,13,9,3600,0.0192,0.9808,0.0014,0.0014
3,FakeAlgiers,13,10,4000,0.0185,0.9815,0.0007,0.0007
3,FakeAlgiers,14,1,400,0.0275,0.9725,1.0,1.0
3,FakeAlgiers,14,2,800,0.0188,0.9813,0.0087,0.0088
3,FakeAlgiers,14,3,1200,0.0142,0.9858,0.0046,0.0046
3,FakeAlgiers,14,4,1600,0.0156,0.9844,0.0015,0.0015
3,FakeAlgiers,14,5,2000,0.015,0.985,0.0006,0.0006
3,FakeAlgiers,14,6,2400,0.0146,0.9854,0.0004,0.0004
3,FakeAlgiers,14,7,2800,0.015,0.985,0.0004,0.0004
3,FakeAlgiers,14,8,3200,0.0162,0.9837,0.0012,0.0013
3,FakeAlgiers,14,9,3600,0.0169,0.9831,0.0007,0.0007
3,FakeAlgiers,14,10,4000,0.0165,0.9835,0.0004,0.0004
3,FakeAlgiers,15,1,400,0.02,0.98,1.0,1.0
3,FakeAlgiers,15,2,800,0.0175,0.9825,0.0025,0.0025
3,FakeAlgiers,15,3,1200,0.0142,0.9858,0.0033,0.0033
3,FakeAlgiers,15,4,1600,0.015,0.985,0.0008,0.0008
3,FakeAlgiers,15,5,2000,0.014,0.986,0.001,0.001
3,FakeAlgiers,15,6,2400,0.0138,0.9862,0.0002,0.0002
3,FakeAlgiers,15,7,2800,0.0157,0.9843,0.002,0.002
3,FakeAlgiers,15,8,3200,0.0141,0.9859,0.0017,0.0017
3,FakeAlgiers,15,9,3600,0.015,0.985,0.0009,0.0009
3,FakeAlgiers,15,10,4000,0.0165,0.9835,0.0015,0.0015
3,FakeAlgiers,16,1,400,0.035,0.965,1.0,1.0
3,FakeAlgiers,16,2,800,0.0238,0.9762,0.0112,0.0112
3,FakeAlgiers,16,3,1200,0.0217,0.9783,0.0021,0.0021
3,FakeAlgiers,16,4,1600,0.02,0.98,0.0017,0.0017
3,FakeAlgiers,16,5,2000,0.0225,0.9775,0.0025,0.0025
3,FakeAlgiers,16,6,2400,0.0225,0.9775,0.0,0.0
3,FakeAlgiers,16,7,2800,0.0221,0.9779,0.0004,0.0004
3,FakeAlgiers,16,8,3200,0.0216,0.9784,0.0006,0.0006
3,FakeAlgiers,16,9,3600,0.02,0.98,0.0016,0.0016
3,FakeAlgiers,16,10,4000,0.0215,0.9785,0.0015,0.0015
3,FakeAlgiers,17,1,400,0.03,0.97,1.0,1.0
3,FakeAlgiers,17,2,800,0.0225,0.9775,0.0075,0.0075
3,FakeAlgiers,17,3,1200,0.0225,0.9775,0.0,0.0
3,FakeAlgiers,17,4,1600,0.0212,0.9788,0.0012,0.0012
3,FakeAlgiers,17,5,2000,0.0205,0.9795,0.0008,0.0007
3,FakeAlgiers,17,6,2400,0.0208,0.9792,0.0003,0.0003
3,FakeAlgiers,17,7,2800,0.0196,0.9804,0.0012,0.0012
3,FakeAlgiers,17,8,3200,0.0191,0.9809,0.0006,0.0006
3,FakeAlgiers,17,9,3600,0.0197,0.9803,0.0007,0.0007
3,FakeAlgiers,17,10,4000,0.0192,0.9808,0.0005,0.0005
3,FakeAlgiers,18,1,400,0.0125,0.9875,1.0,1.0
3,FakeAlgiers,18,2,800,0.0188,0.9813,0.0063,0.0062
3,FakeAlgiers,18,3,1200,0.0217,0.9783,0.0029,0.0029
3,FakeAlgiers,18,4,1600,0.0225,0.9775,0.0008,0.0008
3,FakeAlgiers,18,5,2000,0.0225,0.9775,0.0,0.0
3,FakeAlgiers,18,6,2400,0.0221,0.9779,0.0004,0.0004
3,FakeAlgiers,18,7,2800,0.0236,0.9764,0.0015,0.0015
3,FakeAlgiers,18,8,3200,0.0225,0.9775,0.0011,0.0011
3,FakeAlgiers,18,9,3600,0.0217,0.9783,0.0008,0.0008
3,FakeAlgiers,18,10,4000,0.0215,0.9785,0.0002,0.0002
3,FakeAlgiers,19,1,400,0.0275,0.9725,1.0,1.0
3,FakeAlgiers,19,2,800,0.0262,0.9738,0.0012,0.0012
3,FakeAlgiers,19,3,1200,0.0233,0.9767,0.0029,0.0029
3,FakeAlgiers,19,4,1600,0.0238,0.9762,0.0004,0.0004
3,FakeAlgiers,19,5,2000,0.0215,0.9785,0.0023,0.0023
3,FakeAlgiers,19,6,2400,0.0204,0.9796,0.0011,0.0011
3,FakeAlgiers,19,7,2800,0.0193,0.9807,0.0011,0.0011
3,FakeAlgiers,19,8,3200,0.0194,0.9806,0.0001,0.0001
3,FakeAlgiers,19,9,3600,0.0203,0.9797,0.0009,0.0009
3,FakeAlgiers,19,10,4000,0.0192,0.9808,0.001,0.001
4,FakeAlgiers,0,1,819,0.0513,0.9485,1.0,1.0
4,FakeAlgiers,0,2,1638,0.0446,0.9555,0.0067,0.0071
4,FakeAlgiers,0,3,2457,0.0452,0.9544,0.0006,0.0012
4,FakeAlgiers,0,4,3276,0.0476,0.9545,0.0024,0.0001
4,FakeAlgiers,0,5,4095,0.0481,0.9514,0.0005,0.0031
4,FakeAlgiers,0,6,4914,0.047,0.9526,0.0011,0.0012
4,FakeAlgiers,0,7,5733,0.0473,0.9525,0.0003,0.0001
4,FakeAlgiers,0,8,6552,0.047,0.9527,0.0003,0.0002
4,FakeAlgiers,0,9,7371,0.0473,0.9524,0.0003,0.0003
4,FakeAlgiers,0,10,8192,0.0481,0.9517,0.0007,0.0007
4,FakeAlgiers,1,1,819,0.0501,0.9499,1.0,1.0
4,FakeAlgiers,1,2,1638,0.0519,0.9481,0.0018,0.0019
4,FakeAlgiers,1,3,2457,0.0517,0.9483,0.0002,0.0003
4,FakeAlgiers,1,4,3276,0.0537,0.9461,0.002,0.0022
4,FakeAlgiers,1,5,4095,0.0518,0.9482,0.002,0.0021
4,FakeAlgiers,1,6,4914,0.0511,0.9489,0.0007,0.0007
4,FakeAlgiers,1,7,5733,0.0495,0.9503,0.0015,0.0015
4,FakeAlgiers,1,8,6552,0.0501,0.9498,0.0005,0.0005
4,FakeAlgiers,1,9,7371,0.0507,0.9491,0.0007,0.0007
4,FakeAlgiers,1,10,8192,0.0514,0.9484,0.0007,0.0007
4,FakeAlgiers,2,1,819,0.0501,0.9498,1.0,1.0
4,FakeAlgiers,2,2,1638,0.0452,0.9547,0.0049,0.0049
4,FakeAlgiers,2,3,2457,0.0452,0.9547,0.0,0.0
4,FakeAlgiers,2,4,3276,0.047,0.9529,0.0018,0.0018
4,FakeAlgiers,2,5,4095,0.0469,0.9529,0.0001,0.0001
4,FakeAlgiers,2,6,4914,0.0468,0.9531,0.0001,0.0002
4,FakeAlgiers,2,7,5733,0.0487,0.9512,0.0019,0.0019
4,FakeAlgiers,2,8,6552,0.0499,0.9499,0.0012,0.0013
4,FakeAlgiers,2,9,7371,0.0497,0.9501,0.0003,0.0002
4,FakeAlgiers,2,10,8192,0.048,0.9518,0.0017,0.0017
4,FakeAlgiers,3,1,819,0.0501,0.9496,1.0,1.0
4,FakeAlgiers,3,2,1638,0.0525,0.9475,0.0024,0.0021
4,FakeAlgiers,3,3,2457,0.0505,0.9495,0.002,0.002
4,FakeAlgiers,3,4,3276,0.0482,0.9518,0.0022,0.0022
4,FakeAlgiers,3,5,4095,0.051,0.949,0.0028,0.0028
4,FakeAlgiers,3,6,4914,0.0517,0.9483,0.0007,0.0007
4,FakeAlgiers,3,7,5733,0.0494,0.9506,0.0023,0.0023
4,FakeAlgiers,3,8,6552,0.0495,0.9505,0.0001,0.0001
4,FakeAlgiers,3,9,7371,0.0472,0.9528,0.0022,0.0022
4,FakeAlgiers,3,10,8192,0.0479,0.9521,0.0006,0.0006
4,FakeAlgiers,4,1,819,0.0635,0.936,1.0,1.0
4,FakeAlgiers,4,2,1638,0.0629,0.937,0.0006,0.001
4,FakeAlgiers,4,3,2457,0.0615,0.9384,0.0014,0.0015
4,FakeAlgiers,4,4,3276,0.0565,0.9433,0.005,0.0049
4,FakeAlgiers,4,5,4095,0.054,0.9458,0.0025,0.0025
4,FakeAlgiers,4,6,4914,0.0525,0.9472,0.0015,0.0014
4,FakeAlgiers,4,7,5733,0.0502,0.9495,0.0023,0.0022
4,FakeAlgiers,4,8,6552,0.0517,0.948,0.0015,0.0015
4,FakeAlgiers,4,9,7371,0.051,0.9487,0.0007,0.0007
4,FakeAlgiers,4,10,8192,0.0498,0.9498,0.0012,0.0011
4,FakeAlgiers,5,1,819,0.0501,0.9497,1.0,1.0
4,FakeAlgiers,5,2,1638,0.0427,0.9573,0.0073,0.0076
4,FakeAlgiers,5,3,2457,0.0464,0.9536,0.0037,0.0037
4,FakeAlgiers,5,4,3276,0.0504,0.9496,0.004,0.004
4,FakeAlgiers,5,5,4095,0.0505,0.9494,0.0002,0.0002
4,FakeAlgiers,5,6,4914,0.0509,0.9491,0.0003,0.0003
4,FakeAlgiers,5,7,5733,0.0501,0.9499,0.0008,0.0008
4,FakeAlgiers,5,8,6552,0.049,0.951,0.0011,0.0011
4,FakeAlgiers,5,9,7371,0.0484,0.9516,0.0006,0.0006
4,FakeAlgiers,5,10,8192,0.0477,0.9523,0.0007,0.0007
4,FakeAlgiers,6,1,819,0.0781,0.9448,1.0,1.0
4,FakeAlgiers,6,2,1638,0.0611,0.9434,0.0171,0.0014
4,FakeAlgiers,6,3,2457,0.0623,0.9447,0.0012,0.0013
4,FakeAlgiers,6,4,3276,0.0553,0.9455,0.007,0.0008
4,FakeAlgiers,6,5,4095,0.0564,0.9462,0.0012,0.0006
4,FakeAlgiers,6,6,4914,0.0554,0.9493,0.0011,0.0031
4,FakeAlgiers,6,7,5733,0.0539,0.9508,0.0015,0.0016
4,FakeAlgiers,6,8,6552,0.0527,0.9513,0.0012,0.0005
4,FakeAlgiers,6,9,7371,0.0535,0.9505,0.0008,0.0008
4,FakeAlgiers,6,10,8192,0.0525,0.9508,0.001,0.0003
4,FakeAlgiers,7,1,819,0.0476,0.9523,1.0,1.0
4,FakeAlgiers,7,2,1638,0.0415,0.9583,0.0061,0.006
4,FakeAlgiers,7,3,2457,0.0415,0.9584,0.0,0.0001
4,FakeAlgiers,7,4,3276,0.0449,0.955,0.0034,0.0034
4,FakeAlgiers,7,5,4095,0.0449,0.955,0.0001,0.0
4,FakeAlgiers,7,6,4914,0.0484,0.9515,0.0035,0.0035
4,FakeAlgiers,7,7,5733,0.0502,0.9498,0.0018,0.0018
4,FakeAlgiers,7,8,6552,0.0513,0.9487,0.001,0.0011
4,FakeAlgiers,7,9,7371,0.0511,0.9488,0.0001,0.0002
4,FakeAlgiers,7,10,8192,0.0516,0.9484,0.0005,0.0005
4,FakeAlgiers,8,1,819,0.0562,0.9436,1.0,1.0
4,FakeAlgiers,8,2,1638,0.0549,0.9449,0.0012,0.0013
4,FakeAlgiers,8,3,2457,0.0488,0.9511,0.0061,0.0062
4,FakeAlgiers,8,4,3276,0.0473,0.9527,0.0015,0.0016
4,FakeAlgiers,8,5,4095,0.0449,0.9551,0.0024,0.0024
4,FakeAlgiers,8,6,4914,0.0446,0.9554,0.0004,0.0004
4,FakeAlgiers,8,7,5733,0.0441,0.9559,0.0004,0.0004
4,FakeAlgiers,8,8,6552,0.0446,0.9554,0.0004,0.0004
4,FakeAlgiers,8,9,7371,0.0435,0.9564,0.001,0.001
4,FakeAlgiers,8,10,8192,0.0432,0.9568,0.0003,0.0003
4,FakeAlgiers,9,1,819,0.0342,0.9656,1.0,1.0
4,FakeAlgiers,9,2,1638,0.0476,0.9613,0.0134,0.0043
4,FakeAlgiers,9,3,2457,0.0427,0.9569,0.0049,0.0044
4,FakeAlgiers,9,4,3276,0.0464,0.9534,0.0037,0.0035
4,FakeAlgiers,9,5,4095,0.0469,0.9528,0.0005,0.0006
4,FakeAlgiers,9,6,4914,0.0476,0.9522,0.0007,0.0006
4,FakeAlgiers,9,7,5733,0.048,0.9519,0.0003,0.0003
4,FakeAlgiers,9,8,6552,0.0472,0.9527,0.0008,0.0008
4,FakeAlgiers,9,9,7371,0.0476,0.9522,0.0005,0.0005
4,FakeAlgiers,9,10,8192,0.047,0.9529,0.0006,0.0007
4,FakeAlgiers,10,1,819,0.0562,0.9432,1.0,1.0
4,FakeAlgiers,10,2,1638,0.0635,0.9415,0.0073,0.0018
4,FakeAlgiers,10,3,2457,0.0611,0.9464,0.0024,0.0049
4,FakeAlgiers,10,4,3276,0.0611,0.9461,0.0,0.0003
4,FakeAlgiers,10,5,4095,0.064,0.9452,0.0029,0.0009
4,FakeAlgiers,10,6,4914,0.0665,0.9483,0.0026,0.0031
4,FakeAlgiers,10,7,5733,0.0675,0.9474,0.001,0.0009
4,FakeAlgiers,10,8,6552,0.0664,0.9481,0.0011,0.0008
4,FakeAlgiers,10,9,7371,0.0667,0.9485,0.0004,0.0004
4,FakeAlgiers,10,10,8192,0.0689,0.9476,0.0021,0.0009
4,FakeAlgiers,11,1,819,0.0574,0.943,1.0,1.0
4,FakeAlgiers,11,2,1638,0.0592,0.9423,0.0018,0.0007
4,FakeAlgiers,11,3,2457,0.059,0.9409,0.0002,0.0014
4,FakeAlgiers,11,4,3276,0.0559,0.9435,0.0032,0.0026
4,FakeAlgiers,11,5,4095,0.054,0.9463,0.0019,0.0028
4,FakeAlgiers,11,6,4914,0.0551,0.9461,0.0012,0.0002
4,FakeAlgiers,11,7,5733,0.0602,0.9449,0.005,0.0012
4,FakeAlgiers,11,8,6552,0.0568,0.9469,0.0034,0.002
4,FakeAlgiers,11,9,7371,0.0548,0.9458,0.002,0.0011
4,FakeAlgiers,11,10,8192,0.0534,0.9465,0.0015,0.0007
4,FakeAlgiers,12,1,819,0.0525,0.9551,1.0,1.0
4,FakeAlgiers,12,2,1638,0.0482,0.9512,0.0043,0.0039
4,FakeAlgiers,12,3,2457,0.0537,0.9479,0.0055,0.0033
4,FakeAlgiers,12,4,3276,0.0522,0.951,0.0015,0.0031
4,FakeAlgiers,12,5,4095,0.0503,0.951,0.0019,0.0
4,FakeAlgiers,12,6,4914,0.048,0.9515,0.0023,0.0005
4,FakeAlgiers,12,7,5733,0.0462,0.9535,0.0018,0.002
4,FakeAlgiers,12,8,6552,0.0455,0.9541,0.0007,0.0007
4,FakeAlgiers,12,9,7371,0.0461,0.9535,0.0006,0.0007
4,FakeAlgiers,12,10,8192,0.046,0.9535,0.0001,0.0
4,FakeAlgiers,13,1,819,0.0391,0.9607,1.0,1.0
4,FakeAlgiers,13,2,1638,0.044,0.9558,0.0049,0.0049
4,FakeAlgiers,13,3,2457,0.0456,0.9543,0.0016,0.0016
4,FakeAlgiers,13,4,3276,0.0455,0.9543,0.0001,0.0
4,FakeAlgiers,13,5,4095,0.0476,0.9521,0.0021,0.0021
4,FakeAlgiers,13,6,4914,0.0464,0.9534,0.0012,0.0013
4,FakeAlgiers,13,7,5733,0.0459,0.9539,0.0005,0.0005
4,FakeAlgiers,13,8,6552,0.0458,0.954,0.0001,0.0001
4,FakeAlgiers,13,9,7371,0.0444,0.9555,0.0014,0.0014
4,FakeAlgiers,13,10,8192,0.0437,0.9562,0.0007,0.0007
4,FakeAlgiers,14,1,819,0.0647,0.96,1.0,1.0
4,FakeAlgiers,14,2,1638,0.0476,0.9607,0.0171,0.0007
4,FakeAlgiers,14,3,2457,0.0513,0.9576,0.0037,0.0032
4,FakeAlgiers,14,4,3276,0.0501,0.9576,0.0012,0.0001
4,FakeAlgiers,14,5,4095,0.0532,0.9556,0.0032,0.0021
4,FakeAlgiers,14,6,4914,0.0519,0.9554,0.0013,0.0002
4,FakeAlgiers,14,7,5733,0.0508,0.9557,0.0011,0.0004
4,FakeAlgiers,14,8,6552,0.051,0.9551,0.0002,0.0007
4,FakeAlgiers,14,9,7371,0.0521,0.9558,0.0011,0.0007
4,FakeAlgiers,14,10,8192,0.0527,0.9561,0.0006,0.0003
4,FakeAlgiers,15,1,819,0.0623,0.9462,1.0,1.0
4,FakeAlgiers,15,2,1638,0.0519,0.9476,0.0104,0.0014
4,FakeAlgiers,15,3,2457,0.0525,0.9527,0.0006,0.0052
4,FakeAlgiers,15,4,3276,0.0488,0.9529,0.0037,0.0002
4,FakeAlgiers,15,5,4095,0.0466,0.9528,0.0022,0.0001
4,FakeAlgiers,15,6,4914,0.0511,0.9499,0.0044,0.003
4,FakeAlgiers,15,7,5733,0.0525,0.9519,0.0014,0.002
4,FakeAlgiers,15,8,6552,0.0495,0.9529,0.0031,0.001
4,FakeAlgiers,15,9,7371,0.0497,0.9533,0.0002,0.0004
4,FakeAlgiers,15,10,8192,0.0497,0.9522,0.0,0.0011
4,FakeAlgiers,16,1,819,0.0513,0.9483,1.0,1.0
4,FakeAlgiers,16,2,1638,0.0433,0.9566,0.0079,0.0083
4,FakeAlgiers,16,3,2457,0.0431,0.9568,0.0002,0.0001
4,FakeAlgiers,16,4,3276,0.0443,0.9557,0.0011,0.0011
4,FakeAlgiers,16,5,4095,0.0493,0.9506,0.0051,0.0051
4,FakeAlgiers,16,6,4914,0.0505,0.9495,0.0011,0.0011
4,FakeAlgiers,16,7,5733,0.0515,0.9485,0.001,0.001
4,FakeAlgiers,16,8,6552,0.0511,0.9488,0.0003,0.0003
4,FakeAlgiers,16,9,7371,0.051,0.9489,0.0001,0.0001
4,FakeAlgiers,16,10,8192,0.0499,0.95,0.0011,0.0011
4,FakeAlgiers,17,1,819,0.0635,0.9555,1.0,1.0
4,FakeAlgiers,17,2,1638,0.0482,0.9512,0.0153,0.0042
4,FakeAlgiers,17,3,2457,0.0427,0.9569,0.0055,0.0057
4,FakeAlgiers,17,4,3276,0.0443,0.9556,0.0015,0.0013
4,FakeAlgiers,17,5,4095,0.0447,0.9548,0.0004,0.0007
4,FakeAlgiers,17,6,4914,0.046,0.9536,0.0013,0.0013
4,FakeAlgiers,17,7,5733,0.0448,0.9549,0.0012,0.0013
4,FakeAlgiers,17,8,6552,0.0447,0.9551,0.0001,0.0002
4,FakeAlgiers,17,9,7371,0.0448,0.955,0.0001,0.0001
4,FakeAlgiers,17,10,8192,0.0442,0.9556,0.0006,0.0006
4,FakeAlgiers,18,1,819,0.0537,0.9479,1.0,1.0
4,FakeAlgiers,18,2,1638,0.058,0.9415,0.0043,0.0064
4,FakeAlgiers,18,3,2457,0.0554,0.9441,0.0026,0.0025
4,FakeAlgiers,18,4,3276,0.0537,0.9462,0.0016,0.0021
4,FakeAlgiers,18,5,4095,0.0518,0.9483,0.002,0.0021
4,FakeAlgiers,18,6,4914,0.0497,0.9497,0.0021,0.0015
4,FakeAlgiers,18,7,5733,0.0513,0.9483,0.0016,0.0014
4,FakeAlgiers,18,8,6552,0.0499,0.9497,0.0014,0.0014
4,FakeAlgiers,18,9,7371,0.0499,0.9497,0.0,0.0001
4,FakeAlgiers,18,10,8192,0.0491,0.9505,0.0009,0.0008
4,FakeAlgiers,19,1,819,0.0684,0.9539,1.0,1.0
4,FakeAlgiers,19,2,1638,0.0672,0.9435,0.0012,0.0104
4,FakeAlgiers,19,3,2457,0.0667,0.9463,0.0004,0.0028
4,FakeAlgiers,19,4,3276,0.0574,0.9465,0.0094,0.0003
4,FakeAlgiers,19,5,4095,0.052,0.9475,0.0054,0.0009
4,FakeAlgiers,19,6,4914,0.0533,0.9463,0.0013,0.0012
4,FakeAlgiers,19,7,5733,0.052,0.9475,0.0013,0.0013
4,FakeAlgiers,19,8,6552,0.051,0.9485,0.001,0.001
4,FakeAlgiers,19,9,7371,0.0502,0.9492,0.0008,0.0007
4,FakeAlgiers,19,10,8192,0.0514,0.9493,0.0012,0.0001
5,FakeAlgiers,0,1,102,0.0784,0.9214,1.0,1.0
5,FakeAlgiers,0,2,204,0.0833,0.9162,0.0049,0.0052
5,FakeAlgiers,0,3,306,0.0719,0.9278,0.0114,0.0116
5,FakeAlgiers,0,4,408,0.0637,0.9359,0.0082,0.008
5,FakeAlgiers,0,5,510,0.0608,0.9385,0.0029,0.0026
5,FakeAlgiers,0,6,612,0.0572,0.9424,0.0036,0.0039
5,FakeAlgiers,0,7,714,0.0602,0.9391,0.003,0.0033
5,FakeAlgiers,0,8,816,0.0686,0.9374,0.0084,0.0017
5,FakeAlgiers,0,9,918,0.0697,0.9376,0.0011,0.0002
5,FakeAlgiers,0,10,1024,0.0734,0.9395,0.0037,0.002
5,FakeAlgiers,1,1,102,0.049,0.9504,1.0,1.0
5,FakeAlgiers,1,2,204,0.0784,0.9216,0.0294,0.0288
5,FakeAlgiers,1,3,306,0.0784,0.9214,0.0,0.0002
5,FakeAlgiers,1,4,408,0.0637,0.9362,0.0147,0.0148
5,FakeAlgiers,1,5,510,0.0627,0.9369,0.001,0.0007
5,FakeAlgiers,1,6,612,0.0572,0.9425,0.0056,0.0056
5,FakeAlgiers,1,7,714,0.063,0.9366,0.0058,0.0059
5,FakeAlgiers,1,8,816,0.06,0.9396,0.003,0.003
5,FakeAlgiers,1,9,918,0.0599,0.9401,0.0001,0.0004
5,FakeAlgiers,1,10,1024,0.0566,0.9434,0.0033,0.0033
5,FakeAlgiers,2,1,102,0.0588,0.9403,1.0,1.0
5,FakeAlgiers,2,2,204,0.098,0.9453,0.0392,0.005
5,FakeAlgiers,2,3,306,0.0784,0.9541,0.0196,0.0088
5,FakeAlgiers,2,4,408,0.0735,0.9554,0.0049,0.0013
5,FakeAlgiers,2,5,510,0.0706,0.9525,0.0029,0.0029
5,FakeAlgiers,2,6,612,0.0556,0.9547,0.015,0.0022
5,FakeAlgiers,2,7,714,0.049,0.9572,0.0065,0.0025
5,FakeAlgiers,2,8,816,0.0466,0.9564,0.0025,0.0007
5,FakeAlgiers,2,9,918,0.0425,0.9571,0.0041,0.0006
5,FakeAlgiers,2,10,1024,0.0479,0.9515,0.0054,0.0055
5,FakeAlgiers,3,1,102,0.0686,0.9309,1.0,1.0
5,FakeAlgiers,3,2,204,0.0539,0.9461,0.0147,0.0152
5,FakeAlgiers,3,3,306,0.0588,0.9411,0.0049,0.005
5,FakeAlgiers,3,4,408,0.0588,0.9404,0.0,0.0007
5,FakeAlgiers,3,5,510,0.049,0.9506,0.0098,0.0102
5,FakeAlgiers,3,6,612,0.0572,0.9422,0.0082,0.0085
5,FakeAlgiers,3,7,714,0.056,0.9434,0.0012,0.0013
5,FakeAlgiers,3,8,816,0.0576,0.9417,0.0016,0.0018
5,FakeAlgiers,3,9,918,0.0697,0.9428,0.0121,0.0011
5,FakeAlgiers,3,10,1024,0.0695,0.9389,0.0002,0.0038
5,FakeAlgiers,4,1,102,0.0882,0.9117,1.0,1.0
5,FakeAlgiers,4,2,204,0.0686,0.9314,0.0196,0.0196
5,FakeAlgiers,4,3,306,0.0588,0.9411,0.0098,0.0098
5,FakeAlgiers,4,4,408,0.0588,0.9412,0.0,0.0
5,FakeAlgiers,4,5,510,0.0529,0.9465,0.0059,0.0054
5,FakeAlgiers,4,6,612,0.0507,0.9493,0.0023,0.0028
5,FakeAlgiers,4,7,714,0.049,0.9509,0.0016,0.0016
5,FakeAlgiers,4,8,816,0.0478,0.9519,0.0012,0.001
5,FakeAlgiers,4,9,918,0.049,0.9509,0.0012,0.001
5,FakeAlgiers,4,10,1024,0.0498,0.9502,0.0008,0.0007
5,FakeAlgiers,5,1,102,0.098,0.9368,1.0,1.0
5,FakeAlgiers,5,2,204,0.0833,0.9524,0.0147,0.0155
5,FakeAlgiers,5,3,306,0.1046,0.9449,0.0212,0.0075
5,FakeAlgiers,5,4,408,0.0858,0.9475,0.0188,0.0026
5,FakeAlgiers,5,5,510,0.0922,0.9431,0.0064,0.0044
5,FakeAlgiers,5,6,612,0.0948,0.9373,0.0026,0.0058
5,FakeAlgiers,5,7,714,0.091,0.9351,0.0037,0.0021
5,FakeAlgiers,5,8,816,0.0968,0.9381,0.0058,0.003
5,FakeAlgiers,5,9,918,0.1089,0.9333,0.0121,0.0049
5,FakeAlgiers,5,10,1024,0.1175,0.934,0.0086,0.0008
5,FakeAlgiers,6,1,102,0.098,0.9184,1.0,1.0
5,FakeAlgiers,6,2,204,0.0637,0.9402,0.0343,0.0218
5,FakeAlgiers,6,3,306,0.0719,0.9489,0.0082,0.0087
5,FakeAlgiers,6,4,408,0.076,0.9531,0.0041,0.0042
5,FakeAlgiers,6,5,510,0.0725,0.947,0.0034,0.0062
5,FakeAlgiers,6,6,612,0.0654,0.9479,0.0072,0.0009
5,FakeAlgiers,6,7,714,0.0658,0.9441,0.0005,0.0038
5,FakeAlgiers,6,8,816,0.0625,0.9438,0.0033,0.0003
5,FakeAlgiers,6,9,918,0.0654,0.9453,0.0029,0.0015
5,FakeAlgiers,6,10,1024,0.0715,0.9472,0.0062,0.002
5,FakeAlgiers,7,1,102,0.0294,0.9704,1.0,1.0
5,FakeAlgiers,7,2,204,0.0686,0.9313,0.0392,0.0391
5,FakeAlgiers,7,3,306,0.0719,0.9269,0.0033,0.0044
5,FakeAlgiers,7,4,408,0.0637,0.936,0.0082,0.0091
5,FakeAlgiers,7,5,510,0.0608,0.9389,0.0029,0.0029
5,FakeAlgiers,7,6,612,0.0605,0.9388,0.0003,0.0001
5,FakeAlgiers,7,7,714,0.0602,0.9393,0.0002,0.0005
5,FakeAlgiers,7,8,816,0.0539,0.9459,0.0063,0.0066
5,FakeAlgiers,7,9,918,0.0534,0.9466,0.0005,0.0007
5,FakeAlgiers,7,10,1024,0.0557,0.9443,0.0023,0.0023
5,FakeAlgiers,8,1,102,0.049,0.951,1.0,1.0
5,FakeAlgiers,8,2,204,0.0588,0.9547,0.0098,0.0037
5,FakeAlgiers,8,3,306,0.0882,0.944,0.0294,0.0106
5,FakeAlgiers,8,4,408,0.1054,0.9491,0.0172,0.005
5,FakeAlgiers,8,5,510,0.1157,0.9481,0.0103,0.001
5,FakeAlgiers,8,6,612,0.116,0.9516,0.0003,0.0035
5,FakeAlgiers,8,7,714,0.1078,0.9531,0.0082,0.0015
5,FakeAlgiers,8,8,816,0.1152,0.9451,0.0074,0.008
5,FakeAlgiers,8,9,918,0.1057,0.9505,0.0095,0.0054
5,FakeAlgiers,8,10,1024,0.1008,0.9491,0.0048,0.0014
5,FakeAlgiers,9,1,102,0.049,0.9694,1.0,1.0
5,FakeAlgiers,9,2,204,0.0588,0.9405,0.0098,0.0289
5,FakeAlgiers,9,3,306,0.0588,0.941,0.0,0.0005
5,FakeAlgiers,9,4,408,0.0564,0.9434,0.0025,0.0024
5,FakeAlgiers,9,5,510,0.0647,0.9352,0.0083,0.0082
5,FakeAlgiers,9,6,612,0.0637,0.936,0.001,0.0009
5,FakeAlgiers,9,7,714,0.0658,0.9333,0.0021,0.0027
5,FakeAlgiers,9,8,816,0.0637,0.9355,0.0021,0.0022
5,FakeAlgiers,9,9,918,0.0599,0.9394,0.0038,0.0038
5,FakeAlgiers,9,10,1024,0.0625,0.9366,0.0026,0.0028
5,FakeAlgiers,10,1,102,0.0686,0.9395,1.0,1.0
5,FakeAlgiers,10,2,204,0.0588,0.9411,0.0098,0.0015
5,FakeAlgiers,10,3,306,0.0588,0.9412,0.0,0.0001
5,FakeAlgiers,10,4,408,0.0564,0.9436,0.0025,0.0024
5,FakeAlgiers,10,5,510,0.0627,0.9373,0.0064,0.0064
5,FakeAlgiers,10,6,612,0.0735,0.9264,0.0108,0.0108
5,FakeAlgiers,10,7,714,0.0686,0.9313,0.0049,0.0049
5,FakeAlgiers,10,8,816,0.065,0.9349,0.0037,0.0035
5,FakeAlgiers,10,9,918,0.0675,0.9322,0.0026,0.0026
5,FakeAlgiers,10,10,1024,0.0664,0.9334,0.0011,0.0012
5,FakeAlgiers,11,1,102,0.0686,0.9311,1.0,1.0
5,FakeAlgiers,11,2,204,0.0637,0.9399,0.0049,0.0088
5,FakeAlgiers,11,3,306,0.0654,0.9335,0.0016,0.0064
5,FakeAlgiers,11,4,408,0.0662,0.9328,0.0008,0.0007
5,FakeAlgiers,11,5,510,0.0647,0.9349,0.0015,0.0021
5,FakeAlgiers,11,6,612,0.067,0.9328,0.0023,0.0021
5,FakeAlgiers,11,7,714,0.0602,0.9391,0.0068,0.0062
5,FakeAlgiers,11,8,816,0.0625,0.9374,0.0023,0.0017
5,FakeAlgiers,11,9,918,0.0643,0.9355,0.0018,0.0019
5,FakeAlgiers,11,10,1024,0.0635,0.9362,0.0008,0.0006
5,FakeAlgiers,12,1,102,0.1373,0.9472,1.0,1.0
5,FakeAlgiers,12,2,204,0.1373,0.9472,0.0,0.0
5,FakeAlgiers,12,3,306,0.1373,0.9329,0.0,0.0143
5,FakeAlgiers,12,4,408,0.1397,0.9338,0.0025,0.0009
5,FakeAlgiers,12,5,510,0.1275,0.9408,0.0123,0.007
5,FakeAlgiers,12,6,612,0.1324,0.9397,0.0049,0.001
5,FakeAlgiers,12,7,714,0.1429,0.9398,0.0105,0.0001
5,FakeAlgiers,12,8,816,0.1397,0.9413,0.0032,0.0015
5,FakeAlgiers,12,9,918,0.1296,0.9422,0.0101,0.0009
5,FakeAlgiers,12,10,1024,0.1391,0.9393,0.0094,0.003
5,FakeAlgiers,13,1,102,0.0784,0.9568,1.0,1.0
5,FakeAlgiers,13,2,204,0.0245,0.9753,0.0539,0.0185
5,FakeAlgiers,13,3,306,0.0261,0.9739,0.0016,0.0015
5,FakeAlgiers,13,4,408,0.0319,0.968,0.0057,0.0058
5,FakeAlgiers,13,5,510,0.0353,0.9646,0.0034,0.0034
5,FakeAlgiers,13,6,612,0.0408,0.9591,0.0056,0.0056
5,FakeAlgiers,13,7,714,0.0378,0.9621,0.003,0.0031
5,FakeAlgiers,13,8,816,0.038,0.962,0.0002,0.0001
5,FakeAlgiers,13,9,918,0.0403,0.9596,0.0023,0.0024
5,FakeAlgiers,13,10,1024,0.042,0.958,0.0017,0.0017
5,FakeAlgiers,14,1,102,0.1373,0.9209,1.0,1.0
5,FakeAlgiers,14,2,204,0.1324,0.9394,0.0049,0.0185
5,FakeAlgiers,14,3,306,0.1438,0.931,0.0114,0.0084
5,FakeAlgiers,14,4,408,0.1422,0.9307,0.0016,0.0003
5,FakeAlgiers,14,5,510,0.1216,0.9364,0.0206,0.0057
5,FakeAlgiers,14,6,612,0.1111,0.9376,0.0105,0.0013
5,FakeAlgiers,14,7,714,0.1078,0.939,0.0033,0.0014
5,FakeAlgiers,14,8,816,0.1017,0.9395,0.0061,0.0005
5,FakeAlgiers,14,9,918,0.1013,0.9432,0.0004,0.0037
5,FakeAlgiers,14,10,1024,0.1037,0.9423,0.0024,0.0009
5,FakeAlgiers,15,1,102,0.049,0.9507,1.0,1.0
5,FakeAlgiers,15,2,204,0.0637,0.9363,0.0147,0.0144
5,FakeAlgiers,15,3,306,0.0556,0.9442,0.0082,0.0079
5,FakeAlgiers,15,4,408,0.0613,0.938,0.0057,0.0062
5,FakeAlgiers,15,5,510,0.0706,0.9359,0.0093,0.0022
5,FakeAlgiers,15,6,612,0.0605,0.9403,0.0101,0.0045
5,FakeAlgiers,15,7,714,0.0532,0.9464,0.0072,0.006
5,FakeAlgiers,15,8,816,0.0551,0.9446,0.0019,0.0018
5,FakeAlgiers,15,9,918,0.0556,0.9444,0.0004,0.0002
5,FakeAlgiers,15,10,1024,0.0566,0.9428,0.0011,0.0016
5,FakeAlgiers,16,1,102,0.0294,0.9703,1.0,1.0
5,FakeAlgiers,16,2,204,0.0343,0.9702,0.0049,0.0001
5,FakeAlgiers,16,3,306,0.085,0.9535,0.0507,0.0167
5,FakeAlgiers,16,4,408,0.0588,0.9499,0.0261,0.0036
5,FakeAlgiers,16,5,510,0.0529,0.954,0.0059,0.0042
5,FakeAlgiers,16,6,612,0.049,0.9507,0.0039,0.0034
5,FakeAlgiers,16,7,714,0.0588,0.9472,0.0098,0.0035
5,FakeAlgiers,16,8,816,0.0588,0.9463,0.0,0.0008
5,FakeAlgiers,16,9,918,0.0654,0.9463,0.0065,0.0001
5,FakeAlgiers,16,10,1024,0.0714,0.9462,0.0061,0.0
5,FakeAlgiers,17,1,102,0.0882,0.9194,1.0,1.0
5,FakeAlgiers,17,2,204,0.1176,0.9246,0.0294,0.0052
5,FakeAlgiers,17,3,306,0.1275,0.9317,0.0098,0.0071
5,FakeAlgiers,17,4,408,0.1201,0.9397,0.0074,0.0081
5,FakeAlgiers,17,5,510,0.0961,0.9442,0.024,0.0045
5,FakeAlgiers,17,6,612,0.0997,0.9425,0.0036,0.0017
5,FakeAlgiers,17,7,714,0.0826,0.9478,0.017,0.0053
5,FakeAlgiers,17,8,816,0.0772,0.9507,0.0054,0.0029
5,FakeAlgiers,17,9,918,0.0795,0.9502,0.0023,0.0005
5,FakeAlgiers,17,10,1024,0.0803,0.9519,0.0008,0.0017
5,FakeAlgiers,18,1,102,0.1078,0.907,1.0,1.0
5,FakeAlgiers,18,2,204,0.0735,0.9253,0.0343,0.0183
5,FakeAlgiers,18,3,306,0.0621,0.9379,0.0114,0.0126
5,FakeAlgiers,18,4,408,0.0637,0.9363,0.0016,0.0016
5,FakeAlgiers,18,5,510,0.0588,0.9412,0.0049,0.0049
5,FakeAlgiers,18,6,612,0.0572,0.9425,0.0016,0.0014
5,FakeAlgiers,18,7,714,0.0504,0.9493,0.0068,0.0068
5,FakeAlgiers,18,8,816,0.0551,0.9445,0.0047,0.0048
5,FakeAlgiers,18,9,918,0.0566,0.9431,0.0015,0.0014
5,FakeAlgiers,18,10,1024,0.0615,0.9381,0.0049,0.005
5,FakeAlgiers,19,1,102,0.1176,0.9507,1.0,1.0
5,FakeAlgiers,19,2,204,0.0784,0.9433,0.0392,0.0074
5,FakeAlgiers,19,3,306,0.049,0.9503,0.0294,0.0071
5,FakeAlgiers,19,4,408,0.0539,0.9459,0.0049,0.0044
5,FakeAlgiers,19,5,510,0.051,0.9487,0.0029,0.0028
5,FakeAlgiers,19,6,612,0.0507,0.9488,0.0003,0.0001
5,FakeAlgiers,19,7,714,0.056,0.9513,0.0054,0.0025
5,FakeAlgiers,19,8,816,0.0564,0.9487,0.0004,0.0026
5,FakeAlgiers,19,9,918,0.049,0.9503,0.0074,0.0016
5,FakeAlgiers,19,10,1024,0.0537,0.9456,0.0047,0.0047
6,FakeAlgiers,0,1,12,0.1867,0.8213,1.0,1.0
6,FakeAlgiers,0,2,24,0.1867,0.8579,0.0,0.0367
6,FakeAlgiers,0,3,36,0.2144,0.8607,0.0278,0.0028
6,FakeAlgiers,0,4,48,0.2283,0.8611,0.0139,0.0004
6,FakeAlgiers,0,5,60,0.17,0.899,0.0583,0.0379
6,FakeAlgiers,0,6,72,0.145,0.9177,0.025,0.0187
6,FakeAlgiers,0,7,84,0.1271,0.8981,0.0179,0.0196
6,FakeAlgiers,0,8,96,0.1138,0.9112,0.0134,0.0132
6,FakeAlgiers,0,9,108,0.0941,0.9139,0.0197,0.0026
6,FakeAlgiers,0,10,128,0.0903,0.9266,0.0038,0.0127
6,FakeAlgiers,1,1,12,0.1667,0.8249,1.0,1.0
6,FakeAlgiers,1,2,24,0.0833,0.9167,0.0833,0.0918
6,FakeAlgiers,1,3,36,0.0833,0.9412,0.0,0.0245
6,FakeAlgiers,1,4,48,0.1042,0.9318,0.0208,0.0094
6,FakeAlgiers,1,5,60,0.15,0.9333,0.0458,0.0015
6,FakeAlgiers,1,6,72,0.0833,0.9542,0.0667,0.021
6,FakeAlgiers,1,7,84,0.1071,0.923,0.0238,0.0312
6,FakeAlgiers,1,8,96,0.1042,0.9124,0.003,0.0107
6,FakeAlgiers,1,9,108,0.0833,0.9148,0.0208,0.0024
6,FakeAlgiers,1,10,128,0.0781,0.9219,0.0052,0.0071
6,FakeAlgiers,2,1,12,0.24,0.8707,1.0,1.0
6,FakeAlgiers,2,2,24,0.125,0.8748,0.115,0.0042
6,FakeAlgiers,2,3,36,0.1111,0.8864,0.0139,0.0116
6,FakeAlgiers,2,4,48,0.1042,0.8953,0.0069,0.0089
6,FakeAlgiers,2,5,60,0.1,0.8993,0.0042,0.0041
6,FakeAlgiers,2,6,72,0.1111,0.8877,0.0111,0.0117
6,FakeAlgiers,2,7,84,0.109,0.9004,0.0021,0.0128
6,FakeAlgiers,2,8,96,0.0938,0.9054,0.0153,0.005
6,FakeAlgiers,2,9,108,0.1111,0.8853,0.0174,0.0201
6,FakeAlgiers,2,10,128,0.0938,0.9039,0.0174,0.0186
6,FakeAlgiers,3,1,12,0.1667,0.8279,1.0,1.0
6,FakeAlgiers,3,2,24,0.2283,0.7732,0.0617,0.0547
6,FakeAlgiers,3,3,36,0.1589,0.8524,0.0694,0.0791
6,FakeAlgiers,3,4,48,0.1458,0.8541,0.0131,0.0018
6,FakeAlgiers,3,5,60,0.1333,0.8653,0.0125,0.0112
6,FakeAlgiers,3,6,72,0.125,0.8733,0.0083,0.008
6,FakeAlgiers,3,7,84,0.1071,0.8922,0.0179,0.0189
6,FakeAlgiers,3,8,96,0.0938,0.9062,0.0134,0.014
6,FakeAlgiers,3,9,108,0.0833,0.9161,0.0104,0.0098
6,FakeAlgiers,3,10,128,0.0859,0.9138,0.0026,0.0023
6,FakeAlgiers,4,1,12,0.1133,0.9114,1.0,1.0
6,FakeAlgiers,4,2,24,0.1967,0.891,0.0833,0.0204
6,FakeAlgiers,4,3,36,0.2244,0.9033,0.0278,0.0123
6,FakeAlgiers,4,4,48,0.1758,0.9156,0.0486,0.0123
6,FakeAlgiers,4,5,60,0.18,0.8964,0.0042,0.0192
6,FakeAlgiers,4,6,72,0.155,0.9032,0.025,0.0068
6,FakeAlgiers,4,7,84,0.1371,0.8964,0.0179,0.0068
6,FakeAlgiers,4,8,96,0.1237,0.9098,0.0134,0.0133
6,FakeAlgiers,4,9,108,0.1319,0.9167,0.0081,0.0069
6,FakeAlgiers,4,10,128,0.1159,0.923,0.0159,0.0064
6,FakeAlgiers,5,1,12,0.34,0.8224,1.0,1.0
6,FakeAlgiers,5,2,24,0.215,0.8522,0.125,0.0298
6,FakeAlgiers,5,3,36,0.1733,0.8758,0.0417,0.0236
6,FakeAlgiers,5,4,48,0.1942,0.8762,0.0208,0.0004
6,FakeAlgiers,5,5,60,0.2233,0.8563,0.0292,0.0198
6,FakeAlgiers,5,6,72,0.2011,0.8799,0.0222,0.0236
6,FakeAlgiers,5,7,84,0.1733,0.8896,0.0278,0.0097
6,FakeAlgiers,5,8,96,0.1837,0.888,0.0104,0.0015
6,FakeAlgiers,5,9,108,0.1919,0.8788,0.0081,0.0092
6,FakeAlgiers,5,10,128,0.1994,0.8833,0.0075,0.0045
6,FakeAlgiers,6,1,12,0.1667,0.8265,1.0,1.0
6,FakeAlgiers,6,2,24,0.0933,0.9138,0.0733,0.0873
6,FakeAlgiers,6,3,36,0.0556,0.9443,0.0378,0.0305
6,FakeAlgiers,6,4,48,0.0625,0.9375,0.0069,0.0069
6,FakeAlgiers,6,5,60,0.0667,0.9332,0.0042,0.0043
6,FakeAlgiers,6,6,72,0.0556,0.9441,0.0111,0.0108
6,FakeAlgiers,6,7,84,0.0595,0.9402,0.004,0.0039
6,FakeAlgiers,6,8,96,0.0521,0.9479,0.0074,0.0077
6,FakeAlgiers,6,9,108,0.0556,0.9444,0.0035,0.0034
6,FakeAlgiers,6,10,128,0.0703,0.929,0.0148,0.0155
6,FakeAlgiers,7,1,12,0.0333,0.9989,1.0,1.0
6,FakeAlgiers,7,2,24,0.125,0.8744,0.0917,0.1245
6,FakeAlgiers,7,3,36,0.0833,0.9166,0.0417,0.0423
6,FakeAlgiers,7,4,48,0.0833,0.9166,0.0,0.0
6,FakeAlgiers,7,5,60,0.1,0.8995,0.0167,0.0172
6,FakeAlgiers,7,6,72,0.0972,0.9005,0.0028,0.001
6,FakeAlgiers,7,7,84,0.0952,0.904,0.002,0.0035
6,FakeAlgiers,7,8,96,0.0938,0.9061,0.0015,0.0021
6,FakeAlgiers,7,9,108,0.1019,0.8975,0.0081,0.0086
6,FakeAlgiers,7,10,128,0.0859,0.9141,0.0159,0.0166
6,FakeAlgiers,8,1,12,0.2367,0.8774,1.0,1.0
6,FakeAlgiers,8,2,24,0.1533,0.9408,0.0833,0.0634
6,FakeAlgiers,8,3,36,0.2089,0.9111,0.0556,0.0297
6,FakeAlgiers,8,4,48,0.2158,0.9028,0.0069,0.0083
6,FakeAlgiers,8,5,60,0.22,0.8841,0.0042,0.0186
6,FakeAlgiers,8,6,72,0.2367,0.8322,0.0167,0.0519
6,FakeAlgiers,8,7,84,0.2367,0.8485,0.0,0.0163
6,FakeAlgiers,8,8,96,0.195,0.8664,0.0417,0.0179
6,FakeAlgiers,8,9,108,0.1811,0.8652,0.0139,0.0012
6,FakeAlgiers,8,10,128,0.1637,0.886,0.0174,0.0207
6,FakeAlgiers,9,1,12,0.1433,0.9065,1.0,1.0
6,FakeAlgiers,9,2,24,0.185,0.931,0.0417,0.0245
6,FakeAlgiers,9,3,36,0.1433,0.9065,0.0417,0.0245
6,FakeAlgiers,9,4,48,0.1433,0.9065,0.0,0.0
6,FakeAlgiers,9,5,60,0.16,0.8732,0.0167,0.0333
6,FakeAlgiers,9,6,72,0.1572,0.8787,0.0028,0.0055
6,FakeAlgiers,9,7,84,0.1552,0.8827,0.002,0.004
6,FakeAlgiers,9,8,96,0.1642,0.8741,0.0089,0.0086
6,FakeAlgiers,9,9,108,0.1804,0.8732,0.0162,0.0009
6,FakeAlgiers,9,10,128,0.185,0.8734,0.0046,0.0002
6,FakeAlgiers,10,1,12,0.0933,0.9138,1.0,1.0
6,FakeAlgiers,10,2,24,0.0517,0.9574,0.0417,0.0435
6,FakeAlgiers,10,3,36,0.0933,0.9138,0.0417,0.0435
6,FakeAlgiers,10,4,48,0.135,0.9073,0.0417,0.0066
6,FakeAlgiers,10,5,60,0.1433,0.8905,0.0083,0.0168
6,FakeAlgiers,10,6,72,0.1211,0.8971,0.0222,0.0066
6,FakeAlgiers,10,7,84,0.119,0.8773,0.0021,0.0198
6,FakeAlgiers,10,8,96,0.1042,0.893,0.0149,0.0156
6,FakeAlgiers,10,9,108,0.0926,0.9066,0.0116,0.0136
6,FakeAlgiers,10,10,128,0.0859,0.9136,0.0067,0.007
6,FakeAlgiers,11,1,12,0.25,0.731,1.0,1.0
6,FakeAlgiers,11,2,24,0.25,0.7499,0.0,0.0189
6,FakeAlgiers,11,3,36,0.1944,0.8055,0.0556,0.0556
6,FakeAlgiers,11,4,48,0.1667,0.8323,0.0278,0.0268
6,FakeAlgiers,11,5,60,0.1333,0.8659,0.0333,0.0336
6,FakeAlgiers,11,6,72,0.1389,0.8596,0.0056,0.0064
6,FakeAlgiers,11,7,84,0.119,0.8773,0.0198,0.0178
6,FakeAlgiers,11,8,96,0.1146,0.8819,0.0045,0.0046
6,FakeAlgiers,11,9,108,0.1296,0.8669,0.015,0.015
6,FakeAlgiers,11,10,128,0.125,0.8724,0.0046,0.0055
6,FakeAlgiers,12,1,12,0.1767,0.8232,1.0,1.0
6,FakeAlgiers,12,2,24,0.125,0.874,0.0517,0.0508
6,FakeAlgiers,12,3,36,0.1767,0.8725,0.0517,0.0015
6,FakeAlgiers,12,4,48,0.1975,0.8542,0.0208,0.0183
6,FakeAlgiers,12,5,60,0.16,0.8718,0.0375,0.0176
6,FakeAlgiers,12,6,72,0.1489,0.8793,0.0111,0.0075
6,FakeAlgiers,12,7,84,0.1529,0.882,0.004,0.0027
6,FakeAlgiers,12,8,96,0.1558,0.8932,0.003,0.0113
6,FakeAlgiers,12,9,108,0.1396,0.8895,0.0162,0.0037
6,FakeAlgiers,12,10,128,0.135,0.8978,0.0046,0.0083
6,FakeAlgiers,13,1,12,0.1667,0.8292,1.0,1.0
6,FakeAlgiers,13,2,24,0.2367,0.8774,0.07,0.0482
6,FakeAlgiers,13,3,36,0.1811,0.9208,0.0556,0.0433
6,FakeAlgiers,13,4,48,0.1533,0.9227,0.0278,0.0019
6,FakeAlgiers,13,5,60,0.12,0.9261,0.0333,0.0034
6,FakeAlgiers,13,6,72,0.07,0.9429,0.05,0.0168
6,FakeAlgiers,13,7,84,0.0938,0.9143,0.0238,0.0286
6,FakeAlgiers,13,8,96,0.0908,0.9146,0.003,0.0003
6,FakeAlgiers,13,9,108,0.107,0.9041,0.0162,0.0105
6,FakeAlgiers,13,10,128,0.1012,0.9111,0.0058,0.0069
6,FakeAlgiers,14,1,12,0.0533,0.9971,1.0,1.0
6,FakeAlgiers,14,2,24,0.03,0.9991,0.0233,0.002
6,FakeAlgiers,14,3,36,0.03,0.9991,0.0,0.0
6,FakeAlgiers,14,4,48,0.03,0.9991,0.0,0.0
6,FakeAlgiers,14,5,60,0.0367,0.9662,0.0067,0.0329
6,FakeAlgiers,14,6,72,0.0278,0.9721,0.0089,0.0059
6,FakeAlgiers,14,7,84,0.0476,0.952,0.0198,0.0201
6,FakeAlgiers,14,8,96,0.0533,0.9571,0.0057,0.0051
6,FakeAlgiers,14,9,108,0.0463,0.9535,0.007,0.0036
6,FakeAlgiers,14,10,128,0.0547,0.9451,0.0084,0.0084
6,FakeAlgiers,15,1,12,0.3533,0.6782,1.0,1.0
6,FakeAlgiers,15,2,24,0.27,0.7577,0.0833,0.0795
6,FakeAlgiers,15,3,36,0.27,0.7463,0.0,0.0114
6,FakeAlgiers,15,4,48,0.2075,0.7975,0.0625,0.0512
6,FakeAlgiers,15,5,60,0.1667,0.8303,0.0408,0.0329
6,FakeAlgiers,15,6,72,0.1667,0.8322,0.0,0.0019
6,FakeAlgiers,15,7,84,0.1429,0.8568,0.0238,0.0246
6,FakeAlgiers,15,8,96,0.1458,0.8538,0.003,0.003
6,FakeAlgiers,15,9,108,0.1389,0.8608,0.0069,0.007
6,FakeAlgiers,15,10,128,0.1328,0.8664,0.0061,0.0056
6,FakeAlgiers,16,1,12,0.0433,0.9981,1.0,1.0
6,FakeAlgiers,16,2,24,0.04,0.9984,0.0033,0.0003
6,FakeAlgiers,16,3,36,0.1233,0.9848,0.0833,0.0136
6,FakeAlgiers,16,4,48,0.165,0.9191,0.0417,0.0657
6,FakeAlgiers,16,5,60,0.14,0.9217,0.025,0.0027
6,FakeAlgiers,16,6,72,0.165,0.913,0.025,0.0087
6,FakeAlgiers,16,7,84,0.1471,0.9159,0.0179,0.0028
6,FakeAlgiers,16,8,96,0.1338,0.9175,0.0134,0.0016
6,FakeAlgiers,16,9,108,0.1326,0.9167,0.0012,0.0008
6,FakeAlgiers,16,10,128,0.1103,0.9312,0.0223,0.0146
6,FakeAlgiers,17,1,12,0.0833,0.9166,1.0,1.0
6,FakeAlgiers,17,2,24,0.085,0.9142,0.0017,0.0024
6,FakeAlgiers,17,3,36,0.0711,0.9422,0.0139,0.028
6,FakeAlgiers,17,4,48,0.085,0.9341,0.0139,0.0082
6,FakeAlgiers,17,5,60,0.1,0.8996,0.015,0.0345
6,FakeAlgiers,17,6,72,0.0833,0.9166,0.0167,0.017
6,FakeAlgiers,17,7,84,0.0833,0.9166,0.0,0.0001
6,FakeAlgiers,17,8,96,0.0833,0.9166,0.0,0.0
6,FakeAlgiers,17,9,108,0.0833,0.9166,0.0,0.0
6,FakeAlgiers,17,10,128,0.0781,0.9218,0.0052,0.0051
6,FakeAlgiers,18,1,12,0.1533,0.9044,1.0,1.0
6,FakeAlgiers,18,2,24,0.195,0.8929,0.0417,0.0115
6,FakeAlgiers,18,3,36,0.2089,0.865,0.0139,0.0279
6,FakeAlgiers,18,4,48,0.1742,0.8992,0.0347,0.0341
6,FakeAlgiers,18,5,60,0.2033,0.8902,0.0292,0.009
6,FakeAlgiers,18,6,72,0.1811,0.8972,0.0222,0.007
6,FakeAlgiers,18,7,84,0.201,0.9009,0.0198,0.0037
6,FakeAlgiers,18,8,96,0.195,0.8929,0.006,0.008
6,FakeAlgiers,18,9,108,0.1904,0.9022,0.0046,0.0093
6,FakeAlgiers,18,10,128,0.1481,0.9171,0.0422,0.0149
6,FakeAlgiers,19,1,12,0.1633,0.9022,1.0,1.0
6,FakeAlgiers,19,2,24,0.1633,0.9381,0.0,0.0359
6,FakeAlgiers,19,3,36,0.0522,0.9709,0.1111,0.0327
6,FakeAlgiers,19,4,48,0.1008,0.9711,0.0486,0.0002
6,FakeAlgiers,19,5,60,0.1133,0.9575,0.0125,0.0136
6,FakeAlgiers,19,6,72,0.1494,0.9539,0.0361,0.0036
6,FakeAlgiers,19,7,84,0.1633,0.9432,0.0139,0.0107
6,FakeAlgiers,19,8,96,0.1842,0.9403,0.0208,0.0029
6,FakeAlgiers,19,9,108,0.1819,0.9363,0.0023,0.004
6,FakeAlgiers,19,10,128,0.1503,0.9304,0.0315,0.0058
7,FakeAlgiers,0,1,3,0.3333,0.6667,1.0,1.0
7,FakeAlgiers,0,2,6,0.3333,0.75,0.0,0.0833
7,FakeAlgiers,0,3,9,0.2778,0.7403,0.0556,0.0097
7,FakeAlgiers,0,4,12,0.25,0.7286,0.0278,0.0117
7,FakeAlgiers,0,5,15,0.3,0.7464,0.05,0.0179
7,FakeAlgiers,0,6,18,0.2778,0.7403,0.0222,0.0062
7,FakeAlgiers,0,7,21,0.2143,0.7916,0.0635,0.0514
7,FakeAlgiers,0,8,24,0.25,0.7985,0.0357,0.0069
7,FakeAlgiers,0,9,27,0.2407,0.7869,0.0093,0.0116
7,FakeAlgiers,0,10,32,0.2188,0.8196,0.022,0.0327
7,FakeAlgiers,1,1,3,0.2367,0.9434,1.0,1.0
7,FakeAlgiers,1,2,6,0.2367,0.9434,0.0,0.0
7,FakeAlgiers,1,3,9,0.3478,0.7944,0.1111,0.149
7,FakeAlgiers,1,4,12,0.32,0.7715,0.0278,0.023
7,FakeAlgiers,1,5,15,0.37,0.7622,0.05,0.0092
7,FakeAlgiers,1,6,18,0.2922,0.7862,0.0778,0.024
7,FakeAlgiers,1,7,21,0.2843,0.8087,0.0079,0.0225
7,FakeAlgiers,1,8,24,0.32,0.8026,0.0357,0.006
7,FakeAlgiers,1,9,27,0.3107,0.7907,0.0093,0.0119
7,FakeAlgiers,1,10,32,0.2887,0.8202,0.022,0.0296
7,FakeAlgiers,2,1,3,0.1967,0.9606,1.0,1.0
7,FakeAlgiers,2,2,6,0.1967,0.8192,0.0,0.1414
7,FakeAlgiers,2,3,9,0.1967,0.8673,0.0,0.0482
7,FakeAlgiers,2,4,12,0.28,0.7879,0.0833,0.0795
7,FakeAlgiers,2,5,15,0.33,0.7338,0.05,0.0541
7,FakeAlgiers,2,6,18,0.2522,0.8005,0.0778,0.0667
7,FakeAlgiers,2,7,21,0.2443,0.8233,0.0079,0.0229
7,FakeAlgiers,2,8,24,0.28,0.7879,0.0357,0.0355
7,FakeAlgiers,2,9,27,0.2707,0.8072,0.0093,0.0193
7,FakeAlgiers,2,10,32,0.2488,0.836,0.022,0.0289
7,FakeAlgiers,3,1,3,0.5,0.5,1.0,1.0
7,FakeAlgiers,3,2,6,0.3333,0.75,0.1667,0.25
7,FakeAlgiers,3,3,9,0.2778,0.7403,0.0556,0.0097
7,FakeAlgiers,3,4,12,0.3333,0.75,0.0556,0.0097
7,FakeAlgiers,3,5,15,0.3,0.7464,0.0333,0.0036
7,FakeAlgiers,3,6,18,0.2222,0.8095,0.0778,0.0631
7,FakeAlgiers,3,7,21,0.2619,0.8125,0.0397,0.003
7,FakeAlgiers,3,8,24,0.25,0.7985,0.0119,0.0139
7,FakeAlgiers,3,9,27,0.2407,0.8179,0.0093,0.0193
7,FakeAlgiers,3,10,32,0.25,0.8328,0.0093,0.0149
7,FakeAlgiers,4,1,3,0.1367,0.9806,1.0,1.0
7,FakeAlgiers,4,2,6,0.3033,0.7644,0.1667,0.2162
7,FakeAlgiers,4,3,9,0.2478,0.7496,0.0556,0.0148
7,FakeAlgiers,4,4,12,0.3033,0.7644,0.0556,0.0148
7,FakeAlgiers,4,5,15,0.2033,0.7844,0.1,0.02
7,FakeAlgiers,4,6,18,0.1922,0.8171,0.0111,0.0327
7,FakeAlgiers,4,7,21,0.2319,0.8232,0.0397,0.0061
7,FakeAlgiers,4,8,24,0.22,0.8079,0.0119,0.0154
7,FakeAlgiers,4,9,27,0.1737,0.8387,0.0463,0.0308
7,FakeAlgiers,4,10,32,0.1887,0.8548,0.015,0.0161
7,FakeAlgiers,5,1,3,0.3333,0.6624,1.0,1.0
7,FakeAlgiers,5,2,6,0.1667,0.833,0.1667,0.1706
7,FakeAlgiers,5,3,9,0.2222,0.7624,0.0556,0.0706
7,FakeAlgiers,5,4,12,0.2533,0.7161,0.0311,0.0463
7,FakeAlgiers,5,5,15,0.2,0.7936,0.0533,0.0775
7,FakeAlgiers,5,6,18,0.1667,0.8267,0.0333,0.0331
7,FakeAlgiers,5,7,21,0.1905,0.7955,0.0238,0.0311
7,FakeAlgiers,5,8,24,0.17,0.8203,0.0205,0.0248
7,FakeAlgiers,5,9,27,0.1481,0.8472,0.0219,0.0269
7,FakeAlgiers,5,10,32,0.1388,0.8659,0.0094,0.0187
7,FakeAlgiers,6,1,3,0.3333,0.6569,1.0,1.0
7,FakeAlgiers,6,2,6,0.3333,0.6569,0.0,0.0
7,FakeAlgiers,6,3,9,0.3978,0.69,0.0644,0.0331
7,FakeAlgiers,6,4,12,0.37,0.6882,0.0278,0.0018
7,FakeAlgiers,6,5,15,0.2867,0.7669,0.0833,0.0787
7,FakeAlgiers,6,6,18,0.3422,0.7647,0.0556,0.0022
7,FakeAlgiers,6,7,21,0.3343,0.7517,0.0079,0.0129
7,FakeAlgiers,6,8,24,0.3283,0.7725,0.006,0.0208
7,FakeAlgiers,6,9,27,0.3237,0.7887,0.0046,0.0162
7,FakeAlgiers,6,10,32,0.3075,0.8145,0.0162,0.0258
7,FakeAlgiers,7,1,3,0.46,0.36,1.0,1.0
7,FakeAlgiers,7,2,6,0.3333,0.6344,0.1267,0.2744
7,FakeAlgiers,7,3,9,0.3489,0.6824,0.0156,0.048
7,FakeAlgiers,7,4,12,0.25,0.7374,0.0989,0.055
7,FakeAlgiers,7,5,15,0.2,0.7866,0.05,0.0492
7,FakeAlgiers,7,6,18,0.2378,0.7996,0.0378,0.013
7,FakeAlgiers,7,7,21,0.2219,0.7858,0.0159,0.0138
7,FakeAlgiers,7,8,24,0.1683,0.8229,0.0536,0.0371
7,FakeAlgiers,7,9,27,0.2007,0.83,0.0324,0.0071
7,FakeAlgiers,7,10,32,0.1787,0.8573,0.022,0.0274
7,FakeAlgiers,8,1,3,0.1167,0.9857,1.0,1.0
7,FakeAlgiers,8,2,6,0.2833,0.7733,0.1667,0.2124
7,FakeAlgiers,8,3,9,0.3389,0.6875,0.0556,0.0859
7,FakeAlgiers,8,4,12,0.2,0.8133,0.1389,0.1258
7,FakeAlgiers,8,5,15,0.1833,0.848,0.0167,0.0347
7,FakeAlgiers,8,6,18,0.2278,0.8028,0.0444,0.0452
7,FakeAlgiers,8,7,21,0.2119,0.8296,0.0159,0.0268
7,FakeAlgiers,8,8,24,0.1583,0.8625,0.0536,0.0329
7,FakeAlgiers,8,9,27,0.1907,0.865,0.0324,0.0025
7,FakeAlgiers,8,10,32,0.1687,0.8597,0.022,0.0052
7,FakeAlgiers,9,1,3,0.3333,0.6664,1.0,1.0
7,FakeAlgiers,9,2,6,0.3133,0.7597,0.02,0.0933
7,FakeAlgiers,9,3,9,0.2578,0.7466,0.0556,0.0131
7,FakeAlgiers,9,4,12,0.1667,0.8279,0.0911,0.0813
7,FakeAlgiers,9,5,15,0.2133,0.8397,0.0467,0.0118
7,FakeAlgiers,9,6,18,0.2022,0.8147,0.0111,0.0249
7,FakeAlgiers,9,7,21,0.1943,0.838,0.0079,0.0233
7,FakeAlgiers,9,8,24,0.1883,0.8555,0.006,0.0175
7,FakeAlgiers,9,9,27,0.1837,0.8691,0.0046,0.0136
7,FakeAlgiers,9,10,32,0.1675,0.8614,0.0162,0.0076
7,FakeAlgiers,10,1,3,0.3333,0.6661,1.0,1.0
7,FakeAlgiers,10,2,6,0.3633,0.7344,0.03,0.0683
7,FakeAlgiers,10,3,9,0.2222,0.7698,0.1411,0.0354
7,FakeAlgiers,10,4,12,0.1967,0.8192,0.0256,0.0494
7,FakeAlgiers,10,5,15,0.2633,0.8226,0.0667,0.0034
7,FakeAlgiers,10,6,18,0.2522,0.8005,0.0111,0.0221
7,FakeAlgiers,10,7,21,0.1967,0.84,0.0556,0.0395
7,FakeAlgiers,10,8,24,0.2383,0.8405,0.0417,0.0005
7,FakeAlgiers,10,9,27,0.2337,0.8538,0.0046,0.0133
7,FakeAlgiers,10,10,32,0.1863,0.8584,0.0475,0.0046
7,FakeAlgiers,11,1,3,0.56,0.2933,1.0,1.0
7,FakeAlgiers,11,2,6,0.56,0.2933,0.0,0.0
7,FakeAlgiers,11,3,9,0.3378,0.7177,0.2222,0.4244
7,FakeAlgiers,11,4,12,0.31,0.7758,0.0278,0.0581
7,FakeAlgiers,11,5,15,0.36,0.7199,0.05,0.0559
7,FakeAlgiers,11,6,18,0.3378,0.7592,0.0222,0.0393
7,FakeAlgiers,11,7,21,0.2743,0.8126,0.0635,0.0534
7,FakeAlgiers,11,8,24,0.31,0.8074,0.0357,0.0051
7,FakeAlgiers,11,9,27,0.2637,0.8427,0.0463,0.0352
7,FakeAlgiers,11,10,32,0.2163,0.8505,0.0475,0.0078
7,FakeAlgiers,12,1,3,0.59,0.41,1.0,1.0
7,FakeAlgiers,12,2,6,0.4233,0.6996,0.1667,0.2896
7,FakeAlgiers,12,3,9,0.2567,0.8477,0.1667,0.1482
7,FakeAlgiers,12,4,12,0.34,0.8224,0.0833,0.0253
7,FakeAlgiers,12,5,15,0.3233,0.7968,0.0167,0.0256
7,FakeAlgiers,12,6,18,0.3122,0.8197,0.0111,0.0229
7,FakeAlgiers,12,7,21,0.3043,0.8361,0.0079,0.0163
7,FakeAlgiers,12,8,24,0.2983,0.8483,0.006,0.0122
7,FakeAlgiers,12,9,27,0.2937,0.8578,0.0046,0.0095
7,FakeAlgiers,12,10,32,0.215,0.8781,0.0787,0.0203
7,FakeAlgiers,13,1,3,0.46,0.54,1.0,1.0
7,FakeAlgiers,13,2,6,0.1667,0.8303,0.2933,0.2903
7,FakeAlgiers,13,3,9,0.1267,0.8823,0.04,0.052
7,FakeAlgiers,13,4,12,0.21,0.8819,0.0833,0.0003
7,FakeAlgiers,13,5,15,0.1933,0.8454,0.0167,0.0366
7,FakeAlgiers,13,6,18,0.1267,0.8823,0.0667,0.0369
7,FakeAlgiers,13,7,21,0.1743,0.8849,0.0476,0.0026
7,FakeAlgiers,13,8,24,0.1683,0.8973,0.006,0.0123
7,FakeAlgiers,13,9,27,0.1637,0.874,0.0046,0.0233
7,FakeAlgiers,13,10,32,0.125,0.8741,0.0387,0.0001
7,FakeAlgiers,14,1,3,0.51,0.3267,1.0,1.0
7,FakeAlgiers,14,2,6,0.1767,0.8232,0.3333,0.4965
7,FakeAlgiers,14,3,9,0.1767,0.8725,0.0,0.0493
7,FakeAlgiers,14,4,12,0.26,0.7951,0.0833,0.0773
7,FakeAlgiers,14,5,15,0.2433,0.8299,0.0167,0.0348
7,FakeAlgiers,14,6,18,0.1767,0.8725,0.0667,0.0425
7,FakeAlgiers,14,7,21,0.2243,0.8695,0.0476,0.0029
7,FakeAlgiers,14,8,24,0.1767,0.8967,0.0476,0.0272
7,FakeAlgiers,14,9,27,0.1767,0.8725,0.0,0.0242
7,FakeAlgiers,14,10,32,0.135,0.8692,0.0417,0.0033
7,FakeAlgiers,15,1,3,0.3333,0.6666,1.0,1.0
7,FakeAlgiers,15,2,6,0.1767,0.8232,0.1567,0.1566
7,FakeAlgiers,15,3,9,0.1567,0.8769,0.02,0.0537
7,FakeAlgiers,15,4,12,0.1667,0.8265,0.01,0.0504
7,FakeAlgiers,15,5,15,0.1567,0.8569,0.01,0.0304
7,FakeAlgiers,15,6,18,0.1567,0.8769,0.0,0.02
7,FakeAlgiers,15,7,21,0.1567,0.8911,0.0,0.0142
7,FakeAlgiers,15,8,24,0.1567,0.9017,0.0,0.0106
7,FakeAlgiers,15,9,27,0.1196,0.8841,0.037,0.0176
7,FakeAlgiers,15,10,32,0.125,0.8744,0.0054,0.0096
7,FakeAlgiers,16,1,3,0.53,0.3133,1.0,1.0
7,FakeAlgiers,16,2,6,0.1967,0.8192,0.3333,0.5058
7,FakeAlgiers,16,3,9,0.1367,0.8807,0.06,0.0615
7,FakeAlgiers,16,4,12,0.1667,0.8292,0.03,0.0515
7,FakeAlgiers,16,5,15,0.1333,0.8666,0.0333,0.0374
7,FakeAlgiers,16,6,18,0.1367,0.8807,0.0033,0.0141
7,FakeAlgiers,16,7,21,0.1367,0.8952,0.0,0.0145
7,FakeAlgiers,16,8,24,0.1367,0.8679,0.0,0.0273
7,FakeAlgiers,16,9,27,0.1111,0.8888,0.0256,0.0209
7,FakeAlgiers,16,10,32,0.125,0.8742,0.0139,0.0146
7,FakeAlgiers,17,1,3,0.1367,0.9806,1.0,1.0
7,FakeAlgiers,17,2,6,0.03,0.9991,0.1067,0.0185
7,FakeAlgiers,17,3,9,0.1967,0.8673,0.1667,0.1318
7,FakeAlgiers,17,4,12,0.1967,0.891,0.0,0.0237
7,FakeAlgiers,17,5,15,0.13,0.9237,0.0667,0.0327
7,FakeAlgiers,17,6,18,0.1967,0.9144,0.0667,0.0093
7,FakeAlgiers,17,7,21,0.149,0.9362,0.0476,0.0218
7,FakeAlgiers,17,8,24,0.155,0.9032,0.006,0.033
7,FakeAlgiers,17,9,27,0.0856,0.9236,0.0694,0.0204
7,FakeAlgiers,17,10,32,0.0938,0.9061,0.0082,0.0175
7,FakeAlgiers,18,1,3,0.1467,0.9777,1.0,1.0
7,FakeAlgiers,18,2,6,0.1867,0.9644,0.04,0.0133
7,FakeAlgiers,18,3,9,0.1867,0.87,0.0,0.0944
7,FakeAlgiers,18,4,12,0.1867,0.8939,0.0,0.024
7,FakeAlgiers,18,5,15,0.1867,0.9082,0.0,0.0143
7,FakeAlgiers,18,6,18,0.1867,0.9176,0.0,0.0095
7,FakeAlgiers,18,7,21,0.1867,0.9244,0.0,0.0067
7,FakeAlgiers,18,8,24,0.145,0.9053,0.0417,0.019
7,FakeAlgiers,18,9,27,0.1126,0.8855,0.0324,0.0198
7,FakeAlgiers,18,10,32,0.0938,0.905,0.0188,0.0195
7,FakeAlgiers,19,1,3,0.1467,0.9777,1.0,1.0
7,FakeAlgiers,19,2,6,0.3133,0.8857,0.1667,0.092
7,FakeAlgiers,19,3,9,0.2578,0.8379,0.0556,0.0478
7,FakeAlgiers,19,4,12,0.1467,0.9039,0.1111,0.066
7,FakeAlgiers,19,5,15,0.2133,0.896,0.0667,0.008
7,FakeAlgiers,19,6,18,0.2022,0.91,0.0111,0.014
7,FakeAlgiers,19,7,21,0.1943,0.8793,0.0079,0.0307
7,FakeAlgiers,19,8,24,0.105,0.912,0.0893,0.0327
7,FakeAlgiers,19,9,27,0.1111,0.8853,0.0061,0.0267
7,FakeAlgiers,19,10,32,0.0938,0.9062,0.0174,0.021
8,FakeAlgiers,0,1,50,0.34,0.7772,1.0,1.0
8,FakeAlgiers,0,2,100,0.33,0.8607,0.01,0.0835
8,FakeAlgiers,0,3,150,0.2733,0.902,0.0567,0.0413
8,FakeAlgiers,0,4,200,0.265,0.904,0.0083,0.002
8,FakeAlgiers,0,5,250,0.22,0.9272,0.045,0.0233
8,FakeAlgiers,0,6,300,0.2133,0.9265,0.0067,0.0008
8,FakeAlgiers,0,7,350,0.2129,0.9247,0.0005,0.0018
8,FakeAlgiers,0,8,400,0.2025,0.9283,0.0104,0.0036
8,FakeAlgiers,0,9,450,0.2056,0.9295,0.0031,0.0013
8,FakeAlgiers,0,10,500,0.204,0.9336,0.0016,0.0041
8,FakeAlgiers,1,1,50,0.22,0.9269,1.0,1.0
8,FakeAlgiers,1,2,100,0.17,0.95,0.05,0.0231
8,FakeAlgiers,1,3,150,0.1633,0.9611,0.0067,0.011
8,FakeAlgiers,1,4,200,0.195,0.9461,0.0317,0.015
8,FakeAlgiers,1,5,250,0.166,0.9573,0.029,0.0112
8,FakeAlgiers,1,6,300,0.1667,0.9575,0.0007,0.0002
8,FakeAlgiers,1,7,350,0.1614,0.9597,0.0052,0.0022
8,FakeAlgiers,1,8,400,0.16,0.961,0.0014,0.0013
8,FakeAlgiers,1,9,450,0.1756,0.9554,0.0156,0.0056
8,FakeAlgiers,1,10,500,0.168,0.9565,0.0076,0.0011
8,FakeAlgiers,2,1,50,0.39,0.7794,1.0,1.0
8,FakeAlgiers,2,2,100,0.3,0.8698,0.09,0.0904
8,FakeAlgiers,2,3,150,0.2767,0.8747,0.0233,0.005
8,FakeAlgiers,2,4,200,0.255,0.9023,0.0217,0.0275
8,FakeAlgiers,2,5,250,0.238,0.9042,0.017,0.002
8,FakeAlgiers,2,6,300,0.2233,0.9147,0.0147,0.0105
8,FakeAlgiers,2,7,350,0.22,0.919,0.0033,0.0043
8,FakeAlgiers,2,8,400,0.2175,0.9195,0.0025,0.0005
8,FakeAlgiers,2,9,450,0.21,0.9231,0.0075,0.0036
8,FakeAlgiers,2,10,500,0.212,0.9231,0.002,0.0001
8,FakeAlgiers,3,1,50,0.42,0.7324,1.0,1.0
8,FakeAlgiers,3,2,100,0.33,0.8407,0.09,0.1082
8,FakeAlgiers,3,3,150,0.31,0.8557,0.02,0.015
8,FakeAlgiers,3,4,200,0.305,0.8564,0.005,0.0007
8,FakeAlgiers,3,5,250,0.272,0.8802,0.033,0.0238
8,FakeAlgiers,3,6,300,0.2633,0.8867,0.0087,0.0064
8,FakeAlgiers,3,7,350,0.2471,0.8988,0.0162,0.0122
8,FakeAlgiers,3,8,400,0.2575,0.8965,0.0104,0.0024
8,FakeAlgiers,3,9,450,0.2456,0.8986,0.0119,0.0021
8,FakeAlgiers,3,10,500,0.246,0.8999,0.0004,0.0013
8,FakeAlgiers,4,1,50,0.23,0.9294,1.0,1.0
8,FakeAlgiers,4,2,100,0.18,0.9573,0.05,0.0279
8,FakeAlgiers,4,3,150,0.18,0.9573,0.0,0.0
8,FakeAlgiers,4,4,200,0.17,0.9643,0.01,0.0069
8,FakeAlgiers,4,5,250,0.172,0.9639,0.002,0.0003
8,FakeAlgiers,4,6,300,0.17,0.9604,0.002,0.0035
8,FakeAlgiers,4,7,350,0.1814,0.9573,0.0114,0.0031
8,FakeAlgiers,4,8,400,0.17,0.9602,0.0114,0.0029
8,FakeAlgiers,4,9,450,0.1711,0.9611,0.0011,0.0009
8,FakeAlgiers,4,10,500,0.176,0.9577,0.0049,0.0034
8,FakeAlgiers,5,1,50,0.21,0.8956,1.0,1.0
8,FakeAlgiers,5,2,100,0.16,0.9593,0.05,0.0637
8,FakeAlgiers,5,3,150,0.1767,0.9483,0.0167,0.011
8,FakeAlgiers,5,4,200,0.165,0.9549,0.0117,0.0066
8,FakeAlgiers,5,5,250,0.166,0.962,0.001,0.007
8,FakeAlgiers,5,6,300,0.16,0.9663,0.006,0.0043
8,FakeAlgiers,5,7,350,0.1586,0.9703,0.0014,0.004
8,FakeAlgiers,5,8,400,0.165,0.969,0.0064,0.0012
8,FakeAlgiers,5,9,450,0.1544,0.9717,0.0106,0.0027
8,FakeAlgiers,5,10,500,0.152,0.9725,0.0024,0.0008
8,FakeAlgiers,6,1,50,0.23,0.9205,1.0,1.0
8,FakeAlgiers,6,2,100,0.18,0.9474,0.05,0.0269
8,FakeAlgiers,6,3,150,0.17,0.9564,0.01,0.0091
8,FakeAlgiers,6,4,200,0.15,0.961,0.02,0.0045
8,FakeAlgiers,6,5,250,0.138,0.9647,0.012,0.0037
8,FakeAlgiers,6,6,300,0.1333,0.9678,0.0047,0.0031
8,FakeAlgiers,6,7,350,0.1371,0.9688,0.0038,0.001
8,FakeAlgiers,6,8,400,0.12,0.9764,0.0171,0.0075
8,FakeAlgiers,6,9,450,0.1144,0.9789,0.0056,0.0025
8,FakeAlgiers,6,10,500,0.102,0.9813,0.0124,0.0024
8,FakeAlgiers,7,1,50,0.26,0.8518,1.0,1.0
8,FakeAlgiers,7,2,100,0.23,0.9052,0.03,0.0534
8,FakeAlgiers,7,3,150,0.19,0.9487,0.04,0.0435
8,FakeAlgiers,7,4,200,0.185,0.9494,0.005,0.0007
8,FakeAlgiers,7,5,250,0.184,0.9488,0.001,0.0006
8,FakeAlgiers,7,6,300,0.1833,0.9462,0.0007,0.0026
8,FakeAlgiers,7,7,350,0.1671,0.9535,0.0162,0.0073
8,FakeAlgiers,7,8,400,0.1625,0.9563,0.0046,0.0028
8,FakeAlgiers,7,9,450,0.1822,0.9473,0.0197,0.0089
8,FakeAlgiers,7,10,500,0.17,0.9492,0.0122,0.0019
8,FakeAlgiers,8,1,50,0.22,0.9077,1.0,1.0
8,FakeAlgiers,8,2,100,0.19,0.9397,0.03,0.032
8,FakeAlgiers,8,3,150,0.21,0.933,0.02,0.0067
8,FakeAlgiers,8,4,200,0.21,0.936,0.0,0.003
8,FakeAlgiers,8,5,250,0.198,0.9388,0.012,0.0029
8,FakeAlgiers,8,6,300,0.2133,0.9297,0.0153,0.0091
8,FakeAlgiers,8,7,350,0.2071,0.9331,0.0062,0.0034
8,FakeAlgiers,8,8,400,0.215,0.9281,0.0079,0.005
8,FakeAlgiers,8,9,450,0.1944,0.9383,0.0206,0.0102
8,FakeAlgiers,8,10,500,0.192,0.9414,0.0024,0.0031
8,FakeAlgiers,9,1,50,0.32,0.8465,1.0,1.0
8,FakeAlgiers,9,2,100,0.21,0.9333,0.11,0.0868
8,FakeAlgiers,9,3,150,0.21,0.9342,0.0,0.0009
8,FakeAlgiers,9,4,200,0.175,0.9444,0.035,0.0102
8,FakeAlgiers,9,5,250,0.166,0.9533,0.009,0.009
8,FakeAlgiers,9,6,300,0.1767,0.9524,0.0107,0.0009
8,FakeAlgiers,9,7,350,0.1771,0.9489,0.0005,0.0035
8,FakeAlgiers,9,8,400,0.1875,0.9459,0.0104,0.003
8,FakeAlgiers,9,9,450,0.1733,0.9503,0.0142,0.0044
8,FakeAlgiers,9,10,500,0.178,0.949,0.0047,0.0013
8,FakeAlgiers,10,1,50,0.21,0.9261,1.0,1.0
8,FakeAlgiers,10,2,100,0.21,0.9295,0.0,0.0034
8,FakeAlgiers,10,3,150,0.1833,0.951,0.0267,0.0215
8,FakeAlgiers,10,4,200,0.165,0.955,0.0183,0.004
8,FakeAlgiers,10,5,250,0.176,0.958,0.011,0.003
8,FakeAlgiers,10,6,300,0.17,0.9583,0.006,0.0003
8,FakeAlgiers,10,7,350,0.1729,0.9558,0.0029,0.0025
8,FakeAlgiers,10,8,400,0.18,0.9534,0.0071,0.0024
8,FakeAlgiers,10,9,450,0.1789,0.9565,0.0011,0.0031
8,FakeAlgiers,10,10,500,0.178,0.9552,0.0009,0.0013
8,FakeAlgiers,11,1,50,0.29,0.8874,1.0,1.0
8,FakeAlgiers,11,2,100,0.23,0.9165,0.06,0.0291
8,FakeAlgiers,11,3,150,0.23,0.9318,0.0,0.0154
8,FakeAlgiers,11,4,200,0.225,0.9374,0.005,0.0056
8,FakeAlgiers,11,5,250,0.238,0.931,0.013,0.0064
8,FakeAlgiers,11,6,300,0.2267,0.9368,0.0113,0.0057
8,FakeAlgiers,11,7,350,0.2243,0.9374,0.0024,0.0007
8,FakeAlgiers,11,8,400,0.225,0.9396,0.0007,0.0022
8,FakeAlgiers,11,9,450,0.2167,0.9424,0.0083,0.0028
8,FakeAlgiers,11,10,500,0.202,0.9492,0.0147,0.0067
8,FakeAlgiers,12,1,50,0.2,0.9284,1.0,1.0
8,FakeAlgiers,12,2,100,0.17,0.9491,0.03,0.0207
8,FakeAlgiers,12,3,150,0.1733,0.9602,0.0033,0.0112
8,FakeAlgiers,12,4,200,0.18,0.9565,0.0067,0.0037
8,FakeAlgiers,12,5,250,0.212,0.9459,0.032,0.0106
8,FakeAlgiers,12,6,300,0.1833,0.9564,0.0287,0.0105
8,FakeAlgiers,12,7,350,0.1686,0.9621,0.0148,0.0058
8,FakeAlgiers,12,8,400,0.1675,0.9655,0.0011,0.0034
8,FakeAlgiers,12,9,450,0.1689,0.9648,0.0014,0.0008
8,FakeAlgiers,12,10,500,0.17,0.9642,0.0011,0.0006
8,FakeAlgiers,13,1,50,0.27,0.8799,1.0,1.0
8,FakeAlgiers,13,2,100,0.22,0.9129,0.05,0.0329
8,FakeAlgiers,13,3,150,0.2,0.9331,0.02,0.0202
8,FakeAlgiers,13,4,200,0.195,0.9427,0.005,0.0096
8,FakeAlgiers,13,5,250,0.186,0.9498,0.009,0.0072
8,FakeAlgiers,13,6,300,0.1767,0.9547,0.0093,0.0048
8,FakeAlgiers,13,7,350,0.1843,0.9543,0.0076,0.0004
8,FakeAlgiers,13,8,400,0.1675,0.9614,0.0168,0.0071
8,FakeAlgiers,13,9,450,0.1633,0.9585,0.0042,0.0029
8,FakeAlgiers,13,10,500,0.168,0.955,0.0047,0.0034
8,FakeAlgiers,14,1,50,0.31,0.8208,1.0,1.0
8,FakeAlgiers,14,2,100,0.23,0.911,0.08,0.0903
8,FakeAlgiers,14,3,150,0.24,0.9016,0.01,0.0094
8,FakeAlgiers,14,4,200,0.225,0.9117,0.015,0.0101
8,FakeAlgiers,14,5,250,0.214,0.9209,0.011,0.0092
8,FakeAlgiers,14,6,300,0.2067,0.9334,0.0073,0.0124
8,FakeAlgiers,14,7,350,0.2071,0.9365,0.0005,0.0031
8,FakeAlgiers,14,8,400,0.2,0.9398,0.0071,0.0033
8,FakeAlgiers,14,9,450,0.1989,0.9425,0.0011,0.0027
8,FakeAlgiers,14,10,500,0.192,0.9466,0.0069,0.0041
8,FakeAlgiers,15,1,50,0.28,0.8175,1.0,1.0
8,FakeAlgiers,15,2,100,0.23,0.905,0.05,0.0875
8,FakeAlgiers,15,3,150,0.21,0.9299,0.02,0.0249
8,FakeAlgiers,15,4,200,0.185,0.9407,0.025,0.0108
8,FakeAlgiers,15,5,250,0.164,0.9538,0.021,0.0131
8,FakeAlgiers,15,6,300,0.1633,0.9539,0.0007,0.0001
8,FakeAlgiers,15,7,350,0.16,0.9562,0.0033,0.0023
8,FakeAlgiers,15,8,400,0.1475,0.9628,0.0125,0.0066
8,FakeAlgiers,15,9,450,0.1567,0.9582,0.0092,0.0046
8,FakeAlgiers,15,10,500,0.164,0.9569,0.0073,0.0013
8,FakeAlgiers,16,1,50,0.37,0.822,1.0,1.0
8,FakeAlgiers,16,2,100,0.34,0.8304,0.03,0.0084
8,FakeAlgiers,16,3,150,0.29,0.8814,0.05,0.0511
8,FakeAlgiers,16,4,200,0.27,0.898,0.02,0.0166
8,FakeAlgiers,16,5,250,0.244,0.9183,0.026,0.0203
8,FakeAlgiers,16,6,300,0.23,0.9301,0.014,0.0118
8,FakeAlgiers,16,7,350,0.2314,0.9312,0.0014,0.0012
8,FakeAlgiers,16,8,400,0.2175,0.9376,0.0139,0.0063
8,FakeAlgiers,16,9,450,0.2144,0.9413,0.0031,0.0037
8,FakeAlgiers,16,10,500,0.202,0.948,0.0124,0.0067
8,FakeAlgiers,17,1,50,0.3,0.8713,1.0,1.0
8,FakeAlgiers,17,2,100,0.18,0.9421,0.12,0.0708
8,FakeAlgiers,17,3,150,0.17,0.9546,0.01,0.0126
8,FakeAlgiers,17,4,200,0.165,0.9637,0.005,0.009
8,FakeAlgiers,17,5,250,0.168,0.9634,0.003,0.0003
8,FakeAlgiers,17,6,300,0.1433,0.9713,0.0247,0.0079
8,FakeAlgiers,17,7,350,0.1371,0.9726,0.0062,0.0013
8,FakeAlgiers,17,8,400,0.13,0.9759,0.0071,0.0033
8,FakeAlgiers,17,9,450,0.1289,0.9751,0.0011,0.0009
8,FakeAlgiers,17,10,500,0.14,0.9717,0.0111,0.0034
8,FakeAlgiers,18,1,50,0.26,0.859,1.0,1.0
8,FakeAlgiers,18,2,100,0.22,0.9097,0.04,0.0507
8,FakeAlgiers,18,3,150,0.2133,0.9182,0.0067,0.0085
8,FakeAlgiers,18,4,200,0.235,0.9125,0.0217,0.0057
8,FakeAlgiers,18,5,250,0.21,0.9329,0.025,0.0203
8,FakeAlgiers,18,6,300,0.1867,0.9446,0.0233,0.0118
8,FakeAlgiers,18,7,350,0.1871,0.94,0.0005,0.0047
8,FakeAlgiers,18,8,400,0.1875,0.9398,0.0004,0.0002
8,FakeAlgiers,18,9,450,0.1867,0.9412,0.0008,0.0015
8,FakeAlgiers,18,10,500,0.184,0.9448,0.0027,0.0036
8,FakeAlgiers,19,1,50,0.21,0.9421,1.0,1.0
8,FakeAlgiers,19,2,100,0.23,0.9289,0.02,0.0132
8,FakeAlgiers,19,3,150,0.2067,0.9445,0.0233,0.0157
8,FakeAlgiers,19,4,200,0.2,0.9454,0.0067,0.0009
8,FakeAlgiers,19,5,250,0.192,0.9521,0.008,0.0067
8,FakeAlgiers,19,6,300,0.17,0.9602,0.022,0.0081
8,FakeAlgiers,19,7,350,0.1629,0.9626,0.0071,0.0024
8,FakeAlgiers,19,8,400,0.1675,0.962,0.0046,0.0006
8,FakeAlgiers,19,9,450,0.1756,0.959,0.0081,0.0031
8,FakeAlgiers,19,10,500,0.166,0.9598,0.0096,0.0009
14,FakeAlgiers,0,1,409,0.9853,0.0002,1.0,1.0
14,FakeAlgiers,0,2,818,0.9853,0.0004,0.0,0.0002
14,FakeAlgiers,0,3,1227,0.9853,0.0006,0.0,0.0002
14,FakeAlgiers,0,4,1636,0.9835,0.001,0.0018,0.0004
14,FakeAlgiers,0,5,2045,0.9819,0.0016,0.0016,0.0005
14,FakeAlgiers,0,6,2454,0.9788,0.0026,0.0031,0.001
14,FakeAlgiers,0,7,2863,0.9797,0.0027,0.0009,0.0001
14,FakeAlgiers,0,8,3272,0.9789,0.0033,0.0008,0.0006
14,FakeAlgiers,0,9,3681,0.9785,0.0037,0.0004,0.0005
14,FakeAlgiers,0,10,4096,0.9775,0.0044,0.001,0.0007
14,FakeAlgiers,1,1,409,0.9731,0.0007,1.0,1.0
14,FakeAlgiers,1,2,818,0.9768,0.0011,0.0037,0.0004
14,FakeAlgiers,1,3,1227,0.9788,0.0013,0.002,0.0003
14,FakeAlgiers,1,4,1636,0.978,0.0019,0.0008,0.0006
14,FakeAlgiers,1,5,2045,0.9756,0.0029,0.0024,0.0009
14,FakeAlgiers,1,6,2454,0.9739,0.0036,0.0016,0.0008
14,FakeAlgiers,1,7,2863,0.9759,0.0036,0.002,0.0
14,FakeAlgiers,1,8,3272,0.9759,0.004,0.0,0.0005
14,FakeAlgiers,1,9,3681,0.9764,0.0044,0.0005,0.0004
14,FakeAlgiers,1,10,4096,0.9766,0.0048,0.0002,0.0004
14,FakeAlgiers,2,1,409,0.9878,0.0001,1.0,1.0
14,FakeAlgiers,2,2,818,0.9853,0.0004,0.0024,0.0003
14,FakeAlgiers,2,3,1227,0.9878,0.0004,0.0024,0.0
14,FakeAlgiers,2,4,1636,0.9866,0.0007,0.0012,0.0003
14,FakeAlgiers,2,5,2045,0.9839,0.0013,0.0027,0.0006
14,FakeAlgiers,2,6,2454,0.9833,0.0017,0.0006,0.0004
14,FakeAlgiers,2,7,2863,0.9822,0.0023,0.0011,0.0005
14,FakeAlgiers,2,8,3272,0.9823,0.0024,0.0001,0.0002
14,FakeAlgiers,2,9,3681,0.9821,0.0028,0.0002,0.0003
14,FakeAlgiers,2,10,4096,0.9802,0.0036,0.0018,0.0008
14,FakeAlgiers,3,1,409,0.9707,0.0009,1.0,1.0
14,FakeAlgiers,3,2,818,0.9731,0.0014,0.0024,0.0006
14,FakeAlgiers,3,3,1227,0.9715,0.0024,0.0016,0.001
14,FakeAlgiers,3,4,1636,0.9749,0.0025,0.0035,0.0001
14,FakeAlgiers,3,5,2045,0.9751,0.0031,0.0001,0.0006
14,FakeAlgiers,3,6,2454,0.9751,0.0037,0.0001,0.0006
14,FakeAlgiers,3,7,2863,0.9756,0.0042,0.0004,0.0005
14,FakeAlgiers,3,8,3272,0.9759,0.0045,0.0003,0.0003
14,FakeAlgiers,3,9,3681,0.975,0.0054,0.0008,0.0009
14,FakeAlgiers,3,10,4096,0.9758,0.0056,0.0008,0.0002
14,FakeAlgiers,4,1,409,0.9829,0.0003,1.0,1.0
14,FakeAlgiers,4,2,818,0.9719,0.0016,0.011,0.0013
14,FakeAlgiers,4,3,1227,0.9747,0.0018,0.0029,0.0003
14,FakeAlgiers,4,4,1636,0.9768,0.0021,0.002,0.0002
14,FakeAlgiers,4,5,2045,0.9756,0.0028,0.0012,0.0007
14,FakeAlgiers,4,6,2454,0.9768,0.003,0.0012,0.0002
14,FakeAlgiers,4,7,2863,0.9776,0.0032,0.0009,0.0002
14,FakeAlgiers,4,8,3272,0.9759,0.0039,0.0018,0.0007
14,FakeAlgiers,4,9,3681,0.9761,0.0042,0.0002,0.0003
14,FakeAlgiers,4,10,4096,0.9766,0.0047,0.0005,0.0005
14,FakeAlgiers,5,1,409,0.9658,0.0012,1.0,1.0
14,FakeAlgiers,5,2,818,0.9707,0.0017,0.0049,0.0005
14,FakeAlgiers,5,3,1227,0.9739,0.002,0.0033,0.0003
14,FakeAlgiers,5,4,1636,0.9737,0.0027,0.0002,0.0006
14,FakeAlgiers,5,5,2045,0.9746,0.003,0.0009,0.0003
14,FakeAlgiers,5,6,2454,0.976,0.0031,0.0014,0.0001
14,FakeAlgiers,5,7,2863,0.9756,0.0037,0.0004,0.0006
14,FakeAlgiers,5,8,3272,0.9756,0.0042,0.0,0.0005
14,FakeAlgiers,5,9,3681,0.9753,0.0045,0.0003,0.0004
14,FakeAlgiers,5,10,4096,0.9753,0.0049,0.0001,0.0004
14,FakeAlgiers,6,1,409,0.9756,0.0006,1.0,1.0
14,FakeAlgiers,6,2,818,0.9731,0.0014,0.0024,0.0008
14,FakeAlgiers,6,3,1227,0.9698,0.0026,0.0033,0.0012
14,FakeAlgiers,6,4,1636,0.9682,0.0038,0.0016,0.0011
14,FakeAlgiers,6,5,2045,0.9677,0.0046,0.0005,0.0008
14,FakeAlgiers,6,6,2454,0.9678,0.0054,0.0001,0.0008
14,FakeAlgiers,6,7,2863,0.9682,0.006,0.0004,0.0006
14,FakeAlgiers,6,8,3272,0.9682,0.0067,0.0,0.0008
14,FakeAlgiers,6,9,3681,0.9698,0.0066,0.0016,0.0002
14,FakeAlgiers,6,10,4096,0.9692,0.0076,0.0006,0.001
14,FakeAlgiers,7,1,409,0.9658,0.0012,1.0,1.0
14,FakeAlgiers,7,2,818,0.9707,0.0018,0.0049,0.0005
14,FakeAlgiers,7,3,1227,0.9715,0.0025,0.0008,0.0007
14,FakeAlgiers,7,4,1636,0.9719,0.0031,0.0004,0.0006
14,FakeAlgiers,7,5,2045,0.9746,0.0031,0.0027,0.0001
14,FakeAlgiers,7,6,2454,0.9747,0.0037,0.0002,0.0006
14,FakeAlgiers,7,7,2863,0.9749,0.0042,0.0001,0.0005
14,FakeAlgiers,7,8,3272,0.9752,0.0045,0.0004,0.0003
14,FakeAlgiers,7,9,3681,0.9761,0.0047,0.0008,0.0002
14,FakeAlgiers,7,10,4096,0.9749,0.0057,0.0012,0.001
14,FakeAlgiers,8,1,409,0.9902,0.0001,1.0,1.0
14,FakeAlgiers,8,2,818,0.9829,0.0006,0.0073,0.0005
14,FakeAlgiers,8,3,1227,0.9813,0.0011,0.0016,0.0005
14,FakeAlgiers,8,4,1636,0.9792,0.0017,0.002,0.0006
14,FakeAlgiers,8,5,2045,0.9785,0.0022,0.0007,0.0005
14,FakeAlgiers,8,6,2454,0.9788,0.0025,0.0003,0.0003
14,FakeAlgiers,8,7,2863,0.9776,0.0032,0.0012,0.0007
14,FakeAlgiers,8,8,3272,0.9777,0.0035,0.0,0.0003
14,FakeAlgiers,8,9,3681,0.9769,0.0041,0.0008,0.0007
14,FakeAlgiers,8,10,4096,0.9768,0.0046,0.0001,0.0005
14,FakeAlgiers,9,1,409,0.978,0.0005,1.0,1.0
14,FakeAlgiers,9,2,818,0.978,0.001,0.0,0.0005
14,FakeAlgiers,9,3,1227,0.9764,0.0017,0.0016,0.0007
14,FakeAlgiers,9,4,1636,0.9737,0.0027,0.0026,0.001
14,FakeAlgiers,9,5,2045,0.9721,0.0038,0.0016,0.0011
14,FakeAlgiers,9,6,2454,0.9715,0.0047,0.0007,0.0009
14,FakeAlgiers,9,7,2863,0.9717,0.005,0.0002,0.0003
14,FakeAlgiers,9,8,3272,0.9716,0.0058,0.0001,0.0008
14,FakeAlgiers,9,9,3681,0.972,0.0062,0.0004,0.0004
14,FakeAlgiers,9,10,4096,0.9719,0.0069,0.0001,0.0007
14,FakeAlgiers,10,1,409,0.9853,0.0002,1.0,1.0
14,FakeAlgiers,10,2,818,0.978,0.0009,0.0073,0.0007
14,FakeAlgiers,10,3,1227,0.9747,0.0018,0.0033,0.0009
14,FakeAlgiers,10,4,1636,0.9707,0.0032,0.0041,0.0014
14,FakeAlgiers,10,5,2045,0.9687,0.0045,0.002,0.0013
14,FakeAlgiers,10,6,2454,0.9703,0.0048,0.0015,0.0003
14,FakeAlgiers,10,7,2863,0.9696,0.0057,0.0006,0.0009
14,FakeAlgiers,10,8,3272,0.97,0.0061,0.0004,0.0004
14,FakeAlgiers,10,9,3681,0.9717,0.0062,0.0017,0.0001
14,FakeAlgiers,10,10,4096,0.9727,0.0063,0.0009,0.0002
14,FakeAlgiers,11,1,409,0.9804,0.0004,1.0,1.0
14,FakeAlgiers,11,2,818,0.978,0.001,0.0024,0.0006
14,FakeAlgiers,11,3,1227,0.9796,0.0012,0.0016,0.0003
14,FakeAlgiers,11,4,1636,0.9768,0.0022,0.0029,0.0009
14,FakeAlgiers,11,5,2045,0.977,0.0026,0.0002,0.0005
14,FakeAlgiers,11,6,2454,0.9776,0.0031,0.0006,0.0004
14,FakeAlgiers,11,7,2863,0.9762,0.0039,0.0013,0.0008
14,FakeAlgiers,11,8,3272,0.9774,0.0039,0.0011,0.0001
14,FakeAlgiers,11,9,3681,0.9785,0.004,0.0012,0.0001
14,FakeAlgiers,11,10,4096,0.9785,0.0042,0.0,0.0002
14,FakeAlgiers,12,1,409,0.9853,0.0002,1.0,1.0
14,FakeAlgiers,12,2,818,0.9829,0.0006,0.0024,0.0004
14,FakeAlgiers,12,3,1227,0.9837,0.0008,0.0008,0.0002
14,FakeAlgiers,12,4,1636,0.9847,0.0009,0.001,0.0001
14,FakeAlgiers,12,5,2045,0.9809,0.0018,0.0038,0.0008
14,FakeAlgiers,12,6,2454,0.98,0.0023,0.0009,0.0006
14,FakeAlgiers,12,7,2863,0.9783,0.0032,0.0017,0.0008
14,FakeAlgiers,12,8,3272,0.9777,0.0038,0.0007,0.0006
14,FakeAlgiers,12,9,3681,0.9766,0.0046,0.0011,0.0008
14,FakeAlgiers,12,10,4096,0.9783,0.0044,0.0016,0.0002
14,FakeAlgiers,13,1,409,0.9829,0.0003,1.0,1.0
14,FakeAlgiers,13,2,818,0.9804,0.0008,0.0024,0.0005
14,FakeAlgiers,13,3,1227,0.9756,0.0017,0.0049,0.0009
14,FakeAlgiers,13,4,1636,0.9749,0.0022,0.0006,0.0006
14,FakeAlgiers,13,5,2045,0.976,0.0026,0.0011,0.0004
14,FakeAlgiers,13,6,2454,0.9772,0.0028,0.0011,0.0002
14,FakeAlgiers,13,7,2863,0.9762,0.0034,0.0009,0.0006
14,FakeAlgiers,13,8,3272,0.9759,0.004,0.0004,0.0006
14,FakeAlgiers,13,9,3681,0.9761,0.0044,0.0002,0.0004
14,FakeAlgiers,13,10,4096,0.9761,0.0049,0.0,0.0004
14,FakeAlgiers,14,1,409,0.9902,0.0001,1.0,1.0
14,FakeAlgiers,14,2,818,0.9829,0.0006,0.0073,0.0005
14,FakeAlgiers,14,3,1227,0.9796,0.0013,0.0033,0.0007
14,FakeAlgiers,14,4,1636,0.9792,0.0018,0.0004,0.0005
14,FakeAlgiers,14,5,2045,0.9814,0.0017,0.0022,0.0
14,FakeAlgiers,14,6,2454,0.9804,0.0024,0.001,0.0006
14,FakeAlgiers,14,7,2863,0.9808,0.0027,0.0003,0.0003
14,FakeAlgiers,14,8,3272,0.9814,0.0027,0.0006,0.0001
14,FakeAlgiers,14,9,3681,0.9799,0.0035,0.0015,0.0007
14,FakeAlgiers,14,10,4096,0.9797,0.0039,0.0002,0.0005
14,FakeAlgiers,15,1,409,0.9707,0.0009,1.0,1.0
14,FakeAlgiers,15,2,818,0.9694,0.0019,0.0012,0.001
14,FakeAlgiers,15,3,1227,0.9731,0.0022,0.0037,0.0003
14,FakeAlgiers,15,4,1636,0.9762,0.0023,0.0031,0.0001
14,FakeAlgiers,15,5,2045,0.979,0.0022,0.0028,0.0001
14,FakeAlgiers,15,6,2454,0.9772,0.003,0.0018,0.0008
14,FakeAlgiers,15,7,2863,0.9762,0.0037,0.0009,0.0007
14,FakeAlgiers,15,8,3272,0.9762,0.0041,0.0001,0.0004
14,FakeAlgiers,15,9,3681,0.9772,0.0042,0.001,0.0001
14,FakeAlgiers,15,10,4096,0.9766,0.0049,0.0006,0.0007
14,FakeAlgiers,16,1,409,0.978,0.0005,1.0,1.0
14,FakeAlgiers,16,2,818,0.9768,0.0011,0.0012,0.0006
14,FakeAlgiers,16,3,1227,0.9756,0.0017,0.0012,0.0006
14,FakeAlgiers,16,4,1636,0.9749,0.0024,0.0006,0.0007
14,FakeAlgiers,16,5,2045,0.9736,0.0033,0.0013,0.001
14,FakeAlgiers,16,6,2454,0.9747,0.0037,0.0011,0.0003
14,FakeAlgiers,16,7,2863,0.9756,0.004,0.0008,0.0003
14,FakeAlgiers,16,8,3272,0.9749,0.0047,0.0006,0.0007
14,FakeAlgiers,16,9,3681,0.9745,0.0055,0.0005,0.0009
14,FakeAlgiers,16,10,4096,0.9751,0.0057,0.0006,0.0001
14,FakeAlgiers,17,1,409,0.9804,0.0004,1.0,1.0
14,FakeAlgiers,17,2,818,0.9731,0.0014,0.0073,0.0011
14,FakeAlgiers,17,3,1227,0.969,0.0029,0.0041,0.0014
14,FakeAlgiers,17,4,1636,0.9719,0.0032,0.0029,0.0003
14,FakeAlgiers,17,5,2045,0.9726,0.0037,0.0007,0.0005
14,FakeAlgiers,17,6,2454,0.9731,0.0043,0.0005,0.0006
14,FakeAlgiers,17,7,2863,0.9724,0.0051,0.0007,0.0008
14,FakeAlgiers,17,8,3272,0.9722,0.0057,0.0002,0.0006
14,FakeAlgiers,17,9,3681,0.9723,0.0062,0.0001,0.0005
14,FakeAlgiers,17,10,4096,0.9724,0.0067,0.0001,0.0005
14,FakeAlgiers,18,1,409,0.9902,0.0001,1.0,1.0
14,FakeAlgiers,18,2,818,0.9817,0.0007,0.0086,0.0006
14,FakeAlgiers,18,3,1227,0.9821,0.001,0.0004,0.0003
14,FakeAlgiers,18,4,1636,0.9817,0.0013,0.0004,0.0004
14,FakeAlgiers,18,5,2045,0.98,0.002,0.0017,0.0007
14,FakeAlgiers,18,6,2454,0.9784,0.0027,0.0015,0.0007
14,FakeAlgiers,18,7,2863,0.9776,0.0034,0.0008,0.0006
14,FakeAlgiers,18,8,3272,0.9771,0.0039,0.0006,0.0006
14,FakeAlgiers,18,9,3681,0.9766,0.0046,0.0004,0.0006
14,FakeAlgiers,18,10,4096,0.9761,0.005,0.0006,0.0004
14,FakeAlgiers,19,1,409,0.9707,0.0009,1.0,1.0
14,FakeAlgiers,19,2,818,0.978,0.001,0.0073,0.0001
14,FakeAlgiers,19,3,1227,0.9764,0.0016,0.0016,0.0006
14,FakeAlgiers,19,4,1636,0.9749,0.0024,0.0014,0.0008
14,FakeAlgiers,19,5,2045,0.9765,0.0026,0.0016,0.0002
14,FakeAlgiers,19,6,2454,0.9739,0.0038,0.0026,0.0012
14,FakeAlgiers,19,7,2863,0.9731,0.0047,0.0008,0.0008
14,FakeAlgiers,19,8,3272,0.9743,0.0047,0.0012,0.0
14,FakeAlgiers,19,9,3681,0.975,0.005,0.0007,0.0003
14,FakeAlgiers,19,10,4096,0.9761,0.0051,0.0011,0.0001
15,FakeAlgiers,0,1,100,0.08,0.9819,1.0,1.0
15,FakeAlgiers,0,2,200,0.1,0.9426,0.02,0.0393
15,FakeAlgiers,0,3,300,0.0867,0.9471,0.0133,0.0044
15,FakeAlgiers,0,4,400,0.075,0.9545,0.0117,0.0074
15,FakeAlgiers,0,5,500,0.066,0.9577,0.009,0.0032
15,FakeAlgiers,0,6,600,0.06,0.9613,0.006,0.0036
15,FakeAlgiers,0,7,700,0.07,0.9588,0.01,0.0026
15,FakeAlgiers,0,8,800,0.075,0.9555,0.005,0.0033
15,FakeAlgiers,0,9,900,0.0833,0.9568,0.0083,0.0014
15,FakeAlgiers,0,10,1000,0.08,0.9592,0.0033,0.0023
15,FakeAlgiers,1,1,100,0.21,0.9089,1.0,1.0
15,FakeAlgiers,1,2,200,0.16,0.9225,0.05,0.0136
15,FakeAlgiers,1,3,300,0.1233,0.9377,0.0367,0.0152
15,FakeAlgiers,1,4,400,0.1125,0.9432,0.0108,0.0054
15,FakeAlgiers,1,5,500,0.1,0.9507,0.0125,0.0075
15,FakeAlgiers,1,6,600,0.1067,0.9518,0.0067,0.0011
15,FakeAlgiers,1,7,700,0.1086,0.9547,0.0019,0.0029
15,FakeAlgiers,1,8,800,0.1125,0.9528,0.0039,0.0019
15,FakeAlgiers,1,9,900,0.1178,0.9527,0.0053,0.0001
15,FakeAlgiers,1,10,1000,0.115,0.9547,0.0028,0.0019
15,FakeAlgiers,2,1,100,0.1,0.9702,1.0,1.0
15,FakeAlgiers,2,2,200,0.07,0.9764,0.03,0.0061
15,FakeAlgiers,2,3,300,0.0933,0.9728,0.0233,0.0036
15,FakeAlgiers,2,4,400,0.0825,0.9769,0.0108,0.0041
15,FakeAlgiers,2,5,500,0.088,0.9747,0.0055,0.0022
15,FakeAlgiers,2,6,600,0.095,0.9753,0.007,0.0006
15,FakeAlgiers,2,7,700,0.1071,0.97,0.0121,0.0053
15,FakeAlgiers,2,8,800,0.105,0.9707,0.0021,0.0006
15,FakeAlgiers,2,9,900,0.1033,0.9696,0.0017,0.0011
15,FakeAlgiers,2,10,1000,0.103,0.9701,0.0003,0.0005
15,FakeAlgiers,3,1,100,0.09,0.9324,1.0,1.0
15,FakeAlgiers,3,2,200,0.085,0.9453,0.005,0.0129
15,FakeAlgiers,3,3,300,0.0833,0.9591,0.0017,0.0138
15,FakeAlgiers,3,4,400,0.09,0.9504,0.0067,0.0087
15,FakeAlgiers,3,5,500,0.07,0.9539,0.02,0.0035
15,FakeAlgiers,3,6,600,0.0717,0.9606,0.0017,0.0067
15,FakeAlgiers,3,7,700,0.0743,0.9611,0.0026,0.0005
15,FakeAlgiers,3,8,800,0.07,0.96,0.0043,0.0011
15,FakeAlgiers,3,9,900,0.0711,0.9601,0.0011,0.0001
15,FakeAlgiers,3,10,1000,0.07,0.96,0.0011,0.0001
15,FakeAlgiers,4,1,100,0.08,0.9815,1.0,1.0
15,FakeAlgiers,4,2,200,0.07,0.984,0.01,0.0025
15,FakeAlgiers,4,3,300,0.06,0.976,0.01,0.008
15,FakeAlgiers,4,4,400,0.08,0.9622,0.02,0.0137
15,FakeAlgiers,4,5,500,0.07,0.9678,0.01,0.0056
15,FakeAlgiers,4,6,600,0.065,0.9696,0.005,0.0017
15,FakeAlgiers,4,7,700,0.0671,0.9705,0.0021,0.0009
15,FakeAlgiers,4,8,800,0.075,0.969,0.0079,0.0015
15,FakeAlgiers,4,9,900,0.0778,0.9672,0.0028,0.0018
15,FakeAlgiers,4,10,1000,0.086,0.9638,0.0082,0.0034
15,FakeAlgiers,5,1,100,0.09,0.9703,1.0,1.0
15,FakeAlgiers,5,2,200,0.115,0.9635,0.025,0.0068
15,FakeAlgiers,5,3,300,0.12,0.9658,0.005,0.0023
15,FakeAlgiers,5,4,400,0.09,0.9682,0.03,0.0024
15,FakeAlgiers,5,5,500,0.08,0.9707,0.01,0.0026
15,FakeAlgiers,5,6,600,0.0733,0.9709,0.0067,0.0002
15,FakeAlgiers,5,7,700,0.08,0.9695,0.0067,0.0014
15,FakeAlgiers,5,8,800,0.0813,0.9688,0.0013,0.0007
15,FakeAlgiers,5,9,900,0.08,0.9688,0.0013,0.0
15,FakeAlgiers,5,10,1000,0.078,0.9704,0.002,0.0016
15,FakeAlgiers,6,1,100,0.08,0.9726,1.0,1.0
15,FakeAlgiers,6,2,200,0.04,0.9741,0.04,0.0015
15,FakeAlgiers,6,3,300,0.08,0.9653,0.04,0.0088
15,FakeAlgiers,6,4,400,0.09,0.9683,0.01,0.003
15,FakeAlgiers,6,5,500,0.086,0.9628,0.004,0.0055
15,FakeAlgiers,6,6,600,0.0783,0.967,0.0077,0.0042
15,FakeAlgiers,6,7,700,0.0886,0.9597,0.0102,0.0073
15,FakeAlgiers,6,8,800,0.075,0.9624,0.0136,0.0027
15,FakeAlgiers,6,9,900,0.0722,0.9646,0.0028,0.0022
15,FakeAlgiers,6,10,1000,0.076,0.9652,0.0038,0.0006
15,FakeAlgiers,7,1,100,0.05,0.9778,1.0,1.0
15,FakeAlgiers,7,2,200,0.075,0.95,0.025,0.0278
15,FakeAlgiers,7,3,300,0.1,0.9553,0.025,0.0053
15,FakeAlgiers,7,4,400,0.09,0.9661,0.01,0.0109
15,FakeAlgiers,7,5,500,0.082,0.9671,0.008,0.001
15,FakeAlgiers,7,6,600,0.0983,0.9624,0.0163,0.0047
15,FakeAlgiers,7,7,700,0.0886,0.966,0.0098,0.0036
15,FakeAlgiers,7,8,800,0.0862,0.9648,0.0023,0.0012
15,FakeAlgiers,7,9,900,0.0822,0.967,0.004,0.0022
15,FakeAlgiers,7,10,1000,0.087,0.9662,0.0048,0.0008
15,FakeAlgiers,8,1,100,0.08,0.9655,1.0,1.0
15,FakeAlgiers,8,2,200,0.05,0.978,0.03,0.0125
15,FakeAlgiers,8,3,300,0.07,0.9697,0.02,0.0083
15,FakeAlgiers,8,4,400,0.09,0.9612,0.02,0.0085
15,FakeAlgiers,8,5,500,0.1,0.9579,0.01,0.0032
15,FakeAlgiers,8,6,600,0.095,0.956,0.005,0.002
15,FakeAlgiers,8,7,700,0.0914,0.957,0.0036,0.001
15,FakeAlgiers,8,8,800,0.09,0.9602,0.0014,0.0031
15,FakeAlgiers,8,9,900,0.0856,0.9622,0.0044,0.0021
15,FakeAlgiers,8,10,1000,0.085,0.9618,0.0006,0.0004
15,FakeAlgiers,9,1,100,0.12,0.9684,1.0,1.0
15,FakeAlgiers,9,2,200,0.15,0.9591,0.03,0.0093
15,FakeAlgiers,9,3,300,0.1367,0.9542,0.0133,0.0049
15,FakeAlgiers,9,4,400,0.1175,0.9617,0.0192,0.0075
15,FakeAlgiers,9,5,500,0.104,0.9651,0.0135,0.0034
15,FakeAlgiers,9,6,600,0.1033,0.9646,0.0007,0.0005
15,FakeAlgiers,9,7,700,0.0957,0.9631,0.0076,0.0015
15,FakeAlgiers,9,8,800,0.0925,0.9643,0.0032,0.0011
15,FakeAlgiers,9,9,900,0.0989,0.9647,0.0064,0.0005
15,FakeAlgiers,9,10,1000,0.094,0.9634,0.0049,0.0013
15,FakeAlgiers,10,1,100,0.11,0.9517,1.0,1.0
15,FakeAlgiers,10,2,200,0.09,0.9551,0.02,0.0033
15,FakeAlgiers,10,3,300,0.09,0.9488,0.0,0.0062
15,FakeAlgiers,10,4,400,0.0925,0.9501,0.0025,0.0012
15,FakeAlgiers,10,5,500,0.088,0.953,0.0045,0.0029
15,FakeAlgiers,10,6,600,0.0917,0.9527,0.0037,0.0003
15,FakeAlgiers,10,7,700,0.09,0.9581,0.0017,0.0054
15,FakeAlgiers,10,8,800,0.095,0.9583,0.005,0.0002
15,FakeAlgiers,10,9,900,0.1011,0.9562,0.0061,0.0022
15,FakeAlgiers,10,10,1000,0.099,0.9572,0.0021,0.0011
15,FakeAlgiers,11,1,100,0.06,0.9674,1.0,1.0
15,FakeAlgiers,11,2,200,0.085,0.9632,0.025,0.0042
15,FakeAlgiers,11,3,300,0.0933,0.964,0.0083,0.0008
15,FakeAlgiers,11,4,400,0.095,0.9579,0.0017,0.0061
15,FakeAlgiers,11,5,500,0.092,0.9544,0.003,0.0035
15,FakeAlgiers,11,6,600,0.095,0.9568,0.003,0.0024
15,FakeAlgiers,11,7,700,0.0771,0.9629,0.0179,0.0061
15,FakeAlgiers,11,8,800,0.0875,0.9638,0.0104,0.0009
15,FakeAlgiers,11,9,900,0.0933,0.9625,0.0058,0.0013
15,FakeAlgiers,11,10,1000,0.086,0.9631,0.0073,0.0006
15,FakeAlgiers,12,1,100,0.08,0.9824,1.0,1.0
15,FakeAlgiers,12,2,200,0.075,0.9646,0.005,0.0178
15,FakeAlgiers,12,3,300,0.0667,0.9725,0.0083,0.0079
15,FakeAlgiers,12,4,400,0.0625,0.9785,0.0042,0.006
15,FakeAlgiers,12,5,500,0.072,0.9795,0.0095,0.001
15,FakeAlgiers,12,6,600,0.0767,0.9778,0.0047,0.0016
15,FakeAlgiers,12,7,700,0.0786,0.9755,0.0019,0.0023
15,FakeAlgiers,12,8,800,0.075,0.9778,0.0036,0.0023
15,FakeAlgiers,12,9,900,0.0744,0.978,0.0006,0.0002
15,FakeAlgiers,12,10,1000,0.071,0.9777,0.0034,0.0002
15,FakeAlgiers,13,1,100,0.12,0.951,1.0,1.0
15,FakeAlgiers,13,2,200,0.09,0.9574,0.03,0.0063
15,FakeAlgiers,13,3,300,0.0633,0.9692,0.0267,0.0118
15,FakeAlgiers,13,4,400,0.0575,0.9744,0.0058,0.0052
15,FakeAlgiers,13,5,500,0.082,0.9699,0.0245,0.0045
15,FakeAlgiers,13,6,600,0.08,0.9667,0.002,0.0033
15,FakeAlgiers,13,7,700,0.0786,0.9657,0.0014,0.001
15,FakeAlgiers,13,8,800,0.075,0.965,0.0036,0.0007
15,FakeAlgiers,13,9,900,0.0667,0.9612,0.0083,0.0037
15,FakeAlgiers,13,10,1000,0.067,0.9619,0.0003,0.0006
15,FakeAlgiers,14,1,100,0.1,0.9679,1.0,1.0
15,FakeAlgiers,14,2,200,0.1,0.9746,0.0,0.0067
15,FakeAlgiers,14,3,300,0.1067,0.9655,0.0067,0.0091
15,FakeAlgiers,14,4,400,0.1175,0.96,0.0108,0.0056
15,FakeAlgiers,14,5,500,0.1,0.9666,0.0175,0.0066
15,FakeAlgiers,14,6,600,0.0983,0.9639,0.0017,0.0027
15,FakeAlgiers,14,7,700,0.0929,0.9634,0.0055,0.0005
15,FakeAlgiers,14,8,800,0.0862,0.9661,0.0066,0.0027
15,FakeAlgiers,14,9,900,0.0878,0.9664,0.0015,0.0003
15,FakeAlgiers,14,10,1000,0.082,0.9674,0.0058,0.001
15,FakeAlgiers,15,1,100,0.07,0.9857,1.0,1.0
15,FakeAlgiers,15,2,200,0.12,0.9758,0.05,0.01
15,FakeAlgiers,15,3,300,0.08,0.9775,0.04,0.0017
15,FakeAlgiers,15,4,400,0.0625,0.974,0.0175,0.0035
15,FakeAlgiers,15,5,500,0.056,0.9736,0.0065,0.0004
15,FakeAlgiers,15,6,600,0.0633,0.9717,0.0073,0.0019
15,FakeAlgiers,15,7,700,0.0643,0.9744,0.001,0.0027
15,FakeAlgiers,15,8,800,0.0663,0.9752,0.002,0.0008
15,FakeAlgiers,15,9,900,0.0667,0.9755,0.0004,0.0003
15,FakeAlgiers,15,10,1000,0.071,0.9753,0.0043,0.0002
15,FakeAlgiers,16,1,100,0.04,0.9789,1.0,1.0
15,FakeAlgiers,16,2,200,0.055,0.9824,0.015,0.0035
15,FakeAlgiers,16,3,300,0.0633,0.9733,0.0083,0.0091
15,FakeAlgiers,16,4,400,0.045,0.9733,0.0183,0.0
15,FakeAlgiers,16,5,500,0.044,0.9688,0.001,0.0045
15,FakeAlgiers,16,6,600,0.0517,0.9653,0.0077,0.0035
15,FakeAlgiers,16,7,700,0.0543,0.9667,0.0026,0.0015
15,FakeAlgiers,16,8,800,0.0563,0.9707,0.002,0.0039
15,FakeAlgiers,16,9,900,0.06,0.9711,0.0038,0.0004
15,FakeAlgiers,16,10,1000,0.069,0.9679,0.009,0.0032
15,FakeAlgiers,17,1,100,0.15,0.9471,1.0,1.0
15,FakeAlgiers,17,2,200,0.125,0.9466,0.025,0.0005
15,FakeAlgiers,17,3,300,0.1,0.9629,0.025,0.0164
15,FakeAlgiers,17,4,400,0.1275,0.9531,0.0275,0.0098
15,FakeAlgiers,17,5,500,0.122,0.9604,0.0055,0.0073
15,FakeAlgiers,17,6,600,0.1167,0.9648,0.0053,0.0044
15,FakeAlgiers,17,7,700,0.11,0.9646,0.0067,0.0002
15,FakeAlgiers,17,8,800,0.11,0.9642,0.0,0.0004
15,FakeAlgiers,17,9,900,0.1056,0.9636,0.0044,0.0007
15,FakeAlgiers,17,10,1000,0.099,0.9634,0.0066,0.0002
15,FakeAlgiers,18,1,100,0.11,0.9561,1.0,1.0
15,FakeAlgiers,18,2,200,0.07,0.9713,0.04,0.0152
15,FakeAlgiers,18,3,300,0.0567,0.9766,0.0133,0.0053
15,FakeAlgiers,18,4,400,0.06,0.9748,0.0033,0.0018
15,FakeAlgiers,18,5,500,0.056,0.9789,0.004,0.0042
15,FakeAlgiers,18,6,600,0.0633,0.9757,0.0073,0.0033
15,FakeAlgiers,18,7,700,0.0543,0.9755,0.009,0.0002
15,FakeAlgiers,18,8,800,0.0537,0.973,0.0005,0.0025
15,FakeAlgiers,18,9,900,0.0544,0.9744,0.0007,0.0014
15,FakeAlgiers,18,10,1000,0.056,0.9751,0.0016,0.0007
15,FakeAlgiers,19,1,100,0.11,0.956,1.0,1.0
15,FakeAlgiers,19,2,200,0.095,0.9681,0.015,0.012
15,FakeAlgiers,19,3,300,0.0767,0.9751,0.0183,0.0071
15,FakeAlgiers,19,4,400,0.0675,0.9727,0.0092,0.0025
15,FakeAlgiers,19,5,500,0.078,0.9726,0.0105,0.0001
15,FakeAlgiers,19,6,600,0.0817,0.9679,0.0037,0.0047
15,FakeAlgiers,19,7,700,0.0914,0.9692,0.0098,0.0013
15,FakeAlgiers,19,8,800,0.0825,0.972,0.0089,0.0028
15,FakeAlgiers,19,9,900,0.0789,0.9713,0.0036,0.0007
15,FakeAlgiers,19,10,1000,0.081,0.9713,0.0021,0.0001
16,FakeAlgiers,0,1,100,0.08,0.991,1.0,1.0
16,FakeAlgiers,0,2,200,0.09,0.9849,0.01,0.0061
16,FakeAlgiers,0,3,300,0.0767,0.9901,0.0133,0.0052
16,FakeAlgiers,0,4,400,0.07,0.9945,0.0067,0.0044
16,FakeAlgiers,0,5,500,0.056,0.9961,0.014,0.0016
16,FakeAlgiers,0,6,600,0.0517,0.9966,0.0043,0.0004
16,FakeAlgiers,0,7,700,0.0586,0.9963,0.0069,0.0003
16,FakeAlgiers,0,8,800,0.06,0.9959,0.0014,0.0004
16,FakeAlgiers,0,9,900,0.0678,0.9951,0.0078,0.0008
16,FakeAlgiers,0,10,1000,0.062,0.9959,0.0058,0.0009
16,FakeAlgiers,1,1,100,0.18,0.953,1.0,1.0
16,FakeAlgiers,1,2,200,0.13,0.9735,0.05,0.0205
16,FakeAlgiers,1,3,300,0.0967,0.986,0.0333,0.0125
16,FakeAlgiers,1,4,400,0.0725,0.9907,0.0242,0.0047
16,FakeAlgiers,1,5,500,0.082,0.9899,0.0095,0.0008
16,FakeAlgiers,1,6,600,0.0883,0.9883,0.0063,0.0016
16,FakeAlgiers,1,7,700,0.0957,0.9864,0.0074,0.0019
16,FakeAlgiers,1,8,800,0.0975,0.9857,0.0018,0.0008
16,FakeAlgiers,1,9,900,0.1067,0.9823,0.0092,0.0033
16,FakeAlgiers,1,10,1000,0.102,0.9829,0.0047,0.0005
16,FakeAlgiers,2,1,100,0.11,0.9863,1.0,1.0
16,FakeAlgiers,2,2,200,0.07,0.9949,0.04,0.0087
16,FakeAlgiers,2,3,300,0.0867,0.9923,0.0167,0.0026
16,FakeAlgiers,2,4,400,0.08,0.9929,0.0067,0.0006
16,FakeAlgiers,2,5,500,0.082,0.9912,0.002,0.0017
16,FakeAlgiers,2,6,600,0.0933,0.9888,0.0113,0.0024
16,FakeAlgiers,2,7,700,0.0957,0.9878,0.0024,0.001
16,FakeAlgiers,2,8,800,0.0962,0.9879,0.0005,0.0001
16,FakeAlgiers,2,9,900,0.1022,0.987,0.006,0.0008
16,FakeAlgiers,2,10,1000,0.097,0.9883,0.0052,0.0013
16,FakeAlgiers,3,1,100,0.04,0.9972,1.0,1.0
16,FakeAlgiers,3,2,200,0.035,0.9976,0.005,0.0004
16,FakeAlgiers,3,3,300,0.0467,0.9969,0.0117,0.0006
16,FakeAlgiers,3,4,400,0.0475,0.9965,0.0008,0.0004
16,FakeAlgiers,3,5,500,0.032,0.9984,0.0155,0.0019
16,FakeAlgiers,3,6,600,0.0383,0.9978,0.0063,0.0006
16,FakeAlgiers,3,7,700,0.0414,0.9975,0.0031,0.0003
16,FakeAlgiers,3,8,800,0.035,0.9982,0.0064,0.0007
16,FakeAlgiers,3,9,900,0.0444,0.9974,0.0094,0.0007
16,FakeAlgiers,3,10,1000,0.041,0.9976,0.0034,0.0001
16,FakeAlgiers,4,1,100,0.09,0.9844,1.0,1.0
16,FakeAlgiers,4,2,200,0.07,0.9921,0.02,0.0076
16,FakeAlgiers,4,3,300,0.0633,0.9937,0.0067,0.0016
16,FakeAlgiers,4,4,400,0.065,0.9926,0.0017,0.0011
16,FakeAlgiers,4,5,500,0.064,0.9945,0.001,0.0019
16,FakeAlgiers,4,6,600,0.0633,0.994,0.0007,0.0005
16,FakeAlgiers,4,7,700,0.06,0.9943,0.0033,0.0004
16,FakeAlgiers,4,8,800,0.0713,0.9934,0.0113,0.0009
16,FakeAlgiers,4,9,900,0.0733,0.992,0.0021,0.0014
16,FakeAlgiers,4,10,1000,0.079,0.991,0.0057,0.001
16,FakeAlgiers,5,1,100,0.09,0.9873,1.0,1.0
16,FakeAlgiers,5,2,200,0.11,0.9862,0.02,0.0011
16,FakeAlgiers,5,3,300,0.11,0.985,0.0,0.0012
16,FakeAlgiers,5,4,400,0.0825,0.992,0.0275,0.007
16,FakeAlgiers,5,5,500,0.074,0.9936,0.0085,0.0016
16,FakeAlgiers,5,6,600,0.0683,0.9948,0.0057,0.0012
16,FakeAlgiers,5,7,700,0.0757,0.994,0.0074,0.0008
16,FakeAlgiers,5,8,800,0.0762,0.9938,0.0005,0.0002
16,FakeAlgiers,5,9,900,0.0733,0.994,0.0029,0.0002
16,FakeAlgiers,5,10,1000,0.071,0.994,0.0023,0.0
16,FakeAlgiers,6,1,100,0.07,0.9938,1.0,1.0
16,FakeAlgiers,6,2,200,0.02,0.9996,0.05,0.0057
16,FakeAlgiers,6,3,300,0.0467,0.997,0.0267,0.0026
16,FakeAlgiers,6,4,400,0.0575,0.9955,0.0108,0.0015
16,FakeAlgiers,6,5,500,0.046,0.9971,0.0115,0.0017
16,FakeAlgiers,6,6,600,0.045,0.9972,0.001,0.0
16,FakeAlgiers,6,7,700,0.0529,0.9959,0.0079,0.0013
16,FakeAlgiers,6,8,800,0.04,0.9976,0.0129,0.0017
16,FakeAlgiers,6,9,900,0.04,0.9978,0.0,0.0002
16,FakeAlgiers,6,10,1000,0.045,0.9972,0.005,0.0005
16,FakeAlgiers,7,1,100,0.05,0.9962,1.0,1.0
16,FakeAlgiers,7,2,200,0.05,0.996,0.0,0.0003
16,FakeAlgiers,7,3,300,0.0733,0.9936,0.0233,0.0023
16,FakeAlgiers,7,4,400,0.065,0.9953,0.0083,0.0017
16,FakeAlgiers,7,5,500,0.052,0.9971,0.013,0.0018
16,FakeAlgiers,7,6,600,0.07,0.9945,0.018,0.0025
16,FakeAlgiers,7,7,700,0.0629,0.9948,0.0071,0.0003
16,FakeAlgiers,7,8,800,0.0587,0.9954,0.0041,0.0006
16,FakeAlgiers,7,9,900,0.06,0.9948,0.0013,0.0006
16,FakeAlgiers,7,10,1000,0.064,0.9944,0.004,0.0004
16,FakeAlgiers,8,1,100,0.04,0.9979,1.0,1.0
16,FakeAlgiers,8,2,200,0.025,0.999,0.015,0.0011
16,FakeAlgiers,8,3,300,0.0433,0.9971,0.0183,0.002
16,FakeAlgiers,8,4,400,0.0625,0.994,0.0192,0.0031
16,FakeAlgiers,8,5,500,0.07,0.9924,0.0075,0.0015
16,FakeAlgiers,8,6,600,0.065,0.9927,0.005,0.0003
16,FakeAlgiers,8,7,700,0.0629,0.994,0.0021,0.0013
16,FakeAlgiers,8,8,800,0.065,0.9937,0.0021,0.0003
16,FakeAlgiers,8,9,900,0.06,0.9946,0.005,0.0009
16,FakeAlgiers,8,10,1000,0.057,0.9952,0.003,0.0006
16,FakeAlgiers,9,1,100,0.13,0.9735,1.0,1.0
16,FakeAlgiers,9,2,200,0.14,0.9791,0.01,0.0056
16,FakeAlgiers,9,3,300,0.1367,0.9793,0.0033,0.0002
16,FakeAlgiers,9,4,400,0.11,0.9844,0.0267,0.0051
16,FakeAlgiers,9,5,500,0.092,0.9871,0.018,0.0027
16,FakeAlgiers,9,6,600,0.09,0.9884,0.002,0.0013
16,FakeAlgiers,9,7,700,0.0957,0.9866,0.0057,0.0018
16,FakeAlgiers,9,8,800,0.085,0.9889,0.0107,0.0023
16,FakeAlgiers,9,9,900,0.0878,0.9882,0.0028,0.0007
16,FakeAlgiers,9,10,1000,0.086,0.9885,0.0018,0.0003
16,FakeAlgiers,10,1,100,0.09,0.9899,1.0,1.0
16,FakeAlgiers,10,2,200,0.065,0.9955,0.025,0.0056
16,FakeAlgiers,10,3,300,0.0633,0.996,0.0017,0.0005
16,FakeAlgiers,10,4,400,0.0675,0.9949,0.0042,0.0011
16,FakeAlgiers,10,5,500,0.066,0.9945,0.0015,0.0004
16,FakeAlgiers,10,6,600,0.0733,0.9932,0.0073,0.0012
16,FakeAlgiers,10,7,700,0.0743,0.9929,0.001,0.0003
16,FakeAlgiers,10,8,800,0.0788,0.9911,0.0045,0.0018
16,FakeAlgiers,10,9,900,0.0844,0.9896,0.0057,0.0015
16,FakeAlgiers,10,10,1000,0.084,0.9896,0.0004,0.0
16,FakeAlgiers,11,1,100,0.05,0.9962,1.0,1.0
16,FakeAlgiers,11,2,200,0.06,0.9927,0.01,0.0035
16,FakeAlgiers,11,3,300,0.0633,0.9917,0.0033,0.0011
16,FakeAlgiers,11,4,400,0.06,0.9935,0.0033,0.0019
16,FakeAlgiers,11,5,500,0.064,0.9938,0.004,0.0003
16,FakeAlgiers,11,6,600,0.0683,0.993,0.0043,0.0008
16,FakeAlgiers,11,7,700,0.0571,0.9953,0.0112,0.0023
16,FakeAlgiers,11,8,800,0.0638,0.9937,0.0066,0.0016
16,FakeAlgiers,11,9,900,0.0667,0.993,0.0029,0.0007
16,FakeAlgiers,11,10,1000,0.057,0.9949,0.0097,0.0019
16,FakeAlgiers,12,1,100,0.08,0.9914,1.0,1.0
16,FakeAlgiers,12,2,200,0.06,0.9945,0.02,0.0031
16,FakeAlgiers,12,3,300,0.05,0.9965,0.01,0.0019
16,FakeAlgiers,12,4,400,0.0475,0.9963,0.0025,0.0001
16,FakeAlgiers,12,5,500,0.058,0.9958,0.0105,0.0005
16,FakeAlgiers,12,6,600,0.0667,0.9946,0.0087,0.0012
16,FakeAlgiers,12,7,700,0.0629,0.9949,0.0038,0.0003
16,FakeAlgiers,12,8,800,0.0625,0.9948,0.0004,0.0001
16,FakeAlgiers,12,9,900,0.0611,0.9954,0.0014,0.0006
16,FakeAlgiers,12,10,1000,0.058,0.9953,0.0031,0.0001
16,FakeAlgiers,13,1,100,0.12,0.9737,1.0,1.0
16,FakeAlgiers,13,2,200,0.085,0.9886,0.035,0.015
16,FakeAlgiers,13,3,300,0.06,0.994,0.025,0.0054
16,FakeAlgiers,13,4,400,0.05,0.9964,0.01,0.0023
16,FakeAlgiers,13,5,500,0.066,0.9942,0.016,0.0021
16,FakeAlgiers,13,6,600,0.065,0.9949,0.001,0.0007
16,FakeAlgiers,13,7,700,0.0643,0.9955,0.0007,0.0005
16,FakeAlgiers,13,8,800,0.0587,0.9962,0.0055,0.0007
16,FakeAlgiers,13,9,900,0.0489,0.9962,0.0099,0.0001
16,FakeAlgiers,13,10,1000,0.052,0.9963,0.0031,0.0001
16,FakeAlgiers,14,1,100,0.1,0.986,1.0,1.0
16,FakeAlgiers,14,2,200,0.11,0.9804,0.01,0.0056
16,FakeAlgiers,14,3,300,0.11,0.9811,0.0,0.0007
16,FakeAlgiers,14,4,400,0.1125,0.9834,0.0025,0.0024
16,FakeAlgiers,14,5,500,0.094,0.9875,0.0185,0.0041
16,FakeAlgiers,14,6,600,0.085,0.9878,0.009,0.0003
16,FakeAlgiers,14,7,700,0.0771,0.9899,0.0079,0.002
16,FakeAlgiers,14,8,800,0.07,0.9906,0.0071,0.0008
16,FakeAlgiers,14,9,900,0.0756,0.9897,0.0056,0.0009
16,FakeAlgiers,14,10,1000,0.078,0.9896,0.0024,0.0001
16,FakeAlgiers,15,1,100,0.04,0.9976,1.0,1.0
16,FakeAlgiers,15,2,200,0.11,0.9858,0.07,0.0119
16,FakeAlgiers,15,3,300,0.0667,0.9946,0.0433,0.0089
16,FakeAlgiers,15,4,400,0.0475,0.9969,0.0192,0.0022
16,FakeAlgiers,15,5,500,0.04,0.9976,0.0075,0.0007
16,FakeAlgiers,15,6,600,0.05,0.9963,0.01,0.0014
16,FakeAlgiers,15,7,700,0.0529,0.9954,0.0029,0.0009
16,FakeAlgiers,15,8,800,0.0575,0.9948,0.0046,0.0006
16,FakeAlgiers,15,9,900,0.0589,0.9941,0.0014,0.0007
16,FakeAlgiers,15,10,1000,0.062,0.9951,0.0031,0.001
16,FakeAlgiers,16,1,100,0.04,0.998,1.0,1.0
16,FakeAlgiers,16,2,200,0.03,0.9986,0.01,0.0006
16,FakeAlgiers,16,3,300,0.05,0.9972,0.02,0.0015
16,FakeAlgiers,16,4,400,0.0325,0.9983,0.0175,0.0011
16,FakeAlgiers,16,5,500,0.028,0.9989,0.0045,0.0006
16,FakeAlgiers,16,6,600,0.03,0.9987,0.002,0.0002
16,FakeAlgiers,16,7,700,0.0329,0.9981,0.0029,0.0005
16,FakeAlgiers,16,8,800,0.0325,0.9983,0.0004,0.0002
16,FakeAlgiers,16,9,900,0.0344,0.9982,0.0019,0.0001
16,FakeAlgiers,16,10,1000,0.041,0.9976,0.0066,0.0007
16,FakeAlgiers,17,1,100,0.15,0.9728,1.0,1.0
16,FakeAlgiers,17,2,200,0.12,0.9801,0.03,0.0072
16,FakeAlgiers,17,3,300,0.0967,0.9851,0.0233,0.0051
16,FakeAlgiers,17,4,400,0.11,0.9836,0.0133,0.0016
16,FakeAlgiers,17,5,500,0.112,0.9854,0.002,0.0018
16,FakeAlgiers,17,6,600,0.1017,0.9881,0.0103,0.0028
16,FakeAlgiers,17,7,700,0.0929,0.9904,0.0088,0.0022
16,FakeAlgiers,17,8,800,0.095,0.9902,0.0021,0.0001
16,FakeAlgiers,17,9,900,0.0878,0.9915,0.0072,0.0012
16,FakeAlgiers,17,10,1000,0.078,0.9928,0.0098,0.0014
16,FakeAlgiers,18,1,100,0.1,0.9853,1.0,1.0
16,FakeAlgiers,18,2,200,0.055,0.9963,0.045,0.011
16,FakeAlgiers,18,3,300,0.0567,0.9958,0.0017,0.0006
16,FakeAlgiers,18,4,400,0.06,0.9957,0.0033,0.0001
16,FakeAlgiers,18,5,500,0.052,0.9961,0.008,0.0004
16,FakeAlgiers,18,6,600,0.0583,0.9952,0.0063,0.0009
16,FakeAlgiers,18,7,700,0.05,0.9965,0.0083,0.0013
16,FakeAlgiers,18,8,800,0.0475,0.9967,0.0025,0.0002
16,FakeAlgiers,18,9,900,0.0467,0.9968,0.0008,0.0
16,FakeAlgiers,18,10,1000,0.048,0.9966,0.0013,0.0002
16,FakeAlgiers,19,1,100,0.09,0.987,1.0,1.0
16,FakeAlgiers,19,2,200,0.075,0.9942,0.015,0.0072
16,FakeAlgiers,19,3,300,0.06,0.9959,0.015,0.0018
16,FakeAlgiers,19,4,400,0.055,0.9955,0.005,0.0004
16,FakeAlgiers,19,5,500,0.064,0.9951,0.009,0.0005
16,FakeAlgiers,19,6,600,0.0683,0.9945,0.0043,0.0005
16,FakeAlgiers,19,7,700,0.08,0.9933,0.0117,0.0012
16,FakeAlgiers,19,8,800,0.0738,0.994,0.0063,0.0007
16,FakeAlgiers,19,9,900,0.0678,0.9944,0.006,0.0004
16,FakeAlgiers,19,10,1000,0.07,0.9942,0.0022,0.0001
17,FakeAlgiers,0,1,102,0.0784,0.9832,1.0,1.0
17,FakeAlgiers,0,2,204,0.0735,0.967,0.0049,0.0162
17,FakeAlgiers,0,3,306,0.0621,0.962,0.0114,0.005
17,FakeAlgiers,0,4,408,0.0515,0.9669,0.0106,0.005
17,FakeAlgiers,0,5,510,0.049,0.9675,0.0025,0.0006
17,FakeAlgiers,0,6,612,0.0359,0.9731,0.0131,0.0056
17,FakeAlgiers,0,7,714,0.0406,0.9725,0.0047,0.0006
17,FakeAlgiers,0,8,816,0.049,0.9718,0.0084,0.0008
17,FakeAlgiers,0,9,918,0.0458,0.9716,0.0033,0.0001
17,FakeAlgiers,0,10,1024,0.0401,0.9719,0.0057,0.0003
17,FakeAlgiers,1,1,102,0.1078,0.9822,1.0,1.0
17,FakeAlgiers,1,2,204,0.1225,0.9686,0.0147,0.0136
17,FakeAlgiers,1,3,306,0.1405,0.9527,0.018,0.0159
17,FakeAlgiers,1,4,408,0.1176,0.9596,0.0229,0.0069
17,FakeAlgiers,1,5,510,0.1451,0.9495,0.0275,0.0101
17,FakeAlgiers,1,6,612,0.1389,0.9531,0.0062,0.0036
17,FakeAlgiers,1,7,714,0.1345,0.9529,0.0044,0.0002
17,FakeAlgiers,1,8,816,0.1311,0.9558,0.0033,0.0029
17,FakeAlgiers,1,9,918,0.1296,0.9573,0.0015,0.0015
17,FakeAlgiers,1,10,1024,0.1284,0.9567,0.0013,0.0006
17,FakeAlgiers,2,1,102,0.2451,0.9271,1.0,1.0
17,FakeAlgiers,2,2,204,0.2255,0.9218,0.0196,0.0053
17,FakeAlgiers,2,3,306,0.2222,0.9291,0.0033,0.0073
17,FakeAlgiers,2,4,408,0.2328,0.9218,0.0106,0.0073
17,FakeAlgiers,2,5,510,0.198,0.9346,0.0348,0.0128
17,FakeAlgiers,2,6,612,0.1928,0.9351,0.0052,0.0005
17,FakeAlgiers,2,7,714,0.2017,0.9318,0.0089,0.0033
17,FakeAlgiers,2,8,816,0.2047,0.9309,0.003,0.0009
17,FakeAlgiers,2,9,918,0.1917,0.9356,0.0129,0.0047
17,FakeAlgiers,2,10,1024,0.1891,0.9377,0.0026,0.0021
17,FakeAlgiers,3,1,102,0.1078,0.9672,1.0,1.0
17,FakeAlgiers,3,2,204,0.0833,0.9784,0.0245,0.0112
17,FakeAlgiers,3,3,306,0.0719,0.9852,0.0114,0.0069
17,FakeAlgiers,3,4,408,0.0515,0.988,0.0204,0.0027
17,FakeAlgiers,3,5,510,0.0392,0.9905,0.0123,0.0026
17,FakeAlgiers,3,6,612,0.0507,0.9909,0.0114,0.0004
17,FakeAlgiers,3,7,714,0.0462,0.9909,0.0044,0.0
17,FakeAlgiers,3,8,816,0.0515,0.9866,0.0053,0.0043
17,FakeAlgiers,3,9,918,0.0501,0.9807,0.0014,0.0059
17,FakeAlgiers,3,10,1024,0.0538,0.9784,0.0037,0.0023
17,FakeAlgiers,4,1,102,0.0686,0.9664,1.0,1.0
17,FakeAlgiers,4,2,204,0.0833,0.9696,0.0147,0.0031
17,FakeAlgiers,4,3,306,0.0556,0.9681,0.0278,0.0015
17,FakeAlgiers,4,4,408,0.0515,0.9736,0.0041,0.0055
17,FakeAlgiers,4,5,510,0.0765,0.9674,0.025,0.0062
17,FakeAlgiers,4,6,612,0.0588,0.971,0.0176,0.0036
17,FakeAlgiers,4,7,714,0.063,0.9729,0.0042,0.0019
17,FakeAlgiers,4,8,816,0.065,0.972,0.0019,0.0009
17,FakeAlgiers,4,9,918,0.0556,0.9722,0.0094,0.0002
17,FakeAlgiers,4,10,1024,0.0519,0.9721,0.0036,0.0001
17,FakeAlgiers,5,1,102,0.0588,0.9674,1.0,1.0
17,FakeAlgiers,5,2,204,0.0637,0.9681,0.0049,0.0008
17,FakeAlgiers,5,3,306,0.0458,0.9755,0.018,0.0074
17,FakeAlgiers,5,4,408,0.0539,0.969,0.0082,0.0065
17,FakeAlgiers,5,5,510,0.0412,0.9735,0.0127,0.0045
17,FakeAlgiers,5,6,612,0.0441,0.9723,0.0029,0.0012
17,FakeAlgiers,5,7,714,0.0364,0.9739,0.0077,0.0016
17,FakeAlgiers,5,8,816,0.0429,0.9754,0.0065,0.0015
17,FakeAlgiers,5,9,918,0.0458,0.9758,0.0029,0.0004
17,FakeAlgiers,5,10,1024,0.0519,0.9758,0.0062,0.0001
17,FakeAlgiers,6,1,102,0.1667,0.9193,1.0,1.0
17,FakeAlgiers,6,2,204,0.1618,0.9148,0.0049,0.0044
17,FakeAlgiers,6,3,306,0.1503,0.9307,0.0114,0.0158
17,FakeAlgiers,6,4,408,0.1495,0.9407,0.0008,0.0101
17,FakeAlgiers,6,5,510,0.1412,0.942,0.0083,0.0013
17,FakeAlgiers,6,6,612,0.134,0.9447,0.0072,0.0027
17,FakeAlgiers,6,7,714,0.1303,0.9489,0.0037,0.0041
17,FakeAlgiers,6,8,816,0.1275,0.9479,0.0028,0.0009
17,FakeAlgiers,6,9,918,0.1307,0.949,0.0033,0.0011
17,FakeAlgiers,6,10,1024,0.1372,0.9493,0.0065,0.0003
17,FakeAlgiers,7,1,102,0.0588,0.9686,1.0,1.0
17,FakeAlgiers,7,2,204,0.0539,0.9594,0.0049,0.0091
17,FakeAlgiers,7,3,306,0.0882,0.9644,0.0343,0.005
17,FakeAlgiers,7,4,408,0.0809,0.9717,0.0074,0.0074
17,FakeAlgiers,7,5,510,0.0843,0.972,0.0034,0.0003
17,FakeAlgiers,7,6,612,0.098,0.9569,0.0137,0.0151
17,FakeAlgiers,7,7,714,0.0854,0.9623,0.0126,0.0054
17,FakeAlgiers,7,8,816,0.0772,0.9649,0.0082,0.0026
17,FakeAlgiers,7,9,918,0.0708,0.9678,0.0064,0.0029
17,FakeAlgiers,7,10,1024,0.0763,0.9668,0.0055,0.001
17,FakeAlgiers,8,1,102,0.0784,0.9655,1.0,1.0
17,FakeAlgiers,8,2,204,0.0539,0.9783,0.0245,0.0128
17,FakeAlgiers,8,3,306,0.0425,0.9786,0.0114,0.0003
17,FakeAlgiers,8,4,408,0.0515,0.9705,0.009,0.0081
17,FakeAlgiers,8,5,510,0.0627,0.9701,0.0113,0.0004
17,FakeAlgiers,8,6,612,0.067,0.964,0.0042,0.0061
17,FakeAlgiers,8,7,714,0.056,0.9694,0.011,0.0054
17,FakeAlgiers,8,8,816,0.0576,0.9709,0.0016,0.0016
17,FakeAlgiers,8,9,918,0.049,0.9741,0.0086,0.0032
17,FakeAlgiers,8,10,1024,0.0421,0.9748,0.007,0.0007
17,FakeAlgiers,9,1,102,0.1569,0.9533,1.0,1.0
17,FakeAlgiers,9,2,204,0.1422,0.9544,0.0147,0.0011
17,FakeAlgiers,9,3,306,0.134,0.9533,0.0082,0.0011
17,FakeAlgiers,9,4,408,0.1054,0.9626,0.0286,0.0093
17,FakeAlgiers,9,5,510,0.0961,0.9643,0.0093,0.0018
17,FakeAlgiers,9,6,612,0.0964,0.9553,0.0003,0.009
17,FakeAlgiers,9,7,714,0.091,0.9567,0.0054,0.0014
17,FakeAlgiers,9,8,816,0.0858,0.9583,0.0053,0.0016
17,FakeAlgiers,9,9,918,0.0817,0.9629,0.0041,0.0046
17,FakeAlgiers,9,10,1024,0.0783,0.9622,0.0034,0.0008
17,FakeAlgiers,10,1,102,0.098,0.9639,1.0,1.0
17,FakeAlgiers,10,2,204,0.0686,0.976,0.0294,0.0121
17,FakeAlgiers,10,3,306,0.0817,0.9679,0.0131,0.0081
17,FakeAlgiers,10,4,408,0.0784,0.9697,0.0033,0.0018
17,FakeAlgiers,10,5,510,0.0882,0.9655,0.0098,0.0043
17,FakeAlgiers,10,6,612,0.0882,0.9634,0.0,0.0021
17,FakeAlgiers,10,7,714,0.0966,0.9615,0.0084,0.0019
17,FakeAlgiers,10,8,816,0.0993,0.9571,0.0026,0.0043
17,FakeAlgiers,10,9,918,0.1089,0.9548,0.0097,0.0023
17,FakeAlgiers,10,10,1024,0.1078,0.9546,0.0012,0.0002
17,FakeAlgiers,11,1,102,0.0882,0.9816,1.0,1.0
17,FakeAlgiers,11,2,204,0.098,0.9808,0.0098,0.0008
17,FakeAlgiers,11,3,306,0.1013,0.977,0.0033,0.0038
17,FakeAlgiers,11,4,408,0.1005,0.9801,0.0008,0.003
17,FakeAlgiers,11,5,510,0.0863,0.9762,0.0142,0.0038
17,FakeAlgiers,11,6,612,0.0817,0.9736,0.0046,0.0027
17,FakeAlgiers,11,7,714,0.0938,0.972,0.0121,0.0015
17,FakeAlgiers,11,8,816,0.076,0.9748,0.0179,0.0027
17,FakeAlgiers,11,9,918,0.0784,0.9734,0.0025,0.0014
17,FakeAlgiers,11,10,1024,0.0862,0.9727,0.0077,0.0007
17,FakeAlgiers,12,1,102,0.1275,0.9742,1.0,1.0
17,FakeAlgiers,12,2,204,0.0833,0.9827,0.0441,0.0086
17,FakeAlgiers,12,3,306,0.085,0.9781,0.0016,0.0046
17,FakeAlgiers,12,4,408,0.0662,0.985,0.0188,0.0069
17,FakeAlgiers,12,5,510,0.0824,0.981,0.0162,0.004
17,FakeAlgiers,12,6,612,0.085,0.9755,0.0026,0.0055
17,FakeAlgiers,12,7,714,0.0868,0.9763,0.0019,0.0008
17,FakeAlgiers,12,8,816,0.0797,0.9778,0.0072,0.0015
17,FakeAlgiers,12,9,918,0.0773,0.9781,0.0023,0.0003
17,FakeAlgiers,12,10,1024,0.0745,0.978,0.0028,0.0001
17,FakeAlgiers,13,1,102,0.0784,0.9632,1.0,1.0
17,FakeAlgiers,13,2,204,0.0392,0.9688,0.0392,0.0056
17,FakeAlgiers,13,3,306,0.0327,0.9729,0.0065,0.0041
17,FakeAlgiers,13,4,408,0.0368,0.9701,0.0041,0.0028
17,FakeAlgiers,13,5,510,0.0608,0.9704,0.024,0.0003
17,FakeAlgiers,13,6,612,0.0507,0.9725,0.0101,0.0021
17,FakeAlgiers,13,7,714,0.0476,0.975,0.003,0.0025
17,FakeAlgiers,13,8,816,0.0417,0.9758,0.006,0.0008
17,FakeAlgiers,13,9,918,0.0425,0.977,0.0008,0.0012
17,FakeAlgiers,13,10,1024,0.045,0.9763,0.0025,0.0007
17,FakeAlgiers,14,1,102,0.1373,0.9292,1.0,1.0
17,FakeAlgiers,14,2,204,0.152,0.9419,0.0147,0.0127
17,FakeAlgiers,14,3,306,0.1569,0.9415,0.0049,0.0004
17,FakeAlgiers,14,4,408,0.1642,0.9414,0.0074,0.0001
17,FakeAlgiers,14,5,510,0.1431,0.9507,0.0211,0.0093
17,FakeAlgiers,14,6,612,0.1307,0.9539,0.0124,0.0032
17,FakeAlgiers,14,7,714,0.1275,0.951,0.0033,0.0029
17,FakeAlgiers,14,8,816,0.1176,0.9571,0.0098,0.006
17,FakeAlgiers,14,9,918,0.1198,0.9565,0.0022,0.0006
17,FakeAlgiers,14,10,1024,0.1214,0.9555,0.0016,0.001
17,FakeAlgiers,15,1,102,0.0882,0.963,1.0,1.0
17,FakeAlgiers,15,2,204,0.0686,0.9804,0.0196,0.0174
17,FakeAlgiers,15,3,306,0.0556,0.9811,0.0131,0.0007
17,FakeAlgiers,15,4,408,0.0392,0.9816,0.0163,0.0004
17,FakeAlgiers,15,5,510,0.0333,0.9815,0.0059,0.0001
17,FakeAlgiers,15,6,612,0.0408,0.9791,0.0075,0.0024
17,FakeAlgiers,15,7,714,0.0462,0.9763,0.0054,0.0028
17,FakeAlgiers,15,8,816,0.049,0.9718,0.0028,0.0045
17,FakeAlgiers,15,9,918,0.0556,0.9719,0.0065,0.0001
17,FakeAlgiers,15,10,1024,0.0489,0.9734,0.0067,0.0014
17,FakeAlgiers,16,1,102,0.049,0.9693,1.0,1.0
17,FakeAlgiers,16,2,204,0.0539,0.9725,0.0049,0.0032
17,FakeAlgiers,16,3,306,0.0915,0.9661,0.0376,0.0064
17,FakeAlgiers,16,4,408,0.0662,0.968,0.0253,0.0019
17,FakeAlgiers,16,5,510,0.0667,0.9717,0.0005,0.0037
17,FakeAlgiers,16,6,612,0.0637,0.9741,0.0029,0.0024
17,FakeAlgiers,16,7,714,0.0714,0.9686,0.0077,0.0055
17,FakeAlgiers,16,8,816,0.065,0.9705,0.0065,0.0018
17,FakeAlgiers,16,9,918,0.0708,0.9721,0.0059,0.0016
17,FakeAlgiers,16,10,1024,0.0774,0.972,0.0066,0.0
17,FakeAlgiers,17,1,102,0.1078,0.9567,1.0,1.0
17,FakeAlgiers,17,2,204,0.1029,0.9655,0.0049,0.0087
17,FakeAlgiers,17,3,306,0.0882,0.9736,0.0147,0.0082
17,FakeAlgiers,17,4,408,0.0907,0.9719,0.0025,0.0018
17,FakeAlgiers,17,5,510,0.1039,0.9718,0.0132,0.0001
17,FakeAlgiers,17,6,612,0.0882,0.9733,0.0157,0.0015
17,FakeAlgiers,17,7,714,0.0854,0.976,0.0028,0.0028
17,FakeAlgiers,17,8,816,0.087,0.9757,0.0016,0.0003
17,FakeAlgiers,17,9,918,0.0795,0.9787,0.0075,0.003
17,FakeAlgiers,17,10,1024,0.0735,0.9771,0.006,0.0016
17,FakeAlgiers,18,1,102,0.1667,0.9422,1.0,1.0
17,FakeAlgiers,18,2,204,0.152,0.9579,0.0147,0.0157
17,FakeAlgiers,18,3,306,0.1503,0.9579,0.0016,0.0
17,FakeAlgiers,18,4,408,0.1201,0.966,0.0302,0.0081
17,FakeAlgiers,18,5,510,0.1294,0.9659,0.0093,0.0001
17,FakeAlgiers,18,6,612,0.1258,0.9655,0.0036,0.0004
17,FakeAlgiers,18,7,714,0.119,0.9673,0.0068,0.0018
17,FakeAlgiers,18,8,816,0.1127,0.9688,0.0063,0.0015
17,FakeAlgiers,18,9,918,0.1122,0.968,0.0005,0.0007
17,FakeAlgiers,18,10,1024,0.1127,0.9673,0.0005,0.0007
17,FakeAlgiers,19,1,102,0.1471,0.9665,1.0,1.0
17,FakeAlgiers,19,2,204,0.1078,0.9613,0.0392,0.0052
17,FakeAlgiers,19,3,306,0.0784,0.9656,0.0294,0.0043
17,FakeAlgiers,19,4,408,0.0662,0.9703,0.0123,0.0047
17,FakeAlgiers,19,5,510,0.0706,0.9728,0.0044,0.0025
17,FakeAlgiers,19,6,612,0.0735,0.9745,0.0029,0.0018
17,FakeAlgiers,19,7,714,0.0812,0.9757,0.0077,0.0012
17,FakeAlgiers,19,8,816,0.0809,0.9726,0.0004,0.0031
17,FakeAlgiers,19,9,918,0.0763,0.9727,0.0046,0.0001
17,FakeAlgiers,19,10,1024,0.0783,0.9719,0.002,0.0009
18,FakeAlgiers,0,1,102,0.098,0.9546,1.0,1.0
18,FakeAlgiers,0,2,204,0.1078,0.9394,0.0098,0.0151
18,FakeAlgiers,0,3,306,0.0948,0.946,0.0131,0.0066
18,FakeAlgiers,0,4,408,0.0588,0.9616,0.0359,0.0156
18,FakeAlgiers,0,5,510,0.049,0.9638,0.0098,0.0021
18,FakeAlgiers,0,6,612,0.0556,0.9689,0.0065,0.0052
18,FakeAlgiers,0,7,714,0.0504,0.9693,0.0051,0.0004
18,FakeAlgiers,0,8,816,0.0417,0.9687,0.0088,0.0006
18,FakeAlgiers,0,9,918,0.0414,0.9699,0.0003,0.0012
18,FakeAlgiers,0,10,1024,0.0362,0.9703,0.0051,0.0004
18,FakeAlgiers,1,1,102,0.0196,0.9804,1.0,1.0
18,FakeAlgiers,1,2,204,0.0392,0.9606,0.0196,0.0198
18,FakeAlgiers,1,3,306,0.0523,0.9597,0.0131,0.0009
18,FakeAlgiers,1,4,408,0.0441,0.9578,0.0082,0.0019
18,FakeAlgiers,1,5,510,0.049,0.9637,0.0049,0.0059
18,FakeAlgiers,1,6,612,0.049,0.9662,0.0,0.0025
18,FakeAlgiers,1,7,714,0.0462,0.9682,0.0028,0.002
18,FakeAlgiers,1,8,816,0.0417,0.9698,0.0046,0.0016
18,FakeAlgiers,1,9,918,0.0261,0.9737,0.0155,0.0038
18,FakeAlgiers,1,10,1024,0.0264,0.9735,0.0002,0.0002
18,FakeAlgiers,2,1,102,0.0784,0.9848,1.0,1.0
18,FakeAlgiers,2,2,204,0.1275,0.9533,0.049,0.0315
18,FakeAlgiers,2,3,306,0.0948,0.9611,0.0327,0.0078
18,FakeAlgiers,2,4,408,0.0882,0.9651,0.0065,0.004
18,FakeAlgiers,2,5,510,0.0824,0.9678,0.0059,0.0027
18,FakeAlgiers,2,6,612,0.0703,0.966,0.0121,0.0019
18,FakeAlgiers,2,7,714,0.0658,0.968,0.0044,0.002
18,FakeAlgiers,2,8,816,0.0588,0.9698,0.007,0.0018
18,FakeAlgiers,2,9,918,0.0566,0.9678,0.0022,0.002
18,FakeAlgiers,2,10,1024,0.0616,0.9685,0.005,0.0007
18,FakeAlgiers,3,1,102,0.0392,0.9795,1.0,1.0
18,FakeAlgiers,3,2,204,0.0588,0.978,0.0196,0.0016
18,FakeAlgiers,3,3,306,0.0425,0.9825,0.0163,0.0045
18,FakeAlgiers,3,4,408,0.0196,0.9851,0.0229,0.0027
18,FakeAlgiers,3,5,510,0.0314,0.9838,0.0118,0.0014
18,FakeAlgiers,3,6,612,0.0278,0.9849,0.0036,0.0011
18,FakeAlgiers,3,7,714,0.0364,0.981,0.0086,0.0038
18,FakeAlgiers,3,8,816,0.0355,0.9797,0.0009,0.0013
18,FakeAlgiers,3,9,918,0.0229,0.9781,0.0127,0.0017
18,FakeAlgiers,3,10,1024,0.0235,0.9784,0.0006,0.0003
18,FakeAlgiers,4,1,102,0.0882,0.9743,1.0,1.0
18,FakeAlgiers,4,2,204,0.0784,0.9758,0.0098,0.0014
18,FakeAlgiers,4,3,306,0.0686,0.9585,0.0098,0.0172
18,FakeAlgiers,4,4,408,0.0735,0.9603,0.0049,0.0018
18,FakeAlgiers,4,5,510,0.0471,0.9639,0.0265,0.0036
18,FakeAlgiers,4,6,612,0.0654,0.9635,0.0183,0.0004
18,FakeAlgiers,4,7,714,0.0658,0.9668,0.0005,0.0033
18,FakeAlgiers,4,8,816,0.0588,0.9699,0.007,0.0032
18,FakeAlgiers,4,9,918,0.0675,0.971,0.0087,0.0011
18,FakeAlgiers,4,10,1024,0.0706,0.9723,0.003,0.0013
18,FakeAlgiers,5,1,102,0.0392,0.97,1.0,1.0
18,FakeAlgiers,5,2,204,0.0343,0.9654,0.0049,0.0046
18,FakeAlgiers,5,3,306,0.0556,0.9721,0.0212,0.0067
18,FakeAlgiers,5,4,408,0.0392,0.9653,0.0163,0.0069
18,FakeAlgiers,5,5,510,0.0392,0.97,0.0,0.0048
18,FakeAlgiers,5,6,612,0.0441,0.9634,0.0049,0.0066
18,FakeAlgiers,5,7,714,0.0364,0.9661,0.0077,0.0026
18,FakeAlgiers,5,8,816,0.0466,0.9649,0.0102,0.0012
18,FakeAlgiers,5,9,918,0.0577,0.9657,0.0112,0.0008
18,FakeAlgiers,5,10,1024,0.0666,0.9662,0.0089,0.0005
18,FakeAlgiers,6,1,102,0.0784,0.9666,1.0,1.0
18,FakeAlgiers,6,2,204,0.1029,0.9539,0.0245,0.0127
18,FakeAlgiers,6,3,306,0.0915,0.9618,0.0114,0.0078
18,FakeAlgiers,6,4,408,0.0784,0.9689,0.0131,0.0071
18,FakeAlgiers,6,5,510,0.0843,0.9676,0.0059,0.0013
18,FakeAlgiers,6,6,612,0.0866,0.967,0.0023,0.0006
18,FakeAlgiers,6,7,714,0.0896,0.9638,0.003,0.0032
18,FakeAlgiers,6,8,816,0.0944,0.9632,0.0047,0.0006
18,FakeAlgiers,6,9,918,0.0882,0.9663,0.0061,0.0031
18,FakeAlgiers,6,10,1024,0.0803,0.9692,0.0079,0.0029
18,FakeAlgiers,7,1,102,0.0392,0.9604,1.0,1.0
18,FakeAlgiers,7,2,204,0.0343,0.9798,0.0049,0.0194
18,FakeAlgiers,7,3,306,0.0294,0.98,0.0049,0.0002
18,FakeAlgiers,7,4,408,0.0172,0.9828,0.0123,0.0029
18,FakeAlgiers,7,5,510,0.0216,0.9784,0.0044,0.0044
18,FakeAlgiers,7,6,612,0.0261,0.9737,0.0046,0.0047
18,FakeAlgiers,7,7,714,0.0266,0.9733,0.0005,0.0004
18,FakeAlgiers,7,8,816,0.0257,0.9743,0.0009,0.0009
18,FakeAlgiers,7,9,918,0.0261,0.9738,0.0004,0.0005
18,FakeAlgiers,7,10,1024,0.0273,0.9726,0.0012,0.0012
18,FakeAlgiers,8,1,102,0.1078,0.9707,1.0,1.0
18,FakeAlgiers,8,2,204,0.0784,0.9802,0.0294,0.0095
18,FakeAlgiers,8,3,306,0.0588,0.9749,0.0196,0.0053
18,FakeAlgiers,8,4,408,0.0343,0.975,0.0245,0.0001
18,FakeAlgiers,8,5,510,0.0294,0.9705,0.0049,0.0045
18,FakeAlgiers,8,6,612,0.0294,0.9705,0.0,0.0
18,FakeAlgiers,8,7,714,0.0308,0.9717,0.0014,0.0012
18,FakeAlgiers,8,8,816,0.027,0.9753,0.0039,0.0036
18,FakeAlgiers,8,9,918,0.0349,0.9755,0.0079,0.0002
18,FakeAlgiers,8,10,1024,0.0421,0.9766,0.0073,0.0011
18,FakeAlgiers,9,1,102,0.0392,0.9795,1.0,1.0
18,FakeAlgiers,9,2,204,0.0343,0.9845,0.0049,0.005
18,FakeAlgiers,9,3,306,0.0261,0.9737,0.0082,0.0109
18,FakeAlgiers,9,4,408,0.0441,0.9559,0.018,0.0178
18,FakeAlgiers,9,5,510,0.0431,0.9568,0.001,0.001
18,FakeAlgiers,9,6,612,0.0425,0.9575,0.0007,0.0006
18,FakeAlgiers,9,7,714,0.0392,0.9605,0.0033,0.003
18,FakeAlgiers,9,8,816,0.0343,0.9654,0.0049,0.0049
18,FakeAlgiers,9,9,918,0.0316,0.9692,0.0027,0.0038
18,FakeAlgiers,9,10,1024,0.0362,0.9693,0.0046,0.0
18,FakeAlgiers,10,1,102,0.0196,0.9803,1.0,1.0
18,FakeAlgiers,10,2,204,0.0735,0.9625,0.0539,0.0178
18,FakeAlgiers,10,3,306,0.0621,0.9746,0.0114,0.012
18,FakeAlgiers,10,4,408,0.0588,0.978,0.0033,0.0034
18,FakeAlgiers,10,5,510,0.0569,0.9763,0.002,0.0017
18,FakeAlgiers,10,6,612,0.0588,0.9734,0.002,0.003
18,FakeAlgiers,10,7,714,0.0588,0.97,0.0,0.0033
18,FakeAlgiers,10,8,816,0.0662,0.9703,0.0074,0.0003
18,FakeAlgiers,10,9,918,0.0686,0.9677,0.0025,0.0026
18,FakeAlgiers,10,10,1024,0.0675,0.9689,0.0011,0.0011
18,FakeAlgiers,11,1,102,0.0686,0.977,1.0,1.0
18,FakeAlgiers,11,2,204,0.0833,0.9705,0.0147,0.0065
18,FakeAlgiers,11,3,306,0.085,0.9626,0.0016,0.0078
18,FakeAlgiers,11,4,408,0.0858,0.9656,0.0008,0.0029
18,FakeAlgiers,11,5,510,0.0686,0.9659,0.0172,0.0003
18,FakeAlgiers,11,6,612,0.0605,0.9685,0.0082,0.0027
18,FakeAlgiers,11,7,714,0.0742,0.9631,0.0138,0.0054
18,FakeAlgiers,11,8,816,0.0564,0.9642,0.0179,0.0011
18,FakeAlgiers,11,9,918,0.0577,0.9667,0.0014,0.0025
18,FakeAlgiers,11,10,1024,0.0646,0.9645,0.0069,0.0022
18,FakeAlgiers,12,1,102,0.1078,0.962,1.0,1.0
18,FakeAlgiers,12,2,204,0.1029,0.9673,0.0049,0.0053
18,FakeAlgiers,12,3,306,0.098,0.9727,0.0049,0.0053
18,FakeAlgiers,12,4,408,0.098,0.9727,0.0,0.0
18,FakeAlgiers,12,5,510,0.0882,0.9689,0.0098,0.0038
18,FakeAlgiers,12,6,612,0.0964,0.9655,0.0082,0.0034
18,FakeAlgiers,12,7,714,0.1036,0.9653,0.0072,0.0002
18,FakeAlgiers,12,8,816,0.0993,0.968,0.0044,0.0027
18,FakeAlgiers,12,9,918,0.0871,0.9705,0.0121,0.0025
18,FakeAlgiers,12,10,1024,0.0959,0.9686,0.0088,0.0018
18,FakeAlgiers,13,1,102,0.1176,0.9861,1.0,1.0
18,FakeAlgiers,13,2,204,0.1078,0.9617,0.0098,0.0243
18,FakeAlgiers,13,3,306,0.0948,0.9611,0.0131,0.0007
18,FakeAlgiers,13,4,408,0.0833,0.9635,0.0114,0.0025
18,FakeAlgiers,13,5,510,0.102,0.961,0.0186,0.0025
18,FakeAlgiers,13,6,612,0.0964,0.9653,0.0056,0.0043
18,FakeAlgiers,13,7,714,0.0924,0.967,0.004,0.0017
18,FakeAlgiers,13,8,816,0.0833,0.9704,0.0091,0.0033
18,FakeAlgiers,13,9,918,0.0763,0.9719,0.0071,0.0015
18,FakeAlgiers,13,10,1024,0.0802,0.97,0.0039,0.0019
18,FakeAlgiers,14,1,102,0.0294,0.9704,1.0,1.0
18,FakeAlgiers,14,2,204,0.0441,0.9559,0.0147,0.0145
18,FakeAlgiers,14,3,306,0.0392,0.9608,0.0049,0.0049
18,FakeAlgiers,14,4,408,0.0343,0.9656,0.0049,0.0048
18,FakeAlgiers,14,5,510,0.0275,0.9725,0.0069,0.0069
18,FakeAlgiers,14,6,612,0.0376,0.9701,0.0101,0.0024
18,FakeAlgiers,14,7,714,0.0434,0.9698,0.0058,0.0003
18,FakeAlgiers,14,8,816,0.049,0.973,0.0056,0.0032
18,FakeAlgiers,14,9,918,0.0447,0.974,0.0044,0.001
18,FakeAlgiers,14,10,1024,0.0422,0.9728,0.0025,0.0011
18,FakeAlgiers,15,1,102,0.0882,0.9742,1.0,1.0
18,FakeAlgiers,15,2,204,0.0637,0.9821,0.0245,0.0079
18,FakeAlgiers,15,3,306,0.0588,0.9749,0.0049,0.0072
18,FakeAlgiers,15,4,408,0.0564,0.9782,0.0025,0.0033
18,FakeAlgiers,15,5,510,0.0431,0.9831,0.0132,0.0049
18,FakeAlgiers,15,6,612,0.0507,0.9772,0.0075,0.0059
18,FakeAlgiers,15,7,714,0.0546,0.9757,0.004,0.0015
18,FakeAlgiers,15,8,816,0.0588,0.9733,0.0042,0.0024
18,FakeAlgiers,15,9,918,0.0632,0.9724,0.0044,0.0009
18,FakeAlgiers,15,10,1024,0.0479,0.9753,0.0153,0.0029
18,FakeAlgiers,16,1,102,0.0784,0.9848,1.0,1.0
18,FakeAlgiers,16,2,204,0.0588,0.978,0.0196,0.0068
18,FakeAlgiers,16,3,306,0.0229,0.9771,0.0359,0.0009
18,FakeAlgiers,16,4,408,0.0368,0.9797,0.0139,0.0026
18,FakeAlgiers,16,5,510,0.0412,0.9813,0.0044,0.0016
18,FakeAlgiers,16,6,612,0.0474,0.9821,0.0062,0.0008
18,FakeAlgiers,16,7,714,0.0364,0.9811,0.011,0.0011
18,FakeAlgiers,16,8,816,0.0368,0.9809,0.0004,0.0002
18,FakeAlgiers,16,9,918,0.0316,0.9799,0.0052,0.0009
18,FakeAlgiers,16,10,1024,0.0255,0.9812,0.0061,0.0013
18,FakeAlgiers,17,1,102,0.0686,0.9584,1.0,1.0
18,FakeAlgiers,17,2,204,0.0245,0.9754,0.0441,0.0171
18,FakeAlgiers,17,3,306,0.0229,0.9771,0.0016,0.0017
18,FakeAlgiers,17,4,408,0.0245,0.9755,0.0016,0.0016
18,FakeAlgiers,17,5,510,0.0333,0.976,0.0088,0.0005
18,FakeAlgiers,17,6,612,0.0327,0.9719,0.0007,0.0041
18,FakeAlgiers,17,7,714,0.0462,0.9682,0.0135,0.0036
18,FakeAlgiers,17,8,816,0.0515,0.9645,0.0053,0.0037
18,FakeAlgiers,17,9,918,0.0468,0.9664,0.0046,0.0019
18,FakeAlgiers,17,10,1024,0.046,0.965,0.0009,0.0014
18,FakeAlgiers,18,1,102,0.1373,0.9554,1.0,1.0
18,FakeAlgiers,18,2,204,0.1029,0.9628,0.0343,0.0074
18,FakeAlgiers,18,3,306,0.0621,0.9684,0.0408,0.0056
18,FakeAlgiers,18,4,408,0.0637,0.9659,0.0016,0.0025
18,FakeAlgiers,18,5,510,0.0627,0.9646,0.001,0.0013
18,FakeAlgiers,18,6,612,0.0441,0.965,0.0186,0.0004
18,FakeAlgiers,18,7,714,0.049,0.9654,0.0049,0.0004
18,FakeAlgiers,18,8,816,0.0478,0.9672,0.0012,0.0018
18,FakeAlgiers,18,9,918,0.0501,0.9652,0.0023,0.002
18,FakeAlgiers,18,10,1024,0.0461,0.9679,0.0041,0.0027
18,FakeAlgiers,19,1,102,0.1176,0.9686,1.0,1.0
18,FakeAlgiers,19,2,204,0.0784,0.9756,0.0392,0.0071
18,FakeAlgiers,19,3,306,0.0425,0.9856,0.0359,0.01
18,FakeAlgiers,19,4,408,0.0343,0.9893,0.0082,0.0037
18,FakeAlgiers,19,5,510,0.0431,0.985,0.0088,0.0044
18,FakeAlgiers,19,6,612,0.049,0.9836,0.0059,0.0014
18,FakeAlgiers,19,7,714,0.0574,0.9848,0.0084,0.0012
18,FakeAlgiers,19,8,816,0.0564,0.9806,0.0011,0.0042
18,FakeAlgiers,19,9,918,0.0512,0.9797,0.0052,0.0008
18,FakeAlgiers,19,10,1024,0.0518,0.9787,0.0006,0.001
19,FakeAlgiers,0,1,102,0.0784,0.9214,1.0,1.0
19,FakeAlgiers,0,2,204,0.0784,0.9214,0.0,0.0
19,FakeAlgiers,0,3,306,0.0784,0.9214,0.0,0.0
19,FakeAlgiers,0,4,408,0.0735,0.926,0.0049,0.0046
19,FakeAlgiers,0,5,510,0.0725,0.9267,0.001,0.0008
19,FakeAlgiers,0,6,612,0.0637,0.9359,0.0088,0.0091
19,FakeAlgiers,0,7,714,0.0672,0.9321,0.0035,0.0038
19,FakeAlgiers,0,8,816,0.0711,0.9337,0.0039,0.0016
19,FakeAlgiers,0,9,918,0.0752,0.9308,0.0041,0.0028
19,FakeAlgiers,0,10,1024,0.0793,0.9325,0.0041,0.0016
19,FakeAlgiers,1,1,102,0.0588,0.9592,1.0,1.0
19,FakeAlgiers,1,2,204,0.0735,0.9264,0.0147,0.0328
19,FakeAlgiers,1,3,306,0.0752,0.9248,0.0016,0.0017
19,FakeAlgiers,1,4,408,0.0735,0.9264,0.0016,0.0016
19,FakeAlgiers,1,5,510,0.0745,0.9252,0.001,0.0012
19,FakeAlgiers,1,6,612,0.0719,0.9278,0.0026,0.0026
19,FakeAlgiers,1,7,714,0.0714,0.9283,0.0005,0.0005
19,FakeAlgiers,1,8,816,0.0711,0.9287,0.0004,0.0004
19,FakeAlgiers,1,9,918,0.0686,0.9314,0.0025,0.0027
19,FakeAlgiers,1,10,1024,0.0713,0.9287,0.0027,0.0027
19,FakeAlgiers,2,1,102,0.0588,0.9403,1.0,1.0
19,FakeAlgiers,2,2,204,0.1029,0.9308,0.0441,0.0094
19,FakeAlgiers,2,3,306,0.085,0.9193,0.018,0.0116
19,FakeAlgiers,2,4,408,0.0784,0.9222,0.0065,0.003
19,FakeAlgiers,2,5,510,0.0745,0.9259,0.0039,0.0036
19,FakeAlgiers,2,6,612,0.0784,0.9209,0.0039,0.005
19,FakeAlgiers,2,7,714,0.0742,0.9254,0.0042,0.0045
19,FakeAlgiers,2,8,816,0.0723,0.9274,0.0019,0.002
19,FakeAlgiers,2,9,918,0.073,0.9268,0.0007,0.0006
19,FakeAlgiers,2,10,1024,0.0732,0.9264,0.0003,0.0004
19,FakeAlgiers,3,1,102,0.049,0.9504,1.0,1.0
19,FakeAlgiers,3,2,204,0.049,0.951,0.0,0.0005
19,FakeAlgiers,3,3,306,0.049,0.9504,0.0,0.0005
19,FakeAlgiers,3,4,408,0.0613,0.9497,0.0123,0.0007
19,FakeAlgiers,3,5,510,0.0608,0.9422,0.0005,0.0075
19,FakeAlgiers,3,6,612,0.0719,0.9348,0.0111,0.0074
19,FakeAlgiers,3,7,714,0.0686,0.933,0.0033,0.0018
19,FakeAlgiers,3,8,816,0.0748,0.9287,0.0061,0.0043
19,FakeAlgiers,3,9,918,0.0861,0.9236,0.0113,0.005
19,FakeAlgiers,3,10,1024,0.0851,0.9217,0.0009,0.0019
19,FakeAlgiers,4,1,102,0.0686,0.9311,1.0,1.0
19,FakeAlgiers,4,2,204,0.0735,0.9264,0.0049,0.0047
19,FakeAlgiers,4,3,306,0.0784,0.9212,0.0049,0.0053
19,FakeAlgiers,4,4,408,0.0735,0.9264,0.0049,0.0053
19,FakeAlgiers,4,5,510,0.0686,0.9302,0.0049,0.0038
19,FakeAlgiers,4,6,612,0.067,0.9327,0.0016,0.0024
19,FakeAlgiers,4,7,714,0.0672,0.9324,0.0002,0.0003
19,FakeAlgiers,4,8,816,0.065,0.9342,0.0023,0.0017
19,FakeAlgiers,4,9,918,0.0675,0.932,0.0026,0.0022
19,FakeAlgiers,4,10,1024,0.0645,0.9353,0.0031,0.0032
19,FakeAlgiers,5,1,102,0.1078,0.9354,1.0,1.0
19,FakeAlgiers,5,2,204,0.0882,0.9335,0.0196,0.0019
19,FakeAlgiers,5,3,306,0.1078,0.9414,0.0196,0.0079
19,FakeAlgiers,5,4,408,0.0907,0.9309,0.0172,0.0105
19,FakeAlgiers,5,5,510,0.0961,0.9243,0.0054,0.0066
19,FakeAlgiers,5,6,612,0.098,0.9247,0.002,0.0004
19,FakeAlgiers,5,7,714,0.0938,0.923,0.0042,0.0017
19,FakeAlgiers,5,8,816,0.0993,0.923,0.0054,0.0
19,FakeAlgiers,5,9,918,0.1089,0.9233,0.0097,0.0002
19,FakeAlgiers,5,10,1024,0.1166,0.9244,0.0076,0.0012
19,FakeAlgiers,6,1,102,0.1078,0.908,1.0,1.0
19,FakeAlgiers,6,2,204,0.1029,0.8994,0.0049,0.0086
19,FakeAlgiers,6,3,306,0.1046,0.9084,0.0016,0.009
19,FakeAlgiers,6,4,408,0.1054,0.9152,0.0008,0.0068
19,FakeAlgiers,6,5,510,0.1,0.9181,0.0054,0.003
19,FakeAlgiers,6,6,612,0.0915,0.9206,0.0085,0.0025
19,FakeAlgiers,6,7,714,0.084,0.9238,0.0075,0.0032
19,FakeAlgiers,6,8,816,0.0784,0.9261,0.0056,0.0023
19,FakeAlgiers,6,9,918,0.0828,0.9261,0.0044,0.0
19,FakeAlgiers,6,10,1024,0.0891,0.927,0.0063,0.0009
19,FakeAlgiers,7,1,102,0.049,0.9509,1.0,1.0
19,FakeAlgiers,7,2,204,0.0686,0.9313,0.0196,0.0197
19,FakeAlgiers,7,3,306,0.0686,0.9301,0.0,0.0012
19,FakeAlgiers,7,4,408,0.0637,0.9359,0.0049,0.0059
19,FakeAlgiers,7,5,510,0.0667,0.933,0.0029,0.003
19,FakeAlgiers,7,6,612,0.0768,0.9227,0.0101,0.0103
19,FakeAlgiers,7,7,714,0.0742,0.9255,0.0026,0.0028
19,FakeAlgiers,7,8,816,0.0674,0.9325,0.0068,0.007
19,FakeAlgiers,7,9,918,0.0643,0.9357,0.0031,0.0032
19,FakeAlgiers,7,10,1024,0.0654,0.9345,0.0012,0.0012
19,FakeAlgiers,8,1,102,0.049,0.9509,1.0,1.0
19,FakeAlgiers,8,2,204,0.0588,0.9594,0.0098,0.0084
19,FakeAlgiers,8,3,306,0.0915,0.9345,0.0327,0.0249
19,FakeAlgiers,8,4,408,0.1078,0.9419,0.0163,0.0075
19,FakeAlgiers,8,5,510,0.1216,0.9328,0.0137,0.0091
19,FakeAlgiers,8,6,612,0.1209,0.9344,0.0007,0.0016
19,FakeAlgiers,8,7,714,0.112,0.9371,0.0089,0.0027
19,FakeAlgiers,8,8,816,0.1189,0.9311,0.0068,0.006
19,FakeAlgiers,8,9,918,0.1089,0.935,0.0099,0.0039
19,FakeAlgiers,8,10,1024,0.1067,0.9329,0.0023,0.0021
19,FakeAlgiers,9,1,102,0.1078,0.8919,1.0,1.0
19,FakeAlgiers,9,2,204,0.1029,0.8955,0.0049,0.0035
19,FakeAlgiers,9,3,306,0.0915,0.9079,0.0114,0.0124
19,FakeAlgiers,9,4,408,0.0858,0.9142,0.0057,0.0063
19,FakeAlgiers,9,5,510,0.0843,0.9157,0.0015,0.0015
19,FakeAlgiers,9,6,612,0.0833,0.9166,0.001,0.0009
19,FakeAlgiers,9,7,714,0.0812,0.9183,0.0021,0.0017
19,FakeAlgiers,9,8,816,0.0833,0.9164,0.0021,0.0019
19,FakeAlgiers,9,9,918,0.0773,0.9223,0.006,0.0059
19,FakeAlgiers,9,10,1024,0.0781,0.9213,0.0008,0.001
19,FakeAlgiers,10,1,102,0.0882,0.919,1.0,1.0
19,FakeAlgiers,10,2,204,0.0686,0.9311,0.0196,0.0122
19,FakeAlgiers,10,3,306,0.0588,0.9412,0.0098,0.01
19,FakeAlgiers,10,4,408,0.0637,0.9363,0.0049,0.0049
19,FakeAlgiers,10,5,510,0.0706,0.9294,0.0069,0.0069
19,FakeAlgiers,10,6,612,0.0801,0.9198,0.0095,0.0096
19,FakeAlgiers,10,7,714,0.0742,0.9257,0.0058,0.0059
19,FakeAlgiers,10,8,816,0.0735,0.9262,0.0007,0.0005
19,FakeAlgiers,10,9,918,0.0741,0.9257,0.0005,0.0006
19,FakeAlgiers,10,10,1024,0.0742,0.9256,0.0001,0.0001
19,FakeAlgiers,11,1,102,0.0686,0.9311,1.0,1.0
19,FakeAlgiers,11,2,204,0.0686,0.9301,0.0,0.001
19,FakeAlgiers,11,3,306,0.0752,0.9236,0.0065,0.0065
19,FakeAlgiers,11,4,408,0.0686,0.9304,0.0065,0.0069
19,FakeAlgiers,11,5,510,0.0725,0.9272,0.0039,0.0032
19,FakeAlgiers,11,6,612,0.0784,0.9215,0.0059,0.0057
19,FakeAlgiers,11,7,714,0.0784,0.9212,0.0,0.0003
19,FakeAlgiers,11,8,816,0.0809,0.9191,0.0025,0.0021
19,FakeAlgiers,11,9,918,0.0839,0.916,0.003,0.003
19,FakeAlgiers,11,10,1024,0.082,0.9178,0.0018,0.0018
19,FakeAlgiers,12,1,102,0.1373,0.9472,1.0,1.0
19,FakeAlgiers,12,2,204,0.1373,0.9472,0.0,0.0
19,FakeAlgiers,12,3,306,0.134,0.9336,0.0033,0.0136
19,FakeAlgiers,12,4,408,0.1446,0.9241,0.0106,0.0095
19,FakeAlgiers,12,5,510,0.1333,0.9326,0.0113,0.0085
19,FakeAlgiers,12,6,612,0.1389,0.9311,0.0056,0.0015
19,FakeAlgiers,12,7,714,0.1513,0.9304,0.0124,0.0007
19,FakeAlgiers,12,8,816,0.1495,0.9304,0.0018,0.0
19,FakeAlgiers,12,9,918,0.1383,0.9317,0.0112,0.0013
19,FakeAlgiers,12,10,1024,0.1469,0.9272,0.0085,0.0045
19,FakeAlgiers,13,1,102,0.0784,0.9568,1.0,1.0
19,FakeAlgiers,13,2,204,0.0539,0.9451,0.0245,0.0117
19,FakeAlgiers,13,3,306,0.0523,0.9475,0.0016,0.0024
19,FakeAlgiers,13,4,408,0.0588,0.9411,0.0065,0.0064
19,FakeAlgiers,13,5,510,0.0588,0.9406,0.0,0.0005
19,FakeAlgiers,13,6,612,0.0605,0.9392,0.0016,0.0014
19,FakeAlgiers,13,7,714,0.056,0.9438,0.0044,0.0046
19,FakeAlgiers,13,8,816,0.0551,0.9448,0.0009,0.001
19,FakeAlgiers,13,9,918,0.0632,0.9368,0.008,0.008
19,FakeAlgiers,13,10,1024,0.0645,0.9355,0.0013,0.0013
19,FakeAlgiers,14,1,102,0.1569,0.8641,1.0,1.0
19,FakeAlgiers,14,2,204,0.1422,0.8891,0.0147,0.0249
19,FakeAlgiers,14,3,306,0.1503,0.9035,0.0082,0.0144
19,FakeAlgiers,14,4,408,0.1569,0.9034,0.0065,0.0001
19,FakeAlgiers,14,5,510,0.1333,0.9129,0.0235,0.0095
19,FakeAlgiers,14,6,612,0.1193,0.9139,0.0141,0.001
19,FakeAlgiers,14,7,714,0.1148,0.9148,0.0044,0.0009
19,FakeAlgiers,14,8,816,0.1066,0.9207,0.0082,0.0059
19,FakeAlgiers,14,9,918,0.1057,0.9255,0.001,0.0048
19,FakeAlgiers,14,10,1024,0.1106,0.9251,0.0049,0.0004
19,FakeAlgiers,15,1,102,0.0686,0.9313,1.0,1.0
19,FakeAlgiers,15,2,204,0.0686,0.9312,0.0,0.0001
19,FakeAlgiers,15,3,306,0.0654,0.9342,0.0033,0.003
19,FakeAlgiers,15,4,408,0.0686,0.9306,0.0033,0.0036
19,FakeAlgiers,15,5,510,0.0706,0.934,0.002,0.0033
19,FakeAlgiers,15,6,612,0.067,0.9321,0.0036,0.0018
19,FakeAlgiers,15,7,714,0.0686,0.9308,0.0016,0.0013
19,FakeAlgiers,15,8,816,0.0772,0.9224,0.0086,0.0085
19,FakeAlgiers,15,9,918,0.0795,0.9203,0.0023,0.0021
19,FakeAlgiers,15,10,1024,0.0791,0.9202,0.0004,0.0001
19,FakeAlgiers,16,1,102,0.049,0.9507,1.0,1.0
19,FakeAlgiers,16,2,204,0.0441,0.9556,0.0049,0.0049
19,FakeAlgiers,16,3,306,0.0882,0.9408,0.0441,0.0148
19,FakeAlgiers,16,4,408,0.0637,0.9401,0.0245,0.0008
19,FakeAlgiers,16,5,510,0.0588,0.9423,0.0049,0.0022
19,FakeAlgiers,16,6,612,0.0523,0.9472,0.0065,0.0049
19,FakeAlgiers,16,7,714,0.0658,0.9413,0.0135,0.0059
19,FakeAlgiers,16,8,816,0.065,0.9447,0.0009,0.0034
19,FakeAlgiers,16,9,918,0.0719,0.9405,0.0069,0.0042
19,FakeAlgiers,16,10,1024,0.0773,0.9429,0.0054,0.0024
19,FakeAlgiers,17,1,102,0.098,0.9367,1.0,1.0
19,FakeAlgiers,17,2,204,0.1275,0.9361,0.0294,0.0006
19,FakeAlgiers,17,3,306,0.1373,0.9296,0.0098,0.0065
19,FakeAlgiers,17,4,408,0.125,0.9322,0.0123,0.0026
19,FakeAlgiers,17,5,510,0.1039,0.9394,0.0211,0.0073
19,FakeAlgiers,17,6,612,0.1078,0.9292,0.0039,0.0102
19,FakeAlgiers,17,7,714,0.0896,0.9364,0.0182,0.0072
19,FakeAlgiers,17,8,816,0.0833,0.9338,0.0063,0.0026
19,FakeAlgiers,17,9,918,0.0839,0.9374,0.0005,0.0035
19,FakeAlgiers,17,10,1024,0.0881,0.9336,0.0042,0.0038
19,FakeAlgiers,18,1,102,0.1275,0.8856,1.0,1.0
19,FakeAlgiers,18,2,204,0.0784,0.9198,0.049,0.0341
19,FakeAlgiers,18,3,306,0.0719,0.9281,0.0065,0.0083
19,FakeAlgiers,18,4,408,0.0735,0.9265,0.0016,0.0016
19,FakeAlgiers,18,5,510,0.0725,0.9274,0.001,0.001
19,FakeAlgiers,18,6,612,0.0719,0.9277,0.0007,0.0002
19,FakeAlgiers,18,7,714,0.0686,0.931,0.0033,0.0034
19,FakeAlgiers,18,8,816,0.0711,0.9286,0.0025,0.0025
19,FakeAlgiers,18,9,918,0.073,0.9267,0.0019,0.0019
19,FakeAlgiers,18,10,1024,0.0752,0.9244,0.0022,0.0023
19,FakeAlgiers,19,1,102,0.1275,0.922,1.0,1.0
19,FakeAlgiers,19,2,204,0.0882,0.9236,0.0392,0.0016
19,FakeAlgiers,19,3,306,0.0588,0.9404,0.0294,0.0168
19,FakeAlgiers,19,4,408,0.0539,0.9458,0.0049,0.0053
19,FakeAlgiers,19,5,510,0.0608,0.9387,0.0069,0.0071
19,FakeAlgiers,19,6,612,0.0588,0.9405,0.002,0.0019
19,FakeAlgiers,19,7,714,0.063,0.9373,0.0042,0.0033
19,FakeAlgiers,19,8,816,0.0662,0.9329,0.0032,0.0044
19,FakeAlgiers,19,9,918,0.0632,0.9363,0.003,0.0034
19,FakeAlgiers,19,10,1024,0.0635,0.9359,0.0003,0.0004
20,FakeAlgiers,0,1,1000,0.016,0.9997,1.0,1.0
20,FakeAlgiers,0,2,2000,0.0215,0.9995,0.0055,0.0002
20,FakeAlgiers,0,3,3000,0.017,0.9997,0.0045,0.0002
20,FakeAlgiers,0,4,4000,0.0123,0.9998,0.0048,0.0001
20,FakeAlgiers,0,5,5000,0.0098,0.9999,0.0024,0.0001
20,FakeAlgiers,0,6,6000,0.0115,0.9999,0.0017,0.0
20,FakeAlgiers,0,7,7000,0.013,0.9998,0.0015,0.0
20,FakeAlgiers,0,8,8000,0.0159,0.9997,0.0029,0.0001
20,FakeAlgiers,0,9,9000,0.0149,0.9998,0.001,0.0
20,FakeAlgiers,0,10,10000,0.0157,0.9998,0.0008,0.0
20,FakeAlgiers,1,1,1000,0.016,0.9997,1.0,1.0
20,FakeAlgiers,1,2,2000,0.0025,1.0,0.0135,0.0002
20,FakeAlgiers,1,3,3000,0.0017,1.0,0.0008,0.0
20,FakeAlgiers,1,4,4000,0.0012,1.0,0.0004,0.0
20,FakeAlgiers,1,5,5000,0.0028,1.0,0.0016,0.0
20,FakeAlgiers,1,6,6000,0.0005,1.0,0.0023,0.0
20,FakeAlgiers,1,7,7000,0.0033,1.0,0.0028,0.0
20,FakeAlgiers,1,8,8000,0.0056,1.0,0.0023,0.0
20,FakeAlgiers,1,9,9000,0.0066,1.0,0.0009,0.0
20,FakeAlgiers,1,10,10000,0.0083,0.9999,0.0017,0.0
20,FakeAlgiers,2,1,1000,0.031,0.999,1.0,1.0
20,FakeAlgiers,2,2,2000,0.018,0.9997,0.013,0.0006
20,FakeAlgiers,2,3,3000,0.0193,0.9996,0.0013,0.0
20,FakeAlgiers,2,4,4000,0.0188,0.9996,0.0006,0.0
20,FakeAlgiers,2,5,5000,0.0156,0.9998,0.0032,0.0001
20,FakeAlgiers,2,6,6000,0.0155,0.9998,0.0001,0.0
20,FakeAlgiers,2,7,7000,0.0199,0.9996,0.0044,0.0002
20,FakeAlgiers,2,8,8000,0.0154,0.9998,0.0045,0.0002
20,FakeAlgiers,2,9,9000,0.0142,0.9998,0.0012,0.0
20,FakeAlgiers,2,10,10000,0.0135,0.9998,0.0007,0.0
20,FakeAlgiers,3,1,1000,0.009,0.9999,1.0,1.0
20,FakeAlgiers,3,2,2000,0.014,0.9998,0.005,0.0001
20,FakeAlgiers,3,3,3000,0.0087,0.9999,0.0053,0.0001
20,FakeAlgiers,3,4,4000,0.0003,1.0,0.0084,0.0001
20,FakeAlgiers,3,5,5000,0.0006,1.0,0.0004,0.0
20,FakeAlgiers,3,6,6000,0.0045,1.0,0.0039,0.0
20,FakeAlgiers,3,7,7000,0.006,1.0,0.0015,0.0
20,FakeAlgiers,3,8,8000,0.008,0.9999,0.002,0.0
20,FakeAlgiers,3,9,9000,0.0072,0.9999,0.0008,0.0
20,FakeAlgiers,3,10,10000,0.0067,1.0,0.0005,0.0
20,FakeAlgiers,4,1,1000,0.044,0.9981,1.0,1.0
20,FakeAlgiers,4,2,2000,0.034,0.9988,0.01,0.0008
20,FakeAlgiers,4,3,3000,0.026,0.9993,0.008,0.0005
20,FakeAlgiers,4,4,4000,0.018,0.9997,0.008,0.0004
20,FakeAlgiers,4,5,5000,0.0156,0.9998,0.0024,0.0001
20,FakeAlgiers,4,6,6000,0.0152,0.9998,0.0004,0.0
20,FakeAlgiers,4,7,7000,0.0147,0.9998,0.0005,0.0
20,FakeAlgiers,4,8,8000,0.0136,0.9998,0.0011,0.0
20,FakeAlgiers,4,9,9000,0.0141,0.9998,0.0005,0.0
20,FakeAlgiers,4,10,10000,0.0146,0.9998,0.0005,0.0
20,FakeAlgiers,5,1,1000,0.013,0.9998,1.0,1.0
20,FakeAlgiers,5,2,2000,0.006,1.0,0.007,0.0001
20,FakeAlgiers,5,3,3000,0.0133,0.9998,0.0073,0.0001
20,FakeAlgiers,5,4,4000,0.016,0.9997,0.0027,0.0001
20,FakeAlgiers,5,5,5000,0.0186,0.9997,0.0026,0.0001
20,FakeAlgiers,5,6,6000,0.0158,0.9997,0.0028,0.0001
20,FakeAlgiers,5,7,7000,0.0177,0.9997,0.0019,0.0001
20,FakeAlgiers,5,8,8000,0.0194,0.9996,0.0017,0.0001
20,FakeAlgiers,5,9,9000,0.0201,0.9996,0.0007,0.0
20,FakeAlgiers,5,10,10000,0.0204,0.9996,0.0003,0.0
20,FakeAlgiers,6,1,1000,0.044,0.9981,1.0,1.0
20,FakeAlgiers,6,2,2000,0.0495,0.9975,0.0055,0.0005
20,FakeAlgiers,6,3,3000,0.0457,0.9979,0.0038,0.0004
20,FakeAlgiers,6,4,4000,0.0412,0.9983,0.0044,0.0004
20,FakeAlgiers,6,5,5000,0.0398,0.9984,0.0014,0.0001
20,FakeAlgiers,6,6,6000,0.0395,0.9984,0.0003,0.0
20,FakeAlgiers,6,7,7000,0.0411,0.9983,0.0016,0.0001
20,FakeAlgiers,6,8,8000,0.04,0.9984,0.0011,0.0001
20,FakeAlgiers,6,9,9000,0.0407,0.9983,0.0007,0.0001
20,FakeAlgiers,6,10,10000,0.0394,0.9984,0.0013,0.0001
20,FakeAlgiers,7,1,1000,0.032,0.999,1.0,1.0
20,FakeAlgiers,7,2,2000,0.023,0.9995,0.009,0.0005
20,FakeAlgiers,7,3,3000,0.0267,0.9993,0.0037,0.0002
20,FakeAlgiers,7,4,4000,0.02,0.9996,0.0067,0.0003
20,FakeAlgiers,7,5,5000,0.0204,0.9996,0.0004,0.0
20,FakeAlgiers,7,6,6000,0.024,0.9994,0.0036,0.0002
20,FakeAlgiers,7,7,7000,0.0246,0.9994,0.0006,0.0
20,FakeAlgiers,7,8,8000,0.0234,0.9995,0.0012,0.0001
20,FakeAlgiers,7,9,9000,0.024,0.9994,0.0006,0.0
20,FakeAlgiers,7,10,10000,0.0254,0.9994,0.0014,0.0001
20,FakeAlgiers,8,1,1000,0.02,0.9996,1.0,1.0
20,FakeAlgiers,8,2,2000,0.0115,0.9999,0.0085,0.0003
20,FakeAlgiers,8,3,3000,0.0163,0.9997,0.0048,0.0001
20,FakeAlgiers,8,4,4000,0.013,0.9998,0.0033,0.0001
20,FakeAlgiers,8,5,5000,0.0066,1.0,0.0064,0.0001
20,FakeAlgiers,8,6,6000,0.0103,0.9999,0.0037,0.0001
20,FakeAlgiers,8,7,7000,0.0096,0.9999,0.0008,0.0
20,FakeAlgiers,8,8,8000,0.0082,0.9999,0.0013,0.0
20,FakeAlgiers,8,9,9000,0.0086,0.9999,0.0003,0.0
20,FakeAlgiers,8,10,10000,0.0099,0.9999,0.0013,0.0
20,FakeAlgiers,9,1,1000,0.033,0.9989,1.0,1.0
20,FakeAlgiers,9,2,2000,0.024,0.9994,0.009,0.0005
20,FakeAlgiers,9,3,3000,0.0233,0.9995,0.0007,0.0
20,FakeAlgiers,9,4,4000,0.0218,0.9995,0.0016,0.0001
20,FakeAlgiers,9,5,5000,0.0242,0.9994,0.0024,0.0001
20,FakeAlgiers,9,6,6000,0.025,0.9994,0.0008,0.0
20,FakeAlgiers,9,7,7000,0.0267,0.9993,0.0017,0.0001
20,FakeAlgiers,9,8,8000,0.0261,0.9993,0.0006,0.0
20,FakeAlgiers,9,9,9000,0.0281,0.9992,0.002,0.0001
20,FakeAlgiers,9,10,10000,0.0295,0.9991,0.0014,0.0001
20,FakeAlgiers,10,1,1000,0.007,1.0,1.0,1.0
20,FakeAlgiers,10,2,2000,0.0065,1.0,0.0005,0.0
20,FakeAlgiers,10,3,3000,0.006,1.0,0.0005,0.0
20,FakeAlgiers,10,4,4000,0.0068,1.0,0.0008,0.0
20,FakeAlgiers,10,5,5000,0.0028,1.0,0.0039,0.0
20,FakeAlgiers,10,6,6000,0.0045,1.0,0.0017,0.0
20,FakeAlgiers,10,7,7000,0.0073,0.9999,0.0028,0.0
20,FakeAlgiers,10,8,8000,0.0064,1.0,0.0009,0.0
20,FakeAlgiers,10,9,9000,0.006,1.0,0.0004,0.0
20,FakeAlgiers,10,10,10000,0.0076,0.9999,0.0016,0.0
20,FakeAlgiers,11,1,1000,0.004,1.0,1.0,1.0
20,FakeAlgiers,11,2,2000,0.007,1.0,0.003,0.0
20,FakeAlgiers,11,3,3000,0.0073,0.9999,0.0003,0.0
20,FakeAlgiers,11,4,4000,0.0073,0.9999,0.0001,0.0
20,FakeAlgiers,11,5,5000,0.01,0.9999,0.0028,0.0
20,FakeAlgiers,11,6,6000,0.009,0.9999,0.001,0.0
20,FakeAlgiers,11,7,7000,0.0073,0.9999,0.0017,0.0
20,FakeAlgiers,11,8,8000,0.0055,1.0,0.0018,0.0
20,FakeAlgiers,11,9,9000,0.0082,0.9999,0.0027,0.0
20,FakeAlgiers,11,10,10000,0.0099,0.9999,0.0017,0.0
20,FakeAlgiers,12,1,1000,0.026,0.9993,1.0,1.0
20,FakeAlgiers,12,2,2000,0.0245,0.9994,0.0015,0.0001
20,FakeAlgiers,12,3,3000,0.0327,0.9989,0.0082,0.0005
20,FakeAlgiers,12,4,4000,0.032,0.999,0.0007,0.0
20,FakeAlgiers,12,5,5000,0.036,0.9987,0.004,0.0003
20,FakeAlgiers,12,6,6000,0.0353,0.9988,0.0007,0.0
20,FakeAlgiers,12,7,7000,0.0339,0.9989,0.0015,0.0001
20,FakeAlgiers,12,8,8000,0.031,0.999,0.0029,0.0002
20,FakeAlgiers,12,9,9000,0.0344,0.9988,0.0034,0.0002
20,FakeAlgiers,12,10,10000,0.0364,0.9987,0.002,0.0001
20,FakeAlgiers,13,1,1000,0.015,0.9998,1.0,1.0
20,FakeAlgiers,13,2,2000,0.011,0.9999,0.004,0.0001
20,FakeAlgiers,13,3,3000,0.0097,0.9999,0.0013,0.0
20,FakeAlgiers,13,4,4000,0.0113,0.9999,0.0016,0.0
20,FakeAlgiers,13,5,5000,0.013,0.9998,0.0018,0.0
20,FakeAlgiers,13,6,6000,0.014,0.9998,0.001,0.0
20,FakeAlgiers,13,7,7000,0.0109,0.9999,0.0031,0.0001
20,FakeAlgiers,13,8,8000,0.0125,0.9998,0.0016,0.0
20,FakeAlgiers,13,9,9000,0.0129,0.9998,0.0004,0.0
20,FakeAlgiers,13,10,10000,0.0087,0.9999,0.0042,0.0001
20,FakeAlgiers,14,1,1000,0.026,0.9993,1.0,1.0
20,FakeAlgiers,14,2,2000,0.0265,0.9993,0.0005,0.0
20,FakeAlgiers,14,3,3000,0.0257,0.9993,0.0008,0.0
20,FakeAlgiers,14,4,4000,0.027,0.9993,0.0013,0.0001
20,FakeAlgiers,14,5,5000,0.0228,0.9995,0.0042,0.0002
20,FakeAlgiers,14,6,6000,0.0257,0.9993,0.0029,0.0001
20,FakeAlgiers,14,7,7000,0.023,0.9995,0.0027,0.0001
20,FakeAlgiers,14,8,8000,0.0222,0.9995,0.0008,0.0
20,FakeAlgiers,14,9,9000,0.023,0.9995,0.0008,0.0
20,FakeAlgiers,14,10,10000,0.0245,0.9994,0.0015,0.0001
20,FakeAlgiers,15,1,1000,0.009,0.9999,1.0,1.0
20,FakeAlgiers,15,2,2000,0.0085,0.9999,0.0005,0.0
20,FakeAlgiers,15,3,3000,0.015,0.9998,0.0065,0.0002
20,FakeAlgiers,15,4,4000,0.0188,0.9996,0.0038,0.0001
20,FakeAlgiers,15,5,5000,0.018,0.9997,0.0008,0.0
20,FakeAlgiers,15,6,6000,0.0177,0.9997,0.0003,0.0
20,FakeAlgiers,15,7,7000,0.0233,0.9995,0.0056,0.0002
20,FakeAlgiers,15,8,8000,0.0221,0.9995,0.0012,0.0001
20,FakeAlgiers,15,9,9000,0.0229,0.9995,0.0008,0.0
20,FakeAlgiers,15,10,10000,0.0237,0.9994,0.0008,0.0
20,FakeAlgiers,16,1,1000,0.009,0.9999,1.0,1.0
20,FakeAlgiers,16,2,2000,0.0235,0.9994,0.0145,0.0005
20,FakeAlgiers,16,3,3000,0.0213,0.9995,0.0022,0.0001
20,FakeAlgiers,16,4,4000,0.015,0.9998,0.0063,0.0002
20,FakeAlgiers,16,5,5000,0.0164,0.9997,0.0014,0.0
20,FakeAlgiers,16,6,6000,0.0178,0.9997,0.0014,0.0
20,FakeAlgiers,16,7,7000,0.0166,0.9997,0.0013,0.0
20,FakeAlgiers,16,8,8000,0.0204,0.9996,0.0038,0.0001
20,FakeAlgiers,16,9,9000,0.0189,0.9996,0.0015,0.0001
20,FakeAlgiers,16,10,10000,0.0188,0.9996,0.0001,0.0
20,FakeAlgiers,17,1,1000,0.0,1.0,1.0,1.0
20,FakeAlgiers,17,2,2000,0.004,1.0,0.004,0.0
20,FakeAlgiers,17,3,3000,0.005,1.0,0.001,0.0
20,FakeAlgiers,17,4,4000,0.0018,1.0,0.0032,0.0
20,FakeAlgiers,17,5,5000,0.0004,1.0,0.0014,0.0
20,FakeAlgiers,17,6,6000,0.0,1.0,0.0004,0.0
20,FakeAlgiers,17,7,7000,0.0007,1.0,0.0007,0.0
20,FakeAlgiers,17,8,8000,0.0074,0.9999,0.0067,0.0001
20,FakeAlgiers,17,9,9000,0.0066,1.0,0.0008,0.0
20,FakeAlgiers,17,10,10000,0.0065,1.0,0.0001,0.0
20,FakeAlgiers,18,1,1000,0.004,1.0,1.0,1.0
20,FakeAlgiers,18,2,2000,0.01,0.9999,0.006,0.0001
20,FakeAlgiers,18,3,3000,0.007,1.0,0.003,0.0001
20,FakeAlgiers,18,4,4000,0.0032,1.0,0.0038,0.0
20,FakeAlgiers,18,5,5000,0.005,1.0,0.0018,0.0
20,FakeAlgiers,18,6,6000,0.003,1.0,0.002,0.0
20,FakeAlgiers,18,7,7000,0.0001,1.0,0.0029,0.0
20,FakeAlgiers,18,8,8000,0.0009,1.0,0.0007,0.0
20,FakeAlgiers,18,9,9000,0.0037,1.0,0.0028,0.0
20,FakeAlgiers,18,10,10000,0.0039,1.0,0.0002,0.0
20,FakeAlgiers,19,1,1000,0.007,1.0,1.0,1.0
20,FakeAlgiers,19,2,2000,0.0045,1.0,0.0025,0.0
20,FakeAlgiers,19,3,3000,0.0147,0.9998,0.0102,0.0002
20,FakeAlgiers,19,4,4000,0.0122,0.9998,0.0024,0.0001
20,FakeAlgiers,19,5,5000,0.0088,0.9999,0.0034,0.0001
20,FakeAlgiers,19,6,6000,0.0045,1.0,0.0043,0.0001
20,FakeAlgiers,19,7,7000,0.0041,1.0,0.0004,0.0
20,FakeAlgiers,19,8,8000,0.0046,1.0,0.0005,0.0
20,FakeAlgiers,19,9,9000,0.0052,1.0,0.0006,0.0
20,FakeAlgiers,19,10,10000,0.0078,0.9999,0.0026,0.0
21,FakeAlgiers,0,1,1000,0.687,0.1326,1.0,1.0
21,FakeAlgiers,0,2,2000,0.671,0.1888,0.016,0.0562
21,FakeAlgiers,0,3,3000,0.671,0.2253,0.0,0.0365
21,FakeAlgiers,0,4,4000,0.6643,0.2453,0.0068,0.02
21,FakeAlgiers,0,5,5000,0.6622,0.2599,0.002,0.0146
21,FakeAlgiers,0,6,6000,0.6608,0.2696,0.0014,0.0097
21,FakeAlgiers,0,7,7000,0.6589,0.2779,0.002,0.0083
21,FakeAlgiers,0,8,8000,0.6546,0.2894,0.0042,0.0115
21,FakeAlgiers,0,9,9000,0.6557,0.2922,0.001,0.0028
21,FakeAlgiers,0,10,10000,0.6557,0.2957,0.0,0.0035
21,FakeAlgiers,1,1,1000,0.707,0.1173,1.0,1.0
21,FakeAlgiers,1,2,2000,0.677,0.1791,0.03,0.0618
21,FakeAlgiers,1,3,3000,0.6747,0.2145,0.0023,0.0354
21,FakeAlgiers,1,4,4000,0.6665,0.2406,0.0082,0.0261
21,FakeAlgiers,1,5,5000,0.6658,0.2547,0.0007,0.0142
21,FakeAlgiers,1,6,6000,0.6577,0.2748,0.0081,0.0201
21,FakeAlgiers,1,7,7000,0.6606,0.2785,0.0029,0.0036
21,FakeAlgiers,1,8,8000,0.6603,0.2841,0.0003,0.0056
21,FakeAlgiers,1,9,9000,0.6572,0.2897,0.003,0.0056
21,FakeAlgiers,1,10,10000,0.655,0.2946,0.0022,0.005
21,FakeAlgiers,2,1,1000,0.703,0.1224,1.0,1.0
21,FakeAlgiers,2,2,2000,0.674,0.1872,0.029,0.0648
21,FakeAlgiers,2,3,3000,0.672,0.2172,0.002,0.03
21,FakeAlgiers,2,4,4000,0.6683,0.2447,0.0038,0.0276
21,FakeAlgiers,2,5,5000,0.666,0.2569,0.0022,0.0121
21,FakeAlgiers,2,6,6000,0.6683,0.2637,0.0023,0.0068
21,FakeAlgiers,2,7,7000,0.6684,0.2711,0.0001,0.0074
21,FakeAlgiers,2,8,8000,0.6679,0.2755,0.0006,0.0044
21,FakeAlgiers,2,9,9000,0.6673,0.2803,0.0005,0.0048
21,FakeAlgiers,2,10,10000,0.6647,0.2845,0.0026,0.0042
21,FakeAlgiers,3,1,1000,0.697,0.1245,1.0,1.0
21,FakeAlgiers,3,2,2000,0.7,0.1589,0.003,0.0344
21,FakeAlgiers,3,3,3000,0.682,0.2011,0.018,0.0422
21,FakeAlgiers,3,4,4000,0.6735,0.2287,0.0085,0.0276
21,FakeAlgiers,3,5,5000,0.6696,0.2478,0.0039,0.0191
21,FakeAlgiers,3,6,6000,0.6632,0.2649,0.0064,0.017
21,FakeAlgiers,3,7,7000,0.6631,0.2712,0.0,0.0064
21,FakeAlgiers,3,8,8000,0.6654,0.2728,0.0022,0.0016
21,FakeAlgiers,3,9,9000,0.6616,0.2794,0.0038,0.0066
21,FakeAlgiers,3,10,10000,0.659,0.2849,0.0026,0.0055
21,FakeAlgiers,4,1,1000,0.718,0.1127,1.0,1.0
21,FakeAlgiers,4,2,2000,0.692,0.1741,0.026,0.0613
21,FakeAlgiers,4,3,3000,0.6837,0.208,0.0083,0.0339
21,FakeAlgiers,4,4,4000,0.6795,0.228,0.0042,0.02
21,FakeAlgiers,4,5,5000,0.6732,0.2502,0.0063,0.0222
21,FakeAlgiers,4,6,6000,0.672,0.2601,0.0012,0.0098
21,FakeAlgiers,4,7,7000,0.6747,0.2628,0.0027,0.0027
21,FakeAlgiers,4,8,8000,0.6709,0.2724,0.0038,0.0096
21,FakeAlgiers,4,9,9000,0.6684,0.2784,0.0024,0.006
21,FakeAlgiers,4,10,10000,0.6678,0.2819,0.0006,0.0035
21,FakeAlgiers,5,1,1000,0.714,0.1109,1.0,1.0
21,FakeAlgiers,5,2,2000,0.6855,0.1747,0.0285,0.0638
21,FakeAlgiers,5,3,3000,0.6743,0.2132,0.0112,0.0385
21,FakeAlgiers,5,4,4000,0.6665,0.2375,0.0078,0.0243
21,FakeAlgiers,5,5,5000,0.6616,0.2577,0.0049,0.0202
21,FakeAlgiers,5,6,6000,0.662,0.2647,0.0004,0.007
21,FakeAlgiers,5,7,7000,0.6607,0.2727,0.0013,0.008
21,FakeAlgiers,5,8,8000,0.6569,0.2832,0.0038,0.0106
21,FakeAlgiers,5,9,9000,0.6562,0.2876,0.0007,0.0044
21,FakeAlgiers,5,10,10000,0.6568,0.2916,0.0006,0.0039
21,FakeAlgiers,6,1,1000,0.69,0.1336,1.0,1.0
21,FakeAlgiers,6,2,2000,0.6725,0.1895,0.0175,0.0559
21,FakeAlgiers,6,3,3000,0.666,0.22,0.0065,0.0305
21,FakeAlgiers,6,4,4000,0.6613,0.2423,0.0048,0.0223
21,FakeAlgiers,6,5,5000,0.6636,0.2525,0.0023,0.0102
21,FakeAlgiers,6,6,6000,0.6645,0.2576,0.0009,0.0051
21,FakeAlgiers,6,7,7000,0.6619,0.2663,0.0026,0.0087
21,FakeAlgiers,6,8,8000,0.6623,0.2713,0.0004,0.005
21,FakeAlgiers,6,9,9000,0.6616,0.2761,0.0007,0.0048
21,FakeAlgiers,6,10,10000,0.6599,0.2812,0.0017,0.005
21,FakeAlgiers,7,1,1000,0.713,0.1099,1.0,1.0
21,FakeAlgiers,7,2,2000,0.697,0.1677,0.016,0.0578
21,FakeAlgiers,7,3,3000,0.688,0.1989,0.009,0.0312
21,FakeAlgiers,7,4,4000,0.6847,0.2164,0.0033,0.0175
21,FakeAlgiers,7,5,5000,0.6786,0.2374,0.0061,0.021
21,FakeAlgiers,7,6,6000,0.679,0.2498,0.0004,0.0123
21,FakeAlgiers,7,7,7000,0.6759,0.2585,0.0031,0.0087
21,FakeAlgiers,7,8,8000,0.6743,0.2651,0.0016,0.0067
21,FakeAlgiers,7,9,9000,0.6733,0.2706,0.0009,0.0054
21,FakeAlgiers,7,10,10000,0.6738,0.2744,0.0005,0.0039
21,FakeAlgiers,8,1,1000,0.725,0.1071,1.0,1.0
21,FakeAlgiers,8,2,2000,0.7005,0.1609,0.0245,0.0538
21,FakeAlgiers,8,3,3000,0.6797,0.208,0.0208,0.0471
21,FakeAlgiers,8,4,4000,0.6757,0.2326,0.0039,0.0246
21,FakeAlgiers,8,5,5000,0.6738,0.2458,0.0019,0.0132
21,FakeAlgiers,8,6,6000,0.6682,0.2602,0.0056,0.0145
21,FakeAlgiers,8,7,7000,0.6674,0.2692,0.0007,0.009
21,FakeAlgiers,8,8,8000,0.6669,0.2759,0.0006,0.0067
21,FakeAlgiers,8,9,9000,0.6664,0.2804,0.0004,0.0045
21,FakeAlgiers,8,10,10000,0.6649,0.2845,0.0015,0.004
21,FakeAlgiers,9,1,1000,0.707,0.1216,1.0,1.0
21,FakeAlgiers,9,2,2000,0.686,0.181,0.021,0.0594
21,FakeAlgiers,9,3,3000,0.6823,0.211,0.0037,0.0299
21,FakeAlgiers,9,4,4000,0.684,0.2265,0.0017,0.0156
21,FakeAlgiers,9,5,5000,0.6786,0.2406,0.0054,0.0141
21,FakeAlgiers,9,6,6000,0.6752,0.2508,0.0034,0.0101
21,FakeAlgiers,9,7,7000,0.6736,0.2585,0.0016,0.0077
21,FakeAlgiers,9,8,8000,0.6716,0.2639,0.0019,0.0054
21,FakeAlgiers,9,9,9000,0.6726,0.2674,0.0009,0.0035
21,FakeAlgiers,9,10,10000,0.6704,0.2729,0.0022,0.0055
21,FakeAlgiers,10,1,1000,0.708,0.1212,1.0,1.0
21,FakeAlgiers,10,2,2000,0.665,0.1913,0.043,0.0701
21,FakeAlgiers,10,3,3000,0.6667,0.2168,0.0017,0.0254
21,FakeAlgiers,10,4,4000,0.6658,0.2349,0.0009,0.0181
21,FakeAlgiers,10,5,5000,0.659,0.2545,0.0068,0.0196
21,FakeAlgiers,10,6,6000,0.6573,0.2653,0.0017,0.0108
21,FakeAlgiers,10,7,7000,0.6577,0.2704,0.0004,0.0051
21,FakeAlgiers,10,8,8000,0.659,0.2751,0.0013,0.0047
21,FakeAlgiers,10,9,9000,0.6592,0.2803,0.0002,0.0051
21,FakeAlgiers,10,10,10000,0.6605,0.2812,0.0013,0.0009
21,FakeAlgiers,11,1,1000,0.731,0.1051,1.0,1.0
21,FakeAlgiers,11,2,2000,0.694,0.166,0.037,0.0608
21,FakeAlgiers,11,3,3000,0.6817,0.1983,0.0123,0.0323
21,FakeAlgiers,11,4,4000,0.6708,0.2286,0.0109,0.0303
21,FakeAlgiers,11,5,5000,0.6692,0.2416,0.0016,0.013
21,FakeAlgiers,11,6,6000,0.6692,0.2501,0.0,0.0085
21,FakeAlgiers,11,7,7000,0.6674,0.2604,0.0017,0.0103
21,FakeAlgiers,11,8,8000,0.6661,0.2683,0.0013,0.0079
21,FakeAlgiers,11,9,9000,0.6642,0.2734,0.0019,0.0051
21,FakeAlgiers,11,10,10000,0.6626,0.2784,0.0016,0.005
21,FakeAlgiers,12,1,1000,0.713,0.1109,1.0,1.0
21,FakeAlgiers,12,2,2000,0.6895,0.167,0.0235,0.0561
21,FakeAlgiers,12,3,3000,0.676,0.2072,0.0135,0.0402
21,FakeAlgiers,12,4,4000,0.6747,0.2289,0.0013,0.0216
21,FakeAlgiers,12,5,5000,0.6656,0.2511,0.0091,0.0223
21,FakeAlgiers,12,6,6000,0.6647,0.2606,0.0009,0.0095
21,FakeAlgiers,12,7,7000,0.6623,0.2672,0.0024,0.0066
21,FakeAlgiers,12,8,8000,0.6611,0.274,0.0012,0.0069
21,FakeAlgiers,12,9,9000,0.6599,0.2805,0.0012,0.0064
21,FakeAlgiers,12,10,10000,0.6603,0.2852,0.0004,0.0047
21,FakeAlgiers,13,1,1000,0.713,0.1125,1.0,1.0
21,FakeAlgiers,13,2,2000,0.697,0.1677,0.016,0.0552
21,FakeAlgiers,13,3,3000,0.683,0.2076,0.014,0.0399
21,FakeAlgiers,13,4,4000,0.6723,0.2397,0.0108,0.0322
21,FakeAlgiers,13,5,5000,0.6696,0.2513,0.0027,0.0115
21,FakeAlgiers,13,6,6000,0.6698,0.2616,0.0002,0.0103
21,FakeAlgiers,13,7,7000,0.6654,0.2717,0.0044,0.0102
21,FakeAlgiers,13,8,8000,0.6619,0.2799,0.0036,0.0082
21,FakeAlgiers,13,9,9000,0.6564,0.2891,0.0054,0.0092
21,FakeAlgiers,13,10,10000,0.6567,0.2945,0.0003,0.0053
21,FakeAlgiers,14,1,1000,0.706,0.1183,1.0,1.0
21,FakeAlgiers,14,2,2000,0.683,0.1739,0.023,0.0556
21,FakeAlgiers,14,3,3000,0.6697,0.2177,0.0133,0.0437
21,FakeAlgiers,14,4,4000,0.6698,0.2347,0.0001,0.017
21,FakeAlgiers,14,5,5000,0.6676,0.2501,0.0022,0.0154
21,FakeAlgiers,14,6,6000,0.6643,0.2619,0.0033,0.0118
21,FakeAlgiers,14,7,7000,0.6664,0.2668,0.0021,0.0048
21,FakeAlgiers,14,8,8000,0.6665,0.2729,0.0001,0.0062
21,FakeAlgiers,14,9,9000,0.6682,0.2748,0.0017,0.0019
21,FakeAlgiers,14,10,10000,0.6663,0.2789,0.0019,0.0041
21,FakeAlgiers,15,1,1000,0.696,0.1266,1.0,1.0
21,FakeAlgiers,15,2,2000,0.669,0.1932,0.027,0.0665
21,FakeAlgiers,15,3,3000,0.6593,0.2334,0.0097,0.0402
21,FakeAlgiers,15,4,4000,0.6583,0.2505,0.0011,0.0171
21,FakeAlgiers,15,5,5000,0.6532,0.2715,0.005,0.021
21,FakeAlgiers,15,6,6000,0.6563,0.2769,0.0031,0.0054
21,FakeAlgiers,15,7,7000,0.6549,0.2841,0.0015,0.0072
21,FakeAlgiers,15,8,8000,0.655,0.2882,0.0001,0.0042
21,FakeAlgiers,15,9,9000,0.6533,0.294,0.0017,0.0058
21,FakeAlgiers,15,10,10000,0.653,0.2967,0.0003,0.0026
21,FakeAlgiers,16,1,1000,0.738,0.0926,1.0,1.0
21,FakeAlgiers,16,2,2000,0.7035,0.1554,0.0345,0.0629
21,FakeAlgiers,16,3,3000,0.694,0.1949,0.0095,0.0395
21,FakeAlgiers,16,4,4000,0.6853,0.2216,0.0088,0.0266
21,FakeAlgiers,16,5,5000,0.6848,0.2332,0.0005,0.0117
21,FakeAlgiers,16,6,6000,0.6847,0.2437,0.0001,0.0105
21,FakeAlgiers,16,7,7000,0.6811,0.252,0.0035,0.0083
21,FakeAlgiers,16,8,8000,0.6786,0.2595,0.0025,0.0075
21,FakeAlgiers,16,9,9000,0.6812,0.2612,0.0026,0.0017
21,FakeAlgiers,16,10,10000,0.6806,0.2649,0.0006,0.0037
21,FakeAlgiers,17,1,1000,0.687,0.1338,1.0,1.0
21,FakeAlgiers,17,2,2000,0.6665,0.1942,0.0205,0.0604
21,FakeAlgiers,17,3,3000,0.656,0.2315,0.0105,0.0374
21,FakeAlgiers,17,4,4000,0.6542,0.2516,0.0018,0.0201
21,FakeAlgiers,17,5,5000,0.6468,0.2677,0.0074,0.0162
21,FakeAlgiers,17,6,6000,0.6458,0.2781,0.001,0.0103
21,FakeAlgiers,17,7,7000,0.6517,0.2802,0.0059,0.0022
21,FakeAlgiers,17,8,8000,0.6505,0.2897,0.0012,0.0095
21,FakeAlgiers,17,9,9000,0.6504,0.295,0.0001,0.0053
21,FakeAlgiers,17,10,10000,0.6499,0.2988,0.0005,0.0038
21,FakeAlgiers,18,1,1000,0.727,0.1046,1.0,1.0
21,FakeAlgiers,18,2,2000,0.69,0.1732,0.037,0.0686
21,FakeAlgiers,18,3,3000,0.676,0.2153,0.014,0.0421
21,FakeAlgiers,18,4,4000,0.6713,0.2357,0.0048,0.0204
21,FakeAlgiers,18,5,5000,0.6704,0.2464,0.0009,0.0107
21,FakeAlgiers,18,6,6000,0.6708,0.2573,0.0004,0.0109
21,FakeAlgiers,18,7,7000,0.6669,0.2683,0.004,0.011
21,FakeAlgiers,18,8,8000,0.6683,0.2727,0.0014,0.0044
21,FakeAlgiers,18,9,9000,0.6668,0.2785,0.0015,0.0058
21,FakeAlgiers,18,10,10000,0.6647,0.2845,0.0021,0.006
21,FakeAlgiers,19,1,1000,0.71,0.1134,1.0,1.0
21,FakeAlgiers,19,2,2000,0.684,0.175,0.026,0.0616
21,FakeAlgiers,19,3,3000,0.678,0.2059,0.006,0.0309
21,FakeAlgiers,19,4,4000,0.6743,0.2264,0.0038,0.0204
21,FakeAlgiers,19,5,5000,0.6708,0.2416,0.0034,0.0153
21,FakeAlgiers,19,6,6000,0.6723,0.2506,0.0015,0.009
21,FakeAlgiers,19,7,7000,0.6699,0.2606,0.0025,0.01
21,FakeAlgiers,19,8,8000,0.6683,0.2681,0.0016,0.0075
21,FakeAlgiers,19,9,9000,0.6683,0.2729,0.0001,0.0048
21,FakeAlgiers,19,10,10000,0.6679,0.2785,0.0004,0.0056
22,FakeAlgiers,0,1,40,0.99,0.0002,1.0,1.0
22,FakeAlgiers,0,2,80,0.99,0.0001,0.0,0.0001
22,FakeAlgiers,0,3,120,0.9833,0.0003,0.0067,0.0002
22,FakeAlgiers,0,4,160,0.9813,0.0006,0.0021,0.0002
22,FakeAlgiers,0,5,200,0.985,0.0005,0.0037,0.0001
22,FakeAlgiers,0,6,240,0.9875,0.0004,0.0025,0.0001
22,FakeAlgiers,0,7,280,0.9893,0.0003,0.0018,0.0001
22,FakeAlgiers,0,8,320,0.9906,0.0003,0.0013,0.0
22,FakeAlgiers,0,9,360,0.9917,0.0002,0.001,0.0
22,FakeAlgiers,0,10,400,0.9925,0.0002,0.0008,0.0
22,FakeAlgiers,1,1,40,1.0,0.0,1.0,1.0
22,FakeAlgiers,1,2,80,1.0,0.0,0.0,0.0
22,FakeAlgiers,1,3,120,1.0,0.0,0.0,0.0
22,FakeAlgiers,1,4,160,1.0,0.0,0.0,0.0
22,FakeAlgiers,1,5,200,1.0,0.0,0.0,0.0
22,FakeAlgiers,1,6,240,1.0,0.0,0.0,0.0
22,FakeAlgiers,1,7,280,1.0,0.0,0.0,0.0
22,FakeAlgiers,1,8,320,0.9938,0.0001,0.0062,0.0001
22,FakeAlgiers,1,9,360,0.9944,0.0001,0.0007,0.0
22,FakeAlgiers,1,10,400,0.995,0.0001,0.0006,0.0
22,FakeAlgiers,2,1,40,1.0,0.0,1.0,1.0
22,FakeAlgiers,2,2,80,1.0,0.0,0.0,0.0
22,FakeAlgiers,2,3,120,0.9917,0.0001,0.0083,0.0001
22,FakeAlgiers,2,4,160,0.9938,0.0001,0.0021,0.0
22,FakeAlgiers,2,5,200,0.995,0.0001,0.0012,0.0
22,FakeAlgiers,2,6,240,0.9917,0.0002,0.0033,0.0001
22,FakeAlgiers,2,7,280,0.9929,0.0001,0.0012,0.0
22,FakeAlgiers,2,8,320,0.9906,0.0003,0.0022,0.0001
22,FakeAlgiers,2,9,360,0.9917,0.0002,0.001,0.0
22,FakeAlgiers,2,10,400,0.99,0.0004,0.0017,0.0002
22,FakeAlgiers,3,1,40,1.0,0.0,1.0,1.0
22,FakeAlgiers,3,2,80,1.0,0.0,0.0,0.0
22,FakeAlgiers,3,3,120,0.9917,0.0001,0.0083,0.0001
22,FakeAlgiers,3,4,160,0.9938,0.0001,0.0021,0.0
22,FakeAlgiers,3,5,200,0.995,0.0001,0.0012,0.0
22,FakeAlgiers,3,6,240,0.9958,0.0,0.0008,0.0
22,FakeAlgiers,3,7,280,0.9964,0.0,0.0006,0.0
22,FakeAlgiers,3,8,320,0.9969,0.0,0.0004,0.0
22,FakeAlgiers,3,9,360,0.9972,0.0,0.0003,0.0
22,FakeAlgiers,3,10,400,0.9975,0.0,0.0003,0.0
22,FakeAlgiers,4,1,40,1.0,0.0,1.0,1.0
22,FakeAlgiers,4,2,80,1.0,0.0,0.0,0.0
22,FakeAlgiers,4,3,120,1.0,0.0,0.0,0.0
22,FakeAlgiers,4,4,160,1.0,0.0,0.0,0.0
22,FakeAlgiers,4,5,200,1.0,0.0,0.0,0.0
22,FakeAlgiers,4,6,240,1.0,0.0,0.0,0.0
22,FakeAlgiers,4,7,280,1.0,0.0,0.0,0.0
22,FakeAlgiers,4,8,320,1.0,0.0,0.0,0.0
22,FakeAlgiers,4,9,360,1.0,0.0,0.0,0.0
22,FakeAlgiers,4,10,400,1.0,0.0,0.0,0.0
22,FakeAlgiers,5,1,40,1.0,0.0,1.0,1.0
22,FakeAlgiers,5,2,80,1.0,0.0,0.0,0.0
22,FakeAlgiers,5,3,120,1.0,0.0,0.0,0.0
22,FakeAlgiers,5,4,160,1.0,0.0,0.0,0.0
22,FakeAlgiers,5,5,200,1.0,0.0,0.0,0.0
22,FakeAlgiers,5,6,240,1.0,0.0,0.0,0.0
22,FakeAlgiers,5,7,280,0.9964,0.0,0.0036,0.0
22,FakeAlgiers,5,8,320,0.9969,0.0,0.0004,0.0
22,FakeAlgiers,5,9,360,0.9972,0.0,0.0003,0.0
22,FakeAlgiers,5,10,400,0.995,0.0001,0.0022,0.0001
22,FakeAlgiers,6,1,40,1.0,0.0,1.0,1.0
22,FakeAlgiers,6,2,80,0.99,0.0001,0.01,0.0001
22,FakeAlgiers,6,3,120,0.9917,0.0001,0.0017,0.0
22,FakeAlgiers,6,4,160,0.9813,0.0006,0.0104,0.0005
22,FakeAlgiers,6,5,200,0.98,0.0008,0.0013,0.0002
22,FakeAlgiers,6,6,240,0.9833,0.0007,0.0033,0.0001
22,FakeAlgiers,6,7,280,0.9857,0.0006,0.0024,0.0001
22,FakeAlgiers,6,8,320,0.9875,0.0005,0.0018,0.0001
22,FakeAlgiers,6,9,360,0.9889,0.0004,0.0014,0.0001
22,FakeAlgiers,6,10,400,0.99,0.0004,0.0011,0.0
22,FakeAlgiers,7,1,40,0.99,0.0002,1.0,1.0
22,FakeAlgiers,7,2,80,0.99,0.0001,0.0,0.0001
22,FakeAlgiers,7,3,120,0.9917,0.0001,0.0017,0.0
22,FakeAlgiers,7,4,160,0.9938,0.0001,0.0021,0.0
22,FakeAlgiers,7,5,200,0.995,0.0001,0.0012,0.0
22,FakeAlgiers,7,6,240,0.9917,0.0002,0.0033,0.0002
22,FakeAlgiers,7,7,280,0.9893,0.0004,0.0024,0.0002
22,FakeAlgiers,7,8,320,0.9906,0.0004,0.0013,0.0001
22,FakeAlgiers,7,9,360,0.9917,0.0003,0.001,0.0
22,FakeAlgiers,7,10,400,0.99,0.0005,0.0017,0.0002
22,FakeAlgiers,8,1,40,1.0,0.0,1.0,1.0
22,FakeAlgiers,8,2,80,1.0,0.0,0.0,0.0
22,FakeAlgiers,8,3,120,1.0,0.0,0.0,0.0
22,FakeAlgiers,8,4,160,0.9938,0.0001,0.0062,0.0001
22,FakeAlgiers,8,5,200,0.995,0.0001,0.0012,0.0
22,FakeAlgiers,8,6,240,0.9917,0.0002,0.0033,0.0001
22,FakeAlgiers,8,7,280,0.9929,0.0001,0.0012,0.0
22,FakeAlgiers,8,8,320,0.9938,0.0001,0.0009,0.0
22,FakeAlgiers,8,9,360,0.9944,0.0001,0.0007,0.0
22,FakeAlgiers,8,10,400,0.995,0.0001,0.0006,0.0
22,FakeAlgiers,9,1,40,1.0,0.0,1.0,1.0
22,FakeAlgiers,9,2,80,1.0,0.0,0.0,0.0
22,FakeAlgiers,9,3,120,1.0,0.0,0.0,0.0
22,FakeAlgiers,9,4,160,1.0,0.0,0.0,0.0
22,FakeAlgiers,9,5,200,1.0,0.0,0.0,0.0
22,FakeAlgiers,9,6,240,1.0,0.0,0.0,0.0
22,FakeAlgiers,9,7,280,1.0,0.0,0.0,0.0
22,FakeAlgiers,9,8,320,1.0,0.0,0.0,0.0
22,FakeAlgiers,9,9,360,1.0,0.0,0.0,0.0
22,FakeAlgiers,9,10,400,1.0,0.0,0.0,0.0
22,FakeAlgiers,10,1,40,1.0,0.0,1.0,1.0
22,FakeAlgiers,10,2,80,1.0,0.0,0.0,0.0
22,FakeAlgiers,10,3,120,1.0,0.0,0.0,0.0
22,FakeAlgiers,10,4,160,1.0,0.0,0.0,0.0
22,FakeAlgiers,10,5,200,0.99,0.0002,0.01,0.0002
22,FakeAlgiers,10,6,240,0.9917,0.0002,0.0017,0.0
22,FakeAlgiers,10,7,280,0.9929,0.0001,0.0012,0.0
22,FakeAlgiers,10,8,320,0.9938,0.0001,0.0009,0.0
22,FakeAlgiers,10,9,360,0.9944,0.0001,0.0007,0.0
22,FakeAlgiers,10,10,400,0.995,0.0001,0.0006,0.0
22,FakeAlgiers,11,1,40,1.0,0.0,1.0,1.0
22,FakeAlgiers,11,2,80,1.0,0.0,0.0,0.0
22,FakeAlgiers,11,3,120,1.0,0.0,0.0,0.0
22,FakeAlgiers,11,4,160,1.0,0.0,0.0,0.0
22,FakeAlgiers,11,5,200,1.0,0.0,0.0,0.0
22,FakeAlgiers,11,6,240,1.0,0.0,0.0,0.0
22,FakeAlgiers,11,7,280,1.0,0.0,0.0,0.0
22,FakeAlgiers,11,8,320,1.0,0.0,0.0,0.0
22,FakeAlgiers,11,9,360,1.0,0.0,0.0,0.0
22,FakeAlgiers,11,10,400,0.9975,0.0,0.0025,0.0
22,FakeAlgiers,12,1,40,1.0,0.0,1.0,1.0
22,FakeAlgiers,12,2,80,0.99,0.0001,0.01,0.0001
22,FakeAlgiers,12,3,120,0.9917,0.0001,0.0017,0.0
22,FakeAlgiers,12,4,160,0.9875,0.0002,0.0042,0.0002
22,FakeAlgiers,12,5,200,0.99,0.0002,0.0025,0.0
22,FakeAlgiers,12,6,240,0.9917,0.0002,0.0017,0.0
22,FakeAlgiers,12,7,280,0.9857,0.0006,0.006,0.0004
22,FakeAlgiers,12,8,320,0.9875,0.0005,0.0018,0.0001
22,FakeAlgiers,12,9,360,0.9889,0.0004,0.0014,0.0001
22,FakeAlgiers,12,10,400,0.99,0.0004,0.0011,0.0
22,FakeAlgiers,13,1,40,1.0,0.0,1.0,1.0
22,FakeAlgiers,13,2,80,1.0,0.0,0.0,0.0
22,FakeAlgiers,13,3,120,1.0,0.0,0.0,0.0
22,FakeAlgiers,13,4,160,1.0,0.0,0.0,0.0
22,FakeAlgiers,13,5,200,1.0,0.0,0.0,0.0
22,FakeAlgiers,13,6,240,1.0,0.0,0.0,0.0
22,FakeAlgiers,13,7,280,0.9964,0.0,0.0036,0.0
22,FakeAlgiers,13,8,320,0.9969,0.0,0.0004,0.0
22,FakeAlgiers,13,9,360,0.9972,0.0,0.0003,0.0
22,FakeAlgiers,13,10,400,0.9975,0.0,0.0003,0.0
22,FakeAlgiers,14,1,40,1.0,0.0,1.0,1.0
22,FakeAlgiers,14,2,80,0.99,0.0001,0.01,0.0001
22,FakeAlgiers,14,3,120,0.9917,0.0001,0.0017,0.0
22,FakeAlgiers,14,4,160,0.9938,0.0001,0.0021,0.0
22,FakeAlgiers,14,5,200,0.995,0.0001,0.0012,0.0
22,FakeAlgiers,14,6,240,0.9917,0.0002,0.0033,0.0001
22,FakeAlgiers,14,7,280,0.9929,0.0001,0.0012,0.0
22,FakeAlgiers,14,8,320,0.9906,0.0003,0.0022,0.0001
22,FakeAlgiers,14,9,360,0.9917,0.0002,0.001,0.0
22,FakeAlgiers,14,10,400,0.9875,0.0006,0.0042,0.0004
22,FakeAlgiers,15,1,40,1.0,0.0,1.0,1.0
22,FakeAlgiers,15,2,80,0.98,0.0005,0.02,0.0005
22,FakeAlgiers,15,3,120,0.9833,0.0003,0.0033,0.0002
22,FakeAlgiers,15,4,160,0.9875,0.0002,0.0042,0.0001
22,FakeAlgiers,15,5,200,0.99,0.0002,0.0025,0.0
22,FakeAlgiers,15,6,240,0.9917,0.0002,0.0017,0.0
22,FakeAlgiers,15,7,280,0.9893,0.0003,0.0024,0.0002
22,FakeAlgiers,15,8,320,0.9906,0.0003,0.0013,0.0
22,FakeAlgiers,15,9,360,0.9917,0.0002,0.001,0.0
22,FakeAlgiers,15,10,400,0.9925,0.0002,0.0008,0.0
22,FakeAlgiers,16,1,40,1.0,0.0,1.0,1.0
22,FakeAlgiers,16,2,80,1.0,0.0,0.0,0.0
22,FakeAlgiers,16,3,120,1.0,0.0,0.0,0.0
22,FakeAlgiers,16,4,160,1.0,0.0,0.0,0.0
22,FakeAlgiers,16,5,200,1.0,0.0,0.0,0.0
22,FakeAlgiers,16,6,240,1.0,0.0,0.0,0.0
22,FakeAlgiers,16,7,280,0.9964,0.0,0.0036,0.0
22,FakeAlgiers,16,8,320,0.9969,0.0,0.0004,0.0
22,FakeAlgiers,16,9,360,0.9917,0.0002,0.0052,0.0002
22,FakeAlgiers,16,10,400,0.9925,0.0002,0.0008,0.0
22,FakeAlgiers,17,1,40,0.99,0.0002,1.0,1.0
22,FakeAlgiers,17,2,80,0.99,0.0001,0.0,0.0001
22,FakeAlgiers,17,3,120,0.9917,0.0001,0.0017,0.0
22,FakeAlgiers,17,4,160,0.9938,0.0001,0.0021,0.0
22,FakeAlgiers,17,5,200,0.995,0.0001,0.0012,0.0
22,FakeAlgiers,17,6,240,0.9875,0.0004,0.0075,0.0003
22,FakeAlgiers,17,7,280,0.9893,0.0003,0.0018,0.0001
22,FakeAlgiers,17,8,320,0.9906,0.0003,0.0013,0.0
22,FakeAlgiers,17,9,360,0.9889,0.0004,0.0017,0.0002
22,FakeAlgiers,17,10,400,0.99,0.0004,0.0011,0.0
22,FakeAlgiers,18,1,40,1.0,0.0,1.0,1.0
22,FakeAlgiers,18,2,80,1.0,0.0,0.0,0.0
22,FakeAlgiers,18,3,120,1.0,0.0,0.0,0.0
22,FakeAlgiers,18,4,160,1.0,0.0,0.0,0.0
22,FakeAlgiers,18,5,200,1.0,0.0,0.0,0.0
22,FakeAlgiers,18,6,240,0.9958,0.0,0.0042,0.0
22,FakeAlgiers,18,7,280,0.9964,0.0,0.0006,0.0
22,FakeAlgiers,18,8,320,0.9938,0.0001,0.0027,0.0001
22,FakeAlgiers,18,9,360,0.9944,0.0001,0.0007,0.0
22,FakeAlgiers,18,10,400,0.995,0.0001,0.0006,0.0
22,FakeAlgiers,19,1,40,1.0,0.0,1.0,1.0
22,FakeAlgiers,19,2,80,1.0,0.0,0.0,0.0
22,FakeAlgiers,19,3,120,0.9917,0.0001,0.0083,0.0001
22,FakeAlgiers,19,4,160,0.9875,0.0002,0.0042,0.0002
22,FakeAlgiers,19,5,200,0.99,0.0002,0.0025,0.0
22,FakeAlgiers,19,6,240,0.9917,0.0002,0.0017,0.0
22,FakeAlgiers,19,7,280,0.9929,0.0001,0.0012,0.0
22,FakeAlgiers,19,8,320,0.9906,0.0003,0.0022,0.0001
22,FakeAlgiers,19,9,360,0.9917,0.0002,0.001,0.0
22,FakeAlgiers,19,10,400,0.99,0.0004,0.0017,0.0002
23,FakeAlgiers,0,1,400,0.2,0.8,1.0,1.0
23,FakeAlgiers,0,2,800,0.1937,0.8062,0.0063,0.0062
23,FakeAlgiers,0,3,1200,0.1942,0.8058,0.0004,0.0004
23,FakeAlgiers,0,4,1600,0.1906,0.8094,0.0035,0.0035
23,FakeAlgiers,0,5,2000,0.1915,0.8085,0.0009,0.0009
23,FakeAlgiers,0,6,2400,0.1933,0.8067,0.0018,0.0018
23,FakeAlgiers,0,7,2800,0.1904,0.8096,0.003,0.003
23,FakeAlgiers,0,8,3200,0.1891,0.8109,0.0013,0.0013
23,FakeAlgiers,0,9,3600,0.19,0.81,0.0009,0.0009
23,FakeAlgiers,0,10,4000,0.1907,0.8092,0.0008,0.0008
23,FakeAlgiers,1,1,400,0.2,0.8,1.0,1.0
23,FakeAlgiers,1,2,800,0.1937,0.8062,0.0063,0.0062
23,FakeAlgiers,1,3,1200,0.1942,0.8058,0.0004,0.0004
23,FakeAlgiers,1,4,1600,0.1906,0.8094,0.0035,0.0035
23,FakeAlgiers,1,5,2000,0.1915,0.8085,0.0009,0.0009
23,FakeAlgiers,1,6,2400,0.1933,0.8067,0.0018,0.0018
23,FakeAlgiers,1,7,2800,0.1904,0.8096,0.003,0.003
23,FakeAlgiers,1,8,3200,0.1891,0.8109,0.0013,0.0013
23,FakeAlgiers,1,9,3600,0.1903,0.8097,0.0012,0.0012
23,FakeAlgiers,1,10,4000,0.1907,0.8092,0.0005,0.0005
23,FakeAlgiers,2,1,400,0.1975,0.8025,1.0,1.0
23,FakeAlgiers,2,2,800,0.1925,0.8075,0.005,0.005
23,FakeAlgiers,2,3,1200,0.1933,0.8067,0.0008,0.0008
23,FakeAlgiers,2,4,1600,0.19,0.81,0.0033,0.0033
23,FakeAlgiers,2,5,2000,0.191,0.809,0.001,0.001
23,FakeAlgiers,2,6,2400,0.1929,0.8071,0.0019,0.0019
23,FakeAlgiers,2,7,2800,0.19,0.81,0.0029,0.0029
23,FakeAlgiers,2,8,3200,0.1888,0.8113,0.0012,0.0012
23,FakeAlgiers,2,9,3600,0.19,0.81,0.0012,0.0012
23,FakeAlgiers,2,10,4000,0.1907,0.8092,0.0008,0.0008
23,FakeAlgiers,3,1,400,0.195,0.805,1.0,1.0
23,FakeAlgiers,3,2,800,0.1925,0.8075,0.0025,0.0025
23,FakeAlgiers,3,3,1200,0.1933,0.8067,0.0008,0.0008
23,FakeAlgiers,3,4,1600,0.19,0.81,0.0033,0.0033
23,FakeAlgiers,3,5,2000,0.1905,0.8095,0.0005,0.0005
23,FakeAlgiers,3,6,2400,0.1925,0.8075,0.002,0.002
23,FakeAlgiers,3,7,2800,0.19,0.81,0.0025,0.0025
23,FakeAlgiers,3,8,3200,0.1888,0.8113,0.0012,0.0012
23,FakeAlgiers,3,9,3600,0.1897,0.8103,0.001,0.001
23,FakeAlgiers,3,10,4000,0.1907,0.8092,0.001,0.001
23,FakeAlgiers,4,1,400,0.195,0.805,1.0,1.0
23,FakeAlgiers,4,2,800,0.1925,0.8075,0.0025,0.0025
23,FakeAlgiers,4,3,1200,0.1942,0.8058,0.0017,0.0017
23,FakeAlgiers,4,4,1600,0.19,0.81,0.0042,0.0042
23,FakeAlgiers,4,5,2000,0.1905,0.8095,0.0005,0.0005
23,FakeAlgiers,4,6,2400,0.1925,0.8075,0.002,0.002
23,FakeAlgiers,4,7,2800,0.19,0.81,0.0025,0.0025
23,FakeAlgiers,4,8,3200,0.1888,0.8113,0.0012,0.0012
23,FakeAlgiers,4,9,3600,0.1897,0.8103,0.001,0.001
23,FakeAlgiers,4,10,4000,0.1907,0.8092,0.001,0.001
23,FakeAlgiers,5,1,400,0.195,0.805,1.0,1.0
23,FakeAlgiers,5,2,800,0.1925,0.8075,0.0025,0.0025
23,FakeAlgiers,5,3,1200,0.1942,0.8058,0.0017,0.0017
23,FakeAlgiers,5,4,1600,0.19,0.81,0.0042,0.0042
23,FakeAlgiers,5,5,2000,0.191,0.809,0.001,0.001
23,FakeAlgiers,5,6,2400,0.1925,0.8075,0.0015,0.0015
23,FakeAlgiers,5,7,2800,0.1904,0.8096,0.0021,0.0021
23,FakeAlgiers,5,8,3200,0.1888,0.8113,0.0016,0.0016
23,FakeAlgiers,5,9,3600,0.1897,0.8103,0.001,0.001
23,FakeAlgiers,5,10,4000,0.1907,0.8092,0.001,0.001
23,FakeAlgiers,6,1,400,0.195,0.805,1.0,1.0
23,FakeAlgiers,6,2,800,0.1925,0.8075,0.0025,0.0025
23,FakeAlgiers,6,3,1200,0.1942,0.8058,0.0017,0.0017
23,FakeAlgiers,6,4,1600,0.1906,0.8094,0.0035,0.0035
23,FakeAlgiers,6,5,2000,0.191,0.809,0.0004,0.0004
23,FakeAlgiers,6,6,2400,0.1925,0.8075,0.0015,0.0015
23,FakeAlgiers,6,7,2800,0.1904,0.8096,0.0021,0.0021
23,FakeAlgiers,6,8,3200,0.1888,0.8113,0.0016,0.0016
23,FakeAlgiers,6,9,3600,0.1897,0.8103,0.001,0.001
23,FakeAlgiers,6,10,4000,0.1907,0.8092,0.001,0.001
23,FakeAlgiers,7,1,400,0.1975,0.8025,1.0,1.0
23,FakeAlgiers,7,2,800,0.1937,0.8062,0.0038,0.0037
23,FakeAlgiers,7,3,1200,0.1942,0.8058,0.0004,0.0004
23,FakeAlgiers,7,4,1600,0.1906,0.8094,0.0035,0.0035
23,FakeAlgiers,7,5,2000,0.191,0.809,0.0004,0.0004
23,FakeAlgiers,7,6,2400,0.1925,0.8075,0.0015,0.0015
23,FakeAlgiers,7,7,2800,0.1904,0.8096,0.0021,0.0021
23,FakeAlgiers,7,8,3200,0.1888,0.8113,0.0016,0.0016
23,FakeAlgiers,7,9,3600,0.1897,0.8103,0.001,0.001
23,FakeAlgiers,7,10,4000,0.1907,0.8092,0.001,0.001
23,FakeAlgiers,8,1,400,0.195,0.805,1.0,1.0
23,FakeAlgiers,8,2,800,0.1925,0.8075,0.0025,0.0025
23,FakeAlgiers,8,3,1200,0.1933,0.8067,0.0008,0.0008
23,FakeAlgiers,8,4,1600,0.1906,0.8094,0.0027,0.0027
23,FakeAlgiers,8,5,2000,0.1905,0.8095,0.0001,0.0001
23,FakeAlgiers,8,6,2400,0.1921,0.8079,0.0016,0.0016
23,FakeAlgiers,8,7,2800,0.19,0.81,0.0021,0.0021
23,FakeAlgiers,8,8,3200,0.1884,0.8116,0.0016,0.0016
23,FakeAlgiers,8,9,3600,0.1894,0.8106,0.001,0.001
23,FakeAlgiers,8,10,4000,0.1907,0.8092,0.0013,0.0013
23,FakeAlgiers,9,1,400,0.195,0.805,1.0,1.0
23,FakeAlgiers,9,2,800,0.1925,0.8075,0.0025,0.0025
23,FakeAlgiers,9,3,1200,0.1933,0.8067,0.0008,0.0008
23,FakeAlgiers,9,4,1600,0.1906,0.8094,0.0027,0.0027
23,FakeAlgiers,9,5,2000,0.1905,0.8095,0.0001,0.0001
23,FakeAlgiers,9,6,2400,0.1921,0.8079,0.0016,0.0016
23,FakeAlgiers,9,7,2800,0.19,0.81,0.0021,0.0021
23,FakeAlgiers,9,8,3200,0.1888,0.8113,0.0012,0.0012
23,FakeAlgiers,9,9,3600,0.1894,0.8106,0.0007,0.0007
23,FakeAlgiers,9,10,4000,0.191,0.809,0.0016,0.0016
23,FakeAlgiers,10,1,400,0.1975,0.8025,1.0,1.0
23,FakeAlgiers,10,2,800,0.1937,0.8062,0.0038,0.0037
23,FakeAlgiers,10,3,1200,0.1933,0.8067,0.0004,0.0004
23,FakeAlgiers,10,4,1600,0.1906,0.8094,0.0027,0.0027
23,FakeAlgiers,10,5,2000,0.1905,0.8095,0.0001,0.0001
23,FakeAlgiers,10,6,2400,0.1925,0.8075,0.002,0.002
23,FakeAlgiers,10,7,2800,0.19,0.81,0.0025,0.0025
23,FakeAlgiers,10,8,3200,0.1891,0.8109,0.0009,0.0009
23,FakeAlgiers,10,9,3600,0.1897,0.8103,0.0007,0.0007
23,FakeAlgiers,10,10,4000,0.1913,0.8087,0.0015,0.0015
23,FakeAlgiers,11,1,400,0.1975,0.8025,1.0,1.0
23,FakeAlgiers,11,2,800,0.195,0.805,0.0025,0.0025
23,FakeAlgiers,11,3,1200,0.1942,0.8058,0.0008,0.0008
23,FakeAlgiers,11,4,1600,0.1906,0.8094,0.0035,0.0035
23,FakeAlgiers,11,5,2000,0.1905,0.8095,0.0001,0.0001
23,FakeAlgiers,11,6,2400,0.1929,0.8071,0.0024,0.0024
23,FakeAlgiers,11,7,2800,0.19,0.81,0.0029,0.0029
23,FakeAlgiers,11,8,3200,0.1894,0.8106,0.0006,0.0006
23,FakeAlgiers,11,9,3600,0.1897,0.8103,0.0003,0.0003
23,FakeAlgiers,11,10,4000,0.1915,0.8085,0.0018,0.0018
23,FakeAlgiers,12,1,400,0.2,0.8,1.0,1.0
23,FakeAlgiers,12,2,800,0.195,0.805,0.005,0.005
23,FakeAlgiers,12,3,1200,0.195,0.805,0.0,0.0
23,FakeAlgiers,12,4,1600,0.1906,0.8094,0.0044,0.0044
23,FakeAlgiers,12,5,2000,0.1905,0.8095,0.0001,0.0001
23,FakeAlgiers,12,6,2400,0.1929,0.8071,0.0024,0.0024
23,FakeAlgiers,12,7,2800,0.19,0.81,0.0029,0.0029
23,FakeAlgiers,12,8,3200,0.1894,0.8106,0.0006,0.0006
23,FakeAlgiers,12,9,3600,0.1897,0.8103,0.0003,0.0003
23,FakeAlgiers,12,10,4000,0.1915,0.8085,0.0018,0.0018
23,FakeAlgiers,13,1,400,0.1975,0.8025,1.0,1.0
23,FakeAlgiers,13,2,800,0.195,0.805,0.0025,0.0025
23,FakeAlgiers,13,3,1200,0.1942,0.8058,0.0008,0.0008
23,FakeAlgiers,13,4,1600,0.19,0.81,0.0042,0.0042
23,FakeAlgiers,13,5,2000,0.1905,0.8095,0.0005,0.0005
23,FakeAlgiers,13,6,2400,0.1925,0.8075,0.002,0.002
23,FakeAlgiers,13,7,2800,0.19,0.81,0.0025,0.0025
23,FakeAlgiers,13,8,3200,0.1891,0.8109,0.0009,0.0009
23,FakeAlgiers,13,9,3600,0.1894,0.8106,0.0004,0.0004
23,FakeAlgiers,13,10,4000,0.1913,0.8087,0.0018,0.0018
23,FakeAlgiers,14,1,400,0.1975,0.8025,1.0,1.0
23,FakeAlgiers,14,2,800,0.1963,0.8037,0.0013,0.0012
23,FakeAlgiers,14,3,1200,0.1942,0.8058,0.0021,0.0021
23,FakeAlgiers,14,4,1600,0.19,0.81,0.0042,0.0042
23,FakeAlgiers,14,5,2000,0.191,0.809,0.001,0.001
23,FakeAlgiers,14,6,2400,0.1925,0.8075,0.0015,0.0015
23,FakeAlgiers,14,7,2800,0.19,0.81,0.0025,0.0025
23,FakeAlgiers,14,8,3200,0.1891,0.8109,0.0009,0.0009
23,FakeAlgiers,14,9,3600,0.1894,0.8106,0.0004,0.0004
23,FakeAlgiers,14,10,4000,0.1913,0.8087,0.0018,0.0018
23,FakeAlgiers,15,1,400,0.1975,0.8025,1.0,1.0
23,FakeAlgiers,15,2,800,0.1963,0.8037,0.0013,0.0012
23,FakeAlgiers,15,3,1200,0.1942,0.8058,0.0021,0.0021
23,FakeAlgiers,15,4,1600,0.19,0.81,0.0042,0.0042
23,FakeAlgiers,15,5,2000,0.191,0.809,0.001,0.001
23,FakeAlgiers,15,6,2400,0.1925,0.8075,0.0015,0.0015
23,FakeAlgiers,15,7,2800,0.1904,0.8096,0.0021,0.0021
23,FakeAlgiers,15,8,3200,0.1894,0.8106,0.001,0.001
23,FakeAlgiers,15,9,3600,0.1897,0.8103,0.0003,0.0003
23,FakeAlgiers,15,10,4000,0.1915,0.8085,0.0018,0.0018
23,FakeAlgiers,16,1,400,0.2,0.8,1.0,1.0
23,FakeAlgiers,16,2,800,0.1963,0.8037,0.0037,0.0038
23,FakeAlgiers,16,3,1200,0.1942,0.8058,0.0021,0.0021
23,FakeAlgiers,16,4,1600,0.19,0.81,0.0042,0.0042
23,FakeAlgiers,16,5,2000,0.191,0.809,0.001,0.001
23,FakeAlgiers,16,6,2400,0.1925,0.8075,0.0015,0.0015
23,FakeAlgiers,16,7,2800,0.1904,0.8096,0.0021,0.0021
23,FakeAlgiers,16,8,3200,0.1894,0.8106,0.001,0.001
23,FakeAlgiers,16,9,3600,0.1897,0.8103,0.0003,0.0003
23,FakeAlgiers,16,10,4000,0.1915,0.8085,0.0018,0.0018
23,FakeAlgiers,17,1,400,0.2,0.8,1.0,1.0
23,FakeAlgiers,17,2,800,0.195,0.805,0.005,0.005
23,FakeAlgiers,17,3,1200,0.1933,0.8067,0.0017,0.0017
23,FakeAlgiers,17,4,1600,0.19,0.81,0.0033,0.0033
23,FakeAlgiers,17,5,2000,0.1905,0.8095,0.0005,0.0005
23,FakeAlgiers,17,6,2400,0.1921,0.8079,0.0016,0.0016
23,FakeAlgiers,17,7,2800,0.19,0.81,0.0021,0.0021
23,FakeAlgiers,17,8,3200,0.1891,0.8109,0.0009,0.0009
23,FakeAlgiers,17,9,3600,0.1894,0.8106,0.0004,0.0004
23,FakeAlgiers,17,10,4000,0.1913,0.8087,0.0018,0.0018
23,FakeAlgiers,18,1,400,0.2,0.8,1.0,1.0
23,FakeAlgiers,18,2,800,0.195,0.805,0.005,0.005
23,FakeAlgiers,18,3,1200,0.1933,0.8067,0.0017,0.0017
23,FakeAlgiers,18,4,1600,0.1906,0.8094,0.0027,0.0027
23,FakeAlgiers,18,5,2000,0.1905,0.8095,0.0001,0.0001
23,FakeAlgiers,18,6,2400,0.1921,0.8079,0.0016,0.0016
23,FakeAlgiers,18,7,2800,0.19,0.81,0.0021,0.0021
23,FakeAlgiers,18,8,3200,0.1894,0.8106,0.0006,0.0006
23,FakeAlgiers,18,9,3600,0.1894,0.8106,0.0001,0.0001
23,FakeAlgiers,18,10,4000,0.1915,0.8085,0.0021,0.0021
23,FakeAlgiers,19,1,400,0.2,0.8,1.0,1.0
23,FakeAlgiers,19,2,800,0.195,0.805,0.005,0.005
23,FakeAlgiers,19,3,1200,0.1933,0.8067,0.0017,0.0017
23,FakeAlgiers,19,4,1600,0.1906,0.8094,0.0027,0.0027
23,FakeAlgiers,19,5,2000,0.1905,0.8095,0.0001,0.0001
23,FakeAlgiers,19,6,2400,0.1921,0.8079,0.0016,0.0016
23,FakeAlgiers,19,7,2800,0.19,0.81,0.0021,0.0021
23,FakeAlgiers,19,8,3200,0.1894,0.8106,0.0006,0.0006
23,FakeAlgiers,19,9,3600,0.1894,0.8106,0.0001,0.0001
23,FakeAlgiers,19,10,4000,0.1917,0.8082,0.0023,0.0023
24,FakeAlgiers,0,1,102,0.4216,0.5967,1.0,1.0
24,FakeAlgiers,0,2,204,0.3725,0.6754,0.049,0.0787
24,FakeAlgiers,0,3,306,0.3072,0.746,0.0654,0.0705
24,FakeAlgiers,0,4,408,0.3162,0.7372,0.009,0.0088
24,FakeAlgiers,0,5,510,0.3176,0.755,0.0015,0.0179
24,FakeAlgiers,0,6,612,0.3088,0.7642,0.0088,0.0091
24,FakeAlgiers,0,7,714,0.2983,0.7777,0.0105,0.0135
24,FakeAlgiers,0,8,816,0.299,0.7808,0.0007,0.0031
24,FakeAlgiers,0,9,918,0.3017,0.7741,0.0027,0.0066
24,FakeAlgiers,0,10,1024,0.2969,0.7752,0.0048,0.0011
24,FakeAlgiers,1,1,102,0.4216,0.5238,1.0,1.0
24,FakeAlgiers,1,2,204,0.3922,0.6485,0.0294,0.1247
24,FakeAlgiers,1,3,306,0.3791,0.6709,0.0131,0.0224
24,FakeAlgiers,1,4,408,0.3627,0.6917,0.0163,0.0208
24,FakeAlgiers,1,5,510,0.3608,0.6939,0.002,0.0022
24,FakeAlgiers,1,6,612,0.3709,0.6889,0.0101,0.0051
24,FakeAlgiers,1,7,714,0.3669,0.6968,0.004,0.008
24,FakeAlgiers,1,8,816,0.364,0.6998,0.003,0.003
24,FakeAlgiers,1,9,918,0.3725,0.6902,0.0086,0.0097
24,FakeAlgiers,1,10,1024,0.3666,0.6924,0.006,0.0023
24,FakeAlgiers,2,1,102,0.3824,0.5902,1.0,1.0
24,FakeAlgiers,2,2,204,0.3627,0.6918,0.0196,0.1016
24,FakeAlgiers,2,3,306,0.3497,0.7028,0.0131,0.011
24,FakeAlgiers,2,4,408,0.3235,0.7296,0.0261,0.0268
24,FakeAlgiers,2,5,510,0.3216,0.7296,0.002,0.0
24,FakeAlgiers,2,6,612,0.3284,0.7295,0.0069,0.0001
24,FakeAlgiers,2,7,714,0.3179,0.7407,0.0105,0.0112
24,FakeAlgiers,2,8,816,0.3162,0.7492,0.0018,0.0085
24,FakeAlgiers,2,9,918,0.3148,0.7546,0.0014,0.0054
24,FakeAlgiers,2,10,1024,0.3077,0.7566,0.0071,0.002
24,FakeAlgiers,3,1,102,0.3922,0.5847,1.0,1.0
24,FakeAlgiers,3,2,204,0.3971,0.6026,0.0049,0.0179
24,FakeAlgiers,3,3,306,0.3889,0.6494,0.0082,0.0468
24,FakeAlgiers,3,4,408,0.3873,0.6623,0.0016,0.013
24,FakeAlgiers,3,5,510,0.3588,0.6905,0.0284,0.0282
24,FakeAlgiers,3,6,612,0.3595,0.6938,0.0007,0.0033
24,FakeAlgiers,3,7,714,0.3599,0.6905,0.0005,0.0033
24,FakeAlgiers,3,8,816,0.3578,0.691,0.0021,0.0005
24,FakeAlgiers,3,9,918,0.3584,0.6896,0.0005,0.0013
24,FakeAlgiers,3,10,1024,0.3625,0.6812,0.0041,0.0084
24,FakeAlgiers,4,1,102,0.4118,0.6239,1.0,1.0
24,FakeAlgiers,4,2,204,0.3333,0.7568,0.0784,0.1328
24,FakeAlgiers,4,3,306,0.3235,0.7847,0.0098,0.028
24,FakeAlgiers,4,4,408,0.3039,0.7967,0.0196,0.012
24,FakeAlgiers,4,5,510,0.2863,0.817,0.0176,0.0203
24,FakeAlgiers,4,6,612,0.2908,0.8196,0.0046,0.0026
24,FakeAlgiers,4,7,714,0.2787,0.8282,0.0121,0.0086
24,FakeAlgiers,4,8,816,0.2843,0.827,0.0056,0.0012
24,FakeAlgiers,4,9,918,0.2821,0.8254,0.0022,0.0016
24,FakeAlgiers,4,10,1024,0.287,0.8222,0.0048,0.0031
24,FakeAlgiers,5,1,102,0.4706,0.4649,1.0,1.0
24,FakeAlgiers,5,2,204,0.3824,0.6518,0.0882,0.1869
24,FakeAlgiers,5,3,306,0.3399,0.7443,0.0425,0.0924
24,FakeAlgiers,5,4,408,0.2917,0.7928,0.0482,0.0485
24,FakeAlgiers,5,5,510,0.2843,0.7964,0.0074,0.0037
24,FakeAlgiers,5,6,612,0.2859,0.8028,0.0016,0.0063
24,FakeAlgiers,5,7,714,0.2829,0.8075,0.003,0.0048
24,FakeAlgiers,5,8,816,0.2868,0.8034,0.0039,0.0041
24,FakeAlgiers,5,9,918,0.2854,0.8044,0.0014,0.001
24,FakeAlgiers,5,10,1024,0.2852,0.8057,0.0002,0.0012
24,FakeAlgiers,6,1,102,0.4804,0.4849,1.0,1.0
24,FakeAlgiers,6,2,204,0.4216,0.6215,0.0588,0.1366
24,FakeAlgiers,6,3,306,0.4281,0.6209,0.0065,0.0006
24,FakeAlgiers,6,4,408,0.4069,0.6529,0.0212,0.0319
24,FakeAlgiers,6,5,510,0.3882,0.6672,0.0186,0.0143
24,FakeAlgiers,6,6,612,0.3938,0.6618,0.0056,0.0054
24,FakeAlgiers,6,7,714,0.3824,0.6872,0.0114,0.0254
24,FakeAlgiers,6,8,816,0.3787,0.6912,0.0037,0.0041
24,FakeAlgiers,6,9,918,0.3856,0.6904,0.0069,0.0009
24,FakeAlgiers,6,10,1024,0.382,0.6996,0.0037,0.0092
24,FakeAlgiers,7,1,102,0.4314,0.5147,1.0,1.0
24,FakeAlgiers,7,2,204,0.3922,0.6318,0.0392,0.117
24,FakeAlgiers,7,3,306,0.3529,0.6716,0.0392,0.0398
24,FakeAlgiers,7,4,408,0.3505,0.6997,0.0025,0.0281
24,FakeAlgiers,7,5,510,0.3608,0.6895,0.0103,0.0102
24,FakeAlgiers,7,6,612,0.3529,0.6993,0.0078,0.0098
24,FakeAlgiers,7,7,714,0.3403,0.7056,0.0126,0.0063
24,FakeAlgiers,7,8,816,0.3382,0.6979,0.0021,0.0077
24,FakeAlgiers,7,9,918,0.3366,0.6988,0.0016,0.0009
24,FakeAlgiers,7,10,1024,0.337,0.7023,0.0004,0.0035
24,FakeAlgiers,8,1,102,0.402,0.5718,1.0,1.0
24,FakeAlgiers,8,2,204,0.3676,0.6787,0.0343,0.1069
24,FakeAlgiers,8,3,306,0.3758,0.6932,0.0082,0.0145
24,FakeAlgiers,8,4,408,0.3333,0.7245,0.0425,0.0313
24,FakeAlgiers,8,5,510,0.3216,0.7321,0.0118,0.0076
24,FakeAlgiers,8,6,612,0.3235,0.7231,0.002,0.009
24,FakeAlgiers,8,7,714,0.3179,0.7254,0.0056,0.0022
24,FakeAlgiers,8,8,816,0.3284,0.7221,0.0105,0.0033
24,FakeAlgiers,8,9,918,0.3355,0.7178,0.0071,0.0043
24,FakeAlgiers,8,10,1024,0.3273,0.722,0.0082,0.0042
24,FakeAlgiers,9,1,102,0.402,0.5604,1.0,1.0
24,FakeAlgiers,9,2,204,0.3578,0.7031,0.0441,0.1427
24,FakeAlgiers,9,3,306,0.3529,0.7293,0.0049,0.0262
24,FakeAlgiers,9,4,408,0.3382,0.7419,0.0147,0.0126
24,FakeAlgiers,9,5,510,0.3196,0.7501,0.0186,0.0082
24,FakeAlgiers,9,6,612,0.3056,0.7774,0.0141,0.0272
24,FakeAlgiers,9,7,714,0.3053,0.785,0.0002,0.0076
24,FakeAlgiers,9,8,816,0.3002,0.7844,0.0051,0.0006
24,FakeAlgiers,9,9,918,0.3115,0.7766,0.0113,0.0078
24,FakeAlgiers,9,10,1024,0.3144,0.7741,0.0028,0.0025
24,FakeAlgiers,10,1,102,0.402,0.6062,1.0,1.0
24,FakeAlgiers,10,2,204,0.3627,0.6949,0.0392,0.0887
24,FakeAlgiers,10,3,306,0.3464,0.7165,0.0163,0.0216
24,FakeAlgiers,10,4,408,0.3309,0.7328,0.0155,0.0163
24,FakeAlgiers,10,5,510,0.3294,0.7317,0.0015,0.0011
24,FakeAlgiers,10,6,612,0.3252,0.7376,0.0042,0.0059
24,FakeAlgiers,10,7,714,0.3207,0.7405,0.0044,0.0028
24,FakeAlgiers,10,8,816,0.3297,0.7366,0.0089,0.0039
24,FakeAlgiers,10,9,918,0.3301,0.7316,0.0004,0.005
24,FakeAlgiers,10,10,1024,0.3261,0.7317,0.004,0.0001
24,FakeAlgiers,11,1,102,0.5,0.5231,1.0,1.0
24,FakeAlgiers,11,2,204,0.4216,0.6559,0.0784,0.1328
24,FakeAlgiers,11,3,306,0.4248,0.6505,0.0033,0.0053
24,FakeAlgiers,11,4,408,0.4216,0.6562,0.0033,0.0056
24,FakeAlgiers,11,5,510,0.4039,0.6659,0.0176,0.0097
24,FakeAlgiers,11,6,612,0.3971,0.6665,0.0069,0.0006
24,FakeAlgiers,11,7,714,0.3739,0.6852,0.0231,0.0187
24,FakeAlgiers,11,8,816,0.3689,0.6853,0.0051,0.0001
24,FakeAlgiers,11,9,918,0.3617,0.6892,0.0072,0.004
24,FakeAlgiers,11,10,1024,0.3558,0.6891,0.0059,0.0001
24,FakeAlgiers,12,1,102,0.3627,0.6444,1.0,1.0
24,FakeAlgiers,12,2,204,0.3578,0.7302,0.0049,0.0857
24,FakeAlgiers,12,3,306,0.3105,0.7866,0.0474,0.0564
24,FakeAlgiers,12,4,408,0.2917,0.801,0.0188,0.0144
24,FakeAlgiers,12,5,510,0.2863,0.8021,0.0054,0.0011
24,FakeAlgiers,12,6,612,0.2761,0.8088,0.0101,0.0066
24,FakeAlgiers,12,7,714,0.2745,0.8152,0.0016,0.0064
24,FakeAlgiers,12,8,816,0.2782,0.8102,0.0037,0.0049
24,FakeAlgiers,12,9,918,0.2691,0.8148,0.0091,0.0045
24,FakeAlgiers,12,10,1024,0.2645,0.818,0.0046,0.0032
24,FakeAlgiers,13,1,102,0.402,0.604,1.0,1.0
24,FakeAlgiers,13,2,204,0.402,0.677,0.0,0.073
24,FakeAlgiers,13,3,306,0.3856,0.701,0.0163,0.024
24,FakeAlgiers,13,4,408,0.3701,0.7243,0.0155,0.0233
24,FakeAlgiers,13,5,510,0.3451,0.7502,0.025,0.0259
24,FakeAlgiers,13,6,612,0.3448,0.7525,0.0003,0.0022
24,FakeAlgiers,13,7,714,0.3375,0.7567,0.0072,0.0042
24,FakeAlgiers,13,8,816,0.3272,0.7618,0.0103,0.0052
24,FakeAlgiers,13,9,918,0.329,0.7607,0.0018,0.0011
24,FakeAlgiers,13,10,1024,0.3281,0.7601,0.0009,0.0006
24,FakeAlgiers,14,1,102,0.4314,0.5406,1.0,1.0
24,FakeAlgiers,14,2,204,0.4363,0.5894,0.0049,0.0489
24,FakeAlgiers,14,3,306,0.402,0.642,0.0343,0.0526
24,FakeAlgiers,14,4,408,0.3971,0.6719,0.0049,0.0299
24,FakeAlgiers,14,5,510,0.4059,0.6638,0.0088,0.0081
24,FakeAlgiers,14,6,612,0.3856,0.6755,0.0203,0.0117
24,FakeAlgiers,14,7,714,0.3838,0.6795,0.0019,0.0039
24,FakeAlgiers,14,8,816,0.386,0.6794,0.0023,0.0001
24,FakeAlgiers,14,9,918,0.3856,0.6825,0.0004,0.0031
24,FakeAlgiers,14,10,1024,0.3723,0.6926,0.0133,0.0101
24,FakeAlgiers,15,1,102,0.402,0.5866,1.0,1.0
24,FakeAlgiers,15,2,204,0.3431,0.7132,0.0588,0.1266
24,FakeAlgiers,15,3,306,0.3007,0.7699,0.0425,0.0568
24,FakeAlgiers,15,4,408,0.277,0.794,0.0237,0.024
24,FakeAlgiers,15,5,510,0.2843,0.7823,0.0074,0.0117
24,FakeAlgiers,15,6,612,0.2663,0.7953,0.018,0.013
24,FakeAlgiers,15,7,714,0.2633,0.7985,0.003,0.0032
24,FakeAlgiers,15,8,816,0.2623,0.8026,0.0011,0.0041
24,FakeAlgiers,15,9,918,0.268,0.7997,0.0057,0.0029
24,FakeAlgiers,15,10,1024,0.2647,0.8044,0.0032,0.0047
24,FakeAlgiers,16,1,102,0.4314,0.6164,1.0,1.0
24,FakeAlgiers,16,2,204,0.3873,0.6999,0.0441,0.0835
24,FakeAlgiers,16,3,306,0.366,0.7165,0.0212,0.0166
24,FakeAlgiers,16,4,408,0.3725,0.712,0.0065,0.0045
24,FakeAlgiers,16,5,510,0.349,0.7373,0.0235,0.0253
24,FakeAlgiers,16,6,612,0.3562,0.7232,0.0072,0.0141
24,FakeAlgiers,16,7,714,0.3515,0.7272,0.0047,0.004
24,FakeAlgiers,16,8,816,0.348,0.7345,0.0035,0.0073
24,FakeAlgiers,16,9,918,0.3377,0.7475,0.0103,0.0129
24,FakeAlgiers,16,10,1024,0.3428,0.7481,0.0051,0.0006
24,FakeAlgiers,17,1,102,0.5,0.4607,1.0,1.0
24,FakeAlgiers,17,2,204,0.4265,0.5821,0.0735,0.1214
24,FakeAlgiers,17,3,306,0.3987,0.6307,0.0278,0.0486
24,FakeAlgiers,17,4,408,0.3775,0.6599,0.0212,0.0292
24,FakeAlgiers,17,5,510,0.3922,0.6448,0.0147,0.0151
24,FakeAlgiers,17,6,612,0.3971,0.6399,0.0049,0.0049
24,FakeAlgiers,17,7,714,0.3936,0.639,0.0035,0.0009
24,FakeAlgiers,17,8,816,0.3897,0.6409,0.0039,0.0018
24,FakeAlgiers,17,9,918,0.3813,0.6459,0.0084,0.005
24,FakeAlgiers,17,10,1024,0.3755,0.6552,0.0057,0.0093
24,FakeAlgiers,18,1,102,0.4118,0.5653,1.0,1.0
24,FakeAlgiers,18,2,204,0.3529,0.7045,0.0588,0.1392
24,FakeAlgiers,18,3,306,0.3399,0.7433,0.0131,0.0388
24,FakeAlgiers,18,4,408,0.3309,0.7478,0.009,0.0045
24,FakeAlgiers,18,5,510,0.3275,0.7552,0.0034,0.0074
24,FakeAlgiers,18,6,612,0.3301,0.7594,0.0026,0.0041
24,FakeAlgiers,18,7,714,0.3151,0.7587,0.0149,0.0007
24,FakeAlgiers,18,8,816,0.3088,0.765,0.0063,0.0063
24,FakeAlgiers,18,9,918,0.3126,0.7629,0.0038,0.0021
24,FakeAlgiers,18,10,1024,0.3086,0.768,0.0041,0.0051
24,FakeAlgiers,19,1,102,0.4608,0.5387,1.0,1.0
24,FakeAlgiers,19,2,204,0.3775,0.6955,0.0833,0.1567
24,FakeAlgiers,19,3,306,0.3399,0.7395,0.0376,0.0441
24,FakeAlgiers,19,4,408,0.3456,0.7405,0.0057,0.001
24,FakeAlgiers,19,5,510,0.349,0.724,0.0034,0.0165
24,FakeAlgiers,19,6,612,0.3546,0.7203,0.0056,0.0036
24,FakeAlgiers,19,7,714,0.3599,0.7089,0.0054,0.0115
24,FakeAlgiers,19,8,816,0.3603,0.7105,0.0004,0.0016
24,FakeAlgiers,19,9,918,0.3595,0.7148,0.0008,0.0043
24,FakeAlgiers,19,10,1024,0.3624,0.7089,0.003,0.0059
25,FakeAlgiers,0,1,102,0.3235,0.8336,1.0,1.0
25,FakeAlgiers,0,2,204,0.25,0.8752,0.0735,0.0416
25,FakeAlgiers,0,3,306,0.2451,0.8894,0.0049,0.0142
25,FakeAlgiers,0,4,408,0.2525,0.8904,0.0074,0.0009
25,FakeAlgiers,0,5,510,0.249,0.8914,0.0034,0.001
25,FakeAlgiers,0,6,612,0.2467,0.8969,0.0023,0.0055
25,FakeAlgiers,0,7,714,0.2451,0.8976,0.0016,0.0007
25,FakeAlgiers,0,8,816,0.2451,0.9015,0.0,0.0039
25,FakeAlgiers,0,9,918,0.2462,0.9002,0.0011,0.0013
25,FakeAlgiers,0,10,1024,0.2434,0.9017,0.0028,0.0016
25,FakeAlgiers,1,1,102,0.1863,0.9112,1.0,1.0
25,FakeAlgiers,1,2,204,0.1422,0.9613,0.0441,0.0501
25,FakeAlgiers,1,3,306,0.1569,0.9575,0.0147,0.0038
25,FakeAlgiers,1,4,408,0.1348,0.965,0.0221,0.0075
25,FakeAlgiers,1,5,510,0.1314,0.9672,0.0034,0.0022
25,FakeAlgiers,1,6,612,0.1356,0.9668,0.0042,0.0004
25,FakeAlgiers,1,7,714,0.1485,0.9619,0.0128,0.0049
25,FakeAlgiers,1,8,816,0.1532,0.9605,0.0047,0.0013
25,FakeAlgiers,1,9,918,0.1569,0.9584,0.0037,0.0021
25,FakeAlgiers,1,10,1024,0.1488,0.9614,0.0081,0.0029
25,FakeAlgiers,2,1,102,0.1765,0.9069,1.0,1.0
25,FakeAlgiers,2,2,204,0.1471,0.9413,0.0294,0.0344
25,FakeAlgiers,2,3,306,0.1667,0.9232,0.0196,0.0181
25,FakeAlgiers,2,4,408,0.1863,0.9202,0.0196,0.003
25,FakeAlgiers,2,5,510,0.1922,0.9259,0.0059,0.0058
25,FakeAlgiers,2,6,612,0.1814,0.932,0.0108,0.0061
25,FakeAlgiers,2,7,714,0.1835,0.9305,0.0021,0.0015
25,FakeAlgiers,2,8,816,0.1789,0.9301,0.0046,0.0004
25,FakeAlgiers,2,9,918,0.171,0.9317,0.0079,0.0016
25,FakeAlgiers,2,10,1024,0.164,0.9354,0.007,0.0037
25,FakeAlgiers,3,1,102,0.2843,0.8387,1.0,1.0
25,FakeAlgiers,3,2,204,0.2696,0.8653,0.0147,0.0265
25,FakeAlgiers,3,3,306,0.2288,0.8838,0.0408,0.0186
25,FakeAlgiers,3,4,408,0.2255,0.8908,0.0033,0.007
25,FakeAlgiers,3,5,510,0.2098,0.9009,0.0157,0.0101
25,FakeAlgiers,3,6,612,0.1961,0.9051,0.0137,0.0043
25,FakeAlgiers,3,7,714,0.2045,0.9002,0.0084,0.0049
25,FakeAlgiers,3,8,816,0.1949,0.9089,0.0096,0.0087
25,FakeAlgiers,3,9,918,0.1885,0.9129,0.0064,0.004
25,FakeAlgiers,3,10,1024,0.189,0.9118,0.0005,0.0011
25,FakeAlgiers,4,1,102,0.1961,0.9014,1.0,1.0
25,FakeAlgiers,4,2,204,0.1373,0.9454,0.0588,0.0439
25,FakeAlgiers,4,3,306,0.1275,0.9581,0.0098,0.0127
25,FakeAlgiers,4,4,408,0.1127,0.9646,0.0147,0.0066
25,FakeAlgiers,4,5,510,0.1137,0.9698,0.001,0.0051
25,FakeAlgiers,4,6,612,0.1095,0.9701,0.0042,0.0003
25,FakeAlgiers,4,7,714,0.0966,0.9724,0.0128,0.0024
25,FakeAlgiers,4,8,816,0.1005,0.9731,0.0039,0.0007
25,FakeAlgiers,4,9,918,0.1035,0.972,0.003,0.0011
25,FakeAlgiers,4,10,1024,0.1044,0.9713,0.0009,0.0006
25,FakeAlgiers,5,1,102,0.1667,0.9229,1.0,1.0
25,FakeAlgiers,5,2,204,0.1569,0.9577,0.0098,0.0347
25,FakeAlgiers,5,3,306,0.1503,0.9637,0.0065,0.0061
25,FakeAlgiers,5,4,408,0.1348,0.9722,0.0155,0.0085
25,FakeAlgiers,5,5,510,0.1275,0.9765,0.0074,0.0042
25,FakeAlgiers,5,6,612,0.1291,0.9752,0.0016,0.0013
25,FakeAlgiers,5,7,714,0.1218,0.9797,0.0072,0.0045
25,FakeAlgiers,5,8,816,0.1201,0.9788,0.0018,0.0009
25,FakeAlgiers,5,9,918,0.1198,0.979,0.0003,0.0002
25,FakeAlgiers,5,10,1024,0.1121,0.9805,0.0078,0.0015
25,FakeAlgiers,6,1,102,0.1961,0.9055,1.0,1.0
25,FakeAlgiers,6,2,204,0.1765,0.9256,0.0196,0.0201
25,FakeAlgiers,6,3,306,0.1895,0.9193,0.0131,0.0063
25,FakeAlgiers,6,4,408,0.1691,0.9326,0.0204,0.0132
25,FakeAlgiers,6,5,510,0.1569,0.9273,0.0123,0.0053
25,FakeAlgiers,6,6,612,0.1667,0.927,0.0098,0.0004
25,FakeAlgiers,6,7,714,0.1541,0.9301,0.0126,0.0031
25,FakeAlgiers,6,8,816,0.1569,0.9291,0.0028,0.001
25,FakeAlgiers,6,9,918,0.1558,0.9303,0.0011,0.0012
25,FakeAlgiers,6,10,1024,0.1571,0.9339,0.0013,0.0035
25,FakeAlgiers,7,1,102,0.1863,0.9061,1.0,1.0
25,FakeAlgiers,7,2,204,0.2108,0.9214,0.0245,0.0152
25,FakeAlgiers,7,3,306,0.1797,0.9392,0.031,0.0178
25,FakeAlgiers,7,4,408,0.174,0.9421,0.0057,0.0029
25,FakeAlgiers,7,5,510,0.1647,0.9444,0.0093,0.0023
25,FakeAlgiers,7,6,612,0.1618,0.9404,0.0029,0.004
25,FakeAlgiers,7,7,714,0.1737,0.9359,0.0119,0.0045
25,FakeAlgiers,7,8,816,0.1826,0.9294,0.0089,0.0065
25,FakeAlgiers,7,9,918,0.183,0.9303,0.0004,0.0008
25,FakeAlgiers,7,10,1024,0.1702,0.9351,0.0128,0.0049
25,FakeAlgiers,8,1,102,0.1765,0.9139,1.0,1.0
25,FakeAlgiers,8,2,204,0.1225,0.9403,0.0539,0.0264
25,FakeAlgiers,8,3,306,0.1373,0.9505,0.0147,0.0102
25,FakeAlgiers,8,4,408,0.1446,0.9471,0.0074,0.0034
25,FakeAlgiers,8,5,510,0.1314,0.9525,0.0132,0.0053
25,FakeAlgiers,8,6,612,0.1356,0.9465,0.0042,0.006
25,FakeAlgiers,8,7,714,0.1331,0.949,0.0026,0.0025
25,FakeAlgiers,8,8,816,0.1336,0.951,0.0005,0.002
25,FakeAlgiers,8,9,918,0.1329,0.9511,0.0007,0.0
25,FakeAlgiers,8,10,1024,0.1349,0.9531,0.002,0.0021
25,FakeAlgiers,9,1,102,0.1961,0.9076,1.0,1.0
25,FakeAlgiers,9,2,204,0.1667,0.9333,0.0294,0.0257
25,FakeAlgiers,9,3,306,0.1503,0.9399,0.0163,0.0066
25,FakeAlgiers,9,4,408,0.1397,0.9497,0.0106,0.0098
25,FakeAlgiers,9,5,510,0.1255,0.9596,0.0142,0.0099
25,FakeAlgiers,9,6,612,0.1389,0.9572,0.0134,0.0023
25,FakeAlgiers,9,7,714,0.1471,0.9562,0.0082,0.0011
25,FakeAlgiers,9,8,816,0.1373,0.9617,0.0098,0.0055
25,FakeAlgiers,9,9,918,0.1362,0.9597,0.0011,0.002
25,FakeAlgiers,9,10,1024,0.1368,0.9624,0.0006,0.0027
25,FakeAlgiers,10,1,102,0.1373,0.9418,1.0,1.0
25,FakeAlgiers,10,2,204,0.1078,0.9685,0.0294,0.0267
25,FakeAlgiers,10,3,306,0.1078,0.9673,0.0,0.0012
25,FakeAlgiers,10,4,408,0.1176,0.9657,0.0098,0.0016
25,FakeAlgiers,10,5,510,0.1137,0.9691,0.0039,0.0034
25,FakeAlgiers,10,6,612,0.1127,0.9666,0.001,0.0025
25,FakeAlgiers,10,7,714,0.1148,0.9631,0.0021,0.0036
25,FakeAlgiers,10,8,816,0.1189,0.9583,0.004,0.0047
25,FakeAlgiers,10,9,918,0.1144,0.9616,0.0045,0.0033
25,FakeAlgiers,10,10,1024,0.1169,0.9638,0.0025,0.0022
25,FakeAlgiers,11,1,102,0.1176,0.922,1.0,1.0
25,FakeAlgiers,11,2,204,0.1127,0.9396,0.0049,0.0176
25,FakeAlgiers,11,3,306,0.1144,0.9385,0.0016,0.0011
25,FakeAlgiers,11,4,408,0.098,0.9589,0.0163,0.0204
25,FakeAlgiers,11,5,510,0.102,0.971,0.0039,0.0121
25,FakeAlgiers,11,6,612,0.1062,0.9711,0.0042,0.0001
25,FakeAlgiers,11,7,714,0.1064,0.9713,0.0002,0.0001
25,FakeAlgiers,11,8,816,0.1201,0.9667,0.0137,0.0046
25,FakeAlgiers,11,9,918,0.1166,0.9674,0.0035,0.0007
25,FakeAlgiers,11,10,1024,0.1134,0.9699,0.0032,0.0025
25,FakeAlgiers,12,1,102,0.1667,0.9371,1.0,1.0
25,FakeAlgiers,12,2,204,0.1814,0.9458,0.0147,0.0087
25,FakeAlgiers,12,3,306,0.1569,0.9575,0.0245,0.0117
25,FakeAlgiers,12,4,408,0.1397,0.9588,0.0172,0.0013
25,FakeAlgiers,12,5,510,0.1216,0.9648,0.0181,0.0061
25,FakeAlgiers,12,6,612,0.1307,0.9642,0.0092,0.0006
25,FakeAlgiers,12,7,714,0.1345,0.9636,0.0037,0.0007
25,FakeAlgiers,12,8,816,0.1275,0.9665,0.007,0.0029
25,FakeAlgiers,12,9,918,0.1231,0.9686,0.0044,0.0021
25,FakeAlgiers,12,10,1024,0.1237,0.9698,0.0006,0.0012
25,FakeAlgiers,13,1,102,0.1765,0.9466,1.0,1.0
25,FakeAlgiers,13,2,204,0.1127,0.9755,0.0637,0.0289
25,FakeAlgiers,13,3,306,0.1144,0.9749,0.0016,0.0007
25,FakeAlgiers,13,4,408,0.1225,0.9751,0.0082,0.0003
25,FakeAlgiers,13,5,510,0.1314,0.9713,0.0088,0.0039
25,FakeAlgiers,13,6,612,0.1291,0.969,0.0023,0.0023
25,FakeAlgiers,13,7,714,0.1261,0.969,0.003,0.0
25,FakeAlgiers,13,8,816,0.1238,0.9703,0.0023,0.0013
25,FakeAlgiers,13,9,918,0.1187,0.9714,0.005,0.0011
25,FakeAlgiers,13,10,1024,0.1297,0.9673,0.0109,0.0042
25,FakeAlgiers,14,1,102,0.2059,0.8976,1.0,1.0
25,FakeAlgiers,14,2,204,0.1765,0.9068,0.0294,0.0092
25,FakeAlgiers,14,3,306,0.1732,0.9154,0.0033,0.0086
25,FakeAlgiers,14,4,408,0.1642,0.9232,0.009,0.0078
25,FakeAlgiers,14,5,510,0.1647,0.9202,0.0005,0.003
25,FakeAlgiers,14,6,612,0.1601,0.9199,0.0046,0.0003
25,FakeAlgiers,14,7,714,0.1527,0.9267,0.0075,0.0068
25,FakeAlgiers,14,8,816,0.1618,0.9236,0.0091,0.0031
25,FakeAlgiers,14,9,918,0.1667,0.924,0.0049,0.0004
25,FakeAlgiers,14,10,1024,0.1668,0.9237,0.0002,0.0003
25,FakeAlgiers,15,1,102,0.1275,0.9532,1.0,1.0
25,FakeAlgiers,15,2,204,0.1127,0.9691,0.0147,0.0159
25,FakeAlgiers,15,3,306,0.1144,0.9727,0.0016,0.0036
25,FakeAlgiers,15,4,408,0.1201,0.9731,0.0057,0.0004
25,FakeAlgiers,15,5,510,0.1255,0.9712,0.0054,0.0018
25,FakeAlgiers,15,6,612,0.1176,0.9734,0.0078,0.0022
25,FakeAlgiers,15,7,714,0.1092,0.9733,0.0084,0.0001
25,FakeAlgiers,15,8,816,0.114,0.9712,0.0047,0.0021
25,FakeAlgiers,15,9,918,0.1155,0.97,0.0015,0.0011
25,FakeAlgiers,15,10,1024,0.1261,0.9693,0.0107,0.0008
25,FakeAlgiers,16,1,102,0.1765,0.9326,1.0,1.0
25,FakeAlgiers,16,2,204,0.1422,0.9602,0.0343,0.0276
25,FakeAlgiers,16,3,306,0.0948,0.9779,0.0474,0.0178
25,FakeAlgiers,16,4,408,0.0956,0.9779,0.0008,0.0
25,FakeAlgiers,16,5,510,0.1098,0.974,0.0142,0.0039
25,FakeAlgiers,16,6,612,0.1291,0.9671,0.0193,0.0069
25,FakeAlgiers,16,7,714,0.1232,0.9671,0.0058,0.0
25,FakeAlgiers,16,8,816,0.1201,0.971,0.0032,0.0039
25,FakeAlgiers,16,9,918,0.1166,0.9721,0.0035,0.0012
25,FakeAlgiers,16,10,1024,0.1238,0.9678,0.0072,0.0043
25,FakeAlgiers,17,1,102,0.2157,0.857,1.0,1.0
25,FakeAlgiers,17,2,204,0.1912,0.9039,0.0245,0.0469
25,FakeAlgiers,17,3,306,0.1895,0.9304,0.0016,0.0265
25,FakeAlgiers,17,4,408,0.1814,0.9433,0.0082,0.0129
25,FakeAlgiers,17,5,510,0.1725,0.9423,0.0088,0.0009
25,FakeAlgiers,17,6,612,0.1618,0.948,0.0108,0.0056
25,FakeAlgiers,17,7,714,0.1541,0.9533,0.0077,0.0053
25,FakeAlgiers,17,8,816,0.1569,0.9535,0.0028,0.0002
25,FakeAlgiers,17,9,918,0.158,0.954,0.0011,0.0005
25,FakeAlgiers,17,10,1024,0.1519,0.9539,0.0061,0.0001
25,FakeAlgiers,18,1,102,0.2059,0.9117,1.0,1.0
25,FakeAlgiers,18,2,204,0.201,0.9131,0.0049,0.0014
25,FakeAlgiers,18,3,306,0.1765,0.9268,0.0245,0.0138
25,FakeAlgiers,18,4,408,0.1667,0.9182,0.0098,0.0087
25,FakeAlgiers,18,5,510,0.1627,0.9199,0.0039,0.0017
25,FakeAlgiers,18,6,612,0.1667,0.9181,0.0039,0.0018
25,FakeAlgiers,18,7,714,0.1569,0.918,0.0098,0.0
25,FakeAlgiers,18,8,816,0.1593,0.9195,0.0025,0.0015
25,FakeAlgiers,18,9,918,0.1569,0.9251,0.0025,0.0056
25,FakeAlgiers,18,10,1024,0.1562,0.9255,0.0007,0.0004
25,FakeAlgiers,19,1,102,0.2451,0.8373,1.0,1.0
25,FakeAlgiers,19,2,204,0.1765,0.9296,0.0686,0.0923
25,FakeAlgiers,19,3,306,0.1405,0.9541,0.0359,0.0244
25,FakeAlgiers,19,4,408,0.1397,0.9469,0.0008,0.0071
25,FakeAlgiers,19,5,510,0.1431,0.9494,0.0034,0.0025
25,FakeAlgiers,19,6,612,0.1454,0.9495,0.0023,0.0001
25,FakeAlgiers,19,7,714,0.1415,0.9544,0.004,0.0049
25,FakeAlgiers,19,8,816,0.1458,0.9513,0.0044,0.0031
25,FakeAlgiers,19,9,918,0.1449,0.9511,0.001,0.0002
25,FakeAlgiers,19,10,1024,0.1469,0.9495,0.002,0.0016
