idx,backend,seed,checkpoint,shots,tvd,hf,d_tvd,d_hf
1,FakeGuadalupeV2,0,1,2457,0.0423,0.9574,1.0,1.0
1,FakeGuadalupeV2,0,2,4914,0.0425,0.9573,0.0002,0.0002
1,FakeGuadalupeV2,0,3,7371,0.0441,0.9555,0.0016,0.0017
1,FakeGuadalupeV2,0,4,9828,0.0429,0.9567,0.0012,0.0012
1,FakeGuadalupeV2,0,5,12285,0.0424,0.9572,0.0005,0.0005
1,FakeGuadalupeV2,0,6,14742,0.0433,0.9563,0.0009,0.0009
1,FakeGuadalupeV2,0,7,17199,0.0431,0.9564,0.0001,0.0001
1,FakeGuadalupeV2,0,8,19656,0.0446,0.9561,0.0014,0.0003
1,FakeGuadalupeV2,0,9,22113,0.0441,0.9555,0.0004,0.0007
1,FakeGuadalupeV2,0,10,24576,0.0443,0.9552,0.0002,0.0003
1,FakeGuadalupeV2,1,1,2457,0.0468,0.953,1.0,1.0
1,FakeGuadalupeV2,1,2,4914,0.0427,0.9572,0.0041,0.0042
1,FakeGuadalupeV2,1,3,7371,0.0426,0.9574,0.0001,0.0002
1,FakeGuadalupeV2,1,4,9828,0.0457,0.9543,0.0031,0.0031
1,FakeGuadalupeV2,1,5,12285,0.0447,0.9553,0.001,0.001
1,FakeGuadalupeV2,1,6,14742,0.0435,0.9565,0.0012,0.0012
1,FakeGuadalupeV2,1,7,17199,0.0432,0.9568,0.0003,0.0003
1,FakeGuadalupeV2,1,8,19656,0.0425,0.9575,0.0007,0.0007
1,FakeGuadalupeV2,1,9,22113,0.0418,0.9582,0.0007,0.0007
1,FakeGuadalupeV2,1,10,24576,0.0422,0.9578,0.0004,0.0004
1,FakeGuadalupeV2,2,1,2457,0.0407,0.9593,1.0,1.0
1,FakeGuadalupeV2,2,2,4914,0.045,0.9548,0.0043,0.0044
1,FakeGuadalupeV2,2,3,7371,0.0438,0.956,0.0012,0.0012
1,FakeGuadalupeV2,2,4,9828,0.0426,0.9573,0.0012,0.0012
1,FakeGuadalupeV2,2,5,12285,0.041,0.9589,0.0016,0.0016
1,FakeGuadalupeV2,2,6,14742,0.0412,0.9587,0.0002,0.0003
1,FakeGuadalupeV2,2,7,17199,0.0419,0.9581,0.0006,0.0006
1,FakeGuadalupeV2,2,8,19656,0.0414,0.9585,0.0005,0.0004
1,FakeGuadalupeV2,2,9,22113,0.0415,0.9584,0.0001,0.0001
1,FakeGuadalupeV2,2,10,24576,0.0413,0.9586,0.0002,0.0001
1,FakeGuadalupeV2,3,1,2457,0.0415,0.9585,1.0,1.0
1,FakeGuadalupeV2,3,2,4914,0.0395,0.9605,0.002,0.002
1,FakeGuadalupeV2,3,3,7371,0.041,0.959,0.0015,0.0015
1,FakeGuadalupeV2,3,4,9828,0.0394,0.9606,0.0016,0.0016
1,FakeGuadalupeV2,3,5,12285,0.0407,0.9593,0.0013,0.0014
1,FakeGuadalupeV2,3,6,14742,0.0403,0.9597,0.0004,0.0004
1,FakeGuadalupeV2,3,7,17199,0.0396,0.9604,0.0007,0.0007
1,FakeGuadalupeV2,3,8,19656,0.0405,0.9595,0.0009,0.0009
1,FakeGuadalupeV2,3,9,22113,0.0409,0.9591,0.0004,0.0004
1,FakeGuadalupeV2,3,10,24576,0.0417,0.9583,0.0007,0.0007
1,FakeGuadalupeV2,4,1,2457,0.0358,0.9642,1.0,1.0
1,FakeGuadalupeV2,4,2,4914,0.0364,0.9635,0.0006,0.0007
1,FakeGuadalupeV2,4,3,7371,0.0377,0.9623,0.0013,0.0012
1,FakeGuadalupeV2,4,4,9828,0.0405,0.9595,0.0028,0.0028
1,FakeGuadalupeV2,4,5,12285,0.0402,0.9598,0.0003,0.0003
1,FakeGuadalupeV2,4,6,14742,0.0401,0.9599,0.0001,0.0001
1,FakeGuadalupeV2,4,7,17199,0.0394,0.9606,0.0007,0.0007
1,FakeGuadalupeV2,4,8,19656,0.0396,0.9604,0.0002,0.0002
1,FakeGuadalupeV2,4,9,22113,0.0401,0.9599,0.0004,0.0004
1,FakeGuadalupeV2,4,10,24576,0.0408,0.9592,0.0007,0.0007
1,FakeGuadalupeV2,5,1,2457,0.0423,0.9576,1.0,1.0
1,FakeGuadalupeV2,5,2,4914,0.0421,0.9579,0.0002,0.0002
1,FakeGuadalupeV2,5,3,7371,0.0416,0.9583,0.0005,0.0005
1,FakeGuadalupeV2,5,4,9828,0.041,0.959,0.0006,0.0006
1,FakeGuadalupeV2,5,5,12285,0.0422,0.9578,0.0012,0.0012
1,FakeGuadalupeV2,5,6,14742,0.041,0.959,0.0011,0.0011
1,FakeGuadalupeV2,5,7,17199,0.0405,0.9595,0.0005,0.0005
1,FakeGuadalupeV2,5,8,19656,0.0409,0.9591,0.0004,0.0004
1,FakeGuadalupeV2,5,9,22113,0.0415,0.9585,0.0006,0.0006
1,FakeGuadalupeV2,5,10,24576,0.0416,0.9584,0.0001,0.0001
1,FakeGuadalupeV2,6,1,2457,0.0395,0.9605,1.0,1.0
1,FakeGuadalupeV2,6,2,4914,0.0423,0.9574,0.0028,0.0031
1,FakeGuadalupeV2,6,3,7371,0.0429,0.957,0.0005,0.0004
1,FakeGuadalupeV2,6,4,9828,0.0429,0.9569,0.0001,0.0002
1,FakeGuadalupeV2,6,5,12285,0.0428,0.957,0.0001,0.0001
1,FakeGuadalupeV2,6,6,14742,0.0428,0.957,0.0,0.0
1,FakeGuadalupeV2,6,7,17199,0.0421,0.9578,0.0007,0.0008
1,FakeGuadalupeV2,6,8,19656,0.0426,0.9572,0.0005,0.0006
1,FakeGuadalupeV2,6,9,22113,0.0419,0.958,0.0008,0.0008
1,FakeGuadalupeV2,6,10,24576,0.042,0.9578,0.0002,0.0002
1,FakeGuadalupeV2,7,1,2457,0.0444,0.9556,1.0,1.0
1,FakeGuadalupeV2,7,2,4914,0.0448,0.9552,0.0004,0.0004
1,FakeGuadalupeV2,7,3,7371,0.0426,0.9574,0.0022,0.0022
1,FakeGuadalupeV2,7,4,9828,0.0429,0.957,0.0003,0.0003
1,FakeGuadalupeV2,7,5,12285,0.0427,0.9572,0.0002,0.0002
1,FakeGuadalupeV2,7,6,14742,0.043,0.957,0.0003,0.0003
1,FakeGuadalupeV2,7,7,17199,0.0432,0.9568,0.0002,0.0002
1,FakeGuadalupeV2,7,8,19656,0.0425,0.9574,0.0007,0.0007
1,FakeGuadalupeV2,7,9,22113,0.0424,0.9575,0.0001,0.0001
1,FakeGuadalupeV2,7,10,24576,0.0421,0.9578,0.0003,0.0003
1,FakeGuadalupeV2,8,1,2457,0.0407,0.9592,1.0,1.0
1,FakeGuadalupeV2,8,2,4914,0.0425,0.9575,0.0018,0.0017
1,FakeGuadalupeV2,8,3,7371,0.0419,0.9581,0.0006,0.0006
1,FakeGuadalupeV2,8,4,9828,0.04,0.96,0.0019,0.0019
1,FakeGuadalupeV2,8,5,12285,0.0421,0.9579,0.0021,0.0021
1,FakeGuadalupeV2,8,6,14742,0.0425,0.9575,0.0004,0.0004
1,FakeGuadalupeV2,8,7,17199,0.0429,0.9571,0.0004,0.0004
1,FakeGuadalupeV2,8,8,19656,0.0422,0.9577,0.0007,0.0007
1,FakeGuadalupeV2,8,9,22113,0.0426,0.9574,0.0004,0.0004
1,FakeGuadalupeV2,8,10,24576,0.0424,0.9575,0.0002,0.0002
1,FakeGuadalupeV2,9,1,2457,0.0525,0.9475,1.0,1.0
1,FakeGuadalupeV2,9,2,4914,0.0511,0.9488,0.0014,0.0013
1,FakeGuadalupeV2,9,3,7371,0.046,0.9539,0.0051,0.0051
1,FakeGuadalupeV2,9,4,9828,0.0444,0.9556,0.0016,0.0017
1,FakeGuadalupeV2,9,5,12285,0.0442,0.9557,0.0002,0.0001
1,FakeGuadalupeV2,9,6,14742,0.0447,0.9552,0.0005,0.0005
1,FakeGuadalupeV2,9,7,17199,0.0441,0.9558,0.0006,0.0006
1,FakeGuadalupeV2,9,8,19656,0.0454,0.9545,0.0014,0.0014
1,FakeGuadalupeV2,9,9,22113,0.0451,0.9548,0.0003,0.0003
1,FakeGuadalupeV2,9,10,24576,0.0454,0.9545,0.0003,0.0003
1,FakeGuadalupeV2,10,1,2457,0.0452,0.9548,1.0,1.0
1,FakeGuadalupeV2,10,2,4914,0.0417,0.9583,0.0035,0.0034
1,FakeGuadalupeV2,10,3,7371,0.0404,0.9594,0.0013,0.0011
1,FakeGuadalupeV2,10,4,9828,0.0396,0.9603,0.0008,0.001
1,FakeGuadalupeV2,10,5,12285,0.0394,0.9605,0.0002,0.0002
1,FakeGuadalupeV2,10,6,14742,0.04,0.96,0.0006,0.0006
1,FakeGuadalupeV2,10,7,17199,0.0401,0.9598,0.0001,0.0001
1,FakeGuadalupeV2,10,8,19656,0.0407,0.9593,0.0006,0.0006
1,FakeGuadalupeV2,10,9,22113,0.041,0.959,0.0003,0.0003
1,FakeGuadalupeV2,10,10,24576,0.0411,0.9588,0.0002,0.0002
1,FakeGuadalupeV2,11,1,2457,0.0517,0.9504,1.0,1.0
1,FakeGuadalupeV2,11,2,4914,0.047,0.9529,0.0047,0.0025
1,FakeGuadalupeV2,11,3,7371,0.0459,0.954,0.0012,0.0012
1,FakeGuadalupeV2,11,4,9828,0.0449,0.9551,0.001,0.001
1,FakeGuadalupeV2,11,5,12285,0.044,0.956,0.0009,0.0009
1,FakeGuadalupeV2,11,6,14742,0.0434,0.9565,0.0005,0.0006
1,FakeGuadalupeV2,11,7,17199,0.0446,0.9554,0.0012,0.0012
1,FakeGuadalupeV2,11,8,19656,0.0449,0.955,0.0003,0.0003
1,FakeGuadalupeV2,11,9,22113,0.0457,0.9543,0.0008,0.0007
1,FakeGuadalupeV2,11,10,24576,0.046,0.954,0.0003,0.0003
1,FakeGuadalupeV2,12,1,2457,0.037,0.9629,1.0,1.0
1,FakeGuadalupeV2,12,2,4914,0.0372,0.9627,0.0002,0.0002
1,FakeGuadalupeV2,12,3,7371,0.0362,0.9638,0.001,0.0011
1,FakeGuadalupeV2,12,4,9828,0.0385,0.9615,0.0022,0.0022
1,FakeGuadalupeV2,12,5,12285,0.0397,0.9603,0.0013,0.0013
1,FakeGuadalupeV2,12,6,14742,0.0402,0.9598,0.0005,0.0005
1,FakeGuadalupeV2,12,7,17199,0.0407,0.9593,0.0005,0.0005
1,FakeGuadalupeV2,12,8,19656,0.041,0.959,0.0003,0.0003
1,FakeGuadalupeV2,12,9,22113,0.0408,0.9592,0.0002,0.0002
1,FakeGuadalupeV2,12,10,24576,0.0408,0.9592,0.0,0.0
1,FakeGuadalupeV2,13,1,2457,0.0484,0.9514,1.0,1.0
1,FakeGuadalupeV2,13,2,4914,0.0435,0.9563,0.0049,0.0049
1,FakeGuadalupeV2,13,3,7371,0.0433,0.9567,0.0003,0.0004
1,FakeGuadalupeV2,13,4,9828,0.0435,0.9564,0.0003,0.0002
1,FakeGuadalupeV2,13,5,12285,0.0433,0.9567,0.0002,0.0003
1,FakeGuadalupeV2,13,6,14742,0.0423,0.9577,0.001,0.001
1,FakeGuadalupeV2,13,7,17199,0.0418,0.9582,0.0005,0.0005
1,FakeGuadalupeV2,13,8,19656,0.0417,0.9583,0.0001,0.0001
1,FakeGuadalupeV2,13,9,22113,0.0416,0.9584,0.0002,0.0002
1,FakeGuadalupeV2,13,10,24576,0.0411,0.9589,0.0005,0.0005
1,FakeGuadalupeV2,14,1,2457,0.0537,0.9577,1.0,1.0
1,FakeGuadalupeV2,14,2,4914,0.0411,0.9588,0.0126,0.0011
1,FakeGuadalupeV2,14,3,7371,0.0411,0.9589,0.0,0.0001
1,FakeGuadalupeV2,14,4,9828,0.041,0.959,0.0001,0.0001
1,FakeGuadalupeV2,14,5,12285,0.0396,0.9604,0.0014,0.0014
1,FakeGuadalupeV2,14,6,14742,0.0401,0.9599,0.0005,0.0005
1,FakeGuadalupeV2,14,7,17199,0.04,0.96,0.0001,0.0001
1,FakeGuadalupeV2,14,8,19656,0.04,0.96,0.0,0.0
1,FakeGuadalupeV2,14,9,22113,0.0398,0.9602,0.0001,0.0001
1,FakeGuadalupeV2,14,10,24576,0.0396,0.9604,0.0002,0.0002
1,FakeGuadalupeV2,15,1,2457,0.0427,0.9572,1.0,1.0
1,FakeGuadalupeV2,15,2,4914,0.0419,0.958,0.0008,0.0007
1,FakeGuadalupeV2,15,3,7371,0.0384,0.9616,0.0035,0.0036
1,FakeGuadalupeV2,15,4,9828,0.0404,0.9596,0.002,0.002
1,FakeGuadalupeV2,15,5,12285,0.0408,0.9592,0.0004,0.0004
1,FakeGuadalupeV2,15,6,14742,0.0418,0.9582,0.001,0.001
1,FakeGuadalupeV2,15,7,17199,0.0412,0.9588,0.0006,0.0006
1,FakeGuadalupeV2,15,8,19656,0.0411,0.9589,0.0001,0.0001
1,FakeGuadalupeV2,15,9,22113,0.0416,0.9584,0.0005,0.0004
1,FakeGuadalupeV2,15,10,24576,0.0415,0.9585,0.0001,0.0001
1,FakeGuadalupeV2,16,1,2457,0.0456,0.9544,1.0,1.0
1,FakeGuadalupeV2,16,2,4914,0.0462,0.9538,0.0006,0.0006
1,FakeGuadalupeV2,16,3,7371,0.0449,0.9551,0.0013,0.0013
1,FakeGuadalupeV2,16,4,9828,0.0432,0.9567,0.0017,0.0017
1,FakeGuadalupeV2,16,5,12285,0.0433,0.9567,0.0001,0.0001
1,FakeGuadalupeV2,16,6,14742,0.0427,0.9573,0.0006,0.0006
1,FakeGuadalupeV2,16,7,17199,0.043,0.957,0.0002,0.0002
1,FakeGuadalupeV2,16,8,19656,0.0429,0.9571,0.0001,0.0001
1,FakeGuadalupeV2,16,9,22113,0.043,0.957,0.0001,0.0001
1,FakeGuadalupeV2,16,10,24576,0.0431,0.9569,0.0,0.0
1,FakeGuadalupeV2,17,1,2457,0.035,0.9649,1.0,1.0
1,FakeGuadalupeV2,17,2,4914,0.0344,0.9655,0.0006,0.0006
1,FakeGuadalupeV2,17,3,7371,0.038,0.962,0.0036,0.0036
1,FakeGuadalupeV2,17,4,9828,0.0376,0.9623,0.0003,0.0003
1,FakeGuadalupeV2,17,5,12285,0.0377,0.9622,0.0,0.0
1,FakeGuadalupeV2,17,6,14742,0.0389,0.9609,0.0012,0.0013
1,FakeGuadalupeV2,17,7,17199,0.0399,0.96,0.0009,0.001
1,FakeGuadalupeV2,17,8,19656,0.0401,0.9598,0.0002,0.0002
1,FakeGuadalupeV2,17,9,22113,0.0399,0.96,0.0002,0.0002
1,FakeGuadalupeV2,17,10,24576,0.0403,0.9596,0.0004,0.0004
1,FakeGuadalupeV2,18,1,2457,0.0395,0.9605,1.0,1.0
1,FakeGuadalupeV2,18,2,4914,0.0415,0.9585,0.002,0.002
1,FakeGuadalupeV2,18,3,7371,0.0427,0.9573,0.0012,0.0012
1,FakeGuadalupeV2,18,4,9828,0.042,0.958,0.0007,0.0007
1,FakeGuadalupeV2,18,5,12285,0.0417,0.9583,0.0003,0.0003
1,FakeGuadalupeV2,18,6,14742,0.0414,0.9585,0.0002,0.0003
1,FakeGuadalupeV2,18,7,17199,0.0418,0.9581,0.0004,0.0004
1,FakeGuadalupeV2,18,8,19656,0.0414,0.9585,0.0004,0.0004
1,FakeGuadalupeV2,18,9,22113,0.0415,0.9585,0.0001,0.0
1,FakeGuadalupeV2,18,10,24576,0.0415,0.9585,0.0,0.0
1,FakeGuadalupeV2,19,1,2457,0.0423,0.9572,1.0,1.0
1,FakeGuadalupeV2,19,2,4914,0.0383,0.9616,0.0041,0.0044
1,FakeGuadalupeV2,19,3,7371,0.0396,0.9602,0.0014,0.0014
1,FakeGuadalupeV2,19,4,9828,0.039,0.9609,0.0006,0.0006
1,FakeGuadalupeV2,19,5,12285,0.0397,0.9601,0.0008,0.0008
1,FakeGuadalupeV2,19,6,14742,0.039,0.9608,0.0007,0.0007
1,FakeGuadalupeV2,19,7,17199,0.0398,0.9599,0.0008,0.0009
1,FakeGuadalupeV2,19,8,19656,0.0408,0.9589,0.001,0.001
1,FakeGuadalupeV2,19,9,22113,0.0414,0.9584,0.0006,0.0005
1,FakeGuadalupeV2,19,10,24576,0.0416,0.9581,0.0002,0.0002
2,FakeGuadalupeV2,0,1,819,0.0891,0.9109,1.0,1.0
2,FakeGuadalupeV2,0,2,1638,0.0769,0.9231,0.0122,0.0122
2,FakeGuadalupeV2,0,3,2457,0.0765,0.9235,0.0004,0.0004
2,FakeGuadalupeV2,0,4,3276,0.0778,0.9221,0.0013,0.0014
2,FakeGuadalupeV2,0,5,4095,0.0762,0.9238,0.0016,0.0017
2,FakeGuadalupeV2,0,6,4914,0.0753,0.9247,0.0009,0.0009
2,FakeGuadalupeV2,0,7,5733,0.0745,0.9255,0.0008,0.0008
2,FakeGuadalupeV2,0,8,6552,0.0733,0.9267,0.0012,0.0012
2,FakeGuadalupeV2,0,9,7371,0.0722,0.9278,0.0011,0.0011
2,FakeGuadalupeV2,0,10,8192,0.0728,0.9272,0.0006,0.0006
2,FakeGuadalupeV2,1,1,819,0.0769,0.923,1.0,1.0
2,FakeGuadalupeV2,1,2,1638,0.0769,0.9231,0.0,0.0
2,FakeGuadalupeV2,1,3,2457,0.0794,0.9206,0.0024,0.0025
2,FakeGuadalupeV2,1,4,3276,0.0778,0.9222,0.0015,0.0016
2,FakeGuadalupeV2,1,5,4095,0.0813,0.9187,0.0035,0.0035
2,FakeGuadalupeV2,1,6,4914,0.0814,0.9186,0.0001,0.0001
2,FakeGuadalupeV2,1,7,5733,0.0797,0.9203,0.0017,0.0017
2,FakeGuadalupeV2,1,8,6552,0.0783,0.9217,0.0014,0.0014
2,FakeGuadalupeV2,1,9,7371,0.0765,0.9235,0.0018,0.0018
2,FakeGuadalupeV2,1,10,8192,0.0769,0.9231,0.0004,0.0004
2,FakeGuadalupeV2,2,1,819,0.0806,0.9186,1.0,1.0
2,FakeGuadalupeV2,2,2,1638,0.0708,0.9292,0.0098,0.0106
2,FakeGuadalupeV2,2,3,2457,0.0672,0.9328,0.0037,0.0037
2,FakeGuadalupeV2,2,4,3276,0.0681,0.9319,0.0009,0.0009
2,FakeGuadalupeV2,2,5,4095,0.0708,0.9292,0.0027,0.0027
2,FakeGuadalupeV2,2,6,4914,0.0716,0.9284,0.0008,0.0008
2,FakeGuadalupeV2,2,7,5733,0.0708,0.9292,0.0008,0.0008
2,FakeGuadalupeV2,2,8,6552,0.071,0.929,0.0002,0.0002
2,FakeGuadalupeV2,2,9,7371,0.0714,0.9286,0.0004,0.0004
2,FakeGuadalupeV2,2,10,8192,0.0713,0.9287,0.0001,0.0001
2,FakeGuadalupeV2,3,1,819,0.0781,0.9217,1.0,1.0
2,FakeGuadalupeV2,3,2,1638,0.0751,0.9241,0.0031,0.0023
2,FakeGuadalupeV2,3,3,2457,0.0729,0.9266,0.0022,0.0026
2,FakeGuadalupeV2,3,4,3276,0.0733,0.9262,0.0004,0.0005
2,FakeGuadalupeV2,3,5,4095,0.0745,0.9246,0.0012,0.0015
2,FakeGuadalupeV2,3,6,4914,0.0751,0.9238,0.0006,0.0008
2,FakeGuadalupeV2,3,7,5733,0.0755,0.9235,0.0004,0.0003
2,FakeGuadalupeV2,3,8,6552,0.0734,0.9257,0.0021,0.0022
2,FakeGuadalupeV2,3,9,7371,0.072,0.9272,0.0014,0.0015
2,FakeGuadalupeV2,3,10,8192,0.073,0.9262,0.001,0.001
2,FakeGuadalupeV2,4,1,819,0.0891,0.9106,1.0,1.0
2,FakeGuadalupeV2,4,2,1638,0.0818,0.9175,0.0073,0.0069
2,FakeGuadalupeV2,4,3,2457,0.081,0.9183,0.0008,0.0009
2,FakeGuadalupeV2,4,4,3276,0.0788,0.9207,0.0022,0.0024
2,FakeGuadalupeV2,4,5,4095,0.0767,0.9229,0.0021,0.0022
2,FakeGuadalupeV2,4,6,4914,0.0755,0.9241,0.0012,0.0013
2,FakeGuadalupeV2,4,7,5733,0.0741,0.9255,0.0014,0.0014
2,FakeGuadalupeV2,4,8,6552,0.0746,0.925,0.0005,0.0005
2,FakeGuadalupeV2,4,9,7371,0.0737,0.926,0.001,0.001
2,FakeGuadalupeV2,4,10,8192,0.0728,0.927,0.0009,0.001
2,FakeGuadalupeV2,5,1,819,0.0745,0.9252,1.0,1.0
2,FakeGuadalupeV2,5,2,1638,0.0714,0.9285,0.0031,0.0034
2,FakeGuadalupeV2,5,3,2457,0.0741,0.9259,0.0026,0.0026
2,FakeGuadalupeV2,5,4,3276,0.0763,0.9237,0.0022,0.0023
2,FakeGuadalupeV2,5,5,4095,0.075,0.925,0.0013,0.0014
2,FakeGuadalupeV2,5,6,4914,0.0739,0.9261,0.0011,0.0011
2,FakeGuadalupeV2,5,7,5733,0.0752,0.9248,0.0013,0.0013
2,FakeGuadalupeV2,5,8,6552,0.0749,0.9251,0.0002,0.0002
2,FakeGuadalupeV2,5,9,7371,0.0738,0.9262,0.0011,0.0011
2,FakeGuadalupeV2,5,10,8192,0.0725,0.9275,0.0013,0.0013
2,FakeGuadalupeV2,6,1,819,0.0708,0.929,1.0,1.0
2,FakeGuadalupeV2,6,2,1638,0.0696,0.9304,0.0012,0.0014
2,FakeGuadalupeV2,6,3,2457,0.0733,0.9267,0.0037,0.0037
2,FakeGuadalupeV2,6,4,3276,0.0714,0.9285,0.0018,0.0018
2,FakeGuadalupeV2,6,5,4095,0.0733,0.9267,0.0018,0.0018
2,FakeGuadalupeV2,6,6,4914,0.0747,0.9253,0.0014,0.0014
2,FakeGuadalupeV2,6,7,5733,0.0726,0.9274,0.0021,0.0021
2,FakeGuadalupeV2,6,8,6552,0.0736,0.9264,0.001,0.001
2,FakeGuadalupeV2,6,9,7371,0.0742,0.9257,0.0006,0.0006
2,FakeGuadalupeV2,6,10,8192,0.0736,0.9263,0.0006,0.0006
2,FakeGuadalupeV2,7,1,819,0.0684,0.9316,1.0,1.0
2,FakeGuadalupeV2,7,2,1638,0.0598,0.9401,0.0085,0.0085
2,FakeGuadalupeV2,7,3,2457,0.0635,0.9365,0.0037,0.0036
2,FakeGuadalupeV2,7,4,3276,0.0659,0.9341,0.0024,0.0024
2,FakeGuadalupeV2,7,5,4095,0.0664,0.9336,0.0005,0.0005
2,FakeGuadalupeV2,7,6,4914,0.0718,0.9281,0.0054,0.0054
2,FakeGuadalupeV2,7,7,5733,0.0696,0.9304,0.0022,0.0022
2,FakeGuadalupeV2,7,8,6552,0.0711,0.9289,0.0015,0.0015
2,FakeGuadalupeV2,7,9,7371,0.0719,0.9281,0.0008,0.0008
2,FakeGuadalupeV2,7,10,8192,0.0734,0.9266,0.0015,0.0015
2,FakeGuadalupeV2,8,1,819,0.083,0.9175,1.0,1.0
2,FakeGuadalupeV2,8,2,1638,0.0769,0.9217,0.0061,0.0041
2,FakeGuadalupeV2,8,3,2457,0.0729,0.9258,0.0041,0.0042
2,FakeGuadalupeV2,8,4,3276,0.0714,0.9279,0.0014,0.0021
2,FakeGuadalupeV2,8,5,4095,0.0718,0.9273,0.0004,0.0006
2,FakeGuadalupeV2,8,6,4914,0.071,0.928,0.0008,0.0007
2,FakeGuadalupeV2,8,7,5733,0.0696,0.9296,0.0014,0.0016
2,FakeGuadalupeV2,8,8,6552,0.0691,0.9301,0.0005,0.0005
2,FakeGuadalupeV2,8,9,7371,0.0674,0.9317,0.0017,0.0016
2,FakeGuadalupeV2,8,10,8192,0.0664,0.9326,0.001,0.0009
2,FakeGuadalupeV2,9,1,819,0.0672,0.9327,1.0,1.0
2,FakeGuadalupeV2,9,2,1638,0.0641,0.9353,0.0031,0.0026
2,FakeGuadalupeV2,9,3,2457,0.0643,0.9354,0.0002,0.0002
2,FakeGuadalupeV2,9,4,3276,0.0687,0.9312,0.0044,0.0042
2,FakeGuadalupeV2,9,5,4095,0.0708,0.929,0.0021,0.0022
2,FakeGuadalupeV2,9,6,4914,0.0729,0.927,0.002,0.0019
2,FakeGuadalupeV2,9,7,5733,0.0729,0.927,0.0001,0.0
2,FakeGuadalupeV2,9,8,6552,0.073,0.927,0.0,0.0
2,FakeGuadalupeV2,9,9,7371,0.0735,0.9264,0.0006,0.0006
2,FakeGuadalupeV2,9,10,8192,0.0735,0.9265,0.0,0.0001
2,FakeGuadalupeV2,10,1,819,0.0696,0.9302,1.0,1.0
2,FakeGuadalupeV2,10,2,1638,0.0726,0.9273,0.0031,0.0029
2,FakeGuadalupeV2,10,3,2457,0.0753,0.9247,0.0026,0.0026
2,FakeGuadalupeV2,10,4,3276,0.0708,0.9291,0.0045,0.0044
2,FakeGuadalupeV2,10,5,4095,0.0711,0.9289,0.0002,0.0002
2,FakeGuadalupeV2,10,6,4914,0.071,0.929,0.0,0.0001
2,FakeGuadalupeV2,10,7,5733,0.0722,0.9278,0.0012,0.0012
2,FakeGuadalupeV2,10,8,6552,0.0713,0.9287,0.0009,0.0009
2,FakeGuadalupeV2,10,9,7371,0.072,0.9279,0.0008,0.0008
2,FakeGuadalupeV2,10,10,8192,0.0718,0.9282,0.0003,0.0003
2,FakeGuadalupeV2,11,1,819,0.0745,0.9252,1.0,1.0
2,FakeGuadalupeV2,11,2,1638,0.0781,0.9215,0.0037,0.0036
2,FakeGuadalupeV2,11,3,2457,0.079,0.9207,0.0008,0.0008
2,FakeGuadalupeV2,11,4,3276,0.0824,0.9171,0.0035,0.0037
2,FakeGuadalupeV2,11,5,4095,0.0796,0.92,0.0028,0.003
2,FakeGuadalupeV2,11,6,4914,0.0775,0.9222,0.0021,0.0021
2,FakeGuadalupeV2,11,7,5733,0.0761,0.9238,0.0015,0.0016
2,FakeGuadalupeV2,11,8,6552,0.0742,0.9256,0.0019,0.0018
2,FakeGuadalupeV2,11,9,7371,0.0767,0.9231,0.0025,0.0026
2,FakeGuadalupeV2,11,10,8192,0.0771,0.9225,0.0005,0.0005
2,FakeGuadalupeV2,12,1,819,0.0659,0.9334,1.0,1.0
2,FakeGuadalupeV2,12,2,1638,0.0769,0.9228,0.011,0.0106
2,FakeGuadalupeV2,12,3,2457,0.0741,0.9256,0.0028,0.0028
2,FakeGuadalupeV2,12,4,3276,0.0733,0.9264,0.0008,0.0008
2,FakeGuadalupeV2,12,5,4095,0.0723,0.9274,0.001,0.001
2,FakeGuadalupeV2,12,6,4914,0.0726,0.9272,0.0004,0.0003
2,FakeGuadalupeV2,12,7,5733,0.0734,0.9265,0.0008,0.0007
2,FakeGuadalupeV2,12,8,6552,0.0716,0.9283,0.0019,0.0018
2,FakeGuadalupeV2,12,9,7371,0.0707,0.9291,0.0009,0.0009
2,FakeGuadalupeV2,12,10,8192,0.0701,0.9297,0.0006,0.0006
2,FakeGuadalupeV2,13,1,819,0.0611,0.9385,1.0,1.0
2,FakeGuadalupeV2,13,2,1638,0.0702,0.9295,0.0092,0.009
2,FakeGuadalupeV2,13,3,2457,0.0745,0.9251,0.0043,0.0044
2,FakeGuadalupeV2,13,4,3276,0.0754,0.9241,0.0009,0.001
2,FakeGuadalupeV2,13,5,4095,0.0752,0.9243,0.0002,0.0002
2,FakeGuadalupeV2,13,6,4914,0.0741,0.9256,0.0011,0.0012
2,FakeGuadalupeV2,13,7,5733,0.071,0.9286,0.0031,0.0031
2,FakeGuadalupeV2,13,8,6552,0.0711,0.9286,0.0001,0.0001
2,FakeGuadalupeV2,13,9,7371,0.0696,0.9301,0.0015,0.0015
2,FakeGuadalupeV2,13,10,8192,0.0698,0.93,0.0002,0.0001
2,FakeGuadalupeV2,14,1,819,0.0708,0.9286,1.0,1.0
2,FakeGuadalupeV2,14,2,1638,0.0653,0.9347,0.0055,0.0061
2,FakeGuadalupeV2,14,3,2457,0.0712,0.9287,0.0059,0.0059
2,FakeGuadalupeV2,14,4,3276,0.0699,0.9301,0.0013,0.0014
2,FakeGuadalupeV2,14,5,4095,0.0706,0.9294,0.0007,0.0007
2,FakeGuadalupeV2,14,6,4914,0.0716,0.9284,0.0011,0.001
2,FakeGuadalupeV2,14,7,5733,0.072,0.928,0.0004,0.0004
2,FakeGuadalupeV2,14,8,6552,0.0711,0.9289,0.0009,0.0009
2,FakeGuadalupeV2,14,9,7371,0.0704,0.9296,0.0007,0.0007
2,FakeGuadalupeV2,14,10,8192,0.071,0.9289,0.0006,0.0006
2,FakeGuadalupeV2,15,1,819,0.0733,0.9324,1.0,1.0
2,FakeGuadalupeV2,15,2,1638,0.0696,0.9294,0.0037,0.003
2,FakeGuadalupeV2,15,3,2457,0.0708,0.9311,0.0012,0.0016
2,FakeGuadalupeV2,15,4,3276,0.0687,0.9303,0.0021,0.0008
2,FakeGuadalupeV2,15,5,4095,0.0684,0.9307,0.0003,0.0004
2,FakeGuadalupeV2,15,6,4914,0.0698,0.9307,0.0014,0.0001
2,FakeGuadalupeV2,15,7,5733,0.072,0.9302,0.0022,0.0006
2,FakeGuadalupeV2,15,8,6552,0.0684,0.9309,0.0037,0.0007
2,FakeGuadalupeV2,15,9,7371,0.0697,0.9296,0.0014,0.0013
2,FakeGuadalupeV2,15,10,8192,0.0708,0.9279,0.0011,0.0016
2,FakeGuadalupeV2,16,1,819,0.0842,0.9361,1.0,1.0
2,FakeGuadalupeV2,16,2,1638,0.0659,0.9377,0.0183,0.0017
2,FakeGuadalupeV2,16,3,2457,0.0724,0.9368,0.0065,0.0009
2,FakeGuadalupeV2,16,4,3276,0.0711,0.9335,0.0013,0.0033
2,FakeGuadalupeV2,16,5,4095,0.0759,0.9295,0.0048,0.0041
2,FakeGuadalupeV2,16,6,4914,0.0759,0.9284,0.0,0.0011
2,FakeGuadalupeV2,16,7,5733,0.0776,0.929,0.0017,0.0006
2,FakeGuadalupeV2,16,8,6552,0.0792,0.928,0.0016,0.0009
2,FakeGuadalupeV2,16,9,7371,0.0775,0.929,0.0017,0.001
2,FakeGuadalupeV2,16,10,8192,0.0778,0.9299,0.0003,0.0009
2,FakeGuadalupeV2,17,1,819,0.1001,0.9192,1.0,1.0
2,FakeGuadalupeV2,17,2,1638,0.0842,0.9193,0.0159,0.0
2,FakeGuadalupeV2,17,3,2457,0.0786,0.9239,0.0057,0.0046
2,FakeGuadalupeV2,17,4,3276,0.0781,0.9253,0.0004,0.0015
2,FakeGuadalupeV2,17,5,4095,0.0777,0.9251,0.0005,0.0003
2,FakeGuadalupeV2,17,6,4914,0.0761,0.9264,0.0015,0.0013
2,FakeGuadalupeV2,17,7,5733,0.0722,0.9266,0.0039,0.0002
2,FakeGuadalupeV2,17,8,6552,0.0717,0.9274,0.0005,0.0007
2,FakeGuadalupeV2,17,9,7371,0.071,0.928,0.0008,0.0006
2,FakeGuadalupeV2,17,10,8192,0.0706,0.9284,0.0004,0.0004
2,FakeGuadalupeV2,18,1,819,0.0733,0.9267,1.0,1.0
2,FakeGuadalupeV2,18,2,1638,0.0696,0.9303,0.0037,0.0036
2,FakeGuadalupeV2,18,3,2457,0.07,0.93,0.0004,0.0004
2,FakeGuadalupeV2,18,4,3276,0.0681,0.9319,0.0019,0.002
2,FakeGuadalupeV2,18,5,4095,0.0667,0.9333,0.0014,0.0014
2,FakeGuadalupeV2,18,6,4914,0.0696,0.9304,0.0029,0.0029
2,FakeGuadalupeV2,18,7,5733,0.0698,0.9302,0.0002,0.0002
2,FakeGuadalupeV2,18,8,6552,0.0691,0.9308,0.0006,0.0006
2,FakeGuadalupeV2,18,9,7371,0.0708,0.9291,0.0017,0.0017
2,FakeGuadalupeV2,18,10,8192,0.0712,0.9287,0.0003,0.0003
2,FakeGuadalupeV2,19,1,819,0.0672,0.9329,1.0,1.0
2,FakeGuadalupeV2,19,2,1638,0.0708,0.9281,0.0037,0.0048
2,FakeGuadalupeV2,19,3,2457,0.0729,0.926,0.002,0.0021
2,FakeGuadalupeV2,19,4,3276,0.0723,0.927,0.0005,0.001
2,FakeGuadalupeV2,19,5,4095,0.0703,0.9294,0.002,0.0024
2,FakeGuadalupeV2,19,6,4914,0.0716,0.9281,0.0013,0.0013
2,FakeGuadalupeV2,19,7,5733,0.0715,0.9282,0.0001,0.0001
2,FakeGuadalupeV2,19,8,6552,0.0722,0.9275,0.0007,0.0007
2,FakeGuadalupeV2,19,9,7371,0.0724,0.9272,0.0003,0.0003
2,FakeGuadalupeV2,19,10,8192,0.0714,0.9282,0.001,0.001
3,FakeGuadalupeV2,0,1,400,0.045,0.955,1.0,1.0
3,FakeGuadalupeV2,0,2,800,0.0363,0.9637,0.0088,0.0087
3,FakeGuadalupeV2,0,3,1200,0.04,0.96,0.0038,0.0038
3,FakeGuadalupeV2,0,4,1600,0.0444,0.9556,0.0044,0.0044
3,FakeGuadalupeV2,0,5,2000,0.0405,0.9595,0.0039,0.0039
3,FakeGuadalupeV2,0,6,2400,0.0425,0.9575,0.002,0.002
3,FakeGuadalupeV2,0,7,2800,0.0439,0.9561,0.0014,0.0014
3,FakeGuadalupeV2,0,8,3200,0.0469,0.9531,0.0029,0.0029
3,FakeGuadalupeV2,0,9,3600,0.0456,0.9544,0.0013,0.0013
3,FakeGuadalupeV2,0,10,4000,0.0453,0.9547,0.0003,0.0003
3,FakeGuadalupeV2,1,1,400,0.04,0.96,1.0,1.0
3,FakeGuadalupeV2,1,2,800,0.0337,0.9663,0.0063,0.0063
3,FakeGuadalupeV2,1,3,1200,0.0383,0.9617,0.0046,0.0046
3,FakeGuadalupeV2,1,4,1600,0.0375,0.9625,0.0008,0.0008
3,FakeGuadalupeV2,1,5,2000,0.04,0.96,0.0025,0.0025
3,FakeGuadalupeV2,1,6,2400,0.0408,0.9592,0.0008,0.0008
3,FakeGuadalupeV2,1,7,2800,0.0414,0.9586,0.0006,0.0006
3,FakeGuadalupeV2,1,8,3200,0.0409,0.9591,0.0005,0.0005
3,FakeGuadalupeV2,1,9,3600,0.0431,0.9569,0.0021,0.0021
3,FakeGuadalupeV2,1,10,4000,0.0425,0.9575,0.0006,0.0006
3,FakeGuadalupeV2,2,1,400,0.035,0.965,1.0,1.0
3,FakeGuadalupeV2,2,2,800,0.0387,0.9613,0.0037,0.0037
3,FakeGuadalupeV2,2,3,1200,0.05,0.95,0.0113,0.0113
3,FakeGuadalupeV2,2,4,1600,0.0487,0.9513,0.0013,0.0013
3,FakeGuadalupeV2,2,5,2000,0.047,0.953,0.0017,0.0017
3,FakeGuadalupeV2,2,6,2400,0.0471,0.9529,0.0001,0.0001
3,FakeGuadalupeV2,2,7,2800,0.0482,0.9518,0.0011,0.0011
3,FakeGuadalupeV2,2,8,3200,0.0478,0.9522,0.0004,0.0004
3,FakeGuadalupeV2,2,9,3600,0.0478,0.9522,0.0,0.0
3,FakeGuadalupeV2,2,10,4000,0.0473,0.9527,0.0005,0.0005
3,FakeGuadalupeV2,3,1,400,0.0425,0.9575,1.0,1.0
3,FakeGuadalupeV2,3,2,800,0.0337,0.9663,0.0088,0.0088
3,FakeGuadalupeV2,3,3,1200,0.0342,0.9658,0.0004,0.0004
3,FakeGuadalupeV2,3,4,1600,0.0319,0.9681,0.0023,0.0023
3,FakeGuadalupeV2,3,5,2000,0.031,0.969,0.0009,0.0009
3,FakeGuadalupeV2,3,6,2400,0.035,0.965,0.004,0.004
3,FakeGuadalupeV2,3,7,2800,0.0364,0.9636,0.0014,0.0014
3,FakeGuadalupeV2,3,8,3200,0.0378,0.9622,0.0014,0.0014
3,FakeGuadalupeV2,3,9,3600,0.0386,0.9614,0.0008,0.0008
3,FakeGuadalupeV2,3,10,4000,0.0403,0.9597,0.0016,0.0016
3,FakeGuadalupeV2,4,1,400,0.03,0.97,1.0,1.0
3,FakeGuadalupeV2,4,2,800,0.0337,0.9663,0.0037,0.0037
3,FakeGuadalupeV2,4,3,1200,0.0325,0.9675,0.0012,0.0013
3,FakeGuadalupeV2,4,4,1600,0.0381,0.9619,0.0056,0.0056
3,FakeGuadalupeV2,4,5,2000,0.0405,0.9595,0.0024,0.0024
3,FakeGuadalupeV2,4,6,2400,0.0429,0.9571,0.0024,0.0024
3,FakeGuadalupeV2,4,7,2800,0.0454,0.9546,0.0024,0.0024
3,FakeGuadalupeV2,4,8,3200,0.0459,0.9541,0.0006,0.0006
3,FakeGuadalupeV2,4,9,3600,0.0472,0.9528,0.0013,0.0013
3,FakeGuadalupeV2,4,10,4000,0.0475,0.9525,0.0003,0.0003
3,FakeGuadalupeV2,5,1,400,0.0575,0.9425,1.0,1.0
3,FakeGuadalupeV2,5,2,800,0.05,0.95,0.0075,0.0075
3,FakeGuadalupeV2,5,3,1200,0.0492,0.9508,0.0008,0.0008
3,FakeGuadalupeV2,5,4,1600,0.0475,0.9525,0.0017,0.0017
3,FakeGuadalupeV2,5,5,2000,0.0515,0.9485,0.004,0.004
3,FakeGuadalupeV2,5,6,2400,0.0483,0.9517,0.0032,0.0032
3,FakeGuadalupeV2,5,7,2800,0.0468,0.9532,0.0015,0.0015
3,FakeGuadalupeV2,5,8,3200,0.0469,0.9531,0.0001,0.0001
3,FakeGuadalupeV2,5,9,3600,0.0467,0.9533,0.0002,0.0002
3,FakeGuadalupeV2,5,10,4000,0.0465,0.9535,0.0002,0.0002
3,FakeGuadalupeV2,6,1,400,0.035,0.965,1.0,1.0
3,FakeGuadalupeV2,6,2,800,0.035,0.965,0.0,0.0
3,FakeGuadalupeV2,6,3,1200,0.0392,0.9608,0.0042,0.0042
3,FakeGuadalupeV2,6,4,1600,0.0425,0.9575,0.0033,0.0033
3,FakeGuadalupeV2,6,5,2000,0.0445,0.9555,0.002,0.002
3,FakeGuadalupeV2,6,6,2400,0.045,0.955,0.0005,0.0005
3,FakeGuadalupeV2,6,7,2800,0.045,0.955,0.0,0.0
3,FakeGuadalupeV2,6,8,3200,0.0447,0.9553,0.0003,0.0003
3,FakeGuadalupeV2,6,9,3600,0.0436,0.9564,0.0011,0.0011
3,FakeGuadalupeV2,6,10,4000,0.043,0.957,0.0006,0.0006
3,FakeGuadalupeV2,7,1,400,0.0325,0.9675,1.0,1.0
3,FakeGuadalupeV2,7,2,800,0.0275,0.9725,0.005,0.005
3,FakeGuadalupeV2,7,3,1200,0.0325,0.9675,0.005,0.005
3,FakeGuadalupeV2,7,4,1600,0.0356,0.9644,0.0031,0.0031
3,FakeGuadalupeV2,7,5,2000,0.038,0.962,0.0024,0.0024
3,FakeGuadalupeV2,7,6,2400,0.0413,0.9588,0.0032,0.0032
3,FakeGuadalupeV2,7,7,2800,0.0407,0.9593,0.0005,0.0005
3,FakeGuadalupeV2,7,8,3200,0.0406,0.9594,0.0001,0.0001
3,FakeGuadalupeV2,7,9,3600,0.0408,0.9592,0.0002,0.0002
3,FakeGuadalupeV2,7,10,4000,0.0423,0.9578,0.0014,0.0014
3,FakeGuadalupeV2,8,1,400,0.03,0.97,1.0,1.0
3,FakeGuadalupeV2,8,2,800,0.0325,0.9675,0.0025,0.0025
3,FakeGuadalupeV2,8,3,1200,0.035,0.965,0.0025,0.0025
3,FakeGuadalupeV2,8,4,1600,0.0381,0.9619,0.0031,0.0031
3,FakeGuadalupeV2,8,5,2000,0.039,0.961,0.0009,0.0009
3,FakeGuadalupeV2,8,6,2400,0.0396,0.9604,0.0006,0.0006
3,FakeGuadalupeV2,8,7,2800,0.0436,0.9564,0.004,0.004
3,FakeGuadalupeV2,8,8,3200,0.0437,0.9563,0.0002,0.0002
3,FakeGuadalupeV2,8,9,3600,0.0439,0.9561,0.0001,0.0001
3,FakeGuadalupeV2,8,10,4000,0.0433,0.9568,0.0006,0.0006
3,FakeGuadalupeV2,9,1,400,0.04,0.96,1.0,1.0
3,FakeGuadalupeV2,9,2,800,0.0525,0.9475,0.0125,0.0125
3,FakeGuadalupeV2,9,3,1200,0.0442,0.9558,0.0083,0.0083
3,FakeGuadalupeV2,9,4,1600,0.0456,0.9544,0.0015,0.0015
3,FakeGuadalupeV2,9,5,2000,0.0465,0.9535,0.0009,0.0009
3,FakeGuadalupeV2,9,6,2400,0.0479,0.9521,0.0014,0.0014
3,FakeGuadalupeV2,9,7,2800,0.0461,0.9539,0.0018,0.0018
3,FakeGuadalupeV2,9,8,3200,0.045,0.955,0.0011,0.0011
3,FakeGuadalupeV2,9,9,3600,0.0472,0.9528,0.0022,0.0022
3,FakeGuadalupeV2,9,10,4000,0.0453,0.9547,0.002,0.002
3,FakeGuadalupeV2,10,1,400,0.0575,0.9425,1.0,1.0
3,FakeGuadalupeV2,10,2,800,0.055,0.945,0.0025,0.0025
3,FakeGuadalupeV2,10,3,1200,0.0533,0.9467,0.0017,0.0017
3,FakeGuadalupeV2,10,4,1600,0.0519,0.9481,0.0015,0.0015
3,FakeGuadalupeV2,10,5,2000,0.05,0.95,0.0019,0.0019
3,FakeGuadalupeV2,10,6,2400,0.0487,0.9513,0.0013,0.0013
3,FakeGuadalupeV2,10,7,2800,0.0475,0.9525,0.0012,0.0012
3,FakeGuadalupeV2,10,8,3200,0.0469,0.9531,0.0006,0.0006
3,FakeGuadalupeV2,10,9,3600,0.0472,0.9528,0.0003,0.0003
3,FakeGuadalupeV2,10,10,4000,0.0483,0.9517,0.001,0.001
3,FakeGuadalupeV2,11,1,400,0.06,0.94,1.0,1.0
3,FakeGuadalupeV2,11,2,800,0.0537,0.9463,0.0063,0.0063
3,FakeGuadalupeV2,11,3,1200,0.045,0.955,0.0087,0.0087
3,FakeGuadalupeV2,11,4,1600,0.0487,0.9513,0.0037,0.0037
3,FakeGuadalupeV2,11,5,2000,0.047,0.953,0.0017,0.0017
3,FakeGuadalupeV2,11,6,2400,0.0463,0.9537,0.0008,0.0008
3,FakeGuadalupeV2,11,7,2800,0.0464,0.9536,0.0002,0.0002
3,FakeGuadalupeV2,11,8,3200,0.0466,0.9534,0.0001,0.0001
3,FakeGuadalupeV2,11,9,3600,0.05,0.95,0.0034,0.0034
3,FakeGuadalupeV2,11,10,4000,0.0493,0.9507,0.0008,0.0008
3,FakeGuadalupeV2,12,1,400,0.055,0.945,1.0,1.0
3,FakeGuadalupeV2,12,2,800,0.0475,0.9525,0.0075,0.0075
3,FakeGuadalupeV2,12,3,1200,0.0508,0.9492,0.0033,0.0033
3,FakeGuadalupeV2,12,4,1600,0.0513,0.9488,0.0004,0.0004
3,FakeGuadalupeV2,12,5,2000,0.049,0.951,0.0022,0.0022
3,FakeGuadalupeV2,12,6,2400,0.0463,0.9537,0.0028,0.0028
3,FakeGuadalupeV2,12,7,2800,0.0446,0.9554,0.0016,0.0016
3,FakeGuadalupeV2,12,8,3200,0.0441,0.9559,0.0006,0.0006
3,FakeGuadalupeV2,12,9,3600,0.0433,0.9567,0.0007,0.0007
3,FakeGuadalupeV2,12,10,4000,0.043,0.957,0.0003,0.0003
3,FakeGuadalupeV2,13,1,400,0.0225,0.9775,1.0,1.0
3,FakeGuadalupeV2,13,2,800,0.0375,0.9625,0.015,0.015
3,FakeGuadalupeV2,13,3,1200,0.0383,0.9617,0.0008,0.0008
3,FakeGuadalupeV2,13,4,1600,0.0387,0.9613,0.0004,0.0004
3,FakeGuadalupeV2,13,5,2000,0.0375,0.9625,0.0012,0.0012
3,FakeGuadalupeV2,13,6,2400,0.0375,0.9625,0.0,0.0
3,FakeGuadalupeV2,13,7,2800,0.0375,0.9625,0.0,0.0
3,FakeGuadalupeV2,13,8,3200,0.0384,0.9616,0.0009,0.0009
3,FakeGuadalupeV2,13,9,3600,0.0406,0.9594,0.0021,0.0021
3,FakeGuadalupeV2,13,10,4000,0.0397,0.9603,0.0008,0.0008
3,FakeGuadalupeV2,14,1,400,0.045,0.955,1.0,1.0
3,FakeGuadalupeV2,14,2,800,0.045,0.955,0.0,0.0
3,FakeGuadalupeV2,14,3,1200,0.0425,0.9575,0.0025,0.0025
3,FakeGuadalupeV2,14,4,1600,0.0444,0.9556,0.0019,0.0019
3,FakeGuadalupeV2,14,5,2000,0.041,0.959,0.0034,0.0034
3,FakeGuadalupeV2,14,6,2400,0.0404,0.9596,0.0006,0.0006
3,FakeGuadalupeV2,14,7,2800,0.04,0.96,0.0004,0.0004
3,FakeGuadalupeV2,14,8,3200,0.0406,0.9594,0.0006,0.0006
3,FakeGuadalupeV2,14,9,3600,0.0414,0.9586,0.0008,0.0008
3,FakeGuadalupeV2,14,10,4000,0.0413,0.9588,0.0001,0.0001
3,FakeGuadalupeV2,15,1,400,0.045,0.955,1.0,1.0
3,FakeGuadalupeV2,15,2,800,0.035,0.965,0.01,0.01
3,FakeGuadalupeV2,15,3,1200,0.0317,0.9683,0.0033,0.0033
3,FakeGuadalupeV2,15,4,1600,0.0331,0.9669,0.0015,0.0015
3,FakeGuadalupeV2,15,5,2000,0.033,0.967,0.0001,0.0001
3,FakeGuadalupeV2,15,6,2400,0.0325,0.9675,0.0005,0.0005
3,FakeGuadalupeV2,15,7,2800,0.0343,0.9657,0.0018,0.0018
3,FakeGuadalupeV2,15,8,3200,0.0325,0.9675,0.0018,0.0018
3,FakeGuadalupeV2,15,9,3600,0.0347,0.9653,0.0022,0.0022
3,FakeGuadalupeV2,15,10,4000,0.038,0.962,0.0033,0.0033
3,FakeGuadalupeV2,16,1,400,0.0475,0.9525,1.0,1.0
3,FakeGuadalupeV2,16,2,800,0.0425,0.9575,0.005,0.005
3,FakeGuadalupeV2,16,3,1200,0.04,0.96,0.0025,0.0025
3,FakeGuadalupeV2,16,4,1600,0.0406,0.9594,0.0006,0.0006
3,FakeGuadalupeV2,16,5,2000,0.045,0.955,0.0044,0.0044
3,FakeGuadalupeV2,16,6,2400,0.0475,0.9525,0.0025,0.0025
3,FakeGuadalupeV2,16,7,2800,0.0464,0.9536,0.0011,0.0011
3,FakeGuadalupeV2,16,8,3200,0.0456,0.9544,0.0008,0.0008
3,FakeGuadalupeV2,16,9,3600,0.0428,0.9572,0.0028,0.0028
3,FakeGuadalupeV2,16,10,4000,0.0443,0.9557,0.0015,0.0015
3,FakeGuadalupeV2,17,1,400,0.055,0.945,1.0,1.0
3,FakeGuadalupeV2,17,2,800,0.0487,0.9513,0.0063,0.0063
3,FakeGuadalupeV2,17,3,1200,0.045,0.955,0.0037,0.0037
3,FakeGuadalupeV2,17,4,1600,0.0425,0.9575,0.0025,0.0025
3,FakeGuadalupeV2,17,5,2000,0.045,0.955,0.0025,0.0025
3,FakeGuadalupeV2,17,6,2400,0.0475,0.9525,0.0025,0.0025
3,FakeGuadalupeV2,17,7,2800,0.0457,0.9543,0.0018,0.0018
3,FakeGuadalupeV2,17,8,3200,0.0444,0.9556,0.0013,0.0013
3,FakeGuadalupeV2,17,9,3600,0.0433,0.9567,0.001,0.001
3,FakeGuadalupeV2,17,10,4000,0.043,0.957,0.0003,0.0003
3,FakeGuadalupeV2,18,1,400,0.025,0.975,1.0,1.0
3,FakeGuadalupeV2,18,2,800,0.0363,0.9637,0.0112,0.0112
3,FakeGuadalupeV2,18,3,1200,0.0442,0.9558,0.0079,0.0079
3,FakeGuadalupeV2,18,4,1600,0.0437,0.9563,0.0004,0.0004
3,FakeGuadalupeV2,18,5,2000,0.044,0.956,0.0003,0.0003
3,FakeGuadalupeV2,18,6,2400,0.0433,0.9567,0.0007,0.0007
3,FakeGuadalupeV2,18,7,2800,0.0454,0.9546,0.002,0.002
3,FakeGuadalupeV2,18,8,3200,0.0444,0.9556,0.001,0.001
3,FakeGuadalupeV2,18,9,3600,0.0425,0.9575,0.0019,0.0019
3,FakeGuadalupeV2,18,10,4000,0.043,0.957,0.0005,0.0005
3,FakeGuadalupeV2,19,1,400,0.045,0.955,1.0,1.0
3,FakeGuadalupeV2,19,2,800,0.0475,0.9525,0.0025,0.0025
3,FakeGuadalupeV2,19,3,1200,0.0467,0.9533,0.0008,0.0008
3,FakeGuadalupeV2,19,4,1600,0.045,0.955,0.0017,0.0017
3,FakeGuadalupeV2,19,5,2000,0.044,0.956,0.001,0.001
3,FakeGuadalupeV2,19,6,2400,0.0425,0.9575,0.0015,0.0015
3,FakeGuadalupeV2,19,7,2800,0.0439,0.9561,0.0014,0.0014
3,FakeGuadalupeV2,19,8,3200,0.0434,0.9566,0.0005,0.0005
3,FakeGuadalupeV2,19,9,3600,0.0428,0.9572,0.0007,0.0007
3,FakeGuadalupeV2,19,10,4000,0.0413,0.9588,0.0015,0.0015
4,FakeGuadalupeV2,0,1,819,0.1233,0.876,1.0,1.0
4,FakeGuadalupeV2,0,2,1638,0.1105,0.8885,0.0128,0.0125
4,FakeGuadalupeV2,0,3,2457,0.1123,0.8866,0.0018,0.0019
4,FakeGuadalupeV2,0,4,3276,0.112,0.8867,0.0003,0.0001
4,FakeGuadalupeV2,0,5,4095,0.1123,0.8866,0.0003,0.0001
4,FakeGuadalupeV2,0,6,4914,0.1117,0.8874,0.0006,0.0008
4,FakeGuadalupeV2,0,7,5733,0.112,0.8874,0.0003,0.0
4,FakeGuadalupeV2,0,8,6552,0.1125,0.8869,0.0005,0.0005
4,FakeGuadalupeV2,0,9,7371,0.1121,0.8874,0.0004,0.0004
4,FakeGuadalupeV2,0,10,8192,0.113,0.8865,0.001,0.0009
4,FakeGuadalupeV2,1,1,819,0.1294,0.8705,1.0,1.0
4,FakeGuadalupeV2,1,2,1638,0.1233,0.8767,0.0061,0.0062
4,FakeGuadalupeV2,1,3,2457,0.1221,0.8778,0.0012,0.0012
4,FakeGuadalupeV2,1,4,3276,0.1255,0.8745,0.0034,0.0033
4,FakeGuadalupeV2,1,5,4095,0.1221,0.8779,0.0034,0.0033
4,FakeGuadalupeV2,1,6,4914,0.119,0.8809,0.0031,0.0031
4,FakeGuadalupeV2,1,7,5733,0.1163,0.8837,0.0027,0.0027
4,FakeGuadalupeV2,1,8,6552,0.1152,0.8848,0.0011,0.0011
4,FakeGuadalupeV2,1,9,7371,0.1179,0.8821,0.0027,0.0027
4,FakeGuadalupeV2,1,10,8192,0.1207,0.8793,0.0028,0.0028
4,FakeGuadalupeV2,2,1,819,0.105,0.895,1.0,1.0
4,FakeGuadalupeV2,2,2,1638,0.1081,0.8918,0.0031,0.0032
4,FakeGuadalupeV2,2,3,2457,0.1115,0.8882,0.0035,0.0036
4,FakeGuadalupeV2,2,4,3276,0.1132,0.8864,0.0017,0.0018
4,FakeGuadalupeV2,2,5,4095,0.1131,0.8865,0.0002,0.0001
4,FakeGuadalupeV2,2,6,4914,0.1113,0.8884,0.0018,0.002
4,FakeGuadalupeV2,2,7,5733,0.1125,0.8872,0.0012,0.0012
4,FakeGuadalupeV2,2,8,6552,0.1148,0.8848,0.0023,0.0024
4,FakeGuadalupeV2,2,9,7371,0.115,0.8844,0.0003,0.0004
4,FakeGuadalupeV2,2,10,8192,0.1134,0.886,0.0016,0.0017
4,FakeGuadalupeV2,3,1,819,0.1355,0.8645,1.0,1.0
4,FakeGuadalupeV2,3,2,1638,0.1233,0.8766,0.0122,0.0121
4,FakeGuadalupeV2,3,3,2457,0.1197,0.8803,0.0037,0.0037
4,FakeGuadalupeV2,3,4,3276,0.116,0.884,0.0037,0.0037
4,FakeGuadalupeV2,3,5,4095,0.1187,0.8813,0.0027,0.0027
4,FakeGuadalupeV2,3,6,4914,0.1197,0.8802,0.001,0.001
4,FakeGuadalupeV2,3,7,5733,0.1174,0.8825,0.0023,0.0023
4,FakeGuadalupeV2,3,8,6552,0.1158,0.8841,0.0015,0.0015
4,FakeGuadalupeV2,3,9,7371,0.1134,0.8865,0.0024,0.0025
4,FakeGuadalupeV2,3,10,8192,0.1157,0.8842,0.0023,0.0023
4,FakeGuadalupeV2,4,1,819,0.1331,0.8668,1.0,1.0
4,FakeGuadalupeV2,4,2,1638,0.1392,0.8608,0.0061,0.006
4,FakeGuadalupeV2,4,3,2457,0.1335,0.8665,0.0057,0.0057
4,FakeGuadalupeV2,4,4,3276,0.1248,0.8751,0.0086,0.0086
4,FakeGuadalupeV2,4,5,4095,0.1223,0.8776,0.0025,0.0025
4,FakeGuadalupeV2,4,6,4914,0.1182,0.8817,0.0041,0.0041
4,FakeGuadalupeV2,4,7,5733,0.1158,0.8841,0.0024,0.0024
4,FakeGuadalupeV2,4,8,6552,0.1171,0.8829,0.0012,0.0012
4,FakeGuadalupeV2,4,9,7371,0.1167,0.8833,0.0004,0.0004
4,FakeGuadalupeV2,4,10,8192,0.1133,0.8866,0.0034,0.0033
4,FakeGuadalupeV2,5,1,819,0.1074,0.8925,1.0,1.0
4,FakeGuadalupeV2,5,2,1638,0.0989,0.9011,0.0085,0.0086
4,FakeGuadalupeV2,5,3,2457,0.1018,0.8982,0.0028,0.0029
4,FakeGuadalupeV2,5,4,3276,0.1093,0.8906,0.0075,0.0076
4,FakeGuadalupeV2,5,5,4095,0.1096,0.8903,0.0004,0.0003
4,FakeGuadalupeV2,5,6,4914,0.1095,0.8905,0.0002,0.0002
4,FakeGuadalupeV2,5,7,5733,0.109,0.8909,0.0005,0.0004
4,FakeGuadalupeV2,5,8,6552,0.1079,0.892,0.0011,0.0011
4,FakeGuadalupeV2,5,9,7371,0.108,0.892,0.0001,0.0001
4,FakeGuadalupeV2,5,10,8192,0.1062,0.8937,0.0018,0.0018
4,FakeGuadalupeV2,6,1,819,0.1074,0.8907,1.0,1.0
4,FakeGuadalupeV2,6,2,1638,0.1123,0.8869,0.0049,0.0037
4,FakeGuadalupeV2,6,3,2457,0.1152,0.8839,0.0028,0.003
4,FakeGuadalupeV2,6,4,3276,0.1157,0.8839,0.0005,0.0
4,FakeGuadalupeV2,6,5,4095,0.1133,0.8862,0.0024,0.0023
4,FakeGuadalupeV2,6,6,4914,0.1123,0.8872,0.001,0.001
4,FakeGuadalupeV2,6,7,5733,0.1108,0.8887,0.0016,0.0016
4,FakeGuadalupeV2,6,8,6552,0.1107,0.8889,0.0001,0.0002
4,FakeGuadalupeV2,6,9,7371,0.1103,0.8892,0.0004,0.0003
4,FakeGuadalupeV2,6,10,8192,0.1104,0.8892,0.0001,0.0
4,FakeGuadalupeV2,7,1,819,0.1148,0.8852,1.0,1.0
4,FakeGuadalupeV2,7,2,1638,0.1068,0.8932,0.0079,0.0079
4,FakeGuadalupeV2,7,3,2457,0.1038,0.8962,0.0031,0.0031
4,FakeGuadalupeV2,7,4,3276,0.1099,0.8901,0.0061,0.0061
4,FakeGuadalupeV2,7,5,4095,0.1104,0.8896,0.0005,0.0005
4,FakeGuadalupeV2,7,6,4914,0.114,0.886,0.0036,0.0036
4,FakeGuadalupeV2,7,7,5733,0.1144,0.8855,0.0005,0.0005
4,FakeGuadalupeV2,7,8,6552,0.1157,0.8843,0.0013,0.0012
4,FakeGuadalupeV2,7,9,7371,0.1145,0.8855,0.0012,0.0012
4,FakeGuadalupeV2,7,10,8192,0.1163,0.8836,0.0018,0.0018
4,FakeGuadalupeV2,8,1,819,0.1172,0.8824,1.0,1.0
4,FakeGuadalupeV2,8,2,1638,0.1258,0.8739,0.0085,0.0085
4,FakeGuadalupeV2,8,3,2457,0.1148,0.885,0.011,0.0111
4,FakeGuadalupeV2,8,4,3276,0.1132,0.8867,0.0015,0.0018
4,FakeGuadalupeV2,8,5,4095,0.1099,0.89,0.0034,0.0032
4,FakeGuadalupeV2,8,6,4914,0.1093,0.8906,0.0006,0.0006
4,FakeGuadalupeV2,8,7,5733,0.1081,0.8917,0.0011,0.0012
4,FakeGuadalupeV2,8,8,6552,0.1087,0.8912,0.0005,0.0005
4,FakeGuadalupeV2,8,9,7371,0.1073,0.8926,0.0014,0.0013
4,FakeGuadalupeV2,8,10,8192,0.1078,0.892,0.0005,0.0005
4,FakeGuadalupeV2,9,1,819,0.1038,0.8962,1.0,1.0
4,FakeGuadalupeV2,9,2,1638,0.1044,0.8953,0.0006,0.0009
4,FakeGuadalupeV2,9,3,2457,0.1079,0.892,0.0035,0.0033
4,FakeGuadalupeV2,9,4,3276,0.1096,0.8904,0.0017,0.0016
4,FakeGuadalupeV2,9,5,4095,0.1079,0.892,0.0016,0.0016
4,FakeGuadalupeV2,9,6,4914,0.1101,0.8899,0.0022,0.0021
4,FakeGuadalupeV2,9,7,5733,0.112,0.888,0.0019,0.0019
4,FakeGuadalupeV2,9,8,6552,0.1105,0.8895,0.0015,0.0015
4,FakeGuadalupeV2,9,9,7371,0.1104,0.8896,0.0001,0.0001
4,FakeGuadalupeV2,9,10,8192,0.11,0.89,0.0004,0.0005
4,FakeGuadalupeV2,10,1,819,0.127,0.8727,1.0,1.0
4,FakeGuadalupeV2,10,2,1638,0.1313,0.8681,0.0043,0.0046
4,FakeGuadalupeV2,10,3,2457,0.118,0.8814,0.0132,0.0133
4,FakeGuadalupeV2,10,4,3276,0.1212,0.8783,0.0032,0.0031
4,FakeGuadalupeV2,10,5,4095,0.1201,0.8793,0.001,0.001
4,FakeGuadalupeV2,10,6,4914,0.1146,0.8847,0.0056,0.0054
4,FakeGuadalupeV2,10,7,5733,0.1156,0.8836,0.0011,0.0011
4,FakeGuadalupeV2,10,8,6552,0.1136,0.8856,0.0021,0.0021
4,FakeGuadalupeV2,10,9,7371,0.1122,0.8869,0.0014,0.0013
4,FakeGuadalupeV2,10,10,8192,0.1135,0.8855,0.0013,0.0014
4,FakeGuadalupeV2,11,1,819,0.1306,0.8692,1.0,1.0
4,FakeGuadalupeV2,11,2,1638,0.1264,0.8735,0.0043,0.0043
4,FakeGuadalupeV2,11,3,2457,0.1233,0.8765,0.0031,0.003
4,FakeGuadalupeV2,11,4,3276,0.1218,0.8781,0.0015,0.0016
4,FakeGuadalupeV2,11,5,4095,0.1162,0.8836,0.0056,0.0055
4,FakeGuadalupeV2,11,6,4914,0.1172,0.8826,0.001,0.001
4,FakeGuadalupeV2,11,7,5733,0.1176,0.8821,0.0003,0.0005
4,FakeGuadalupeV2,11,8,6552,0.1148,0.8849,0.0028,0.0029
4,FakeGuadalupeV2,11,9,7371,0.1153,0.8844,0.0005,0.0005
4,FakeGuadalupeV2,11,10,8192,0.1145,0.8853,0.0008,0.0008
4,FakeGuadalupeV2,12,1,819,0.1062,0.8935,1.0,1.0
4,FakeGuadalupeV2,12,2,1638,0.1129,0.8869,0.0067,0.0066
4,FakeGuadalupeV2,12,3,2457,0.1152,0.8846,0.0022,0.0023
4,FakeGuadalupeV2,12,4,3276,0.1123,0.8874,0.0028,0.0028
4,FakeGuadalupeV2,12,5,4095,0.1133,0.8865,0.001,0.001
4,FakeGuadalupeV2,12,6,4914,0.1138,0.8861,0.0004,0.0003
4,FakeGuadalupeV2,12,7,5733,0.1123,0.8876,0.0014,0.0015
4,FakeGuadalupeV2,12,8,6552,0.1102,0.8897,0.0021,0.0021
4,FakeGuadalupeV2,12,9,7371,0.1103,0.8896,0.0001,0.0001
4,FakeGuadalupeV2,12,10,8192,0.11,0.8899,0.0003,0.0003
4,FakeGuadalupeV2,13,1,819,0.105,0.8946,1.0,1.0
4,FakeGuadalupeV2,13,2,1638,0.1111,0.8885,0.0061,0.0061
4,FakeGuadalupeV2,13,3,2457,0.1119,0.8877,0.0008,0.0007
4,FakeGuadalupeV2,13,4,3276,0.1087,0.8909,0.0033,0.0031
4,FakeGuadalupeV2,13,5,4095,0.1121,0.8874,0.0034,0.0035
4,FakeGuadalupeV2,13,6,4914,0.114,0.8856,0.0019,0.0018
4,FakeGuadalupeV2,13,7,5733,0.112,0.8876,0.002,0.0019
4,FakeGuadalupeV2,13,8,6552,0.1114,0.8882,0.0006,0.0006
4,FakeGuadalupeV2,13,9,7371,0.1102,0.8894,0.0013,0.0012
4,FakeGuadalupeV2,13,10,8192,0.1101,0.8896,0.0001,0.0002
4,FakeGuadalupeV2,14,1,819,0.1123,0.8901,1.0,1.0
4,FakeGuadalupeV2,14,2,1638,0.1032,0.895,0.0092,0.0048
4,FakeGuadalupeV2,14,3,2457,0.1062,0.8919,0.0031,0.0031
4,FakeGuadalupeV2,14,4,3276,0.1062,0.892,0.0,0.0002
4,FakeGuadalupeV2,14,5,4095,0.1094,0.8887,0.0032,0.0033
4,FakeGuadalupeV2,14,6,4914,0.1123,0.8858,0.0029,0.0029
4,FakeGuadalupeV2,14,7,5733,0.1127,0.8857,0.0003,0.0002
4,FakeGuadalupeV2,14,8,6552,0.1131,0.8853,0.0004,0.0003
4,FakeGuadalupeV2,14,9,7371,0.1127,0.8856,0.0004,0.0003
4,FakeGuadalupeV2,14,10,8192,0.113,0.8852,0.0003,0.0004
4,FakeGuadalupeV2,15,1,819,0.1087,0.8893,1.0,1.0
4,FakeGuadalupeV2,15,2,1638,0.1111,0.8875,0.0024,0.0017
4,FakeGuadalupeV2,15,3,2457,0.1042,0.8942,0.0069,0.0067
4,FakeGuadalupeV2,15,4,3276,0.1044,0.8942,0.0002,0.0
4,FakeGuadalupeV2,15,5,4095,0.105,0.8939,0.0006,0.0003
4,FakeGuadalupeV2,15,6,4914,0.1056,0.8931,0.0006,0.0007
4,FakeGuadalupeV2,15,7,5733,0.1041,0.8944,0.0015,0.0013
4,FakeGuadalupeV2,15,8,6552,0.1039,0.8948,0.0002,0.0004
4,FakeGuadalupeV2,15,9,7371,0.1036,0.8951,0.0003,0.0003
4,FakeGuadalupeV2,15,10,8192,0.1057,0.893,0.0021,0.0021
4,FakeGuadalupeV2,16,1,819,0.1209,0.8785,1.0,1.0
4,FakeGuadalupeV2,16,2,1638,0.1123,0.8876,0.0085,0.0091
4,FakeGuadalupeV2,16,3,2457,0.1115,0.8882,0.0008,0.0006
4,FakeGuadalupeV2,16,4,3276,0.1111,0.8888,0.0004,0.0006
4,FakeGuadalupeV2,16,5,4095,0.116,0.8838,0.0049,0.005
4,FakeGuadalupeV2,16,6,4914,0.1178,0.8821,0.0018,0.0018
4,FakeGuadalupeV2,16,7,5733,0.1174,0.8824,0.0004,0.0003
4,FakeGuadalupeV2,16,8,6552,0.1168,0.883,0.0006,0.0006
4,FakeGuadalupeV2,16,9,7371,0.1165,0.8833,0.0002,0.0003
4,FakeGuadalupeV2,16,10,8192,0.1166,0.8832,0.0,0.0001
4,FakeGuadalupeV2,17,1,819,0.1184,0.8812,1.0,1.0
4,FakeGuadalupeV2,17,2,1638,0.1184,0.8802,0.0,0.0011
4,FakeGuadalupeV2,17,3,2457,0.1083,0.8909,0.0102,0.0107
4,FakeGuadalupeV2,17,4,3276,0.1126,0.8865,0.0044,0.0044
4,FakeGuadalupeV2,17,5,4095,0.114,0.8851,0.0014,0.0014
4,FakeGuadalupeV2,17,6,4914,0.1131,0.8861,0.0009,0.001
4,FakeGuadalupeV2,17,7,5733,0.1122,0.8872,0.001,0.0012
4,FakeGuadalupeV2,17,8,6552,0.1129,0.8866,0.0008,0.0006
4,FakeGuadalupeV2,17,9,7371,0.1122,0.8872,0.0007,0.0006
4,FakeGuadalupeV2,17,10,8192,0.1115,0.888,0.0007,0.0008
4,FakeGuadalupeV2,18,1,819,0.1099,0.8895,1.0,1.0
4,FakeGuadalupeV2,18,2,1638,0.1148,0.8849,0.0049,0.0046
4,FakeGuadalupeV2,18,3,2457,0.116,0.8837,0.0012,0.0012
4,FakeGuadalupeV2,18,4,3276,0.1166,0.883,0.0006,0.0007
4,FakeGuadalupeV2,18,5,4095,0.1167,0.8829,0.0001,0.0001
4,FakeGuadalupeV2,18,6,4914,0.1148,0.8849,0.002,0.002
4,FakeGuadalupeV2,18,7,5733,0.1167,0.8831,0.0019,0.0018
4,FakeGuadalupeV2,18,8,6552,0.1157,0.8841,0.001,0.001
4,FakeGuadalupeV2,18,9,7371,0.1159,0.884,0.0002,0.0001
4,FakeGuadalupeV2,18,10,8192,0.1146,0.8852,0.0012,0.0012
4,FakeGuadalupeV2,19,1,819,0.1245,0.8794,1.0,1.0
4,FakeGuadalupeV2,19,2,1638,0.1361,0.8606,0.0116,0.0187
4,FakeGuadalupeV2,19,3,2457,0.1323,0.8646,0.0039,0.004
4,FakeGuadalupeV2,19,4,3276,0.1303,0.8678,0.0019,0.0032
4,FakeGuadalupeV2,19,5,4095,0.1287,0.8701,0.0016,0.0023
4,FakeGuadalupeV2,19,6,4914,0.1282,0.8707,0.0005,0.0006
4,FakeGuadalupeV2,19,7,5733,0.1265,0.8723,0.0017,0.0017
4,FakeGuadalupeV2,19,8,6552,0.1224,0.8764,0.0041,0.0041
4,FakeGuadalupeV2,19,9,7371,0.1205,0.8783,0.0019,0.0018
4,FakeGuadalupeV2,19,10,8192,0.118,0.8806,0.0024,0.0023
5,FakeGuadalupeV2,0,1,102,0.1176,0.8817,1.0,1.0
5,FakeGuadalupeV2,0,2,204,0.1422,0.8566,0.0245,0.0251
5,FakeGuadalupeV2,0,3,306,0.1307,0.8684,0.0114,0.0118
5,FakeGuadalupeV2,0,4,408,0.125,0.8749,0.0057,0.0065
5,FakeGuadalupeV2,0,5,510,0.1294,0.8704,0.0044,0.0045
5,FakeGuadalupeV2,0,6,612,0.1209,0.879,0.0085,0.0086
5,FakeGuadalupeV2,0,7,714,0.1204,0.8793,0.0005,0.0003
5,FakeGuadalupeV2,0,8,816,0.1201,0.8792,0.0004,0.0001
5,FakeGuadalupeV2,0,9,918,0.1187,0.8804,0.0014,0.0012
5,FakeGuadalupeV2,0,10,1024,0.1152,0.8836,0.0035,0.0032
5,FakeGuadalupeV2,1,1,102,0.1373,0.8624,1.0,1.0
5,FakeGuadalupeV2,1,2,204,0.1618,0.8382,0.0245,0.0242
5,FakeGuadalupeV2,1,3,306,0.1503,0.8496,0.0114,0.0115
5,FakeGuadalupeV2,1,4,408,0.1299,0.8701,0.0204,0.0204
5,FakeGuadalupeV2,1,5,510,0.1294,0.8706,0.0005,0.0005
5,FakeGuadalupeV2,1,6,612,0.1225,0.8774,0.0069,0.0069
5,FakeGuadalupeV2,1,7,714,0.1289,0.8711,0.0063,0.0063
5,FakeGuadalupeV2,1,8,816,0.1213,0.8787,0.0075,0.0075
5,FakeGuadalupeV2,1,9,918,0.1198,0.8801,0.0015,0.0014
5,FakeGuadalupeV2,1,10,1024,0.1172,0.8827,0.0026,0.0026
5,FakeGuadalupeV2,2,1,102,0.098,0.8993,1.0,1.0
5,FakeGuadalupeV2,2,2,204,0.1225,0.9095,0.0245,0.0102
5,FakeGuadalupeV2,2,3,306,0.1046,0.9108,0.018,0.0013
5,FakeGuadalupeV2,2,4,408,0.0956,0.9181,0.009,0.0073
5,FakeGuadalupeV2,2,5,510,0.0941,0.9109,0.0015,0.0072
5,FakeGuadalupeV2,2,6,612,0.0899,0.9084,0.0042,0.0025
5,FakeGuadalupeV2,2,7,714,0.084,0.9148,0.0058,0.0065
5,FakeGuadalupeV2,2,8,816,0.0858,0.9134,0.0018,0.0014
5,FakeGuadalupeV2,2,9,918,0.0861,0.9133,0.0003,0.0001
5,FakeGuadalupeV2,2,10,1024,0.0928,0.9064,0.0067,0.007
5,FakeGuadalupeV2,3,1,102,0.0882,0.9113,1.0,1.0
5,FakeGuadalupeV2,3,2,204,0.0931,0.9068,0.0049,0.0045
5,FakeGuadalupeV2,3,3,306,0.0948,0.905,0.0016,0.0018
5,FakeGuadalupeV2,3,4,408,0.0956,0.9036,0.0008,0.0014
5,FakeGuadalupeV2,3,5,510,0.098,0.9012,0.0025,0.0024
5,FakeGuadalupeV2,3,6,612,0.1046,0.8942,0.0065,0.0071
5,FakeGuadalupeV2,3,7,714,0.1036,0.8953,0.0009,0.0011
5,FakeGuadalupeV2,3,8,816,0.1091,0.8897,0.0054,0.0056
5,FakeGuadalupeV2,3,9,918,0.1122,0.8856,0.0031,0.0041
5,FakeGuadalupeV2,3,10,1024,0.1172,0.881,0.005,0.0047
5,FakeGuadalupeV2,4,1,102,0.1373,0.8623,1.0,1.0
5,FakeGuadalupeV2,4,2,204,0.1225,0.8774,0.0147,0.0151
5,FakeGuadalupeV2,4,3,306,0.1046,0.8954,0.018,0.018
5,FakeGuadalupeV2,4,4,408,0.1054,0.8946,0.0008,0.0008
5,FakeGuadalupeV2,4,5,510,0.0961,0.9035,0.0093,0.0089
5,FakeGuadalupeV2,4,6,612,0.098,0.9019,0.002,0.0016
5,FakeGuadalupeV2,4,7,714,0.0938,0.9061,0.0042,0.0042
5,FakeGuadalupeV2,4,8,816,0.0882,0.9113,0.0056,0.0053
5,FakeGuadalupeV2,4,9,918,0.0904,0.9095,0.0022,0.0019
5,FakeGuadalupeV2,4,10,1024,0.0898,0.9101,0.0006,0.0006
5,FakeGuadalupeV2,5,1,102,0.1078,0.8991,1.0,1.0
5,FakeGuadalupeV2,5,2,204,0.1127,0.894,0.0049,0.0051
5,FakeGuadalupeV2,5,3,306,0.134,0.8954,0.0212,0.0015
5,FakeGuadalupeV2,5,4,408,0.125,0.8879,0.009,0.0076
5,FakeGuadalupeV2,5,5,510,0.1333,0.883,0.0083,0.0048
5,FakeGuadalupeV2,5,6,612,0.1389,0.8753,0.0056,0.0077
5,FakeGuadalupeV2,5,7,714,0.1359,0.8683,0.003,0.0071
5,FakeGuadalupeV2,5,8,816,0.1373,0.8771,0.0014,0.0088
5,FakeGuadalupeV2,5,9,918,0.1471,0.8764,0.0098,0.0006
5,FakeGuadalupeV2,5,10,1024,0.1576,0.8747,0.0105,0.0017
5,FakeGuadalupeV2,6,1,102,0.1667,0.8331,1.0,1.0
5,FakeGuadalupeV2,6,2,204,0.1324,0.8674,0.0343,0.0343
5,FakeGuadalupeV2,6,3,306,0.134,0.865,0.0016,0.0024
5,FakeGuadalupeV2,6,4,408,0.1152,0.8831,0.0188,0.0181
5,FakeGuadalupeV2,6,5,510,0.1137,0.8849,0.0015,0.0018
5,FakeGuadalupeV2,6,6,612,0.1127,0.8863,0.001,0.0014
5,FakeGuadalupeV2,6,7,714,0.1148,0.8842,0.0021,0.0021
5,FakeGuadalupeV2,6,8,816,0.1115,0.8879,0.0033,0.0036
5,FakeGuadalupeV2,6,9,918,0.1057,0.8934,0.0059,0.0055
5,FakeGuadalupeV2,6,10,1024,0.1025,0.896,0.0031,0.0026
5,FakeGuadalupeV2,7,1,102,0.0588,0.9407,1.0,1.0
5,FakeGuadalupeV2,7,2,204,0.1225,0.8771,0.0637,0.0637
5,FakeGuadalupeV2,7,3,306,0.1275,0.8708,0.0049,0.0063
5,FakeGuadalupeV2,7,4,408,0.1201,0.8794,0.0074,0.0085
5,FakeGuadalupeV2,7,5,510,0.1176,0.8815,0.0025,0.0022
5,FakeGuadalupeV2,7,6,612,0.1176,0.8811,0.0,0.0005
5,FakeGuadalupeV2,7,7,714,0.1204,0.8785,0.0028,0.0026
5,FakeGuadalupeV2,7,8,816,0.1164,0.8829,0.004,0.0045
5,FakeGuadalupeV2,7,9,918,0.1187,0.881,0.0023,0.002
5,FakeGuadalupeV2,7,10,1024,0.1211,0.8787,0.0024,0.0023
5,FakeGuadalupeV2,8,1,102,0.0686,0.9314,1.0,1.0
5,FakeGuadalupeV2,8,2,204,0.0735,0.93,0.0049,0.0013
5,FakeGuadalupeV2,8,3,306,0.1046,0.9115,0.031,0.0186
5,FakeGuadalupeV2,8,4,408,0.125,0.8987,0.0204,0.0127
5,FakeGuadalupeV2,8,5,510,0.1392,0.8976,0.0142,0.0011
5,FakeGuadalupeV2,8,6,612,0.1405,0.8982,0.0013,0.0006
5,FakeGuadalupeV2,8,7,714,0.1331,0.8964,0.0075,0.0018
5,FakeGuadalupeV2,8,8,816,0.1373,0.8944,0.0042,0.002
5,FakeGuadalupeV2,8,9,918,0.1275,0.9021,0.0098,0.0077
5,FakeGuadalupeV2,8,10,1024,0.1272,0.8974,0.0003,0.0047
5,FakeGuadalupeV2,9,1,102,0.0784,0.92,1.0,1.0
5,FakeGuadalupeV2,9,2,204,0.0931,0.9065,0.0147,0.0135
5,FakeGuadalupeV2,9,3,306,0.1078,0.8921,0.0147,0.0144
5,FakeGuadalupeV2,9,4,408,0.0956,0.9039,0.0123,0.0117
5,FakeGuadalupeV2,9,5,510,0.1078,0.8916,0.0123,0.0122
5,FakeGuadalupeV2,9,6,612,0.1078,0.8914,0.0,0.0003
5,FakeGuadalupeV2,9,7,714,0.1092,0.8892,0.0014,0.0021
5,FakeGuadalupeV2,9,8,816,0.1054,0.8933,0.0039,0.004
5,FakeGuadalupeV2,9,9,918,0.1078,0.8906,0.0025,0.0027
5,FakeGuadalupeV2,9,10,1024,0.1143,0.8839,0.0064,0.0067
5,FakeGuadalupeV2,10,1,102,0.0882,0.9096,1.0,1.0
5,FakeGuadalupeV2,10,2,204,0.1029,0.897,0.0147,0.0126
5,FakeGuadalupeV2,10,3,306,0.1046,0.8954,0.0016,0.0016
5,FakeGuadalupeV2,10,4,408,0.1029,0.8971,0.0016,0.0016
5,FakeGuadalupeV2,10,5,510,0.1118,0.8882,0.0088,0.0088
5,FakeGuadalupeV2,10,6,612,0.1225,0.8774,0.0108,0.0108
5,FakeGuadalupeV2,10,7,714,0.1162,0.8838,0.0063,0.0063
5,FakeGuadalupeV2,10,8,816,0.1189,0.8811,0.0026,0.0027
5,FakeGuadalupeV2,10,9,918,0.1242,0.8757,0.0053,0.0054
5,FakeGuadalupeV2,10,10,1024,0.1221,0.8779,0.0021,0.0022
5,FakeGuadalupeV2,11,1,102,0.0882,0.9117,1.0,1.0
5,FakeGuadalupeV2,11,2,204,0.0833,0.9159,0.0049,0.0041
5,FakeGuadalupeV2,11,3,306,0.098,0.9008,0.0147,0.0151
5,FakeGuadalupeV2,11,4,408,0.0956,0.9035,0.0025,0.0028
5,FakeGuadalupeV2,11,5,510,0.1039,0.8958,0.0083,0.0078
5,FakeGuadalupeV2,11,6,612,0.1029,0.8969,0.001,0.0011
5,FakeGuadalupeV2,11,7,714,0.098,0.9012,0.0049,0.0043
5,FakeGuadalupeV2,11,8,816,0.1029,0.8969,0.0049,0.0043
5,FakeGuadalupeV2,11,9,918,0.1078,0.8919,0.0049,0.005
5,FakeGuadalupeV2,11,10,1024,0.1055,0.8941,0.0024,0.0022
5,FakeGuadalupeV2,12,1,102,0.1569,0.9169,1.0,1.0
5,FakeGuadalupeV2,12,2,204,0.1618,0.9029,0.0049,0.014
5,FakeGuadalupeV2,12,3,306,0.1569,0.8883,0.0049,0.0146
5,FakeGuadalupeV2,12,4,408,0.1618,0.8879,0.0049,0.0004
5,FakeGuadalupeV2,12,5,510,0.1471,0.8984,0.0147,0.0105
5,FakeGuadalupeV2,12,6,612,0.1503,0.8969,0.0033,0.0015
5,FakeGuadalupeV2,12,7,714,0.1639,0.8884,0.0135,0.0085
5,FakeGuadalupeV2,12,8,816,0.1581,0.8952,0.0058,0.0068
5,FakeGuadalupeV2,12,9,918,0.146,0.8954,0.0121,0.0001
5,FakeGuadalupeV2,12,10,1024,0.1557,0.8883,0.0097,0.007
5,FakeGuadalupeV2,13,1,102,0.098,0.8987,1.0,1.0
5,FakeGuadalupeV2,13,2,204,0.098,0.9013,0.0,0.0026
5,FakeGuadalupeV2,13,3,306,0.0948,0.9051,0.0033,0.0038
5,FakeGuadalupeV2,13,4,408,0.0931,0.9069,0.0016,0.0017
5,FakeGuadalupeV2,13,5,510,0.0902,0.9094,0.0029,0.0026
5,FakeGuadalupeV2,13,6,612,0.0997,0.9001,0.0095,0.0093
5,FakeGuadalupeV2,13,7,714,0.098,0.9019,0.0016,0.0018
5,FakeGuadalupeV2,13,8,816,0.098,0.902,0.0,0.0001
5,FakeGuadalupeV2,13,9,918,0.1068,0.8932,0.0087,0.0088
5,FakeGuadalupeV2,13,10,1024,0.1094,0.8906,0.0026,0.0026
5,FakeGuadalupeV2,14,1,102,0.1667,0.8534,1.0,1.0
5,FakeGuadalupeV2,14,2,204,0.1569,0.8861,0.0098,0.0327
5,FakeGuadalupeV2,14,3,306,0.1765,0.8742,0.0196,0.0119
5,FakeGuadalupeV2,14,4,408,0.1838,0.8644,0.0074,0.0098
5,FakeGuadalupeV2,14,5,510,0.1686,0.8634,0.0152,0.001
5,FakeGuadalupeV2,14,6,612,0.152,0.8725,0.0167,0.009
5,FakeGuadalupeV2,14,7,714,0.1457,0.8738,0.0063,0.0014
5,FakeGuadalupeV2,14,8,816,0.1385,0.8775,0.0072,0.0036
5,FakeGuadalupeV2,14,9,918,0.1383,0.8833,0.0001,0.0059
5,FakeGuadalupeV2,14,10,1024,0.1409,0.8835,0.0025,0.0001
5,FakeGuadalupeV2,15,1,102,0.0686,0.9305,1.0,1.0
5,FakeGuadalupeV2,15,2,204,0.0833,0.9167,0.0147,0.0139
5,FakeGuadalupeV2,15,3,306,0.1046,0.8952,0.0212,0.0215
5,FakeGuadalupeV2,15,4,408,0.1103,0.8892,0.0057,0.006
5,FakeGuadalupeV2,15,5,510,0.1078,0.8911,0.0025,0.0018
5,FakeGuadalupeV2,15,6,612,0.1111,0.8883,0.0033,0.0028
5,FakeGuadalupeV2,15,7,714,0.1022,0.8976,0.0089,0.0093
5,FakeGuadalupeV2,15,8,816,0.1017,0.8982,0.0005,0.0006
5,FakeGuadalupeV2,15,9,918,0.1002,0.8998,0.0015,0.0016
5,FakeGuadalupeV2,15,10,1024,0.1074,0.8923,0.0072,0.0075
5,FakeGuadalupeV2,16,1,102,0.1078,0.8922,1.0,1.0
5,FakeGuadalupeV2,16,2,204,0.098,0.9009,0.0098,0.0088
5,FakeGuadalupeV2,16,3,306,0.1209,0.8998,0.0229,0.0011
5,FakeGuadalupeV2,16,4,408,0.1029,0.8948,0.018,0.005
5,FakeGuadalupeV2,16,5,510,0.098,0.9001,0.0049,0.0053
5,FakeGuadalupeV2,16,6,612,0.1013,0.8978,0.0033,0.0023
5,FakeGuadalupeV2,16,7,714,0.1022,0.8958,0.0009,0.0019
5,FakeGuadalupeV2,16,8,816,0.0993,0.8989,0.003,0.003
5,FakeGuadalupeV2,16,9,918,0.0991,0.8986,0.0001,0.0003
5,FakeGuadalupeV2,16,10,1024,0.1056,0.8983,0.0065,0.0002
5,FakeGuadalupeV2,17,1,102,0.1373,0.8616,1.0,1.0
5,FakeGuadalupeV2,17,2,204,0.152,0.8695,0.0147,0.0079
5,FakeGuadalupeV2,17,3,306,0.1634,0.8657,0.0114,0.0038
5,FakeGuadalupeV2,17,4,408,0.1569,0.8751,0.0065,0.0094
5,FakeGuadalupeV2,17,5,510,0.1333,0.8808,0.0235,0.0056
5,FakeGuadalupeV2,17,6,612,0.1373,0.878,0.0039,0.0027
5,FakeGuadalupeV2,17,7,714,0.1218,0.8853,0.0154,0.0072
5,FakeGuadalupeV2,17,8,816,0.114,0.8889,0.0079,0.0036
5,FakeGuadalupeV2,17,9,918,0.1144,0.8919,0.0004,0.003
5,FakeGuadalupeV2,17,10,1024,0.1184,0.8906,0.004,0.0014
5,FakeGuadalupeV2,18,1,102,0.1373,0.8568,1.0,1.0
5,FakeGuadalupeV2,18,2,204,0.1275,0.871,0.0098,0.0142
5,FakeGuadalupeV2,18,3,306,0.1144,0.8856,0.0131,0.0146
5,FakeGuadalupeV2,18,4,408,0.1152,0.8848,0.0008,0.0008
5,FakeGuadalupeV2,18,5,510,0.1118,0.8882,0.0034,0.0034
5,FakeGuadalupeV2,18,6,612,0.1095,0.8903,0.0023,0.0021
5,FakeGuadalupeV2,18,7,714,0.1064,0.8934,0.003,0.0031
5,FakeGuadalupeV2,18,8,816,0.114,0.8859,0.0075,0.0075
5,FakeGuadalupeV2,18,9,918,0.1133,0.8866,0.0007,0.0007
5,FakeGuadalupeV2,18,10,1024,0.1162,0.8836,0.0029,0.003
5,FakeGuadalupeV2,19,1,102,0.1373,0.9287,1.0,1.0
5,FakeGuadalupeV2,19,2,204,0.1029,0.9126,0.0343,0.0161
5,FakeGuadalupeV2,19,3,306,0.0817,0.9168,0.0212,0.0042
5,FakeGuadalupeV2,19,4,408,0.0833,0.916,0.0016,0.0007
5,FakeGuadalupeV2,19,5,510,0.0902,0.9087,0.0069,0.0073
5,FakeGuadalupeV2,19,6,612,0.0915,0.9071,0.0013,0.0016
5,FakeGuadalupeV2,19,7,714,0.091,0.908,0.0005,0.0009
5,FakeGuadalupeV2,19,8,816,0.0919,0.9061,0.0009,0.0019
5,FakeGuadalupeV2,19,9,918,0.0915,0.9072,0.0004,0.001
5,FakeGuadalupeV2,19,10,1024,0.0996,0.899,0.0081,0.0081
6,FakeGuadalupeV2,0,1,12,0.4167,0.5784,1.0,1.0
6,FakeGuadalupeV2,0,2,24,0.3333,0.6621,0.0833,0.0837
6,FakeGuadalupeV2,0,3,36,0.25,0.733,0.0833,0.0709
6,FakeGuadalupeV2,0,4,48,0.2492,0.7661,0.0008,0.0331
6,FakeGuadalupeV2,0,5,60,0.2333,0.7539,0.0158,0.0122
6,FakeGuadalupeV2,0,6,72,0.25,0.7433,0.0167,0.0105
6,FakeGuadalupeV2,0,7,84,0.25,0.7473,0.0,0.004
6,FakeGuadalupeV2,0,8,96,0.2188,0.779,0.0312,0.0317
6,FakeGuadalupeV2,0,9,108,0.213,0.7859,0.0058,0.0069
6,FakeGuadalupeV2,0,10,128,0.1797,0.8187,0.0333,0.0328
6,FakeGuadalupeV2,1,1,12,0.25,0.7477,1.0,1.0
6,FakeGuadalupeV2,1,2,24,0.1667,0.8333,0.0833,0.0857
6,FakeGuadalupeV2,1,3,36,0.1944,0.8034,0.0278,0.0299
6,FakeGuadalupeV2,1,4,48,0.1875,0.8059,0.0069,0.0025
6,FakeGuadalupeV2,1,5,60,0.2,0.8167,0.0125,0.0108
6,FakeGuadalupeV2,1,6,72,0.1528,0.8426,0.0472,0.0259
6,FakeGuadalupeV2,1,7,84,0.1667,0.8272,0.0139,0.0154
6,FakeGuadalupeV2,1,8,96,0.1979,0.798,0.0312,0.0292
6,FakeGuadalupeV2,1,9,108,0.213,0.7837,0.015,0.0142
6,FakeGuadalupeV2,1,10,128,0.2109,0.7886,0.002,0.0049
6,FakeGuadalupeV2,2,1,12,0.4067,0.6165,1.0,1.0
6,FakeGuadalupeV2,2,2,24,0.25,0.7422,0.1567,0.1257
6,FakeGuadalupeV2,2,3,36,0.1944,0.7955,0.0556,0.0533
6,FakeGuadalupeV2,2,4,48,0.2083,0.7902,0.0139,0.0053
6,FakeGuadalupeV2,2,5,60,0.2167,0.783,0.0083,0.0073
6,FakeGuadalupeV2,2,6,72,0.2083,0.7908,0.0083,0.0078
6,FakeGuadalupeV2,2,7,84,0.1786,0.8174,0.0298,0.0266
6,FakeGuadalupeV2,2,8,96,0.1771,0.8219,0.0015,0.0045
6,FakeGuadalupeV2,2,9,108,0.2037,0.7934,0.0266,0.0285
6,FakeGuadalupeV2,2,10,128,0.2031,0.7941,0.0006,0.0007
6,FakeGuadalupeV2,3,1,12,0.25,0.749,1.0,1.0
6,FakeGuadalupeV2,3,2,24,0.27,0.7233,0.02,0.0258
6,FakeGuadalupeV2,3,3,36,0.1944,0.7964,0.0756,0.0732
6,FakeGuadalupeV2,3,4,48,0.2292,0.77,0.0347,0.0265
6,FakeGuadalupeV2,3,5,60,0.2,0.797,0.0292,0.027
6,FakeGuadalupeV2,3,6,72,0.1806,0.8163,0.0194,0.0193
6,FakeGuadalupeV2,3,7,84,0.1786,0.8208,0.002,0.0046
6,FakeGuadalupeV2,3,8,96,0.1562,0.8437,0.0223,0.0229
6,FakeGuadalupeV2,3,9,108,0.1574,0.8424,0.0012,0.0013
6,FakeGuadalupeV2,3,10,128,0.1484,0.8515,0.009,0.0091
6,FakeGuadalupeV2,4,1,12,0.25,0.7445,1.0,1.0
6,FakeGuadalupeV2,4,2,24,0.2383,0.8059,0.0117,0.0614
6,FakeGuadalupeV2,4,3,36,0.2522,0.8457,0.0139,0.0398
6,FakeGuadalupeV2,4,4,48,0.2175,0.8309,0.0347,0.0148
6,FakeGuadalupeV2,4,5,60,0.23,0.8089,0.0125,0.0219
6,FakeGuadalupeV2,4,6,72,0.2106,0.8032,0.0194,0.0057
6,FakeGuadalupeV2,4,7,84,0.2024,0.7876,0.0082,0.0157
6,FakeGuadalupeV2,4,8,96,0.1979,0.7938,0.0045,0.0062
6,FakeGuadalupeV2,4,9,108,0.1967,0.7946,0.0013,0.0008
6,FakeGuadalupeV2,4,10,128,0.1875,0.8062,0.0092,0.0116
6,FakeGuadalupeV2,5,1,12,0.4233,0.6442,1.0,1.0
6,FakeGuadalupeV2,5,2,24,0.2567,0.7691,0.1667,0.1249
6,FakeGuadalupeV2,5,3,36,0.2289,0.7654,0.0278,0.0036
6,FakeGuadalupeV2,5,4,48,0.2358,0.7932,0.0069,0.0277
6,FakeGuadalupeV2,5,5,60,0.29,0.7229,0.0542,0.0703
6,FakeGuadalupeV2,5,6,72,0.2844,0.7363,0.0056,0.0134
6,FakeGuadalupeV2,5,7,84,0.2448,0.7679,0.0397,0.0316
6,FakeGuadalupeV2,5,8,96,0.2462,0.7548,0.0015,0.0131
6,FakeGuadalupeV2,5,9,108,0.2474,0.7604,0.0012,0.0056
6,FakeGuadalupeV2,5,10,128,0.2541,0.7678,0.0067,0.0074
6,FakeGuadalupeV2,6,1,12,0.1667,0.8265,1.0,1.0
6,FakeGuadalupeV2,6,2,24,0.0933,0.9138,0.0733,0.0873
6,FakeGuadalupeV2,6,3,36,0.0556,0.9443,0.0378,0.0305
6,FakeGuadalupeV2,6,4,48,0.0625,0.9375,0.0069,0.0069
6,FakeGuadalupeV2,6,5,60,0.1,0.8999,0.0375,0.0376
6,FakeGuadalupeV2,6,6,72,0.0833,0.9163,0.0167,0.0164
6,FakeGuadalupeV2,6,7,84,0.0833,0.9164,0.0,0.0001
6,FakeGuadalupeV2,6,8,96,0.0938,0.9059,0.0104,0.0105
6,FakeGuadalupeV2,6,9,108,0.0926,0.9073,0.0012,0.0014
6,FakeGuadalupeV2,6,10,128,0.125,0.8744,0.0324,0.0329
6,FakeGuadalupeV2,7,1,12,0.3333,0.665,1.0,1.0
6,FakeGuadalupeV2,7,2,24,0.3333,0.6582,0.0,0.0068
6,FakeGuadalupeV2,7,3,36,0.2778,0.7166,0.0556,0.0583
6,FakeGuadalupeV2,7,4,48,0.2292,0.7677,0.0486,0.0511
6,FakeGuadalupeV2,7,5,60,0.2333,0.7661,0.0042,0.0017
6,FakeGuadalupeV2,7,6,72,0.2222,0.7774,0.0111,0.0114
6,FakeGuadalupeV2,7,7,84,0.2262,0.7737,0.004,0.0037
6,FakeGuadalupeV2,7,8,96,0.2083,0.7912,0.0179,0.0175
6,FakeGuadalupeV2,7,9,108,0.213,0.787,0.0046,0.0042
6,FakeGuadalupeV2,7,10,128,0.1797,0.8197,0.0333,0.0327
6,FakeGuadalupeV2,8,1,12,0.32,0.7076,1.0,1.0
6,FakeGuadalupeV2,8,2,24,0.195,0.8213,0.125,0.1138
6,FakeGuadalupeV2,8,3,36,0.2644,0.7762,0.0694,0.0451
6,FakeGuadalupeV2,8,4,48,0.2575,0.7845,0.0069,0.0083
6,FakeGuadalupeV2,8,5,60,0.2533,0.7757,0.0042,0.0088
6,FakeGuadalupeV2,8,6,72,0.2644,0.7302,0.0111,0.0455
6,FakeGuadalupeV2,8,7,84,0.2724,0.7472,0.0079,0.017
6,FakeGuadalupeV2,8,8,96,0.2262,0.768,0.0461,0.0209
6,FakeGuadalupeV2,8,9,108,0.2222,0.767,0.004,0.001
6,FakeGuadalupeV2,8,10,128,0.195,0.8029,0.0272,0.0359
6,FakeGuadalupeV2,9,1,12,0.2267,0.812,1.0,1.0
6,FakeGuadalupeV2,9,2,24,0.2267,0.812,0.0,0.0
6,FakeGuadalupeV2,9,3,36,0.1989,0.7955,0.0278,0.0165
6,FakeGuadalupeV2,9,4,48,0.185,0.8232,0.0139,0.0277
6,FakeGuadalupeV2,9,5,60,0.2,0.7917,0.015,0.0315
6,FakeGuadalupeV2,9,6,72,0.2222,0.7677,0.0222,0.024
6,FakeGuadalupeV2,9,7,84,0.2148,0.7743,0.0075,0.0065
6,FakeGuadalupeV2,9,8,96,0.2267,0.7674,0.0119,0.0069
6,FakeGuadalupeV2,9,9,108,0.2452,0.759,0.0185,0.0083
6,FakeGuadalupeV2,9,10,128,0.2553,0.7455,0.0101,0.0135
6,FakeGuadalupeV2,10,1,12,0.26,0.726,1.0,1.0
6,FakeGuadalupeV2,10,2,24,0.1667,0.8303,0.0933,0.1043
6,FakeGuadalupeV2,10,3,36,0.25,0.7468,0.0833,0.0836
6,FakeGuadalupeV2,10,4,48,0.2292,0.7623,0.0208,0.0156
6,FakeGuadalupeV2,10,5,60,0.2167,0.7745,0.0125,0.0122
6,FakeGuadalupeV2,10,6,72,0.2083,0.7876,0.0083,0.0131
6,FakeGuadalupeV2,10,7,84,0.2262,0.772,0.0179,0.0156
6,FakeGuadalupeV2,10,8,96,0.2083,0.7906,0.0179,0.0186
6,FakeGuadalupeV2,10,9,108,0.1852,0.8147,0.0231,0.0241
6,FakeGuadalupeV2,10,10,128,0.1719,0.828,0.0133,0.0133
6,FakeGuadalupeV2,11,1,12,0.4167,0.5811,1.0,1.0
6,FakeGuadalupeV2,11,2,24,0.3333,0.6632,0.0833,0.082
6,FakeGuadalupeV2,11,3,36,0.2778,0.7205,0.0556,0.0574
6,FakeGuadalupeV2,11,4,48,0.25,0.7468,0.0278,0.0262
6,FakeGuadalupeV2,11,5,60,0.2167,0.782,0.0333,0.0352
6,FakeGuadalupeV2,11,6,72,0.2222,0.7762,0.0056,0.0058
6,FakeGuadalupeV2,11,7,84,0.2143,0.7799,0.0079,0.0038
6,FakeGuadalupeV2,11,8,96,0.2083,0.7854,0.006,0.0055
6,FakeGuadalupeV2,11,9,108,0.2315,0.7607,0.0231,0.0246
6,FakeGuadalupeV2,11,10,128,0.2188,0.7749,0.0127,0.0142
6,FakeGuadalupeV2,12,1,12,0.4167,0.5526,1.0,1.0
6,FakeGuadalupeV2,12,2,24,0.3333,0.6632,0.0833,0.1105
6,FakeGuadalupeV2,12,3,36,0.26,0.726,0.0733,0.0628
6,FakeGuadalupeV2,12,4,48,0.26,0.726,0.0,0.0
6,FakeGuadalupeV2,12,5,60,0.25,0.7318,0.01,0.0058
6,FakeGuadalupeV2,12,6,72,0.2361,0.7512,0.0139,0.0194
6,FakeGuadalupeV2,12,7,84,0.25,0.7403,0.0139,0.0109
6,FakeGuadalupeV2,12,8,96,0.2396,0.7481,0.0104,0.0078
6,FakeGuadalupeV2,12,9,108,0.2407,0.7504,0.0012,0.0023
6,FakeGuadalupeV2,12,10,128,0.2188,0.7717,0.022,0.0213
6,FakeGuadalupeV2,13,1,12,0.1667,0.8292,1.0,1.0
6,FakeGuadalupeV2,13,2,24,0.2783,0.8255,0.1117,0.0037
6,FakeGuadalupeV2,13,3,36,0.2089,0.8882,0.0694,0.0627
6,FakeGuadalupeV2,13,4,48,0.2158,0.8511,0.0069,0.0371
6,FakeGuadalupeV2,13,5,60,0.17,0.8565,0.0458,0.0054
6,FakeGuadalupeV2,13,6,72,0.125,0.8731,0.045,0.0167
6,FakeGuadalupeV2,13,7,84,0.2024,0.7958,0.0774,0.0773
6,FakeGuadalupeV2,13,8,96,0.1979,0.8,0.0045,0.0042
6,FakeGuadalupeV2,13,9,108,0.1944,0.8022,0.0035,0.0022
6,FakeGuadalupeV2,13,10,128,0.2266,0.7702,0.0321,0.0321
6,FakeGuadalupeV2,14,1,12,0.25,0.7495,1.0,1.0
6,FakeGuadalupeV2,14,2,24,0.125,0.8725,0.125,0.123
6,FakeGuadalupeV2,14,3,36,0.0856,0.9148,0.0394,0.0423
6,FakeGuadalupeV2,14,4,48,0.125,0.8742,0.0394,0.0406
6,FakeGuadalupeV2,14,5,60,0.15,0.8497,0.025,0.0245
6,FakeGuadalupeV2,14,6,72,0.1667,0.833,0.0167,0.0167
6,FakeGuadalupeV2,14,7,84,0.1786,0.8204,0.0119,0.0126
6,FakeGuadalupeV2,14,8,96,0.1667,0.8305,0.0119,0.0101
6,FakeGuadalupeV2,14,9,108,0.1759,0.8225,0.0093,0.008
6,FakeGuadalupeV2,14,10,128,0.1953,0.8032,0.0194,0.0193
6,FakeGuadalupeV2,15,1,12,0.5,0.4295,1.0,1.0
6,FakeGuadalupeV2,15,2,24,0.4167,0.5242,0.0833,0.0946
6,FakeGuadalupeV2,15,3,36,0.3889,0.5719,0.0278,0.0478
6,FakeGuadalupeV2,15,4,48,0.3333,0.6456,0.0556,0.0736
6,FakeGuadalupeV2,15,5,60,0.3,0.6941,0.0333,0.0486
6,FakeGuadalupeV2,15,6,72,0.3056,0.69,0.0056,0.0041
6,FakeGuadalupeV2,15,7,84,0.2619,0.7361,0.0437,0.0461
6,FakeGuadalupeV2,15,8,96,0.2708,0.7274,0.0089,0.0086
6,FakeGuadalupeV2,15,9,108,0.2593,0.7407,0.0116,0.0133
6,FakeGuadalupeV2,15,10,128,0.2656,0.734,0.0064,0.0067
6,FakeGuadalupeV2,16,1,12,0.0433,0.9981,1.0,1.0
6,FakeGuadalupeV2,16,2,24,0.04,0.9984,0.0033,0.0003
6,FakeGuadalupeV2,16,3,36,0.1511,0.9531,0.1111,0.0453
6,FakeGuadalupeV2,16,4,48,0.1858,0.877,0.0347,0.0761
6,FakeGuadalupeV2,16,5,60,0.1567,0.8883,0.0292,0.0113
6,FakeGuadalupeV2,16,6,72,0.1928,0.869,0.0361,0.0193
6,FakeGuadalupeV2,16,7,84,0.1829,0.8649,0.0099,0.004
6,FakeGuadalupeV2,16,8,96,0.165,0.8641,0.0179,0.0008
6,FakeGuadalupeV2,16,9,108,0.1604,0.8693,0.0046,0.0052
6,FakeGuadalupeV2,16,10,128,0.1416,0.883,0.0188,0.0137
6,FakeGuadalupeV2,17,1,12,0.1667,0.8303,1.0,1.0
6,FakeGuadalupeV2,17,2,24,0.1267,0.8694,0.04,0.0391
6,FakeGuadalupeV2,17,3,36,0.1389,0.8564,0.0122,0.013
6,FakeGuadalupeV2,17,4,48,0.1875,0.8078,0.0486,0.0487
6,FakeGuadalupeV2,17,5,60,0.2,0.7997,0.0125,0.0081
6,FakeGuadalupeV2,17,6,72,0.2083,0.7917,0.0083,0.0081
6,FakeGuadalupeV2,17,7,84,0.2024,0.7975,0.006,0.0058
6,FakeGuadalupeV2,17,8,96,0.2292,0.7707,0.0268,0.0268
6,FakeGuadalupeV2,17,9,108,0.2407,0.7589,0.0116,0.0118
6,FakeGuadalupeV2,17,10,128,0.2266,0.7729,0.0142,0.014
6,FakeGuadalupeV2,18,1,12,0.2367,0.8092,1.0,1.0
6,FakeGuadalupeV2,18,2,24,0.2367,0.8437,0.0,0.0344
6,FakeGuadalupeV2,18,3,36,0.2367,0.8322,0.0,0.0114
6,FakeGuadalupeV2,18,4,48,0.195,0.8753,0.0417,0.043
6,FakeGuadalupeV2,18,5,60,0.2367,0.8505,0.0417,0.0248
6,FakeGuadalupeV2,18,6,72,0.2089,0.865,0.0278,0.0146
6,FakeGuadalupeV2,18,7,84,0.2248,0.853,0.0159,0.0121
6,FakeGuadalupeV2,18,8,96,0.2158,0.8511,0.0089,0.0019
6,FakeGuadalupeV2,18,9,108,0.2089,0.865,0.0069,0.0139
6,FakeGuadalupeV2,18,10,128,0.1794,0.8685,0.0295,0.0034
6,FakeGuadalupeV2,19,1,12,0.1633,0.9022,1.0,1.0
6,FakeGuadalupeV2,19,2,24,0.205,0.8549,0.0417,0.0473
6,FakeGuadalupeV2,19,3,36,0.1389,0.8611,0.0661,0.0062
6,FakeGuadalupeV2,19,4,48,0.1458,0.8502,0.0069,0.0109
6,FakeGuadalupeV2,19,5,60,0.15,0.8458,0.0042,0.0044
6,FakeGuadalupeV2,19,6,72,0.1772,0.8624,0.0272,0.0167
6,FakeGuadalupeV2,19,7,84,0.1871,0.8548,0.0099,0.0076
6,FakeGuadalupeV2,19,8,96,0.205,0.8637,0.0179,0.0089
6,FakeGuadalupeV2,19,9,108,0.2004,0.8524,0.0046,0.0114
6,FakeGuadalupeV2,19,10,128,0.1816,0.827,0.0188,0.0254
7,FakeGuadalupeV2,0,1,3,0.3333,0.6667,1.0,1.0
7,FakeGuadalupeV2,0,2,6,0.3333,0.75,0.0,0.0833
7,FakeGuadalupeV2,0,3,9,0.2778,0.7403,0.0556,0.0097
7,FakeGuadalupeV2,0,4,12,0.25,0.7286,0.0278,0.0117
7,FakeGuadalupeV2,0,5,15,0.3,0.7464,0.05,0.0179
7,FakeGuadalupeV2,0,6,18,0.2778,0.7403,0.0222,0.0062
7,FakeGuadalupeV2,0,7,21,0.2143,0.7916,0.0635,0.0514
7,FakeGuadalupeV2,0,8,24,0.25,0.7985,0.0357,0.0069
7,FakeGuadalupeV2,0,9,27,0.2407,0.7555,0.0093,0.043
7,FakeGuadalupeV2,0,10,32,0.2188,0.7656,0.022,0.0101
7,FakeGuadalupeV2,1,1,3,0.2367,0.9434,1.0,1.0
7,FakeGuadalupeV2,1,2,6,0.2367,0.9434,0.0,0.0
7,FakeGuadalupeV2,1,3,9,0.3478,0.7944,0.1111,0.149
7,FakeGuadalupeV2,1,4,12,0.32,0.7715,0.0278,0.023
7,FakeGuadalupeV2,1,5,15,0.37,0.7622,0.05,0.0092
7,FakeGuadalupeV2,1,6,18,0.2922,0.7862,0.0778,0.024
7,FakeGuadalupeV2,1,7,21,0.2843,0.8087,0.0079,0.0225
7,FakeGuadalupeV2,1,8,24,0.32,0.7715,0.0357,0.0372
7,FakeGuadalupeV2,1,9,27,0.3107,0.7338,0.0093,0.0377
7,FakeGuadalupeV2,1,10,32,0.2887,0.7466,0.022,0.0128
7,FakeGuadalupeV2,2,1,3,0.1967,0.9606,1.0,1.0
7,FakeGuadalupeV2,2,2,6,0.1967,0.8192,0.0,0.1414
7,FakeGuadalupeV2,2,3,9,0.1967,0.8673,0.0,0.0482
7,FakeGuadalupeV2,2,4,12,0.28,0.7879,0.0833,0.0795
7,FakeGuadalupeV2,2,5,15,0.33,0.7338,0.05,0.0541
7,FakeGuadalupeV2,2,6,18,0.2522,0.8005,0.0778,0.0667
7,FakeGuadalupeV2,2,7,21,0.2443,0.8233,0.0079,0.0229
7,FakeGuadalupeV2,2,8,24,0.28,0.7544,0.0357,0.0689
7,FakeGuadalupeV2,2,9,27,0.2707,0.7471,0.0093,0.0073
7,FakeGuadalupeV2,2,10,32,0.2488,0.7584,0.022,0.0113
7,FakeGuadalupeV2,3,1,3,0.5,0.5,1.0,1.0
7,FakeGuadalupeV2,3,2,6,0.3333,0.75,0.1667,0.25
7,FakeGuadalupeV2,3,3,9,0.2778,0.7403,0.0556,0.0097
7,FakeGuadalupeV2,3,4,12,0.3333,0.75,0.0556,0.0097
7,FakeGuadalupeV2,3,5,15,0.3,0.7464,0.0333,0.0036
7,FakeGuadalupeV2,3,6,18,0.2222,0.8095,0.0778,0.0631
7,FakeGuadalupeV2,3,7,21,0.2619,0.8125,0.0397,0.003
7,FakeGuadalupeV2,3,8,24,0.25,0.7638,0.0119,0.0487
7,FakeGuadalupeV2,3,9,27,0.2407,0.7555,0.0093,0.0083
7,FakeGuadalupeV2,3,10,32,0.25,0.7551,0.0093,0.0005
7,FakeGuadalupeV2,4,1,3,0.1367,0.9806,1.0,1.0
7,FakeGuadalupeV2,4,2,6,0.3033,0.7644,0.1667,0.2162
7,FakeGuadalupeV2,4,3,9,0.2478,0.7496,0.0556,0.0148
7,FakeGuadalupeV2,4,4,12,0.3033,0.7644,0.0556,0.0148
7,FakeGuadalupeV2,4,5,15,0.2033,0.7844,0.1,0.02
7,FakeGuadalupeV2,4,6,18,0.1922,0.8171,0.0111,0.0327
7,FakeGuadalupeV2,4,7,21,0.2319,0.783,0.0397,0.0342
7,FakeGuadalupeV2,4,8,24,0.25,0.7354,0.0181,0.0475
7,FakeGuadalupeV2,4,9,27,0.2222,0.7715,0.0278,0.0361
7,FakeGuadalupeV2,4,10,32,0.2188,0.7715,0.0035,0.0
7,FakeGuadalupeV2,5,1,3,0.3333,0.6624,1.0,1.0
7,FakeGuadalupeV2,5,2,6,0.1667,0.833,0.1667,0.1706
7,FakeGuadalupeV2,5,3,9,0.2222,0.7624,0.0556,0.0706
7,FakeGuadalupeV2,5,4,12,0.2533,0.7161,0.0311,0.0463
7,FakeGuadalupeV2,5,5,15,0.2,0.7936,0.0533,0.0775
7,FakeGuadalupeV2,5,6,18,0.1667,0.8267,0.0333,0.0331
7,FakeGuadalupeV2,5,7,21,0.2381,0.7524,0.0714,0.0743
7,FakeGuadalupeV2,5,8,24,0.25,0.744,0.0119,0.0084
7,FakeGuadalupeV2,5,9,27,0.2222,0.7765,0.0278,0.0325
7,FakeGuadalupeV2,5,10,32,0.2187,0.7783,0.0035,0.0018
7,FakeGuadalupeV2,6,1,3,0.3333,0.6569,1.0,1.0
7,FakeGuadalupeV2,6,2,6,0.3333,0.6569,0.0,0.0
7,FakeGuadalupeV2,6,3,9,0.3978,0.69,0.0644,0.0331
7,FakeGuadalupeV2,6,4,12,0.37,0.6882,0.0278,0.0018
7,FakeGuadalupeV2,6,5,15,0.2867,0.7669,0.0833,0.0787
7,FakeGuadalupeV2,6,6,18,0.3422,0.7647,0.0556,0.0022
7,FakeGuadalupeV2,6,7,21,0.3343,0.7162,0.0079,0.0485
7,FakeGuadalupeV2,6,8,24,0.3283,0.7099,0.006,0.0062
7,FakeGuadalupeV2,6,9,27,0.3237,0.7049,0.0046,0.0051
7,FakeGuadalupeV2,6,10,32,0.3075,0.7434,0.0162,0.0385
7,FakeGuadalupeV2,7,1,3,0.46,0.36,1.0,1.0
7,FakeGuadalupeV2,7,2,6,0.3333,0.6344,0.1267,0.2744
7,FakeGuadalupeV2,7,3,9,0.3489,0.6824,0.0156,0.048
7,FakeGuadalupeV2,7,4,12,0.25,0.7374,0.0989,0.055
7,FakeGuadalupeV2,7,5,15,0.2,0.7866,0.05,0.0492
7,FakeGuadalupeV2,7,6,18,0.2378,0.7525,0.0378,0.0341
7,FakeGuadalupeV2,7,7,21,0.2857,0.7023,0.0479,0.0502
7,FakeGuadalupeV2,7,8,24,0.25,0.7461,0.0357,0.0438
7,FakeGuadalupeV2,7,9,27,0.2593,0.7314,0.0093,0.0147
7,FakeGuadalupeV2,7,10,32,0.2188,0.7732,0.0405,0.0417
7,FakeGuadalupeV2,8,1,3,0.1167,0.9857,1.0,1.0
7,FakeGuadalupeV2,8,2,6,0.2833,0.7733,0.1667,0.2124
7,FakeGuadalupeV2,8,3,9,0.3389,0.6875,0.0556,0.0859
7,FakeGuadalupeV2,8,4,12,0.2,0.8133,0.1389,0.1258
7,FakeGuadalupeV2,8,5,15,0.1833,0.848,0.0167,0.0347
7,FakeGuadalupeV2,8,6,18,0.2278,0.7552,0.0444,0.0928
7,FakeGuadalupeV2,8,7,21,0.2381,0.7466,0.0103,0.0085
7,FakeGuadalupeV2,8,8,24,0.2083,0.7862,0.0298,0.0396
7,FakeGuadalupeV2,8,9,27,0.2222,0.7667,0.0139,0.0196
7,FakeGuadalupeV2,8,10,32,0.2188,0.7747,0.0035,0.008
7,FakeGuadalupeV2,9,1,3,0.3333,0.6664,1.0,1.0
7,FakeGuadalupeV2,9,2,6,0.3133,0.7597,0.02,0.0933
7,FakeGuadalupeV2,9,3,9,0.2578,0.7466,0.0556,0.0131
7,FakeGuadalupeV2,9,4,12,0.1667,0.8279,0.0911,0.0813
7,FakeGuadalupeV2,9,5,15,0.2133,0.8397,0.0467,0.0118
7,FakeGuadalupeV2,9,6,18,0.2222,0.7657,0.0089,0.074
7,FakeGuadalupeV2,9,7,21,0.2381,0.7533,0.0159,0.0124
7,FakeGuadalupeV2,9,8,24,0.25,0.7437,0.0119,0.0097
7,FakeGuadalupeV2,9,9,27,0.2222,0.77,0.0278,0.0263
7,FakeGuadalupeV2,9,10,32,0.2188,0.7762,0.0035,0.0062
7,FakeGuadalupeV2,10,1,3,0.3333,0.6661,1.0,1.0
7,FakeGuadalupeV2,10,2,6,0.3633,0.7344,0.03,0.0683
7,FakeGuadalupeV2,10,3,9,0.2222,0.7698,0.1411,0.0354
7,FakeGuadalupeV2,10,4,12,0.1967,0.8192,0.0256,0.0494
7,FakeGuadalupeV2,10,5,15,0.2633,0.7684,0.0667,0.0507
7,FakeGuadalupeV2,10,6,18,0.2778,0.7068,0.0144,0.0616
7,FakeGuadalupeV2,10,7,21,0.2381,0.7554,0.0397,0.0485
7,FakeGuadalupeV2,10,8,24,0.25,0.735,0.0119,0.0204
7,FakeGuadalupeV2,10,9,27,0.2337,0.7604,0.0163,0.0254
7,FakeGuadalupeV2,10,10,32,0.2188,0.7749,0.015,0.0146
7,FakeGuadalupeV2,11,1,3,0.56,0.2933,1.0,1.0
7,FakeGuadalupeV2,11,2,6,0.56,0.2933,0.0,0.0
7,FakeGuadalupeV2,11,3,9,0.3378,0.7177,0.2222,0.4244
7,FakeGuadalupeV2,11,4,12,0.31,0.7758,0.0278,0.0581
7,FakeGuadalupeV2,11,5,15,0.36,0.6709,0.05,0.1049
7,FakeGuadalupeV2,11,6,18,0.3378,0.6754,0.0222,0.0045
7,FakeGuadalupeV2,11,7,21,0.2743,0.7357,0.0635,0.0603
7,FakeGuadalupeV2,11,8,24,0.31,0.711,0.0357,0.0247
7,FakeGuadalupeV2,11,9,27,0.2637,0.7528,0.0463,0.0418
7,FakeGuadalupeV2,11,10,32,0.2188,0.77,0.045,0.0172
7,FakeGuadalupeV2,12,1,3,0.59,0.41,1.0,1.0
7,FakeGuadalupeV2,12,2,6,0.4233,0.6996,0.1667,0.2896
7,FakeGuadalupeV2,12,3,9,0.2567,0.8477,0.1667,0.1482
7,FakeGuadalupeV2,12,4,12,0.34,0.8224,0.0833,0.0253
7,FakeGuadalupeV2,12,5,15,0.3233,0.747,0.0167,0.0754
7,FakeGuadalupeV2,12,6,18,0.3122,0.7355,0.0111,0.0115
7,FakeGuadalupeV2,12,7,21,0.3043,0.7266,0.0079,0.0088
7,FakeGuadalupeV2,12,8,24,0.2983,0.7527,0.006,0.0261
7,FakeGuadalupeV2,12,9,27,0.2937,0.773,0.0046,0.0202
7,FakeGuadalupeV2,12,10,32,0.215,0.7991,0.0787,0.0261
7,FakeGuadalupeV2,13,1,3,0.46,0.54,1.0,1.0
7,FakeGuadalupeV2,13,2,6,0.1667,0.8303,0.2933,0.2903
7,FakeGuadalupeV2,13,3,9,0.1267,0.8823,0.04,0.052
7,FakeGuadalupeV2,13,4,12,0.21,0.8107,0.0833,0.0716
7,FakeGuadalupeV2,13,5,15,0.2667,0.7263,0.0567,0.0844
7,FakeGuadalupeV2,13,6,18,0.2222,0.777,0.0444,0.0507
7,FakeGuadalupeV2,13,7,21,0.2381,0.7562,0.0159,0.0208
7,FakeGuadalupeV2,13,8,24,0.2083,0.7848,0.0298,0.0286
7,FakeGuadalupeV2,13,9,27,0.2222,0.7728,0.0139,0.012
7,FakeGuadalupeV2,13,10,32,0.2188,0.7809,0.0035,0.0081
7,FakeGuadalupeV2,14,1,3,0.51,0.3267,1.0,1.0
7,FakeGuadalupeV2,14,2,6,0.1767,0.8232,0.3333,0.4965
7,FakeGuadalupeV2,14,3,9,0.1767,0.8725,0.0,0.0493
7,FakeGuadalupeV2,14,4,12,0.26,0.726,0.0833,0.1465
7,FakeGuadalupeV2,14,5,15,0.2667,0.7174,0.0067,0.0086
7,FakeGuadalupeV2,14,6,18,0.2222,0.7726,0.0444,0.0552
7,FakeGuadalupeV2,14,7,21,0.2381,0.7478,0.0159,0.0248
7,FakeGuadalupeV2,14,8,24,0.2083,0.7854,0.0298,0.0375
7,FakeGuadalupeV2,14,9,27,0.2222,0.7726,0.0139,0.0128
7,FakeGuadalupeV2,14,10,32,0.2188,0.7805,0.0035,0.0079
7,FakeGuadalupeV2,15,1,3,0.3333,0.6666,1.0,1.0
7,FakeGuadalupeV2,15,2,6,0.1767,0.8232,0.1567,0.1566
7,FakeGuadalupeV2,15,3,9,0.1567,0.8769,0.02,0.0537
7,FakeGuadalupeV2,15,4,12,0.25,0.7484,0.0933,0.1285
7,FakeGuadalupeV2,15,5,15,0.2667,0.7324,0.0167,0.016
7,FakeGuadalupeV2,15,6,18,0.2778,0.7216,0.0111,0.0108
7,FakeGuadalupeV2,15,7,21,0.2381,0.7598,0.0397,0.0382
7,FakeGuadalupeV2,15,8,24,0.2083,0.7879,0.0298,0.0281
7,FakeGuadalupeV2,15,9,27,0.2222,0.7776,0.0139,0.0102
7,FakeGuadalupeV2,15,10,32,0.25,0.7499,0.0278,0.0277
7,FakeGuadalupeV2,16,1,3,0.53,0.3133,1.0,1.0
7,FakeGuadalupeV2,16,2,6,0.1967,0.8192,0.3333,0.5058
7,FakeGuadalupeV2,16,3,9,0.2222,0.7764,0.0256,0.0428
7,FakeGuadalupeV2,16,4,12,0.3333,0.6661,0.1111,0.1104
7,FakeGuadalupeV2,16,5,15,0.2667,0.7292,0.0667,0.0631
7,FakeGuadalupeV2,16,6,18,0.2778,0.7222,0.0111,0.007
7,FakeGuadalupeV2,16,7,21,0.2381,0.7611,0.0397,0.0389
7,FakeGuadalupeV2,16,8,24,0.25,0.7495,0.0119,0.0116
7,FakeGuadalupeV2,16,9,27,0.2222,0.7755,0.0278,0.026
7,FakeGuadalupeV2,16,10,32,0.25,0.7461,0.0278,0.0294
7,FakeGuadalupeV2,17,1,3,0.1367,0.9806,1.0,1.0
7,FakeGuadalupeV2,17,2,6,0.03,0.9991,0.1067,0.0185
7,FakeGuadalupeV2,17,3,9,0.2222,0.7698,0.1922,0.2293
7,FakeGuadalupeV2,17,4,12,0.25,0.7445,0.0278,0.0253
7,FakeGuadalupeV2,17,5,15,0.2,0.7993,0.05,0.0548
7,FakeGuadalupeV2,17,6,18,0.2222,0.7698,0.0222,0.0295
7,FakeGuadalupeV2,17,7,21,0.1905,0.8067,0.0317,0.0369
7,FakeGuadalupeV2,17,8,24,0.2083,0.7892,0.0179,0.0175
7,FakeGuadalupeV2,17,9,27,0.1852,0.8146,0.0231,0.0255
7,FakeGuadalupeV2,17,10,32,0.2188,0.7805,0.0336,0.0341
7,FakeGuadalupeV2,18,1,3,0.1467,0.9777,1.0,1.0
7,FakeGuadalupeV2,18,2,6,0.1867,0.9644,0.04,0.0133
7,FakeGuadalupeV2,18,3,9,0.2222,0.7713,0.0356,0.1931
7,FakeGuadalupeV2,18,4,12,0.25,0.7457,0.0278,0.0255
7,FakeGuadalupeV2,18,5,15,0.2667,0.7302,0.0167,0.0155
7,FakeGuadalupeV2,18,6,18,0.2222,0.7713,0.0444,0.0411
7,FakeGuadalupeV2,18,7,21,0.1905,0.8,0.0317,0.0287
7,FakeGuadalupeV2,18,8,24,0.2083,0.79,0.0179,0.01
7,FakeGuadalupeV2,18,9,27,0.2222,0.7778,0.0139,0.0122
7,FakeGuadalupeV2,18,10,32,0.2188,0.7813,0.0035,0.0035
7,FakeGuadalupeV2,19,1,3,0.1467,0.9777,1.0,1.0
7,FakeGuadalupeV2,19,2,6,0.3133,0.7597,0.1667,0.218
7,FakeGuadalupeV2,19,3,9,0.3333,0.6518,0.02,0.1079
7,FakeGuadalupeV2,19,4,12,0.25,0.749,0.0833,0.0973
7,FakeGuadalupeV2,19,5,15,0.2667,0.7232,0.0167,0.0259
7,FakeGuadalupeV2,19,6,18,0.2222,0.7657,0.0444,0.0426
7,FakeGuadalupeV2,19,7,21,0.2381,0.7533,0.0159,0.0124
7,FakeGuadalupeV2,19,8,24,0.2083,0.7916,0.0298,0.0383
7,FakeGuadalupeV2,19,9,27,0.2222,0.7778,0.0139,0.0139
7,FakeGuadalupeV2,19,10,32,0.2188,0.78,0.0035,0.0022
8,FakeGuadalupeV2,0,1,50,0.32,0.794,1.0,1.0
8,FakeGuadalupeV2,0,2,100,0.29,0.8871,0.03,0.0931
8,FakeGuadalupeV2,0,3,150,0.24,0.9206,0.05,0.0335
8,FakeGuadalupeV2,0,4,200,0.23,0.9234,0.01,0.0029
8,FakeGuadalupeV2,0,5,250,0.234,0.9271,0.004,0.0036
8,FakeGuadalupeV2,0,6,300,0.2333,0.9274,0.0007,0.0003
8,FakeGuadalupeV2,0,7,350,0.2357,0.9214,0.0024,0.006
8,FakeGuadalupeV2,0,8,400,0.2375,0.9193,0.0018,0.0021
8,FakeGuadalupeV2,0,9,450,0.2233,0.9262,0.0142,0.0069
8,FakeGuadalupeV2,0,10,500,0.214,0.9283,0.0093,0.002
8,FakeGuadalupeV2,1,1,50,0.17,0.9538,1.0,1.0
8,FakeGuadalupeV2,1,2,100,0.13,0.9685,0.04,0.0147
8,FakeGuadalupeV2,1,3,150,0.1467,0.9658,0.0167,0.0027
8,FakeGuadalupeV2,1,4,200,0.155,0.9612,0.0083,0.0045
8,FakeGuadalupeV2,1,5,250,0.15,0.9625,0.005,0.0012
8,FakeGuadalupeV2,1,6,300,0.1567,0.9591,0.0067,0.0034
8,FakeGuadalupeV2,1,7,350,0.1571,0.9634,0.0005,0.0043
8,FakeGuadalupeV2,1,8,400,0.1625,0.9621,0.0054,0.0013
8,FakeGuadalupeV2,1,9,450,0.1667,0.959,0.0042,0.0031
8,FakeGuadalupeV2,1,10,500,0.164,0.9596,0.0027,0.0006
8,FakeGuadalupeV2,2,1,50,0.31,0.8645,1.0,1.0
8,FakeGuadalupeV2,2,2,100,0.29,0.8784,0.02,0.0138
8,FakeGuadalupeV2,2,3,150,0.28,0.8835,0.01,0.0051
8,FakeGuadalupeV2,2,4,200,0.27,0.8882,0.01,0.0047
8,FakeGuadalupeV2,2,5,250,0.24,0.9121,0.03,0.0239
8,FakeGuadalupeV2,2,6,300,0.24,0.9057,0.0,0.0064
8,FakeGuadalupeV2,2,7,350,0.2543,0.903,0.0143,0.0027
8,FakeGuadalupeV2,2,8,400,0.2425,0.9094,0.0118,0.0065
8,FakeGuadalupeV2,2,9,450,0.2356,0.9075,0.0069,0.0019
8,FakeGuadalupeV2,2,10,500,0.234,0.9101,0.0016,0.0026
8,FakeGuadalupeV2,3,1,50,0.28,0.8802,1.0,1.0
8,FakeGuadalupeV2,3,2,100,0.28,0.8814,0.0,0.0011
8,FakeGuadalupeV2,3,3,150,0.25,0.8961,0.03,0.0147
8,FakeGuadalupeV2,3,4,200,0.23,0.9049,0.02,0.0088
8,FakeGuadalupeV2,3,5,250,0.238,0.9042,0.008,0.0007
8,FakeGuadalupeV2,3,6,300,0.24,0.9023,0.002,0.0018
8,FakeGuadalupeV2,3,7,350,0.2271,0.9097,0.0129,0.0073
8,FakeGuadalupeV2,3,8,400,0.2275,0.9117,0.0004,0.0021
8,FakeGuadalupeV2,3,9,450,0.2322,0.9064,0.0047,0.0054
8,FakeGuadalupeV2,3,10,500,0.238,0.9044,0.0058,0.002
8,FakeGuadalupeV2,4,1,50,0.23,0.9164,1.0,1.0
8,FakeGuadalupeV2,4,2,100,0.19,0.9454,0.04,0.0291
8,FakeGuadalupeV2,4,3,150,0.2167,0.9313,0.0267,0.0141
8,FakeGuadalupeV2,4,4,200,0.19,0.9419,0.0267,0.0106
8,FakeGuadalupeV2,4,5,250,0.208,0.9393,0.018,0.0025
8,FakeGuadalupeV2,4,6,300,0.2,0.9464,0.008,0.0071
8,FakeGuadalupeV2,4,7,350,0.1929,0.9465,0.0071,0.0001
8,FakeGuadalupeV2,4,8,400,0.18,0.9556,0.0129,0.0091
8,FakeGuadalupeV2,4,9,450,0.1711,0.9597,0.0089,0.0042
8,FakeGuadalupeV2,4,10,500,0.176,0.9573,0.0049,0.0024
8,FakeGuadalupeV2,5,1,50,0.29,0.8049,1.0,1.0
8,FakeGuadalupeV2,5,2,100,0.17,0.9492,0.12,0.1443
8,FakeGuadalupeV2,5,3,150,0.1667,0.9396,0.0033,0.0097
8,FakeGuadalupeV2,5,4,200,0.175,0.9465,0.0083,0.0069
8,FakeGuadalupeV2,5,5,250,0.154,0.9605,0.021,0.014
8,FakeGuadalupeV2,5,6,300,0.1633,0.9602,0.0093,0.0003
8,FakeGuadalupeV2,5,7,350,0.1471,0.9663,0.0162,0.0061
8,FakeGuadalupeV2,5,8,400,0.135,0.9702,0.0121,0.0039
8,FakeGuadalupeV2,5,9,450,0.1422,0.9692,0.0072,0.0009
8,FakeGuadalupeV2,5,10,500,0.146,0.9672,0.0038,0.002
8,FakeGuadalupeV2,6,1,50,0.24,0.8991,1.0,1.0
8,FakeGuadalupeV2,6,2,100,0.2,0.9197,0.04,0.0206
8,FakeGuadalupeV2,6,3,150,0.2333,0.9146,0.0333,0.0051
8,FakeGuadalupeV2,6,4,200,0.2,0.9398,0.0333,0.0253
8,FakeGuadalupeV2,6,5,250,0.18,0.951,0.02,0.0112
8,FakeGuadalupeV2,6,6,300,0.1567,0.9598,0.0233,0.0088
8,FakeGuadalupeV2,6,7,350,0.1529,0.9627,0.0038,0.0029
8,FakeGuadalupeV2,6,8,400,0.1425,0.9655,0.0104,0.0027
8,FakeGuadalupeV2,6,9,450,0.16,0.9646,0.0175,0.0009
8,FakeGuadalupeV2,6,10,500,0.148,0.9663,0.012,0.0018
8,FakeGuadalupeV2,7,1,50,0.23,0.9183,1.0,1.0
8,FakeGuadalupeV2,7,2,100,0.27,0.8918,0.04,0.0265
8,FakeGuadalupeV2,7,3,150,0.2233,0.9216,0.0467,0.0298
8,FakeGuadalupeV2,7,4,200,0.225,0.9207,0.0017,0.0009
8,FakeGuadalupeV2,7,5,250,0.212,0.929,0.013,0.0083
8,FakeGuadalupeV2,7,6,300,0.2033,0.9319,0.0087,0.0029
8,FakeGuadalupeV2,7,7,350,0.1814,0.9429,0.0219,0.011
8,FakeGuadalupeV2,7,8,400,0.175,0.9453,0.0064,0.0024
8,FakeGuadalupeV2,7,9,450,0.19,0.9378,0.015,0.0075
8,FakeGuadalupeV2,7,10,500,0.18,0.9408,0.01,0.003
8,FakeGuadalupeV2,8,1,50,0.2,0.9384,1.0,1.0
8,FakeGuadalupeV2,8,2,100,0.18,0.9502,0.02,0.0118
8,FakeGuadalupeV2,8,3,150,0.1833,0.9526,0.0033,0.0024
8,FakeGuadalupeV2,8,4,200,0.2,0.9432,0.0167,0.0093
8,FakeGuadalupeV2,8,5,250,0.182,0.9502,0.018,0.007
8,FakeGuadalupeV2,8,6,300,0.1867,0.9505,0.0047,0.0003
8,FakeGuadalupeV2,8,7,350,0.1986,0.9436,0.0119,0.0069
8,FakeGuadalupeV2,8,8,400,0.2075,0.9409,0.0089,0.0028
8,FakeGuadalupeV2,8,9,450,0.1989,0.9436,0.0086,0.0027
8,FakeGuadalupeV2,8,10,500,0.192,0.9455,0.0069,0.0019
8,FakeGuadalupeV2,9,1,50,0.23,0.8935,1.0,1.0
8,FakeGuadalupeV2,9,2,100,0.21,0.9391,0.02,0.0456
8,FakeGuadalupeV2,9,3,150,0.19,0.9473,0.02,0.0082
8,FakeGuadalupeV2,9,4,200,0.195,0.9488,0.005,0.0015
8,FakeGuadalupeV2,9,5,250,0.194,0.9474,0.001,0.0015
8,FakeGuadalupeV2,9,6,300,0.1867,0.9515,0.0073,0.0042
8,FakeGuadalupeV2,9,7,350,0.1843,0.9506,0.0024,0.0009
8,FakeGuadalupeV2,9,8,400,0.1725,0.9528,0.0118,0.0022
8,FakeGuadalupeV2,9,9,450,0.1911,0.9448,0.0186,0.0081
8,FakeGuadalupeV2,9,10,500,0.198,0.941,0.0069,0.0038
8,FakeGuadalupeV2,10,1,50,0.2,0.9198,1.0,1.0
8,FakeGuadalupeV2,10,2,100,0.19,0.9422,0.01,0.0224
8,FakeGuadalupeV2,10,3,150,0.1567,0.9554,0.0333,0.0131
8,FakeGuadalupeV2,10,4,200,0.145,0.9685,0.0117,0.0131
8,FakeGuadalupeV2,10,5,250,0.126,0.9741,0.019,0.0056
8,FakeGuadalupeV2,10,6,300,0.1167,0.9757,0.0093,0.0016
8,FakeGuadalupeV2,10,7,350,0.1186,0.9731,0.0019,0.0026
8,FakeGuadalupeV2,10,8,400,0.15,0.9643,0.0314,0.0087
8,FakeGuadalupeV2,10,9,450,0.1522,0.9634,0.0022,0.001
8,FakeGuadalupeV2,10,10,500,0.154,0.9622,0.0018,0.0012
8,FakeGuadalupeV2,11,1,50,0.23,0.9279,1.0,1.0
8,FakeGuadalupeV2,11,2,100,0.2,0.9366,0.03,0.0088
8,FakeGuadalupeV2,11,3,150,0.21,0.9407,0.01,0.0041
8,FakeGuadalupeV2,11,4,200,0.225,0.9361,0.015,0.0046
8,FakeGuadalupeV2,11,5,250,0.222,0.9392,0.003,0.003
8,FakeGuadalupeV2,11,6,300,0.2167,0.9414,0.0053,0.0023
8,FakeGuadalupeV2,11,7,350,0.2257,0.9352,0.009,0.0062
8,FakeGuadalupeV2,11,8,400,0.2325,0.9298,0.0068,0.0054
8,FakeGuadalupeV2,11,9,450,0.2322,0.9331,0.0003,0.0033
8,FakeGuadalupeV2,11,10,500,0.224,0.9381,0.0082,0.0051
8,FakeGuadalupeV2,12,1,50,0.16,0.9238,1.0,1.0
8,FakeGuadalupeV2,12,2,100,0.14,0.9661,0.02,0.0423
8,FakeGuadalupeV2,12,3,150,0.1633,0.9577,0.0233,0.0083
8,FakeGuadalupeV2,12,4,200,0.15,0.9702,0.0133,0.0125
8,FakeGuadalupeV2,12,5,250,0.168,0.9619,0.018,0.0083
8,FakeGuadalupeV2,12,6,300,0.1567,0.9636,0.0113,0.0017
8,FakeGuadalupeV2,12,7,350,0.1386,0.9718,0.0181,0.0082
8,FakeGuadalupeV2,12,8,400,0.14,0.9742,0.0014,0.0024
8,FakeGuadalupeV2,12,9,450,0.1367,0.9726,0.0033,0.0016
8,FakeGuadalupeV2,12,10,500,0.13,0.9753,0.0067,0.0027
8,FakeGuadalupeV2,13,1,50,0.24,0.8523,1.0,1.0
8,FakeGuadalupeV2,13,2,100,0.21,0.9222,0.03,0.0698
8,FakeGuadalupeV2,13,3,150,0.1833,0.9436,0.0267,0.0214
8,FakeGuadalupeV2,13,4,200,0.185,0.9455,0.0017,0.0019
8,FakeGuadalupeV2,13,5,250,0.17,0.9534,0.015,0.0079
8,FakeGuadalupeV2,13,6,300,0.1567,0.9614,0.0133,0.008
8,FakeGuadalupeV2,13,7,350,0.1386,0.9668,0.0181,0.0054
8,FakeGuadalupeV2,13,8,400,0.12,0.9742,0.0186,0.0074
8,FakeGuadalupeV2,13,9,450,0.1178,0.9717,0.0022,0.0025
8,FakeGuadalupeV2,13,10,500,0.124,0.9695,0.0062,0.0022
8,FakeGuadalupeV2,14,1,50,0.3,0.8506,1.0,1.0
8,FakeGuadalupeV2,14,2,100,0.18,0.9466,0.12,0.096
8,FakeGuadalupeV2,14,3,150,0.16,0.9536,0.02,0.007
8,FakeGuadalupeV2,14,4,200,0.18,0.945,0.02,0.0085
8,FakeGuadalupeV2,14,5,250,0.184,0.9437,0.004,0.0013
8,FakeGuadalupeV2,14,6,300,0.1667,0.9513,0.0173,0.0076
8,FakeGuadalupeV2,14,7,350,0.1757,0.9523,0.009,0.001
8,FakeGuadalupeV2,14,8,400,0.1825,0.9505,0.0068,0.0019
8,FakeGuadalupeV2,14,9,450,0.1778,0.9503,0.0047,0.0002
8,FakeGuadalupeV2,14,10,500,0.164,0.9543,0.0138,0.004
8,FakeGuadalupeV2,15,1,50,0.26,0.8914,1.0,1.0
8,FakeGuadalupeV2,15,2,100,0.21,0.9272,0.05,0.0358
8,FakeGuadalupeV2,15,3,150,0.23,0.9287,0.02,0.0014
8,FakeGuadalupeV2,15,4,200,0.205,0.9353,0.025,0.0066
8,FakeGuadalupeV2,15,5,250,0.18,0.9468,0.025,0.0115
8,FakeGuadalupeV2,15,6,300,0.1767,0.9453,0.0033,0.0015
8,FakeGuadalupeV2,15,7,350,0.17,0.952,0.0067,0.0067
8,FakeGuadalupeV2,15,8,400,0.16,0.9602,0.01,0.0082
8,FakeGuadalupeV2,15,9,450,0.1433,0.9668,0.0167,0.0066
8,FakeGuadalupeV2,15,10,500,0.142,0.968,0.0013,0.0012
8,FakeGuadalupeV2,16,1,50,0.29,0.8682,1.0,1.0
8,FakeGuadalupeV2,16,2,100,0.34,0.851,0.05,0.0172
8,FakeGuadalupeV2,16,3,150,0.29,0.8928,0.05,0.0418
8,FakeGuadalupeV2,16,4,200,0.265,0.9118,0.025,0.0189
8,FakeGuadalupeV2,16,5,250,0.246,0.9219,0.019,0.0101
8,FakeGuadalupeV2,16,6,300,0.2267,0.9313,0.0193,0.0093
8,FakeGuadalupeV2,16,7,350,0.2029,0.9425,0.0238,0.0113
8,FakeGuadalupeV2,16,8,400,0.1775,0.9521,0.0254,0.0096
8,FakeGuadalupeV2,16,9,450,0.1878,0.9478,0.0103,0.0043
8,FakeGuadalupeV2,16,10,500,0.186,0.9474,0.0018,0.0004
8,FakeGuadalupeV2,17,1,50,0.26,0.9092,1.0,1.0
8,FakeGuadalupeV2,17,2,100,0.12,0.9699,0.14,0.0607
8,FakeGuadalupeV2,17,3,150,0.13,0.9775,0.01,0.0076
8,FakeGuadalupeV2,17,4,200,0.135,0.9739,0.005,0.0037
8,FakeGuadalupeV2,17,5,250,0.154,0.9667,0.019,0.0072
8,FakeGuadalupeV2,17,6,300,0.1267,0.976,0.0273,0.0093
8,FakeGuadalupeV2,17,7,350,0.1343,0.976,0.0076,0.0
8,FakeGuadalupeV2,17,8,400,0.125,0.9799,0.0093,0.0039
8,FakeGuadalupeV2,17,9,450,0.1311,0.9777,0.0061,0.0021
8,FakeGuadalupeV2,17,10,500,0.146,0.9699,0.0149,0.0078
8,FakeGuadalupeV2,18,1,50,0.19,0.9219,1.0,1.0
8,FakeGuadalupeV2,18,2,100,0.19,0.9284,0.0,0.0065
8,FakeGuadalupeV2,18,3,150,0.2333,0.9247,0.0433,0.0037
8,FakeGuadalupeV2,18,4,200,0.24,0.9193,0.0067,0.0054
8,FakeGuadalupeV2,18,5,250,0.224,0.9348,0.016,0.0155
8,FakeGuadalupeV2,18,6,300,0.2033,0.9487,0.0207,0.0138
8,FakeGuadalupeV2,18,7,350,0.1986,0.9475,0.0048,0.0011
8,FakeGuadalupeV2,18,8,400,0.1975,0.9475,0.0011,0.0
8,FakeGuadalupeV2,18,9,450,0.1944,0.9498,0.0031,0.0023
8,FakeGuadalupeV2,18,10,500,0.202,0.9461,0.0076,0.0037
8,FakeGuadalupeV2,19,1,50,0.25,0.925,1.0,1.0
8,FakeGuadalupeV2,19,2,100,0.23,0.9267,0.02,0.0017
8,FakeGuadalupeV2,19,3,150,0.2367,0.9294,0.0067,0.0027
8,FakeGuadalupeV2,19,4,200,0.24,0.9271,0.0033,0.0023
8,FakeGuadalupeV2,19,5,250,0.22,0.934,0.02,0.0069
8,FakeGuadalupeV2,19,6,300,0.2033,0.9438,0.0167,0.0098
8,FakeGuadalupeV2,19,7,350,0.2086,0.9413,0.0052,0.0026
8,FakeGuadalupeV2,19,8,400,0.205,0.9411,0.0036,0.0001
8,FakeGuadalupeV2,19,9,450,0.2111,0.937,0.0061,0.0041
8,FakeGuadalupeV2,19,10,500,0.206,0.937,0.0051,0.0
14,FakeGuadalupeV2,0,1,409,0.9731,0.0007,1.0,1.0
14,FakeGuadalupeV2,0,2,818,0.9731,0.0014,0.0,0.0007
14,FakeGuadalupeV2,0,3,1227,0.9731,0.0021,0.0,0.0006
14,FakeGuadalupeV2,0,4,1636,0.9756,0.0023,0.0024,0.0002
14,FakeGuadalupeV2,0,5,2045,0.977,0.0026,0.0015,0.0003
14,FakeGuadalupeV2,0,6,2454,0.9756,0.0034,0.0015,0.0009
14,FakeGuadalupeV2,0,7,2863,0.9742,0.0041,0.0014,0.0007
14,FakeGuadalupeV2,0,8,3272,0.9737,0.0049,0.0004,0.0008
14,FakeGuadalupeV2,0,9,3681,0.9742,0.0053,0.0005,0.0003
14,FakeGuadalupeV2,0,10,4096,0.9741,0.0057,0.0001,0.0004
14,FakeGuadalupeV2,1,1,409,0.978,0.0005,1.0,1.0
14,FakeGuadalupeV2,1,2,818,0.9719,0.0016,0.0061,0.0012
14,FakeGuadalupeV2,1,3,1227,0.9731,0.0022,0.0012,0.0006
14,FakeGuadalupeV2,1,4,1636,0.9731,0.0028,0.0,0.0006
14,FakeGuadalupeV2,1,5,2045,0.9741,0.0031,0.001,0.0003
14,FakeGuadalupeV2,1,6,2454,0.9751,0.0034,0.0011,0.0003
14,FakeGuadalupeV2,1,7,2863,0.9762,0.0036,0.0011,0.0002
14,FakeGuadalupeV2,1,8,3272,0.9752,0.0045,0.001,0.0009
14,FakeGuadalupeV2,1,9,3681,0.9753,0.005,0.0,0.0005
14,FakeGuadalupeV2,1,10,4096,0.9758,0.0053,0.0006,0.0004
14,FakeGuadalupeV2,2,1,409,0.9829,0.0003,1.0,1.0
14,FakeGuadalupeV2,2,2,818,0.9841,0.0005,0.0012,0.0002
14,FakeGuadalupeV2,2,3,1227,0.9829,0.0009,0.0012,0.0004
14,FakeGuadalupeV2,2,4,1636,0.9804,0.0015,0.0024,0.0006
14,FakeGuadalupeV2,2,5,2045,0.9804,0.0019,0.0,0.0004
14,FakeGuadalupeV2,2,6,2454,0.9772,0.003,0.0033,0.0011
14,FakeGuadalupeV2,2,7,2863,0.9776,0.0034,0.0005,0.0003
14,FakeGuadalupeV2,2,8,3272,0.9774,0.0038,0.0003,0.0005
14,FakeGuadalupeV2,2,9,3681,0.9764,0.0046,0.001,0.0008
14,FakeGuadalupeV2,2,10,4096,0.9763,0.0051,0.0,0.0005
14,FakeGuadalupeV2,3,1,409,0.9878,0.0001,1.0,1.0
14,FakeGuadalupeV2,3,2,818,0.9804,0.0008,0.0073,0.0007
14,FakeGuadalupeV2,3,3,1227,0.9821,0.0009,0.0016,0.0001
14,FakeGuadalupeV2,3,4,1636,0.9798,0.0016,0.0022,0.0007
14,FakeGuadalupeV2,3,5,2045,0.9804,0.0019,0.0006,0.0002
14,FakeGuadalupeV2,3,6,2454,0.9792,0.0024,0.0012,0.0005
14,FakeGuadalupeV2,3,7,2863,0.9804,0.0025,0.0012,0.0001
14,FakeGuadalupeV2,3,8,3272,0.9807,0.0027,0.0003,0.0002
14,FakeGuadalupeV2,3,9,3681,0.9799,0.0032,0.0008,0.0005
14,FakeGuadalupeV2,3,10,4096,0.9792,0.0037,0.0006,0.0006
14,FakeGuadalupeV2,4,1,409,0.9731,0.0008,1.0,1.0
14,FakeGuadalupeV2,4,2,818,0.9756,0.0013,0.0024,0.0005
14,FakeGuadalupeV2,4,3,1227,0.9731,0.0022,0.0024,0.0009
14,FakeGuadalupeV2,4,4,1636,0.9749,0.0025,0.0018,0.0003
14,FakeGuadalupeV2,4,5,2045,0.978,0.0024,0.0031,0.0001
14,FakeGuadalupeV2,4,6,2454,0.9776,0.003,0.0004,0.0006
14,FakeGuadalupeV2,4,7,2863,0.9776,0.0036,0.0001,0.0005
14,FakeGuadalupeV2,4,8,3272,0.9768,0.0042,0.0009,0.0007
14,FakeGuadalupeV2,4,9,3681,0.9753,0.0051,0.0015,0.0009
14,FakeGuadalupeV2,4,10,4096,0.9739,0.0062,0.0014,0.001
14,FakeGuadalupeV2,5,1,409,0.9731,0.0007,1.0,1.0
14,FakeGuadalupeV2,5,2,818,0.9756,0.0012,0.0024,0.0005
14,FakeGuadalupeV2,5,3,1227,0.9772,0.0015,0.0016,0.0003
14,FakeGuadalupeV2,5,4,1636,0.9786,0.0017,0.0014,0.0002
14,FakeGuadalupeV2,5,5,2045,0.9804,0.0018,0.0018,0.0001
14,FakeGuadalupeV2,5,6,2454,0.9817,0.0019,0.0012,0.0001
14,FakeGuadalupeV2,5,7,2863,0.9825,0.002,0.0009,0.0001
14,FakeGuadalupeV2,5,8,3272,0.982,0.0024,0.0006,0.0004
14,FakeGuadalupeV2,5,9,3681,0.9794,0.0034,0.0026,0.001
14,FakeGuadalupeV2,5,10,4096,0.9785,0.0041,0.0008,0.0007
14,FakeGuadalupeV2,6,1,409,0.9804,0.0004,1.0,1.0
14,FakeGuadalupeV2,6,2,818,0.9731,0.0014,0.0073,0.0011
14,FakeGuadalupeV2,6,3,1227,0.9715,0.0022,0.0016,0.0008
14,FakeGuadalupeV2,6,4,1636,0.9676,0.0038,0.0039,0.0016
14,FakeGuadalupeV2,6,5,2045,0.9687,0.0044,0.0011,0.0006
14,FakeGuadalupeV2,6,6,2454,0.9698,0.0048,0.0011,0.0004
14,FakeGuadalupeV2,6,7,2863,0.9714,0.005,0.0015,0.0001
14,FakeGuadalupeV2,6,8,3272,0.9694,0.0066,0.0019,0.0016
14,FakeGuadalupeV2,6,9,3681,0.9701,0.0071,0.0007,0.0005
14,FakeGuadalupeV2,6,10,4096,0.9702,0.0078,0.0001,0.0007
14,FakeGuadalupeV2,7,1,409,0.9756,0.0006,1.0,1.0
14,FakeGuadalupeV2,7,2,818,0.978,0.001,0.0024,0.0004
14,FakeGuadalupeV2,7,3,1227,0.9764,0.0017,0.0016,0.0007
14,FakeGuadalupeV2,7,4,1636,0.9762,0.0023,0.0002,0.0006
14,FakeGuadalupeV2,7,5,2045,0.9765,0.0026,0.0004,0.0003
14,FakeGuadalupeV2,7,6,2454,0.9743,0.0036,0.0022,0.001
14,FakeGuadalupeV2,7,7,2863,0.9742,0.0042,0.0002,0.0006
14,FakeGuadalupeV2,7,8,3272,0.9746,0.0046,0.0005,0.0004
14,FakeGuadalupeV2,7,9,3681,0.9739,0.0053,0.0007,0.0007
14,FakeGuadalupeV2,7,10,4096,0.9734,0.0062,0.0005,0.0009
14,FakeGuadalupeV2,8,1,409,0.9853,0.0002,1.0,1.0
14,FakeGuadalupeV2,8,2,818,0.9829,0.0006,0.0024,0.0004
14,FakeGuadalupeV2,8,3,1227,0.9829,0.0009,0.0,0.0003
14,FakeGuadalupeV2,8,4,1636,0.9811,0.0015,0.0018,0.0006
14,FakeGuadalupeV2,8,5,2045,0.9804,0.0019,0.0006,0.0004
14,FakeGuadalupeV2,8,6,2454,0.9808,0.0021,0.0004,0.0002
14,FakeGuadalupeV2,8,7,2863,0.9794,0.0028,0.0015,0.0007
14,FakeGuadalupeV2,8,8,3272,0.9789,0.0034,0.0005,0.0006
14,FakeGuadalupeV2,8,9,3681,0.9788,0.0037,0.0001,0.0003
14,FakeGuadalupeV2,8,10,4096,0.979,0.0039,0.0002,0.0002
14,FakeGuadalupeV2,9,1,409,0.9829,0.0003,1.0,1.0
14,FakeGuadalupeV2,9,2,818,0.9853,0.0004,0.0024,0.0001
14,FakeGuadalupeV2,9,3,1227,0.9845,0.0007,0.0008,0.0002
14,FakeGuadalupeV2,9,4,1636,0.9835,0.0009,0.001,0.0003
14,FakeGuadalupeV2,9,5,2045,0.9804,0.0017,0.0031,0.0007
14,FakeGuadalupeV2,9,6,2454,0.9804,0.0021,0.0,0.0004
14,FakeGuadalupeV2,9,7,2863,0.9804,0.0024,0.0,0.0004
14,FakeGuadalupeV2,9,8,3272,0.9792,0.0031,0.0012,0.0007
14,FakeGuadalupeV2,9,9,3681,0.9791,0.0035,0.0001,0.0004
14,FakeGuadalupeV2,9,10,4096,0.978,0.0041,0.0011,0.0006
14,FakeGuadalupeV2,10,1,409,0.9853,0.0002,1.0,1.0
14,FakeGuadalupeV2,10,2,818,0.9768,0.001,0.0086,0.0008
14,FakeGuadalupeV2,10,3,1227,0.9788,0.0013,0.002,0.0003
14,FakeGuadalupeV2,10,4,1636,0.9798,0.0014,0.001,0.0002
14,FakeGuadalupeV2,10,5,2045,0.9785,0.0021,0.0013,0.0006
14,FakeGuadalupeV2,10,6,2454,0.9776,0.0027,0.0009,0.0006
14,FakeGuadalupeV2,10,7,2863,0.9773,0.0031,0.0003,0.0004
14,FakeGuadalupeV2,10,8,3272,0.9783,0.0031,0.001,0.0001
14,FakeGuadalupeV2,10,9,3681,0.9777,0.0036,0.0006,0.0005
14,FakeGuadalupeV2,10,10,4096,0.9771,0.0042,0.0007,0.0005
14,FakeGuadalupeV2,11,1,409,0.9707,0.0009,1.0,1.0
14,FakeGuadalupeV2,11,2,818,0.9768,0.001,0.0061,0.0001
14,FakeGuadalupeV2,11,3,1227,0.9756,0.0015,0.0012,0.0004
14,FakeGuadalupeV2,11,4,1636,0.9768,0.0018,0.0012,0.0003
14,FakeGuadalupeV2,11,5,2045,0.9765,0.0023,0.0002,0.0005
14,FakeGuadalupeV2,11,6,2454,0.9764,0.0028,0.0002,0.0005
14,FakeGuadalupeV2,11,7,2863,0.9742,0.004,0.0022,0.0012
14,FakeGuadalupeV2,11,8,3272,0.9722,0.0053,0.002,0.0013
14,FakeGuadalupeV2,11,9,3681,0.9728,0.0056,0.0006,0.0003
14,FakeGuadalupeV2,11,10,4096,0.9729,0.0062,0.0001,0.0006
14,FakeGuadalupeV2,12,1,409,0.9804,0.0004,1.0,1.0
14,FakeGuadalupeV2,12,2,818,0.9817,0.0006,0.0012,0.0002
14,FakeGuadalupeV2,12,3,1227,0.9796,0.0012,0.002,0.0006
14,FakeGuadalupeV2,12,4,1636,0.9786,0.0017,0.001,0.0005
14,FakeGuadalupeV2,12,5,2045,0.976,0.0025,0.0026,0.0008
14,FakeGuadalupeV2,12,6,2454,0.9756,0.0031,0.0005,0.0006
14,FakeGuadalupeV2,12,7,2863,0.9762,0.0035,0.0007,0.0004
14,FakeGuadalupeV2,12,8,3272,0.9756,0.0042,0.0007,0.0008
14,FakeGuadalupeV2,12,9,3681,0.9769,0.0042,0.0014,0.0
14,FakeGuadalupeV2,12,10,4096,0.9768,0.0047,0.0001,0.0005
14,FakeGuadalupeV2,13,1,409,0.978,0.0005,1.0,1.0
14,FakeGuadalupeV2,13,2,818,0.9768,0.0011,0.0012,0.0006
14,FakeGuadalupeV2,13,3,1227,0.9764,0.0016,0.0004,0.0005
14,FakeGuadalupeV2,13,4,1636,0.9762,0.0021,0.0002,0.0005
14,FakeGuadalupeV2,13,5,2045,0.9746,0.003,0.0016,0.0009
14,FakeGuadalupeV2,13,6,2454,0.9747,0.0034,0.0002,0.0004
14,FakeGuadalupeV2,13,7,2863,0.9752,0.0039,0.0005,0.0005
14,FakeGuadalupeV2,13,8,3272,0.9743,0.0046,0.0009,0.0007
14,FakeGuadalupeV2,13,9,3681,0.9728,0.0057,0.0015,0.001
14,FakeGuadalupeV2,13,10,4096,0.9731,0.006,0.0003,0.0004
14,FakeGuadalupeV2,14,1,409,0.9804,0.0004,1.0,1.0
14,FakeGuadalupeV2,14,2,818,0.9792,0.0008,0.0012,0.0005
14,FakeGuadalupeV2,14,3,1227,0.978,0.0013,0.0012,0.0005
14,FakeGuadalupeV2,14,4,1636,0.9792,0.0016,0.0012,0.0003
14,FakeGuadalupeV2,14,5,2045,0.9804,0.0017,0.0012,0.0001
14,FakeGuadalupeV2,14,6,2454,0.9808,0.0021,0.0004,0.0003
14,FakeGuadalupeV2,14,7,2863,0.9797,0.0027,0.0011,0.0006
14,FakeGuadalupeV2,14,8,3272,0.9774,0.0037,0.0024,0.0011
14,FakeGuadalupeV2,14,9,3681,0.9764,0.0047,0.001,0.0009
14,FakeGuadalupeV2,14,10,4096,0.9758,0.0053,0.0005,0.0007
14,FakeGuadalupeV2,15,1,409,0.9682,0.001,1.0,1.0
14,FakeGuadalupeV2,15,2,818,0.978,0.001,0.0098,0.0
14,FakeGuadalupeV2,15,3,1227,0.978,0.0015,0.0,0.0005
14,FakeGuadalupeV2,15,4,1636,0.9719,0.003,0.0061,0.0016
14,FakeGuadalupeV2,15,5,2045,0.9711,0.0039,0.0007,0.0009
14,FakeGuadalupeV2,15,6,2454,0.9703,0.005,0.0009,0.0011
14,FakeGuadalupeV2,15,7,2863,0.9717,0.0051,0.0015,0.0001
14,FakeGuadalupeV2,15,8,3272,0.9731,0.0053,0.0014,0.0002
14,FakeGuadalupeV2,15,9,3681,0.9742,0.0054,0.0011,0.0001
14,FakeGuadalupeV2,15,10,4096,0.9753,0.0054,0.0012,0.0
14,FakeGuadalupeV2,16,1,409,0.978,0.0005,1.0,1.0
14,FakeGuadalupeV2,16,2,818,0.9768,0.001,0.0012,0.0005
14,FakeGuadalupeV2,16,3,1227,0.9731,0.0021,0.0037,0.0011
14,FakeGuadalupeV2,16,4,1636,0.9768,0.002,0.0037,0.0001
14,FakeGuadalupeV2,16,5,2045,0.9741,0.003,0.0027,0.001
14,FakeGuadalupeV2,16,6,2454,0.9764,0.003,0.0023,0.0
14,FakeGuadalupeV2,16,7,2863,0.9769,0.0034,0.0006,0.0004
14,FakeGuadalupeV2,16,8,3272,0.9774,0.0037,0.0004,0.0003
14,FakeGuadalupeV2,16,9,3681,0.9777,0.0039,0.0003,0.0003
14,FakeGuadalupeV2,16,10,4096,0.9785,0.004,0.0008,0.0001
14,FakeGuadalupeV2,17,1,409,0.9804,0.0004,1.0,1.0
14,FakeGuadalupeV2,17,2,818,0.9768,0.001,0.0037,0.0005
14,FakeGuadalupeV2,17,3,1227,0.9764,0.0015,0.0004,0.0006
14,FakeGuadalupeV2,17,4,1636,0.9756,0.0022,0.0008,0.0006
14,FakeGuadalupeV2,17,5,2045,0.977,0.0022,0.0015,0.0
14,FakeGuadalupeV2,17,6,2454,0.9768,0.0028,0.0002,0.0006
14,FakeGuadalupeV2,17,7,2863,0.9776,0.0029,0.0009,0.0002
14,FakeGuadalupeV2,17,8,3272,0.9765,0.0037,0.0012,0.0008
14,FakeGuadalupeV2,17,9,3681,0.9761,0.0044,0.0004,0.0006
14,FakeGuadalupeV2,17,10,4096,0.9768,0.0046,0.0007,0.0003
14,FakeGuadalupeV2,18,1,409,0.9756,0.0006,1.0,1.0
14,FakeGuadalupeV2,18,2,818,0.9792,0.0008,0.0037,0.0002
14,FakeGuadalupeV2,18,3,1227,0.9772,0.0014,0.002,0.0006
14,FakeGuadalupeV2,18,4,1636,0.9768,0.002,0.0004,0.0005
14,FakeGuadalupeV2,18,5,2045,0.9785,0.002,0.0017,0.0
14,FakeGuadalupeV2,18,6,2454,0.9764,0.0029,0.0021,0.001
14,FakeGuadalupeV2,18,7,2863,0.9769,0.0033,0.0006,0.0003
14,FakeGuadalupeV2,18,8,3272,0.9777,0.0035,0.0007,0.0003
14,FakeGuadalupeV2,18,9,3681,0.9785,0.0036,0.0008,0.0001
14,FakeGuadalupeV2,18,10,4096,0.9766,0.0049,0.002,0.0013
14,FakeGuadalupeV2,19,1,409,0.9756,0.0006,1.0,1.0
14,FakeGuadalupeV2,19,2,818,0.9756,0.0012,0.0,0.0006
14,FakeGuadalupeV2,19,3,1227,0.9731,0.002,0.0024,0.0008
14,FakeGuadalupeV2,19,4,1636,0.9719,0.0029,0.0012,0.0009
14,FakeGuadalupeV2,19,5,2045,0.9731,0.0033,0.0012,0.0004
14,FakeGuadalupeV2,19,6,2454,0.9756,0.0032,0.0024,0.0001
14,FakeGuadalupeV2,19,7,2863,0.9759,0.0037,0.0003,0.0005
14,FakeGuadalupeV2,19,8,3272,0.9759,0.0043,0.0,0.0005
14,FakeGuadalupeV2,19,9,3681,0.9758,0.0049,0.0,0.0006
14,FakeGuadalupeV2,19,10,4096,0.9756,0.0054,0.0002,0.0006
15,FakeGuadalupeV2,0,1,100,0.09,0.972,1.0,1.0
15,FakeGuadalupeV2,0,2,200,0.105,0.9347,0.015,0.0372
15,FakeGuadalupeV2,0,3,300,0.09,0.9316,0.015,0.0031
15,FakeGuadalupeV2,0,4,400,0.075,0.9379,0.015,0.0064
15,FakeGuadalupeV2,0,5,500,0.078,0.934,0.003,0.0039
15,FakeGuadalupeV2,0,6,600,0.0833,0.9278,0.0053,0.0062
15,FakeGuadalupeV2,0,7,700,0.09,0.9257,0.0067,0.0021
15,FakeGuadalupeV2,0,8,800,0.0925,0.9218,0.0025,0.0038
15,FakeGuadalupeV2,0,9,900,0.1011,0.9204,0.0086,0.0015
15,FakeGuadalupeV2,0,10,1000,0.102,0.9208,0.0009,0.0005
15,FakeGuadalupeV2,1,1,100,0.26,0.8539,1.0,1.0
15,FakeGuadalupeV2,1,2,200,0.195,0.878,0.065,0.0241
15,FakeGuadalupeV2,1,3,300,0.1567,0.8943,0.0383,0.0164
15,FakeGuadalupeV2,1,4,400,0.1475,0.8958,0.0092,0.0015
15,FakeGuadalupeV2,1,5,500,0.136,0.9042,0.0115,0.0083
15,FakeGuadalupeV2,1,6,600,0.14,0.9085,0.004,0.0043
15,FakeGuadalupeV2,1,7,700,0.1429,0.909,0.0029,0.0005
15,FakeGuadalupeV2,1,8,800,0.1438,0.909,0.0009,0.0001
15,FakeGuadalupeV2,1,9,900,0.1478,0.9097,0.004,0.0008
15,FakeGuadalupeV2,1,10,1000,0.144,0.9131,0.0038,0.0034
15,FakeGuadalupeV2,2,1,100,0.1,0.9704,1.0,1.0
15,FakeGuadalupeV2,2,2,200,0.07,0.9577,0.03,0.0127
15,FakeGuadalupeV2,2,3,300,0.0933,0.9487,0.0233,0.009
15,FakeGuadalupeV2,2,4,400,0.09,0.9455,0.0033,0.0032
15,FakeGuadalupeV2,2,5,500,0.1,0.9374,0.01,0.0081
15,FakeGuadalupeV2,2,6,600,0.1033,0.9391,0.0033,0.0017
15,FakeGuadalupeV2,2,7,700,0.1171,0.9364,0.0138,0.0027
15,FakeGuadalupeV2,2,8,800,0.115,0.9344,0.0021,0.002
15,FakeGuadalupeV2,2,9,900,0.1144,0.9353,0.0006,0.0009
15,FakeGuadalupeV2,2,10,1000,0.111,0.9369,0.0034,0.0016
15,FakeGuadalupeV2,3,1,100,0.16,0.8684,1.0,1.0
15,FakeGuadalupeV2,3,2,200,0.145,0.8755,0.015,0.0071
15,FakeGuadalupeV2,3,3,300,0.14,0.8883,0.005,0.0129
15,FakeGuadalupeV2,3,4,400,0.135,0.8902,0.005,0.0018
15,FakeGuadalupeV2,3,5,500,0.128,0.887,0.007,0.0032
15,FakeGuadalupeV2,3,6,600,0.1267,0.8994,0.0013,0.0124
15,FakeGuadalupeV2,3,7,700,0.1229,0.9034,0.0038,0.004
15,FakeGuadalupeV2,3,8,800,0.1138,0.907,0.0091,0.0037
15,FakeGuadalupeV2,3,9,900,0.1156,0.9071,0.0018,0.0001
15,FakeGuadalupeV2,3,10,1000,0.117,0.9062,0.0014,0.0009
15,FakeGuadalupeV2,4,1,100,0.09,0.9541,1.0,1.0
15,FakeGuadalupeV2,4,2,200,0.085,0.9513,0.005,0.0028
15,FakeGuadalupeV2,4,3,300,0.0733,0.9412,0.0117,0.01
15,FakeGuadalupeV2,4,4,400,0.105,0.9257,0.0317,0.0155
15,FakeGuadalupeV2,4,5,500,0.096,0.9307,0.009,0.0049
15,FakeGuadalupeV2,4,6,600,0.09,0.9336,0.006,0.003
15,FakeGuadalupeV2,4,7,700,0.0943,0.9339,0.0043,0.0002
15,FakeGuadalupeV2,4,8,800,0.095,0.9311,0.0007,0.0027
15,FakeGuadalupeV2,4,9,900,0.1056,0.9273,0.0106,0.0038
15,FakeGuadalupeV2,4,10,1000,0.115,0.9236,0.0094,0.0037
15,FakeGuadalupeV2,5,1,100,0.11,0.9416,1.0,1.0
15,FakeGuadalupeV2,5,2,200,0.125,0.9395,0.015,0.002
15,FakeGuadalupeV2,5,3,300,0.1233,0.9448,0.0017,0.0053
15,FakeGuadalupeV2,5,4,400,0.095,0.9446,0.0283,0.0002
15,FakeGuadalupeV2,5,5,500,0.086,0.9442,0.009,0.0004
15,FakeGuadalupeV2,5,6,600,0.0817,0.9358,0.0043,0.0083
15,FakeGuadalupeV2,5,7,700,0.0914,0.9296,0.0098,0.0062
15,FakeGuadalupeV2,5,8,800,0.0912,0.9305,0.0002,0.0008
15,FakeGuadalupeV2,5,9,900,0.0878,0.9324,0.0035,0.0019
15,FakeGuadalupeV2,5,10,1000,0.087,0.9326,0.0008,0.0002
15,FakeGuadalupeV2,6,1,100,0.12,0.9199,1.0,1.0
15,FakeGuadalupeV2,6,2,200,0.085,0.9192,0.035,0.0007
15,FakeGuadalupeV2,6,3,300,0.1167,0.9125,0.0317,0.0067
15,FakeGuadalupeV2,6,4,400,0.1275,0.9203,0.0108,0.0078
15,FakeGuadalupeV2,6,5,500,0.12,0.9185,0.0075,0.0019
15,FakeGuadalupeV2,6,6,600,0.11,0.9239,0.01,0.0055
15,FakeGuadalupeV2,6,7,700,0.1229,0.9178,0.0129,0.0061
15,FakeGuadalupeV2,6,8,800,0.1125,0.9148,0.0104,0.0031
15,FakeGuadalupeV2,6,9,900,0.1133,0.9151,0.0008,0.0003
15,FakeGuadalupeV2,6,10,1000,0.12,0.9142,0.0067,0.0009
15,FakeGuadalupeV2,7,1,100,0.08,0.9379,1.0,1.0
15,FakeGuadalupeV2,7,2,200,0.085,0.9168,0.005,0.0211
15,FakeGuadalupeV2,7,3,300,0.11,0.9229,0.025,0.0061
15,FakeGuadalupeV2,7,4,400,0.11,0.9237,0.0,0.0008
15,FakeGuadalupeV2,7,5,500,0.104,0.9267,0.006,0.003
15,FakeGuadalupeV2,7,6,600,0.1267,0.9127,0.0227,0.014
15,FakeGuadalupeV2,7,7,700,0.1171,0.9136,0.0095,0.0008
15,FakeGuadalupeV2,7,8,800,0.1175,0.9133,0.0004,0.0003
15,FakeGuadalupeV2,7,9,900,0.1211,0.9156,0.0036,0.0023
15,FakeGuadalupeV2,7,10,1000,0.122,0.9155,0.0009,0.0001
15,FakeGuadalupeV2,8,1,100,0.09,0.9358,1.0,1.0
15,FakeGuadalupeV2,8,2,200,0.06,0.9395,0.03,0.0037
15,FakeGuadalupeV2,8,3,300,0.08,0.9414,0.02,0.0019
15,FakeGuadalupeV2,8,4,400,0.1,0.9379,0.02,0.0035
15,FakeGuadalupeV2,8,5,500,0.114,0.9315,0.014,0.0064
15,FakeGuadalupeV2,8,6,600,0.1083,0.9323,0.0057,0.0008
15,FakeGuadalupeV2,8,7,700,0.1057,0.9324,0.0026,0.0001
15,FakeGuadalupeV2,8,8,800,0.105,0.9349,0.0007,0.0026
15,FakeGuadalupeV2,8,9,900,0.0978,0.9388,0.0072,0.0039
15,FakeGuadalupeV2,8,10,1000,0.098,0.9388,0.0002,0.0001
15,FakeGuadalupeV2,9,1,100,0.11,0.9389,1.0,1.0
15,FakeGuadalupeV2,9,2,200,0.14,0.9316,0.03,0.0073
15,FakeGuadalupeV2,9,3,300,0.14,0.9246,0.0,0.007
15,FakeGuadalupeV2,9,4,400,0.1225,0.9303,0.0175,0.0057
15,FakeGuadalupeV2,9,5,500,0.116,0.9312,0.0065,0.0008
15,FakeGuadalupeV2,9,6,600,0.1167,0.931,0.0007,0.0002
15,FakeGuadalupeV2,9,7,700,0.1071,0.9293,0.0095,0.0017
15,FakeGuadalupeV2,9,8,800,0.1013,0.9316,0.0059,0.0023
15,FakeGuadalupeV2,9,9,900,0.1133,0.9304,0.0121,0.0012
15,FakeGuadalupeV2,9,10,1000,0.108,0.9301,0.0053,0.0003
15,FakeGuadalupeV2,10,1,100,0.14,0.9004,1.0,1.0
15,FakeGuadalupeV2,10,2,200,0.085,0.9181,0.055,0.0177
15,FakeGuadalupeV2,10,3,300,0.1033,0.9012,0.0183,0.0169
15,FakeGuadalupeV2,10,4,400,0.1025,0.8997,0.0008,0.0016
15,FakeGuadalupeV2,10,5,500,0.1,0.9048,0.0025,0.0051
15,FakeGuadalupeV2,10,6,600,0.1067,0.9073,0.0067,0.0026
15,FakeGuadalupeV2,10,7,700,0.1043,0.9151,0.0024,0.0078
15,FakeGuadalupeV2,10,8,800,0.1138,0.9143,0.0095,0.0008
15,FakeGuadalupeV2,10,9,900,0.1211,0.9096,0.0074,0.0047
15,FakeGuadalupeV2,10,10,1000,0.115,0.9156,0.0061,0.006
15,FakeGuadalupeV2,11,1,100,0.1,0.9341,1.0,1.0
15,FakeGuadalupeV2,11,2,200,0.115,0.9289,0.015,0.0052
15,FakeGuadalupeV2,11,3,300,0.1233,0.9306,0.0083,0.0018
15,FakeGuadalupeV2,11,4,400,0.1375,0.9134,0.0142,0.0172
15,FakeGuadalupeV2,11,5,500,0.13,0.9129,0.0075,0.0006
15,FakeGuadalupeV2,11,6,600,0.135,0.9134,0.005,0.0005
15,FakeGuadalupeV2,11,7,700,0.1114,0.9259,0.0236,0.0126
15,FakeGuadalupeV2,11,8,800,0.12,0.9274,0.0086,0.0015
15,FakeGuadalupeV2,11,9,900,0.1267,0.9243,0.0067,0.0032
15,FakeGuadalupeV2,11,10,1000,0.117,0.928,0.0097,0.0037
15,FakeGuadalupeV2,12,1,100,0.15,0.9085,1.0,1.0
15,FakeGuadalupeV2,12,2,200,0.135,0.8924,0.015,0.016
15,FakeGuadalupeV2,12,3,300,0.13,0.8936,0.005,0.0012
15,FakeGuadalupeV2,12,4,400,0.1175,0.9142,0.0125,0.0206
15,FakeGuadalupeV2,12,5,500,0.112,0.9181,0.0055,0.0039
15,FakeGuadalupeV2,12,6,600,0.11,0.924,0.002,0.0059
15,FakeGuadalupeV2,12,7,700,0.1086,0.9226,0.0014,0.0014
15,FakeGuadalupeV2,12,8,800,0.1,0.9295,0.0086,0.0069
15,FakeGuadalupeV2,12,9,900,0.0978,0.9328,0.0022,0.0033
15,FakeGuadalupeV2,12,10,1000,0.094,0.9322,0.0038,0.0006
15,FakeGuadalupeV2,13,1,100,0.15,0.9196,1.0,1.0
15,FakeGuadalupeV2,13,2,200,0.115,0.9223,0.035,0.0027
15,FakeGuadalupeV2,13,3,300,0.0933,0.9319,0.0217,0.0096
15,FakeGuadalupeV2,13,4,400,0.08,0.9347,0.0133,0.0028
15,FakeGuadalupeV2,13,5,500,0.104,0.9283,0.024,0.0063
15,FakeGuadalupeV2,13,6,600,0.1017,0.9268,0.0023,0.0015
15,FakeGuadalupeV2,13,7,700,0.1043,0.9183,0.0026,0.0085
15,FakeGuadalupeV2,13,8,800,0.1012,0.9183,0.003,0.0001
15,FakeGuadalupeV2,13,9,900,0.0922,0.9166,0.009,0.0017
15,FakeGuadalupeV2,13,10,1000,0.095,0.9174,0.0028,0.0008
15,FakeGuadalupeV2,14,1,100,0.19,0.8746,1.0,1.0
15,FakeGuadalupeV2,14,2,200,0.135,0.9148,0.055,0.0402
15,FakeGuadalupeV2,14,3,300,0.1433,0.9216,0.0083,0.0068
15,FakeGuadalupeV2,14,4,400,0.1425,0.9253,0.0008,0.0037
15,FakeGuadalupeV2,14,5,500,0.12,0.934,0.0225,0.0087
15,FakeGuadalupeV2,14,6,600,0.1217,0.9332,0.0017,0.0007
15,FakeGuadalupeV2,14,7,700,0.1186,0.929,0.0031,0.0043
15,FakeGuadalupeV2,14,8,800,0.1112,0.9328,0.0073,0.0038
15,FakeGuadalupeV2,14,9,900,0.1156,0.932,0.0043,0.0008
15,FakeGuadalupeV2,14,10,1000,0.108,0.9354,0.0076,0.0035
15,FakeGuadalupeV2,15,1,100,0.08,0.9651,1.0,1.0
15,FakeGuadalupeV2,15,2,200,0.145,0.9396,0.065,0.0255
15,FakeGuadalupeV2,15,3,300,0.1033,0.9374,0.0417,0.0022
15,FakeGuadalupeV2,15,4,400,0.0875,0.932,0.0158,0.0054
15,FakeGuadalupeV2,15,5,500,0.086,0.9255,0.0015,0.0065
15,FakeGuadalupeV2,15,6,600,0.09,0.9239,0.004,0.0016
15,FakeGuadalupeV2,15,7,700,0.09,0.9308,0.0,0.0069
15,FakeGuadalupeV2,15,8,800,0.0925,0.932,0.0025,0.0012
15,FakeGuadalupeV2,15,9,900,0.09,0.9353,0.0025,0.0033
15,FakeGuadalupeV2,15,10,1000,0.094,0.9318,0.004,0.0034
15,FakeGuadalupeV2,16,1,100,0.09,0.9094,1.0,1.0
15,FakeGuadalupeV2,16,2,200,0.09,0.923,0.0,0.0136
15,FakeGuadalupeV2,16,3,300,0.0833,0.9279,0.0067,0.0049
15,FakeGuadalupeV2,16,4,400,0.0725,0.9265,0.0108,0.0014
15,FakeGuadalupeV2,16,5,500,0.08,0.9194,0.0075,0.0072
15,FakeGuadalupeV2,16,6,600,0.0817,0.9176,0.0017,0.0018
15,FakeGuadalupeV2,16,7,700,0.0829,0.9204,0.0012,0.0029
15,FakeGuadalupeV2,16,8,800,0.0838,0.924,0.0009,0.0035
15,FakeGuadalupeV2,16,9,900,0.09,0.924,0.0062,0.0
15,FakeGuadalupeV2,16,10,1000,0.098,0.9227,0.008,0.0013
15,FakeGuadalupeV2,17,1,100,0.19,0.9212,1.0,1.0
15,FakeGuadalupeV2,17,2,200,0.165,0.8994,0.025,0.0218
15,FakeGuadalupeV2,17,3,300,0.1433,0.9076,0.0217,0.0082
15,FakeGuadalupeV2,17,4,400,0.17,0.8931,0.0267,0.0145
15,FakeGuadalupeV2,17,5,500,0.158,0.905,0.012,0.012
15,FakeGuadalupeV2,17,6,600,0.15,0.9121,0.008,0.007
15,FakeGuadalupeV2,17,7,700,0.1429,0.9137,0.0071,0.0016
15,FakeGuadalupeV2,17,8,800,0.1463,0.9092,0.0034,0.0045
15,FakeGuadalupeV2,17,9,900,0.1422,0.909,0.004,0.0002
15,FakeGuadalupeV2,17,10,1000,0.133,0.9107,0.0092,0.0017
15,FakeGuadalupeV2,18,1,100,0.12,0.9465,1.0,1.0
15,FakeGuadalupeV2,18,2,200,0.085,0.9556,0.035,0.0091
15,FakeGuadalupeV2,18,3,300,0.08,0.9503,0.005,0.0053
15,FakeGuadalupeV2,18,4,400,0.0825,0.9481,0.0025,0.0022
15,FakeGuadalupeV2,18,5,500,0.074,0.9482,0.0085,0.0001
15,FakeGuadalupeV2,18,6,600,0.085,0.9479,0.011,0.0003
15,FakeGuadalupeV2,18,7,700,0.0743,0.949,0.0107,0.0011
15,FakeGuadalupeV2,18,8,800,0.0775,0.9432,0.0032,0.0057
15,FakeGuadalupeV2,18,9,900,0.0778,0.9434,0.0003,0.0002
15,FakeGuadalupeV2,18,10,1000,0.076,0.9434,0.0018,0.0001
15,FakeGuadalupeV2,19,1,100,0.13,0.9169,1.0,1.0
15,FakeGuadalupeV2,19,2,200,0.1,0.9441,0.03,0.0271
15,FakeGuadalupeV2,19,3,300,0.0933,0.9358,0.0067,0.0083
15,FakeGuadalupeV2,19,4,400,0.08,0.9407,0.0133,0.0049
15,FakeGuadalupeV2,19,5,500,0.086,0.947,0.006,0.0063
15,FakeGuadalupeV2,19,6,600,0.0917,0.9402,0.0057,0.0068
15,FakeGuadalupeV2,19,7,700,0.1014,0.9386,0.0098,0.0016
15,FakeGuadalupeV2,19,8,800,0.0913,0.9439,0.0102,0.0053
15,FakeGuadalupeV2,19,9,900,0.0944,0.937,0.0032,0.0069
15,FakeGuadalupeV2,19,10,1000,0.098,0.9339,0.0036,0.0032
16,FakeGuadalupeV2,0,1,100,0.09,0.9878,1.0,1.0
16,FakeGuadalupeV2,0,2,200,0.105,0.979,0.015,0.0088
16,FakeGuadalupeV2,0,3,300,0.0867,0.987,0.0183,0.008
16,FakeGuadalupeV2,0,4,400,0.085,0.9924,0.0017,0.0054
16,FakeGuadalupeV2,0,5,500,0.068,0.9948,0.017,0.0024
16,FakeGuadalupeV2,0,6,600,0.0617,0.9956,0.0063,0.0008
16,FakeGuadalupeV2,0,7,700,0.07,0.9948,0.0083,0.0007
16,FakeGuadalupeV2,0,8,800,0.0713,0.9945,0.0013,0.0003
16,FakeGuadalupeV2,0,9,900,0.0767,0.9939,0.0054,0.0006
16,FakeGuadalupeV2,0,10,1000,0.069,0.9951,0.0077,0.0012
16,FakeGuadalupeV2,1,1,100,0.17,0.9589,1.0,1.0
16,FakeGuadalupeV2,1,2,200,0.125,0.9744,0.045,0.0154
16,FakeGuadalupeV2,1,3,300,0.0933,0.9858,0.0317,0.0114
16,FakeGuadalupeV2,1,4,400,0.075,0.9901,0.0183,0.0043
16,FakeGuadalupeV2,1,5,500,0.084,0.9893,0.009,0.0007
16,FakeGuadalupeV2,1,6,600,0.09,0.9878,0.006,0.0016
16,FakeGuadalupeV2,1,7,700,0.0957,0.9861,0.0057,0.0017
16,FakeGuadalupeV2,1,8,800,0.0975,0.9853,0.0018,0.0008
16,FakeGuadalupeV2,1,9,900,0.1067,0.9821,0.0092,0.0031
16,FakeGuadalupeV2,1,10,1000,0.103,0.9823,0.0037,0.0002
16,FakeGuadalupeV2,2,1,100,0.11,0.9863,1.0,1.0
16,FakeGuadalupeV2,2,2,200,0.06,0.9962,0.05,0.0099
16,FakeGuadalupeV2,2,3,300,0.08,0.9934,0.02,0.0028
16,FakeGuadalupeV2,2,4,400,0.0725,0.9941,0.0075,0.0007
16,FakeGuadalupeV2,2,5,500,0.078,0.9921,0.0055,0.002
16,FakeGuadalupeV2,2,6,600,0.0883,0.9902,0.0103,0.0019
16,FakeGuadalupeV2,2,7,700,0.09,0.9892,0.0017,0.001
16,FakeGuadalupeV2,2,8,800,0.0925,0.989,0.0025,0.0002
16,FakeGuadalupeV2,2,9,900,0.0978,0.9883,0.0053,0.0007
16,FakeGuadalupeV2,2,10,1000,0.093,0.9895,0.0048,0.0012
16,FakeGuadalupeV2,3,1,100,0.05,0.9969,1.0,1.0
16,FakeGuadalupeV2,3,2,200,0.045,0.9967,0.005,0.0002
16,FakeGuadalupeV2,3,3,300,0.0533,0.996,0.0083,0.0007
16,FakeGuadalupeV2,3,4,400,0.0525,0.9957,0.0008,0.0004
16,FakeGuadalupeV2,3,5,500,0.032,0.9983,0.0205,0.0026
16,FakeGuadalupeV2,3,6,600,0.0417,0.9974,0.0097,0.0009
16,FakeGuadalupeV2,3,7,700,0.0443,0.997,0.0026,0.0004
16,FakeGuadalupeV2,3,8,800,0.0375,0.9978,0.0068,0.0008
16,FakeGuadalupeV2,3,9,900,0.0489,0.997,0.0114,0.0007
16,FakeGuadalupeV2,3,10,1000,0.044,0.9973,0.0049,0.0003
16,FakeGuadalupeV2,4,1,100,0.11,0.9814,1.0,1.0
16,FakeGuadalupeV2,4,2,200,0.08,0.9904,0.03,0.009
16,FakeGuadalupeV2,4,3,300,0.0633,0.9928,0.0167,0.0023
16,FakeGuadalupeV2,4,4,400,0.07,0.9917,0.0067,0.0011
16,FakeGuadalupeV2,4,5,500,0.064,0.9937,0.006,0.002
16,FakeGuadalupeV2,4,6,600,0.065,0.9934,0.001,0.0003
16,FakeGuadalupeV2,4,7,700,0.0614,0.9936,0.0036,0.0002
16,FakeGuadalupeV2,4,8,800,0.0712,0.9931,0.0098,0.0006
16,FakeGuadalupeV2,4,9,900,0.0711,0.9917,0.0001,0.0013
16,FakeGuadalupeV2,4,10,1000,0.077,0.9908,0.0059,0.0009
16,FakeGuadalupeV2,5,1,100,0.08,0.9901,1.0,1.0
16,FakeGuadalupeV2,5,2,200,0.1,0.9895,0.02,0.0005
16,FakeGuadalupeV2,5,3,300,0.1,0.9886,0.0,0.0009
16,FakeGuadalupeV2,5,4,400,0.075,0.9937,0.025,0.0051
16,FakeGuadalupeV2,5,5,500,0.064,0.9955,0.011,0.0018
16,FakeGuadalupeV2,5,6,600,0.06,0.996,0.004,0.0006
16,FakeGuadalupeV2,5,7,700,0.0671,0.9953,0.0071,0.0007
16,FakeGuadalupeV2,5,8,800,0.0675,0.9952,0.0004,0.0001
16,FakeGuadalupeV2,5,9,900,0.0667,0.9951,0.0008,0.0001
16,FakeGuadalupeV2,5,10,1000,0.066,0.9948,0.0007,0.0003
16,FakeGuadalupeV2,6,1,100,0.09,0.9889,1.0,1.0
16,FakeGuadalupeV2,6,2,200,0.04,0.9983,0.05,0.0094
16,FakeGuadalupeV2,6,3,300,0.06,0.9948,0.02,0.0035
16,FakeGuadalupeV2,6,4,400,0.065,0.9941,0.005,0.0007
16,FakeGuadalupeV2,6,5,500,0.058,0.9953,0.007,0.0013
16,FakeGuadalupeV2,6,6,600,0.0567,0.9954,0.0013,0.0001
16,FakeGuadalupeV2,6,7,700,0.0614,0.9946,0.0048,0.0009
16,FakeGuadalupeV2,6,8,800,0.0475,0.9966,0.0139,0.002
16,FakeGuadalupeV2,6,9,900,0.0467,0.9969,0.0008,0.0004
16,FakeGuadalupeV2,6,10,1000,0.051,0.9965,0.0043,0.0005
16,FakeGuadalupeV2,7,1,100,0.03,0.9989,1.0,1.0
16,FakeGuadalupeV2,7,2,200,0.04,0.9979,0.01,0.001
16,FakeGuadalupeV2,7,3,300,0.07,0.9938,0.03,0.0041
16,FakeGuadalupeV2,7,4,400,0.065,0.9955,0.005,0.0017
16,FakeGuadalupeV2,7,5,500,0.052,0.9972,0.013,0.0017
16,FakeGuadalupeV2,7,6,600,0.0667,0.995,0.0147,0.0021
16,FakeGuadalupeV2,7,7,700,0.06,0.9954,0.0067,0.0004
16,FakeGuadalupeV2,7,8,800,0.0587,0.9957,0.0013,0.0003
16,FakeGuadalupeV2,7,9,900,0.06,0.995,0.0012,0.0007
16,FakeGuadalupeV2,7,10,1000,0.064,0.9944,0.004,0.0005
16,FakeGuadalupeV2,8,1,100,0.04,0.9982,1.0,1.0
16,FakeGuadalupeV2,8,2,200,0.025,0.9993,0.015,0.0011
16,FakeGuadalupeV2,8,3,300,0.0367,0.9977,0.0117,0.0016
16,FakeGuadalupeV2,8,4,400,0.0575,0.995,0.0208,0.0027
16,FakeGuadalupeV2,8,5,500,0.062,0.9942,0.0045,0.0008
16,FakeGuadalupeV2,8,6,600,0.0567,0.9946,0.0053,0.0004
16,FakeGuadalupeV2,8,7,700,0.0571,0.995,0.0005,0.0004
16,FakeGuadalupeV2,8,8,800,0.06,0.9946,0.0029,0.0004
16,FakeGuadalupeV2,8,9,900,0.0533,0.9955,0.0067,0.0009
16,FakeGuadalupeV2,8,10,1000,0.05,0.9961,0.0033,0.0006
16,FakeGuadalupeV2,9,1,100,0.12,0.9782,1.0,1.0
16,FakeGuadalupeV2,9,2,200,0.14,0.9799,0.02,0.0017
16,FakeGuadalupeV2,9,3,300,0.1367,0.9797,0.0033,0.0001
16,FakeGuadalupeV2,9,4,400,0.105,0.9853,0.0317,0.0056
16,FakeGuadalupeV2,9,5,500,0.088,0.9882,0.017,0.0029
16,FakeGuadalupeV2,9,6,600,0.0883,0.9888,0.0003,0.0006
16,FakeGuadalupeV2,9,7,700,0.0929,0.9874,0.0045,0.0014
16,FakeGuadalupeV2,9,8,800,0.085,0.989,0.0079,0.0016
16,FakeGuadalupeV2,9,9,900,0.0867,0.9885,0.0017,0.0005
16,FakeGuadalupeV2,9,10,1000,0.087,0.9885,0.0003,0.0
16,FakeGuadalupeV2,10,1,100,0.09,0.9899,1.0,1.0
16,FakeGuadalupeV2,10,2,200,0.06,0.9962,0.03,0.0063
16,FakeGuadalupeV2,10,3,300,0.0633,0.9959,0.0033,0.0003
16,FakeGuadalupeV2,10,4,400,0.0675,0.9945,0.0042,0.0014
16,FakeGuadalupeV2,10,5,500,0.068,0.9935,0.0005,0.0009
16,FakeGuadalupeV2,10,6,600,0.0767,0.9919,0.0087,0.0016
16,FakeGuadalupeV2,10,7,700,0.0771,0.992,0.0005,0.0001
16,FakeGuadalupeV2,10,8,800,0.08,0.9908,0.0029,0.0012
16,FakeGuadalupeV2,10,9,900,0.0844,0.9896,0.0044,0.0012
16,FakeGuadalupeV2,10,10,1000,0.085,0.9897,0.0006,0.0001
16,FakeGuadalupeV2,11,1,100,0.03,0.9986,1.0,1.0
16,FakeGuadalupeV2,11,2,200,0.05,0.9959,0.02,0.0028
16,FakeGuadalupeV2,11,3,300,0.0533,0.9953,0.0033,0.0006
16,FakeGuadalupeV2,11,4,400,0.05,0.9961,0.0033,0.0008
16,FakeGuadalupeV2,11,5,500,0.06,0.9956,0.01,0.0005
16,FakeGuadalupeV2,11,6,600,0.0567,0.9948,0.0033,0.0008
16,FakeGuadalupeV2,11,7,700,0.0571,0.9962,0.0005,0.0014
16,FakeGuadalupeV2,11,8,800,0.0588,0.9945,0.0016,0.0017
16,FakeGuadalupeV2,11,9,900,0.0667,0.9935,0.0079,0.001
16,FakeGuadalupeV2,11,10,1000,0.055,0.9953,0.0117,0.0018
16,FakeGuadalupeV2,12,1,100,0.08,0.9914,1.0,1.0
16,FakeGuadalupeV2,12,2,200,0.07,0.9923,0.01,0.001
16,FakeGuadalupeV2,12,3,300,0.06,0.9948,0.01,0.0024
16,FakeGuadalupeV2,12,4,400,0.055,0.9954,0.005,0.0006
16,FakeGuadalupeV2,12,5,500,0.066,0.9947,0.011,0.0007
16,FakeGuadalupeV2,12,6,600,0.08,0.9928,0.014,0.0018
16,FakeGuadalupeV2,12,7,700,0.0814,0.9925,0.0014,0.0004
16,FakeGuadalupeV2,12,8,800,0.0788,0.9928,0.0027,0.0004
16,FakeGuadalupeV2,12,9,900,0.0733,0.9939,0.0054,0.0011
16,FakeGuadalupeV2,12,10,1000,0.068,0.9943,0.0053,0.0004
16,FakeGuadalupeV2,13,1,100,0.13,0.9691,1.0,1.0
16,FakeGuadalupeV2,13,2,200,0.095,0.9855,0.035,0.0164
16,FakeGuadalupeV2,13,3,300,0.07,0.992,0.025,0.0065
16,FakeGuadalupeV2,13,4,400,0.06,0.9945,0.01,0.0025
16,FakeGuadalupeV2,13,5,500,0.074,0.9929,0.014,0.0016
16,FakeGuadalupeV2,13,6,600,0.07,0.9942,0.004,0.0013
16,FakeGuadalupeV2,13,7,700,0.0686,0.9948,0.0014,0.0007
16,FakeGuadalupeV2,13,8,800,0.0625,0.9957,0.0061,0.0009
16,FakeGuadalupeV2,13,9,900,0.0544,0.9957,0.0081,0.0
16,FakeGuadalupeV2,13,10,1000,0.056,0.9959,0.0016,0.0003
16,FakeGuadalupeV2,14,1,100,0.09,0.9889,1.0,1.0
16,FakeGuadalupeV2,14,2,200,0.115,0.9792,0.025,0.0097
16,FakeGuadalupeV2,14,3,300,0.1267,0.9783,0.0117,0.001
16,FakeGuadalupeV2,14,4,400,0.125,0.9818,0.0017,0.0035
16,FakeGuadalupeV2,14,5,500,0.106,0.9863,0.019,0.0045
16,FakeGuadalupeV2,14,6,600,0.0967,0.9863,0.0093,0.0
16,FakeGuadalupeV2,14,7,700,0.0886,0.9888,0.0081,0.0025
16,FakeGuadalupeV2,14,8,800,0.08,0.9896,0.0086,0.0008
16,FakeGuadalupeV2,14,9,900,0.0811,0.9888,0.0011,0.0009
16,FakeGuadalupeV2,14,10,1000,0.082,0.9885,0.0009,0.0003
16,FakeGuadalupeV2,15,1,100,0.04,0.9976,1.0,1.0
16,FakeGuadalupeV2,15,2,200,0.11,0.9858,0.07,0.0119
16,FakeGuadalupeV2,15,3,300,0.0667,0.9946,0.0433,0.0089
16,FakeGuadalupeV2,15,4,400,0.0475,0.9971,0.0192,0.0024
16,FakeGuadalupeV2,15,5,500,0.04,0.998,0.0075,0.001
16,FakeGuadalupeV2,15,6,600,0.0483,0.997,0.0083,0.001
16,FakeGuadalupeV2,15,7,700,0.0514,0.9961,0.0031,0.0008
16,FakeGuadalupeV2,15,8,800,0.055,0.9955,0.0036,0.0006
16,FakeGuadalupeV2,15,9,900,0.06,0.9946,0.005,0.001
16,FakeGuadalupeV2,15,10,1000,0.061,0.9956,0.001,0.001
16,FakeGuadalupeV2,16,1,100,0.04,0.998,1.0,1.0
16,FakeGuadalupeV2,16,2,200,0.025,0.999,0.015,0.001
16,FakeGuadalupeV2,16,3,300,0.04,0.9983,0.015,0.0007
16,FakeGuadalupeV2,16,4,400,0.0275,0.9989,0.0125,0.0006
16,FakeGuadalupeV2,16,5,500,0.022,0.9993,0.0055,0.0004
16,FakeGuadalupeV2,16,6,600,0.0267,0.999,0.0047,0.0003
16,FakeGuadalupeV2,16,7,700,0.0257,0.9988,0.001,0.0003
16,FakeGuadalupeV2,16,8,800,0.0312,0.9986,0.0055,0.0001
16,FakeGuadalupeV2,16,9,900,0.0333,0.9982,0.0021,0.0004
16,FakeGuadalupeV2,16,10,1000,0.04,0.9976,0.0067,0.0006
16,FakeGuadalupeV2,17,1,100,0.15,0.9746,1.0,1.0
16,FakeGuadalupeV2,17,2,200,0.125,0.9795,0.025,0.0048
16,FakeGuadalupeV2,17,3,300,0.1067,0.9828,0.0183,0.0034
16,FakeGuadalupeV2,17,4,400,0.115,0.9819,0.0083,0.0009
16,FakeGuadalupeV2,17,5,500,0.116,0.9841,0.001,0.0022
16,FakeGuadalupeV2,17,6,600,0.1067,0.9871,0.0093,0.003
16,FakeGuadalupeV2,17,7,700,0.0986,0.9892,0.0081,0.0021
16,FakeGuadalupeV2,17,8,800,0.0975,0.9898,0.0011,0.0006
16,FakeGuadalupeV2,17,9,900,0.0889,0.9914,0.0086,0.0016
16,FakeGuadalupeV2,17,10,1000,0.08,0.9924,0.0089,0.001
16,FakeGuadalupeV2,18,1,100,0.1,0.9853,1.0,1.0
16,FakeGuadalupeV2,18,2,200,0.05,0.9969,0.05,0.0116
16,FakeGuadalupeV2,18,3,300,0.05,0.9964,0.0,0.0005
16,FakeGuadalupeV2,18,4,400,0.0475,0.9969,0.0025,0.0005
16,FakeGuadalupeV2,18,5,500,0.046,0.9971,0.0015,0.0001
16,FakeGuadalupeV2,18,6,600,0.055,0.996,0.009,0.001
16,FakeGuadalupeV2,18,7,700,0.0471,0.9971,0.0079,0.001
16,FakeGuadalupeV2,18,8,800,0.045,0.9972,0.0021,0.0001
16,FakeGuadalupeV2,18,9,900,0.0467,0.9969,0.0017,0.0003
16,FakeGuadalupeV2,18,10,1000,0.049,0.9966,0.0023,0.0003
16,FakeGuadalupeV2,19,1,100,0.09,0.9889,1.0,1.0
16,FakeGuadalupeV2,19,2,200,0.085,0.9907,0.005,0.0018
16,FakeGuadalupeV2,19,3,300,0.0667,0.995,0.0183,0.0043
16,FakeGuadalupeV2,19,4,400,0.0575,0.996,0.0092,0.001
16,FakeGuadalupeV2,19,5,500,0.066,0.9955,0.0085,0.0006
16,FakeGuadalupeV2,19,6,600,0.07,0.9948,0.004,0.0006
16,FakeGuadalupeV2,19,7,700,0.0786,0.9936,0.0086,0.0012
16,FakeGuadalupeV2,19,8,800,0.0725,0.9944,0.0061,0.0008
16,FakeGuadalupeV2,19,9,900,0.0689,0.9947,0.0036,0.0003
16,FakeGuadalupeV2,19,10,1000,0.07,0.9946,0.0011,0.0001
17,FakeGuadalupeV2,0,1,102,0.0686,0.9853,1.0,1.0
17,FakeGuadalupeV2,0,2,204,0.0784,0.966,0.0098,0.0193
17,FakeGuadalupeV2,0,3,306,0.0719,0.9546,0.0065,0.0114
17,FakeGuadalupeV2,0,4,408,0.0515,0.9625,0.0204,0.0079
17,FakeGuadalupeV2,0,5,510,0.0392,0.9624,0.0123,0.0001
17,FakeGuadalupeV2,0,6,612,0.0376,0.9667,0.0016,0.0044
17,FakeGuadalupeV2,0,7,714,0.0308,0.9688,0.0068,0.002
17,FakeGuadalupeV2,0,8,816,0.0343,0.9653,0.0035,0.0035
17,FakeGuadalupeV2,0,9,918,0.0349,0.966,0.0005,0.0007
17,FakeGuadalupeV2,0,10,1024,0.0342,0.9657,0.0007,0.0003
17,FakeGuadalupeV2,1,1,102,0.1275,0.9541,1.0,1.0
17,FakeGuadalupeV2,1,2,204,0.1176,0.9589,0.0098,0.0048
17,FakeGuadalupeV2,1,3,306,0.1078,0.955,0.0098,0.0039
17,FakeGuadalupeV2,1,4,408,0.1103,0.9579,0.0025,0.0029
17,FakeGuadalupeV2,1,5,510,0.102,0.9601,0.0083,0.0023
17,FakeGuadalupeV2,1,6,612,0.1046,0.9594,0.0026,0.0007
17,FakeGuadalupeV2,1,7,714,0.105,0.9571,0.0005,0.0023
17,FakeGuadalupeV2,1,8,816,0.1078,0.9563,0.0028,0.0008
17,FakeGuadalupeV2,1,9,918,0.1198,0.9536,0.012,0.0026
17,FakeGuadalupeV2,1,10,1024,0.1205,0.951,0.0007,0.0027
17,FakeGuadalupeV2,2,1,102,0.1569,0.9395,1.0,1.0
17,FakeGuadalupeV2,2,2,204,0.1127,0.9476,0.0441,0.0081
17,FakeGuadalupeV2,2,3,306,0.134,0.9411,0.0212,0.0065
17,FakeGuadalupeV2,2,4,408,0.1446,0.9336,0.0106,0.0075
17,FakeGuadalupeV2,2,5,510,0.1529,0.9294,0.0083,0.0042
17,FakeGuadalupeV2,2,6,612,0.1634,0.9288,0.0105,0.0006
17,FakeGuadalupeV2,2,7,714,0.1695,0.9279,0.0061,0.0009
17,FakeGuadalupeV2,2,8,816,0.1752,0.9272,0.0058,0.0007
17,FakeGuadalupeV2,2,9,918,0.1765,0.9279,0.0012,0.0007
17,FakeGuadalupeV2,2,10,1024,0.1676,0.9328,0.0088,0.0049
17,FakeGuadalupeV2,3,1,102,0.1078,0.9504,1.0,1.0
17,FakeGuadalupeV2,3,2,204,0.0784,0.9657,0.0294,0.0153
17,FakeGuadalupeV2,3,3,306,0.0752,0.9697,0.0033,0.004
17,FakeGuadalupeV2,3,4,408,0.0588,0.9686,0.0163,0.0011
17,FakeGuadalupeV2,3,5,510,0.0471,0.9695,0.0118,0.0009
17,FakeGuadalupeV2,3,6,612,0.0588,0.9685,0.0118,0.001
17,FakeGuadalupeV2,3,7,714,0.0532,0.9691,0.0056,0.0006
17,FakeGuadalupeV2,3,8,816,0.0539,0.9679,0.0007,0.0012
17,FakeGuadalupeV2,3,9,918,0.0566,0.9592,0.0027,0.0087
17,FakeGuadalupeV2,3,10,1024,0.0626,0.9589,0.0059,0.0003
17,FakeGuadalupeV2,4,1,102,0.098,0.9446,1.0,1.0
17,FakeGuadalupeV2,4,2,204,0.0882,0.9549,0.0098,0.0102
17,FakeGuadalupeV2,4,3,306,0.0719,0.9481,0.0163,0.0067
17,FakeGuadalupeV2,4,4,408,0.0613,0.959,0.0106,0.0109
17,FakeGuadalupeV2,4,5,510,0.0588,0.9545,0.0025,0.0045
17,FakeGuadalupeV2,4,6,612,0.0654,0.9553,0.0065,0.0009
17,FakeGuadalupeV2,4,7,714,0.0616,0.9576,0.0037,0.0022
17,FakeGuadalupeV2,4,8,816,0.0662,0.9559,0.0046,0.0017
17,FakeGuadalupeV2,4,9,918,0.0664,0.9582,0.0003,0.0023
17,FakeGuadalupeV2,4,10,1024,0.0754,0.9554,0.0089,0.0028
17,FakeGuadalupeV2,5,1,102,0.098,0.9534,1.0,1.0
17,FakeGuadalupeV2,5,2,204,0.0784,0.9573,0.0196,0.0039
17,FakeGuadalupeV2,5,3,306,0.0621,0.9635,0.0163,0.0062
17,FakeGuadalupeV2,5,4,408,0.0662,0.9559,0.0041,0.0076
17,FakeGuadalupeV2,5,5,510,0.0529,0.956,0.0132,0.0001
17,FakeGuadalupeV2,5,6,612,0.0572,0.9566,0.0042,0.0006
17,FakeGuadalupeV2,5,7,714,0.0434,0.9605,0.0138,0.0039
17,FakeGuadalupeV2,5,8,816,0.0515,0.9589,0.0081,0.0016
17,FakeGuadalupeV2,5,9,918,0.0534,0.9598,0.0019,0.0008
17,FakeGuadalupeV2,5,10,1024,0.0617,0.96,0.0083,0.0002
17,FakeGuadalupeV2,6,1,102,0.1471,0.9226,1.0,1.0
17,FakeGuadalupeV2,6,2,204,0.201,0.9054,0.0539,0.0172
17,FakeGuadalupeV2,6,3,306,0.1569,0.9234,0.0441,0.018
17,FakeGuadalupeV2,6,4,408,0.1373,0.9394,0.0196,0.016
17,FakeGuadalupeV2,6,5,510,0.1353,0.9384,0.002,0.001
17,FakeGuadalupeV2,6,6,612,0.1275,0.9405,0.0078,0.0021
17,FakeGuadalupeV2,6,7,714,0.1078,0.9468,0.0196,0.0064
17,FakeGuadalupeV2,6,8,816,0.1201,0.944,0.0123,0.0028
17,FakeGuadalupeV2,6,9,918,0.1209,0.9451,0.0008,0.0011
17,FakeGuadalupeV2,6,10,1024,0.1157,0.9463,0.0052,0.0012
17,FakeGuadalupeV2,7,1,102,0.1078,0.9588,1.0,1.0
17,FakeGuadalupeV2,7,2,204,0.1176,0.9445,0.0098,0.0143
17,FakeGuadalupeV2,7,3,306,0.1275,0.9544,0.0098,0.0099
17,FakeGuadalupeV2,7,4,408,0.1054,0.9636,0.0221,0.0092
17,FakeGuadalupeV2,7,5,510,0.1059,0.9607,0.0005,0.003
17,FakeGuadalupeV2,7,6,612,0.116,0.9431,0.0101,0.0175
17,FakeGuadalupeV2,7,7,714,0.112,0.9452,0.004,0.0021
17,FakeGuadalupeV2,7,8,816,0.1029,0.9465,0.0091,0.0013
17,FakeGuadalupeV2,7,9,918,0.0937,0.9518,0.0093,0.0053
17,FakeGuadalupeV2,7,10,1024,0.0969,0.9498,0.0032,0.0021
17,FakeGuadalupeV2,8,1,102,0.0686,0.9762,1.0,1.0
17,FakeGuadalupeV2,8,2,204,0.0686,0.9672,0.0,0.009
17,FakeGuadalupeV2,8,3,306,0.0621,0.9615,0.0065,0.0057
17,FakeGuadalupeV2,8,4,408,0.0637,0.9649,0.0016,0.0034
17,FakeGuadalupeV2,8,5,510,0.0686,0.9559,0.0049,0.009
17,FakeGuadalupeV2,8,6,612,0.0719,0.9527,0.0033,0.0032
17,FakeGuadalupeV2,8,7,714,0.056,0.9598,0.0159,0.0071
17,FakeGuadalupeV2,8,8,816,0.0551,0.9594,0.0009,0.0004
17,FakeGuadalupeV2,8,9,918,0.049,0.9627,0.0061,0.0033
17,FakeGuadalupeV2,8,10,1024,0.0499,0.9615,0.0009,0.0012
17,FakeGuadalupeV2,9,1,102,0.1275,0.9283,1.0,1.0
17,FakeGuadalupeV2,9,2,204,0.1078,0.9508,0.0196,0.0224
17,FakeGuadalupeV2,9,3,306,0.0915,0.9526,0.0163,0.0018
17,FakeGuadalupeV2,9,4,408,0.0931,0.9543,0.0016,0.0017
17,FakeGuadalupeV2,9,5,510,0.0824,0.9521,0.0108,0.0023
17,FakeGuadalupeV2,9,6,612,0.0964,0.9404,0.0141,0.0117
17,FakeGuadalupeV2,9,7,714,0.0924,0.9459,0.004,0.0055
17,FakeGuadalupeV2,9,8,816,0.0895,0.9489,0.003,0.003
17,FakeGuadalupeV2,9,9,918,0.0904,0.9523,0.001,0.0035
17,FakeGuadalupeV2,9,10,1024,0.092,0.9524,0.0016,0.0001
17,FakeGuadalupeV2,10,1,102,0.1765,0.9288,1.0,1.0
17,FakeGuadalupeV2,10,2,204,0.1275,0.9502,0.049,0.0214
17,FakeGuadalupeV2,10,3,306,0.1307,0.9483,0.0033,0.0019
17,FakeGuadalupeV2,10,4,408,0.1422,0.9485,0.0114,0.0003
17,FakeGuadalupeV2,10,5,510,0.1294,0.9491,0.0127,0.0006
17,FakeGuadalupeV2,10,6,612,0.1405,0.9376,0.0111,0.0115
17,FakeGuadalupeV2,10,7,714,0.1303,0.9405,0.0103,0.0029
17,FakeGuadalupeV2,10,8,816,0.1311,0.9401,0.0009,0.0005
17,FakeGuadalupeV2,10,9,918,0.1307,0.9426,0.0004,0.0026
17,FakeGuadalupeV2,10,10,1024,0.1283,0.9435,0.0024,0.0008
17,FakeGuadalupeV2,11,1,102,0.0392,0.9693,1.0,1.0
17,FakeGuadalupeV2,11,2,204,0.0686,0.9562,0.0294,0.0131
17,FakeGuadalupeV2,11,3,306,0.085,0.95,0.0163,0.0062
17,FakeGuadalupeV2,11,4,408,0.076,0.9531,0.009,0.0031
17,FakeGuadalupeV2,11,5,510,0.0824,0.9528,0.0064,0.0003
17,FakeGuadalupeV2,11,6,612,0.0784,0.9539,0.0039,0.0012
17,FakeGuadalupeV2,11,7,714,0.0868,0.9507,0.0084,0.0032
17,FakeGuadalupeV2,11,8,816,0.0833,0.9543,0.0035,0.0036
17,FakeGuadalupeV2,11,9,918,0.0839,0.9552,0.0005,0.0009
17,FakeGuadalupeV2,11,10,1024,0.0803,0.9567,0.0036,0.0014
17,FakeGuadalupeV2,12,1,102,0.1765,0.9446,1.0,1.0
17,FakeGuadalupeV2,12,2,204,0.1225,0.9633,0.0539,0.0187
17,FakeGuadalupeV2,12,3,306,0.1111,0.9661,0.0114,0.0028
17,FakeGuadalupeV2,12,4,408,0.1225,0.9551,0.0114,0.011
17,FakeGuadalupeV2,12,5,510,0.1294,0.9509,0.0069,0.0043
17,FakeGuadalupeV2,12,6,612,0.1275,0.949,0.002,0.0018
17,FakeGuadalupeV2,12,7,714,0.1303,0.951,0.0028,0.0019
17,FakeGuadalupeV2,12,8,816,0.1201,0.9547,0.0102,0.0038
17,FakeGuadalupeV2,12,9,918,0.1144,0.9558,0.0057,0.0011
17,FakeGuadalupeV2,12,10,1024,0.1126,0.9569,0.0017,0.0011
17,FakeGuadalupeV2,13,1,102,0.1373,0.9537,1.0,1.0
17,FakeGuadalupeV2,13,2,204,0.1127,0.9461,0.0245,0.0076
17,FakeGuadalupeV2,13,3,306,0.1046,0.9484,0.0082,0.0024
17,FakeGuadalupeV2,13,4,408,0.0931,0.9427,0.0114,0.0057
17,FakeGuadalupeV2,13,5,510,0.1078,0.9457,0.0147,0.003
17,FakeGuadalupeV2,13,6,612,0.1095,0.9466,0.0016,0.0009
17,FakeGuadalupeV2,13,7,714,0.1064,0.9478,0.003,0.0013
17,FakeGuadalupeV2,13,8,816,0.098,0.951,0.0084,0.0031
17,FakeGuadalupeV2,13,9,918,0.0904,0.9539,0.0076,0.0029
17,FakeGuadalupeV2,13,10,1024,0.0919,0.9539,0.0015,0.0001
17,FakeGuadalupeV2,14,1,102,0.1176,0.9234,1.0,1.0
17,FakeGuadalupeV2,14,2,204,0.1127,0.9257,0.0049,0.0023
17,FakeGuadalupeV2,14,3,306,0.098,0.9273,0.0147,0.0016
17,FakeGuadalupeV2,14,4,408,0.098,0.9337,0.0,0.0063
17,FakeGuadalupeV2,14,5,510,0.1176,0.9354,0.0196,0.0017
17,FakeGuadalupeV2,14,6,612,0.1225,0.9381,0.0049,0.0028
17,FakeGuadalupeV2,14,7,714,0.1204,0.939,0.0021,0.0009
17,FakeGuadalupeV2,14,8,816,0.1127,0.9465,0.0077,0.0074
17,FakeGuadalupeV2,14,9,918,0.11,0.9463,0.0027,0.0001
17,FakeGuadalupeV2,14,10,1024,0.1048,0.9489,0.0052,0.0025
17,FakeGuadalupeV2,15,1,102,0.1078,0.952,1.0,1.0
17,FakeGuadalupeV2,15,2,204,0.0882,0.959,0.0196,0.007
17,FakeGuadalupeV2,15,3,306,0.0588,0.9717,0.0294,0.0126
17,FakeGuadalupeV2,15,4,408,0.0441,0.9721,0.0147,0.0004
17,FakeGuadalupeV2,15,5,510,0.0471,0.9714,0.0029,0.0007
17,FakeGuadalupeV2,15,6,612,0.0523,0.9675,0.0052,0.0039
17,FakeGuadalupeV2,15,7,714,0.0574,0.9662,0.0051,0.0013
17,FakeGuadalupeV2,15,8,816,0.0564,0.9608,0.0011,0.0055
17,FakeGuadalupeV2,15,9,918,0.0664,0.9588,0.0101,0.002
17,FakeGuadalupeV2,15,10,1024,0.0587,0.9607,0.0078,0.0019
17,FakeGuadalupeV2,16,1,102,0.1078,0.9654,1.0,1.0
17,FakeGuadalupeV2,16,2,204,0.0784,0.9635,0.0294,0.0019
17,FakeGuadalupeV2,16,3,306,0.0784,0.9662,0.0,0.0027
17,FakeGuadalupeV2,16,4,408,0.098,0.9519,0.0196,0.0142
17,FakeGuadalupeV2,16,5,510,0.0804,0.956,0.0176,0.0041
17,FakeGuadalupeV2,16,6,612,0.0752,0.9579,0.0052,0.0019
17,FakeGuadalupeV2,16,7,714,0.063,0.9595,0.0121,0.0016
17,FakeGuadalupeV2,16,8,816,0.0699,0.9636,0.0068,0.004
17,FakeGuadalupeV2,16,9,918,0.0795,0.961,0.0097,0.0026
17,FakeGuadalupeV2,16,10,1024,0.0744,0.9636,0.0051,0.0026
17,FakeGuadalupeV2,17,1,102,0.1275,0.9537,1.0,1.0
17,FakeGuadalupeV2,17,2,204,0.1324,0.9528,0.0049,0.0008
17,FakeGuadalupeV2,17,3,306,0.1405,0.9564,0.0082,0.0035
17,FakeGuadalupeV2,17,4,408,0.1299,0.9568,0.0106,0.0004
17,FakeGuadalupeV2,17,5,510,0.1059,0.9649,0.024,0.0081
17,FakeGuadalupeV2,17,6,612,0.1095,0.9627,0.0036,0.0022
17,FakeGuadalupeV2,17,7,714,0.0966,0.9662,0.0128,0.0035
17,FakeGuadalupeV2,17,8,816,0.0919,0.9622,0.0047,0.0039
17,FakeGuadalupeV2,17,9,918,0.0948,0.9612,0.0029,0.001
17,FakeGuadalupeV2,17,10,1024,0.098,0.9586,0.0032,0.0026
17,FakeGuadalupeV2,18,1,102,0.2157,0.9135,1.0,1.0
17,FakeGuadalupeV2,18,2,204,0.1765,0.9259,0.0392,0.0124
17,FakeGuadalupeV2,18,3,306,0.1307,0.9295,0.0458,0.0037
17,FakeGuadalupeV2,18,4,408,0.1275,0.9384,0.0033,0.0089
17,FakeGuadalupeV2,18,5,510,0.1294,0.9414,0.002,0.003
17,FakeGuadalupeV2,18,6,612,0.116,0.9438,0.0134,0.0024
17,FakeGuadalupeV2,18,7,714,0.1218,0.9427,0.0058,0.0011
17,FakeGuadalupeV2,18,8,816,0.1225,0.9459,0.0007,0.0032
17,FakeGuadalupeV2,18,9,918,0.1264,0.9447,0.0038,0.0012
17,FakeGuadalupeV2,18,10,1024,0.1225,0.947,0.0039,0.0023
17,FakeGuadalupeV2,19,1,102,0.1373,0.9367,1.0,1.0
17,FakeGuadalupeV2,19,2,204,0.0833,0.946,0.0539,0.0094
17,FakeGuadalupeV2,19,3,306,0.0588,0.9577,0.0245,0.0117
17,FakeGuadalupeV2,19,4,408,0.0588,0.9569,0.0,0.0008
17,FakeGuadalupeV2,19,5,510,0.0627,0.9583,0.0039,0.0014
17,FakeGuadalupeV2,19,6,612,0.0605,0.9632,0.0023,0.0048
17,FakeGuadalupeV2,19,7,714,0.0658,0.9609,0.0054,0.0022
17,FakeGuadalupeV2,19,8,816,0.065,0.9576,0.0009,0.0033
17,FakeGuadalupeV2,19,9,918,0.0599,0.9582,0.005,0.0006
17,FakeGuadalupeV2,19,10,1024,0.0636,0.956,0.0036,0.0022
18,FakeGuadalupeV2,0,1,102,0.1275,0.9224,1.0,1.0
18,FakeGuadalupeV2,0,2,204,0.1422,0.8973,0.0147,0.0251
18,FakeGuadalupeV2,0,3,306,0.1209,0.9177,0.0212,0.0204
18,FakeGuadalupeV2,0,4,408,0.0833,0.9267,0.0376,0.009
18,FakeGuadalupeV2,0,5,510,0.0745,0.9298,0.0088,0.0031
18,FakeGuadalupeV2,0,6,612,0.0784,0.9357,0.0039,0.0059
18,FakeGuadalupeV2,0,7,714,0.0714,0.9381,0.007,0.0024
18,FakeGuadalupeV2,0,8,816,0.065,0.9376,0.0065,0.0005
18,FakeGuadalupeV2,0,9,918,0.0643,0.94,0.0007,0.0024
18,FakeGuadalupeV2,0,10,1024,0.0586,0.9406,0.0057,0.0006
18,FakeGuadalupeV2,1,1,102,0.049,0.9508,1.0,1.0
18,FakeGuadalupeV2,1,2,204,0.0588,0.9412,0.0098,0.0096
18,FakeGuadalupeV2,1,3,306,0.0654,0.9345,0.0065,0.0067
18,FakeGuadalupeV2,1,4,408,0.0662,0.9338,0.0008,0.0007
18,FakeGuadalupeV2,1,5,510,0.0647,0.9351,0.0015,0.0013
18,FakeGuadalupeV2,1,6,612,0.0637,0.936,0.001,0.0009
18,FakeGuadalupeV2,1,7,714,0.063,0.9366,0.0007,0.0007
18,FakeGuadalupeV2,1,8,816,0.0613,0.9384,0.0018,0.0018
18,FakeGuadalupeV2,1,9,918,0.061,0.939,0.0003,0.0006
18,FakeGuadalupeV2,1,10,1024,0.0645,0.9355,0.0035,0.0034
18,FakeGuadalupeV2,2,1,102,0.098,0.9181,1.0,1.0
18,FakeGuadalupeV2,2,2,204,0.152,0.9039,0.0539,0.0142
18,FakeGuadalupeV2,2,3,306,0.1176,0.9093,0.0343,0.0053
18,FakeGuadalupeV2,2,4,408,0.1103,0.9232,0.0074,0.014
18,FakeGuadalupeV2,2,5,510,0.1039,0.9228,0.0064,0.0004
18,FakeGuadalupeV2,2,6,612,0.0931,0.9233,0.0108,0.0005
18,FakeGuadalupeV2,2,7,714,0.0854,0.9248,0.0077,0.0015
18,FakeGuadalupeV2,2,8,816,0.0772,0.9284,0.0082,0.0036
18,FakeGuadalupeV2,2,9,918,0.0763,0.9286,0.001,0.0002
18,FakeGuadalupeV2,2,10,1024,0.0812,0.9285,0.0049,0.0001
18,FakeGuadalupeV2,3,1,102,0.0588,0.9403,1.0,1.0
18,FakeGuadalupeV2,3,2,204,0.0637,0.9447,0.0049,0.0044
18,FakeGuadalupeV2,3,3,306,0.0556,0.9438,0.0082,0.0009
18,FakeGuadalupeV2,3,4,408,0.0662,0.9336,0.0106,0.0102
18,FakeGuadalupeV2,3,5,510,0.0686,0.9313,0.0025,0.0023
18,FakeGuadalupeV2,3,6,612,0.0637,0.9362,0.0049,0.0049
18,FakeGuadalupeV2,3,7,714,0.0672,0.9324,0.0035,0.0038
18,FakeGuadalupeV2,3,8,816,0.065,0.9348,0.0023,0.0024
18,FakeGuadalupeV2,3,9,918,0.0708,0.9292,0.0059,0.0056
18,FakeGuadalupeV2,3,10,1024,0.0703,0.9297,0.0005,0.0005
18,FakeGuadalupeV2,4,1,102,0.098,0.9276,1.0,1.0
18,FakeGuadalupeV2,4,2,204,0.0833,0.9292,0.0147,0.0016
18,FakeGuadalupeV2,4,3,306,0.0784,0.9208,0.0049,0.0085
18,FakeGuadalupeV2,4,4,408,0.0735,0.9277,0.0049,0.007
18,FakeGuadalupeV2,4,5,510,0.0725,0.9273,0.001,0.0004
18,FakeGuadalupeV2,4,6,612,0.0817,0.9173,0.0092,0.01
18,FakeGuadalupeV2,4,7,714,0.0812,0.9177,0.0005,0.0004
18,FakeGuadalupeV2,4,8,816,0.0772,0.9221,0.004,0.0043
18,FakeGuadalupeV2,4,9,918,0.0806,0.9201,0.0034,0.0019
18,FakeGuadalupeV2,4,10,1024,0.0843,0.9248,0.0036,0.0046
18,FakeGuadalupeV2,5,1,102,0.0882,0.9114,1.0,1.0
18,FakeGuadalupeV2,5,2,204,0.0784,0.9213,0.0098,0.01
18,FakeGuadalupeV2,5,3,306,0.085,0.9228,0.0065,0.0015
18,FakeGuadalupeV2,5,4,408,0.0858,0.9137,0.0008,0.0091
18,FakeGuadalupeV2,5,5,510,0.0882,0.9113,0.0025,0.0025
18,FakeGuadalupeV2,5,6,612,0.0948,0.9046,0.0065,0.0067
18,FakeGuadalupeV2,5,7,714,0.0854,0.9141,0.0093,0.0096
18,FakeGuadalupeV2,5,8,816,0.0858,0.9132,0.0004,0.001
18,FakeGuadalupeV2,5,9,918,0.0871,0.9164,0.0014,0.0032
18,FakeGuadalupeV2,5,10,1024,0.095,0.9172,0.0078,0.0008
18,FakeGuadalupeV2,6,1,102,0.1078,0.9352,1.0,1.0
18,FakeGuadalupeV2,6,2,204,0.1225,0.9282,0.0147,0.007
18,FakeGuadalupeV2,6,3,306,0.1111,0.9317,0.0114,0.0035
18,FakeGuadalupeV2,6,4,408,0.1029,0.936,0.0082,0.0043
18,FakeGuadalupeV2,6,5,510,0.1078,0.9334,0.0049,0.0026
18,FakeGuadalupeV2,6,6,612,0.1144,0.9296,0.0065,0.0038
18,FakeGuadalupeV2,6,7,714,0.1162,0.9236,0.0019,0.0061
18,FakeGuadalupeV2,6,8,816,0.1176,0.9268,0.0014,0.0033
18,FakeGuadalupeV2,6,9,918,0.1133,0.9263,0.0044,0.0005
18,FakeGuadalupeV2,6,10,1024,0.1067,0.9275,0.0066,0.0012
18,FakeGuadalupeV2,7,1,102,0.0686,0.9311,1.0,1.0
18,FakeGuadalupeV2,7,2,204,0.0637,0.9446,0.0049,0.0135
18,FakeGuadalupeV2,7,3,306,0.0654,0.9334,0.0016,0.0112
18,FakeGuadalupeV2,7,4,408,0.0613,0.9383,0.0041,0.0049
18,FakeGuadalupeV2,7,5,510,0.0647,0.9349,0.0034,0.0034
18,FakeGuadalupeV2,7,6,612,0.0719,0.9273,0.0072,0.0077
18,FakeGuadalupeV2,7,7,714,0.0728,0.9266,0.0009,0.0007
18,FakeGuadalupeV2,7,8,816,0.0686,0.9312,0.0042,0.0047
18,FakeGuadalupeV2,7,9,918,0.0686,0.9314,0.0,0.0001
18,FakeGuadalupeV2,7,10,1024,0.0703,0.9297,0.0017,0.0017
18,FakeGuadalupeV2,8,1,102,0.0784,0.9666,1.0,1.0
18,FakeGuadalupeV2,8,2,204,0.0735,0.9579,0.0049,0.0086
18,FakeGuadalupeV2,8,3,306,0.0621,0.9402,0.0114,0.0177
18,FakeGuadalupeV2,8,4,408,0.0588,0.9411,0.0033,0.0009
18,FakeGuadalupeV2,8,5,510,0.0627,0.9372,0.0039,0.0039
18,FakeGuadalupeV2,8,6,612,0.0654,0.9346,0.0026,0.0026
18,FakeGuadalupeV2,8,7,714,0.063,0.9369,0.0023,0.0023
18,FakeGuadalupeV2,8,8,816,0.0637,0.9362,0.0007,0.0007
18,FakeGuadalupeV2,8,9,918,0.061,0.9388,0.0027,0.0026
18,FakeGuadalupeV2,8,10,1024,0.0576,0.9419,0.0034,0.0031
18,FakeGuadalupeV2,9,1,102,0.0882,0.9097,1.0,1.0
18,FakeGuadalupeV2,9,2,204,0.049,0.9506,0.0392,0.0408
18,FakeGuadalupeV2,9,3,306,0.0556,0.9444,0.0065,0.0061
18,FakeGuadalupeV2,9,4,408,0.0735,0.9265,0.018,0.018
18,FakeGuadalupeV2,9,5,510,0.0804,0.9196,0.0069,0.0068
18,FakeGuadalupeV2,9,6,612,0.0882,0.9118,0.0078,0.0078
18,FakeGuadalupeV2,9,7,714,0.0798,0.92,0.0084,0.0082
18,FakeGuadalupeV2,9,8,816,0.0748,0.9251,0.0051,0.0052
18,FakeGuadalupeV2,9,9,918,0.0752,0.9247,0.0004,0.0004
18,FakeGuadalupeV2,9,10,1024,0.0781,0.9216,0.003,0.0031
18,FakeGuadalupeV2,10,1,102,0.049,0.9509,1.0,1.0
18,FakeGuadalupeV2,10,2,204,0.0931,0.9141,0.0441,0.0368
18,FakeGuadalupeV2,10,3,306,0.0752,0.9361,0.018,0.0219
18,FakeGuadalupeV2,10,4,408,0.0686,0.9468,0.0065,0.0107
18,FakeGuadalupeV2,10,5,510,0.0725,0.9413,0.0039,0.0055
18,FakeGuadalupeV2,10,6,612,0.0719,0.9395,0.0007,0.0018
18,FakeGuadalupeV2,10,7,714,0.0686,0.9397,0.0033,0.0003
18,FakeGuadalupeV2,10,8,816,0.0748,0.9427,0.0061,0.003
18,FakeGuadalupeV2,10,9,918,0.0763,0.9391,0.0015,0.0036
18,FakeGuadalupeV2,10,10,1024,0.0744,0.9395,0.0019,0.0004
18,FakeGuadalupeV2,11,1,102,0.0784,0.9389,1.0,1.0
18,FakeGuadalupeV2,11,2,204,0.1078,0.926,0.0294,0.0129
18,FakeGuadalupeV2,11,3,306,0.1078,0.926,0.0,0.0
18,FakeGuadalupeV2,11,4,408,0.1078,0.926,0.0,0.0
18,FakeGuadalupeV2,11,5,510,0.0882,0.9248,0.0196,0.0011
18,FakeGuadalupeV2,11,6,612,0.0801,0.9278,0.0082,0.003
18,FakeGuadalupeV2,11,7,714,0.0924,0.9228,0.0124,0.005
18,FakeGuadalupeV2,11,8,816,0.0772,0.9249,0.0152,0.0021
18,FakeGuadalupeV2,11,9,918,0.0839,0.9269,0.0067,0.002
18,FakeGuadalupeV2,11,10,1024,0.091,0.9267,0.0071,0.0003
18,FakeGuadalupeV2,12,1,102,0.1176,0.9512,1.0,1.0
18,FakeGuadalupeV2,12,2,204,0.1324,0.9219,0.0147,0.0294
18,FakeGuadalupeV2,12,3,306,0.1209,0.927,0.0114,0.0051
18,FakeGuadalupeV2,12,4,408,0.125,0.9277,0.0041,0.0007
18,FakeGuadalupeV2,12,5,510,0.1176,0.9192,0.0074,0.0085
18,FakeGuadalupeV2,12,6,612,0.1209,0.9226,0.0033,0.0033
18,FakeGuadalupeV2,12,7,714,0.1275,0.9228,0.0065,0.0003
18,FakeGuadalupeV2,12,8,816,0.1225,0.926,0.0049,0.0031
18,FakeGuadalupeV2,12,9,918,0.1111,0.9277,0.0114,0.0017
18,FakeGuadalupeV2,12,10,1024,0.1164,0.9277,0.0053,0.0001
18,FakeGuadalupeV2,13,1,102,0.1078,0.9795,1.0,1.0
18,FakeGuadalupeV2,13,2,204,0.1225,0.9366,0.0147,0.0429
18,FakeGuadalupeV2,13,3,306,0.1078,0.9378,0.0147,0.0012
18,FakeGuadalupeV2,13,4,408,0.1054,0.9307,0.0025,0.0071
18,FakeGuadalupeV2,13,5,510,0.1216,0.9252,0.0162,0.0055
18,FakeGuadalupeV2,13,6,612,0.1176,0.9286,0.0039,0.0034
18,FakeGuadalupeV2,13,7,714,0.1134,0.93,0.0042,0.0014
18,FakeGuadalupeV2,13,8,816,0.1042,0.9365,0.0093,0.0065
18,FakeGuadalupeV2,13,9,918,0.0937,0.938,0.0105,0.0014
18,FakeGuadalupeV2,13,10,1024,0.0968,0.9358,0.0031,0.0021
18,FakeGuadalupeV2,14,1,102,0.0588,0.9412,1.0,1.0
18,FakeGuadalupeV2,14,2,204,0.0931,0.9068,0.0343,0.0344
18,FakeGuadalupeV2,14,3,306,0.0784,0.9215,0.0147,0.0147
18,FakeGuadalupeV2,14,4,408,0.0784,0.9212,0.0,0.0003
18,FakeGuadalupeV2,14,5,510,0.0804,0.9196,0.002,0.0016
18,FakeGuadalupeV2,14,6,612,0.0833,0.9164,0.0029,0.0032
18,FakeGuadalupeV2,14,7,714,0.0812,0.9182,0.0021,0.0018
18,FakeGuadalupeV2,14,8,816,0.076,0.923,0.0053,0.0048
18,FakeGuadalupeV2,14,9,918,0.0773,0.9216,0.0014,0.0014
18,FakeGuadalupeV2,14,10,1024,0.0762,0.923,0.0012,0.0013
18,FakeGuadalupeV2,15,1,102,0.1078,0.9258,1.0,1.0
18,FakeGuadalupeV2,15,2,204,0.0833,0.9243,0.0245,0.0015
18,FakeGuadalupeV2,15,3,306,0.0817,0.9229,0.0016,0.0014
18,FakeGuadalupeV2,15,4,408,0.076,0.9296,0.0057,0.0068
18,FakeGuadalupeV2,15,5,510,0.0667,0.9325,0.0093,0.0029
18,FakeGuadalupeV2,15,6,612,0.0768,0.9222,0.0101,0.0103
18,FakeGuadalupeV2,15,7,714,0.077,0.9255,0.0002,0.0033
18,FakeGuadalupeV2,15,8,816,0.0797,0.9246,0.0026,0.0009
18,FakeGuadalupeV2,15,9,918,0.0839,0.9227,0.0042,0.002
18,FakeGuadalupeV2,15,10,1024,0.0723,0.9264,0.0115,0.0038
18,FakeGuadalupeV2,16,1,102,0.098,0.9363,1.0,1.0
18,FakeGuadalupeV2,16,2,204,0.0833,0.9382,0.0147,0.0019
18,FakeGuadalupeV2,16,3,306,0.0686,0.9313,0.0147,0.0069
18,FakeGuadalupeV2,16,4,408,0.0686,0.9305,0.0,0.0008
18,FakeGuadalupeV2,16,5,510,0.0686,0.9305,0.0,0.0001
18,FakeGuadalupeV2,16,6,612,0.0784,0.9232,0.0098,0.0073
18,FakeGuadalupeV2,16,7,714,0.0742,0.925,0.0042,0.0018
18,FakeGuadalupeV2,16,8,816,0.0711,0.9282,0.0032,0.0033
18,FakeGuadalupeV2,16,9,918,0.0752,0.9244,0.0041,0.0039
18,FakeGuadalupeV2,16,10,1024,0.0723,0.9273,0.0029,0.003
18,FakeGuadalupeV2,17,1,102,0.049,0.951,1.0,1.0
18,FakeGuadalupeV2,17,2,204,0.0637,0.9361,0.0147,0.0149
18,FakeGuadalupeV2,17,3,306,0.0654,0.9344,0.0016,0.0017
18,FakeGuadalupeV2,17,4,408,0.0662,0.9338,0.0008,0.0007
18,FakeGuadalupeV2,17,5,510,0.0608,0.939,0.0054,0.0053
18,FakeGuadalupeV2,17,6,612,0.0637,0.9362,0.0029,0.0028
18,FakeGuadalupeV2,17,7,714,0.063,0.9365,0.0007,0.0003
18,FakeGuadalupeV2,17,8,816,0.0662,0.9332,0.0032,0.0033
18,FakeGuadalupeV2,17,9,918,0.0643,0.9353,0.0019,0.0021
18,FakeGuadalupeV2,17,10,1024,0.0674,0.9323,0.0031,0.003
18,FakeGuadalupeV2,18,1,102,0.1569,0.89,1.0,1.0
18,FakeGuadalupeV2,18,2,204,0.1176,0.8973,0.0392,0.0074
18,FakeGuadalupeV2,18,3,306,0.0817,0.917,0.0359,0.0197
18,FakeGuadalupeV2,18,4,408,0.0784,0.9248,0.0033,0.0078
18,FakeGuadalupeV2,18,5,510,0.0784,0.922,0.0,0.0028
18,FakeGuadalupeV2,18,6,612,0.0735,0.926,0.0049,0.004
18,FakeGuadalupeV2,18,7,714,0.0686,0.9303,0.0049,0.0043
18,FakeGuadalupeV2,18,8,816,0.0723,0.9336,0.0037,0.0033
18,FakeGuadalupeV2,18,9,918,0.073,0.93,0.0007,0.0036
18,FakeGuadalupeV2,18,10,1024,0.0675,0.9316,0.0054,0.0016
18,FakeGuadalupeV2,19,1,102,0.1176,0.9241,1.0,1.0
18,FakeGuadalupeV2,19,2,204,0.0882,0.9422,0.0294,0.0181
18,FakeGuadalupeV2,19,3,306,0.0523,0.9566,0.0359,0.0143
18,FakeGuadalupeV2,19,4,408,0.049,0.9576,0.0033,0.001
18,FakeGuadalupeV2,19,5,510,0.0608,0.9572,0.0118,0.0003
18,FakeGuadalupeV2,19,6,612,0.0637,0.951,0.0029,0.0062
18,FakeGuadalupeV2,19,7,714,0.0714,0.9541,0.0077,0.0031
18,FakeGuadalupeV2,19,8,816,0.0699,0.9489,0.0016,0.0052
18,FakeGuadalupeV2,19,9,918,0.0632,0.9516,0.0067,0.0027
18,FakeGuadalupeV2,19,10,1024,0.0636,0.9496,0.0004,0.0019
19,FakeGuadalupeV2,0,1,102,0.1569,0.8431,1.0,1.0
19,FakeGuadalupeV2,0,2,204,0.1618,0.838,0.0049,0.0051
19,FakeGuadalupeV2,0,3,306,0.1569,0.8431,0.0049,0.0051
19,FakeGuadalupeV2,0,4,408,0.1397,0.8597,0.0172,0.0166
19,FakeGuadalupeV2,0,5,510,0.1373,0.8623,0.0025,0.0026
19,FakeGuadalupeV2,0,6,612,0.1307,0.869,0.0065,0.0068
19,FakeGuadalupeV2,0,7,714,0.1303,0.8692,0.0005,0.0001
19,FakeGuadalupeV2,0,8,816,0.1287,0.8702,0.0016,0.001
19,FakeGuadalupeV2,0,9,918,0.1307,0.8678,0.002,0.0024
19,FakeGuadalupeV2,0,10,1024,0.1289,0.8693,0.0018,0.0016
19,FakeGuadalupeV2,1,1,102,0.0882,0.9105,1.0,1.0
19,FakeGuadalupeV2,1,2,204,0.1275,0.8716,0.0392,0.0389
19,FakeGuadalupeV2,1,3,306,0.1176,0.882,0.0098,0.0103
19,FakeGuadalupeV2,1,4,408,0.1201,0.8797,0.0025,0.0023
19,FakeGuadalupeV2,1,5,510,0.1118,0.888,0.0083,0.0084
19,FakeGuadalupeV2,1,6,612,0.1111,0.8886,0.0007,0.0005
19,FakeGuadalupeV2,1,7,714,0.1064,0.8931,0.0047,0.0045
19,FakeGuadalupeV2,1,8,816,0.1054,0.8943,0.0011,0.0012
19,FakeGuadalupeV2,1,9,918,0.1078,0.8914,0.0025,0.0029
19,FakeGuadalupeV2,1,10,1024,0.1133,0.8861,0.0054,0.0053
19,FakeGuadalupeV2,2,1,102,0.1961,0.8039,1.0,1.0
19,FakeGuadalupeV2,2,2,204,0.1471,0.8489,0.049,0.0449
19,FakeGuadalupeV2,2,3,306,0.1634,0.8358,0.0163,0.0131
19,FakeGuadalupeV2,2,4,408,0.1471,0.8522,0.0163,0.0165
19,FakeGuadalupeV2,2,5,510,0.1392,0.8597,0.0078,0.0075
19,FakeGuadalupeV2,2,6,612,0.1389,0.8605,0.0003,0.0008
19,FakeGuadalupeV2,2,7,714,0.1317,0.8681,0.0072,0.0075
19,FakeGuadalupeV2,2,8,816,0.1348,0.865,0.0032,0.0031
19,FakeGuadalupeV2,2,9,918,0.1329,0.867,0.0019,0.0019
19,FakeGuadalupeV2,2,10,1024,0.1367,0.863,0.0038,0.004
19,FakeGuadalupeV2,3,1,102,0.0882,0.9107,1.0,1.0
19,FakeGuadalupeV2,3,2,204,0.0833,0.9166,0.0049,0.0059
19,FakeGuadalupeV2,3,3,306,0.098,0.9014,0.0147,0.0152
19,FakeGuadalupeV2,3,4,408,0.0931,0.9055,0.0049,0.0041
19,FakeGuadalupeV2,3,5,510,0.0922,0.9064,0.001,0.0009
19,FakeGuadalupeV2,3,6,612,0.1013,0.8967,0.0092,0.0096
19,FakeGuadalupeV2,3,7,714,0.105,0.8935,0.0037,0.0032
19,FakeGuadalupeV2,3,8,816,0.1042,0.8941,0.0009,0.0006
19,FakeGuadalupeV2,3,9,918,0.1155,0.8822,0.0113,0.0119
19,FakeGuadalupeV2,3,10,1024,0.1162,0.8814,0.0007,0.0008
19,FakeGuadalupeV2,4,1,102,0.1471,0.8516,1.0,1.0
19,FakeGuadalupeV2,4,2,204,0.1569,0.8431,0.0098,0.0084
19,FakeGuadalupeV2,4,3,306,0.1569,0.8427,0.0,0.0005
19,FakeGuadalupeV2,4,4,408,0.1544,0.8454,0.0025,0.0027
19,FakeGuadalupeV2,4,5,510,0.151,0.8473,0.0034,0.0019
19,FakeGuadalupeV2,4,6,612,0.1569,0.8422,0.0059,0.0051
19,FakeGuadalupeV2,4,7,714,0.1541,0.8448,0.0028,0.0026
19,FakeGuadalupeV2,4,8,816,0.1446,0.8534,0.0095,0.0085
19,FakeGuadalupeV2,4,9,918,0.1471,0.8518,0.0025,0.0015
19,FakeGuadalupeV2,4,10,1024,0.1416,0.8576,0.0055,0.0057
19,FakeGuadalupeV2,5,1,102,0.1373,0.8619,1.0,1.0
19,FakeGuadalupeV2,5,2,204,0.1324,0.8662,0.0049,0.0043
19,FakeGuadalupeV2,5,3,306,0.134,0.8745,0.0016,0.0083
19,FakeGuadalupeV2,5,4,408,0.1446,0.8533,0.0106,0.0213
19,FakeGuadalupeV2,5,5,510,0.1471,0.8501,0.0025,0.0031
19,FakeGuadalupeV2,5,6,612,0.1487,0.8482,0.0016,0.002
19,FakeGuadalupeV2,5,7,714,0.1485,0.8486,0.0002,0.0004
19,FakeGuadalupeV2,5,8,816,0.1483,0.8487,0.0002,0.0002
19,FakeGuadalupeV2,5,9,918,0.146,0.8499,0.0023,0.0012
19,FakeGuadalupeV2,5,10,1024,0.1556,0.8443,0.0096,0.0057
19,FakeGuadalupeV2,6,1,102,0.1373,0.8627,1.0,1.0
19,FakeGuadalupeV2,6,2,204,0.1324,0.8675,0.0049,0.0048
19,FakeGuadalupeV2,6,3,306,0.1373,0.8618,0.0049,0.0057
19,FakeGuadalupeV2,6,4,408,0.1225,0.8754,0.0147,0.0136
19,FakeGuadalupeV2,6,5,510,0.1255,0.8723,0.0029,0.0031
19,FakeGuadalupeV2,6,6,612,0.1291,0.8693,0.0036,0.003
19,FakeGuadalupeV2,6,7,714,0.1317,0.8668,0.0026,0.0025
19,FakeGuadalupeV2,6,8,816,0.1299,0.8689,0.0018,0.0021
19,FakeGuadalupeV2,6,9,918,0.1275,0.8708,0.0025,0.002
19,FakeGuadalupeV2,6,10,1024,0.123,0.8746,0.0044,0.0037
19,FakeGuadalupeV2,7,1,102,0.1176,0.8824,1.0,1.0
19,FakeGuadalupeV2,7,2,204,0.1127,0.8864,0.0049,0.004
19,FakeGuadalupeV2,7,3,306,0.134,0.864,0.0212,0.0224
19,FakeGuadalupeV2,7,4,408,0.1348,0.8647,0.0008,0.0008
19,FakeGuadalupeV2,7,5,510,0.1412,0.8584,0.0064,0.0063
19,FakeGuadalupeV2,7,6,612,0.1438,0.8555,0.0026,0.0029
19,FakeGuadalupeV2,7,7,714,0.1373,0.8622,0.0065,0.0067
19,FakeGuadalupeV2,7,8,816,0.1299,0.8698,0.0074,0.0075
19,FakeGuadalupeV2,7,9,918,0.1253,0.8746,0.0046,0.0048
19,FakeGuadalupeV2,7,10,1024,0.1299,0.87,0.0046,0.0046
19,FakeGuadalupeV2,8,1,102,0.0882,0.9113,1.0,1.0
19,FakeGuadalupeV2,8,2,204,0.1275,0.8725,0.0392,0.0388
19,FakeGuadalupeV2,8,3,306,0.134,0.865,0.0065,0.0075
19,FakeGuadalupeV2,8,4,408,0.1348,0.8626,0.0008,0.0024
19,FakeGuadalupeV2,8,5,510,0.1373,0.8639,0.0025,0.0013
19,FakeGuadalupeV2,8,6,612,0.1389,0.8643,0.0016,0.0004
19,FakeGuadalupeV2,8,7,714,0.1317,0.8671,0.0072,0.0028
19,FakeGuadalupeV2,8,8,816,0.136,0.8598,0.0044,0.0073
19,FakeGuadalupeV2,8,9,918,0.1329,0.8637,0.0031,0.0039
19,FakeGuadalupeV2,8,10,1024,0.1318,0.8647,0.0011,0.001
19,FakeGuadalupeV2,9,1,102,0.1275,0.8725,1.0,1.0
19,FakeGuadalupeV2,9,2,204,0.1127,0.8866,0.0147,0.0141
19,FakeGuadalupeV2,9,3,306,0.1209,0.879,0.0082,0.0076
19,FakeGuadalupeV2,9,4,408,0.1225,0.8772,0.0016,0.0018
19,FakeGuadalupeV2,9,5,510,0.1314,0.8685,0.0088,0.0088
19,FakeGuadalupeV2,9,6,612,0.1454,0.8545,0.0141,0.014
19,FakeGuadalupeV2,9,7,714,0.1471,0.8526,0.0016,0.0019
19,FakeGuadalupeV2,9,8,816,0.1446,0.8551,0.0025,0.0025
19,FakeGuadalupeV2,9,9,918,0.146,0.8535,0.0014,0.0016
19,FakeGuadalupeV2,9,10,1024,0.1416,0.8574,0.0044,0.0039
19,FakeGuadalupeV2,10,1,102,0.1078,0.89,1.0,1.0
19,FakeGuadalupeV2,10,2,204,0.1078,0.892,0.0,0.0021
19,FakeGuadalupeV2,10,3,306,0.098,0.9019,0.0098,0.0098
19,FakeGuadalupeV2,10,4,408,0.1029,0.897,0.0049,0.0049
19,FakeGuadalupeV2,10,5,510,0.1059,0.894,0.0029,0.003
19,FakeGuadalupeV2,10,6,612,0.1176,0.8823,0.0118,0.0117
19,FakeGuadalupeV2,10,7,714,0.1204,0.8795,0.0028,0.0028
19,FakeGuadalupeV2,10,8,816,0.1262,0.8738,0.0058,0.0058
19,FakeGuadalupeV2,10,9,918,0.1264,0.8736,0.0001,0.0001
19,FakeGuadalupeV2,10,10,1024,0.1299,0.8701,0.0035,0.0035
19,FakeGuadalupeV2,11,1,102,0.0784,0.9212,1.0,1.0
19,FakeGuadalupeV2,11,2,204,0.1078,0.8908,0.0294,0.0303
19,FakeGuadalupeV2,11,3,306,0.1176,0.8809,0.0098,0.0099
19,FakeGuadalupeV2,11,4,408,0.1127,0.8866,0.0049,0.0057
19,FakeGuadalupeV2,11,5,510,0.1216,0.8783,0.0088,0.0083
19,FakeGuadalupeV2,11,6,612,0.1225,0.8774,0.001,0.0009
19,FakeGuadalupeV2,11,7,714,0.1373,0.8626,0.0147,0.0148
19,FakeGuadalupeV2,11,8,816,0.1348,0.8652,0.0025,0.0026
19,FakeGuadalupeV2,11,9,918,0.1318,0.8681,0.003,0.0029
19,FakeGuadalupeV2,11,10,1024,0.1289,0.8709,0.0029,0.0028
19,FakeGuadalupeV2,12,1,102,0.1569,0.9084,1.0,1.0
19,FakeGuadalupeV2,12,2,204,0.1667,0.8975,0.0098,0.0109
19,FakeGuadalupeV2,12,3,306,0.1667,0.8775,0.0,0.02
19,FakeGuadalupeV2,12,4,408,0.1838,0.8656,0.0172,0.0119
19,FakeGuadalupeV2,12,5,510,0.1824,0.863,0.0015,0.0026
19,FakeGuadalupeV2,12,6,612,0.1814,0.8655,0.001,0.0025
19,FakeGuadalupeV2,12,7,714,0.1905,0.8635,0.0091,0.0019
19,FakeGuadalupeV2,12,8,816,0.19,0.864,0.0005,0.0004
19,FakeGuadalupeV2,12,9,918,0.1786,0.8633,0.0113,0.0007
19,FakeGuadalupeV2,12,10,1024,0.183,0.8615,0.0044,0.0018
19,FakeGuadalupeV2,13,1,102,0.0686,0.9298,1.0,1.0
19,FakeGuadalupeV2,13,2,204,0.1029,0.8967,0.0343,0.0331
19,FakeGuadalupeV2,13,3,306,0.1111,0.8887,0.0082,0.008
19,FakeGuadalupeV2,13,4,408,0.1054,0.8946,0.0057,0.0059
19,FakeGuadalupeV2,13,5,510,0.1098,0.8896,0.0044,0.005
19,FakeGuadalupeV2,13,6,612,0.1078,0.892,0.002,0.0024
19,FakeGuadalupeV2,13,7,714,0.1064,0.8934,0.0014,0.0014
19,FakeGuadalupeV2,13,8,816,0.1066,0.8934,0.0002,0.0001
19,FakeGuadalupeV2,13,9,918,0.1144,0.8856,0.0078,0.0078
19,FakeGuadalupeV2,13,10,1024,0.1191,0.8809,0.0048,0.0047
19,FakeGuadalupeV2,14,1,102,0.1667,0.8268,1.0,1.0
19,FakeGuadalupeV2,14,2,204,0.1716,0.8232,0.0049,0.0037
19,FakeGuadalupeV2,14,3,306,0.1797,0.836,0.0082,0.0128
19,FakeGuadalupeV2,14,4,408,0.1887,0.8332,0.009,0.0028
19,FakeGuadalupeV2,14,5,510,0.1725,0.8434,0.0162,0.0102
19,FakeGuadalupeV2,14,6,612,0.1536,0.844,0.019,0.0006
19,FakeGuadalupeV2,14,7,714,0.1513,0.8443,0.0023,0.0004
19,FakeGuadalupeV2,14,8,816,0.1483,0.8482,0.003,0.0039
19,FakeGuadalupeV2,14,9,918,0.146,0.8504,0.0023,0.0022
19,FakeGuadalupeV2,14,10,1024,0.1409,0.8567,0.0051,0.0063
19,FakeGuadalupeV2,15,1,102,0.1275,0.8725,1.0,1.0
19,FakeGuadalupeV2,15,2,204,0.1225,0.8769,0.0049,0.0045
19,FakeGuadalupeV2,15,3,306,0.1373,0.8618,0.0147,0.0152
19,FakeGuadalupeV2,15,4,408,0.1324,0.8666,0.0049,0.0048
19,FakeGuadalupeV2,15,5,510,0.1216,0.8767,0.0108,0.0101
19,FakeGuadalupeV2,15,6,612,0.1242,0.8747,0.0026,0.002
19,FakeGuadalupeV2,15,7,714,0.1246,0.8746,0.0005,0.0001
19,FakeGuadalupeV2,15,8,816,0.1299,0.8694,0.0053,0.0052
19,FakeGuadalupeV2,15,9,918,0.1329,0.8667,0.003,0.0027
19,FakeGuadalupeV2,15,10,1024,0.1299,0.8693,0.003,0.0026
19,FakeGuadalupeV2,16,1,102,0.1275,0.8725,1.0,1.0
19,FakeGuadalupeV2,16,2,204,0.1225,0.8763,0.0049,0.0037
19,FakeGuadalupeV2,16,3,306,0.134,0.8621,0.0114,0.0142
19,FakeGuadalupeV2,16,4,408,0.1324,0.8659,0.0016,0.0038
19,FakeGuadalupeV2,16,5,510,0.1275,0.8711,0.0049,0.0052
19,FakeGuadalupeV2,16,6,612,0.1291,0.8704,0.0016,0.0008
19,FakeGuadalupeV2,16,7,714,0.1317,0.8669,0.0026,0.0035
19,FakeGuadalupeV2,16,8,816,0.1299,0.8689,0.0018,0.002
19,FakeGuadalupeV2,16,9,918,0.1296,0.8688,0.0003,0.0
19,FakeGuadalupeV2,16,10,1024,0.127,0.8708,0.0027,0.002
19,FakeGuadalupeV2,17,1,102,0.1275,0.914,1.0,1.0
19,FakeGuadalupeV2,17,2,204,0.1716,0.8954,0.0441,0.0186
19,FakeGuadalupeV2,17,3,306,0.1797,0.8875,0.0082,0.0079
19,FakeGuadalupeV2,17,4,408,0.174,0.8712,0.0057,0.0162
19,FakeGuadalupeV2,17,5,510,0.149,0.8798,0.025,0.0086
19,FakeGuadalupeV2,17,6,612,0.1503,0.8772,0.0013,0.0026
19,FakeGuadalupeV2,17,7,714,0.1331,0.8824,0.0173,0.0052
19,FakeGuadalupeV2,17,8,816,0.1275,0.8758,0.0056,0.0066
19,FakeGuadalupeV2,17,9,918,0.1242,0.8795,0.0033,0.0037
19,FakeGuadalupeV2,17,10,1024,0.1291,0.88,0.005,0.0005
19,FakeGuadalupeV2,18,1,102,0.1373,0.8568,1.0,1.0
19,FakeGuadalupeV2,18,2,204,0.1422,0.8568,0.0049,0.0
19,FakeGuadalupeV2,18,3,306,0.1373,0.8627,0.0049,0.0059
19,FakeGuadalupeV2,18,4,408,0.1324,0.8675,0.0049,0.0048
19,FakeGuadalupeV2,18,5,510,0.1235,0.8764,0.0088,0.0088
19,FakeGuadalupeV2,18,6,612,0.1209,0.8791,0.0026,0.0027
19,FakeGuadalupeV2,18,7,714,0.1162,0.8837,0.0047,0.0047
19,FakeGuadalupeV2,18,8,816,0.1176,0.8824,0.0014,0.0014
19,FakeGuadalupeV2,18,9,918,0.1187,0.8813,0.0011,0.0011
19,FakeGuadalupeV2,18,10,1024,0.1279,0.872,0.0092,0.0092
19,FakeGuadalupeV2,19,1,102,0.1275,0.8861,1.0,1.0
19,FakeGuadalupeV2,19,2,204,0.1127,0.8853,0.0147,0.0008
19,FakeGuadalupeV2,19,3,306,0.1242,0.8755,0.0114,0.0098
19,FakeGuadalupeV2,19,4,408,0.1152,0.8848,0.009,0.0092
19,FakeGuadalupeV2,19,5,510,0.1118,0.8878,0.0034,0.0031
19,FakeGuadalupeV2,19,6,612,0.1127,0.8867,0.001,0.0011
19,FakeGuadalupeV2,19,7,714,0.119,0.88,0.0063,0.0067
19,FakeGuadalupeV2,19,8,816,0.1189,0.8803,0.0002,0.0003
19,FakeGuadalupeV2,19,9,918,0.1155,0.8841,0.0034,0.0038
19,FakeGuadalupeV2,19,10,1024,0.1201,0.8794,0.0046,0.0048
20,FakeGuadalupeV2,0,1,1000,0.015,0.9998,1.0,1.0
20,FakeGuadalupeV2,0,2,2000,0.0195,0.9996,0.0045,0.0002
20,FakeGuadalupeV2,0,3,3000,0.0157,0.9998,0.0038,0.0001
20,FakeGuadalupeV2,0,4,4000,0.0118,0.9999,0.0039,0.0001
20,FakeGuadalupeV2,0,5,5000,0.0096,0.9999,0.0022,0.0
20,FakeGuadalupeV2,0,6,6000,0.011,0.9999,0.0014,0.0
20,FakeGuadalupeV2,0,7,7000,0.0123,0.9998,0.0013,0.0
20,FakeGuadalupeV2,0,8,8000,0.0149,0.9998,0.0026,0.0001
20,FakeGuadalupeV2,0,9,9000,0.0141,0.9998,0.0008,0.0
20,FakeGuadalupeV2,0,10,10000,0.0147,0.9998,0.0006,0.0
20,FakeGuadalupeV2,1,1,1000,0.015,0.9998,1.0,1.0
20,FakeGuadalupeV2,1,2,2000,0.0035,1.0,0.0115,0.0002
20,FakeGuadalupeV2,1,3,3000,0.0033,1.0,0.0002,0.0
20,FakeGuadalupeV2,1,4,4000,0.0018,1.0,0.0016,0.0
20,FakeGuadalupeV2,1,5,5000,0.0024,1.0,0.0006,0.0
20,FakeGuadalupeV2,1,6,6000,0.0003,1.0,0.0021,0.0
20,FakeGuadalupeV2,1,7,7000,0.0029,1.0,0.0025,0.0
20,FakeGuadalupeV2,1,8,8000,0.0056,1.0,0.0028,0.0
20,FakeGuadalupeV2,1,9,9000,0.0064,1.0,0.0008,0.0
20,FakeGuadalupeV2,1,10,10000,0.0078,0.9999,0.0014,0.0
20,FakeGuadalupeV2,2,1,1000,0.033,0.9989,1.0,1.0
20,FakeGuadalupeV2,2,2,2000,0.0175,0.9997,0.0155,0.0008
20,FakeGuadalupeV2,2,3,3000,0.018,0.9997,0.0005,0.0
20,FakeGuadalupeV2,2,4,4000,0.017,0.9997,0.001,0.0
20,FakeGuadalupeV2,2,5,5000,0.015,0.9998,0.002,0.0001
20,FakeGuadalupeV2,2,6,6000,0.0147,0.9998,0.0003,0.0
20,FakeGuadalupeV2,2,7,7000,0.0186,0.9997,0.0039,0.0001
20,FakeGuadalupeV2,2,8,8000,0.0144,0.9998,0.0042,0.0001
20,FakeGuadalupeV2,2,9,9000,0.0133,0.9998,0.001,0.0
20,FakeGuadalupeV2,2,10,10000,0.0125,0.9998,0.0008,0.0
20,FakeGuadalupeV2,3,1,1000,0.009,0.9999,1.0,1.0
20,FakeGuadalupeV2,3,2,2000,0.013,0.9998,0.004,0.0001
20,FakeGuadalupeV2,3,3,3000,0.008,0.9999,0.005,0.0001
20,FakeGuadalupeV2,3,4,4000,0.0008,1.0,0.0072,0.0001
20,FakeGuadalupeV2,3,5,5000,0.0002,1.0,0.0006,0.0
20,FakeGuadalupeV2,3,6,6000,0.0045,1.0,0.0043,0.0
20,FakeGuadalupeV2,3,7,7000,0.0064,1.0,0.0019,0.0
20,FakeGuadalupeV2,3,8,8000,0.0082,0.9999,0.0018,0.0
20,FakeGuadalupeV2,3,9,9000,0.0076,0.9999,0.0007,0.0
20,FakeGuadalupeV2,3,10,10000,0.0072,0.9999,0.0004,0.0
20,FakeGuadalupeV2,4,1,1000,0.041,0.9983,1.0,1.0
20,FakeGuadalupeV2,4,2,2000,0.0325,0.9989,0.0085,0.0006
20,FakeGuadalupeV2,4,3,3000,0.024,0.9994,0.0085,0.0005
20,FakeGuadalupeV2,4,4,4000,0.017,0.9997,0.007,0.0003
20,FakeGuadalupeV2,4,5,5000,0.015,0.9998,0.002,0.0001
20,FakeGuadalupeV2,4,6,6000,0.0145,0.9998,0.0005,0.0
20,FakeGuadalupeV2,4,7,7000,0.014,0.9998,0.0005,0.0
20,FakeGuadalupeV2,4,8,8000,0.0126,0.9998,0.0014,0.0
20,FakeGuadalupeV2,4,9,9000,0.0133,0.9998,0.0007,0.0
20,FakeGuadalupeV2,4,10,10000,0.0139,0.9998,0.0006,0.0
20,FakeGuadalupeV2,5,1,1000,0.013,0.9998,1.0,1.0
20,FakeGuadalupeV2,5,2,2000,0.006,1.0,0.007,0.0001
20,FakeGuadalupeV2,5,3,3000,0.014,0.9998,0.008,0.0002
20,FakeGuadalupeV2,5,4,4000,0.0165,0.9997,0.0025,0.0001
20,FakeGuadalupeV2,5,5,5000,0.0192,0.9996,0.0027,0.0001
20,FakeGuadalupeV2,5,6,6000,0.0165,0.9997,0.0027,0.0001
20,FakeGuadalupeV2,5,7,7000,0.0183,0.9997,0.0018,0.0001
20,FakeGuadalupeV2,5,8,8000,0.0199,0.9996,0.0016,0.0001
20,FakeGuadalupeV2,5,9,9000,0.0209,0.9996,0.001,0.0
20,FakeGuadalupeV2,5,10,10000,0.0208,0.9996,0.0001,0.0
20,FakeGuadalupeV2,6,1,1000,0.046,0.9979,1.0,1.0
20,FakeGuadalupeV2,6,2,2000,0.05,0.9975,0.004,0.0004
20,FakeGuadalupeV2,6,3,3000,0.0463,0.9979,0.0037,0.0004
20,FakeGuadalupeV2,6,4,4000,0.042,0.9982,0.0043,0.0004
20,FakeGuadalupeV2,6,5,5000,0.0402,0.9984,0.0018,0.0001
20,FakeGuadalupeV2,6,6,6000,0.0402,0.9984,0.0,0.0
20,FakeGuadalupeV2,6,7,7000,0.0417,0.9983,0.0015,0.0001
20,FakeGuadalupeV2,6,8,8000,0.041,0.9983,0.0007,0.0001
20,FakeGuadalupeV2,6,9,9000,0.041,0.9983,0.0,0.0
20,FakeGuadalupeV2,6,10,10000,0.0396,0.9984,0.0014,0.0001
20,FakeGuadalupeV2,7,1,1000,0.03,0.9991,1.0,1.0
20,FakeGuadalupeV2,7,2,2000,0.021,0.9996,0.009,0.0005
20,FakeGuadalupeV2,7,3,3000,0.0263,0.9993,0.0053,0.0003
20,FakeGuadalupeV2,7,4,4000,0.0203,0.9996,0.0061,0.0003
20,FakeGuadalupeV2,7,5,5000,0.0212,0.9996,0.0009,0.0
20,FakeGuadalupeV2,7,6,6000,0.0253,0.9994,0.0041,0.0002
20,FakeGuadalupeV2,7,7,7000,0.026,0.9993,0.0007,0.0
20,FakeGuadalupeV2,7,8,8000,0.0248,0.9994,0.0013,0.0001
20,FakeGuadalupeV2,7,9,9000,0.0253,0.9994,0.0006,0.0
20,FakeGuadalupeV2,7,10,10000,0.0265,0.9993,0.0012,0.0001
20,FakeGuadalupeV2,8,1,1000,0.019,0.9996,1.0,1.0
20,FakeGuadalupeV2,8,2,2000,0.0105,0.9999,0.0085,0.0003
20,FakeGuadalupeV2,8,3,3000,0.0153,0.9998,0.0048,0.0001
20,FakeGuadalupeV2,8,4,4000,0.0128,0.9998,0.0026,0.0001
20,FakeGuadalupeV2,8,5,5000,0.0062,1.0,0.0066,0.0001
20,FakeGuadalupeV2,8,6,6000,0.0103,0.9999,0.0041,0.0001
20,FakeGuadalupeV2,8,7,7000,0.0093,0.9999,0.001,0.0
20,FakeGuadalupeV2,8,8,8000,0.008,0.9999,0.0013,0.0
20,FakeGuadalupeV2,8,9,9000,0.0083,0.9999,0.0003,0.0
20,FakeGuadalupeV2,8,10,10000,0.0096,0.9999,0.0013,0.0
20,FakeGuadalupeV2,9,1,1000,0.035,0.9988,1.0,1.0
20,FakeGuadalupeV2,9,2,2000,0.0265,0.9993,0.0085,0.0005
20,FakeGuadalupeV2,9,3,3000,0.025,0.9994,0.0015,0.0001
20,FakeGuadalupeV2,9,4,4000,0.0243,0.9994,0.0008,0.0
20,FakeGuadalupeV2,9,5,5000,0.0264,0.9993,0.0021,0.0001
20,FakeGuadalupeV2,9,6,6000,0.0268,0.9993,0.0004,0.0
20,FakeGuadalupeV2,9,7,7000,0.0279,0.9992,0.001,0.0001
20,FakeGuadalupeV2,9,8,8000,0.0269,0.9993,0.001,0.0001
20,FakeGuadalupeV2,9,9,9000,0.0289,0.9992,0.002,0.0001
20,FakeGuadalupeV2,9,10,10000,0.0305,0.9991,0.0016,0.0001
20,FakeGuadalupeV2,10,1,1000,0.008,0.9999,1.0,1.0
20,FakeGuadalupeV2,10,2,2000,0.006,1.0,0.002,0.0
20,FakeGuadalupeV2,10,3,3000,0.006,1.0,0.0,0.0
20,FakeGuadalupeV2,10,4,4000,0.0078,0.9999,0.0018,0.0
20,FakeGuadalupeV2,10,5,5000,0.0038,1.0,0.0039,0.0
20,FakeGuadalupeV2,10,6,6000,0.0048,1.0,0.001,0.0
20,FakeGuadalupeV2,10,7,7000,0.0079,0.9999,0.003,0.0
20,FakeGuadalupeV2,10,8,8000,0.0065,1.0,0.0014,0.0
20,FakeGuadalupeV2,10,9,9000,0.0063,1.0,0.0002,0.0
20,FakeGuadalupeV2,10,10,10000,0.0079,0.9999,0.0016,0.0
20,FakeGuadalupeV2,11,1,1000,0.001,1.0,1.0,1.0
20,FakeGuadalupeV2,11,2,2000,0.008,0.9999,0.007,0.0001
20,FakeGuadalupeV2,11,3,3000,0.0083,0.9999,0.0003,0.0
20,FakeGuadalupeV2,11,4,4000,0.0085,0.9999,0.0002,0.0
20,FakeGuadalupeV2,11,5,5000,0.0114,0.9999,0.0029,0.0001
20,FakeGuadalupeV2,11,6,6000,0.0102,0.9999,0.0012,0.0
20,FakeGuadalupeV2,11,7,7000,0.0079,0.9999,0.0023,0.0
20,FakeGuadalupeV2,11,8,8000,0.0063,1.0,0.0016,0.0
20,FakeGuadalupeV2,11,9,9000,0.009,0.9999,0.0028,0.0
20,FakeGuadalupeV2,11,10,10000,0.0106,0.9999,0.0016,0.0
20,FakeGuadalupeV2,12,1,1000,0.026,0.9993,1.0,1.0
20,FakeGuadalupeV2,12,2,2000,0.0265,0.9993,0.0005,0.0
20,FakeGuadalupeV2,12,3,3000,0.0343,0.9988,0.0078,0.0005
20,FakeGuadalupeV2,12,4,4000,0.033,0.9989,0.0013,0.0001
20,FakeGuadalupeV2,12,5,5000,0.0364,0.9987,0.0034,0.0002
20,FakeGuadalupeV2,12,6,6000,0.0358,0.9987,0.0006,0.0
20,FakeGuadalupeV2,12,7,7000,0.0344,0.9988,0.0014,0.0001
20,FakeGuadalupeV2,12,8,8000,0.0314,0.999,0.0031,0.0002
20,FakeGuadalupeV2,12,9,9000,0.0351,0.9988,0.0037,0.0002
20,FakeGuadalupeV2,12,10,10000,0.0373,0.9986,0.0022,0.0002
20,FakeGuadalupeV2,13,1,1000,0.012,0.9999,1.0,1.0
20,FakeGuadalupeV2,13,2,2000,0.0095,0.9999,0.0025,0.0001
20,FakeGuadalupeV2,13,3,3000,0.0087,0.9999,0.0008,0.0
20,FakeGuadalupeV2,13,4,4000,0.011,0.9999,0.0023,0.0
20,FakeGuadalupeV2,13,5,5000,0.0138,0.9998,0.0028,0.0001
20,FakeGuadalupeV2,13,6,6000,0.014,0.9998,0.0002,0.0
20,FakeGuadalupeV2,13,7,7000,0.0111,0.9999,0.0029,0.0001
20,FakeGuadalupeV2,13,8,8000,0.0128,0.9998,0.0016,0.0
20,FakeGuadalupeV2,13,9,9000,0.0129,0.9998,0.0001,0.0
20,FakeGuadalupeV2,13,10,10000,0.0088,0.9999,0.0041,0.0001
20,FakeGuadalupeV2,14,1,1000,0.027,0.9993,1.0,1.0
20,FakeGuadalupeV2,14,2,2000,0.029,0.9992,0.002,0.0001
20,FakeGuadalupeV2,14,3,3000,0.027,0.9993,0.002,0.0001
20,FakeGuadalupeV2,14,4,4000,0.029,0.9992,0.002,0.0001
20,FakeGuadalupeV2,14,5,5000,0.0242,0.9994,0.0048,0.0003
20,FakeGuadalupeV2,14,6,6000,0.0263,0.9993,0.0021,0.0001
20,FakeGuadalupeV2,14,7,7000,0.0241,0.9994,0.0022,0.0001
20,FakeGuadalupeV2,14,8,8000,0.0238,0.9994,0.0004,0.0
20,FakeGuadalupeV2,14,9,9000,0.0244,0.9994,0.0007,0.0
20,FakeGuadalupeV2,14,10,10000,0.0261,0.9993,0.0017,0.0001
20,FakeGuadalupeV2,15,1,1000,0.01,0.9999,1.0,1.0
20,FakeGuadalupeV2,15,2,2000,0.0115,0.9999,0.0015,0.0
20,FakeGuadalupeV2,15,3,3000,0.0167,0.9997,0.0052,0.0001
20,FakeGuadalupeV2,15,4,4000,0.0188,0.9996,0.0021,0.0001
20,FakeGuadalupeV2,15,5,5000,0.0186,0.9997,0.0001,0.0
20,FakeGuadalupeV2,15,6,6000,0.0182,0.9997,0.0004,0.0
20,FakeGuadalupeV2,15,7,7000,0.0239,0.9994,0.0057,0.0002
20,FakeGuadalupeV2,15,8,8000,0.0228,0.9995,0.0011,0.0001
20,FakeGuadalupeV2,15,9,9000,0.0238,0.9994,0.001,0.0
20,FakeGuadalupeV2,15,10,10000,0.0246,0.9994,0.0008,0.0
20,FakeGuadalupeV2,16,1,1000,0.006,1.0,1.0,1.0
20,FakeGuadalupeV2,16,2,2000,0.02,0.9996,0.014,0.0004
20,FakeGuadalupeV2,16,3,3000,0.0197,0.9996,0.0003,0.0
20,FakeGuadalupeV2,16,4,4000,0.0142,0.9998,0.0054,0.0002
20,FakeGuadalupeV2,16,5,5000,0.0164,0.9997,0.0022,0.0001
20,FakeGuadalupeV2,16,6,6000,0.0185,0.9997,0.0021,0.0001
20,FakeGuadalupeV2,16,7,7000,0.017,0.9997,0.0015,0.0001
20,FakeGuadalupeV2,16,8,8000,0.0212,0.9995,0.0042,0.0002
20,FakeGuadalupeV2,16,9,9000,0.0196,0.9996,0.0017,0.0001
20,FakeGuadalupeV2,16,10,10000,0.0193,0.9996,0.0003,0.0
20,FakeGuadalupeV2,17,1,1000,0.002,1.0,1.0,1.0
20,FakeGuadalupeV2,17,2,2000,0.0065,1.0,0.0045,0.0
20,FakeGuadalupeV2,17,3,3000,0.0027,1.0,0.0038,0.0
20,FakeGuadalupeV2,17,4,4000,0.0028,1.0,0.0001,0.0
20,FakeGuadalupeV2,17,5,5000,0.0018,1.0,0.001,0.0
20,FakeGuadalupeV2,17,6,6000,0.0013,1.0,0.0005,0.0
20,FakeGuadalupeV2,17,7,7000,0.0017,1.0,0.0004,0.0
20,FakeGuadalupeV2,17,8,8000,0.009,0.9999,0.0073,0.0001
20,FakeGuadalupeV2,17,9,9000,0.0082,0.9999,0.0008,0.0
20,FakeGuadalupeV2,17,10,10000,0.0076,0.9999,0.0006,0.0
20,FakeGuadalupeV2,18,1,1000,0.005,1.0,1.0,1.0
20,FakeGuadalupeV2,18,2,2000,0.0095,0.9999,0.0045,0.0001
20,FakeGuadalupeV2,18,3,3000,0.0067,1.0,0.0028,0.0
20,FakeGuadalupeV2,18,4,4000,0.0032,1.0,0.0034,0.0
20,FakeGuadalupeV2,18,5,5000,0.005,1.0,0.0018,0.0
20,FakeGuadalupeV2,18,6,6000,0.0023,1.0,0.0027,0.0
20,FakeGuadalupeV2,18,7,7000,0.0006,1.0,0.0018,0.0
20,FakeGuadalupeV2,18,8,8000,0.001,1.0,0.0004,0.0
20,FakeGuadalupeV2,18,9,9000,0.0038,1.0,0.0028,0.0
20,FakeGuadalupeV2,18,10,10000,0.0039,1.0,0.0001,0.0
20,FakeGuadalupeV2,19,1,1000,0.006,1.0,1.0,1.0
20,FakeGuadalupeV2,19,2,2000,0.0055,1.0,0.0005,0.0
20,FakeGuadalupeV2,19,3,3000,0.016,0.9997,0.0105,0.0002
20,FakeGuadalupeV2,19,4,4000,0.0132,0.9998,0.0028,0.0001
20,FakeGuadalupeV2,19,5,5000,0.009,0.9999,0.0042,0.0001
20,FakeGuadalupeV2,19,6,6000,0.0053,1.0,0.0037,0.0001
20,FakeGuadalupeV2,19,7,7000,0.0043,1.0,0.001,0.0
20,FakeGuadalupeV2,19,8,8000,0.0046,1.0,0.0003,0.0
20,FakeGuadalupeV2,19,9,9000,0.0054,1.0,0.0008,0.0
20,FakeGuadalupeV2,19,10,10000,0.0077,0.9999,0.0023,0.0
21,FakeGuadalupeV2,0,1,1000,0.71,0.1135,1.0,1.0
21,FakeGuadalupeV2,0,2,2000,0.697,0.1655,0.013,0.052
21,FakeGuadalupeV2,0,3,3000,0.693,0.1983,0.004,0.0328
21,FakeGuadalupeV2,0,4,4000,0.6873,0.2212,0.0058,0.023
21,FakeGuadalupeV2,0,5,5000,0.6824,0.2364,0.0049,0.0152
21,FakeGuadalupeV2,0,6,6000,0.681,0.2471,0.0014,0.0107
21,FakeGuadalupeV2,0,7,7000,0.681,0.2578,0.0,0.0106
21,FakeGuadalupeV2,0,8,8000,0.6794,0.2657,0.0016,0.008
21,FakeGuadalupeV2,0,9,9000,0.6744,0.2741,0.0049,0.0083
21,FakeGuadalupeV2,0,10,10000,0.6752,0.2778,0.0008,0.0037
21,FakeGuadalupeV2,1,1,1000,0.719,0.1098,1.0,1.0
21,FakeGuadalupeV2,1,2,2000,0.6965,0.1674,0.0225,0.0576
21,FakeGuadalupeV2,1,3,3000,0.6867,0.2038,0.0098,0.0364
21,FakeGuadalupeV2,1,4,4000,0.677,0.2327,0.0097,0.0289
21,FakeGuadalupeV2,1,5,5000,0.671,0.252,0.006,0.0193
21,FakeGuadalupeV2,1,6,6000,0.6688,0.2641,0.0022,0.0122
21,FakeGuadalupeV2,1,7,7000,0.6699,0.2709,0.001,0.0067
21,FakeGuadalupeV2,1,8,8000,0.669,0.277,0.0009,0.0061
21,FakeGuadalupeV2,1,9,9000,0.6672,0.2822,0.0018,0.0052
21,FakeGuadalupeV2,1,10,10000,0.6679,0.2856,0.0007,0.0034
21,FakeGuadalupeV2,2,1,1000,0.728,0.1039,1.0,1.0
21,FakeGuadalupeV2,2,2,2000,0.6935,0.1724,0.0345,0.0685
21,FakeGuadalupeV2,2,3,3000,0.689,0.2027,0.0045,0.0304
21,FakeGuadalupeV2,2,4,4000,0.6917,0.2172,0.0027,0.0144
21,FakeGuadalupeV2,2,5,5000,0.6954,0.2228,0.0037,0.0057
21,FakeGuadalupeV2,2,6,6000,0.695,0.2349,0.0004,0.0121
21,FakeGuadalupeV2,2,7,7000,0.6894,0.2458,0.0056,0.0108
21,FakeGuadalupeV2,2,8,8000,0.6864,0.2556,0.0031,0.0098
21,FakeGuadalupeV2,2,9,9000,0.684,0.2632,0.0024,0.0076
21,FakeGuadalupeV2,2,10,10000,0.6841,0.2661,0.0001,0.0029
21,FakeGuadalupeV2,3,1,1000,0.741,0.0932,1.0,1.0
21,FakeGuadalupeV2,3,2,2000,0.7025,0.1581,0.0385,0.0649
21,FakeGuadalupeV2,3,3,3000,0.6927,0.1865,0.0098,0.0284
21,FakeGuadalupeV2,3,4,4000,0.6837,0.2152,0.0089,0.0287
21,FakeGuadalupeV2,3,5,5000,0.6826,0.2283,0.0011,0.0131
21,FakeGuadalupeV2,3,6,6000,0.6822,0.2373,0.0004,0.009
21,FakeGuadalupeV2,3,7,7000,0.6806,0.2488,0.0016,0.0115
21,FakeGuadalupeV2,3,8,8000,0.6814,0.2534,0.0008,0.0047
21,FakeGuadalupeV2,3,9,9000,0.6824,0.2591,0.0011,0.0056
21,FakeGuadalupeV2,3,10,10000,0.6828,0.2623,0.0004,0.0032
21,FakeGuadalupeV2,4,1,1000,0.744,0.0895,1.0,1.0
21,FakeGuadalupeV2,4,2,2000,0.7065,0.1571,0.0375,0.0677
21,FakeGuadalupeV2,4,3,3000,0.6853,0.1988,0.0212,0.0416
21,FakeGuadalupeV2,4,4,4000,0.681,0.2278,0.0043,0.029
21,FakeGuadalupeV2,4,5,5000,0.6772,0.2461,0.0038,0.0182
21,FakeGuadalupeV2,4,6,6000,0.6745,0.2582,0.0027,0.0122
21,FakeGuadalupeV2,4,7,7000,0.6739,0.2659,0.0006,0.0077
21,FakeGuadalupeV2,4,8,8000,0.6744,0.2676,0.0005,0.0017
21,FakeGuadalupeV2,4,9,9000,0.6747,0.2714,0.0003,0.0037
21,FakeGuadalupeV2,4,10,10000,0.6732,0.2763,0.0015,0.0049
21,FakeGuadalupeV2,5,1,1000,0.715,0.1132,1.0,1.0
21,FakeGuadalupeV2,5,2,2000,0.697,0.1661,0.018,0.0528
21,FakeGuadalupeV2,5,3,3000,0.6833,0.2019,0.0137,0.0358
21,FakeGuadalupeV2,5,4,4000,0.679,0.2287,0.0043,0.0268
21,FakeGuadalupeV2,5,5,5000,0.677,0.2441,0.002,0.0155
21,FakeGuadalupeV2,5,6,6000,0.6778,0.2523,0.0008,0.0082
21,FakeGuadalupeV2,5,7,7000,0.6769,0.2598,0.001,0.0075
21,FakeGuadalupeV2,5,8,8000,0.6756,0.2662,0.0012,0.0065
21,FakeGuadalupeV2,5,9,9000,0.6734,0.2737,0.0022,0.0075
21,FakeGuadalupeV2,5,10,10000,0.6725,0.2796,0.0009,0.0059
21,FakeGuadalupeV2,6,1,1000,0.707,0.1164,1.0,1.0
21,FakeGuadalupeV2,6,2,2000,0.6885,0.1702,0.0185,0.0538
21,FakeGuadalupeV2,6,3,3000,0.6673,0.2232,0.0212,0.053
21,FakeGuadalupeV2,6,4,4000,0.669,0.2414,0.0017,0.0182
21,FakeGuadalupeV2,6,5,5000,0.673,0.2493,0.004,0.0079
21,FakeGuadalupeV2,6,6,6000,0.6678,0.2635,0.0052,0.0143
21,FakeGuadalupeV2,6,7,7000,0.6697,0.2672,0.0019,0.0036
21,FakeGuadalupeV2,6,8,8000,0.6709,0.2716,0.0012,0.0044
21,FakeGuadalupeV2,6,9,9000,0.6712,0.2743,0.0003,0.0028
21,FakeGuadalupeV2,6,10,10000,0.668,0.2808,0.0032,0.0065
21,FakeGuadalupeV2,7,1,1000,0.723,0.1051,1.0,1.0
21,FakeGuadalupeV2,7,2,2000,0.703,0.1631,0.02,0.058
21,FakeGuadalupeV2,7,3,3000,0.696,0.198,0.007,0.0349
21,FakeGuadalupeV2,7,4,4000,0.6843,0.224,0.0118,0.026
21,FakeGuadalupeV2,7,5,5000,0.6834,0.2415,0.0009,0.0175
21,FakeGuadalupeV2,7,6,6000,0.6848,0.2503,0.0014,0.0087
21,FakeGuadalupeV2,7,7,7000,0.6834,0.2563,0.0014,0.006
21,FakeGuadalupeV2,7,8,8000,0.6855,0.259,0.0021,0.0028
21,FakeGuadalupeV2,7,9,9000,0.6839,0.2653,0.0016,0.0063
21,FakeGuadalupeV2,7,10,10000,0.6809,0.2718,0.003,0.0065
21,FakeGuadalupeV2,8,1,1000,0.728,0.098,1.0,1.0
21,FakeGuadalupeV2,8,2,2000,0.69,0.1654,0.038,0.0673
21,FakeGuadalupeV2,8,3,3000,0.6847,0.2025,0.0053,0.0371
21,FakeGuadalupeV2,8,4,4000,0.6833,0.2217,0.0014,0.0193
21,FakeGuadalupeV2,8,5,5000,0.6852,0.2337,0.002,0.012
21,FakeGuadalupeV2,8,6,6000,0.6825,0.2436,0.0027,0.0099
21,FakeGuadalupeV2,8,7,7000,0.682,0.2518,0.0005,0.0082
21,FakeGuadalupeV2,8,8,8000,0.6805,0.2612,0.0015,0.0094
21,FakeGuadalupeV2,8,9,9000,0.6799,0.2679,0.0006,0.0067
21,FakeGuadalupeV2,8,10,10000,0.6781,0.2725,0.0018,0.0046
21,FakeGuadalupeV2,9,1,1000,0.731,0.1036,1.0,1.0
21,FakeGuadalupeV2,9,2,2000,0.6945,0.1691,0.0365,0.0656
21,FakeGuadalupeV2,9,3,3000,0.694,0.1912,0.0005,0.022
21,FakeGuadalupeV2,9,4,4000,0.6863,0.2223,0.0078,0.0311
21,FakeGuadalupeV2,9,5,5000,0.681,0.239,0.0052,0.0167
21,FakeGuadalupeV2,9,6,6000,0.6758,0.2527,0.0052,0.0137
21,FakeGuadalupeV2,9,7,7000,0.6791,0.2544,0.0033,0.0017
21,FakeGuadalupeV2,9,8,8000,0.673,0.2653,0.0061,0.0109
21,FakeGuadalupeV2,9,9,9000,0.6721,0.2694,0.0009,0.004
21,FakeGuadalupeV2,9,10,10000,0.6725,0.2702,0.0004,0.0008
21,FakeGuadalupeV2,10,1,1000,0.721,0.1098,1.0,1.0
21,FakeGuadalupeV2,10,2,2000,0.687,0.1714,0.034,0.0616
21,FakeGuadalupeV2,10,3,3000,0.6847,0.2002,0.0023,0.0288
21,FakeGuadalupeV2,10,4,4000,0.681,0.2214,0.0037,0.0212
21,FakeGuadalupeV2,10,5,5000,0.676,0.2412,0.005,0.0198
21,FakeGuadalupeV2,10,6,6000,0.6763,0.2503,0.0003,0.0091
21,FakeGuadalupeV2,10,7,7000,0.6721,0.2629,0.0042,0.0127
21,FakeGuadalupeV2,10,8,8000,0.672,0.2663,0.0001,0.0034
21,FakeGuadalupeV2,10,9,9000,0.6727,0.2732,0.0007,0.0068
21,FakeGuadalupeV2,10,10,10000,0.6717,0.2768,0.001,0.0036
21,FakeGuadalupeV2,11,1,1000,0.725,0.1034,1.0,1.0
21,FakeGuadalupeV2,11,2,2000,0.699,0.1602,0.026,0.0568
21,FakeGuadalupeV2,11,3,3000,0.6853,0.2053,0.0137,0.0451
21,FakeGuadalupeV2,11,4,4000,0.6873,0.2243,0.0019,0.019
21,FakeGuadalupeV2,11,5,5000,0.6808,0.2405,0.0064,0.0162
21,FakeGuadalupeV2,11,6,6000,0.6815,0.2474,0.0007,0.0069
21,FakeGuadalupeV2,11,7,7000,0.6787,0.2561,0.0028,0.0087
21,FakeGuadalupeV2,11,8,8000,0.6747,0.2648,0.004,0.0088
21,FakeGuadalupeV2,11,9,9000,0.6732,0.2703,0.0015,0.0055
21,FakeGuadalupeV2,11,10,10000,0.6714,0.2752,0.0018,0.0049
21,FakeGuadalupeV2,12,1,1000,0.729,0.1032,1.0,1.0
21,FakeGuadalupeV2,12,2,2000,0.691,0.1672,0.038,0.064
21,FakeGuadalupeV2,12,3,3000,0.6823,0.2045,0.0087,0.0373
21,FakeGuadalupeV2,12,4,4000,0.6835,0.2217,0.0012,0.0172
21,FakeGuadalupeV2,12,5,5000,0.682,0.2353,0.0015,0.0136
21,FakeGuadalupeV2,12,6,6000,0.6797,0.2482,0.0023,0.0129
21,FakeGuadalupeV2,12,7,7000,0.6777,0.2562,0.002,0.008
21,FakeGuadalupeV2,12,8,8000,0.6771,0.2628,0.0006,0.0066
21,FakeGuadalupeV2,12,9,9000,0.6767,0.2679,0.0005,0.0051
21,FakeGuadalupeV2,12,10,10000,0.6767,0.2716,0.0,0.0036
21,FakeGuadalupeV2,13,1,1000,0.737,0.098,1.0,1.0
21,FakeGuadalupeV2,13,2,2000,0.6985,0.1611,0.0385,0.0631
21,FakeGuadalupeV2,13,3,3000,0.6827,0.2023,0.0158,0.0412
21,FakeGuadalupeV2,13,4,4000,0.6783,0.2257,0.0044,0.0235
21,FakeGuadalupeV2,13,5,5000,0.6756,0.2436,0.0027,0.0178
21,FakeGuadalupeV2,13,6,6000,0.6802,0.2491,0.0046,0.0055
21,FakeGuadalupeV2,13,7,7000,0.6776,0.2562,0.0026,0.0071
21,FakeGuadalupeV2,13,8,8000,0.6799,0.2605,0.0023,0.0043
21,FakeGuadalupeV2,13,9,9000,0.6797,0.2633,0.0002,0.0028
21,FakeGuadalupeV2,13,10,10000,0.6767,0.2696,0.003,0.0062
21,FakeGuadalupeV2,14,1,1000,0.721,0.1064,1.0,1.0
21,FakeGuadalupeV2,14,2,2000,0.7035,0.1566,0.0175,0.0503
21,FakeGuadalupeV2,14,3,3000,0.6917,0.193,0.0118,0.0364
21,FakeGuadalupeV2,14,4,4000,0.6913,0.2115,0.0004,0.0185
21,FakeGuadalupeV2,14,5,5000,0.6916,0.2246,0.0003,0.0131
21,FakeGuadalupeV2,14,6,6000,0.6853,0.2412,0.0063,0.0166
21,FakeGuadalupeV2,14,7,7000,0.6813,0.2525,0.004,0.0112
21,FakeGuadalupeV2,14,8,8000,0.6803,0.2591,0.001,0.0067
21,FakeGuadalupeV2,14,9,9000,0.6828,0.2605,0.0025,0.0014
21,FakeGuadalupeV2,14,10,10000,0.6818,0.2658,0.001,0.0053
21,FakeGuadalupeV2,15,1,1000,0.708,0.1117,1.0,1.0
21,FakeGuadalupeV2,15,2,2000,0.6905,0.1685,0.0175,0.0568
21,FakeGuadalupeV2,15,3,3000,0.6853,0.2039,0.0052,0.0354
21,FakeGuadalupeV2,15,4,4000,0.6743,0.2328,0.0111,0.0289
21,FakeGuadalupeV2,15,5,5000,0.6712,0.25,0.003,0.0172
21,FakeGuadalupeV2,15,6,6000,0.6692,0.2628,0.002,0.0128
21,FakeGuadalupeV2,15,7,7000,0.6651,0.2712,0.004,0.0084
21,FakeGuadalupeV2,15,8,8000,0.6651,0.2775,0.0,0.0064
21,FakeGuadalupeV2,15,9,9000,0.6651,0.2809,0.0,0.0034
21,FakeGuadalupeV2,15,10,10000,0.6662,0.283,0.0011,0.0021
21,FakeGuadalupeV2,16,1,1000,0.72,0.1094,1.0,1.0
21,FakeGuadalupeV2,16,2,2000,0.705,0.1599,0.015,0.0505
21,FakeGuadalupeV2,16,3,3000,0.689,0.2001,0.016,0.0401
21,FakeGuadalupeV2,16,4,4000,0.6885,0.2204,0.0005,0.0203
21,FakeGuadalupeV2,16,5,5000,0.6872,0.2342,0.0013,0.0138
21,FakeGuadalupeV2,16,6,6000,0.6845,0.244,0.0027,0.0098
21,FakeGuadalupeV2,16,7,7000,0.682,0.2539,0.0025,0.0099
21,FakeGuadalupeV2,16,8,8000,0.6787,0.2635,0.0033,0.0096
21,FakeGuadalupeV2,16,9,9000,0.6789,0.2667,0.0001,0.0032
21,FakeGuadalupeV2,16,10,10000,0.6782,0.2696,0.0007,0.0029
21,FakeGuadalupeV2,17,1,1000,0.709,0.1146,1.0,1.0
21,FakeGuadalupeV2,17,2,2000,0.686,0.1756,0.023,0.0609
21,FakeGuadalupeV2,17,3,3000,0.6687,0.2177,0.0173,0.0422
21,FakeGuadalupeV2,17,4,4000,0.666,0.2384,0.0027,0.0207
21,FakeGuadalupeV2,17,5,5000,0.6692,0.247,0.0032,0.0086
21,FakeGuadalupeV2,17,6,6000,0.6708,0.2563,0.0016,0.0093
21,FakeGuadalupeV2,17,7,7000,0.6651,0.2736,0.0057,0.0172
21,FakeGuadalupeV2,17,8,8000,0.6651,0.2796,0.0,0.006
21,FakeGuadalupeV2,17,9,9000,0.6668,0.2819,0.0017,0.0024
21,FakeGuadalupeV2,17,10,10000,0.6686,0.2816,0.0018,0.0004
21,FakeGuadalupeV2,18,1,1000,0.75,0.0877,1.0,1.0
21,FakeGuadalupeV2,18,2,2000,0.701,0.161,0.049,0.0734
21,FakeGuadalupeV2,18,3,3000,0.6907,0.1976,0.0103,0.0366
21,FakeGuadalupeV2,18,4,4000,0.6913,0.2117,0.0006,0.0141
21,FakeGuadalupeV2,18,5,5000,0.6836,0.2311,0.0077,0.0194
21,FakeGuadalupeV2,18,6,6000,0.6833,0.2422,0.0003,0.0111
21,FakeGuadalupeV2,18,7,7000,0.682,0.2504,0.0013,0.0082
21,FakeGuadalupeV2,18,8,8000,0.68,0.2586,0.002,0.0082
21,FakeGuadalupeV2,18,9,9000,0.6797,0.264,0.0003,0.0054
21,FakeGuadalupeV2,18,10,10000,0.6796,0.2661,0.0001,0.0021
21,FakeGuadalupeV2,19,1,1000,0.71,0.1122,1.0,1.0
21,FakeGuadalupeV2,19,2,2000,0.692,0.1666,0.018,0.0544
21,FakeGuadalupeV2,19,3,3000,0.685,0.2023,0.007,0.0357
21,FakeGuadalupeV2,19,4,4000,0.6875,0.2174,0.0025,0.0151
21,FakeGuadalupeV2,19,5,5000,0.6858,0.2334,0.0017,0.016
21,FakeGuadalupeV2,19,6,6000,0.687,0.2397,0.0012,0.0063
21,FakeGuadalupeV2,19,7,7000,0.6849,0.2483,0.0021,0.0086
21,FakeGuadalupeV2,19,8,8000,0.6849,0.2535,0.0,0.0052
21,FakeGuadalupeV2,19,9,9000,0.683,0.2617,0.0019,0.0082
21,FakeGuadalupeV2,19,10,10000,0.6812,0.2652,0.0018,0.0035
22,FakeGuadalupeV2,0,1,40,0.99,0.0002,1.0,1.0
22,FakeGuadalupeV2,0,2,80,0.99,0.0001,0.0,0.0001
22,FakeGuadalupeV2,0,3,120,0.9917,0.0001,0.0017,0.0
22,FakeGuadalupeV2,0,4,160,0.9875,0.0002,0.0042,0.0002
22,FakeGuadalupeV2,0,5,200,0.99,0.0002,0.0025,0.0
22,FakeGuadalupeV2,0,6,240,0.9917,0.0002,0.0017,0.0
22,FakeGuadalupeV2,0,7,280,0.9929,0.0001,0.0012,0.0
22,FakeGuadalupeV2,0,8,320,0.9938,0.0001,0.0009,0.0
22,FakeGuadalupeV2,0,9,360,0.9944,0.0001,0.0007,0.0
22,FakeGuadalupeV2,0,10,400,0.995,0.0001,0.0006,0.0
22,FakeGuadalupeV2,1,1,40,1.0,0.0,1.0,1.0
22,FakeGuadalupeV2,1,2,80,1.0,0.0,0.0,0.0
22,FakeGuadalupeV2,1,3,120,1.0,0.0,0.0,0.0
22,FakeGuadalupeV2,1,4,160,1.0,0.0,0.0,0.0
22,FakeGuadalupeV2,1,5,200,1.0,0.0,0.0,0.0
22,FakeGuadalupeV2,1,6,240,1.0,0.0,0.0,0.0
22,FakeGuadalupeV2,1,7,280,1.0,0.0,0.0,0.0
22,FakeGuadalupeV2,1,8,320,1.0,0.0,0.0,0.0
22,FakeGuadalupeV2,1,9,360,1.0,0.0,0.0,0.0
22,FakeGuadalupeV2,1,10,400,1.0,0.0,0.0,0.0
22,FakeGuadalupeV2,2,1,40,1.0,0.0,1.0,1.0
22,FakeGuadalupeV2,2,2,80,0.99,0.0001,0.01,0.0001
22,FakeGuadalupeV2,2,3,120,0.9917,0.0001,0.0017,0.0
22,FakeGuadalupeV2,2,4,160,0.9938,0.0001,0.0021,0.0
22,FakeGuadalupeV2,2,5,200,0.99,0.0002,0.0038,0.0001
22,FakeGuadalupeV2,2,6,240,0.9917,0.0002,0.0017,0.0
22,FakeGuadalupeV2,2,7,280,0.9929,0.0001,0.0012,0.0
22,FakeGuadalupeV2,2,8,320,0.9906,0.0003,0.0022,0.0001
22,FakeGuadalupeV2,2,9,360,0.9917,0.0002,0.001,0.0
22,FakeGuadalupeV2,2,10,400,0.9925,0.0002,0.0008,0.0
22,FakeGuadalupeV2,3,1,40,1.0,0.0,1.0,1.0
22,FakeGuadalupeV2,3,2,80,1.0,0.0,0.0,0.0
22,FakeGuadalupeV2,3,3,120,1.0,0.0,0.0,0.0
22,FakeGuadalupeV2,3,4,160,1.0,0.0,0.0,0.0
22,FakeGuadalupeV2,3,5,200,1.0,0.0,0.0,0.0
22,FakeGuadalupeV2,3,6,240,1.0,0.0,0.0,0.0
22,FakeGuadalupeV2,3,7,280,0.9964,0.0,0.0036,0.0
22,FakeGuadalupeV2,3,8,320,0.9938,0.0001,0.0027,0.0001
22,FakeGuadalupeV2,3,9,360,0.9944,0.0001,0.0007,0.0
22,FakeGuadalupeV2,3,10,400,0.995,0.0001,0.0006,0.0
22,FakeGuadalupeV2,4,1,40,0.99,0.0002,1.0,1.0
22,FakeGuadalupeV2,4,2,80,0.99,0.0001,0.0,0.0001
22,FakeGuadalupeV2,4,3,120,0.975,0.0008,0.015,0.0006
22,FakeGuadalupeV2,4,4,160,0.9813,0.0006,0.0063,0.0002
22,FakeGuadalupeV2,4,5,200,0.985,0.0005,0.0037,0.0001
22,FakeGuadalupeV2,4,6,240,0.9833,0.0007,0.0017,0.0002
22,FakeGuadalupeV2,4,7,280,0.9857,0.0006,0.0024,0.0001
22,FakeGuadalupeV2,4,8,320,0.9875,0.0005,0.0018,0.0001
22,FakeGuadalupeV2,4,9,360,0.9889,0.0004,0.0014,0.0001
22,FakeGuadalupeV2,4,10,400,0.9875,0.0006,0.0014,0.0002
22,FakeGuadalupeV2,5,1,40,1.0,0.0,1.0,1.0
22,FakeGuadalupeV2,5,2,80,1.0,0.0,0.0,0.0
22,FakeGuadalupeV2,5,3,120,1.0,0.0,0.0,0.0
22,FakeGuadalupeV2,5,4,160,1.0,0.0,0.0,0.0
22,FakeGuadalupeV2,5,5,200,0.995,0.0001,0.005,0.0001
22,FakeGuadalupeV2,5,6,240,0.9958,0.0,0.0008,0.0
22,FakeGuadalupeV2,5,7,280,0.9964,0.0,0.0006,0.0
22,FakeGuadalupeV2,5,8,320,0.9969,0.0,0.0004,0.0
22,FakeGuadalupeV2,5,9,360,0.9972,0.0,0.0003,0.0
22,FakeGuadalupeV2,5,10,400,0.9975,0.0,0.0003,0.0
22,FakeGuadalupeV2,6,1,40,0.99,0.0002,1.0,1.0
22,FakeGuadalupeV2,6,2,80,0.99,0.0001,0.0,0.0001
22,FakeGuadalupeV2,6,3,120,0.9917,0.0001,0.0017,0.0
22,FakeGuadalupeV2,6,4,160,0.9938,0.0001,0.0021,0.0
22,FakeGuadalupeV2,6,5,200,0.995,0.0001,0.0012,0.0
22,FakeGuadalupeV2,6,6,240,0.9958,0.0,0.0008,0.0
22,FakeGuadalupeV2,6,7,280,0.9929,0.0001,0.003,0.0001
22,FakeGuadalupeV2,6,8,320,0.9906,0.0003,0.0022,0.0001
22,FakeGuadalupeV2,6,9,360,0.9917,0.0002,0.001,0.0
22,FakeGuadalupeV2,6,10,400,0.99,0.0004,0.0017,0.0002
22,FakeGuadalupeV2,7,1,40,1.0,0.0,1.0,1.0
22,FakeGuadalupeV2,7,2,80,1.0,0.0,0.0,0.0
22,FakeGuadalupeV2,7,3,120,1.0,0.0,0.0,0.0
22,FakeGuadalupeV2,7,4,160,1.0,0.0,0.0,0.0
22,FakeGuadalupeV2,7,5,200,1.0,0.0,0.0,0.0
22,FakeGuadalupeV2,7,6,240,1.0,0.0,0.0,0.0
22,FakeGuadalupeV2,7,7,280,0.9929,0.0001,0.0071,0.0001
22,FakeGuadalupeV2,7,8,320,0.9938,0.0001,0.0009,0.0
22,FakeGuadalupeV2,7,9,360,0.9944,0.0001,0.0007,0.0
22,FakeGuadalupeV2,7,10,400,0.995,0.0001,0.0006,0.0
22,FakeGuadalupeV2,8,1,40,1.0,0.0,1.0,1.0
22,FakeGuadalupeV2,8,2,80,1.0,0.0,0.0,0.0
22,FakeGuadalupeV2,8,3,120,1.0,0.0,0.0,0.0
22,FakeGuadalupeV2,8,4,160,1.0,0.0,0.0,0.0
22,FakeGuadalupeV2,8,5,200,1.0,0.0,0.0,0.0
22,FakeGuadalupeV2,8,6,240,1.0,0.0,0.0,0.0
22,FakeGuadalupeV2,8,7,280,1.0,0.0,0.0,0.0
22,FakeGuadalupeV2,8,8,320,1.0,0.0,0.0,0.0
22,FakeGuadalupeV2,8,9,360,1.0,0.0,0.0,0.0
22,FakeGuadalupeV2,8,10,400,1.0,0.0,0.0,0.0
22,FakeGuadalupeV2,9,1,40,0.99,0.0002,1.0,1.0
22,FakeGuadalupeV2,9,2,80,0.99,0.0001,0.0,0.0001
22,FakeGuadalupeV2,9,3,120,0.9917,0.0001,0.0017,0.0
22,FakeGuadalupeV2,9,4,160,0.9938,0.0001,0.0021,0.0
22,FakeGuadalupeV2,9,5,200,0.995,0.0001,0.0012,0.0
22,FakeGuadalupeV2,9,6,240,0.9958,0.0,0.0008,0.0
22,FakeGuadalupeV2,9,7,280,0.9964,0.0,0.0006,0.0
22,FakeGuadalupeV2,9,8,320,0.9969,0.0,0.0004,0.0
22,FakeGuadalupeV2,9,9,360,0.9972,0.0,0.0003,0.0
22,FakeGuadalupeV2,9,10,400,0.995,0.0001,0.0022,0.0001
22,FakeGuadalupeV2,10,1,40,1.0,0.0,1.0,1.0
22,FakeGuadalupeV2,10,2,80,1.0,0.0,0.0,0.0
22,FakeGuadalupeV2,10,3,120,1.0,0.0,0.0,0.0
22,FakeGuadalupeV2,10,4,160,1.0,0.0,0.0,0.0
22,FakeGuadalupeV2,10,5,200,1.0,0.0,0.0,0.0
22,FakeGuadalupeV2,10,6,240,0.9958,0.0,0.0042,0.0
22,FakeGuadalupeV2,10,7,280,0.9964,0.0,0.0006,0.0
22,FakeGuadalupeV2,10,8,320,0.9906,0.0003,0.0058,0.0002
22,FakeGuadalupeV2,10,9,360,0.9917,0.0002,0.001,0.0
22,FakeGuadalupeV2,10,10,400,0.9925,0.0002,0.0008,0.0
22,FakeGuadalupeV2,11,1,40,1.0,0.0,1.0,1.0
22,FakeGuadalupeV2,11,2,80,0.99,0.0001,0.01,0.0001
22,FakeGuadalupeV2,11,3,120,0.9917,0.0001,0.0017,0.0
22,FakeGuadalupeV2,11,4,160,0.9938,0.0001,0.0021,0.0
22,FakeGuadalupeV2,11,5,200,0.99,0.0002,0.0038,0.0001
22,FakeGuadalupeV2,11,6,240,0.9833,0.0007,0.0067,0.0005
22,FakeGuadalupeV2,11,7,280,0.9821,0.0009,0.0012,0.0002
22,FakeGuadalupeV2,11,8,320,0.9844,0.0008,0.0022,0.0001
22,FakeGuadalupeV2,11,9,360,0.9861,0.0007,0.0017,0.0001
22,FakeGuadalupeV2,11,10,400,0.9875,0.0006,0.0014,0.0001
22,FakeGuadalupeV2,12,1,40,1.0,0.0,1.0,1.0
22,FakeGuadalupeV2,12,2,80,1.0,0.0,0.0,0.0
22,FakeGuadalupeV2,12,3,120,1.0,0.0,0.0,0.0
22,FakeGuadalupeV2,12,4,160,1.0,0.0,0.0,0.0
22,FakeGuadalupeV2,12,5,200,0.995,0.0001,0.005,0.0001
22,FakeGuadalupeV2,12,6,240,0.9958,0.0,0.0008,0.0
22,FakeGuadalupeV2,12,7,280,0.9929,0.0001,0.003,0.0001
22,FakeGuadalupeV2,12,8,320,0.9906,0.0003,0.0022,0.0001
22,FakeGuadalupeV2,12,9,360,0.9917,0.0002,0.001,0.0
22,FakeGuadalupeV2,12,10,400,0.9925,0.0002,0.0008,0.0
22,FakeGuadalupeV2,13,1,40,1.0,0.0,1.0,1.0
22,FakeGuadalupeV2,13,2,80,1.0,0.0,0.0,0.0
22,FakeGuadalupeV2,13,3,120,1.0,0.0,0.0,0.0
22,FakeGuadalupeV2,13,4,160,0.9875,0.0002,0.0125,0.0002
22,FakeGuadalupeV2,13,5,200,0.985,0.0005,0.0025,0.0002
22,FakeGuadalupeV2,13,6,240,0.9833,0.0007,0.0017,0.0002
22,FakeGuadalupeV2,13,7,280,0.9821,0.0009,0.0012,0.0002
22,FakeGuadalupeV2,13,8,320,0.9844,0.0008,0.0022,0.0001
22,FakeGuadalupeV2,13,9,360,0.9861,0.0007,0.0017,0.0001
22,FakeGuadalupeV2,13,10,400,0.9825,0.001,0.0036,0.0003
22,FakeGuadalupeV2,14,1,40,1.0,0.0,1.0,1.0
22,FakeGuadalupeV2,14,2,80,1.0,0.0,0.0,0.0
22,FakeGuadalupeV2,14,3,120,1.0,0.0,0.0,0.0
22,FakeGuadalupeV2,14,4,160,1.0,0.0,0.0,0.0
22,FakeGuadalupeV2,14,5,200,1.0,0.0,0.0,0.0
22,FakeGuadalupeV2,14,6,240,1.0,0.0,0.0,0.0
22,FakeGuadalupeV2,14,7,280,0.9964,0.0,0.0036,0.0
22,FakeGuadalupeV2,14,8,320,0.9969,0.0,0.0004,0.0
22,FakeGuadalupeV2,14,9,360,0.9972,0.0,0.0003,0.0
22,FakeGuadalupeV2,14,10,400,0.9975,0.0,0.0003,0.0
22,FakeGuadalupeV2,15,1,40,1.0,0.0,1.0,1.0
22,FakeGuadalupeV2,15,2,80,0.99,0.0001,0.01,0.0001
22,FakeGuadalupeV2,15,3,120,0.9833,0.0003,0.0067,0.0002
22,FakeGuadalupeV2,15,4,160,0.9875,0.0002,0.0042,0.0001
22,FakeGuadalupeV2,15,5,200,0.985,0.0005,0.0025,0.0002
22,FakeGuadalupeV2,15,6,240,0.9875,0.0004,0.0025,0.0001
22,FakeGuadalupeV2,15,7,280,0.9893,0.0003,0.0018,0.0001
22,FakeGuadalupeV2,15,8,320,0.9906,0.0003,0.0013,0.0
22,FakeGuadalupeV2,15,9,360,0.9917,0.0002,0.001,0.0
22,FakeGuadalupeV2,15,10,400,0.9925,0.0002,0.0008,0.0
22,FakeGuadalupeV2,16,1,40,1.0,0.0,1.0,1.0
22,FakeGuadalupeV2,16,2,80,1.0,0.0,0.0,0.0
22,FakeGuadalupeV2,16,3,120,1.0,0.0,0.0,0.0
22,FakeGuadalupeV2,16,4,160,1.0,0.0,0.0,0.0
22,FakeGuadalupeV2,16,5,200,1.0,0.0,0.0,0.0
22,FakeGuadalupeV2,16,6,240,1.0,0.0,0.0,0.0
22,FakeGuadalupeV2,16,7,280,1.0,0.0,0.0,0.0
22,FakeGuadalupeV2,16,8,320,1.0,0.0,0.0,0.0
22,FakeGuadalupeV2,16,9,360,1.0,0.0,0.0,0.0
22,FakeGuadalupeV2,16,10,400,1.0,0.0,0.0,0.0
22,FakeGuadalupeV2,17,1,40,1.0,0.0,1.0,1.0
22,FakeGuadalupeV2,17,2,80,1.0,0.0,0.0,0.0
22,FakeGuadalupeV2,17,3,120,1.0,0.0,0.0,0.0
22,FakeGuadalupeV2,17,4,160,0.9938,0.0001,0.0062,0.0001
22,FakeGuadalupeV2,17,5,200,0.995,0.0001,0.0012,0.0
22,FakeGuadalupeV2,17,6,240,0.9958,0.0,0.0008,0.0
22,FakeGuadalupeV2,17,7,280,0.9964,0.0,0.0006,0.0
22,FakeGuadalupeV2,17,8,320,0.9938,0.0001,0.0027,0.0001
22,FakeGuadalupeV2,17,9,360,0.9944,0.0001,0.0007,0.0
22,FakeGuadalupeV2,17,10,400,0.995,0.0001,0.0006,0.0
22,FakeGuadalupeV2,18,1,40,0.99,0.0002,1.0,1.0
22,FakeGuadalupeV2,18,2,80,0.99,0.0001,0.0,0.0001
22,FakeGuadalupeV2,18,3,120,0.9917,0.0001,0.0017,0.0
22,FakeGuadalupeV2,18,4,160,0.9938,0.0001,0.0021,0.0
22,FakeGuadalupeV2,18,5,200,0.995,0.0001,0.0012,0.0
22,FakeGuadalupeV2,18,6,240,0.9958,0.0,0.0008,0.0
22,FakeGuadalupeV2,18,7,280,0.9964,0.0,0.0006,0.0
22,FakeGuadalupeV2,18,8,320,0.9969,0.0,0.0004,0.0
22,FakeGuadalupeV2,18,9,360,0.9972,0.0,0.0003,0.0
22,FakeGuadalupeV2,18,10,400,0.995,0.0001,0.0022,0.0001
22,FakeGuadalupeV2,19,1,40,1.0,0.0,1.0,1.0
22,FakeGuadalupeV2,19,2,80,1.0,0.0,0.0,0.0
22,FakeGuadalupeV2,19,3,120,1.0,0.0,0.0,0.0
22,FakeGuadalupeV2,19,4,160,1.0,0.0,0.0,0.0
22,FakeGuadalupeV2,19,5,200,1.0,0.0,0.0,0.0
22,FakeGuadalupeV2,19,6,240,1.0,0.0,0.0,0.0
22,FakeGuadalupeV2,19,7,280,0.9964,0.0,0.0036,0.0
22,FakeGuadalupeV2,19,8,320,0.9938,0.0001,0.0027,0.0001
22,FakeGuadalupeV2,19,9,360,0.9944,0.0001,0.0007,0.0
22,FakeGuadalupeV2,19,10,400,0.995,0.0001,0.0006,0.0
23,FakeGuadalupeV2,0,1,400,0.3775,0.6225,1.0,1.0
23,FakeGuadalupeV2,0,2,800,0.3688,0.6312,0.0087,0.0088
23,FakeGuadalupeV2,0,3,1200,0.3667,0.6333,0.0021,0.0021
23,FakeGuadalupeV2,0,4,1600,0.3694,0.6306,0.0027,0.0027
23,FakeGuadalupeV2,0,5,2000,0.363,0.637,0.0064,0.0064
23,FakeGuadalupeV2,0,6,2400,0.37,0.63,0.007,0.007
23,FakeGuadalupeV2,0,7,2800,0.3686,0.6314,0.0014,0.0014
23,FakeGuadalupeV2,0,8,3200,0.3656,0.6344,0.0029,0.0029
23,FakeGuadalupeV2,0,9,3600,0.3672,0.6328,0.0016,0.0016
23,FakeGuadalupeV2,0,10,4000,0.364,0.636,0.0032,0.0032
23,FakeGuadalupeV2,1,1,400,0.3775,0.6225,1.0,1.0
23,FakeGuadalupeV2,1,2,800,0.37,0.63,0.0075,0.0075
23,FakeGuadalupeV2,1,3,1200,0.3667,0.6333,0.0033,0.0033
23,FakeGuadalupeV2,1,4,1600,0.3694,0.6306,0.0027,0.0027
23,FakeGuadalupeV2,1,5,2000,0.3635,0.6365,0.0059,0.0059
23,FakeGuadalupeV2,1,6,2400,0.3704,0.6296,0.0069,0.0069
23,FakeGuadalupeV2,1,7,2800,0.3686,0.6314,0.0018,0.0018
23,FakeGuadalupeV2,1,8,3200,0.3659,0.6341,0.0026,0.0026
23,FakeGuadalupeV2,1,9,3600,0.3675,0.6325,0.0016,0.0016
23,FakeGuadalupeV2,1,10,4000,0.364,0.636,0.0035,0.0035
23,FakeGuadalupeV2,2,1,400,0.375,0.625,1.0,1.0
23,FakeGuadalupeV2,2,2,800,0.3688,0.6312,0.0062,0.0062
23,FakeGuadalupeV2,2,3,1200,0.3658,0.6342,0.0029,0.0029
23,FakeGuadalupeV2,2,4,1600,0.3688,0.6312,0.0029,0.0029
23,FakeGuadalupeV2,2,5,2000,0.363,0.637,0.0058,0.0058
23,FakeGuadalupeV2,2,6,2400,0.3704,0.6296,0.0074,0.0074
23,FakeGuadalupeV2,2,7,2800,0.3686,0.6314,0.0018,0.0018
23,FakeGuadalupeV2,2,8,3200,0.3656,0.6344,0.0029,0.0029
23,FakeGuadalupeV2,2,9,3600,0.3672,0.6328,0.0016,0.0016
23,FakeGuadalupeV2,2,10,4000,0.364,0.636,0.0032,0.0032
23,FakeGuadalupeV2,3,1,400,0.3725,0.6275,1.0,1.0
23,FakeGuadalupeV2,3,2,800,0.3688,0.6312,0.0038,0.0038
23,FakeGuadalupeV2,3,3,1200,0.3658,0.6342,0.0029,0.0029
23,FakeGuadalupeV2,3,4,1600,0.3688,0.6312,0.0029,0.0029
23,FakeGuadalupeV2,3,5,2000,0.3625,0.6375,0.0062,0.0062
23,FakeGuadalupeV2,3,6,2400,0.37,0.63,0.0075,0.0075
23,FakeGuadalupeV2,3,7,2800,0.3686,0.6314,0.0014,0.0014
23,FakeGuadalupeV2,3,8,3200,0.3656,0.6344,0.0029,0.0029
23,FakeGuadalupeV2,3,9,3600,0.3669,0.6331,0.0013,0.0013
23,FakeGuadalupeV2,3,10,4000,0.364,0.636,0.0029,0.0029
23,FakeGuadalupeV2,4,1,400,0.37,0.63,1.0,1.0
23,FakeGuadalupeV2,4,2,800,0.3688,0.6312,0.0012,0.0012
23,FakeGuadalupeV2,4,3,1200,0.3658,0.6342,0.0029,0.0029
23,FakeGuadalupeV2,4,4,1600,0.3681,0.6319,0.0023,0.0023
23,FakeGuadalupeV2,4,5,2000,0.362,0.638,0.0061,0.0061
23,FakeGuadalupeV2,4,6,2400,0.37,0.63,0.008,0.008
23,FakeGuadalupeV2,4,7,2800,0.3686,0.6314,0.0014,0.0014
23,FakeGuadalupeV2,4,8,3200,0.3653,0.6347,0.0033,0.0033
23,FakeGuadalupeV2,4,9,3600,0.3667,0.6333,0.0014,0.0014
23,FakeGuadalupeV2,4,10,4000,0.3638,0.6362,0.0029,0.0029
23,FakeGuadalupeV2,5,1,400,0.37,0.63,1.0,1.0
23,FakeGuadalupeV2,5,2,800,0.3688,0.6312,0.0012,0.0012
23,FakeGuadalupeV2,5,3,1200,0.3658,0.6342,0.0029,0.0029
23,FakeGuadalupeV2,5,4,1600,0.3681,0.6319,0.0023,0.0023
23,FakeGuadalupeV2,5,5,2000,0.3625,0.6375,0.0056,0.0056
23,FakeGuadalupeV2,5,6,2400,0.37,0.63,0.0075,0.0075
23,FakeGuadalupeV2,5,7,2800,0.3689,0.6311,0.0011,0.0011
23,FakeGuadalupeV2,5,8,3200,0.3653,0.6347,0.0036,0.0036
23,FakeGuadalupeV2,5,9,3600,0.3667,0.6333,0.0014,0.0014
23,FakeGuadalupeV2,5,10,4000,0.364,0.636,0.0027,0.0027
23,FakeGuadalupeV2,6,1,400,0.37,0.63,1.0,1.0
23,FakeGuadalupeV2,6,2,800,0.3688,0.6312,0.0012,0.0012
23,FakeGuadalupeV2,6,3,1200,0.3667,0.6333,0.0021,0.0021
23,FakeGuadalupeV2,6,4,1600,0.3688,0.6312,0.0021,0.0021
23,FakeGuadalupeV2,6,5,2000,0.3625,0.6375,0.0062,0.0062
23,FakeGuadalupeV2,6,6,2400,0.37,0.63,0.0075,0.0075
23,FakeGuadalupeV2,6,7,2800,0.3689,0.6311,0.0011,0.0011
23,FakeGuadalupeV2,6,8,3200,0.3653,0.6347,0.0036,0.0036
23,FakeGuadalupeV2,6,9,3600,0.3667,0.6333,0.0014,0.0014
23,FakeGuadalupeV2,6,10,4000,0.364,0.636,0.0027,0.0027
23,FakeGuadalupeV2,7,1,400,0.37,0.63,1.0,1.0
23,FakeGuadalupeV2,7,2,800,0.37,0.63,0.0,0.0
23,FakeGuadalupeV2,7,3,1200,0.3667,0.6333,0.0033,0.0033
23,FakeGuadalupeV2,7,4,1600,0.3688,0.6312,0.0021,0.0021
23,FakeGuadalupeV2,7,5,2000,0.3625,0.6375,0.0062,0.0062
23,FakeGuadalupeV2,7,6,2400,0.37,0.63,0.0075,0.0075
23,FakeGuadalupeV2,7,7,2800,0.3693,0.6307,0.0007,0.0007
23,FakeGuadalupeV2,7,8,3200,0.3653,0.6347,0.004,0.004
23,FakeGuadalupeV2,7,9,3600,0.3667,0.6333,0.0014,0.0014
23,FakeGuadalupeV2,7,10,4000,0.364,0.636,0.0027,0.0027
23,FakeGuadalupeV2,8,1,400,0.3675,0.6325,1.0,1.0
23,FakeGuadalupeV2,8,2,800,0.3688,0.6312,0.0012,0.0012
23,FakeGuadalupeV2,8,3,1200,0.3658,0.6342,0.0029,0.0029
23,FakeGuadalupeV2,8,4,1600,0.3688,0.6312,0.0029,0.0029
23,FakeGuadalupeV2,8,5,2000,0.362,0.638,0.0068,0.0067
23,FakeGuadalupeV2,8,6,2400,0.3696,0.6304,0.0076,0.0076
23,FakeGuadalupeV2,8,7,2800,0.3689,0.6311,0.0007,0.0007
23,FakeGuadalupeV2,8,8,3200,0.365,0.635,0.0039,0.0039
23,FakeGuadalupeV2,8,9,3600,0.3664,0.6336,0.0014,0.0014
23,FakeGuadalupeV2,8,10,4000,0.364,0.636,0.0024,0.0024
23,FakeGuadalupeV2,9,1,400,0.3675,0.6325,1.0,1.0
23,FakeGuadalupeV2,9,2,800,0.37,0.63,0.0025,0.0025
23,FakeGuadalupeV2,9,3,1200,0.3658,0.6342,0.0042,0.0042
23,FakeGuadalupeV2,9,4,1600,0.3688,0.6312,0.0029,0.0029
23,FakeGuadalupeV2,9,5,2000,0.362,0.638,0.0068,0.0067
23,FakeGuadalupeV2,9,6,2400,0.3696,0.6304,0.0076,0.0076
23,FakeGuadalupeV2,9,7,2800,0.3689,0.6311,0.0007,0.0007
23,FakeGuadalupeV2,9,8,3200,0.365,0.635,0.0039,0.0039
23,FakeGuadalupeV2,9,9,3600,0.3664,0.6336,0.0014,0.0014
23,FakeGuadalupeV2,9,10,4000,0.3642,0.6358,0.0021,0.0021
23,FakeGuadalupeV2,10,1,400,0.37,0.63,1.0,1.0
23,FakeGuadalupeV2,10,2,800,0.3712,0.6288,0.0012,0.0012
23,FakeGuadalupeV2,10,3,1200,0.3667,0.6333,0.0046,0.0046
23,FakeGuadalupeV2,10,4,1600,0.3688,0.6312,0.0021,0.0021
23,FakeGuadalupeV2,10,5,2000,0.362,0.638,0.0068,0.0067
23,FakeGuadalupeV2,10,6,2400,0.37,0.63,0.008,0.008
23,FakeGuadalupeV2,10,7,2800,0.3689,0.6311,0.0011,0.0011
23,FakeGuadalupeV2,10,8,3200,0.3653,0.6347,0.0036,0.0036
23,FakeGuadalupeV2,10,9,3600,0.3667,0.6333,0.0014,0.0014
23,FakeGuadalupeV2,10,10,4000,0.3645,0.6355,0.0022,0.0022
23,FakeGuadalupeV2,11,1,400,0.37,0.63,1.0,1.0
23,FakeGuadalupeV2,11,2,800,0.3725,0.6275,0.0025,0.0025
23,FakeGuadalupeV2,11,3,1200,0.3675,0.6325,0.005,0.005
23,FakeGuadalupeV2,11,4,1600,0.3688,0.6312,0.0012,0.0012
23,FakeGuadalupeV2,11,5,2000,0.362,0.638,0.0068,0.0067
23,FakeGuadalupeV2,11,6,2400,0.3704,0.6296,0.0084,0.0084
23,FakeGuadalupeV2,11,7,2800,0.3689,0.6311,0.0015,0.0015
23,FakeGuadalupeV2,11,8,3200,0.3656,0.6344,0.0033,0.0033
23,FakeGuadalupeV2,11,9,3600,0.3667,0.6333,0.001,0.001
23,FakeGuadalupeV2,11,10,4000,0.3648,0.6352,0.0019,0.0019
23,FakeGuadalupeV2,12,1,400,0.3725,0.6275,1.0,1.0
23,FakeGuadalupeV2,12,2,800,0.3725,0.6275,0.0,0.0
23,FakeGuadalupeV2,12,3,1200,0.3683,0.6317,0.0042,0.0042
23,FakeGuadalupeV2,12,4,1600,0.3688,0.6312,0.0004,0.0004
23,FakeGuadalupeV2,12,5,2000,0.362,0.638,0.0068,0.0067
23,FakeGuadalupeV2,12,6,2400,0.3708,0.6292,0.0088,0.0088
23,FakeGuadalupeV2,12,7,2800,0.3689,0.6311,0.0019,0.0019
23,FakeGuadalupeV2,12,8,3200,0.3659,0.6341,0.003,0.003
23,FakeGuadalupeV2,12,9,3600,0.3667,0.6333,0.0007,0.0007
23,FakeGuadalupeV2,12,10,4000,0.3648,0.6352,0.0019,0.0019
23,FakeGuadalupeV2,13,1,400,0.3725,0.6275,1.0,1.0
23,FakeGuadalupeV2,13,2,800,0.3725,0.6275,0.0,0.0
23,FakeGuadalupeV2,13,3,1200,0.3675,0.6325,0.005,0.005
23,FakeGuadalupeV2,13,4,1600,0.3681,0.6319,0.0006,0.0006
23,FakeGuadalupeV2,13,5,2000,0.362,0.638,0.0061,0.0061
23,FakeGuadalupeV2,13,6,2400,0.3704,0.6296,0.0084,0.0084
23,FakeGuadalupeV2,13,7,2800,0.3686,0.6314,0.0018,0.0018
23,FakeGuadalupeV2,13,8,3200,0.3656,0.6344,0.0029,0.0029
23,FakeGuadalupeV2,13,9,3600,0.3664,0.6336,0.0008,0.0008
23,FakeGuadalupeV2,13,10,4000,0.3645,0.6355,0.0019,0.0019
23,FakeGuadalupeV2,14,1,400,0.37,0.63,1.0,1.0
23,FakeGuadalupeV2,14,2,800,0.3725,0.6275,0.0025,0.0025
23,FakeGuadalupeV2,14,3,1200,0.3667,0.6333,0.0058,0.0058
23,FakeGuadalupeV2,14,4,1600,0.3675,0.6325,0.0008,0.0008
23,FakeGuadalupeV2,14,5,2000,0.362,0.638,0.0055,0.0055
23,FakeGuadalupeV2,14,6,2400,0.3704,0.6296,0.0084,0.0084
23,FakeGuadalupeV2,14,7,2800,0.3682,0.6318,0.0022,0.0022
23,FakeGuadalupeV2,14,8,3200,0.3653,0.6347,0.0029,0.0029
23,FakeGuadalupeV2,14,9,3600,0.3661,0.6339,0.0008,0.0008
23,FakeGuadalupeV2,14,10,4000,0.3645,0.6355,0.0016,0.0016
23,FakeGuadalupeV2,15,1,400,0.37,0.63,1.0,1.0
23,FakeGuadalupeV2,15,2,800,0.3725,0.6275,0.0025,0.0025
23,FakeGuadalupeV2,15,3,1200,0.3667,0.6333,0.0058,0.0058
23,FakeGuadalupeV2,15,4,1600,0.3681,0.6319,0.0015,0.0015
23,FakeGuadalupeV2,15,5,2000,0.362,0.638,0.0061,0.0061
23,FakeGuadalupeV2,15,6,2400,0.3704,0.6296,0.0084,0.0084
23,FakeGuadalupeV2,15,7,2800,0.3686,0.6314,0.0018,0.0018
23,FakeGuadalupeV2,15,8,3200,0.3656,0.6344,0.0029,0.0029
23,FakeGuadalupeV2,15,9,3600,0.3664,0.6336,0.0008,0.0008
23,FakeGuadalupeV2,15,10,4000,0.3648,0.6352,0.0016,0.0016
23,FakeGuadalupeV2,16,1,400,0.3725,0.6275,1.0,1.0
23,FakeGuadalupeV2,16,2,800,0.3738,0.6262,0.0012,0.0013
23,FakeGuadalupeV2,16,3,1200,0.3667,0.6333,0.0071,0.0071
23,FakeGuadalupeV2,16,4,1600,0.3688,0.6312,0.0021,0.0021
23,FakeGuadalupeV2,16,5,2000,0.362,0.638,0.0068,0.0067
23,FakeGuadalupeV2,16,6,2400,0.3704,0.6296,0.0084,0.0084
23,FakeGuadalupeV2,16,7,2800,0.3689,0.6311,0.0015,0.0015
23,FakeGuadalupeV2,16,8,3200,0.3656,0.6344,0.0033,0.0033
23,FakeGuadalupeV2,16,9,3600,0.3664,0.6336,0.0008,0.0008
23,FakeGuadalupeV2,16,10,4000,0.3648,0.6352,0.0016,0.0016
23,FakeGuadalupeV2,17,1,400,0.3725,0.6275,1.0,1.0
23,FakeGuadalupeV2,17,2,800,0.3725,0.6275,0.0,0.0
23,FakeGuadalupeV2,17,3,1200,0.3658,0.6342,0.0067,0.0067
23,FakeGuadalupeV2,17,4,1600,0.3688,0.6312,0.0029,0.0029
23,FakeGuadalupeV2,17,5,2000,0.362,0.638,0.0068,0.0067
23,FakeGuadalupeV2,17,6,2400,0.37,0.63,0.008,0.008
23,FakeGuadalupeV2,17,7,2800,0.3686,0.6314,0.0014,0.0014
23,FakeGuadalupeV2,17,8,3200,0.3653,0.6347,0.0033,0.0033
23,FakeGuadalupeV2,17,9,3600,0.3661,0.6339,0.0008,0.0008
23,FakeGuadalupeV2,17,10,4000,0.3645,0.6355,0.0016,0.0016
23,FakeGuadalupeV2,18,1,400,0.375,0.625,1.0,1.0
23,FakeGuadalupeV2,18,2,800,0.3725,0.6275,0.0025,0.0025
23,FakeGuadalupeV2,18,3,1200,0.3658,0.6342,0.0067,0.0067
23,FakeGuadalupeV2,18,4,1600,0.3688,0.6312,0.0029,0.0029
23,FakeGuadalupeV2,18,5,2000,0.362,0.638,0.0068,0.0067
23,FakeGuadalupeV2,18,6,2400,0.37,0.63,0.008,0.008
23,FakeGuadalupeV2,18,7,2800,0.3686,0.6314,0.0014,0.0014
23,FakeGuadalupeV2,18,8,3200,0.3656,0.6344,0.0029,0.0029
23,FakeGuadalupeV2,18,9,3600,0.3661,0.6339,0.0005,0.0005
23,FakeGuadalupeV2,18,10,4000,0.3648,0.6352,0.0014,0.0014
23,FakeGuadalupeV2,19,1,400,0.375,0.625,1.0,1.0
23,FakeGuadalupeV2,19,2,800,0.3725,0.6275,0.0025,0.0025
23,FakeGuadalupeV2,19,3,1200,0.3667,0.6333,0.0058,0.0058
23,FakeGuadalupeV2,19,4,1600,0.3688,0.6312,0.0021,0.0021
23,FakeGuadalupeV2,19,5,2000,0.3625,0.6375,0.0062,0.0062
23,FakeGuadalupeV2,19,6,2400,0.37,0.63,0.0075,0.0075
23,FakeGuadalupeV2,19,7,2800,0.3689,0.6311,0.0011,0.0011
23,FakeGuadalupeV2,19,8,3200,0.3656,0.6344,0.0033,0.0033
23,FakeGuadalupeV2,19,9,3600,0.3661,0.6339,0.0005,0.0005
23,FakeGuadalupeV2,19,10,4000,0.365,0.635,0.0011,0.0011
24,FakeGuadalupeV2,0,1,102,0.3824,0.5971,1.0,1.0
24,FakeGuadalupeV2,0,2,204,0.3431,0.6789,0.0392,0.0818
24,FakeGuadalupeV2,0,3,306,0.3268,0.743,0.0163,0.0641
24,FakeGuadalupeV2,0,4,408,0.3039,0.75,0.0229,0.007
24,FakeGuadalupeV2,0,5,510,0.3157,0.7491,0.0118,0.0009
24,FakeGuadalupeV2,0,6,612,0.3203,0.7535,0.0046,0.0044
24,FakeGuadalupeV2,0,7,714,0.3137,0.7637,0.0065,0.0102
24,FakeGuadalupeV2,0,8,816,0.3076,0.7656,0.0061,0.0019
24,FakeGuadalupeV2,0,9,918,0.3159,0.7499,0.0083,0.0157
24,FakeGuadalupeV2,0,10,1024,0.3184,0.7476,0.0025,0.0022
24,FakeGuadalupeV2,1,1,102,0.4118,0.5957,1.0,1.0
24,FakeGuadalupeV2,1,2,204,0.402,0.6177,0.0098,0.0219
24,FakeGuadalupeV2,1,3,306,0.366,0.6844,0.0359,0.0668
24,FakeGuadalupeV2,1,4,408,0.3701,0.682,0.0041,0.0024
24,FakeGuadalupeV2,1,5,510,0.3667,0.6859,0.0034,0.004
24,FakeGuadalupeV2,1,6,612,0.366,0.6888,0.0007,0.0029
24,FakeGuadalupeV2,1,7,714,0.3613,0.697,0.0047,0.0082
24,FakeGuadalupeV2,1,8,816,0.3578,0.7024,0.0035,0.0053
24,FakeGuadalupeV2,1,9,918,0.3704,0.6903,0.0125,0.0121
24,FakeGuadalupeV2,1,10,1024,0.3664,0.6942,0.004,0.0039
24,FakeGuadalupeV2,2,1,102,0.3431,0.6711,1.0,1.0
24,FakeGuadalupeV2,2,2,204,0.3382,0.7428,0.0049,0.0718
24,FakeGuadalupeV2,2,3,306,0.3333,0.7393,0.0049,0.0036
24,FakeGuadalupeV2,2,4,408,0.326,0.7436,0.0074,0.0044
24,FakeGuadalupeV2,2,5,510,0.3176,0.748,0.0083,0.0044
24,FakeGuadalupeV2,2,6,612,0.3105,0.745,0.0072,0.003
24,FakeGuadalupeV2,2,7,714,0.3025,0.7555,0.0079,0.0106
24,FakeGuadalupeV2,2,8,816,0.3015,0.7579,0.0011,0.0024
24,FakeGuadalupeV2,2,9,918,0.3126,0.7547,0.0112,0.0032
24,FakeGuadalupeV2,2,10,1024,0.3046,0.7603,0.008,0.0056
24,FakeGuadalupeV2,3,1,102,0.451,0.5014,1.0,1.0
24,FakeGuadalupeV2,3,2,204,0.4265,0.5736,0.0245,0.0722
24,FakeGuadalupeV2,3,3,306,0.3987,0.6365,0.0278,0.0629
24,FakeGuadalupeV2,3,4,408,0.3922,0.6474,0.0065,0.0109
24,FakeGuadalupeV2,3,5,510,0.3765,0.6697,0.0157,0.0223
24,FakeGuadalupeV2,3,6,612,0.3742,0.6696,0.0023,0.0001
24,FakeGuadalupeV2,3,7,714,0.3669,0.6774,0.0072,0.0078
24,FakeGuadalupeV2,3,8,816,0.3603,0.6825,0.0067,0.0051
24,FakeGuadalupeV2,3,9,918,0.3627,0.6828,0.0025,0.0003
24,FakeGuadalupeV2,3,10,1024,0.3674,0.6785,0.0047,0.0044
24,FakeGuadalupeV2,4,1,102,0.3725,0.6324,1.0,1.0
24,FakeGuadalupeV2,4,2,204,0.348,0.7156,0.0245,0.0831
24,FakeGuadalupeV2,4,3,306,0.2908,0.7746,0.0572,0.0591
24,FakeGuadalupeV2,4,4,408,0.2892,0.7987,0.0016,0.0241
24,FakeGuadalupeV2,4,5,510,0.2863,0.8083,0.0029,0.0096
24,FakeGuadalupeV2,4,6,612,0.2794,0.8188,0.0069,0.0105
24,FakeGuadalupeV2,4,7,714,0.2759,0.8273,0.0035,0.0085
24,FakeGuadalupeV2,4,8,816,0.2672,0.8332,0.0088,0.0058
24,FakeGuadalupeV2,4,9,918,0.2691,0.8298,0.0019,0.0033
24,FakeGuadalupeV2,4,10,1024,0.2693,0.8309,0.0002,0.0011
24,FakeGuadalupeV2,5,1,102,0.4412,0.527,1.0,1.0
24,FakeGuadalupeV2,5,2,204,0.3186,0.7404,0.1225,0.2134
24,FakeGuadalupeV2,5,3,306,0.3007,0.7906,0.018,0.0502
24,FakeGuadalupeV2,5,4,408,0.2794,0.8112,0.0212,0.0206
24,FakeGuadalupeV2,5,5,510,0.2686,0.8051,0.0108,0.0062
24,FakeGuadalupeV2,5,6,612,0.2778,0.8043,0.0092,0.0008
24,FakeGuadalupeV2,5,7,714,0.2633,0.8153,0.0145,0.011
24,FakeGuadalupeV2,5,8,816,0.2623,0.8124,0.0011,0.0029
24,FakeGuadalupeV2,5,9,918,0.2625,0.8124,0.0003,0.0
24,FakeGuadalupeV2,5,10,1024,0.2646,0.8146,0.0021,0.0023
24,FakeGuadalupeV2,6,1,102,0.4706,0.5256,1.0,1.0
24,FakeGuadalupeV2,6,2,204,0.3529,0.7088,0.1176,0.1831
24,FakeGuadalupeV2,6,3,306,0.366,0.6971,0.0131,0.0117
24,FakeGuadalupeV2,6,4,408,0.3505,0.7084,0.0155,0.0113
24,FakeGuadalupeV2,6,5,510,0.349,0.7143,0.0015,0.006
24,FakeGuadalupeV2,6,6,612,0.3627,0.7091,0.0137,0.0052
24,FakeGuadalupeV2,6,7,714,0.3529,0.7175,0.0098,0.0084
24,FakeGuadalupeV2,6,8,816,0.3444,0.7275,0.0086,0.01
24,FakeGuadalupeV2,6,9,918,0.3388,0.7325,0.0056,0.005
24,FakeGuadalupeV2,6,10,1024,0.3361,0.7306,0.0026,0.002
24,FakeGuadalupeV2,7,1,102,0.4608,0.4823,1.0,1.0
24,FakeGuadalupeV2,7,2,204,0.4363,0.5445,0.0245,0.0622
24,FakeGuadalupeV2,7,3,306,0.4052,0.6027,0.031,0.0582
24,FakeGuadalupeV2,7,4,408,0.3775,0.6463,0.0278,0.0436
24,FakeGuadalupeV2,7,5,510,0.3667,0.6585,0.0108,0.0122
24,FakeGuadalupeV2,7,6,612,0.3644,0.6685,0.0023,0.0101
24,FakeGuadalupeV2,7,7,714,0.3585,0.6761,0.0058,0.0075
24,FakeGuadalupeV2,7,8,816,0.348,0.6824,0.0105,0.0064
24,FakeGuadalupeV2,7,9,918,0.3333,0.6955,0.0147,0.0131
24,FakeGuadalupeV2,7,10,1024,0.3314,0.7048,0.002,0.0093
24,FakeGuadalupeV2,8,1,102,0.451,0.5307,1.0,1.0
24,FakeGuadalupeV2,8,2,204,0.4167,0.6312,0.0343,0.1004
24,FakeGuadalupeV2,8,3,306,0.4085,0.6429,0.0082,0.0117
24,FakeGuadalupeV2,8,4,408,0.375,0.6849,0.0335,0.0421
24,FakeGuadalupeV2,8,5,510,0.3843,0.6798,0.0093,0.0052
24,FakeGuadalupeV2,8,6,612,0.3824,0.6812,0.002,0.0014
24,FakeGuadalupeV2,8,7,714,0.381,0.6804,0.0014,0.0008
24,FakeGuadalupeV2,8,8,816,0.3824,0.6837,0.0014,0.0033
24,FakeGuadalupeV2,8,9,918,0.3649,0.6961,0.0174,0.0125
24,FakeGuadalupeV2,8,10,1024,0.3567,0.6996,0.0083,0.0035
24,FakeGuadalupeV2,9,1,102,0.402,0.5802,1.0,1.0
24,FakeGuadalupeV2,9,2,204,0.3235,0.7464,0.0784,0.1662
24,FakeGuadalupeV2,9,3,306,0.3072,0.7754,0.0163,0.029
24,FakeGuadalupeV2,9,4,408,0.3211,0.7658,0.0139,0.0096
24,FakeGuadalupeV2,9,5,510,0.2902,0.7877,0.0309,0.0219
24,FakeGuadalupeV2,9,6,612,0.299,0.7804,0.0088,0.0073
24,FakeGuadalupeV2,9,7,714,0.3011,0.7771,0.0021,0.0033
24,FakeGuadalupeV2,9,8,816,0.3113,0.7733,0.0102,0.0039
24,FakeGuadalupeV2,9,9,918,0.3115,0.7739,0.0003,0.0007
24,FakeGuadalupeV2,9,10,1024,0.3056,0.7772,0.0059,0.0033
24,FakeGuadalupeV2,10,1,102,0.4216,0.5152,1.0,1.0
24,FakeGuadalupeV2,10,2,204,0.4265,0.5871,0.0049,0.0719
24,FakeGuadalupeV2,10,3,306,0.3922,0.6546,0.0343,0.0675
24,FakeGuadalupeV2,10,4,408,0.3627,0.6911,0.0294,0.0366
24,FakeGuadalupeV2,10,5,510,0.3529,0.6994,0.0098,0.0082
24,FakeGuadalupeV2,10,6,612,0.3529,0.6966,0.0,0.0027
24,FakeGuadalupeV2,10,7,714,0.3431,0.7072,0.0098,0.0106
24,FakeGuadalupeV2,10,8,816,0.3456,0.7039,0.0025,0.0033
24,FakeGuadalupeV2,10,9,918,0.3453,0.7041,0.0003,0.0002
24,FakeGuadalupeV2,10,10,1024,0.3293,0.7173,0.016,0.0132
24,FakeGuadalupeV2,11,1,102,0.4706,0.4856,1.0,1.0
24,FakeGuadalupeV2,11,2,204,0.3922,0.6494,0.0784,0.1638
24,FakeGuadalupeV2,11,3,306,0.366,0.6838,0.0261,0.0344
24,FakeGuadalupeV2,11,4,408,0.3603,0.6966,0.0057,0.0128
24,FakeGuadalupeV2,11,5,510,0.3549,0.7021,0.0054,0.0055
24,FakeGuadalupeV2,11,6,612,0.3546,0.6967,0.0003,0.0054
24,FakeGuadalupeV2,11,7,714,0.3473,0.7033,0.0072,0.0067
24,FakeGuadalupeV2,11,8,816,0.3431,0.7039,0.0042,0.0006
24,FakeGuadalupeV2,11,9,918,0.3399,0.7043,0.0033,0.0004
24,FakeGuadalupeV2,11,10,1024,0.335,0.7103,0.0049,0.0059
24,FakeGuadalupeV2,12,1,102,0.3235,0.6767,1.0,1.0
24,FakeGuadalupeV2,12,2,204,0.3186,0.7488,0.0049,0.0721
24,FakeGuadalupeV2,12,3,306,0.2745,0.8241,0.0441,0.0753
24,FakeGuadalupeV2,12,4,408,0.277,0.8258,0.0025,0.0017
24,FakeGuadalupeV2,12,5,510,0.2588,0.8224,0.0181,0.0033
24,FakeGuadalupeV2,12,6,612,0.2663,0.8256,0.0075,0.0032
24,FakeGuadalupeV2,12,7,714,0.2507,0.8328,0.0156,0.0071
24,FakeGuadalupeV2,12,8,816,0.2635,0.8267,0.0128,0.0061
24,FakeGuadalupeV2,12,9,918,0.2669,0.8214,0.0034,0.0053
24,FakeGuadalupeV2,12,10,1024,0.2665,0.8207,0.0004,0.0006
24,FakeGuadalupeV2,13,1,102,0.4216,0.5348,1.0,1.0
24,FakeGuadalupeV2,13,2,204,0.3922,0.6661,0.0294,0.1313
24,FakeGuadalupeV2,13,3,306,0.3791,0.7109,0.0131,0.0449
24,FakeGuadalupeV2,13,4,408,0.3627,0.7357,0.0163,0.0248
24,FakeGuadalupeV2,13,5,510,0.3333,0.756,0.0294,0.0203
24,FakeGuadalupeV2,13,6,612,0.3382,0.7564,0.0049,0.0004
24,FakeGuadalupeV2,13,7,714,0.3403,0.7533,0.0021,0.0031
24,FakeGuadalupeV2,13,8,816,0.3248,0.7693,0.0156,0.0161
24,FakeGuadalupeV2,13,9,918,0.3235,0.7719,0.0012,0.0025
24,FakeGuadalupeV2,13,10,1024,0.324,0.774,0.0005,0.0021
24,FakeGuadalupeV2,14,1,102,0.4314,0.5512,1.0,1.0
24,FakeGuadalupeV2,14,2,204,0.4118,0.5969,0.0196,0.0457
24,FakeGuadalupeV2,14,3,306,0.3758,0.6689,0.0359,0.0719
24,FakeGuadalupeV2,14,4,408,0.3725,0.6793,0.0033,0.0104
24,FakeGuadalupeV2,14,5,510,0.3706,0.6882,0.002,0.0089
24,FakeGuadalupeV2,14,6,612,0.3627,0.6838,0.0078,0.0045
24,FakeGuadalupeV2,14,7,714,0.3669,0.6905,0.0042,0.0068
24,FakeGuadalupeV2,14,8,816,0.3725,0.6861,0.0056,0.0045
24,FakeGuadalupeV2,14,9,918,0.3824,0.6759,0.0098,0.0102
24,FakeGuadalupeV2,14,10,1024,0.3721,0.6853,0.0103,0.0094
24,FakeGuadalupeV2,15,1,102,0.4216,0.5868,1.0,1.0
24,FakeGuadalupeV2,15,2,204,0.3284,0.7405,0.0931,0.1537
24,FakeGuadalupeV2,15,3,306,0.2941,0.7945,0.0343,0.054
24,FakeGuadalupeV2,15,4,408,0.2721,0.8081,0.0221,0.0136
24,FakeGuadalupeV2,15,5,510,0.2745,0.8082,0.0025,0.0002
24,FakeGuadalupeV2,15,6,612,0.2647,0.8211,0.0098,0.0129
24,FakeGuadalupeV2,15,7,714,0.2633,0.8183,0.0014,0.0028
24,FakeGuadalupeV2,15,8,816,0.2696,0.8141,0.0063,0.0042
24,FakeGuadalupeV2,15,9,918,0.2647,0.8122,0.0049,0.0019
24,FakeGuadalupeV2,15,10,1024,0.2588,0.8094,0.0059,0.0028
24,FakeGuadalupeV2,16,1,102,0.3333,0.6407,1.0,1.0
24,FakeGuadalupeV2,16,2,204,0.3431,0.7469,0.0098,0.1062
24,FakeGuadalupeV2,16,3,306,0.2974,0.792,0.0458,0.0451
24,FakeGuadalupeV2,16,4,408,0.299,0.7926,0.0016,0.0006
24,FakeGuadalupeV2,16,5,510,0.2961,0.7988,0.0029,0.0062
24,FakeGuadalupeV2,16,6,612,0.3137,0.7752,0.0176,0.0236
24,FakeGuadalupeV2,16,7,714,0.3193,0.7696,0.0056,0.0057
24,FakeGuadalupeV2,16,8,816,0.3027,0.7803,0.0166,0.0107
24,FakeGuadalupeV2,16,9,918,0.3061,0.7777,0.0034,0.0026
24,FakeGuadalupeV2,16,10,1024,0.3064,0.7737,0.0003,0.004
24,FakeGuadalupeV2,17,1,102,0.4804,0.4009,1.0,1.0
24,FakeGuadalupeV2,17,2,204,0.4265,0.5633,0.0539,0.1624
24,FakeGuadalupeV2,17,3,306,0.4183,0.5932,0.0082,0.0299
24,FakeGuadalupeV2,17,4,408,0.3971,0.6124,0.0212,0.0192
24,FakeGuadalupeV2,17,5,510,0.3784,0.6308,0.0186,0.0184
24,FakeGuadalupeV2,17,6,612,0.3742,0.6443,0.0042,0.0134
24,FakeGuadalupeV2,17,7,714,0.3543,0.6685,0.0198,0.0242
24,FakeGuadalupeV2,17,8,816,0.3431,0.6839,0.0112,0.0155
24,FakeGuadalupeV2,17,9,918,0.3464,0.6829,0.0033,0.001
24,FakeGuadalupeV2,17,10,1024,0.3499,0.6744,0.0035,0.0085
24,FakeGuadalupeV2,18,1,102,0.451,0.5829,1.0,1.0
24,FakeGuadalupeV2,18,2,204,0.3873,0.688,0.0637,0.1051
24,FakeGuadalupeV2,18,3,306,0.3693,0.736,0.018,0.048
24,FakeGuadalupeV2,18,4,408,0.3456,0.7423,0.0237,0.0063
24,FakeGuadalupeV2,18,5,510,0.3373,0.7515,0.0083,0.0091
24,FakeGuadalupeV2,18,6,612,0.3399,0.7348,0.0026,0.0166
24,FakeGuadalupeV2,18,7,714,0.3375,0.7377,0.0023,0.0028
24,FakeGuadalupeV2,18,8,816,0.3358,0.7416,0.0018,0.0039
24,FakeGuadalupeV2,18,9,918,0.3453,0.7386,0.0095,0.0029
24,FakeGuadalupeV2,18,10,1024,0.3379,0.7415,0.0074,0.0028
24,FakeGuadalupeV2,19,1,102,0.5,0.4368,1.0,1.0
24,FakeGuadalupeV2,19,2,204,0.3873,0.664,0.1127,0.2271
24,FakeGuadalupeV2,19,3,306,0.3399,0.7024,0.0474,0.0384
24,FakeGuadalupeV2,19,4,408,0.348,0.7073,0.0082,0.0049
24,FakeGuadalupeV2,19,5,510,0.3431,0.7188,0.0049,0.0114
24,FakeGuadalupeV2,19,6,612,0.3399,0.7156,0.0033,0.0031
24,FakeGuadalupeV2,19,7,714,0.3375,0.7163,0.0023,0.0007
24,FakeGuadalupeV2,19,8,816,0.3309,0.7184,0.0067,0.0021
24,FakeGuadalupeV2,19,9,918,0.3312,0.7166,0.0003,0.0018
24,FakeGuadalupeV2,19,10,1024,0.3311,0.7158,0.0001,0.0008
25,FakeGuadalupeV2,0,1,102,0.3333,0.8312,1.0,1.0
25,FakeGuadalupeV2,0,2,204,0.2745,0.8655,0.0588,0.0343
25,FakeGuadalupeV2,0,3,306,0.2647,0.8821,0.0098,0.0166
25,FakeGuadalupeV2,0,4,408,0.2647,0.8864,0.0,0.0043
25,FakeGuadalupeV2,0,5,510,0.2627,0.8892,0.002,0.0028
25,FakeGuadalupeV2,0,6,612,0.2647,0.8916,0.002,0.0024
25,FakeGuadalupeV2,0,7,714,0.2619,0.8934,0.0028,0.0018
25,FakeGuadalupeV2,0,8,816,0.2574,0.8998,0.0046,0.0064
25,FakeGuadalupeV2,0,9,918,0.256,0.8997,0.0014,0.0001
25,FakeGuadalupeV2,0,10,1024,0.2531,0.9008,0.0029,0.0012
25,FakeGuadalupeV2,1,1,102,0.2059,0.8996,1.0,1.0
25,FakeGuadalupeV2,1,2,204,0.1324,0.9651,0.0735,0.0655
25,FakeGuadalupeV2,1,3,306,0.1536,0.9587,0.0212,0.0064
25,FakeGuadalupeV2,1,4,408,0.1348,0.9677,0.0188,0.009
25,FakeGuadalupeV2,1,5,510,0.1314,0.9709,0.0034,0.0032
25,FakeGuadalupeV2,1,6,612,0.1373,0.9698,0.0059,0.0011
25,FakeGuadalupeV2,1,7,714,0.1485,0.963,0.0112,0.0068
25,FakeGuadalupeV2,1,8,816,0.1532,0.9614,0.0047,0.0016
25,FakeGuadalupeV2,1,9,918,0.158,0.9602,0.0048,0.0012
25,FakeGuadalupeV2,1,10,1024,0.1498,0.963,0.0082,0.0027
25,FakeGuadalupeV2,2,1,102,0.1863,0.9041,1.0,1.0
25,FakeGuadalupeV2,2,2,204,0.152,0.9348,0.0343,0.0307
25,FakeGuadalupeV2,2,3,306,0.183,0.9191,0.031,0.0157
25,FakeGuadalupeV2,2,4,408,0.2034,0.9147,0.0204,0.0044
25,FakeGuadalupeV2,2,5,510,0.202,0.9223,0.0015,0.0075
25,FakeGuadalupeV2,2,6,612,0.1895,0.9275,0.0124,0.0052
25,FakeGuadalupeV2,2,7,714,0.1947,0.9248,0.0051,0.0027
25,FakeGuadalupeV2,2,8,816,0.1924,0.9242,0.0023,0.0006
25,FakeGuadalupeV2,2,9,918,0.1852,0.9273,0.0072,0.0031
25,FakeGuadalupeV2,2,10,1024,0.1766,0.9314,0.0086,0.0041
25,FakeGuadalupeV2,3,1,102,0.2843,0.8514,1.0,1.0
25,FakeGuadalupeV2,3,2,204,0.2598,0.8734,0.0245,0.022
25,FakeGuadalupeV2,3,3,306,0.2288,0.8842,0.031,0.0108
25,FakeGuadalupeV2,3,4,408,0.2328,0.8863,0.0041,0.0021
25,FakeGuadalupeV2,3,5,510,0.2255,0.8957,0.0074,0.0094
25,FakeGuadalupeV2,3,6,612,0.2157,0.8973,0.0098,0.0016
25,FakeGuadalupeV2,3,7,714,0.2185,0.8947,0.0028,0.0026
25,FakeGuadalupeV2,3,8,816,0.2047,0.905,0.0138,0.0103
25,FakeGuadalupeV2,3,9,918,0.195,0.9103,0.0097,0.0053
25,FakeGuadalupeV2,3,10,1024,0.1938,0.9098,0.0012,0.0005
25,FakeGuadalupeV2,4,1,102,0.1765,0.9246,1.0,1.0
25,FakeGuadalupeV2,4,2,204,0.1275,0.9512,0.049,0.0266
25,FakeGuadalupeV2,4,3,306,0.134,0.9546,0.0065,0.0034
25,FakeGuadalupeV2,4,4,408,0.1176,0.9641,0.0163,0.0094
25,FakeGuadalupeV2,4,5,510,0.1216,0.9684,0.0039,0.0044
25,FakeGuadalupeV2,4,6,612,0.1176,0.9683,0.0039,0.0001
25,FakeGuadalupeV2,4,7,714,0.1134,0.9691,0.0042,0.0008
25,FakeGuadalupeV2,4,8,816,0.1164,0.9693,0.003,0.0002
25,FakeGuadalupeV2,4,9,918,0.1187,0.9681,0.0023,0.0012
25,FakeGuadalupeV2,4,10,1024,0.1153,0.9681,0.0034,0.0
25,FakeGuadalupeV2,5,1,102,0.1765,0.9342,1.0,1.0
25,FakeGuadalupeV2,5,2,204,0.1765,0.9524,0.0,0.0182
25,FakeGuadalupeV2,5,3,306,0.1503,0.9647,0.0261,0.0123
25,FakeGuadalupeV2,5,4,408,0.1324,0.9741,0.018,0.0094
25,FakeGuadalupeV2,5,5,510,0.1216,0.9793,0.0108,0.0052
25,FakeGuadalupeV2,5,6,612,0.1258,0.9792,0.0042,0.0001
25,FakeGuadalupeV2,5,7,714,0.1176,0.9816,0.0082,0.0024
25,FakeGuadalupeV2,5,8,816,0.125,0.9795,0.0074,0.0022
25,FakeGuadalupeV2,5,9,918,0.122,0.9797,0.003,0.0002
25,FakeGuadalupeV2,5,10,1024,0.1146,0.9804,0.0074,0.0008
25,FakeGuadalupeV2,6,1,102,0.2745,0.8694,1.0,1.0
25,FakeGuadalupeV2,6,2,204,0.2255,0.9058,0.049,0.0364
25,FakeGuadalupeV2,6,3,306,0.2059,0.9061,0.0196,0.0002
25,FakeGuadalupeV2,6,4,408,0.1789,0.9283,0.027,0.0223
25,FakeGuadalupeV2,6,5,510,0.1804,0.9206,0.0015,0.0078
25,FakeGuadalupeV2,6,6,612,0.1879,0.9175,0.0075,0.0031
25,FakeGuadalupeV2,6,7,714,0.1737,0.9229,0.0142,0.0054
25,FakeGuadalupeV2,6,8,816,0.1789,0.9228,0.0053,0.0001
25,FakeGuadalupeV2,6,9,918,0.1765,0.9237,0.0025,0.0009
25,FakeGuadalupeV2,6,10,1024,0.1776,0.925,0.0011,0.0013
25,FakeGuadalupeV2,7,1,102,0.1863,0.9059,1.0,1.0
25,FakeGuadalupeV2,7,2,204,0.2108,0.9256,0.0245,0.0197
25,FakeGuadalupeV2,7,3,306,0.183,0.9444,0.0278,0.0188
25,FakeGuadalupeV2,7,4,408,0.1838,0.9437,0.0008,0.0007
25,FakeGuadalupeV2,7,5,510,0.1725,0.947,0.0113,0.0032
25,FakeGuadalupeV2,7,6,612,0.1716,0.9405,0.001,0.0065
25,FakeGuadalupeV2,7,7,714,0.1863,0.935,0.0147,0.0055
25,FakeGuadalupeV2,7,8,816,0.1949,0.9265,0.0086,0.0085
25,FakeGuadalupeV2,7,9,918,0.195,0.928,0.0001,0.0015
25,FakeGuadalupeV2,7,10,1024,0.1857,0.933,0.0093,0.005
25,FakeGuadalupeV2,8,1,102,0.1961,0.9202,1.0,1.0
25,FakeGuadalupeV2,8,2,204,0.152,0.9432,0.0441,0.023
25,FakeGuadalupeV2,8,3,306,0.1536,0.9448,0.0016,0.0016
25,FakeGuadalupeV2,8,4,408,0.1642,0.9394,0.0106,0.0054
25,FakeGuadalupeV2,8,5,510,0.1451,0.9493,0.0191,0.0099
25,FakeGuadalupeV2,8,6,612,0.1503,0.9431,0.0052,0.0061
25,FakeGuadalupeV2,8,7,714,0.1485,0.9445,0.0019,0.0014
25,FakeGuadalupeV2,8,8,816,0.1458,0.9477,0.0026,0.0032
25,FakeGuadalupeV2,8,9,918,0.1438,0.9495,0.002,0.0018
25,FakeGuadalupeV2,8,10,1024,0.1486,0.9495,0.0048,0.0
25,FakeGuadalupeV2,9,1,102,0.2059,0.8947,1.0,1.0
25,FakeGuadalupeV2,9,2,204,0.1667,0.9415,0.0392,0.0468
25,FakeGuadalupeV2,9,3,306,0.1503,0.9438,0.0163,0.0023
25,FakeGuadalupeV2,9,4,408,0.1275,0.9527,0.0229,0.0088
25,FakeGuadalupeV2,9,5,510,0.1118,0.9611,0.0157,0.0085
25,FakeGuadalupeV2,9,6,612,0.1176,0.9614,0.0059,0.0003
25,FakeGuadalupeV2,9,7,714,0.1303,0.9591,0.0126,0.0024
25,FakeGuadalupeV2,9,8,816,0.1213,0.9652,0.0089,0.0062
25,FakeGuadalupeV2,9,9,918,0.1176,0.9643,0.0037,0.0009
25,FakeGuadalupeV2,9,10,1024,0.1162,0.966,0.0014,0.0016
25,FakeGuadalupeV2,10,1,102,0.1471,0.9583,1.0,1.0
25,FakeGuadalupeV2,10,2,204,0.1373,0.9577,0.0098,0.0006
25,FakeGuadalupeV2,10,3,306,0.1275,0.9576,0.0098,0.0001
25,FakeGuadalupeV2,10,4,408,0.1348,0.9593,0.0074,0.0018
25,FakeGuadalupeV2,10,5,510,0.1353,0.9616,0.0005,0.0023
25,FakeGuadalupeV2,10,6,612,0.1307,0.9577,0.0046,0.0039
25,FakeGuadalupeV2,10,7,714,0.1331,0.9561,0.0023,0.0016
25,FakeGuadalupeV2,10,8,816,0.1348,0.9528,0.0018,0.0034
25,FakeGuadalupeV2,10,9,918,0.1329,0.954,0.0019,0.0012
25,FakeGuadalupeV2,10,10,1024,0.1325,0.9561,0.0004,0.0021
25,FakeGuadalupeV2,11,1,102,0.1176,0.9328,1.0,1.0
25,FakeGuadalupeV2,11,2,204,0.1078,0.9384,0.0098,0.0056
25,FakeGuadalupeV2,11,3,306,0.1111,0.9347,0.0033,0.0037
25,FakeGuadalupeV2,11,4,408,0.1054,0.9611,0.0057,0.0264
25,FakeGuadalupeV2,11,5,510,0.1137,0.9673,0.0083,0.0062
25,FakeGuadalupeV2,11,6,612,0.116,0.9692,0.0023,0.0019
25,FakeGuadalupeV2,11,7,714,0.112,0.9693,0.004,0.0001
25,FakeGuadalupeV2,11,8,816,0.1299,0.965,0.0179,0.0043
25,FakeGuadalupeV2,11,9,918,0.1231,0.968,0.0068,0.0029
25,FakeGuadalupeV2,11,10,1024,0.1171,0.9699,0.006,0.0019
25,FakeGuadalupeV2,12,1,102,0.1765,0.9245,1.0,1.0
25,FakeGuadalupeV2,12,2,204,0.1863,0.9417,0.0098,0.0173
25,FakeGuadalupeV2,12,3,306,0.1536,0.9551,0.0327,0.0134
25,FakeGuadalupeV2,12,4,408,0.1471,0.9538,0.0065,0.0013
25,FakeGuadalupeV2,12,5,510,0.1314,0.9608,0.0157,0.0069
25,FakeGuadalupeV2,12,6,612,0.1405,0.9596,0.0092,0.0011
25,FakeGuadalupeV2,12,7,714,0.1485,0.9586,0.0079,0.0011
25,FakeGuadalupeV2,12,8,816,0.1422,0.9609,0.0063,0.0023
25,FakeGuadalupeV2,12,9,918,0.1373,0.962,0.0049,0.0011
25,FakeGuadalupeV2,12,10,1024,0.1412,0.9635,0.0039,0.0015
25,FakeGuadalupeV2,13,1,102,0.1863,0.9481,1.0,1.0
25,FakeGuadalupeV2,13,2,204,0.1422,0.9708,0.0441,0.0228
25,FakeGuadalupeV2,13,3,306,0.1307,0.973,0.0114,0.0022
25,FakeGuadalupeV2,13,4,408,0.1446,0.9732,0.0139,0.0002
25,FakeGuadalupeV2,13,5,510,0.151,0.9674,0.0064,0.0058
25,FakeGuadalupeV2,13,6,612,0.1487,0.9651,0.0023,0.0024
25,FakeGuadalupeV2,13,7,714,0.1471,0.9652,0.0016,0.0002
25,FakeGuadalupeV2,13,8,816,0.1471,0.9649,0.0,0.0003
25,FakeGuadalupeV2,13,9,918,0.1394,0.9673,0.0076,0.0024
25,FakeGuadalupeV2,13,10,1024,0.1482,0.9637,0.0088,0.0036
25,FakeGuadalupeV2,14,1,102,0.2157,0.8815,1.0,1.0
25,FakeGuadalupeV2,14,2,204,0.1814,0.8931,0.0343,0.0115
25,FakeGuadalupeV2,14,3,306,0.1699,0.9097,0.0114,0.0166
25,FakeGuadalupeV2,14,4,408,0.1642,0.9137,0.0057,0.004
25,FakeGuadalupeV2,14,5,510,0.1647,0.9102,0.0005,0.0036
25,FakeGuadalupeV2,14,6,612,0.1601,0.9119,0.0046,0.0017
25,FakeGuadalupeV2,14,7,714,0.1583,0.9166,0.0019,0.0047
25,FakeGuadalupeV2,14,8,816,0.1654,0.9148,0.0072,0.0018
25,FakeGuadalupeV2,14,9,918,0.1699,0.9157,0.0045,0.0009
25,FakeGuadalupeV2,14,10,1024,0.1649,0.9173,0.005,0.0017
25,FakeGuadalupeV2,15,1,102,0.1569,0.9517,1.0,1.0
25,FakeGuadalupeV2,15,2,204,0.1225,0.9666,0.0343,0.0149
25,FakeGuadalupeV2,15,3,306,0.134,0.9674,0.0114,0.0008
25,FakeGuadalupeV2,15,4,408,0.152,0.9621,0.018,0.0053
25,FakeGuadalupeV2,15,5,510,0.1529,0.9613,0.001,0.0008
25,FakeGuadalupeV2,15,6,612,0.1422,0.9674,0.0108,0.0061
25,FakeGuadalupeV2,15,7,714,0.1275,0.9703,0.0147,0.0029
25,FakeGuadalupeV2,15,8,816,0.1348,0.9675,0.0074,0.0028
25,FakeGuadalupeV2,15,9,918,0.134,0.9658,0.0008,0.0017
25,FakeGuadalupeV2,15,10,1024,0.1447,0.963,0.0107,0.0028
25,FakeGuadalupeV2,16,1,102,0.1961,0.9117,1.0,1.0
25,FakeGuadalupeV2,16,2,204,0.1765,0.9434,0.0196,0.0317
25,FakeGuadalupeV2,16,3,306,0.1176,0.9638,0.0588,0.0204
25,FakeGuadalupeV2,16,4,408,0.1152,0.9667,0.0025,0.0029
25,FakeGuadalupeV2,16,5,510,0.1216,0.9663,0.0064,0.0004
25,FakeGuadalupeV2,16,6,612,0.1356,0.9622,0.0141,0.0041
25,FakeGuadalupeV2,16,7,714,0.1345,0.9624,0.0012,0.0003
25,FakeGuadalupeV2,16,8,816,0.1348,0.9653,0.0004,0.0028
25,FakeGuadalupeV2,16,9,918,0.1296,0.9673,0.0052,0.002
25,FakeGuadalupeV2,16,10,1024,0.132,0.9635,0.0023,0.0038
25,FakeGuadalupeV2,17,1,102,0.2157,0.8829,1.0,1.0
25,FakeGuadalupeV2,17,2,204,0.1765,0.914,0.0392,0.0311
25,FakeGuadalupeV2,17,3,306,0.1634,0.9428,0.0131,0.0288
25,FakeGuadalupeV2,17,4,408,0.1691,0.9513,0.0057,0.0086
25,FakeGuadalupeV2,17,5,510,0.1627,0.9462,0.0064,0.0051
25,FakeGuadalupeV2,17,6,612,0.1536,0.955,0.0092,0.0088
25,FakeGuadalupeV2,17,7,714,0.1457,0.9578,0.0079,0.0028
25,FakeGuadalupeV2,17,8,816,0.1471,0.9575,0.0014,0.0002
25,FakeGuadalupeV2,17,9,918,0.1471,0.9591,0.0,0.0016
25,FakeGuadalupeV2,17,10,1024,0.1441,0.9579,0.003,0.0012
25,FakeGuadalupeV2,18,1,102,0.1863,0.9127,1.0,1.0
25,FakeGuadalupeV2,18,2,204,0.1765,0.9226,0.0098,0.0099
25,FakeGuadalupeV2,18,3,306,0.1699,0.9304,0.0065,0.0079
25,FakeGuadalupeV2,18,4,408,0.1716,0.9201,0.0016,0.0103
25,FakeGuadalupeV2,18,5,510,0.1627,0.9267,0.0088,0.0066
25,FakeGuadalupeV2,18,6,612,0.1732,0.9243,0.0105,0.0024
25,FakeGuadalupeV2,18,7,714,0.1751,0.9224,0.0019,0.0019
25,FakeGuadalupeV2,18,8,816,0.1716,0.9223,0.0035,0.0001
25,FakeGuadalupeV2,18,9,918,0.1623,0.9304,0.0093,0.0082
25,FakeGuadalupeV2,18,10,1024,0.167,0.9292,0.0047,0.0012
25,FakeGuadalupeV2,19,1,102,0.2353,0.857,1.0,1.0
25,FakeGuadalupeV2,19,2,204,0.1667,0.9315,0.0686,0.0746
25,FakeGuadalupeV2,19,3,306,0.1373,0.9527,0.0294,0.0211
25,FakeGuadalupeV2,19,4,408,0.1397,0.9429,0.0025,0.0097
25,FakeGuadalupeV2,19,5,510,0.1392,0.9467,0.0005,0.0038
25,FakeGuadalupeV2,19,6,612,0.1454,0.9469,0.0062,0.0002
25,FakeGuadalupeV2,19,7,714,0.1457,0.9507,0.0002,0.0038
25,FakeGuadalupeV2,19,8,816,0.1507,0.9475,0.0051,0.0033
25,FakeGuadalupeV2,19,9,918,0.1492,0.9478,0.0015,0.0004
25,FakeGuadalupeV2,19,10,1024,0.1508,0.9467,0.0016,0.0011
