idx,backend,seed,checkpoint,shots,tvd,hf,d_tvd,d_hf
1,FakeSherbrooke,0,1,2457,0.0407,0.9592,1.0,1.0
1,FakeSherbrooke,0,2,4914,0.0395,0.9604,0.0012,0.0012
1,FakeSherbrooke,0,3,7371,0.0399,0.9599,0.0004,0.0005
1,FakeSherbrooke,0,4,9828,0.0391,0.9607,0.0008,0.0008
1,FakeSherbrooke,0,5,12285,0.0396,0.9602,0.0005,0.0005
1,FakeSherbrooke,0,6,14742,0.0404,0.9593,0.0009,0.0009
1,FakeSherbrooke,0,7,17199,0.0405,0.9593,0.0,0.0001
1,FakeSherbrooke,0,8,19656,0.0408,0.9589,0.0003,0.0004
1,FakeSherbrooke,0,9,22113,0.0413,0.9584,0.0006,0.0005
1,FakeSherbrooke,0,10,24576,0.0416,0.9581,0.0003,0.0003
1,FakeSherbrooke,1,1,2457,0.0484,0.9514,1.0,1.0
1,FakeSherbrooke,1,2,4914,0.0429,0.957,0.0055,0.0056
1,FakeSherbrooke,1,3,7371,0.0411,0.9589,0.0018,0.0019
1,FakeSherbrooke,1,4,9828,0.0435,0.9564,0.0024,0.0024
1,FakeSherbrooke,1,5,12285,0.0426,0.9574,0.001,0.001
1,FakeSherbrooke,1,6,14742,0.041,0.959,0.0015,0.0015
1,FakeSherbrooke,1,7,17199,0.0413,0.9587,0.0003,0.0003
1,FakeSherbrooke,1,8,19656,0.0403,0.9597,0.001,0.001
1,FakeSherbrooke,1,9,22113,0.0397,0.9603,0.0006,0.0006
1,FakeSherbrooke,1,10,24576,0.0403,0.9597,0.0006,0.0006
1,FakeSherbrooke,2,1,2457,0.0383,0.9617,1.0,1.0
1,FakeSherbrooke,2,2,4914,0.0433,0.9566,0.0051,0.0051
1,FakeSherbrooke,2,3,7371,0.0414,0.9586,0.002,0.002
1,FakeSherbrooke,2,4,9828,0.0403,0.9597,0.0011,0.0011
1,FakeSherbrooke,2,5,12285,0.0392,0.9608,0.0011,0.0011
1,FakeSherbrooke,2,6,14742,0.039,0.961,0.0002,0.0002
1,FakeSherbrooke,2,7,17199,0.0393,0.9607,0.0003,0.0003
1,FakeSherbrooke,2,8,19656,0.0386,0.9614,0.0007,0.0007
1,FakeSherbrooke,2,9,22113,0.0388,0.9611,0.0003,0.0003
1,FakeSherbrooke,2,10,24576,0.0388,0.9612,0.0,0.0
1,FakeSherbrooke,3,1,2457,0.035,0.965,1.0,1.0
1,FakeSherbrooke,3,2,4914,0.0358,0.9642,0.0008,0.0008
1,FakeSherbrooke,3,3,7371,0.0377,0.9623,0.0019,0.0019
1,FakeSherbrooke,3,4,9828,0.0373,0.9627,0.0004,0.0004
1,FakeSherbrooke,3,5,12285,0.0391,0.9609,0.0017,0.0017
1,FakeSherbrooke,3,6,14742,0.0382,0.9618,0.0009,0.0009
1,FakeSherbrooke,3,7,17199,0.0377,0.9623,0.0005,0.0005
1,FakeSherbrooke,3,8,19656,0.0383,0.9617,0.0006,0.0006
1,FakeSherbrooke,3,9,22113,0.0389,0.9611,0.0006,0.0006
1,FakeSherbrooke,3,10,24576,0.0397,0.9603,0.0008,0.0008
1,FakeSherbrooke,4,1,2457,0.035,0.965,1.0,1.0
1,FakeSherbrooke,4,2,4914,0.0374,0.9625,0.0024,0.0024
1,FakeSherbrooke,4,3,7371,0.0387,0.9613,0.0012,0.0012
1,FakeSherbrooke,4,4,9828,0.0405,0.9595,0.0018,0.0018
1,FakeSherbrooke,4,5,12285,0.0401,0.9598,0.0004,0.0003
1,FakeSherbrooke,4,6,14742,0.04,0.9599,0.0001,0.0001
1,FakeSherbrooke,4,7,17199,0.0392,0.9607,0.0008,0.0007
1,FakeSherbrooke,4,8,19656,0.0387,0.9613,0.0006,0.0006
1,FakeSherbrooke,4,9,22113,0.0393,0.9607,0.0006,0.0006
1,FakeSherbrooke,4,10,24576,0.04,0.9599,0.0008,0.0008
1,FakeSherbrooke,5,1,2457,0.044,0.956,1.0,1.0
1,FakeSherbrooke,5,2,4914,0.0399,0.9601,0.0041,0.004
1,FakeSherbrooke,5,3,7371,0.0402,0.9598,0.0003,0.0003
1,FakeSherbrooke,5,4,9828,0.0385,0.9615,0.0017,0.0017
1,FakeSherbrooke,5,5,12285,0.04,0.9599,0.0016,0.0016
1,FakeSherbrooke,5,6,14742,0.0398,0.9601,0.0002,0.0003
1,FakeSherbrooke,5,7,17199,0.0387,0.9613,0.0012,0.0011
1,FakeSherbrooke,5,8,19656,0.0387,0.9613,0.0,0.0
1,FakeSherbrooke,5,9,22113,0.0393,0.9606,0.0007,0.0007
1,FakeSherbrooke,5,10,24576,0.0394,0.9606,0.0,0.0
1,FakeSherbrooke,6,1,2457,0.037,0.963,1.0,1.0
1,FakeSherbrooke,6,2,4914,0.0411,0.9588,0.0041,0.0041
1,FakeSherbrooke,6,3,7371,0.04,0.96,0.0011,0.0012
1,FakeSherbrooke,6,4,9828,0.0407,0.9592,0.0007,0.0007
1,FakeSherbrooke,6,5,12285,0.0411,0.9588,0.0004,0.0004
1,FakeSherbrooke,6,6,14742,0.0414,0.9585,0.0003,0.0003
1,FakeSherbrooke,6,7,17199,0.0408,0.9592,0.0006,0.0006
1,FakeSherbrooke,6,8,19656,0.0415,0.9585,0.0007,0.0007
1,FakeSherbrooke,6,9,22113,0.0407,0.9593,0.0008,0.0008
1,FakeSherbrooke,6,10,24576,0.0406,0.9593,0.0001,0.0001
1,FakeSherbrooke,7,1,2457,0.0403,0.9597,1.0,1.0
1,FakeSherbrooke,7,2,4914,0.0419,0.9581,0.0016,0.0016
1,FakeSherbrooke,7,3,7371,0.0414,0.9586,0.0005,0.0006
1,FakeSherbrooke,7,4,9828,0.041,0.959,0.0004,0.0004
1,FakeSherbrooke,7,5,12285,0.0417,0.9583,0.0007,0.0007
1,FakeSherbrooke,7,6,14742,0.0413,0.9587,0.0004,0.0004
1,FakeSherbrooke,7,7,17199,0.0415,0.9585,0.0002,0.0002
1,FakeSherbrooke,7,8,19656,0.0408,0.9592,0.0007,0.0007
1,FakeSherbrooke,7,9,22113,0.0404,0.9596,0.0004,0.0004
1,FakeSherbrooke,7,10,24576,0.0403,0.9597,0.0001,0.0001
1,FakeSherbrooke,8,1,2457,0.0391,0.9607,1.0,1.0
1,FakeSherbrooke,8,2,4914,0.0385,0.9615,0.0006,0.0008
1,FakeSherbrooke,8,3,7371,0.0392,0.9608,0.0007,0.0007
1,FakeSherbrooke,8,4,9828,0.0375,0.9624,0.0017,0.0016
1,FakeSherbrooke,8,5,12285,0.0399,0.96,0.0023,0.0024
1,FakeSherbrooke,8,6,14742,0.0402,0.9597,0.0003,0.0003
1,FakeSherbrooke,8,7,17199,0.0407,0.9592,0.0005,0.0005
1,FakeSherbrooke,8,8,19656,0.0403,0.9596,0.0004,0.0004
1,FakeSherbrooke,8,9,22113,0.0405,0.9594,0.0002,0.0002
1,FakeSherbrooke,8,10,24576,0.0404,0.9595,0.0001,0.0001
1,FakeSherbrooke,9,1,2457,0.0468,0.953,1.0,1.0
1,FakeSherbrooke,9,2,4914,0.0462,0.9535,0.0006,0.0005
1,FakeSherbrooke,9,3,7371,0.043,0.9568,0.0032,0.0033
1,FakeSherbrooke,9,4,9828,0.0421,0.9577,0.0009,0.0009
1,FakeSherbrooke,9,5,12285,0.0424,0.9574,0.0003,0.0003
1,FakeSherbrooke,9,6,14742,0.0427,0.9571,0.0003,0.0002
1,FakeSherbrooke,9,7,17199,0.0419,0.9579,0.0007,0.0007
1,FakeSherbrooke,9,8,19656,0.0434,0.9564,0.0015,0.0015
1,FakeSherbrooke,9,9,22113,0.0431,0.9566,0.0003,0.0002
1,FakeSherbrooke,9,10,24576,0.0428,0.957,0.0003,0.0003
1,FakeSherbrooke,10,1,2457,0.037,0.9629,1.0,1.0
1,FakeSherbrooke,10,2,4914,0.0383,0.9617,0.0012,0.0012
1,FakeSherbrooke,10,3,7371,0.0376,0.9621,0.0007,0.0004
1,FakeSherbrooke,10,4,9828,0.037,0.9628,0.0005,0.0007
1,FakeSherbrooke,10,5,12285,0.0366,0.9632,0.0004,0.0004
1,FakeSherbrooke,10,6,14742,0.0376,0.9623,0.001,0.0009
1,FakeSherbrooke,10,7,17199,0.0374,0.9624,0.0002,0.0002
1,FakeSherbrooke,10,8,19656,0.0381,0.9618,0.0006,0.0006
1,FakeSherbrooke,10,9,22113,0.0386,0.9612,0.0006,0.0006
1,FakeSherbrooke,10,10,24576,0.0388,0.961,0.0002,0.0002
1,FakeSherbrooke,11,1,2457,0.0444,0.9552,1.0,1.0
1,FakeSherbrooke,11,2,4914,0.0433,0.9566,0.001,0.0014
1,FakeSherbrooke,11,3,7371,0.0438,0.9561,0.0005,0.0005
1,FakeSherbrooke,11,4,9828,0.0428,0.9572,0.001,0.001
1,FakeSherbrooke,11,5,12285,0.0411,0.9589,0.0017,0.0017
1,FakeSherbrooke,11,6,14742,0.0402,0.9598,0.0009,0.001
1,FakeSherbrooke,11,7,17199,0.0412,0.9588,0.0011,0.0011
1,FakeSherbrooke,11,8,19656,0.0414,0.9586,0.0001,0.0001
1,FakeSherbrooke,11,9,22113,0.0422,0.9578,0.0008,0.0008
1,FakeSherbrooke,11,10,24576,0.043,0.957,0.0008,0.0008
1,FakeSherbrooke,12,1,2457,0.0374,0.9624,1.0,1.0
1,FakeSherbrooke,12,2,4914,0.0374,0.9624,0.0,0.0
1,FakeSherbrooke,12,3,7371,0.0369,0.9631,0.0005,0.0006
1,FakeSherbrooke,12,4,9828,0.039,0.961,0.0021,0.0021
1,FakeSherbrooke,12,5,12285,0.0394,0.9606,0.0004,0.0004
1,FakeSherbrooke,12,6,14742,0.0397,0.9603,0.0003,0.0003
1,FakeSherbrooke,12,7,17199,0.0399,0.9601,0.0002,0.0002
1,FakeSherbrooke,12,8,19656,0.0398,0.9601,0.0001,0.0
1,FakeSherbrooke,12,9,22113,0.0394,0.9606,0.0004,0.0005
1,FakeSherbrooke,12,10,24576,0.0392,0.9607,0.0002,0.0002
1,FakeSherbrooke,13,1,2457,0.0468,0.953,1.0,1.0
1,FakeSherbrooke,13,2,4914,0.0403,0.9595,0.0065,0.0065
1,FakeSherbrooke,13,3,7371,0.0402,0.9597,0.0001,0.0003
1,FakeSherbrooke,13,4,9828,0.0419,0.958,0.0018,0.0017
1,FakeSherbrooke,13,5,12285,0.0415,0.9585,0.0004,0.0004
1,FakeSherbrooke,13,6,14742,0.041,0.959,0.0005,0.0005
1,FakeSherbrooke,13,7,17199,0.0404,0.9596,0.0006,0.0006
1,FakeSherbrooke,13,8,19656,0.0403,0.9597,0.0001,0.0001
1,FakeSherbrooke,13,9,22113,0.04,0.96,0.0003,0.0003
1,FakeSherbrooke,13,10,24576,0.0398,0.9602,0.0003,0.0003
1,FakeSherbrooke,14,1,2457,0.0488,0.9596,1.0,1.0
1,FakeSherbrooke,14,2,4914,0.0411,0.9589,0.0077,0.0008
1,FakeSherbrooke,14,3,7371,0.041,0.959,0.0001,0.0002
1,FakeSherbrooke,14,4,9828,0.0414,0.9586,0.0004,0.0004
1,FakeSherbrooke,14,5,12285,0.0394,0.9606,0.002,0.002
1,FakeSherbrooke,14,6,14742,0.0397,0.9603,0.0003,0.0003
1,FakeSherbrooke,14,7,17199,0.0394,0.9606,0.0003,0.0003
1,FakeSherbrooke,14,8,19656,0.0395,0.9605,0.0001,0.0001
1,FakeSherbrooke,14,9,22113,0.0391,0.9609,0.0004,0.0004
1,FakeSherbrooke,14,10,24576,0.0387,0.9613,0.0004,0.0004
1,FakeSherbrooke,15,1,2457,0.0415,0.9584,1.0,1.0
1,FakeSherbrooke,15,2,4914,0.0405,0.9593,0.001,0.0009
1,FakeSherbrooke,15,3,7371,0.0377,0.9623,0.0028,0.003
1,FakeSherbrooke,15,4,9828,0.0388,0.9612,0.0011,0.001
1,FakeSherbrooke,15,5,12285,0.0392,0.9608,0.0004,0.0004
1,FakeSherbrooke,15,6,14742,0.0398,0.9602,0.0006,0.0006
1,FakeSherbrooke,15,7,17199,0.0388,0.9612,0.001,0.001
1,FakeSherbrooke,15,8,19656,0.039,0.961,0.0002,0.0002
1,FakeSherbrooke,15,9,22113,0.0394,0.9605,0.0005,0.0004
1,FakeSherbrooke,15,10,24576,0.0391,0.9608,0.0003,0.0003
1,FakeSherbrooke,16,1,2457,0.0468,0.9531,1.0,1.0
1,FakeSherbrooke,16,2,4914,0.0452,0.9548,0.0016,0.0017
1,FakeSherbrooke,16,3,7371,0.043,0.957,0.0022,0.0022
1,FakeSherbrooke,16,4,9828,0.0411,0.9589,0.0019,0.0019
1,FakeSherbrooke,16,5,12285,0.0417,0.9583,0.0006,0.0005
1,FakeSherbrooke,16,6,14742,0.0407,0.9593,0.001,0.001
1,FakeSherbrooke,16,7,17199,0.0412,0.9588,0.0005,0.0005
1,FakeSherbrooke,16,8,19656,0.0412,0.9588,0.0,0.0
1,FakeSherbrooke,16,9,22113,0.0412,0.9588,0.0,0.0
1,FakeSherbrooke,16,10,24576,0.0411,0.9589,0.0001,0.0001
1,FakeSherbrooke,17,1,2457,0.033,0.967,1.0,1.0
1,FakeSherbrooke,17,2,4914,0.033,0.967,0.0,0.0
1,FakeSherbrooke,17,3,7371,0.035,0.965,0.002,0.002
1,FakeSherbrooke,17,4,9828,0.0356,0.9644,0.0006,0.0006
1,FakeSherbrooke,17,5,12285,0.0361,0.9638,0.0005,0.0005
1,FakeSherbrooke,17,6,14742,0.0378,0.9622,0.0016,0.0017
1,FakeSherbrooke,17,7,17199,0.038,0.9619,0.0002,0.0003
1,FakeSherbrooke,17,8,19656,0.0379,0.962,0.0001,0.0001
1,FakeSherbrooke,17,9,22113,0.0381,0.9618,0.0002,0.0002
1,FakeSherbrooke,17,10,24576,0.0387,0.9613,0.0005,0.0005
1,FakeSherbrooke,18,1,2457,0.0366,0.9633,1.0,1.0
1,FakeSherbrooke,18,2,4914,0.0391,0.9609,0.0024,0.0024
1,FakeSherbrooke,18,3,7371,0.0398,0.9602,0.0007,0.0007
1,FakeSherbrooke,18,4,9828,0.0389,0.9611,0.0009,0.0009
1,FakeSherbrooke,18,5,12285,0.0391,0.9608,0.0002,0.0003
1,FakeSherbrooke,18,6,14742,0.0391,0.9608,0.0,0.0
1,FakeSherbrooke,18,7,17199,0.0395,0.9604,0.0004,0.0005
1,FakeSherbrooke,18,8,19656,0.0392,0.9607,0.0003,0.0003
1,FakeSherbrooke,18,9,22113,0.0392,0.9607,0.0,0.0
1,FakeSherbrooke,18,10,24576,0.0392,0.9606,0.0,0.0
1,FakeSherbrooke,19,1,2457,0.0411,0.9586,1.0,1.0
1,FakeSherbrooke,19,2,4914,0.0358,0.9642,0.0053,0.0056
1,FakeSherbrooke,19,3,7371,0.037,0.9629,0.0012,0.0013
1,FakeSherbrooke,19,4,9828,0.0365,0.9634,0.0005,0.0005
1,FakeSherbrooke,19,5,12285,0.0375,0.9624,0.001,0.001
1,FakeSherbrooke,19,6,14742,0.0366,0.9633,0.0009,0.0009
1,FakeSherbrooke,19,7,17199,0.0377,0.9622,0.0011,0.0011
1,FakeSherbrooke,19,8,19656,0.0384,0.9615,0.0007,0.0007
1,FakeSherbrooke,19,9,22113,0.0386,0.9613,0.0002,0.0002
1,FakeSherbrooke,19,10,24576,0.0389,0.961,0.0003,0.0003
2,FakeSherbrooke,0,1,819,0.0806,0.9193,1.0,1.0
2,FakeSherbrooke,0,2,1638,0.0763,0.9237,0.0043,0.0043
2,FakeSherbrooke,0,3,2457,0.0757,0.9243,0.0006,0.0006
2,FakeSherbrooke,0,4,3276,0.0763,0.9237,0.0006,0.0006
2,FakeSherbrooke,0,5,4095,0.0737,0.9262,0.0026,0.0025
2,FakeSherbrooke,0,6,4914,0.0731,0.9269,0.0007,0.0007
2,FakeSherbrooke,0,7,5733,0.0727,0.9271,0.0003,0.0002
2,FakeSherbrooke,0,8,6552,0.0717,0.9281,0.001,0.001
2,FakeSherbrooke,0,9,7371,0.0708,0.9291,0.0009,0.0009
2,FakeSherbrooke,0,10,8192,0.0714,0.9284,0.0006,0.0007
2,FakeSherbrooke,1,1,819,0.0647,0.9352,1.0,1.0
2,FakeSherbrooke,1,2,1638,0.0684,0.9316,0.0037,0.0037
2,FakeSherbrooke,1,3,2457,0.0729,0.9271,0.0045,0.0044
2,FakeSherbrooke,1,4,3276,0.073,0.9269,0.0001,0.0003
2,FakeSherbrooke,1,5,4095,0.0767,0.9233,0.0037,0.0036
2,FakeSherbrooke,1,6,4914,0.0765,0.9234,0.0002,0.0001
2,FakeSherbrooke,1,7,5733,0.0747,0.9252,0.0019,0.0018
2,FakeSherbrooke,1,8,6552,0.0748,0.9251,0.0001,0.0001
2,FakeSherbrooke,1,9,7371,0.0739,0.9259,0.0008,0.0008
2,FakeSherbrooke,1,10,8192,0.0748,0.9249,0.0009,0.001
2,FakeSherbrooke,2,1,819,0.0733,0.9258,1.0,1.0
2,FakeSherbrooke,2,2,1638,0.0672,0.9328,0.0061,0.007
2,FakeSherbrooke,2,3,2457,0.0655,0.9344,0.0016,0.0016
2,FakeSherbrooke,2,4,3276,0.0662,0.9337,0.0007,0.0007
2,FakeSherbrooke,2,5,4095,0.0696,0.9304,0.0034,0.0033
2,FakeSherbrooke,2,6,4914,0.0704,0.9295,0.0008,0.0009
2,FakeSherbrooke,2,7,5733,0.0696,0.9304,0.0008,0.0008
2,FakeSherbrooke,2,8,6552,0.0697,0.9302,0.0002,0.0001
2,FakeSherbrooke,2,9,7371,0.0699,0.9301,0.0001,0.0001
2,FakeSherbrooke,2,10,8192,0.0697,0.9303,0.0002,0.0002
2,FakeSherbrooke,3,1,819,0.0733,0.9267,1.0,1.0
2,FakeSherbrooke,3,2,1638,0.0733,0.9264,0.0,0.0004
2,FakeSherbrooke,3,3,2457,0.068,0.9318,0.0053,0.0055
2,FakeSherbrooke,3,4,3276,0.0678,0.932,0.0002,0.0002
2,FakeSherbrooke,3,5,4095,0.0706,0.929,0.0028,0.003
2,FakeSherbrooke,3,6,4914,0.072,0.9274,0.0015,0.0016
2,FakeSherbrooke,3,7,5733,0.072,0.9275,0.0,0.0001
2,FakeSherbrooke,3,8,6552,0.0701,0.9295,0.002,0.002
2,FakeSherbrooke,3,9,7371,0.0691,0.9306,0.001,0.0011
2,FakeSherbrooke,3,10,8192,0.0696,0.9301,0.0005,0.0005
2,FakeSherbrooke,4,1,819,0.0842,0.9157,1.0,1.0
2,FakeSherbrooke,4,2,1638,0.0763,0.9233,0.0079,0.0076
2,FakeSherbrooke,4,3,2457,0.079,0.9207,0.0026,0.0026
2,FakeSherbrooke,4,4,3276,0.0791,0.9206,0.0001,0.0001
2,FakeSherbrooke,4,5,4095,0.0769,0.9229,0.0021,0.0022
2,FakeSherbrooke,4,6,4914,0.0759,0.924,0.001,0.0011
2,FakeSherbrooke,4,7,5733,0.0752,0.9247,0.0007,0.0007
2,FakeSherbrooke,4,8,6552,0.0751,0.9248,0.0001,0.0001
2,FakeSherbrooke,4,9,7371,0.0748,0.9251,0.0003,0.0003
2,FakeSherbrooke,4,10,8192,0.0743,0.9256,0.0004,0.0004
2,FakeSherbrooke,5,1,819,0.0745,0.9247,1.0,1.0
2,FakeSherbrooke,5,2,1638,0.0684,0.9315,0.0061,0.0068
2,FakeSherbrooke,5,3,2457,0.0724,0.9275,0.0041,0.004
2,FakeSherbrooke,5,4,3276,0.0757,0.9243,0.0033,0.0032
2,FakeSherbrooke,5,5,4095,0.0742,0.9257,0.0015,0.0014
2,FakeSherbrooke,5,6,4914,0.0735,0.9264,0.0008,0.0008
2,FakeSherbrooke,5,7,5733,0.0734,0.9265,0.0,0.0001
2,FakeSherbrooke,5,8,6552,0.0733,0.9267,0.0002,0.0001
2,FakeSherbrooke,5,9,7371,0.0715,0.9284,0.0018,0.0018
2,FakeSherbrooke,5,10,8192,0.0701,0.9299,0.0014,0.0014
2,FakeSherbrooke,6,1,819,0.0684,0.931,1.0,1.0
2,FakeSherbrooke,6,2,1638,0.072,0.9279,0.0037,0.003
2,FakeSherbrooke,6,3,2457,0.0716,0.9283,0.0004,0.0004
2,FakeSherbrooke,6,4,3276,0.0699,0.9301,0.0017,0.0018
2,FakeSherbrooke,6,5,4095,0.0718,0.9282,0.0019,0.0019
2,FakeSherbrooke,6,6,4914,0.0714,0.9286,0.0004,0.0004
2,FakeSherbrooke,6,7,5733,0.0687,0.9313,0.0027,0.0027
2,FakeSherbrooke,6,8,6552,0.0694,0.9306,0.0007,0.0007
2,FakeSherbrooke,6,9,7371,0.0705,0.9295,0.0011,0.0011
2,FakeSherbrooke,6,10,8192,0.0699,0.9301,0.0006,0.0006
2,FakeSherbrooke,7,1,819,0.0647,0.9352,1.0,1.0
2,FakeSherbrooke,7,2,1638,0.0598,0.94,0.0049,0.0047
2,FakeSherbrooke,7,3,2457,0.0615,0.9385,0.0016,0.0015
2,FakeSherbrooke,7,4,3276,0.0644,0.9355,0.003,0.0029
2,FakeSherbrooke,7,5,4095,0.0652,0.9348,0.0008,0.0007
2,FakeSherbrooke,7,6,4914,0.071,0.929,0.0058,0.0058
2,FakeSherbrooke,7,7,5733,0.0692,0.9307,0.0018,0.0018
2,FakeSherbrooke,7,8,6552,0.0702,0.9297,0.001,0.001
2,FakeSherbrooke,7,9,7371,0.0701,0.9298,0.0001,0.0001
2,FakeSherbrooke,7,10,8192,0.0713,0.9287,0.0011,0.0011
2,FakeSherbrooke,8,1,819,0.0733,0.9256,1.0,1.0
2,FakeSherbrooke,8,2,1638,0.0733,0.9259,0.0,0.0003
2,FakeSherbrooke,8,3,2457,0.0704,0.9288,0.0028,0.0029
2,FakeSherbrooke,8,4,3276,0.0681,0.9317,0.0023,0.0028
2,FakeSherbrooke,8,5,4095,0.0684,0.9312,0.0003,0.0005
2,FakeSherbrooke,8,6,4914,0.0684,0.9311,0.0,0.0001
2,FakeSherbrooke,8,7,5733,0.068,0.9315,0.0003,0.0004
2,FakeSherbrooke,8,8,6552,0.0679,0.9317,0.0001,0.0002
2,FakeSherbrooke,8,9,7371,0.065,0.9346,0.0029,0.0029
2,FakeSherbrooke,8,10,8192,0.0648,0.9347,0.0002,0.0001
2,FakeSherbrooke,9,1,819,0.0623,0.9373,1.0,1.0
2,FakeSherbrooke,9,2,1638,0.0629,0.9397,0.0006,0.0024
2,FakeSherbrooke,9,3,2457,0.0582,0.9411,0.0047,0.0015
2,FakeSherbrooke,9,4,3276,0.0632,0.9364,0.005,0.0047
2,FakeSherbrooke,9,5,4095,0.0667,0.9328,0.0035,0.0036
2,FakeSherbrooke,9,6,4914,0.068,0.9317,0.0013,0.0011
2,FakeSherbrooke,9,7,5733,0.0686,0.9312,0.0006,0.0005
2,FakeSherbrooke,9,8,6552,0.0691,0.9306,0.0006,0.0006
2,FakeSherbrooke,9,9,7371,0.0691,0.9307,0.0001,0.0001
2,FakeSherbrooke,9,10,8192,0.0692,0.9306,0.0002,0.0001
2,FakeSherbrooke,10,1,819,0.0733,0.9267,1.0,1.0
2,FakeSherbrooke,10,2,1638,0.0684,0.9316,0.0049,0.0049
2,FakeSherbrooke,10,3,2457,0.0708,0.9292,0.0024,0.0025
2,FakeSherbrooke,10,4,3276,0.0656,0.9344,0.0052,0.0052
2,FakeSherbrooke,10,5,4095,0.0667,0.9333,0.001,0.001
2,FakeSherbrooke,10,6,4914,0.067,0.933,0.0003,0.0003
2,FakeSherbrooke,10,7,5733,0.067,0.933,0.0,0.0
2,FakeSherbrooke,10,8,6552,0.0676,0.9324,0.0006,0.0006
2,FakeSherbrooke,10,9,7371,0.0686,0.9313,0.001,0.001
2,FakeSherbrooke,10,10,8192,0.0685,0.9315,0.0002,0.0002
2,FakeSherbrooke,11,1,819,0.0781,0.9217,1.0,1.0
2,FakeSherbrooke,11,2,1638,0.0824,0.9175,0.0043,0.0043
2,FakeSherbrooke,11,3,2457,0.0786,0.9213,0.0039,0.0039
2,FakeSherbrooke,11,4,3276,0.0788,0.9211,0.0002,0.0003
2,FakeSherbrooke,11,5,4095,0.0764,0.9235,0.0023,0.0024
2,FakeSherbrooke,11,6,4914,0.0751,0.9248,0.0013,0.0014
2,FakeSherbrooke,11,7,5733,0.0734,0.9266,0.0017,0.0017
2,FakeSherbrooke,11,8,6552,0.0719,0.9281,0.0015,0.0015
2,FakeSherbrooke,11,9,7371,0.0739,0.926,0.0021,0.0021
2,FakeSherbrooke,11,10,8192,0.0743,0.9256,0.0004,0.0004
2,FakeSherbrooke,12,1,819,0.0659,0.9342,1.0,1.0
2,FakeSherbrooke,12,2,1638,0.0708,0.9284,0.0049,0.0057
2,FakeSherbrooke,12,3,2457,0.0672,0.9322,0.0037,0.0038
2,FakeSherbrooke,12,4,3276,0.0675,0.9318,0.0003,0.0004
2,FakeSherbrooke,12,5,4095,0.0669,0.9324,0.0005,0.0006
2,FakeSherbrooke,12,6,4914,0.0686,0.9309,0.0017,0.0015
2,FakeSherbrooke,12,7,5733,0.0694,0.9303,0.0008,0.0006
2,FakeSherbrooke,12,8,6552,0.0688,0.9307,0.0006,0.0005
2,FakeSherbrooke,12,9,7371,0.0689,0.9306,0.0001,0.0001
2,FakeSherbrooke,12,10,8192,0.0687,0.9307,0.0002,0.0001
2,FakeSherbrooke,13,1,819,0.0635,0.9364,1.0,1.0
2,FakeSherbrooke,13,2,1638,0.0702,0.9297,0.0067,0.0067
2,FakeSherbrooke,13,3,2457,0.0729,0.927,0.0026,0.0027
2,FakeSherbrooke,13,4,3276,0.0745,0.9253,0.0016,0.0017
2,FakeSherbrooke,13,5,4095,0.074,0.9258,0.0005,0.0005
2,FakeSherbrooke,13,6,4914,0.0718,0.928,0.0022,0.0022
2,FakeSherbrooke,13,7,5733,0.0705,0.9294,0.0014,0.0014
2,FakeSherbrooke,13,8,6552,0.0711,0.9288,0.0007,0.0006
2,FakeSherbrooke,13,9,7371,0.0707,0.9292,0.0004,0.0004
2,FakeSherbrooke,13,10,8192,0.0707,0.9293,0.0,0.0001
2,FakeSherbrooke,14,1,819,0.0672,0.9326,1.0,1.0
2,FakeSherbrooke,14,2,1638,0.0629,0.9371,0.0043,0.0045
2,FakeSherbrooke,14,3,2457,0.0696,0.9304,0.0067,0.0067
2,FakeSherbrooke,14,4,3276,0.069,0.931,0.0006,0.0006
2,FakeSherbrooke,14,5,4095,0.0684,0.9316,0.0006,0.0007
2,FakeSherbrooke,14,6,4914,0.07,0.93,0.0016,0.0017
2,FakeSherbrooke,14,7,5733,0.0708,0.9291,0.0008,0.0008
2,FakeSherbrooke,14,8,6552,0.0699,0.93,0.0009,0.0009
2,FakeSherbrooke,14,9,7371,0.0695,0.9305,0.0004,0.0005
2,FakeSherbrooke,14,10,8192,0.0707,0.9293,0.0012,0.0012
2,FakeSherbrooke,15,1,819,0.0684,0.9306,1.0,1.0
2,FakeSherbrooke,15,2,1638,0.072,0.9274,0.0037,0.0032
2,FakeSherbrooke,15,3,2457,0.0716,0.9274,0.0004,0.0
2,FakeSherbrooke,15,4,3276,0.0723,0.927,0.0007,0.0004
2,FakeSherbrooke,15,5,4095,0.0713,0.9281,0.001,0.0011
2,FakeSherbrooke,15,6,4914,0.071,0.9281,0.0003,0.0
2,FakeSherbrooke,15,7,5733,0.0706,0.9284,0.0004,0.0003
2,FakeSherbrooke,15,8,6552,0.0694,0.9298,0.0012,0.0014
2,FakeSherbrooke,15,9,7371,0.0704,0.9288,0.001,0.001
2,FakeSherbrooke,15,10,8192,0.0714,0.9278,0.001,0.001
2,FakeSherbrooke,16,1,819,0.0806,0.9365,1.0,1.0
2,FakeSherbrooke,16,2,1638,0.0629,0.9364,0.0177,0.0001
2,FakeSherbrooke,16,3,2457,0.0651,0.939,0.0022,0.0026
2,FakeSherbrooke,16,4,3276,0.0653,0.9337,0.0002,0.0053
2,FakeSherbrooke,16,5,4095,0.0694,0.9309,0.004,0.0028
2,FakeSherbrooke,16,6,4914,0.0696,0.9293,0.0002,0.0016
2,FakeSherbrooke,16,7,5733,0.0703,0.93,0.0007,0.0007
2,FakeSherbrooke,16,8,6552,0.0713,0.93,0.001,0.0
2,FakeSherbrooke,16,9,7371,0.0693,0.931,0.002,0.001
2,FakeSherbrooke,16,10,8192,0.0695,0.9315,0.0001,0.0005
2,FakeSherbrooke,17,1,819,0.0781,0.9402,1.0,1.0
2,FakeSherbrooke,17,2,1638,0.0629,0.9391,0.0153,0.0011
2,FakeSherbrooke,17,3,2457,0.0619,0.9376,0.001,0.0015
2,FakeSherbrooke,17,4,3276,0.0662,0.9328,0.0044,0.0048
2,FakeSherbrooke,17,5,4095,0.0694,0.9297,0.0031,0.0031
2,FakeSherbrooke,17,6,4914,0.0692,0.9299,0.0002,0.0002
2,FakeSherbrooke,17,7,5733,0.0699,0.9294,0.0008,0.0004
2,FakeSherbrooke,17,8,6552,0.0697,0.9298,0.0002,0.0004
2,FakeSherbrooke,17,9,7371,0.0681,0.9313,0.0016,0.0015
2,FakeSherbrooke,17,10,8192,0.0677,0.9317,0.0004,0.0004
2,FakeSherbrooke,18,1,819,0.083,0.9168,1.0,1.0
2,FakeSherbrooke,18,2,1638,0.0788,0.9212,0.0043,0.0044
2,FakeSherbrooke,18,3,2457,0.0765,0.9235,0.0022,0.0022
2,FakeSherbrooke,18,4,3276,0.072,0.928,0.0045,0.0045
2,FakeSherbrooke,18,5,4095,0.0696,0.9304,0.0024,0.0024
2,FakeSherbrooke,18,6,4914,0.0726,0.9273,0.0031,0.0031
2,FakeSherbrooke,18,7,5733,0.0722,0.9278,0.0004,0.0005
2,FakeSherbrooke,18,8,6552,0.0716,0.9284,0.0006,0.0006
2,FakeSherbrooke,18,9,7371,0.0734,0.9266,0.0018,0.0018
2,FakeSherbrooke,18,10,8192,0.0723,0.9277,0.0011,0.0011
2,FakeSherbrooke,19,1,819,0.0696,0.9298,1.0,1.0
2,FakeSherbrooke,19,2,1638,0.0739,0.9257,0.0043,0.0042
2,FakeSherbrooke,19,3,2457,0.0733,0.9262,0.0006,0.0005
2,FakeSherbrooke,19,4,3276,0.0742,0.9256,0.0009,0.0006
2,FakeSherbrooke,19,5,4095,0.0713,0.9286,0.0029,0.003
2,FakeSherbrooke,19,6,4914,0.0718,0.9281,0.0005,0.0005
2,FakeSherbrooke,19,7,5733,0.0724,0.9276,0.0006,0.0006
2,FakeSherbrooke,19,8,6552,0.0733,0.9267,0.0009,0.0009
2,FakeSherbrooke,19,9,7371,0.0719,0.928,0.0014,0.0013
2,FakeSherbrooke,19,10,8192,0.071,0.9288,0.0009,0.0008
3,FakeSherbrooke,0,1,400,0.05,0.95,1.0,1.0
3,FakeSherbrooke,0,2,800,0.04,0.96,0.01,0.01
3,FakeSherbrooke,0,3,1200,0.0433,0.9567,0.0033,0.0033
3,FakeSherbrooke,0,4,1600,0.045,0.955,0.0017,0.0017
3,FakeSherbrooke,0,5,2000,0.043,0.957,0.002,0.002
3,FakeSherbrooke,0,6,2400,0.0442,0.9558,0.0012,0.0012
3,FakeSherbrooke,0,7,2800,0.0454,0.9546,0.0012,0.0012
3,FakeSherbrooke,0,8,3200,0.0487,0.9513,0.0034,0.0034
3,FakeSherbrooke,0,9,3600,0.0475,0.9525,0.0012,0.0012
3,FakeSherbrooke,0,10,4000,0.0465,0.9535,0.001,0.001
3,FakeSherbrooke,1,1,400,0.0375,0.9625,1.0,1.0
3,FakeSherbrooke,1,2,800,0.03,0.97,0.0075,0.0075
3,FakeSherbrooke,1,3,1200,0.0333,0.9667,0.0033,0.0033
3,FakeSherbrooke,1,4,1600,0.035,0.965,0.0017,0.0017
3,FakeSherbrooke,1,5,2000,0.038,0.962,0.003,0.003
3,FakeSherbrooke,1,6,2400,0.04,0.96,0.002,0.002
3,FakeSherbrooke,1,7,2800,0.0411,0.9589,0.0011,0.0011
3,FakeSherbrooke,1,8,3200,0.0403,0.9597,0.0008,0.0008
3,FakeSherbrooke,1,9,3600,0.0425,0.9575,0.0022,0.0022
3,FakeSherbrooke,1,10,4000,0.0427,0.9573,0.0002,0.0002
3,FakeSherbrooke,2,1,400,0.035,0.965,1.0,1.0
3,FakeSherbrooke,2,2,800,0.0425,0.9575,0.0075,0.0075
3,FakeSherbrooke,2,3,1200,0.0508,0.9492,0.0083,0.0083
3,FakeSherbrooke,2,4,1600,0.0487,0.9513,0.0021,0.0021
3,FakeSherbrooke,2,5,2000,0.0475,0.9525,0.0012,0.0012
3,FakeSherbrooke,2,6,2400,0.0471,0.9529,0.0004,0.0004
3,FakeSherbrooke,2,7,2800,0.0479,0.9521,0.0008,0.0008
3,FakeSherbrooke,2,8,3200,0.0472,0.9528,0.0007,0.0007
3,FakeSherbrooke,2,9,3600,0.0475,0.9525,0.0003,0.0003
3,FakeSherbrooke,2,10,4000,0.0473,0.9527,0.0002,0.0002
3,FakeSherbrooke,3,1,400,0.05,0.95,1.0,1.0
3,FakeSherbrooke,3,2,800,0.04,0.96,0.01,0.01
3,FakeSherbrooke,3,3,1200,0.0392,0.9608,0.0008,0.0008
3,FakeSherbrooke,3,4,1600,0.0381,0.9619,0.001,0.001
3,FakeSherbrooke,3,5,2000,0.035,0.965,0.0031,0.0031
3,FakeSherbrooke,3,6,2400,0.0387,0.9613,0.0037,0.0037
3,FakeSherbrooke,3,7,2800,0.0382,0.9618,0.0005,0.0005
3,FakeSherbrooke,3,8,3200,0.0387,0.9613,0.0005,0.0005
3,FakeSherbrooke,3,9,3600,0.0386,0.9614,0.0001,0.0001
3,FakeSherbrooke,3,10,4000,0.0403,0.9597,0.0016,0.0016
3,FakeSherbrooke,4,1,400,0.03,0.97,1.0,1.0
3,FakeSherbrooke,4,2,800,0.0375,0.9625,0.0075,0.0075
3,FakeSherbrooke,4,3,1200,0.0342,0.9658,0.0033,0.0033
3,FakeSherbrooke,4,4,1600,0.0394,0.9606,0.0052,0.0052
3,FakeSherbrooke,4,5,2000,0.0415,0.9585,0.0021,0.0021
3,FakeSherbrooke,4,6,2400,0.0442,0.9558,0.0027,0.0027
3,FakeSherbrooke,4,7,2800,0.0457,0.9543,0.0015,0.0015
3,FakeSherbrooke,4,8,3200,0.0469,0.9531,0.0012,0.0012
3,FakeSherbrooke,4,9,3600,0.0483,0.9517,0.0015,0.0015
3,FakeSherbrooke,4,10,4000,0.0493,0.9507,0.0009,0.0009
3,FakeSherbrooke,5,1,400,0.0525,0.9475,1.0,1.0
3,FakeSherbrooke,5,2,800,0.0475,0.9525,0.005,0.005
3,FakeSherbrooke,5,3,1200,0.0458,0.9542,0.0017,0.0017
3,FakeSherbrooke,5,4,1600,0.045,0.955,0.0008,0.0008
3,FakeSherbrooke,5,5,2000,0.0505,0.9495,0.0055,0.0055
3,FakeSherbrooke,5,6,2400,0.0471,0.9529,0.0034,0.0034
3,FakeSherbrooke,5,7,2800,0.0457,0.9543,0.0014,0.0014
3,FakeSherbrooke,5,8,3200,0.0456,0.9544,0.0001,0.0001
3,FakeSherbrooke,5,9,3600,0.0461,0.9539,0.0005,0.0005
3,FakeSherbrooke,5,10,4000,0.0455,0.9545,0.0006,0.0006
3,FakeSherbrooke,6,1,400,0.0325,0.9675,1.0,1.0
3,FakeSherbrooke,6,2,800,0.0337,0.9663,0.0012,0.0013
3,FakeSherbrooke,6,3,1200,0.0408,0.9592,0.0071,0.0071
3,FakeSherbrooke,6,4,1600,0.0431,0.9569,0.0023,0.0023
3,FakeSherbrooke,6,5,2000,0.045,0.955,0.0019,0.0019
3,FakeSherbrooke,6,6,2400,0.0454,0.9546,0.0004,0.0004
3,FakeSherbrooke,6,7,2800,0.0446,0.9554,0.0008,0.0008
3,FakeSherbrooke,6,8,3200,0.0447,0.9553,0.0,0.0
3,FakeSherbrooke,6,9,3600,0.0436,0.9564,0.0011,0.0011
3,FakeSherbrooke,6,10,4000,0.0433,0.9568,0.0004,0.0004
3,FakeSherbrooke,7,1,400,0.0375,0.9625,1.0,1.0
3,FakeSherbrooke,7,2,800,0.0337,0.9663,0.0038,0.0037
3,FakeSherbrooke,7,3,1200,0.0358,0.9642,0.0021,0.0021
3,FakeSherbrooke,7,4,1600,0.0375,0.9625,0.0017,0.0017
3,FakeSherbrooke,7,5,2000,0.041,0.959,0.0035,0.0035
3,FakeSherbrooke,7,6,2400,0.0429,0.9571,0.0019,0.0019
3,FakeSherbrooke,7,7,2800,0.0429,0.9571,0.0001,0.0001
3,FakeSherbrooke,7,8,3200,0.0425,0.9575,0.0004,0.0004
3,FakeSherbrooke,7,9,3600,0.0425,0.9575,0.0,0.0
3,FakeSherbrooke,7,10,4000,0.0437,0.9563,0.0012,0.0012
3,FakeSherbrooke,8,1,400,0.035,0.965,1.0,1.0
3,FakeSherbrooke,8,2,800,0.035,0.965,0.0,0.0
3,FakeSherbrooke,8,3,1200,0.0358,0.9642,0.0008,0.0008
3,FakeSherbrooke,8,4,1600,0.0387,0.9613,0.0029,0.0029
3,FakeSherbrooke,8,5,2000,0.0405,0.9595,0.0018,0.0018
3,FakeSherbrooke,8,6,2400,0.0387,0.9613,0.0018,0.0018
3,FakeSherbrooke,8,7,2800,0.0418,0.9582,0.003,0.003
3,FakeSherbrooke,8,8,3200,0.0425,0.9575,0.0007,0.0007
3,FakeSherbrooke,8,9,3600,0.0428,0.9572,0.0003,0.0003
3,FakeSherbrooke,8,10,4000,0.0423,0.9578,0.0005,0.0005
3,FakeSherbrooke,9,1,400,0.035,0.965,1.0,1.0
3,FakeSherbrooke,9,2,800,0.0537,0.9463,0.0187,0.0187
3,FakeSherbrooke,9,3,1200,0.045,0.955,0.0087,0.0087
3,FakeSherbrooke,9,4,1600,0.0481,0.9519,0.0031,0.0031
3,FakeSherbrooke,9,5,2000,0.0495,0.9505,0.0014,0.0014
3,FakeSherbrooke,9,6,2400,0.0508,0.9492,0.0013,0.0013
3,FakeSherbrooke,9,7,2800,0.0493,0.9507,0.0015,0.0015
3,FakeSherbrooke,9,8,3200,0.0478,0.9522,0.0015,0.0015
3,FakeSherbrooke,9,9,3600,0.0489,0.9511,0.0011,0.0011
3,FakeSherbrooke,9,10,4000,0.0463,0.9537,0.0026,0.0026
3,FakeSherbrooke,10,1,400,0.0525,0.9475,1.0,1.0
3,FakeSherbrooke,10,2,800,0.0513,0.9488,0.0012,0.0013
3,FakeSherbrooke,10,3,1200,0.0508,0.9492,0.0004,0.0004
3,FakeSherbrooke,10,4,1600,0.0481,0.9519,0.0027,0.0027
3,FakeSherbrooke,10,5,2000,0.0475,0.9525,0.0006,0.0006
3,FakeSherbrooke,10,6,2400,0.0458,0.9542,0.0017,0.0017
3,FakeSherbrooke,10,7,2800,0.0454,0.9546,0.0005,0.0005
3,FakeSherbrooke,10,8,3200,0.045,0.955,0.0004,0.0004
3,FakeSherbrooke,10,9,3600,0.0458,0.9542,0.0008,0.0008
3,FakeSherbrooke,10,10,4000,0.047,0.953,0.0012,0.0012
3,FakeSherbrooke,11,1,400,0.055,0.945,1.0,1.0
3,FakeSherbrooke,11,2,800,0.0525,0.9475,0.0025,0.0025
3,FakeSherbrooke,11,3,1200,0.0433,0.9567,0.0092,0.0092
3,FakeSherbrooke,11,4,1600,0.0469,0.9531,0.0035,0.0035
3,FakeSherbrooke,11,5,2000,0.0455,0.9545,0.0014,0.0014
3,FakeSherbrooke,11,6,2400,0.0454,0.9546,0.0001,0.0001
3,FakeSherbrooke,11,7,2800,0.0457,0.9543,0.0003,0.0003
3,FakeSherbrooke,11,8,3200,0.0463,0.9537,0.0005,0.0005
3,FakeSherbrooke,11,9,3600,0.0494,0.9506,0.0032,0.0032
3,FakeSherbrooke,11,10,4000,0.0483,0.9517,0.0012,0.0012
3,FakeSherbrooke,12,1,400,0.0525,0.9475,1.0,1.0
3,FakeSherbrooke,12,2,800,0.0463,0.9537,0.0062,0.0063
3,FakeSherbrooke,12,3,1200,0.0508,0.9492,0.0046,0.0046
3,FakeSherbrooke,12,4,1600,0.05,0.95,0.0008,0.0008
3,FakeSherbrooke,12,5,2000,0.0465,0.9535,0.0035,0.0035
3,FakeSherbrooke,12,6,2400,0.0442,0.9558,0.0023,0.0023
3,FakeSherbrooke,12,7,2800,0.0432,0.9568,0.001,0.001
3,FakeSherbrooke,12,8,3200,0.0431,0.9569,0.0001,0.0001
3,FakeSherbrooke,12,9,3600,0.0433,0.9567,0.0002,0.0002
3,FakeSherbrooke,12,10,4000,0.0427,0.9573,0.0006,0.0006
3,FakeSherbrooke,13,1,400,0.0175,0.9825,1.0,1.0
3,FakeSherbrooke,13,2,800,0.0375,0.9625,0.02,0.02
3,FakeSherbrooke,13,3,1200,0.0367,0.9633,0.0008,0.0008
3,FakeSherbrooke,13,4,1600,0.0394,0.9606,0.0027,0.0027
3,FakeSherbrooke,13,5,2000,0.0375,0.9625,0.0019,0.0019
3,FakeSherbrooke,13,6,2400,0.0375,0.9625,0.0,0.0
3,FakeSherbrooke,13,7,2800,0.0379,0.9621,0.0004,0.0004
3,FakeSherbrooke,13,8,3200,0.0384,0.9616,0.0006,0.0006
3,FakeSherbrooke,13,9,3600,0.04,0.96,0.0016,0.0016
3,FakeSherbrooke,13,10,4000,0.0393,0.9607,0.0008,0.0008
3,FakeSherbrooke,14,1,400,0.0425,0.9575,1.0,1.0
3,FakeSherbrooke,14,2,800,0.0413,0.9588,0.0012,0.0013
3,FakeSherbrooke,14,3,1200,0.04,0.96,0.0012,0.0012
3,FakeSherbrooke,14,4,1600,0.0425,0.9575,0.0025,0.0025
3,FakeSherbrooke,14,5,2000,0.0395,0.9605,0.003,0.003
3,FakeSherbrooke,14,6,2400,0.0392,0.9608,0.0003,0.0003
3,FakeSherbrooke,14,7,2800,0.0393,0.9607,0.0001,0.0001
3,FakeSherbrooke,14,8,3200,0.0406,0.9594,0.0013,0.0013
3,FakeSherbrooke,14,9,3600,0.0419,0.9581,0.0013,0.0013
3,FakeSherbrooke,14,10,4000,0.0417,0.9583,0.0002,0.0002
3,FakeSherbrooke,15,1,400,0.0475,0.9525,1.0,1.0
3,FakeSherbrooke,15,2,800,0.0375,0.9625,0.01,0.01
3,FakeSherbrooke,15,3,1200,0.0308,0.9692,0.0067,0.0067
3,FakeSherbrooke,15,4,1600,0.0331,0.9669,0.0023,0.0023
3,FakeSherbrooke,15,5,2000,0.035,0.965,0.0019,0.0019
3,FakeSherbrooke,15,6,2400,0.0337,0.9663,0.0013,0.0013
3,FakeSherbrooke,15,7,2800,0.0357,0.9643,0.002,0.002
3,FakeSherbrooke,15,8,3200,0.0341,0.9659,0.0017,0.0017
3,FakeSherbrooke,15,9,3600,0.0375,0.9625,0.0034,0.0034
3,FakeSherbrooke,15,10,4000,0.04,0.96,0.0025,0.0025
3,FakeSherbrooke,16,1,400,0.0425,0.9575,1.0,1.0
3,FakeSherbrooke,16,2,800,0.0387,0.9613,0.0038,0.0038
3,FakeSherbrooke,16,3,1200,0.0375,0.9625,0.0012,0.0012
3,FakeSherbrooke,16,4,1600,0.0369,0.9631,0.0006,0.0006
3,FakeSherbrooke,16,5,2000,0.042,0.958,0.0051,0.0051
3,FakeSherbrooke,16,6,2400,0.0454,0.9546,0.0034,0.0034
3,FakeSherbrooke,16,7,2800,0.0446,0.9554,0.0008,0.0008
3,FakeSherbrooke,16,8,3200,0.0444,0.9556,0.0003,0.0003
3,FakeSherbrooke,16,9,3600,0.0417,0.9583,0.0027,0.0027
3,FakeSherbrooke,16,10,4000,0.0435,0.9565,0.0018,0.0018
3,FakeSherbrooke,17,1,400,0.0475,0.9525,1.0,1.0
3,FakeSherbrooke,17,2,800,0.0437,0.9563,0.0038,0.0038
3,FakeSherbrooke,17,3,1200,0.0442,0.9558,0.0004,0.0004
3,FakeSherbrooke,17,4,1600,0.0413,0.9588,0.0029,0.0029
3,FakeSherbrooke,17,5,2000,0.044,0.956,0.0028,0.0028
3,FakeSherbrooke,17,6,2400,0.0454,0.9546,0.0014,0.0014
3,FakeSherbrooke,17,7,2800,0.0436,0.9564,0.0018,0.0018
3,FakeSherbrooke,17,8,3200,0.0425,0.9575,0.0011,0.0011
3,FakeSherbrooke,17,9,3600,0.0417,0.9583,0.0008,0.0008
3,FakeSherbrooke,17,10,4000,0.0415,0.9585,0.0002,0.0002
3,FakeSherbrooke,18,1,400,0.03,0.97,1.0,1.0
3,FakeSherbrooke,18,2,800,0.04,0.96,0.01,0.01
3,FakeSherbrooke,18,3,1200,0.0442,0.9558,0.0042,0.0042
3,FakeSherbrooke,18,4,1600,0.0437,0.9563,0.0004,0.0004
3,FakeSherbrooke,18,5,2000,0.045,0.955,0.0013,0.0012
3,FakeSherbrooke,18,6,2400,0.0454,0.9546,0.0004,0.0004
3,FakeSherbrooke,18,7,2800,0.0471,0.9529,0.0017,0.0017
3,FakeSherbrooke,18,8,3200,0.0459,0.9541,0.0012,0.0012
3,FakeSherbrooke,18,9,3600,0.0447,0.9553,0.0012,0.0012
3,FakeSherbrooke,18,10,4000,0.0447,0.9553,0.0,0.0
3,FakeSherbrooke,19,1,400,0.05,0.95,1.0,1.0
3,FakeSherbrooke,19,2,800,0.0475,0.9525,0.0025,0.0025
3,FakeSherbrooke,19,3,1200,0.0442,0.9558,0.0033,0.0033
3,FakeSherbrooke,19,4,1600,0.0425,0.9575,0.0017,0.0017
3,FakeSherbrooke,19,5,2000,0.041,0.959,0.0015,0.0015
3,FakeSherbrooke,19,6,2400,0.0404,0.9596,0.0006,0.0006
3,FakeSherbrooke,19,7,2800,0.0418,0.9582,0.0014,0.0014
3,FakeSherbrooke,19,8,3200,0.0419,0.9581,0.0001,0.0001
3,FakeSherbrooke,19,9,3600,0.0422,0.9578,0.0003,0.0003
3,FakeSherbrooke,19,10,4000,0.041,0.959,0.0012,0.0012
4,FakeSherbrooke,0,1,819,0.0904,0.9095,1.0,1.0
4,FakeSherbrooke,0,2,1638,0.0842,0.9154,0.0061,0.0059
4,FakeSherbrooke,0,3,2457,0.0847,0.9149,0.0004,0.0005
4,FakeSherbrooke,0,4,3276,0.0858,0.9137,0.0011,0.0012
4,FakeSherbrooke,0,5,4095,0.0874,0.9122,0.0016,0.0015
4,FakeSherbrooke,0,6,4914,0.0855,0.9143,0.002,0.0021
4,FakeSherbrooke,0,7,5733,0.0869,0.913,0.0014,0.0013
4,FakeSherbrooke,0,8,6552,0.0871,0.9127,0.0003,0.0003
4,FakeSherbrooke,0,9,7371,0.0871,0.9127,0.0001,0.0001
4,FakeSherbrooke,0,10,8192,0.0886,0.9113,0.0015,0.0015
4,FakeSherbrooke,1,1,819,0.0891,0.9108,1.0,1.0
4,FakeSherbrooke,1,2,1638,0.094,0.9059,0.0049,0.0049
4,FakeSherbrooke,1,3,2457,0.0969,0.9031,0.0028,0.0028
4,FakeSherbrooke,1,4,3276,0.0989,0.9008,0.002,0.0023
4,FakeSherbrooke,1,5,4095,0.095,0.9049,0.0039,0.0041
4,FakeSherbrooke,1,6,4914,0.0938,0.9061,0.0012,0.0011
4,FakeSherbrooke,1,7,5733,0.0912,0.9086,0.0026,0.0025
4,FakeSherbrooke,1,8,6552,0.0902,0.9096,0.001,0.001
4,FakeSherbrooke,1,9,7371,0.0918,0.9079,0.0016,0.0017
4,FakeSherbrooke,1,10,8192,0.0945,0.9052,0.0026,0.0027
4,FakeSherbrooke,2,1,819,0.0977,0.9021,1.0,1.0
4,FakeSherbrooke,2,2,1638,0.0922,0.9078,0.0055,0.0057
4,FakeSherbrooke,2,3,2457,0.0908,0.9092,0.0014,0.0014
4,FakeSherbrooke,2,4,3276,0.0894,0.9105,0.0013,0.0013
4,FakeSherbrooke,2,5,4095,0.0891,0.9107,0.0003,0.0002
4,FakeSherbrooke,2,6,4914,0.0869,0.913,0.0022,0.0023
4,FakeSherbrooke,2,7,5733,0.0881,0.9118,0.0012,0.0012
4,FakeSherbrooke,2,8,6552,0.0885,0.9113,0.0004,0.0005
4,FakeSherbrooke,2,9,7371,0.0883,0.9114,0.0002,0.0001
4,FakeSherbrooke,2,10,8192,0.0873,0.9125,0.001,0.0011
4,FakeSherbrooke,3,1,819,0.0928,0.9067,1.0,1.0
4,FakeSherbrooke,3,2,1638,0.0879,0.9121,0.0049,0.0053
4,FakeSherbrooke,3,3,2457,0.0863,0.9136,0.0016,0.0016
4,FakeSherbrooke,3,4,3276,0.0836,0.9163,0.0026,0.0027
4,FakeSherbrooke,3,5,4095,0.0882,0.9118,0.0045,0.0045
4,FakeSherbrooke,3,6,4914,0.0904,0.9096,0.0022,0.0022
4,FakeSherbrooke,3,7,5733,0.0881,0.9119,0.0023,0.0023
4,FakeSherbrooke,3,8,6552,0.087,0.913,0.0011,0.0011
4,FakeSherbrooke,3,9,7371,0.0853,0.9146,0.0017,0.0016
4,FakeSherbrooke,3,10,8192,0.0869,0.9131,0.0016,0.0016
4,FakeSherbrooke,4,1,819,0.1087,0.8909,1.0,1.0
4,FakeSherbrooke,4,2,1638,0.1099,0.8899,0.0012,0.0009
4,FakeSherbrooke,4,3,2457,0.1103,0.8896,0.0004,0.0003
4,FakeSherbrooke,4,4,3276,0.1047,0.8951,0.0056,0.0055
4,FakeSherbrooke,4,5,4095,0.1031,0.8966,0.0016,0.0016
4,FakeSherbrooke,4,6,4914,0.0991,0.9006,0.0039,0.0039
4,FakeSherbrooke,4,7,5733,0.0966,0.903,0.0025,0.0024
4,FakeSherbrooke,4,8,6552,0.0969,0.9027,0.0003,0.0003
4,FakeSherbrooke,4,9,7371,0.0944,0.9052,0.0025,0.0025
4,FakeSherbrooke,4,10,8192,0.0923,0.9072,0.0021,0.002
4,FakeSherbrooke,5,1,819,0.0745,0.9252,1.0,1.0
4,FakeSherbrooke,5,2,1638,0.0708,0.9292,0.0037,0.004
4,FakeSherbrooke,5,3,2457,0.0781,0.9219,0.0073,0.0073
4,FakeSherbrooke,5,4,3276,0.0842,0.9158,0.0061,0.0061
4,FakeSherbrooke,5,5,4095,0.0852,0.9147,0.001,0.001
4,FakeSherbrooke,5,6,4914,0.0853,0.9147,0.0,0.0001
4,FakeSherbrooke,5,7,5733,0.0846,0.9154,0.0007,0.0007
4,FakeSherbrooke,5,8,6552,0.0835,0.9165,0.0011,0.0011
4,FakeSherbrooke,5,9,7371,0.0842,0.9157,0.0008,0.0008
4,FakeSherbrooke,5,10,8192,0.0834,0.9166,0.0009,0.0009
4,FakeSherbrooke,6,1,819,0.1001,0.9089,1.0,1.0
4,FakeSherbrooke,6,2,1638,0.0952,0.9033,0.0049,0.0056
4,FakeSherbrooke,6,3,2457,0.0989,0.8996,0.0037,0.0037
4,FakeSherbrooke,6,4,3276,0.0958,0.9032,0.0031,0.0036
4,FakeSherbrooke,6,5,4095,0.0935,0.9055,0.0023,0.0023
4,FakeSherbrooke,6,6,4914,0.0912,0.9077,0.0024,0.0023
4,FakeSherbrooke,6,7,5733,0.0898,0.9091,0.0013,0.0013
4,FakeSherbrooke,6,8,6552,0.0891,0.9099,0.0007,0.0008
4,FakeSherbrooke,6,9,7371,0.089,0.91,0.0001,0.0001
4,FakeSherbrooke,6,10,8192,0.0892,0.9098,0.0002,0.0002
4,FakeSherbrooke,7,1,819,0.0867,0.9132,1.0,1.0
4,FakeSherbrooke,7,2,1638,0.0812,0.9186,0.0055,0.0054
4,FakeSherbrooke,7,3,2457,0.0818,0.918,0.0006,0.0005
4,FakeSherbrooke,7,4,3276,0.0852,0.9147,0.0034,0.0034
4,FakeSherbrooke,7,5,4095,0.0855,0.9145,0.0003,0.0002
4,FakeSherbrooke,7,6,4914,0.0908,0.9092,0.0053,0.0053
4,FakeSherbrooke,7,7,5733,0.0931,0.9068,0.0024,0.0024
4,FakeSherbrooke,7,8,6552,0.0946,0.9052,0.0015,0.0016
4,FakeSherbrooke,7,9,7371,0.0943,0.9056,0.0003,0.0004
4,FakeSherbrooke,7,10,8192,0.0951,0.9048,0.0008,0.0008
4,FakeSherbrooke,8,1,819,0.0879,0.9121,1.0,1.0
4,FakeSherbrooke,8,2,1638,0.1007,0.8992,0.0128,0.0128
4,FakeSherbrooke,8,3,2457,0.0912,0.9088,0.0096,0.0096
4,FakeSherbrooke,8,4,3276,0.0897,0.9102,0.0014,0.0014
4,FakeSherbrooke,8,5,4095,0.0855,0.9145,0.0043,0.0043
4,FakeSherbrooke,8,6,4914,0.0853,0.9147,0.0002,0.0002
4,FakeSherbrooke,8,7,5733,0.0848,0.9152,0.0005,0.0005
4,FakeSherbrooke,8,8,6552,0.0847,0.9153,0.0001,0.0001
4,FakeSherbrooke,8,9,7371,0.0833,0.9167,0.0014,0.0014
4,FakeSherbrooke,8,10,8192,0.0839,0.9161,0.0006,0.0006
4,FakeSherbrooke,9,1,819,0.083,0.9167,1.0,1.0
4,FakeSherbrooke,9,2,1638,0.0781,0.921,0.0049,0.0043
4,FakeSherbrooke,9,3,2457,0.083,0.9165,0.0049,0.0045
4,FakeSherbrooke,9,4,3276,0.0867,0.913,0.0037,0.0035
4,FakeSherbrooke,9,5,4095,0.0867,0.9129,0.0,0.0001
4,FakeSherbrooke,9,6,4914,0.0875,0.9122,0.0008,0.0007
4,FakeSherbrooke,9,7,5733,0.0884,0.9113,0.0009,0.0009
4,FakeSherbrooke,9,8,6552,0.0878,0.912,0.0007,0.0007
4,FakeSherbrooke,9,9,7371,0.0879,0.9119,0.0002,0.0001
4,FakeSherbrooke,9,10,8192,0.0864,0.9134,0.0015,0.0016
4,FakeSherbrooke,10,1,819,0.0867,0.9127,1.0,1.0
4,FakeSherbrooke,10,2,1638,0.0904,0.9084,0.0037,0.0043
4,FakeSherbrooke,10,3,2457,0.0842,0.9145,0.0061,0.0062
4,FakeSherbrooke,10,4,3276,0.0891,0.9096,0.0049,0.0049
4,FakeSherbrooke,10,5,4095,0.0906,0.908,0.0015,0.0016
4,FakeSherbrooke,10,6,4914,0.0881,0.9102,0.0025,0.0022
4,FakeSherbrooke,10,7,5733,0.0886,0.9097,0.0005,0.0006
4,FakeSherbrooke,10,8,6552,0.0882,0.9101,0.0004,0.0004
4,FakeSherbrooke,10,9,7371,0.0874,0.9109,0.0008,0.0008
4,FakeSherbrooke,10,10,8192,0.0883,0.9112,0.0009,0.0003
4,FakeSherbrooke,11,1,819,0.1074,0.8919,1.0,1.0
4,FakeSherbrooke,11,2,1638,0.1013,0.898,0.0061,0.0061
4,FakeSherbrooke,11,3,2457,0.0985,0.9007,0.0028,0.0028
4,FakeSherbrooke,11,4,3276,0.0958,0.9036,0.0026,0.0028
4,FakeSherbrooke,11,5,4095,0.0923,0.907,0.0035,0.0034
4,FakeSherbrooke,11,6,4914,0.0936,0.9057,0.0013,0.0014
4,FakeSherbrooke,11,7,5733,0.0945,0.9044,0.0009,0.0012
4,FakeSherbrooke,11,8,6552,0.0916,0.9076,0.003,0.0031
4,FakeSherbrooke,11,9,7371,0.0924,0.9069,0.0008,0.0007
4,FakeSherbrooke,11,10,8192,0.0912,0.9081,0.0012,0.0012
4,FakeSherbrooke,12,1,819,0.0733,0.926,1.0,1.0
4,FakeSherbrooke,12,2,1638,0.0849,0.9146,0.0116,0.0114
4,FakeSherbrooke,12,3,2457,0.0842,0.9149,0.0006,0.0003
4,FakeSherbrooke,12,4,3276,0.0803,0.9189,0.004,0.004
4,FakeSherbrooke,12,5,4095,0.0828,0.9164,0.0025,0.0025
4,FakeSherbrooke,12,6,4914,0.0832,0.9161,0.0004,0.0002
4,FakeSherbrooke,12,7,5733,0.0822,0.9174,0.0011,0.0013
4,FakeSherbrooke,12,8,6552,0.0818,0.9177,0.0003,0.0002
4,FakeSherbrooke,12,9,7371,0.0841,0.9153,0.0023,0.0023
4,FakeSherbrooke,12,10,8192,0.0839,0.9155,0.0003,0.0002
4,FakeSherbrooke,13,1,819,0.0781,0.9217,1.0,1.0
4,FakeSherbrooke,13,2,1638,0.083,0.9169,0.0049,0.0048
4,FakeSherbrooke,13,3,2457,0.0847,0.9152,0.0016,0.0016
4,FakeSherbrooke,13,4,3276,0.0861,0.9137,0.0014,0.0015
4,FakeSherbrooke,13,5,4095,0.0896,0.9102,0.0035,0.0036
4,FakeSherbrooke,13,6,4914,0.0885,0.9114,0.0011,0.0012
4,FakeSherbrooke,13,7,5733,0.0874,0.9125,0.0011,0.0011
4,FakeSherbrooke,13,8,6552,0.0875,0.9124,0.0001,0.0
4,FakeSherbrooke,13,9,7371,0.087,0.9129,0.0005,0.0005
4,FakeSherbrooke,13,10,8192,0.0869,0.913,0.0,0.0001
4,FakeSherbrooke,14,1,819,0.0855,0.9232,1.0,1.0
4,FakeSherbrooke,14,2,1638,0.0775,0.9216,0.0079,0.0015
4,FakeSherbrooke,14,3,2457,0.0802,0.9189,0.0026,0.0027
4,FakeSherbrooke,14,4,3276,0.08,0.9192,0.0002,0.0003
4,FakeSherbrooke,14,5,4095,0.0842,0.9148,0.0043,0.0044
4,FakeSherbrooke,14,6,4914,0.0859,0.9133,0.0016,0.0016
4,FakeSherbrooke,14,7,5733,0.0865,0.9127,0.0006,0.0006
4,FakeSherbrooke,14,8,6552,0.0873,0.9119,0.0008,0.0008
4,FakeSherbrooke,14,9,7371,0.0875,0.9117,0.0002,0.0002
4,FakeSherbrooke,14,10,8192,0.0865,0.9126,0.001,0.0009
4,FakeSherbrooke,15,1,819,0.0928,0.9059,1.0,1.0
4,FakeSherbrooke,15,2,1638,0.0885,0.9109,0.0043,0.005
4,FakeSherbrooke,15,3,2457,0.0838,0.9153,0.0047,0.0044
4,FakeSherbrooke,15,4,3276,0.0836,0.9158,0.0002,0.0005
4,FakeSherbrooke,15,5,4095,0.0845,0.9151,0.0009,0.0007
4,FakeSherbrooke,15,6,4914,0.0865,0.913,0.002,0.0021
4,FakeSherbrooke,15,7,5733,0.0837,0.9156,0.0028,0.0026
4,FakeSherbrooke,15,8,6552,0.0844,0.9151,0.0007,0.0005
4,FakeSherbrooke,15,9,7371,0.0848,0.9147,0.0004,0.0004
4,FakeSherbrooke,15,10,8192,0.0859,0.9135,0.0011,0.0011
4,FakeSherbrooke,16,1,819,0.0928,0.907,1.0,1.0
4,FakeSherbrooke,16,2,1638,0.0867,0.9133,0.0061,0.0063
4,FakeSherbrooke,16,3,2457,0.0867,0.9133,0.0,0.0
4,FakeSherbrooke,16,4,3276,0.0879,0.9121,0.0012,0.0012
4,FakeSherbrooke,16,5,4095,0.0918,0.9082,0.0039,0.0039
4,FakeSherbrooke,16,6,4914,0.094,0.906,0.0022,0.0022
4,FakeSherbrooke,16,7,5733,0.0928,0.9072,0.0012,0.0012
4,FakeSherbrooke,16,8,6552,0.0926,0.9073,0.0002,0.0001
4,FakeSherbrooke,16,9,7371,0.0925,0.9075,0.0001,0.0001
4,FakeSherbrooke,16,10,8192,0.0912,0.9088,0.0013,0.0013
4,FakeSherbrooke,17,1,819,0.083,0.9164,1.0,1.0
4,FakeSherbrooke,17,2,1638,0.0885,0.911,0.0055,0.0053
4,FakeSherbrooke,17,3,2457,0.0847,0.9151,0.0039,0.004
4,FakeSherbrooke,17,4,3276,0.0858,0.9139,0.0011,0.0012
4,FakeSherbrooke,17,5,4095,0.0879,0.9117,0.0021,0.0021
4,FakeSherbrooke,17,6,4914,0.0902,0.9095,0.0022,0.0022
4,FakeSherbrooke,17,7,5733,0.0888,0.911,0.0014,0.0015
4,FakeSherbrooke,17,8,6552,0.0884,0.9115,0.0004,0.0005
4,FakeSherbrooke,17,9,7371,0.0878,0.9121,0.0006,0.0005
4,FakeSherbrooke,17,10,8192,0.0878,0.9121,0.0,0.0
4,FakeSherbrooke,18,1,819,0.0867,0.9122,1.0,1.0
4,FakeSherbrooke,18,2,1638,0.0928,0.9066,0.0061,0.0056
4,FakeSherbrooke,18,3,2457,0.0908,0.9085,0.002,0.002
4,FakeSherbrooke,18,4,3276,0.0894,0.9098,0.0013,0.0012
4,FakeSherbrooke,18,5,4095,0.0891,0.9101,0.0003,0.0003
4,FakeSherbrooke,18,6,4914,0.0871,0.9122,0.002,0.0021
4,FakeSherbrooke,18,7,5733,0.0898,0.9097,0.0027,0.0025
4,FakeSherbrooke,18,8,6552,0.0891,0.9104,0.0007,0.0007
4,FakeSherbrooke,18,9,7371,0.0893,0.9103,0.0001,0.0001
4,FakeSherbrooke,18,10,8192,0.0875,0.912,0.0017,0.0017
4,FakeSherbrooke,19,1,819,0.0904,0.9134,1.0,1.0
4,FakeSherbrooke,19,2,1638,0.1044,0.894,0.014,0.0194
4,FakeSherbrooke,19,3,2457,0.1018,0.8966,0.0026,0.0026
4,FakeSherbrooke,19,4,3276,0.101,0.8981,0.0007,0.0015
4,FakeSherbrooke,19,5,4095,0.1006,0.8989,0.0004,0.0009
4,FakeSherbrooke,19,6,4914,0.0991,0.9005,0.0015,0.0016
4,FakeSherbrooke,19,7,5733,0.0987,0.9008,0.0004,0.0003
4,FakeSherbrooke,19,8,6552,0.0966,0.903,0.0021,0.0021
4,FakeSherbrooke,19,9,7371,0.0952,0.9043,0.0014,0.0013
4,FakeSherbrooke,19,10,8192,0.094,0.9055,0.0012,0.0012
5,FakeSherbrooke,0,1,102,0.1471,0.8524,1.0,1.0
5,FakeSherbrooke,0,2,204,0.152,0.8471,0.0049,0.0053
5,FakeSherbrooke,0,3,306,0.1373,0.8625,0.0147,0.0154
5,FakeSherbrooke,0,4,408,0.1348,0.8649,0.0025,0.0024
5,FakeSherbrooke,0,5,510,0.1294,0.8699,0.0054,0.005
5,FakeSherbrooke,0,6,612,0.1225,0.877,0.0069,0.0071
5,FakeSherbrooke,0,7,714,0.1289,0.8704,0.0063,0.0067
5,FakeSherbrooke,0,8,816,0.1262,0.8724,0.0026,0.002
5,FakeSherbrooke,0,9,918,0.1275,0.8709,0.0012,0.0015
5,FakeSherbrooke,0,10,1024,0.123,0.8749,0.0044,0.004
5,FakeSherbrooke,1,1,102,0.1373,0.8624,1.0,1.0
5,FakeSherbrooke,1,2,204,0.1373,0.8627,0.0,0.0003
5,FakeSherbrooke,1,3,306,0.1242,0.8756,0.0131,0.0129
5,FakeSherbrooke,1,4,408,0.1152,0.8846,0.009,0.0091
5,FakeSherbrooke,1,5,510,0.1118,0.8875,0.0034,0.0029
5,FakeSherbrooke,1,6,612,0.1078,0.8916,0.0039,0.0041
5,FakeSherbrooke,1,7,714,0.1162,0.8832,0.0084,0.0084
5,FakeSherbrooke,1,8,816,0.1127,0.8868,0.0035,0.0035
5,FakeSherbrooke,1,9,918,0.1133,0.8866,0.0005,0.0002
5,FakeSherbrooke,1,10,1024,0.1133,0.8866,0.0,0.0
5,FakeSherbrooke,2,1,102,0.1176,0.8806,1.0,1.0
5,FakeSherbrooke,2,2,204,0.1176,0.9058,0.0,0.0252
5,FakeSherbrooke,2,3,306,0.098,0.9024,0.0196,0.0034
5,FakeSherbrooke,2,4,408,0.0956,0.9021,0.0025,0.0003
5,FakeSherbrooke,2,5,510,0.1059,0.8926,0.0103,0.0096
5,FakeSherbrooke,2,6,612,0.1046,0.8948,0.0013,0.0022
5,FakeSherbrooke,2,7,714,0.105,0.8947,0.0005,0.0001
5,FakeSherbrooke,2,8,816,0.1066,0.8932,0.0016,0.0014
5,FakeSherbrooke,2,9,918,0.1013,0.8986,0.0053,0.0054
5,FakeSherbrooke,2,10,1024,0.1074,0.8924,0.0061,0.0062
5,FakeSherbrooke,3,1,102,0.1176,0.8821,1.0,1.0
5,FakeSherbrooke,3,2,204,0.1127,0.8867,0.0049,0.0046
5,FakeSherbrooke,3,3,306,0.1176,0.8823,0.0049,0.0044
5,FakeSherbrooke,3,4,408,0.1127,0.8871,0.0049,0.0047
5,FakeSherbrooke,3,5,510,0.1098,0.8901,0.0029,0.003
5,FakeSherbrooke,3,6,612,0.1144,0.8852,0.0046,0.0049
5,FakeSherbrooke,3,7,714,0.1106,0.889,0.0037,0.0038
5,FakeSherbrooke,3,8,816,0.1152,0.8843,0.0046,0.0047
5,FakeSherbrooke,3,9,918,0.1198,0.8791,0.0046,0.0052
5,FakeSherbrooke,3,10,1024,0.1279,0.8712,0.0081,0.0078
5,FakeSherbrooke,4,1,102,0.1275,0.8725,1.0,1.0
5,FakeSherbrooke,4,2,204,0.1275,0.8723,0.0,0.0002
5,FakeSherbrooke,4,3,306,0.1209,0.8787,0.0065,0.0064
5,FakeSherbrooke,4,4,408,0.1225,0.8773,0.0016,0.0014
5,FakeSherbrooke,4,5,510,0.1137,0.8853,0.0088,0.008
5,FakeSherbrooke,4,6,612,0.1144,0.8853,0.0007,0.0
5,FakeSherbrooke,4,7,714,0.1148,0.8847,0.0005,0.0005
5,FakeSherbrooke,4,8,816,0.1115,0.8875,0.0033,0.0027
5,FakeSherbrooke,4,9,918,0.11,0.8895,0.0015,0.0021
5,FakeSherbrooke,4,10,1024,0.1104,0.8894,0.0003,0.0002
5,FakeSherbrooke,5,1,102,0.1078,0.9083,1.0,1.0
5,FakeSherbrooke,5,2,204,0.1225,0.8882,0.0147,0.0201
5,FakeSherbrooke,5,3,306,0.1471,0.8813,0.0245,0.0069
5,FakeSherbrooke,5,4,408,0.1373,0.8748,0.0098,0.0065
5,FakeSherbrooke,5,5,510,0.1431,0.8672,0.0059,0.0076
5,FakeSherbrooke,5,6,612,0.1454,0.8653,0.0023,0.0019
5,FakeSherbrooke,5,7,714,0.1401,0.8599,0.0054,0.0054
5,FakeSherbrooke,5,8,816,0.1409,0.8686,0.0009,0.0087
5,FakeSherbrooke,5,9,918,0.1503,0.867,0.0094,0.0017
5,FakeSherbrooke,5,10,1024,0.1625,0.8616,0.0121,0.0054
5,FakeSherbrooke,6,1,102,0.1667,0.8319,1.0,1.0
5,FakeSherbrooke,6,2,204,0.1225,0.877,0.0441,0.0451
5,FakeSherbrooke,6,3,306,0.1307,0.8679,0.0082,0.0091
5,FakeSherbrooke,6,4,408,0.1152,0.8824,0.0155,0.0145
5,FakeSherbrooke,6,5,510,0.1137,0.8844,0.0015,0.002
5,FakeSherbrooke,6,6,612,0.116,0.8826,0.0023,0.0018
5,FakeSherbrooke,6,7,714,0.1162,0.8824,0.0002,0.0002
5,FakeSherbrooke,6,8,816,0.1164,0.8824,0.0002,0.0
5,FakeSherbrooke,6,9,918,0.1144,0.8839,0.002,0.0015
5,FakeSherbrooke,6,10,1024,0.1084,0.8892,0.006,0.0053
5,FakeSherbrooke,7,1,102,0.0784,0.9211,1.0,1.0
5,FakeSherbrooke,7,2,204,0.1225,0.8771,0.0441,0.0441
5,FakeSherbrooke,7,3,306,0.134,0.8645,0.0114,0.0125
5,FakeSherbrooke,7,4,408,0.1176,0.8821,0.0163,0.0175
5,FakeSherbrooke,7,5,510,0.1176,0.8819,0.0,0.0002
5,FakeSherbrooke,7,6,612,0.116,0.8832,0.0016,0.0013
5,FakeSherbrooke,7,7,714,0.1162,0.8832,0.0002,0.0
5,FakeSherbrooke,7,8,816,0.1103,0.8895,0.006,0.0063
5,FakeSherbrooke,7,9,918,0.11,0.8899,0.0003,0.0005
5,FakeSherbrooke,7,10,1024,0.1143,0.8857,0.0042,0.0042
5,FakeSherbrooke,8,1,102,0.0686,0.9313,1.0,1.0
5,FakeSherbrooke,8,2,204,0.0784,0.9209,0.0098,0.0104
5,FakeSherbrooke,8,3,306,0.098,0.9091,0.0196,0.0117
5,FakeSherbrooke,8,4,408,0.1176,0.893,0.0196,0.0161
5,FakeSherbrooke,8,5,510,0.1314,0.8883,0.0137,0.0047
5,FakeSherbrooke,8,6,612,0.1324,0.8908,0.001,0.0025
5,FakeSherbrooke,8,7,714,0.1246,0.894,0.0077,0.0032
5,FakeSherbrooke,8,8,816,0.1299,0.8901,0.0053,0.0039
5,FakeSherbrooke,8,9,918,0.1242,0.8916,0.0057,0.0015
5,FakeSherbrooke,8,10,1024,0.1223,0.8873,0.0019,0.0043
5,FakeSherbrooke,9,1,102,0.0686,0.9312,1.0,1.0
5,FakeSherbrooke,9,2,204,0.0882,0.9108,0.0196,0.0204
5,FakeSherbrooke,9,3,306,0.098,0.9015,0.0098,0.0093
5,FakeSherbrooke,9,4,408,0.0956,0.9044,0.0025,0.0029
5,FakeSherbrooke,9,5,510,0.1039,0.8961,0.0083,0.0083
5,FakeSherbrooke,9,6,612,0.1078,0.892,0.0039,0.004
5,FakeSherbrooke,9,7,714,0.1162,0.8833,0.0084,0.0087
5,FakeSherbrooke,9,8,816,0.1127,0.8869,0.0035,0.0035
5,FakeSherbrooke,9,9,918,0.1144,0.8851,0.0016,0.0018
5,FakeSherbrooke,9,10,1024,0.1172,0.8822,0.0028,0.0029
5,FakeSherbrooke,10,1,102,0.1176,0.8819,1.0,1.0
5,FakeSherbrooke,10,2,204,0.1324,0.8675,0.0147,0.0144
5,FakeSherbrooke,10,3,306,0.1242,0.8755,0.0082,0.008
5,FakeSherbrooke,10,4,408,0.1176,0.8821,0.0065,0.0066
5,FakeSherbrooke,10,5,510,0.1157,0.8841,0.002,0.002
5,FakeSherbrooke,10,6,612,0.1242,0.8754,0.0085,0.0087
5,FakeSherbrooke,10,7,714,0.119,0.8808,0.0051,0.0053
5,FakeSherbrooke,10,8,816,0.1189,0.8808,0.0002,0.0
5,FakeSherbrooke,10,9,918,0.1285,0.871,0.0097,0.0098
5,FakeSherbrooke,10,10,1024,0.125,0.8746,0.0035,0.0037
5,FakeSherbrooke,11,1,102,0.1275,0.8725,1.0,1.0
5,FakeSherbrooke,11,2,204,0.098,0.9015,0.0294,0.029
5,FakeSherbrooke,11,3,306,0.1078,0.8915,0.0098,0.0101
5,FakeSherbrooke,11,4,408,0.1152,0.8844,0.0074,0.0071
5,FakeSherbrooke,11,5,510,0.1176,0.8823,0.0025,0.0021
5,FakeSherbrooke,11,6,612,0.1144,0.8856,0.0033,0.0033
5,FakeSherbrooke,11,7,714,0.1092,0.8904,0.0051,0.0048
5,FakeSherbrooke,11,8,816,0.1115,0.8885,0.0023,0.0019
5,FakeSherbrooke,11,9,918,0.1133,0.8867,0.0018,0.0018
5,FakeSherbrooke,11,10,1024,0.1113,0.8886,0.002,0.0019
5,FakeSherbrooke,12,1,102,0.1569,0.9254,1.0,1.0
5,FakeSherbrooke,12,2,204,0.1716,0.8962,0.0147,0.0292
5,FakeSherbrooke,12,3,306,0.1667,0.8804,0.0049,0.0158
5,FakeSherbrooke,12,4,408,0.1691,0.8841,0.0025,0.0037
5,FakeSherbrooke,12,5,510,0.151,0.8976,0.0181,0.0135
5,FakeSherbrooke,12,6,612,0.1601,0.8847,0.0092,0.0129
5,FakeSherbrooke,12,7,714,0.1709,0.8855,0.0107,0.0008
5,FakeSherbrooke,12,8,816,0.1667,0.8879,0.0042,0.0024
5,FakeSherbrooke,12,9,918,0.1547,0.8897,0.012,0.0018
5,FakeSherbrooke,12,10,1024,0.1664,0.8817,0.0117,0.0081
5,FakeSherbrooke,13,1,102,0.1176,0.8958,1.0,1.0
5,FakeSherbrooke,13,2,204,0.0931,0.9054,0.0245,0.0096
5,FakeSherbrooke,13,3,306,0.0915,0.9082,0.0016,0.0028
5,FakeSherbrooke,13,4,408,0.1005,0.8994,0.009,0.0087
5,FakeSherbrooke,13,5,510,0.0961,0.9032,0.0044,0.0038
5,FakeSherbrooke,13,6,612,0.098,0.9013,0.002,0.0019
5,FakeSherbrooke,13,7,714,0.0924,0.9071,0.0056,0.0058
5,FakeSherbrooke,13,8,816,0.0968,0.9029,0.0044,0.0042
5,FakeSherbrooke,13,9,918,0.1002,0.8997,0.0034,0.0032
5,FakeSherbrooke,13,10,1024,0.1064,0.8934,0.0062,0.0063
5,FakeSherbrooke,14,1,102,0.1863,0.8089,1.0,1.0
5,FakeSherbrooke,14,2,204,0.1667,0.8446,0.0196,0.0357
5,FakeSherbrooke,14,3,306,0.1797,0.8418,0.0131,0.0028
5,FakeSherbrooke,14,4,408,0.1814,0.8414,0.0016,0.0004
5,FakeSherbrooke,14,5,510,0.1588,0.8532,0.0225,0.0117
5,FakeSherbrooke,14,6,612,0.1471,0.86,0.0118,0.0068
5,FakeSherbrooke,14,7,714,0.1415,0.8617,0.0056,0.0018
5,FakeSherbrooke,14,8,816,0.136,0.8632,0.0054,0.0015
5,FakeSherbrooke,14,9,918,0.1362,0.8687,0.0001,0.0055
5,FakeSherbrooke,14,10,1024,0.136,0.87,0.0002,0.0013
5,FakeSherbrooke,15,1,102,0.0882,0.9117,1.0,1.0
5,FakeSherbrooke,15,2,204,0.1029,0.8969,0.0147,0.0148
5,FakeSherbrooke,15,3,306,0.1046,0.8949,0.0016,0.002
5,FakeSherbrooke,15,4,408,0.1103,0.8888,0.0057,0.0061
5,FakeSherbrooke,15,5,510,0.1118,0.8867,0.0015,0.0021
5,FakeSherbrooke,15,6,612,0.1193,0.8796,0.0075,0.0071
5,FakeSherbrooke,15,7,714,0.112,0.8873,0.0072,0.0077
5,FakeSherbrooke,15,8,816,0.114,0.8856,0.0019,0.0017
5,FakeSherbrooke,15,9,918,0.1111,0.8887,0.0029,0.0031
5,FakeSherbrooke,15,10,1024,0.1133,0.8858,0.0022,0.0029
5,FakeSherbrooke,16,1,102,0.1373,0.8625,1.0,1.0
5,FakeSherbrooke,16,2,204,0.1078,0.8917,0.0294,0.0292
5,FakeSherbrooke,16,3,306,0.1242,0.8842,0.0163,0.0075
5,FakeSherbrooke,16,4,408,0.1078,0.8906,0.0163,0.0063
5,FakeSherbrooke,16,5,510,0.1059,0.8929,0.002,0.0023
5,FakeSherbrooke,16,6,612,0.1111,0.8884,0.0052,0.0045
5,FakeSherbrooke,16,7,714,0.1092,0.8896,0.0019,0.0012
5,FakeSherbrooke,16,8,816,0.1091,0.8899,0.0002,0.0003
5,FakeSherbrooke,16,9,918,0.1111,0.8877,0.002,0.0022
5,FakeSherbrooke,16,10,1024,0.1094,0.8888,0.0017,0.0012
5,FakeSherbrooke,17,1,102,0.1373,0.8616,1.0,1.0
5,FakeSherbrooke,17,2,204,0.1373,0.8855,0.0,0.0239
5,FakeSherbrooke,17,3,306,0.1438,0.8843,0.0065,0.0012
5,FakeSherbrooke,17,4,408,0.1471,0.8815,0.0033,0.0028
5,FakeSherbrooke,17,5,510,0.1216,0.8843,0.0255,0.0028
5,FakeSherbrooke,17,6,612,0.1275,0.875,0.0059,0.0093
5,FakeSherbrooke,17,7,714,0.112,0.8853,0.0154,0.0104
5,FakeSherbrooke,17,8,816,0.1164,0.8814,0.0044,0.004
5,FakeSherbrooke,17,9,918,0.1122,0.8853,0.0042,0.0039
5,FakeSherbrooke,17,10,1024,0.1116,0.8859,0.0006,0.0007
5,FakeSherbrooke,18,1,102,0.1373,0.8568,1.0,1.0
5,FakeSherbrooke,18,2,204,0.1275,0.8714,0.0098,0.0146
5,FakeSherbrooke,18,3,306,0.1275,0.8725,0.0,0.0011
5,FakeSherbrooke,18,4,408,0.1275,0.8725,0.0,0.0001
5,FakeSherbrooke,18,5,510,0.1216,0.8784,0.0059,0.0059
5,FakeSherbrooke,18,6,612,0.116,0.8837,0.0056,0.0053
5,FakeSherbrooke,18,7,714,0.1092,0.8905,0.0068,0.0068
5,FakeSherbrooke,18,8,816,0.1152,0.8844,0.006,0.0061
5,FakeSherbrooke,18,9,918,0.1144,0.8852,0.0008,0.0008
5,FakeSherbrooke,18,10,1024,0.1191,0.8803,0.0048,0.0049
5,FakeSherbrooke,19,1,102,0.1176,0.9148,1.0,1.0
5,FakeSherbrooke,19,2,204,0.0931,0.9049,0.0245,0.0099
5,FakeSherbrooke,19,3,306,0.0882,0.9114,0.0049,0.0065
5,FakeSherbrooke,19,4,408,0.0882,0.9117,0.0,0.0002
5,FakeSherbrooke,19,5,510,0.0863,0.9135,0.002,0.0018
5,FakeSherbrooke,19,6,612,0.0882,0.9112,0.002,0.0023
5,FakeSherbrooke,19,7,714,0.0924,0.9065,0.0042,0.0047
5,FakeSherbrooke,19,8,816,0.0956,0.9036,0.0032,0.0029
5,FakeSherbrooke,19,9,918,0.0959,0.9037,0.0003,0.0001
5,FakeSherbrooke,19,10,1024,0.1016,0.8979,0.0057,0.0058
6,FakeSherbrooke,0,1,12,0.3333,0.6525,1.0,1.0
6,FakeSherbrooke,0,2,24,0.2917,0.6882,0.0417,0.0357
6,FakeSherbrooke,0,3,36,0.27,0.7463,0.0217,0.0581
6,FakeSherbrooke,0,4,48,0.2908,0.7479,0.0208,0.0016
6,FakeSherbrooke,0,5,60,0.2367,0.7918,0.0542,0.0438
6,FakeSherbrooke,0,6,72,0.2006,0.8176,0.0361,0.0259
6,FakeSherbrooke,0,7,84,0.1905,0.8,0.0101,0.0176
6,FakeSherbrooke,0,8,96,0.1667,0.8258,0.0238,0.0258
6,FakeSherbrooke,0,9,108,0.1667,0.8286,0.0,0.0028
6,FakeSherbrooke,0,10,128,0.1406,0.8546,0.026,0.026
6,FakeSherbrooke,1,1,12,0.3333,0.6561,1.0,1.0
6,FakeSherbrooke,1,2,24,0.25,0.75,0.0833,0.0939
6,FakeSherbrooke,1,3,36,0.2222,0.7738,0.0278,0.0238
6,FakeSherbrooke,1,4,48,0.2708,0.7169,0.0486,0.0569
6,FakeSherbrooke,1,5,60,0.2667,0.7361,0.0042,0.0192
6,FakeSherbrooke,1,6,72,0.2083,0.7812,0.0583,0.0451
6,FakeSherbrooke,1,7,84,0.2381,0.7498,0.0298,0.0314
6,FakeSherbrooke,1,8,96,0.2396,0.75,0.0015,0.0002
6,FakeSherbrooke,1,9,108,0.2407,0.752,0.0012,0.002
6,FakeSherbrooke,1,10,128,0.2266,0.7718,0.0142,0.0199
6,FakeSherbrooke,2,1,12,0.24,0.8707,1.0,1.0
6,FakeSherbrooke,2,2,24,0.1667,0.832,0.0733,0.0387
6,FakeSherbrooke,2,3,36,0.1667,0.8306,0.0,0.0014
6,FakeSherbrooke,2,4,48,0.1458,0.8536,0.0208,0.0229
6,FakeSherbrooke,2,5,60,0.2,0.7992,0.0542,0.0544
6,FakeSherbrooke,2,6,72,0.2222,0.7773,0.0222,0.0219
6,FakeSherbrooke,2,7,84,0.2024,0.795,0.0198,0.0177
6,FakeSherbrooke,2,8,96,0.1979,0.802,0.0045,0.007
6,FakeSherbrooke,2,9,108,0.2222,0.7767,0.0243,0.0253
6,FakeSherbrooke,2,10,128,0.2109,0.7875,0.0113,0.0108
6,FakeSherbrooke,3,1,12,0.1667,0.833,1.0,1.0
6,FakeSherbrooke,3,2,24,0.27,0.7577,0.1033,0.0753
6,FakeSherbrooke,3,3,36,0.1867,0.8458,0.0833,0.0881
6,FakeSherbrooke,3,4,48,0.2083,0.7875,0.0217,0.0583
6,FakeSherbrooke,3,5,60,0.2333,0.7636,0.025,0.0239
6,FakeSherbrooke,3,6,72,0.2083,0.7884,0.025,0.0249
6,FakeSherbrooke,3,7,84,0.1905,0.8085,0.0179,0.0201
6,FakeSherbrooke,3,8,96,0.1875,0.8122,0.003,0.0036
6,FakeSherbrooke,3,9,108,0.1667,0.8318,0.0208,0.0197
6,FakeSherbrooke,3,10,128,0.1641,0.8354,0.0026,0.0036
6,FakeSherbrooke,4,1,12,0.25,0.7495,1.0,1.0
6,FakeSherbrooke,4,2,24,0.2383,0.7708,0.0117,0.0213
6,FakeSherbrooke,4,3,36,0.3078,0.7296,0.0694,0.0412
6,FakeSherbrooke,4,4,48,0.2592,0.7283,0.0486,0.0013
6,FakeSherbrooke,4,5,60,0.25,0.7325,0.0092,0.0041
6,FakeSherbrooke,4,6,72,0.25,0.7387,0.0,0.0062
6,FakeSherbrooke,4,7,84,0.25,0.7445,0.0,0.0058
6,FakeSherbrooke,4,8,96,0.2396,0.7558,0.0104,0.0113
6,FakeSherbrooke,4,9,108,0.2315,0.7614,0.0081,0.0056
6,FakeSherbrooke,4,10,128,0.2188,0.7774,0.0127,0.016
6,FakeSherbrooke,5,1,12,0.4233,0.5873,1.0,1.0
6,FakeSherbrooke,5,2,24,0.2567,0.7341,0.1667,0.1468
6,FakeSherbrooke,5,3,36,0.2289,0.7654,0.0278,0.0314
6,FakeSherbrooke,5,4,48,0.2358,0.7932,0.0069,0.0277
6,FakeSherbrooke,5,5,60,0.2567,0.7897,0.0208,0.0035
6,FakeSherbrooke,5,6,72,0.2567,0.7805,0.0,0.0091
6,FakeSherbrooke,5,7,84,0.221,0.8051,0.0357,0.0246
6,FakeSherbrooke,5,8,96,0.2254,0.7963,0.0045,0.0089
6,FakeSherbrooke,5,9,108,0.2289,0.7894,0.0035,0.0069
6,FakeSherbrooke,5,10,128,0.2384,0.7989,0.0095,0.0096
6,FakeSherbrooke,6,1,12,0.25,0.7484,1.0,1.0
6,FakeSherbrooke,6,2,24,0.1667,0.8303,0.0833,0.0819
6,FakeSherbrooke,6,3,36,0.1111,0.8888,0.0556,0.0585
6,FakeSherbrooke,6,4,48,0.1042,0.8958,0.0069,0.007
6,FakeSherbrooke,6,5,60,0.1,0.8999,0.0042,0.0041
6,FakeSherbrooke,6,6,72,0.0972,0.9026,0.0028,0.0027
6,FakeSherbrooke,6,7,84,0.1071,0.8926,0.0099,0.01
6,FakeSherbrooke,6,8,96,0.1042,0.8957,0.003,0.0031
6,FakeSherbrooke,6,9,108,0.1019,0.8981,0.0023,0.0024
6,FakeSherbrooke,6,10,128,0.1172,0.882,0.0153,0.0161
6,FakeSherbrooke,7,1,12,0.25,0.75,1.0,1.0
6,FakeSherbrooke,7,2,24,0.2917,0.7039,0.0417,0.0461
6,FakeSherbrooke,7,3,36,0.2222,0.7758,0.0694,0.072
6,FakeSherbrooke,7,4,48,0.1875,0.8114,0.0347,0.0355
6,FakeSherbrooke,7,5,60,0.1833,0.8167,0.0042,0.0053
6,FakeSherbrooke,7,6,72,0.1944,0.8045,0.0111,0.0122
6,FakeSherbrooke,7,7,84,0.1905,0.8091,0.004,0.0046
6,FakeSherbrooke,7,8,96,0.1875,0.8123,0.003,0.0033
6,FakeSherbrooke,7,9,108,0.1852,0.8141,0.0023,0.0018
6,FakeSherbrooke,7,10,128,0.1797,0.8202,0.0055,0.0061
6,FakeSherbrooke,8,1,12,0.2367,0.8774,1.0,1.0
6,FakeSherbrooke,8,2,24,0.1533,0.9408,0.0833,0.0634
6,FakeSherbrooke,8,3,36,0.2089,0.865,0.0556,0.0758
6,FakeSherbrooke,8,4,48,0.2575,0.8184,0.0486,0.0466
6,FakeSherbrooke,8,5,60,0.2533,0.7757,0.0042,0.0427
6,FakeSherbrooke,8,6,72,0.2644,0.7418,0.0111,0.0339
6,FakeSherbrooke,8,7,84,0.2724,0.7472,0.0079,0.0054
6,FakeSherbrooke,8,8,96,0.2262,0.7771,0.0461,0.0299
6,FakeSherbrooke,8,9,108,0.2089,0.7855,0.0174,0.0084
6,FakeSherbrooke,8,10,128,0.2031,0.7874,0.0058,0.0019
6,FakeSherbrooke,9,1,12,0.2267,0.812,1.0,1.0
6,FakeSherbrooke,9,2,24,0.2267,0.8468,0.0,0.0349
6,FakeSherbrooke,9,3,36,0.1711,0.851,0.0556,0.0041
6,FakeSherbrooke,9,4,48,0.1642,0.8649,0.0069,0.0139
6,FakeSherbrooke,9,5,60,0.1767,0.825,0.0125,0.0399
6,FakeSherbrooke,9,6,72,0.185,0.8109,0.0083,0.0141
6,FakeSherbrooke,9,7,84,0.179,0.8245,0.006,0.0137
6,FakeSherbrooke,9,8,96,0.1954,0.8024,0.0164,0.0221
6,FakeSherbrooke,9,9,108,0.2174,0.7989,0.022,0.0035
6,FakeSherbrooke,9,10,128,0.2241,0.8017,0.0067,0.0028
6,FakeSherbrooke,10,1,12,0.0933,0.9138,1.0,1.0
6,FakeSherbrooke,10,2,24,0.125,0.8748,0.0317,0.039
6,FakeSherbrooke,10,3,36,0.2222,0.7762,0.0972,0.0987
6,FakeSherbrooke,10,4,48,0.2292,0.7623,0.0069,0.0138
6,FakeSherbrooke,10,5,60,0.2333,0.7558,0.0042,0.0066
6,FakeSherbrooke,10,6,72,0.2361,0.7574,0.0028,0.0017
6,FakeSherbrooke,10,7,84,0.25,0.7468,0.0139,0.0106
6,FakeSherbrooke,10,8,96,0.2188,0.7787,0.0312,0.032
6,FakeSherbrooke,10,9,108,0.1944,0.805,0.0243,0.0262
6,FakeSherbrooke,10,10,128,0.1875,0.8118,0.0069,0.0068
6,FakeSherbrooke,11,1,12,0.3333,0.6253,1.0,1.0
6,FakeSherbrooke,11,2,24,0.2917,0.7081,0.0417,0.0828
6,FakeSherbrooke,11,3,36,0.2778,0.7216,0.0139,0.0136
6,FakeSherbrooke,11,4,48,0.25,0.7489,0.0278,0.0273
6,FakeSherbrooke,11,5,60,0.2,0.7992,0.05,0.0503
6,FakeSherbrooke,11,6,72,0.1944,0.804,0.0056,0.0047
6,FakeSherbrooke,11,7,84,0.1905,0.8057,0.004,0.0017
6,FakeSherbrooke,11,8,96,0.1875,0.808,0.003,0.0023
6,FakeSherbrooke,11,9,108,0.1944,0.8012,0.0069,0.0068
6,FakeSherbrooke,11,10,128,0.1875,0.8088,0.0069,0.0075
6,FakeSherbrooke,12,1,12,0.5,0.484,1.0,1.0
6,FakeSherbrooke,12,2,24,0.3333,0.6666,0.1667,0.1826
6,FakeSherbrooke,12,3,36,0.25,0.7352,0.0833,0.0686
6,FakeSherbrooke,12,4,48,0.2392,0.751,0.0108,0.0159
6,FakeSherbrooke,12,5,60,0.25,0.7367,0.0108,0.0143
6,FakeSherbrooke,12,6,72,0.2361,0.7546,0.0139,0.0179
6,FakeSherbrooke,12,7,84,0.2381,0.7536,0.002,0.0009
6,FakeSherbrooke,12,8,96,0.2396,0.7481,0.0015,0.0055
6,FakeSherbrooke,12,9,108,0.25,0.74,0.0104,0.0081
6,FakeSherbrooke,12,10,128,0.2266,0.7629,0.0234,0.0229
6,FakeSherbrooke,13,1,12,0.1667,0.8292,1.0,1.0
6,FakeSherbrooke,13,2,24,0.2367,0.8092,0.07,0.02
6,FakeSherbrooke,13,3,36,0.1811,0.8733,0.0556,0.0641
6,FakeSherbrooke,13,4,48,0.1742,0.8629,0.0069,0.0104
6,FakeSherbrooke,13,5,60,0.17,0.8266,0.0042,0.0363
6,FakeSherbrooke,13,6,72,0.1667,0.8309,0.0033,0.0044
6,FakeSherbrooke,13,7,84,0.2381,0.7596,0.0714,0.0713
6,FakeSherbrooke,13,8,96,0.2396,0.7585,0.0015,0.0011
6,FakeSherbrooke,13,9,108,0.2407,0.7567,0.0012,0.0018
6,FakeSherbrooke,13,10,128,0.2344,0.7637,0.0064,0.007
6,FakeSherbrooke,14,1,12,0.0833,0.9164,1.0,1.0
6,FakeSherbrooke,14,2,24,0.0717,0.9558,0.0117,0.0393
6,FakeSherbrooke,14,3,36,0.0578,0.9703,0.0139,0.0145
6,FakeSherbrooke,14,4,48,0.0508,0.9575,0.0069,0.0128
6,FakeSherbrooke,14,5,60,0.0833,0.9156,0.0325,0.0418
6,FakeSherbrooke,14,6,72,0.1111,0.8879,0.0278,0.0277
6,FakeSherbrooke,14,7,84,0.131,0.8682,0.0198,0.0198
6,FakeSherbrooke,14,8,96,0.1458,0.8533,0.0149,0.0148
6,FakeSherbrooke,14,9,108,0.1481,0.8517,0.0023,0.0016
6,FakeSherbrooke,14,10,128,0.1641,0.8356,0.0159,0.0161
6,FakeSherbrooke,15,1,12,0.4367,0.5436,1.0,1.0
6,FakeSherbrooke,15,2,24,0.3533,0.6151,0.0833,0.0715
6,FakeSherbrooke,15,3,36,0.3333,0.6306,0.02,0.0154
6,FakeSherbrooke,15,4,48,0.2708,0.7129,0.0625,0.0823
6,FakeSherbrooke,15,5,60,0.25,0.7457,0.0208,0.0328
6,FakeSherbrooke,15,6,72,0.25,0.7476,0.0,0.0018
6,FakeSherbrooke,15,7,84,0.2381,0.7609,0.0119,0.0134
6,FakeSherbrooke,15,8,96,0.2604,0.739,0.0223,0.0219
6,FakeSherbrooke,15,9,108,0.2407,0.759,0.0197,0.02
6,FakeSherbrooke,15,10,128,0.2344,0.7643,0.0064,0.0053
6,FakeSherbrooke,16,1,12,0.0833,0.9166,1.0,1.0
6,FakeSherbrooke,16,2,24,0.2067,0.8169,0.1233,0.0997
6,FakeSherbrooke,16,3,36,0.2344,0.8542,0.0278,0.0372
6,FakeSherbrooke,16,4,48,0.2483,0.8029,0.0139,0.0513
6,FakeSherbrooke,16,5,60,0.2233,0.8119,0.025,0.009
6,FakeSherbrooke,16,6,72,0.2344,0.8081,0.0111,0.0038
6,FakeSherbrooke,16,7,84,0.2186,0.8134,0.0159,0.0053
6,FakeSherbrooke,16,8,96,0.2171,0.7959,0.0015,0.0175
6,FakeSherbrooke,16,9,108,0.2159,0.7983,0.0012,0.0023
6,FakeSherbrooke,16,10,128,0.1963,0.8083,0.0197,0.01
6,FakeSherbrooke,17,1,12,0.0833,0.9166,1.0,1.0
6,FakeSherbrooke,17,2,24,0.085,0.9142,0.0017,0.0024
6,FakeSherbrooke,17,3,36,0.1389,0.8564,0.0539,0.0578
6,FakeSherbrooke,17,4,48,0.1667,0.8303,0.0278,0.0262
6,FakeSherbrooke,17,5,60,0.2,0.7997,0.0333,0.0306
6,FakeSherbrooke,17,6,72,0.1944,0.8055,0.0056,0.0058
6,FakeSherbrooke,17,7,84,0.2143,0.7857,0.0198,0.0198
6,FakeSherbrooke,17,8,96,0.2188,0.7812,0.0045,0.0045
6,FakeSherbrooke,17,9,108,0.2222,0.7777,0.0035,0.0035
6,FakeSherbrooke,17,10,128,0.2109,0.7889,0.0113,0.0112
6,FakeSherbrooke,18,1,12,0.32,0.7076,1.0,1.0
6,FakeSherbrooke,18,2,24,0.2783,0.7927,0.0417,0.0852
6,FakeSherbrooke,18,3,36,0.2644,0.7987,0.0139,0.006
6,FakeSherbrooke,18,4,48,0.2158,0.8335,0.0486,0.0348
6,FakeSherbrooke,18,5,60,0.2367,0.8368,0.0208,0.0033
6,FakeSherbrooke,18,6,72,0.2089,0.8533,0.0278,0.0165
6,FakeSherbrooke,18,7,84,0.2248,0.8431,0.0159,0.0103
6,FakeSherbrooke,18,8,96,0.2262,0.8302,0.0015,0.0129
6,FakeSherbrooke,18,9,108,0.2367,0.8092,0.0104,0.0209
6,FakeSherbrooke,18,10,128,0.2184,0.7972,0.0182,0.012
6,FakeSherbrooke,19,1,12,0.2467,0.8063,1.0,1.0
6,FakeSherbrooke,19,2,24,0.2883,0.7226,0.0417,0.0837
6,FakeSherbrooke,19,3,36,0.25,0.7495,0.0383,0.027
6,FakeSherbrooke,19,4,48,0.1875,0.8055,0.0625,0.0559
6,FakeSherbrooke,19,5,60,0.2333,0.7617,0.0458,0.0437
6,FakeSherbrooke,19,6,72,0.2189,0.7795,0.0144,0.0178
6,FakeSherbrooke,19,7,84,0.2348,0.7702,0.0159,0.0093
6,FakeSherbrooke,19,8,96,0.2467,0.7891,0.0119,0.0189
6,FakeSherbrooke,19,9,108,0.2467,0.7756,0.0,0.0135
6,FakeSherbrooke,19,10,128,0.2128,0.7787,0.0339,0.0031
7,FakeSherbrooke,0,1,3,0.6667,0.1667,1.0,1.0
7,FakeSherbrooke,0,2,6,0.5,0.25,0.1667,0.0833
7,FakeSherbrooke,0,3,9,0.5556,0.2222,0.0556,0.0278
7,FakeSherbrooke,0,4,12,0.5833,0.2083,0.0278,0.0139
7,FakeSherbrooke,0,5,15,0.6,0.2,0.0167,0.0083
7,FakeSherbrooke,0,6,18,0.6111,0.3305,0.0111,0.1305
7,FakeSherbrooke,0,7,21,0.619,0.3165,0.0079,0.0141
7,FakeSherbrooke,0,8,24,0.6667,0.2769,0.0476,0.0396
7,FakeSherbrooke,0,9,27,0.7037,0.2461,0.037,0.0308
7,FakeSherbrooke,0,10,32,0.75,0.2077,0.0463,0.0385
7,FakeSherbrooke,1,1,3,0.43,0.38,1.0,1.0
7,FakeSherbrooke,1,2,6,0.5,0.285,0.07,0.095
7,FakeSherbrooke,1,3,9,0.4444,0.3167,0.0556,0.0317
7,FakeSherbrooke,1,4,12,0.5,0.285,0.0556,0.0317
7,FakeSherbrooke,1,5,15,0.6,0.228,0.1,0.057
7,FakeSherbrooke,1,6,18,0.6111,0.3486,0.0111,0.1206
7,FakeSherbrooke,1,7,21,0.619,0.3352,0.0079,0.0134
7,FakeSherbrooke,1,8,24,0.6667,0.2933,0.0476,0.0419
7,FakeSherbrooke,1,9,27,0.7037,0.2607,0.037,0.0326
7,FakeSherbrooke,1,10,32,0.7188,0.2673,0.015,0.0066
7,FakeSherbrooke,2,1,3,0.6667,0.1767,1.0,1.0
7,FakeSherbrooke,2,2,6,0.6667,0.1767,0.0,0.0
7,FakeSherbrooke,2,3,9,0.5556,0.2356,0.1111,0.0589
7,FakeSherbrooke,2,4,12,0.5833,0.2208,0.0278,0.0147
7,FakeSherbrooke,2,5,15,0.6667,0.1767,0.0833,0.0442
7,FakeSherbrooke,2,6,18,0.6111,0.3386,0.0556,0.1619
7,FakeSherbrooke,2,7,21,0.6667,0.2902,0.0556,0.0484
7,FakeSherbrooke,2,8,24,0.7083,0.254,0.0417,0.0363
7,FakeSherbrooke,2,9,27,0.7407,0.2257,0.0324,0.0282
7,FakeSherbrooke,2,10,32,0.75,0.2368,0.0093,0.0111
7,FakeSherbrooke,3,1,3,0.5,0.3333,1.0,1.0
7,FakeSherbrooke,3,2,6,0.5,0.25,0.0,0.0833
7,FakeSherbrooke,3,3,9,0.5556,0.2222,0.0556,0.0278
7,FakeSherbrooke,3,4,12,0.5833,0.2083,0.0278,0.0139
7,FakeSherbrooke,3,5,15,0.6,0.3491,0.0167,0.1407
7,FakeSherbrooke,3,6,18,0.6111,0.3305,0.0111,0.0185
7,FakeSherbrooke,3,7,21,0.6667,0.2833,0.0556,0.0472
7,FakeSherbrooke,3,8,24,0.7083,0.2479,0.0417,0.0354
7,FakeSherbrooke,3,9,27,0.7407,0.2204,0.0324,0.0275
7,FakeSherbrooke,3,10,32,0.75,0.2333,0.0093,0.0129
7,FakeSherbrooke,4,1,3,0.6667,0.1567,1.0,1.0
7,FakeSherbrooke,4,2,6,0.53,0.235,0.1367,0.0783
7,FakeSherbrooke,4,3,9,0.5556,0.2089,0.0256,0.0261
7,FakeSherbrooke,4,4,12,0.6667,0.1567,0.1111,0.0522
7,FakeSherbrooke,4,5,15,0.6667,0.2938,0.0,0.1371
7,FakeSherbrooke,4,6,18,0.6667,0.284,0.0,0.0098
7,FakeSherbrooke,4,7,21,0.7143,0.2434,0.0476,0.0406
7,FakeSherbrooke,4,8,24,0.75,0.213,0.0357,0.0304
7,FakeSherbrooke,4,9,27,0.7778,0.1893,0.0278,0.0237
7,FakeSherbrooke,4,10,32,0.7812,0.2052,0.0035,0.0159
7,FakeSherbrooke,5,1,3,0.6667,0.14,1.0,1.0
7,FakeSherbrooke,5,2,6,0.58,0.21,0.0867,0.07
7,FakeSherbrooke,5,3,9,0.58,0.1867,0.0,0.0233
7,FakeSherbrooke,5,4,12,0.6667,0.14,0.0867,0.0467
7,FakeSherbrooke,5,5,15,0.6,0.3258,0.0667,0.1858
7,FakeSherbrooke,5,6,18,0.6667,0.2715,0.0667,0.0543
7,FakeSherbrooke,5,7,21,0.7143,0.2327,0.0476,0.0388
7,FakeSherbrooke,5,8,24,0.75,0.2036,0.0357,0.0291
7,FakeSherbrooke,5,9,27,0.7778,0.181,0.0278,0.0226
7,FakeSherbrooke,5,10,32,0.7812,0.1994,0.0035,0.0184
7,FakeSherbrooke,6,1,3,0.6667,0.2067,1.0,1.0
7,FakeSherbrooke,6,2,6,0.6667,0.2067,0.0,0.0
7,FakeSherbrooke,6,3,9,0.6667,0.2067,0.0,0.0
7,FakeSherbrooke,6,4,12,0.6667,0.3268,0.0,0.1201
7,FakeSherbrooke,6,5,15,0.6667,0.3201,0.0,0.0067
7,FakeSherbrooke,6,6,18,0.7222,0.2668,0.0556,0.0534
7,FakeSherbrooke,6,7,21,0.7619,0.2286,0.0397,0.0381
7,FakeSherbrooke,6,8,24,0.7917,0.2001,0.0298,0.0286
7,FakeSherbrooke,6,9,27,0.7778,0.2217,0.0139,0.0216
7,FakeSherbrooke,6,10,32,0.8125,0.1871,0.0347,0.0346
7,FakeSherbrooke,7,1,3,0.54,0.3067,1.0,1.0
7,FakeSherbrooke,7,2,6,0.54,0.23,0.0,0.0767
7,FakeSherbrooke,7,3,9,0.6667,0.1533,0.1267,0.0767
7,FakeSherbrooke,7,4,12,0.6667,0.3039,0.0,0.1505
7,FakeSherbrooke,7,5,15,0.6667,0.2916,0.0,0.0123
7,FakeSherbrooke,7,6,18,0.7222,0.243,0.0556,0.0486
7,FakeSherbrooke,7,7,21,0.7619,0.2083,0.0397,0.0347
7,FakeSherbrooke,7,8,24,0.7917,0.1822,0.0298,0.026
7,FakeSherbrooke,7,9,27,0.7778,0.2126,0.0139,0.0303
7,FakeSherbrooke,7,10,32,0.7812,0.2041,0.0035,0.0084
7,FakeSherbrooke,8,1,3,0.55,0.3,1.0,1.0
7,FakeSherbrooke,8,2,6,0.55,0.225,0.0,0.075
7,FakeSherbrooke,8,3,9,0.6667,0.15,0.1167,0.075
7,FakeSherbrooke,8,4,12,0.5833,0.3617,0.0833,0.2117
7,FakeSherbrooke,8,5,15,0.6667,0.2893,0.0833,0.0723
7,FakeSherbrooke,8,6,18,0.7222,0.2411,0.0556,0.0482
7,FakeSherbrooke,8,7,21,0.7619,0.2067,0.0397,0.0344
7,FakeSherbrooke,8,8,24,0.7917,0.1808,0.0298,0.0258
7,FakeSherbrooke,8,9,27,0.7778,0.2116,0.0139,0.0308
7,FakeSherbrooke,8,10,32,0.7812,0.203,0.0035,0.0086
7,FakeSherbrooke,9,1,3,0.6667,0.16,1.0,1.0
7,FakeSherbrooke,9,2,6,0.6667,0.16,0.0,0.0
7,FakeSherbrooke,9,3,9,0.6667,0.3215,0.0,0.1615
7,FakeSherbrooke,9,4,12,0.6667,0.3076,0.0,0.0139
7,FakeSherbrooke,9,5,15,0.7333,0.246,0.0667,0.0615
7,FakeSherbrooke,9,6,18,0.7778,0.205,0.0444,0.041
7,FakeSherbrooke,9,7,21,0.8095,0.1757,0.0317,0.0293
7,FakeSherbrooke,9,8,24,0.7917,0.2053,0.0179,0.0296
7,FakeSherbrooke,9,9,27,0.8148,0.1825,0.0231,0.0228
7,FakeSherbrooke,9,10,32,0.8125,0.1808,0.0023,0.0017
7,FakeSherbrooke,10,1,3,0.6667,0.1767,1.0,1.0
7,FakeSherbrooke,10,2,6,0.8333,0.0883,0.1667,0.0883
7,FakeSherbrooke,10,3,9,0.7778,0.222,0.0556,0.1337
7,FakeSherbrooke,10,4,12,0.75,0.2451,0.0278,0.0231
7,FakeSherbrooke,10,5,15,0.8,0.1961,0.05,0.049
7,FakeSherbrooke,10,6,18,0.8333,0.1634,0.0333,0.0327
7,FakeSherbrooke,10,7,21,0.8571,0.1401,0.0238,0.0233
7,FakeSherbrooke,10,8,24,0.8333,0.1665,0.0238,0.0264
7,FakeSherbrooke,10,9,27,0.8519,0.148,0.0185,0.0185
7,FakeSherbrooke,10,10,32,0.8438,0.1555,0.0081,0.0075
7,FakeSherbrooke,11,1,3,0.6667,0.1867,1.0,1.0
7,FakeSherbrooke,11,2,6,0.8333,0.0933,0.1667,0.0933
7,FakeSherbrooke,11,3,9,0.6667,0.3293,0.1667,0.236
7,FakeSherbrooke,11,4,12,0.75,0.247,0.0833,0.0823
7,FakeSherbrooke,11,5,15,0.8,0.1976,0.05,0.0494
7,FakeSherbrooke,11,6,18,0.8333,0.1647,0.0333,0.0329
7,FakeSherbrooke,11,7,21,0.8571,0.1411,0.0238,0.0235
7,FakeSherbrooke,11,8,24,0.8333,0.1661,0.0238,0.0249
7,FakeSherbrooke,11,9,27,0.8519,0.1476,0.0185,0.0185
7,FakeSherbrooke,11,10,32,0.8125,0.1852,0.0394,0.0376
7,FakeSherbrooke,12,1,3,0.6667,0.1967,1.0,1.0
7,FakeSherbrooke,12,2,6,0.6667,0.3306,0.0,0.1339
7,FakeSherbrooke,12,3,9,0.6667,0.3312,0.0,0.0006
7,FakeSherbrooke,12,4,12,0.75,0.2484,0.0833,0.0828
7,FakeSherbrooke,12,5,15,0.8,0.1987,0.05,0.0497
7,FakeSherbrooke,12,6,18,0.8333,0.1656,0.0333,0.0331
7,FakeSherbrooke,12,7,21,0.8095,0.1889,0.0238,0.0233
7,FakeSherbrooke,12,8,24,0.8333,0.1653,0.0238,0.0236
7,FakeSherbrooke,12,9,27,0.8148,0.1852,0.0185,0.0199
7,FakeSherbrooke,12,10,32,0.8125,0.1863,0.0023,0.0012
7,FakeSherbrooke,13,1,3,1.0,0.0,1.0,1.0
7,FakeSherbrooke,13,2,6,0.8333,0.09,0.1667,0.09
7,FakeSherbrooke,13,3,9,0.7778,0.2219,0.0556,0.1319
7,FakeSherbrooke,13,4,12,0.8333,0.1664,0.0556,0.0555
7,FakeSherbrooke,13,5,15,0.8667,0.1331,0.0333,0.0333
7,FakeSherbrooke,13,6,18,0.8889,0.1109,0.0222,0.0222
7,FakeSherbrooke,13,7,21,0.8571,0.1405,0.0317,0.0295
7,FakeSherbrooke,13,8,24,0.875,0.1229,0.0179,0.0176
7,FakeSherbrooke,13,9,27,0.8519,0.1479,0.0231,0.025
7,FakeSherbrooke,13,10,32,0.8438,0.1532,0.0081,0.0053
7,FakeSherbrooke,14,1,3,1.0,0.0,1.0,1.0
7,FakeSherbrooke,14,2,6,0.6667,0.3333,0.3333,0.3333
7,FakeSherbrooke,14,3,9,0.7778,0.2222,0.1111,0.1111
7,FakeSherbrooke,14,4,12,0.8333,0.1666,0.0556,0.0555
7,FakeSherbrooke,14,5,15,0.8667,0.1333,0.0333,0.0333
7,FakeSherbrooke,14,6,18,0.8889,0.1111,0.0222,0.0222
7,FakeSherbrooke,14,7,21,0.8571,0.1383,0.0317,0.0272
7,FakeSherbrooke,14,8,24,0.875,0.121,0.0179,0.0173
7,FakeSherbrooke,14,9,27,0.8519,0.1481,0.0231,0.0271
7,FakeSherbrooke,14,10,32,0.8125,0.1875,0.0394,0.0393
7,FakeSherbrooke,15,1,3,0.6667,0.17,1.0,1.0
7,FakeSherbrooke,15,2,6,0.6667,0.3333,0.0,0.1633
7,FakeSherbrooke,15,3,9,0.7778,0.2222,0.1111,0.1111
7,FakeSherbrooke,15,4,12,0.8333,0.1666,0.0556,0.0555
7,FakeSherbrooke,15,5,15,0.8667,0.1333,0.0333,0.0333
7,FakeSherbrooke,15,6,18,0.8333,0.1624,0.0333,0.0291
7,FakeSherbrooke,15,7,21,0.8571,0.1392,0.0238,0.0232
7,FakeSherbrooke,15,8,24,0.8333,0.1666,0.0238,0.0274
7,FakeSherbrooke,15,9,27,0.8519,0.1481,0.0185,0.0185
7,FakeSherbrooke,15,10,32,0.8125,0.1875,0.0394,0.0393
7,FakeSherbrooke,16,1,3,0.6667,0.1767,1.0,1.0
7,FakeSherbrooke,16,2,6,0.6667,0.333,0.0,0.1564
7,FakeSherbrooke,16,3,9,0.7778,0.222,0.1111,0.111
7,FakeSherbrooke,16,4,12,0.8333,0.1665,0.0556,0.0555
7,FakeSherbrooke,16,5,15,0.8667,0.1332,0.0333,0.0333
7,FakeSherbrooke,16,6,18,0.8333,0.1634,0.0333,0.0302
7,FakeSherbrooke,16,7,21,0.8571,0.1401,0.0238,0.0233
7,FakeSherbrooke,16,8,24,0.8333,0.1665,0.0238,0.0264
7,FakeSherbrooke,16,9,27,0.8148,0.182,0.0185,0.0155
7,FakeSherbrooke,16,10,32,0.8125,0.1873,0.0023,0.0053
7,FakeSherbrooke,17,1,3,0.3333,0.6661,1.0,1.0
7,FakeSherbrooke,17,2,6,0.6667,0.333,0.3333,0.333
7,FakeSherbrooke,17,3,9,0.7778,0.222,0.1111,0.111
7,FakeSherbrooke,17,4,12,0.8333,0.1665,0.0556,0.0555
7,FakeSherbrooke,17,5,15,0.8667,0.1332,0.0333,0.0333
7,FakeSherbrooke,17,6,18,0.8333,0.1601,0.0333,0.0269
7,FakeSherbrooke,17,7,21,0.8571,0.1372,0.0238,0.0229
7,FakeSherbrooke,17,8,24,0.8333,0.1665,0.0238,0.0293
7,FakeSherbrooke,17,9,27,0.8148,0.1843,0.0185,0.0177
7,FakeSherbrooke,17,10,32,0.7812,0.2165,0.0336,0.0322
7,FakeSherbrooke,18,1,3,0.6667,0.1733,1.0,1.0
7,FakeSherbrooke,18,2,6,0.8333,0.0867,0.1667,0.0867
7,FakeSherbrooke,18,3,9,0.8889,0.0578,0.0556,0.0289
7,FakeSherbrooke,18,4,12,0.9167,0.0433,0.0278,0.0144
7,FakeSherbrooke,18,5,15,0.8667,0.1333,0.05,0.0899
7,FakeSherbrooke,18,6,18,0.8889,0.1111,0.0222,0.0222
7,FakeSherbrooke,18,7,21,0.8571,0.1397,0.0317,0.0286
7,FakeSherbrooke,18,8,24,0.875,0.1222,0.0179,0.0175
7,FakeSherbrooke,18,9,27,0.8519,0.1397,0.0231,0.0174
7,FakeSherbrooke,18,10,32,0.8125,0.1874,0.0394,0.0478
7,FakeSherbrooke,19,1,3,0.6667,0.16,1.0,1.0
7,FakeSherbrooke,19,2,6,0.8333,0.08,0.1667,0.08
7,FakeSherbrooke,19,3,9,0.8889,0.0533,0.0556,0.0267
7,FakeSherbrooke,19,4,12,0.9167,0.04,0.0278,0.0133
7,FakeSherbrooke,19,5,15,0.8667,0.1333,0.05,0.0933
7,FakeSherbrooke,19,6,18,0.8889,0.1111,0.0222,0.0222
7,FakeSherbrooke,19,7,21,0.8571,0.1378,0.0317,0.0267
7,FakeSherbrooke,19,8,24,0.8333,0.1538,0.0238,0.016
7,FakeSherbrooke,19,9,27,0.8148,0.1825,0.0185,0.0287
7,FakeSherbrooke,19,10,32,0.8125,0.1874,0.0023,0.0049
8,FakeSherbrooke,0,1,50,0.34,0.7825,1.0,1.0
8,FakeSherbrooke,0,2,100,0.32,0.8568,0.02,0.0744
8,FakeSherbrooke,0,3,150,0.26,0.896,0.06,0.0392
8,FakeSherbrooke,0,4,200,0.26,0.8894,0.0,0.0066
8,FakeSherbrooke,0,5,250,0.24,0.909,0.02,0.0196
8,FakeSherbrooke,0,6,300,0.2333,0.9149,0.0067,0.0059
8,FakeSherbrooke,0,7,350,0.2343,0.9068,0.001,0.008
8,FakeSherbrooke,0,8,400,0.24,0.8978,0.0057,0.0091
8,FakeSherbrooke,0,9,450,0.2322,0.9009,0.0078,0.0032
8,FakeSherbrooke,0,10,500,0.228,0.906,0.0042,0.0051
8,FakeSherbrooke,1,1,50,0.24,0.8616,1.0,1.0
8,FakeSherbrooke,1,2,100,0.21,0.919,0.03,0.0574
8,FakeSherbrooke,1,3,150,0.1967,0.9345,0.0133,0.0155
8,FakeSherbrooke,1,4,200,0.215,0.9257,0.0183,0.0088
8,FakeSherbrooke,1,5,250,0.206,0.9325,0.009,0.0069
8,FakeSherbrooke,1,6,300,0.1967,0.9384,0.0093,0.0058
8,FakeSherbrooke,1,7,350,0.19,0.9368,0.0067,0.0016
8,FakeSherbrooke,1,8,400,0.195,0.9363,0.005,0.0005
8,FakeSherbrooke,1,9,450,0.1956,0.9361,0.0006,0.0002
8,FakeSherbrooke,1,10,500,0.176,0.9438,0.0196,0.0077
8,FakeSherbrooke,2,1,50,0.29,0.8506,1.0,1.0
8,FakeSherbrooke,2,2,100,0.31,0.8584,0.02,0.0078
8,FakeSherbrooke,2,3,150,0.2633,0.8656,0.0467,0.0072
8,FakeSherbrooke,2,4,200,0.23,0.8955,0.0333,0.0299
8,FakeSherbrooke,2,5,250,0.25,0.8916,0.02,0.0039
8,FakeSherbrooke,2,6,300,0.2467,0.8911,0.0033,0.0005
8,FakeSherbrooke,2,7,350,0.22,0.9089,0.0267,0.0178
8,FakeSherbrooke,2,8,400,0.22,0.9112,0.0,0.0023
8,FakeSherbrooke,2,9,450,0.2167,0.9118,0.0033,0.0006
8,FakeSherbrooke,2,10,500,0.206,0.9178,0.0107,0.006
8,FakeSherbrooke,3,1,50,0.38,0.7412,1.0,1.0
8,FakeSherbrooke,3,2,100,0.29,0.8612,0.09,0.12
8,FakeSherbrooke,3,3,150,0.2767,0.8722,0.0133,0.011
8,FakeSherbrooke,3,4,200,0.275,0.8706,0.0017,0.0016
8,FakeSherbrooke,3,5,250,0.248,0.8911,0.027,0.0205
8,FakeSherbrooke,3,6,300,0.2267,0.9053,0.0213,0.0143
8,FakeSherbrooke,3,7,350,0.2229,0.9104,0.0038,0.0051
8,FakeSherbrooke,3,8,400,0.23,0.909,0.0071,0.0014
8,FakeSherbrooke,3,9,450,0.2233,0.9114,0.0067,0.0025
8,FakeSherbrooke,3,10,500,0.226,0.91,0.0027,0.0015
8,FakeSherbrooke,4,1,50,0.21,0.9376,1.0,1.0
8,FakeSherbrooke,4,2,100,0.19,0.9555,0.02,0.0179
8,FakeSherbrooke,4,3,150,0.1933,0.952,0.0033,0.0036
8,FakeSherbrooke,4,4,200,0.175,0.9618,0.0183,0.0098
8,FakeSherbrooke,4,5,250,0.18,0.96,0.005,0.0018
8,FakeSherbrooke,4,6,300,0.1833,0.9573,0.0033,0.0026
8,FakeSherbrooke,4,7,350,0.19,0.9537,0.0067,0.0036
8,FakeSherbrooke,4,8,400,0.1725,0.9574,0.0175,0.0038
8,FakeSherbrooke,4,9,450,0.1756,0.9596,0.0031,0.0021
8,FakeSherbrooke,4,10,500,0.182,0.9561,0.0064,0.0035
8,FakeSherbrooke,5,1,50,0.25,0.8879,1.0,1.0
8,FakeSherbrooke,5,2,100,0.17,0.9544,0.08,0.0665
8,FakeSherbrooke,5,3,150,0.1733,0.9451,0.0033,0.0093
8,FakeSherbrooke,5,4,200,0.18,0.9524,0.0067,0.0073
8,FakeSherbrooke,5,5,250,0.18,0.9579,0.0,0.0054
8,FakeSherbrooke,5,6,300,0.1733,0.9559,0.0067,0.002
8,FakeSherbrooke,5,7,350,0.1586,0.9631,0.0148,0.0073
8,FakeSherbrooke,5,8,400,0.15,0.9677,0.0086,0.0046
8,FakeSherbrooke,5,9,450,0.1411,0.97,0.0089,0.0023
8,FakeSherbrooke,5,10,500,0.152,0.9673,0.0109,0.0027
8,FakeSherbrooke,6,1,50,0.24,0.9111,1.0,1.0
8,FakeSherbrooke,6,2,100,0.17,0.9561,0.07,0.0451
8,FakeSherbrooke,6,3,150,0.1767,0.9552,0.0067,0.0009
8,FakeSherbrooke,6,4,200,0.175,0.9524,0.0017,0.0028
8,FakeSherbrooke,6,5,250,0.15,0.9605,0.025,0.0081
8,FakeSherbrooke,6,6,300,0.1567,0.9639,0.0067,0.0034
8,FakeSherbrooke,6,7,350,0.1643,0.963,0.0076,0.0009
8,FakeSherbrooke,6,8,400,0.1475,0.9682,0.0168,0.0053
8,FakeSherbrooke,6,9,450,0.1544,0.9649,0.0069,0.0033
8,FakeSherbrooke,6,10,500,0.144,0.9686,0.0104,0.0037
8,FakeSherbrooke,7,1,50,0.33,0.7995,1.0,1.0
8,FakeSherbrooke,7,2,100,0.31,0.8425,0.02,0.043
8,FakeSherbrooke,7,3,150,0.2633,0.9024,0.0467,0.0598
8,FakeSherbrooke,7,4,200,0.255,0.9098,0.0083,0.0074
8,FakeSherbrooke,7,5,250,0.22,0.9298,0.035,0.0201
8,FakeSherbrooke,7,6,300,0.1967,0.9388,0.0233,0.009
8,FakeSherbrooke,7,7,350,0.1771,0.9468,0.0195,0.0079
8,FakeSherbrooke,7,8,400,0.1825,0.9457,0.0054,0.0011
8,FakeSherbrooke,7,9,450,0.1978,0.9405,0.0153,0.0052
8,FakeSherbrooke,7,10,500,0.184,0.9427,0.0138,0.0021
8,FakeSherbrooke,8,1,50,0.16,0.9475,1.0,1.0
8,FakeSherbrooke,8,2,100,0.18,0.9522,0.02,0.0047
8,FakeSherbrooke,8,3,150,0.19,0.9546,0.01,0.0024
8,FakeSherbrooke,8,4,200,0.185,0.9557,0.005,0.0011
8,FakeSherbrooke,8,5,250,0.17,0.9609,0.015,0.0052
8,FakeSherbrooke,8,6,300,0.17,0.9587,0.0,0.0021
8,FakeSherbrooke,8,7,350,0.1757,0.9551,0.0057,0.0036
8,FakeSherbrooke,8,8,400,0.175,0.9547,0.0007,0.0004
8,FakeSherbrooke,8,9,450,0.1811,0.9502,0.0061,0.0045
8,FakeSherbrooke,8,10,500,0.18,0.9519,0.0011,0.0017
8,FakeSherbrooke,9,1,50,0.2,0.9444,1.0,1.0
8,FakeSherbrooke,9,2,100,0.13,0.9674,0.07,0.0231
8,FakeSherbrooke,9,3,150,0.1167,0.977,0.0133,0.0095
8,FakeSherbrooke,9,4,200,0.14,0.9689,0.0233,0.008
8,FakeSherbrooke,9,5,250,0.162,0.9598,0.022,0.0092
8,FakeSherbrooke,9,6,300,0.1633,0.9606,0.0013,0.0009
8,FakeSherbrooke,9,7,350,0.1514,0.9641,0.0119,0.0035
8,FakeSherbrooke,9,8,400,0.145,0.9659,0.0064,0.0017
8,FakeSherbrooke,9,9,450,0.1611,0.9603,0.0161,0.0055
8,FakeSherbrooke,9,10,500,0.168,0.9561,0.0069,0.0042
8,FakeSherbrooke,10,1,50,0.3,0.8967,1.0,1.0
8,FakeSherbrooke,10,2,100,0.21,0.9355,0.09,0.0388
8,FakeSherbrooke,10,3,150,0.19,0.9486,0.02,0.013
8,FakeSherbrooke,10,4,200,0.155,0.9627,0.035,0.0142
8,FakeSherbrooke,10,5,250,0.162,0.9626,0.007,0.0001
8,FakeSherbrooke,10,6,300,0.1767,0.9574,0.0147,0.0052
8,FakeSherbrooke,10,7,350,0.1529,0.9637,0.0238,0.0063
8,FakeSherbrooke,10,8,400,0.1525,0.9625,0.0004,0.0011
8,FakeSherbrooke,10,9,450,0.1478,0.9606,0.0047,0.0019
8,FakeSherbrooke,10,10,500,0.14,0.965,0.0078,0.0043
8,FakeSherbrooke,11,1,50,0.3,0.8843,1.0,1.0
8,FakeSherbrooke,11,2,100,0.27,0.9101,0.03,0.0258
8,FakeSherbrooke,11,3,150,0.2533,0.9237,0.0167,0.0136
8,FakeSherbrooke,11,4,200,0.2,0.9501,0.0533,0.0264
8,FakeSherbrooke,11,5,250,0.214,0.9422,0.014,0.0079
8,FakeSherbrooke,11,6,300,0.2133,0.9414,0.0007,0.0009
8,FakeSherbrooke,11,7,350,0.2171,0.9374,0.0038,0.004
8,FakeSherbrooke,11,8,400,0.21,0.9397,0.0071,0.0023
8,FakeSherbrooke,11,9,450,0.2067,0.945,0.0033,0.0053
8,FakeSherbrooke,11,10,500,0.2,0.951,0.0067,0.0061
8,FakeSherbrooke,12,1,50,0.2,0.9264,1.0,1.0
8,FakeSherbrooke,12,2,100,0.16,0.9475,0.04,0.0211
8,FakeSherbrooke,12,3,150,0.16,0.9636,0.0,0.0161
8,FakeSherbrooke,12,4,200,0.18,0.9559,0.02,0.0078
8,FakeSherbrooke,12,5,250,0.186,0.9516,0.006,0.0043
8,FakeSherbrooke,12,6,300,0.1767,0.9601,0.0093,0.0085
8,FakeSherbrooke,12,7,350,0.1643,0.9643,0.0124,0.0043
8,FakeSherbrooke,12,8,400,0.1675,0.9648,0.0032,0.0005
8,FakeSherbrooke,12,9,450,0.1611,0.9631,0.0064,0.0017
8,FakeSherbrooke,12,10,500,0.162,0.965,0.0009,0.0019
8,FakeSherbrooke,13,1,50,0.25,0.9034,1.0,1.0
8,FakeSherbrooke,13,2,100,0.21,0.9314,0.04,0.0279
8,FakeSherbrooke,13,3,150,0.1767,0.9445,0.0333,0.0131
8,FakeSherbrooke,13,4,200,0.175,0.9564,0.0017,0.0119
8,FakeSherbrooke,13,5,250,0.174,0.9589,0.001,0.0024
8,FakeSherbrooke,13,6,300,0.1633,0.9619,0.0107,0.003
8,FakeSherbrooke,13,7,350,0.1643,0.9606,0.001,0.0012
8,FakeSherbrooke,13,8,400,0.16,0.963,0.0043,0.0024
8,FakeSherbrooke,13,9,450,0.1567,0.9611,0.0033,0.0019
8,FakeSherbrooke,13,10,500,0.164,0.9577,0.0073,0.0034
8,FakeSherbrooke,14,1,50,0.31,0.8366,1.0,1.0
8,FakeSherbrooke,14,2,100,0.17,0.9472,0.14,0.1106
8,FakeSherbrooke,14,3,150,0.1833,0.9329,0.0133,0.0143
8,FakeSherbrooke,14,4,200,0.175,0.9426,0.0083,0.0097
8,FakeSherbrooke,14,5,250,0.162,0.9489,0.013,0.0063
8,FakeSherbrooke,14,6,300,0.15,0.9582,0.012,0.0093
8,FakeSherbrooke,14,7,350,0.1614,0.9565,0.0114,0.0017
8,FakeSherbrooke,14,8,400,0.1625,0.9557,0.0011,0.0008
8,FakeSherbrooke,14,9,450,0.1667,0.9554,0.0042,0.0003
8,FakeSherbrooke,14,10,500,0.162,0.9576,0.0047,0.0022
8,FakeSherbrooke,15,1,50,0.3,0.855,1.0,1.0
8,FakeSherbrooke,15,2,100,0.26,0.899,0.04,0.044
8,FakeSherbrooke,15,3,150,0.2267,0.9233,0.0333,0.0243
8,FakeSherbrooke,15,4,200,0.185,0.9436,0.0417,0.0204
8,FakeSherbrooke,15,5,250,0.18,0.9506,0.005,0.007
8,FakeSherbrooke,15,6,300,0.18,0.9489,0.0,0.0017
8,FakeSherbrooke,15,7,350,0.1771,0.9521,0.0029,0.0032
8,FakeSherbrooke,15,8,400,0.17,0.9544,0.0071,0.0024
8,FakeSherbrooke,15,9,450,0.16,0.9593,0.01,0.0048
8,FakeSherbrooke,15,10,500,0.164,0.96,0.004,0.0007
8,FakeSherbrooke,16,1,50,0.29,0.8741,1.0,1.0
8,FakeSherbrooke,16,2,100,0.33,0.8603,0.04,0.0138
8,FakeSherbrooke,16,3,150,0.2833,0.8987,0.0467,0.0384
8,FakeSherbrooke,16,4,200,0.26,0.9053,0.0233,0.0067
8,FakeSherbrooke,16,5,250,0.23,0.9247,0.03,0.0194
8,FakeSherbrooke,16,6,300,0.2133,0.9354,0.0167,0.0106
8,FakeSherbrooke,16,7,350,0.2014,0.939,0.0119,0.0036
8,FakeSherbrooke,16,8,400,0.18,0.9466,0.0214,0.0076
8,FakeSherbrooke,16,9,450,0.1878,0.9443,0.0078,0.0023
8,FakeSherbrooke,16,10,500,0.186,0.9471,0.0018,0.0028
8,FakeSherbrooke,17,1,50,0.27,0.8768,1.0,1.0
8,FakeSherbrooke,17,2,100,0.09,0.9782,0.18,0.1014
8,FakeSherbrooke,17,3,150,0.1067,0.9777,0.0167,0.0005
8,FakeSherbrooke,17,4,200,0.12,0.9778,0.0133,0.0001
8,FakeSherbrooke,17,5,250,0.118,0.9793,0.002,0.0015
8,FakeSherbrooke,17,6,300,0.1,0.9844,0.018,0.0051
8,FakeSherbrooke,17,7,350,0.0943,0.9852,0.0057,0.0008
8,FakeSherbrooke,17,8,400,0.0975,0.9848,0.0032,0.0004
8,FakeSherbrooke,17,9,450,0.1078,0.9809,0.0103,0.0039
8,FakeSherbrooke,17,10,500,0.116,0.9786,0.0082,0.0023
8,FakeSherbrooke,18,1,50,0.19,0.9403,1.0,1.0
8,FakeSherbrooke,18,2,100,0.22,0.9278,0.03,0.0125
8,FakeSherbrooke,18,3,150,0.23,0.9189,0.01,0.009
8,FakeSherbrooke,18,4,200,0.24,0.9102,0.01,0.0086
8,FakeSherbrooke,18,5,250,0.214,0.9192,0.026,0.009
8,FakeSherbrooke,18,6,300,0.2067,0.9271,0.0073,0.0079
8,FakeSherbrooke,18,7,350,0.1857,0.9377,0.021,0.0105
8,FakeSherbrooke,18,8,400,0.1775,0.9372,0.0082,0.0004
8,FakeSherbrooke,18,9,450,0.1856,0.9347,0.0081,0.0025
8,FakeSherbrooke,18,10,500,0.192,0.9317,0.0064,0.003
8,FakeSherbrooke,19,1,50,0.23,0.935,1.0,1.0
8,FakeSherbrooke,19,2,100,0.23,0.9269,0.0,0.0081
8,FakeSherbrooke,19,3,150,0.2167,0.9339,0.0133,0.007
8,FakeSherbrooke,19,4,200,0.22,0.9292,0.0033,0.0047
8,FakeSherbrooke,19,5,250,0.222,0.9357,0.002,0.0065
8,FakeSherbrooke,19,6,300,0.2067,0.9409,0.0153,0.0052
8,FakeSherbrooke,19,7,350,0.2157,0.9368,0.009,0.0041
8,FakeSherbrooke,19,8,400,0.2,0.9432,0.0157,0.0064
8,FakeSherbrooke,19,9,450,0.1989,0.9396,0.0011,0.0035
8,FakeSherbrooke,19,10,500,0.186,0.9469,0.0129,0.0073
14,FakeSherbrooke,0,1,409,0.9878,0.0001,1.0,1.0
14,FakeSherbrooke,0,2,818,0.978,0.001,0.0098,0.0008
14,FakeSherbrooke,0,3,1227,0.9796,0.0012,0.0016,0.0002
14,FakeSherbrooke,0,4,1636,0.9811,0.0013,0.0014,0.0001
14,FakeSherbrooke,0,5,2045,0.978,0.0022,0.0031,0.0008
14,FakeSherbrooke,0,6,2454,0.9804,0.0021,0.0024,0.0001
14,FakeSherbrooke,0,7,2863,0.9818,0.0021,0.0014,0.0
14,FakeSherbrooke,0,8,3272,0.982,0.0021,0.0001,0.0001
14,FakeSherbrooke,0,9,3681,0.9818,0.0025,0.0002,0.0004
14,FakeSherbrooke,0,10,4096,0.9814,0.0028,0.0004,0.0002
14,FakeSherbrooke,1,1,409,0.9731,0.0007,1.0,1.0
14,FakeSherbrooke,1,2,818,0.9768,0.0011,0.0037,0.0004
14,FakeSherbrooke,1,3,1227,0.9813,0.0011,0.0045,0.0
14,FakeSherbrooke,1,4,1636,0.9804,0.0015,0.0008,0.0005
14,FakeSherbrooke,1,5,2045,0.9785,0.0022,0.002,0.0007
14,FakeSherbrooke,1,6,2454,0.9776,0.003,0.0009,0.0008
14,FakeSherbrooke,1,7,2863,0.9787,0.0031,0.0011,0.0001
14,FakeSherbrooke,1,8,3272,0.9777,0.0038,0.001,0.0007
14,FakeSherbrooke,1,9,3681,0.9772,0.0043,0.0005,0.0005
14,FakeSherbrooke,1,10,4096,0.9773,0.0045,0.0001,0.0002
14,FakeSherbrooke,2,1,409,0.9584,0.0017,1.0,1.0
14,FakeSherbrooke,2,2,818,0.9658,0.0023,0.0073,0.0006
14,FakeSherbrooke,2,3,1227,0.9674,0.0029,0.0016,0.0006
14,FakeSherbrooke,2,4,1636,0.97,0.0032,0.0026,0.0003
14,FakeSherbrooke,2,5,2045,0.9687,0.0044,0.0013,0.0012
14,FakeSherbrooke,2,6,2454,0.9662,0.0058,0.0025,0.0013
14,FakeSherbrooke,2,7,2863,0.9675,0.006,0.0013,0.0002
14,FakeSherbrooke,2,8,3272,0.9688,0.0064,0.0013,0.0004
14,FakeSherbrooke,2,9,3681,0.9693,0.0069,0.0005,0.0005
14,FakeSherbrooke,2,10,4096,0.9688,0.0082,0.0006,0.0012
14,FakeSherbrooke,3,1,409,0.9707,0.0009,1.0,1.0
14,FakeSherbrooke,3,2,818,0.9707,0.0017,0.0,0.0008
14,FakeSherbrooke,3,3,1227,0.9682,0.003,0.0024,0.0013
14,FakeSherbrooke,3,4,1636,0.9713,0.0032,0.0031,0.0002
14,FakeSherbrooke,3,5,2045,0.9736,0.0033,0.0023,0.0001
14,FakeSherbrooke,3,6,2454,0.9727,0.004,0.0009,0.0007
14,FakeSherbrooke,3,7,2863,0.9735,0.0042,0.0008,0.0002
14,FakeSherbrooke,3,8,3272,0.9743,0.0044,0.0009,0.0002
14,FakeSherbrooke,3,9,3681,0.9745,0.0049,0.0001,0.0005
14,FakeSherbrooke,3,10,4096,0.9734,0.0056,0.0011,0.0006
14,FakeSherbrooke,4,1,409,0.956,0.0019,1.0,1.0
14,FakeSherbrooke,4,2,818,0.9621,0.0029,0.0061,0.001
14,FakeSherbrooke,4,3,1227,0.9658,0.0035,0.0037,0.0005
14,FakeSherbrooke,4,4,1636,0.9694,0.0036,0.0037,0.0001
14,FakeSherbrooke,4,5,2045,0.9697,0.0044,0.0002,0.0008
14,FakeSherbrooke,4,6,2454,0.9707,0.005,0.001,0.0006
14,FakeSherbrooke,4,7,2863,0.9717,0.0052,0.001,0.0002
14,FakeSherbrooke,4,8,3272,0.9722,0.0055,0.0005,0.0004
14,FakeSherbrooke,4,9,3681,0.9723,0.006,0.0001,0.0005
14,FakeSherbrooke,4,10,4096,0.9727,0.0065,0.0004,0.0004
14,FakeSherbrooke,5,1,409,0.9731,0.0007,1.0,1.0
14,FakeSherbrooke,5,2,818,0.9682,0.0019,0.0049,0.0012
14,FakeSherbrooke,5,3,1227,0.969,0.0027,0.0008,0.0008
14,FakeSherbrooke,5,4,1636,0.9688,0.0036,0.0002,0.0009
14,FakeSherbrooke,5,5,2045,0.9667,0.005,0.0021,0.0013
14,FakeSherbrooke,5,6,2454,0.9674,0.0054,0.0007,0.0004
14,FakeSherbrooke,5,7,2863,0.9693,0.0055,0.0019,0.0001
14,FakeSherbrooke,5,8,3272,0.9707,0.0057,0.0014,0.0002
14,FakeSherbrooke,5,9,3681,0.9715,0.0061,0.0008,0.0004
14,FakeSherbrooke,5,10,4096,0.9722,0.0064,0.0007,0.0003
14,FakeSherbrooke,6,1,409,0.9658,0.0012,1.0,1.0
14,FakeSherbrooke,6,2,818,0.967,0.0022,0.0012,0.001
14,FakeSherbrooke,6,3,1227,0.9666,0.0032,0.0004,0.0011
14,FakeSherbrooke,6,4,1636,0.9731,0.0026,0.0065,0.0006
14,FakeSherbrooke,6,5,2045,0.9756,0.0027,0.0024,0.0001
14,FakeSherbrooke,6,6,2454,0.9772,0.0029,0.0016,0.0002
14,FakeSherbrooke,6,7,2863,0.9752,0.0037,0.002,0.0009
14,FakeSherbrooke,6,8,3272,0.9759,0.004,0.0007,0.0002
14,FakeSherbrooke,6,9,3681,0.9753,0.0046,0.0006,0.0006
14,FakeSherbrooke,6,10,4096,0.9749,0.0053,0.0004,0.0007
14,FakeSherbrooke,7,1,409,0.9878,0.0001,1.0,1.0
14,FakeSherbrooke,7,2,818,0.9841,0.0005,0.0037,0.0004
14,FakeSherbrooke,7,3,1227,0.9837,0.0008,0.0004,0.0003
14,FakeSherbrooke,7,4,1636,0.9811,0.0015,0.0026,0.0006
14,FakeSherbrooke,7,5,2045,0.9804,0.0019,0.0006,0.0004
14,FakeSherbrooke,7,6,2454,0.9821,0.0019,0.0016,0.0
14,FakeSherbrooke,7,7,2863,0.9804,0.0026,0.0016,0.0006
14,FakeSherbrooke,7,8,3272,0.9795,0.0031,0.0009,0.0006
14,FakeSherbrooke,7,9,3681,0.9799,0.0034,0.0004,0.0003
14,FakeSherbrooke,7,10,4096,0.9795,0.0039,0.0004,0.0005
14,FakeSherbrooke,8,1,409,0.9829,0.0003,1.0,1.0
14,FakeSherbrooke,8,2,818,0.9792,0.0007,0.0037,0.0004
14,FakeSherbrooke,8,3,1227,0.9772,0.0014,0.002,0.0006
14,FakeSherbrooke,8,4,1636,0.9756,0.0022,0.0016,0.0008
14,FakeSherbrooke,8,5,2045,0.976,0.0025,0.0005,0.0003
14,FakeSherbrooke,8,6,2454,0.9751,0.0032,0.0009,0.0008
14,FakeSherbrooke,8,7,2863,0.9759,0.0036,0.0008,0.0004
14,FakeSherbrooke,8,8,3272,0.9768,0.0036,0.0009,0.0
14,FakeSherbrooke,8,9,3681,0.9758,0.0044,0.001,0.0008
14,FakeSherbrooke,8,10,4096,0.9766,0.0046,0.0007,0.0003
14,FakeSherbrooke,9,1,409,0.9707,0.0009,1.0,1.0
14,FakeSherbrooke,9,2,818,0.9743,0.0013,0.0037,0.0005
14,FakeSherbrooke,9,3,1227,0.9764,0.0016,0.002,0.0003
14,FakeSherbrooke,9,4,1636,0.9756,0.0023,0.0008,0.0007
14,FakeSherbrooke,9,5,2045,0.9741,0.0033,0.0015,0.001
14,FakeSherbrooke,9,6,2454,0.9739,0.0037,0.0002,0.0004
14,FakeSherbrooke,9,7,2863,0.9735,0.0045,0.0005,0.0008
14,FakeSherbrooke,9,8,3272,0.9725,0.0055,0.001,0.001
14,FakeSherbrooke,9,9,3681,0.9742,0.0055,0.0017,0.0
14,FakeSherbrooke,9,10,4096,0.9753,0.0055,0.0012,0.0
14,FakeSherbrooke,10,1,409,0.9902,0.0001,1.0,1.0
14,FakeSherbrooke,10,2,818,0.9853,0.0004,0.0049,0.0003
14,FakeSherbrooke,10,3,1227,0.987,0.0004,0.0016,0.0001
14,FakeSherbrooke,10,4,1636,0.9817,0.0013,0.0053,0.0008
14,FakeSherbrooke,10,5,2045,0.978,0.0022,0.0037,0.0009
14,FakeSherbrooke,10,6,2454,0.9772,0.0026,0.0008,0.0004
14,FakeSherbrooke,10,7,2863,0.9752,0.0035,0.002,0.0009
14,FakeSherbrooke,10,8,3272,0.9765,0.0036,0.0013,0.0002
14,FakeSherbrooke,10,9,3681,0.9739,0.0052,0.0025,0.0015
14,FakeSherbrooke,10,10,4096,0.9746,0.0054,0.0007,0.0002
14,FakeSherbrooke,11,1,409,0.9804,0.0004,1.0,1.0
14,FakeSherbrooke,11,2,818,0.9792,0.0009,0.0012,0.0005
14,FakeSherbrooke,11,3,1227,0.9796,0.0012,0.0004,0.0003
14,FakeSherbrooke,11,4,1636,0.9749,0.0024,0.0047,0.0012
14,FakeSherbrooke,11,5,2045,0.9751,0.0028,0.0001,0.0005
14,FakeSherbrooke,11,6,2454,0.976,0.0031,0.0009,0.0003
14,FakeSherbrooke,11,7,2863,0.9756,0.0038,0.0004,0.0006
14,FakeSherbrooke,11,8,3272,0.9759,0.0041,0.0003,0.0004
14,FakeSherbrooke,11,9,3681,0.9775,0.0041,0.0016,0.0001
14,FakeSherbrooke,11,10,4096,0.978,0.0043,0.0006,0.0002
14,FakeSherbrooke,12,1,409,0.978,0.0005,1.0,1.0
14,FakeSherbrooke,12,2,818,0.9731,0.0014,0.0049,0.001
14,FakeSherbrooke,12,3,1227,0.9764,0.0017,0.0033,0.0002
14,FakeSherbrooke,12,4,1636,0.9792,0.0016,0.0029,0.0001
14,FakeSherbrooke,12,5,2045,0.978,0.0022,0.0012,0.0006
14,FakeSherbrooke,12,6,2454,0.9776,0.0026,0.0004,0.0003
14,FakeSherbrooke,12,7,2863,0.978,0.0029,0.0004,0.0003
14,FakeSherbrooke,12,8,3272,0.9765,0.0039,0.0015,0.001
14,FakeSherbrooke,12,9,3681,0.9775,0.0039,0.001,0.0
14,FakeSherbrooke,12,10,4096,0.9778,0.0042,0.0003,0.0003
14,FakeSherbrooke,13,1,409,0.9658,0.0012,1.0,1.0
14,FakeSherbrooke,13,2,818,0.9694,0.0018,0.0037,0.0006
14,FakeSherbrooke,13,3,1227,0.9756,0.0016,0.0061,0.0001
14,FakeSherbrooke,13,4,1636,0.978,0.0018,0.0024,0.0002
14,FakeSherbrooke,13,5,2045,0.9746,0.003,0.0034,0.0012
14,FakeSherbrooke,13,6,2454,0.9743,0.0036,0.0002,0.0006
14,FakeSherbrooke,13,7,2863,0.9756,0.0038,0.0012,0.0002
14,FakeSherbrooke,13,8,3272,0.9756,0.0044,0.0,0.0005
14,FakeSherbrooke,13,9,3681,0.9742,0.0054,0.0014,0.001
14,FakeSherbrooke,13,10,4096,0.9749,0.0057,0.0007,0.0004
14,FakeSherbrooke,14,1,409,0.9707,0.0009,1.0,1.0
14,FakeSherbrooke,14,2,818,0.9694,0.0019,0.0012,0.001
14,FakeSherbrooke,14,3,1227,0.9739,0.002,0.0045,0.0001
14,FakeSherbrooke,14,4,1636,0.9749,0.0024,0.001,0.0004
14,FakeSherbrooke,14,5,2045,0.9775,0.0024,0.0026,0.0
14,FakeSherbrooke,14,6,2454,0.9796,0.0024,0.0021,0.0
14,FakeSherbrooke,14,7,2863,0.9801,0.0026,0.0005,0.0002
14,FakeSherbrooke,14,8,3272,0.9807,0.0027,0.0007,0.0001
14,FakeSherbrooke,14,9,3681,0.9796,0.0034,0.0011,0.0006
14,FakeSherbrooke,14,10,4096,0.9797,0.0037,0.0001,0.0003
14,FakeSherbrooke,15,1,409,0.9853,0.0002,1.0,1.0
14,FakeSherbrooke,15,2,818,0.9743,0.0013,0.011,0.0011
14,FakeSherbrooke,15,3,1227,0.9747,0.0018,0.0004,0.0005
14,FakeSherbrooke,15,4,1636,0.9756,0.0023,0.0008,0.0004
14,FakeSherbrooke,15,5,2045,0.976,0.0025,0.0005,0.0003
14,FakeSherbrooke,15,6,2454,0.976,0.0031,0.0001,0.0005
14,FakeSherbrooke,15,7,2863,0.9783,0.0029,0.0024,0.0001
14,FakeSherbrooke,15,8,3272,0.9783,0.0033,0.0,0.0004
14,FakeSherbrooke,15,9,3681,0.9788,0.0036,0.0005,0.0002
14,FakeSherbrooke,15,10,4096,0.978,0.0043,0.0008,0.0008
14,FakeSherbrooke,16,1,409,0.9756,0.0006,1.0,1.0
14,FakeSherbrooke,16,2,818,0.9743,0.0013,0.0012,0.0007
14,FakeSherbrooke,16,3,1227,0.9772,0.0016,0.0029,0.0003
14,FakeSherbrooke,16,4,1636,0.9762,0.0023,0.001,0.0007
14,FakeSherbrooke,16,5,2045,0.9756,0.003,0.0006,0.0007
14,FakeSherbrooke,16,6,2454,0.9756,0.0036,0.0,0.0005
14,FakeSherbrooke,16,7,2863,0.9759,0.0038,0.0003,0.0003
14,FakeSherbrooke,16,8,3272,0.9762,0.0043,0.0003,0.0005
14,FakeSherbrooke,16,9,3681,0.9756,0.0049,0.0006,0.0006
14,FakeSherbrooke,16,10,4096,0.9766,0.0049,0.001,0.0
14,FakeSherbrooke,17,1,409,0.9682,0.001,1.0,1.0
14,FakeSherbrooke,17,2,818,0.967,0.0022,0.0012,0.0011
14,FakeSherbrooke,17,3,1227,0.9641,0.0037,0.0029,0.0016
14,FakeSherbrooke,17,4,1636,0.9688,0.0037,0.0047,0.0
14,FakeSherbrooke,17,5,2045,0.9682,0.0048,0.0006,0.0011
14,FakeSherbrooke,17,6,2454,0.9682,0.0055,0.0,0.0007
14,FakeSherbrooke,17,7,2863,0.9686,0.0064,0.0003,0.0009
14,FakeSherbrooke,17,8,3272,0.9707,0.0064,0.0021,0.0
14,FakeSherbrooke,17,9,3681,0.9726,0.0062,0.0019,0.0002
14,FakeSherbrooke,17,10,4096,0.9727,0.0067,0.0001,0.0005
14,FakeSherbrooke,18,1,409,0.9731,0.0007,1.0,1.0
14,FakeSherbrooke,18,2,818,0.9768,0.0011,0.0037,0.0004
14,FakeSherbrooke,18,3,1227,0.978,0.0015,0.0012,0.0004
14,FakeSherbrooke,18,4,1636,0.9756,0.0024,0.0024,0.0009
14,FakeSherbrooke,18,5,2045,0.9746,0.0033,0.001,0.0008
14,FakeSherbrooke,18,6,2454,0.9772,0.003,0.0026,0.0003
14,FakeSherbrooke,18,7,2863,0.9756,0.004,0.0016,0.001
14,FakeSherbrooke,18,8,3272,0.9765,0.0041,0.0009,0.0001
14,FakeSherbrooke,18,9,3681,0.9764,0.0045,0.0001,0.0004
14,FakeSherbrooke,18,10,4096,0.9766,0.005,0.0002,0.0005
14,FakeSherbrooke,19,1,409,0.9707,0.0009,1.0,1.0
14,FakeSherbrooke,19,2,818,0.9768,0.0011,0.0061,0.0001
14,FakeSherbrooke,19,3,1227,0.9756,0.0018,0.0012,0.0007
14,FakeSherbrooke,19,4,1636,0.9762,0.0022,0.0006,0.0004
14,FakeSherbrooke,19,5,2045,0.9751,0.0029,0.0011,0.0008
14,FakeSherbrooke,19,6,2454,0.9743,0.0038,0.0007,0.0008
14,FakeSherbrooke,19,7,2863,0.9745,0.0043,0.0002,0.0005
14,FakeSherbrooke,19,8,3272,0.9762,0.0043,0.0017,0.0001
14,FakeSherbrooke,19,9,3681,0.9766,0.0045,0.0005,0.0002
14,FakeSherbrooke,19,10,4096,0.9773,0.0047,0.0007,0.0002
15,FakeSherbrooke,0,1,100,0.11,0.9588,1.0,1.0
15,FakeSherbrooke,0,2,200,0.125,0.9266,0.015,0.0321
15,FakeSherbrooke,0,3,300,0.11,0.92,0.015,0.0066
15,FakeSherbrooke,0,4,400,0.09,0.9271,0.02,0.007
15,FakeSherbrooke,0,5,500,0.088,0.9293,0.002,0.0022
15,FakeSherbrooke,0,6,600,0.0867,0.9292,0.0013,0.0001
15,FakeSherbrooke,0,7,700,0.0914,0.9268,0.0048,0.0024
15,FakeSherbrooke,0,8,800,0.0925,0.9241,0.0011,0.0028
15,FakeSherbrooke,0,9,900,0.1022,0.9232,0.0097,0.0008
15,FakeSherbrooke,0,10,1000,0.1,0.9257,0.0022,0.0025
15,FakeSherbrooke,1,1,100,0.25,0.8514,1.0,1.0
15,FakeSherbrooke,1,2,200,0.185,0.8849,0.065,0.0335
15,FakeSherbrooke,1,3,300,0.15,0.8987,0.035,0.0138
15,FakeSherbrooke,1,4,400,0.1425,0.9032,0.0075,0.0045
15,FakeSherbrooke,1,5,500,0.13,0.912,0.0125,0.0088
15,FakeSherbrooke,1,6,600,0.1317,0.9159,0.0017,0.0039
15,FakeSherbrooke,1,7,700,0.1343,0.9183,0.0026,0.0024
15,FakeSherbrooke,1,8,800,0.14,0.9131,0.0057,0.0052
15,FakeSherbrooke,1,9,900,0.1444,0.9135,0.0044,0.0003
15,FakeSherbrooke,1,10,1000,0.14,0.9182,0.0044,0.0048
15,FakeSherbrooke,2,1,100,0.09,0.9632,1.0,1.0
15,FakeSherbrooke,2,2,200,0.065,0.9582,0.025,0.005
15,FakeSherbrooke,2,3,300,0.0967,0.9481,0.0317,0.0101
15,FakeSherbrooke,2,4,400,0.0875,0.9531,0.0092,0.0051
15,FakeSherbrooke,2,5,500,0.096,0.9493,0.0085,0.0038
15,FakeSherbrooke,2,6,600,0.1,0.9491,0.004,0.0002
15,FakeSherbrooke,2,7,700,0.1129,0.9477,0.0129,0.0014
15,FakeSherbrooke,2,8,800,0.11,0.9424,0.0029,0.0053
15,FakeSherbrooke,2,9,900,0.11,0.9436,0.0,0.0013
15,FakeSherbrooke,2,10,1000,0.107,0.9434,0.003,0.0002
15,FakeSherbrooke,3,1,100,0.12,0.9119,1.0,1.0
15,FakeSherbrooke,3,2,200,0.125,0.9007,0.005,0.0111
15,FakeSherbrooke,3,3,300,0.1167,0.9184,0.0083,0.0177
15,FakeSherbrooke,3,4,400,0.1125,0.9178,0.0042,0.0007
15,FakeSherbrooke,3,5,500,0.1,0.9176,0.0125,0.0001
15,FakeSherbrooke,3,6,600,0.105,0.9233,0.005,0.0057
15,FakeSherbrooke,3,7,700,0.1086,0.9219,0.0036,0.0014
15,FakeSherbrooke,3,8,800,0.1038,0.9218,0.0048,0.0001
15,FakeSherbrooke,3,9,900,0.11,0.9188,0.0062,0.003
15,FakeSherbrooke,3,10,1000,0.115,0.9155,0.005,0.0034
15,FakeSherbrooke,4,1,100,0.13,0.9295,1.0,1.0
15,FakeSherbrooke,4,2,200,0.11,0.9384,0.02,0.0088
15,FakeSherbrooke,4,3,300,0.09,0.9365,0.02,0.0019
15,FakeSherbrooke,4,4,400,0.12,0.9211,0.03,0.0154
15,FakeSherbrooke,4,5,500,0.106,0.9309,0.014,0.0098
15,FakeSherbrooke,4,6,600,0.0967,0.9356,0.0093,0.0047
15,FakeSherbrooke,4,7,700,0.0986,0.9383,0.0019,0.0027
15,FakeSherbrooke,4,8,800,0.0975,0.9362,0.0011,0.0021
15,FakeSherbrooke,4,9,900,0.1067,0.9328,0.0092,0.0034
15,FakeSherbrooke,4,10,1000,0.116,0.9277,0.0093,0.0051
15,FakeSherbrooke,5,1,100,0.1,0.9592,1.0,1.0
15,FakeSherbrooke,5,2,200,0.115,0.9534,0.015,0.0058
15,FakeSherbrooke,5,3,300,0.1167,0.9516,0.0017,0.0019
15,FakeSherbrooke,5,4,400,0.0975,0.9417,0.0192,0.0098
15,FakeSherbrooke,5,5,500,0.088,0.9438,0.0095,0.0021
15,FakeSherbrooke,5,6,600,0.0833,0.9372,0.0047,0.0066
15,FakeSherbrooke,5,7,700,0.0929,0.9348,0.0095,0.0024
15,FakeSherbrooke,5,8,800,0.0937,0.9347,0.0009,0.0001
15,FakeSherbrooke,5,9,900,0.0911,0.935,0.0026,0.0003
15,FakeSherbrooke,5,10,1000,0.09,0.9377,0.0011,0.0027
15,FakeSherbrooke,6,1,100,0.11,0.9138,1.0,1.0
15,FakeSherbrooke,6,2,200,0.08,0.9199,0.03,0.0061
15,FakeSherbrooke,6,3,300,0.1,0.9207,0.02,0.0009
15,FakeSherbrooke,6,4,400,0.1125,0.9295,0.0125,0.0088
15,FakeSherbrooke,6,5,500,0.108,0.924,0.0045,0.0056
15,FakeSherbrooke,6,6,600,0.1017,0.9265,0.0063,0.0025
15,FakeSherbrooke,6,7,700,0.1157,0.9201,0.014,0.0063
15,FakeSherbrooke,6,8,800,0.1,0.9242,0.0157,0.004
15,FakeSherbrooke,6,9,900,0.1022,0.9225,0.0022,0.0017
15,FakeSherbrooke,6,10,1000,0.108,0.9231,0.0058,0.0006
15,FakeSherbrooke,7,1,100,0.08,0.9376,1.0,1.0
15,FakeSherbrooke,7,2,200,0.09,0.9097,0.01,0.0279
15,FakeSherbrooke,7,3,300,0.1233,0.9167,0.0333,0.0069
15,FakeSherbrooke,7,4,400,0.1175,0.9175,0.0058,0.0008
15,FakeSherbrooke,7,5,500,0.11,0.9218,0.0075,0.0043
15,FakeSherbrooke,7,6,600,0.1283,0.9103,0.0183,0.0115
15,FakeSherbrooke,7,7,700,0.1143,0.9148,0.014,0.0046
15,FakeSherbrooke,7,8,800,0.11,0.917,0.0043,0.0022
15,FakeSherbrooke,7,9,900,0.1133,0.9199,0.0033,0.0029
15,FakeSherbrooke,7,10,1000,0.114,0.9196,0.0007,0.0003
15,FakeSherbrooke,8,1,100,0.08,0.9464,1.0,1.0
15,FakeSherbrooke,8,2,200,0.045,0.9642,0.035,0.0178
15,FakeSherbrooke,8,3,300,0.08,0.9563,0.035,0.0079
15,FakeSherbrooke,8,4,400,0.1025,0.9461,0.0225,0.0102
15,FakeSherbrooke,8,5,500,0.118,0.9376,0.0155,0.0085
15,FakeSherbrooke,8,6,600,0.1117,0.9376,0.0063,0.0
15,FakeSherbrooke,8,7,700,0.11,0.9364,0.0017,0.0012
15,FakeSherbrooke,8,8,800,0.1075,0.9387,0.0025,0.0023
15,FakeSherbrooke,8,9,900,0.1011,0.9409,0.0064,0.0022
15,FakeSherbrooke,8,10,1000,0.102,0.9397,0.0009,0.0012
15,FakeSherbrooke,9,1,100,0.11,0.9285,1.0,1.0
15,FakeSherbrooke,9,2,200,0.14,0.9322,0.03,0.0037
15,FakeSherbrooke,9,3,300,0.14,0.9218,0.0,0.0103
15,FakeSherbrooke,9,4,400,0.115,0.9382,0.025,0.0164
15,FakeSherbrooke,9,5,500,0.11,0.9415,0.005,0.0033
15,FakeSherbrooke,9,6,600,0.1083,0.9416,0.0017,0.0001
15,FakeSherbrooke,9,7,700,0.1029,0.9352,0.0055,0.0064
15,FakeSherbrooke,9,8,800,0.0988,0.9364,0.0041,0.0012
15,FakeSherbrooke,9,9,900,0.11,0.934,0.0112,0.0024
15,FakeSherbrooke,9,10,1000,0.105,0.9353,0.005,0.0013
15,FakeSherbrooke,10,1,100,0.11,0.9255,1.0,1.0
15,FakeSherbrooke,10,2,200,0.115,0.9105,0.005,0.0151
15,FakeSherbrooke,10,3,300,0.1167,0.9033,0.0017,0.0072
15,FakeSherbrooke,10,4,400,0.105,0.9065,0.0117,0.0033
15,FakeSherbrooke,10,5,500,0.102,0.9085,0.003,0.0019
15,FakeSherbrooke,10,6,600,0.1083,0.9103,0.0063,0.0019
15,FakeSherbrooke,10,7,700,0.1057,0.9175,0.0026,0.0071
15,FakeSherbrooke,10,8,800,0.115,0.9163,0.0093,0.0011
15,FakeSherbrooke,10,9,900,0.1233,0.9121,0.0083,0.0043
15,FakeSherbrooke,10,10,1000,0.116,0.918,0.0073,0.006
15,FakeSherbrooke,11,1,100,0.09,0.9455,1.0,1.0
15,FakeSherbrooke,11,2,200,0.105,0.939,0.015,0.0065
15,FakeSherbrooke,11,3,300,0.1167,0.9349,0.0117,0.0041
15,FakeSherbrooke,11,4,400,0.1225,0.9228,0.0058,0.0121
15,FakeSherbrooke,11,5,500,0.118,0.9204,0.0045,0.0025
15,FakeSherbrooke,11,6,600,0.1217,0.9233,0.0037,0.0029
15,FakeSherbrooke,11,7,700,0.1014,0.9327,0.0202,0.0093
15,FakeSherbrooke,11,8,800,0.1088,0.9362,0.0073,0.0035
15,FakeSherbrooke,11,9,900,0.1133,0.9337,0.0046,0.0024
15,FakeSherbrooke,11,10,1000,0.104,0.9373,0.0093,0.0036
15,FakeSherbrooke,12,1,100,0.14,0.9263,1.0,1.0
15,FakeSherbrooke,12,2,200,0.135,0.9052,0.005,0.0212
15,FakeSherbrooke,12,3,300,0.1233,0.9156,0.0117,0.0104
15,FakeSherbrooke,12,4,400,0.1075,0.9309,0.0158,0.0153
15,FakeSherbrooke,12,5,500,0.108,0.9317,0.0005,0.0007
15,FakeSherbrooke,12,6,600,0.1067,0.9348,0.0013,0.0031
15,FakeSherbrooke,12,7,700,0.1071,0.9304,0.0005,0.0044
15,FakeSherbrooke,12,8,800,0.095,0.9366,0.0121,0.0062
15,FakeSherbrooke,12,9,900,0.0944,0.9382,0.0006,0.0016
15,FakeSherbrooke,12,10,1000,0.093,0.9378,0.0014,0.0004
15,FakeSherbrooke,13,1,100,0.17,0.9081,1.0,1.0
15,FakeSherbrooke,13,2,200,0.125,0.9158,0.045,0.0077
15,FakeSherbrooke,13,3,300,0.1033,0.9208,0.0217,0.005
15,FakeSherbrooke,13,4,400,0.0875,0.9218,0.0158,0.0009
15,FakeSherbrooke,13,5,500,0.112,0.9138,0.0245,0.008
15,FakeSherbrooke,13,6,600,0.1067,0.9165,0.0053,0.0027
15,FakeSherbrooke,13,7,700,0.1029,0.9144,0.0038,0.0021
15,FakeSherbrooke,13,8,800,0.0988,0.9175,0.0041,0.0031
15,FakeSherbrooke,13,9,900,0.0889,0.9169,0.0099,0.0006
15,FakeSherbrooke,13,10,1000,0.091,0.9169,0.0021,0.0
15,FakeSherbrooke,14,1,100,0.17,0.9056,1.0,1.0
15,FakeSherbrooke,14,2,200,0.12,0.9403,0.05,0.0347
15,FakeSherbrooke,14,3,300,0.1333,0.9385,0.0133,0.0018
15,FakeSherbrooke,14,4,400,0.135,0.9377,0.0017,0.0008
15,FakeSherbrooke,14,5,500,0.118,0.9398,0.017,0.0021
15,FakeSherbrooke,14,6,600,0.1217,0.9373,0.0037,0.0025
15,FakeSherbrooke,14,7,700,0.12,0.9308,0.0017,0.0066
15,FakeSherbrooke,14,8,800,0.1125,0.9341,0.0075,0.0033
15,FakeSherbrooke,14,9,900,0.1133,0.9365,0.0008,0.0024
15,FakeSherbrooke,14,10,1000,0.108,0.9375,0.0053,0.0011
15,FakeSherbrooke,15,1,100,0.09,0.9641,1.0,1.0
15,FakeSherbrooke,15,2,200,0.15,0.934,0.06,0.0301
15,FakeSherbrooke,15,3,300,0.1033,0.9345,0.0467,0.0005
15,FakeSherbrooke,15,4,400,0.0875,0.9343,0.0158,0.0002
15,FakeSherbrooke,15,5,500,0.082,0.9335,0.0055,0.0008
15,FakeSherbrooke,15,6,600,0.0833,0.9355,0.0013,0.002
15,FakeSherbrooke,15,7,700,0.0814,0.9437,0.0019,0.0082
15,FakeSherbrooke,15,8,800,0.085,0.9445,0.0036,0.0008
15,FakeSherbrooke,15,9,900,0.0833,0.9463,0.0017,0.0018
15,FakeSherbrooke,15,10,1000,0.086,0.9458,0.0027,0.0005
15,FakeSherbrooke,16,1,100,0.07,0.9481,1.0,1.0
15,FakeSherbrooke,16,2,200,0.075,0.9381,0.005,0.01
15,FakeSherbrooke,16,3,300,0.0867,0.9275,0.0117,0.0107
15,FakeSherbrooke,16,4,400,0.075,0.9236,0.0117,0.0039
15,FakeSherbrooke,16,5,500,0.086,0.9186,0.011,0.005
15,FakeSherbrooke,16,6,600,0.0883,0.9186,0.0023,0.0001
15,FakeSherbrooke,16,7,700,0.09,0.9224,0.0017,0.0038
15,FakeSherbrooke,16,8,800,0.0925,0.9255,0.0025,0.0031
15,FakeSherbrooke,16,9,900,0.0956,0.9285,0.0031,0.003
15,FakeSherbrooke,16,10,1000,0.103,0.9266,0.0074,0.002
15,FakeSherbrooke,17,1,100,0.17,0.9349,1.0,1.0
15,FakeSherbrooke,17,2,200,0.165,0.9028,0.005,0.0321
15,FakeSherbrooke,17,3,300,0.14,0.9157,0.025,0.0129
15,FakeSherbrooke,17,4,400,0.1675,0.901,0.0275,0.0147
15,FakeSherbrooke,17,5,500,0.156,0.9113,0.0115,0.0104
15,FakeSherbrooke,17,6,600,0.1467,0.9164,0.0093,0.0051
15,FakeSherbrooke,17,7,700,0.1386,0.9192,0.0081,0.0028
15,FakeSherbrooke,17,8,800,0.1413,0.9132,0.0027,0.006
15,FakeSherbrooke,17,9,900,0.1378,0.9126,0.0035,0.0006
15,FakeSherbrooke,17,10,1000,0.129,0.9165,0.0088,0.0038
15,FakeSherbrooke,18,1,100,0.12,0.9487,1.0,1.0
15,FakeSherbrooke,18,2,200,0.085,0.9508,0.035,0.0021
15,FakeSherbrooke,18,3,300,0.08,0.9472,0.005,0.0036
15,FakeSherbrooke,18,4,400,0.085,0.9456,0.005,0.0016
15,FakeSherbrooke,18,5,500,0.08,0.9402,0.005,0.0054
15,FakeSherbrooke,18,6,600,0.0867,0.94,0.0067,0.0001
15,FakeSherbrooke,18,7,700,0.0743,0.9424,0.0124,0.0023
15,FakeSherbrooke,18,8,800,0.0787,0.939,0.0045,0.0033
15,FakeSherbrooke,18,9,900,0.0822,0.9374,0.0035,0.0016
15,FakeSherbrooke,18,10,1000,0.081,0.9379,0.0012,0.0005
15,FakeSherbrooke,19,1,100,0.13,0.9119,1.0,1.0
15,FakeSherbrooke,19,2,200,0.11,0.938,0.02,0.0261
15,FakeSherbrooke,19,3,300,0.09,0.9483,0.02,0.0103
15,FakeSherbrooke,19,4,400,0.08,0.9474,0.01,0.0009
15,FakeSherbrooke,19,5,500,0.086,0.9523,0.006,0.0049
15,FakeSherbrooke,19,6,600,0.0917,0.9493,0.0057,0.003
15,FakeSherbrooke,19,7,700,0.1014,0.9516,0.0098,0.0023
15,FakeSherbrooke,19,8,800,0.0913,0.9519,0.0102,0.0003
15,FakeSherbrooke,19,9,900,0.0922,0.9454,0.001,0.0065
15,FakeSherbrooke,19,10,1000,0.096,0.9432,0.0038,0.0021
16,FakeSherbrooke,0,1,100,0.09,0.9878,1.0,1.0
16,FakeSherbrooke,0,2,200,0.095,0.9824,0.005,0.0054
16,FakeSherbrooke,0,3,300,0.0767,0.9892,0.0183,0.0069
16,FakeSherbrooke,0,4,400,0.0775,0.9934,0.0008,0.0042
16,FakeSherbrooke,0,5,500,0.062,0.9955,0.0155,0.0021
16,FakeSherbrooke,0,6,600,0.0567,0.9962,0.0053,0.0007
16,FakeSherbrooke,0,7,700,0.0657,0.9954,0.009,0.0008
16,FakeSherbrooke,0,8,800,0.0675,0.995,0.0018,0.0005
16,FakeSherbrooke,0,9,900,0.0711,0.9947,0.0036,0.0003
16,FakeSherbrooke,0,10,1000,0.064,0.9957,0.0071,0.0011
16,FakeSherbrooke,1,1,100,0.17,0.9589,1.0,1.0
16,FakeSherbrooke,1,2,200,0.12,0.9774,0.05,0.0184
16,FakeSherbrooke,1,3,300,0.09,0.9873,0.03,0.01
16,FakeSherbrooke,1,4,400,0.0725,0.9909,0.0175,0.0036
16,FakeSherbrooke,1,5,500,0.08,0.9902,0.0075,0.0007
16,FakeSherbrooke,1,6,600,0.0867,0.9885,0.0067,0.0017
16,FakeSherbrooke,1,7,700,0.0929,0.9867,0.0062,0.0018
16,FakeSherbrooke,1,8,800,0.0937,0.9863,0.0009,0.0005
16,FakeSherbrooke,1,9,900,0.1044,0.9828,0.0107,0.0035
16,FakeSherbrooke,1,10,1000,0.101,0.9827,0.0034,0.0001
16,FakeSherbrooke,2,1,100,0.12,0.9847,1.0,1.0
16,FakeSherbrooke,2,2,200,0.07,0.995,0.05,0.0103
16,FakeSherbrooke,2,3,300,0.0867,0.9924,0.0167,0.0026
16,FakeSherbrooke,2,4,400,0.0775,0.9933,0.0092,0.0009
16,FakeSherbrooke,2,5,500,0.08,0.9916,0.0025,0.0017
16,FakeSherbrooke,2,6,600,0.09,0.9897,0.01,0.0019
16,FakeSherbrooke,2,7,700,0.0929,0.9886,0.0029,0.0011
16,FakeSherbrooke,2,8,800,0.0937,0.9886,0.0009,0.0
16,FakeSherbrooke,2,9,900,0.0978,0.9882,0.004,0.0004
16,FakeSherbrooke,2,10,1000,0.092,0.9896,0.0058,0.0014
16,FakeSherbrooke,3,1,100,0.05,0.9969,1.0,1.0
16,FakeSherbrooke,3,2,200,0.045,0.9964,0.005,0.0005
16,FakeSherbrooke,3,3,300,0.0533,0.9961,0.0083,0.0003
16,FakeSherbrooke,3,4,400,0.0525,0.9957,0.0008,0.0004
16,FakeSherbrooke,3,5,500,0.032,0.9983,0.0205,0.0026
16,FakeSherbrooke,3,6,600,0.0417,0.9975,0.0097,0.0008
16,FakeSherbrooke,3,7,700,0.0443,0.9971,0.0026,0.0004
16,FakeSherbrooke,3,8,800,0.0387,0.9976,0.0055,0.0006
16,FakeSherbrooke,3,9,900,0.0511,0.9968,0.0124,0.0009
16,FakeSherbrooke,3,10,1000,0.046,0.9971,0.0051,0.0003
16,FakeSherbrooke,4,1,100,0.11,0.9814,1.0,1.0
16,FakeSherbrooke,4,2,200,0.08,0.9904,0.03,0.0089
16,FakeSherbrooke,4,3,300,0.0633,0.9924,0.0167,0.0021
16,FakeSherbrooke,4,4,400,0.07,0.9917,0.0067,0.0008
16,FakeSherbrooke,4,5,500,0.064,0.9937,0.006,0.002
16,FakeSherbrooke,4,6,600,0.0633,0.9938,0.0007,0.0001
16,FakeSherbrooke,4,7,700,0.0614,0.9939,0.0019,0.0
16,FakeSherbrooke,4,8,800,0.0725,0.9932,0.0111,0.0007
16,FakeSherbrooke,4,9,900,0.0733,0.9918,0.0008,0.0014
16,FakeSherbrooke,4,10,1000,0.079,0.9907,0.0057,0.001
16,FakeSherbrooke,5,1,100,0.09,0.9873,1.0,1.0
16,FakeSherbrooke,5,2,200,0.11,0.9869,0.02,0.0004
16,FakeSherbrooke,5,3,300,0.1067,0.9867,0.0033,0.0002
16,FakeSherbrooke,5,4,400,0.08,0.9928,0.0267,0.0061
16,FakeSherbrooke,5,5,500,0.072,0.9942,0.008,0.0014
16,FakeSherbrooke,5,6,600,0.0667,0.995,0.0053,0.0008
16,FakeSherbrooke,5,7,700,0.0729,0.9944,0.0062,0.0006
16,FakeSherbrooke,5,8,800,0.0737,0.9942,0.0009,0.0003
16,FakeSherbrooke,5,9,900,0.0711,0.9943,0.0026,0.0001
16,FakeSherbrooke,5,10,1000,0.07,0.994,0.0011,0.0002
16,FakeSherbrooke,6,1,100,0.07,0.9938,1.0,1.0
16,FakeSherbrooke,6,2,200,0.02,0.9994,0.05,0.0056
16,FakeSherbrooke,6,3,300,0.0467,0.9969,0.0267,0.0025
16,FakeSherbrooke,6,4,400,0.06,0.9948,0.0133,0.0021
16,FakeSherbrooke,6,5,500,0.048,0.9968,0.012,0.002
16,FakeSherbrooke,6,6,600,0.0467,0.997,0.0013,0.0001
16,FakeSherbrooke,6,7,700,0.0514,0.9964,0.0048,0.0006
16,FakeSherbrooke,6,8,800,0.0387,0.9978,0.0127,0.0014
16,FakeSherbrooke,6,9,900,0.0389,0.9979,0.0001,0.0001
16,FakeSherbrooke,6,10,1000,0.044,0.9973,0.0051,0.0005
16,FakeSherbrooke,7,1,100,0.03,0.9989,1.0,1.0
16,FakeSherbrooke,7,2,200,0.045,0.9971,0.015,0.0018
16,FakeSherbrooke,7,3,300,0.07,0.9937,0.025,0.0034
16,FakeSherbrooke,7,4,400,0.0625,0.9958,0.0075,0.0021
16,FakeSherbrooke,7,5,500,0.05,0.9974,0.0125,0.0016
16,FakeSherbrooke,7,6,600,0.0667,0.9951,0.0167,0.0023
16,FakeSherbrooke,7,7,700,0.06,0.9954,0.0067,0.0003
16,FakeSherbrooke,7,8,800,0.0587,0.9957,0.0013,0.0003
16,FakeSherbrooke,7,9,900,0.0589,0.9952,0.0001,0.0005
16,FakeSherbrooke,7,10,1000,0.063,0.9946,0.0041,0.0006
16,FakeSherbrooke,8,1,100,0.03,0.9989,1.0,1.0
16,FakeSherbrooke,8,2,200,0.015,0.9998,0.015,0.0008
16,FakeSherbrooke,8,3,300,0.03,0.9983,0.015,0.0014
16,FakeSherbrooke,8,4,400,0.0525,0.9955,0.0225,0.0028
16,FakeSherbrooke,8,5,500,0.058,0.9947,0.0055,0.0008
16,FakeSherbrooke,8,6,600,0.0567,0.9951,0.0013,0.0003
16,FakeSherbrooke,8,7,700,0.0543,0.9953,0.0024,0.0002
16,FakeSherbrooke,8,8,800,0.0575,0.9949,0.0032,0.0004
16,FakeSherbrooke,8,9,900,0.0511,0.9956,0.0064,0.0008
16,FakeSherbrooke,8,10,1000,0.048,0.9963,0.0031,0.0006
16,FakeSherbrooke,9,1,100,0.12,0.9782,1.0,1.0
16,FakeSherbrooke,9,2,200,0.145,0.9787,0.025,0.0006
16,FakeSherbrooke,9,3,300,0.1433,0.9781,0.0017,0.0006
16,FakeSherbrooke,9,4,400,0.11,0.9843,0.0333,0.0062
16,FakeSherbrooke,9,5,500,0.088,0.9879,0.022,0.0036
16,FakeSherbrooke,9,6,600,0.09,0.9884,0.002,0.0005
16,FakeSherbrooke,9,7,700,0.0914,0.9871,0.0014,0.0013
16,FakeSherbrooke,9,8,800,0.085,0.9891,0.0064,0.002
16,FakeSherbrooke,9,9,900,0.0889,0.9884,0.0039,0.0007
16,FakeSherbrooke,9,10,1000,0.084,0.9887,0.0049,0.0003
16,FakeSherbrooke,10,1,100,0.1,0.9878,1.0,1.0
16,FakeSherbrooke,10,2,200,0.065,0.9956,0.035,0.0079
16,FakeSherbrooke,10,3,300,0.0667,0.9955,0.0017,0.0001
16,FakeSherbrooke,10,4,400,0.07,0.9944,0.0033,0.0011
16,FakeSherbrooke,10,5,500,0.07,0.9936,0.0,0.0008
16,FakeSherbrooke,10,6,600,0.08,0.9918,0.01,0.0019
16,FakeSherbrooke,10,7,700,0.08,0.9917,0.0,0.0001
16,FakeSherbrooke,10,8,800,0.0825,0.9901,0.0025,0.0016
16,FakeSherbrooke,10,9,900,0.0867,0.9888,0.0042,0.0013
16,FakeSherbrooke,10,10,1000,0.086,0.989,0.0007,0.0001
16,FakeSherbrooke,11,1,100,0.04,0.9975,1.0,1.0
16,FakeSherbrooke,11,2,200,0.055,0.9944,0.015,0.0031
16,FakeSherbrooke,11,3,300,0.06,0.9935,0.005,0.0009
16,FakeSherbrooke,11,4,400,0.055,0.9953,0.005,0.0018
16,FakeSherbrooke,11,5,500,0.064,0.9949,0.009,0.0004
16,FakeSherbrooke,11,6,600,0.06,0.9941,0.004,0.0008
16,FakeSherbrooke,11,7,700,0.0586,0.9957,0.0014,0.0017
16,FakeSherbrooke,11,8,800,0.0588,0.9943,0.0002,0.0015
16,FakeSherbrooke,11,9,900,0.0644,0.9936,0.0057,0.0007
16,FakeSherbrooke,11,10,1000,0.054,0.9953,0.0104,0.0017
16,FakeSherbrooke,12,1,100,0.08,0.9914,1.0,1.0
16,FakeSherbrooke,12,2,200,0.07,0.9923,0.01,0.001
16,FakeSherbrooke,12,3,300,0.0567,0.9952,0.0133,0.0029
16,FakeSherbrooke,12,4,400,0.0525,0.9957,0.0042,0.0005
16,FakeSherbrooke,12,5,500,0.064,0.995,0.0115,0.0007
16,FakeSherbrooke,12,6,600,0.0733,0.9939,0.0093,0.0012
16,FakeSherbrooke,12,7,700,0.0743,0.9935,0.001,0.0003
16,FakeSherbrooke,12,8,800,0.0713,0.9937,0.003,0.0002
16,FakeSherbrooke,12,9,900,0.0667,0.9947,0.0046,0.001
16,FakeSherbrooke,12,10,1000,0.062,0.9949,0.0047,0.0002
16,FakeSherbrooke,13,1,100,0.14,0.9675,1.0,1.0
16,FakeSherbrooke,13,2,200,0.095,0.9851,0.045,0.0176
16,FakeSherbrooke,13,3,300,0.07,0.9919,0.025,0.0068
16,FakeSherbrooke,13,4,400,0.06,0.9943,0.01,0.0024
16,FakeSherbrooke,13,5,500,0.078,0.9922,0.018,0.0021
16,FakeSherbrooke,13,6,600,0.075,0.9935,0.003,0.0013
16,FakeSherbrooke,13,7,700,0.0729,0.9943,0.0021,0.0008
16,FakeSherbrooke,13,8,800,0.0663,0.9953,0.0066,0.001
16,FakeSherbrooke,13,9,900,0.0567,0.9954,0.0096,0.0002
16,FakeSherbrooke,13,10,1000,0.058,0.9957,0.0013,0.0003
16,FakeSherbrooke,14,1,100,0.09,0.9889,1.0,1.0
16,FakeSherbrooke,14,2,200,0.115,0.9779,0.025,0.011
16,FakeSherbrooke,14,3,300,0.1233,0.9786,0.0083,0.0007
16,FakeSherbrooke,14,4,400,0.12,0.9826,0.0033,0.0039
16,FakeSherbrooke,14,5,500,0.098,0.988,0.022,0.0055
16,FakeSherbrooke,14,6,600,0.0917,0.9871,0.0063,0.0009
16,FakeSherbrooke,14,7,700,0.0843,0.9892,0.0074,0.0021
16,FakeSherbrooke,14,8,800,0.0762,0.9899,0.008,0.0006
16,FakeSherbrooke,14,9,900,0.0789,0.9887,0.0026,0.0012
16,FakeSherbrooke,14,10,1000,0.082,0.9884,0.0031,0.0003
16,FakeSherbrooke,15,1,100,0.04,0.9976,1.0,1.0
16,FakeSherbrooke,15,2,200,0.105,0.9873,0.065,0.0104
16,FakeSherbrooke,15,3,300,0.0633,0.9953,0.0417,0.008
16,FakeSherbrooke,15,4,400,0.045,0.9974,0.0183,0.0021
16,FakeSherbrooke,15,5,500,0.038,0.9982,0.007,0.0008
16,FakeSherbrooke,15,6,600,0.0467,0.9972,0.0087,0.001
16,FakeSherbrooke,15,7,700,0.0486,0.9966,0.0019,0.0007
16,FakeSherbrooke,15,8,800,0.0525,0.9959,0.0039,0.0006
16,FakeSherbrooke,15,9,900,0.0567,0.9951,0.0042,0.0008
16,FakeSherbrooke,15,10,1000,0.058,0.996,0.0013,0.0009
16,FakeSherbrooke,16,1,100,0.04,0.9975,1.0,1.0
16,FakeSherbrooke,16,2,200,0.035,0.9983,0.005,0.0008
16,FakeSherbrooke,16,3,300,0.04,0.9977,0.005,0.0006
16,FakeSherbrooke,16,4,400,0.035,0.9983,0.005,0.0006
16,FakeSherbrooke,16,5,500,0.022,0.9993,0.013,0.001
16,FakeSherbrooke,16,6,600,0.0333,0.9988,0.0113,0.0005
16,FakeSherbrooke,16,7,700,0.0343,0.9985,0.001,0.0003
16,FakeSherbrooke,16,8,800,0.0325,0.9984,0.0018,0.0001
16,FakeSherbrooke,16,9,900,0.0333,0.9984,0.0008,0.0001
16,FakeSherbrooke,16,10,1000,0.04,0.9978,0.0067,0.0007
16,FakeSherbrooke,17,1,100,0.15,0.9759,1.0,1.0
16,FakeSherbrooke,17,2,200,0.125,0.9804,0.025,0.0045
16,FakeSherbrooke,17,3,300,0.1067,0.9841,0.0183,0.0037
16,FakeSherbrooke,17,4,400,0.1175,0.982,0.0108,0.0021
16,FakeSherbrooke,17,5,500,0.116,0.9845,0.0015,0.0025
16,FakeSherbrooke,17,6,600,0.105,0.9876,0.011,0.0031
16,FakeSherbrooke,17,7,700,0.0957,0.9899,0.0093,0.0023
16,FakeSherbrooke,17,8,800,0.0938,0.9906,0.002,0.0007
16,FakeSherbrooke,17,9,900,0.0856,0.992,0.0082,0.0014
16,FakeSherbrooke,17,10,1000,0.076,0.9933,0.0096,0.0013
16,FakeSherbrooke,18,1,100,0.1,0.9853,1.0,1.0
16,FakeSherbrooke,18,2,200,0.05,0.9969,0.05,0.0116
16,FakeSherbrooke,18,3,300,0.05,0.9967,0.0,0.0002
16,FakeSherbrooke,18,4,400,0.05,0.9969,0.0,0.0002
16,FakeSherbrooke,18,5,500,0.046,0.9971,0.004,0.0002
16,FakeSherbrooke,18,6,600,0.0517,0.9965,0.0057,0.0006
16,FakeSherbrooke,18,7,700,0.0443,0.9974,0.0074,0.0009
16,FakeSherbrooke,18,8,800,0.0437,0.9973,0.0005,0.0001
16,FakeSherbrooke,18,9,900,0.0444,0.9971,0.0007,0.0002
16,FakeSherbrooke,18,10,1000,0.047,0.9967,0.0026,0.0004
16,FakeSherbrooke,19,1,100,0.09,0.9889,1.0,1.0
16,FakeSherbrooke,19,2,200,0.075,0.993,0.015,0.0041
16,FakeSherbrooke,19,3,300,0.0567,0.9962,0.0183,0.0032
16,FakeSherbrooke,19,4,400,0.0475,0.997,0.0092,0.0008
16,FakeSherbrooke,19,5,500,0.058,0.9964,0.0105,0.0006
16,FakeSherbrooke,19,6,600,0.0633,0.9956,0.0053,0.0008
16,FakeSherbrooke,19,7,700,0.0743,0.9941,0.011,0.0014
16,FakeSherbrooke,19,8,800,0.0688,0.9948,0.0055,0.0007
16,FakeSherbrooke,19,9,900,0.0678,0.9945,0.001,0.0002
16,FakeSherbrooke,19,10,1000,0.07,0.9943,0.0022,0.0002
17,FakeSherbrooke,0,1,102,0.0686,0.9934,1.0,1.0
17,FakeSherbrooke,0,2,204,0.0637,0.9725,0.0049,0.0209
17,FakeSherbrooke,0,3,306,0.0556,0.9718,0.0082,0.0008
17,FakeSherbrooke,0,4,408,0.0515,0.9691,0.0041,0.0027
17,FakeSherbrooke,0,5,510,0.0549,0.967,0.0034,0.002
17,FakeSherbrooke,0,6,612,0.0441,0.9711,0.0108,0.004
17,FakeSherbrooke,0,7,714,0.0462,0.9735,0.0021,0.0025
17,FakeSherbrooke,0,8,816,0.0539,0.9725,0.0077,0.001
17,FakeSherbrooke,0,9,918,0.0512,0.9712,0.0027,0.0013
17,FakeSherbrooke,0,10,1024,0.0459,0.9725,0.0053,0.0012
17,FakeSherbrooke,1,1,102,0.1176,0.9646,1.0,1.0
17,FakeSherbrooke,1,2,204,0.1324,0.9545,0.0147,0.0101
17,FakeSherbrooke,1,3,306,0.1373,0.9531,0.0049,0.0014
17,FakeSherbrooke,1,4,408,0.1201,0.9548,0.0172,0.0017
17,FakeSherbrooke,1,5,510,0.149,0.9448,0.0289,0.0099
17,FakeSherbrooke,1,6,612,0.1422,0.9492,0.0069,0.0044
17,FakeSherbrooke,1,7,714,0.1387,0.9493,0.0035,0.0001
17,FakeSherbrooke,1,8,816,0.136,0.9526,0.0026,0.0032
17,FakeSherbrooke,1,9,918,0.134,0.9544,0.002,0.0019
17,FakeSherbrooke,1,10,1024,0.1322,0.9542,0.0018,0.0003
17,FakeSherbrooke,2,1,102,0.2549,0.9147,1.0,1.0
17,FakeSherbrooke,2,2,204,0.2304,0.9161,0.0245,0.0014
17,FakeSherbrooke,2,3,306,0.2288,0.9263,0.0016,0.0101
17,FakeSherbrooke,2,4,408,0.2402,0.9168,0.0114,0.0095
17,FakeSherbrooke,2,5,510,0.2039,0.9308,0.0363,0.0141
17,FakeSherbrooke,2,6,612,0.1944,0.9369,0.0095,0.0061
17,FakeSherbrooke,2,7,714,0.2059,0.9313,0.0114,0.0056
17,FakeSherbrooke,2,8,816,0.2096,0.929,0.0037,0.0023
17,FakeSherbrooke,2,9,918,0.195,0.9363,0.0146,0.0073
17,FakeSherbrooke,2,10,1024,0.193,0.9363,0.002,0.0
17,FakeSherbrooke,3,1,102,0.1176,0.9568,1.0,1.0
17,FakeSherbrooke,3,2,204,0.0931,0.972,0.0245,0.0152
17,FakeSherbrooke,3,3,306,0.085,0.9803,0.0082,0.0083
17,FakeSherbrooke,3,4,408,0.0613,0.9824,0.0237,0.0021
17,FakeSherbrooke,3,5,510,0.051,0.9841,0.0103,0.0017
17,FakeSherbrooke,3,6,612,0.0637,0.9819,0.0127,0.0022
17,FakeSherbrooke,3,7,714,0.0574,0.9818,0.0063,0.0001
17,FakeSherbrooke,3,8,816,0.0576,0.9825,0.0002,0.0008
17,FakeSherbrooke,3,9,918,0.0534,0.9816,0.0042,0.001
17,FakeSherbrooke,3,10,1024,0.0577,0.98,0.0043,0.0016
17,FakeSherbrooke,4,1,102,0.0784,0.938,1.0,1.0
17,FakeSherbrooke,4,2,204,0.0882,0.9549,0.0098,0.0169
17,FakeSherbrooke,4,3,306,0.0784,0.9505,0.0098,0.0043
17,FakeSherbrooke,4,4,408,0.0686,0.9606,0.0098,0.0101
17,FakeSherbrooke,4,5,510,0.0863,0.9567,0.0176,0.0039
17,FakeSherbrooke,4,6,612,0.0703,0.9592,0.016,0.0025
17,FakeSherbrooke,4,7,714,0.0728,0.9628,0.0026,0.0036
17,FakeSherbrooke,4,8,816,0.0723,0.9632,0.0005,0.0005
17,FakeSherbrooke,4,9,918,0.0632,0.9665,0.0091,0.0033
17,FakeSherbrooke,4,10,1024,0.0597,0.9651,0.0034,0.0014
17,FakeSherbrooke,5,1,102,0.049,0.9784,1.0,1.0
17,FakeSherbrooke,5,2,204,0.0539,0.9828,0.0049,0.0045
17,FakeSherbrooke,5,3,306,0.0392,0.9821,0.0147,0.0008
17,FakeSherbrooke,5,4,408,0.049,0.9788,0.0098,0.0032
17,FakeSherbrooke,5,5,510,0.0412,0.9812,0.0078,0.0024
17,FakeSherbrooke,5,6,612,0.0359,0.9794,0.0052,0.0019
17,FakeSherbrooke,5,7,714,0.0294,0.9812,0.0065,0.0018
17,FakeSherbrooke,5,8,816,0.0368,0.9807,0.0074,0.0005
17,FakeSherbrooke,5,9,918,0.0359,0.9817,0.0008,0.001
17,FakeSherbrooke,5,10,1024,0.0451,0.9782,0.0091,0.0035
17,FakeSherbrooke,6,1,102,0.1569,0.9564,1.0,1.0
17,FakeSherbrooke,6,2,204,0.1373,0.9405,0.0196,0.0159
17,FakeSherbrooke,6,3,306,0.1438,0.9468,0.0065,0.0063
17,FakeSherbrooke,6,4,408,0.1495,0.9494,0.0057,0.0025
17,FakeSherbrooke,6,5,510,0.1412,0.9502,0.0083,0.0008
17,FakeSherbrooke,6,6,612,0.1356,0.9509,0.0056,0.0007
17,FakeSherbrooke,6,7,714,0.1317,0.9533,0.004,0.0024
17,FakeSherbrooke,6,8,816,0.1311,0.9488,0.0005,0.0044
17,FakeSherbrooke,6,9,918,0.134,0.9508,0.0029,0.0019
17,FakeSherbrooke,6,10,1024,0.1401,0.9518,0.0062,0.001
17,FakeSherbrooke,7,1,102,0.0588,0.9864,1.0,1.0
17,FakeSherbrooke,7,2,204,0.0539,0.9689,0.0049,0.0175
17,FakeSherbrooke,7,3,306,0.085,0.9735,0.031,0.0046
17,FakeSherbrooke,7,4,408,0.0784,0.9763,0.0065,0.0028
17,FakeSherbrooke,7,5,510,0.0804,0.9778,0.002,0.0014
17,FakeSherbrooke,7,6,612,0.0915,0.9678,0.0111,0.0099
17,FakeSherbrooke,7,7,714,0.0798,0.9717,0.0117,0.0039
17,FakeSherbrooke,7,8,816,0.0723,0.9742,0.0075,0.0024
17,FakeSherbrooke,7,9,918,0.0643,0.9754,0.008,0.0012
17,FakeSherbrooke,7,10,1024,0.0695,0.9758,0.0053,0.0003
17,FakeSherbrooke,8,1,102,0.0686,0.9854,1.0,1.0
17,FakeSherbrooke,8,2,204,0.0588,0.9819,0.0098,0.0034
17,FakeSherbrooke,8,3,306,0.049,0.9715,0.0098,0.0105
17,FakeSherbrooke,8,4,408,0.0539,0.977,0.0049,0.0056
17,FakeSherbrooke,8,5,510,0.0686,0.9672,0.0147,0.0098
17,FakeSherbrooke,8,6,612,0.0719,0.9632,0.0033,0.0041
17,FakeSherbrooke,8,7,714,0.0574,0.9676,0.0145,0.0044
17,FakeSherbrooke,8,8,816,0.06,0.9681,0.0026,0.0005
17,FakeSherbrooke,8,9,918,0.0512,0.9707,0.0089,0.0025
17,FakeSherbrooke,8,10,1024,0.044,0.9707,0.0072,0.0001
17,FakeSherbrooke,9,1,102,0.1569,0.9536,1.0,1.0
17,FakeSherbrooke,9,2,204,0.1422,0.9534,0.0147,0.0002
17,FakeSherbrooke,9,3,306,0.1275,0.9595,0.0147,0.006
17,FakeSherbrooke,9,4,408,0.0956,0.9723,0.0319,0.0129
17,FakeSherbrooke,9,5,510,0.0902,0.9704,0.0054,0.0019
17,FakeSherbrooke,9,6,612,0.0866,0.9654,0.0036,0.005
17,FakeSherbrooke,9,7,714,0.0812,0.9683,0.0054,0.0029
17,FakeSherbrooke,9,8,816,0.076,0.9663,0.0053,0.002
17,FakeSherbrooke,9,9,918,0.0741,0.97,0.0019,0.0037
17,FakeSherbrooke,9,10,1024,0.0716,0.9684,0.0025,0.0015
17,FakeSherbrooke,10,1,102,0.1078,0.9511,1.0,1.0
17,FakeSherbrooke,10,2,204,0.0784,0.9659,0.0294,0.0148
17,FakeSherbrooke,10,3,306,0.085,0.9618,0.0065,0.0041
17,FakeSherbrooke,10,4,408,0.0784,0.9677,0.0065,0.0059
17,FakeSherbrooke,10,5,510,0.0902,0.9617,0.0118,0.006
17,FakeSherbrooke,10,6,612,0.0964,0.9535,0.0062,0.0082
17,FakeSherbrooke,10,7,714,0.1036,0.9516,0.0072,0.0019
17,FakeSherbrooke,10,8,816,0.098,0.9532,0.0056,0.0016
17,FakeSherbrooke,10,9,918,0.1035,0.9538,0.0054,0.0006
17,FakeSherbrooke,10,10,1024,0.1019,0.9547,0.0016,0.0009
17,FakeSherbrooke,11,1,102,0.0882,0.9811,1.0,1.0
17,FakeSherbrooke,11,2,204,0.1029,0.9843,0.0147,0.0032
17,FakeSherbrooke,11,3,306,0.1046,0.9764,0.0016,0.0078
17,FakeSherbrooke,11,4,408,0.1029,0.9773,0.0016,0.0008
17,FakeSherbrooke,11,5,510,0.0863,0.978,0.0167,0.0007
17,FakeSherbrooke,11,6,612,0.0784,0.9785,0.0078,0.0005
17,FakeSherbrooke,11,7,714,0.0924,0.9774,0.014,0.0011
17,FakeSherbrooke,11,8,816,0.076,0.9782,0.0165,0.0008
17,FakeSherbrooke,11,9,918,0.0773,0.9777,0.0014,0.0005
17,FakeSherbrooke,11,10,1024,0.0832,0.9767,0.0059,0.001
17,FakeSherbrooke,12,1,102,0.1275,0.9742,1.0,1.0
17,FakeSherbrooke,12,2,204,0.0833,0.9827,0.0441,0.0086
17,FakeSherbrooke,12,3,306,0.0817,0.9755,0.0016,0.0072
17,FakeSherbrooke,12,4,408,0.0662,0.978,0.0155,0.0025
17,FakeSherbrooke,12,5,510,0.0843,0.9734,0.0181,0.0046
17,FakeSherbrooke,12,6,612,0.0833,0.9706,0.001,0.0028
17,FakeSherbrooke,12,7,714,0.0854,0.9706,0.0021,0.0
17,FakeSherbrooke,12,8,816,0.0809,0.9698,0.0046,0.0008
17,FakeSherbrooke,12,9,918,0.0839,0.971,0.003,0.0012
17,FakeSherbrooke,12,10,1024,0.0794,0.9704,0.0045,0.0007
17,FakeSherbrooke,13,1,102,0.0784,0.9721,1.0,1.0
17,FakeSherbrooke,13,2,204,0.0343,0.9788,0.0441,0.0067
17,FakeSherbrooke,13,3,306,0.0294,0.9798,0.0049,0.001
17,FakeSherbrooke,13,4,408,0.0343,0.9821,0.0049,0.0023
17,FakeSherbrooke,13,5,510,0.0529,0.9838,0.0186,0.0017
17,FakeSherbrooke,13,6,612,0.049,0.9803,0.0039,0.0035
17,FakeSherbrooke,13,7,714,0.0504,0.9786,0.0014,0.0017
17,FakeSherbrooke,13,8,816,0.0429,0.9803,0.0075,0.0017
17,FakeSherbrooke,13,9,918,0.0436,0.981,0.0007,0.0007
17,FakeSherbrooke,13,10,1024,0.046,0.9808,0.0024,0.0002
17,FakeSherbrooke,14,1,102,0.1373,0.9382,1.0,1.0
17,FakeSherbrooke,14,2,204,0.1471,0.9307,0.0098,0.0074
17,FakeSherbrooke,14,3,306,0.1601,0.9241,0.0131,0.0066
17,FakeSherbrooke,14,4,408,0.1593,0.9347,0.0008,0.0106
17,FakeSherbrooke,14,5,510,0.1392,0.945,0.0201,0.0102
17,FakeSherbrooke,14,6,612,0.1275,0.9476,0.0118,0.0026
17,FakeSherbrooke,14,7,714,0.1232,0.9485,0.0042,0.0009
17,FakeSherbrooke,14,8,816,0.114,0.9548,0.0093,0.0063
17,FakeSherbrooke,14,9,918,0.1166,0.9547,0.0026,0.0001
17,FakeSherbrooke,14,10,1024,0.1195,0.9547,0.0029,0.0
17,FakeSherbrooke,15,1,102,0.0882,0.9177,1.0,1.0
17,FakeSherbrooke,15,2,204,0.0784,0.9527,0.0098,0.0351
17,FakeSherbrooke,15,3,306,0.0588,0.9657,0.0196,0.013
17,FakeSherbrooke,15,4,408,0.0392,0.9698,0.0196,0.004
17,FakeSherbrooke,15,5,510,0.0333,0.9721,0.0059,0.0023
17,FakeSherbrooke,15,6,612,0.0376,0.9732,0.0042,0.0011
17,FakeSherbrooke,15,7,714,0.042,0.9673,0.0044,0.0059
17,FakeSherbrooke,15,8,816,0.0429,0.9688,0.0009,0.0015
17,FakeSherbrooke,15,9,918,0.049,0.9705,0.0061,0.0018
17,FakeSherbrooke,15,10,1024,0.045,0.9699,0.004,0.0007
17,FakeSherbrooke,16,1,102,0.0294,0.9894,1.0,1.0
17,FakeSherbrooke,16,2,204,0.0392,0.9883,0.0098,0.0011
17,FakeSherbrooke,16,3,306,0.0817,0.9772,0.0425,0.0112
17,FakeSherbrooke,16,4,408,0.0588,0.9767,0.0229,0.0005
17,FakeSherbrooke,16,5,510,0.0608,0.9763,0.002,0.0004
17,FakeSherbrooke,16,6,612,0.0588,0.9765,0.002,0.0002
17,FakeSherbrooke,16,7,714,0.0644,0.9726,0.0056,0.0039
17,FakeSherbrooke,16,8,816,0.06,0.9752,0.0044,0.0026
17,FakeSherbrooke,16,9,918,0.0664,0.9741,0.0064,0.0011
17,FakeSherbrooke,16,10,1024,0.0725,0.9739,0.006,0.0001
17,FakeSherbrooke,17,1,102,0.1078,0.9647,1.0,1.0
17,FakeSherbrooke,17,2,204,0.1225,0.9678,0.0147,0.0031
17,FakeSherbrooke,17,3,306,0.0882,0.973,0.0343,0.0052
17,FakeSherbrooke,17,4,408,0.0907,0.9717,0.0025,0.0013
17,FakeSherbrooke,17,5,510,0.0961,0.9682,0.0054,0.0035
17,FakeSherbrooke,17,6,612,0.0833,0.9685,0.0127,0.0003
17,FakeSherbrooke,17,7,714,0.0826,0.9697,0.0007,0.0012
17,FakeSherbrooke,17,8,816,0.0821,0.9683,0.0005,0.0014
17,FakeSherbrooke,17,9,918,0.0763,0.9698,0.0059,0.0016
17,FakeSherbrooke,17,10,1024,0.0764,0.9708,0.0002,0.001
17,FakeSherbrooke,18,1,102,0.1765,0.9317,1.0,1.0
17,FakeSherbrooke,18,2,204,0.152,0.95,0.0245,0.0183
17,FakeSherbrooke,18,3,306,0.1503,0.9468,0.0016,0.0032
17,FakeSherbrooke,18,4,408,0.1201,0.9594,0.0302,0.0127
17,FakeSherbrooke,18,5,510,0.1275,0.9611,0.0074,0.0016
17,FakeSherbrooke,18,6,612,0.1242,0.9614,0.0033,0.0004
17,FakeSherbrooke,18,7,714,0.1176,0.9638,0.0065,0.0024
17,FakeSherbrooke,18,8,816,0.1103,0.9671,0.0074,0.0032
17,FakeSherbrooke,18,9,918,0.11,0.9665,0.0003,0.0006
17,FakeSherbrooke,18,10,1024,0.1098,0.9687,0.0002,0.0022
17,FakeSherbrooke,19,1,102,0.1373,0.9698,1.0,1.0
17,FakeSherbrooke,19,2,204,0.098,0.9581,0.0392,0.0116
17,FakeSherbrooke,19,3,306,0.0686,0.9632,0.0294,0.0051
17,FakeSherbrooke,19,4,408,0.0613,0.9661,0.0074,0.0029
17,FakeSherbrooke,19,5,510,0.0667,0.9639,0.0054,0.0022
17,FakeSherbrooke,19,6,612,0.0703,0.9672,0.0036,0.0033
17,FakeSherbrooke,19,7,714,0.0798,0.9681,0.0096,0.0009
17,FakeSherbrooke,19,8,816,0.0784,0.966,0.0014,0.002
17,FakeSherbrooke,19,9,918,0.0708,0.9692,0.0076,0.0031
17,FakeSherbrooke,19,10,1024,0.0714,0.9706,0.0006,0.0014
18,FakeSherbrooke,0,1,102,0.1373,0.9028,1.0,1.0
18,FakeSherbrooke,0,2,204,0.1618,0.8755,0.0245,0.0273
18,FakeSherbrooke,0,3,306,0.134,0.8975,0.0278,0.022
18,FakeSherbrooke,0,4,408,0.0931,0.9164,0.0408,0.0189
18,FakeSherbrooke,0,5,510,0.0784,0.9238,0.0147,0.0075
18,FakeSherbrooke,0,6,612,0.0833,0.9274,0.0049,0.0036
18,FakeSherbrooke,0,7,714,0.077,0.9296,0.0063,0.0021
18,FakeSherbrooke,0,8,816,0.0686,0.9314,0.0084,0.0018
18,FakeSherbrooke,0,9,918,0.0675,0.9324,0.0011,0.001
18,FakeSherbrooke,0,10,1024,0.0654,0.9339,0.0021,0.0015
18,FakeSherbrooke,1,1,102,0.049,0.951,1.0,1.0
18,FakeSherbrooke,1,2,204,0.0686,0.9313,0.0196,0.0197
18,FakeSherbrooke,1,3,306,0.0719,0.9274,0.0033,0.0039
18,FakeSherbrooke,1,4,408,0.0711,0.9286,0.0008,0.0012
18,FakeSherbrooke,1,5,510,0.0686,0.9306,0.0025,0.0021
18,FakeSherbrooke,1,6,612,0.0703,0.9289,0.0016,0.0018
18,FakeSherbrooke,1,7,714,0.0686,0.9306,0.0016,0.0017
18,FakeSherbrooke,1,8,816,0.0662,0.933,0.0025,0.0025
18,FakeSherbrooke,1,9,918,0.0621,0.9377,0.0041,0.0047
18,FakeSherbrooke,1,10,1024,0.0654,0.9344,0.0033,0.0033
18,FakeSherbrooke,2,1,102,0.098,0.9181,1.0,1.0
18,FakeSherbrooke,2,2,204,0.1471,0.9094,0.049,0.0087
18,FakeSherbrooke,2,3,306,0.1078,0.9168,0.0392,0.0074
18,FakeSherbrooke,2,4,408,0.1029,0.9266,0.0049,0.0098
18,FakeSherbrooke,2,5,510,0.1,0.9234,0.0029,0.0032
18,FakeSherbrooke,2,6,612,0.0882,0.9238,0.0118,0.0005
18,FakeSherbrooke,2,7,714,0.0826,0.9264,0.0056,0.0026
18,FakeSherbrooke,2,8,816,0.0748,0.9286,0.0079,0.0022
18,FakeSherbrooke,2,9,918,0.073,0.9289,0.0018,0.0003
18,FakeSherbrooke,2,10,1024,0.0782,0.9297,0.0053,0.0009
18,FakeSherbrooke,3,1,102,0.0294,0.9704,1.0,1.0
18,FakeSherbrooke,3,2,204,0.0588,0.9592,0.0294,0.0112
18,FakeSherbrooke,3,3,306,0.0458,0.9569,0.0131,0.0023
18,FakeSherbrooke,3,4,408,0.0539,0.9459,0.0082,0.011
18,FakeSherbrooke,3,5,510,0.0588,0.9406,0.0049,0.0052
18,FakeSherbrooke,3,6,612,0.0539,0.9457,0.0049,0.0051
18,FakeSherbrooke,3,7,714,0.0588,0.9405,0.0049,0.0053
18,FakeSherbrooke,3,8,816,0.0576,0.9418,0.0012,0.0014
18,FakeSherbrooke,3,9,918,0.0632,0.9367,0.0056,0.0051
18,FakeSherbrooke,3,10,1024,0.0645,0.9354,0.0013,0.0013
18,FakeSherbrooke,4,1,102,0.0882,0.9471,1.0,1.0
18,FakeSherbrooke,4,2,204,0.0784,0.9483,0.0098,0.0011
18,FakeSherbrooke,4,3,306,0.0719,0.9273,0.0065,0.021
18,FakeSherbrooke,4,4,408,0.0711,0.9326,0.0008,0.0053
18,FakeSherbrooke,4,5,510,0.0725,0.9272,0.0015,0.0054
18,FakeSherbrooke,4,6,612,0.0817,0.9172,0.0092,0.0101
18,FakeSherbrooke,4,7,714,0.0826,0.9163,0.0009,0.0009
18,FakeSherbrooke,4,8,816,0.0797,0.9196,0.003,0.0033
18,FakeSherbrooke,4,9,918,0.0806,0.9201,0.001,0.0005
18,FakeSherbrooke,4,10,1024,0.0843,0.9229,0.0036,0.0028
18,FakeSherbrooke,5,1,102,0.0784,0.9209,1.0,1.0
18,FakeSherbrooke,5,2,204,0.0686,0.9309,0.0098,0.01
18,FakeSherbrooke,5,3,306,0.0915,0.9222,0.0229,0.0087
18,FakeSherbrooke,5,4,408,0.0858,0.9136,0.0057,0.0086
18,FakeSherbrooke,5,5,510,0.0902,0.9093,0.0044,0.0044
18,FakeSherbrooke,5,6,612,0.0997,0.8997,0.0095,0.0095
18,FakeSherbrooke,5,7,714,0.091,0.9086,0.0086,0.0088
18,FakeSherbrooke,5,8,816,0.0944,0.9047,0.0033,0.0039
18,FakeSherbrooke,5,9,918,0.0915,0.9067,0.0029,0.002
18,FakeSherbrooke,5,10,1024,0.0989,0.9094,0.0074,0.0027
18,FakeSherbrooke,6,1,102,0.1078,0.9262,1.0,1.0
18,FakeSherbrooke,6,2,204,0.1275,0.9184,0.0196,0.0078
18,FakeSherbrooke,6,3,306,0.1078,0.9322,0.0196,0.0138
18,FakeSherbrooke,6,4,408,0.098,0.9367,0.0098,0.0045
18,FakeSherbrooke,6,5,510,0.1078,0.9352,0.0098,0.0015
18,FakeSherbrooke,6,6,612,0.1144,0.9326,0.0065,0.0026
18,FakeSherbrooke,6,7,714,0.1148,0.9315,0.0005,0.0011
18,FakeSherbrooke,6,8,816,0.1164,0.9338,0.0016,0.0023
18,FakeSherbrooke,6,9,918,0.1133,0.9333,0.0031,0.0004
18,FakeSherbrooke,6,10,1024,0.1067,0.932,0.0066,0.0013
18,FakeSherbrooke,7,1,102,0.0686,0.9307,1.0,1.0
18,FakeSherbrooke,7,2,204,0.0637,0.9354,0.0049,0.0048
18,FakeSherbrooke,7,3,306,0.0686,0.9305,0.0049,0.005
18,FakeSherbrooke,7,4,408,0.0637,0.9361,0.0049,0.0057
18,FakeSherbrooke,7,5,510,0.0647,0.9352,0.001,0.001
18,FakeSherbrooke,7,6,612,0.0703,0.9292,0.0056,0.006
18,FakeSherbrooke,7,7,714,0.0714,0.9282,0.0012,0.001
18,FakeSherbrooke,7,8,816,0.065,0.935,0.0065,0.0068
18,FakeSherbrooke,7,9,918,0.0632,0.9368,0.0018,0.0018
18,FakeSherbrooke,7,10,1024,0.0654,0.9346,0.0022,0.0023
18,FakeSherbrooke,8,1,102,0.098,0.9636,1.0,1.0
18,FakeSherbrooke,8,2,204,0.0735,0.9625,0.0245,0.0011
18,FakeSherbrooke,8,3,306,0.0654,0.94,0.0082,0.0226
18,FakeSherbrooke,8,4,408,0.0637,0.9361,0.0016,0.0039
18,FakeSherbrooke,8,5,510,0.0667,0.9333,0.0029,0.0028
18,FakeSherbrooke,8,6,612,0.067,0.933,0.0003,0.0003
18,FakeSherbrooke,8,7,714,0.0644,0.9354,0.0026,0.0024
18,FakeSherbrooke,8,8,816,0.0613,0.9386,0.0032,0.0032
18,FakeSherbrooke,8,9,918,0.0588,0.9408,0.0025,0.0022
18,FakeSherbrooke,8,10,1024,0.0578,0.9454,0.0011,0.0046
18,FakeSherbrooke,9,1,102,0.0784,0.9212,1.0,1.0
18,FakeSherbrooke,9,2,204,0.0539,0.9548,0.0245,0.0336
18,FakeSherbrooke,9,3,306,0.0556,0.9442,0.0016,0.0106
18,FakeSherbrooke,9,4,408,0.0711,0.9289,0.0155,0.0153
18,FakeSherbrooke,9,5,510,0.0765,0.9234,0.0054,0.0054
18,FakeSherbrooke,9,6,612,0.0801,0.9199,0.0036,0.0035
18,FakeSherbrooke,9,7,714,0.0728,0.927,0.0072,0.0071
18,FakeSherbrooke,9,8,816,0.0686,0.9313,0.0042,0.0043
18,FakeSherbrooke,9,9,918,0.0686,0.9312,0.0,0.0
18,FakeSherbrooke,9,10,1024,0.0723,0.9274,0.0036,0.0038
18,FakeSherbrooke,10,1,102,0.049,0.9508,1.0,1.0
18,FakeSherbrooke,10,2,204,0.098,0.9182,0.049,0.0326
18,FakeSherbrooke,10,3,306,0.0817,0.9354,0.0163,0.0172
18,FakeSherbrooke,10,4,408,0.076,0.9461,0.0057,0.0106
18,FakeSherbrooke,10,5,510,0.0765,0.9409,0.0005,0.0052
18,FakeSherbrooke,10,6,612,0.0768,0.939,0.0003,0.0019
18,FakeSherbrooke,10,7,714,0.0742,0.9393,0.0026,0.0002
18,FakeSherbrooke,10,8,816,0.0821,0.9408,0.0079,0.0015
18,FakeSherbrooke,10,9,918,0.0828,0.9384,0.0007,0.0024
18,FakeSherbrooke,10,10,1024,0.0802,0.9389,0.0026,0.0005
18,FakeSherbrooke,11,1,102,0.0784,0.9389,1.0,1.0
18,FakeSherbrooke,11,2,204,0.1029,0.9221,0.0245,0.0167
18,FakeSherbrooke,11,3,306,0.1013,0.9239,0.0016,0.0017
18,FakeSherbrooke,11,4,408,0.1029,0.9267,0.0016,0.0028
18,FakeSherbrooke,11,5,510,0.0863,0.9195,0.0167,0.0072
18,FakeSherbrooke,11,6,612,0.0768,0.9234,0.0095,0.0039
18,FakeSherbrooke,11,7,714,0.0882,0.9206,0.0114,0.0028
18,FakeSherbrooke,11,8,816,0.076,0.923,0.0123,0.0024
18,FakeSherbrooke,11,9,918,0.0763,0.9255,0.0003,0.0025
18,FakeSherbrooke,11,10,1024,0.0851,0.9236,0.0089,0.002
18,FakeSherbrooke,12,1,102,0.1176,0.9512,1.0,1.0
18,FakeSherbrooke,12,2,204,0.1373,0.9209,0.0196,0.0304
18,FakeSherbrooke,12,3,306,0.1307,0.9251,0.0065,0.0043
18,FakeSherbrooke,12,4,408,0.1299,0.929,0.0008,0.0038
18,FakeSherbrooke,12,5,510,0.1157,0.9267,0.0142,0.0022
18,FakeSherbrooke,12,6,612,0.1209,0.927,0.0052,0.0003
18,FakeSherbrooke,12,7,714,0.1261,0.9269,0.0051,0.0001
18,FakeSherbrooke,12,8,816,0.1213,0.9295,0.0047,0.0026
18,FakeSherbrooke,12,9,918,0.1122,0.9295,0.0091,0.0
18,FakeSherbrooke,12,10,1024,0.1203,0.9279,0.0081,0.0016
18,FakeSherbrooke,13,1,102,0.1078,0.9795,1.0,1.0
18,FakeSherbrooke,13,2,204,0.1078,0.9483,0.0,0.0312
18,FakeSherbrooke,13,3,306,0.098,0.9424,0.0098,0.0059
18,FakeSherbrooke,13,4,408,0.098,0.9363,0.0,0.0061
18,FakeSherbrooke,13,5,510,0.1157,0.9317,0.0176,0.0047
18,FakeSherbrooke,13,6,612,0.1127,0.9325,0.0029,0.0008
18,FakeSherbrooke,13,7,714,0.1064,0.9363,0.0063,0.0039
18,FakeSherbrooke,13,8,816,0.0968,0.9422,0.0096,0.0059
18,FakeSherbrooke,13,9,918,0.0904,0.9435,0.0064,0.0013
18,FakeSherbrooke,13,10,1024,0.0948,0.9406,0.0044,0.0028
18,FakeSherbrooke,14,1,102,0.0686,0.9312,1.0,1.0
18,FakeSherbrooke,14,2,204,0.0882,0.9116,0.0196,0.0196
18,FakeSherbrooke,14,3,306,0.0817,0.9183,0.0065,0.0066
18,FakeSherbrooke,14,4,408,0.0809,0.9191,0.0008,0.0008
18,FakeSherbrooke,14,5,510,0.0804,0.9195,0.0005,0.0004
18,FakeSherbrooke,14,6,612,0.085,0.9144,0.0046,0.0051
18,FakeSherbrooke,14,7,714,0.0826,0.9165,0.0023,0.002
18,FakeSherbrooke,14,8,816,0.0772,0.9227,0.0054,0.0062
18,FakeSherbrooke,14,9,918,0.073,0.9259,0.0042,0.0033
18,FakeSherbrooke,14,10,1024,0.0732,0.9258,0.0003,0.0002
18,FakeSherbrooke,15,1,102,0.098,0.9363,1.0,1.0
18,FakeSherbrooke,15,2,204,0.0784,0.9341,0.0196,0.0023
18,FakeSherbrooke,15,3,306,0.0784,0.9294,0.0,0.0047
18,FakeSherbrooke,15,4,408,0.0735,0.9322,0.0049,0.0028
18,FakeSherbrooke,15,5,510,0.0667,0.9326,0.0069,0.0004
18,FakeSherbrooke,15,6,612,0.0719,0.9272,0.0052,0.0054
18,FakeSherbrooke,15,7,714,0.0714,0.93,0.0005,0.0028
18,FakeSherbrooke,15,8,816,0.0735,0.9287,0.0021,0.0013
18,FakeSherbrooke,15,9,918,0.0784,0.9273,0.0049,0.0013
18,FakeSherbrooke,15,10,1024,0.0674,0.9317,0.011,0.0044
18,FakeSherbrooke,16,1,102,0.1078,0.9258,1.0,1.0
18,FakeSherbrooke,16,2,204,0.098,0.9226,0.0098,0.0032
18,FakeSherbrooke,16,3,306,0.0719,0.9279,0.0261,0.0053
18,FakeSherbrooke,16,4,408,0.0809,0.9245,0.009,0.0034
18,FakeSherbrooke,16,5,510,0.0765,0.9315,0.0044,0.007
18,FakeSherbrooke,16,6,612,0.0833,0.9305,0.0069,0.001
18,FakeSherbrooke,16,7,714,0.0714,0.93,0.0119,0.0005
18,FakeSherbrooke,16,8,816,0.0686,0.9314,0.0028,0.0014
18,FakeSherbrooke,16,9,918,0.0752,0.9239,0.0065,0.0075
18,FakeSherbrooke,16,10,1024,0.0723,0.9271,0.0029,0.0032
18,FakeSherbrooke,17,1,102,0.049,0.9504,1.0,1.0
18,FakeSherbrooke,17,2,204,0.0588,0.9412,0.0098,0.0092
18,FakeSherbrooke,17,3,306,0.0621,0.9379,0.0033,0.0033
18,FakeSherbrooke,17,4,408,0.0613,0.9387,0.0008,0.0008
18,FakeSherbrooke,17,5,510,0.0588,0.9406,0.0025,0.0019
18,FakeSherbrooke,17,6,612,0.0621,0.9375,0.0033,0.0031
18,FakeSherbrooke,17,7,714,0.0616,0.9374,0.0005,0.0001
18,FakeSherbrooke,17,8,816,0.065,0.934,0.0033,0.0034
18,FakeSherbrooke,17,9,918,0.0643,0.9348,0.0007,0.0008
18,FakeSherbrooke,17,10,1024,0.0654,0.9338,0.0012,0.0011
18,FakeSherbrooke,18,1,102,0.1471,0.9096,1.0,1.0
18,FakeSherbrooke,18,2,204,0.1127,0.9207,0.0343,0.0111
18,FakeSherbrooke,18,3,306,0.0719,0.9332,0.0408,0.0125
18,FakeSherbrooke,18,4,408,0.0735,0.9346,0.0016,0.0014
18,FakeSherbrooke,18,5,510,0.0725,0.9319,0.001,0.0027
18,FakeSherbrooke,18,6,612,0.0686,0.931,0.0039,0.0009
18,FakeSherbrooke,18,7,714,0.0658,0.9334,0.0028,0.0024
18,FakeSherbrooke,18,8,816,0.0625,0.9366,0.0033,0.0032
18,FakeSherbrooke,18,9,918,0.0664,0.9326,0.0039,0.004
18,FakeSherbrooke,18,10,1024,0.0645,0.9348,0.002,0.0022
18,FakeSherbrooke,19,1,102,0.1176,0.9331,1.0,1.0
18,FakeSherbrooke,19,2,204,0.0833,0.9475,0.0343,0.0144
18,FakeSherbrooke,19,3,306,0.049,0.9631,0.0343,0.0156
18,FakeSherbrooke,19,4,408,0.0466,0.9625,0.0025,0.0006
18,FakeSherbrooke,19,5,510,0.0549,0.9577,0.0083,0.0048
18,FakeSherbrooke,19,6,612,0.0588,0.953,0.0039,0.0047
18,FakeSherbrooke,19,7,714,0.0672,0.9558,0.0084,0.0029
18,FakeSherbrooke,19,8,816,0.0674,0.9503,0.0002,0.0055
18,FakeSherbrooke,19,9,918,0.0621,0.9517,0.0053,0.0014
18,FakeSherbrooke,19,10,1024,0.0636,0.9478,0.0015,0.0039
19,FakeSherbrooke,0,1,102,0.1471,0.8524,1.0,1.0
19,FakeSherbrooke,0,2,204,0.152,0.8471,0.0049,0.0053
19,FakeSherbrooke,0,3,306,0.1405,0.8593,0.0114,0.0122
19,FakeSherbrooke,0,4,408,0.1324,0.8675,0.0082,0.0082
19,FakeSherbrooke,0,5,510,0.1255,0.8742,0.0069,0.0067
19,FakeSherbrooke,0,6,612,0.1225,0.8772,0.0029,0.003
19,FakeSherbrooke,0,7,714,0.1246,0.8749,0.0021,0.0023
19,FakeSherbrooke,0,8,816,0.1225,0.8764,0.0021,0.0015
19,FakeSherbrooke,0,9,918,0.1231,0.8755,0.0005,0.0009
19,FakeSherbrooke,0,10,1024,0.123,0.875,0.0,0.0005
19,FakeSherbrooke,1,1,102,0.0882,0.9105,1.0,1.0
19,FakeSherbrooke,1,2,204,0.1127,0.8871,0.0245,0.0234
19,FakeSherbrooke,1,3,306,0.1046,0.8954,0.0082,0.0083
19,FakeSherbrooke,1,4,408,0.1078,0.8922,0.0033,0.0033
19,FakeSherbrooke,1,5,510,0.102,0.898,0.0059,0.0059
19,FakeSherbrooke,1,6,612,0.1013,0.8987,0.0007,0.0006
19,FakeSherbrooke,1,7,714,0.098,0.902,0.0033,0.0033
19,FakeSherbrooke,1,8,816,0.0993,0.9007,0.0012,0.0012
19,FakeSherbrooke,1,9,918,0.098,0.9019,0.0012,0.0011
19,FakeSherbrooke,1,10,1024,0.1025,0.8974,0.0045,0.0045
19,FakeSherbrooke,2,1,102,0.1569,0.8427,1.0,1.0
19,FakeSherbrooke,2,2,204,0.1324,0.864,0.0245,0.0213
19,FakeSherbrooke,2,3,306,0.1569,0.8425,0.0245,0.0215
19,FakeSherbrooke,2,4,408,0.1422,0.8571,0.0147,0.0146
19,FakeSherbrooke,2,5,510,0.1373,0.862,0.0049,0.0048
19,FakeSherbrooke,2,6,612,0.1356,0.864,0.0016,0.002
19,FakeSherbrooke,2,7,714,0.1317,0.8682,0.004,0.0042
19,FakeSherbrooke,2,8,816,0.1299,0.8701,0.0018,0.0018
19,FakeSherbrooke,2,9,918,0.1275,0.8725,0.0025,0.0025
19,FakeSherbrooke,2,10,1024,0.1309,0.869,0.0034,0.0035
19,FakeSherbrooke,3,1,102,0.098,0.9017,1.0,1.0
19,FakeSherbrooke,3,2,204,0.0882,0.9118,0.0098,0.0101
19,FakeSherbrooke,3,3,306,0.1078,0.8921,0.0196,0.0197
19,FakeSherbrooke,3,4,408,0.1005,0.899,0.0074,0.0069
19,FakeSherbrooke,3,5,510,0.0922,0.9069,0.0083,0.008
19,FakeSherbrooke,3,6,612,0.0997,0.8986,0.0075,0.0083
19,FakeSherbrooke,3,7,714,0.1008,0.8978,0.0012,0.0008
19,FakeSherbrooke,3,8,816,0.1042,0.894,0.0033,0.0038
19,FakeSherbrooke,3,9,918,0.1111,0.8861,0.0069,0.0079
19,FakeSherbrooke,3,10,1024,0.1113,0.886,0.0002,0.0
19,FakeSherbrooke,4,1,102,0.1373,0.8626,1.0,1.0
19,FakeSherbrooke,4,2,204,0.152,0.8477,0.0147,0.0149
19,FakeSherbrooke,4,3,306,0.1569,0.8423,0.0049,0.0054
19,FakeSherbrooke,4,4,408,0.1495,0.8502,0.0074,0.0079
19,FakeSherbrooke,4,5,510,0.1471,0.851,0.0025,0.0009
19,FakeSherbrooke,4,6,612,0.1487,0.8502,0.0016,0.0008
19,FakeSherbrooke,4,7,714,0.1457,0.8532,0.003,0.003
19,FakeSherbrooke,4,8,816,0.1385,0.8596,0.0072,0.0063
19,FakeSherbrooke,4,9,918,0.1416,0.8571,0.0031,0.0024
19,FakeSherbrooke,4,10,1024,0.1367,0.8624,0.0049,0.0053
19,FakeSherbrooke,5,1,102,0.1275,0.8713,1.0,1.0
19,FakeSherbrooke,5,2,204,0.1422,0.8556,0.0147,0.0157
19,FakeSherbrooke,5,3,306,0.1503,0.863,0.0082,0.0075
19,FakeSherbrooke,5,4,408,0.1544,0.8424,0.0041,0.0206
19,FakeSherbrooke,5,5,510,0.1569,0.839,0.0025,0.0034
19,FakeSherbrooke,5,6,612,0.1585,0.8371,0.0016,0.0019
19,FakeSherbrooke,5,7,714,0.1597,0.8368,0.0012,0.0004
19,FakeSherbrooke,5,8,816,0.1544,0.8416,0.0053,0.0049
19,FakeSherbrooke,5,9,918,0.1558,0.8433,0.0014,0.0017
19,FakeSherbrooke,5,10,1024,0.1664,0.8398,0.0106,0.0035
19,FakeSherbrooke,6,1,102,0.1569,0.843,1.0,1.0
19,FakeSherbrooke,6,2,204,0.1471,0.8524,0.0098,0.0094
19,FakeSherbrooke,6,3,306,0.1471,0.8517,0.0,0.0007
19,FakeSherbrooke,6,4,408,0.1324,0.8654,0.0147,0.0137
19,FakeSherbrooke,6,5,510,0.1333,0.8641,0.001,0.0013
19,FakeSherbrooke,6,6,612,0.1356,0.8623,0.0023,0.0018
19,FakeSherbrooke,6,7,714,0.1359,0.8623,0.0002,0.0001
19,FakeSherbrooke,6,8,816,0.1299,0.8688,0.006,0.0065
19,FakeSherbrooke,6,9,918,0.1264,0.8718,0.0035,0.003
19,FakeSherbrooke,6,10,1024,0.123,0.8742,0.0033,0.0025
19,FakeSherbrooke,7,1,102,0.1176,0.8824,1.0,1.0
19,FakeSherbrooke,7,2,204,0.1176,0.8813,0.0,0.0011
19,FakeSherbrooke,7,3,306,0.1405,0.8577,0.0229,0.0236
19,FakeSherbrooke,7,4,408,0.125,0.8746,0.0155,0.0169
19,FakeSherbrooke,7,5,510,0.1353,0.8642,0.0103,0.0103
19,FakeSherbrooke,7,6,612,0.1373,0.8621,0.002,0.0022
19,FakeSherbrooke,7,7,714,0.1317,0.8678,0.0056,0.0057
19,FakeSherbrooke,7,8,816,0.1238,0.8759,0.0079,0.0081
19,FakeSherbrooke,7,9,918,0.1198,0.88,0.0039,0.0041
19,FakeSherbrooke,7,10,1024,0.126,0.8739,0.0062,0.0061
19,FakeSherbrooke,8,1,102,0.0784,0.9213,1.0,1.0
19,FakeSherbrooke,8,2,204,0.1127,0.8871,0.0343,0.0342
19,FakeSherbrooke,8,3,306,0.1176,0.8806,0.0049,0.0065
19,FakeSherbrooke,8,4,408,0.1275,0.878,0.0098,0.0026
19,FakeSherbrooke,8,5,510,0.1412,0.8777,0.0137,0.0003
19,FakeSherbrooke,8,6,612,0.1389,0.8778,0.0023,0.0001
19,FakeSherbrooke,8,7,714,0.1303,0.8802,0.0086,0.0024
19,FakeSherbrooke,8,8,816,0.1348,0.8736,0.0046,0.0067
19,FakeSherbrooke,8,9,918,0.1285,0.8728,0.0063,0.0007
19,FakeSherbrooke,8,10,1024,0.1282,0.8738,0.0004,0.001
19,FakeSherbrooke,9,1,102,0.1275,0.8725,1.0,1.0
19,FakeSherbrooke,9,2,204,0.1127,0.886,0.0147,0.0135
19,FakeSherbrooke,9,3,306,0.1144,0.8853,0.0016,0.0007
19,FakeSherbrooke,9,4,408,0.1152,0.8847,0.0008,0.0006
19,FakeSherbrooke,9,5,510,0.1235,0.8764,0.0083,0.0083
19,FakeSherbrooke,9,6,612,0.1324,0.8675,0.0088,0.0089
19,FakeSherbrooke,9,7,714,0.1303,0.8693,0.0021,0.0017
19,FakeSherbrooke,9,8,816,0.1311,0.8686,0.0009,0.0007
19,FakeSherbrooke,9,9,918,0.1383,0.8612,0.0072,0.0073
19,FakeSherbrooke,9,10,1024,0.1357,0.8634,0.0026,0.0021
19,FakeSherbrooke,10,1,102,0.0882,0.9096,1.0,1.0
19,FakeSherbrooke,10,2,204,0.0931,0.9065,0.0049,0.0031
19,FakeSherbrooke,10,3,306,0.0784,0.9215,0.0147,0.015
19,FakeSherbrooke,10,4,408,0.0858,0.9142,0.0074,0.0073
19,FakeSherbrooke,10,5,510,0.0922,0.9078,0.0064,0.0064
19,FakeSherbrooke,10,6,612,0.1062,0.8938,0.0141,0.0141
19,FakeSherbrooke,10,7,714,0.1134,0.8865,0.0072,0.0073
19,FakeSherbrooke,10,8,816,0.1201,0.8797,0.0067,0.0068
19,FakeSherbrooke,10,9,918,0.1242,0.8756,0.0041,0.0041
19,FakeSherbrooke,10,10,1024,0.1279,0.8719,0.0037,0.0037
19,FakeSherbrooke,11,1,102,0.098,0.9019,1.0,1.0
19,FakeSherbrooke,11,2,204,0.098,0.9013,0.0,0.0006
19,FakeSherbrooke,11,3,306,0.1176,0.8816,0.0196,0.0197
19,FakeSherbrooke,11,4,408,0.1152,0.8844,0.0025,0.0028
19,FakeSherbrooke,11,5,510,0.1255,0.8745,0.0103,0.01
19,FakeSherbrooke,11,6,612,0.1225,0.8775,0.0029,0.003
19,FakeSherbrooke,11,7,714,0.1303,0.8696,0.0077,0.0078
19,FakeSherbrooke,11,8,816,0.1287,0.8713,0.0016,0.0017
19,FakeSherbrooke,11,9,918,0.1285,0.8714,0.0001,0.0001
19,FakeSherbrooke,11,10,1024,0.123,0.8768,0.0055,0.0054
19,FakeSherbrooke,12,1,102,0.1471,0.9278,1.0,1.0
19,FakeSherbrooke,12,2,204,0.152,0.9181,0.0049,0.0097
19,FakeSherbrooke,12,3,306,0.1569,0.8883,0.0049,0.0298
19,FakeSherbrooke,12,4,408,0.1716,0.8771,0.0147,0.0112
19,FakeSherbrooke,12,5,510,0.1706,0.8709,0.001,0.0062
19,FakeSherbrooke,12,6,612,0.1699,0.8696,0.0007,0.0013
19,FakeSherbrooke,12,7,714,0.1807,0.8709,0.0107,0.0013
19,FakeSherbrooke,12,8,816,0.1789,0.871,0.0018,0.0001
19,FakeSherbrooke,12,9,918,0.1688,0.8703,0.0101,0.0007
19,FakeSherbrooke,12,10,1024,0.1742,0.867,0.0054,0.0033
19,FakeSherbrooke,13,1,102,0.098,0.9079,1.0,1.0
19,FakeSherbrooke,13,2,204,0.1029,0.8959,0.0049,0.012
19,FakeSherbrooke,13,3,306,0.1144,0.885,0.0114,0.0109
19,FakeSherbrooke,13,4,408,0.1152,0.8846,0.0008,0.0003
19,FakeSherbrooke,13,5,510,0.1157,0.8833,0.0005,0.0014
19,FakeSherbrooke,13,6,612,0.1095,0.8902,0.0062,0.0069
19,FakeSherbrooke,13,7,714,0.1106,0.8891,0.0012,0.0011
19,FakeSherbrooke,13,8,816,0.1115,0.8884,0.0009,0.0007
19,FakeSherbrooke,13,9,918,0.1176,0.8824,0.0061,0.006
19,FakeSherbrooke,13,10,1024,0.1201,0.8799,0.0025,0.0025
19,FakeSherbrooke,14,1,102,0.1863,0.8229,1.0,1.0
19,FakeSherbrooke,14,2,204,0.1765,0.825,0.0098,0.0021
19,FakeSherbrooke,14,3,306,0.1895,0.8394,0.0131,0.0144
19,FakeSherbrooke,14,4,408,0.1936,0.8426,0.0041,0.0032
19,FakeSherbrooke,14,5,510,0.1765,0.8529,0.0172,0.0103
19,FakeSherbrooke,14,6,612,0.1618,0.847,0.0147,0.006
19,FakeSherbrooke,14,7,714,0.1527,0.8471,0.0091,0.0001
19,FakeSherbrooke,14,8,816,0.1507,0.845,0.0019,0.0021
19,FakeSherbrooke,14,9,918,0.1471,0.8485,0.0037,0.0035
19,FakeSherbrooke,14,10,1024,0.1457,0.855,0.0013,0.0065
19,FakeSherbrooke,15,1,102,0.0686,0.931,1.0,1.0
19,FakeSherbrooke,15,2,204,0.0882,0.9116,0.0196,0.0194
19,FakeSherbrooke,15,3,306,0.1111,0.8881,0.0229,0.0236
19,FakeSherbrooke,15,4,408,0.1078,0.8914,0.0033,0.0033
19,FakeSherbrooke,15,5,510,0.1059,0.8927,0.002,0.0013
19,FakeSherbrooke,15,6,612,0.1111,0.8879,0.0052,0.0047
19,FakeSherbrooke,15,7,714,0.1134,0.8859,0.0023,0.0021
19,FakeSherbrooke,15,8,816,0.1213,0.8781,0.0079,0.0078
19,FakeSherbrooke,15,9,918,0.1242,0.8754,0.0029,0.0026
19,FakeSherbrooke,15,10,1024,0.1221,0.8771,0.0021,0.0017
19,FakeSherbrooke,16,1,102,0.1373,0.8627,1.0,1.0
19,FakeSherbrooke,16,2,204,0.1225,0.8769,0.0147,0.0142
19,FakeSherbrooke,16,3,306,0.1405,0.856,0.018,0.0209
19,FakeSherbrooke,16,4,408,0.1348,0.8638,0.0057,0.0078
19,FakeSherbrooke,16,5,510,0.1314,0.8674,0.0034,0.0036
19,FakeSherbrooke,16,6,612,0.1307,0.8687,0.0007,0.0013
19,FakeSherbrooke,16,7,714,0.1317,0.867,0.0009,0.0017
19,FakeSherbrooke,16,8,816,0.1287,0.87,0.003,0.003
19,FakeSherbrooke,16,9,918,0.1275,0.8711,0.0012,0.001
19,FakeSherbrooke,16,10,1024,0.123,0.8747,0.0044,0.0037
19,FakeSherbrooke,17,1,102,0.1176,0.8976,1.0,1.0
19,FakeSherbrooke,17,2,204,0.1471,0.9056,0.0294,0.0081
19,FakeSherbrooke,17,3,306,0.1601,0.8983,0.0131,0.0074
19,FakeSherbrooke,17,4,408,0.1569,0.8773,0.0033,0.021
19,FakeSherbrooke,17,5,510,0.1333,0.888,0.0235,0.0106
19,FakeSherbrooke,17,6,612,0.1389,0.8793,0.0056,0.0087
19,FakeSherbrooke,17,7,714,0.1218,0.8853,0.017,0.006
19,FakeSherbrooke,17,8,816,0.1201,0.877,0.0018,0.0083
19,FakeSherbrooke,17,9,918,0.1166,0.8825,0.0035,0.0055
19,FakeSherbrooke,17,10,1024,0.1213,0.8829,0.0048,0.0004
19,FakeSherbrooke,18,1,102,0.1569,0.844,1.0,1.0
19,FakeSherbrooke,18,2,204,0.1471,0.8513,0.0098,0.0073
19,FakeSherbrooke,18,3,306,0.1405,0.8595,0.0065,0.0082
19,FakeSherbrooke,18,4,408,0.1348,0.8652,0.0057,0.0057
19,FakeSherbrooke,18,5,510,0.1235,0.8765,0.0113,0.0113
19,FakeSherbrooke,18,6,612,0.1225,0.8772,0.001,0.0007
19,FakeSherbrooke,18,7,714,0.1176,0.8822,0.0049,0.005
19,FakeSherbrooke,18,8,816,0.1152,0.8846,0.0025,0.0025
19,FakeSherbrooke,18,9,918,0.1133,0.8865,0.0019,0.0019
19,FakeSherbrooke,18,10,1024,0.1211,0.8786,0.0078,0.008
19,FakeSherbrooke,19,1,102,0.1275,0.9041,1.0,1.0
19,FakeSherbrooke,19,2,204,0.0931,0.9045,0.0343,0.0004
19,FakeSherbrooke,19,3,306,0.0948,0.9047,0.0016,0.0003
19,FakeSherbrooke,19,4,408,0.0931,0.9067,0.0016,0.002
19,FakeSherbrooke,19,5,510,0.0922,0.9073,0.001,0.0006
19,FakeSherbrooke,19,6,612,0.0948,0.9044,0.0026,0.0029
19,FakeSherbrooke,19,7,714,0.1008,0.8978,0.0061,0.0066
19,FakeSherbrooke,19,8,816,0.1017,0.8972,0.0009,0.0006
19,FakeSherbrooke,19,9,918,0.1024,0.897,0.0007,0.0002
19,FakeSherbrooke,19,10,1024,0.1074,0.8919,0.005,0.0052
20,FakeSherbrooke,0,1,1000,0.016,0.9997,1.0,1.0
20,FakeSherbrooke,0,2,2000,0.021,0.9996,0.005,0.0002
20,FakeSherbrooke,0,3,3000,0.0173,0.9997,0.0037,0.0001
20,FakeSherbrooke,0,4,4000,0.0125,0.9998,0.0048,0.0001
20,FakeSherbrooke,0,5,5000,0.01,0.9999,0.0025,0.0001
20,FakeSherbrooke,0,6,6000,0.0115,0.9999,0.0015,0.0
20,FakeSherbrooke,0,7,7000,0.0131,0.9998,0.0016,0.0
20,FakeSherbrooke,0,8,8000,0.0161,0.9997,0.003,0.0001
20,FakeSherbrooke,0,9,9000,0.0152,0.9998,0.0009,0.0
20,FakeSherbrooke,0,10,10000,0.0159,0.9997,0.0007,0.0
20,FakeSherbrooke,1,1,1000,0.015,0.9998,1.0,1.0
20,FakeSherbrooke,1,2,2000,0.0035,1.0,0.0115,0.0002
20,FakeSherbrooke,1,3,3000,0.003,1.0,0.0005,0.0
20,FakeSherbrooke,1,4,4000,0.002,1.0,0.001,0.0
20,FakeSherbrooke,1,5,5000,0.0022,1.0,0.0002,0.0
20,FakeSherbrooke,1,6,6000,0.0003,1.0,0.0019,0.0
20,FakeSherbrooke,1,7,7000,0.0026,1.0,0.0022,0.0
20,FakeSherbrooke,1,8,8000,0.005,1.0,0.0024,0.0
20,FakeSherbrooke,1,9,9000,0.006,1.0,0.001,0.0
20,FakeSherbrooke,1,10,10000,0.0077,0.9999,0.0017,0.0
20,FakeSherbrooke,2,1,1000,0.032,0.999,1.0,1.0
20,FakeSherbrooke,2,2,2000,0.0185,0.9997,0.0135,0.0007
20,FakeSherbrooke,2,3,3000,0.019,0.9996,0.0005,0.0
20,FakeSherbrooke,2,4,4000,0.018,0.9997,0.001,0.0
20,FakeSherbrooke,2,5,5000,0.0156,0.9998,0.0024,0.0001
20,FakeSherbrooke,2,6,6000,0.0155,0.9998,0.0001,0.0
20,FakeSherbrooke,2,7,7000,0.0194,0.9996,0.0039,0.0001
20,FakeSherbrooke,2,8,8000,0.0149,0.9998,0.0046,0.0002
20,FakeSherbrooke,2,9,9000,0.0137,0.9998,0.0012,0.0
20,FakeSherbrooke,2,10,10000,0.0131,0.9998,0.0006,0.0
20,FakeSherbrooke,3,1,1000,0.008,0.9999,1.0,1.0
20,FakeSherbrooke,3,2,2000,0.0135,0.9998,0.0055,0.0001
20,FakeSherbrooke,3,3,3000,0.0083,0.9999,0.0052,0.0001
20,FakeSherbrooke,3,4,4000,0.0003,1.0,0.0081,0.0001
20,FakeSherbrooke,3,5,5000,0.001,1.0,0.0008,0.0
20,FakeSherbrooke,3,6,6000,0.004,1.0,0.003,0.0
20,FakeSherbrooke,3,7,7000,0.006,1.0,0.002,0.0
20,FakeSherbrooke,3,8,8000,0.0078,0.9999,0.0018,0.0
20,FakeSherbrooke,3,9,9000,0.0069,1.0,0.0009,0.0
20,FakeSherbrooke,3,10,10000,0.0064,1.0,0.0005,0.0
20,FakeSherbrooke,4,1,1000,0.041,0.9983,1.0,1.0
20,FakeSherbrooke,4,2,2000,0.033,0.9989,0.008,0.0006
20,FakeSherbrooke,4,3,3000,0.0243,0.9994,0.0087,0.0005
20,FakeSherbrooke,4,4,4000,0.0175,0.9997,0.0068,0.0003
20,FakeSherbrooke,4,5,5000,0.0154,0.9998,0.0021,0.0001
20,FakeSherbrooke,4,6,6000,0.0152,0.9998,0.0002,0.0
20,FakeSherbrooke,4,7,7000,0.0146,0.9998,0.0006,0.0
20,FakeSherbrooke,4,8,8000,0.0135,0.9998,0.0011,0.0
20,FakeSherbrooke,4,9,9000,0.0141,0.9998,0.0006,0.0
20,FakeSherbrooke,4,10,10000,0.0145,0.9998,0.0004,0.0
20,FakeSherbrooke,5,1,1000,0.012,0.9999,1.0,1.0
20,FakeSherbrooke,5,2,2000,0.0055,1.0,0.0065,0.0001
20,FakeSherbrooke,5,3,3000,0.014,0.9998,0.0085,0.0002
20,FakeSherbrooke,5,4,4000,0.016,0.9997,0.002,0.0001
20,FakeSherbrooke,5,5,5000,0.0188,0.9996,0.0028,0.0001
20,FakeSherbrooke,5,6,6000,0.0162,0.9997,0.0026,0.0001
20,FakeSherbrooke,5,7,7000,0.0183,0.9997,0.0021,0.0001
20,FakeSherbrooke,5,8,8000,0.0198,0.9996,0.0015,0.0001
20,FakeSherbrooke,5,9,9000,0.0206,0.9996,0.0008,0.0
20,FakeSherbrooke,5,10,10000,0.0205,0.9996,0.0001,0.0
20,FakeSherbrooke,6,1,1000,0.045,0.998,1.0,1.0
20,FakeSherbrooke,6,2,2000,0.05,0.9975,0.005,0.0005
20,FakeSherbrooke,6,3,3000,0.0463,0.9979,0.0037,0.0004
20,FakeSherbrooke,6,4,4000,0.042,0.9982,0.0043,0.0004
20,FakeSherbrooke,6,5,5000,0.0404,0.9984,0.0016,0.0001
20,FakeSherbrooke,6,6,6000,0.0403,0.9984,0.0001,0.0
20,FakeSherbrooke,6,7,7000,0.042,0.9982,0.0017,0.0001
20,FakeSherbrooke,6,8,8000,0.041,0.9983,0.001,0.0001
20,FakeSherbrooke,6,9,9000,0.0413,0.9983,0.0003,0.0
20,FakeSherbrooke,6,10,10000,0.0402,0.9984,0.0011,0.0001
20,FakeSherbrooke,7,1,1000,0.03,0.9991,1.0,1.0
20,FakeSherbrooke,7,2,2000,0.0205,0.9996,0.0095,0.0005
20,FakeSherbrooke,7,3,3000,0.0253,0.9994,0.0048,0.0002
20,FakeSherbrooke,7,4,4000,0.0188,0.9996,0.0066,0.0003
20,FakeSherbrooke,7,5,5000,0.0198,0.9996,0.001,0.0
20,FakeSherbrooke,7,6,6000,0.0242,0.9994,0.0044,0.0002
20,FakeSherbrooke,7,7,7000,0.0247,0.9994,0.0005,0.0
20,FakeSherbrooke,7,8,8000,0.0233,0.9995,0.0015,0.0001
20,FakeSherbrooke,7,9,9000,0.024,0.9994,0.0008,0.0
20,FakeSherbrooke,7,10,10000,0.0254,0.9994,0.0014,0.0001
20,FakeSherbrooke,8,1,1000,0.02,0.9996,1.0,1.0
20,FakeSherbrooke,8,2,2000,0.011,0.9999,0.009,0.0003
20,FakeSherbrooke,8,3,3000,0.0167,0.9997,0.0057,0.0002
20,FakeSherbrooke,8,4,4000,0.0132,0.9998,0.0034,0.0001
20,FakeSherbrooke,8,5,5000,0.0068,1.0,0.0064,0.0001
20,FakeSherbrooke,8,6,6000,0.0108,0.9999,0.004,0.0001
20,FakeSherbrooke,8,7,7000,0.0096,0.9999,0.0013,0.0
20,FakeSherbrooke,8,8,8000,0.0084,0.9999,0.0012,0.0
20,FakeSherbrooke,8,9,9000,0.0084,0.9999,0.0001,0.0
20,FakeSherbrooke,8,10,10000,0.0098,0.9999,0.0014,0.0
20,FakeSherbrooke,9,1,1000,0.033,0.9989,1.0,1.0
20,FakeSherbrooke,9,2,2000,0.025,0.9994,0.008,0.0005
20,FakeSherbrooke,9,3,3000,0.0237,0.9994,0.0013,0.0001
20,FakeSherbrooke,9,4,4000,0.0223,0.9995,0.0014,0.0001
20,FakeSherbrooke,9,5,5000,0.0244,0.9994,0.0021,0.0001
20,FakeSherbrooke,9,6,6000,0.025,0.9994,0.0006,0.0
20,FakeSherbrooke,9,7,7000,0.0266,0.9993,0.0016,0.0001
20,FakeSherbrooke,9,8,8000,0.0259,0.9993,0.0007,0.0
20,FakeSherbrooke,9,9,9000,0.028,0.9992,0.0021,0.0001
20,FakeSherbrooke,9,10,10000,0.0296,0.9991,0.0016,0.0001
20,FakeSherbrooke,10,1,1000,0.008,0.9999,1.0,1.0
20,FakeSherbrooke,10,2,2000,0.006,1.0,0.002,0.0
20,FakeSherbrooke,10,3,3000,0.0057,1.0,0.0003,0.0
20,FakeSherbrooke,10,4,4000,0.0072,0.9999,0.0016,0.0
20,FakeSherbrooke,10,5,5000,0.0032,1.0,0.004,0.0
20,FakeSherbrooke,10,6,6000,0.0047,1.0,0.0015,0.0
20,FakeSherbrooke,10,7,7000,0.0079,0.9999,0.0032,0.0
20,FakeSherbrooke,10,8,8000,0.0069,1.0,0.001,0.0
20,FakeSherbrooke,10,9,9000,0.0069,1.0,0.0,0.0
20,FakeSherbrooke,10,10,10000,0.0084,0.9999,0.0015,0.0
20,FakeSherbrooke,11,1,1000,0.003,1.0,1.0,1.0
20,FakeSherbrooke,11,2,2000,0.0065,1.0,0.0035,0.0
20,FakeSherbrooke,11,3,3000,0.0077,0.9999,0.0012,0.0
20,FakeSherbrooke,11,4,4000,0.0075,0.9999,0.0002,0.0
20,FakeSherbrooke,11,5,5000,0.0104,0.9999,0.0029,0.0001
20,FakeSherbrooke,11,6,6000,0.0093,0.9999,0.0011,0.0
20,FakeSherbrooke,11,7,7000,0.0071,0.9999,0.0022,0.0
20,FakeSherbrooke,11,8,8000,0.0059,1.0,0.0013,0.0
20,FakeSherbrooke,11,9,9000,0.0086,0.9999,0.0027,0.0
20,FakeSherbrooke,11,10,10000,0.0102,0.9999,0.0016,0.0
20,FakeSherbrooke,12,1,1000,0.027,0.9993,1.0,1.0
20,FakeSherbrooke,12,2,2000,0.0255,0.9993,0.0015,0.0001
20,FakeSherbrooke,12,3,3000,0.0337,0.9989,0.0082,0.0005
20,FakeSherbrooke,12,4,4000,0.0323,0.999,0.0014,0.0001
20,FakeSherbrooke,12,5,5000,0.0358,0.9987,0.0036,0.0002
20,FakeSherbrooke,12,6,6000,0.0353,0.9988,0.0005,0.0
20,FakeSherbrooke,12,7,7000,0.034,0.9988,0.0013,0.0001
20,FakeSherbrooke,12,8,8000,0.0311,0.999,0.0029,0.0002
20,FakeSherbrooke,12,9,9000,0.0347,0.9988,0.0035,0.0002
20,FakeSherbrooke,12,10,10000,0.0367,0.9987,0.002,0.0001
20,FakeSherbrooke,13,1,1000,0.011,0.9999,1.0,1.0
20,FakeSherbrooke,13,2,2000,0.009,0.9999,0.002,0.0
20,FakeSherbrooke,13,3,3000,0.008,0.9999,0.001,0.0
20,FakeSherbrooke,13,4,4000,0.0105,0.9999,0.0025,0.0
20,FakeSherbrooke,13,5,5000,0.013,0.9998,0.0025,0.0001
20,FakeSherbrooke,13,6,6000,0.0133,0.9998,0.0003,0.0
20,FakeSherbrooke,13,7,7000,0.0103,0.9999,0.003,0.0001
20,FakeSherbrooke,13,8,8000,0.012,0.9999,0.0017,0.0
20,FakeSherbrooke,13,9,9000,0.0123,0.9998,0.0003,0.0
20,FakeSherbrooke,13,10,10000,0.008,0.9999,0.0043,0.0001
20,FakeSherbrooke,14,1,1000,0.027,0.9993,1.0,1.0
20,FakeSherbrooke,14,2,2000,0.0285,0.9992,0.0015,0.0001
20,FakeSherbrooke,14,3,3000,0.0267,0.9993,0.0018,0.0001
20,FakeSherbrooke,14,4,4000,0.0278,0.9992,0.0011,0.0001
20,FakeSherbrooke,14,5,5000,0.0236,0.9994,0.0041,0.0002
20,FakeSherbrooke,14,6,6000,0.0257,0.9993,0.0021,0.0001
20,FakeSherbrooke,14,7,7000,0.0233,0.9995,0.0024,0.0001
20,FakeSherbrooke,14,8,8000,0.0229,0.9995,0.0004,0.0
20,FakeSherbrooke,14,9,9000,0.0234,0.9995,0.0006,0.0
20,FakeSherbrooke,14,10,10000,0.025,0.9994,0.0016,0.0001
20,FakeSherbrooke,15,1,1000,0.008,0.9999,1.0,1.0
20,FakeSherbrooke,15,2,2000,0.009,0.9999,0.001,0.0
20,FakeSherbrooke,15,3,3000,0.0147,0.9998,0.0057,0.0001
20,FakeSherbrooke,15,4,4000,0.0178,0.9997,0.0031,0.0001
20,FakeSherbrooke,15,5,5000,0.0176,0.9997,0.0001,0.0
20,FakeSherbrooke,15,6,6000,0.017,0.9997,0.0006,0.0
20,FakeSherbrooke,15,7,7000,0.0227,0.9995,0.0057,0.0002
20,FakeSherbrooke,15,8,8000,0.0214,0.9995,0.0013,0.0001
20,FakeSherbrooke,15,9,9000,0.0226,0.9995,0.0012,0.0001
20,FakeSherbrooke,15,10,10000,0.0234,0.9995,0.0008,0.0
20,FakeSherbrooke,16,1,1000,0.006,1.0,1.0,1.0
20,FakeSherbrooke,16,2,2000,0.022,0.9995,0.016,0.0004
20,FakeSherbrooke,16,3,3000,0.0207,0.9996,0.0013,0.0001
20,FakeSherbrooke,16,4,4000,0.0148,0.9998,0.0059,0.0002
20,FakeSherbrooke,16,5,5000,0.0162,0.9997,0.0014,0.0
20,FakeSherbrooke,16,6,6000,0.0178,0.9997,0.0016,0.0001
20,FakeSherbrooke,16,7,7000,0.0163,0.9997,0.0015,0.0001
20,FakeSherbrooke,16,8,8000,0.0205,0.9996,0.0042,0.0002
20,FakeSherbrooke,16,9,9000,0.019,0.9996,0.0015,0.0001
20,FakeSherbrooke,16,10,10000,0.0188,0.9996,0.0002,0.0
20,FakeSherbrooke,17,1,1000,0.0,1.0,1.0,1.0
20,FakeSherbrooke,17,2,2000,0.0045,1.0,0.0045,0.0
20,FakeSherbrooke,17,3,3000,0.0043,1.0,0.0002,0.0
20,FakeSherbrooke,17,4,4000,0.0018,1.0,0.0026,0.0
20,FakeSherbrooke,17,5,5000,0.0008,1.0,0.001,0.0
20,FakeSherbrooke,17,6,6000,0.0002,1.0,0.0006,0.0
20,FakeSherbrooke,17,7,7000,0.001,1.0,0.0008,0.0
20,FakeSherbrooke,17,8,8000,0.008,0.9999,0.007,0.0001
20,FakeSherbrooke,17,9,9000,0.0073,0.9999,0.0007,0.0
20,FakeSherbrooke,17,10,10000,0.007,1.0,0.0003,0.0
20,FakeSherbrooke,18,1,1000,0.006,1.0,1.0,1.0
20,FakeSherbrooke,18,2,2000,0.01,0.9999,0.004,0.0001
20,FakeSherbrooke,18,3,3000,0.007,1.0,0.003,0.0001
20,FakeSherbrooke,18,4,4000,0.003,1.0,0.004,0.0
20,FakeSherbrooke,18,5,5000,0.005,1.0,0.002,0.0
20,FakeSherbrooke,18,6,6000,0.0027,1.0,0.0023,0.0
20,FakeSherbrooke,18,7,7000,0.0,1.0,0.0027,0.0
20,FakeSherbrooke,18,8,8000,0.0005,1.0,0.0005,0.0
20,FakeSherbrooke,18,9,9000,0.0034,1.0,0.0029,0.0
20,FakeSherbrooke,18,10,10000,0.0035,1.0,0.0001,0.0
20,FakeSherbrooke,19,1,1000,0.008,0.9999,1.0,1.0
20,FakeSherbrooke,19,2,2000,0.005,1.0,0.003,0.0
20,FakeSherbrooke,19,3,3000,0.0157,0.9998,0.0107,0.0002
20,FakeSherbrooke,19,4,4000,0.0125,0.9998,0.0032,0.0001
20,FakeSherbrooke,19,5,5000,0.009,0.9999,0.0035,0.0001
20,FakeSherbrooke,19,6,6000,0.0048,1.0,0.0042,0.0001
20,FakeSherbrooke,19,7,7000,0.0041,1.0,0.0007,0.0
20,FakeSherbrooke,19,8,8000,0.0045,1.0,0.0004,0.0
20,FakeSherbrooke,19,9,9000,0.0052,1.0,0.0007,0.0
20,FakeSherbrooke,19,10,10000,0.0079,0.9999,0.0027,0.0
21,FakeSherbrooke,0,1,1000,0.812,0.0458,1.0,1.0
21,FakeSherbrooke,0,2,2000,0.7815,0.0897,0.0305,0.0439
21,FakeSherbrooke,0,3,3000,0.7713,0.1219,0.0102,0.0323
21,FakeSherbrooke,0,4,4000,0.7688,0.1449,0.0026,0.0229
21,FakeSherbrooke,0,5,5000,0.7696,0.158,0.0009,0.0131
21,FakeSherbrooke,0,6,6000,0.769,0.1728,0.0006,0.0149
21,FakeSherbrooke,0,7,7000,0.7714,0.1755,0.0024,0.0026
21,FakeSherbrooke,0,8,8000,0.772,0.1821,0.0006,0.0066
21,FakeSherbrooke,0,9,9000,0.7703,0.1884,0.0017,0.0063
21,FakeSherbrooke,0,10,10000,0.7713,0.191,0.001,0.0026
21,FakeSherbrooke,1,1,1000,0.786,0.0583,1.0,1.0
21,FakeSherbrooke,1,2,2000,0.768,0.1025,0.018,0.0442
21,FakeSherbrooke,1,3,3000,0.7667,0.1304,0.0013,0.028
21,FakeSherbrooke,1,4,4000,0.7678,0.1488,0.0011,0.0184
21,FakeSherbrooke,1,5,5000,0.7662,0.1603,0.0016,0.0114
21,FakeSherbrooke,1,6,6000,0.7627,0.1761,0.0035,0.0159
21,FakeSherbrooke,1,7,7000,0.7606,0.1867,0.0021,0.0106
21,FakeSherbrooke,1,8,8000,0.7592,0.194,0.0013,0.0073
21,FakeSherbrooke,1,9,9000,0.7601,0.197,0.0009,0.003
21,FakeSherbrooke,1,10,10000,0.7602,0.1987,0.0001,0.0017
21,FakeSherbrooke,2,1,1000,0.801,0.052,1.0,1.0
21,FakeSherbrooke,2,2,2000,0.782,0.0881,0.019,0.0362
21,FakeSherbrooke,2,3,3000,0.7797,0.1143,0.0023,0.0261
21,FakeSherbrooke,2,4,4000,0.7785,0.1337,0.0012,0.0194
21,FakeSherbrooke,2,5,5000,0.7752,0.1519,0.0033,0.0182
21,FakeSherbrooke,2,6,6000,0.7753,0.1642,0.0001,0.0123
21,FakeSherbrooke,2,7,7000,0.7711,0.1781,0.0042,0.0139
21,FakeSherbrooke,2,8,8000,0.77,0.1832,0.0011,0.0051
21,FakeSherbrooke,2,9,9000,0.7701,0.1868,0.0001,0.0036
21,FakeSherbrooke,2,10,10000,0.7709,0.1902,0.0008,0.0034
21,FakeSherbrooke,3,1,1000,0.797,0.0531,1.0,1.0
21,FakeSherbrooke,3,2,2000,0.7765,0.0945,0.0205,0.0414
21,FakeSherbrooke,3,3,3000,0.7717,0.1206,0.0048,0.0261
21,FakeSherbrooke,3,4,4000,0.7665,0.1405,0.0052,0.0199
21,FakeSherbrooke,3,5,5000,0.767,0.156,0.0005,0.0155
21,FakeSherbrooke,3,6,6000,0.7667,0.1689,0.0003,0.013
21,FakeSherbrooke,3,7,7000,0.7661,0.1777,0.0005,0.0088
21,FakeSherbrooke,3,8,8000,0.7661,0.1826,0.0,0.0049
21,FakeSherbrooke,3,9,9000,0.7618,0.1911,0.0043,0.0085
21,FakeSherbrooke,3,10,10000,0.7612,0.1947,0.0006,0.0036
21,FakeSherbrooke,4,1,1000,0.802,0.0508,1.0,1.0
21,FakeSherbrooke,4,2,2000,0.7935,0.082,0.0085,0.0313
21,FakeSherbrooke,4,3,3000,0.7823,0.1092,0.0112,0.0272
21,FakeSherbrooke,4,4,4000,0.781,0.1284,0.0013,0.0192
21,FakeSherbrooke,4,5,5000,0.7764,0.1453,0.0046,0.0169
21,FakeSherbrooke,4,6,6000,0.7737,0.1591,0.0027,0.0138
21,FakeSherbrooke,4,7,7000,0.7757,0.1656,0.002,0.0065
21,FakeSherbrooke,4,8,8000,0.7738,0.1754,0.002,0.0099
21,FakeSherbrooke,4,9,9000,0.7748,0.1806,0.001,0.0052
21,FakeSherbrooke,4,10,10000,0.7739,0.1853,0.0009,0.0047
21,FakeSherbrooke,5,1,1000,0.799,0.0532,1.0,1.0
21,FakeSherbrooke,5,2,2000,0.768,0.0986,0.031,0.0453
21,FakeSherbrooke,5,3,3000,0.7623,0.1263,0.0057,0.0277
21,FakeSherbrooke,5,4,4000,0.764,0.144,0.0017,0.0178
21,FakeSherbrooke,5,5,5000,0.7666,0.1579,0.0026,0.0138
21,FakeSherbrooke,5,6,6000,0.7643,0.1727,0.0023,0.0149
21,FakeSherbrooke,5,7,7000,0.7637,0.1798,0.0006,0.0071
21,FakeSherbrooke,5,8,8000,0.7634,0.1879,0.0003,0.0081
21,FakeSherbrooke,5,9,9000,0.7652,0.191,0.0018,0.0031
21,FakeSherbrooke,5,10,10000,0.7667,0.193,0.0015,0.002
21,FakeSherbrooke,6,1,1000,0.798,0.0535,1.0,1.0
21,FakeSherbrooke,6,2,2000,0.7725,0.0964,0.0255,0.0429
21,FakeSherbrooke,6,3,3000,0.7583,0.1282,0.0142,0.0318
21,FakeSherbrooke,6,4,4000,0.761,0.1476,0.0027,0.0194
21,FakeSherbrooke,6,5,5000,0.765,0.1605,0.004,0.0129
21,FakeSherbrooke,6,6,6000,0.7668,0.168,0.0018,0.0075
21,FakeSherbrooke,6,7,7000,0.7686,0.1764,0.0017,0.0084
21,FakeSherbrooke,6,8,8000,0.7694,0.1804,0.0008,0.004
21,FakeSherbrooke,6,9,9000,0.7701,0.1867,0.0007,0.0063
21,FakeSherbrooke,6,10,10000,0.7693,0.1918,0.0008,0.005
21,FakeSherbrooke,7,1,1000,0.808,0.0491,1.0,1.0
21,FakeSherbrooke,7,2,2000,0.784,0.0877,0.024,0.0386
21,FakeSherbrooke,7,3,3000,0.7793,0.1168,0.0047,0.0291
21,FakeSherbrooke,7,4,4000,0.7748,0.1402,0.0046,0.0234
21,FakeSherbrooke,7,5,5000,0.7716,0.1547,0.0031,0.0145
21,FakeSherbrooke,7,6,6000,0.7732,0.1641,0.0016,0.0094
21,FakeSherbrooke,7,7,7000,0.7719,0.173,0.0013,0.0089
21,FakeSherbrooke,7,8,8000,0.7694,0.1801,0.0025,0.0071
21,FakeSherbrooke,7,9,9000,0.7702,0.184,0.0008,0.0039
21,FakeSherbrooke,7,10,10000,0.772,0.1856,0.0018,0.0016
21,FakeSherbrooke,8,1,1000,0.784,0.0606,1.0,1.0
21,FakeSherbrooke,8,2,2000,0.772,0.0985,0.012,0.0379
21,FakeSherbrooke,8,3,3000,0.7637,0.1302,0.0083,0.0317
21,FakeSherbrooke,8,4,4000,0.7628,0.151,0.0009,0.0208
21,FakeSherbrooke,8,5,5000,0.7642,0.1616,0.0014,0.0106
21,FakeSherbrooke,8,6,6000,0.7628,0.1716,0.0014,0.01
21,FakeSherbrooke,8,7,7000,0.7629,0.1808,0.0,0.0091
21,FakeSherbrooke,8,8,8000,0.7614,0.1878,0.0015,0.007
21,FakeSherbrooke,8,9,9000,0.7628,0.1915,0.0014,0.0037
21,FakeSherbrooke,8,10,10000,0.7631,0.1945,0.0003,0.0029
21,FakeSherbrooke,9,1,1000,0.782,0.0613,1.0,1.0
21,FakeSherbrooke,9,2,2000,0.7835,0.0937,0.0015,0.0324
21,FakeSherbrooke,9,3,3000,0.7773,0.122,0.0062,0.0283
21,FakeSherbrooke,9,4,4000,0.7685,0.1457,0.0088,0.0236
21,FakeSherbrooke,9,5,5000,0.769,0.1565,0.0005,0.0109
21,FakeSherbrooke,9,6,6000,0.7665,0.1691,0.0025,0.0125
21,FakeSherbrooke,9,7,7000,0.7663,0.1777,0.0002,0.0087
21,FakeSherbrooke,9,8,8000,0.7661,0.1825,0.0002,0.0048
21,FakeSherbrooke,9,9,9000,0.7678,0.1838,0.0017,0.0013
21,FakeSherbrooke,9,10,10000,0.7676,0.1876,0.0002,0.0038
21,FakeSherbrooke,10,1,1000,0.791,0.0556,1.0,1.0
21,FakeSherbrooke,10,2,2000,0.769,0.0937,0.022,0.0382
21,FakeSherbrooke,10,3,3000,0.761,0.126,0.008,0.0323
21,FakeSherbrooke,10,4,4000,0.7605,0.1468,0.0005,0.0208
21,FakeSherbrooke,10,5,5000,0.7608,0.1589,0.0003,0.0121
21,FakeSherbrooke,10,6,6000,0.7558,0.1738,0.005,0.0149
21,FakeSherbrooke,10,7,7000,0.7593,0.1801,0.0035,0.0063
21,FakeSherbrooke,10,8,8000,0.7591,0.1872,0.0002,0.0071
21,FakeSherbrooke,10,9,9000,0.7583,0.1924,0.0008,0.0053
21,FakeSherbrooke,10,10,10000,0.7582,0.1977,0.0001,0.0053
21,FakeSherbrooke,11,1,1000,0.782,0.0615,1.0,1.0
21,FakeSherbrooke,11,2,2000,0.7605,0.1048,0.0215,0.0434
21,FakeSherbrooke,11,3,3000,0.7563,0.1335,0.0042,0.0287
21,FakeSherbrooke,11,4,4000,0.7592,0.1518,0.0029,0.0183
21,FakeSherbrooke,11,5,5000,0.7644,0.1582,0.0051,0.0064
21,FakeSherbrooke,11,6,6000,0.7645,0.1668,0.0001,0.0086
21,FakeSherbrooke,11,7,7000,0.7627,0.1783,0.0018,0.0115
21,FakeSherbrooke,11,8,8000,0.7616,0.1849,0.0011,0.0066
21,FakeSherbrooke,11,9,9000,0.7623,0.1903,0.0007,0.0054
21,FakeSherbrooke,11,10,10000,0.7617,0.1946,0.0006,0.0043
21,FakeSherbrooke,12,1,1000,0.803,0.0506,1.0,1.0
21,FakeSherbrooke,12,2,2000,0.7805,0.0945,0.0225,0.0439
21,FakeSherbrooke,12,3,3000,0.7763,0.1211,0.0042,0.0266
21,FakeSherbrooke,12,4,4000,0.7745,0.1391,0.0018,0.018
21,FakeSherbrooke,12,5,5000,0.7736,0.155,0.0009,0.0159
21,FakeSherbrooke,12,6,6000,0.7757,0.1632,0.0021,0.0083
21,FakeSherbrooke,12,7,7000,0.7756,0.171,0.0001,0.0078
21,FakeSherbrooke,12,8,8000,0.7732,0.1807,0.0023,0.0097
21,FakeSherbrooke,12,9,9000,0.7713,0.1873,0.0019,0.0066
21,FakeSherbrooke,12,10,10000,0.7716,0.1901,0.0003,0.0028
21,FakeSherbrooke,13,1,1000,0.782,0.0608,1.0,1.0
21,FakeSherbrooke,13,2,2000,0.777,0.0915,0.005,0.0307
21,FakeSherbrooke,13,3,3000,0.768,0.1236,0.009,0.0321
21,FakeSherbrooke,13,4,4000,0.7662,0.1439,0.0018,0.0203
21,FakeSherbrooke,13,5,5000,0.769,0.1564,0.0028,0.0124
21,FakeSherbrooke,13,6,6000,0.7707,0.1651,0.0017,0.0087
21,FakeSherbrooke,13,7,7000,0.7689,0.1746,0.0018,0.0095
21,FakeSherbrooke,13,8,8000,0.7681,0.1822,0.0007,0.0076
21,FakeSherbrooke,13,9,9000,0.7706,0.1854,0.0024,0.0032
21,FakeSherbrooke,13,10,10000,0.7703,0.1911,0.0003,0.0057
21,FakeSherbrooke,14,1,1000,0.809,0.047,1.0,1.0
21,FakeSherbrooke,14,2,2000,0.794,0.0811,0.015,0.0341
21,FakeSherbrooke,14,3,3000,0.792,0.1048,0.002,0.0238
21,FakeSherbrooke,14,4,4000,0.7885,0.1219,0.0035,0.0171
21,FakeSherbrooke,14,5,5000,0.7816,0.1389,0.0069,0.017
21,FakeSherbrooke,14,6,6000,0.7778,0.1557,0.0038,0.0168
21,FakeSherbrooke,14,7,7000,0.7783,0.1623,0.0005,0.0066
21,FakeSherbrooke,14,8,8000,0.7755,0.1733,0.0028,0.0109
21,FakeSherbrooke,14,9,9000,0.7753,0.1784,0.0002,0.0051
21,FakeSherbrooke,14,10,10000,0.7725,0.1858,0.0028,0.0074
21,FakeSherbrooke,15,1,1000,0.811,0.0449,1.0,1.0
21,FakeSherbrooke,15,2,2000,0.7785,0.0908,0.0325,0.0459
21,FakeSherbrooke,15,3,3000,0.7637,0.1275,0.0148,0.0367
21,FakeSherbrooke,15,4,4000,0.7638,0.1467,0.0001,0.0192
21,FakeSherbrooke,15,5,5000,0.7628,0.1645,0.001,0.0178
21,FakeSherbrooke,15,6,6000,0.7667,0.1699,0.0039,0.0054
21,FakeSherbrooke,15,7,7000,0.7661,0.1767,0.0005,0.0068
21,FakeSherbrooke,15,8,8000,0.7672,0.1822,0.0011,0.0055
21,FakeSherbrooke,15,9,9000,0.7672,0.1889,0.0,0.0067
21,FakeSherbrooke,15,10,10000,0.7654,0.1948,0.0018,0.0059
21,FakeSherbrooke,16,1,1000,0.8,0.0509,1.0,1.0
21,FakeSherbrooke,16,2,2000,0.784,0.0925,0.016,0.0416
21,FakeSherbrooke,16,3,3000,0.781,0.1163,0.003,0.0238
21,FakeSherbrooke,16,4,4000,0.7863,0.1252,0.0052,0.0089
21,FakeSherbrooke,16,5,5000,0.7806,0.1445,0.0056,0.0193
21,FakeSherbrooke,16,6,6000,0.779,0.1571,0.0016,0.0127
21,FakeSherbrooke,16,7,7000,0.7797,0.1647,0.0007,0.0076
21,FakeSherbrooke,16,8,8000,0.779,0.1724,0.0007,0.0076
21,FakeSherbrooke,16,9,9000,0.7792,0.1764,0.0002,0.004
21,FakeSherbrooke,16,10,10000,0.7775,0.1815,0.0017,0.0052
21,FakeSherbrooke,17,1,1000,0.803,0.051,1.0,1.0
21,FakeSherbrooke,17,2,2000,0.779,0.0925,0.024,0.0415
21,FakeSherbrooke,17,3,3000,0.7747,0.1187,0.0043,0.0262
21,FakeSherbrooke,17,4,4000,0.7752,0.1349,0.0006,0.0163
21,FakeSherbrooke,17,5,5000,0.7726,0.1524,0.0026,0.0174
21,FakeSherbrooke,17,6,6000,0.7663,0.1683,0.0063,0.0159
21,FakeSherbrooke,17,7,7000,0.7669,0.1769,0.0005,0.0086
21,FakeSherbrooke,17,8,8000,0.7668,0.1826,0.0001,0.0058
21,FakeSherbrooke,17,9,9000,0.7681,0.1879,0.0014,0.0053
21,FakeSherbrooke,17,10,10000,0.7667,0.1934,0.0014,0.0054
21,FakeSherbrooke,18,1,1000,0.782,0.0632,1.0,1.0
21,FakeSherbrooke,18,2,2000,0.769,0.1025,0.013,0.0393
21,FakeSherbrooke,18,3,3000,0.7707,0.1248,0.0017,0.0223
21,FakeSherbrooke,18,4,4000,0.7708,0.1402,0.0001,0.0153
21,FakeSherbrooke,18,5,5000,0.771,0.1534,0.0002,0.0132
21,FakeSherbrooke,18,6,6000,0.7683,0.1678,0.0027,0.0144
21,FakeSherbrooke,18,7,7000,0.7706,0.1743,0.0022,0.0065
21,FakeSherbrooke,18,8,8000,0.767,0.1853,0.0036,0.011
21,FakeSherbrooke,18,9,9000,0.7692,0.1882,0.0022,0.0028
21,FakeSherbrooke,18,10,10000,0.768,0.1933,0.0012,0.0051
21,FakeSherbrooke,19,1,1000,0.783,0.0585,1.0,1.0
21,FakeSherbrooke,19,2,2000,0.768,0.1,0.015,0.0415
21,FakeSherbrooke,19,3,3000,0.7663,0.1278,0.0017,0.0278
21,FakeSherbrooke,19,4,4000,0.7648,0.1463,0.0016,0.0185
21,FakeSherbrooke,19,5,5000,0.7642,0.1616,0.0006,0.0153
21,FakeSherbrooke,19,6,6000,0.7682,0.166,0.004,0.0044
21,FakeSherbrooke,19,7,7000,0.7686,0.1738,0.0004,0.0078
21,FakeSherbrooke,19,8,8000,0.7676,0.1822,0.0009,0.0084
21,FakeSherbrooke,19,9,9000,0.7687,0.1849,0.001,0.0026
21,FakeSherbrooke,19,10,10000,0.7686,0.1891,0.0001,0.0042
22,FakeSherbrooke,0,1,40,1.0,0.0,1.0,1.0
22,FakeSherbrooke,0,2,80,1.0,0.0,0.0,0.0
22,FakeSherbrooke,0,3,120,1.0,0.0,0.0,0.0
22,FakeSherbrooke,0,4,160,1.0,0.0,0.0,0.0
22,FakeSherbrooke,0,5,200,0.995,0.0001,0.005,0.0001
22,FakeSherbrooke,0,6,240,0.9875,0.0004,0.0075,0.0003
22,FakeSherbrooke,0,7,280,0.9893,0.0003,0.0018,0.0001
22,FakeSherbrooke,0,8,320,0.9906,0.0003,0.0013,0.0
22,FakeSherbrooke,0,9,360,0.9917,0.0002,0.001,0.0
22,FakeSherbrooke,0,10,400,0.9925,0.0002,0.0008,0.0
22,FakeSherbrooke,1,1,40,1.0,0.0,1.0,1.0
22,FakeSherbrooke,1,2,80,1.0,0.0,0.0,0.0
22,FakeSherbrooke,1,3,120,1.0,0.0,0.0,0.0
22,FakeSherbrooke,1,4,160,1.0,0.0,0.0,0.0
22,FakeSherbrooke,1,5,200,1.0,0.0,0.0,0.0
22,FakeSherbrooke,1,6,240,0.9958,0.0,0.0042,0.0
22,FakeSherbrooke,1,7,280,0.9964,0.0,0.0006,0.0
22,FakeSherbrooke,1,8,320,0.9938,0.0001,0.0027,0.0001
22,FakeSherbrooke,1,9,360,0.9944,0.0001,0.0007,0.0
22,FakeSherbrooke,1,10,400,0.995,0.0001,0.0006,0.0
22,FakeSherbrooke,2,1,40,1.0,0.0,1.0,1.0
22,FakeSherbrooke,2,2,80,1.0,0.0,0.0,0.0
22,FakeSherbrooke,2,3,120,1.0,0.0,0.0,0.0
22,FakeSherbrooke,2,4,160,1.0,0.0,0.0,0.0
22,FakeSherbrooke,2,5,200,1.0,0.0,0.0,0.0
22,FakeSherbrooke,2,6,240,1.0,0.0,0.0,0.0
22,FakeSherbrooke,2,7,280,1.0,0.0,0.0,0.0
22,FakeSherbrooke,2,8,320,1.0,0.0,0.0,0.0
22,FakeSherbrooke,2,9,360,1.0,0.0,0.0,0.0
22,FakeSherbrooke,2,10,400,1.0,0.0,0.0,0.0
22,FakeSherbrooke,3,1,40,0.99,0.0002,1.0,1.0
22,FakeSherbrooke,3,2,80,0.99,0.0001,0.0,0.0001
22,FakeSherbrooke,3,3,120,0.9917,0.0001,0.0017,0.0
22,FakeSherbrooke,3,4,160,0.9813,0.0006,0.0104,0.0005
22,FakeSherbrooke,3,5,200,0.985,0.0005,0.0037,0.0001
22,FakeSherbrooke,3,6,240,0.9875,0.0004,0.0025,0.0001
22,FakeSherbrooke,3,7,280,0.9893,0.0003,0.0018,0.0001
22,FakeSherbrooke,3,8,320,0.9875,0.0005,0.0018,0.0002
22,FakeSherbrooke,3,9,360,0.9889,0.0004,0.0014,0.0001
22,FakeSherbrooke,3,10,400,0.99,0.0004,0.0011,0.0
22,FakeSherbrooke,4,1,40,1.0,0.0,1.0,1.0
22,FakeSherbrooke,4,2,80,1.0,0.0,0.0,0.0
22,FakeSherbrooke,4,3,120,1.0,0.0,0.0,0.0
22,FakeSherbrooke,4,4,160,1.0,0.0,0.0,0.0
22,FakeSherbrooke,4,5,200,1.0,0.0,0.0,0.0
22,FakeSherbrooke,4,6,240,0.9958,0.0,0.0042,0.0
22,FakeSherbrooke,4,7,280,0.9964,0.0,0.0006,0.0
22,FakeSherbrooke,4,8,320,0.9938,0.0001,0.0027,0.0001
22,FakeSherbrooke,4,9,360,0.9944,0.0001,0.0007,0.0
22,FakeSherbrooke,4,10,400,0.9925,0.0002,0.0019,0.0001
22,FakeSherbrooke,5,1,40,0.99,0.0002,1.0,1.0
22,FakeSherbrooke,5,2,80,0.99,0.0001,0.0,0.0001
22,FakeSherbrooke,5,3,120,0.9833,0.0003,0.0067,0.0002
22,FakeSherbrooke,5,4,160,0.9813,0.0006,0.0021,0.0002
22,FakeSherbrooke,5,5,200,0.98,0.0008,0.0013,0.0002
22,FakeSherbrooke,5,6,240,0.9833,0.0007,0.0033,0.0001
22,FakeSherbrooke,5,7,280,0.9857,0.0006,0.0024,0.0001
22,FakeSherbrooke,5,8,320,0.9875,0.0005,0.0018,0.0001
22,FakeSherbrooke,5,9,360,0.9889,0.0004,0.0014,0.0001
22,FakeSherbrooke,5,10,400,0.99,0.0004,0.0011,0.0
22,FakeSherbrooke,6,1,40,1.0,0.0,1.0,1.0
22,FakeSherbrooke,6,2,80,1.0,0.0,0.0,0.0
22,FakeSherbrooke,6,3,120,1.0,0.0,0.0,0.0
22,FakeSherbrooke,6,4,160,0.9938,0.0001,0.0062,0.0001
22,FakeSherbrooke,6,5,200,0.995,0.0001,0.0012,0.0
22,FakeSherbrooke,6,6,240,0.9917,0.0002,0.0033,0.0001
22,FakeSherbrooke,6,7,280,0.9893,0.0003,0.0024,0.0002
22,FakeSherbrooke,6,8,320,0.9906,0.0003,0.0013,0.0
22,FakeSherbrooke,6,9,360,0.9917,0.0002,0.001,0.0
22,FakeSherbrooke,6,10,400,0.9925,0.0002,0.0008,0.0
22,FakeSherbrooke,7,1,40,0.99,0.0002,1.0,1.0
22,FakeSherbrooke,7,2,80,0.99,0.0001,0.0,0.0001
22,FakeSherbrooke,7,3,120,0.9833,0.0003,0.0067,0.0002
22,FakeSherbrooke,7,4,160,0.9875,0.0002,0.0042,0.0001
22,FakeSherbrooke,7,5,200,0.985,0.0005,0.0025,0.0002
22,FakeSherbrooke,7,6,240,0.9875,0.0004,0.0025,0.0001
22,FakeSherbrooke,7,7,280,0.9857,0.0006,0.0018,0.0002
22,FakeSherbrooke,7,8,320,0.9844,0.0008,0.0013,0.0002
22,FakeSherbrooke,7,9,360,0.9861,0.0007,0.0017,0.0001
22,FakeSherbrooke,7,10,400,0.9875,0.0006,0.0014,0.0001
22,FakeSherbrooke,8,1,40,0.99,0.0002,1.0,1.0
22,FakeSherbrooke,8,2,80,0.99,0.0001,0.0,0.0001
22,FakeSherbrooke,8,3,120,0.9917,0.0001,0.0017,0.0
22,FakeSherbrooke,8,4,160,0.9938,0.0001,0.0021,0.0
22,FakeSherbrooke,8,5,200,0.985,0.0005,0.0088,0.0004
22,FakeSherbrooke,8,6,240,0.9833,0.0007,0.0017,0.0002
22,FakeSherbrooke,8,7,280,0.9857,0.0006,0.0024,0.0001
22,FakeSherbrooke,8,8,320,0.9875,0.0005,0.0018,0.0001
22,FakeSherbrooke,8,9,360,0.9861,0.0007,0.0014,0.0002
22,FakeSherbrooke,8,10,400,0.9875,0.0006,0.0014,0.0001
22,FakeSherbrooke,9,1,40,1.0,0.0,1.0,1.0
22,FakeSherbrooke,9,2,80,1.0,0.0,0.0,0.0
22,FakeSherbrooke,9,3,120,0.9917,0.0001,0.0083,0.0001
22,FakeSherbrooke,9,4,160,0.9938,0.0001,0.0021,0.0
22,FakeSherbrooke,9,5,200,0.995,0.0001,0.0012,0.0
22,FakeSherbrooke,9,6,240,0.9958,0.0,0.0008,0.0
22,FakeSherbrooke,9,7,280,0.9964,0.0,0.0006,0.0
22,FakeSherbrooke,9,8,320,0.9969,0.0,0.0004,0.0
22,FakeSherbrooke,9,9,360,0.9972,0.0,0.0003,0.0
22,FakeSherbrooke,9,10,400,0.9975,0.0,0.0003,0.0
22,FakeSherbrooke,10,1,40,1.0,0.0,1.0,1.0
22,FakeSherbrooke,10,2,80,1.0,0.0,0.0,0.0
22,FakeSherbrooke,10,3,120,1.0,0.0,0.0,0.0
22,FakeSherbrooke,10,4,160,1.0,0.0,0.0,0.0
22,FakeSherbrooke,10,5,200,1.0,0.0,0.0,0.0
22,FakeSherbrooke,10,6,240,1.0,0.0,0.0,0.0
22,FakeSherbrooke,10,7,280,0.9964,0.0,0.0036,0.0
22,FakeSherbrooke,10,8,320,0.9969,0.0,0.0004,0.0
22,FakeSherbrooke,10,9,360,0.9972,0.0,0.0003,0.0
22,FakeSherbrooke,10,10,400,0.995,0.0001,0.0022,0.0001
22,FakeSherbrooke,11,1,40,1.0,0.0,1.0,1.0
22,FakeSherbrooke,11,2,80,1.0,0.0,0.0,0.0
22,FakeSherbrooke,11,3,120,1.0,0.0,0.0,0.0
22,FakeSherbrooke,11,4,160,1.0,0.0,0.0,0.0
22,FakeSherbrooke,11,5,200,1.0,0.0,0.0,0.0
22,FakeSherbrooke,11,6,240,1.0,0.0,0.0,0.0
22,FakeSherbrooke,11,7,280,1.0,0.0,0.0,0.0
22,FakeSherbrooke,11,8,320,1.0,0.0,0.0,0.0
22,FakeSherbrooke,11,9,360,0.9972,0.0,0.0028,0.0
22,FakeSherbrooke,11,10,400,0.9975,0.0,0.0003,0.0
22,FakeSherbrooke,12,1,40,0.99,0.0002,1.0,1.0
22,FakeSherbrooke,12,2,80,0.99,0.0001,0.0,0.0001
22,FakeSherbrooke,12,3,120,0.9917,0.0001,0.0017,0.0
22,FakeSherbrooke,12,4,160,0.9938,0.0001,0.0021,0.0
22,FakeSherbrooke,12,5,200,0.99,0.0002,0.0038,0.0001
22,FakeSherbrooke,12,6,240,0.9917,0.0002,0.0017,0.0
22,FakeSherbrooke,12,7,280,0.9929,0.0001,0.0012,0.0
22,FakeSherbrooke,12,8,320,0.9938,0.0001,0.0009,0.0
22,FakeSherbrooke,12,9,360,0.9917,0.0002,0.0021,0.0001
22,FakeSherbrooke,12,10,400,0.9925,0.0002,0.0008,0.0
22,FakeSherbrooke,13,1,40,1.0,0.0,1.0,1.0
22,FakeSherbrooke,13,2,80,1.0,0.0,0.0,0.0
22,FakeSherbrooke,13,3,120,1.0,0.0,0.0,0.0
22,FakeSherbrooke,13,4,160,1.0,0.0,0.0,0.0
22,FakeSherbrooke,13,5,200,1.0,0.0,0.0,0.0
22,FakeSherbrooke,13,6,240,0.9958,0.0,0.0042,0.0
22,FakeSherbrooke,13,7,280,0.9964,0.0,0.0006,0.0
22,FakeSherbrooke,13,8,320,0.9969,0.0,0.0004,0.0
22,FakeSherbrooke,13,9,360,0.9972,0.0,0.0003,0.0
22,FakeSherbrooke,13,10,400,0.9925,0.0002,0.0047,0.0002
22,FakeSherbrooke,14,1,40,1.0,0.0,1.0,1.0
22,FakeSherbrooke,14,2,80,1.0,0.0,0.0,0.0
22,FakeSherbrooke,14,3,120,1.0,0.0,0.0,0.0
22,FakeSherbrooke,14,4,160,0.9938,0.0001,0.0062,0.0001
22,FakeSherbrooke,14,5,200,0.995,0.0001,0.0012,0.0
22,FakeSherbrooke,14,6,240,0.9958,0.0,0.0008,0.0
22,FakeSherbrooke,14,7,280,0.9964,0.0,0.0006,0.0
22,FakeSherbrooke,14,8,320,0.9969,0.0,0.0004,0.0
22,FakeSherbrooke,14,9,360,0.9972,0.0,0.0003,0.0
22,FakeSherbrooke,14,10,400,0.9975,0.0,0.0003,0.0
22,FakeSherbrooke,15,1,40,1.0,0.0,1.0,1.0
22,FakeSherbrooke,15,2,80,0.99,0.0001,0.01,0.0001
22,FakeSherbrooke,15,3,120,0.9917,0.0001,0.0017,0.0
22,FakeSherbrooke,15,4,160,0.9875,0.0002,0.0042,0.0002
22,FakeSherbrooke,15,5,200,0.99,0.0002,0.0025,0.0
22,FakeSherbrooke,15,6,240,0.9875,0.0004,0.0025,0.0002
22,FakeSherbrooke,15,7,280,0.9893,0.0003,0.0018,0.0001
22,FakeSherbrooke,15,8,320,0.9875,0.0005,0.0018,0.0002
22,FakeSherbrooke,15,9,360,0.9889,0.0004,0.0014,0.0001
22,FakeSherbrooke,15,10,400,0.99,0.0004,0.0011,0.0
22,FakeSherbrooke,16,1,40,0.99,0.0002,1.0,1.0
22,FakeSherbrooke,16,2,80,0.99,0.0001,0.0,0.0001
22,FakeSherbrooke,16,3,120,0.9917,0.0001,0.0017,0.0
22,FakeSherbrooke,16,4,160,0.9938,0.0001,0.0021,0.0
22,FakeSherbrooke,16,5,200,0.99,0.0002,0.0038,0.0001
22,FakeSherbrooke,16,6,240,0.9917,0.0002,0.0017,0.0
22,FakeSherbrooke,16,7,280,0.9929,0.0001,0.0012,0.0
22,FakeSherbrooke,16,8,320,0.9938,0.0001,0.0009,0.0
22,FakeSherbrooke,16,9,360,0.9889,0.0004,0.0049,0.0003
22,FakeSherbrooke,16,10,400,0.99,0.0004,0.0011,0.0
22,FakeSherbrooke,17,1,40,1.0,0.0,1.0,1.0
22,FakeSherbrooke,17,2,80,1.0,0.0,0.0,0.0
22,FakeSherbrooke,17,3,120,1.0,0.0,0.0,0.0
22,FakeSherbrooke,17,4,160,1.0,0.0,0.0,0.0
22,FakeSherbrooke,17,5,200,1.0,0.0,0.0,0.0
22,FakeSherbrooke,17,6,240,1.0,0.0,0.0,0.0
22,FakeSherbrooke,17,7,280,1.0,0.0,0.0,0.0
22,FakeSherbrooke,17,8,320,0.9938,0.0001,0.0062,0.0001
22,FakeSherbrooke,17,9,360,0.9944,0.0001,0.0007,0.0
22,FakeSherbrooke,17,10,400,0.995,0.0001,0.0006,0.0
22,FakeSherbrooke,18,1,40,0.99,0.0002,1.0,1.0
22,FakeSherbrooke,18,2,80,0.99,0.0001,0.0,0.0001
22,FakeSherbrooke,18,3,120,0.9833,0.0003,0.0067,0.0002
22,FakeSherbrooke,18,4,160,0.9875,0.0002,0.0042,0.0001
22,FakeSherbrooke,18,5,200,0.99,0.0002,0.0025,0.0
22,FakeSherbrooke,18,6,240,0.9875,0.0004,0.0025,0.0002
22,FakeSherbrooke,18,7,280,0.9893,0.0003,0.0018,0.0001
22,FakeSherbrooke,18,8,320,0.9906,0.0003,0.0013,0.0
22,FakeSherbrooke,18,9,360,0.9917,0.0002,0.001,0.0
22,FakeSherbrooke,18,10,400,0.9925,0.0002,0.0008,0.0
22,FakeSherbrooke,19,1,40,1.0,0.0,1.0,1.0
22,FakeSherbrooke,19,2,80,0.99,0.0001,0.01,0.0001
22,FakeSherbrooke,19,3,120,0.9833,0.0003,0.0067,0.0002
22,FakeSherbrooke,19,4,160,0.9813,0.0006,0.0021,0.0002
22,FakeSherbrooke,19,5,200,0.975,0.0013,0.0063,0.0007
22,FakeSherbrooke,19,6,240,0.9792,0.001,0.0042,0.0002
22,FakeSherbrooke,19,7,280,0.9786,0.0013,0.0006,0.0002
22,FakeSherbrooke,19,8,320,0.9813,0.0011,0.0027,0.0002
22,FakeSherbrooke,19,9,360,0.9833,0.001,0.0021,0.0001
22,FakeSherbrooke,19,10,400,0.985,0.0009,0.0017,0.0001
23,FakeSherbrooke,0,1,400,0.9675,0.0325,1.0,1.0
23,FakeSherbrooke,0,2,800,0.97,0.03,0.0025,0.0025
23,FakeSherbrooke,0,3,1200,0.97,0.03,0.0,0.0
23,FakeSherbrooke,0,4,1600,0.9706,0.0294,0.0006,0.0006
23,FakeSherbrooke,0,5,2000,0.9725,0.0275,0.0019,0.0019
23,FakeSherbrooke,0,6,2400,0.9738,0.0262,0.0012,0.0013
23,FakeSherbrooke,0,7,2800,0.9729,0.0271,0.0009,0.0009
23,FakeSherbrooke,0,8,3200,0.9728,0.0272,0.0,0.0
23,FakeSherbrooke,0,9,3600,0.9742,0.0258,0.0014,0.0014
23,FakeSherbrooke,0,10,4000,0.9748,0.0253,0.0006,0.0006
23,FakeSherbrooke,1,1,400,0.9675,0.0325,1.0,1.0
23,FakeSherbrooke,1,2,800,0.97,0.03,0.0025,0.0025
23,FakeSherbrooke,1,3,1200,0.97,0.03,0.0,0.0
23,FakeSherbrooke,1,4,1600,0.9706,0.0294,0.0006,0.0006
23,FakeSherbrooke,1,5,2000,0.9725,0.0275,0.0019,0.0019
23,FakeSherbrooke,1,6,2400,0.9738,0.0262,0.0012,0.0013
23,FakeSherbrooke,1,7,2800,0.9729,0.0271,0.0009,0.0009
23,FakeSherbrooke,1,8,3200,0.9728,0.0272,0.0,0.0
23,FakeSherbrooke,1,9,3600,0.9742,0.0258,0.0014,0.0014
23,FakeSherbrooke,1,10,4000,0.9748,0.0253,0.0006,0.0006
23,FakeSherbrooke,2,1,400,0.9675,0.0325,1.0,1.0
23,FakeSherbrooke,2,2,800,0.97,0.03,0.0025,0.0025
23,FakeSherbrooke,2,3,1200,0.97,0.03,0.0,0.0
23,FakeSherbrooke,2,4,1600,0.9706,0.0294,0.0006,0.0006
23,FakeSherbrooke,2,5,2000,0.9725,0.0275,0.0019,0.0019
23,FakeSherbrooke,2,6,2400,0.9738,0.0262,0.0012,0.0013
23,FakeSherbrooke,2,7,2800,0.9729,0.0271,0.0009,0.0009
23,FakeSherbrooke,2,8,3200,0.9728,0.0272,0.0,0.0
23,FakeSherbrooke,2,9,3600,0.9742,0.0258,0.0014,0.0014
23,FakeSherbrooke,2,10,4000,0.9748,0.0253,0.0006,0.0006
23,FakeSherbrooke,3,1,400,0.9675,0.0325,1.0,1.0
23,FakeSherbrooke,3,2,800,0.97,0.03,0.0025,0.0025
23,FakeSherbrooke,3,3,1200,0.97,0.03,0.0,0.0
23,FakeSherbrooke,3,4,1600,0.9706,0.0294,0.0006,0.0006
23,FakeSherbrooke,3,5,2000,0.9725,0.0275,0.0019,0.0019
23,FakeSherbrooke,3,6,2400,0.9738,0.0262,0.0012,0.0013
23,FakeSherbrooke,3,7,2800,0.9729,0.0271,0.0009,0.0009
23,FakeSherbrooke,3,8,3200,0.9728,0.0272,0.0,0.0
23,FakeSherbrooke,3,9,3600,0.9742,0.0258,0.0014,0.0014
23,FakeSherbrooke,3,10,4000,0.9748,0.0253,0.0006,0.0006
23,FakeSherbrooke,4,1,400,0.97,0.03,1.0,1.0
23,FakeSherbrooke,4,2,800,0.9712,0.0288,0.0012,0.0012
23,FakeSherbrooke,4,3,1200,0.9708,0.0292,0.0004,0.0004
23,FakeSherbrooke,4,4,1600,0.9712,0.0288,0.0004,0.0004
23,FakeSherbrooke,4,5,2000,0.973,0.027,0.0018,0.0017
23,FakeSherbrooke,4,6,2400,0.9742,0.0258,0.0012,0.0012
23,FakeSherbrooke,4,7,2800,0.9732,0.0268,0.001,0.001
23,FakeSherbrooke,4,8,3200,0.9731,0.0269,0.0001,0.0001
23,FakeSherbrooke,4,9,3600,0.9744,0.0256,0.0013,0.0013
23,FakeSherbrooke,4,10,4000,0.975,0.025,0.0006,0.0006
23,FakeSherbrooke,5,1,400,0.97,0.03,1.0,1.0
23,FakeSherbrooke,5,2,800,0.9712,0.0288,0.0012,0.0012
23,FakeSherbrooke,5,3,1200,0.9708,0.0292,0.0004,0.0004
23,FakeSherbrooke,5,4,1600,0.9712,0.0288,0.0004,0.0004
23,FakeSherbrooke,5,5,2000,0.973,0.027,0.0018,0.0017
23,FakeSherbrooke,5,6,2400,0.9742,0.0258,0.0012,0.0012
23,FakeSherbrooke,5,7,2800,0.9732,0.0268,0.001,0.001
23,FakeSherbrooke,5,8,3200,0.9731,0.0269,0.0001,0.0001
23,FakeSherbrooke,5,9,3600,0.9744,0.0256,0.0013,0.0013
23,FakeSherbrooke,5,10,4000,0.975,0.025,0.0006,0.0006
23,FakeSherbrooke,6,1,400,0.97,0.03,1.0,1.0
23,FakeSherbrooke,6,2,800,0.9712,0.0288,0.0012,0.0012
23,FakeSherbrooke,6,3,1200,0.9708,0.0292,0.0004,0.0004
23,FakeSherbrooke,6,4,1600,0.9712,0.0288,0.0004,0.0004
23,FakeSherbrooke,6,5,2000,0.973,0.027,0.0018,0.0017
23,FakeSherbrooke,6,6,2400,0.9738,0.0262,0.0008,0.0008
23,FakeSherbrooke,6,7,2800,0.9732,0.0268,0.0005,0.0005
23,FakeSherbrooke,6,8,3200,0.9731,0.0269,0.0001,0.0001
23,FakeSherbrooke,6,9,3600,0.9744,0.0256,0.0013,0.0013
23,FakeSherbrooke,6,10,4000,0.975,0.025,0.0006,0.0006
23,FakeSherbrooke,7,1,400,0.97,0.03,1.0,1.0
23,FakeSherbrooke,7,2,800,0.9712,0.0288,0.0012,0.0012
23,FakeSherbrooke,7,3,1200,0.9708,0.0292,0.0004,0.0004
23,FakeSherbrooke,7,4,1600,0.9712,0.0288,0.0004,0.0004
23,FakeSherbrooke,7,5,2000,0.973,0.027,0.0018,0.0017
23,FakeSherbrooke,7,6,2400,0.9738,0.0262,0.0008,0.0008
23,FakeSherbrooke,7,7,2800,0.9732,0.0268,0.0005,0.0005
23,FakeSherbrooke,7,8,3200,0.9731,0.0269,0.0001,0.0001
23,FakeSherbrooke,7,9,3600,0.9744,0.0256,0.0013,0.0013
23,FakeSherbrooke,7,10,4000,0.975,0.025,0.0006,0.0006
23,FakeSherbrooke,8,1,400,0.97,0.03,1.0,1.0
23,FakeSherbrooke,8,2,800,0.9712,0.0288,0.0012,0.0012
23,FakeSherbrooke,8,3,1200,0.9708,0.0292,0.0004,0.0004
23,FakeSherbrooke,8,4,1600,0.9712,0.0288,0.0004,0.0004
23,FakeSherbrooke,8,5,2000,0.973,0.027,0.0018,0.0017
23,FakeSherbrooke,8,6,2400,0.9733,0.0267,0.0003,0.0003
23,FakeSherbrooke,8,7,2800,0.9732,0.0268,0.0001,0.0001
23,FakeSherbrooke,8,8,3200,0.9731,0.0269,0.0001,0.0001
23,FakeSherbrooke,8,9,3600,0.9744,0.0256,0.0013,0.0013
23,FakeSherbrooke,8,10,4000,0.975,0.025,0.0006,0.0006
23,FakeSherbrooke,9,1,400,0.97,0.03,1.0,1.0
23,FakeSherbrooke,9,2,800,0.97,0.03,0.0,0.0
23,FakeSherbrooke,9,3,1200,0.9708,0.0292,0.0008,0.0008
23,FakeSherbrooke,9,4,1600,0.9712,0.0288,0.0004,0.0004
23,FakeSherbrooke,9,5,2000,0.973,0.027,0.0018,0.0017
23,FakeSherbrooke,9,6,2400,0.9733,0.0267,0.0003,0.0003
23,FakeSherbrooke,9,7,2800,0.9732,0.0268,0.0001,0.0001
23,FakeSherbrooke,9,8,3200,0.9731,0.0269,0.0001,0.0001
23,FakeSherbrooke,9,9,3600,0.9744,0.0256,0.0013,0.0013
23,FakeSherbrooke,9,10,4000,0.975,0.025,0.0006,0.0006
23,FakeSherbrooke,10,1,400,0.97,0.03,1.0,1.0
23,FakeSherbrooke,10,2,800,0.97,0.03,0.0,0.0
23,FakeSherbrooke,10,3,1200,0.9708,0.0292,0.0008,0.0008
23,FakeSherbrooke,10,4,1600,0.9712,0.0288,0.0004,0.0004
23,FakeSherbrooke,10,5,2000,0.973,0.027,0.0018,0.0017
23,FakeSherbrooke,10,6,2400,0.9733,0.0267,0.0003,0.0003
23,FakeSherbrooke,10,7,2800,0.9732,0.0268,0.0001,0.0001
23,FakeSherbrooke,10,8,3200,0.9731,0.0269,0.0001,0.0001
23,FakeSherbrooke,10,9,3600,0.9744,0.0256,0.0013,0.0013
23,FakeSherbrooke,10,10,4000,0.975,0.025,0.0006,0.0006
23,FakeSherbrooke,11,1,400,0.97,0.03,1.0,1.0
23,FakeSherbrooke,11,2,800,0.97,0.03,0.0,0.0
23,FakeSherbrooke,11,3,1200,0.9708,0.0292,0.0008,0.0008
23,FakeSherbrooke,11,4,1600,0.9712,0.0288,0.0004,0.0004
23,FakeSherbrooke,11,5,2000,0.973,0.027,0.0018,0.0017
23,FakeSherbrooke,11,6,2400,0.9733,0.0267,0.0003,0.0003
23,FakeSherbrooke,11,7,2800,0.9732,0.0268,0.0001,0.0001
23,FakeSherbrooke,11,8,3200,0.9731,0.0269,0.0001,0.0001
23,FakeSherbrooke,11,9,3600,0.9744,0.0256,0.0013,0.0013
23,FakeSherbrooke,11,10,4000,0.975,0.025,0.0006,0.0006
23,FakeSherbrooke,12,1,400,0.97,0.03,1.0,1.0
23,FakeSherbrooke,12,2,800,0.97,0.03,0.0,0.0
23,FakeSherbrooke,12,3,1200,0.9708,0.0292,0.0008,0.0008
23,FakeSherbrooke,12,4,1600,0.9712,0.0288,0.0004,0.0004
23,FakeSherbrooke,12,5,2000,0.973,0.027,0.0018,0.0017
23,FakeSherbrooke,12,6,2400,0.9733,0.0267,0.0003,0.0003
23,FakeSherbrooke,12,7,2800,0.9732,0.0268,0.0001,0.0001
23,FakeSherbrooke,12,8,3200,0.9731,0.0269,0.0001,0.0001
23,FakeSherbrooke,12,9,3600,0.9744,0.0256,0.0013,0.0013
23,FakeSherbrooke,12,10,4000,0.975,0.025,0.0006,0.0006
23,FakeSherbrooke,13,1,400,0.97,0.03,1.0,1.0
23,FakeSherbrooke,13,2,800,0.97,0.03,0.0,0.0
23,FakeSherbrooke,13,3,1200,0.9708,0.0292,0.0008,0.0008
23,FakeSherbrooke,13,4,1600,0.9712,0.0288,0.0004,0.0004
23,FakeSherbrooke,13,5,2000,0.973,0.027,0.0018,0.0017
23,FakeSherbrooke,13,6,2400,0.9733,0.0267,0.0003,0.0003
23,FakeSherbrooke,13,7,2800,0.9732,0.0268,0.0001,0.0001
23,FakeSherbrooke,13,8,3200,0.9731,0.0269,0.0001,0.0001
23,FakeSherbrooke,13,9,3600,0.9744,0.0256,0.0013,0.0013
23,FakeSherbrooke,13,10,4000,0.975,0.025,0.0006,0.0006
23,FakeSherbrooke,14,1,400,0.97,0.03,1.0,1.0
23,FakeSherbrooke,14,2,800,0.97,0.03,0.0,0.0
23,FakeSherbrooke,14,3,1200,0.9708,0.0292,0.0008,0.0008
23,FakeSherbrooke,14,4,1600,0.9712,0.0288,0.0004,0.0004
23,FakeSherbrooke,14,5,2000,0.973,0.027,0.0018,0.0017
23,FakeSherbrooke,14,6,2400,0.9733,0.0267,0.0003,0.0003
23,FakeSherbrooke,14,7,2800,0.9732,0.0268,0.0001,0.0001
23,FakeSherbrooke,14,8,3200,0.9731,0.0269,0.0001,0.0001
23,FakeSherbrooke,14,9,3600,0.9744,0.0256,0.0013,0.0013
23,FakeSherbrooke,14,10,4000,0.975,0.025,0.0006,0.0006
23,FakeSherbrooke,15,1,400,0.97,0.03,1.0,1.0
23,FakeSherbrooke,15,2,800,0.97,0.03,0.0,0.0
23,FakeSherbrooke,15,3,1200,0.9708,0.0292,0.0008,0.0008
23,FakeSherbrooke,15,4,1600,0.9712,0.0288,0.0004,0.0004
23,FakeSherbrooke,15,5,2000,0.973,0.027,0.0018,0.0017
23,FakeSherbrooke,15,6,2400,0.9733,0.0267,0.0003,0.0003
23,FakeSherbrooke,15,7,2800,0.9732,0.0268,0.0001,0.0001
23,FakeSherbrooke,15,8,3200,0.9731,0.0269,0.0001,0.0001
23,FakeSherbrooke,15,9,3600,0.9744,0.0256,0.0013,0.0013
23,FakeSherbrooke,15,10,4000,0.975,0.025,0.0006,0.0006
23,FakeSherbrooke,16,1,400,0.97,0.03,1.0,1.0
23,FakeSherbrooke,16,2,800,0.97,0.03,0.0,0.0
23,FakeSherbrooke,16,3,1200,0.9708,0.0292,0.0008,0.0008
23,FakeSherbrooke,16,4,1600,0.9712,0.0288,0.0004,0.0004
23,FakeSherbrooke,16,5,2000,0.973,0.027,0.0018,0.0017
23,FakeSherbrooke,16,6,2400,0.9733,0.0267,0.0003,0.0003
23,FakeSherbrooke,16,7,2800,0.9732,0.0268,0.0001,0.0001
23,FakeSherbrooke,16,8,3200,0.9731,0.0269,0.0001,0.0001
23,FakeSherbrooke,16,9,3600,0.9744,0.0256,0.0013,0.0013
23,FakeSherbrooke,16,10,4000,0.975,0.025,0.0006,0.0006
23,FakeSherbrooke,17,1,400,0.97,0.03,1.0,1.0
23,FakeSherbrooke,17,2,800,0.97,0.03,0.0,0.0
23,FakeSherbrooke,17,3,1200,0.9708,0.0292,0.0008,0.0008
23,FakeSherbrooke,17,4,1600,0.9712,0.0288,0.0004,0.0004
23,FakeSherbrooke,17,5,2000,0.973,0.027,0.0018,0.0017
23,FakeSherbrooke,17,6,2400,0.9733,0.0267,0.0003,0.0003
23,FakeSherbrooke,17,7,2800,0.9732,0.0268,0.0001,0.0001
23,FakeSherbrooke,17,8,3200,0.9731,0.0269,0.0001,0.0001
23,FakeSherbrooke,17,9,3600,0.9744,0.0256,0.0013,0.0013
23,FakeSherbrooke,17,10,4000,0.975,0.025,0.0006,0.0006
23,FakeSherbrooke,18,1,400,0.97,0.03,1.0,1.0
23,FakeSherbrooke,18,2,800,0.97,0.03,0.0,0.0
23,FakeSherbrooke,18,3,1200,0.9708,0.0292,0.0008,0.0008
23,FakeSherbrooke,18,4,1600,0.9712,0.0288,0.0004,0.0004
23,FakeSherbrooke,18,5,2000,0.973,0.027,0.0018,0.0017
23,FakeSherbrooke,18,6,2400,0.9733,0.0267,0.0003,0.0003
23,FakeSherbrooke,18,7,2800,0.9732,0.0268,0.0001,0.0001
23,FakeSherbrooke,18,8,3200,0.9731,0.0269,0.0001,0.0001
23,FakeSherbrooke,18,9,3600,0.9744,0.0256,0.0013,0.0013
23,FakeSherbrooke,18,10,4000,0.975,0.025,0.0006,0.0006
23,FakeSherbrooke,19,1,400,0.97,0.03,1.0,1.0
23,FakeSherbrooke,19,2,800,0.97,0.03,0.0,0.0
23,FakeSherbrooke,19,3,1200,0.9708,0.0292,0.0008,0.0008
23,FakeSherbrooke,19,4,1600,0.9712,0.0288,0.0004,0.0004
23,FakeSherbrooke,19,5,2000,0.973,0.027,0.0018,0.0017
23,FakeSherbrooke,19,6,2400,0.9733,0.0267,0.0003,0.0003
23,FakeSherbrooke,19,7,2800,0.9732,0.0268,0.0001,0.0001
23,FakeSherbrooke,19,8,3200,0.9731,0.0269,0.0001,0.0001
23,FakeSherbrooke,19,9,3600,0.9744,0.0256,0.0013,0.0013
23,FakeSherbrooke,19,10,4000,0.975,0.025,0.0006,0.0006
24,FakeSherbrooke,0,1,102,0.3824,0.6141,1.0,1.0
24,FakeSherbrooke,0,2,204,0.3578,0.6801,0.0245,0.066
24,FakeSherbrooke,0,3,306,0.3497,0.7184,0.0082,0.0383
24,FakeSherbrooke,0,4,408,0.3382,0.732,0.0114,0.0136
24,FakeSherbrooke,0,5,510,0.3196,0.7502,0.0186,0.0182
24,FakeSherbrooke,0,6,612,0.3088,0.7626,0.0108,0.0123
24,FakeSherbrooke,0,7,714,0.3123,0.7587,0.0035,0.0039
24,FakeSherbrooke,0,8,816,0.3088,0.7655,0.0035,0.0069
24,FakeSherbrooke,0,9,918,0.3072,0.7597,0.0016,0.0058
24,FakeSherbrooke,0,10,1024,0.3049,0.7601,0.0023,0.0004
24,FakeSherbrooke,1,1,102,0.4804,0.4947,1.0,1.0
24,FakeSherbrooke,1,2,204,0.4363,0.6169,0.0441,0.1221
24,FakeSherbrooke,1,3,306,0.4052,0.6524,0.031,0.0356
24,FakeSherbrooke,1,4,408,0.3725,0.686,0.0327,0.0336
24,FakeSherbrooke,1,5,510,0.3667,0.6832,0.0059,0.0029
24,FakeSherbrooke,1,6,612,0.3611,0.6925,0.0056,0.0093
24,FakeSherbrooke,1,7,714,0.3641,0.694,0.003,0.0015
24,FakeSherbrooke,1,8,816,0.3725,0.6901,0.0084,0.0039
24,FakeSherbrooke,1,9,918,0.378,0.6874,0.0054,0.0027
24,FakeSherbrooke,1,10,1024,0.3772,0.6874,0.0008,0.0
24,FakeSherbrooke,2,1,102,0.3529,0.6382,1.0,1.0
24,FakeSherbrooke,2,2,204,0.3235,0.7228,0.0294,0.0845
24,FakeSherbrooke,2,3,306,0.3333,0.7333,0.0098,0.0106
24,FakeSherbrooke,2,4,408,0.3235,0.743,0.0098,0.0097
24,FakeSherbrooke,2,5,510,0.3314,0.7342,0.0078,0.0088
24,FakeSherbrooke,2,6,612,0.3137,0.7426,0.0176,0.0085
24,FakeSherbrooke,2,7,714,0.3165,0.736,0.0028,0.0066
24,FakeSherbrooke,2,8,816,0.3223,0.7409,0.0058,0.0048
24,FakeSherbrooke,2,9,918,0.3181,0.7422,0.0042,0.0014
24,FakeSherbrooke,2,10,1024,0.3176,0.7449,0.0005,0.0027
24,FakeSherbrooke,3,1,102,0.4902,0.4642,1.0,1.0
24,FakeSherbrooke,3,2,204,0.4314,0.5551,0.0588,0.0909
24,FakeSherbrooke,3,3,306,0.4118,0.603,0.0196,0.0479
24,FakeSherbrooke,3,4,408,0.4167,0.6058,0.0049,0.0029
24,FakeSherbrooke,3,5,510,0.4137,0.6149,0.0029,0.009
24,FakeSherbrooke,3,6,612,0.4036,0.6301,0.0101,0.0152
24,FakeSherbrooke,3,7,714,0.4034,0.6323,0.0002,0.0022
24,FakeSherbrooke,3,8,816,0.3922,0.6453,0.0112,0.013
24,FakeSherbrooke,3,9,918,0.3867,0.6513,0.0054,0.006
24,FakeSherbrooke,3,10,1024,0.3812,0.6585,0.0055,0.0072
24,FakeSherbrooke,4,1,102,0.3824,0.5899,1.0,1.0
24,FakeSherbrooke,4,2,204,0.3333,0.7223,0.049,0.1324
24,FakeSherbrooke,4,3,306,0.3203,0.7729,0.0131,0.0506
24,FakeSherbrooke,4,4,408,0.3407,0.7633,0.0204,0.0096
24,FakeSherbrooke,4,5,510,0.3235,0.7849,0.0172,0.0217
24,FakeSherbrooke,4,6,612,0.3154,0.7955,0.0082,0.0105
24,FakeSherbrooke,4,7,714,0.3039,0.8054,0.0114,0.0099
24,FakeSherbrooke,4,8,816,0.2941,0.8112,0.0098,0.0058
24,FakeSherbrooke,4,9,918,0.2865,0.8108,0.0076,0.0005
24,FakeSherbrooke,4,10,1024,0.2849,0.8107,0.0015,0.0
24,FakeSherbrooke,5,1,102,0.4412,0.5025,1.0,1.0
24,FakeSherbrooke,5,2,204,0.3676,0.6158,0.0735,0.1132
24,FakeSherbrooke,5,3,306,0.3431,0.7263,0.0245,0.1105
24,FakeSherbrooke,5,4,408,0.3137,0.768,0.0294,0.0417
24,FakeSherbrooke,5,5,510,0.3118,0.775,0.002,0.0071
24,FakeSherbrooke,5,6,612,0.317,0.7671,0.0052,0.008
24,FakeSherbrooke,5,7,714,0.3025,0.7805,0.0145,0.0135
24,FakeSherbrooke,5,8,816,0.2978,0.7877,0.0047,0.0072
24,FakeSherbrooke,5,9,918,0.2996,0.7929,0.0018,0.0052
24,FakeSherbrooke,5,10,1024,0.2911,0.7996,0.0084,0.0067
24,FakeSherbrooke,6,1,102,0.4118,0.5465,1.0,1.0
24,FakeSherbrooke,6,2,204,0.4069,0.6311,0.0049,0.0846
24,FakeSherbrooke,6,3,306,0.3824,0.6632,0.0245,0.032
24,FakeSherbrooke,6,4,408,0.402,0.664,0.0196,0.0008
24,FakeSherbrooke,6,5,510,0.4,0.6646,0.002,0.0007
24,FakeSherbrooke,6,6,612,0.3922,0.6793,0.0078,0.0146
24,FakeSherbrooke,6,7,714,0.3866,0.686,0.0056,0.0067
24,FakeSherbrooke,6,8,816,0.375,0.6922,0.0116,0.0063
24,FakeSherbrooke,6,9,918,0.3758,0.6917,0.0008,0.0005
24,FakeSherbrooke,6,10,1024,0.3721,0.6966,0.0037,0.0049
24,FakeSherbrooke,7,1,102,0.3725,0.5729,1.0,1.0
24,FakeSherbrooke,7,2,204,0.3922,0.6169,0.0196,0.044
24,FakeSherbrooke,7,3,306,0.3693,0.6398,0.0229,0.023
24,FakeSherbrooke,7,4,408,0.348,0.6907,0.0212,0.0509
24,FakeSherbrooke,7,5,510,0.3529,0.6898,0.0049,0.0009
24,FakeSherbrooke,7,6,612,0.3529,0.6907,0.0,0.0009
24,FakeSherbrooke,7,7,714,0.3487,0.6943,0.0042,0.0035
24,FakeSherbrooke,7,8,816,0.3517,0.6931,0.003,0.0012
24,FakeSherbrooke,7,9,918,0.3519,0.6953,0.0001,0.0022
24,FakeSherbrooke,7,10,1024,0.3431,0.708,0.0088,0.0127
24,FakeSherbrooke,8,1,102,0.4314,0.5397,1.0,1.0
24,FakeSherbrooke,8,2,204,0.3873,0.6577,0.0441,0.118
24,FakeSherbrooke,8,3,306,0.3758,0.6803,0.0114,0.0226
24,FakeSherbrooke,8,4,408,0.3627,0.6999,0.0131,0.0195
24,FakeSherbrooke,8,5,510,0.3588,0.6966,0.0039,0.0033
24,FakeSherbrooke,8,6,612,0.3546,0.7042,0.0042,0.0076
24,FakeSherbrooke,8,7,714,0.3445,0.7075,0.01,0.0034
24,FakeSherbrooke,8,8,816,0.3468,0.7134,0.0023,0.0059
24,FakeSherbrooke,8,9,918,0.3399,0.7206,0.0069,0.0072
24,FakeSherbrooke,8,10,1024,0.3449,0.7145,0.0051,0.0062
24,FakeSherbrooke,9,1,102,0.3922,0.5753,1.0,1.0
24,FakeSherbrooke,9,2,204,0.3529,0.6634,0.0392,0.0882
24,FakeSherbrooke,9,3,306,0.3399,0.7098,0.0131,0.0464
24,FakeSherbrooke,9,4,408,0.3333,0.7394,0.0065,0.0296
24,FakeSherbrooke,9,5,510,0.3157,0.7553,0.0176,0.0159
24,FakeSherbrooke,9,6,612,0.3105,0.7635,0.0052,0.0082
24,FakeSherbrooke,9,7,714,0.2997,0.7698,0.0107,0.0062
24,FakeSherbrooke,9,8,816,0.2953,0.773,0.0044,0.0033
24,FakeSherbrooke,9,9,918,0.293,0.7807,0.0023,0.0076
24,FakeSherbrooke,9,10,1024,0.286,0.7846,0.007,0.0039
24,FakeSherbrooke,10,1,102,0.4118,0.517,1.0,1.0
24,FakeSherbrooke,10,2,204,0.3529,0.6938,0.0588,0.1769
24,FakeSherbrooke,10,3,306,0.3431,0.7095,0.0098,0.0156
24,FakeSherbrooke,10,4,408,0.348,0.7162,0.0049,0.0067
24,FakeSherbrooke,10,5,510,0.3431,0.7249,0.0049,0.0087
24,FakeSherbrooke,10,6,612,0.3333,0.7243,0.0098,0.0006
24,FakeSherbrooke,10,7,714,0.3319,0.7243,0.0014,0.0
24,FakeSherbrooke,10,8,816,0.3284,0.7234,0.0035,0.0008
24,FakeSherbrooke,10,9,918,0.3235,0.7253,0.0049,0.0019
24,FakeSherbrooke,10,10,1024,0.3174,0.7277,0.0061,0.0023
24,FakeSherbrooke,11,1,102,0.4118,0.5763,1.0,1.0
24,FakeSherbrooke,11,2,204,0.3627,0.665,0.049,0.0888
24,FakeSherbrooke,11,3,306,0.3758,0.6819,0.0131,0.0169
24,FakeSherbrooke,11,4,408,0.3725,0.6869,0.0033,0.0049
24,FakeSherbrooke,11,5,510,0.3627,0.703,0.0098,0.0161
24,FakeSherbrooke,11,6,612,0.3513,0.7052,0.0114,0.0023
24,FakeSherbrooke,11,7,714,0.3501,0.7042,0.0012,0.0011
24,FakeSherbrooke,11,8,816,0.3566,0.6946,0.0065,0.0096
24,FakeSherbrooke,11,9,918,0.3519,0.7006,0.0048,0.006
24,FakeSherbrooke,11,10,1024,0.3507,0.6995,0.0012,0.001
24,FakeSherbrooke,12,1,102,0.3431,0.6555,1.0,1.0
24,FakeSherbrooke,12,2,204,0.3088,0.7343,0.0343,0.0787
24,FakeSherbrooke,12,3,306,0.2876,0.7748,0.0212,0.0406
24,FakeSherbrooke,12,4,408,0.3039,0.7796,0.0163,0.0048
24,FakeSherbrooke,12,5,510,0.2863,0.7913,0.0176,0.0117
24,FakeSherbrooke,12,6,612,0.2843,0.7889,0.002,0.0024
24,FakeSherbrooke,12,7,714,0.2633,0.7951,0.021,0.0062
24,FakeSherbrooke,12,8,816,0.2659,0.7968,0.0026,0.0017
24,FakeSherbrooke,12,9,918,0.2658,0.7966,0.0001,0.0001
24,FakeSherbrooke,12,10,1024,0.2686,0.7965,0.0028,0.0001
24,FakeSherbrooke,13,1,102,0.451,0.4804,1.0,1.0
24,FakeSherbrooke,13,2,204,0.3235,0.7198,0.1275,0.2393
24,FakeSherbrooke,13,3,306,0.3203,0.7333,0.0033,0.0135
24,FakeSherbrooke,13,4,408,0.3088,0.7584,0.0114,0.0251
24,FakeSherbrooke,13,5,510,0.3098,0.7646,0.001,0.0062
24,FakeSherbrooke,13,6,612,0.3154,0.7591,0.0056,0.0055
24,FakeSherbrooke,13,7,714,0.3151,0.7599,0.0002,0.0008
24,FakeSherbrooke,13,8,816,0.3199,0.7594,0.0047,0.0005
24,FakeSherbrooke,13,9,918,0.3214,0.7595,0.0015,0.0001
24,FakeSherbrooke,13,10,1024,0.3222,0.7612,0.0009,0.0018
24,FakeSherbrooke,14,1,102,0.402,0.573,1.0,1.0
24,FakeSherbrooke,14,2,204,0.3922,0.6175,0.0098,0.0446
24,FakeSherbrooke,14,3,306,0.3824,0.644,0.0098,0.0265
24,FakeSherbrooke,14,4,408,0.3701,0.6754,0.0123,0.0314
24,FakeSherbrooke,14,5,510,0.3765,0.6829,0.0064,0.0075
24,FakeSherbrooke,14,6,612,0.3807,0.6749,0.0042,0.008
24,FakeSherbrooke,14,7,714,0.381,0.6737,0.0002,0.0013
24,FakeSherbrooke,14,8,816,0.3787,0.6716,0.0023,0.0021
24,FakeSherbrooke,14,9,918,0.3758,0.6719,0.0029,0.0003
24,FakeSherbrooke,14,10,1024,0.3711,0.674,0.0047,0.0021
24,FakeSherbrooke,15,1,102,0.3922,0.6438,1.0,1.0
24,FakeSherbrooke,15,2,204,0.3333,0.7427,0.0588,0.0989
24,FakeSherbrooke,15,3,306,0.3039,0.7808,0.0294,0.0381
24,FakeSherbrooke,15,4,408,0.2917,0.79,0.0123,0.0092
24,FakeSherbrooke,15,5,510,0.2863,0.789,0.0054,0.001
24,FakeSherbrooke,15,6,612,0.2925,0.7837,0.0062,0.0053
24,FakeSherbrooke,15,7,714,0.2829,0.7872,0.0096,0.0035
24,FakeSherbrooke,15,8,816,0.2831,0.7842,0.0002,0.0029
24,FakeSherbrooke,15,9,918,0.281,0.7883,0.002,0.0041
24,FakeSherbrooke,15,10,1024,0.2831,0.7906,0.0021,0.0023
24,FakeSherbrooke,16,1,102,0.3529,0.6853,1.0,1.0
24,FakeSherbrooke,16,2,204,0.3529,0.7189,0.0,0.0336
24,FakeSherbrooke,16,3,306,0.2876,0.7796,0.0654,0.0606
24,FakeSherbrooke,16,4,408,0.2941,0.7873,0.0065,0.0078
24,FakeSherbrooke,16,5,510,0.3039,0.7798,0.0098,0.0075
24,FakeSherbrooke,16,6,612,0.3154,0.761,0.0114,0.0188
24,FakeSherbrooke,16,7,714,0.3221,0.7652,0.0068,0.0042
24,FakeSherbrooke,16,8,816,0.3125,0.7725,0.0096,0.0073
24,FakeSherbrooke,16,9,918,0.3126,0.7697,0.0001,0.0028
24,FakeSherbrooke,16,10,1024,0.328,0.7641,0.0153,0.0056
24,FakeSherbrooke,17,1,102,0.4706,0.4847,1.0,1.0
24,FakeSherbrooke,17,2,204,0.4265,0.5992,0.0441,0.1146
24,FakeSherbrooke,17,3,306,0.4052,0.6223,0.0212,0.0231
24,FakeSherbrooke,17,4,408,0.3995,0.6295,0.0057,0.0072
24,FakeSherbrooke,17,5,510,0.3804,0.6546,0.0191,0.0251
24,FakeSherbrooke,17,6,612,0.3791,0.657,0.0013,0.0023
24,FakeSherbrooke,17,7,714,0.3697,0.6679,0.0093,0.0109
24,FakeSherbrooke,17,8,816,0.3676,0.6684,0.0021,0.0006
24,FakeSherbrooke,17,9,918,0.3573,0.6708,0.0103,0.0023
24,FakeSherbrooke,17,10,1024,0.3626,0.6589,0.0053,0.0119
24,FakeSherbrooke,18,1,102,0.4412,0.5287,1.0,1.0
24,FakeSherbrooke,18,2,204,0.3676,0.6762,0.0735,0.1475
24,FakeSherbrooke,18,3,306,0.3301,0.7114,0.0376,0.0352
24,FakeSherbrooke,18,4,408,0.3039,0.7436,0.0261,0.0322
24,FakeSherbrooke,18,5,510,0.3039,0.7487,0.0,0.0051
24,FakeSherbrooke,18,6,612,0.2941,0.7492,0.0098,0.0006
24,FakeSherbrooke,18,7,714,0.3025,0.7526,0.0084,0.0034
24,FakeSherbrooke,18,8,816,0.3051,0.7586,0.0026,0.006
24,FakeSherbrooke,18,9,918,0.3083,0.7609,0.0031,0.0023
24,FakeSherbrooke,18,10,1024,0.3027,0.7722,0.0056,0.0113
24,FakeSherbrooke,19,1,102,0.5392,0.418,1.0,1.0
24,FakeSherbrooke,19,2,204,0.4167,0.6408,0.1225,0.2227
24,FakeSherbrooke,19,3,306,0.3922,0.6625,0.0245,0.0217
24,FakeSherbrooke,19,4,408,0.3922,0.6608,0.0,0.0017
24,FakeSherbrooke,19,5,510,0.3843,0.69,0.0078,0.0292
24,FakeSherbrooke,19,6,612,0.3807,0.6958,0.0036,0.0058
24,FakeSherbrooke,19,7,714,0.3754,0.6973,0.0054,0.0015
24,FakeSherbrooke,19,8,816,0.3652,0.7004,0.0102,0.0032
24,FakeSherbrooke,19,9,918,0.3606,0.7014,0.0046,0.001
24,FakeSherbrooke,19,10,1024,0.3624,0.6993,0.0018,0.0021
25,FakeSherbrooke,0,1,102,0.3235,0.8412,1.0,1.0
25,FakeSherbrooke,0,2,204,0.2647,0.8743,0.0588,0.0331
25,FakeSherbrooke,0,3,306,0.2614,0.8845,0.0033,0.0102
25,FakeSherbrooke,0,4,408,0.2623,0.8893,0.0008,0.0048
25,FakeSherbrooke,0,5,510,0.2588,0.8948,0.0034,0.0055
25,FakeSherbrooke,0,6,612,0.2565,0.8973,0.0023,0.0024
25,FakeSherbrooke,0,7,714,0.2549,0.8982,0.0016,0.001
25,FakeSherbrooke,0,8,816,0.2549,0.9023,0.0,0.004
25,FakeSherbrooke,0,9,918,0.2571,0.8988,0.0022,0.0034
25,FakeSherbrooke,0,10,1024,0.2531,0.9006,0.0039,0.0018
25,FakeSherbrooke,1,1,102,0.2059,0.9133,1.0,1.0
25,FakeSherbrooke,1,2,204,0.1275,0.9636,0.0784,0.0503
25,FakeSherbrooke,1,3,306,0.1503,0.9588,0.0229,0.0049
25,FakeSherbrooke,1,4,408,0.1348,0.9669,0.0155,0.0081
25,FakeSherbrooke,1,5,510,0.1314,0.9698,0.0034,0.0029
25,FakeSherbrooke,1,6,612,0.1356,0.9695,0.0042,0.0003
25,FakeSherbrooke,1,7,714,0.1499,0.9627,0.0142,0.0068
25,FakeSherbrooke,1,8,816,0.152,0.962,0.0021,0.0007
25,FakeSherbrooke,1,9,918,0.1569,0.9606,0.0049,0.0014
25,FakeSherbrooke,1,10,1024,0.1537,0.9619,0.0032,0.0013
25,FakeSherbrooke,2,1,102,0.2059,0.8957,1.0,1.0
25,FakeSherbrooke,2,2,204,0.1618,0.9185,0.0441,0.0227
25,FakeSherbrooke,2,3,306,0.1993,0.9052,0.0376,0.0133
25,FakeSherbrooke,2,4,408,0.2132,0.9077,0.0139,0.0025
25,FakeSherbrooke,2,5,510,0.2137,0.9143,0.0005,0.0065
25,FakeSherbrooke,2,6,612,0.1993,0.9188,0.0144,0.0046
25,FakeSherbrooke,2,7,714,0.2073,0.9154,0.0079,0.0034
25,FakeSherbrooke,2,8,816,0.2047,0.9162,0.0026,0.0008
25,FakeSherbrooke,2,9,918,0.1961,0.9194,0.0086,0.0031
25,FakeSherbrooke,2,10,1024,0.1844,0.926,0.0116,0.0066
25,FakeSherbrooke,3,1,102,0.2843,0.833,1.0,1.0
25,FakeSherbrooke,3,2,204,0.2598,0.868,0.0245,0.035
25,FakeSherbrooke,3,3,306,0.2386,0.8762,0.0212,0.0081
25,FakeSherbrooke,3,4,408,0.2353,0.8824,0.0033,0.0063
25,FakeSherbrooke,3,5,510,0.2157,0.8936,0.0196,0.0111
25,FakeSherbrooke,3,6,612,0.2092,0.8941,0.0065,0.0006
25,FakeSherbrooke,3,7,714,0.2185,0.8914,0.0093,0.0027
25,FakeSherbrooke,3,8,816,0.2059,0.8996,0.0126,0.0083
25,FakeSherbrooke,3,9,918,0.2004,0.9031,0.0054,0.0035
25,FakeSherbrooke,3,10,1024,0.1997,0.9033,0.0007,0.0002
25,FakeSherbrooke,4,1,102,0.1667,0.9336,1.0,1.0
25,FakeSherbrooke,4,2,204,0.1127,0.9629,0.0539,0.0293
25,FakeSherbrooke,4,3,306,0.1209,0.9665,0.0082,0.0036
25,FakeSherbrooke,4,4,408,0.1029,0.975,0.018,0.0085
25,FakeSherbrooke,4,5,510,0.1118,0.9741,0.0088,0.0008
25,FakeSherbrooke,4,6,612,0.1062,0.9742,0.0056,0.0
25,FakeSherbrooke,4,7,714,0.0994,0.9762,0.0068,0.002
25,FakeSherbrooke,4,8,816,0.1042,0.9757,0.0047,0.0005
25,FakeSherbrooke,4,9,918,0.1089,0.9742,0.0048,0.0016
25,FakeSherbrooke,4,10,1024,0.1092,0.973,0.0003,0.0011
25,FakeSherbrooke,5,1,102,0.1765,0.9361,1.0,1.0
25,FakeSherbrooke,5,2,204,0.1863,0.9454,0.0098,0.0093
25,FakeSherbrooke,5,3,306,0.1569,0.9655,0.0294,0.0201
25,FakeSherbrooke,5,4,408,0.1324,0.9724,0.0245,0.0069
25,FakeSherbrooke,5,5,510,0.1294,0.9751,0.0029,0.0028
25,FakeSherbrooke,5,6,612,0.1291,0.9748,0.0003,0.0003
25,FakeSherbrooke,5,7,714,0.1232,0.9784,0.0058,0.0035
25,FakeSherbrooke,5,8,816,0.1287,0.9776,0.0054,0.0008
25,FakeSherbrooke,5,9,918,0.1242,0.9778,0.0045,0.0003
25,FakeSherbrooke,5,10,1024,0.1179,0.9794,0.0063,0.0016
25,FakeSherbrooke,6,1,102,0.2451,0.8887,1.0,1.0
25,FakeSherbrooke,6,2,204,0.2157,0.9177,0.0294,0.029
25,FakeSherbrooke,6,3,306,0.2124,0.914,0.0033,0.0037
25,FakeSherbrooke,6,4,408,0.1887,0.9285,0.0237,0.0144
25,FakeSherbrooke,6,5,510,0.1804,0.9254,0.0083,0.0031
25,FakeSherbrooke,6,6,612,0.1797,0.9262,0.0007,0.0008
25,FakeSherbrooke,6,7,714,0.1667,0.9274,0.0131,0.0012
25,FakeSherbrooke,6,8,816,0.1728,0.9273,0.0061,0.0002
25,FakeSherbrooke,6,9,918,0.171,0.9294,0.0018,0.0022
25,FakeSherbrooke,6,10,1024,0.1718,0.9302,0.0008,0.0007
25,FakeSherbrooke,7,1,102,0.1863,0.9086,1.0,1.0
25,FakeSherbrooke,7,2,204,0.2304,0.9184,0.0441,0.0097
25,FakeSherbrooke,7,3,306,0.1993,0.9328,0.031,0.0144
25,FakeSherbrooke,7,4,408,0.1985,0.9326,0.0008,0.0002
25,FakeSherbrooke,7,5,510,0.1824,0.9384,0.0162,0.0058
25,FakeSherbrooke,7,6,612,0.1765,0.9351,0.0059,0.0034
25,FakeSherbrooke,7,7,714,0.1919,0.9309,0.0154,0.0041
25,FakeSherbrooke,7,8,816,0.2022,0.9217,0.0103,0.0093
25,FakeSherbrooke,7,9,918,0.2026,0.9224,0.0004,0.0008
25,FakeSherbrooke,7,10,1024,0.1925,0.9279,0.0101,0.0055
25,FakeSherbrooke,8,1,102,0.1863,0.9016,1.0,1.0
25,FakeSherbrooke,8,2,204,0.1422,0.9304,0.0441,0.0288
25,FakeSherbrooke,8,3,306,0.1503,0.9404,0.0082,0.01
25,FakeSherbrooke,8,4,408,0.1593,0.9407,0.009,0.0003
25,FakeSherbrooke,8,5,510,0.1471,0.9461,0.0123,0.0054
25,FakeSherbrooke,8,6,612,0.1536,0.9413,0.0065,0.0048
25,FakeSherbrooke,8,7,714,0.1485,0.9462,0.0051,0.0049
25,FakeSherbrooke,8,8,816,0.1483,0.9474,0.0002,0.0012
25,FakeSherbrooke,8,9,918,0.1514,0.9462,0.0031,0.0012
25,FakeSherbrooke,8,10,1024,0.1564,0.9464,0.005,0.0002
25,FakeSherbrooke,9,1,102,0.2059,0.8931,1.0,1.0
25,FakeSherbrooke,9,2,204,0.1814,0.9293,0.0245,0.0362
25,FakeSherbrooke,9,3,306,0.1634,0.9391,0.018,0.0098
25,FakeSherbrooke,9,4,408,0.1373,0.946,0.0261,0.0069
25,FakeSherbrooke,9,5,510,0.1176,0.9567,0.0196,0.0106
25,FakeSherbrooke,9,6,612,0.1242,0.9577,0.0065,0.0011
25,FakeSherbrooke,9,7,714,0.1331,0.9562,0.0089,0.0016
25,FakeSherbrooke,9,8,816,0.1201,0.9625,0.013,0.0063
25,FakeSherbrooke,9,9,918,0.1166,0.9621,0.0035,0.0004
25,FakeSherbrooke,9,10,1024,0.1188,0.9643,0.0023,0.0022
25,FakeSherbrooke,10,1,102,0.1373,0.9398,1.0,1.0
25,FakeSherbrooke,10,2,204,0.1471,0.9442,0.0098,0.0044
25,FakeSherbrooke,10,3,306,0.1405,0.9484,0.0065,0.0041
25,FakeSherbrooke,10,4,408,0.1373,0.9514,0.0033,0.0031
25,FakeSherbrooke,10,5,510,0.1314,0.9559,0.0059,0.0044
25,FakeSherbrooke,10,6,612,0.1307,0.9553,0.0007,0.0005
25,FakeSherbrooke,10,7,714,0.1331,0.9554,0.0023,0.0
25,FakeSherbrooke,10,8,816,0.1299,0.9541,0.0032,0.0013
25,FakeSherbrooke,10,9,918,0.1307,0.9572,0.0008,0.0031
25,FakeSherbrooke,10,10,1024,0.1335,0.9581,0.0027,0.0009
25,FakeSherbrooke,11,1,102,0.1373,0.9233,1.0,1.0
25,FakeSherbrooke,11,2,204,0.1078,0.9378,0.0294,0.0145
25,FakeSherbrooke,11,3,306,0.1046,0.9383,0.0033,0.0005
25,FakeSherbrooke,11,4,408,0.098,0.9644,0.0065,0.0261
25,FakeSherbrooke,11,5,510,0.1059,0.9698,0.0078,0.0054
25,FakeSherbrooke,11,6,612,0.1127,0.9686,0.0069,0.0012
25,FakeSherbrooke,11,7,714,0.1078,0.9692,0.0049,0.0006
25,FakeSherbrooke,11,8,816,0.125,0.9662,0.0172,0.003
25,FakeSherbrooke,11,9,918,0.1209,0.9675,0.0041,0.0013
25,FakeSherbrooke,11,10,1024,0.1151,0.9696,0.0058,0.0021
25,FakeSherbrooke,12,1,102,0.1863,0.9233,1.0,1.0
25,FakeSherbrooke,12,2,204,0.2206,0.9275,0.0343,0.0042
25,FakeSherbrooke,12,3,306,0.1699,0.9481,0.0507,0.0206
25,FakeSherbrooke,12,4,408,0.1544,0.95,0.0155,0.0019
25,FakeSherbrooke,12,5,510,0.1451,0.9555,0.0093,0.0054
25,FakeSherbrooke,12,6,612,0.1536,0.9542,0.0085,0.0013
25,FakeSherbrooke,12,7,714,0.1625,0.953,0.0089,0.0012
25,FakeSherbrooke,12,8,816,0.1605,0.9544,0.0019,0.0014
25,FakeSherbrooke,12,9,918,0.1503,0.9588,0.0102,0.0045
25,FakeSherbrooke,12,10,1024,0.1499,0.9614,0.0005,0.0026
25,FakeSherbrooke,13,1,102,0.1863,0.9516,1.0,1.0
25,FakeSherbrooke,13,2,204,0.1176,0.976,0.0686,0.0244
25,FakeSherbrooke,13,3,306,0.1144,0.9758,0.0033,0.0001
25,FakeSherbrooke,13,4,408,0.125,0.9761,0.0106,0.0002
25,FakeSherbrooke,13,5,510,0.1471,0.9674,0.0221,0.0087
25,FakeSherbrooke,13,6,612,0.1454,0.9633,0.0016,0.0041
25,FakeSherbrooke,13,7,714,0.1457,0.9644,0.0002,0.001
25,FakeSherbrooke,13,8,816,0.1458,0.9645,0.0002,0.0001
25,FakeSherbrooke,13,9,918,0.1383,0.9665,0.0075,0.002
25,FakeSherbrooke,13,10,1024,0.1471,0.963,0.0087,0.0035
25,FakeSherbrooke,14,1,102,0.1863,0.8989,1.0,1.0
25,FakeSherbrooke,14,2,204,0.1667,0.9112,0.0196,0.0123
25,FakeSherbrooke,14,3,306,0.1471,0.9196,0.0196,0.0083
25,FakeSherbrooke,14,4,408,0.1471,0.9234,0.0,0.0038
25,FakeSherbrooke,14,5,510,0.1529,0.9218,0.0059,0.0016
25,FakeSherbrooke,14,6,612,0.1487,0.9213,0.0042,0.0004
25,FakeSherbrooke,14,7,714,0.1471,0.9246,0.0016,0.0033
25,FakeSherbrooke,14,8,816,0.1593,0.9199,0.0123,0.0047
25,FakeSherbrooke,14,9,918,0.1634,0.9207,0.0041,0.0007
25,FakeSherbrooke,14,10,1024,0.161,0.9213,0.0024,0.0006
25,FakeSherbrooke,15,1,102,0.1765,0.9373,1.0,1.0
25,FakeSherbrooke,15,2,204,0.1373,0.9688,0.0392,0.0315
25,FakeSherbrooke,15,3,306,0.1373,0.9692,0.0,0.0004
25,FakeSherbrooke,15,4,408,0.152,0.9641,0.0147,0.005
25,FakeSherbrooke,15,5,510,0.1529,0.9616,0.001,0.0025
25,FakeSherbrooke,15,6,612,0.1438,0.9653,0.0092,0.0037
25,FakeSherbrooke,15,7,714,0.1317,0.967,0.0121,0.0018
25,FakeSherbrooke,15,8,816,0.1373,0.9643,0.0056,0.0027
25,FakeSherbrooke,15,9,918,0.1362,0.9641,0.0011,0.0002
25,FakeSherbrooke,15,10,1024,0.1457,0.9623,0.0095,0.0018
25,FakeSherbrooke,16,1,102,0.2157,0.906,1.0,1.0
25,FakeSherbrooke,16,2,204,0.1765,0.9491,0.0392,0.0432
25,FakeSherbrooke,16,3,306,0.1242,0.9665,0.0523,0.0174
25,FakeSherbrooke,16,4,408,0.1201,0.9657,0.0041,0.0009
25,FakeSherbrooke,16,5,510,0.1255,0.967,0.0054,0.0013
25,FakeSherbrooke,16,6,612,0.152,0.9579,0.0265,0.009
25,FakeSherbrooke,16,7,714,0.1457,0.9594,0.0063,0.0015
25,FakeSherbrooke,16,8,816,0.1458,0.9626,0.0002,0.0031
25,FakeSherbrooke,16,9,918,0.1427,0.964,0.0031,0.0014
25,FakeSherbrooke,16,10,1024,0.1466,0.9599,0.0039,0.0041
25,FakeSherbrooke,17,1,102,0.2059,0.8875,1.0,1.0
25,FakeSherbrooke,17,2,204,0.1471,0.9228,0.0588,0.0353
25,FakeSherbrooke,17,3,306,0.1503,0.9485,0.0033,0.0257
25,FakeSherbrooke,17,4,408,0.1348,0.9637,0.0155,0.0152
25,FakeSherbrooke,17,5,510,0.1412,0.9578,0.0064,0.0059
25,FakeSherbrooke,17,6,612,0.1356,0.96,0.0056,0.0022
25,FakeSherbrooke,17,7,714,0.1275,0.9654,0.0082,0.0054
25,FakeSherbrooke,17,8,816,0.1299,0.965,0.0025,0.0004
25,FakeSherbrooke,17,9,918,0.1231,0.9691,0.0068,0.0041
25,FakeSherbrooke,17,10,1024,0.1229,0.967,0.0002,0.0021
25,FakeSherbrooke,18,1,102,0.1863,0.9181,1.0,1.0
25,FakeSherbrooke,18,2,204,0.1765,0.921,0.0098,0.0029
25,FakeSherbrooke,18,3,306,0.1797,0.9222,0.0033,0.0013
25,FakeSherbrooke,18,4,408,0.1789,0.9152,0.0008,0.007
25,FakeSherbrooke,18,5,510,0.1706,0.9182,0.0083,0.003
25,FakeSherbrooke,18,6,612,0.1765,0.9209,0.0059,0.0027
25,FakeSherbrooke,18,7,714,0.1751,0.9152,0.0014,0.0057
25,FakeSherbrooke,18,8,816,0.1691,0.918,0.006,0.0028
25,FakeSherbrooke,18,9,918,0.1688,0.9243,0.0003,0.0062
25,FakeSherbrooke,18,10,1024,0.1671,0.9265,0.0017,0.0022
25,FakeSherbrooke,19,1,102,0.2255,0.8721,1.0,1.0
25,FakeSherbrooke,19,2,204,0.1569,0.9355,0.0686,0.0634
25,FakeSherbrooke,19,3,306,0.1242,0.9629,0.0327,0.0274
25,FakeSherbrooke,19,4,408,0.1275,0.9508,0.0033,0.0121
25,FakeSherbrooke,19,5,510,0.1333,0.9516,0.0059,0.0008
25,FakeSherbrooke,19,6,612,0.1373,0.9503,0.0039,0.0013
25,FakeSherbrooke,19,7,714,0.1373,0.9539,0.0,0.0037
25,FakeSherbrooke,19,8,816,0.1397,0.9506,0.0025,0.0034
25,FakeSherbrooke,19,9,918,0.1383,0.9509,0.0014,0.0003
25,FakeSherbrooke,19,10,1024,0.143,0.9502,0.0047,0.0008
