idx,backend,seed,checkpoint,shots,tvd,hf,d_tvd,d_hf
1,FakeLagosV2,0,1,2457,0.2637,0.7362,1.0,1.0
1,FakeLagosV2,0,2,4914,0.2658,0.7338,0.002,0.0023
1,FakeLagosV2,0,3,7371,0.2686,0.731,0.0028,0.0028
1,FakeLagosV2,0,4,9828,0.2639,0.7358,0.0047,0.0048
1,FakeLagosV2,0,5,12285,0.263,0.7367,0.0009,0.0009
1,FakeLagosV2,0,6,14742,0.2638,0.7358,0.0008,0.0009
1,FakeLagosV2,0,7,17199,0.2635,0.7361,0.0003,0.0003
1,FakeLagosV2,0,8,19656,0.2634,0.7362,0.0001,0.0
1,FakeLagosV2,0,9,22113,0.2638,0.7358,0.0004,0.0004
1,FakeLagosV2,0,10,24576,0.2652,0.7344,0.0014,0.0014
1,FakeLagosV2,1,1,2457,0.2707,0.7293,1.0,1.0
1,FakeLagosV2,1,2,4914,0.2613,0.7387,0.0094,0.0094
1,FakeLagosV2,1,3,7371,0.2621,0.7379,0.0008,0.0008
1,FakeLagosV2,1,4,9828,0.2675,0.7325,0.0054,0.0054
1,FakeLagosV2,1,5,12285,0.2682,0.7318,0.0007,0.0007
1,FakeLagosV2,1,6,14742,0.2681,0.7318,0.0001,0.0001
1,FakeLagosV2,1,7,17199,0.267,0.733,0.0012,0.0012
1,FakeLagosV2,1,8,19656,0.2655,0.7345,0.0015,0.0015
1,FakeLagosV2,1,9,22113,0.266,0.734,0.0004,0.0004
1,FakeLagosV2,1,10,24576,0.267,0.733,0.0011,0.0011
1,FakeLagosV2,2,1,2457,0.2466,0.7533,1.0,1.0
1,FakeLagosV2,2,2,4914,0.258,0.7419,0.0114,0.0114
1,FakeLagosV2,2,3,7371,0.262,0.7379,0.0039,0.004
1,FakeLagosV2,2,4,9828,0.2599,0.7401,0.0021,0.0022
1,FakeLagosV2,2,5,12285,0.2583,0.7417,0.0016,0.0016
1,FakeLagosV2,2,6,14742,0.2592,0.7408,0.0009,0.0009
1,FakeLagosV2,2,7,17199,0.2604,0.7396,0.0012,0.0012
1,FakeLagosV2,2,8,19656,0.26,0.7399,0.0004,0.0004
1,FakeLagosV2,2,9,22113,0.2599,0.7401,0.0001,0.0001
1,FakeLagosV2,2,10,24576,0.2596,0.7404,0.0003,0.0003
1,FakeLagosV2,3,1,2457,0.265,0.735,1.0,1.0
1,FakeLagosV2,3,2,4914,0.265,0.735,0.0,0.0001
1,FakeLagosV2,3,3,7371,0.2647,0.7353,0.0003,0.0003
1,FakeLagosV2,3,4,9828,0.2634,0.7366,0.0013,0.0013
1,FakeLagosV2,3,5,12285,0.2632,0.7367,0.0002,0.0002
1,FakeLagosV2,3,6,14742,0.2608,0.7392,0.0025,0.0025
1,FakeLagosV2,3,7,17199,0.2618,0.7382,0.001,0.001
1,FakeLagosV2,3,8,19656,0.2619,0.7381,0.0001,0.0001
1,FakeLagosV2,3,9,22113,0.2616,0.7384,0.0002,0.0002
1,FakeLagosV2,3,10,24576,0.2615,0.7385,0.0001,0.0001
1,FakeLagosV2,4,1,2457,0.2466,0.7533,1.0,1.0
1,FakeLagosV2,4,2,4914,0.2507,0.7492,0.0041,0.0041
1,FakeLagosV2,4,3,7371,0.2593,0.7407,0.0085,0.0085
1,FakeLagosV2,4,4,9828,0.2594,0.7406,0.0001,0.0001
1,FakeLagosV2,4,5,12285,0.2606,0.7394,0.0012,0.0012
1,FakeLagosV2,4,6,14742,0.26,0.74,0.0006,0.0006
1,FakeLagosV2,4,7,17199,0.2609,0.7391,0.0009,0.0009
1,FakeLagosV2,4,8,19656,0.2598,0.7402,0.0011,0.0011
1,FakeLagosV2,4,9,22113,0.261,0.739,0.0012,0.0012
1,FakeLagosV2,4,10,24576,0.261,0.739,0.0,0.0
1,FakeLagosV2,5,1,2457,0.2686,0.7314,1.0,1.0
1,FakeLagosV2,5,2,4914,0.2684,0.7316,0.0002,0.0002
1,FakeLagosV2,5,3,7371,0.269,0.731,0.0006,0.0006
1,FakeLagosV2,5,4,9828,0.2638,0.7362,0.0052,0.0052
1,FakeLagosV2,5,5,12285,0.2653,0.7347,0.0014,0.0014
1,FakeLagosV2,5,6,14742,0.2664,0.7335,0.0012,0.0012
1,FakeLagosV2,5,7,17199,0.2643,0.7357,0.0021,0.0021
1,FakeLagosV2,5,8,19656,0.2639,0.7361,0.0004,0.0004
1,FakeLagosV2,5,9,22113,0.2646,0.7354,0.0007,0.0007
1,FakeLagosV2,5,10,24576,0.2625,0.7375,0.0021,0.0021
1,FakeLagosV2,6,1,2457,0.2751,0.7248,1.0,1.0
1,FakeLagosV2,6,2,4914,0.2788,0.7212,0.0037,0.0036
1,FakeLagosV2,6,3,7371,0.2732,0.7268,0.0056,0.0056
1,FakeLagosV2,6,4,9828,0.2696,0.7303,0.0036,0.0036
1,FakeLagosV2,6,5,12285,0.2688,0.7312,0.0009,0.0008
1,FakeLagosV2,6,6,14742,0.2669,0.733,0.0019,0.0018
1,FakeLagosV2,6,7,17199,0.2674,0.7325,0.0005,0.0005
1,FakeLagosV2,6,8,19656,0.2709,0.729,0.0035,0.0035
1,FakeLagosV2,6,9,22113,0.2716,0.7283,0.0007,0.0007
1,FakeLagosV2,6,10,24576,0.2713,0.7287,0.0003,0.0003
1,FakeLagosV2,7,1,2457,0.267,0.733,1.0,1.0
1,FakeLagosV2,7,2,4914,0.2678,0.7322,0.0008,0.0008
1,FakeLagosV2,7,3,7371,0.2666,0.7334,0.0012,0.0012
1,FakeLagosV2,7,4,9828,0.2677,0.7323,0.0011,0.0011
1,FakeLagosV2,7,5,12285,0.2679,0.7321,0.0002,0.0002
1,FakeLagosV2,7,6,14742,0.2705,0.7295,0.0026,0.0026
1,FakeLagosV2,7,7,17199,0.27,0.73,0.0005,0.0005
1,FakeLagosV2,7,8,19656,0.268,0.732,0.0019,0.002
1,FakeLagosV2,7,9,22113,0.2666,0.7333,0.0014,0.0014
1,FakeLagosV2,7,10,24576,0.2673,0.7327,0.0006,0.0006
1,FakeLagosV2,8,1,2457,0.2568,0.743,1.0,1.0
1,FakeLagosV2,8,2,4914,0.2611,0.7389,0.0043,0.0041
1,FakeLagosV2,8,3,7371,0.2612,0.7388,0.0001,0.0001
1,FakeLagosV2,8,4,9828,0.2595,0.7405,0.0017,0.0017
1,FakeLagosV2,8,5,12285,0.2639,0.7361,0.0044,0.0044
1,FakeLagosV2,8,6,14742,0.2634,0.7366,0.0005,0.0005
1,FakeLagosV2,8,7,17199,0.2639,0.7361,0.0005,0.0005
1,FakeLagosV2,8,8,19656,0.2618,0.7382,0.0021,0.0021
1,FakeLagosV2,8,9,22113,0.2625,0.7375,0.0007,0.0007
1,FakeLagosV2,8,10,24576,0.2623,0.7377,0.0001,0.0001
1,FakeLagosV2,9,1,2457,0.2727,0.7273,1.0,1.0
1,FakeLagosV2,9,2,4914,0.2702,0.7297,0.0024,0.0024
1,FakeLagosV2,9,3,7371,0.2685,0.7314,0.0018,0.0017
1,FakeLagosV2,9,4,9828,0.2687,0.7312,0.0002,0.0002
1,FakeLagosV2,9,5,12285,0.2673,0.7325,0.0014,0.0014
1,FakeLagosV2,9,6,14742,0.2681,0.7317,0.0008,0.0008
1,FakeLagosV2,9,7,17199,0.2677,0.7322,0.0005,0.0005
1,FakeLagosV2,9,8,19656,0.2667,0.7332,0.001,0.0009
1,FakeLagosV2,9,9,22113,0.2646,0.7353,0.0022,0.0022
1,FakeLagosV2,9,10,24576,0.2637,0.7362,0.0009,0.0009
1,FakeLagosV2,10,1,2457,0.2658,0.7342,1.0,1.0
1,FakeLagosV2,10,2,4914,0.2615,0.7385,0.0043,0.0043
1,FakeLagosV2,10,3,7371,0.2529,0.747,0.0086,0.0085
1,FakeLagosV2,10,4,9828,0.2527,0.7472,0.0001,0.0002
1,FakeLagosV2,10,5,12285,0.2544,0.7456,0.0016,0.0016
1,FakeLagosV2,10,6,14742,0.2554,0.7446,0.001,0.001
1,FakeLagosV2,10,7,17199,0.2549,0.7451,0.0005,0.0005
1,FakeLagosV2,10,8,19656,0.2544,0.7456,0.0005,0.0005
1,FakeLagosV2,10,9,22113,0.2546,0.7453,0.0003,0.0003
1,FakeLagosV2,10,10,24576,0.2554,0.7446,0.0007,0.0007
1,FakeLagosV2,11,1,2457,0.2483,0.7512,1.0,1.0
1,FakeLagosV2,11,2,4914,0.2578,0.7421,0.0096,0.0092
1,FakeLagosV2,11,3,7371,0.2593,0.7407,0.0014,0.0013
1,FakeLagosV2,11,4,9828,0.262,0.738,0.0027,0.0027
1,FakeLagosV2,11,5,12285,0.2597,0.7403,0.0023,0.0023
1,FakeLagosV2,11,6,14742,0.2601,0.7398,0.0005,0.0005
1,FakeLagosV2,11,7,17199,0.2611,0.7389,0.001,0.001
1,FakeLagosV2,11,8,19656,0.261,0.739,0.0001,0.0001
1,FakeLagosV2,11,9,22113,0.2628,0.7372,0.0017,0.0017
1,FakeLagosV2,11,10,24576,0.2621,0.7379,0.0007,0.0007
1,FakeLagosV2,12,1,2457,0.258,0.7418,1.0,1.0
1,FakeLagosV2,12,2,4914,0.2591,0.7408,0.001,0.001
1,FakeLagosV2,12,3,7371,0.2561,0.7438,0.0029,0.003
1,FakeLagosV2,12,4,9828,0.2602,0.7398,0.004,0.004
1,FakeLagosV2,12,5,12285,0.2582,0.7418,0.002,0.002
1,FakeLagosV2,12,6,14742,0.2607,0.7393,0.0025,0.0025
1,FakeLagosV2,12,7,17199,0.2619,0.738,0.0013,0.0013
1,FakeLagosV2,12,8,19656,0.263,0.7369,0.0011,0.0011
1,FakeLagosV2,12,9,22113,0.2641,0.7358,0.0011,0.0011
1,FakeLagosV2,12,10,24576,0.2651,0.7349,0.001,0.001
1,FakeLagosV2,13,1,2457,0.2698,0.7301,1.0,1.0
1,FakeLagosV2,13,2,4914,0.2688,0.7312,0.001,0.0011
1,FakeLagosV2,13,3,7371,0.2715,0.7285,0.0026,0.0026
1,FakeLagosV2,13,4,9828,0.2677,0.7323,0.0038,0.0038
1,FakeLagosV2,13,5,12285,0.2668,0.7332,0.0009,0.0009
1,FakeLagosV2,13,6,14742,0.2682,0.7318,0.0014,0.0014
1,FakeLagosV2,13,7,17199,0.2673,0.7326,0.0009,0.0009
1,FakeLagosV2,13,8,19656,0.2674,0.7326,0.0001,0.0001
1,FakeLagosV2,13,9,22113,0.2669,0.7331,0.0005,0.0006
1,FakeLagosV2,13,10,24576,0.2662,0.7338,0.0007,0.0007
1,FakeLagosV2,14,1,2457,0.2694,0.7298,1.0,1.0
1,FakeLagosV2,14,2,4914,0.2621,0.7379,0.0073,0.0081
1,FakeLagosV2,14,3,7371,0.2616,0.7384,0.0005,0.0006
1,FakeLagosV2,14,4,9828,0.2588,0.7412,0.0028,0.0028
1,FakeLagosV2,14,5,12285,0.258,0.742,0.0007,0.0007
1,FakeLagosV2,14,6,14742,0.2585,0.7415,0.0005,0.0005
1,FakeLagosV2,14,7,17199,0.2585,0.7415,0.0,0.0
1,FakeLagosV2,14,8,19656,0.2599,0.7401,0.0014,0.0014
1,FakeLagosV2,14,9,22113,0.2615,0.7385,0.0016,0.0016
1,FakeLagosV2,14,10,24576,0.2622,0.7378,0.0008,0.0008
1,FakeLagosV2,15,1,2457,0.2409,0.7591,1.0,1.0
1,FakeLagosV2,15,2,4914,0.2497,0.7503,0.0088,0.0088
1,FakeLagosV2,15,3,7371,0.2514,0.7486,0.0017,0.0017
1,FakeLagosV2,15,4,9828,0.2551,0.7449,0.0037,0.0037
1,FakeLagosV2,15,5,12285,0.2539,0.7461,0.0012,0.0012
1,FakeLagosV2,15,6,14742,0.2572,0.7428,0.0033,0.0033
1,FakeLagosV2,15,7,17199,0.2576,0.7424,0.0004,0.0004
1,FakeLagosV2,15,8,19656,0.2601,0.7399,0.0026,0.0026
1,FakeLagosV2,15,9,22113,0.261,0.739,0.0009,0.0009
1,FakeLagosV2,15,10,24576,0.2603,0.7397,0.0007,0.0007
1,FakeLagosV2,16,1,2457,0.28,0.7199,1.0,1.0
1,FakeLagosV2,16,2,4914,0.2672,0.7328,0.0128,0.0129
1,FakeLagosV2,16,3,7371,0.267,0.733,0.0002,0.0002
1,FakeLagosV2,16,4,9828,0.262,0.738,0.005,0.005
1,FakeLagosV2,16,5,12285,0.2628,0.7372,0.0008,0.0008
1,FakeLagosV2,16,6,14742,0.2644,0.7356,0.0017,0.0017
1,FakeLagosV2,16,7,17199,0.2618,0.7382,0.0027,0.0027
1,FakeLagosV2,16,8,19656,0.2622,0.7378,0.0005,0.0005
1,FakeLagosV2,16,9,22113,0.2623,0.7377,0.0001,0.0001
1,FakeLagosV2,16,10,24576,0.2633,0.7367,0.001,0.001
1,FakeLagosV2,17,1,2457,0.2605,0.7395,1.0,1.0
1,FakeLagosV2,17,2,4914,0.2582,0.7417,0.0022,0.0022
1,FakeLagosV2,17,3,7371,0.2602,0.7397,0.002,0.002
1,FakeLagosV2,17,4,9828,0.2591,0.7409,0.0012,0.0012
1,FakeLagosV2,17,5,12285,0.2587,0.7413,0.0004,0.0004
1,FakeLagosV2,17,6,14742,0.2592,0.7407,0.0005,0.0005
1,FakeLagosV2,17,7,17199,0.2601,0.7398,0.0009,0.0009
1,FakeLagosV2,17,8,19656,0.2616,0.7383,0.0015,0.0015
1,FakeLagosV2,17,9,22113,0.2607,0.7393,0.0009,0.0009
1,FakeLagosV2,17,10,24576,0.2622,0.7378,0.0015,0.0015
1,FakeLagosV2,18,1,2457,0.2515,0.7484,1.0,1.0
1,FakeLagosV2,18,2,4914,0.2538,0.7462,0.0022,0.0022
1,FakeLagosV2,18,3,7371,0.2614,0.7386,0.0077,0.0077
1,FakeLagosV2,18,4,9828,0.2618,0.7381,0.0004,0.0004
1,FakeLagosV2,18,5,12285,0.2634,0.7365,0.0016,0.0017
1,FakeLagosV2,18,6,14742,0.2639,0.7361,0.0005,0.0004
1,FakeLagosV2,18,7,17199,0.2639,0.7361,0.0,0.0
1,FakeLagosV2,18,8,19656,0.2639,0.736,0.0,0.0001
1,FakeLagosV2,18,9,22113,0.2632,0.7367,0.0007,0.0007
1,FakeLagosV2,18,10,24576,0.2629,0.737,0.0003,0.0003
1,FakeLagosV2,19,1,2457,0.2646,0.7351,1.0,1.0
1,FakeLagosV2,19,2,4914,0.2544,0.7455,0.0102,0.0104
1,FakeLagosV2,19,3,7371,0.2519,0.7479,0.0024,0.0025
1,FakeLagosV2,19,4,9828,0.2543,0.7456,0.0023,0.0024
1,FakeLagosV2,19,5,12285,0.2545,0.7453,0.0003,0.0003
1,FakeLagosV2,19,6,14742,0.2561,0.7436,0.0016,0.0016
1,FakeLagosV2,19,7,17199,0.2556,0.7442,0.0005,0.0006
1,FakeLagosV2,19,8,19656,0.2564,0.7434,0.0008,0.0008
1,FakeLagosV2,19,9,22113,0.2562,0.7436,0.0002,0.0002
1,FakeLagosV2,19,10,24576,0.2576,0.7422,0.0014,0.0014
2,FakeLagosV2,0,1,819,0.6398,0.36,1.0,1.0
2,FakeLagosV2,0,2,1638,0.6221,0.3779,0.0177,0.0179
2,FakeLagosV2,0,3,2457,0.6195,0.3805,0.0026,0.0026
2,FakeLagosV2,0,4,3276,0.6197,0.3802,0.0002,0.0003
2,FakeLagosV2,0,5,4095,0.6181,0.3819,0.0016,0.0017
2,FakeLagosV2,0,6,4914,0.6184,0.3816,0.0004,0.0004
2,FakeLagosV2,0,7,5733,0.6115,0.3884,0.0069,0.0069
2,FakeLagosV2,0,8,6552,0.6113,0.3887,0.0003,0.0003
2,FakeLagosV2,0,9,7371,0.6105,0.3895,0.0008,0.0008
2,FakeLagosV2,0,10,8192,0.6111,0.3889,0.0006,0.0006
2,FakeLagosV2,1,1,819,0.6056,0.3944,1.0,1.0
2,FakeLagosV2,1,2,1638,0.6032,0.3968,0.0024,0.0024
2,FakeLagosV2,1,3,2457,0.6117,0.3883,0.0085,0.0085
2,FakeLagosV2,1,4,3276,0.6084,0.3916,0.0034,0.0033
2,FakeLagosV2,1,5,4095,0.6066,0.3934,0.0018,0.0018
2,FakeLagosV2,1,6,4914,0.6085,0.3915,0.0019,0.0019
2,FakeLagosV2,1,7,5733,0.6067,0.3933,0.0018,0.0018
2,FakeLagosV2,1,8,6552,0.6116,0.3884,0.0049,0.0049
2,FakeLagosV2,1,9,7371,0.6094,0.3906,0.0022,0.0022
2,FakeLagosV2,1,10,8192,0.6093,0.3907,0.0002,0.0002
2,FakeLagosV2,2,1,819,0.6325,0.3649,1.0,1.0
2,FakeLagosV2,2,2,1638,0.6081,0.3919,0.0244,0.027
2,FakeLagosV2,2,3,2457,0.6129,0.387,0.0049,0.0049
2,FakeLagosV2,2,4,3276,0.6062,0.3938,0.0067,0.0067
2,FakeLagosV2,2,5,4095,0.6117,0.3883,0.0055,0.0055
2,FakeLagosV2,2,6,4914,0.6087,0.3913,0.0031,0.0031
2,FakeLagosV2,2,7,5733,0.6032,0.3968,0.0055,0.0055
2,FakeLagosV2,2,8,6552,0.605,0.395,0.0018,0.0018
2,FakeLagosV2,2,9,7371,0.6078,0.3922,0.0028,0.0028
2,FakeLagosV2,2,10,8192,0.6078,0.3922,0.0,0.0
2,FakeLagosV2,3,1,819,0.6056,0.3944,1.0,1.0
2,FakeLagosV2,3,2,1638,0.6117,0.388,0.0061,0.0063
2,FakeLagosV2,3,3,2457,0.6199,0.38,0.0081,0.008
2,FakeLagosV2,3,4,3276,0.6169,0.383,0.003,0.003
2,FakeLagosV2,3,5,4095,0.6173,0.3825,0.0004,0.0005
2,FakeLagosV2,3,6,4914,0.614,0.3857,0.0034,0.0032
2,FakeLagosV2,3,7,5733,0.6108,0.3889,0.0031,0.0032
2,FakeLagosV2,3,8,6552,0.6099,0.3899,0.001,0.001
2,FakeLagosV2,3,9,7371,0.6106,0.3891,0.0007,0.0008
2,FakeLagosV2,3,10,8192,0.6089,0.3907,0.0017,0.0016
2,FakeLagosV2,4,1,819,0.6154,0.3846,1.0,1.0
2,FakeLagosV2,4,2,1638,0.5977,0.4022,0.0177,0.0176
2,FakeLagosV2,4,3,2457,0.5914,0.4085,0.0063,0.0063
2,FakeLagosV2,4,4,3276,0.5849,0.415,0.0065,0.0065
2,FakeLagosV2,4,5,4095,0.5895,0.4104,0.0046,0.0046
2,FakeLagosV2,4,6,4914,0.5926,0.4073,0.0031,0.0031
2,FakeLagosV2,4,7,5733,0.5943,0.4055,0.0017,0.0017
2,FakeLagosV2,4,8,6552,0.5972,0.4024,0.0029,0.0031
2,FakeLagosV2,4,9,7371,0.5963,0.4034,0.001,0.001
2,FakeLagosV2,4,10,8192,0.5948,0.4049,0.0014,0.0015
2,FakeLagosV2,5,1,819,0.591,0.4087,1.0,1.0
2,FakeLagosV2,5,2,1638,0.5971,0.4029,0.0061,0.0057
2,FakeLagosV2,5,3,2457,0.6068,0.3931,0.0098,0.0098
2,FakeLagosV2,5,4,3276,0.605,0.3949,0.0018,0.0018
2,FakeLagosV2,5,5,4095,0.6132,0.3868,0.0082,0.0081
2,FakeLagosV2,5,6,4914,0.6164,0.3836,0.0032,0.0032
2,FakeLagosV2,5,7,5733,0.6154,0.3846,0.001,0.001
2,FakeLagosV2,5,8,6552,0.6146,0.3854,0.0008,0.0008
2,FakeLagosV2,5,9,7371,0.6162,0.3838,0.0016,0.0016
2,FakeLagosV2,5,10,8192,0.614,0.386,0.0022,0.0022
2,FakeLagosV2,6,1,819,0.58,0.4192,1.0,1.0
2,FakeLagosV2,6,2,1638,0.5849,0.4151,0.0049,0.0041
2,FakeLagosV2,6,3,2457,0.5971,0.4029,0.0122,0.0122
2,FakeLagosV2,6,4,3276,0.6044,0.3956,0.0073,0.0073
2,FakeLagosV2,6,5,4095,0.5985,0.4015,0.0059,0.0059
2,FakeLagosV2,6,6,4914,0.5995,0.4005,0.001,0.001
2,FakeLagosV2,6,7,5733,0.6027,0.3973,0.0031,0.0031
2,FakeLagosV2,6,8,6552,0.6071,0.3928,0.0045,0.0045
2,FakeLagosV2,6,9,7371,0.6079,0.3921,0.0008,0.0008
2,FakeLagosV2,6,10,8192,0.608,0.392,0.0001,0.0001
2,FakeLagosV2,7,1,819,0.5873,0.4127,1.0,1.0
2,FakeLagosV2,7,2,1638,0.591,0.409,0.0037,0.0037
2,FakeLagosV2,7,3,2457,0.5954,0.4045,0.0045,0.0045
2,FakeLagosV2,7,4,3276,0.5946,0.4053,0.0008,0.0008
2,FakeLagosV2,7,5,4095,0.5978,0.4021,0.0032,0.0031
2,FakeLagosV2,7,6,4914,0.5965,0.4035,0.0013,0.0014
2,FakeLagosV2,7,7,5733,0.5976,0.4024,0.0011,0.0011
2,FakeLagosV2,7,8,6552,0.6,0.4,0.0024,0.0024
2,FakeLagosV2,7,9,7371,0.6014,0.3986,0.0014,0.0014
2,FakeLagosV2,7,10,8192,0.603,0.397,0.0016,0.0016
2,FakeLagosV2,8,1,819,0.5836,0.4159,1.0,1.0
2,FakeLagosV2,8,2,1638,0.5934,0.406,0.0098,0.0099
2,FakeLagosV2,8,3,2457,0.5995,0.4002,0.0061,0.0058
2,FakeLagosV2,8,4,3276,0.6032,0.3967,0.0037,0.0035
2,FakeLagosV2,8,5,4095,0.6039,0.3958,0.0007,0.0009
2,FakeLagosV2,8,6,4914,0.606,0.3937,0.0021,0.0021
2,FakeLagosV2,8,7,5733,0.6081,0.3917,0.002,0.002
2,FakeLagosV2,8,8,6552,0.609,0.3907,0.0009,0.0009
2,FakeLagosV2,8,9,7371,0.6058,0.3938,0.0032,0.0031
2,FakeLagosV2,8,10,8192,0.6078,0.3917,0.002,0.0021
2,FakeLagosV2,9,1,819,0.6056,0.3942,1.0,1.0
2,FakeLagosV2,9,2,1638,0.6026,0.3974,0.0031,0.0032
2,FakeLagosV2,9,3,2457,0.6015,0.3984,0.001,0.0011
2,FakeLagosV2,9,4,3276,0.5992,0.4008,0.0023,0.0023
2,FakeLagosV2,9,5,4095,0.5993,0.4007,0.0001,0.0001
2,FakeLagosV2,9,6,4914,0.5963,0.4037,0.003,0.003
2,FakeLagosV2,9,7,5733,0.5988,0.4012,0.0026,0.0026
2,FakeLagosV2,9,8,6552,0.5974,0.4026,0.0014,0.0014
2,FakeLagosV2,9,9,7371,0.599,0.401,0.0016,0.0016
2,FakeLagosV2,9,10,8192,0.599,0.401,0.0,0.0
2,FakeLagosV2,10,1,819,0.5995,0.3999,1.0,1.0
2,FakeLagosV2,10,2,1638,0.594,0.4059,0.0055,0.006
2,FakeLagosV2,10,3,2457,0.5991,0.4009,0.0051,0.005
2,FakeLagosV2,10,4,3276,0.598,0.4019,0.0011,0.001
2,FakeLagosV2,10,5,4095,0.6059,0.3941,0.0079,0.0078
2,FakeLagosV2,10,6,4914,0.6048,0.3952,0.0011,0.0011
2,FakeLagosV2,10,7,5733,0.6074,0.3926,0.0026,0.0026
2,FakeLagosV2,10,8,6552,0.6099,0.3901,0.0025,0.0025
2,FakeLagosV2,10,9,7371,0.6096,0.3904,0.0003,0.0003
2,FakeLagosV2,10,10,8192,0.6082,0.3918,0.0014,0.0014
2,FakeLagosV2,11,1,819,0.6276,0.3724,1.0,1.0
2,FakeLagosV2,11,2,1638,0.6087,0.3912,0.0189,0.0188
2,FakeLagosV2,11,3,2457,0.6024,0.3975,0.0063,0.0063
2,FakeLagosV2,11,4,3276,0.6013,0.3984,0.001,0.0009
2,FakeLagosV2,11,5,4095,0.6061,0.3936,0.0048,0.0048
2,FakeLagosV2,11,6,4914,0.6079,0.392,0.0018,0.0016
2,FakeLagosV2,11,7,5733,0.6082,0.3916,0.0004,0.0003
2,FakeLagosV2,11,8,6552,0.6073,0.3925,0.0009,0.0009
2,FakeLagosV2,11,9,7371,0.6072,0.3926,0.0001,0.0001
2,FakeLagosV2,11,10,8192,0.604,0.3958,0.0032,0.0032
2,FakeLagosV2,12,1,819,0.6068,0.393,1.0,1.0
2,FakeLagosV2,12,2,1638,0.6105,0.3894,0.0037,0.0036
2,FakeLagosV2,12,3,2457,0.5958,0.4041,0.0147,0.0147
2,FakeLagosV2,12,4,3276,0.5949,0.4051,0.0009,0.0009
2,FakeLagosV2,12,5,4095,0.6007,0.3993,0.0058,0.0058
2,FakeLagosV2,12,6,4914,0.5989,0.4011,0.0018,0.0018
2,FakeLagosV2,12,7,5733,0.6021,0.3979,0.0032,0.0032
2,FakeLagosV2,12,8,6552,0.6042,0.3958,0.0021,0.0021
2,FakeLagosV2,12,9,7371,0.6026,0.3974,0.0016,0.0016
2,FakeLagosV2,12,10,8192,0.6031,0.3968,0.0005,0.0005
2,FakeLagosV2,13,1,819,0.6129,0.3871,1.0,1.0
2,FakeLagosV2,13,2,1638,0.6117,0.3883,0.0012,0.0012
2,FakeLagosV2,13,3,2457,0.6044,0.3955,0.0073,0.0073
2,FakeLagosV2,13,4,3276,0.6078,0.3922,0.0034,0.0034
2,FakeLagosV2,13,5,4095,0.6093,0.3907,0.0015,0.0015
2,FakeLagosV2,13,6,4914,0.6129,0.387,0.0037,0.0036
2,FakeLagosV2,13,7,5733,0.611,0.389,0.0019,0.0019
2,FakeLagosV2,13,8,6552,0.6128,0.3872,0.0018,0.0018
2,FakeLagosV2,13,9,7371,0.6094,0.3906,0.0034,0.0034
2,FakeLagosV2,13,10,8192,0.6125,0.3874,0.0031,0.0031
2,FakeLagosV2,14,1,819,0.6288,0.3708,1.0,1.0
2,FakeLagosV2,14,2,1638,0.6093,0.3907,0.0195,0.0199
2,FakeLagosV2,14,3,2457,0.5991,0.4009,0.0102,0.0102
2,FakeLagosV2,14,4,3276,0.5989,0.4011,0.0002,0.0002
2,FakeLagosV2,14,5,4095,0.6,0.4,0.0011,0.0011
2,FakeLagosV2,14,6,4914,0.6011,0.3989,0.0011,0.0011
2,FakeLagosV2,14,7,5733,0.5993,0.4007,0.0018,0.0018
2,FakeLagosV2,14,8,6552,0.6023,0.3977,0.0029,0.0029
2,FakeLagosV2,14,9,7371,0.603,0.397,0.0008,0.0008
2,FakeLagosV2,14,10,8192,0.6056,0.3944,0.0026,0.0026
2,FakeLagosV2,15,1,819,0.5665,0.4322,1.0,1.0
2,FakeLagosV2,15,2,1638,0.5696,0.4298,0.0031,0.0025
2,FakeLagosV2,15,3,2457,0.5779,0.4214,0.0083,0.0084
2,FakeLagosV2,15,4,3276,0.5858,0.4137,0.0078,0.0077
2,FakeLagosV2,15,5,4095,0.59,0.4095,0.0042,0.0042
2,FakeLagosV2,15,6,4914,0.5946,0.4047,0.0046,0.0048
2,FakeLagosV2,15,7,5733,0.591,0.4082,0.0037,0.0036
2,FakeLagosV2,15,8,6552,0.5881,0.4112,0.0029,0.003
2,FakeLagosV2,15,9,7371,0.5878,0.4112,0.0002,0.0
2,FakeLagosV2,15,10,8192,0.5886,0.4104,0.0008,0.0008
2,FakeLagosV2,16,1,819,0.6447,0.3548,1.0,1.0
2,FakeLagosV2,16,2,1638,0.6258,0.3741,0.0189,0.0193
2,FakeLagosV2,16,3,2457,0.6235,0.3761,0.0022,0.002
2,FakeLagosV2,16,4,3276,0.623,0.3768,0.0005,0.0007
2,FakeLagosV2,16,5,4095,0.6215,0.3781,0.0015,0.0013
2,FakeLagosV2,16,6,4914,0.6174,0.3822,0.0041,0.0041
2,FakeLagosV2,16,7,5733,0.6117,0.3877,0.0057,0.0055
2,FakeLagosV2,16,8,6552,0.6097,0.3896,0.002,0.0019
2,FakeLagosV2,16,9,7371,0.6105,0.3888,0.0008,0.0007
2,FakeLagosV2,16,10,8192,0.61,0.3892,0.0005,0.0004
2,FakeLagosV2,17,1,819,0.5873,0.4109,1.0,1.0
2,FakeLagosV2,17,2,1638,0.6068,0.3923,0.0195,0.0186
2,FakeLagosV2,17,3,2457,0.6052,0.394,0.0016,0.0017
2,FakeLagosV2,17,4,3276,0.6078,0.3917,0.0025,0.0022
2,FakeLagosV2,17,5,4095,0.6015,0.3981,0.0063,0.0063
2,FakeLagosV2,17,6,4914,0.6087,0.3909,0.0072,0.0072
2,FakeLagosV2,17,7,5733,0.6077,0.3921,0.001,0.0012
2,FakeLagosV2,17,8,6552,0.6065,0.3934,0.0012,0.0013
2,FakeLagosV2,17,9,7371,0.6055,0.3944,0.0011,0.001
2,FakeLagosV2,17,10,8192,0.6027,0.3972,0.0028,0.0028
2,FakeLagosV2,18,1,819,0.6166,0.3829,1.0,1.0
2,FakeLagosV2,18,2,1638,0.6245,0.3755,0.0079,0.0075
2,FakeLagosV2,18,3,2457,0.6207,0.3793,0.0039,0.0038
2,FakeLagosV2,18,4,3276,0.6169,0.383,0.0038,0.0037
2,FakeLagosV2,18,5,4095,0.6137,0.3863,0.0032,0.0033
2,FakeLagosV2,18,6,4914,0.6093,0.3907,0.0044,0.0044
2,FakeLagosV2,18,7,5733,0.6102,0.3898,0.0009,0.0008
2,FakeLagosV2,18,8,6552,0.6067,0.3933,0.0035,0.0035
2,FakeLagosV2,18,9,7371,0.6063,0.3937,0.0004,0.0004
2,FakeLagosV2,18,10,8192,0.6074,0.3926,0.0011,0.0011
2,FakeLagosV2,19,1,819,0.6203,0.3787,1.0,1.0
2,FakeLagosV2,19,2,1638,0.6349,0.3648,0.0147,0.0139
2,FakeLagosV2,19,3,2457,0.6093,0.3903,0.0256,0.0255
2,FakeLagosV2,19,4,3276,0.6111,0.3887,0.0018,0.0017
2,FakeLagosV2,19,5,4095,0.6137,0.3862,0.0026,0.0025
2,FakeLagosV2,19,6,4914,0.6105,0.3894,0.0032,0.0032
2,FakeLagosV2,19,7,5733,0.6119,0.388,0.0014,0.0014
2,FakeLagosV2,19,8,6552,0.6108,0.3891,0.0011,0.0011
2,FakeLagosV2,19,9,7371,0.6106,0.3892,0.0002,0.0001
2,FakeLagosV2,19,10,8192,0.6091,0.3907,0.0015,0.0015
3,FakeLagosV2,0,1,400,0.28,0.72,1.0,1.0
3,FakeLagosV2,0,2,800,0.3,0.7,0.02,0.02
3,FakeLagosV2,0,3,1200,0.2908,0.7092,0.0092,0.0092
3,FakeLagosV2,0,4,1600,0.2956,0.7044,0.0048,0.0048
3,FakeLagosV2,0,5,2000,0.2925,0.7075,0.0031,0.0031
3,FakeLagosV2,0,6,2400,0.2958,0.7042,0.0033,0.0033
3,FakeLagosV2,0,7,2800,0.2957,0.7043,0.0001,0.0001
3,FakeLagosV2,0,8,3200,0.2981,0.7019,0.0024,0.0024
3,FakeLagosV2,0,9,3600,0.2975,0.7025,0.0006,0.0006
3,FakeLagosV2,0,10,4000,0.2953,0.7047,0.0022,0.0023
3,FakeLagosV2,1,1,400,0.2925,0.7075,1.0,1.0
3,FakeLagosV2,1,2,800,0.2588,0.7413,0.0337,0.0338
3,FakeLagosV2,1,3,1200,0.2708,0.7292,0.0121,0.0121
3,FakeLagosV2,1,4,1600,0.2781,0.7219,0.0073,0.0073
3,FakeLagosV2,1,5,2000,0.291,0.709,0.0129,0.0129
3,FakeLagosV2,1,6,2400,0.2933,0.7067,0.0023,0.0023
3,FakeLagosV2,1,7,2800,0.29,0.71,0.0033,0.0033
3,FakeLagosV2,1,8,3200,0.285,0.715,0.005,0.005
3,FakeLagosV2,1,9,3600,0.285,0.715,0.0,0.0
3,FakeLagosV2,1,10,4000,0.285,0.715,0.0,0.0
3,FakeLagosV2,2,1,400,0.2725,0.7275,1.0,1.0
3,FakeLagosV2,2,2,800,0.2812,0.7188,0.0088,0.0088
3,FakeLagosV2,2,3,1200,0.29,0.71,0.0088,0.0088
3,FakeLagosV2,2,4,1600,0.2881,0.7119,0.0019,0.0019
3,FakeLagosV2,2,5,2000,0.2855,0.7145,0.0026,0.0026
3,FakeLagosV2,2,6,2400,0.2896,0.7104,0.0041,0.0041
3,FakeLagosV2,2,7,2800,0.2871,0.7129,0.0024,0.0024
3,FakeLagosV2,2,8,3200,0.2878,0.7122,0.0007,0.0007
3,FakeLagosV2,2,9,3600,0.2881,0.7119,0.0002,0.0002
3,FakeLagosV2,2,10,4000,0.2875,0.7125,0.0006,0.0006
3,FakeLagosV2,3,1,400,0.31,0.69,1.0,1.0
3,FakeLagosV2,3,2,800,0.305,0.695,0.005,0.005
3,FakeLagosV2,3,3,1200,0.3042,0.6958,0.0008,0.0008
3,FakeLagosV2,3,4,1600,0.3106,0.6894,0.0065,0.0065
3,FakeLagosV2,3,5,2000,0.305,0.695,0.0056,0.0056
3,FakeLagosV2,3,6,2400,0.3013,0.6987,0.0038,0.0038
3,FakeLagosV2,3,7,2800,0.3014,0.6986,0.0002,0.0002
3,FakeLagosV2,3,8,3200,0.3013,0.6987,0.0002,0.0002
3,FakeLagosV2,3,9,3600,0.3022,0.6978,0.001,0.001
3,FakeLagosV2,3,10,4000,0.3007,0.6992,0.0015,0.0015
3,FakeLagosV2,4,1,400,0.2825,0.7175,1.0,1.0
3,FakeLagosV2,4,2,800,0.285,0.715,0.0025,0.0025
3,FakeLagosV2,4,3,1200,0.2817,0.7183,0.0033,0.0033
3,FakeLagosV2,4,4,1600,0.2881,0.7119,0.0065,0.0065
3,FakeLagosV2,4,5,2000,0.2925,0.7075,0.0044,0.0044
3,FakeLagosV2,4,6,2400,0.2921,0.7079,0.0004,0.0004
3,FakeLagosV2,4,7,2800,0.2964,0.7036,0.0043,0.0043
3,FakeLagosV2,4,8,3200,0.2966,0.7034,0.0001,0.0001
3,FakeLagosV2,4,9,3600,0.2961,0.7039,0.0005,0.0005
3,FakeLagosV2,4,10,4000,0.2967,0.7032,0.0006,0.0006
3,FakeLagosV2,5,1,400,0.24,0.76,1.0,1.0
3,FakeLagosV2,5,2,800,0.28,0.72,0.04,0.04
3,FakeLagosV2,5,3,1200,0.2883,0.7117,0.0083,0.0083
3,FakeLagosV2,5,4,1600,0.2844,0.7156,0.004,0.004
3,FakeLagosV2,5,5,2000,0.29,0.71,0.0056,0.0056
3,FakeLagosV2,5,6,2400,0.2821,0.7179,0.0079,0.0079
3,FakeLagosV2,5,7,2800,0.2818,0.7182,0.0003,0.0003
3,FakeLagosV2,5,8,3200,0.2809,0.7191,0.0008,0.0008
3,FakeLagosV2,5,9,3600,0.2853,0.7147,0.0043,0.0043
3,FakeLagosV2,5,10,4000,0.2855,0.7145,0.0002,0.0002
3,FakeLagosV2,6,1,400,0.275,0.725,1.0,1.0
3,FakeLagosV2,6,2,800,0.2812,0.7188,0.0062,0.0062
3,FakeLagosV2,6,3,1200,0.2817,0.7183,0.0004,0.0004
3,FakeLagosV2,6,4,1600,0.2812,0.7188,0.0004,0.0004
3,FakeLagosV2,6,5,2000,0.287,0.713,0.0058,0.0058
3,FakeLagosV2,6,6,2400,0.2829,0.7171,0.0041,0.0041
3,FakeLagosV2,6,7,2800,0.2786,0.7214,0.0043,0.0043
3,FakeLagosV2,6,8,3200,0.2794,0.7206,0.0008,0.0008
3,FakeLagosV2,6,9,3600,0.2803,0.7197,0.0009,0.0009
3,FakeLagosV2,6,10,4000,0.2823,0.7178,0.002,0.002
3,FakeLagosV2,7,1,400,0.27,0.73,1.0,1.0
3,FakeLagosV2,7,2,800,0.265,0.735,0.005,0.005
3,FakeLagosV2,7,3,1200,0.2717,0.7283,0.0067,0.0067
3,FakeLagosV2,7,4,1600,0.2731,0.7269,0.0015,0.0015
3,FakeLagosV2,7,5,2000,0.2715,0.7285,0.0016,0.0016
3,FakeLagosV2,7,6,2400,0.2754,0.7246,0.0039,0.0039
3,FakeLagosV2,7,7,2800,0.2721,0.7279,0.0033,0.0033
3,FakeLagosV2,7,8,3200,0.2722,0.7278,0.0,0.0
3,FakeLagosV2,7,9,3600,0.2775,0.7225,0.0053,0.0053
3,FakeLagosV2,7,10,4000,0.2775,0.7225,0.0,0.0
3,FakeLagosV2,8,1,400,0.3,0.7,1.0,1.0
3,FakeLagosV2,8,2,800,0.295,0.705,0.005,0.005
3,FakeLagosV2,8,3,1200,0.2875,0.7125,0.0075,0.0075
3,FakeLagosV2,8,4,1600,0.2906,0.7094,0.0031,0.0031
3,FakeLagosV2,8,5,2000,0.295,0.705,0.0044,0.0044
3,FakeLagosV2,8,6,2400,0.2887,0.7113,0.0063,0.0063
3,FakeLagosV2,8,7,2800,0.295,0.705,0.0063,0.0063
3,FakeLagosV2,8,8,3200,0.2953,0.7047,0.0003,0.0003
3,FakeLagosV2,8,9,3600,0.2942,0.7058,0.0011,0.0011
3,FakeLagosV2,8,10,4000,0.2927,0.7073,0.0014,0.0014
3,FakeLagosV2,9,1,400,0.29,0.71,1.0,1.0
3,FakeLagosV2,9,2,800,0.2987,0.7013,0.0087,0.0087
3,FakeLagosV2,9,3,1200,0.2983,0.7017,0.0004,0.0004
3,FakeLagosV2,9,4,1600,0.2981,0.7019,0.0002,0.0002
3,FakeLagosV2,9,5,2000,0.291,0.709,0.0071,0.0071
3,FakeLagosV2,9,6,2400,0.2917,0.7083,0.0007,0.0007
3,FakeLagosV2,9,7,2800,0.2868,0.7132,0.0049,0.0049
3,FakeLagosV2,9,8,3200,0.2897,0.7103,0.0029,0.0029
3,FakeLagosV2,9,9,3600,0.2967,0.7033,0.007,0.007
3,FakeLagosV2,9,10,4000,0.2967,0.7032,0.0001,0.0001
3,FakeLagosV2,10,1,400,0.28,0.72,1.0,1.0
3,FakeLagosV2,10,2,800,0.2913,0.7087,0.0112,0.0112
3,FakeLagosV2,10,3,1200,0.2883,0.7117,0.0029,0.0029
3,FakeLagosV2,10,4,1600,0.2894,0.7106,0.001,0.001
3,FakeLagosV2,10,5,2000,0.2915,0.7085,0.0021,0.0021
3,FakeLagosV2,10,6,2400,0.2933,0.7067,0.0018,0.0018
3,FakeLagosV2,10,7,2800,0.2925,0.7075,0.0008,0.0008
3,FakeLagosV2,10,8,3200,0.2922,0.7078,0.0003,0.0003
3,FakeLagosV2,10,9,3600,0.2911,0.7089,0.0011,0.0011
3,FakeLagosV2,10,10,4000,0.2927,0.7073,0.0016,0.0016
3,FakeLagosV2,11,1,400,0.3025,0.6975,1.0,1.0
3,FakeLagosV2,11,2,800,0.2925,0.7075,0.01,0.01
3,FakeLagosV2,11,3,1200,0.2767,0.7233,0.0158,0.0158
3,FakeLagosV2,11,4,1600,0.2881,0.7119,0.0115,0.0115
3,FakeLagosV2,11,5,2000,0.2935,0.7065,0.0054,0.0054
3,FakeLagosV2,11,6,2400,0.2946,0.7054,0.0011,0.0011
3,FakeLagosV2,11,7,2800,0.2929,0.7071,0.0017,0.0017
3,FakeLagosV2,11,8,3200,0.2956,0.7044,0.0028,0.0028
3,FakeLagosV2,11,9,3600,0.2961,0.7039,0.0005,0.0005
3,FakeLagosV2,11,10,4000,0.2933,0.7067,0.0029,0.0029
3,FakeLagosV2,12,1,400,0.3125,0.6875,1.0,1.0
3,FakeLagosV2,12,2,800,0.3087,0.6913,0.0038,0.0038
3,FakeLagosV2,12,3,1200,0.2975,0.7025,0.0112,0.0112
3,FakeLagosV2,12,4,1600,0.3025,0.6975,0.005,0.005
3,FakeLagosV2,12,5,2000,0.303,0.697,0.0005,0.0005
3,FakeLagosV2,12,6,2400,0.2987,0.7013,0.0043,0.0042
3,FakeLagosV2,12,7,2800,0.2957,0.7043,0.003,0.003
3,FakeLagosV2,12,8,3200,0.2922,0.7078,0.0035,0.0035
3,FakeLagosV2,12,9,3600,0.2939,0.7061,0.0017,0.0017
3,FakeLagosV2,12,10,4000,0.2885,0.7115,0.0054,0.0054
3,FakeLagosV2,13,1,400,0.2475,0.7525,1.0,1.0
3,FakeLagosV2,13,2,800,0.2612,0.7387,0.0137,0.0138
3,FakeLagosV2,13,3,1200,0.2692,0.7308,0.0079,0.0079
3,FakeLagosV2,13,4,1600,0.2737,0.7262,0.0046,0.0046
3,FakeLagosV2,13,5,2000,0.273,0.727,0.0007,0.0008
3,FakeLagosV2,13,6,2400,0.2767,0.7233,0.0037,0.0037
3,FakeLagosV2,13,7,2800,0.2761,0.7239,0.0006,0.0006
3,FakeLagosV2,13,8,3200,0.2797,0.7203,0.0036,0.0036
3,FakeLagosV2,13,9,3600,0.2825,0.7175,0.0028,0.0028
3,FakeLagosV2,13,10,4000,0.2833,0.7168,0.0008,0.0007
3,FakeLagosV2,14,1,400,0.2875,0.7125,1.0,1.0
3,FakeLagosV2,14,2,800,0.295,0.705,0.0075,0.0075
3,FakeLagosV2,14,3,1200,0.2908,0.7092,0.0042,0.0042
3,FakeLagosV2,14,4,1600,0.2863,0.7137,0.0046,0.0046
3,FakeLagosV2,14,5,2000,0.2795,0.7205,0.0068,0.0068
3,FakeLagosV2,14,6,2400,0.2829,0.7171,0.0034,0.0034
3,FakeLagosV2,14,7,2800,0.2839,0.7161,0.001,0.001
3,FakeLagosV2,14,8,3200,0.2863,0.7137,0.0023,0.0023
3,FakeLagosV2,14,9,3600,0.2867,0.7133,0.0004,0.0004
3,FakeLagosV2,14,10,4000,0.2903,0.7097,0.0036,0.0036
3,FakeLagosV2,15,1,400,0.26,0.74,1.0,1.0
3,FakeLagosV2,15,2,800,0.2562,0.7437,0.0038,0.0037
3,FakeLagosV2,15,3,1200,0.2733,0.7267,0.0171,0.0171
3,FakeLagosV2,15,4,1600,0.2719,0.7281,0.0015,0.0015
3,FakeLagosV2,15,5,2000,0.281,0.719,0.0091,0.0091
3,FakeLagosV2,15,6,2400,0.2804,0.7196,0.0006,0.0006
3,FakeLagosV2,15,7,2800,0.2829,0.7171,0.0024,0.0024
3,FakeLagosV2,15,8,3200,0.2781,0.7219,0.0047,0.0047
3,FakeLagosV2,15,9,3600,0.2756,0.7244,0.0026,0.0026
3,FakeLagosV2,15,10,4000,0.2787,0.7212,0.0032,0.0032
3,FakeLagosV2,16,1,400,0.2675,0.7325,1.0,1.0
3,FakeLagosV2,16,2,800,0.2725,0.7275,0.005,0.005
3,FakeLagosV2,16,3,1200,0.2817,0.7183,0.0092,0.0092
3,FakeLagosV2,16,4,1600,0.2969,0.7031,0.0152,0.0152
3,FakeLagosV2,16,5,2000,0.3,0.7,0.0031,0.0031
3,FakeLagosV2,16,6,2400,0.3013,0.6987,0.0012,0.0013
3,FakeLagosV2,16,7,2800,0.3018,0.6982,0.0005,0.0005
3,FakeLagosV2,16,8,3200,0.2963,0.7037,0.0055,0.0055
3,FakeLagosV2,16,9,3600,0.2958,0.7042,0.0004,0.0004
3,FakeLagosV2,16,10,4000,0.296,0.704,0.0002,0.0002
3,FakeLagosV2,17,1,400,0.2975,0.7025,1.0,1.0
3,FakeLagosV2,17,2,800,0.2888,0.7113,0.0087,0.0088
3,FakeLagosV2,17,3,1200,0.2867,0.7133,0.0021,0.0021
3,FakeLagosV2,17,4,1600,0.2819,0.7181,0.0048,0.0048
3,FakeLagosV2,17,5,2000,0.2885,0.7115,0.0066,0.0066
3,FakeLagosV2,17,6,2400,0.2954,0.7046,0.0069,0.0069
3,FakeLagosV2,17,7,2800,0.2939,0.7061,0.0015,0.0015
3,FakeLagosV2,17,8,3200,0.2909,0.7091,0.003,0.003
3,FakeLagosV2,17,9,3600,0.2881,0.7119,0.0029,0.0029
3,FakeLagosV2,17,10,4000,0.2887,0.7113,0.0007,0.0007
3,FakeLagosV2,18,1,400,0.2825,0.7175,1.0,1.0
3,FakeLagosV2,18,2,800,0.275,0.725,0.0075,0.0075
3,FakeLagosV2,18,3,1200,0.2942,0.7058,0.0192,0.0192
3,FakeLagosV2,18,4,1600,0.295,0.705,0.0008,0.0008
3,FakeLagosV2,18,5,2000,0.2905,0.7095,0.0045,0.0045
3,FakeLagosV2,18,6,2400,0.2942,0.7058,0.0037,0.0037
3,FakeLagosV2,18,7,2800,0.2889,0.7111,0.0052,0.0052
3,FakeLagosV2,18,8,3200,0.2888,0.7113,0.0002,0.0002
3,FakeLagosV2,18,9,3600,0.2869,0.7131,0.0018,0.0018
3,FakeLagosV2,18,10,4000,0.286,0.714,0.0009,0.0009
3,FakeLagosV2,19,1,400,0.29,0.71,1.0,1.0
3,FakeLagosV2,19,2,800,0.2937,0.7062,0.0037,0.0037
3,FakeLagosV2,19,3,1200,0.3008,0.6992,0.0071,0.0071
3,FakeLagosV2,19,4,1600,0.2987,0.7013,0.0021,0.0021
3,FakeLagosV2,19,5,2000,0.2985,0.7015,0.0002,0.0002
3,FakeLagosV2,19,6,2400,0.295,0.705,0.0035,0.0035
3,FakeLagosV2,19,7,2800,0.2971,0.7029,0.0021,0.0021
3,FakeLagosV2,19,8,3200,0.2997,0.7003,0.0025,0.0025
3,FakeLagosV2,19,9,3600,0.295,0.705,0.0047,0.0047
3,FakeLagosV2,19,10,4000,0.294,0.706,0.001,0.001
4,FakeLagosV2,0,1,819,0.3968,0.6022,1.0,1.0
4,FakeLagosV2,0,2,1638,0.3956,0.6036,0.0012,0.0014
4,FakeLagosV2,0,3,2457,0.4037,0.5956,0.0081,0.0079
4,FakeLagosV2,0,4,3276,0.3996,0.5996,0.0042,0.004
4,FakeLagosV2,0,5,4095,0.402,0.5973,0.0024,0.0023
4,FakeLagosV2,0,6,4914,0.4037,0.5956,0.0018,0.0017
4,FakeLagosV2,0,7,5733,0.4066,0.5929,0.0028,0.0026
4,FakeLagosV2,0,8,6552,0.4038,0.5956,0.0027,0.0027
4,FakeLagosV2,0,9,7371,0.4033,0.5962,0.0005,0.0005
4,FakeLagosV2,0,10,8192,0.4023,0.5973,0.001,0.0011
4,FakeLagosV2,1,1,819,0.4432,0.5567,1.0,1.0
4,FakeLagosV2,1,2,1638,0.4243,0.5757,0.0189,0.019
4,FakeLagosV2,1,3,2457,0.4249,0.5751,0.0006,0.0006
4,FakeLagosV2,1,4,3276,0.4222,0.5778,0.0027,0.0028
4,FakeLagosV2,1,5,4095,0.4178,0.5822,0.0043,0.0043
4,FakeLagosV2,1,6,4914,0.4139,0.5861,0.0039,0.0039
4,FakeLagosV2,1,7,5733,0.4101,0.5899,0.0038,0.0038
4,FakeLagosV2,1,8,6552,0.4112,0.5888,0.0011,0.0011
4,FakeLagosV2,1,9,7371,0.4135,0.5865,0.0023,0.0024
4,FakeLagosV2,1,10,8192,0.4154,0.5846,0.0019,0.0019
4,FakeLagosV2,2,1,819,0.4322,0.5675,1.0,1.0
4,FakeLagosV2,2,2,1638,0.428,0.572,0.0043,0.0045
4,FakeLagosV2,2,3,2457,0.4225,0.5775,0.0055,0.0055
4,FakeLagosV2,2,4,3276,0.4182,0.5817,0.0043,0.0042
4,FakeLagosV2,2,5,4095,0.4171,0.5828,0.0011,0.001
4,FakeLagosV2,2,6,4914,0.4147,0.5852,0.0024,0.0025
4,FakeLagosV2,2,7,5733,0.4165,0.5834,0.0018,0.0018
4,FakeLagosV2,2,8,6552,0.4174,0.5825,0.0009,0.001
4,FakeLagosV2,2,9,7371,0.4151,0.5847,0.0023,0.0022
4,FakeLagosV2,2,10,8192,0.4132,0.5866,0.0019,0.0019
4,FakeLagosV2,3,1,819,0.4322,0.5678,1.0,1.0
4,FakeLagosV2,3,2,1638,0.4121,0.5878,0.0201,0.0201
4,FakeLagosV2,3,3,2457,0.4103,0.5897,0.0018,0.0019
4,FakeLagosV2,3,4,3276,0.4045,0.5955,0.0058,0.0058
4,FakeLagosV2,3,5,4095,0.4059,0.5941,0.0014,0.0014
4,FakeLagosV2,3,6,4914,0.4096,0.5903,0.0038,0.0038
4,FakeLagosV2,3,7,5733,0.4059,0.5941,0.0038,0.0037
4,FakeLagosV2,3,8,6552,0.4046,0.5954,0.0013,0.0013
4,FakeLagosV2,3,9,7371,0.4058,0.5942,0.0012,0.0011
4,FakeLagosV2,3,10,8192,0.4092,0.5908,0.0034,0.0034
4,FakeLagosV2,4,1,819,0.4017,0.5983,1.0,1.0
4,FakeLagosV2,4,2,1638,0.4078,0.5922,0.0061,0.0061
4,FakeLagosV2,4,3,2457,0.4094,0.5905,0.0016,0.0016
4,FakeLagosV2,4,4,3276,0.4118,0.5882,0.0023,0.0023
4,FakeLagosV2,4,5,4095,0.4151,0.5849,0.0034,0.0033
4,FakeLagosV2,4,6,4914,0.4166,0.5834,0.0014,0.0014
4,FakeLagosV2,4,7,5733,0.4155,0.5845,0.0011,0.0011
4,FakeLagosV2,4,8,6552,0.4133,0.5867,0.0022,0.0022
4,FakeLagosV2,4,9,7371,0.4127,0.5873,0.0006,0.0006
4,FakeLagosV2,4,10,8192,0.4103,0.5896,0.0024,0.0024
4,FakeLagosV2,5,1,819,0.3907,0.6083,1.0,1.0
4,FakeLagosV2,5,2,1638,0.3974,0.6025,0.0067,0.0058
4,FakeLagosV2,5,3,2457,0.4037,0.5962,0.0063,0.0062
4,FakeLagosV2,5,4,3276,0.4188,0.5812,0.0151,0.0151
4,FakeLagosV2,5,5,4095,0.4205,0.5794,0.0017,0.0017
4,FakeLagosV2,5,6,4914,0.418,0.582,0.0025,0.0026
4,FakeLagosV2,5,7,5733,0.4134,0.5866,0.0046,0.0046
4,FakeLagosV2,5,8,6552,0.4142,0.5858,0.0008,0.0008
4,FakeLagosV2,5,9,7371,0.4131,0.5869,0.0011,0.0011
4,FakeLagosV2,5,10,8192,0.4102,0.5898,0.0029,0.0029
4,FakeLagosV2,6,1,819,0.4042,0.5936,1.0,1.0
4,FakeLagosV2,6,2,1638,0.4145,0.5844,0.0104,0.0092
4,FakeLagosV2,6,3,2457,0.4233,0.576,0.0088,0.0084
4,FakeLagosV2,6,4,3276,0.4185,0.581,0.0048,0.005
4,FakeLagosV2,6,5,4095,0.4144,0.5852,0.0041,0.0042
4,FakeLagosV2,6,6,4914,0.4149,0.5846,0.0005,0.0006
4,FakeLagosV2,6,7,5733,0.4125,0.587,0.0024,0.0023
4,FakeLagosV2,6,8,6552,0.4107,0.5887,0.0018,0.0018
4,FakeLagosV2,6,9,7371,0.4108,0.5886,0.0001,0.0001
4,FakeLagosV2,6,10,8192,0.4097,0.5898,0.0011,0.0011
4,FakeLagosV2,7,1,819,0.3919,0.608,1.0,1.0
4,FakeLagosV2,7,2,1638,0.3987,0.6013,0.0067,0.0067
4,FakeLagosV2,7,3,2457,0.4025,0.5975,0.0039,0.0039
4,FakeLagosV2,7,4,3276,0.4042,0.5958,0.0016,0.0016
4,FakeLagosV2,7,5,4095,0.4059,0.5941,0.0017,0.0017
4,FakeLagosV2,7,6,4914,0.4107,0.5893,0.0048,0.0048
4,FakeLagosV2,7,7,5733,0.405,0.595,0.0056,0.0056
4,FakeLagosV2,7,8,6552,0.4086,0.5914,0.0036,0.0035
4,FakeLagosV2,7,9,7371,0.4062,0.5938,0.0024,0.0024
4,FakeLagosV2,7,10,8192,0.4041,0.5959,0.0021,0.0021
4,FakeLagosV2,8,1,819,0.4017,0.5979,1.0,1.0
4,FakeLagosV2,8,2,1638,0.3999,0.6,0.0018,0.0021
4,FakeLagosV2,8,3,2457,0.4042,0.5957,0.0043,0.0043
4,FakeLagosV2,8,4,3276,0.4035,0.5965,0.0006,0.0007
4,FakeLagosV2,8,5,4095,0.4042,0.5958,0.0006,0.0006
4,FakeLagosV2,8,6,4914,0.4019,0.5981,0.0022,0.0022
4,FakeLagosV2,8,7,5733,0.4042,0.5958,0.0022,0.0023
4,FakeLagosV2,8,8,6552,0.4061,0.5938,0.002,0.002
4,FakeLagosV2,8,9,7371,0.4028,0.5971,0.0033,0.0033
4,FakeLagosV2,8,10,8192,0.4027,0.5971,0.0001,0.0
4,FakeLagosV2,9,1,819,0.3907,0.6092,1.0,1.0
4,FakeLagosV2,9,2,1638,0.4158,0.5839,0.025,0.0253
4,FakeLagosV2,9,3,2457,0.4029,0.597,0.0128,0.0131
4,FakeLagosV2,9,4,3276,0.3971,0.6029,0.0058,0.0059
4,FakeLagosV2,9,5,4095,0.3954,0.6046,0.0018,0.0017
4,FakeLagosV2,9,6,4914,0.397,0.6029,0.0017,0.0016
4,FakeLagosV2,9,7,5733,0.4015,0.5985,0.0045,0.0045
4,FakeLagosV2,9,8,6552,0.3988,0.6012,0.0027,0.0027
4,FakeLagosV2,9,9,7371,0.3979,0.6021,0.0009,0.0009
4,FakeLagosV2,9,10,8192,0.3986,0.6014,0.0006,0.0006
4,FakeLagosV2,10,1,819,0.4225,0.5775,1.0,1.0
4,FakeLagosV2,10,2,1638,0.4225,0.5775,0.0,0.0001
4,FakeLagosV2,10,3,2457,0.405,0.5949,0.0175,0.0174
4,FakeLagosV2,10,4,3276,0.4103,0.5895,0.0053,0.0054
4,FakeLagosV2,10,5,4095,0.41,0.5896,0.0002,0.0002
4,FakeLagosV2,10,6,4914,0.4062,0.5934,0.0038,0.0038
4,FakeLagosV2,10,7,5733,0.4087,0.5908,0.0025,0.0026
4,FakeLagosV2,10,8,6552,0.4051,0.5944,0.0036,0.0036
4,FakeLagosV2,10,9,7371,0.4017,0.5977,0.0034,0.0033
4,FakeLagosV2,10,10,8192,0.4039,0.5954,0.0022,0.0023
4,FakeLagosV2,11,1,819,0.4444,0.5554,1.0,1.0
4,FakeLagosV2,11,2,1638,0.4206,0.5794,0.0238,0.024
4,FakeLagosV2,11,3,2457,0.4172,0.5827,0.0035,0.0034
4,FakeLagosV2,11,4,3276,0.4158,0.5842,0.0014,0.0014
4,FakeLagosV2,11,5,4095,0.4137,0.5862,0.0021,0.002
4,FakeLagosV2,11,6,4914,0.4178,0.5821,0.0041,0.0041
4,FakeLagosV2,11,7,5733,0.4183,0.5814,0.0005,0.0007
4,FakeLagosV2,11,8,6552,0.4173,0.5825,0.001,0.0011
4,FakeLagosV2,11,9,7371,0.4168,0.583,0.0005,0.0005
4,FakeLagosV2,11,10,8192,0.4176,0.5822,0.0008,0.0008
4,FakeLagosV2,12,1,819,0.4005,0.5995,1.0,1.0
4,FakeLagosV2,12,2,1638,0.4029,0.5971,0.0024,0.0024
4,FakeLagosV2,12,3,2457,0.4131,0.5868,0.0102,0.0102
4,FakeLagosV2,12,4,3276,0.413,0.5869,0.0001,0.0001
4,FakeLagosV2,12,5,4095,0.4129,0.587,0.0001,0.0001
4,FakeLagosV2,12,6,4914,0.4135,0.5864,0.0006,0.0006
4,FakeLagosV2,12,7,5733,0.4082,0.5918,0.0053,0.0054
4,FakeLagosV2,12,8,6552,0.4063,0.5937,0.0019,0.0018
4,FakeLagosV2,12,9,7371,0.4047,0.5952,0.0016,0.0015
4,FakeLagosV2,12,10,8192,0.4075,0.5924,0.0028,0.0028
4,FakeLagosV2,13,1,819,0.3773,0.622,1.0,1.0
4,FakeLagosV2,13,2,1638,0.4017,0.5977,0.0244,0.0243
4,FakeLagosV2,13,3,2457,0.407,0.5928,0.0053,0.0049
4,FakeLagosV2,13,4,3276,0.4051,0.5946,0.0019,0.0019
4,FakeLagosV2,13,5,4095,0.4073,0.5924,0.0023,0.0022
4,FakeLagosV2,13,6,4914,0.4135,0.5863,0.0062,0.0062
4,FakeLagosV2,13,7,5733,0.4151,0.5846,0.0016,0.0017
4,FakeLagosV2,13,8,6552,0.4112,0.5885,0.004,0.0039
4,FakeLagosV2,13,9,7371,0.4138,0.5859,0.0026,0.0026
4,FakeLagosV2,13,10,8192,0.4147,0.5851,0.0009,0.0008
4,FakeLagosV2,14,1,819,0.3919,0.6043,1.0,1.0
4,FakeLagosV2,14,2,1638,0.3864,0.6119,0.0055,0.0075
4,FakeLagosV2,14,3,2457,0.4029,0.5955,0.0165,0.0164
4,FakeLagosV2,14,4,3276,0.4054,0.5935,0.0024,0.002
4,FakeLagosV2,14,5,4095,0.4049,0.5938,0.0005,0.0004
4,FakeLagosV2,14,6,4914,0.4017,0.597,0.0032,0.0031
4,FakeLagosV2,14,7,5733,0.4021,0.5969,0.0003,0.0001
4,FakeLagosV2,14,8,6552,0.4035,0.5954,0.0015,0.0015
4,FakeLagosV2,14,9,7371,0.4047,0.5942,0.0012,0.0012
4,FakeLagosV2,14,10,8192,0.4038,0.5951,0.0009,0.0009
4,FakeLagosV2,15,1,819,0.4017,0.597,1.0,1.0
4,FakeLagosV2,15,2,1638,0.4011,0.5982,0.0006,0.0012
4,FakeLagosV2,15,3,2457,0.405,0.594,0.0039,0.0042
4,FakeLagosV2,15,4,3276,0.4042,0.5952,0.0008,0.0012
4,FakeLagosV2,15,5,4095,0.4066,0.5927,0.0024,0.0025
4,FakeLagosV2,15,6,4914,0.4046,0.5946,0.002,0.0019
4,FakeLagosV2,15,7,5733,0.4024,0.5966,0.0022,0.002
4,FakeLagosV2,15,8,6552,0.4028,0.5964,0.0004,0.0002
4,FakeLagosV2,15,9,7371,0.4033,0.5957,0.0006,0.0007
4,FakeLagosV2,15,10,8192,0.4087,0.5903,0.0054,0.0054
4,FakeLagosV2,16,1,819,0.4249,0.575,1.0,1.0
4,FakeLagosV2,16,2,1638,0.4267,0.5733,0.0018,0.0017
4,FakeLagosV2,16,3,2457,0.4237,0.5762,0.0031,0.003
4,FakeLagosV2,16,4,3276,0.427,0.5729,0.0034,0.0033
4,FakeLagosV2,16,5,4095,0.4234,0.5764,0.0036,0.0035
4,FakeLagosV2,16,6,4914,0.4223,0.5777,0.0012,0.0012
4,FakeLagosV2,16,7,5733,0.4193,0.5805,0.0029,0.0028
4,FakeLagosV2,16,8,6552,0.4164,0.5834,0.003,0.0029
4,FakeLagosV2,16,9,7371,0.4154,0.5844,0.0009,0.001
4,FakeLagosV2,16,10,8192,0.4153,0.5846,0.0001,0.0001
4,FakeLagosV2,17,1,819,0.4005,0.5977,1.0,1.0
4,FakeLagosV2,17,2,1638,0.4042,0.5951,0.0037,0.0026
4,FakeLagosV2,17,3,2457,0.4054,0.5943,0.0012,0.0008
4,FakeLagosV2,17,4,3276,0.4045,0.5951,0.0009,0.0008
4,FakeLagosV2,17,5,4095,0.4073,0.5922,0.0029,0.0029
4,FakeLagosV2,17,6,4914,0.4088,0.5908,0.0015,0.0015
4,FakeLagosV2,17,7,5733,0.4113,0.5884,0.0025,0.0024
4,FakeLagosV2,17,8,6552,0.411,0.5888,0.0003,0.0004
4,FakeLagosV2,17,9,7371,0.4123,0.5874,0.0013,0.0014
4,FakeLagosV2,17,10,8192,0.4095,0.5902,0.0027,0.0027
4,FakeLagosV2,18,1,819,0.3871,0.6127,1.0,1.0
4,FakeLagosV2,18,2,1638,0.4176,0.5819,0.0305,0.0309
4,FakeLagosV2,18,3,2457,0.4184,0.5811,0.0008,0.0008
4,FakeLagosV2,18,4,3276,0.4222,0.5771,0.0038,0.004
4,FakeLagosV2,18,5,4095,0.4259,0.5734,0.0037,0.0036
4,FakeLagosV2,18,6,4914,0.4214,0.5779,0.0044,0.0044
4,FakeLagosV2,18,7,5733,0.4197,0.5798,0.0018,0.002
4,FakeLagosV2,18,8,6552,0.4165,0.5829,0.0032,0.0031
4,FakeLagosV2,18,9,7371,0.4151,0.5845,0.0014,0.0016
4,FakeLagosV2,18,10,8192,0.4137,0.5859,0.0014,0.0014
4,FakeLagosV2,19,1,819,0.4212,0.5758,1.0,1.0
4,FakeLagosV2,19,2,1638,0.4249,0.5719,0.0037,0.0039
4,FakeLagosV2,19,3,2457,0.4119,0.5856,0.013,0.0137
4,FakeLagosV2,19,4,3276,0.406,0.5926,0.0059,0.007
4,FakeLagosV2,19,5,4095,0.4144,0.5846,0.0084,0.0079
4,FakeLagosV2,19,6,4914,0.4115,0.5877,0.0029,0.0031
4,FakeLagosV2,19,7,5733,0.413,0.5861,0.0016,0.0016
4,FakeLagosV2,19,8,6552,0.4112,0.588,0.0019,0.0019
4,FakeLagosV2,19,9,7371,0.4096,0.5896,0.0016,0.0016
4,FakeLagosV2,19,10,8192,0.4078,0.5914,0.0017,0.0018
5,FakeLagosV2,0,1,102,0.5882,0.4101,1.0,1.0
5,FakeLagosV2,0,2,204,0.549,0.4507,0.0392,0.0405
5,FakeLagosV2,0,3,306,0.5458,0.4536,0.0033,0.003
5,FakeLagosV2,0,4,408,0.549,0.4509,0.0033,0.0027
5,FakeLagosV2,0,5,510,0.5471,0.4529,0.002,0.002
5,FakeLagosV2,0,6,612,0.5392,0.4608,0.0078,0.0079
5,FakeLagosV2,0,7,714,0.5476,0.4522,0.0084,0.0086
5,FakeLagosV2,0,8,816,0.5404,0.4591,0.0072,0.0069
5,FakeLagosV2,0,9,918,0.5447,0.455,0.0042,0.0041
5,FakeLagosV2,0,10,1024,0.5391,0.4606,0.0056,0.0056
5,FakeLagosV2,1,1,102,0.6078,0.3921,1.0,1.0
5,FakeLagosV2,1,2,204,0.6029,0.3969,0.0049,0.0048
5,FakeLagosV2,1,3,306,0.5784,0.4216,0.0245,0.0247
5,FakeLagosV2,1,4,408,0.5417,0.4583,0.0368,0.0367
5,FakeLagosV2,1,5,510,0.5294,0.4705,0.0123,0.0122
5,FakeLagosV2,1,6,612,0.5229,0.4771,0.0065,0.0066
5,FakeLagosV2,1,7,714,0.5322,0.4677,0.0093,0.0094
5,FakeLagosV2,1,8,816,0.5196,0.4804,0.0126,0.0126
5,FakeLagosV2,1,9,918,0.5054,0.4945,0.0142,0.0141
5,FakeLagosV2,1,10,1024,0.5117,0.4881,0.0063,0.0064
5,FakeLagosV2,2,1,102,0.5392,0.4603,1.0,1.0
5,FakeLagosV2,2,2,204,0.5098,0.4862,0.0294,0.0259
5,FakeLagosV2,2,3,306,0.5098,0.4891,0.0,0.0029
5,FakeLagosV2,2,4,408,0.4951,0.5043,0.0147,0.0152
5,FakeLagosV2,2,5,510,0.5078,0.4911,0.0127,0.0132
5,FakeLagosV2,2,6,612,0.5147,0.4846,0.0069,0.0066
5,FakeLagosV2,2,7,714,0.5112,0.4883,0.0035,0.0037
5,FakeLagosV2,2,8,816,0.5086,0.4912,0.0026,0.0029
5,FakeLagosV2,2,9,918,0.5044,0.4954,0.0042,0.0042
5,FakeLagosV2,2,10,1024,0.5049,0.4948,0.0005,0.0006
5,FakeLagosV2,3,1,102,0.5196,0.478,1.0,1.0
5,FakeLagosV2,3,2,204,0.4755,0.5244,0.0441,0.0464
5,FakeLagosV2,3,3,306,0.4902,0.5096,0.0147,0.0148
5,FakeLagosV2,3,4,408,0.4926,0.5067,0.0025,0.0029
5,FakeLagosV2,3,5,510,0.5098,0.4896,0.0172,0.0171
5,FakeLagosV2,3,6,612,0.5163,0.4829,0.0065,0.0067
5,FakeLagosV2,3,7,714,0.5098,0.4895,0.0065,0.0066
5,FakeLagosV2,3,8,816,0.5135,0.4861,0.0037,0.0035
5,FakeLagosV2,3,9,918,0.5153,0.4839,0.0018,0.0022
5,FakeLagosV2,3,10,1024,0.5166,0.4826,0.0014,0.0013
5,FakeLagosV2,4,1,102,0.5392,0.4595,1.0,1.0
5,FakeLagosV2,4,2,204,0.5147,0.485,0.0245,0.0255
5,FakeLagosV2,4,3,306,0.4935,0.5064,0.0212,0.0214
5,FakeLagosV2,4,4,408,0.4902,0.5098,0.0033,0.0034
5,FakeLagosV2,4,5,510,0.4863,0.5134,0.0039,0.0036
5,FakeLagosV2,4,6,612,0.4984,0.5015,0.0121,0.0119
5,FakeLagosV2,4,7,714,0.4846,0.5153,0.0138,0.0138
5,FakeLagosV2,4,8,816,0.4902,0.5092,0.0056,0.006
5,FakeLagosV2,4,9,918,0.5011,0.4985,0.0109,0.0107
5,FakeLagosV2,4,10,1024,0.499,0.5006,0.0021,0.0021
5,FakeLagosV2,5,1,102,0.549,0.4455,1.0,1.0
5,FakeLagosV2,5,2,204,0.5588,0.4377,0.0098,0.0078
5,FakeLagosV2,5,3,306,0.5196,0.4763,0.0392,0.0386
5,FakeLagosV2,5,4,408,0.5294,0.4673,0.0098,0.009
5,FakeLagosV2,5,5,510,0.5235,0.4738,0.0059,0.0065
5,FakeLagosV2,5,6,612,0.5327,0.465,0.0092,0.0089
5,FakeLagosV2,5,7,714,0.5266,0.4717,0.0061,0.0068
5,FakeLagosV2,5,8,816,0.5221,0.476,0.0046,0.0043
5,FakeLagosV2,5,9,918,0.5185,0.4788,0.0035,0.0027
5,FakeLagosV2,5,10,1024,0.5176,0.4783,0.0009,0.0005
5,FakeLagosV2,6,1,102,0.6078,0.3887,1.0,1.0
5,FakeLagosV2,6,2,204,0.5196,0.4799,0.0882,0.0911
5,FakeLagosV2,6,3,306,0.5163,0.4837,0.0033,0.0038
5,FakeLagosV2,6,4,408,0.4853,0.5145,0.031,0.0308
5,FakeLagosV2,6,5,510,0.4882,0.5117,0.0029,0.0028
5,FakeLagosV2,6,6,612,0.4967,0.5032,0.0085,0.0084
5,FakeLagosV2,6,7,714,0.4986,0.5014,0.0019,0.0019
5,FakeLagosV2,6,8,816,0.4951,0.5048,0.0035,0.0035
5,FakeLagosV2,6,9,918,0.4956,0.5041,0.0005,0.0007
5,FakeLagosV2,6,10,1024,0.4912,0.5082,0.0044,0.0041
5,FakeLagosV2,7,1,102,0.5686,0.4299,1.0,1.0
5,FakeLagosV2,7,2,204,0.5441,0.4555,0.0245,0.0256
5,FakeLagosV2,7,3,306,0.5327,0.4662,0.0114,0.0106
5,FakeLagosV2,7,4,408,0.5196,0.4798,0.0131,0.0136
5,FakeLagosV2,7,5,510,0.498,0.5015,0.0216,0.0218
5,FakeLagosV2,7,6,612,0.4886,0.5105,0.0095,0.009
5,FakeLagosV2,7,7,714,0.4916,0.5077,0.003,0.0028
5,FakeLagosV2,7,8,816,0.4926,0.5073,0.0011,0.0004
5,FakeLagosV2,7,9,918,0.4956,0.5043,0.003,0.003
5,FakeLagosV2,7,10,1024,0.499,0.5008,0.0034,0.0035
5,FakeLagosV2,8,1,102,0.4804,0.5183,1.0,1.0
5,FakeLagosV2,8,2,204,0.4559,0.543,0.0245,0.0247
5,FakeLagosV2,8,3,306,0.4575,0.5413,0.0016,0.0017
5,FakeLagosV2,8,4,408,0.4804,0.5165,0.0229,0.0248
5,FakeLagosV2,8,5,510,0.4765,0.5196,0.0039,0.0031
5,FakeLagosV2,8,6,612,0.4837,0.5124,0.0072,0.0072
5,FakeLagosV2,8,7,714,0.493,0.503,0.0093,0.0094
5,FakeLagosV2,8,8,816,0.4988,0.4958,0.0058,0.0072
5,FakeLagosV2,8,9,918,0.4989,0.4971,0.0001,0.0013
5,FakeLagosV2,8,10,1024,0.5098,0.4864,0.0109,0.0107
5,FakeLagosV2,9,1,102,0.4216,0.5783,1.0,1.0
5,FakeLagosV2,9,2,204,0.4853,0.5138,0.0637,0.0645
5,FakeLagosV2,9,3,306,0.4967,0.5031,0.0114,0.0106
5,FakeLagosV2,9,4,408,0.4902,0.5094,0.0065,0.0062
5,FakeLagosV2,9,5,510,0.4961,0.5035,0.0059,0.0058
5,FakeLagosV2,9,6,612,0.4951,0.5041,0.001,0.0005
5,FakeLagosV2,9,7,714,0.514,0.4848,0.0189,0.0192
5,FakeLagosV2,9,8,816,0.5037,0.4951,0.0103,0.0102
5,FakeLagosV2,9,9,918,0.5033,0.4954,0.0004,0.0004
5,FakeLagosV2,9,10,1024,0.5039,0.4947,0.0006,0.0007
5,FakeLagosV2,10,1,102,0.5098,0.4894,1.0,1.0
5,FakeLagosV2,10,2,204,0.5343,0.4646,0.0245,0.0248
5,FakeLagosV2,10,3,306,0.5392,0.4601,0.0049,0.0046
5,FakeLagosV2,10,4,408,0.5539,0.4456,0.0147,0.0145
5,FakeLagosV2,10,5,510,0.5471,0.4525,0.0069,0.0069
5,FakeLagosV2,10,6,612,0.5425,0.4565,0.0046,0.0041
5,FakeLagosV2,10,7,714,0.5336,0.4655,0.0089,0.009
5,FakeLagosV2,10,8,816,0.5441,0.455,0.0105,0.0105
5,FakeLagosV2,10,9,918,0.5425,0.4565,0.0016,0.0014
5,FakeLagosV2,10,10,1024,0.5342,0.4649,0.0083,0.0084
5,FakeLagosV2,11,1,102,0.5294,0.4704,1.0,1.0
5,FakeLagosV2,11,2,204,0.5098,0.49,0.0196,0.0196
5,FakeLagosV2,11,3,306,0.5033,0.4966,0.0065,0.0066
5,FakeLagosV2,11,4,408,0.4951,0.5048,0.0082,0.0081
5,FakeLagosV2,11,5,510,0.5118,0.4881,0.0167,0.0167
5,FakeLagosV2,11,6,612,0.5065,0.4935,0.0052,0.0053
5,FakeLagosV2,11,7,714,0.4958,0.5041,0.0107,0.0107
5,FakeLagosV2,11,8,816,0.4963,0.5037,0.0005,0.0005
5,FakeLagosV2,11,9,918,0.5065,0.4934,0.0102,0.0102
5,FakeLagosV2,11,10,1024,0.5039,0.4961,0.0026,0.0026
5,FakeLagosV2,12,1,102,0.4314,0.5528,1.0,1.0
5,FakeLagosV2,12,2,204,0.4657,0.5239,0.0343,0.0288
5,FakeLagosV2,12,3,306,0.4804,0.5128,0.0147,0.0111
5,FakeLagosV2,12,4,408,0.4755,0.5173,0.0049,0.0045
5,FakeLagosV2,12,5,510,0.4667,0.5282,0.0088,0.0108
5,FakeLagosV2,12,6,612,0.4673,0.5261,0.0007,0.002
5,FakeLagosV2,12,7,714,0.4902,0.5031,0.0229,0.0231
5,FakeLagosV2,12,8,816,0.4939,0.5011,0.0037,0.002
5,FakeLagosV2,12,9,918,0.4978,0.498,0.0039,0.0031
5,FakeLagosV2,12,10,1024,0.501,0.4939,0.0032,0.0041
5,FakeLagosV2,13,1,102,0.4902,0.5097,1.0,1.0
5,FakeLagosV2,13,2,204,0.5049,0.4945,0.0147,0.0152
5,FakeLagosV2,13,3,306,0.5196,0.4794,0.0147,0.0151
5,FakeLagosV2,13,4,408,0.5245,0.4746,0.0049,0.0048
5,FakeLagosV2,13,5,510,0.5157,0.4841,0.0088,0.0096
5,FakeLagosV2,13,6,612,0.5065,0.4933,0.0092,0.0092
5,FakeLagosV2,13,7,714,0.5,0.4999,0.0065,0.0066
5,FakeLagosV2,13,8,816,0.5,0.4998,0.0,0.0001
5,FakeLagosV2,13,9,918,0.5076,0.492,0.0076,0.0079
5,FakeLagosV2,13,10,1024,0.5107,0.4889,0.0031,0.003
5,FakeLagosV2,14,1,102,0.4902,0.5067,1.0,1.0
5,FakeLagosV2,14,2,204,0.5049,0.4908,0.0147,0.0159
5,FakeLagosV2,14,3,306,0.4869,0.5058,0.018,0.015
5,FakeLagosV2,14,4,408,0.4951,0.4934,0.0082,0.0124
5,FakeLagosV2,14,5,510,0.5118,0.482,0.0167,0.0114
5,FakeLagosV2,14,6,612,0.5229,0.4724,0.0111,0.0096
5,FakeLagosV2,14,7,714,0.5126,0.4831,0.0103,0.0108
5,FakeLagosV2,14,8,816,0.511,0.4848,0.0016,0.0016
5,FakeLagosV2,14,9,918,0.5076,0.488,0.0034,0.0032
5,FakeLagosV2,14,10,1024,0.5127,0.4832,0.0051,0.0048
5,FakeLagosV2,15,1,102,0.5392,0.4598,1.0,1.0
5,FakeLagosV2,15,2,204,0.5539,0.4459,0.0147,0.0139
5,FakeLagosV2,15,3,306,0.5523,0.4476,0.0016,0.0018
5,FakeLagosV2,15,4,408,0.5466,0.4534,0.0057,0.0058
5,FakeLagosV2,15,5,510,0.5431,0.4568,0.0034,0.0034
5,FakeLagosV2,15,6,612,0.5441,0.4558,0.001,0.001
5,FakeLagosV2,15,7,714,0.5308,0.4691,0.0133,0.0133
5,FakeLagosV2,15,8,816,0.538,0.4619,0.0072,0.0072
5,FakeLagosV2,15,9,918,0.5251,0.4749,0.0129,0.013
5,FakeLagosV2,15,10,1024,0.5312,0.4685,0.0062,0.0065
5,FakeLagosV2,16,1,102,0.4902,0.5096,1.0,1.0
5,FakeLagosV2,16,2,204,0.4902,0.509,0.0,0.0006
5,FakeLagosV2,16,3,306,0.4935,0.5032,0.0033,0.0058
5,FakeLagosV2,16,4,408,0.5172,0.4803,0.0237,0.0229
5,FakeLagosV2,16,5,510,0.5098,0.4877,0.0074,0.0074
5,FakeLagosV2,16,6,612,0.5065,0.4921,0.0033,0.0044
5,FakeLagosV2,16,7,714,0.5056,0.4926,0.0009,0.0005
5,FakeLagosV2,16,8,816,0.5049,0.4932,0.0007,0.0006
5,FakeLagosV2,16,9,918,0.5033,0.4951,0.0016,0.0019
5,FakeLagosV2,16,10,1024,0.5068,0.4909,0.0036,0.0042
5,FakeLagosV2,17,1,102,0.5784,0.4179,1.0,1.0
5,FakeLagosV2,17,2,204,0.5098,0.4854,0.0686,0.0675
5,FakeLagosV2,17,3,306,0.5131,0.4846,0.0033,0.0008
5,FakeLagosV2,17,4,408,0.5098,0.4885,0.0033,0.0039
5,FakeLagosV2,17,5,510,0.5137,0.485,0.0039,0.0035
5,FakeLagosV2,17,6,612,0.5098,0.4885,0.0039,0.0035
5,FakeLagosV2,17,7,714,0.5,0.4987,0.0098,0.0102
5,FakeLagosV2,17,8,816,0.4939,0.505,0.0061,0.0063
5,FakeLagosV2,17,9,918,0.4967,0.5021,0.0029,0.0029
5,FakeLagosV2,17,10,1024,0.4951,0.5035,0.0016,0.0014
5,FakeLagosV2,18,1,102,0.5,0.4976,1.0,1.0
5,FakeLagosV2,18,2,204,0.4951,0.5043,0.0049,0.0067
5,FakeLagosV2,18,3,306,0.5131,0.4869,0.018,0.0174
5,FakeLagosV2,18,4,408,0.5343,0.4653,0.0212,0.0215
5,FakeLagosV2,18,5,510,0.5431,0.4567,0.0088,0.0086
5,FakeLagosV2,18,6,612,0.5278,0.4721,0.0154,0.0154
5,FakeLagosV2,18,7,714,0.5266,0.4734,0.0012,0.0012
5,FakeLagosV2,18,8,816,0.5306,0.4693,0.004,0.004
5,FakeLagosV2,18,9,918,0.5349,0.4651,0.0042,0.0042
5,FakeLagosV2,18,10,1024,0.5371,0.4627,0.0023,0.0024
5,FakeLagosV2,19,1,102,0.5294,0.4631,1.0,1.0
5,FakeLagosV2,19,2,204,0.5882,0.4103,0.0588,0.0528
5,FakeLagosV2,19,3,306,0.5392,0.4607,0.049,0.0504
5,FakeLagosV2,19,4,408,0.5196,0.4803,0.0196,0.0196
5,FakeLagosV2,19,5,510,0.5059,0.4935,0.0137,0.0131
5,FakeLagosV2,19,6,612,0.5033,0.4958,0.0026,0.0023
5,FakeLagosV2,19,7,714,0.5042,0.4945,0.0009,0.0013
5,FakeLagosV2,19,8,816,0.4988,0.5003,0.0054,0.0058
5,FakeLagosV2,19,9,918,0.4924,0.5067,0.0064,0.0064
5,FakeLagosV2,19,10,1024,0.5049,0.4941,0.0125,0.0125
6,FakeLagosV2,0,1,12,0.8333,0.1666,1.0,1.0
6,FakeLagosV2,0,2,24,0.7083,0.275,0.125,0.1084
6,FakeLagosV2,0,3,36,0.6111,0.3494,0.0972,0.0745
6,FakeLagosV2,0,4,48,0.6667,0.3076,0.0556,0.0419
6,FakeLagosV2,0,5,60,0.6833,0.2947,0.0167,0.0129
6,FakeLagosV2,0,6,72,0.7083,0.2813,0.025,0.0134
6,FakeLagosV2,0,7,84,0.7381,0.2554,0.0298,0.0259
6,FakeLagosV2,0,8,96,0.7396,0.2536,0.0015,0.0018
6,FakeLagosV2,0,9,108,0.7315,0.2631,0.0081,0.0095
6,FakeLagosV2,0,10,128,0.7422,0.2514,0.0107,0.0117
6,FakeLagosV2,1,1,12,0.6667,0.311,1.0,1.0
6,FakeLagosV2,1,2,24,0.6667,0.311,0.0,0.0
6,FakeLagosV2,1,3,36,0.6111,0.3305,0.0556,0.0195
6,FakeLagosV2,1,4,48,0.6667,0.2769,0.0556,0.0536
6,FakeLagosV2,1,5,60,0.7,0.2443,0.0333,0.0326
6,FakeLagosV2,1,6,72,0.6944,0.2706,0.0056,0.0263
6,FakeLagosV2,1,7,84,0.7024,0.2679,0.0079,0.0028
6,FakeLagosV2,1,8,96,0.7292,0.2495,0.0268,0.0183
6,FakeLagosV2,1,9,108,0.75,0.2289,0.0208,0.0206
6,FakeLagosV2,1,10,128,0.7656,0.2208,0.0156,0.0081
6,FakeLagosV2,2,1,12,0.8333,0.085,1.0,1.0
6,FakeLagosV2,2,2,24,0.7083,0.2906,0.125,0.2056
6,FakeLagosV2,2,3,36,0.7222,0.2777,0.0139,0.0128
6,FakeLagosV2,2,4,48,0.75,0.25,0.0278,0.0278
6,FakeLagosV2,2,5,60,0.7333,0.2653,0.0167,0.0153
6,FakeLagosV2,2,6,72,0.7361,0.2635,0.0028,0.0017
6,FakeLagosV2,2,7,84,0.7262,0.2735,0.0099,0.01
6,FakeLagosV2,2,8,96,0.75,0.2493,0.0238,0.0242
6,FakeLagosV2,2,9,108,0.7685,0.2313,0.0185,0.0181
6,FakeLagosV2,2,10,128,0.75,0.2499,0.0185,0.0186
6,FakeLagosV2,3,1,12,0.75,0.2444,1.0,1.0
6,FakeLagosV2,3,2,24,0.8333,0.1666,0.0833,0.0778
6,FakeLagosV2,3,3,36,0.8333,0.1629,0.0,0.0037
6,FakeLagosV2,3,4,48,0.8125,0.1737,0.0208,0.0108
6,FakeLagosV2,3,5,60,0.8167,0.1749,0.0042,0.0012
6,FakeLagosV2,3,6,72,0.8056,0.1867,0.0111,0.0117
6,FakeLagosV2,3,7,84,0.7857,0.1985,0.0198,0.0119
6,FakeLagosV2,3,8,96,0.7708,0.2186,0.0149,0.0201
6,FakeLagosV2,3,9,108,0.7593,0.2332,0.0116,0.0146
6,FakeLagosV2,3,10,128,0.75,0.2452,0.0093,0.012
6,FakeLagosV2,4,1,12,0.4167,0.5472,1.0,1.0
6,FakeLagosV2,4,2,24,0.5,0.4803,0.0833,0.0669
6,FakeLagosV2,4,3,36,0.5556,0.4229,0.0556,0.0574
6,FakeLagosV2,4,4,48,0.5833,0.4096,0.0278,0.0133
6,FakeLagosV2,4,5,60,0.6667,0.3277,0.0833,0.0819
6,FakeLagosV2,4,6,72,0.6389,0.3594,0.0278,0.0317
6,FakeLagosV2,4,7,84,0.6429,0.3557,0.004,0.0037
6,FakeLagosV2,4,8,96,0.6562,0.3418,0.0134,0.0139
6,FakeLagosV2,4,9,108,0.6667,0.3309,0.0104,0.0109
6,FakeLagosV2,4,10,128,0.6797,0.3177,0.013,0.0132
6,FakeLagosV2,5,1,12,0.8333,0.1653,1.0,1.0
6,FakeLagosV2,5,2,24,0.7917,0.2008,0.0417,0.0355
6,FakeLagosV2,5,3,36,0.75,0.2497,0.0417,0.0489
6,FakeLagosV2,5,4,48,0.75,0.248,0.0,0.0017
6,FakeLagosV2,5,5,60,0.7833,0.2131,0.0333,0.0349
6,FakeLagosV2,5,6,72,0.7778,0.2221,0.0056,0.009
6,FakeLagosV2,5,7,84,0.7857,0.2142,0.0079,0.0079
6,FakeLagosV2,5,8,96,0.7917,0.2083,0.006,0.0059
6,FakeLagosV2,5,9,108,0.7963,0.2033,0.0046,0.005
6,FakeLagosV2,5,10,128,0.7891,0.2098,0.0072,0.0066
6,FakeLagosV2,6,1,12,0.6667,0.3126,1.0,1.0
6,FakeLagosV2,6,2,24,0.7083,0.2906,0.0417,0.0221
6,FakeLagosV2,6,3,36,0.6944,0.3052,0.0139,0.0146
6,FakeLagosV2,6,4,48,0.6875,0.3123,0.0069,0.0072
6,FakeLagosV2,6,5,60,0.6833,0.3151,0.0042,0.0028
6,FakeLagosV2,6,6,72,0.6944,0.3055,0.0111,0.0096
6,FakeLagosV2,6,7,84,0.6905,0.3088,0.004,0.0033
6,FakeLagosV2,6,8,96,0.7083,0.2916,0.0179,0.0172
6,FakeLagosV2,6,9,108,0.7222,0.2777,0.0139,0.0139
6,FakeLagosV2,6,10,128,0.7188,0.2812,0.0035,0.0035
6,FakeLagosV2,7,1,12,0.5,0.4987,1.0,1.0
6,FakeLagosV2,7,2,24,0.6667,0.3325,0.1667,0.1662
6,FakeLagosV2,7,3,36,0.6111,0.3887,0.0556,0.0562
6,FakeLagosV2,7,4,48,0.6458,0.3536,0.0347,0.0351
6,FakeLagosV2,7,5,60,0.65,0.3483,0.0042,0.0054
6,FakeLagosV2,7,6,72,0.6806,0.316,0.0306,0.0323
6,FakeLagosV2,7,7,84,0.6905,0.306,0.0099,0.0099
6,FakeLagosV2,7,8,96,0.6875,0.3103,0.003,0.0042
6,FakeLagosV2,7,9,108,0.6944,0.3032,0.0069,0.0071
6,FakeLagosV2,7,10,128,0.6797,0.3199,0.0148,0.0167
6,FakeLagosV2,8,1,12,0.9167,0.0358,1.0,1.0
6,FakeLagosV2,8,2,24,0.8333,0.149,0.0833,0.1131
6,FakeLagosV2,8,3,36,0.7222,0.2572,0.1111,0.1082
6,FakeLagosV2,8,4,48,0.7708,0.2083,0.0486,0.0488
6,FakeLagosV2,8,5,60,0.75,0.2263,0.0208,0.018
6,FakeLagosV2,8,6,72,0.7639,0.2249,0.0139,0.0014
6,FakeLagosV2,8,7,84,0.7738,0.217,0.0099,0.008
6,FakeLagosV2,8,8,96,0.8021,0.1898,0.0283,0.0271
6,FakeLagosV2,8,9,108,0.8241,0.1687,0.022,0.0211
6,FakeLagosV2,8,10,128,0.8281,0.1696,0.0041,0.0008
6,FakeLagosV2,9,1,12,0.8333,0.1661,1.0,1.0
6,FakeLagosV2,9,2,24,0.7917,0.208,0.0417,0.0419
6,FakeLagosV2,9,3,36,0.7778,0.2212,0.0139,0.0133
6,FakeLagosV2,9,4,48,0.7917,0.2076,0.0139,0.0137
6,FakeLagosV2,9,5,60,0.7667,0.2325,0.025,0.0249
6,FakeLagosV2,9,6,72,0.75,0.2467,0.0167,0.0142
6,FakeLagosV2,9,7,84,0.7738,0.2218,0.0238,0.0248
6,FakeLagosV2,9,8,96,0.7708,0.2239,0.003,0.0021
6,FakeLagosV2,9,9,108,0.7407,0.2485,0.0301,0.0246
6,FakeLagosV2,9,10,128,0.75,0.2414,0.0093,0.0071
6,FakeLagosV2,10,1,12,0.6667,0.3333,1.0,1.0
6,FakeLagosV2,10,2,24,0.7083,0.2906,0.0417,0.0427
6,FakeLagosV2,10,3,36,0.7222,0.2744,0.0139,0.0162
6,FakeLagosV2,10,4,48,0.7083,0.2847,0.0139,0.0103
6,FakeLagosV2,10,5,60,0.75,0.242,0.0417,0.0427
6,FakeLagosV2,10,6,72,0.7361,0.2585,0.0139,0.0165
6,FakeLagosV2,10,7,84,0.7143,0.285,0.0218,0.0264
6,FakeLagosV2,10,8,96,0.7396,0.2602,0.0253,0.0248
6,FakeLagosV2,10,9,108,0.7315,0.2685,0.0081,0.0083
6,FakeLagosV2,10,10,128,0.7578,0.242,0.0263,0.0265
6,FakeLagosV2,11,1,12,0.8333,0.1666,1.0,1.0
6,FakeLagosV2,11,2,24,0.7917,0.1887,0.0417,0.0221
6,FakeLagosV2,11,3,36,0.7778,0.2192,0.0139,0.0305
6,FakeLagosV2,11,4,48,0.7708,0.2285,0.0069,0.0092
6,FakeLagosV2,11,5,60,0.7333,0.2666,0.0375,0.0382
6,FakeLagosV2,11,6,72,0.7778,0.2222,0.0444,0.0444
6,FakeLagosV2,11,7,84,0.7857,0.2134,0.0079,0.0088
6,FakeLagosV2,11,8,96,0.7708,0.2289,0.0149,0.0155
6,FakeLagosV2,11,9,108,0.7685,0.2315,0.0023,0.0026
6,FakeLagosV2,11,10,128,0.7578,0.242,0.0107,0.0106
6,FakeLagosV2,12,1,12,0.75,0.242,1.0,1.0
6,FakeLagosV2,12,2,24,0.7083,0.2897,0.0417,0.0477
6,FakeLagosV2,12,3,36,0.7222,0.265,0.0139,0.0247
6,FakeLagosV2,12,4,48,0.7708,0.2156,0.0486,0.0495
6,FakeLagosV2,12,5,60,0.75,0.2235,0.0208,0.0079
6,FakeLagosV2,12,6,72,0.7639,0.2065,0.0139,0.017
6,FakeLagosV2,12,7,84,0.7619,0.2209,0.002,0.0144
6,FakeLagosV2,12,8,96,0.7812,0.2014,0.0193,0.0196
6,FakeLagosV2,12,9,108,0.787,0.1931,0.0058,0.0083
6,FakeLagosV2,12,10,128,0.7812,0.203,0.0058,0.0099
6,FakeLagosV2,13,1,12,0.8333,0.095,1.0,1.0
6,FakeLagosV2,13,2,24,0.7083,0.2917,0.125,0.1967
6,FakeLagosV2,13,3,36,0.6667,0.3317,0.0417,0.04
6,FakeLagosV2,13,4,48,0.7083,0.2858,0.0417,0.0459
6,FakeLagosV2,13,5,60,0.7167,0.2805,0.0083,0.0053
6,FakeLagosV2,13,6,72,0.6806,0.319,0.0361,0.0384
6,FakeLagosV2,13,7,84,0.7024,0.2973,0.0218,0.0216
6,FakeLagosV2,13,8,96,0.6979,0.302,0.0045,0.0047
6,FakeLagosV2,13,9,108,0.7222,0.2775,0.0243,0.0245
6,FakeLagosV2,13,10,128,0.7188,0.2812,0.0035,0.0037
6,FakeLagosV2,14,1,12,0.75,0.1325,1.0,1.0
6,FakeLagosV2,14,2,24,0.75,0.223,0.0,0.0905
6,FakeLagosV2,14,3,36,0.75,0.2451,0.0,0.0221
6,FakeLagosV2,14,4,48,0.6875,0.3109,0.0625,0.0658
6,FakeLagosV2,14,5,60,0.7333,0.2642,0.0458,0.0467
6,FakeLagosV2,14,6,72,0.7222,0.2736,0.0111,0.0094
6,FakeLagosV2,14,7,84,0.7143,0.2831,0.0079,0.0094
6,FakeLagosV2,14,8,96,0.7396,0.2591,0.0253,0.024
6,FakeLagosV2,14,9,108,0.75,0.2475,0.0104,0.0117
6,FakeLagosV2,14,10,128,0.7578,0.2405,0.0078,0.007
6,FakeLagosV2,15,1,12,0.8333,0.08,1.0,1.0
6,FakeLagosV2,15,2,24,0.9167,0.04,0.0833,0.04
6,FakeLagosV2,15,3,36,0.8889,0.0533,0.0278,0.0133
6,FakeLagosV2,15,4,48,0.8333,0.1538,0.0556,0.1004
6,FakeLagosV2,15,5,60,0.7833,0.2127,0.05,0.0589
6,FakeLagosV2,15,6,72,0.7917,0.2053,0.0083,0.0073
6,FakeLagosV2,15,7,84,0.7976,0.2019,0.006,0.0034
6,FakeLagosV2,15,8,96,0.8125,0.1864,0.0149,0.0155
6,FakeLagosV2,15,9,108,0.7963,0.2036,0.0162,0.0171
6,FakeLagosV2,15,10,128,0.7969,0.2025,0.0006,0.0011
6,FakeLagosV2,16,1,12,0.5,0.4992,1.0,1.0
6,FakeLagosV2,16,2,24,0.7083,0.288,0.2083,0.2112
6,FakeLagosV2,16,3,36,0.6111,0.3446,0.0972,0.0566
6,FakeLagosV2,16,4,48,0.6667,0.288,0.0556,0.0566
6,FakeLagosV2,16,5,60,0.6667,0.3136,0.0,0.0256
6,FakeLagosV2,16,6,72,0.6806,0.2934,0.0139,0.0202
6,FakeLagosV2,16,7,84,0.6905,0.2859,0.0099,0.0075
6,FakeLagosV2,16,8,96,0.7083,0.2774,0.0179,0.0085
6,FakeLagosV2,16,9,108,0.7037,0.2806,0.0046,0.0032
6,FakeLagosV2,16,10,128,0.7031,0.2851,0.0006,0.0045
6,FakeLagosV2,17,1,12,0.4167,0.5643,1.0,1.0
6,FakeLagosV2,17,2,24,0.5417,0.441,0.125,0.1234
6,FakeLagosV2,17,3,36,0.6389,0.34,0.0972,0.101
6,FakeLagosV2,17,4,48,0.7083,0.2822,0.0694,0.0578
6,FakeLagosV2,17,5,60,0.7333,0.2647,0.025,0.0175
6,FakeLagosV2,17,6,72,0.7222,0.2768,0.0111,0.0121
6,FakeLagosV2,17,7,84,0.7381,0.2612,0.0159,0.0155
6,FakeLagosV2,17,8,96,0.7396,0.2595,0.0015,0.0018
6,FakeLagosV2,17,9,108,0.7407,0.2581,0.0012,0.0014
6,FakeLagosV2,17,10,128,0.75,0.2481,0.0093,0.0099
6,FakeLagosV2,18,1,12,0.8333,0.1658,1.0,1.0
6,FakeLagosV2,18,2,24,0.6667,0.2979,0.1667,0.1321
6,FakeLagosV2,18,3,36,0.6389,0.3487,0.0278,0.0508
6,FakeLagosV2,18,4,48,0.7083,0.2784,0.0694,0.0703
6,FakeLagosV2,18,5,60,0.6833,0.2859,0.025,0.0075
6,FakeLagosV2,18,6,72,0.6944,0.2778,0.0111,0.0081
6,FakeLagosV2,18,7,84,0.6905,0.2879,0.004,0.0101
6,FakeLagosV2,18,8,96,0.6562,0.3243,0.0342,0.0364
6,FakeLagosV2,18,9,108,0.6481,0.3334,0.0081,0.0091
6,FakeLagosV2,18,10,128,0.6562,0.3348,0.0081,0.0014
6,FakeLagosV2,19,1,12,0.6667,0.2958,1.0,1.0
6,FakeLagosV2,19,2,24,0.75,0.2036,0.0833,0.0922
6,FakeLagosV2,19,3,36,0.8056,0.1773,0.0556,0.0264
6,FakeLagosV2,19,4,48,0.7917,0.2016,0.0139,0.0243
6,FakeLagosV2,19,5,60,0.8,0.1947,0.0083,0.0069
6,FakeLagosV2,19,6,72,0.7639,0.2294,0.0361,0.0348
6,FakeLagosV2,19,7,84,0.7619,0.2304,0.002,0.0009
6,FakeLagosV2,19,8,96,0.7708,0.2184,0.0089,0.012
6,FakeLagosV2,19,9,108,0.7685,0.2157,0.0023,0.0027
6,FakeLagosV2,19,10,128,0.7891,0.198,0.0205,0.0177
8,FakeLagosV2,0,1,50,0.3,0.8422,1.0,1.0
8,FakeLagosV2,0,2,100,0.26,0.8776,0.04,0.0354
8,FakeLagosV2,0,3,150,0.2167,0.9174,0.0433,0.0398
8,FakeLagosV2,0,4,200,0.205,0.9274,0.0117,0.0099
8,FakeLagosV2,0,5,250,0.174,0.9467,0.031,0.0193
8,FakeLagosV2,0,6,300,0.1733,0.9436,0.0007,0.0031
8,FakeLagosV2,0,7,350,0.19,0.9346,0.0167,0.009
8,FakeLagosV2,0,8,400,0.185,0.9395,0.005,0.005
8,FakeLagosV2,0,9,450,0.2011,0.9302,0.0161,0.0094
8,FakeLagosV2,0,10,500,0.2,0.9286,0.0011,0.0016
8,FakeLagosV2,1,1,50,0.17,0.9547,1.0,1.0
8,FakeLagosV2,1,2,100,0.09,0.9856,0.08,0.0308
8,FakeLagosV2,1,3,150,0.0933,0.982,0.0033,0.0036
8,FakeLagosV2,1,4,200,0.1,0.982,0.0067,0.0
8,FakeLagosV2,1,5,250,0.104,0.9813,0.004,0.0007
8,FakeLagosV2,1,6,300,0.1133,0.9774,0.0093,0.0039
8,FakeLagosV2,1,7,350,0.1357,0.9706,0.0224,0.0069
8,FakeLagosV2,1,8,400,0.135,0.969,0.0007,0.0016
8,FakeLagosV2,1,9,450,0.1367,0.9687,0.0017,0.0002
8,FakeLagosV2,1,10,500,0.136,0.9697,0.0007,0.001
8,FakeLagosV2,2,1,50,0.22,0.8719,1.0,1.0
8,FakeLagosV2,2,2,100,0.22,0.8937,0.0,0.0218
8,FakeLagosV2,2,3,150,0.2,0.9182,0.02,0.0246
8,FakeLagosV2,2,4,200,0.175,0.9368,0.025,0.0185
8,FakeLagosV2,2,5,250,0.194,0.9271,0.019,0.0097
8,FakeLagosV2,2,6,300,0.1967,0.919,0.0027,0.0081
8,FakeLagosV2,2,7,350,0.1929,0.92,0.0038,0.001
8,FakeLagosV2,2,8,400,0.195,0.9188,0.0021,0.0012
8,FakeLagosV2,2,9,450,0.1889,0.9224,0.0061,0.0036
8,FakeLagosV2,2,10,500,0.176,0.9285,0.0129,0.0061
8,FakeLagosV2,3,1,50,0.32,0.8452,1.0,1.0
8,FakeLagosV2,3,2,100,0.25,0.9001,0.07,0.0549
8,FakeLagosV2,3,3,150,0.22,0.9056,0.03,0.0055
8,FakeLagosV2,3,4,200,0.24,0.8859,0.02,0.0197
8,FakeLagosV2,3,5,250,0.256,0.8865,0.016,0.0006
8,FakeLagosV2,3,6,300,0.2567,0.8915,0.0007,0.005
8,FakeLagosV2,3,7,350,0.2443,0.893,0.0124,0.0015
8,FakeLagosV2,3,8,400,0.24,0.8938,0.0043,0.0008
8,FakeLagosV2,3,9,450,0.2322,0.8988,0.0078,0.005
8,FakeLagosV2,3,10,500,0.236,0.9,0.0038,0.0012
8,FakeLagosV2,4,1,50,0.2,0.932,1.0,1.0
8,FakeLagosV2,4,2,100,0.2,0.939,0.0,0.0071
8,FakeLagosV2,4,3,150,0.1733,0.9563,0.0267,0.0172
8,FakeLagosV2,4,4,200,0.19,0.9489,0.0167,0.0073
8,FakeLagosV2,4,5,250,0.196,0.9469,0.006,0.0021
8,FakeLagosV2,4,6,300,0.1833,0.9548,0.0127,0.0079
8,FakeLagosV2,4,7,350,0.1886,0.9529,0.0052,0.0018
8,FakeLagosV2,4,8,400,0.1725,0.9589,0.0161,0.006
8,FakeLagosV2,4,9,450,0.16,0.9668,0.0125,0.0079
8,FakeLagosV2,4,10,500,0.158,0.9665,0.002,0.0003
8,FakeLagosV2,5,1,50,0.15,0.9552,1.0,1.0
8,FakeLagosV2,5,2,100,0.17,0.9463,0.02,0.0089
8,FakeLagosV2,5,3,150,0.1733,0.9474,0.0033,0.001
8,FakeLagosV2,5,4,200,0.135,0.97,0.0383,0.0226
8,FakeLagosV2,5,5,250,0.118,0.9744,0.017,0.0044
8,FakeLagosV2,5,6,300,0.0967,0.9817,0.0213,0.0073
8,FakeLagosV2,5,7,350,0.1157,0.9771,0.019,0.0046
8,FakeLagosV2,5,8,400,0.115,0.9814,0.0007,0.0043
8,FakeLagosV2,5,9,450,0.1122,0.9828,0.0028,0.0013
8,FakeLagosV2,5,10,500,0.112,0.9829,0.0002,0.0001
8,FakeLagosV2,6,1,50,0.31,0.8681,1.0,1.0
8,FakeLagosV2,6,2,100,0.24,0.9101,0.07,0.0419
8,FakeLagosV2,6,3,150,0.2067,0.939,0.0333,0.029
8,FakeLagosV2,6,4,200,0.2,0.9383,0.0067,0.0008
8,FakeLagosV2,6,5,250,0.19,0.9432,0.01,0.0049
8,FakeLagosV2,6,6,300,0.1967,0.945,0.0067,0.0018
8,FakeLagosV2,6,7,350,0.19,0.9481,0.0067,0.0031
8,FakeLagosV2,6,8,400,0.19,0.9483,0.0,0.0002
8,FakeLagosV2,6,9,450,0.1967,0.9467,0.0067,0.0015
8,FakeLagosV2,6,10,500,0.178,0.9537,0.0187,0.0069
8,FakeLagosV2,7,1,50,0.32,0.8017,1.0,1.0
8,FakeLagosV2,7,2,100,0.29,0.8644,0.03,0.0626
8,FakeLagosV2,7,3,150,0.2567,0.8892,0.0333,0.0248
8,FakeLagosV2,7,4,200,0.245,0.8993,0.0117,0.0101
8,FakeLagosV2,7,5,250,0.22,0.9123,0.025,0.013
8,FakeLagosV2,7,6,300,0.23,0.9043,0.01,0.008
8,FakeLagosV2,7,7,350,0.2214,0.9142,0.0086,0.0099
8,FakeLagosV2,7,8,400,0.2175,0.9213,0.0039,0.0071
8,FakeLagosV2,7,9,450,0.2244,0.9168,0.0069,0.0045
8,FakeLagosV2,7,10,500,0.226,0.9146,0.0016,0.0022
8,FakeLagosV2,8,1,50,0.27,0.8385,1.0,1.0
8,FakeLagosV2,8,2,100,0.23,0.9218,0.04,0.0833
8,FakeLagosV2,8,3,150,0.1967,0.9443,0.0333,0.0225
8,FakeLagosV2,8,4,200,0.195,0.9476,0.0017,0.0033
8,FakeLagosV2,8,5,250,0.188,0.952,0.007,0.0044
8,FakeLagosV2,8,6,300,0.1867,0.9509,0.0013,0.0011
8,FakeLagosV2,8,7,350,0.1914,0.947,0.0048,0.0039
8,FakeLagosV2,8,8,400,0.1925,0.9431,0.0011,0.004
8,FakeLagosV2,8,9,450,0.1922,0.9448,0.0003,0.0018
8,FakeLagosV2,8,10,500,0.196,0.9464,0.0038,0.0016
8,FakeLagosV2,9,1,50,0.32,0.8356,1.0,1.0
8,FakeLagosV2,9,2,100,0.17,0.9315,0.15,0.0958
8,FakeLagosV2,9,3,150,0.2033,0.925,0.0333,0.0065
8,FakeLagosV2,9,4,200,0.22,0.9301,0.0167,0.0051
8,FakeLagosV2,9,5,250,0.202,0.9421,0.018,0.012
8,FakeLagosV2,9,6,300,0.2167,0.9347,0.0147,0.0075
8,FakeLagosV2,9,7,350,0.2029,0.9398,0.0138,0.0051
8,FakeLagosV2,9,8,400,0.1975,0.9426,0.0054,0.0028
8,FakeLagosV2,9,9,450,0.2022,0.9394,0.0047,0.0032
8,FakeLagosV2,9,10,500,0.19,0.9459,0.0122,0.0066
8,FakeLagosV2,10,1,50,0.24,0.9292,1.0,1.0
8,FakeLagosV2,10,2,100,0.21,0.9404,0.03,0.0113
8,FakeLagosV2,10,3,150,0.2,0.9395,0.01,0.0009
8,FakeLagosV2,10,4,200,0.2,0.9477,0.0,0.0081
8,FakeLagosV2,10,5,250,0.178,0.956,0.022,0.0084
8,FakeLagosV2,10,6,300,0.17,0.9566,0.008,0.0006
8,FakeLagosV2,10,7,350,0.1586,0.9639,0.0114,0.0073
8,FakeLagosV2,10,8,400,0.1625,0.963,0.0039,0.0009
8,FakeLagosV2,10,9,450,0.1678,0.9605,0.0053,0.0025
8,FakeLagosV2,10,10,500,0.162,0.963,0.0058,0.0025
8,FakeLagosV2,11,1,50,0.22,0.8916,1.0,1.0
8,FakeLagosV2,11,2,100,0.28,0.8995,0.06,0.0079
8,FakeLagosV2,11,3,150,0.26,0.9091,0.02,0.0097
8,FakeLagosV2,11,4,200,0.205,0.9372,0.055,0.0281
8,FakeLagosV2,11,5,250,0.216,0.943,0.011,0.0058
8,FakeLagosV2,11,6,300,0.2067,0.9479,0.0093,0.005
8,FakeLagosV2,11,7,350,0.1886,0.9561,0.0181,0.0082
8,FakeLagosV2,11,8,400,0.1775,0.96,0.0111,0.0039
8,FakeLagosV2,11,9,450,0.1733,0.9604,0.0042,0.0004
8,FakeLagosV2,11,10,500,0.162,0.9631,0.0113,0.0027
8,FakeLagosV2,12,1,50,0.28,0.8871,1.0,1.0
8,FakeLagosV2,12,2,100,0.19,0.9396,0.09,0.0525
8,FakeLagosV2,12,3,150,0.2033,0.9434,0.0133,0.0038
8,FakeLagosV2,12,4,200,0.205,0.9421,0.0017,0.0013
8,FakeLagosV2,12,5,250,0.188,0.9523,0.017,0.0102
8,FakeLagosV2,12,6,300,0.17,0.9574,0.018,0.0051
8,FakeLagosV2,12,7,350,0.1843,0.9527,0.0143,0.0047
8,FakeLagosV2,12,8,400,0.1975,0.9491,0.0132,0.0035
8,FakeLagosV2,12,9,450,0.1989,0.9479,0.0014,0.0012
8,FakeLagosV2,12,10,500,0.188,0.9527,0.0109,0.0047
8,FakeLagosV2,13,1,50,0.26,0.8628,1.0,1.0
8,FakeLagosV2,13,2,100,0.16,0.9537,0.1,0.0909
8,FakeLagosV2,13,3,150,0.21,0.9337,0.05,0.02
8,FakeLagosV2,13,4,200,0.195,0.9472,0.015,0.0135
8,FakeLagosV2,13,5,250,0.186,0.9479,0.009,0.0008
8,FakeLagosV2,13,6,300,0.1867,0.9435,0.0007,0.0044
8,FakeLagosV2,13,7,350,0.1757,0.9531,0.011,0.0096
8,FakeLagosV2,13,8,400,0.1825,0.9501,0.0068,0.0031
8,FakeLagosV2,13,9,450,0.1744,0.9546,0.0081,0.0045
8,FakeLagosV2,13,10,500,0.176,0.9553,0.0016,0.0007
8,FakeLagosV2,14,1,50,0.27,0.7877,1.0,1.0
8,FakeLagosV2,14,2,100,0.22,0.9124,0.05,0.1247
8,FakeLagosV2,14,3,150,0.2267,0.9226,0.0067,0.0102
8,FakeLagosV2,14,4,200,0.18,0.9501,0.0467,0.0274
8,FakeLagosV2,14,5,250,0.208,0.9392,0.028,0.0108
8,FakeLagosV2,14,6,300,0.2067,0.9447,0.0013,0.0055
8,FakeLagosV2,14,7,350,0.2129,0.9433,0.0062,0.0015
8,FakeLagosV2,14,8,400,0.1875,0.9529,0.0254,0.0096
8,FakeLagosV2,14,9,450,0.1922,0.9506,0.0047,0.0023
8,FakeLagosV2,14,10,500,0.192,0.9495,0.0002,0.0011
8,FakeLagosV2,15,1,50,0.19,0.9126,1.0,1.0
8,FakeLagosV2,15,2,100,0.18,0.953,0.01,0.0404
8,FakeLagosV2,15,3,150,0.1433,0.9679,0.0367,0.0149
8,FakeLagosV2,15,4,200,0.15,0.9589,0.0067,0.0091
8,FakeLagosV2,15,5,250,0.168,0.9498,0.018,0.0091
8,FakeLagosV2,15,6,300,0.1933,0.9378,0.0253,0.012
8,FakeLagosV2,15,7,350,0.19,0.9374,0.0033,0.0004
8,FakeLagosV2,15,8,400,0.195,0.9376,0.005,0.0001
8,FakeLagosV2,15,9,450,0.1878,0.9417,0.0072,0.0041
8,FakeLagosV2,15,10,500,0.186,0.9436,0.0018,0.0019
8,FakeLagosV2,16,1,50,0.28,0.893,1.0,1.0
8,FakeLagosV2,16,2,100,0.25,0.9045,0.03,0.0115
8,FakeLagosV2,16,3,150,0.2167,0.9167,0.0333,0.0122
8,FakeLagosV2,16,4,200,0.19,0.9383,0.0267,0.0216
8,FakeLagosV2,16,5,250,0.208,0.9299,0.018,0.0084
8,FakeLagosV2,16,6,300,0.1767,0.9506,0.0313,0.0207
8,FakeLagosV2,16,7,350,0.18,0.9484,0.0033,0.0022
8,FakeLagosV2,16,8,400,0.165,0.9516,0.015,0.0032
8,FakeLagosV2,16,9,450,0.15,0.9587,0.015,0.007
8,FakeLagosV2,16,10,500,0.154,0.9567,0.004,0.002
8,FakeLagosV2,17,1,50,0.25,0.8577,1.0,1.0
8,FakeLagosV2,17,2,100,0.19,0.947,0.06,0.0893
8,FakeLagosV2,17,3,150,0.1967,0.9519,0.0067,0.0049
8,FakeLagosV2,17,4,200,0.165,0.9624,0.0317,0.0104
8,FakeLagosV2,17,5,250,0.176,0.957,0.011,0.0054
8,FakeLagosV2,17,6,300,0.1533,0.9658,0.0227,0.0088
8,FakeLagosV2,17,7,350,0.1486,0.9672,0.0048,0.0014
8,FakeLagosV2,17,8,400,0.135,0.9707,0.0136,0.0035
8,FakeLagosV2,17,9,450,0.1311,0.9733,0.0039,0.0026
8,FakeLagosV2,17,10,500,0.124,0.9763,0.0071,0.0031
8,FakeLagosV2,18,1,50,0.18,0.9333,1.0,1.0
8,FakeLagosV2,18,2,100,0.17,0.9477,0.01,0.0143
8,FakeLagosV2,18,3,150,0.1333,0.9574,0.0367,0.0097
8,FakeLagosV2,18,4,200,0.125,0.9595,0.0083,0.0022
8,FakeLagosV2,18,5,250,0.14,0.9632,0.015,0.0037
8,FakeLagosV2,18,6,300,0.1267,0.9704,0.0133,0.0072
8,FakeLagosV2,18,7,350,0.1357,0.9716,0.009,0.0013
8,FakeLagosV2,18,8,400,0.1475,0.968,0.0118,0.0036
8,FakeLagosV2,18,9,450,0.1544,0.9628,0.0069,0.0052
8,FakeLagosV2,18,10,500,0.148,0.9651,0.0064,0.0023
8,FakeLagosV2,19,1,50,0.32,0.7984,1.0,1.0
8,FakeLagosV2,19,2,100,0.25,0.9028,0.07,0.1044
8,FakeLagosV2,19,3,150,0.2167,0.9216,0.0333,0.0188
8,FakeLagosV2,19,4,200,0.22,0.9236,0.0033,0.002
8,FakeLagosV2,19,5,250,0.192,0.9455,0.028,0.0219
8,FakeLagosV2,19,6,300,0.1767,0.9526,0.0153,0.0071
8,FakeLagosV2,19,7,350,0.19,0.9468,0.0133,0.0058
8,FakeLagosV2,19,8,400,0.1925,0.9449,0.0025,0.0019
8,FakeLagosV2,19,9,450,0.1922,0.9442,0.0003,0.0007
8,FakeLagosV2,19,10,500,0.192,0.9455,0.0002,0.0013
15,FakeLagosV2,0,1,100,0.5,0.4808,1.0,1.0
15,FakeLagosV2,0,2,200,0.5,0.4893,0.0,0.0085
15,FakeLagosV2,0,3,300,0.49,0.5021,0.01,0.0128
15,FakeLagosV2,0,4,400,0.505,0.4849,0.015,0.0172
15,FakeLagosV2,0,5,500,0.498,0.4946,0.007,0.0097
15,FakeLagosV2,0,6,600,0.4867,0.5072,0.0113,0.0126
15,FakeLagosV2,0,7,700,0.5,0.4961,0.0133,0.0111
15,FakeLagosV2,0,8,800,0.495,0.5007,0.005,0.0046
15,FakeLagosV2,0,9,900,0.49,0.5061,0.005,0.0054
15,FakeLagosV2,0,10,1000,0.475,0.5211,0.015,0.015
15,FakeLagosV2,1,1,100,0.58,0.4143,1.0,1.0
15,FakeLagosV2,1,2,200,0.5,0.491,0.08,0.0767
15,FakeLagosV2,1,3,300,0.5,0.4931,0.0,0.0021
15,FakeLagosV2,1,4,400,0.5175,0.4733,0.0175,0.0198
15,FakeLagosV2,1,5,500,0.522,0.4719,0.0045,0.0013
15,FakeLagosV2,1,6,600,0.5117,0.4837,0.0103,0.0118
15,FakeLagosV2,1,7,700,0.4914,0.5032,0.0202,0.0195
15,FakeLagosV2,1,8,800,0.495,0.4991,0.0036,0.0041
15,FakeLagosV2,1,9,900,0.5,0.4941,0.005,0.005
15,FakeLagosV2,1,10,1000,0.496,0.4988,0.004,0.0048
15,FakeLagosV2,2,1,100,0.52,0.4652,1.0,1.0
15,FakeLagosV2,2,2,200,0.475,0.514,0.045,0.0488
15,FakeLagosV2,2,3,300,0.4867,0.5053,0.0117,0.0087
15,FakeLagosV2,2,4,400,0.48,0.5144,0.0067,0.0091
15,FakeLagosV2,2,5,500,0.48,0.5128,0.0,0.0016
15,FakeLagosV2,2,6,600,0.4883,0.5041,0.0083,0.0087
15,FakeLagosV2,2,7,700,0.4814,0.5096,0.0069,0.0055
15,FakeLagosV2,2,8,800,0.4775,0.5163,0.0039,0.0067
15,FakeLagosV2,2,9,900,0.4722,0.5207,0.0053,0.0045
15,FakeLagosV2,2,10,1000,0.474,0.5188,0.0018,0.0019
15,FakeLagosV2,3,1,100,0.51,0.4798,1.0,1.0
15,FakeLagosV2,3,2,200,0.55,0.4496,0.04,0.0302
15,FakeLagosV2,3,3,300,0.54,0.4596,0.01,0.01
15,FakeLagosV2,3,4,400,0.5475,0.4521,0.0075,0.0075
15,FakeLagosV2,3,5,500,0.522,0.4776,0.0255,0.0255
15,FakeLagosV2,3,6,600,0.4983,0.5012,0.0237,0.0237
15,FakeLagosV2,3,7,700,0.4957,0.5042,0.0026,0.003
15,FakeLagosV2,3,8,800,0.4975,0.5024,0.0018,0.0018
15,FakeLagosV2,3,9,900,0.5011,0.4985,0.0036,0.0039
15,FakeLagosV2,3,10,1000,0.502,0.4978,0.0009,0.0007
15,FakeLagosV2,4,1,100,0.47,0.5178,1.0,1.0
15,FakeLagosV2,4,2,200,0.455,0.534,0.015,0.0162
15,FakeLagosV2,4,3,300,0.46,0.5376,0.005,0.0036
15,FakeLagosV2,4,4,400,0.4725,0.5246,0.0125,0.013
15,FakeLagosV2,4,5,500,0.486,0.5103,0.0135,0.0143
15,FakeLagosV2,4,6,600,0.485,0.5115,0.001,0.0011
15,FakeLagosV2,4,7,700,0.4829,0.5151,0.0021,0.0036
15,FakeLagosV2,4,8,800,0.4813,0.517,0.0016,0.0019
15,FakeLagosV2,4,9,900,0.49,0.508,0.0087,0.009
15,FakeLagosV2,4,10,1000,0.494,0.5035,0.004,0.0045
15,FakeLagosV2,5,1,100,0.44,0.5335,1.0,1.0
15,FakeLagosV2,5,2,200,0.47,0.5163,0.03,0.0173
15,FakeLagosV2,5,3,300,0.47,0.5243,0.0,0.0081
15,FakeLagosV2,5,4,400,0.5025,0.4952,0.0325,0.0292
15,FakeLagosV2,5,5,500,0.494,0.5037,0.0085,0.0085
15,FakeLagosV2,5,6,600,0.4967,0.502,0.0027,0.0017
15,FakeLagosV2,5,7,700,0.4986,0.4998,0.0019,0.0022
15,FakeLagosV2,5,8,800,0.5025,0.4957,0.0039,0.0041
15,FakeLagosV2,5,9,900,0.5011,0.4973,0.0014,0.0016
15,FakeLagosV2,5,10,1000,0.497,0.5015,0.0041,0.0042
15,FakeLagosV2,6,1,100,0.52,0.4779,1.0,1.0
15,FakeLagosV2,6,2,200,0.525,0.4738,0.005,0.0041
15,FakeLagosV2,6,3,300,0.49,0.5093,0.035,0.0355
15,FakeLagosV2,6,4,400,0.4725,0.5263,0.0175,0.0171
15,FakeLagosV2,6,5,500,0.46,0.5393,0.0125,0.013
15,FakeLagosV2,6,6,600,0.4667,0.5323,0.0067,0.007
15,FakeLagosV2,6,7,700,0.4771,0.5208,0.0105,0.0115
15,FakeLagosV2,6,8,800,0.4888,0.5101,0.0116,0.0106
15,FakeLagosV2,6,9,900,0.4922,0.5061,0.0035,0.004
15,FakeLagosV2,6,10,1000,0.491,0.5066,0.0012,0.0005
15,FakeLagosV2,7,1,100,0.51,0.48,1.0,1.0
15,FakeLagosV2,7,2,200,0.47,0.5285,0.04,0.0485
15,FakeLagosV2,7,3,300,0.4767,0.5221,0.0067,0.0064
15,FakeLagosV2,7,4,400,0.4825,0.5158,0.0058,0.0063
15,FakeLagosV2,7,5,500,0.478,0.5209,0.0045,0.0051
15,FakeLagosV2,7,6,600,0.4767,0.52,0.0013,0.0008
15,FakeLagosV2,7,7,700,0.4757,0.5214,0.001,0.0014
15,FakeLagosV2,7,8,800,0.4912,0.5062,0.0155,0.0153
15,FakeLagosV2,7,9,900,0.4967,0.5018,0.0054,0.0044
15,FakeLagosV2,7,10,1000,0.484,0.5137,0.0127,0.0119
15,FakeLagosV2,8,1,100,0.38,0.6142,1.0,1.0
15,FakeLagosV2,8,2,200,0.42,0.5759,0.04,0.0383
15,FakeLagosV2,8,3,300,0.4367,0.561,0.0167,0.0149
15,FakeLagosV2,8,4,400,0.43,0.567,0.0067,0.006
15,FakeLagosV2,8,5,500,0.444,0.5529,0.014,0.0141
15,FakeLagosV2,8,6,600,0.4633,0.5342,0.0193,0.0187
15,FakeLagosV2,8,7,700,0.4586,0.5381,0.0048,0.004
15,FakeLagosV2,8,8,800,0.4462,0.5509,0.0123,0.0128
15,FakeLagosV2,8,9,900,0.4489,0.5477,0.0026,0.0033
15,FakeLagosV2,8,10,1000,0.453,0.5434,0.0041,0.0043
15,FakeLagosV2,9,1,100,0.53,0.4534,1.0,1.0
15,FakeLagosV2,9,2,200,0.485,0.4889,0.045,0.0354
15,FakeLagosV2,9,3,300,0.51,0.4759,0.025,0.0129
15,FakeLagosV2,9,4,400,0.4925,0.4987,0.0175,0.0228
15,FakeLagosV2,9,5,500,0.494,0.4983,0.0015,0.0004
15,FakeLagosV2,9,6,600,0.4783,0.5166,0.0157,0.0183
15,FakeLagosV2,9,7,700,0.48,0.5151,0.0017,0.0015
15,FakeLagosV2,9,8,800,0.485,0.5106,0.005,0.0046
15,FakeLagosV2,9,9,900,0.4778,0.5178,0.0072,0.0072
15,FakeLagosV2,9,10,1000,0.48,0.5146,0.0022,0.0032
15,FakeLagosV2,10,1,100,0.46,0.5311,1.0,1.0
15,FakeLagosV2,10,2,200,0.52,0.4754,0.06,0.0556
15,FakeLagosV2,10,3,300,0.5,0.4972,0.02,0.0218
15,FakeLagosV2,10,4,400,0.5075,0.4897,0.0075,0.0075
15,FakeLagosV2,10,5,500,0.512,0.4829,0.0045,0.0068
15,FakeLagosV2,10,6,600,0.5067,0.488,0.0053,0.0051
15,FakeLagosV2,10,7,700,0.5014,0.4922,0.0052,0.0042
15,FakeLagosV2,10,8,800,0.5062,0.488,0.0048,0.0042
15,FakeLagosV2,10,9,900,0.5078,0.4873,0.0015,0.0007
15,FakeLagosV2,10,10,1000,0.511,0.4844,0.0032,0.0029
15,FakeLagosV2,11,1,100,0.48,0.5181,1.0,1.0
15,FakeLagosV2,11,2,200,0.47,0.5292,0.01,0.0111
15,FakeLagosV2,11,3,300,0.49,0.5073,0.02,0.0219
15,FakeLagosV2,11,4,400,0.485,0.513,0.005,0.0057
15,FakeLagosV2,11,5,500,0.494,0.5029,0.009,0.0101
15,FakeLagosV2,11,6,600,0.4917,0.5046,0.0023,0.0017
15,FakeLagosV2,11,7,700,0.4843,0.5122,0.0074,0.0076
15,FakeLagosV2,11,8,800,0.4838,0.5113,0.0005,0.0009
15,FakeLagosV2,11,9,900,0.4844,0.5106,0.0007,0.0007
15,FakeLagosV2,11,10,1000,0.485,0.5119,0.0006,0.0013
15,FakeLagosV2,12,1,100,0.41,0.584,1.0,1.0
15,FakeLagosV2,12,2,200,0.48,0.5101,0.07,0.0738
15,FakeLagosV2,12,3,300,0.4833,0.5103,0.0033,0.0002
15,FakeLagosV2,12,4,400,0.4775,0.517,0.0058,0.0067
15,FakeLagosV2,12,5,500,0.48,0.5169,0.0025,0.0001
15,FakeLagosV2,12,6,600,0.4817,0.5156,0.0017,0.0013
15,FakeLagosV2,12,7,700,0.4771,0.5205,0.0045,0.0049
15,FakeLagosV2,12,8,800,0.47,0.5283,0.0071,0.0078
15,FakeLagosV2,12,9,900,0.4711,0.5271,0.0011,0.0013
15,FakeLagosV2,12,10,1000,0.476,0.5218,0.0049,0.0053
15,FakeLagosV2,13,1,100,0.41,0.5524,1.0,1.0
15,FakeLagosV2,13,2,200,0.455,0.5183,0.045,0.0341
15,FakeLagosV2,13,3,300,0.47,0.5127,0.015,0.0056
15,FakeLagosV2,13,4,400,0.47,0.5146,0.0,0.0019
15,FakeLagosV2,13,5,500,0.474,0.5102,0.004,0.0044
15,FakeLagosV2,13,6,600,0.4833,0.5046,0.0093,0.0056
15,FakeLagosV2,13,7,700,0.4757,0.5157,0.0076,0.0112
15,FakeLagosV2,13,8,800,0.4713,0.52,0.0045,0.0043
15,FakeLagosV2,13,9,900,0.4756,0.5173,0.0043,0.0027
15,FakeLagosV2,13,10,1000,0.468,0.5248,0.0076,0.0075
15,FakeLagosV2,14,1,100,0.45,0.5336,1.0,1.0
15,FakeLagosV2,14,2,200,0.46,0.5265,0.01,0.0072
15,FakeLagosV2,14,3,300,0.4633,0.5279,0.0033,0.0014
15,FakeLagosV2,14,4,400,0.455,0.5375,0.0083,0.0097
15,FakeLagosV2,14,5,500,0.46,0.5343,0.005,0.0032
15,FakeLagosV2,14,6,600,0.4667,0.5282,0.0067,0.0062
15,FakeLagosV2,14,7,700,0.4629,0.5323,0.0038,0.0041
15,FakeLagosV2,14,8,800,0.4537,0.5409,0.0091,0.0086
15,FakeLagosV2,14,9,900,0.4578,0.5349,0.004,0.006
15,FakeLagosV2,14,10,1000,0.455,0.5387,0.0028,0.0038
15,FakeLagosV2,15,1,100,0.49,0.5023,1.0,1.0
15,FakeLagosV2,15,2,200,0.48,0.5046,0.01,0.0023
15,FakeLagosV2,15,3,300,0.5167,0.476,0.0367,0.0285
15,FakeLagosV2,15,4,400,0.505,0.4919,0.0117,0.0159
15,FakeLagosV2,15,5,500,0.49,0.506,0.015,0.0141
15,FakeLagosV2,15,6,600,0.485,0.5079,0.005,0.0018
15,FakeLagosV2,15,7,700,0.4886,0.5049,0.0036,0.003
15,FakeLagosV2,15,8,800,0.4888,0.5047,0.0002,0.0002
15,FakeLagosV2,15,9,900,0.4922,0.5001,0.0035,0.0046
15,FakeLagosV2,15,10,1000,0.5,0.4923,0.0078,0.0078
15,FakeLagosV2,16,1,100,0.56,0.4299,1.0,1.0
15,FakeLagosV2,16,2,200,0.535,0.4597,0.025,0.0298
15,FakeLagosV2,16,3,300,0.5133,0.4846,0.0217,0.0249
15,FakeLagosV2,16,4,400,0.4925,0.507,0.0208,0.0224
15,FakeLagosV2,16,5,500,0.502,0.4978,0.0095,0.0091
15,FakeLagosV2,16,6,600,0.505,0.4946,0.003,0.0033
15,FakeLagosV2,16,7,700,0.5071,0.492,0.0021,0.0025
15,FakeLagosV2,16,8,800,0.5062,0.4932,0.0009,0.0012
15,FakeLagosV2,16,9,900,0.5056,0.4937,0.0007,0.0005
15,FakeLagosV2,16,10,1000,0.508,0.4911,0.0024,0.0026
15,FakeLagosV2,17,1,100,0.42,0.577,1.0,1.0
15,FakeLagosV2,17,2,200,0.435,0.5635,0.015,0.0135
15,FakeLagosV2,17,3,300,0.48,0.519,0.045,0.0445
15,FakeLagosV2,17,4,400,0.505,0.4928,0.025,0.0263
15,FakeLagosV2,17,5,500,0.506,0.4925,0.001,0.0003
15,FakeLagosV2,17,6,600,0.4967,0.5012,0.0093,0.0087
15,FakeLagosV2,17,7,700,0.4929,0.5045,0.0038,0.0033
15,FakeLagosV2,17,8,800,0.5062,0.4903,0.0134,0.0142
15,FakeLagosV2,17,9,900,0.5022,0.4947,0.004,0.0044
15,FakeLagosV2,17,10,1000,0.501,0.4968,0.0012,0.0021
15,FakeLagosV2,18,1,100,0.47,0.5255,1.0,1.0
15,FakeLagosV2,18,2,200,0.495,0.5012,0.025,0.0243
15,FakeLagosV2,18,3,300,0.4833,0.5131,0.0117,0.0119
15,FakeLagosV2,18,4,400,0.4575,0.5386,0.0258,0.0256
15,FakeLagosV2,18,5,500,0.466,0.5316,0.0085,0.007
15,FakeLagosV2,18,6,600,0.4633,0.5324,0.0027,0.0008
15,FakeLagosV2,18,7,700,0.4671,0.5298,0.0038,0.0026
15,FakeLagosV2,18,8,800,0.4737,0.5236,0.0066,0.0063
15,FakeLagosV2,18,9,900,0.4733,0.5233,0.0004,0.0002
15,FakeLagosV2,18,10,1000,0.485,0.5116,0.0117,0.0117
15,FakeLagosV2,19,1,100,0.57,0.4116,1.0,1.0
15,FakeLagosV2,19,2,200,0.52,0.4732,0.05,0.0616
15,FakeLagosV2,19,3,300,0.5167,0.4795,0.0033,0.0063
15,FakeLagosV2,19,4,400,0.4975,0.5011,0.0192,0.0216
15,FakeLagosV2,19,5,500,0.494,0.5046,0.0035,0.0035
15,FakeLagosV2,19,6,600,0.5033,0.4952,0.0093,0.0094
15,FakeLagosV2,19,7,700,0.5043,0.4939,0.001,0.0013
15,FakeLagosV2,19,8,800,0.505,0.4937,0.0007,0.0002
15,FakeLagosV2,19,9,900,0.5011,0.4973,0.0039,0.0036
15,FakeLagosV2,19,10,1000,0.503,0.4952,0.0019,0.0021
16,FakeLagosV2,0,1,100,0.09,0.9888,1.0,1.0
16,FakeLagosV2,0,2,200,0.1,0.9859,0.01,0.0029
16,FakeLagosV2,0,3,300,0.0733,0.9923,0.0267,0.0064
16,FakeLagosV2,0,4,400,0.0775,0.9926,0.0042,0.0003
16,FakeLagosV2,0,5,500,0.066,0.995,0.0115,0.0025
16,FakeLagosV2,0,6,600,0.0483,0.9973,0.0177,0.0023
16,FakeLagosV2,0,7,700,0.0471,0.9976,0.0012,0.0003
16,FakeLagosV2,0,8,800,0.0513,0.997,0.0041,0.0006
16,FakeLagosV2,0,9,900,0.0511,0.9972,0.0001,0.0003
16,FakeLagosV2,0,10,1000,0.046,0.9976,0.0051,0.0004
16,FakeLagosV2,1,1,100,0.15,0.9665,1.0,1.0
16,FakeLagosV2,1,2,200,0.135,0.9727,0.015,0.0062
16,FakeLagosV2,1,3,300,0.1133,0.9797,0.0217,0.0069
16,FakeLagosV2,1,4,400,0.1025,0.9835,0.0108,0.0039
16,FakeLagosV2,1,5,500,0.09,0.9867,0.0125,0.0032
16,FakeLagosV2,1,6,600,0.0867,0.987,0.0033,0.0003
16,FakeLagosV2,1,7,700,0.0929,0.9853,0.0062,0.0017
16,FakeLagosV2,1,8,800,0.095,0.9848,0.0021,0.0006
16,FakeLagosV2,1,9,900,0.0989,0.9839,0.0039,0.0009
16,FakeLagosV2,1,10,1000,0.095,0.9848,0.0039,0.0009
16,FakeLagosV2,2,1,100,0.11,0.9854,1.0,1.0
16,FakeLagosV2,2,2,200,0.085,0.9909,0.025,0.0055
16,FakeLagosV2,2,3,300,0.08,0.9925,0.005,0.0016
16,FakeLagosV2,2,4,400,0.065,0.9939,0.015,0.0014
16,FakeLagosV2,2,5,500,0.084,0.9911,0.019,0.0028
16,FakeLagosV2,2,6,600,0.0867,0.9907,0.0027,0.0004
16,FakeLagosV2,2,7,700,0.0886,0.9898,0.0019,0.001
16,FakeLagosV2,2,8,800,0.09,0.9896,0.0014,0.0002
16,FakeLagosV2,2,9,900,0.0967,0.9886,0.0067,0.001
16,FakeLagosV2,2,10,1000,0.091,0.9902,0.0057,0.0016
16,FakeLagosV2,3,1,100,0.1,0.9862,1.0,1.0
16,FakeLagosV2,3,2,200,0.055,0.9943,0.045,0.0081
16,FakeLagosV2,3,3,300,0.05,0.9959,0.005,0.0016
16,FakeLagosV2,3,4,400,0.0625,0.9945,0.0125,0.0014
16,FakeLagosV2,3,5,500,0.048,0.9966,0.0145,0.0021
16,FakeLagosV2,3,6,600,0.055,0.9958,0.007,0.0008
16,FakeLagosV2,3,7,700,0.0514,0.9959,0.0036,0.0001
16,FakeLagosV2,3,8,800,0.05,0.9964,0.0014,0.0006
16,FakeLagosV2,3,9,900,0.0656,0.9949,0.0156,0.0015
16,FakeLagosV2,3,10,1000,0.062,0.9957,0.0036,0.0007
16,FakeLagosV2,4,1,100,0.15,0.9687,1.0,1.0
16,FakeLagosV2,4,2,200,0.105,0.9827,0.045,0.014
16,FakeLagosV2,4,3,300,0.0867,0.9878,0.0183,0.0051
16,FakeLagosV2,4,4,400,0.09,0.9873,0.0033,0.0005
16,FakeLagosV2,4,5,500,0.088,0.9882,0.002,0.0008
16,FakeLagosV2,4,6,600,0.0817,0.9888,0.0063,0.0007
16,FakeLagosV2,4,7,700,0.0857,0.9879,0.004,0.001
16,FakeLagosV2,4,8,800,0.0912,0.9878,0.0055,0.0001
16,FakeLagosV2,4,9,900,0.0911,0.9866,0.0001,0.0012
16,FakeLagosV2,4,10,1000,0.095,0.9853,0.0039,0.0012
16,FakeLagosV2,5,1,100,0.1,0.9887,1.0,1.0
16,FakeLagosV2,5,2,200,0.135,0.9797,0.035,0.009
16,FakeLagosV2,5,3,300,0.1133,0.984,0.0217,0.0044
16,FakeLagosV2,5,4,400,0.1,0.9878,0.0133,0.0038
16,FakeLagosV2,5,5,500,0.084,0.9906,0.016,0.0027
16,FakeLagosV2,5,6,600,0.0733,0.9918,0.0107,0.0012
16,FakeLagosV2,5,7,700,0.0729,0.9931,0.0005,0.0013
16,FakeLagosV2,5,8,800,0.065,0.9941,0.0079,0.001
16,FakeLagosV2,5,9,900,0.0633,0.9942,0.0017,0.0001
16,FakeLagosV2,5,10,1000,0.064,0.9942,0.0007,0.0
16,FakeLagosV2,6,1,100,0.08,0.9917,1.0,1.0
16,FakeLagosV2,6,2,200,0.05,0.9969,0.03,0.0052
16,FakeLagosV2,6,3,300,0.0733,0.994,0.0233,0.0029
16,FakeLagosV2,6,4,400,0.0575,0.9954,0.0158,0.0014
16,FakeLagosV2,6,5,500,0.046,0.9968,0.0115,0.0014
16,FakeLagosV2,6,6,600,0.0433,0.9971,0.0027,0.0002
16,FakeLagosV2,6,7,700,0.0557,0.9955,0.0124,0.0016
16,FakeLagosV2,6,8,800,0.0375,0.9979,0.0182,0.0024
16,FakeLagosV2,6,9,900,0.0311,0.9984,0.0064,0.0005
16,FakeLagosV2,6,10,1000,0.037,0.9977,0.0059,0.0007
16,FakeLagosV2,7,1,100,0.06,0.9942,1.0,1.0
16,FakeLagosV2,7,2,200,0.045,0.9964,0.015,0.0021
16,FakeLagosV2,7,3,300,0.06,0.9955,0.015,0.0009
16,FakeLagosV2,7,4,400,0.0725,0.994,0.0125,0.0015
16,FakeLagosV2,7,5,500,0.068,0.9941,0.0045,0.0001
16,FakeLagosV2,7,6,600,0.0817,0.9927,0.0137,0.0013
16,FakeLagosV2,7,7,700,0.0757,0.9933,0.006,0.0006
16,FakeLagosV2,7,8,800,0.0663,0.9945,0.0095,0.0012
16,FakeLagosV2,7,9,900,0.0722,0.9931,0.006,0.0014
16,FakeLagosV2,7,10,1000,0.07,0.9933,0.0022,0.0002
16,FakeLagosV2,8,1,100,0.02,0.9993,1.0,1.0
16,FakeLagosV2,8,2,200,0.04,0.9978,0.02,0.0015
16,FakeLagosV2,8,3,300,0.0533,0.9957,0.0133,0.0021
16,FakeLagosV2,8,4,400,0.065,0.9939,0.0117,0.0018
16,FakeLagosV2,8,5,500,0.06,0.9943,0.005,0.0004
16,FakeLagosV2,8,6,600,0.065,0.9931,0.005,0.0012
16,FakeLagosV2,8,7,700,0.0629,0.9941,0.0021,0.001
16,FakeLagosV2,8,8,800,0.0662,0.9934,0.0034,0.0007
16,FakeLagosV2,8,9,900,0.0656,0.9938,0.0007,0.0004
16,FakeLagosV2,8,10,1000,0.061,0.9944,0.0046,0.0007
16,FakeLagosV2,9,1,100,0.09,0.9878,1.0,1.0
16,FakeLagosV2,9,2,200,0.095,0.9909,0.005,0.0032
16,FakeLagosV2,9,3,300,0.1,0.9868,0.005,0.0041
16,FakeLagosV2,9,4,400,0.0825,0.9899,0.0175,0.0031
16,FakeLagosV2,9,5,500,0.076,0.9899,0.0065,0.0
16,FakeLagosV2,9,6,600,0.0833,0.988,0.0073,0.0019
16,FakeLagosV2,9,7,700,0.0914,0.9862,0.0081,0.0018
16,FakeLagosV2,9,8,800,0.0938,0.9872,0.0023,0.001
16,FakeLagosV2,9,9,900,0.0944,0.9866,0.0007,0.0006
16,FakeLagosV2,9,10,1000,0.085,0.988,0.0094,0.0013
16,FakeLagosV2,10,1,100,0.08,0.9917,1.0,1.0
16,FakeLagosV2,10,2,200,0.06,0.9954,0.02,0.0037
16,FakeLagosV2,10,3,300,0.0633,0.9958,0.0033,0.0004
16,FakeLagosV2,10,4,400,0.07,0.9948,0.0067,0.001
16,FakeLagosV2,10,5,500,0.08,0.9934,0.01,0.0014
16,FakeLagosV2,10,6,600,0.0883,0.9915,0.0083,0.002
16,FakeLagosV2,10,7,700,0.0786,0.9928,0.0098,0.0014
16,FakeLagosV2,10,8,800,0.0825,0.9919,0.0039,0.0009
16,FakeLagosV2,10,9,900,0.0844,0.9905,0.0019,0.0014
16,FakeLagosV2,10,10,1000,0.082,0.9906,0.0024,0.0
16,FakeLagosV2,11,1,100,0.08,0.9923,1.0,1.0
16,FakeLagosV2,11,2,200,0.06,0.996,0.02,0.0037
16,FakeLagosV2,11,3,300,0.0733,0.9933,0.0133,0.0027
16,FakeLagosV2,11,4,400,0.0675,0.9946,0.0058,0.0013
16,FakeLagosV2,11,5,500,0.078,0.9929,0.0105,0.0016
16,FakeLagosV2,11,6,600,0.07,0.9928,0.008,0.0002
16,FakeLagosV2,11,7,700,0.0714,0.9934,0.0014,0.0006
16,FakeLagosV2,11,8,800,0.0675,0.9919,0.0039,0.0015
16,FakeLagosV2,11,9,900,0.0667,0.9927,0.0008,0.0008
16,FakeLagosV2,11,10,1000,0.068,0.9928,0.0013,0.0001
16,FakeLagosV2,12,1,100,0.09,0.9915,1.0,1.0
16,FakeLagosV2,12,2,200,0.08,0.9915,0.01,0.0
16,FakeLagosV2,12,3,300,0.0767,0.9935,0.0033,0.002
16,FakeLagosV2,12,4,400,0.085,0.9923,0.0083,0.0012
16,FakeLagosV2,12,5,500,0.09,0.9918,0.005,0.0005
16,FakeLagosV2,12,6,600,0.095,0.9906,0.005,0.0011
16,FakeLagosV2,12,7,700,0.0914,0.9911,0.0036,0.0004
16,FakeLagosV2,12,8,800,0.095,0.9897,0.0036,0.0014
16,FakeLagosV2,12,9,900,0.0867,0.9917,0.0083,0.002
16,FakeLagosV2,12,10,1000,0.08,0.9923,0.0067,0.0006
16,FakeLagosV2,13,1,100,0.12,0.9852,1.0,1.0
16,FakeLagosV2,13,2,200,0.09,0.9912,0.03,0.006
16,FakeLagosV2,13,3,300,0.0533,0.9969,0.0367,0.0058
16,FakeLagosV2,13,4,400,0.0525,0.9966,0.0008,0.0003
16,FakeLagosV2,13,5,500,0.066,0.995,0.0135,0.0016
16,FakeLagosV2,13,6,600,0.07,0.9948,0.004,0.0003
16,FakeLagosV2,13,7,700,0.0643,0.9956,0.0057,0.0008
16,FakeLagosV2,13,8,800,0.0575,0.9963,0.0068,0.0008
16,FakeLagosV2,13,9,900,0.0578,0.9961,0.0003,0.0003
16,FakeLagosV2,13,10,1000,0.058,0.9963,0.0002,0.0003
16,FakeLagosV2,14,1,100,0.11,0.9779,1.0,1.0
16,FakeLagosV2,14,2,200,0.145,0.9646,0.035,0.0133
16,FakeLagosV2,14,3,300,0.1133,0.9795,0.0317,0.0149
16,FakeLagosV2,14,4,400,0.1,0.9872,0.0133,0.0077
16,FakeLagosV2,14,5,500,0.078,0.9915,0.022,0.0043
16,FakeLagosV2,14,6,600,0.0717,0.9924,0.0063,0.0009
16,FakeLagosV2,14,7,700,0.0743,0.993,0.0026,0.0006
16,FakeLagosV2,14,8,800,0.0662,0.9941,0.008,0.001
16,FakeLagosV2,14,9,900,0.0722,0.9929,0.006,0.0012
16,FakeLagosV2,14,10,1000,0.078,0.9926,0.0058,0.0003
16,FakeLagosV2,15,1,100,0.07,0.9946,1.0,1.0
16,FakeLagosV2,15,2,200,0.13,0.9828,0.06,0.0118
16,FakeLagosV2,15,3,300,0.0933,0.9909,0.0367,0.0081
16,FakeLagosV2,15,4,400,0.08,0.9931,0.0133,0.0022
16,FakeLagosV2,15,5,500,0.068,0.9951,0.012,0.002
16,FakeLagosV2,15,6,600,0.065,0.9953,0.003,0.0002
16,FakeLagosV2,15,7,700,0.0729,0.9941,0.0079,0.0012
16,FakeLagosV2,15,8,800,0.0688,0.9946,0.0041,0.0005
16,FakeLagosV2,15,9,900,0.0689,0.9943,0.0001,0.0003
16,FakeLagosV2,15,10,1000,0.072,0.9943,0.0031,0.0
16,FakeLagosV2,16,1,100,0.03,0.999,1.0,1.0
16,FakeLagosV2,16,2,200,0.035,0.9987,0.005,0.0004
16,FakeLagosV2,16,3,300,0.0367,0.9983,0.0017,0.0004
16,FakeLagosV2,16,4,400,0.0275,0.9988,0.0092,0.0005
16,FakeLagosV2,16,5,500,0.022,0.9994,0.0055,0.0006
16,FakeLagosV2,16,6,600,0.0183,0.9995,0.0037,0.0001
16,FakeLagosV2,16,7,700,0.03,0.9988,0.0117,0.0007
16,FakeLagosV2,16,8,800,0.0325,0.9985,0.0025,0.0003
16,FakeLagosV2,16,9,900,0.0311,0.9983,0.0014,0.0002
16,FakeLagosV2,16,10,1000,0.035,0.9981,0.0039,0.0002
16,FakeLagosV2,17,1,100,0.15,0.9762,1.0,1.0
16,FakeLagosV2,17,2,200,0.13,0.979,0.02,0.0028
16,FakeLagosV2,17,3,300,0.12,0.9792,0.01,0.0003
16,FakeLagosV2,17,4,400,0.1125,0.9849,0.0075,0.0057
16,FakeLagosV2,17,5,500,0.112,0.986,0.0005,0.0012
16,FakeLagosV2,17,6,600,0.105,0.9884,0.007,0.0024
16,FakeLagosV2,17,7,700,0.0986,0.9899,0.0064,0.0014
16,FakeLagosV2,17,8,800,0.0963,0.9905,0.0023,0.0007
16,FakeLagosV2,17,9,900,0.0956,0.9906,0.0007,0.0001
16,FakeLagosV2,17,10,1000,0.079,0.9934,0.0166,0.0028
16,FakeLagosV2,18,1,100,0.11,0.9829,1.0,1.0
16,FakeLagosV2,18,2,200,0.06,0.9949,0.05,0.012
16,FakeLagosV2,18,3,300,0.0567,0.9953,0.0033,0.0004
16,FakeLagosV2,18,4,400,0.0525,0.9969,0.0042,0.0017
16,FakeLagosV2,18,5,500,0.03,0.9989,0.0225,0.0019
16,FakeLagosV2,18,6,600,0.0367,0.9982,0.0067,0.0007
16,FakeLagosV2,18,7,700,0.03,0.9988,0.0067,0.0007
16,FakeLagosV2,18,8,800,0.0325,0.9986,0.0025,0.0002
16,FakeLagosV2,18,9,900,0.0333,0.9985,0.0008,0.0
16,FakeLagosV2,18,10,1000,0.036,0.9983,0.0027,0.0002
16,FakeLagosV2,19,1,100,0.06,0.9939,1.0,1.0
16,FakeLagosV2,19,2,200,0.04,0.9978,0.02,0.0039
16,FakeLagosV2,19,3,300,0.04,0.9983,0.0,0.0005
16,FakeLagosV2,19,4,400,0.0425,0.9963,0.0025,0.002
16,FakeLagosV2,19,5,500,0.044,0.9973,0.0015,0.0011
16,FakeLagosV2,19,6,600,0.0467,0.9968,0.0027,0.0005
16,FakeLagosV2,19,7,700,0.0543,0.9963,0.0076,0.0005
16,FakeLagosV2,19,8,800,0.0563,0.9959,0.002,0.0004
16,FakeLagosV2,19,9,900,0.0533,0.9958,0.0029,0.0001
16,FakeLagosV2,19,10,1000,0.057,0.9954,0.0037,0.0004
17,FakeLagosV2,0,1,102,0.1765,0.8354,1.0,1.0
17,FakeLagosV2,0,2,204,0.1618,0.8452,0.0147,0.0098
17,FakeLagosV2,0,3,306,0.1667,0.8372,0.0049,0.008
17,FakeLagosV2,0,4,408,0.1667,0.8323,0.0,0.0049
17,FakeLagosV2,0,5,510,0.1725,0.8269,0.0059,0.0054
17,FakeLagosV2,0,6,612,0.1618,0.8375,0.0108,0.0106
17,FakeLagosV2,0,7,714,0.1625,0.8371,0.0007,0.0004
17,FakeLagosV2,0,8,816,0.1679,0.8319,0.0054,0.0052
17,FakeLagosV2,0,9,918,0.1612,0.8386,0.0067,0.0067
17,FakeLagosV2,0,10,1024,0.1611,0.8388,0.0001,0.0002
17,FakeLagosV2,1,1,102,0.2353,0.8204,1.0,1.0
17,FakeLagosV2,1,2,204,0.25,0.7933,0.0147,0.027
17,FakeLagosV2,1,3,306,0.2549,0.7841,0.0049,0.0092
17,FakeLagosV2,1,4,408,0.2255,0.7991,0.0294,0.015
17,FakeLagosV2,1,5,510,0.2431,0.7946,0.0176,0.0045
17,FakeLagosV2,1,6,612,0.2418,0.7947,0.0013,0.0001
17,FakeLagosV2,1,7,714,0.2423,0.7958,0.0005,0.0011
17,FakeLagosV2,1,8,816,0.2451,0.7946,0.0028,0.0011
17,FakeLagosV2,1,9,918,0.2397,0.7949,0.0054,0.0003
17,FakeLagosV2,1,10,1024,0.2415,0.7916,0.0019,0.0033
17,FakeLagosV2,2,1,102,0.3235,0.7802,1.0,1.0
17,FakeLagosV2,2,2,204,0.2794,0.8104,0.0441,0.0302
17,FakeLagosV2,2,3,306,0.2712,0.8196,0.0082,0.0092
17,FakeLagosV2,2,4,408,0.2868,0.8007,0.0155,0.019
17,FakeLagosV2,2,5,510,0.2863,0.7894,0.0005,0.0113
17,FakeLagosV2,2,6,612,0.2778,0.7939,0.0085,0.0045
17,FakeLagosV2,2,7,714,0.2801,0.7945,0.0023,0.0006
17,FakeLagosV2,2,8,816,0.2806,0.7872,0.0005,0.0073
17,FakeLagosV2,2,9,918,0.2745,0.7931,0.0061,0.0059
17,FakeLagosV2,2,10,1024,0.2673,0.7942,0.0073,0.0011
17,FakeLagosV2,3,1,102,0.2451,0.7458,1.0,1.0
17,FakeLagosV2,3,2,204,0.2059,0.789,0.0392,0.0432
17,FakeLagosV2,3,3,306,0.2124,0.7828,0.0065,0.0062
17,FakeLagosV2,3,4,408,0.1936,0.805,0.0188,0.0222
17,FakeLagosV2,3,5,510,0.1882,0.8109,0.0054,0.006
17,FakeLagosV2,3,6,612,0.1797,0.8189,0.0085,0.008
17,FakeLagosV2,3,7,714,0.1737,0.8251,0.0061,0.0062
17,FakeLagosV2,3,8,816,0.1716,0.8269,0.0021,0.0019
17,FakeLagosV2,3,9,918,0.1732,0.8255,0.0016,0.0014
17,FakeLagosV2,3,10,1024,0.1738,0.8251,0.0006,0.0005
17,FakeLagosV2,4,1,102,0.1373,0.878,1.0,1.0
17,FakeLagosV2,4,2,204,0.1225,0.8943,0.0147,0.0162
17,FakeLagosV2,4,3,306,0.1569,0.8732,0.0343,0.0211
17,FakeLagosV2,4,4,408,0.1495,0.8752,0.0074,0.002
17,FakeLagosV2,4,5,510,0.1667,0.8647,0.0172,0.0105
17,FakeLagosV2,4,6,612,0.1552,0.8701,0.0114,0.0054
17,FakeLagosV2,4,7,714,0.1597,0.8665,0.0044,0.0036
17,FakeLagosV2,4,8,816,0.1605,0.8605,0.0009,0.006
17,FakeLagosV2,4,9,918,0.1536,0.8618,0.0069,0.0014
17,FakeLagosV2,4,10,1024,0.1564,0.8558,0.0028,0.0061
17,FakeLagosV2,5,1,102,0.1667,0.8561,1.0,1.0
17,FakeLagosV2,5,2,204,0.1912,0.8155,0.0245,0.0406
17,FakeLagosV2,5,3,306,0.1928,0.8299,0.0016,0.0145
17,FakeLagosV2,5,4,408,0.1912,0.8179,0.0016,0.012
17,FakeLagosV2,5,5,510,0.1824,0.8226,0.0088,0.0047
17,FakeLagosV2,5,6,612,0.1846,0.8144,0.0023,0.0082
17,FakeLagosV2,5,7,714,0.1751,0.8223,0.0096,0.0079
17,FakeLagosV2,5,8,816,0.1801,0.8241,0.0051,0.0018
17,FakeLagosV2,5,9,918,0.1874,0.8162,0.0072,0.0079
17,FakeLagosV2,5,10,1024,0.1906,0.8169,0.0032,0.0006
17,FakeLagosV2,6,1,102,0.2255,0.7607,1.0,1.0
17,FakeLagosV2,6,2,204,0.1961,0.7977,0.0294,0.0369
17,FakeLagosV2,6,3,306,0.2026,0.7981,0.0065,0.0005
17,FakeLagosV2,6,4,408,0.2034,0.8028,0.0008,0.0047
17,FakeLagosV2,6,5,510,0.198,0.8008,0.0054,0.002
17,FakeLagosV2,6,6,612,0.1895,0.8041,0.0085,0.0034
17,FakeLagosV2,6,7,714,0.1891,0.81,0.0005,0.0059
17,FakeLagosV2,6,8,816,0.1887,0.8095,0.0004,0.0005
17,FakeLagosV2,6,9,918,0.1961,0.8082,0.0074,0.0013
17,FakeLagosV2,6,10,1024,0.1986,0.8112,0.0025,0.0029
17,FakeLagosV2,7,1,102,0.1765,0.8333,1.0,1.0
17,FakeLagosV2,7,2,204,0.1618,0.8383,0.0147,0.0051
17,FakeLagosV2,7,3,306,0.1993,0.8234,0.0376,0.015
17,FakeLagosV2,7,4,408,0.1936,0.8215,0.0057,0.0019
17,FakeLagosV2,7,5,510,0.2059,0.8201,0.0123,0.0013
17,FakeLagosV2,7,6,612,0.2108,0.8148,0.0049,0.0053
17,FakeLagosV2,7,7,714,0.2143,0.8049,0.0035,0.0099
17,FakeLagosV2,7,8,816,0.2071,0.8064,0.0072,0.0015
17,FakeLagosV2,7,9,918,0.1983,0.8139,0.0089,0.0075
17,FakeLagosV2,7,10,1024,0.2062,0.8084,0.0079,0.0055
17,FakeLagosV2,8,1,102,0.1765,0.8467,1.0,1.0
17,FakeLagosV2,8,2,204,0.1422,0.8543,0.0343,0.0077
17,FakeLagosV2,8,3,306,0.1405,0.8561,0.0016,0.0017
17,FakeLagosV2,8,4,408,0.1275,0.8747,0.0131,0.0186
17,FakeLagosV2,8,5,510,0.1275,0.8731,0.0,0.0016
17,FakeLagosV2,8,6,612,0.1307,0.8667,0.0033,0.0064
17,FakeLagosV2,8,7,714,0.1232,0.8745,0.0075,0.0079
17,FakeLagosV2,8,8,816,0.125,0.8726,0.0018,0.0019
17,FakeLagosV2,8,9,918,0.1318,0.8662,0.0068,0.0064
17,FakeLagosV2,8,10,1024,0.1338,0.8647,0.002,0.0015
17,FakeLagosV2,9,1,102,0.2059,0.8164,1.0,1.0
17,FakeLagosV2,9,2,204,0.2647,0.7849,0.0588,0.0315
17,FakeLagosV2,9,3,306,0.2386,0.8031,0.0261,0.0181
17,FakeLagosV2,9,4,408,0.2157,0.7999,0.0229,0.0032
17,FakeLagosV2,9,5,510,0.2098,0.7968,0.0059,0.0031
17,FakeLagosV2,9,6,612,0.2075,0.7959,0.0023,0.0009
17,FakeLagosV2,9,7,714,0.2017,0.7938,0.0058,0.0021
17,FakeLagosV2,9,8,816,0.1998,0.7963,0.0019,0.0025
17,FakeLagosV2,9,9,918,0.1961,0.8029,0.0037,0.0066
17,FakeLagosV2,9,10,1024,0.1982,0.7976,0.0022,0.0053
17,FakeLagosV2,10,1,102,0.1667,0.8297,1.0,1.0
17,FakeLagosV2,10,2,204,0.1667,0.8481,0.0,0.0183
17,FakeLagosV2,10,3,306,0.1765,0.8362,0.0098,0.0118
17,FakeLagosV2,10,4,408,0.1838,0.8342,0.0074,0.002
17,FakeLagosV2,10,5,510,0.1902,0.8309,0.0064,0.0033
17,FakeLagosV2,10,6,612,0.1961,0.8245,0.0059,0.0063
17,FakeLagosV2,10,7,714,0.1975,0.8307,0.0014,0.0062
17,FakeLagosV2,10,8,816,0.1924,0.8348,0.0051,0.0041
17,FakeLagosV2,10,9,918,0.1895,0.8411,0.0029,0.0063
17,FakeLagosV2,10,10,1024,0.1907,0.8436,0.0012,0.0025
17,FakeLagosV2,11,1,102,0.1863,0.8092,1.0,1.0
17,FakeLagosV2,11,2,204,0.2059,0.7888,0.0196,0.0204
17,FakeLagosV2,11,3,306,0.2059,0.7884,0.0,0.0004
17,FakeLagosV2,11,4,408,0.1912,0.8027,0.0147,0.0142
17,FakeLagosV2,11,5,510,0.1941,0.8021,0.0029,0.0005
17,FakeLagosV2,11,6,612,0.1895,0.8074,0.0046,0.0052
17,FakeLagosV2,11,7,714,0.1821,0.8134,0.0075,0.006
17,FakeLagosV2,11,8,816,0.1789,0.8184,0.0032,0.0051
17,FakeLagosV2,11,9,918,0.1786,0.8184,0.0003,0.0
17,FakeLagosV2,11,10,1024,0.1758,0.82,0.0029,0.0016
17,FakeLagosV2,12,1,102,0.1765,0.8536,1.0,1.0
17,FakeLagosV2,12,2,204,0.152,0.8475,0.0245,0.0061
17,FakeLagosV2,12,3,306,0.1699,0.834,0.018,0.0135
17,FakeLagosV2,12,4,408,0.1569,0.8413,0.0131,0.0073
17,FakeLagosV2,12,5,510,0.1608,0.8477,0.0039,0.0064
17,FakeLagosV2,12,6,612,0.1667,0.8411,0.0059,0.0066
17,FakeLagosV2,12,7,714,0.1653,0.8451,0.0014,0.0041
17,FakeLagosV2,12,8,816,0.1667,0.8433,0.0014,0.0019
17,FakeLagosV2,12,9,918,0.1754,0.8399,0.0087,0.0034
17,FakeLagosV2,12,10,1024,0.1751,0.8349,0.0003,0.005
17,FakeLagosV2,13,1,102,0.1373,0.8853,1.0,1.0
17,FakeLagosV2,13,2,204,0.1422,0.8549,0.0049,0.0303
17,FakeLagosV2,13,3,306,0.1536,0.8454,0.0114,0.0095
17,FakeLagosV2,13,4,408,0.1863,0.8119,0.0327,0.0335
17,FakeLagosV2,13,5,510,0.1843,0.814,0.002,0.0021
17,FakeLagosV2,13,6,612,0.1928,0.8056,0.0085,0.0084
17,FakeLagosV2,13,7,714,0.1877,0.8108,0.0051,0.0052
17,FakeLagosV2,13,8,816,0.1838,0.8151,0.0039,0.0043
17,FakeLagosV2,13,9,918,0.1852,0.8135,0.0014,0.0016
17,FakeLagosV2,13,10,1024,0.1855,0.8128,0.0004,0.0007
17,FakeLagosV2,14,1,102,0.2157,0.8106,1.0,1.0
17,FakeLagosV2,14,2,204,0.2059,0.8111,0.0098,0.0005
17,FakeLagosV2,14,3,306,0.2353,0.799,0.0294,0.0121
17,FakeLagosV2,14,4,408,0.2304,0.8035,0.0049,0.0046
17,FakeLagosV2,14,5,510,0.2059,0.8175,0.0245,0.014
17,FakeLagosV2,14,6,612,0.1846,0.8246,0.0212,0.0071
17,FakeLagosV2,14,7,714,0.1779,0.8268,0.0068,0.0022
17,FakeLagosV2,14,8,816,0.1679,0.8351,0.01,0.0083
17,FakeLagosV2,14,9,918,0.1743,0.8262,0.0064,0.0089
17,FakeLagosV2,14,10,1024,0.1781,0.8225,0.0038,0.0037
17,FakeLagosV2,15,1,102,0.1863,0.8288,1.0,1.0
17,FakeLagosV2,15,2,204,0.2108,0.8047,0.0245,0.0242
17,FakeLagosV2,15,3,306,0.1928,0.8032,0.018,0.0014
17,FakeLagosV2,15,4,408,0.1765,0.8212,0.0163,0.0179
17,FakeLagosV2,15,5,510,0.1745,0.824,0.002,0.0028
17,FakeLagosV2,15,6,612,0.1667,0.8314,0.0078,0.0074
17,FakeLagosV2,15,7,714,0.1723,0.8256,0.0056,0.0058
17,FakeLagosV2,15,8,816,0.185,0.8131,0.0128,0.0125
17,FakeLagosV2,15,9,918,0.1852,0.8125,0.0001,0.0006
17,FakeLagosV2,15,10,1024,0.1826,0.8157,0.0026,0.0032
17,FakeLagosV2,16,1,102,0.1667,0.8383,1.0,1.0
17,FakeLagosV2,16,2,204,0.1275,0.8693,0.0392,0.031
17,FakeLagosV2,16,3,306,0.1536,0.8548,0.0261,0.0145
17,FakeLagosV2,16,4,408,0.1397,0.8567,0.0139,0.0019
17,FakeLagosV2,16,5,510,0.1275,0.8682,0.0123,0.0115
17,FakeLagosV2,16,6,612,0.1438,0.8632,0.0163,0.005
17,FakeLagosV2,16,7,714,0.1611,0.8523,0.0173,0.0109
17,FakeLagosV2,16,8,816,0.1605,0.8579,0.0005,0.0056
17,FakeLagosV2,16,9,918,0.1667,0.8529,0.0061,0.005
17,FakeLagosV2,16,10,1024,0.1701,0.8567,0.0034,0.0038
17,FakeLagosV2,17,1,102,0.2059,0.7824,1.0,1.0
17,FakeLagosV2,17,2,204,0.1912,0.7948,0.0147,0.0125
17,FakeLagosV2,17,3,306,0.1765,0.8138,0.0147,0.019
17,FakeLagosV2,17,4,408,0.1716,0.822,0.0049,0.0082
17,FakeLagosV2,17,5,510,0.1706,0.83,0.001,0.008
17,FakeLagosV2,17,6,612,0.1667,0.8291,0.0039,0.0009
17,FakeLagosV2,17,7,714,0.1723,0.8244,0.0056,0.0047
17,FakeLagosV2,17,8,816,0.1716,0.8252,0.0007,0.0008
17,FakeLagosV2,17,9,918,0.1743,0.8235,0.0027,0.0017
17,FakeLagosV2,17,10,1024,0.1768,0.8201,0.0025,0.0034
17,FakeLagosV2,18,1,102,0.2549,0.7344,1.0,1.0
17,FakeLagosV2,18,2,204,0.2353,0.7509,0.0196,0.0165
17,FakeLagosV2,18,3,306,0.2386,0.7659,0.0033,0.015
17,FakeLagosV2,18,4,408,0.2255,0.7654,0.0131,0.0005
17,FakeLagosV2,18,5,510,0.2059,0.791,0.0196,0.0256
17,FakeLagosV2,18,6,612,0.2108,0.7905,0.0049,0.0005
17,FakeLagosV2,18,7,714,0.2059,0.7932,0.0049,0.0027
17,FakeLagosV2,18,8,816,0.2059,0.7934,0.0,0.0002
17,FakeLagosV2,18,9,918,0.2059,0.7908,0.0,0.0026
17,FakeLagosV2,18,10,1024,0.2131,0.7853,0.0072,0.0055
17,FakeLagosV2,19,1,102,0.1863,0.8124,1.0,1.0
17,FakeLagosV2,19,2,204,0.1961,0.7977,0.0098,0.0146
17,FakeLagosV2,19,3,306,0.1732,0.8248,0.0229,0.0271
17,FakeLagosV2,19,4,408,0.1691,0.8293,0.0041,0.0045
17,FakeLagosV2,19,5,510,0.1686,0.8297,0.0005,0.0004
17,FakeLagosV2,19,6,612,0.1585,0.8395,0.0101,0.0099
17,FakeLagosV2,19,7,714,0.1555,0.8413,0.003,0.0018
17,FakeLagosV2,19,8,816,0.1544,0.8449,0.0011,0.0037
17,FakeLagosV2,19,9,918,0.1547,0.8467,0.0003,0.0017
17,FakeLagosV2,19,10,1024,0.1554,0.8481,0.0007,0.0014
18,FakeLagosV2,0,1,102,0.5196,0.4804,1.0,1.0
18,FakeLagosV2,0,2,204,0.5686,0.4314,0.049,0.049
18,FakeLagosV2,0,3,306,0.5915,0.408,0.0229,0.0233
18,FakeLagosV2,0,4,408,0.5686,0.4314,0.0229,0.0233
18,FakeLagosV2,0,5,510,0.5824,0.4176,0.0137,0.0137
18,FakeLagosV2,0,6,612,0.585,0.415,0.0026,0.0026
18,FakeLagosV2,0,7,714,0.5714,0.4286,0.0135,0.0136
18,FakeLagosV2,0,8,816,0.5735,0.4265,0.0021,0.0021
18,FakeLagosV2,0,9,918,0.5752,0.4248,0.0016,0.0016
18,FakeLagosV2,0,10,1024,0.5742,0.4258,0.0009,0.0009
18,FakeLagosV2,1,1,102,0.451,0.5488,1.0,1.0
18,FakeLagosV2,1,2,204,0.5245,0.4754,0.0735,0.0735
18,FakeLagosV2,1,3,306,0.5229,0.477,0.0016,0.0017
18,FakeLagosV2,1,4,408,0.5343,0.4657,0.0114,0.0114
18,FakeLagosV2,1,5,510,0.5275,0.4725,0.0069,0.0069
18,FakeLagosV2,1,6,612,0.5082,0.4918,0.0193,0.0192
18,FakeLagosV2,1,7,714,0.5252,0.4747,0.017,0.0171
18,FakeLagosV2,1,8,816,0.5233,0.4767,0.0019,0.002
18,FakeLagosV2,1,9,918,0.5131,0.4869,0.0102,0.0102
18,FakeLagosV2,1,10,1024,0.5264,0.4736,0.0133,0.0133
18,FakeLagosV2,2,1,102,0.5686,0.4273,1.0,1.0
18,FakeLagosV2,2,2,204,0.5833,0.412,0.0147,0.0153
18,FakeLagosV2,2,3,306,0.5719,0.4271,0.0114,0.0151
18,FakeLagosV2,2,4,408,0.5466,0.4528,0.0253,0.0257
18,FakeLagosV2,2,5,510,0.551,0.4479,0.0044,0.0049
18,FakeLagosV2,2,6,612,0.5441,0.4548,0.0069,0.0068
18,FakeLagosV2,2,7,714,0.5546,0.4439,0.0105,0.0109
18,FakeLagosV2,2,8,816,0.549,0.4492,0.0056,0.0054
18,FakeLagosV2,2,9,918,0.5436,0.4551,0.0054,0.0058
18,FakeLagosV2,2,10,1024,0.543,0.4554,0.0006,0.0003
18,FakeLagosV2,3,1,102,0.451,0.5487,1.0,1.0
18,FakeLagosV2,3,2,204,0.4902,0.5081,0.0392,0.0406
18,FakeLagosV2,3,3,306,0.4902,0.5092,0.0,0.0011
18,FakeLagosV2,3,4,408,0.5025,0.4969,0.0123,0.0123
18,FakeLagosV2,3,5,510,0.5118,0.4876,0.0093,0.0093
18,FakeLagosV2,3,6,612,0.5212,0.4785,0.0095,0.0091
18,FakeLagosV2,3,7,714,0.5196,0.4802,0.0016,0.0017
18,FakeLagosV2,3,8,816,0.5355,0.4643,0.0159,0.0159
18,FakeLagosV2,3,9,918,0.5305,0.4695,0.005,0.0052
18,FakeLagosV2,3,10,1024,0.5439,0.4558,0.0134,0.0136
18,FakeLagosV2,4,1,102,0.5392,0.4539,1.0,1.0
18,FakeLagosV2,4,2,204,0.5343,0.4648,0.0049,0.0109
18,FakeLagosV2,4,3,306,0.5327,0.4661,0.0016,0.0012
18,FakeLagosV2,4,4,408,0.5294,0.468,0.0033,0.0019
18,FakeLagosV2,4,5,510,0.5333,0.4656,0.0039,0.0024
18,FakeLagosV2,4,6,612,0.5392,0.4594,0.0059,0.0062
18,FakeLagosV2,4,7,714,0.5336,0.4653,0.0056,0.0058
18,FakeLagosV2,4,8,816,0.5453,0.4532,0.0117,0.0121
18,FakeLagosV2,4,9,918,0.5458,0.4523,0.0004,0.0009
18,FakeLagosV2,4,10,1024,0.5439,0.4538,0.0018,0.0015
18,FakeLagosV2,5,1,102,0.5882,0.4087,1.0,1.0
18,FakeLagosV2,5,2,204,0.549,0.4506,0.0392,0.0419
18,FakeLagosV2,5,3,306,0.549,0.451,0.0,0.0003
18,FakeLagosV2,5,4,408,0.5539,0.4459,0.0049,0.0051
18,FakeLagosV2,5,5,510,0.5667,0.4333,0.0127,0.0126
18,FakeLagosV2,5,6,612,0.5654,0.4342,0.0013,0.0009
18,FakeLagosV2,5,7,714,0.5644,0.4353,0.0009,0.0011
18,FakeLagosV2,5,8,816,0.565,0.4348,0.0005,0.0005
18,FakeLagosV2,5,9,918,0.561,0.4386,0.0039,0.0038
18,FakeLagosV2,5,10,1024,0.5576,0.4421,0.0034,0.0035
18,FakeLagosV2,6,1,102,0.5196,0.4695,1.0,1.0
18,FakeLagosV2,6,2,204,0.5343,0.4523,0.0147,0.0172
18,FakeLagosV2,6,3,306,0.5359,0.4545,0.0016,0.0022
18,FakeLagosV2,6,4,408,0.5221,0.4724,0.0139,0.0179
18,FakeLagosV2,6,5,510,0.5196,0.475,0.0025,0.0026
18,FakeLagosV2,6,6,612,0.5229,0.471,0.0033,0.0041
18,FakeLagosV2,6,7,714,0.5308,0.4621,0.0079,0.0089
18,FakeLagosV2,6,8,816,0.5306,0.4623,0.0002,0.0002
18,FakeLagosV2,6,9,918,0.5251,0.469,0.0056,0.0067
18,FakeLagosV2,6,10,1024,0.5264,0.469,0.0013,0.0
18,FakeLagosV2,7,1,102,0.5588,0.4406,1.0,1.0
18,FakeLagosV2,7,2,204,0.6029,0.397,0.0441,0.0436
18,FakeLagosV2,7,3,306,0.5948,0.4052,0.0082,0.0082
18,FakeLagosV2,7,4,408,0.5784,0.4215,0.0163,0.0163
18,FakeLagosV2,7,5,510,0.5686,0.431,0.0098,0.0095
18,FakeLagosV2,7,6,612,0.5752,0.4245,0.0065,0.0065
18,FakeLagosV2,7,7,714,0.5658,0.4339,0.0093,0.0094
18,FakeLagosV2,7,8,816,0.549,0.4507,0.0168,0.0168
18,FakeLagosV2,7,9,918,0.5468,0.4527,0.0022,0.002
18,FakeLagosV2,7,10,1024,0.5479,0.4517,0.001,0.001
18,FakeLagosV2,8,1,102,0.5098,0.49,1.0,1.0
18,FakeLagosV2,8,2,204,0.549,0.4508,0.0392,0.0392
18,FakeLagosV2,8,3,306,0.5588,0.4404,0.0098,0.0105
18,FakeLagosV2,8,4,408,0.5417,0.4583,0.0172,0.0179
18,FakeLagosV2,8,5,510,0.5412,0.4587,0.0005,0.0004
18,FakeLagosV2,8,6,612,0.5474,0.4526,0.0062,0.0061
18,FakeLagosV2,8,7,714,0.5434,0.4565,0.004,0.0039
18,FakeLagosV2,8,8,816,0.5343,0.4657,0.0091,0.0092
18,FakeLagosV2,8,9,918,0.537,0.463,0.0027,0.0027
18,FakeLagosV2,8,10,1024,0.5439,0.456,0.0069,0.007
18,FakeLagosV2,9,1,102,0.549,0.4465,1.0,1.0
18,FakeLagosV2,9,2,204,0.5294,0.4697,0.0196,0.0232
18,FakeLagosV2,9,3,306,0.5327,0.4669,0.0033,0.0028
18,FakeLagosV2,9,4,408,0.527,0.473,0.0057,0.0061
18,FakeLagosV2,9,5,510,0.5216,0.4781,0.0054,0.005
18,FakeLagosV2,9,6,612,0.5278,0.4722,0.0062,0.0059
18,FakeLagosV2,9,7,714,0.5154,0.4845,0.0124,0.0123
18,FakeLagosV2,9,8,816,0.5172,0.4828,0.0018,0.0017
18,FakeLagosV2,9,9,918,0.5316,0.4684,0.0144,0.0144
18,FakeLagosV2,9,10,1024,0.541,0.4589,0.0094,0.0095
18,FakeLagosV2,10,1,102,0.4608,0.5391,1.0,1.0
18,FakeLagosV2,10,2,204,0.5098,0.4885,0.049,0.0507
18,FakeLagosV2,10,3,306,0.5098,0.4888,0.0,0.0004
18,FakeLagosV2,10,4,408,0.5049,0.4941,0.0049,0.0053
18,FakeLagosV2,10,5,510,0.5137,0.4843,0.0088,0.0098
18,FakeLagosV2,10,6,612,0.5261,0.4722,0.0124,0.0122
18,FakeLagosV2,10,7,714,0.5336,0.4654,0.0075,0.0068
18,FakeLagosV2,10,8,816,0.5294,0.4689,0.0042,0.0035
18,FakeLagosV2,10,9,918,0.5272,0.4713,0.0022,0.0024
18,FakeLagosV2,10,10,1024,0.5273,0.4717,0.0001,0.0004
18,FakeLagosV2,11,1,102,0.6078,0.389,1.0,1.0
18,FakeLagosV2,11,2,204,0.6029,0.3914,0.0049,0.0023
18,FakeLagosV2,11,3,306,0.5882,0.4052,0.0147,0.0138
18,FakeLagosV2,11,4,408,0.5588,0.4339,0.0294,0.0288
18,FakeLagosV2,11,5,510,0.549,0.4447,0.0098,0.0108
18,FakeLagosV2,11,6,612,0.5458,0.4506,0.0033,0.0059
18,FakeLagosV2,11,7,714,0.542,0.4557,0.0037,0.0051
18,FakeLagosV2,11,8,816,0.5478,0.4505,0.0058,0.0052
18,FakeLagosV2,11,9,918,0.5403,0.4579,0.0075,0.0074
18,FakeLagosV2,11,10,1024,0.541,0.4573,0.0007,0.0006
18,FakeLagosV2,12,1,102,0.5588,0.4329,1.0,1.0
18,FakeLagosV2,12,2,204,0.598,0.3905,0.0392,0.0424
18,FakeLagosV2,12,3,306,0.549,0.4414,0.049,0.0509
18,FakeLagosV2,12,4,408,0.549,0.4374,0.0,0.0039
18,FakeLagosV2,12,5,510,0.5627,0.4279,0.0137,0.0096
18,FakeLagosV2,12,6,612,0.5686,0.424,0.0059,0.0039
18,FakeLagosV2,12,7,714,0.5658,0.4272,0.0028,0.0032
18,FakeLagosV2,12,8,816,0.5674,0.4264,0.0016,0.0008
18,FakeLagosV2,12,9,918,0.5763,0.4192,0.0089,0.0072
18,FakeLagosV2,12,10,1024,0.584,0.4116,0.0077,0.0076
18,FakeLagosV2,13,1,102,0.5686,0.4261,1.0,1.0
18,FakeLagosV2,13,2,204,0.5539,0.4414,0.0147,0.0153
18,FakeLagosV2,13,3,306,0.5556,0.443,0.0016,0.0016
18,FakeLagosV2,13,4,408,0.5539,0.4457,0.0016,0.0026
18,FakeLagosV2,13,5,510,0.5569,0.4424,0.0029,0.0033
18,FakeLagosV2,13,6,612,0.5458,0.453,0.0111,0.0107
18,FakeLagosV2,13,7,714,0.5546,0.4445,0.0089,0.0085
18,FakeLagosV2,13,8,816,0.538,0.4611,0.0166,0.0166
18,FakeLagosV2,13,9,918,0.5392,0.4596,0.0012,0.0015
18,FakeLagosV2,13,10,1024,0.542,0.4566,0.0028,0.0029
18,FakeLagosV2,14,1,102,0.5588,0.4411,1.0,1.0
18,FakeLagosV2,14,2,204,0.549,0.4506,0.0098,0.0096
18,FakeLagosV2,14,3,306,0.5294,0.47,0.0196,0.0194
18,FakeLagosV2,14,4,408,0.5515,0.4481,0.0221,0.0219
18,FakeLagosV2,14,5,510,0.5392,0.4596,0.0123,0.0114
18,FakeLagosV2,14,6,612,0.5408,0.4576,0.0016,0.002
18,FakeLagosV2,14,7,714,0.5448,0.4534,0.004,0.0042
18,FakeLagosV2,14,8,816,0.5306,0.4672,0.0142,0.0138
18,FakeLagosV2,14,9,918,0.5359,0.4622,0.0053,0.0049
18,FakeLagosV2,14,10,1024,0.541,0.4573,0.0051,0.0049
18,FakeLagosV2,15,1,102,0.549,0.4492,1.0,1.0
18,FakeLagosV2,15,2,204,0.5392,0.4576,0.0098,0.0084
18,FakeLagosV2,15,3,306,0.5294,0.4695,0.0098,0.012
18,FakeLagosV2,15,4,408,0.5245,0.4747,0.0049,0.0052
18,FakeLagosV2,15,5,510,0.5275,0.4722,0.0029,0.0025
18,FakeLagosV2,15,6,612,0.5392,0.4603,0.0118,0.012
18,FakeLagosV2,15,7,714,0.5504,0.449,0.0112,0.0113
18,FakeLagosV2,15,8,816,0.549,0.45,0.0014,0.001
18,FakeLagosV2,15,9,918,0.5458,0.4532,0.0033,0.0032
18,FakeLagosV2,15,10,1024,0.5479,0.451,0.0021,0.0023
18,FakeLagosV2,16,1,102,0.5196,0.48,1.0,1.0
18,FakeLagosV2,16,2,204,0.5147,0.485,0.0049,0.005
18,FakeLagosV2,16,3,306,0.5327,0.4673,0.018,0.0177
18,FakeLagosV2,16,4,408,0.5515,0.4482,0.0188,0.0191
18,FakeLagosV2,16,5,510,0.5588,0.441,0.0074,0.0071
18,FakeLagosV2,16,6,612,0.5621,0.4378,0.0033,0.0032
18,FakeLagosV2,16,7,714,0.563,0.437,0.0009,0.0009
18,FakeLagosV2,16,8,816,0.5613,0.4387,0.0018,0.0017
18,FakeLagosV2,16,9,918,0.5534,0.4466,0.0079,0.0079
18,FakeLagosV2,16,10,1024,0.5518,0.4482,0.0016,0.0016
18,FakeLagosV2,17,1,102,0.5882,0.4118,1.0,1.0
18,FakeLagosV2,17,2,204,0.5833,0.4167,0.0049,0.0049
18,FakeLagosV2,17,3,306,0.5588,0.4412,0.0245,0.0245
18,FakeLagosV2,17,4,408,0.5343,0.4654,0.0245,0.0242
18,FakeLagosV2,17,5,510,0.5255,0.4739,0.0088,0.0085
18,FakeLagosV2,17,6,612,0.5245,0.4749,0.001,0.001
18,FakeLagosV2,17,7,714,0.5224,0.4772,0.0021,0.0023
18,FakeLagosV2,17,8,816,0.5196,0.4799,0.0028,0.0027
18,FakeLagosV2,17,9,918,0.5196,0.48,0.0,0.0001
18,FakeLagosV2,17,10,1024,0.5273,0.4724,0.0077,0.0076
18,FakeLagosV2,18,1,102,0.5784,0.4193,1.0,1.0
18,FakeLagosV2,18,2,204,0.5147,0.4809,0.0637,0.0617
18,FakeLagosV2,18,3,306,0.5,0.4985,0.0147,0.0175
18,FakeLagosV2,18,4,408,0.5074,0.4881,0.0074,0.0104
18,FakeLagosV2,18,5,510,0.5196,0.4772,0.0123,0.0109
18,FakeLagosV2,18,6,612,0.531,0.4679,0.0114,0.0093
18,FakeLagosV2,18,7,714,0.5448,0.4543,0.0138,0.0136
18,FakeLagosV2,18,8,816,0.5453,0.4539,0.0005,0.0004
18,FakeLagosV2,18,9,918,0.537,0.462,0.0083,0.0081
18,FakeLagosV2,18,10,1024,0.5361,0.463,0.0009,0.001
18,FakeLagosV2,19,1,102,0.5686,0.4295,1.0,1.0
18,FakeLagosV2,19,2,204,0.5392,0.4607,0.0294,0.0312
18,FakeLagosV2,19,3,306,0.549,0.451,0.0098,0.0098
18,FakeLagosV2,19,4,408,0.5417,0.4583,0.0074,0.0073
18,FakeLagosV2,19,5,510,0.5549,0.4451,0.0132,0.0132
18,FakeLagosV2,19,6,612,0.5458,0.4542,0.0092,0.0091
18,FakeLagosV2,19,7,714,0.5434,0.4564,0.0023,0.0022
18,FakeLagosV2,19,8,816,0.5453,0.4546,0.0019,0.0018
18,FakeLagosV2,19,9,918,0.5436,0.4564,0.0018,0.0017
18,FakeLagosV2,19,10,1024,0.5391,0.4609,0.0045,0.0045
19,FakeLagosV2,0,1,102,0.4118,0.5882,1.0,1.0
19,FakeLagosV2,0,2,204,0.4951,0.5048,0.0833,0.0834
19,FakeLagosV2,0,3,306,0.4967,0.5032,0.0016,0.0016
19,FakeLagosV2,0,4,408,0.4632,0.5367,0.0335,0.0334
19,FakeLagosV2,0,5,510,0.4647,0.5353,0.0015,0.0014
19,FakeLagosV2,0,6,612,0.451,0.5489,0.0137,0.0137
19,FakeLagosV2,0,7,714,0.4566,0.5434,0.0056,0.0055
19,FakeLagosV2,0,8,816,0.4583,0.5416,0.0018,0.0018
19,FakeLagosV2,0,9,918,0.4706,0.5293,0.0123,0.0123
19,FakeLagosV2,0,10,1024,0.4717,0.5281,0.0011,0.0012
19,FakeLagosV2,1,1,102,0.4314,0.5676,1.0,1.0
19,FakeLagosV2,1,2,204,0.451,0.5487,0.0196,0.019
19,FakeLagosV2,1,3,306,0.4444,0.5554,0.0065,0.0068
19,FakeLagosV2,1,4,408,0.4412,0.5587,0.0033,0.0033
19,FakeLagosV2,1,5,510,0.4373,0.5627,0.0039,0.004
19,FakeLagosV2,1,6,612,0.4428,0.5572,0.0056,0.0055
19,FakeLagosV2,1,7,714,0.451,0.549,0.0082,0.0082
19,FakeLagosV2,1,8,816,0.4547,0.5453,0.0037,0.0036
19,FakeLagosV2,1,9,918,0.4444,0.5555,0.0102,0.0102
19,FakeLagosV2,1,10,1024,0.4521,0.5478,0.0077,0.0077
19,FakeLagosV2,2,1,102,0.5,0.5,1.0,1.0
19,FakeLagosV2,2,2,204,0.4804,0.5184,0.0196,0.0185
19,FakeLagosV2,2,3,306,0.4608,0.5392,0.0196,0.0207
19,FakeLagosV2,2,4,408,0.4387,0.5611,0.0221,0.0219
19,FakeLagosV2,2,5,510,0.4431,0.5559,0.0044,0.0052
19,FakeLagosV2,2,6,612,0.4412,0.5577,0.002,0.0019
19,FakeLagosV2,2,7,714,0.4384,0.5608,0.0028,0.003
19,FakeLagosV2,2,8,816,0.4375,0.562,0.0009,0.0012
19,FakeLagosV2,2,9,918,0.4379,0.5617,0.0004,0.0003
19,FakeLagosV2,2,10,1024,0.4365,0.563,0.0014,0.0013
19,FakeLagosV2,3,1,102,0.4902,0.5081,1.0,1.0
19,FakeLagosV2,3,2,204,0.4363,0.5636,0.0539,0.0555
19,FakeLagosV2,3,3,306,0.4477,0.5523,0.0114,0.0113
19,FakeLagosV2,3,4,408,0.4412,0.5587,0.0065,0.0064
19,FakeLagosV2,3,5,510,0.4588,0.5409,0.0176,0.0177
19,FakeLagosV2,3,6,612,0.4559,0.5438,0.0029,0.0028
19,FakeLagosV2,3,7,714,0.4496,0.5501,0.0063,0.0064
19,FakeLagosV2,3,8,816,0.4375,0.5621,0.0121,0.0119
19,FakeLagosV2,3,9,918,0.4423,0.5574,0.0048,0.0047
19,FakeLagosV2,3,10,1024,0.4443,0.5554,0.0021,0.002
19,FakeLagosV2,4,1,102,0.4804,0.5184,1.0,1.0
19,FakeLagosV2,4,2,204,0.4755,0.5239,0.0049,0.0055
19,FakeLagosV2,4,3,306,0.4706,0.5293,0.0049,0.0054
19,FakeLagosV2,4,4,408,0.4534,0.5463,0.0172,0.017
19,FakeLagosV2,4,5,510,0.4451,0.5549,0.0083,0.0085
19,FakeLagosV2,4,6,612,0.4559,0.5441,0.0108,0.0108
19,FakeLagosV2,4,7,714,0.4552,0.5448,0.0007,0.0008
19,FakeLagosV2,4,8,816,0.4485,0.5514,0.0067,0.0066
19,FakeLagosV2,4,9,918,0.4477,0.5523,0.0008,0.0009
19,FakeLagosV2,4,10,1024,0.4414,0.5586,0.0063,0.0063
19,FakeLagosV2,5,1,102,0.4314,0.56,1.0,1.0
19,FakeLagosV2,5,2,204,0.4461,0.5421,0.0147,0.0179
19,FakeLagosV2,5,3,306,0.4412,0.5515,0.0049,0.0093
19,FakeLagosV2,5,4,408,0.4583,0.5363,0.0172,0.0152
19,FakeLagosV2,5,5,510,0.4569,0.5387,0.0015,0.0024
19,FakeLagosV2,5,6,612,0.4592,0.5362,0.0023,0.0025
19,FakeLagosV2,5,7,714,0.4524,0.5437,0.0068,0.0075
19,FakeLagosV2,5,8,816,0.4534,0.5435,0.0011,0.0002
19,FakeLagosV2,5,9,918,0.4521,0.5441,0.0014,0.0006
19,FakeLagosV2,5,10,1024,0.46,0.5359,0.0079,0.0082
19,FakeLagosV2,6,1,102,0.4706,0.525,1.0,1.0
19,FakeLagosV2,6,2,204,0.4314,0.5682,0.0392,0.0432
19,FakeLagosV2,6,3,306,0.4379,0.562,0.0065,0.0062
19,FakeLagosV2,6,4,408,0.424,0.5756,0.0139,0.0135
19,FakeLagosV2,6,5,510,0.4275,0.5718,0.0034,0.0037
19,FakeLagosV2,6,6,612,0.4232,0.5767,0.0042,0.0048
19,FakeLagosV2,6,7,714,0.444,0.5555,0.0208,0.0211
19,FakeLagosV2,6,8,816,0.4375,0.5619,0.0065,0.0063
19,FakeLagosV2,6,9,918,0.4434,0.5556,0.0059,0.0063
19,FakeLagosV2,6,10,1024,0.4326,0.5656,0.0107,0.01
19,FakeLagosV2,7,1,102,0.5294,0.4693,1.0,1.0
19,FakeLagosV2,7,2,204,0.4755,0.5231,0.0539,0.0539
19,FakeLagosV2,7,3,306,0.4837,0.5155,0.0082,0.0077
19,FakeLagosV2,7,4,408,0.473,0.5265,0.0106,0.011
19,FakeLagosV2,7,5,510,0.4725,0.5275,0.0005,0.001
19,FakeLagosV2,7,6,612,0.4722,0.5278,0.0003,0.0003
19,FakeLagosV2,7,7,714,0.4608,0.5392,0.0114,0.0114
19,FakeLagosV2,7,8,816,0.4424,0.5574,0.0184,0.0182
19,FakeLagosV2,7,9,918,0.4444,0.5554,0.002,0.002
19,FakeLagosV2,7,10,1024,0.4561,0.5439,0.0116,0.0115
19,FakeLagosV2,8,1,102,0.3529,0.6435,1.0,1.0
19,FakeLagosV2,8,2,204,0.3971,0.6026,0.0441,0.0409
19,FakeLagosV2,8,3,306,0.3922,0.6072,0.0049,0.0046
19,FakeLagosV2,8,4,408,0.4118,0.5856,0.0196,0.0216
19,FakeLagosV2,8,5,510,0.4157,0.581,0.0039,0.0046
19,FakeLagosV2,8,6,612,0.4265,0.5712,0.0108,0.0097
19,FakeLagosV2,8,7,714,0.437,0.5604,0.0105,0.0109
19,FakeLagosV2,8,8,816,0.4534,0.5435,0.0165,0.0168
19,FakeLagosV2,8,9,918,0.4477,0.55,0.0057,0.0065
19,FakeLagosV2,8,10,1024,0.4443,0.5526,0.0034,0.0026
19,FakeLagosV2,9,1,102,0.3922,0.6075,1.0,1.0
19,FakeLagosV2,9,2,204,0.4069,0.5931,0.0147,0.0145
19,FakeLagosV2,9,3,306,0.415,0.5849,0.0082,0.0082
19,FakeLagosV2,9,4,408,0.4436,0.5563,0.0286,0.0286
19,FakeLagosV2,9,5,510,0.4451,0.5547,0.0015,0.0016
19,FakeLagosV2,9,6,612,0.4559,0.544,0.0108,0.0108
19,FakeLagosV2,9,7,714,0.4622,0.5375,0.0063,0.0064
19,FakeLagosV2,9,8,816,0.4534,0.5464,0.0088,0.0088
19,FakeLagosV2,9,9,918,0.4564,0.5434,0.003,0.003
19,FakeLagosV2,9,10,1024,0.4541,0.5456,0.0023,0.0023
19,FakeLagosV2,10,1,102,0.4608,0.5338,1.0,1.0
19,FakeLagosV2,10,2,204,0.4461,0.5508,0.0147,0.017
19,FakeLagosV2,10,3,306,0.4477,0.5512,0.0016,0.0004
19,FakeLagosV2,10,4,408,0.4706,0.5289,0.0229,0.0223
19,FakeLagosV2,10,5,510,0.4471,0.5527,0.0235,0.0238
19,FakeLagosV2,10,6,612,0.4395,0.5601,0.0075,0.0074
19,FakeLagosV2,10,7,714,0.444,0.5555,0.0044,0.0046
19,FakeLagosV2,10,8,816,0.4522,0.5474,0.0082,0.0081
19,FakeLagosV2,10,9,918,0.4532,0.5461,0.001,0.0012
19,FakeLagosV2,10,10,1024,0.4473,0.5522,0.0059,0.0061
19,FakeLagosV2,11,1,102,0.4314,0.568,1.0,1.0
19,FakeLagosV2,11,2,204,0.4461,0.5539,0.0147,0.014
19,FakeLagosV2,11,3,306,0.4412,0.5586,0.0049,0.0047
19,FakeLagosV2,11,4,408,0.4338,0.5662,0.0074,0.0076
19,FakeLagosV2,11,5,510,0.451,0.549,0.0172,0.0172
19,FakeLagosV2,11,6,612,0.4444,0.5554,0.0065,0.0065
19,FakeLagosV2,11,7,714,0.451,0.5482,0.0065,0.0072
19,FakeLagosV2,11,8,816,0.4436,0.5552,0.0074,0.007
19,FakeLagosV2,11,9,918,0.4488,0.5502,0.0052,0.005
19,FakeLagosV2,11,10,1024,0.4473,0.5519,0.0015,0.0017
19,FakeLagosV2,12,1,102,0.451,0.5259,1.0,1.0
19,FakeLagosV2,12,2,204,0.4412,0.5461,0.0098,0.0202
19,FakeLagosV2,12,3,306,0.4444,0.5473,0.0033,0.0012
19,FakeLagosV2,12,4,408,0.451,0.5378,0.0065,0.0095
19,FakeLagosV2,12,5,510,0.449,0.5424,0.002,0.0046
19,FakeLagosV2,12,6,612,0.4477,0.5428,0.0013,0.0005
19,FakeLagosV2,12,7,714,0.4538,0.5375,0.0061,0.0054
19,FakeLagosV2,12,8,816,0.4534,0.54,0.0004,0.0025
19,FakeLagosV2,12,9,918,0.4586,0.5358,0.0052,0.0042
19,FakeLagosV2,12,10,1024,0.4531,0.5404,0.0055,0.0045
19,FakeLagosV2,13,1,102,0.5,0.5,1.0,1.0
19,FakeLagosV2,13,2,204,0.4853,0.5147,0.0147,0.0147
19,FakeLagosV2,13,3,306,0.4706,0.5284,0.0147,0.0137
19,FakeLagosV2,13,4,408,0.473,0.525,0.0025,0.0034
19,FakeLagosV2,13,5,510,0.4667,0.5322,0.0064,0.0072
19,FakeLagosV2,13,6,612,0.4592,0.5399,0.0075,0.0077
19,FakeLagosV2,13,7,714,0.4566,0.5431,0.0026,0.0032
19,FakeLagosV2,13,8,816,0.4547,0.5451,0.0019,0.002
19,FakeLagosV2,13,9,918,0.4586,0.5407,0.0039,0.0044
19,FakeLagosV2,13,10,1024,0.458,0.5411,0.0006,0.0004
19,FakeLagosV2,14,1,102,0.4706,0.5262,1.0,1.0
19,FakeLagosV2,14,2,204,0.4804,0.5148,0.0098,0.0115
19,FakeLagosV2,14,3,306,0.4837,0.5145,0.0033,0.0002
19,FakeLagosV2,14,4,408,0.4902,0.505,0.0065,0.0096
19,FakeLagosV2,14,5,510,0.4863,0.5106,0.0039,0.0056
19,FakeLagosV2,14,6,612,0.4967,0.5009,0.0105,0.0097
19,FakeLagosV2,14,7,714,0.4916,0.5066,0.0051,0.0057
19,FakeLagosV2,14,8,816,0.4939,0.5048,0.0023,0.0017
19,FakeLagosV2,14,9,918,0.4891,0.51,0.0048,0.0052
19,FakeLagosV2,14,10,1024,0.4775,0.521,0.0116,0.011
19,FakeLagosV2,15,1,102,0.451,0.5487,1.0,1.0
19,FakeLagosV2,15,2,204,0.4755,0.5245,0.0245,0.0243
19,FakeLagosV2,15,3,306,0.4706,0.5293,0.0049,0.0049
19,FakeLagosV2,15,4,408,0.4755,0.5244,0.0049,0.0049
19,FakeLagosV2,15,5,510,0.4706,0.5289,0.0049,0.0045
19,FakeLagosV2,15,6,612,0.482,0.5171,0.0114,0.0118
19,FakeLagosV2,15,7,714,0.4636,0.5352,0.0184,0.0181
19,FakeLagosV2,15,8,816,0.4706,0.5281,0.007,0.0071
19,FakeLagosV2,15,9,918,0.4586,0.5405,0.012,0.0124
19,FakeLagosV2,15,10,1024,0.457,0.5417,0.0016,0.0011
19,FakeLagosV2,16,1,102,0.4706,0.5288,1.0,1.0
19,FakeLagosV2,16,2,204,0.4706,0.5293,0.0,0.0006
19,FakeLagosV2,16,3,306,0.4739,0.5255,0.0033,0.0039
19,FakeLagosV2,16,4,408,0.4853,0.5135,0.0114,0.012
19,FakeLagosV2,16,5,510,0.4824,0.5159,0.0029,0.0024
19,FakeLagosV2,16,6,612,0.4722,0.5269,0.0101,0.011
19,FakeLagosV2,16,7,714,0.4734,0.5257,0.0012,0.0012
19,FakeLagosV2,16,8,816,0.473,0.5261,0.0004,0.0005
19,FakeLagosV2,16,9,918,0.4619,0.5373,0.0112,0.0111
19,FakeLagosV2,16,10,1024,0.4619,0.5371,0.0,0.0002
19,FakeLagosV2,17,1,102,0.4706,0.5225,1.0,1.0
19,FakeLagosV2,17,2,204,0.4216,0.5743,0.049,0.0518
19,FakeLagosV2,17,3,306,0.402,0.5933,0.0196,0.019
19,FakeLagosV2,17,4,408,0.4142,0.5826,0.0123,0.0107
19,FakeLagosV2,17,5,510,0.4235,0.5731,0.0093,0.0095
19,FakeLagosV2,17,6,612,0.4297,0.5682,0.0062,0.005
19,FakeLagosV2,17,7,714,0.4272,0.5714,0.0026,0.0032
19,FakeLagosV2,17,8,816,0.424,0.5746,0.0032,0.0033
19,FakeLagosV2,17,9,918,0.4205,0.578,0.0035,0.0034
19,FakeLagosV2,17,10,1024,0.4121,0.5857,0.0084,0.0077
19,FakeLagosV2,18,1,102,0.4804,0.5196,1.0,1.0
19,FakeLagosV2,18,2,204,0.4853,0.5146,0.0049,0.005
19,FakeLagosV2,18,3,306,0.4739,0.5261,0.0114,0.0115
19,FakeLagosV2,18,4,408,0.4755,0.524,0.0016,0.0022
19,FakeLagosV2,18,5,510,0.4667,0.5329,0.0088,0.0089
19,FakeLagosV2,18,6,612,0.4624,0.5375,0.0042,0.0046
19,FakeLagosV2,18,7,714,0.4594,0.5405,0.003,0.003
19,FakeLagosV2,18,8,816,0.4596,0.5404,0.0002,0.0001
19,FakeLagosV2,18,9,918,0.4586,0.5414,0.001,0.001
19,FakeLagosV2,18,10,1024,0.4609,0.5391,0.0023,0.0023
19,FakeLagosV2,19,1,102,0.5098,0.4884,1.0,1.0
19,FakeLagosV2,19,2,204,0.4804,0.5192,0.0294,0.0308
19,FakeLagosV2,19,3,306,0.4379,0.5621,0.0425,0.0429
19,FakeLagosV2,19,4,408,0.424,0.576,0.0139,0.0139
19,FakeLagosV2,19,5,510,0.4196,0.5802,0.0044,0.0042
19,FakeLagosV2,19,6,612,0.4183,0.5812,0.0013,0.0011
19,FakeLagosV2,19,7,714,0.4258,0.5739,0.0075,0.0074
19,FakeLagosV2,19,8,816,0.4228,0.5769,0.003,0.003
19,FakeLagosV2,19,9,918,0.4227,0.577,0.0001,0.0002
19,FakeLagosV2,19,10,1024,0.4297,0.5699,0.007,0.0072
20,FakeLagosV2,0,1,1000,0.021,0.9996,1.0,1.0
20,FakeLagosV2,0,2,2000,0.0045,1.0,0.0165,0.0004
20,FakeLagosV2,0,3,3000,0.003,1.0,0.0015,0.0
20,FakeLagosV2,0,4,4000,0.0005,1.0,0.0025,0.0
20,FakeLagosV2,0,5,5000,0.0042,1.0,0.0037,0.0
20,FakeLagosV2,0,6,6000,0.003,1.0,0.0012,0.0
20,FakeLagosV2,0,7,7000,0.0056,1.0,0.0026,0.0
20,FakeLagosV2,0,8,8000,0.0069,1.0,0.0013,0.0
20,FakeLagosV2,0,9,9000,0.0061,1.0,0.0008,0.0
20,FakeLagosV2,0,10,10000,0.0075,0.9999,0.0014,0.0
20,FakeLagosV2,1,1,1000,0.018,0.9997,1.0,1.0
20,FakeLagosV2,1,2,2000,0.0035,1.0,0.0145,0.0003
20,FakeLagosV2,1,3,3000,0.0007,1.0,0.0028,0.0
20,FakeLagosV2,1,4,4000,0.004,1.0,0.0033,0.0
20,FakeLagosV2,1,5,5000,0.0052,1.0,0.0012,0.0
20,FakeLagosV2,1,6,6000,0.001,1.0,0.0042,0.0
20,FakeLagosV2,1,7,7000,0.0029,1.0,0.0019,0.0
20,FakeLagosV2,1,8,8000,0.0056,1.0,0.0028,0.0
20,FakeLagosV2,1,9,9000,0.0058,1.0,0.0002,0.0
20,FakeLagosV2,1,10,10000,0.0056,1.0,0.0002,0.0
20,FakeLagosV2,2,1,1000,0.044,0.9981,1.0,1.0
20,FakeLagosV2,2,2,2000,0.023,0.9995,0.021,0.0014
20,FakeLagosV2,2,3,3000,0.0243,0.9994,0.0013,0.0001
20,FakeLagosV2,2,4,4000,0.023,0.9995,0.0013,0.0001
20,FakeLagosV2,2,5,5000,0.0192,0.9996,0.0038,0.0002
20,FakeLagosV2,2,6,6000,0.0222,0.9995,0.003,0.0001
20,FakeLagosV2,2,7,7000,0.0243,0.9994,0.0021,0.0001
20,FakeLagosV2,2,8,8000,0.0181,0.9997,0.0062,0.0003
20,FakeLagosV2,2,9,9000,0.0163,0.9997,0.0018,0.0001
20,FakeLagosV2,2,10,10000,0.0162,0.9997,0.0001,0.0
20,FakeLagosV2,3,1,1000,0.002,1.0,1.0,1.0
20,FakeLagosV2,3,2,2000,0.0025,1.0,0.0005,0.0
20,FakeLagosV2,3,3,3000,0.0053,1.0,0.0028,0.0
20,FakeLagosV2,3,4,4000,0.0082,0.9999,0.0029,0.0
20,FakeLagosV2,3,5,5000,0.0052,1.0,0.003,0.0
20,FakeLagosV2,3,6,6000,0.009,0.9999,0.0038,0.0001
20,FakeLagosV2,3,7,7000,0.0119,0.9999,0.0029,0.0001
20,FakeLagosV2,3,8,8000,0.0116,0.9999,0.0002,0.0
20,FakeLagosV2,3,9,9000,0.0081,0.9999,0.0035,0.0001
20,FakeLagosV2,3,10,10000,0.0084,0.9999,0.0003,0.0
20,FakeLagosV2,4,1,1000,0.014,0.9998,1.0,1.0
20,FakeLagosV2,4,2,2000,0.018,0.9997,0.004,0.0001
20,FakeLagosV2,4,3,3000,0.0207,0.9996,0.0027,0.0001
20,FakeLagosV2,4,4,4000,0.015,0.9998,0.0057,0.0002
20,FakeLagosV2,4,5,5000,0.0136,0.9998,0.0014,0.0
20,FakeLagosV2,4,6,6000,0.0115,0.9999,0.0021,0.0001
20,FakeLagosV2,4,7,7000,0.012,0.9999,0.0005,0.0
20,FakeLagosV2,4,8,8000,0.0101,0.9999,0.0019,0.0
20,FakeLagosV2,4,9,9000,0.0126,0.9998,0.0024,0.0001
20,FakeLagosV2,4,10,10000,0.0107,0.9999,0.0019,0.0
20,FakeLagosV2,5,1,1000,0.023,0.9995,1.0,1.0
20,FakeLagosV2,5,2,2000,0.022,0.9995,0.001,0.0
20,FakeLagosV2,5,3,3000,0.014,0.9998,0.008,0.0003
20,FakeLagosV2,5,4,4000,0.0175,0.9997,0.0035,0.0001
20,FakeLagosV2,5,5,5000,0.0208,0.9996,0.0033,0.0001
20,FakeLagosV2,5,6,6000,0.0183,0.9997,0.0025,0.0001
20,FakeLagosV2,5,7,7000,0.0176,0.9997,0.0008,0.0
20,FakeLagosV2,5,8,8000,0.0186,0.9997,0.0011,0.0
20,FakeLagosV2,5,9,9000,0.0173,0.9997,0.0013,0.0
20,FakeLagosV2,5,10,10000,0.0203,0.9996,0.003,0.0001
20,FakeLagosV2,6,1,1000,0.033,0.9989,1.0,1.0
20,FakeLagosV2,6,2,2000,0.0355,0.9987,0.0025,0.0002
20,FakeLagosV2,6,3,3000,0.0393,0.9985,0.0038,0.0003
20,FakeLagosV2,6,4,4000,0.033,0.9989,0.0063,0.0005
20,FakeLagosV2,6,5,5000,0.0308,0.9991,0.0022,0.0001
20,FakeLagosV2,6,6,6000,0.0307,0.9991,0.0001,0.0
20,FakeLagosV2,6,7,7000,0.0309,0.999,0.0002,0.0
20,FakeLagosV2,6,8,8000,0.0311,0.999,0.0003,0.0
20,FakeLagosV2,6,9,9000,0.0323,0.999,0.0012,0.0001
20,FakeLagosV2,6,10,10000,0.0329,0.9989,0.0006,0.0
20,FakeLagosV2,7,1,1000,0.02,0.9996,1.0,1.0
20,FakeLagosV2,7,2,2000,0.018,0.9997,0.002,0.0001
20,FakeLagosV2,7,3,3000,0.0283,0.9992,0.0103,0.0005
20,FakeLagosV2,7,4,4000,0.024,0.9994,0.0043,0.0002
20,FakeLagosV2,7,5,5000,0.02,0.9996,0.004,0.0002
20,FakeLagosV2,7,6,6000,0.0248,0.9994,0.0048,0.0002
20,FakeLagosV2,7,7,7000,0.0256,0.9993,0.0007,0.0
20,FakeLagosV2,7,8,8000,0.0234,0.9995,0.0022,0.0001
20,FakeLagosV2,7,9,9000,0.0238,0.9994,0.0004,0.0
20,FakeLagosV2,7,10,10000,0.0257,0.9993,0.0019,0.0001
20,FakeLagosV2,8,1,1000,0.022,0.9995,1.0,1.0
20,FakeLagosV2,8,2,2000,0.0135,0.9998,0.0085,0.0003
20,FakeLagosV2,8,3,3000,0.0207,0.9996,0.0072,0.0002
20,FakeLagosV2,8,4,4000,0.0162,0.9997,0.0044,0.0002
20,FakeLagosV2,8,5,5000,0.008,0.9999,0.0082,0.0002
20,FakeLagosV2,8,6,6000,0.0112,0.9999,0.0032,0.0001
20,FakeLagosV2,8,7,7000,0.0104,0.9999,0.0007,0.0
20,FakeLagosV2,8,8,8000,0.0111,0.9999,0.0007,0.0
20,FakeLagosV2,8,9,9000,0.0094,0.9999,0.0017,0.0
20,FakeLagosV2,8,10,10000,0.008,0.9999,0.0014,0.0
20,FakeLagosV2,9,1,1000,0.038,0.9986,1.0,1.0
20,FakeLagosV2,9,2,2000,0.0355,0.9987,0.0025,0.0002
20,FakeLagosV2,9,3,3000,0.0357,0.9987,0.0002,0.0
20,FakeLagosV2,9,4,4000,0.0328,0.9989,0.0029,0.0002
20,FakeLagosV2,9,5,5000,0.0346,0.9988,0.0019,0.0001
20,FakeLagosV2,9,6,6000,0.0322,0.999,0.0024,0.0002
20,FakeLagosV2,9,7,7000,0.0303,0.9991,0.0019,0.0001
20,FakeLagosV2,9,8,8000,0.03,0.9991,0.0003,0.0
20,FakeLagosV2,9,9,9000,0.0323,0.999,0.0023,0.0001
20,FakeLagosV2,9,10,10000,0.0344,0.9988,0.0021,0.0001
20,FakeLagosV2,10,1,1000,0.02,0.9996,1.0,1.0
20,FakeLagosV2,10,2,2000,0.0055,1.0,0.0145,0.0004
20,FakeLagosV2,10,3,3000,0.0043,1.0,0.0012,0.0
20,FakeLagosV2,10,4,4000,0.003,1.0,0.0013,0.0
20,FakeLagosV2,10,5,5000,0.0046,1.0,0.0016,0.0
20,FakeLagosV2,10,6,6000,0.0057,1.0,0.0011,0.0
20,FakeLagosV2,10,7,7000,0.0037,1.0,0.002,0.0
20,FakeLagosV2,10,8,8000,0.003,1.0,0.0007,0.0
20,FakeLagosV2,10,9,9000,0.0012,1.0,0.0018,0.0
20,FakeLagosV2,10,10,10000,0.001,1.0,0.0002,0.0
20,FakeLagosV2,11,1,1000,0.001,1.0,1.0,1.0
20,FakeLagosV2,11,2,2000,0.015,0.9998,0.014,0.0002
20,FakeLagosV2,11,3,3000,0.0163,0.9997,0.0013,0.0
20,FakeLagosV2,11,4,4000,0.018,0.9997,0.0017,0.0001
20,FakeLagosV2,11,5,5000,0.0168,0.9997,0.0012,0.0
20,FakeLagosV2,11,6,6000,0.0147,0.9998,0.0021,0.0001
20,FakeLagosV2,11,7,7000,0.0154,0.9998,0.0008,0.0
20,FakeLagosV2,11,8,8000,0.0126,0.9998,0.0028,0.0001
20,FakeLagosV2,11,9,9000,0.0154,0.9998,0.0028,0.0001
20,FakeLagosV2,11,10,10000,0.016,0.9997,0.0006,0.0
20,FakeLagosV2,12,1,1000,0.038,0.9986,1.0,1.0
20,FakeLagosV2,12,2,2000,0.0385,0.9985,0.0005,0.0
20,FakeLagosV2,12,3,3000,0.033,0.9989,0.0055,0.0004
20,FakeLagosV2,12,4,4000,0.0362,0.9987,0.0032,0.0002
20,FakeLagosV2,12,5,5000,0.033,0.9989,0.0032,0.0002
20,FakeLagosV2,12,6,6000,0.0345,0.9988,0.0015,0.0001
20,FakeLagosV2,12,7,7000,0.033,0.9989,0.0015,0.0001
20,FakeLagosV2,12,8,8000,0.0292,0.9991,0.0038,0.0002
20,FakeLagosV2,12,9,9000,0.0278,0.9992,0.0015,0.0001
20,FakeLagosV2,12,10,10000,0.0312,0.999,0.0034,0.0002
20,FakeLagosV2,13,1,1000,0.026,0.9993,1.0,1.0
20,FakeLagosV2,13,2,2000,0.009,0.9999,0.017,0.0006
20,FakeLagosV2,13,3,3000,0.0093,0.9999,0.0003,0.0
20,FakeLagosV2,13,4,4000,0.011,0.9999,0.0017,0.0
20,FakeLagosV2,13,5,5000,0.0148,0.9998,0.0038,0.0001
20,FakeLagosV2,13,6,6000,0.0117,0.9999,0.0031,0.0001
20,FakeLagosV2,13,7,7000,0.0103,0.9999,0.0014,0.0
20,FakeLagosV2,13,8,8000,0.0094,0.9999,0.0009,0.0
20,FakeLagosV2,13,9,9000,0.0089,0.9999,0.0005,0.0
20,FakeLagosV2,13,10,10000,0.0052,1.0,0.0037,0.0001
20,FakeLagosV2,14,1,1000,0.029,0.9992,1.0,1.0
20,FakeLagosV2,14,2,2000,0.035,0.9988,0.006,0.0004
20,FakeLagosV2,14,3,3000,0.0317,0.999,0.0033,0.0002
20,FakeLagosV2,14,4,4000,0.031,0.999,0.0007,0.0
20,FakeLagosV2,14,5,5000,0.0238,0.9994,0.0072,0.0004
20,FakeLagosV2,14,6,6000,0.0235,0.9994,0.0003,0.0
20,FakeLagosV2,14,7,7000,0.0223,0.9995,0.0012,0.0001
20,FakeLagosV2,14,8,8000,0.0211,0.9996,0.0012,0.0001
20,FakeLagosV2,14,9,9000,0.02,0.9996,0.0011,0.0
20,FakeLagosV2,14,10,10000,0.0215,0.9995,0.0015,0.0001
20,FakeLagosV2,15,1,1000,0.0,1.0,1.0,1.0
20,FakeLagosV2,15,2,2000,0.003,1.0,0.003,0.0
20,FakeLagosV2,15,3,3000,0.0107,0.9999,0.0077,0.0001
20,FakeLagosV2,15,4,4000,0.0093,0.9999,0.0014,0.0
20,FakeLagosV2,15,5,5000,0.0088,0.9999,0.0004,0.0
20,FakeLagosV2,15,6,6000,0.0067,1.0,0.0021,0.0
20,FakeLagosV2,15,7,7000,0.0117,0.9999,0.005,0.0001
20,FakeLagosV2,15,8,8000,0.0144,0.9998,0.0027,0.0001
20,FakeLagosV2,15,9,9000,0.0169,0.9997,0.0025,0.0001
20,FakeLagosV2,15,10,10000,0.0176,0.9997,0.0007,0.0
20,FakeLagosV2,16,1,1000,0.015,0.9998,1.0,1.0
20,FakeLagosV2,16,2,2000,0.0295,0.9991,0.0145,0.0006
20,FakeLagosV2,16,3,3000,0.0257,0.9993,0.0038,0.0002
20,FakeLagosV2,16,4,4000,0.0192,0.9996,0.0064,0.0003
20,FakeLagosV2,16,5,5000,0.0198,0.9996,0.0006,0.0
20,FakeLagosV2,16,6,6000,0.0178,0.9997,0.002,0.0001
20,FakeLagosV2,16,7,7000,0.0139,0.9998,0.004,0.0001
20,FakeLagosV2,16,8,8000,0.017,0.9997,0.0031,0.0001
20,FakeLagosV2,16,9,9000,0.0149,0.9998,0.0021,0.0001
20,FakeLagosV2,16,10,10000,0.0157,0.9998,0.0008,0.0
20,FakeLagosV2,17,1,1000,0.019,0.9996,1.0,1.0
20,FakeLagosV2,17,2,2000,0.0195,0.9996,0.0005,0.0
20,FakeLagosV2,17,3,3000,0.0137,0.9998,0.0058,0.0002
20,FakeLagosV2,17,4,4000,0.0118,0.9999,0.0019,0.0
20,FakeLagosV2,17,5,5000,0.0096,0.9999,0.0021,0.0
20,FakeLagosV2,17,6,6000,0.0092,0.9999,0.0004,0.0
20,FakeLagosV2,17,7,7000,0.0091,0.9999,0.0,0.0
20,FakeLagosV2,17,8,8000,0.0164,0.9997,0.0072,0.0002
20,FakeLagosV2,17,9,9000,0.0162,0.9997,0.0002,0.0
20,FakeLagosV2,17,10,10000,0.0146,0.9998,0.0016,0.0001
20,FakeLagosV2,18,1,1000,0.025,0.9994,1.0,1.0
20,FakeLagosV2,18,2,2000,0.016,0.9997,0.009,0.0004
20,FakeLagosV2,18,3,3000,0.0157,0.9998,0.0003,0.0
20,FakeLagosV2,18,4,4000,0.015,0.9998,0.0007,0.0
20,FakeLagosV2,18,5,5000,0.0138,0.9998,0.0012,0.0
20,FakeLagosV2,18,6,6000,0.0118,0.9999,0.002,0.0001
20,FakeLagosV2,18,7,7000,0.0071,0.9999,0.0047,0.0001
20,FakeLagosV2,18,8,8000,0.006,1.0,0.0011,0.0
20,FakeLagosV2,18,9,9000,0.0049,1.0,0.0011,0.0
20,FakeLagosV2,18,10,10000,0.0017,1.0,0.0032,0.0
20,FakeLagosV2,19,1,1000,0.003,1.0,1.0,1.0
20,FakeLagosV2,19,2,2000,0.008,0.9999,0.005,0.0001
20,FakeLagosV2,19,3,3000,0.017,0.9997,0.009,0.0002
20,FakeLagosV2,19,4,4000,0.0168,0.9997,0.0003,0.0
20,FakeLagosV2,19,5,5000,0.0124,0.9998,0.0044,0.0001
20,FakeLagosV2,19,6,6000,0.0092,0.9999,0.0032,0.0001
20,FakeLagosV2,19,7,7000,0.0094,0.9999,0.0003,0.0
20,FakeLagosV2,19,8,8000,0.0092,0.9999,0.0002,0.0
20,FakeLagosV2,19,9,9000,0.0104,0.9999,0.0012,0.0
20,FakeLagosV2,19,10,10000,0.0098,0.9999,0.0006,0.0
24,FakeLagosV2,0,1,102,0.4902,0.5309,1.0,1.0
24,FakeLagosV2,0,2,204,0.4118,0.6405,0.0784,0.1095
24,FakeLagosV2,0,3,306,0.3856,0.7065,0.0261,0.066
24,FakeLagosV2,0,4,408,0.3554,0.7252,0.0302,0.0187
24,FakeLagosV2,0,5,510,0.3392,0.7438,0.0162,0.0187
24,FakeLagosV2,0,6,612,0.3317,0.7404,0.0075,0.0034
24,FakeLagosV2,0,7,714,0.3193,0.7511,0.0124,0.0107
24,FakeLagosV2,0,8,816,0.315,0.7517,0.0044,0.0005
24,FakeLagosV2,0,9,918,0.3159,0.745,0.001,0.0067
24,FakeLagosV2,0,10,1024,0.3126,0.7481,0.0033,0.0032
24,FakeLagosV2,1,1,102,0.4706,0.5091,1.0,1.0
24,FakeLagosV2,1,2,204,0.4118,0.6192,0.0588,0.1101
24,FakeLagosV2,1,3,306,0.3987,0.6363,0.0131,0.0172
24,FakeLagosV2,1,4,408,0.3848,0.6557,0.0139,0.0194
24,FakeLagosV2,1,5,510,0.3843,0.6652,0.0005,0.0095
24,FakeLagosV2,1,6,612,0.3971,0.6531,0.0127,0.0122
24,FakeLagosV2,1,7,714,0.3824,0.6698,0.0147,0.0167
24,FakeLagosV2,1,8,816,0.3811,0.6757,0.0012,0.0059
24,FakeLagosV2,1,9,918,0.3758,0.6757,0.0053,0.0
24,FakeLagosV2,1,10,1024,0.3781,0.6778,0.0022,0.0021
24,FakeLagosV2,2,1,102,0.4118,0.595,1.0,1.0
24,FakeLagosV2,2,2,204,0.3676,0.6966,0.0441,0.1016
24,FakeLagosV2,2,3,306,0.3431,0.7219,0.0245,0.0252
24,FakeLagosV2,2,4,408,0.326,0.7262,0.0172,0.0044
24,FakeLagosV2,2,5,510,0.3176,0.743,0.0083,0.0167
24,FakeLagosV2,2,6,612,0.3137,0.7466,0.0039,0.0036
24,FakeLagosV2,2,7,714,0.3193,0.7471,0.0056,0.0005
24,FakeLagosV2,2,8,816,0.3076,0.7631,0.0117,0.016
24,FakeLagosV2,2,9,918,0.3105,0.7605,0.0029,0.0026
24,FakeLagosV2,2,10,1024,0.3028,0.7675,0.0077,0.007
24,FakeLagosV2,3,1,102,0.4902,0.4684,1.0,1.0
24,FakeLagosV2,3,2,204,0.451,0.5611,0.0392,0.0927
24,FakeLagosV2,3,3,306,0.402,0.6281,0.049,0.067
24,FakeLagosV2,3,4,408,0.4044,0.6238,0.0025,0.0043
24,FakeLagosV2,3,5,510,0.4118,0.6328,0.0074,0.0089
24,FakeLagosV2,3,6,612,0.4069,0.6426,0.0049,0.0098
24,FakeLagosV2,3,7,714,0.4048,0.6466,0.0021,0.0041
24,FakeLagosV2,3,8,816,0.3897,0.662,0.0151,0.0153
24,FakeLagosV2,3,9,918,0.3911,0.6595,0.0014,0.0024
24,FakeLagosV2,3,10,1024,0.3851,0.664,0.006,0.0044
24,FakeLagosV2,4,1,102,0.3922,0.5917,1.0,1.0
24,FakeLagosV2,4,2,204,0.3088,0.741,0.0833,0.1492
24,FakeLagosV2,4,3,306,0.2876,0.7984,0.0212,0.0574
24,FakeLagosV2,4,4,408,0.2966,0.7908,0.009,0.0076
24,FakeLagosV2,4,5,510,0.2922,0.7969,0.0044,0.006
24,FakeLagosV2,4,6,612,0.2925,0.7958,0.0003,0.0011
24,FakeLagosV2,4,7,714,0.2815,0.8115,0.011,0.0157
24,FakeLagosV2,4,8,816,0.2868,0.8092,0.0053,0.0023
24,FakeLagosV2,4,9,918,0.293,0.8048,0.0063,0.0044
24,FakeLagosV2,4,10,1024,0.2957,0.8023,0.0027,0.0025
24,FakeLagosV2,5,1,102,0.451,0.575,1.0,1.0
24,FakeLagosV2,5,2,204,0.3333,0.7405,0.1176,0.1655
24,FakeLagosV2,5,3,306,0.3333,0.7642,0.0,0.0237
24,FakeLagosV2,5,4,408,0.3162,0.7742,0.0172,0.01
24,FakeLagosV2,5,5,510,0.2902,0.7967,0.026,0.0224
24,FakeLagosV2,5,6,612,0.2794,0.8002,0.0108,0.0035
24,FakeLagosV2,5,7,714,0.2983,0.786,0.0189,0.0142
24,FakeLagosV2,5,8,816,0.3002,0.7881,0.0019,0.0021
24,FakeLagosV2,5,9,918,0.2996,0.7901,0.0007,0.002
24,FakeLagosV2,5,10,1024,0.2997,0.7923,0.0001,0.0021
24,FakeLagosV2,6,1,102,0.4216,0.5105,1.0,1.0
24,FakeLagosV2,6,2,204,0.3676,0.6759,0.0539,0.1654
24,FakeLagosV2,6,3,306,0.3595,0.703,0.0082,0.0271
24,FakeLagosV2,6,4,408,0.3554,0.7188,0.0041,0.0158
24,FakeLagosV2,6,5,510,0.3412,0.7344,0.0142,0.0156
24,FakeLagosV2,6,6,612,0.3382,0.7294,0.0029,0.0051
24,FakeLagosV2,6,7,714,0.3347,0.7346,0.0035,0.0052
24,FakeLagosV2,6,8,816,0.3407,0.729,0.006,0.0056
24,FakeLagosV2,6,9,918,0.3431,0.7238,0.0025,0.0053
24,FakeLagosV2,6,10,1024,0.3488,0.72,0.0056,0.0037
24,FakeLagosV2,7,1,102,0.4216,0.531,1.0,1.0
24,FakeLagosV2,7,2,204,0.3725,0.6177,0.049,0.0867
24,FakeLagosV2,7,3,306,0.3464,0.6828,0.0261,0.0651
24,FakeLagosV2,7,4,408,0.3578,0.6872,0.0114,0.0044
24,FakeLagosV2,7,5,510,0.3569,0.6857,0.001,0.0014
24,FakeLagosV2,7,6,612,0.3546,0.6934,0.0023,0.0077
24,FakeLagosV2,7,7,714,0.3571,0.7,0.0026,0.0066
24,FakeLagosV2,7,8,816,0.3578,0.6972,0.0007,0.0028
24,FakeLagosV2,7,9,918,0.3562,0.6914,0.0016,0.0058
24,FakeLagosV2,7,10,1024,0.3529,0.6892,0.0033,0.0023
24,FakeLagosV2,8,1,102,0.4118,0.5868,1.0,1.0
24,FakeLagosV2,8,2,204,0.3971,0.6516,0.0147,0.0648
24,FakeLagosV2,8,3,306,0.3824,0.6694,0.0147,0.0178
24,FakeLagosV2,8,4,408,0.3824,0.6823,0.0,0.0129
24,FakeLagosV2,8,5,510,0.3804,0.6854,0.002,0.0031
24,FakeLagosV2,8,6,612,0.3824,0.6826,0.002,0.0028
24,FakeLagosV2,8,7,714,0.3838,0.6916,0.0014,0.009
24,FakeLagosV2,8,8,816,0.3738,0.7035,0.01,0.0119
24,FakeLagosV2,8,9,918,0.3573,0.7165,0.0165,0.013
24,FakeLagosV2,8,10,1024,0.3595,0.712,0.0022,0.0046
24,FakeLagosV2,9,1,102,0.4216,0.5509,1.0,1.0
24,FakeLagosV2,9,2,204,0.3873,0.6421,0.0343,0.0911
24,FakeLagosV2,9,3,306,0.3497,0.7029,0.0376,0.0608
24,FakeLagosV2,9,4,408,0.3505,0.7146,0.0008,0.0117
24,FakeLagosV2,9,5,510,0.3451,0.7231,0.0054,0.0085
24,FakeLagosV2,9,6,612,0.3301,0.7388,0.015,0.0157
24,FakeLagosV2,9,7,714,0.3151,0.7567,0.0149,0.0178
24,FakeLagosV2,9,8,816,0.3248,0.7563,0.0096,0.0004
24,FakeLagosV2,9,9,918,0.3203,0.7632,0.0045,0.0068
24,FakeLagosV2,9,10,1024,0.3116,0.7702,0.0086,0.007
24,FakeLagosV2,10,1,102,0.4314,0.5271,1.0,1.0
24,FakeLagosV2,10,2,204,0.3725,0.6811,0.0588,0.154
24,FakeLagosV2,10,3,306,0.3529,0.7043,0.0196,0.0232
24,FakeLagosV2,10,4,408,0.3333,0.7153,0.0196,0.011
24,FakeLagosV2,10,5,510,0.3196,0.7346,0.0137,0.0194
24,FakeLagosV2,10,6,612,0.3088,0.7355,0.0108,0.0009
24,FakeLagosV2,10,7,714,0.2969,0.7489,0.0119,0.0134
24,FakeLagosV2,10,8,816,0.2966,0.756,0.0004,0.0071
24,FakeLagosV2,10,9,918,0.3083,0.7474,0.0117,0.0086
24,FakeLagosV2,10,10,1024,0.3066,0.7517,0.0017,0.0042
24,FakeLagosV2,11,1,102,0.4216,0.5385,1.0,1.0
24,FakeLagosV2,11,2,204,0.3627,0.6719,0.0588,0.1335
24,FakeLagosV2,11,3,306,0.3627,0.6842,0.0,0.0123
24,FakeLagosV2,11,4,408,0.3603,0.7012,0.0025,0.017
24,FakeLagosV2,11,5,510,0.3647,0.6967,0.0044,0.0045
24,FakeLagosV2,11,6,612,0.3595,0.6958,0.0052,0.0009
24,FakeLagosV2,11,7,714,0.3417,0.7065,0.0177,0.0107
24,FakeLagosV2,11,8,816,0.3419,0.7011,0.0002,0.0054
24,FakeLagosV2,11,9,918,0.3442,0.7016,0.0023,0.0006
24,FakeLagosV2,11,10,1024,0.339,0.7025,0.0052,0.0009
24,FakeLagosV2,12,1,102,0.3529,0.6136,1.0,1.0
24,FakeLagosV2,12,2,204,0.299,0.7477,0.0539,0.1341
24,FakeLagosV2,12,3,306,0.3039,0.7786,0.0049,0.0309
24,FakeLagosV2,12,4,408,0.2892,0.7955,0.0147,0.0169
24,FakeLagosV2,12,5,510,0.2745,0.8072,0.0147,0.0117
24,FakeLagosV2,12,6,612,0.2859,0.8014,0.0114,0.0058
24,FakeLagosV2,12,7,714,0.2787,0.8062,0.0072,0.0048
24,FakeLagosV2,12,8,816,0.2843,0.8084,0.0056,0.0022
24,FakeLagosV2,12,9,918,0.2876,0.8044,0.0033,0.0039
24,FakeLagosV2,12,10,1024,0.2852,0.8082,0.0024,0.0038
24,FakeLagosV2,13,1,102,0.4118,0.5951,1.0,1.0
24,FakeLagosV2,13,2,204,0.348,0.6994,0.0637,0.1043
24,FakeLagosV2,13,3,306,0.3595,0.7181,0.0114,0.0187
24,FakeLagosV2,13,4,408,0.3554,0.7333,0.0041,0.0152
24,FakeLagosV2,13,5,510,0.3608,0.7322,0.0054,0.0011
24,FakeLagosV2,13,6,612,0.3693,0.7285,0.0085,0.0038
24,FakeLagosV2,13,7,714,0.3557,0.7459,0.0135,0.0174
24,FakeLagosV2,13,8,816,0.348,0.7512,0.0077,0.0053
24,FakeLagosV2,13,9,918,0.3486,0.7448,0.0005,0.0064
24,FakeLagosV2,13,10,1024,0.3464,0.7507,0.0022,0.0059
24,FakeLagosV2,14,1,102,0.4902,0.4545,1.0,1.0
24,FakeLagosV2,14,2,204,0.4314,0.6112,0.0588,0.1567
24,FakeLagosV2,14,3,306,0.3987,0.6477,0.0327,0.0365
24,FakeLagosV2,14,4,408,0.3775,0.6791,0.0212,0.0314
24,FakeLagosV2,14,5,510,0.3667,0.6791,0.0108,0.0
24,FakeLagosV2,14,6,612,0.3611,0.6861,0.0056,0.007
24,FakeLagosV2,14,7,714,0.3585,0.688,0.0026,0.0019
24,FakeLagosV2,14,8,816,0.3615,0.6964,0.003,0.0084
24,FakeLagosV2,14,9,918,0.366,0.6909,0.0045,0.0056
24,FakeLagosV2,14,10,1024,0.3642,0.6983,0.0018,0.0074
24,FakeLagosV2,15,1,102,0.402,0.6104,1.0,1.0
24,FakeLagosV2,15,2,204,0.3529,0.729,0.049,0.1186
24,FakeLagosV2,15,3,306,0.3497,0.728,0.0033,0.0011
24,FakeLagosV2,15,4,408,0.3284,0.7644,0.0212,0.0364
24,FakeLagosV2,15,5,510,0.3275,0.7688,0.001,0.0045
24,FakeLagosV2,15,6,612,0.317,0.7759,0.0105,0.0071
24,FakeLagosV2,15,7,714,0.3067,0.7812,0.0103,0.0053
24,FakeLagosV2,15,8,816,0.2978,0.7885,0.0089,0.0074
24,FakeLagosV2,15,9,918,0.2974,0.79,0.0004,0.0015
24,FakeLagosV2,15,10,1024,0.2967,0.7872,0.0007,0.0028
24,FakeLagosV2,16,1,102,0.4118,0.5435,1.0,1.0
24,FakeLagosV2,16,2,204,0.3676,0.6403,0.0441,0.0968
24,FakeLagosV2,16,3,306,0.3333,0.7237,0.0343,0.0834
24,FakeLagosV2,16,4,408,0.3088,0.7392,0.0245,0.0155
24,FakeLagosV2,16,5,510,0.3118,0.7639,0.0029,0.0246
24,FakeLagosV2,16,6,612,0.3219,0.7604,0.0101,0.0034
24,FakeLagosV2,16,7,714,0.3305,0.7558,0.0086,0.0047
24,FakeLagosV2,16,8,816,0.3137,0.764,0.0168,0.0083
24,FakeLagosV2,16,9,918,0.3126,0.7668,0.0011,0.0028
24,FakeLagosV2,16,10,1024,0.3125,0.7669,0.0001,0.0
24,FakeLagosV2,17,1,102,0.4706,0.4929,1.0,1.0
24,FakeLagosV2,17,2,204,0.402,0.5965,0.0686,0.1036
24,FakeLagosV2,17,3,306,0.3889,0.6283,0.0131,0.0318
24,FakeLagosV2,17,4,408,0.402,0.6227,0.0131,0.0056
24,FakeLagosV2,17,5,510,0.4039,0.6257,0.002,0.003
24,FakeLagosV2,17,6,612,0.3938,0.6445,0.0101,0.0188
24,FakeLagosV2,17,7,714,0.3754,0.6624,0.0184,0.0179
24,FakeLagosV2,17,8,816,0.3713,0.6688,0.004,0.0064
24,FakeLagosV2,17,9,918,0.3693,0.6744,0.002,0.0056
24,FakeLagosV2,17,10,1024,0.3704,0.6713,0.0012,0.0031
24,FakeLagosV2,18,1,102,0.4314,0.5651,1.0,1.0
24,FakeLagosV2,18,2,204,0.402,0.6701,0.0294,0.1051
24,FakeLagosV2,18,3,306,0.3366,0.7425,0.0654,0.0723
24,FakeLagosV2,18,4,408,0.3039,0.7599,0.0327,0.0175
24,FakeLagosV2,18,5,510,0.3078,0.7574,0.0039,0.0025
24,FakeLagosV2,18,6,612,0.3056,0.7565,0.0023,0.001
24,FakeLagosV2,18,7,714,0.3165,0.7409,0.011,0.0156
24,FakeLagosV2,18,8,816,0.3211,0.7405,0.0046,0.0003
24,FakeLagosV2,18,9,918,0.3246,0.7445,0.0035,0.004
24,FakeLagosV2,18,10,1024,0.3232,0.7499,0.0014,0.0055
24,FakeLagosV2,19,1,102,0.3922,0.5815,1.0,1.0
24,FakeLagosV2,19,2,204,0.3578,0.6965,0.0343,0.1151
24,FakeLagosV2,19,3,306,0.3366,0.7133,0.0212,0.0168
24,FakeLagosV2,19,4,408,0.3407,0.7147,0.0041,0.0013
24,FakeLagosV2,19,5,510,0.3314,0.7252,0.0093,0.0105
24,FakeLagosV2,19,6,612,0.3154,0.7379,0.016,0.0127
24,FakeLagosV2,19,7,714,0.3263,0.7317,0.011,0.0062
24,FakeLagosV2,19,8,816,0.3309,0.7233,0.0046,0.0084
24,FakeLagosV2,19,9,918,0.3322,0.7163,0.0014,0.007
24,FakeLagosV2,19,10,1024,0.3272,0.7194,0.005,0.0031
25,FakeLagosV2,0,1,102,0.3824,0.7945,1.0,1.0
25,FakeLagosV2,0,2,204,0.3824,0.8017,0.0,0.0072
25,FakeLagosV2,0,3,306,0.3595,0.8258,0.0229,0.0241
25,FakeLagosV2,0,4,408,0.3431,0.836,0.0163,0.0102
25,FakeLagosV2,0,5,510,0.3255,0.8505,0.0176,0.0145
25,FakeLagosV2,0,6,612,0.3399,0.8404,0.0144,0.0101
25,FakeLagosV2,0,7,714,0.3249,0.8485,0.0149,0.0081
25,FakeLagosV2,0,8,816,0.3223,0.851,0.0026,0.0025
25,FakeLagosV2,0,9,918,0.317,0.8564,0.0053,0.0054
25,FakeLagosV2,0,10,1024,0.3147,0.8615,0.0023,0.0052
25,FakeLagosV2,1,1,102,0.1569,0.9226,1.0,1.0
25,FakeLagosV2,1,2,204,0.1765,0.9485,0.0196,0.0259
25,FakeLagosV2,1,3,306,0.2059,0.9397,0.0294,0.0088
25,FakeLagosV2,1,4,408,0.2059,0.9431,0.0,0.0033
25,FakeLagosV2,1,5,510,0.2098,0.9382,0.0039,0.0049
25,FakeLagosV2,1,6,612,0.2075,0.9431,0.0023,0.005
25,FakeLagosV2,1,7,714,0.2087,0.9411,0.0012,0.002
25,FakeLagosV2,1,8,816,0.2047,0.9432,0.004,0.0021
25,FakeLagosV2,1,9,918,0.1895,0.9484,0.0151,0.0052
25,FakeLagosV2,1,10,1024,0.1864,0.9482,0.0032,0.0002
25,FakeLagosV2,2,1,102,0.2941,0.8588,1.0,1.0
25,FakeLagosV2,2,2,204,0.3039,0.8698,0.0098,0.0109
25,FakeLagosV2,2,3,306,0.2876,0.868,0.0163,0.0017
25,FakeLagosV2,2,4,408,0.2647,0.891,0.0229,0.023
25,FakeLagosV2,2,5,510,0.2608,0.8954,0.0039,0.0043
25,FakeLagosV2,2,6,612,0.2582,0.8901,0.0026,0.0053
25,FakeLagosV2,2,7,714,0.2661,0.8846,0.0079,0.0054
25,FakeLagosV2,2,8,816,0.2745,0.8846,0.0084,0.0
25,FakeLagosV2,2,9,918,0.2778,0.8819,0.0033,0.0028
25,FakeLagosV2,2,10,1024,0.2693,0.885,0.0085,0.0032
25,FakeLagosV2,3,1,102,0.3039,0.871,1.0,1.0
25,FakeLagosV2,3,2,204,0.3137,0.8661,0.0098,0.0049
25,FakeLagosV2,3,3,306,0.3039,0.8727,0.0098,0.0066
25,FakeLagosV2,3,4,408,0.2819,0.8783,0.0221,0.0056
25,FakeLagosV2,3,5,510,0.2882,0.8773,0.0064,0.001
25,FakeLagosV2,3,6,612,0.2843,0.8789,0.0039,0.0016
25,FakeLagosV2,3,7,714,0.2885,0.8763,0.0042,0.0026
25,FakeLagosV2,3,8,816,0.2904,0.878,0.0019,0.0017
25,FakeLagosV2,3,9,918,0.2908,0.8758,0.0004,0.0022
25,FakeLagosV2,3,10,1024,0.2824,0.8816,0.0084,0.0058
25,FakeLagosV2,4,1,102,0.2451,0.9062,1.0,1.0
25,FakeLagosV2,4,2,204,0.25,0.9015,0.0049,0.0047
25,FakeLagosV2,4,3,306,0.2288,0.9319,0.0212,0.0305
25,FakeLagosV2,4,4,408,0.2157,0.9383,0.0131,0.0064
25,FakeLagosV2,4,5,510,0.2235,0.9363,0.0078,0.002
25,FakeLagosV2,4,6,612,0.2255,0.9357,0.002,0.0006
25,FakeLagosV2,4,7,714,0.2353,0.9311,0.0098,0.0046
25,FakeLagosV2,4,8,816,0.2341,0.9312,0.0012,0.0001
25,FakeLagosV2,4,9,918,0.2353,0.928,0.0012,0.0032
25,FakeLagosV2,4,10,1024,0.239,0.926,0.0037,0.002
25,FakeLagosV2,5,1,102,0.2157,0.9423,1.0,1.0
25,FakeLagosV2,5,2,204,0.2304,0.9412,0.0147,0.0011
25,FakeLagosV2,5,3,306,0.2124,0.9419,0.018,0.0007
25,FakeLagosV2,5,4,408,0.2034,0.9468,0.009,0.0049
25,FakeLagosV2,5,5,510,0.2,0.9482,0.0034,0.0014
25,FakeLagosV2,5,6,612,0.1863,0.9563,0.0137,0.0081
25,FakeLagosV2,5,7,714,0.1947,0.9521,0.0084,0.0042
25,FakeLagosV2,5,8,816,0.19,0.9522,0.0047,0.0001
25,FakeLagosV2,5,9,918,0.1885,0.9513,0.0015,0.0009
25,FakeLagosV2,5,10,1024,0.1871,0.9513,0.0013,0.0
25,FakeLagosV2,6,1,102,0.2843,0.8199,1.0,1.0
25,FakeLagosV2,6,2,204,0.2843,0.858,0.0,0.0381
25,FakeLagosV2,6,3,306,0.3007,0.8553,0.0163,0.0027
25,FakeLagosV2,6,4,408,0.299,0.8556,0.0016,0.0004
25,FakeLagosV2,6,5,510,0.2843,0.8586,0.0147,0.0029
25,FakeLagosV2,6,6,612,0.2794,0.8624,0.0049,0.0038
25,FakeLagosV2,6,7,714,0.2787,0.8627,0.0007,0.0003
25,FakeLagosV2,6,8,816,0.2745,0.8641,0.0042,0.0014
25,FakeLagosV2,6,9,918,0.2647,0.8701,0.0098,0.0061
25,FakeLagosV2,6,10,1024,0.2647,0.8694,0.0,0.0007
25,FakeLagosV2,7,1,102,0.3137,0.8706,1.0,1.0
25,FakeLagosV2,7,2,204,0.2892,0.8861,0.0245,0.0155
25,FakeLagosV2,7,3,306,0.2745,0.8883,0.0147,0.0022
25,FakeLagosV2,7,4,408,0.2745,0.8893,0.0,0.001
25,FakeLagosV2,7,5,510,0.2608,0.9036,0.0137,0.0143
25,FakeLagosV2,7,6,612,0.25,0.9124,0.0108,0.0088
25,FakeLagosV2,7,7,714,0.2577,0.9105,0.0077,0.0019
25,FakeLagosV2,7,8,816,0.2561,0.9119,0.0016,0.0015
25,FakeLagosV2,7,9,918,0.256,0.9081,0.0001,0.0038
25,FakeLagosV2,7,10,1024,0.2527,0.9108,0.0033,0.0027
25,FakeLagosV2,8,1,102,0.2353,0.9082,1.0,1.0
25,FakeLagosV2,8,2,204,0.2451,0.9047,0.0098,0.0035
25,FakeLagosV2,8,3,306,0.232,0.9054,0.0131,0.0008
25,FakeLagosV2,8,4,408,0.2181,0.9152,0.0139,0.0098
25,FakeLagosV2,8,5,510,0.2353,0.901,0.0172,0.0142
25,FakeLagosV2,8,6,612,0.2516,0.8933,0.0163,0.0077
25,FakeLagosV2,8,7,714,0.2563,0.8947,0.0047,0.0014
25,FakeLagosV2,8,8,816,0.2512,0.8965,0.0051,0.0017
25,FakeLagosV2,8,9,918,0.2462,0.8995,0.005,0.003
25,FakeLagosV2,8,10,1024,0.2345,0.9075,0.0117,0.0081
25,FakeLagosV2,9,1,102,0.1471,0.9591,1.0,1.0
25,FakeLagosV2,9,2,204,0.1765,0.9515,0.0294,0.0076
25,FakeLagosV2,9,3,306,0.1765,0.951,0.0,0.0005
25,FakeLagosV2,9,4,408,0.1544,0.9559,0.0221,0.0049
25,FakeLagosV2,9,5,510,0.1667,0.9528,0.0123,0.0031
25,FakeLagosV2,9,6,612,0.1683,0.9539,0.0016,0.0011
25,FakeLagosV2,9,7,714,0.1639,0.9556,0.0044,0.0017
25,FakeLagosV2,9,8,816,0.163,0.9535,0.0009,0.0021
25,FakeLagosV2,9,9,918,0.1678,0.9496,0.0048,0.0039
25,FakeLagosV2,9,10,1024,0.1623,0.9511,0.0054,0.0015
25,FakeLagosV2,10,1,102,0.2157,0.922,1.0,1.0
25,FakeLagosV2,10,2,204,0.2108,0.9041,0.0049,0.0178
25,FakeLagosV2,10,3,306,0.2157,0.905,0.0049,0.0009
25,FakeLagosV2,10,4,408,0.2206,0.9044,0.0049,0.0006
25,FakeLagosV2,10,5,510,0.2235,0.9024,0.0029,0.002
25,FakeLagosV2,10,6,612,0.2173,0.9041,0.0062,0.0017
25,FakeLagosV2,10,7,714,0.2129,0.9041,0.0044,0.0001
25,FakeLagosV2,10,8,816,0.2022,0.9129,0.0107,0.0089
25,FakeLagosV2,10,9,918,0.1993,0.9138,0.0029,0.0009
25,FakeLagosV2,10,10,1024,0.1953,0.916,0.004,0.0022
25,FakeLagosV2,11,1,102,0.2647,0.8309,1.0,1.0
25,FakeLagosV2,11,2,204,0.2304,0.9205,0.0343,0.0895
25,FakeLagosV2,11,3,306,0.1993,0.9411,0.031,0.0206
25,FakeLagosV2,11,4,408,0.2255,0.9315,0.0261,0.0096
25,FakeLagosV2,11,5,510,0.2294,0.9282,0.0039,0.0033
25,FakeLagosV2,11,6,612,0.2255,0.9266,0.0039,0.0016
25,FakeLagosV2,11,7,714,0.2185,0.9326,0.007,0.0061
25,FakeLagosV2,11,8,816,0.223,0.9293,0.0046,0.0034
25,FakeLagosV2,11,9,918,0.2179,0.933,0.0052,0.0037
25,FakeLagosV2,11,10,1024,0.2171,0.9341,0.0007,0.0011
25,FakeLagosV2,12,1,102,0.2647,0.9113,1.0,1.0
25,FakeLagosV2,12,2,204,0.2451,0.9191,0.0196,0.0079
25,FakeLagosV2,12,3,306,0.2222,0.9354,0.0229,0.0162
25,FakeLagosV2,12,4,408,0.2279,0.9346,0.0057,0.0007
25,FakeLagosV2,12,5,510,0.2314,0.9295,0.0034,0.0051
25,FakeLagosV2,12,6,612,0.2255,0.9336,0.0059,0.0041
25,FakeLagosV2,12,7,714,0.2311,0.9287,0.0056,0.0049
25,FakeLagosV2,12,8,816,0.2316,0.9268,0.0005,0.0019
25,FakeLagosV2,12,9,918,0.2331,0.9255,0.0015,0.0013
25,FakeLagosV2,12,10,1024,0.2381,0.9232,0.005,0.0023
25,FakeLagosV2,13,1,102,0.2353,0.9104,1.0,1.0
25,FakeLagosV2,13,2,204,0.2157,0.925,0.0196,0.0146
25,FakeLagosV2,13,3,306,0.2418,0.9216,0.0261,0.0035
25,FakeLagosV2,13,4,408,0.2426,0.9172,0.0008,0.0044
25,FakeLagosV2,13,5,510,0.2431,0.917,0.0005,0.0002
25,FakeLagosV2,13,6,612,0.2484,0.9165,0.0052,0.0005
25,FakeLagosV2,13,7,714,0.2507,0.9191,0.0023,0.0026
25,FakeLagosV2,13,8,816,0.2537,0.9187,0.003,0.0004
25,FakeLagosV2,13,9,918,0.2364,0.9268,0.0173,0.0081
25,FakeLagosV2,13,10,1024,0.2338,0.9276,0.0026,0.0008
25,FakeLagosV2,14,1,102,0.2059,0.8924,1.0,1.0
25,FakeLagosV2,14,2,204,0.2059,0.9062,0.0,0.0138
25,FakeLagosV2,14,3,306,0.1928,0.9163,0.0131,0.0101
25,FakeLagosV2,14,4,408,0.201,0.9102,0.0082,0.0061
25,FakeLagosV2,14,5,510,0.2098,0.9063,0.0088,0.0039
25,FakeLagosV2,14,6,612,0.2157,0.8964,0.0059,0.0099
25,FakeLagosV2,14,7,714,0.2143,0.9006,0.0014,0.0041
25,FakeLagosV2,14,8,816,0.212,0.8989,0.0023,0.0016
25,FakeLagosV2,14,9,918,0.2004,0.9046,0.0116,0.0057
25,FakeLagosV2,14,10,1024,0.1983,0.9042,0.0022,0.0004
25,FakeLagosV2,15,1,102,0.3529,0.8302,1.0,1.0
25,FakeLagosV2,15,2,204,0.2353,0.9074,0.1176,0.0771
25,FakeLagosV2,15,3,306,0.2353,0.9074,0.0,0.0
25,FakeLagosV2,15,4,408,0.2304,0.9157,0.0049,0.0084
25,FakeLagosV2,15,5,510,0.2353,0.9119,0.0049,0.0038
25,FakeLagosV2,15,6,612,0.2288,0.9126,0.0065,0.0006
25,FakeLagosV2,15,7,714,0.2143,0.9182,0.0145,0.0057
25,FakeLagosV2,15,8,816,0.2132,0.9208,0.0011,0.0026
25,FakeLagosV2,15,9,918,0.2113,0.9236,0.0019,0.0028
25,FakeLagosV2,15,10,1024,0.2235,0.9184,0.0122,0.0052
25,FakeLagosV2,16,1,102,0.2745,0.8935,1.0,1.0
25,FakeLagosV2,16,2,204,0.2892,0.8909,0.0147,0.0026
25,FakeLagosV2,16,3,306,0.2516,0.9148,0.0376,0.0239
25,FakeLagosV2,16,4,408,0.2377,0.9187,0.0139,0.004
25,FakeLagosV2,16,5,510,0.2353,0.9229,0.0025,0.0041
25,FakeLagosV2,16,6,612,0.2369,0.9274,0.0016,0.0045
25,FakeLagosV2,16,7,714,0.2255,0.9305,0.0114,0.003
25,FakeLagosV2,16,8,816,0.2206,0.9342,0.0049,0.0037
25,FakeLagosV2,16,9,918,0.2135,0.9374,0.0071,0.0032
25,FakeLagosV2,16,10,1024,0.2244,0.9338,0.0109,0.0036
25,FakeLagosV2,17,1,102,0.1961,0.912,1.0,1.0
25,FakeLagosV2,17,2,204,0.1863,0.9479,0.0098,0.0359
25,FakeLagosV2,17,3,306,0.1634,0.9622,0.0229,0.0143
25,FakeLagosV2,17,4,408,0.1618,0.959,0.0016,0.0032
25,FakeLagosV2,17,5,510,0.1627,0.9616,0.001,0.0026
25,FakeLagosV2,17,6,612,0.1618,0.9614,0.001,0.0003
25,FakeLagosV2,17,7,714,0.1639,0.961,0.0021,0.0003
25,FakeLagosV2,17,8,816,0.1654,0.96,0.0016,0.001
25,FakeLagosV2,17,9,918,0.1656,0.9607,0.0001,0.0007
25,FakeLagosV2,17,10,1024,0.1672,0.9582,0.0016,0.0025
25,FakeLagosV2,18,1,102,0.2255,0.8962,1.0,1.0
25,FakeLagosV2,18,2,204,0.1716,0.9322,0.0539,0.036
25,FakeLagosV2,18,3,306,0.1928,0.9205,0.0212,0.0117
25,FakeLagosV2,18,4,408,0.2034,0.922,0.0106,0.0015
25,FakeLagosV2,18,5,510,0.1902,0.9291,0.0132,0.0071
25,FakeLagosV2,18,6,612,0.1928,0.9307,0.0026,0.0016
25,FakeLagosV2,18,7,714,0.2003,0.9262,0.0075,0.0045
25,FakeLagosV2,18,8,816,0.2071,0.925,0.0068,0.0012
25,FakeLagosV2,18,9,918,0.2146,0.9196,0.0075,0.0055
25,FakeLagosV2,18,10,1024,0.2084,0.9222,0.0062,0.0026
25,FakeLagosV2,19,1,102,0.2745,0.8646,1.0,1.0
25,FakeLagosV2,19,2,204,0.2843,0.8807,0.0098,0.0161
25,FakeLagosV2,19,3,306,0.2516,0.8976,0.0327,0.0169
25,FakeLagosV2,19,4,408,0.2402,0.905,0.0114,0.0074
25,FakeLagosV2,19,5,510,0.2412,0.9023,0.001,0.0027
25,FakeLagosV2,19,6,612,0.2288,0.9073,0.0124,0.005
25,FakeLagosV2,19,7,714,0.2283,0.9029,0.0005,0.0044
25,FakeLagosV2,19,8,816,0.2304,0.9044,0.0021,0.0015
25,FakeLagosV2,19,9,918,0.2298,0.9041,0.0005,0.0004
25,FakeLagosV2,19,10,1024,0.2284,0.9035,0.0014,0.0006
