idx,backend,seed,checkpoint,shots,tvd,hf,d_tvd,d_hf
1,FakeManilaV2,0,1,2457,0.0602,0.9397,1.0,1.0
1,FakeManilaV2,0,2,4914,0.0625,0.9374,0.0022,0.0023
1,FakeManilaV2,0,3,7371,0.0628,0.9369,0.0003,0.0005
1,FakeManilaV2,0,4,9828,0.0608,0.9389,0.002,0.002
1,FakeManilaV2,0,5,12285,0.0611,0.9386,0.0003,0.0003
1,FakeManilaV2,0,6,14742,0.0622,0.9375,0.0011,0.0011
1,FakeManilaV2,0,7,17199,0.0627,0.937,0.0005,0.0005
1,FakeManilaV2,0,8,19656,0.0628,0.9369,0.0001,0.0002
1,FakeManilaV2,0,9,22113,0.0626,0.937,0.0001,0.0002
1,FakeManilaV2,0,10,24576,0.0634,0.9363,0.0007,0.0007
1,FakeManilaV2,1,1,2457,0.0696,0.9303,1.0,1.0
1,FakeManilaV2,1,2,4914,0.0615,0.9385,0.0081,0.0082
1,FakeManilaV2,1,3,7371,0.0609,0.9391,0.0005,0.0006
1,FakeManilaV2,1,4,9828,0.0638,0.9362,0.0029,0.0029
1,FakeManilaV2,1,5,12285,0.0614,0.9386,0.0024,0.0024
1,FakeManilaV2,1,6,14742,0.0608,0.9391,0.0005,0.0005
1,FakeManilaV2,1,7,17199,0.0604,0.9396,0.0004,0.0004
1,FakeManilaV2,1,8,19656,0.0601,0.9399,0.0003,0.0003
1,FakeManilaV2,1,9,22113,0.06,0.94,0.0001,0.0001
1,FakeManilaV2,1,10,24576,0.0608,0.9392,0.0008,0.0008
1,FakeManilaV2,2,1,2457,0.0598,0.9402,1.0,1.0
1,FakeManilaV2,2,2,4914,0.0637,0.9362,0.0039,0.004
1,FakeManilaV2,2,3,7371,0.0629,0.937,0.0007,0.0008
1,FakeManilaV2,2,4,9828,0.0601,0.9398,0.0028,0.0029
1,FakeManilaV2,2,5,12285,0.0588,0.9412,0.0014,0.0014
1,FakeManilaV2,2,6,14742,0.0596,0.9403,0.0009,0.0009
1,FakeManilaV2,2,7,17199,0.0604,0.9396,0.0007,0.0007
1,FakeManilaV2,2,8,19656,0.0599,0.9401,0.0005,0.0005
1,FakeManilaV2,2,9,22113,0.0602,0.9397,0.0004,0.0004
1,FakeManilaV2,2,10,24576,0.0609,0.9391,0.0007,0.0007
1,FakeManilaV2,3,1,2457,0.0582,0.9418,1.0,1.0
1,FakeManilaV2,3,2,4914,0.0554,0.9446,0.0028,0.0028
1,FakeManilaV2,3,3,7371,0.0566,0.9434,0.0012,0.0012
1,FakeManilaV2,3,4,9828,0.0568,0.9432,0.0002,0.0002
1,FakeManilaV2,3,5,12285,0.0586,0.9414,0.0018,0.0018
1,FakeManilaV2,3,6,14742,0.0579,0.9421,0.0007,0.0007
1,FakeManilaV2,3,7,17199,0.0583,0.9417,0.0004,0.0004
1,FakeManilaV2,3,8,19656,0.0589,0.9411,0.0007,0.0007
1,FakeManilaV2,3,9,22113,0.0596,0.9404,0.0007,0.0007
1,FakeManilaV2,3,10,24576,0.0606,0.9394,0.0009,0.0009
1,FakeManilaV2,4,1,2457,0.0505,0.9495,1.0,1.0
1,FakeManilaV2,4,2,4914,0.0499,0.9501,0.0006,0.0006
1,FakeManilaV2,4,3,7371,0.054,0.946,0.0041,0.0041
1,FakeManilaV2,4,4,9828,0.0567,0.9433,0.0027,0.0027
1,FakeManilaV2,4,5,12285,0.0568,0.9432,0.0001,0.0002
1,FakeManilaV2,4,6,14742,0.0575,0.9425,0.0007,0.0007
1,FakeManilaV2,4,7,17199,0.057,0.9429,0.0005,0.0005
1,FakeManilaV2,4,8,19656,0.0573,0.9427,0.0002,0.0002
1,FakeManilaV2,4,9,22113,0.0578,0.9422,0.0005,0.0005
1,FakeManilaV2,4,10,24576,0.0584,0.9416,0.0006,0.0006
1,FakeManilaV2,5,1,2457,0.0635,0.9365,1.0,1.0
1,FakeManilaV2,5,2,4914,0.0625,0.9375,0.001,0.001
1,FakeManilaV2,5,3,7371,0.0605,0.9394,0.002,0.0019
1,FakeManilaV2,5,4,9828,0.0578,0.9421,0.0027,0.0027
1,FakeManilaV2,5,5,12285,0.0593,0.9406,0.0015,0.0015
1,FakeManilaV2,5,6,14742,0.0582,0.9418,0.0011,0.0012
1,FakeManilaV2,5,7,17199,0.0574,0.9426,0.0008,0.0008
1,FakeManilaV2,5,8,19656,0.0584,0.9416,0.001,0.001
1,FakeManilaV2,5,9,22113,0.0593,0.9407,0.0009,0.0009
1,FakeManilaV2,5,10,24576,0.0594,0.9406,0.0001,0.0001
1,FakeManilaV2,6,1,2457,0.0582,0.9418,1.0,1.0
1,FakeManilaV2,6,2,4914,0.0596,0.9403,0.0014,0.0015
1,FakeManilaV2,6,3,7371,0.0606,0.9393,0.001,0.001
1,FakeManilaV2,6,4,9828,0.0623,0.9376,0.0016,0.0017
1,FakeManilaV2,6,5,12285,0.0624,0.9375,0.0002,0.0002
1,FakeManilaV2,6,6,14742,0.0628,0.9371,0.0004,0.0004
1,FakeManilaV2,6,7,17199,0.0626,0.9374,0.0003,0.0003
1,FakeManilaV2,6,8,19656,0.0633,0.9366,0.0007,0.0007
1,FakeManilaV2,6,9,22113,0.0623,0.9376,0.001,0.001
1,FakeManilaV2,6,10,24576,0.0622,0.9377,0.0001,0.0001
1,FakeManilaV2,7,1,2457,0.0667,0.9332,1.0,1.0
1,FakeManilaV2,7,2,4914,0.0657,0.9342,0.001,0.001
1,FakeManilaV2,7,3,7371,0.064,0.936,0.0017,0.0017
1,FakeManilaV2,7,4,9828,0.0621,0.9379,0.002,0.002
1,FakeManilaV2,7,5,12285,0.062,0.938,0.0,0.0
1,FakeManilaV2,7,6,14742,0.0621,0.9379,0.0,0.0
1,FakeManilaV2,7,7,17199,0.0629,0.9371,0.0008,0.0008
1,FakeManilaV2,7,8,19656,0.0615,0.9385,0.0014,0.0014
1,FakeManilaV2,7,9,22113,0.0608,0.9392,0.0006,0.0006
1,FakeManilaV2,7,10,24576,0.0613,0.9387,0.0005,0.0005
1,FakeManilaV2,8,1,2457,0.0521,0.9477,1.0,1.0
1,FakeManilaV2,8,2,4914,0.0547,0.9452,0.0026,0.0025
1,FakeManilaV2,8,3,7371,0.0566,0.9434,0.0018,0.0018
1,FakeManilaV2,8,4,9828,0.0562,0.9438,0.0004,0.0004
1,FakeManilaV2,8,5,12285,0.0579,0.9421,0.0017,0.0017
1,FakeManilaV2,8,6,14742,0.0595,0.9404,0.0016,0.0016
1,FakeManilaV2,8,7,17199,0.0598,0.9401,0.0003,0.0003
1,FakeManilaV2,8,8,19656,0.0589,0.941,0.0009,0.0009
1,FakeManilaV2,8,9,22113,0.0595,0.9404,0.0006,0.0006
1,FakeManilaV2,8,10,24576,0.0594,0.9405,0.0001,0.0001
1,FakeManilaV2,9,1,2457,0.0724,0.9274,1.0,1.0
1,FakeManilaV2,9,2,4914,0.0696,0.93,0.0028,0.0027
1,FakeManilaV2,9,3,7371,0.0661,0.9337,0.0035,0.0037
1,FakeManilaV2,9,4,9828,0.0646,0.9352,0.0015,0.0015
1,FakeManilaV2,9,5,12285,0.0633,0.9365,0.0013,0.0012
1,FakeManilaV2,9,6,14742,0.0639,0.9359,0.0006,0.0005
1,FakeManilaV2,9,7,17199,0.063,0.9369,0.0009,0.0009
1,FakeManilaV2,9,8,19656,0.0649,0.9349,0.0019,0.002
1,FakeManilaV2,9,9,22113,0.0646,0.9352,0.0003,0.0003
1,FakeManilaV2,9,10,24576,0.0643,0.9355,0.0002,0.0003
1,FakeManilaV2,10,1,2457,0.0643,0.9356,1.0,1.0
1,FakeManilaV2,10,2,4914,0.0606,0.9393,0.0037,0.0036
1,FakeManilaV2,10,3,7371,0.0592,0.9406,0.0015,0.0013
1,FakeManilaV2,10,4,9828,0.0584,0.9415,0.0007,0.0009
1,FakeManilaV2,10,5,12285,0.058,0.9419,0.0004,0.0004
1,FakeManilaV2,10,6,14742,0.0592,0.9408,0.0012,0.0011
1,FakeManilaV2,10,7,17199,0.0587,0.9412,0.0004,0.0004
1,FakeManilaV2,10,8,19656,0.0596,0.9403,0.0009,0.0009
1,FakeManilaV2,10,9,22113,0.0606,0.9393,0.0009,0.001
1,FakeManilaV2,10,10,24576,0.0603,0.9396,0.0002,0.0002
1,FakeManilaV2,11,1,2457,0.0639,0.9356,1.0,1.0
1,FakeManilaV2,11,2,4914,0.0639,0.936,0.0,0.0004
1,FakeManilaV2,11,3,7371,0.064,0.9359,0.0001,0.0001
1,FakeManilaV2,11,4,9828,0.0641,0.9359,0.0001,0.0
1,FakeManilaV2,11,5,12285,0.0625,0.9375,0.0016,0.0016
1,FakeManilaV2,11,6,14742,0.0611,0.9389,0.0015,0.0015
1,FakeManilaV2,11,7,17199,0.062,0.9379,0.001,0.001
1,FakeManilaV2,11,8,19656,0.0626,0.9374,0.0005,0.0005
1,FakeManilaV2,11,9,22113,0.0636,0.9364,0.0011,0.001
1,FakeManilaV2,11,10,24576,0.0635,0.9365,0.0001,0.0001
1,FakeManilaV2,12,1,2457,0.0615,0.9384,1.0,1.0
1,FakeManilaV2,12,2,4914,0.0611,0.9388,0.0004,0.0004
1,FakeManilaV2,12,3,7371,0.06,0.94,0.0011,0.0012
1,FakeManilaV2,12,4,9828,0.062,0.938,0.002,0.002
1,FakeManilaV2,12,5,12285,0.0621,0.9379,0.0001,0.0002
1,FakeManilaV2,12,6,14742,0.0615,0.9385,0.0006,0.0006
1,FakeManilaV2,12,7,17199,0.0615,0.9384,0.0,0.0
1,FakeManilaV2,12,8,19656,0.0612,0.9388,0.0004,0.0003
1,FakeManilaV2,12,9,22113,0.0606,0.9394,0.0006,0.0006
1,FakeManilaV2,12,10,24576,0.0608,0.9392,0.0002,0.0002
1,FakeManilaV2,13,1,2457,0.0692,0.9306,1.0,1.0
1,FakeManilaV2,13,2,4914,0.0629,0.9369,0.0063,0.0063
1,FakeManilaV2,13,3,7371,0.0628,0.9371,0.0001,0.0002
1,FakeManilaV2,13,4,9828,0.063,0.937,0.0002,0.0001
1,FakeManilaV2,13,5,12285,0.062,0.938,0.001,0.001
1,FakeManilaV2,13,6,14742,0.0615,0.9385,0.0006,0.0006
1,FakeManilaV2,13,7,17199,0.061,0.939,0.0005,0.0005
1,FakeManilaV2,13,8,19656,0.0605,0.9395,0.0005,0.0005
1,FakeManilaV2,13,9,22113,0.0606,0.9394,0.0001,0.0001
1,FakeManilaV2,13,10,24576,0.0605,0.9395,0.0001,0.0001
1,FakeManilaV2,14,1,2457,0.057,0.9441,1.0,1.0
1,FakeManilaV2,14,2,4914,0.0566,0.9434,0.0004,0.0007
1,FakeManilaV2,14,3,7371,0.057,0.943,0.0004,0.0004
1,FakeManilaV2,14,4,9828,0.0568,0.9432,0.0002,0.0002
1,FakeManilaV2,14,5,12285,0.0563,0.9437,0.0004,0.0004
1,FakeManilaV2,14,6,14742,0.0566,0.9434,0.0002,0.0002
1,FakeManilaV2,14,7,17199,0.0574,0.9426,0.0009,0.0009
1,FakeManilaV2,14,8,19656,0.0584,0.9416,0.001,0.001
1,FakeManilaV2,14,9,22113,0.0581,0.9419,0.0003,0.0003
1,FakeManilaV2,14,10,24576,0.0579,0.9421,0.0002,0.0002
1,FakeManilaV2,15,1,2457,0.0574,0.9426,1.0,1.0
1,FakeManilaV2,15,2,4914,0.0613,0.9386,0.0039,0.004
1,FakeManilaV2,15,3,7371,0.0582,0.9418,0.0031,0.0032
1,FakeManilaV2,15,4,9828,0.0587,0.9413,0.0005,0.0005
1,FakeManilaV2,15,5,12285,0.0593,0.9406,0.0006,0.0006
1,FakeManilaV2,15,6,14742,0.0602,0.9397,0.0009,0.0009
1,FakeManilaV2,15,7,17199,0.0595,0.9405,0.0008,0.0008
1,FakeManilaV2,15,8,19656,0.0601,0.9398,0.0007,0.0006
1,FakeManilaV2,15,9,22113,0.0608,0.9392,0.0006,0.0006
1,FakeManilaV2,15,10,24576,0.0599,0.9401,0.0008,0.0008
1,FakeManilaV2,16,1,2457,0.0651,0.9348,1.0,1.0
1,FakeManilaV2,16,2,4914,0.0629,0.9371,0.0022,0.0023
1,FakeManilaV2,16,3,7371,0.0616,0.9384,0.0013,0.0013
1,FakeManilaV2,16,4,9828,0.0599,0.94,0.0017,0.0016
1,FakeManilaV2,16,5,12285,0.0611,0.9389,0.0012,0.0012
1,FakeManilaV2,16,6,14742,0.0604,0.9395,0.0007,0.0007
1,FakeManilaV2,16,7,17199,0.0605,0.9395,0.0,0.0
1,FakeManilaV2,16,8,19656,0.0608,0.9392,0.0003,0.0003
1,FakeManilaV2,16,9,22113,0.0615,0.9385,0.0007,0.0007
1,FakeManilaV2,16,10,24576,0.0615,0.9385,0.0,0.0
1,FakeManilaV2,17,1,2457,0.0513,0.9486,1.0,1.0
1,FakeManilaV2,17,2,4914,0.0537,0.9463,0.0024,0.0024
1,FakeManilaV2,17,3,7371,0.0562,0.9438,0.0024,0.0025
1,FakeManilaV2,17,4,9828,0.055,0.9449,0.0011,0.0011
1,FakeManilaV2,17,5,12285,0.0554,0.9446,0.0003,0.0003
1,FakeManilaV2,17,6,14742,0.0566,0.9433,0.0013,0.0013
1,FakeManilaV2,17,7,17199,0.0581,0.9417,0.0015,0.0015
1,FakeManilaV2,17,8,19656,0.0585,0.9414,0.0003,0.0003
1,FakeManilaV2,17,9,22113,0.0582,0.9417,0.0003,0.0003
1,FakeManilaV2,17,10,24576,0.0592,0.9408,0.001,0.0009
1,FakeManilaV2,18,1,2457,0.0574,0.9426,1.0,1.0
1,FakeManilaV2,18,2,4914,0.06,0.94,0.0026,0.0026
1,FakeManilaV2,18,3,7371,0.0621,0.9379,0.0021,0.0021
1,FakeManilaV2,18,4,9828,0.0606,0.9393,0.0015,0.0015
1,FakeManilaV2,18,5,12285,0.0601,0.9398,0.0006,0.0005
1,FakeManilaV2,18,6,14742,0.0595,0.9405,0.0006,0.0006
1,FakeManilaV2,18,7,17199,0.0598,0.9401,0.0003,0.0004
1,FakeManilaV2,18,8,19656,0.0595,0.9404,0.0003,0.0003
1,FakeManilaV2,18,9,22113,0.0594,0.9405,0.0001,0.0001
1,FakeManilaV2,18,10,24576,0.0589,0.941,0.0005,0.0005
1,FakeManilaV2,19,1,2457,0.0627,0.9369,1.0,1.0
1,FakeManilaV2,19,2,4914,0.0568,0.9432,0.0059,0.0063
1,FakeManilaV2,19,3,7371,0.0585,0.9414,0.0017,0.0017
1,FakeManilaV2,19,4,9828,0.0565,0.9434,0.002,0.002
1,FakeManilaV2,19,5,12285,0.0576,0.9422,0.0012,0.0012
1,FakeManilaV2,19,6,14742,0.0566,0.9433,0.0011,0.001
1,FakeManilaV2,19,7,17199,0.0579,0.9419,0.0013,0.0014
1,FakeManilaV2,19,8,19656,0.0587,0.9411,0.0007,0.0008
1,FakeManilaV2,19,9,22113,0.0589,0.941,0.0002,0.0002
1,FakeManilaV2,19,10,24576,0.0592,0.9406,0.0003,0.0003
2,FakeManilaV2,0,1,819,0.1575,0.8424,1.0,1.0
2,FakeManilaV2,0,2,1638,0.1581,0.8419,0.0006,0.0005
2,FakeManilaV2,0,3,2457,0.162,0.838,0.0039,0.0039
2,FakeManilaV2,0,4,3276,0.1618,0.8382,0.0002,0.0002
2,FakeManilaV2,0,5,4095,0.1585,0.8415,0.0033,0.0033
2,FakeManilaV2,0,6,4914,0.1579,0.8421,0.0006,0.0006
2,FakeManilaV2,0,7,5733,0.1559,0.844,0.002,0.0019
2,FakeManilaV2,0,8,6552,0.1551,0.8449,0.0009,0.0009
2,FakeManilaV2,0,9,7371,0.153,0.8469,0.002,0.0021
2,FakeManilaV2,0,10,8192,0.1537,0.8463,0.0007,0.0007
2,FakeManilaV2,1,1,819,0.1416,0.8584,1.0,1.0
2,FakeManilaV2,1,2,1638,0.1484,0.8516,0.0067,0.0067
2,FakeManilaV2,1,3,2457,0.1587,0.8413,0.0104,0.0104
2,FakeManilaV2,1,4,3276,0.1581,0.8418,0.0006,0.0006
2,FakeManilaV2,1,5,4095,0.1619,0.8381,0.0038,0.0037
2,FakeManilaV2,1,6,4914,0.162,0.838,0.0001,0.0001
2,FakeManilaV2,1,7,5733,0.1626,0.8374,0.0006,0.0006
2,FakeManilaV2,1,8,6552,0.1642,0.8357,0.0017,0.0016
2,FakeManilaV2,1,9,7371,0.1628,0.8371,0.0014,0.0014
2,FakeManilaV2,1,10,8192,0.1622,0.8376,0.0006,0.0005
2,FakeManilaV2,2,1,819,0.1795,0.8192,1.0,1.0
2,FakeManilaV2,2,2,1638,0.1581,0.8417,0.0214,0.0226
2,FakeManilaV2,2,3,2457,0.1656,0.8342,0.0075,0.0075
2,FakeManilaV2,2,4,3276,0.1636,0.8363,0.002,0.0021
2,FakeManilaV2,2,5,4095,0.1661,0.8339,0.0024,0.0024
2,FakeManilaV2,2,6,4914,0.1654,0.8345,0.0006,0.0006
2,FakeManilaV2,2,7,5733,0.162,0.8379,0.0034,0.0034
2,FakeManilaV2,2,8,6552,0.1609,0.8391,0.0012,0.0012
2,FakeManilaV2,2,9,7371,0.1614,0.8386,0.0006,0.0006
2,FakeManilaV2,2,10,8192,0.1616,0.8384,0.0002,0.0002
2,FakeManilaV2,3,1,819,0.1551,0.8448,1.0,1.0
2,FakeManilaV2,3,2,1638,0.1575,0.842,0.0024,0.0029
2,FakeManilaV2,3,3,2457,0.1579,0.8418,0.0004,0.0002
2,FakeManilaV2,3,4,3276,0.1538,0.8458,0.0041,0.004
2,FakeManilaV2,3,5,4095,0.1626,0.8369,0.0088,0.0089
2,FakeManilaV2,3,6,4914,0.163,0.8364,0.0004,0.0005
2,FakeManilaV2,3,7,5733,0.1633,0.8362,0.0003,0.0002
2,FakeManilaV2,3,8,6552,0.1622,0.8373,0.001,0.001
2,FakeManilaV2,3,9,7371,0.1616,0.838,0.0007,0.0008
2,FakeManilaV2,3,10,8192,0.1611,0.8384,0.0004,0.0004
2,FakeManilaV2,4,1,819,0.1551,0.8448,1.0,1.0
2,FakeManilaV2,4,2,1638,0.1526,0.8469,0.0024,0.0021
2,FakeManilaV2,4,3,2457,0.1567,0.8429,0.0041,0.004
2,FakeManilaV2,4,4,3276,0.1532,0.8463,0.0035,0.0034
2,FakeManilaV2,4,5,4095,0.1526,0.8471,0.0006,0.0008
2,FakeManilaV2,4,6,4914,0.1538,0.8459,0.0012,0.0011
2,FakeManilaV2,4,7,5733,0.1565,0.8433,0.0026,0.0026
2,FakeManilaV2,4,8,6552,0.1581,0.8416,0.0017,0.0017
2,FakeManilaV2,4,9,7371,0.1585,0.8413,0.0003,0.0003
2,FakeManilaV2,4,10,8192,0.1577,0.8421,0.0007,0.0008
2,FakeManilaV2,5,1,819,0.1551,0.8442,1.0,1.0
2,FakeManilaV2,5,2,1638,0.1593,0.8405,0.0043,0.0037
2,FakeManilaV2,5,3,2457,0.1632,0.8368,0.0039,0.0038
2,FakeManilaV2,5,4,3276,0.1618,0.8382,0.0014,0.0014
2,FakeManilaV2,5,5,4095,0.1634,0.8365,0.0016,0.0017
2,FakeManilaV2,5,6,4914,0.1638,0.8361,0.0004,0.0005
2,FakeManilaV2,5,7,5733,0.1652,0.8348,0.0014,0.0013
2,FakeManilaV2,5,8,6552,0.1656,0.8343,0.0004,0.0004
2,FakeManilaV2,5,9,7371,0.1651,0.8348,0.0005,0.0005
2,FakeManilaV2,5,10,8192,0.1637,0.8362,0.0014,0.0014
2,FakeManilaV2,6,1,819,0.1331,0.8662,1.0,1.0
2,FakeManilaV2,6,2,1638,0.1484,0.8516,0.0153,0.0146
2,FakeManilaV2,6,3,2457,0.1563,0.8437,0.0079,0.0079
2,FakeManilaV2,6,4,3276,0.1609,0.8391,0.0046,0.0046
2,FakeManilaV2,6,5,4095,0.1585,0.8415,0.0024,0.0024
2,FakeManilaV2,6,6,4914,0.1579,0.8421,0.0006,0.0006
2,FakeManilaV2,6,7,5733,0.1584,0.8416,0.0005,0.0005
2,FakeManilaV2,6,8,6552,0.1612,0.8388,0.0028,0.0028
2,FakeManilaV2,6,9,7371,0.1632,0.8368,0.002,0.002
2,FakeManilaV2,6,10,8192,0.1631,0.8369,0.0001,0.0001
2,FakeManilaV2,7,1,819,0.149,0.851,1.0,1.0
2,FakeManilaV2,7,2,1638,0.1441,0.8558,0.0049,0.0048
2,FakeManilaV2,7,3,2457,0.1469,0.853,0.0028,0.0028
2,FakeManilaV2,7,4,3276,0.1493,0.8507,0.0023,0.0023
2,FakeManilaV2,7,5,4095,0.1499,0.8501,0.0007,0.0006
2,FakeManilaV2,7,6,4914,0.1567,0.8433,0.0068,0.0068
2,FakeManilaV2,7,7,5733,0.1573,0.8427,0.0006,0.0006
2,FakeManilaV2,7,8,6552,0.1578,0.8422,0.0005,0.0005
2,FakeManilaV2,7,9,7371,0.1602,0.8398,0.0024,0.0024
2,FakeManilaV2,7,10,8192,0.1632,0.8368,0.003,0.003
2,FakeManilaV2,8,1,819,0.1563,0.8424,1.0,1.0
2,FakeManilaV2,8,2,1638,0.163,0.836,0.0067,0.0065
2,FakeManilaV2,8,3,2457,0.1575,0.8416,0.0055,0.0057
2,FakeManilaV2,8,4,3276,0.1545,0.8452,0.0031,0.0036
2,FakeManilaV2,8,5,4095,0.1551,0.8445,0.0006,0.0007
2,FakeManilaV2,8,6,4914,0.1538,0.8457,0.0012,0.0012
2,FakeManilaV2,8,7,5733,0.1537,0.846,0.0002,0.0002
2,FakeManilaV2,8,8,6552,0.1551,0.8446,0.0014,0.0013
2,FakeManilaV2,8,9,7371,0.1524,0.8473,0.0027,0.0026
2,FakeManilaV2,8,10,8192,0.1521,0.8474,0.0003,0.0002
2,FakeManilaV2,9,1,819,0.1526,0.8473,1.0,1.0
2,FakeManilaV2,9,2,1638,0.1502,0.8494,0.0024,0.0021
2,FakeManilaV2,9,3,2457,0.153,0.8468,0.0028,0.0026
2,FakeManilaV2,9,4,3276,0.1529,0.847,0.0001,0.0002
2,FakeManilaV2,9,5,4095,0.1558,0.844,0.0029,0.003
2,FakeManilaV2,9,6,4914,0.1569,0.843,0.0011,0.001
2,FakeManilaV2,9,7,5733,0.1593,0.8407,0.0024,0.0023
2,FakeManilaV2,9,8,6552,0.1584,0.8415,0.0008,0.0008
2,FakeManilaV2,9,9,7371,0.159,0.8409,0.0006,0.0006
2,FakeManilaV2,9,10,8192,0.1599,0.8401,0.0009,0.0009
2,FakeManilaV2,10,1,819,0.1551,0.8448,1.0,1.0
2,FakeManilaV2,10,2,1638,0.1563,0.8437,0.0012,0.0011
2,FakeManilaV2,10,3,2457,0.16,0.84,0.0037,0.0037
2,FakeManilaV2,10,4,3276,0.1557,0.8443,0.0043,0.0043
2,FakeManilaV2,10,5,4095,0.1597,0.8403,0.004,0.004
2,FakeManilaV2,10,6,4914,0.1587,0.8412,0.001,0.001
2,FakeManilaV2,10,7,5733,0.1619,0.8381,0.0031,0.0031
2,FakeManilaV2,10,8,6552,0.1629,0.8371,0.001,0.001
2,FakeManilaV2,10,9,7371,0.162,0.838,0.0009,0.0009
2,FakeManilaV2,10,10,8192,0.1609,0.8391,0.0011,0.0011
2,FakeManilaV2,11,1,819,0.1783,0.8214,1.0,1.0
2,FakeManilaV2,11,2,1638,0.1777,0.822,0.0006,0.0006
2,FakeManilaV2,11,3,2457,0.1705,0.8292,0.0071,0.0073
2,FakeManilaV2,11,4,3276,0.1722,0.8275,0.0016,0.0018
2,FakeManilaV2,11,5,4095,0.1719,0.8278,0.0002,0.0003
2,FakeManilaV2,11,6,4914,0.1742,0.8257,0.0023,0.0022
2,FakeManilaV2,11,7,5733,0.1706,0.8294,0.0036,0.0037
2,FakeManilaV2,11,8,6552,0.1693,0.8306,0.0013,0.0013
2,FakeManilaV2,11,9,7371,0.1715,0.8284,0.0022,0.0023
2,FakeManilaV2,11,10,8192,0.171,0.8288,0.0005,0.0004
2,FakeManilaV2,12,1,819,0.1453,0.8537,1.0,1.0
2,FakeManilaV2,12,2,1638,0.1648,0.8346,0.0195,0.0191
2,FakeManilaV2,12,3,2457,0.1543,0.845,0.0106,0.0105
2,FakeManilaV2,12,4,3276,0.1538,0.8453,0.0004,0.0003
2,FakeManilaV2,12,5,4095,0.1534,0.8459,0.0005,0.0006
2,FakeManilaV2,12,6,4914,0.1569,0.8426,0.0035,0.0033
2,FakeManilaV2,12,7,5733,0.158,0.8417,0.0011,0.0009
2,FakeManilaV2,12,8,6552,0.1571,0.8426,0.001,0.0009
2,FakeManilaV2,12,9,7371,0.1568,0.8428,0.0002,0.0002
2,FakeManilaV2,12,10,8192,0.1572,0.8423,0.0004,0.0005
2,FakeManilaV2,13,1,819,0.1587,0.8412,1.0,1.0
2,FakeManilaV2,13,2,1638,0.1575,0.8425,0.0012,0.0013
2,FakeManilaV2,13,3,2457,0.1669,0.833,0.0094,0.0095
2,FakeManilaV2,13,4,3276,0.1642,0.8356,0.0026,0.0026
2,FakeManilaV2,13,5,4095,0.1626,0.8372,0.0016,0.0016
2,FakeManilaV2,13,6,4914,0.1612,0.8387,0.0015,0.0015
2,FakeManilaV2,13,7,5733,0.1594,0.8405,0.0017,0.0017
2,FakeManilaV2,13,8,6552,0.1592,0.8407,0.0002,0.0002
2,FakeManilaV2,13,9,7371,0.1562,0.8437,0.003,0.003
2,FakeManilaV2,13,10,8192,0.1573,0.8426,0.0012,0.0011
2,FakeManilaV2,14,1,819,0.149,0.8508,1.0,1.0
2,FakeManilaV2,14,2,1638,0.1435,0.8565,0.0055,0.0057
2,FakeManilaV2,14,3,2457,0.149,0.851,0.0055,0.0055
2,FakeManilaV2,14,4,3276,0.1468,0.8532,0.0021,0.0021
2,FakeManilaV2,14,5,4095,0.1475,0.8525,0.0007,0.0007
2,FakeManilaV2,14,6,4914,0.1518,0.8482,0.0043,0.0043
2,FakeManilaV2,14,7,5733,0.1544,0.8456,0.0026,0.0026
2,FakeManilaV2,14,8,6552,0.1552,0.8448,0.0009,0.0009
2,FakeManilaV2,14,9,7371,0.1537,0.8463,0.0015,0.0015
2,FakeManilaV2,14,10,8192,0.1547,0.8453,0.001,0.0009
2,FakeManilaV2,15,1,819,0.1661,0.8324,1.0,1.0
2,FakeManilaV2,15,2,1638,0.1551,0.8442,0.011,0.0119
2,FakeManilaV2,15,3,2457,0.1534,0.8456,0.0016,0.0014
2,FakeManilaV2,15,4,3276,0.1563,0.843,0.0028,0.0027
2,FakeManilaV2,15,5,4095,0.1597,0.8395,0.0034,0.0035
2,FakeManilaV2,15,6,4914,0.1597,0.8393,0.0,0.0002
2,FakeManilaV2,15,7,5733,0.1587,0.8401,0.001,0.0009
2,FakeManilaV2,15,8,6552,0.156,0.8432,0.0027,0.003
2,FakeManilaV2,15,9,7371,0.1576,0.8414,0.0017,0.0017
2,FakeManilaV2,15,10,8192,0.1572,0.8418,0.0004,0.0004
2,FakeManilaV2,16,1,819,0.1551,0.8424,1.0,1.0
2,FakeManilaV2,16,2,1638,0.1441,0.8549,0.011,0.0125
2,FakeManilaV2,16,3,2457,0.1477,0.8507,0.0037,0.0041
2,FakeManilaV2,16,4,3276,0.1545,0.8444,0.0067,0.0063
2,FakeManilaV2,16,5,4095,0.1558,0.843,0.0013,0.0015
2,FakeManilaV2,16,6,4914,0.1561,0.8427,0.0003,0.0002
2,FakeManilaV2,16,7,5733,0.1556,0.843,0.0005,0.0003
2,FakeManilaV2,16,8,6552,0.1577,0.8408,0.0021,0.0022
2,FakeManilaV2,16,9,7371,0.1559,0.8427,0.0018,0.0018
2,FakeManilaV2,16,10,8192,0.1562,0.8422,0.0004,0.0004
2,FakeManilaV2,17,1,819,0.1514,0.8464,1.0,1.0
2,FakeManilaV2,17,2,1638,0.1557,0.8437,0.0043,0.0026
2,FakeManilaV2,17,3,2457,0.1591,0.8401,0.0035,0.0036
2,FakeManilaV2,17,4,3276,0.1627,0.8363,0.0036,0.0038
2,FakeManilaV2,17,5,4095,0.1636,0.8353,0.0009,0.001
2,FakeManilaV2,17,6,4914,0.1628,0.8361,0.0008,0.0008
2,FakeManilaV2,17,7,5733,0.1598,0.8395,0.003,0.0034
2,FakeManilaV2,17,8,6552,0.1581,0.8413,0.0017,0.0018
2,FakeManilaV2,17,9,7371,0.1567,0.8426,0.0014,0.0013
2,FakeManilaV2,17,10,8192,0.1555,0.8438,0.0012,0.0012
2,FakeManilaV2,18,1,819,0.1795,0.8205,1.0,1.0
2,FakeManilaV2,18,2,1638,0.1697,0.8302,0.0098,0.0098
2,FakeManilaV2,18,3,2457,0.1697,0.8303,0.0,0.0
2,FakeManilaV2,18,4,3276,0.1679,0.8321,0.0018,0.0019
2,FakeManilaV2,18,5,4095,0.1641,0.8359,0.0038,0.0038
2,FakeManilaV2,18,6,4914,0.1644,0.8356,0.0003,0.0003
2,FakeManilaV2,18,7,5733,0.1615,0.8385,0.0029,0.0029
2,FakeManilaV2,18,8,6552,0.1598,0.8402,0.0017,0.0017
2,FakeManilaV2,18,9,7371,0.1594,0.8405,0.0004,0.0004
2,FakeManilaV2,18,10,8192,0.1594,0.8406,0.0,0.0
2,FakeManilaV2,19,1,819,0.1551,0.844,1.0,1.0
2,FakeManilaV2,19,2,1638,0.1673,0.8321,0.0122,0.0119
2,FakeManilaV2,19,3,2457,0.1587,0.8405,0.0085,0.0085
2,FakeManilaV2,19,4,3276,0.1612,0.8384,0.0024,0.0021
2,FakeManilaV2,19,5,4095,0.1612,0.8387,0.0,0.0003
2,FakeManilaV2,19,6,4914,0.1614,0.8385,0.0002,0.0002
2,FakeManilaV2,19,7,5733,0.1624,0.8375,0.001,0.001
2,FakeManilaV2,19,8,6552,0.163,0.8369,0.0006,0.0006
2,FakeManilaV2,19,9,7371,0.1644,0.8354,0.0014,0.0015
2,FakeManilaV2,19,10,8192,0.1642,0.8356,0.0002,0.0002
3,FakeManilaV2,0,1,400,0.06,0.94,1.0,1.0
3,FakeManilaV2,0,2,800,0.0525,0.9475,0.0075,0.0075
3,FakeManilaV2,0,3,1200,0.06,0.94,0.0075,0.0075
3,FakeManilaV2,0,4,1600,0.0656,0.9344,0.0056,0.0056
3,FakeManilaV2,0,5,2000,0.0625,0.9375,0.0031,0.0031
3,FakeManilaV2,0,6,2400,0.0654,0.9346,0.0029,0.0029
3,FakeManilaV2,0,7,2800,0.0657,0.9343,0.0003,0.0003
3,FakeManilaV2,0,8,3200,0.0697,0.9303,0.004,0.004
3,FakeManilaV2,0,9,3600,0.0664,0.9336,0.0033,0.0033
3,FakeManilaV2,0,10,4000,0.0663,0.9337,0.0001,0.0001
3,FakeManilaV2,1,1,400,0.055,0.945,1.0,1.0
3,FakeManilaV2,1,2,800,0.05,0.95,0.005,0.005
3,FakeManilaV2,1,3,1200,0.0533,0.9467,0.0033,0.0033
3,FakeManilaV2,1,4,1600,0.0544,0.9456,0.001,0.001
3,FakeManilaV2,1,5,2000,0.058,0.942,0.0036,0.0036
3,FakeManilaV2,1,6,2400,0.0604,0.9396,0.0024,0.0024
3,FakeManilaV2,1,7,2800,0.06,0.94,0.0004,0.0004
3,FakeManilaV2,1,8,3200,0.0594,0.9406,0.0006,0.0006
3,FakeManilaV2,1,9,3600,0.0625,0.9375,0.0031,0.0031
3,FakeManilaV2,1,10,4000,0.063,0.937,0.0005,0.0005
3,FakeManilaV2,2,1,400,0.0475,0.9525,1.0,1.0
3,FakeManilaV2,2,2,800,0.055,0.945,0.0075,0.0075
3,FakeManilaV2,2,3,1200,0.065,0.935,0.01,0.01
3,FakeManilaV2,2,4,1600,0.0656,0.9344,0.0006,0.0006
3,FakeManilaV2,2,5,2000,0.067,0.933,0.0014,0.0014
3,FakeManilaV2,2,6,2400,0.0696,0.9304,0.0026,0.0026
3,FakeManilaV2,2,7,2800,0.07,0.93,0.0004,0.0004
3,FakeManilaV2,2,8,3200,0.07,0.93,0.0,0.0
3,FakeManilaV2,2,9,3600,0.07,0.93,0.0,0.0
3,FakeManilaV2,2,10,4000,0.0695,0.9305,0.0005,0.0005
3,FakeManilaV2,3,1,400,0.0725,0.9275,1.0,1.0
3,FakeManilaV2,3,2,800,0.0613,0.9387,0.0112,0.0112
3,FakeManilaV2,3,3,1200,0.0617,0.9383,0.0004,0.0004
3,FakeManilaV2,3,4,1600,0.0587,0.9413,0.0029,0.0029
3,FakeManilaV2,3,5,2000,0.056,0.944,0.0027,0.0027
3,FakeManilaV2,3,6,2400,0.0583,0.9417,0.0023,0.0023
3,FakeManilaV2,3,7,2800,0.06,0.94,0.0017,0.0017
3,FakeManilaV2,3,8,3200,0.0613,0.9387,0.0012,0.0012
3,FakeManilaV2,3,9,3600,0.0617,0.9383,0.0004,0.0004
3,FakeManilaV2,3,10,4000,0.065,0.935,0.0033,0.0033
3,FakeManilaV2,4,1,400,0.055,0.945,1.0,1.0
3,FakeManilaV2,4,2,800,0.0563,0.9437,0.0012,0.0012
3,FakeManilaV2,4,3,1200,0.0567,0.9433,0.0004,0.0004
3,FakeManilaV2,4,4,1600,0.0631,0.9369,0.0065,0.0065
3,FakeManilaV2,4,5,2000,0.0665,0.9335,0.0034,0.0034
3,FakeManilaV2,4,6,2400,0.0675,0.9325,0.001,0.001
3,FakeManilaV2,4,7,2800,0.0696,0.9304,0.0021,0.0021
3,FakeManilaV2,4,8,3200,0.07,0.93,0.0004,0.0004
3,FakeManilaV2,4,9,3600,0.0719,0.9281,0.0019,0.0019
3,FakeManilaV2,4,10,4000,0.0725,0.9275,0.0006,0.0006
3,FakeManilaV2,5,1,400,0.0875,0.9125,1.0,1.0
3,FakeManilaV2,5,2,800,0.0763,0.9237,0.0112,0.0112
3,FakeManilaV2,5,3,1200,0.0775,0.9225,0.0013,0.0012
3,FakeManilaV2,5,4,1600,0.0763,0.9237,0.0012,0.0012
3,FakeManilaV2,5,5,2000,0.079,0.921,0.0027,0.0027
3,FakeManilaV2,5,6,2400,0.0733,0.9267,0.0057,0.0057
3,FakeManilaV2,5,7,2800,0.0711,0.9289,0.0023,0.0023
3,FakeManilaV2,5,8,3200,0.0703,0.9297,0.0008,0.0008
3,FakeManilaV2,5,9,3600,0.0686,0.9314,0.0017,0.0017
3,FakeManilaV2,5,10,4000,0.0685,0.9315,0.0001,0.0001
3,FakeManilaV2,6,1,400,0.055,0.945,1.0,1.0
3,FakeManilaV2,6,2,800,0.055,0.945,0.0,0.0
3,FakeManilaV2,6,3,1200,0.0592,0.9408,0.0042,0.0042
3,FakeManilaV2,6,4,1600,0.0606,0.9394,0.0015,0.0015
3,FakeManilaV2,6,5,2000,0.063,0.937,0.0024,0.0024
3,FakeManilaV2,6,6,2400,0.0646,0.9354,0.0016,0.0016
3,FakeManilaV2,6,7,2800,0.0639,0.9361,0.0007,0.0007
3,FakeManilaV2,6,8,3200,0.0628,0.9372,0.0011,0.0011
3,FakeManilaV2,6,9,3600,0.0633,0.9367,0.0005,0.0005
3,FakeManilaV2,6,10,4000,0.0633,0.9368,0.0001,0.0001
3,FakeManilaV2,7,1,400,0.0425,0.9575,1.0,1.0
3,FakeManilaV2,7,2,800,0.0413,0.9588,0.0012,0.0013
3,FakeManilaV2,7,3,1200,0.0508,0.9492,0.0096,0.0096
3,FakeManilaV2,7,4,1600,0.0569,0.9431,0.006,0.006
3,FakeManilaV2,7,5,2000,0.059,0.941,0.0021,0.0021
3,FakeManilaV2,7,6,2400,0.0617,0.9383,0.0027,0.0027
3,FakeManilaV2,7,7,2800,0.0632,0.9368,0.0015,0.0015
3,FakeManilaV2,7,8,3200,0.0628,0.9372,0.0004,0.0004
3,FakeManilaV2,7,9,3600,0.0631,0.9369,0.0002,0.0002
3,FakeManilaV2,7,10,4000,0.0635,0.9365,0.0004,0.0004
3,FakeManilaV2,8,1,400,0.05,0.95,1.0,1.0
3,FakeManilaV2,8,2,800,0.0513,0.9488,0.0012,0.0012
3,FakeManilaV2,8,3,1200,0.05,0.95,0.0012,0.0012
3,FakeManilaV2,8,4,1600,0.0537,0.9463,0.0037,0.0037
3,FakeManilaV2,8,5,2000,0.056,0.944,0.0023,0.0023
3,FakeManilaV2,8,6,2400,0.0571,0.9429,0.0011,0.0011
3,FakeManilaV2,8,7,2800,0.0618,0.9382,0.0047,0.0047
3,FakeManilaV2,8,8,3200,0.0622,0.9378,0.0004,0.0004
3,FakeManilaV2,8,9,3600,0.0622,0.9378,0.0,0.0
3,FakeManilaV2,8,10,4000,0.0613,0.9387,0.001,0.001
3,FakeManilaV2,9,1,400,0.065,0.935,1.0,1.0
3,FakeManilaV2,9,2,800,0.0775,0.9225,0.0125,0.0125
3,FakeManilaV2,9,3,1200,0.0683,0.9317,0.0092,0.0092
3,FakeManilaV2,9,4,1600,0.0706,0.9294,0.0023,0.0023
3,FakeManilaV2,9,5,2000,0.0725,0.9275,0.0019,0.0019
3,FakeManilaV2,9,6,2400,0.0737,0.9262,0.0012,0.0013
3,FakeManilaV2,9,7,2800,0.0696,0.9304,0.0041,0.0041
3,FakeManilaV2,9,8,3200,0.0675,0.9325,0.0021,0.0021
3,FakeManilaV2,9,9,3600,0.0694,0.9306,0.0019,0.0019
3,FakeManilaV2,9,10,4000,0.0677,0.9322,0.0017,0.0017
3,FakeManilaV2,10,1,400,0.075,0.925,1.0,1.0
3,FakeManilaV2,10,2,800,0.0725,0.9275,0.0025,0.0025
3,FakeManilaV2,10,3,1200,0.0733,0.9267,0.0008,0.0008
3,FakeManilaV2,10,4,1600,0.0719,0.9281,0.0015,0.0015
3,FakeManilaV2,10,5,2000,0.0705,0.9295,0.0014,0.0014
3,FakeManilaV2,10,6,2400,0.0692,0.9308,0.0013,0.0013
3,FakeManilaV2,10,7,2800,0.07,0.93,0.0008,0.0008
3,FakeManilaV2,10,8,3200,0.0691,0.9309,0.0009,0.0009
3,FakeManilaV2,10,9,3600,0.0692,0.9308,0.0001,0.0001
3,FakeManilaV2,10,10,4000,0.0703,0.9297,0.0011,0.0011
3,FakeManilaV2,11,1,400,0.09,0.91,1.0,1.0
3,FakeManilaV2,11,2,800,0.0787,0.9213,0.0112,0.0113
3,FakeManilaV2,11,3,1200,0.0675,0.9325,0.0112,0.0112
3,FakeManilaV2,11,4,1600,0.075,0.925,0.0075,0.0075
3,FakeManilaV2,11,5,2000,0.072,0.928,0.003,0.003
3,FakeManilaV2,11,6,2400,0.0696,0.9304,0.0024,0.0024
3,FakeManilaV2,11,7,2800,0.0689,0.9311,0.0007,0.0007
3,FakeManilaV2,11,8,3200,0.0709,0.9291,0.002,0.002
3,FakeManilaV2,11,9,3600,0.0742,0.9258,0.0032,0.0032
3,FakeManilaV2,11,10,4000,0.0727,0.9273,0.0014,0.0014
3,FakeManilaV2,12,1,400,0.0775,0.9225,1.0,1.0
3,FakeManilaV2,12,2,800,0.0687,0.9313,0.0088,0.0088
3,FakeManilaV2,12,3,1200,0.0742,0.9258,0.0054,0.0054
3,FakeManilaV2,12,4,1600,0.0781,0.9219,0.004,0.004
3,FakeManilaV2,12,5,2000,0.073,0.927,0.0051,0.0051
3,FakeManilaV2,12,6,2400,0.0683,0.9317,0.0047,0.0047
3,FakeManilaV2,12,7,2800,0.0693,0.9307,0.001,0.001
3,FakeManilaV2,12,8,3200,0.0681,0.9319,0.0012,0.0012
3,FakeManilaV2,12,9,3600,0.0672,0.9328,0.0009,0.0009
3,FakeManilaV2,12,10,4000,0.0667,0.9332,0.0005,0.0005
3,FakeManilaV2,13,1,400,0.0325,0.9675,1.0,1.0
3,FakeManilaV2,13,2,800,0.05,0.95,0.0175,0.0175
3,FakeManilaV2,13,3,1200,0.0533,0.9467,0.0033,0.0033
3,FakeManilaV2,13,4,1600,0.0531,0.9469,0.0002,0.0002
3,FakeManilaV2,13,5,2000,0.055,0.945,0.0019,0.0019
3,FakeManilaV2,13,6,2400,0.0546,0.9454,0.0004,0.0004
3,FakeManilaV2,13,7,2800,0.055,0.945,0.0004,0.0004
3,FakeManilaV2,13,8,3200,0.0566,0.9434,0.0016,0.0016
3,FakeManilaV2,13,9,3600,0.0594,0.9406,0.0029,0.0029
3,FakeManilaV2,13,10,4000,0.0585,0.9415,0.0009,0.0009
3,FakeManilaV2,14,1,400,0.0625,0.9375,1.0,1.0
3,FakeManilaV2,14,2,800,0.0713,0.9287,0.0088,0.0088
3,FakeManilaV2,14,3,1200,0.065,0.935,0.0063,0.0062
3,FakeManilaV2,14,4,1600,0.0681,0.9319,0.0031,0.0031
3,FakeManilaV2,14,5,2000,0.0635,0.9365,0.0046,0.0046
3,FakeManilaV2,14,6,2400,0.0637,0.9363,0.0002,0.0002
3,FakeManilaV2,14,7,2800,0.0614,0.9386,0.0023,0.0023
3,FakeManilaV2,14,8,3200,0.0625,0.9375,0.0011,0.0011
3,FakeManilaV2,14,9,3600,0.0642,0.9358,0.0017,0.0017
3,FakeManilaV2,14,10,4000,0.064,0.936,0.0002,0.0002
3,FakeManilaV2,15,1,400,0.0725,0.9275,1.0,1.0
3,FakeManilaV2,15,2,800,0.0563,0.9437,0.0162,0.0162
3,FakeManilaV2,15,3,1200,0.0575,0.9425,0.0012,0.0013
3,FakeManilaV2,15,4,1600,0.0569,0.9431,0.0006,0.0006
3,FakeManilaV2,15,5,2000,0.057,0.943,0.0001,0.0001
3,FakeManilaV2,15,6,2400,0.0567,0.9433,0.0003,0.0003
3,FakeManilaV2,15,7,2800,0.0571,0.9429,0.0005,0.0005
3,FakeManilaV2,15,8,3200,0.0531,0.9469,0.004,0.004
3,FakeManilaV2,15,9,3600,0.0556,0.9444,0.0024,0.0024
3,FakeManilaV2,15,10,4000,0.058,0.942,0.0024,0.0024
3,FakeManilaV2,16,1,400,0.0725,0.9275,1.0,1.0
3,FakeManilaV2,16,2,800,0.0613,0.9387,0.0112,0.0112
3,FakeManilaV2,16,3,1200,0.0583,0.9417,0.0029,0.0029
3,FakeManilaV2,16,4,1600,0.0587,0.9413,0.0004,0.0004
3,FakeManilaV2,16,5,2000,0.064,0.936,0.0052,0.0053
3,FakeManilaV2,16,6,2400,0.0675,0.9325,0.0035,0.0035
3,FakeManilaV2,16,7,2800,0.0668,0.9332,0.0007,0.0007
3,FakeManilaV2,16,8,3200,0.0678,0.9322,0.001,0.001
3,FakeManilaV2,16,9,3600,0.0658,0.9342,0.002,0.002
3,FakeManilaV2,16,10,4000,0.0663,0.9337,0.0004,0.0004
3,FakeManilaV2,17,1,400,0.085,0.915,1.0,1.0
3,FakeManilaV2,17,2,800,0.075,0.925,0.01,0.01
3,FakeManilaV2,17,3,1200,0.0717,0.9283,0.0033,0.0033
3,FakeManilaV2,17,4,1600,0.0675,0.9325,0.0042,0.0042
3,FakeManilaV2,17,5,2000,0.067,0.933,0.0005,0.0005
3,FakeManilaV2,17,6,2400,0.0675,0.9325,0.0005,0.0005
3,FakeManilaV2,17,7,2800,0.0657,0.9343,0.0018,0.0018
3,FakeManilaV2,17,8,3200,0.0641,0.9359,0.0017,0.0017
3,FakeManilaV2,17,9,3600,0.0636,0.9364,0.0005,0.0005
3,FakeManilaV2,17,10,4000,0.0627,0.9373,0.0009,0.0009
3,FakeManilaV2,18,1,400,0.0525,0.9475,1.0,1.0
3,FakeManilaV2,18,2,800,0.0575,0.9425,0.005,0.005
3,FakeManilaV2,18,3,1200,0.0667,0.9333,0.0092,0.0092
3,FakeManilaV2,18,4,1600,0.065,0.935,0.0017,0.0017
3,FakeManilaV2,18,5,2000,0.0645,0.9355,0.0005,0.0005
3,FakeManilaV2,18,6,2400,0.0654,0.9346,0.0009,0.0009
3,FakeManilaV2,18,7,2800,0.0664,0.9336,0.001,0.001
3,FakeManilaV2,18,8,3200,0.0659,0.9341,0.0005,0.0005
3,FakeManilaV2,18,9,3600,0.0636,0.9364,0.0023,0.0023
3,FakeManilaV2,18,10,4000,0.0643,0.9357,0.0006,0.0006
3,FakeManilaV2,19,1,400,0.0675,0.9325,1.0,1.0
3,FakeManilaV2,19,2,800,0.0637,0.9363,0.0038,0.0038
3,FakeManilaV2,19,3,1200,0.0692,0.9308,0.0054,0.0054
3,FakeManilaV2,19,4,1600,0.0656,0.9344,0.0035,0.0035
3,FakeManilaV2,19,5,2000,0.0665,0.9335,0.0009,0.0009
3,FakeManilaV2,19,6,2400,0.0654,0.9346,0.0011,0.0011
3,FakeManilaV2,19,7,2800,0.0675,0.9325,0.0021,0.0021
3,FakeManilaV2,19,8,3200,0.0663,0.9337,0.0012,0.0012
3,FakeManilaV2,19,9,3600,0.0658,0.9342,0.0004,0.0004
3,FakeManilaV2,19,10,4000,0.0643,0.9357,0.0016,0.0016
4,FakeManilaV2,0,1,819,0.1673,0.8324,1.0,1.0
4,FakeManilaV2,0,2,1638,0.1691,0.8303,0.0018,0.002
4,FakeManilaV2,0,3,2457,0.1766,0.8228,0.0075,0.0075
4,FakeManilaV2,0,4,3276,0.1767,0.8226,0.0001,0.0002
4,FakeManilaV2,0,5,4095,0.1758,0.8237,0.0009,0.0011
4,FakeManilaV2,0,6,4914,0.174,0.8256,0.0018,0.0019
4,FakeManilaV2,0,7,5733,0.1744,0.8254,0.0004,0.0003
4,FakeManilaV2,0,8,6552,0.1751,0.8247,0.0006,0.0007
4,FakeManilaV2,0,9,7371,0.1742,0.8256,0.0009,0.0009
4,FakeManilaV2,0,10,8192,0.1747,0.8251,0.0005,0.0004
4,FakeManilaV2,1,1,819,0.1832,0.8168,1.0,1.0
4,FakeManilaV2,1,2,1638,0.185,0.815,0.0018,0.0018
4,FakeManilaV2,1,3,2457,0.1897,0.8103,0.0047,0.0046
4,FakeManilaV2,1,4,3276,0.1871,0.8128,0.0025,0.0025
4,FakeManilaV2,1,5,4095,0.1829,0.8171,0.0042,0.0043
4,FakeManilaV2,1,6,4914,0.1827,0.8172,0.0002,0.0001
4,FakeManilaV2,1,7,5733,0.1811,0.8188,0.0017,0.0016
4,FakeManilaV2,1,8,6552,0.1781,0.8218,0.0029,0.0029
4,FakeManilaV2,1,9,7371,0.1799,0.8199,0.0018,0.0019
4,FakeManilaV2,1,10,8192,0.1818,0.818,0.0019,0.0019
4,FakeManilaV2,2,1,819,0.1758,0.8241,1.0,1.0
4,FakeManilaV2,2,2,1638,0.1777,0.8223,0.0018,0.0018
4,FakeManilaV2,2,3,2457,0.1758,0.8241,0.0018,0.0018
4,FakeManilaV2,2,4,3276,0.1777,0.8222,0.0018,0.0018
4,FakeManilaV2,2,5,4095,0.1741,0.8257,0.0035,0.0035
4,FakeManilaV2,2,6,4914,0.1707,0.8292,0.0034,0.0035
4,FakeManilaV2,2,7,5733,0.1723,0.8276,0.0016,0.0016
4,FakeManilaV2,2,8,6552,0.1737,0.8261,0.0014,0.0015
4,FakeManilaV2,2,9,7371,0.1751,0.8245,0.0015,0.0016
4,FakeManilaV2,2,10,8192,0.1738,0.8258,0.0013,0.0013
4,FakeManilaV2,3,1,819,0.1978,0.8019,1.0,1.0
4,FakeManilaV2,3,2,1638,0.1917,0.8083,0.0061,0.0064
4,FakeManilaV2,3,3,2457,0.1832,0.8168,0.0085,0.0085
4,FakeManilaV2,3,4,3276,0.1764,0.8236,0.0067,0.0067
4,FakeManilaV2,3,5,4095,0.1792,0.8208,0.0028,0.0028
4,FakeManilaV2,3,6,4914,0.1813,0.8187,0.0021,0.0021
4,FakeManilaV2,3,7,5733,0.1758,0.8242,0.0055,0.0055
4,FakeManilaV2,3,8,6552,0.1743,0.8257,0.0015,0.0015
4,FakeManilaV2,3,9,7371,0.1719,0.8281,0.0024,0.0024
4,FakeManilaV2,3,10,8192,0.1755,0.8245,0.0036,0.0036
4,FakeManilaV2,4,1,819,0.1844,0.8151,1.0,1.0
4,FakeManilaV2,4,2,1638,0.1899,0.81,0.0055,0.0051
4,FakeManilaV2,4,3,2457,0.1888,0.8111,0.001,0.0011
4,FakeManilaV2,4,4,3276,0.1835,0.8165,0.0054,0.0054
4,FakeManilaV2,4,5,4095,0.1856,0.8143,0.0021,0.0022
4,FakeManilaV2,4,6,4914,0.1829,0.8169,0.0026,0.0026
4,FakeManilaV2,4,7,5733,0.179,0.8208,0.004,0.0039
4,FakeManilaV2,4,8,6552,0.1799,0.8198,0.001,0.001
4,FakeManilaV2,4,9,7371,0.1788,0.8209,0.0011,0.0011
4,FakeManilaV2,4,10,8192,0.1769,0.8228,0.0019,0.0019
4,FakeManilaV2,5,1,819,0.149,0.8507,1.0,1.0
4,FakeManilaV2,5,2,1638,0.1545,0.8455,0.0055,0.0052
4,FakeManilaV2,5,3,2457,0.16,0.84,0.0055,0.0055
4,FakeManilaV2,5,4,3276,0.1737,0.8263,0.0137,0.0137
4,FakeManilaV2,5,5,4095,0.1751,0.8249,0.0014,0.0014
4,FakeManilaV2,5,6,4914,0.175,0.8249,0.0001,0.0001
4,FakeManilaV2,5,7,5733,0.173,0.827,0.002,0.002
4,FakeManilaV2,5,8,6552,0.1734,0.8266,0.0003,0.0004
4,FakeManilaV2,5,9,7371,0.1727,0.8273,0.0007,0.0007
4,FakeManilaV2,5,10,8192,0.1709,0.8291,0.0018,0.0018
4,FakeManilaV2,6,1,819,0.1746,0.8223,1.0,1.0
4,FakeManilaV2,6,2,1638,0.177,0.8217,0.0024,0.0006
4,FakeManilaV2,6,3,2457,0.184,0.8148,0.0069,0.0069
4,FakeManilaV2,6,4,3276,0.1789,0.8204,0.0051,0.0055
4,FakeManilaV2,6,5,4095,0.1746,0.8247,0.0043,0.0043
4,FakeManilaV2,6,6,4914,0.1726,0.8266,0.002,0.002
4,FakeManilaV2,6,7,5733,0.1709,0.8282,0.0016,0.0016
4,FakeManilaV2,6,8,6552,0.1714,0.8278,0.0005,0.0004
4,FakeManilaV2,6,9,7371,0.1707,0.8285,0.0007,0.0007
4,FakeManilaV2,6,10,8192,0.1703,0.829,0.0004,0.0005
4,FakeManilaV2,7,1,819,0.1575,0.8424,1.0,1.0
4,FakeManilaV2,7,2,1638,0.1636,0.8361,0.0061,0.0063
4,FakeManilaV2,7,3,2457,0.1665,0.8333,0.0028,0.0028
4,FakeManilaV2,7,4,3276,0.1685,0.8313,0.002,0.002
4,FakeManilaV2,7,5,4095,0.1692,0.8307,0.0007,0.0006
4,FakeManilaV2,7,6,4914,0.1742,0.8258,0.005,0.005
4,FakeManilaV2,7,7,5733,0.1739,0.8261,0.0003,0.0003
4,FakeManilaV2,7,8,6552,0.1757,0.8242,0.0018,0.0018
4,FakeManilaV2,7,9,7371,0.1743,0.8256,0.0013,0.0014
4,FakeManilaV2,7,10,8192,0.1744,0.8255,0.0001,0.0001
4,FakeManilaV2,8,1,819,0.1697,0.8302,1.0,1.0
4,FakeManilaV2,8,2,1638,0.1813,0.8186,0.0116,0.0116
4,FakeManilaV2,8,3,2457,0.1762,0.8238,0.0051,0.0051
4,FakeManilaV2,8,4,3276,0.178,0.822,0.0017,0.0017
4,FakeManilaV2,8,5,4095,0.1731,0.8269,0.0048,0.0049
4,FakeManilaV2,8,6,4914,0.173,0.827,0.0002,0.0002
4,FakeManilaV2,8,7,5733,0.1736,0.8264,0.0006,0.0006
4,FakeManilaV2,8,8,6552,0.1748,0.8252,0.0012,0.0012
4,FakeManilaV2,8,9,7371,0.1719,0.8281,0.0029,0.0029
4,FakeManilaV2,8,10,8192,0.172,0.828,0.0001,0.0001
4,FakeManilaV2,9,1,819,0.1502,0.8496,1.0,1.0
4,FakeManilaV2,9,2,1638,0.1648,0.8344,0.0147,0.0151
4,FakeManilaV2,9,3,2457,0.164,0.8356,0.0008,0.0012
4,FakeManilaV2,9,4,3276,0.1642,0.8356,0.0002,0.0
4,FakeManilaV2,9,5,4095,0.1634,0.8364,0.0009,0.0008
4,FakeManilaV2,9,6,4914,0.1663,0.8336,0.0029,0.0028
4,FakeManilaV2,9,7,5733,0.1683,0.8316,0.0021,0.002
4,FakeManilaV2,9,8,6552,0.1661,0.8338,0.0023,0.0023
4,FakeManilaV2,9,9,7371,0.1647,0.8352,0.0014,0.0014
4,FakeManilaV2,9,10,8192,0.1644,0.8355,0.0003,0.0003
4,FakeManilaV2,10,1,819,0.1832,0.8159,1.0,1.0
4,FakeManilaV2,10,2,1638,0.1801,0.819,0.0031,0.003
4,FakeManilaV2,10,3,2457,0.1673,0.8317,0.0128,0.0128
4,FakeManilaV2,10,4,3276,0.1719,0.8271,0.0046,0.0047
4,FakeManilaV2,10,5,4095,0.1729,0.8259,0.001,0.0012
4,FakeManilaV2,10,6,4914,0.1716,0.8271,0.0013,0.0012
4,FakeManilaV2,10,7,5733,0.1713,0.8272,0.0003,0.0002
4,FakeManilaV2,10,8,6552,0.1709,0.8277,0.0003,0.0004
4,FakeManilaV2,10,9,7371,0.1704,0.8281,0.0005,0.0005
4,FakeManilaV2,10,10,8192,0.173,0.8254,0.0026,0.0027
4,FakeManilaV2,11,1,819,0.2015,0.798,1.0,1.0
4,FakeManilaV2,11,2,1638,0.1874,0.8123,0.014,0.0142
4,FakeManilaV2,11,3,2457,0.1856,0.8139,0.0018,0.0017
4,FakeManilaV2,11,4,3276,0.1819,0.8178,0.0037,0.0038
4,FakeManilaV2,11,5,4095,0.177,0.8226,0.0049,0.0048
4,FakeManilaV2,11,6,4914,0.1813,0.8183,0.0043,0.0043
4,FakeManilaV2,11,7,5733,0.1812,0.8182,0.0001,0.0001
4,FakeManilaV2,11,8,6552,0.1777,0.8219,0.0036,0.0037
4,FakeManilaV2,11,9,7371,0.1777,0.8219,0.0001,0.0
4,FakeManilaV2,11,10,8192,0.1774,0.8223,0.0004,0.0004
4,FakeManilaV2,12,1,819,0.1551,0.8442,1.0,1.0
4,FakeManilaV2,12,2,1638,0.1728,0.8268,0.0177,0.0174
4,FakeManilaV2,12,3,2457,0.1713,0.8281,0.0014,0.0013
4,FakeManilaV2,12,4,3276,0.1654,0.834,0.0059,0.0059
4,FakeManilaV2,12,5,4095,0.167,0.8323,0.0016,0.0016
4,FakeManilaV2,12,6,4914,0.1667,0.8329,0.0004,0.0006
4,FakeManilaV2,12,7,5733,0.1661,0.8337,0.0006,0.0008
4,FakeManilaV2,12,8,6552,0.1659,0.8338,0.0002,0.0001
4,FakeManilaV2,12,9,7371,0.167,0.8326,0.0011,0.0012
4,FakeManilaV2,12,10,8192,0.1669,0.8327,0.0001,0.0001
4,FakeManilaV2,13,1,819,0.16,0.8396,1.0,1.0
4,FakeManilaV2,13,2,1638,0.1697,0.83,0.0098,0.0096
4,FakeManilaV2,13,3,2457,0.1791,0.8208,0.0094,0.0092
4,FakeManilaV2,13,4,3276,0.1761,0.8236,0.003,0.0028
4,FakeManilaV2,13,5,4095,0.1766,0.8232,0.0004,0.0005
4,FakeManilaV2,13,6,4914,0.1777,0.8222,0.0011,0.001
4,FakeManilaV2,13,7,5733,0.176,0.8238,0.0017,0.0016
4,FakeManilaV2,13,8,6552,0.1751,0.8247,0.0009,0.0009
4,FakeManilaV2,13,9,7371,0.1743,0.8255,0.0007,0.0008
4,FakeManilaV2,13,10,8192,0.175,0.8249,0.0007,0.0006
4,FakeManilaV2,14,1,819,0.1477,0.849,1.0,1.0
4,FakeManilaV2,14,2,1638,0.1477,0.8512,0.0,0.0021
4,FakeManilaV2,14,3,2457,0.1628,0.8363,0.0151,0.0149
4,FakeManilaV2,14,4,3276,0.1648,0.8344,0.002,0.0019
4,FakeManilaV2,14,5,4095,0.1658,0.8332,0.001,0.0012
4,FakeManilaV2,14,6,4914,0.1697,0.8292,0.0039,0.004
4,FakeManilaV2,14,7,5733,0.1681,0.8309,0.0016,0.0017
4,FakeManilaV2,14,8,6552,0.169,0.8301,0.0008,0.0008
4,FakeManilaV2,14,9,7371,0.1678,0.8311,0.0011,0.001
4,FakeManilaV2,14,10,8192,0.1656,0.8332,0.0022,0.0021
4,FakeManilaV2,15,1,819,0.1587,0.8401,1.0,1.0
4,FakeManilaV2,15,2,1638,0.1654,0.834,0.0067,0.006
4,FakeManilaV2,15,3,2457,0.1677,0.8314,0.0022,0.0026
4,FakeManilaV2,15,4,3276,0.1658,0.8335,0.0019,0.0021
4,FakeManilaV2,15,5,4095,0.1639,0.8355,0.0019,0.002
4,FakeManilaV2,15,6,4914,0.164,0.8353,0.0002,0.0002
4,FakeManilaV2,15,7,5733,0.1627,0.8365,0.0013,0.0011
4,FakeManilaV2,15,8,6552,0.1636,0.8356,0.0009,0.0008
4,FakeManilaV2,15,9,7371,0.1643,0.8349,0.0007,0.0007
4,FakeManilaV2,15,10,8192,0.1677,0.8314,0.0034,0.0035
4,FakeManilaV2,16,1,819,0.1856,0.8143,1.0,1.0
4,FakeManilaV2,16,2,1638,0.1801,0.8199,0.0055,0.0055
4,FakeManilaV2,16,3,2457,0.1815,0.8185,0.0014,0.0014
4,FakeManilaV2,16,4,3276,0.1804,0.8196,0.0011,0.0011
4,FakeManilaV2,16,5,4095,0.1841,0.8158,0.0037,0.0038
4,FakeManilaV2,16,6,4914,0.1848,0.8152,0.0007,0.0006
4,FakeManilaV2,16,7,5733,0.1821,0.8178,0.0027,0.0026
4,FakeManilaV2,16,8,6552,0.1801,0.8198,0.002,0.002
4,FakeManilaV2,16,9,7371,0.1776,0.8223,0.0025,0.0025
4,FakeManilaV2,16,10,8192,0.1768,0.8232,0.0008,0.0008
4,FakeManilaV2,17,1,819,0.1551,0.8427,1.0,1.0
4,FakeManilaV2,17,2,1638,0.1654,0.834,0.0104,0.0087
4,FakeManilaV2,17,3,2457,0.1624,0.8373,0.0031,0.0033
4,FakeManilaV2,17,4,3276,0.1694,0.8302,0.007,0.0071
4,FakeManilaV2,17,5,4095,0.1731,0.8264,0.0037,0.0038
4,FakeManilaV2,17,6,4914,0.1726,0.827,0.0006,0.0006
4,FakeManilaV2,17,7,5733,0.1727,0.827,0.0001,0.0
4,FakeManilaV2,17,8,6552,0.1719,0.828,0.0008,0.001
4,FakeManilaV2,17,9,7371,0.1722,0.8276,0.0003,0.0004
4,FakeManilaV2,17,10,8192,0.1709,0.8289,0.0013,0.0013
4,FakeManilaV2,18,1,819,0.1795,0.8194,1.0,1.0
4,FakeManilaV2,18,2,1638,0.1801,0.8191,0.0006,0.0003
4,FakeManilaV2,18,3,2457,0.1783,0.8211,0.0018,0.002
4,FakeManilaV2,18,4,3276,0.1786,0.8206,0.0003,0.0005
4,FakeManilaV2,18,5,4095,0.1788,0.8205,0.0002,0.0001
4,FakeManilaV2,18,6,4914,0.177,0.8223,0.0017,0.0018
4,FakeManilaV2,18,7,5733,0.1786,0.8209,0.0016,0.0014
4,FakeManilaV2,18,8,6552,0.1767,0.8228,0.0019,0.0019
4,FakeManilaV2,18,9,7371,0.1764,0.8233,0.0004,0.0005
4,FakeManilaV2,18,10,8192,0.1746,0.825,0.0018,0.0018
4,FakeManilaV2,19,1,819,0.1929,0.8043,1.0,1.0
4,FakeManilaV2,19,2,1638,0.1935,0.8043,0.0006,0.0
4,FakeManilaV2,19,3,2457,0.1852,0.8127,0.0083,0.0084
4,FakeManilaV2,19,4,3276,0.1816,0.8171,0.0036,0.0044
4,FakeManilaV2,19,5,4095,0.1824,0.8168,0.0008,0.0003
4,FakeManilaV2,19,6,4914,0.1787,0.8206,0.0037,0.0039
4,FakeManilaV2,19,7,5733,0.1825,0.8168,0.0038,0.0038
4,FakeManilaV2,19,8,6552,0.1786,0.8207,0.0039,0.0039
4,FakeManilaV2,19,9,7371,0.1773,0.8219,0.0013,0.0012
4,FakeManilaV2,19,10,8192,0.1786,0.8206,0.0013,0.0013
5,FakeManilaV2,0,1,102,0.2157,0.7825,1.0,1.0
5,FakeManilaV2,0,2,204,0.2059,0.7928,0.0098,0.0103
5,FakeManilaV2,0,3,306,0.2026,0.7966,0.0033,0.0039
5,FakeManilaV2,0,4,408,0.2108,0.7892,0.0082,0.0074
5,FakeManilaV2,0,5,510,0.2216,0.7783,0.0108,0.0109
5,FakeManilaV2,0,6,612,0.2206,0.7794,0.001,0.0011
5,FakeManilaV2,0,7,714,0.2129,0.787,0.0077,0.0076
5,FakeManilaV2,0,8,816,0.2145,0.7849,0.0016,0.002
5,FakeManilaV2,0,9,918,0.2124,0.7869,0.002,0.002
5,FakeManilaV2,0,10,1024,0.2051,0.794,0.0073,0.0071
5,FakeManilaV2,1,1,102,0.1863,0.8131,1.0,1.0
5,FakeManilaV2,1,2,204,0.1912,0.8088,0.0049,0.0043
5,FakeManilaV2,1,3,306,0.1961,0.8038,0.0049,0.005
5,FakeManilaV2,1,4,408,0.1912,0.8088,0.0049,0.005
5,FakeManilaV2,1,5,510,0.1902,0.8095,0.001,0.0006
5,FakeManilaV2,1,6,612,0.1879,0.8118,0.0023,0.0024
5,FakeManilaV2,1,7,714,0.2003,0.7995,0.0124,0.0123
5,FakeManilaV2,1,8,816,0.1949,0.805,0.0054,0.0054
5,FakeManilaV2,1,9,918,0.1928,0.8072,0.002,0.0022
5,FakeManilaV2,1,10,1024,0.1904,0.8096,0.0024,0.0024
5,FakeManilaV2,2,1,102,0.2157,0.7832,1.0,1.0
5,FakeManilaV2,2,2,204,0.2157,0.7799,0.0,0.0033
5,FakeManilaV2,2,3,306,0.2059,0.7913,0.0098,0.0114
5,FakeManilaV2,2,4,408,0.1887,0.8093,0.0172,0.018
5,FakeManilaV2,2,5,510,0.198,0.8005,0.0093,0.0088
5,FakeManilaV2,2,6,612,0.2042,0.7951,0.0062,0.0054
5,FakeManilaV2,2,7,714,0.1947,0.805,0.0096,0.0099
5,FakeManilaV2,2,8,816,0.1936,0.8061,0.0011,0.0011
5,FakeManilaV2,2,9,918,0.1895,0.8102,0.0041,0.0042
5,FakeManilaV2,2,10,1024,0.1914,0.8082,0.0019,0.002
5,FakeManilaV2,3,1,102,0.1471,0.8525,1.0,1.0
5,FakeManilaV2,3,2,204,0.1765,0.8235,0.0294,0.0291
5,FakeManilaV2,3,3,306,0.1863,0.8137,0.0098,0.0098
5,FakeManilaV2,3,4,408,0.1985,0.8009,0.0123,0.0128
5,FakeManilaV2,3,5,510,0.1882,0.8114,0.0103,0.0105
5,FakeManilaV2,3,6,612,0.1928,0.8067,0.0046,0.0048
5,FakeManilaV2,3,7,714,0.1933,0.8062,0.0005,0.0005
5,FakeManilaV2,3,8,816,0.1998,0.7996,0.0065,0.0066
5,FakeManilaV2,3,9,918,0.2015,0.797,0.0018,0.0025
5,FakeManilaV2,3,10,1024,0.2041,0.7948,0.0026,0.0022
5,FakeManilaV2,4,1,102,0.2059,0.7938,1.0,1.0
5,FakeManilaV2,4,2,204,0.1961,0.8034,0.0098,0.0096
5,FakeManilaV2,4,3,306,0.1928,0.8064,0.0033,0.003
5,FakeManilaV2,4,4,408,0.1887,0.8111,0.0041,0.0046
5,FakeManilaV2,4,5,510,0.1784,0.8206,0.0103,0.0095
5,FakeManilaV2,4,6,612,0.1944,0.8053,0.016,0.0153
5,FakeManilaV2,4,7,714,0.1989,0.8008,0.0044,0.0044
5,FakeManilaV2,4,8,816,0.1936,0.8057,0.0053,0.0049
5,FakeManilaV2,4,9,918,0.1972,0.8026,0.0035,0.0031
5,FakeManilaV2,4,10,1024,0.1982,0.8017,0.0011,0.001
5,FakeManilaV2,5,1,102,0.1667,0.8315,1.0,1.0
5,FakeManilaV2,5,2,204,0.1765,0.8207,0.0098,0.0108
5,FakeManilaV2,5,3,306,0.183,0.8106,0.0065,0.0101
5,FakeManilaV2,5,4,408,0.1936,0.8015,0.0106,0.0091
5,FakeManilaV2,5,5,510,0.1902,0.804,0.0034,0.0025
5,FakeManilaV2,5,6,612,0.1993,0.7944,0.0092,0.0096
5,FakeManilaV2,5,7,714,0.2003,0.7945,0.0009,0.0001
5,FakeManilaV2,5,8,816,0.1973,0.7971,0.003,0.0026
5,FakeManilaV2,5,9,918,0.2037,0.7889,0.0064,0.0082
5,FakeManilaV2,5,10,1024,0.2035,0.7888,0.0002,0.0001
5,FakeManilaV2,6,1,102,0.2745,0.7248,1.0,1.0
5,FakeManilaV2,6,2,204,0.1961,0.8037,0.0784,0.079
5,FakeManilaV2,6,3,306,0.1961,0.8027,0.0,0.001
5,FakeManilaV2,6,4,408,0.1814,0.8163,0.0147,0.0136
5,FakeManilaV2,6,5,510,0.1765,0.8213,0.0049,0.005
5,FakeManilaV2,6,6,612,0.183,0.8155,0.0065,0.0058
5,FakeManilaV2,6,7,714,0.1877,0.8107,0.0047,0.0048
5,FakeManilaV2,6,8,816,0.1826,0.8161,0.0051,0.0054
5,FakeManilaV2,6,9,918,0.1786,0.8198,0.0039,0.0037
5,FakeManilaV2,6,10,1024,0.1816,0.8162,0.003,0.0037
5,FakeManilaV2,7,1,102,0.1961,0.8033,1.0,1.0
5,FakeManilaV2,7,2,204,0.2206,0.7789,0.0245,0.0244
5,FakeManilaV2,7,3,306,0.2124,0.7856,0.0082,0.0066
5,FakeManilaV2,7,4,408,0.1985,0.8011,0.0139,0.0155
5,FakeManilaV2,7,5,510,0.198,0.8015,0.0005,0.0005
5,FakeManilaV2,7,6,612,0.1977,0.8017,0.0003,0.0001
5,FakeManilaV2,7,7,714,0.1961,0.8035,0.0016,0.0018
5,FakeManilaV2,7,8,816,0.19,0.8099,0.0061,0.0064
5,FakeManilaV2,7,9,918,0.1852,0.8148,0.0048,0.0049
5,FakeManilaV2,7,10,1024,0.1914,0.8086,0.0062,0.0062
5,FakeManilaV2,8,1,102,0.1863,0.8129,1.0,1.0
5,FakeManilaV2,8,2,204,0.1716,0.8279,0.0147,0.015
5,FakeManilaV2,8,3,306,0.1732,0.8248,0.0016,0.003
5,FakeManilaV2,8,4,408,0.1814,0.8155,0.0082,0.0093
5,FakeManilaV2,8,5,510,0.1843,0.811,0.0029,0.0045
5,FakeManilaV2,8,6,612,0.1814,0.8129,0.0029,0.0019
5,FakeManilaV2,8,7,714,0.1821,0.8125,0.0007,0.0003
5,FakeManilaV2,8,8,816,0.1863,0.8073,0.0042,0.0053
5,FakeManilaV2,8,9,918,0.1863,0.8082,0.0,0.0009
5,FakeManilaV2,8,10,1024,0.1875,0.8078,0.0012,0.0004
5,FakeManilaV2,9,1,102,0.1373,0.8618,1.0,1.0
5,FakeManilaV2,9,2,204,0.1716,0.8282,0.0343,0.0336
5,FakeManilaV2,9,3,306,0.1863,0.8136,0.0147,0.0146
5,FakeManilaV2,9,4,408,0.1789,0.821,0.0074,0.0074
5,FakeManilaV2,9,5,510,0.1961,0.8039,0.0172,0.0171
5,FakeManilaV2,9,6,612,0.1944,0.8053,0.0016,0.0014
5,FakeManilaV2,9,7,714,0.2017,0.7977,0.0072,0.0075
5,FakeManilaV2,9,8,816,0.1949,0.8045,0.0068,0.0068
5,FakeManilaV2,9,9,918,0.1906,0.8086,0.0042,0.0041
5,FakeManilaV2,9,10,1024,0.1924,0.8067,0.0018,0.0019
5,FakeManilaV2,10,1,102,0.1667,0.8333,1.0,1.0
5,FakeManilaV2,10,2,204,0.1863,0.8135,0.0196,0.0198
5,FakeManilaV2,10,3,306,0.1797,0.8199,0.0065,0.0064
5,FakeManilaV2,10,4,408,0.1838,0.8159,0.0041,0.004
5,FakeManilaV2,10,5,510,0.1902,0.8094,0.0064,0.0065
5,FakeManilaV2,10,6,612,0.1961,0.8033,0.0059,0.0061
5,FakeManilaV2,10,7,714,0.1835,0.8162,0.0126,0.0129
5,FakeManilaV2,10,8,816,0.1875,0.8121,0.004,0.004
5,FakeManilaV2,10,9,918,0.1939,0.8056,0.0064,0.0065
5,FakeManilaV2,10,10,1024,0.1973,0.8024,0.0034,0.0031
5,FakeManilaV2,11,1,102,0.2549,0.745,1.0,1.0
5,FakeManilaV2,11,2,204,0.1912,0.8085,0.0637,0.0635
5,FakeManilaV2,11,3,306,0.2059,0.7938,0.0147,0.0146
5,FakeManilaV2,11,4,408,0.2181,0.7818,0.0123,0.012
5,FakeManilaV2,11,5,510,0.2118,0.7882,0.0064,0.0064
5,FakeManilaV2,11,6,612,0.2059,0.7941,0.0059,0.0059
5,FakeManilaV2,11,7,714,0.2031,0.7968,0.0028,0.0027
5,FakeManilaV2,11,8,816,0.1998,0.8002,0.0033,0.0033
5,FakeManilaV2,11,9,918,0.2015,0.7984,0.0018,0.0017
5,FakeManilaV2,11,10,1024,0.1934,0.8066,0.0082,0.0082
5,FakeManilaV2,12,1,102,0.1863,0.8501,1.0,1.0
5,FakeManilaV2,12,2,204,0.2255,0.7766,0.0392,0.0735
5,FakeManilaV2,12,3,306,0.2026,0.7919,0.0229,0.0153
5,FakeManilaV2,12,4,408,0.2059,0.8005,0.0033,0.0086
5,FakeManilaV2,12,5,510,0.1922,0.8109,0.0137,0.0103
5,FakeManilaV2,12,6,612,0.1961,0.8005,0.0039,0.0104
5,FakeManilaV2,12,7,714,0.2073,0.8036,0.0112,0.0031
5,FakeManilaV2,12,8,816,0.2047,0.8019,0.0026,0.0017
5,FakeManilaV2,12,9,918,0.1906,0.8079,0.014,0.006
5,FakeManilaV2,12,10,1024,0.1996,0.8039,0.009,0.004
5,FakeManilaV2,13,1,102,0.1569,0.8377,1.0,1.0
5,FakeManilaV2,13,2,204,0.1569,0.8415,0.0,0.0038
5,FakeManilaV2,13,3,306,0.1536,0.8458,0.0033,0.0043
5,FakeManilaV2,13,4,408,0.1667,0.833,0.0131,0.0128
5,FakeManilaV2,13,5,510,0.1647,0.8344,0.002,0.0013
5,FakeManilaV2,13,6,612,0.1634,0.8358,0.0013,0.0014
5,FakeManilaV2,13,7,714,0.1653,0.8342,0.0019,0.0016
5,FakeManilaV2,13,8,816,0.1654,0.8343,0.0002,0.0001
5,FakeManilaV2,13,9,918,0.1743,0.8256,0.0089,0.0087
5,FakeManilaV2,13,10,1024,0.1777,0.8221,0.0034,0.0035
5,FakeManilaV2,14,1,102,0.2549,0.7358,1.0,1.0
5,FakeManilaV2,14,2,204,0.2157,0.7739,0.0392,0.0381
5,FakeManilaV2,14,3,306,0.2222,0.7711,0.0065,0.0028
5,FakeManilaV2,14,4,408,0.2206,0.7758,0.0016,0.0047
5,FakeManilaV2,14,5,510,0.2039,0.7876,0.0167,0.0118
5,FakeManilaV2,14,6,612,0.2059,0.7862,0.002,0.0014
5,FakeManilaV2,14,7,714,0.1975,0.7961,0.0084,0.0099
5,FakeManilaV2,14,8,816,0.1998,0.7952,0.0023,0.0009
5,FakeManilaV2,14,9,918,0.1917,0.8025,0.008,0.0073
5,FakeManilaV2,14,10,1024,0.1865,0.8076,0.0052,0.0051
5,FakeManilaV2,15,1,102,0.2255,0.7736,1.0,1.0
5,FakeManilaV2,15,2,204,0.2353,0.7645,0.0098,0.0092
5,FakeManilaV2,15,3,306,0.2255,0.774,0.0098,0.0095
5,FakeManilaV2,15,4,408,0.2206,0.7787,0.0049,0.0047
5,FakeManilaV2,15,5,510,0.2216,0.7775,0.001,0.0012
5,FakeManilaV2,15,6,612,0.2239,0.7755,0.0023,0.002
5,FakeManilaV2,15,7,714,0.2087,0.791,0.0152,0.0155
5,FakeManilaV2,15,8,816,0.2096,0.7903,0.0009,0.0007
5,FakeManilaV2,15,9,918,0.1993,0.8006,0.0102,0.0103
5,FakeManilaV2,15,10,1024,0.2012,0.7986,0.0018,0.0021
5,FakeManilaV2,16,1,102,0.1667,0.8333,1.0,1.0
5,FakeManilaV2,16,2,204,0.1569,0.8425,0.0098,0.0092
5,FakeManilaV2,16,3,306,0.1765,0.8194,0.0196,0.0231
5,FakeManilaV2,16,4,408,0.1936,0.8054,0.0172,0.014
5,FakeManilaV2,16,5,510,0.1843,0.8151,0.0093,0.0097
5,FakeManilaV2,16,6,612,0.1912,0.8087,0.0069,0.0064
5,FakeManilaV2,16,7,714,0.1877,0.8116,0.0035,0.0029
5,FakeManilaV2,16,8,816,0.1838,0.8153,0.0039,0.0037
5,FakeManilaV2,16,9,918,0.1928,0.8062,0.009,0.0091
5,FakeManilaV2,16,10,1024,0.1895,0.8091,0.0034,0.0029
5,FakeManilaV2,17,1,102,0.2451,0.7537,1.0,1.0
5,FakeManilaV2,17,2,204,0.201,0.793,0.0441,0.0393
5,FakeManilaV2,17,3,306,0.1895,0.8037,0.0114,0.0107
5,FakeManilaV2,17,4,408,0.1912,0.8015,0.0016,0.0022
5,FakeManilaV2,17,5,510,0.1804,0.816,0.0108,0.0145
5,FakeManilaV2,17,6,612,0.1895,0.8064,0.0092,0.0097
5,FakeManilaV2,17,7,714,0.1905,0.8069,0.0009,0.0005
5,FakeManilaV2,17,8,816,0.1949,0.8028,0.0044,0.004
5,FakeManilaV2,17,9,918,0.1895,0.8075,0.0053,0.0047
5,FakeManilaV2,17,10,1024,0.1914,0.8053,0.0019,0.0022
5,FakeManilaV2,18,1,102,0.2255,0.7714,1.0,1.0
5,FakeManilaV2,18,2,204,0.2108,0.788,0.0147,0.0165
5,FakeManilaV2,18,3,306,0.2059,0.7941,0.0049,0.0061
5,FakeManilaV2,18,4,408,0.2108,0.7892,0.0049,0.0049
5,FakeManilaV2,18,5,510,0.2039,0.7961,0.0069,0.0069
5,FakeManilaV2,18,6,612,0.2042,0.7953,0.0003,0.0007
5,FakeManilaV2,18,7,714,0.1919,0.8077,0.0124,0.0123
5,FakeManilaV2,18,8,816,0.1924,0.807,0.0005,0.0006
5,FakeManilaV2,18,9,918,0.195,0.8045,0.0026,0.0025
5,FakeManilaV2,18,10,1024,0.2021,0.7972,0.0072,0.0073
5,FakeManilaV2,19,1,102,0.1667,0.8249,1.0,1.0
5,FakeManilaV2,19,2,204,0.1716,0.8268,0.0049,0.0019
5,FakeManilaV2,19,3,306,0.1732,0.8265,0.0016,0.0003
5,FakeManilaV2,19,4,408,0.1691,0.8309,0.0041,0.0043
5,FakeManilaV2,19,5,510,0.1706,0.8294,0.0015,0.0015
5,FakeManilaV2,19,6,612,0.1683,0.8315,0.0023,0.0021
5,FakeManilaV2,19,7,714,0.1779,0.8215,0.0096,0.01
5,FakeManilaV2,19,8,816,0.1777,0.8217,0.0002,0.0003
5,FakeManilaV2,19,9,918,0.1765,0.8232,0.0012,0.0015
5,FakeManilaV2,19,10,1024,0.1865,0.8131,0.0101,0.0102
8,FakeManilaV2,0,1,50,0.31,0.8017,1.0,1.0
8,FakeManilaV2,0,2,100,0.31,0.8634,0.0,0.0617
8,FakeManilaV2,0,3,150,0.2833,0.8874,0.0267,0.024
8,FakeManilaV2,0,4,200,0.27,0.8991,0.0133,0.0117
8,FakeManilaV2,0,5,250,0.234,0.9191,0.036,0.02
8,FakeManilaV2,0,6,300,0.2133,0.9284,0.0207,0.0092
8,FakeManilaV2,0,7,350,0.2014,0.9245,0.0119,0.0039
8,FakeManilaV2,0,8,400,0.2,0.9225,0.0014,0.002
8,FakeManilaV2,0,9,450,0.1989,0.9249,0.0011,0.0024
8,FakeManilaV2,0,10,500,0.198,0.9286,0.0009,0.0038
8,FakeManilaV2,1,1,50,0.26,0.8887,1.0,1.0
8,FakeManilaV2,1,2,100,0.19,0.9222,0.07,0.0335
8,FakeManilaV2,1,3,150,0.2267,0.9148,0.0367,0.0074
8,FakeManilaV2,1,4,200,0.195,0.9229,0.0317,0.0081
8,FakeManilaV2,1,5,250,0.186,0.9374,0.009,0.0146
8,FakeManilaV2,1,6,300,0.1833,0.9393,0.0027,0.0018
8,FakeManilaV2,1,7,350,0.1814,0.9378,0.0019,0.0015
8,FakeManilaV2,1,8,400,0.18,0.9386,0.0014,0.0008
8,FakeManilaV2,1,9,450,0.1711,0.9427,0.0089,0.004
8,FakeManilaV2,1,10,500,0.154,0.9464,0.0171,0.0037
8,FakeManilaV2,2,1,50,0.33,0.7946,1.0,1.0
8,FakeManilaV2,2,2,100,0.25,0.8859,0.08,0.0914
8,FakeManilaV2,2,3,150,0.2133,0.9186,0.0367,0.0327
8,FakeManilaV2,2,4,200,0.23,0.9228,0.0167,0.0043
8,FakeManilaV2,2,5,250,0.192,0.9389,0.038,0.016
8,FakeManilaV2,2,6,300,0.1967,0.9365,0.0047,0.0024
8,FakeManilaV2,2,7,350,0.1943,0.9345,0.0024,0.002
8,FakeManilaV2,2,8,400,0.19,0.935,0.0043,0.0005
8,FakeManilaV2,2,9,450,0.1978,0.9338,0.0078,0.0012
8,FakeManilaV2,2,10,500,0.202,0.9331,0.0042,0.0007
8,FakeManilaV2,3,1,50,0.34,0.8406,1.0,1.0
8,FakeManilaV2,3,2,100,0.27,0.8702,0.07,0.0296
8,FakeManilaV2,3,3,150,0.2867,0.8666,0.0167,0.0036
8,FakeManilaV2,3,4,200,0.295,0.8576,0.0083,0.009
8,FakeManilaV2,3,5,250,0.272,0.8762,0.023,0.0186
8,FakeManilaV2,3,6,300,0.2467,0.8943,0.0253,0.0181
8,FakeManilaV2,3,7,350,0.2457,0.8965,0.001,0.0022
8,FakeManilaV2,3,8,400,0.2525,0.8948,0.0068,0.0018
8,FakeManilaV2,3,9,450,0.2444,0.8991,0.0081,0.0043
8,FakeManilaV2,3,10,500,0.248,0.8975,0.0036,0.0016
8,FakeManilaV2,4,1,50,0.18,0.9453,1.0,1.0
8,FakeManilaV2,4,2,100,0.18,0.9476,0.0,0.0023
8,FakeManilaV2,4,3,150,0.1867,0.9464,0.0067,0.0012
8,FakeManilaV2,4,4,200,0.165,0.9561,0.0217,0.0096
8,FakeManilaV2,4,5,250,0.17,0.9584,0.005,0.0023
8,FakeManilaV2,4,6,300,0.1667,0.9632,0.0033,0.0048
8,FakeManilaV2,4,7,350,0.16,0.9682,0.0067,0.005
8,FakeManilaV2,4,8,400,0.155,0.9706,0.005,0.0024
8,FakeManilaV2,4,9,450,0.1578,0.9698,0.0028,0.0008
8,FakeManilaV2,4,10,500,0.168,0.9665,0.0102,0.0033
8,FakeManilaV2,5,1,50,0.23,0.8534,1.0,1.0
8,FakeManilaV2,5,2,100,0.21,0.9284,0.02,0.075
8,FakeManilaV2,5,3,150,0.24,0.913,0.03,0.0155
8,FakeManilaV2,5,4,200,0.225,0.9264,0.015,0.0134
8,FakeManilaV2,5,5,250,0.2,0.9433,0.025,0.0169
8,FakeManilaV2,5,6,300,0.21,0.9388,0.01,0.0044
8,FakeManilaV2,5,7,350,0.2,0.9409,0.01,0.0021
8,FakeManilaV2,5,8,400,0.19,0.9451,0.01,0.0042
8,FakeManilaV2,5,9,450,0.1867,0.9499,0.0033,0.0048
8,FakeManilaV2,5,10,500,0.178,0.9547,0.0087,0.0048
8,FakeManilaV2,6,1,50,0.22,0.9309,1.0,1.0
8,FakeManilaV2,6,2,100,0.17,0.9576,0.05,0.0267
8,FakeManilaV2,6,3,150,0.21,0.9353,0.04,0.0223
8,FakeManilaV2,6,4,200,0.195,0.9417,0.015,0.0064
8,FakeManilaV2,6,5,250,0.172,0.9566,0.023,0.0149
8,FakeManilaV2,6,6,300,0.14,0.9696,0.032,0.013
8,FakeManilaV2,6,7,350,0.1343,0.972,0.0057,0.0024
8,FakeManilaV2,6,8,400,0.1325,0.9726,0.0018,0.0006
8,FakeManilaV2,6,9,450,0.1422,0.9715,0.0097,0.0011
8,FakeManilaV2,6,10,500,0.136,0.9721,0.0062,0.0007
8,FakeManilaV2,7,1,50,0.3,0.8573,1.0,1.0
8,FakeManilaV2,7,2,100,0.29,0.8646,0.01,0.0072
8,FakeManilaV2,7,3,150,0.2567,0.8992,0.0333,0.0347
8,FakeManilaV2,7,4,200,0.235,0.9104,0.0217,0.0111
8,FakeManilaV2,7,5,250,0.218,0.9272,0.017,0.0169
8,FakeManilaV2,7,6,300,0.1933,0.9347,0.0247,0.0074
8,FakeManilaV2,7,7,350,0.1729,0.9451,0.0205,0.0104
8,FakeManilaV2,7,8,400,0.175,0.9473,0.0021,0.0022
8,FakeManilaV2,7,9,450,0.1856,0.943,0.0106,0.0044
8,FakeManilaV2,7,10,500,0.178,0.9434,0.0076,0.0005
8,FakeManilaV2,8,1,50,0.22,0.8518,1.0,1.0
8,FakeManilaV2,8,2,100,0.25,0.9075,0.03,0.0557
8,FakeManilaV2,8,3,150,0.2233,0.9255,0.0267,0.018
8,FakeManilaV2,8,4,200,0.22,0.9308,0.0033,0.0053
8,FakeManilaV2,8,5,250,0.202,0.9388,0.018,0.008
8,FakeManilaV2,8,6,300,0.18,0.9444,0.022,0.0056
8,FakeManilaV2,8,7,350,0.1843,0.945,0.0043,0.0006
8,FakeManilaV2,8,8,400,0.185,0.9402,0.0007,0.0048
8,FakeManilaV2,8,9,450,0.1833,0.9475,0.0017,0.0073
8,FakeManilaV2,8,10,500,0.176,0.9519,0.0073,0.0043
8,FakeManilaV2,9,1,50,0.32,0.7666,1.0,1.0
8,FakeManilaV2,9,2,100,0.2,0.9315,0.12,0.1649
8,FakeManilaV2,9,3,150,0.16,0.9574,0.04,0.0259
8,FakeManilaV2,9,4,200,0.185,0.9504,0.025,0.0069
8,FakeManilaV2,9,5,250,0.204,0.9381,0.019,0.0123
8,FakeManilaV2,9,6,300,0.1933,0.9435,0.0107,0.0054
8,FakeManilaV2,9,7,350,0.17,0.9533,0.0233,0.0099
8,FakeManilaV2,9,8,400,0.165,0.9581,0.005,0.0048
8,FakeManilaV2,9,9,450,0.1767,0.9553,0.0117,0.0027
8,FakeManilaV2,9,10,500,0.18,0.9546,0.0033,0.0007
8,FakeManilaV2,10,1,50,0.21,0.9298,1.0,1.0
8,FakeManilaV2,10,2,100,0.19,0.9281,0.02,0.0017
8,FakeManilaV2,10,3,150,0.18,0.949,0.01,0.0209
8,FakeManilaV2,10,4,200,0.145,0.9628,0.035,0.0138
8,FakeManilaV2,10,5,250,0.16,0.959,0.015,0.0038
8,FakeManilaV2,10,6,300,0.16,0.9608,0.0,0.0018
8,FakeManilaV2,10,7,350,0.1543,0.9647,0.0057,0.0039
8,FakeManilaV2,10,8,400,0.145,0.9671,0.0093,0.0023
8,FakeManilaV2,10,9,450,0.1522,0.9628,0.0072,0.0042
8,FakeManilaV2,10,10,500,0.142,0.9696,0.0102,0.0068
8,FakeManilaV2,11,1,50,0.26,0.8903,1.0,1.0
8,FakeManilaV2,11,2,100,0.23,0.9192,0.03,0.0289
8,FakeManilaV2,11,3,150,0.21,0.9353,0.02,0.0162
8,FakeManilaV2,11,4,200,0.215,0.9368,0.005,0.0014
8,FakeManilaV2,11,5,250,0.216,0.9381,0.001,0.0014
8,FakeManilaV2,11,6,300,0.2133,0.9389,0.0027,0.0007
8,FakeManilaV2,11,7,350,0.2157,0.9368,0.0024,0.0021
8,FakeManilaV2,11,8,400,0.22,0.9398,0.0043,0.003
8,FakeManilaV2,11,9,450,0.2133,0.9425,0.0067,0.0026
8,FakeManilaV2,11,10,500,0.204,0.946,0.0093,0.0036
8,FakeManilaV2,12,1,50,0.22,0.8958,1.0,1.0
8,FakeManilaV2,12,2,100,0.18,0.945,0.04,0.0493
8,FakeManilaV2,12,3,150,0.1867,0.9553,0.0067,0.0103
8,FakeManilaV2,12,4,200,0.19,0.9494,0.0033,0.0059
8,FakeManilaV2,12,5,250,0.204,0.9426,0.014,0.0068
8,FakeManilaV2,12,6,300,0.1867,0.954,0.0173,0.0114
8,FakeManilaV2,12,7,350,0.1714,0.9586,0.0152,0.0046
8,FakeManilaV2,12,8,400,0.1725,0.9581,0.0011,0.0004
8,FakeManilaV2,12,9,450,0.1756,0.9561,0.0031,0.002
8,FakeManilaV2,12,10,500,0.174,0.9582,0.0016,0.0021
8,FakeManilaV2,13,1,50,0.28,0.8758,1.0,1.0
8,FakeManilaV2,13,2,100,0.19,0.9461,0.09,0.0703
8,FakeManilaV2,13,3,150,0.1767,0.9506,0.0133,0.0045
8,FakeManilaV2,13,4,200,0.165,0.9486,0.0117,0.002
8,FakeManilaV2,13,5,250,0.158,0.9628,0.007,0.0142
8,FakeManilaV2,13,6,300,0.1467,0.9645,0.0113,0.0017
8,FakeManilaV2,13,7,350,0.1443,0.9668,0.0024,0.0023
8,FakeManilaV2,13,8,400,0.1475,0.9685,0.0032,0.0017
8,FakeManilaV2,13,9,450,0.1489,0.9652,0.0014,0.0033
8,FakeManilaV2,13,10,500,0.156,0.9611,0.0071,0.0041
8,FakeManilaV2,14,1,50,0.21,0.935,1.0,1.0
8,FakeManilaV2,14,2,100,0.15,0.9573,0.06,0.0223
8,FakeManilaV2,14,3,150,0.1933,0.937,0.0433,0.0203
8,FakeManilaV2,14,4,200,0.185,0.9262,0.0083,0.0107
8,FakeManilaV2,14,5,250,0.194,0.9265,0.009,0.0003
8,FakeManilaV2,14,6,300,0.18,0.9386,0.014,0.0121
8,FakeManilaV2,14,7,350,0.1871,0.9414,0.0071,0.0028
8,FakeManilaV2,14,8,400,0.19,0.9393,0.0029,0.0021
8,FakeManilaV2,14,9,450,0.1867,0.9392,0.0033,0.0001
8,FakeManilaV2,14,10,500,0.186,0.9401,0.0007,0.0009
8,FakeManilaV2,15,1,50,0.3,0.8572,1.0,1.0
8,FakeManilaV2,15,2,100,0.28,0.8912,0.02,0.034
8,FakeManilaV2,15,3,150,0.2633,0.9007,0.0167,0.0095
8,FakeManilaV2,15,4,200,0.245,0.9065,0.0183,0.0059
8,FakeManilaV2,15,5,250,0.242,0.9176,0.003,0.011
8,FakeManilaV2,15,6,300,0.2367,0.9226,0.0053,0.005
8,FakeManilaV2,15,7,350,0.2214,0.9309,0.0152,0.0083
8,FakeManilaV2,15,8,400,0.21,0.9336,0.0114,0.0027
8,FakeManilaV2,15,9,450,0.2078,0.9371,0.0022,0.0035
8,FakeManilaV2,15,10,500,0.208,0.9385,0.0002,0.0015
8,FakeManilaV2,16,1,50,0.29,0.8363,1.0,1.0
8,FakeManilaV2,16,2,100,0.31,0.8648,0.02,0.0285
8,FakeManilaV2,16,3,150,0.2567,0.9102,0.0533,0.0454
8,FakeManilaV2,16,4,200,0.23,0.9174,0.0267,0.0072
8,FakeManilaV2,16,5,250,0.206,0.9346,0.024,0.0172
8,FakeManilaV2,16,6,300,0.1933,0.9393,0.0127,0.0047
8,FakeManilaV2,16,7,350,0.1929,0.9392,0.0005,0.0001
8,FakeManilaV2,16,8,400,0.1775,0.9434,0.0154,0.0042
8,FakeManilaV2,16,9,450,0.1811,0.9437,0.0036,0.0003
8,FakeManilaV2,16,10,500,0.184,0.942,0.0029,0.0017
8,FakeManilaV2,17,1,50,0.28,0.8864,1.0,1.0
8,FakeManilaV2,17,2,100,0.12,0.9747,0.16,0.0883
8,FakeManilaV2,17,3,150,0.1433,0.9729,0.0233,0.0017
8,FakeManilaV2,17,4,200,0.14,0.9736,0.0033,0.0007
8,FakeManilaV2,17,5,250,0.15,0.9677,0.01,0.006
8,FakeManilaV2,17,6,300,0.1167,0.9773,0.0333,0.0096
8,FakeManilaV2,17,7,350,0.1129,0.9805,0.0038,0.0032
8,FakeManilaV2,17,8,400,0.0975,0.9842,0.0154,0.0036
8,FakeManilaV2,17,9,450,0.1033,0.9803,0.0058,0.0039
8,FakeManilaV2,17,10,500,0.13,0.9727,0.0267,0.0075
8,FakeManilaV2,18,1,50,0.14,0.9556,1.0,1.0
8,FakeManilaV2,18,2,100,0.18,0.9388,0.04,0.0168
8,FakeManilaV2,18,3,150,0.2167,0.9296,0.0367,0.0092
8,FakeManilaV2,18,4,200,0.245,0.9101,0.0283,0.0195
8,FakeManilaV2,18,5,250,0.222,0.923,0.023,0.0129
8,FakeManilaV2,18,6,300,0.2167,0.9315,0.0053,0.0085
8,FakeManilaV2,18,7,350,0.1943,0.9408,0.0224,0.0093
8,FakeManilaV2,18,8,400,0.1825,0.9419,0.0118,0.0011
8,FakeManilaV2,18,9,450,0.18,0.9446,0.0025,0.0027
8,FakeManilaV2,18,10,500,0.19,0.9394,0.01,0.0052
8,FakeManilaV2,19,1,50,0.23,0.8862,1.0,1.0
8,FakeManilaV2,19,2,100,0.22,0.9291,0.01,0.0429
8,FakeManilaV2,19,3,150,0.1867,0.9485,0.0333,0.0193
8,FakeManilaV2,19,4,200,0.2,0.9454,0.0133,0.003
8,FakeManilaV2,19,5,250,0.166,0.9608,0.034,0.0153
8,FakeManilaV2,19,6,300,0.1667,0.9601,0.0007,0.0006
8,FakeManilaV2,19,7,350,0.1729,0.9545,0.0062,0.0056
8,FakeManilaV2,19,8,400,0.175,0.9558,0.0021,0.0013
8,FakeManilaV2,19,9,450,0.1678,0.9562,0.0072,0.0004
8,FakeManilaV2,19,10,500,0.166,0.9572,0.0018,0.001
15,FakeManilaV2,0,1,100,0.2,0.8138,1.0,1.0
15,FakeManilaV2,0,2,200,0.175,0.8372,0.025,0.0234
15,FakeManilaV2,0,3,300,0.1633,0.8447,0.0117,0.0076
15,FakeManilaV2,0,4,400,0.1525,0.8447,0.0108,0.0
15,FakeManilaV2,0,5,500,0.146,0.8516,0.0065,0.0069
15,FakeManilaV2,0,6,600,0.14,0.8578,0.006,0.0062
15,FakeManilaV2,0,7,700,0.1443,0.8547,0.0043,0.0031
15,FakeManilaV2,0,8,800,0.1463,0.8533,0.002,0.0014
15,FakeManilaV2,0,9,900,0.1411,0.8595,0.0051,0.0061
15,FakeManilaV2,0,10,1000,0.134,0.8651,0.0071,0.0057
15,FakeManilaV2,1,1,100,0.26,0.8268,1.0,1.0
15,FakeManilaV2,1,2,200,0.21,0.8503,0.05,0.0234
15,FakeManilaV2,1,3,300,0.1733,0.8635,0.0367,0.0132
15,FakeManilaV2,1,4,400,0.165,0.8699,0.0083,0.0064
15,FakeManilaV2,1,5,500,0.152,0.88,0.013,0.0101
15,FakeManilaV2,1,6,600,0.1567,0.8854,0.0047,0.0054
15,FakeManilaV2,1,7,700,0.1571,0.8895,0.0005,0.0041
15,FakeManilaV2,1,8,800,0.1713,0.8741,0.0141,0.0154
15,FakeManilaV2,1,9,900,0.1811,0.8706,0.0099,0.0034
15,FakeManilaV2,1,10,1000,0.175,0.8769,0.0061,0.0063
15,FakeManilaV2,2,1,100,0.14,0.901,1.0,1.0
15,FakeManilaV2,2,2,200,0.12,0.8908,0.02,0.0102
15,FakeManilaV2,2,3,300,0.1333,0.8841,0.0133,0.0066
15,FakeManilaV2,2,4,400,0.125,0.8904,0.0083,0.0063
15,FakeManilaV2,2,5,500,0.132,0.8862,0.007,0.0042
15,FakeManilaV2,2,6,600,0.1383,0.8754,0.0063,0.0108
15,FakeManilaV2,2,7,700,0.1457,0.874,0.0074,0.0013
15,FakeManilaV2,2,8,800,0.1437,0.8722,0.002,0.0019
15,FakeManilaV2,2,9,900,0.1422,0.8728,0.0015,0.0006
15,FakeManilaV2,2,10,1000,0.139,0.8762,0.0032,0.0034
15,FakeManilaV2,3,1,100,0.17,0.8498,1.0,1.0
15,FakeManilaV2,3,2,200,0.16,0.8391,0.01,0.0106
15,FakeManilaV2,3,3,300,0.1533,0.8445,0.0067,0.0054
15,FakeManilaV2,3,4,400,0.155,0.8424,0.0017,0.0021
15,FakeManilaV2,3,5,500,0.156,0.8427,0.001,0.0003
15,FakeManilaV2,3,6,600,0.1483,0.8525,0.0077,0.0098
15,FakeManilaV2,3,7,700,0.1471,0.8547,0.0012,0.0022
15,FakeManilaV2,3,8,800,0.1487,0.8504,0.0016,0.0042
15,FakeManilaV2,3,9,900,0.1522,0.8504,0.0035,0.0001
15,FakeManilaV2,3,10,1000,0.154,0.8483,0.0018,0.0021
15,FakeManilaV2,4,1,100,0.13,0.9213,1.0,1.0
15,FakeManilaV2,4,2,200,0.135,0.9081,0.005,0.0132
15,FakeManilaV2,4,3,300,0.1267,0.8931,0.0083,0.015
15,FakeManilaV2,4,4,400,0.155,0.876,0.0283,0.017
15,FakeManilaV2,4,5,500,0.158,0.8683,0.003,0.0077
15,FakeManilaV2,4,6,600,0.15,0.873,0.008,0.0047
15,FakeManilaV2,4,7,700,0.1457,0.8818,0.0043,0.0088
15,FakeManilaV2,4,8,800,0.1438,0.8796,0.002,0.0022
15,FakeManilaV2,4,9,900,0.1522,0.8756,0.0085,0.004
15,FakeManilaV2,4,10,1000,0.158,0.8727,0.0058,0.0029
15,FakeManilaV2,5,1,100,0.19,0.8847,1.0,1.0
15,FakeManilaV2,5,2,200,0.19,0.8575,0.0,0.0273
15,FakeManilaV2,5,3,300,0.1633,0.8913,0.0267,0.0338
15,FakeManilaV2,5,4,400,0.1375,0.8785,0.0258,0.0128
15,FakeManilaV2,5,5,500,0.132,0.8848,0.0055,0.0063
15,FakeManilaV2,5,6,600,0.13,0.8774,0.002,0.0073
15,FakeManilaV2,5,7,700,0.1314,0.8731,0.0014,0.0043
15,FakeManilaV2,5,8,800,0.1313,0.8757,0.0002,0.0026
15,FakeManilaV2,5,9,900,0.1256,0.8758,0.0057,0.0001
15,FakeManilaV2,5,10,1000,0.128,0.8775,0.0024,0.0016
15,FakeManilaV2,6,1,100,0.15,0.8631,1.0,1.0
15,FakeManilaV2,6,2,200,0.175,0.8242,0.025,0.0389
15,FakeManilaV2,6,3,300,0.1733,0.8421,0.0017,0.0179
15,FakeManilaV2,6,4,400,0.1825,0.854,0.0092,0.0119
15,FakeManilaV2,6,5,500,0.17,0.8543,0.0125,0.0003
15,FakeManilaV2,6,6,600,0.1683,0.8559,0.0017,0.0016
15,FakeManilaV2,6,7,700,0.1786,0.8511,0.0102,0.0048
15,FakeManilaV2,6,8,800,0.1588,0.8559,0.0198,0.0048
15,FakeManilaV2,6,9,900,0.1644,0.8513,0.0057,0.0045
15,FakeManilaV2,6,10,1000,0.169,0.8484,0.0046,0.003
15,FakeManilaV2,7,1,100,0.13,0.8779,1.0,1.0
15,FakeManilaV2,7,2,200,0.14,0.8577,0.01,0.0202
15,FakeManilaV2,7,3,300,0.1367,0.8673,0.0033,0.0096
15,FakeManilaV2,7,4,400,0.1325,0.8819,0.0042,0.0146
15,FakeManilaV2,7,5,500,0.13,0.8793,0.0025,0.0026
15,FakeManilaV2,7,6,600,0.145,0.8662,0.015,0.0131
15,FakeManilaV2,7,7,700,0.1471,0.8677,0.0021,0.0015
15,FakeManilaV2,7,8,800,0.15,0.8658,0.0029,0.0019
15,FakeManilaV2,7,9,900,0.1589,0.8602,0.0089,0.0056
15,FakeManilaV2,7,10,1000,0.154,0.8653,0.0049,0.0051
15,FakeManilaV2,8,1,100,0.09,0.9165,1.0,1.0
15,FakeManilaV2,8,2,200,0.085,0.9189,0.005,0.0024
15,FakeManilaV2,8,3,300,0.1167,0.9154,0.0317,0.0035
15,FakeManilaV2,8,4,400,0.1425,0.9002,0.0258,0.0152
15,FakeManilaV2,8,5,500,0.152,0.892,0.0095,0.0083
15,FakeManilaV2,8,6,600,0.1533,0.8842,0.0013,0.0078
15,FakeManilaV2,8,7,700,0.1529,0.8809,0.0005,0.0032
15,FakeManilaV2,8,8,800,0.1562,0.8785,0.0034,0.0024
15,FakeManilaV2,8,9,900,0.1467,0.8863,0.0096,0.0078
15,FakeManilaV2,8,10,1000,0.15,0.8805,0.0033,0.0058
15,FakeManilaV2,9,1,100,0.18,0.8159,1.0,1.0
15,FakeManilaV2,9,2,200,0.195,0.8108,0.015,0.0051
15,FakeManilaV2,9,3,300,0.1867,0.824,0.0083,0.0132
15,FakeManilaV2,9,4,400,0.1775,0.8441,0.0092,0.02
15,FakeManilaV2,9,5,500,0.162,0.8533,0.0155,0.0093
15,FakeManilaV2,9,6,600,0.1533,0.8638,0.0087,0.0105
15,FakeManilaV2,9,7,700,0.16,0.8584,0.0067,0.0054
15,FakeManilaV2,9,8,800,0.1525,0.8609,0.0075,0.0025
15,FakeManilaV2,9,9,900,0.1578,0.8639,0.0053,0.003
15,FakeManilaV2,9,10,1000,0.152,0.8671,0.0058,0.0032
15,FakeManilaV2,10,1,100,0.18,0.8167,1.0,1.0
15,FakeManilaV2,10,2,200,0.195,0.8026,0.015,0.0141
15,FakeManilaV2,10,3,300,0.1833,0.8145,0.0117,0.0118
15,FakeManilaV2,10,4,400,0.1775,0.8193,0.0058,0.0048
15,FakeManilaV2,10,5,500,0.17,0.8266,0.0075,0.0073
15,FakeManilaV2,10,6,600,0.1583,0.8388,0.0117,0.0122
15,FakeManilaV2,10,7,700,0.1571,0.8484,0.0012,0.0096
15,FakeManilaV2,10,8,800,0.1612,0.8486,0.0041,0.0002
15,FakeManilaV2,10,9,900,0.17,0.8472,0.0088,0.0013
15,FakeManilaV2,10,10,1000,0.161,0.8538,0.009,0.0065
15,FakeManilaV2,11,1,100,0.17,0.8256,1.0,1.0
15,FakeManilaV2,11,2,200,0.165,0.8507,0.005,0.0251
15,FakeManilaV2,11,3,300,0.18,0.8432,0.015,0.0075
15,FakeManilaV2,11,4,400,0.185,0.838,0.005,0.0052
15,FakeManilaV2,11,5,500,0.184,0.8346,0.001,0.0034
15,FakeManilaV2,11,6,600,0.1783,0.8473,0.0057,0.0128
15,FakeManilaV2,11,7,700,0.1643,0.8514,0.014,0.0041
15,FakeManilaV2,11,8,800,0.1663,0.8582,0.002,0.0068
15,FakeManilaV2,11,9,900,0.1633,0.859,0.0029,0.0008
15,FakeManilaV2,11,10,1000,0.159,0.8585,0.0043,0.0005
15,FakeManilaV2,12,1,100,0.16,0.9062,1.0,1.0
15,FakeManilaV2,12,2,200,0.17,0.8592,0.01,0.0471
15,FakeManilaV2,12,3,300,0.1633,0.8659,0.0067,0.0068
15,FakeManilaV2,12,4,400,0.1475,0.8818,0.0158,0.0159
15,FakeManilaV2,12,5,500,0.152,0.8689,0.0045,0.0129
15,FakeManilaV2,12,6,600,0.15,0.8693,0.002,0.0004
15,FakeManilaV2,12,7,700,0.1543,0.8646,0.0043,0.0047
15,FakeManilaV2,12,8,800,0.145,0.8664,0.0093,0.0018
15,FakeManilaV2,12,9,900,0.1422,0.8659,0.0028,0.0005
15,FakeManilaV2,12,10,1000,0.14,0.8697,0.0022,0.0038
15,FakeManilaV2,13,1,100,0.2,0.8445,1.0,1.0
15,FakeManilaV2,13,2,200,0.15,0.8658,0.05,0.0213
15,FakeManilaV2,13,3,300,0.1233,0.8744,0.0267,0.0086
15,FakeManilaV2,13,4,400,0.1225,0.881,0.0008,0.0066
15,FakeManilaV2,13,5,500,0.144,0.8787,0.0215,0.0023
15,FakeManilaV2,13,6,600,0.1317,0.8806,0.0123,0.002
15,FakeManilaV2,13,7,700,0.13,0.8791,0.0017,0.0016
15,FakeManilaV2,13,8,800,0.1325,0.8792,0.0025,0.0002
15,FakeManilaV2,13,9,900,0.13,0.8778,0.0025,0.0014
15,FakeManilaV2,13,10,1000,0.131,0.8787,0.001,0.0009
15,FakeManilaV2,14,1,100,0.15,0.9163,1.0,1.0
15,FakeManilaV2,14,2,200,0.115,0.9252,0.035,0.009
15,FakeManilaV2,14,3,300,0.1333,0.9144,0.0183,0.0109
15,FakeManilaV2,14,4,400,0.145,0.9026,0.0117,0.0117
15,FakeManilaV2,14,5,500,0.128,0.9102,0.017,0.0076
15,FakeManilaV2,14,6,600,0.1267,0.9008,0.0013,0.0094
15,FakeManilaV2,14,7,700,0.1271,0.8939,0.0005,0.0069
15,FakeManilaV2,14,8,800,0.13,0.8915,0.0029,0.0024
15,FakeManilaV2,14,9,900,0.1422,0.8861,0.0122,0.0054
15,FakeManilaV2,14,10,1000,0.141,0.8833,0.0012,0.0028
15,FakeManilaV2,15,1,100,0.14,0.8673,1.0,1.0
15,FakeManilaV2,15,2,200,0.145,0.8675,0.005,0.0002
15,FakeManilaV2,15,3,300,0.1433,0.8559,0.0017,0.0116
15,FakeManilaV2,15,4,400,0.135,0.8621,0.0083,0.0062
15,FakeManilaV2,15,5,500,0.13,0.8674,0.005,0.0053
15,FakeManilaV2,15,6,600,0.135,0.862,0.005,0.0054
15,FakeManilaV2,15,7,700,0.1343,0.8621,0.0007,0.0001
15,FakeManilaV2,15,8,800,0.1338,0.8636,0.0005,0.0015
15,FakeManilaV2,15,9,900,0.1367,0.8688,0.0029,0.0052
15,FakeManilaV2,15,10,1000,0.137,0.8653,0.0003,0.0035
15,FakeManilaV2,16,1,100,0.14,0.8596,1.0,1.0
15,FakeManilaV2,16,2,200,0.125,0.8826,0.015,0.023
15,FakeManilaV2,16,3,300,0.1333,0.8736,0.0083,0.009
15,FakeManilaV2,16,4,400,0.115,0.8839,0.0183,0.0103
15,FakeManilaV2,16,5,500,0.13,0.8691,0.015,0.0148
15,FakeManilaV2,16,6,600,0.1317,0.8675,0.0017,0.0016
15,FakeManilaV2,16,7,700,0.1329,0.8661,0.0012,0.0014
15,FakeManilaV2,16,8,800,0.1338,0.8653,0.0009,0.0008
15,FakeManilaV2,16,9,900,0.1322,0.8685,0.0015,0.0031
15,FakeManilaV2,16,10,1000,0.144,0.8608,0.0118,0.0077
15,FakeManilaV2,17,1,100,0.19,0.8865,1.0,1.0
15,FakeManilaV2,17,2,200,0.175,0.8715,0.015,0.015
15,FakeManilaV2,17,3,300,0.17,0.8745,0.005,0.0031
15,FakeManilaV2,17,4,400,0.19,0.8533,0.02,0.0212
15,FakeManilaV2,17,5,500,0.174,0.8652,0.016,0.0119
15,FakeManilaV2,17,6,600,0.17,0.8698,0.004,0.0045
15,FakeManilaV2,17,7,700,0.1643,0.8687,0.0057,0.0011
15,FakeManilaV2,17,8,800,0.17,0.8567,0.0057,0.012
15,FakeManilaV2,17,9,900,0.17,0.8512,0.0,0.0055
15,FakeManilaV2,17,10,1000,0.158,0.8587,0.012,0.0075
15,FakeManilaV2,18,1,100,0.13,0.9025,1.0,1.0
15,FakeManilaV2,18,2,200,0.125,0.8874,0.005,0.0151
15,FakeManilaV2,18,3,300,0.11,0.8895,0.015,0.0021
15,FakeManilaV2,18,4,400,0.1175,0.8885,0.0075,0.001
15,FakeManilaV2,18,5,500,0.106,0.893,0.0115,0.0045
15,FakeManilaV2,18,6,600,0.1117,0.8944,0.0057,0.0014
15,FakeManilaV2,18,7,700,0.1129,0.8937,0.0012,0.0007
15,FakeManilaV2,18,8,800,0.1187,0.8936,0.0059,0.0001
15,FakeManilaV2,18,9,900,0.1211,0.8927,0.0024,0.0009
15,FakeManilaV2,18,10,1000,0.122,0.889,0.0009,0.0037
15,FakeManilaV2,19,1,100,0.22,0.8227,1.0,1.0
15,FakeManilaV2,19,2,200,0.155,0.8615,0.065,0.0388
15,FakeManilaV2,19,3,300,0.1267,0.8849,0.0283,0.0234
15,FakeManilaV2,19,4,400,0.1325,0.8777,0.0058,0.0072
15,FakeManilaV2,19,5,500,0.136,0.882,0.0035,0.0042
15,FakeManilaV2,19,6,600,0.1317,0.8822,0.0043,0.0002
15,FakeManilaV2,19,7,700,0.14,0.8773,0.0083,0.0049
15,FakeManilaV2,19,8,800,0.1338,0.8754,0.0063,0.0019
15,FakeManilaV2,19,9,900,0.1344,0.8708,0.0007,0.0046
15,FakeManilaV2,19,10,1000,0.138,0.8671,0.0036,0.0037
16,FakeManilaV2,0,1,100,0.11,0.983,1.0,1.0
16,FakeManilaV2,0,2,200,0.105,0.9799,0.005,0.003
16,FakeManilaV2,0,3,300,0.0967,0.9853,0.0083,0.0054
16,FakeManilaV2,0,4,400,0.09,0.9911,0.0067,0.0058
16,FakeManilaV2,0,5,500,0.076,0.9937,0.014,0.0026
16,FakeManilaV2,0,6,600,0.0683,0.9948,0.0077,0.0011
16,FakeManilaV2,0,7,700,0.0729,0.9945,0.0045,0.0003
16,FakeManilaV2,0,8,800,0.0738,0.9942,0.0009,0.0003
16,FakeManilaV2,0,9,900,0.0778,0.9938,0.004,0.0004
16,FakeManilaV2,0,10,1000,0.069,0.9951,0.0088,0.0014
16,FakeManilaV2,1,1,100,0.18,0.954,1.0,1.0
16,FakeManilaV2,1,2,200,0.14,0.9697,0.04,0.0156
16,FakeManilaV2,1,3,300,0.1067,0.9823,0.0333,0.0127
16,FakeManilaV2,1,4,400,0.0825,0.9884,0.0242,0.0061
16,FakeManilaV2,1,5,500,0.092,0.9878,0.0095,0.0006
16,FakeManilaV2,1,6,600,0.1,0.9857,0.008,0.0021
16,FakeManilaV2,1,7,700,0.1043,0.9841,0.0043,0.0015
16,FakeManilaV2,1,8,800,0.1062,0.9834,0.002,0.0007
16,FakeManilaV2,1,9,900,0.1122,0.9809,0.006,0.0025
16,FakeManilaV2,1,10,1000,0.108,0.9812,0.0042,0.0002
16,FakeManilaV2,2,1,100,0.12,0.9841,1.0,1.0
16,FakeManilaV2,2,2,200,0.08,0.9934,0.04,0.0093
16,FakeManilaV2,2,3,300,0.0867,0.9924,0.0067,0.0011
16,FakeManilaV2,2,4,400,0.07,0.9943,0.0167,0.0019
16,FakeManilaV2,2,5,500,0.078,0.9922,0.008,0.0021
16,FakeManilaV2,2,6,600,0.0883,0.9904,0.0103,0.0018
16,FakeManilaV2,2,7,700,0.0914,0.989,0.0031,0.0014
16,FakeManilaV2,2,8,800,0.095,0.9885,0.0036,0.0005
16,FakeManilaV2,2,9,900,0.0989,0.988,0.0039,0.0005
16,FakeManilaV2,2,10,1000,0.095,0.989,0.0039,0.001
16,FakeManilaV2,3,1,100,0.04,0.9979,1.0,1.0
16,FakeManilaV2,3,2,200,0.04,0.9968,0.0,0.0011
16,FakeManilaV2,3,3,300,0.05,0.9965,0.01,0.0003
16,FakeManilaV2,3,4,400,0.0525,0.9957,0.0025,0.0008
16,FakeManilaV2,3,5,500,0.03,0.9985,0.0225,0.0028
16,FakeManilaV2,3,6,600,0.04,0.9975,0.01,0.001
16,FakeManilaV2,3,7,700,0.0414,0.9973,0.0014,0.0002
16,FakeManilaV2,3,8,800,0.035,0.9979,0.0064,0.0006
16,FakeManilaV2,3,9,900,0.05,0.9969,0.015,0.001
16,FakeManilaV2,3,10,1000,0.045,0.9974,0.005,0.0005
16,FakeManilaV2,4,1,100,0.11,0.9822,1.0,1.0
16,FakeManilaV2,4,2,200,0.075,0.9914,0.035,0.0091
16,FakeManilaV2,4,3,300,0.06,0.9933,0.015,0.0019
16,FakeManilaV2,4,4,400,0.065,0.9927,0.005,0.0005
16,FakeManilaV2,4,5,500,0.062,0.9941,0.003,0.0013
16,FakeManilaV2,4,6,600,0.0633,0.9938,0.0013,0.0003
16,FakeManilaV2,4,7,700,0.06,0.9939,0.0033,0.0001
16,FakeManilaV2,4,8,800,0.0712,0.9932,0.0113,0.0006
16,FakeManilaV2,4,9,900,0.0722,0.9918,0.001,0.0015
16,FakeManilaV2,4,10,1000,0.078,0.9908,0.0058,0.0009
16,FakeManilaV2,5,1,100,0.09,0.9873,1.0,1.0
16,FakeManilaV2,5,2,200,0.105,0.9883,0.015,0.001
16,FakeManilaV2,5,3,300,0.11,0.9863,0.005,0.002
16,FakeManilaV2,5,4,400,0.0825,0.9923,0.0275,0.006
16,FakeManilaV2,5,5,500,0.072,0.9942,0.0105,0.0019
16,FakeManilaV2,5,6,600,0.065,0.9953,0.007,0.0011
16,FakeManilaV2,5,7,700,0.07,0.9949,0.005,0.0004
16,FakeManilaV2,5,8,800,0.0687,0.995,0.0013,0.0
16,FakeManilaV2,5,9,900,0.0644,0.9952,0.0043,0.0002
16,FakeManilaV2,5,10,1000,0.065,0.9948,0.0006,0.0004
16,FakeManilaV2,6,1,100,0.08,0.9919,1.0,1.0
16,FakeManilaV2,6,2,200,0.02,0.9993,0.06,0.0075
16,FakeManilaV2,6,3,300,0.0433,0.9974,0.0233,0.0019
16,FakeManilaV2,6,4,400,0.0525,0.996,0.0092,0.0014
16,FakeManilaV2,6,5,500,0.042,0.9975,0.0105,0.0016
16,FakeManilaV2,6,6,600,0.0383,0.9979,0.0037,0.0004
16,FakeManilaV2,6,7,700,0.0443,0.9973,0.006,0.0006
16,FakeManilaV2,6,8,800,0.0312,0.9986,0.013,0.0013
16,FakeManilaV2,6,9,900,0.0333,0.9984,0.0021,0.0002
16,FakeManilaV2,6,10,1000,0.04,0.9978,0.0067,0.0007
16,FakeManilaV2,7,1,100,0.04,0.9981,1.0,1.0
16,FakeManilaV2,7,2,200,0.055,0.9957,0.015,0.0024
16,FakeManilaV2,7,3,300,0.0733,0.9926,0.0183,0.0031
16,FakeManilaV2,7,4,400,0.0725,0.9939,0.0008,0.0013
16,FakeManilaV2,7,5,500,0.056,0.9964,0.0165,0.0025
16,FakeManilaV2,7,6,600,0.07,0.9941,0.014,0.0023
16,FakeManilaV2,7,7,700,0.0629,0.9944,0.0071,0.0004
16,FakeManilaV2,7,8,800,0.0612,0.9949,0.0016,0.0004
16,FakeManilaV2,7,9,900,0.0656,0.9938,0.0043,0.0011
16,FakeManilaV2,7,10,1000,0.067,0.9936,0.0014,0.0002
16,FakeManilaV2,8,1,100,0.03,0.9981,1.0,1.0
16,FakeManilaV2,8,2,200,0.02,0.9993,0.01,0.0012
16,FakeManilaV2,8,3,300,0.0567,0.9958,0.0367,0.0035
16,FakeManilaV2,8,4,400,0.065,0.9932,0.0083,0.0026
16,FakeManilaV2,8,5,500,0.066,0.9934,0.001,0.0002
16,FakeManilaV2,8,6,600,0.0617,0.9939,0.0043,0.0005
16,FakeManilaV2,8,7,700,0.0614,0.9942,0.0002,0.0003
16,FakeManilaV2,8,8,800,0.0625,0.994,0.0011,0.0001
16,FakeManilaV2,8,9,900,0.0556,0.995,0.0069,0.0009
16,FakeManilaV2,8,10,1000,0.052,0.9957,0.0036,0.0007
16,FakeManilaV2,9,1,100,0.12,0.9779,1.0,1.0
16,FakeManilaV2,9,2,200,0.125,0.9839,0.005,0.0061
16,FakeManilaV2,9,3,300,0.12,0.9837,0.005,0.0002
16,FakeManilaV2,9,4,400,0.095,0.9871,0.025,0.0034
16,FakeManilaV2,9,5,500,0.078,0.9905,0.017,0.0034
16,FakeManilaV2,9,6,600,0.075,0.9911,0.003,0.0006
16,FakeManilaV2,9,7,700,0.0829,0.9897,0.0079,0.0014
16,FakeManilaV2,9,8,800,0.075,0.9913,0.0079,0.0015
16,FakeManilaV2,9,9,900,0.0778,0.9904,0.0028,0.0009
16,FakeManilaV2,9,10,1000,0.079,0.9903,0.0012,0.0
16,FakeManilaV2,10,1,100,0.08,0.992,1.0,1.0
16,FakeManilaV2,10,2,200,0.06,0.9962,0.02,0.0042
16,FakeManilaV2,10,3,300,0.0633,0.9958,0.0033,0.0004
16,FakeManilaV2,10,4,400,0.0675,0.9946,0.0042,0.0012
16,FakeManilaV2,10,5,500,0.068,0.9941,0.0005,0.0005
16,FakeManilaV2,10,6,600,0.0783,0.9925,0.0103,0.0017
16,FakeManilaV2,10,7,700,0.0786,0.9922,0.0002,0.0003
16,FakeManilaV2,10,8,800,0.08,0.9909,0.0014,0.0013
16,FakeManilaV2,10,9,900,0.0844,0.9894,0.0044,0.0015
16,FakeManilaV2,10,10,1000,0.083,0.9892,0.0014,0.0001
16,FakeManilaV2,11,1,100,0.05,0.9962,1.0,1.0
16,FakeManilaV2,11,2,200,0.055,0.9944,0.005,0.0018
16,FakeManilaV2,11,3,300,0.0567,0.9943,0.0017,0.0001
16,FakeManilaV2,11,4,400,0.05,0.9959,0.0067,0.0016
16,FakeManilaV2,11,5,500,0.06,0.9954,0.01,0.0005
16,FakeManilaV2,11,6,600,0.055,0.9951,0.005,0.0003
16,FakeManilaV2,11,7,700,0.05,0.9968,0.005,0.0017
16,FakeManilaV2,11,8,800,0.0538,0.9952,0.0038,0.0016
16,FakeManilaV2,11,9,900,0.06,0.9943,0.0062,0.001
16,FakeManilaV2,11,10,1000,0.053,0.9954,0.007,0.0012
16,FakeManilaV2,12,1,100,0.07,0.9932,1.0,1.0
16,FakeManilaV2,12,2,200,0.055,0.9942,0.015,0.0009
16,FakeManilaV2,12,3,300,0.04,0.9969,0.015,0.0027
16,FakeManilaV2,12,4,400,0.0425,0.9969,0.0025,0.0001
16,FakeManilaV2,12,5,500,0.06,0.9958,0.0175,0.0011
16,FakeManilaV2,12,6,600,0.075,0.9936,0.015,0.0022
16,FakeManilaV2,12,7,700,0.0757,0.9932,0.0007,0.0004
16,FakeManilaV2,12,8,800,0.075,0.9931,0.0007,0.0001
16,FakeManilaV2,12,9,900,0.0711,0.994,0.0039,0.001
16,FakeManilaV2,12,10,1000,0.068,0.9941,0.0031,0.0
16,FakeManilaV2,13,1,100,0.13,0.9691,1.0,1.0
16,FakeManilaV2,13,2,200,0.095,0.9855,0.035,0.0164
16,FakeManilaV2,13,3,300,0.0767,0.9907,0.0183,0.0051
16,FakeManilaV2,13,4,400,0.0675,0.9932,0.0092,0.0026
16,FakeManilaV2,13,5,500,0.074,0.992,0.0065,0.0013
16,FakeManilaV2,13,6,600,0.07,0.9936,0.004,0.0017
16,FakeManilaV2,13,7,700,0.0686,0.9946,0.0014,0.001
16,FakeManilaV2,13,8,800,0.0625,0.9955,0.0061,0.0009
16,FakeManilaV2,13,9,900,0.0544,0.9954,0.0081,0.0001
16,FakeManilaV2,13,10,1000,0.056,0.9957,0.0016,0.0003
16,FakeManilaV2,14,1,100,0.09,0.9882,1.0,1.0
16,FakeManilaV2,14,2,200,0.12,0.9765,0.03,0.0116
16,FakeManilaV2,14,3,300,0.1233,0.978,0.0033,0.0015
16,FakeManilaV2,14,4,400,0.1225,0.9822,0.0008,0.0043
16,FakeManilaV2,14,5,500,0.1,0.9874,0.0225,0.0052
16,FakeManilaV2,14,6,600,0.0933,0.9867,0.0067,0.0007
16,FakeManilaV2,14,7,700,0.0857,0.989,0.0076,0.0022
16,FakeManilaV2,14,8,800,0.0775,0.9898,0.0082,0.0008
16,FakeManilaV2,14,9,900,0.0811,0.9886,0.0036,0.0012
16,FakeManilaV2,14,10,1000,0.082,0.9886,0.0009,0.0
16,FakeManilaV2,15,1,100,0.03,0.9987,1.0,1.0
16,FakeManilaV2,15,2,200,0.095,0.9886,0.065,0.0101
16,FakeManilaV2,15,3,300,0.05,0.9966,0.045,0.008
16,FakeManilaV2,15,4,400,0.0375,0.9981,0.0125,0.0015
16,FakeManilaV2,15,5,500,0.03,0.9987,0.0075,0.0007
16,FakeManilaV2,15,6,600,0.035,0.9982,0.005,0.0006
16,FakeManilaV2,15,7,700,0.0443,0.997,0.0093,0.0012
16,FakeManilaV2,15,8,800,0.05,0.9963,0.0057,0.0007
16,FakeManilaV2,15,9,900,0.0522,0.9957,0.0022,0.0006
16,FakeManilaV2,15,10,1000,0.052,0.9967,0.0002,0.001
16,FakeManilaV2,16,1,100,0.05,0.9967,1.0,1.0
16,FakeManilaV2,16,2,200,0.035,0.9983,0.015,0.0016
16,FakeManilaV2,16,3,300,0.04,0.998,0.005,0.0003
16,FakeManilaV2,16,4,400,0.0325,0.9984,0.0075,0.0004
16,FakeManilaV2,16,5,500,0.022,0.9993,0.0105,0.0009
16,FakeManilaV2,16,6,600,0.0267,0.999,0.0047,0.0003
16,FakeManilaV2,16,7,700,0.0243,0.9989,0.0024,0.0001
16,FakeManilaV2,16,8,800,0.0288,0.9988,0.0045,0.0001
16,FakeManilaV2,16,9,900,0.0289,0.9987,0.0001,0.0001
16,FakeManilaV2,16,10,1000,0.034,0.9982,0.0051,0.0005
16,FakeManilaV2,17,1,100,0.14,0.9779,1.0,1.0
16,FakeManilaV2,17,2,200,0.13,0.9785,0.01,0.0006
16,FakeManilaV2,17,3,300,0.1033,0.9837,0.0267,0.0052
16,FakeManilaV2,17,4,400,0.105,0.9842,0.0017,0.0004
16,FakeManilaV2,17,5,500,0.108,0.9859,0.003,0.0017
16,FakeManilaV2,17,6,600,0.1,0.9884,0.008,0.0025
16,FakeManilaV2,17,7,700,0.0943,0.99,0.0057,0.0015
16,FakeManilaV2,17,8,800,0.0913,0.9909,0.003,0.001
16,FakeManilaV2,17,9,900,0.0822,0.9925,0.009,0.0016
16,FakeManilaV2,17,10,1000,0.074,0.9933,0.0082,0.0008
16,FakeManilaV2,18,1,100,0.1,0.9853,1.0,1.0
16,FakeManilaV2,18,2,200,0.055,0.9963,0.045,0.011
16,FakeManilaV2,18,3,300,0.0567,0.9955,0.0017,0.0008
16,FakeManilaV2,18,4,400,0.055,0.996,0.0017,0.0005
16,FakeManilaV2,18,5,500,0.046,0.9971,0.009,0.001
16,FakeManilaV2,18,6,600,0.055,0.996,0.009,0.0011
16,FakeManilaV2,18,7,700,0.0486,0.9969,0.0064,0.001
16,FakeManilaV2,18,8,800,0.0462,0.997,0.0023,0.0001
16,FakeManilaV2,18,9,900,0.0489,0.9967,0.0026,0.0003
16,FakeManilaV2,18,10,1000,0.05,0.9965,0.0011,0.0002
16,FakeManilaV2,19,1,100,0.09,0.9891,1.0,1.0
16,FakeManilaV2,19,2,200,0.08,0.9921,0.01,0.003
16,FakeManilaV2,19,3,300,0.06,0.9955,0.02,0.0034
16,FakeManilaV2,19,4,400,0.0525,0.9962,0.0075,0.0007
16,FakeManilaV2,19,5,500,0.062,0.9958,0.0095,0.0004
16,FakeManilaV2,19,6,600,0.0667,0.9951,0.0047,0.0007
16,FakeManilaV2,19,7,700,0.0757,0.9939,0.009,0.0012
16,FakeManilaV2,19,8,800,0.07,0.9947,0.0057,0.0008
16,FakeManilaV2,19,9,900,0.0678,0.9947,0.0022,0.0
16,FakeManilaV2,19,10,1000,0.07,0.9943,0.0022,0.0003
17,FakeManilaV2,0,1,102,0.1078,0.953,1.0,1.0
17,FakeManilaV2,0,2,204,0.1078,0.9121,0.0,0.0409
17,FakeManilaV2,0,3,306,0.1111,0.9052,0.0033,0.0069
17,FakeManilaV2,0,4,408,0.1054,0.9026,0.0057,0.0026
17,FakeManilaV2,0,5,510,0.0941,0.9047,0.0113,0.0022
17,FakeManilaV2,0,6,612,0.0915,0.9078,0.0026,0.0031
17,FakeManilaV2,0,7,714,0.0896,0.9099,0.0019,0.0021
17,FakeManilaV2,0,8,816,0.098,0.9011,0.0084,0.0088
17,FakeManilaV2,0,9,918,0.0959,0.9032,0.0022,0.0021
17,FakeManilaV2,0,10,1024,0.0977,0.9016,0.0018,0.0015
17,FakeManilaV2,1,1,102,0.1275,0.9298,1.0,1.0
17,FakeManilaV2,1,2,204,0.1569,0.8988,0.0294,0.031
17,FakeManilaV2,1,3,306,0.1765,0.8778,0.0196,0.021
17,FakeManilaV2,1,4,408,0.1422,0.8949,0.0343,0.0171
17,FakeManilaV2,1,5,510,0.1745,0.8805,0.0324,0.0144
17,FakeManilaV2,1,6,612,0.1781,0.8802,0.0036,0.0003
17,FakeManilaV2,1,7,714,0.1835,0.8778,0.0054,0.0024
17,FakeManilaV2,1,8,816,0.1814,0.8772,0.0021,0.0006
17,FakeManilaV2,1,9,918,0.1776,0.8803,0.0038,0.0031
17,FakeManilaV2,1,10,1024,0.179,0.8737,0.0015,0.0066
17,FakeManilaV2,2,1,102,0.2745,0.867,1.0,1.0
17,FakeManilaV2,2,2,204,0.25,0.8624,0.0245,0.0045
17,FakeManilaV2,2,3,306,0.2549,0.8626,0.0049,0.0002
17,FakeManilaV2,2,4,408,0.2745,0.8445,0.0196,0.0182
17,FakeManilaV2,2,5,510,0.2471,0.8528,0.0275,0.0084
17,FakeManilaV2,2,6,612,0.2369,0.8563,0.0101,0.0035
17,FakeManilaV2,2,7,714,0.2437,0.8591,0.0068,0.0028
17,FakeManilaV2,2,8,816,0.2439,0.8601,0.0002,0.0011
17,FakeManilaV2,2,9,918,0.2331,0.8648,0.0108,0.0047
17,FakeManilaV2,2,10,1024,0.2282,0.8661,0.0049,0.0013
17,FakeManilaV2,3,1,102,0.1471,0.8912,1.0,1.0
17,FakeManilaV2,3,2,204,0.1225,0.8915,0.0245,0.0004
17,FakeManilaV2,3,3,306,0.1503,0.8634,0.0278,0.0281
17,FakeManilaV2,3,4,408,0.1176,0.8802,0.0327,0.0169
17,FakeManilaV2,3,5,510,0.1176,0.8845,0.0,0.0042
17,FakeManilaV2,3,6,612,0.1176,0.8879,0.0,0.0034
17,FakeManilaV2,3,7,714,0.1064,0.893,0.0112,0.0051
17,FakeManilaV2,3,8,816,0.1066,0.8949,0.0002,0.0019
17,FakeManilaV2,3,9,918,0.1078,0.8904,0.0012,0.0046
17,FakeManilaV2,3,10,1024,0.1065,0.8915,0.0013,0.0011
17,FakeManilaV2,4,1,102,0.0882,0.9425,1.0,1.0
17,FakeManilaV2,4,2,204,0.0784,0.9647,0.0098,0.0223
17,FakeManilaV2,4,3,306,0.0719,0.9626,0.0065,0.0022
17,FakeManilaV2,4,4,408,0.0588,0.9727,0.0131,0.0102
17,FakeManilaV2,4,5,510,0.0843,0.9649,0.0255,0.0078
17,FakeManilaV2,4,6,612,0.0637,0.9675,0.0206,0.0026
17,FakeManilaV2,4,7,714,0.0672,0.9683,0.0035,0.0008
17,FakeManilaV2,4,8,816,0.0723,0.9658,0.0051,0.0026
17,FakeManilaV2,4,9,918,0.061,0.9689,0.0113,0.0032
17,FakeManilaV2,4,10,1024,0.0597,0.9673,0.0013,0.0016
17,FakeManilaV2,5,1,102,0.098,0.9195,1.0,1.0
17,FakeManilaV2,5,2,204,0.1078,0.8906,0.0098,0.0289
17,FakeManilaV2,5,3,306,0.1046,0.8997,0.0033,0.009
17,FakeManilaV2,5,4,408,0.1103,0.8904,0.0057,0.0093
17,FakeManilaV2,5,5,510,0.1118,0.8904,0.0015,0.0
17,FakeManilaV2,5,6,612,0.1258,0.8827,0.0141,0.0077
17,FakeManilaV2,5,7,714,0.112,0.8888,0.0138,0.0061
17,FakeManilaV2,5,8,816,0.1164,0.8933,0.0044,0.0045
17,FakeManilaV2,5,9,918,0.1209,0.89,0.0045,0.0034
17,FakeManilaV2,5,10,1024,0.1252,0.8899,0.0043,0.0001
17,FakeManilaV2,6,1,102,0.2255,0.8215,1.0,1.0
17,FakeManilaV2,6,2,204,0.2059,0.844,0.0196,0.0225
17,FakeManilaV2,6,3,306,0.1961,0.8444,0.0098,0.0005
17,FakeManilaV2,6,4,408,0.1887,0.8582,0.0074,0.0138
17,FakeManilaV2,6,5,510,0.1784,0.8588,0.0103,0.0006
17,FakeManilaV2,6,6,612,0.1748,0.8588,0.0036,0.0001
17,FakeManilaV2,6,7,714,0.1681,0.8659,0.0068,0.0071
17,FakeManilaV2,6,8,816,0.1679,0.8675,0.0002,0.0016
17,FakeManilaV2,6,9,918,0.1754,0.8624,0.0075,0.0051
17,FakeManilaV2,6,10,1024,0.1792,0.8668,0.0038,0.0044
17,FakeManilaV2,7,1,102,0.1176,0.9241,1.0,1.0
17,FakeManilaV2,7,2,204,0.0833,0.9193,0.0343,0.0048
17,FakeManilaV2,7,3,306,0.1275,0.9142,0.0441,0.0051
17,FakeManilaV2,7,4,408,0.1324,0.9045,0.0049,0.0096
17,FakeManilaV2,7,5,510,0.1431,0.8985,0.0108,0.006
17,FakeManilaV2,7,6,612,0.1536,0.8855,0.0105,0.0131
17,FakeManilaV2,7,7,714,0.1401,0.8888,0.0135,0.0033
17,FakeManilaV2,7,8,816,0.1324,0.8909,0.0077,0.0021
17,FakeManilaV2,7,9,918,0.1209,0.898,0.0114,0.0072
17,FakeManilaV2,7,10,1024,0.1271,0.8937,0.0062,0.0043
17,FakeManilaV2,8,1,102,0.0784,0.9749,1.0,1.0
17,FakeManilaV2,8,2,204,0.0637,0.9765,0.0147,0.0015
17,FakeManilaV2,8,3,306,0.0719,0.9697,0.0082,0.0068
17,FakeManilaV2,8,4,408,0.0637,0.9732,0.0082,0.0035
17,FakeManilaV2,8,5,510,0.0706,0.9688,0.0069,0.0044
17,FakeManilaV2,8,6,612,0.0735,0.9645,0.0029,0.0043
17,FakeManilaV2,8,7,714,0.0518,0.9719,0.0217,0.0074
17,FakeManilaV2,8,8,816,0.0564,0.9719,0.0046,0.0
17,FakeManilaV2,8,9,918,0.0479,0.9747,0.0084,0.0027
17,FakeManilaV2,8,10,1024,0.045,0.9735,0.0029,0.0011
17,FakeManilaV2,9,1,102,0.1569,0.9117,1.0,1.0
17,FakeManilaV2,9,2,204,0.1961,0.8741,0.0392,0.0375
17,FakeManilaV2,9,3,306,0.1961,0.8668,0.0,0.0074
17,FakeManilaV2,9,4,408,0.1667,0.8781,0.0294,0.0113
17,FakeManilaV2,9,5,510,0.1529,0.8844,0.0137,0.0063
17,FakeManilaV2,9,6,612,0.1536,0.8758,0.0007,0.0086
17,FakeManilaV2,9,7,714,0.1527,0.8718,0.0009,0.004
17,FakeManilaV2,9,8,816,0.1458,0.8767,0.0068,0.0049
17,FakeManilaV2,9,9,918,0.1405,0.8828,0.0053,0.006
17,FakeManilaV2,9,10,1024,0.1399,0.8781,0.0007,0.0047
17,FakeManilaV2,10,1,102,0.0588,0.9676,1.0,1.0
17,FakeManilaV2,10,2,204,0.0735,0.9708,0.0147,0.0032
17,FakeManilaV2,10,3,306,0.0817,0.9682,0.0082,0.0026
17,FakeManilaV2,10,4,408,0.0809,0.9703,0.0008,0.0022
17,FakeManilaV2,10,5,510,0.1,0.9661,0.0191,0.0043
17,FakeManilaV2,10,6,612,0.1062,0.9561,0.0062,0.0099
17,FakeManilaV2,10,7,714,0.105,0.9571,0.0012,0.001
17,FakeManilaV2,10,8,816,0.1054,0.9586,0.0004,0.0015
17,FakeManilaV2,10,9,918,0.1166,0.9583,0.0112,0.0003
17,FakeManilaV2,10,10,1024,0.1166,0.9581,0.0,0.0002
17,FakeManilaV2,11,1,102,0.1078,0.9065,1.0,1.0
17,FakeManilaV2,11,2,204,0.1373,0.8824,0.0294,0.0241
17,FakeManilaV2,11,3,306,0.1373,0.8766,0.0,0.0058
17,FakeManilaV2,11,4,408,0.1422,0.8784,0.0049,0.0018
17,FakeManilaV2,11,5,510,0.1196,0.8862,0.0225,0.0078
17,FakeManilaV2,11,6,612,0.1176,0.8862,0.002,0.0
17,FakeManilaV2,11,7,714,0.1218,0.8865,0.0042,0.0003
17,FakeManilaV2,11,8,816,0.1152,0.8884,0.0067,0.0019
17,FakeManilaV2,11,9,918,0.1176,0.8819,0.0025,0.0065
17,FakeManilaV2,11,10,1024,0.1242,0.8849,0.0065,0.003
17,FakeManilaV2,12,1,102,0.1373,0.9192,1.0,1.0
17,FakeManilaV2,12,2,204,0.1176,0.9113,0.0196,0.0079
17,FakeManilaV2,12,3,306,0.1275,0.9074,0.0098,0.0039
17,FakeManilaV2,12,4,408,0.1152,0.9068,0.0123,0.0006
17,FakeManilaV2,12,5,510,0.1235,0.911,0.0083,0.0042
17,FakeManilaV2,12,6,612,0.1242,0.9049,0.0007,0.0061
17,FakeManilaV2,12,7,714,0.1246,0.906,0.0005,0.0011
17,FakeManilaV2,12,8,816,0.1189,0.9061,0.0058,0.0001
17,FakeManilaV2,12,9,918,0.1275,0.9046,0.0086,0.0015
17,FakeManilaV2,12,10,1024,0.1243,0.9025,0.0031,0.0021
17,FakeManilaV2,13,1,102,0.1176,0.9105,1.0,1.0
17,FakeManilaV2,13,2,204,0.098,0.8984,0.0196,0.0121
17,FakeManilaV2,13,3,306,0.098,0.9004,0.0,0.002
17,FakeManilaV2,13,4,408,0.1103,0.8888,0.0123,0.0116
17,FakeManilaV2,13,5,510,0.1216,0.8934,0.0113,0.0047
17,FakeManilaV2,13,6,612,0.1242,0.8851,0.0026,0.0083
17,FakeManilaV2,13,7,714,0.1261,0.8816,0.0019,0.0035
17,FakeManilaV2,13,8,816,0.1164,0.888,0.0096,0.0064
17,FakeManilaV2,13,9,918,0.1155,0.8905,0.001,0.0025
17,FakeManilaV2,13,10,1024,0.1173,0.8899,0.0018,0.0006
17,FakeManilaV2,14,1,102,0.1569,0.916,1.0,1.0
17,FakeManilaV2,14,2,204,0.1569,0.9353,0.0,0.0193
17,FakeManilaV2,14,3,306,0.1732,0.9235,0.0163,0.0118
17,FakeManilaV2,14,4,408,0.174,0.9361,0.0008,0.0126
17,FakeManilaV2,14,5,510,0.1529,0.9463,0.0211,0.0103
17,FakeManilaV2,14,6,612,0.1405,0.9519,0.0124,0.0056
17,FakeManilaV2,14,7,714,0.1345,0.9523,0.0061,0.0004
17,FakeManilaV2,14,8,816,0.1225,0.9583,0.0119,0.006
17,FakeManilaV2,14,9,918,0.1242,0.958,0.0016,0.0003
17,FakeManilaV2,14,10,1024,0.1263,0.9573,0.0021,0.0007
17,FakeManilaV2,15,1,102,0.1275,0.9021,1.0,1.0
17,FakeManilaV2,15,2,204,0.1324,0.9005,0.0049,0.0016
17,FakeManilaV2,15,3,306,0.1242,0.8924,0.0082,0.0081
17,FakeManilaV2,15,4,408,0.0956,0.9029,0.0286,0.0105
17,FakeManilaV2,15,5,510,0.0941,0.9049,0.0015,0.002
17,FakeManilaV2,15,6,612,0.0964,0.904,0.0023,0.0008
17,FakeManilaV2,15,7,714,0.105,0.8966,0.0086,0.0075
17,FakeManilaV2,15,8,816,0.1127,0.8863,0.0077,0.0103
17,FakeManilaV2,15,9,918,0.1176,0.8851,0.0049,0.0012
17,FakeManilaV2,15,10,1024,0.1114,0.8885,0.0063,0.0035
17,FakeManilaV2,16,1,102,0.0882,0.9829,1.0,1.0
17,FakeManilaV2,16,2,204,0.0588,0.986,0.0294,0.003
17,FakeManilaV2,16,3,306,0.085,0.978,0.0261,0.008
17,FakeManilaV2,16,4,408,0.0686,0.9679,0.0163,0.0101
17,FakeManilaV2,16,5,510,0.0667,0.9715,0.002,0.0036
17,FakeManilaV2,16,6,612,0.0735,0.9718,0.0069,0.0003
17,FakeManilaV2,16,7,714,0.0798,0.9687,0.0063,0.003
17,FakeManilaV2,16,8,816,0.0772,0.9723,0.0026,0.0036
17,FakeManilaV2,16,9,918,0.0806,0.9721,0.0034,0.0002
17,FakeManilaV2,16,10,1024,0.0861,0.972,0.0055,0.0001
17,FakeManilaV2,17,1,102,0.1471,0.8794,1.0,1.0
17,FakeManilaV2,17,2,204,0.1569,0.8666,0.0098,0.0129
17,FakeManilaV2,17,3,306,0.134,0.8855,0.0229,0.0189
17,FakeManilaV2,17,4,408,0.1324,0.8849,0.0016,0.0005
17,FakeManilaV2,17,5,510,0.1451,0.8931,0.0127,0.0082
17,FakeManilaV2,17,6,612,0.1275,0.8998,0.0176,0.0067
17,FakeManilaV2,17,7,714,0.1359,0.8949,0.0084,0.0049
17,FakeManilaV2,17,8,816,0.136,0.8925,0.0002,0.0024
17,FakeManilaV2,17,9,918,0.1351,0.8892,0.001,0.0033
17,FakeManilaV2,17,10,1024,0.136,0.89,0.0009,0.0008
17,FakeManilaV2,18,1,102,0.1863,0.8535,1.0,1.0
17,FakeManilaV2,18,2,204,0.1912,0.8539,0.0049,0.0004
17,FakeManilaV2,18,3,306,0.1961,0.8412,0.0049,0.0126
17,FakeManilaV2,18,4,408,0.1667,0.8566,0.0294,0.0154
17,FakeManilaV2,18,5,510,0.1706,0.8657,0.0039,0.0091
17,FakeManilaV2,18,6,612,0.1716,0.8608,0.001,0.0049
17,FakeManilaV2,18,7,714,0.1653,0.8647,0.0063,0.0039
17,FakeManilaV2,18,8,816,0.1593,0.8678,0.006,0.0032
17,FakeManilaV2,18,9,918,0.159,0.8705,0.0003,0.0027
17,FakeManilaV2,18,10,1024,0.1596,0.8729,0.0006,0.0024
17,FakeManilaV2,19,1,102,0.1275,0.9811,1.0,1.0
17,FakeManilaV2,19,2,204,0.0931,0.9671,0.0343,0.014
17,FakeManilaV2,19,3,306,0.0621,0.9761,0.031,0.0091
17,FakeManilaV2,19,4,408,0.049,0.9759,0.0131,0.0003
17,FakeManilaV2,19,5,510,0.0549,0.9735,0.0059,0.0024
17,FakeManilaV2,19,6,612,0.0605,0.9754,0.0056,0.0019
17,FakeManilaV2,19,7,714,0.07,0.9737,0.0096,0.0016
17,FakeManilaV2,19,8,816,0.0699,0.9712,0.0002,0.0025
17,FakeManilaV2,19,9,918,0.0654,0.9733,0.0045,0.002
17,FakeManilaV2,19,10,1024,0.0685,0.9715,0.0032,0.0018
18,FakeManilaV2,0,1,102,0.1569,0.8383,1.0,1.0
18,FakeManilaV2,0,2,204,0.1716,0.8206,0.0147,0.0177
18,FakeManilaV2,0,3,306,0.1601,0.8331,0.0114,0.0126
18,FakeManilaV2,0,4,408,0.152,0.8446,0.0082,0.0115
18,FakeManilaV2,0,5,510,0.1471,0.8507,0.0049,0.0061
18,FakeManilaV2,0,6,612,0.1471,0.8501,0.0,0.0006
18,FakeManilaV2,0,7,714,0.1457,0.8524,0.0014,0.0024
18,FakeManilaV2,0,8,816,0.1434,0.8555,0.0023,0.0031
18,FakeManilaV2,0,9,918,0.1471,0.8518,0.0037,0.0037
18,FakeManilaV2,0,10,1024,0.1465,0.8527,0.0006,0.0009
18,FakeManilaV2,1,1,102,0.1373,0.8626,1.0,1.0
18,FakeManilaV2,1,2,204,0.1863,0.8137,0.049,0.0489
18,FakeManilaV2,1,3,306,0.1732,0.8268,0.0131,0.0131
18,FakeManilaV2,1,4,408,0.1642,0.8357,0.009,0.009
18,FakeManilaV2,1,5,510,0.149,0.8508,0.0152,0.0151
18,FakeManilaV2,1,6,612,0.1438,0.8559,0.0052,0.0051
18,FakeManilaV2,1,7,714,0.1429,0.8568,0.0009,0.0009
18,FakeManilaV2,1,8,816,0.1373,0.8623,0.0056,0.0055
18,FakeManilaV2,1,9,918,0.1362,0.8638,0.0011,0.0015
18,FakeManilaV2,1,10,1024,0.1436,0.8564,0.0074,0.0074
18,FakeManilaV2,2,1,102,0.1471,0.8488,1.0,1.0
18,FakeManilaV2,2,2,204,0.1667,0.8304,0.0196,0.0184
18,FakeManilaV2,2,3,306,0.1503,0.8466,0.0163,0.0162
18,FakeManilaV2,2,4,408,0.1422,0.8544,0.0082,0.0078
18,FakeManilaV2,2,5,510,0.1431,0.8535,0.001,0.0009
18,FakeManilaV2,2,6,612,0.1373,0.8604,0.0059,0.0069
18,FakeManilaV2,2,7,714,0.1401,0.8577,0.0028,0.0027
18,FakeManilaV2,2,8,816,0.1397,0.859,0.0004,0.0012
18,FakeManilaV2,2,9,918,0.1438,0.855,0.0041,0.0039
18,FakeManilaV2,2,10,1024,0.1426,0.856,0.0012,0.001
18,FakeManilaV2,3,1,102,0.1078,0.8915,1.0,1.0
18,FakeManilaV2,3,2,204,0.1324,0.8666,0.0245,0.025
18,FakeManilaV2,3,3,306,0.1307,0.8689,0.0016,0.0023
18,FakeManilaV2,3,4,408,0.1471,0.8528,0.0163,0.0161
18,FakeManilaV2,3,5,510,0.1529,0.847,0.0059,0.0058
18,FakeManilaV2,3,6,612,0.152,0.848,0.001,0.0011
18,FakeManilaV2,3,7,714,0.1555,0.8444,0.0035,0.0036
18,FakeManilaV2,3,8,816,0.1495,0.8503,0.006,0.0059
18,FakeManilaV2,3,9,918,0.1547,0.8453,0.0052,0.005
18,FakeManilaV2,3,10,1024,0.1533,0.8466,0.0014,0.0013
18,FakeManilaV2,4,1,102,0.1765,0.8196,1.0,1.0
18,FakeManilaV2,4,2,204,0.1814,0.8172,0.0049,0.0024
18,FakeManilaV2,4,3,306,0.1765,0.823,0.0049,0.0058
18,FakeManilaV2,4,4,408,0.1667,0.8324,0.0098,0.0094
18,FakeManilaV2,4,5,510,0.1569,0.843,0.0098,0.0106
18,FakeManilaV2,4,6,612,0.1618,0.8377,0.0049,0.0053
18,FakeManilaV2,4,7,714,0.1597,0.8399,0.0021,0.0021
18,FakeManilaV2,4,8,816,0.1532,0.8464,0.0065,0.0065
18,FakeManilaV2,4,9,918,0.1601,0.8389,0.0069,0.0074
18,FakeManilaV2,4,10,1024,0.1523,0.8463,0.0078,0.0074
18,FakeManilaV2,5,1,102,0.1765,0.8235,1.0,1.0
18,FakeManilaV2,5,2,204,0.1618,0.838,0.0147,0.0145
18,FakeManilaV2,5,3,306,0.1765,0.8223,0.0147,0.0158
18,FakeManilaV2,5,4,408,0.1838,0.816,0.0074,0.0063
18,FakeManilaV2,5,5,510,0.1824,0.8173,0.0015,0.0013
18,FakeManilaV2,5,6,612,0.1846,0.8147,0.0023,0.0025
18,FakeManilaV2,5,7,714,0.1793,0.8202,0.0054,0.0055
18,FakeManilaV2,5,8,816,0.1752,0.8238,0.004,0.0036
18,FakeManilaV2,5,9,918,0.1732,0.8248,0.002,0.001
18,FakeManilaV2,5,10,1024,0.1748,0.8226,0.0016,0.0022
18,FakeManilaV2,6,1,102,0.1275,0.8689,1.0,1.0
18,FakeManilaV2,6,2,204,0.1667,0.8534,0.0392,0.0156
18,FakeManilaV2,6,3,306,0.1471,0.86,0.0196,0.0066
18,FakeManilaV2,6,4,408,0.1348,0.8702,0.0123,0.0102
18,FakeManilaV2,6,5,510,0.1431,0.854,0.0083,0.0162
18,FakeManilaV2,6,6,612,0.1471,0.854,0.0039,0.0
18,FakeManilaV2,6,7,714,0.1457,0.8547,0.0014,0.0006
18,FakeManilaV2,6,8,816,0.1471,0.857,0.0014,0.0023
18,FakeManilaV2,6,9,918,0.1449,0.8553,0.0022,0.0017
18,FakeManilaV2,6,10,1024,0.1389,0.8569,0.006,0.0016
18,FakeManilaV2,7,1,102,0.1765,0.8229,1.0,1.0
18,FakeManilaV2,7,2,204,0.1765,0.8226,0.0,0.0003
18,FakeManilaV2,7,3,306,0.183,0.8159,0.0065,0.0067
18,FakeManilaV2,7,4,408,0.1716,0.8275,0.0114,0.0116
18,FakeManilaV2,7,5,510,0.1706,0.829,0.001,0.0015
18,FakeManilaV2,7,6,612,0.1732,0.8261,0.0026,0.003
18,FakeManilaV2,7,7,714,0.1639,0.8356,0.0093,0.0096
18,FakeManilaV2,7,8,816,0.1532,0.8467,0.0107,0.0111
18,FakeManilaV2,7,9,918,0.1569,0.8431,0.0037,0.0036
18,FakeManilaV2,7,10,1024,0.1592,0.8408,0.0023,0.0023
18,FakeManilaV2,8,1,102,0.1078,0.8894,1.0,1.0
18,FakeManilaV2,8,2,204,0.1176,0.8882,0.0098,0.0012
18,FakeManilaV2,8,3,306,0.1405,0.8571,0.0229,0.0311
18,FakeManilaV2,8,4,408,0.1275,0.872,0.0131,0.0149
18,FakeManilaV2,8,5,510,0.1373,0.8626,0.0098,0.0094
18,FakeManilaV2,8,6,612,0.1405,0.8594,0.0033,0.0032
18,FakeManilaV2,8,7,714,0.1345,0.8651,0.0061,0.0057
18,FakeManilaV2,8,8,816,0.1299,0.8698,0.0046,0.0047
18,FakeManilaV2,8,9,918,0.1285,0.8709,0.0014,0.0011
18,FakeManilaV2,8,10,1024,0.1309,0.8685,0.0023,0.0024
18,FakeManilaV2,9,1,102,0.1765,0.8226,1.0,1.0
18,FakeManilaV2,9,2,204,0.1373,0.8622,0.0392,0.0396
18,FakeManilaV2,9,3,306,0.1438,0.856,0.0065,0.0063
18,FakeManilaV2,9,4,408,0.1593,0.8407,0.0155,0.0153
18,FakeManilaV2,9,5,510,0.1647,0.8351,0.0054,0.0055
18,FakeManilaV2,9,6,612,0.1683,0.8316,0.0036,0.0035
18,FakeManilaV2,9,7,714,0.1555,0.8445,0.0128,0.0129
18,FakeManilaV2,9,8,816,0.1507,0.8493,0.0047,0.0047
18,FakeManilaV2,9,9,918,0.146,0.854,0.0048,0.0048
18,FakeManilaV2,9,10,1024,0.1484,0.8514,0.0025,0.0026
18,FakeManilaV2,10,1,102,0.0882,0.9118,1.0,1.0
18,FakeManilaV2,10,2,204,0.1422,0.8548,0.0539,0.0569
18,FakeManilaV2,10,3,306,0.1373,0.8617,0.0049,0.0068
18,FakeManilaV2,10,4,408,0.1299,0.8689,0.0074,0.0072
18,FakeManilaV2,10,5,510,0.1373,0.8616,0.0074,0.0073
18,FakeManilaV2,10,6,612,0.1373,0.8615,0.0,0.0
18,FakeManilaV2,10,7,714,0.1429,0.8561,0.0056,0.0054
18,FakeManilaV2,10,8,816,0.1373,0.8612,0.0056,0.0051
18,FakeManilaV2,10,9,918,0.1362,0.8622,0.0011,0.001
18,FakeManilaV2,10,10,1024,0.1328,0.8656,0.0034,0.0034
18,FakeManilaV2,11,1,102,0.1275,0.8777,1.0,1.0
18,FakeManilaV2,11,2,204,0.152,0.8557,0.0245,0.022
18,FakeManilaV2,11,3,306,0.1307,0.8681,0.0212,0.0124
18,FakeManilaV2,11,4,408,0.1348,0.863,0.0041,0.0051
18,FakeManilaV2,11,5,510,0.1333,0.8646,0.0015,0.0016
18,FakeManilaV2,11,6,612,0.1356,0.8631,0.0023,0.0015
18,FakeManilaV2,11,7,714,0.1401,0.858,0.0044,0.0051
18,FakeManilaV2,11,8,816,0.1397,0.8593,0.0004,0.0013
18,FakeManilaV2,11,9,918,0.1362,0.8624,0.0035,0.003
18,FakeManilaV2,11,10,1024,0.1396,0.8581,0.0035,0.0043
18,FakeManilaV2,12,1,102,0.1765,0.8512,1.0,1.0
18,FakeManilaV2,12,2,204,0.201,0.8108,0.0245,0.0404
18,FakeManilaV2,12,3,306,0.1732,0.8286,0.0278,0.0178
18,FakeManilaV2,12,4,408,0.1765,0.8272,0.0033,0.0014
18,FakeManilaV2,12,5,510,0.1725,0.8218,0.0039,0.0054
18,FakeManilaV2,12,6,612,0.1683,0.8295,0.0042,0.0077
18,FakeManilaV2,12,7,714,0.1695,0.8365,0.0012,0.0069
18,FakeManilaV2,12,8,816,0.163,0.8408,0.0065,0.0044
18,FakeManilaV2,12,9,918,0.159,0.8353,0.0039,0.0056
18,FakeManilaV2,12,10,1024,0.1623,0.838,0.0033,0.0027
18,FakeManilaV2,13,1,102,0.1471,0.8471,1.0,1.0
18,FakeManilaV2,13,2,204,0.1471,0.8516,0.0,0.0045
18,FakeManilaV2,13,3,306,0.1373,0.8637,0.0098,0.0122
18,FakeManilaV2,13,4,408,0.1422,0.8535,0.0049,0.0102
18,FakeManilaV2,13,5,510,0.151,0.8438,0.0088,0.0097
18,FakeManilaV2,13,6,612,0.1454,0.8499,0.0056,0.0061
18,FakeManilaV2,13,7,714,0.1401,0.8555,0.0054,0.0056
18,FakeManilaV2,13,8,816,0.1311,0.865,0.0089,0.0095
18,FakeManilaV2,13,9,918,0.134,0.863,0.0029,0.002
18,FakeManilaV2,13,10,1024,0.1338,0.8628,0.0002,0.0002
18,FakeManilaV2,14,1,102,0.1275,0.8725,1.0,1.0
18,FakeManilaV2,14,2,204,0.152,0.8479,0.0245,0.0246
18,FakeManilaV2,14,3,306,0.1373,0.8627,0.0147,0.0148
18,FakeManilaV2,14,4,408,0.1495,0.85,0.0123,0.0127
18,FakeManilaV2,14,5,510,0.1608,0.8392,0.0113,0.0108
18,FakeManilaV2,14,6,612,0.1601,0.8398,0.0007,0.0006
18,FakeManilaV2,14,7,714,0.1597,0.8401,0.0005,0.0003
18,FakeManilaV2,14,8,816,0.1556,0.8437,0.004,0.0036
18,FakeManilaV2,14,9,918,0.1612,0.838,0.0056,0.0057
18,FakeManilaV2,14,10,1024,0.1631,0.836,0.0019,0.0019
18,FakeManilaV2,15,1,102,0.1471,0.865,1.0,1.0
18,FakeManilaV2,15,2,204,0.152,0.8453,0.0049,0.0198
18,FakeManilaV2,15,3,306,0.1373,0.8609,0.0147,0.0156
18,FakeManilaV2,15,4,408,0.1299,0.8677,0.0074,0.0068
18,FakeManilaV2,15,5,510,0.1373,0.8614,0.0074,0.0064
18,FakeManilaV2,15,6,612,0.152,0.8466,0.0147,0.0148
18,FakeManilaV2,15,7,714,0.1457,0.8523,0.0063,0.0057
18,FakeManilaV2,15,8,816,0.1434,0.8541,0.0023,0.0018
18,FakeManilaV2,15,9,918,0.1471,0.8505,0.0037,0.0036
18,FakeManilaV2,15,10,1024,0.1465,0.8518,0.0006,0.0013
18,FakeManilaV2,16,1,102,0.1667,0.8322,1.0,1.0
18,FakeManilaV2,16,2,204,0.1373,0.8591,0.0294,0.0269
18,FakeManilaV2,16,3,306,0.1601,0.8398,0.0229,0.0192
18,FakeManilaV2,16,4,408,0.1495,0.8499,0.0106,0.01
18,FakeManilaV2,16,5,510,0.1529,0.8464,0.0034,0.0035
18,FakeManilaV2,16,6,612,0.1585,0.8404,0.0056,0.0059
18,FakeManilaV2,16,7,714,0.1597,0.8398,0.0012,0.0006
18,FakeManilaV2,16,8,816,0.1593,0.8403,0.0004,0.0005
18,FakeManilaV2,16,9,918,0.1656,0.8341,0.0063,0.0062
18,FakeManilaV2,16,10,1024,0.165,0.8348,0.0005,0.0006
18,FakeManilaV2,17,1,102,0.1765,0.8235,1.0,1.0
18,FakeManilaV2,17,2,204,0.1863,0.8137,0.0098,0.0098
18,FakeManilaV2,17,3,306,0.1699,0.8301,0.0163,0.0163
18,FakeManilaV2,17,4,408,0.1667,0.8333,0.0033,0.0032
18,FakeManilaV2,17,5,510,0.1471,0.8519,0.0196,0.0186
18,FakeManilaV2,17,6,612,0.1536,0.8456,0.0065,0.0063
18,FakeManilaV2,17,7,714,0.1485,0.8503,0.0051,0.0047
18,FakeManilaV2,17,8,816,0.1495,0.8491,0.0011,0.0012
18,FakeManilaV2,17,9,918,0.1416,0.8574,0.0079,0.0083
18,FakeManilaV2,17,10,1024,0.1484,0.8508,0.0068,0.0066
18,FakeManilaV2,18,1,102,0.1961,0.8198,1.0,1.0
18,FakeManilaV2,18,2,204,0.1716,0.8218,0.0245,0.002
18,FakeManilaV2,18,3,306,0.1601,0.8384,0.0114,0.0167
18,FakeManilaV2,18,4,408,0.1593,0.8386,0.0008,0.0002
18,FakeManilaV2,18,5,510,0.1529,0.8451,0.0064,0.0064
18,FakeManilaV2,18,6,612,0.1618,0.8376,0.0088,0.0075
18,FakeManilaV2,18,7,714,0.1541,0.8448,0.0077,0.0073
18,FakeManilaV2,18,8,816,0.1507,0.8476,0.0033,0.0028
18,FakeManilaV2,18,9,918,0.1569,0.8414,0.0061,0.0062
18,FakeManilaV2,18,10,1024,0.1572,0.8415,0.0004,0.0001
18,FakeManilaV2,19,1,102,0.1863,0.8059,1.0,1.0
18,FakeManilaV2,19,2,204,0.152,0.8453,0.0343,0.0394
18,FakeManilaV2,19,3,306,0.134,0.866,0.018,0.0207
18,FakeManilaV2,19,4,408,0.1275,0.8725,0.0065,0.0066
18,FakeManilaV2,19,5,510,0.1353,0.8645,0.0078,0.0081
18,FakeManilaV2,19,6,612,0.1324,0.8672,0.0029,0.0027
18,FakeManilaV2,19,7,714,0.1289,0.8701,0.0035,0.0029
18,FakeManilaV2,19,8,816,0.1311,0.8678,0.0023,0.0023
18,FakeManilaV2,19,9,918,0.1275,0.8716,0.0037,0.0038
18,FakeManilaV2,19,10,1024,0.1279,0.871,0.0005,0.0006
19,FakeManilaV2,0,1,102,0.2353,0.7647,1.0,1.0
19,FakeManilaV2,0,2,204,0.2206,0.7793,0.0147,0.0145
19,FakeManilaV2,0,3,306,0.219,0.781,0.0016,0.0018
19,FakeManilaV2,0,4,408,0.2132,0.7866,0.0057,0.0055
19,FakeManilaV2,0,5,510,0.2176,0.7822,0.0044,0.0043
19,FakeManilaV2,0,6,612,0.2141,0.7859,0.0036,0.0037
19,FakeManilaV2,0,7,714,0.2157,0.784,0.0016,0.0019
19,FakeManilaV2,0,8,816,0.2096,0.7897,0.0061,0.0057
19,FakeManilaV2,0,9,918,0.2124,0.7863,0.0029,0.0034
19,FakeManilaV2,0,10,1024,0.2148,0.7834,0.0024,0.003
19,FakeManilaV2,1,1,102,0.1569,0.8422,1.0,1.0
19,FakeManilaV2,1,2,204,0.1961,0.8038,0.0392,0.0384
19,FakeManilaV2,1,3,306,0.1961,0.8039,0.0,0.0001
19,FakeManilaV2,1,4,408,0.1961,0.8038,0.0,0.0001
19,FakeManilaV2,1,5,510,0.1863,0.8136,0.0098,0.0098
19,FakeManilaV2,1,6,612,0.1895,0.8103,0.0033,0.0033
19,FakeManilaV2,1,7,714,0.1835,0.8162,0.0061,0.0059
19,FakeManilaV2,1,8,816,0.1838,0.816,0.0004,0.0003
19,FakeManilaV2,1,9,918,0.183,0.8165,0.0008,0.0005
19,FakeManilaV2,1,10,1024,0.1865,0.813,0.0035,0.0035
19,FakeManilaV2,2,1,102,0.2353,0.7646,1.0,1.0
19,FakeManilaV2,2,2,204,0.201,0.7943,0.0343,0.0297
19,FakeManilaV2,2,3,306,0.2222,0.7758,0.0212,0.0185
19,FakeManilaV2,2,4,408,0.2108,0.7881,0.0114,0.0123
19,FakeManilaV2,2,5,510,0.2039,0.7945,0.0069,0.0064
19,FakeManilaV2,2,6,612,0.2059,0.7933,0.002,0.0013
19,FakeManilaV2,2,7,714,0.1975,0.8021,0.0084,0.0089
19,FakeManilaV2,2,8,816,0.2022,0.7973,0.0047,0.0048
19,FakeManilaV2,2,9,918,0.1993,0.8001,0.0029,0.0027
19,FakeManilaV2,2,10,1024,0.2061,0.7934,0.0067,0.0067
19,FakeManilaV2,3,1,102,0.1667,0.8329,1.0,1.0
19,FakeManilaV2,3,2,204,0.1569,0.8429,0.0098,0.01
19,FakeManilaV2,3,3,306,0.1765,0.8229,0.0196,0.02
19,FakeManilaV2,3,4,408,0.1887,0.8097,0.0123,0.0132
19,FakeManilaV2,3,5,510,0.1784,0.8201,0.0103,0.0103
19,FakeManilaV2,3,6,612,0.1797,0.8186,0.0013,0.0015
19,FakeManilaV2,3,7,714,0.1807,0.818,0.0009,0.0006
19,FakeManilaV2,3,8,816,0.1814,0.8167,0.0007,0.0013
19,FakeManilaV2,3,9,918,0.1906,0.8068,0.0093,0.0099
19,FakeManilaV2,3,10,1024,0.1895,0.8081,0.0012,0.0013
19,FakeManilaV2,4,1,102,0.2157,0.7843,1.0,1.0
19,FakeManilaV2,4,2,204,0.2206,0.7785,0.0049,0.0058
19,FakeManilaV2,4,3,306,0.2124,0.7866,0.0082,0.0081
19,FakeManilaV2,4,4,408,0.2034,0.7961,0.009,0.0095
19,FakeManilaV2,4,5,510,0.2059,0.7923,0.0025,0.0039
19,FakeManilaV2,4,6,612,0.2157,0.7835,0.0098,0.0087
19,FakeManilaV2,4,7,714,0.2171,0.7821,0.0014,0.0014
19,FakeManilaV2,4,8,816,0.212,0.7865,0.0051,0.0044
19,FakeManilaV2,4,9,918,0.2168,0.7826,0.0048,0.004
19,FakeManilaV2,4,10,1024,0.2139,0.7858,0.0029,0.0032
19,FakeManilaV2,5,1,102,0.1863,0.8128,1.0,1.0
19,FakeManilaV2,5,2,204,0.2059,0.7925,0.0196,0.0203
19,FakeManilaV2,5,3,306,0.2124,0.7837,0.0065,0.0088
19,FakeManilaV2,5,4,408,0.2353,0.762,0.0229,0.0218
19,FakeManilaV2,5,5,510,0.2412,0.756,0.0059,0.006
19,FakeManilaV2,5,6,612,0.2516,0.7454,0.0105,0.0105
19,FakeManilaV2,5,7,714,0.2451,0.7522,0.0065,0.0067
19,FakeManilaV2,5,8,816,0.239,0.7582,0.0061,0.0061
19,FakeManilaV2,5,9,918,0.2375,0.7578,0.0015,0.0004
19,FakeManilaV2,5,10,1024,0.2422,0.7527,0.0047,0.0051
19,FakeManilaV2,6,1,102,0.2451,0.7548,1.0,1.0
19,FakeManilaV2,6,2,204,0.2059,0.7939,0.0392,0.0392
19,FakeManilaV2,6,3,306,0.2092,0.7901,0.0033,0.0038
19,FakeManilaV2,6,4,408,0.1863,0.8122,0.0229,0.022
19,FakeManilaV2,6,5,510,0.1824,0.8154,0.0039,0.0032
19,FakeManilaV2,6,6,612,0.183,0.8156,0.0007,0.0003
19,FakeManilaV2,6,7,714,0.1891,0.8092,0.0061,0.0064
19,FakeManilaV2,6,8,816,0.1924,0.8058,0.0033,0.0034
19,FakeManilaV2,6,9,918,0.1885,0.8096,0.0039,0.0038
19,FakeManilaV2,6,10,1024,0.1885,0.8089,0.0,0.0007
19,FakeManilaV2,7,1,102,0.1961,0.8033,1.0,1.0
19,FakeManilaV2,7,2,204,0.2059,0.792,0.0098,0.0114
19,FakeManilaV2,7,3,306,0.2222,0.7748,0.0163,0.0172
19,FakeManilaV2,7,4,408,0.2108,0.7886,0.0114,0.0138
19,FakeManilaV2,7,5,510,0.2118,0.7878,0.001,0.0008
19,FakeManilaV2,7,6,612,0.2124,0.7871,0.0007,0.0008
19,FakeManilaV2,7,7,714,0.2059,0.7937,0.0065,0.0066
19,FakeManilaV2,7,8,816,0.1973,0.8024,0.0086,0.0087
19,FakeManilaV2,7,9,918,0.1928,0.8071,0.0045,0.0046
19,FakeManilaV2,7,10,1024,0.1943,0.8055,0.0015,0.0016
19,FakeManilaV2,8,1,102,0.1569,0.8421,1.0,1.0
19,FakeManilaV2,8,2,204,0.1814,0.8183,0.0245,0.0238
19,FakeManilaV2,8,3,306,0.1797,0.8183,0.0016,0.0
19,FakeManilaV2,8,4,408,0.174,0.8213,0.0057,0.003
19,FakeManilaV2,8,5,510,0.1784,0.8158,0.0044,0.0055
19,FakeManilaV2,8,6,612,0.1797,0.8135,0.0013,0.0023
19,FakeManilaV2,8,7,714,0.1849,0.8093,0.0051,0.0042
19,FakeManilaV2,8,8,816,0.1985,0.7957,0.0137,0.0136
19,FakeManilaV2,8,9,918,0.2004,0.795,0.0019,0.0007
19,FakeManilaV2,8,10,1024,0.2031,0.793,0.0027,0.0021
19,FakeManilaV2,9,1,102,0.2255,0.7745,1.0,1.0
19,FakeManilaV2,9,2,204,0.1961,0.8038,0.0294,0.0292
19,FakeManilaV2,9,3,306,0.1928,0.8072,0.0033,0.0034
19,FakeManilaV2,9,4,408,0.1887,0.8111,0.0041,0.0039
19,FakeManilaV2,9,5,510,0.198,0.8018,0.0093,0.0094
19,FakeManilaV2,9,6,612,0.2124,0.7873,0.0144,0.0145
19,FakeManilaV2,9,7,714,0.2129,0.7866,0.0005,0.0007
19,FakeManilaV2,9,8,816,0.2157,0.7838,0.0028,0.0028
19,FakeManilaV2,9,9,918,0.2168,0.7826,0.0011,0.0012
19,FakeManilaV2,9,10,1024,0.2109,0.7879,0.0058,0.0053
19,FakeManilaV2,10,1,102,0.1373,0.861,1.0,1.0
19,FakeManilaV2,10,2,204,0.152,0.848,0.0147,0.0129
19,FakeManilaV2,10,3,306,0.1471,0.8529,0.0049,0.0049
19,FakeManilaV2,10,4,408,0.1569,0.8431,0.0098,0.0098
19,FakeManilaV2,10,5,510,0.1549,0.8451,0.002,0.0019
19,FakeManilaV2,10,6,612,0.1667,0.8333,0.0118,0.0117
19,FakeManilaV2,10,7,714,0.1737,0.8263,0.007,0.007
19,FakeManilaV2,10,8,816,0.1838,0.8161,0.0102,0.0102
19,FakeManilaV2,10,9,918,0.1852,0.8147,0.0014,0.0014
19,FakeManilaV2,10,10,1024,0.1914,0.8086,0.0062,0.0061
19,FakeManilaV2,11,1,102,0.2353,0.7646,1.0,1.0
19,FakeManilaV2,11,2,204,0.1961,0.8032,0.0392,0.0386
19,FakeManilaV2,11,3,306,0.2092,0.7905,0.0131,0.0127
19,FakeManilaV2,11,4,408,0.2034,0.7964,0.0057,0.0059
19,FakeManilaV2,11,5,510,0.2059,0.7941,0.0025,0.0023
19,FakeManilaV2,11,6,612,0.2042,0.7957,0.0016,0.0016
19,FakeManilaV2,11,7,714,0.2241,0.7759,0.0198,0.0198
19,FakeManilaV2,11,8,816,0.2145,0.7854,0.0096,0.0096
19,FakeManilaV2,11,9,918,0.2135,0.7865,0.001,0.0011
19,FakeManilaV2,11,10,1024,0.207,0.7929,0.0065,0.0065
19,FakeManilaV2,12,1,102,0.2059,0.8197,1.0,1.0
19,FakeManilaV2,12,2,204,0.2157,0.7918,0.0098,0.0279
19,FakeManilaV2,12,3,306,0.219,0.7739,0.0033,0.0179
19,FakeManilaV2,12,4,408,0.2328,0.7705,0.0139,0.0034
19,FakeManilaV2,12,5,510,0.2314,0.7675,0.0015,0.003
19,FakeManilaV2,12,6,612,0.2255,0.7681,0.0059,0.0006
19,FakeManilaV2,12,7,714,0.2381,0.7715,0.0126,0.0034
19,FakeManilaV2,12,8,816,0.2377,0.7681,0.0004,0.0033
19,FakeManilaV2,12,9,918,0.2244,0.7726,0.0133,0.0045
19,FakeManilaV2,12,10,1024,0.2269,0.7736,0.0025,0.001
19,FakeManilaV2,13,1,102,0.1078,0.8904,1.0,1.0
19,FakeManilaV2,13,2,204,0.1471,0.8517,0.0392,0.0386
19,FakeManilaV2,13,3,306,0.1536,0.8454,0.0065,0.0063
19,FakeManilaV2,13,4,408,0.1593,0.8405,0.0057,0.005
19,FakeManilaV2,13,5,510,0.1706,0.8282,0.0113,0.0122
19,FakeManilaV2,13,6,612,0.1667,0.8329,0.0039,0.0046
19,FakeManilaV2,13,7,714,0.1737,0.826,0.007,0.0068
19,FakeManilaV2,13,8,816,0.1691,0.8308,0.0046,0.0048
19,FakeManilaV2,13,9,918,0.1797,0.8203,0.0106,0.0105
19,FakeManilaV2,13,10,1024,0.1826,0.8173,0.0029,0.0029
19,FakeManilaV2,14,1,102,0.2353,0.7554,1.0,1.0
19,FakeManilaV2,14,2,204,0.2451,0.7495,0.0098,0.006
19,FakeManilaV2,14,3,306,0.2386,0.7532,0.0065,0.0038
19,FakeManilaV2,14,4,408,0.2328,0.7571,0.0057,0.0038
19,FakeManilaV2,14,5,510,0.2216,0.7706,0.0113,0.0135
19,FakeManilaV2,14,6,612,0.2402,0.7542,0.0186,0.0164
19,FakeManilaV2,14,7,714,0.2311,0.7651,0.0091,0.0108
19,FakeManilaV2,14,8,816,0.2292,0.7678,0.0019,0.0027
19,FakeManilaV2,14,9,918,0.2222,0.7744,0.0069,0.0066
19,FakeManilaV2,14,10,1024,0.2119,0.7839,0.0103,0.0095
19,FakeManilaV2,15,1,102,0.2353,0.7643,1.0,1.0
19,FakeManilaV2,15,2,204,0.1912,0.8084,0.0441,0.0442
19,FakeManilaV2,15,3,306,0.2157,0.7833,0.0245,0.0252
19,FakeManilaV2,15,4,408,0.2157,0.7831,0.0,0.0002
19,FakeManilaV2,15,5,510,0.2157,0.7826,0.0,0.0005
19,FakeManilaV2,15,6,612,0.2222,0.7764,0.0065,0.0063
19,FakeManilaV2,15,7,714,0.2241,0.7746,0.0019,0.0018
19,FakeManilaV2,15,8,816,0.2304,0.7686,0.0063,0.006
19,FakeManilaV2,15,9,918,0.2266,0.7729,0.0038,0.0043
19,FakeManilaV2,15,10,1024,0.2227,0.7764,0.0039,0.0035
19,FakeManilaV2,16,1,102,0.1961,0.8038,1.0,1.0
19,FakeManilaV2,16,2,204,0.1716,0.827,0.0245,0.0231
19,FakeManilaV2,16,3,306,0.1961,0.8002,0.0245,0.0267
19,FakeManilaV2,16,4,408,0.1961,0.8027,0.0,0.0024
19,FakeManilaV2,16,5,510,0.1882,0.8108,0.0078,0.0081
19,FakeManilaV2,16,6,612,0.1895,0.81,0.0013,0.0008
19,FakeManilaV2,16,7,714,0.1933,0.8056,0.0037,0.0044
19,FakeManilaV2,16,8,816,0.1936,0.8052,0.0004,0.0004
19,FakeManilaV2,16,9,918,0.195,0.8034,0.0014,0.0019
19,FakeManilaV2,16,10,1024,0.1904,0.8075,0.0046,0.0041
19,FakeManilaV2,17,1,102,0.1667,0.8446,1.0,1.0
19,FakeManilaV2,17,2,204,0.1765,0.8512,0.0098,0.0066
19,FakeManilaV2,17,3,306,0.183,0.8439,0.0065,0.0073
19,FakeManilaV2,17,4,408,0.1912,0.8153,0.0082,0.0286
19,FakeManilaV2,17,5,510,0.1667,0.8272,0.0245,0.0119
19,FakeManilaV2,17,6,612,0.1797,0.8138,0.0131,0.0134
19,FakeManilaV2,17,7,714,0.1835,0.8121,0.0037,0.0017
19,FakeManilaV2,17,8,816,0.1949,0.8017,0.0114,0.0105
19,FakeManilaV2,17,9,918,0.1939,0.8026,0.001,0.001
19,FakeManilaV2,17,10,1024,0.1943,0.8015,0.0004,0.0011
19,FakeManilaV2,18,1,102,0.2059,0.7882,1.0,1.0
19,FakeManilaV2,18,2,204,0.2402,0.7589,0.0343,0.0294
19,FakeManilaV2,18,3,306,0.232,0.7678,0.0082,0.009
19,FakeManilaV2,18,4,408,0.2304,0.7696,0.0016,0.0018
19,FakeManilaV2,18,5,510,0.2118,0.7882,0.0186,0.0186
19,FakeManilaV2,18,6,612,0.2059,0.7937,0.0059,0.0054
19,FakeManilaV2,18,7,714,0.2003,0.7992,0.0056,0.0055
19,FakeManilaV2,18,8,816,0.1936,0.806,0.0067,0.0068
19,FakeManilaV2,18,9,918,0.195,0.8047,0.0014,0.0013
19,FakeManilaV2,18,10,1024,0.1992,0.8004,0.0042,0.0043
19,FakeManilaV2,19,1,102,0.1667,0.8338,1.0,1.0
19,FakeManilaV2,19,2,204,0.1716,0.8272,0.0049,0.0066
19,FakeManilaV2,19,3,306,0.1993,0.8007,0.0278,0.0266
19,FakeManilaV2,19,4,408,0.1912,0.8086,0.0082,0.008
19,FakeManilaV2,19,5,510,0.1863,0.8137,0.0049,0.0051
19,FakeManilaV2,19,6,612,0.1895,0.8104,0.0033,0.0033
19,FakeManilaV2,19,7,714,0.1947,0.8049,0.0051,0.0055
19,FakeManilaV2,19,8,816,0.1985,0.8012,0.0039,0.0037
19,FakeManilaV2,19,9,918,0.1961,0.8038,0.0025,0.0026
19,FakeManilaV2,19,10,1024,0.2031,0.7968,0.007,0.0071
20,FakeManilaV2,0,1,1000,0.012,0.9999,1.0,1.0
20,FakeManilaV2,0,2,2000,0.016,0.9997,0.004,0.0001
20,FakeManilaV2,0,3,3000,0.0133,0.9998,0.0027,0.0001
20,FakeManilaV2,0,4,4000,0.011,0.9999,0.0023,0.0001
20,FakeManilaV2,0,5,5000,0.0092,0.9999,0.0018,0.0
20,FakeManilaV2,0,6,6000,0.0088,0.9999,0.0004,0.0
20,FakeManilaV2,0,7,7000,0.0097,0.9999,0.0009,0.0
20,FakeManilaV2,0,8,8000,0.0129,0.9998,0.0032,0.0001
20,FakeManilaV2,0,9,9000,0.0118,0.9999,0.0011,0.0
20,FakeManilaV2,0,10,10000,0.0122,0.9999,0.0004,0.0
20,FakeManilaV2,1,1,1000,0.016,0.9997,1.0,1.0
20,FakeManilaV2,1,2,2000,0.0025,1.0,0.0135,0.0002
20,FakeManilaV2,1,3,3000,0.0013,1.0,0.0012,0.0
20,FakeManilaV2,1,4,4000,0.0008,1.0,0.0006,0.0
20,FakeManilaV2,1,5,5000,0.0034,1.0,0.0026,0.0
20,FakeManilaV2,1,6,6000,0.0003,1.0,0.0031,0.0
20,FakeManilaV2,1,7,7000,0.003,1.0,0.0027,0.0
20,FakeManilaV2,1,8,8000,0.0051,1.0,0.0021,0.0
20,FakeManilaV2,1,9,9000,0.0064,1.0,0.0013,0.0
20,FakeManilaV2,1,10,10000,0.007,1.0,0.0006,0.0
20,FakeManilaV2,2,1,1000,0.036,0.9987,1.0,1.0
20,FakeManilaV2,2,2,2000,0.0175,0.9997,0.0185,0.001
20,FakeManilaV2,2,3,3000,0.0157,0.9998,0.0018,0.0001
20,FakeManilaV2,2,4,4000,0.018,0.9997,0.0023,0.0001
20,FakeManilaV2,2,5,5000,0.0164,0.9997,0.0016,0.0001
20,FakeManilaV2,2,6,6000,0.0145,0.9998,0.0019,0.0001
20,FakeManilaV2,2,7,7000,0.018,0.9997,0.0035,0.0001
20,FakeManilaV2,2,8,8000,0.0144,0.9998,0.0036,0.0001
20,FakeManilaV2,2,9,9000,0.0133,0.9998,0.001,0.0
20,FakeManilaV2,2,10,10000,0.0125,0.9998,0.0008,0.0
20,FakeManilaV2,3,1,1000,0.009,0.9999,1.0,1.0
20,FakeManilaV2,3,2,2000,0.011,0.9999,0.002,0.0
20,FakeManilaV2,3,3,3000,0.0063,1.0,0.0047,0.0001
20,FakeManilaV2,3,4,4000,0.0005,1.0,0.0058,0.0
20,FakeManilaV2,3,5,5000,0.0012,1.0,0.0007,0.0
20,FakeManilaV2,3,6,6000,0.0033,1.0,0.0021,0.0
20,FakeManilaV2,3,7,7000,0.006,1.0,0.0027,0.0
20,FakeManilaV2,3,8,8000,0.0079,0.9999,0.0019,0.0
20,FakeManilaV2,3,9,9000,0.0073,0.9999,0.0005,0.0
20,FakeManilaV2,3,10,10000,0.0065,1.0,0.0008,0.0
20,FakeManilaV2,4,1,1000,0.035,0.9988,1.0,1.0
20,FakeManilaV2,4,2,2000,0.027,0.9993,0.008,0.0005
20,FakeManilaV2,4,3,3000,0.0227,0.9995,0.0043,0.0002
20,FakeManilaV2,4,4,4000,0.0168,0.9997,0.0059,0.0002
20,FakeManilaV2,4,5,5000,0.0148,0.9998,0.0019,0.0001
20,FakeManilaV2,4,6,6000,0.0137,0.9998,0.0011,0.0
20,FakeManilaV2,4,7,7000,0.0134,0.9998,0.0002,0.0
20,FakeManilaV2,4,8,8000,0.012,0.9999,0.0014,0.0
20,FakeManilaV2,4,9,9000,0.0131,0.9998,0.0011,0.0
20,FakeManilaV2,4,10,10000,0.0137,0.9998,0.0006,0.0
20,FakeManilaV2,5,1,1000,0.014,0.9998,1.0,1.0
20,FakeManilaV2,5,2,2000,0.0085,0.9999,0.0055,0.0001
20,FakeManilaV2,5,3,3000,0.0143,0.9998,0.0058,0.0001
20,FakeManilaV2,5,4,4000,0.0178,0.9997,0.0034,0.0001
20,FakeManilaV2,5,5,5000,0.022,0.9995,0.0042,0.0002
20,FakeManilaV2,5,6,6000,0.0198,0.9996,0.0022,0.0001
20,FakeManilaV2,5,7,7000,0.0207,0.9996,0.0009,0.0
20,FakeManilaV2,5,8,8000,0.0223,0.9995,0.0015,0.0001
20,FakeManilaV2,5,9,9000,0.0222,0.9995,0.0,0.0
20,FakeManilaV2,5,10,10000,0.0231,0.9995,0.0009,0.0
20,FakeManilaV2,6,1,1000,0.039,0.9985,1.0,1.0
20,FakeManilaV2,6,2,2000,0.044,0.9981,0.005,0.0004
20,FakeManilaV2,6,3,3000,0.0413,0.9983,0.0027,0.0002
20,FakeManilaV2,6,4,4000,0.0372,0.9986,0.0041,0.0003
20,FakeManilaV2,6,5,5000,0.0362,0.9987,0.001,0.0001
20,FakeManilaV2,6,6,6000,0.0375,0.9986,0.0013,0.0001
20,FakeManilaV2,6,7,7000,0.0399,0.9984,0.0024,0.0002
20,FakeManilaV2,6,8,8000,0.0396,0.9984,0.0002,0.0
20,FakeManilaV2,6,9,9000,0.04,0.9984,0.0004,0.0
20,FakeManilaV2,6,10,10000,0.0391,0.9985,0.0009,0.0001
20,FakeManilaV2,7,1,1000,0.025,0.9994,1.0,1.0
20,FakeManilaV2,7,2,2000,0.0195,0.9996,0.0055,0.0002
20,FakeManilaV2,7,3,3000,0.0237,0.9994,0.0042,0.0002
20,FakeManilaV2,7,4,4000,0.018,0.9997,0.0057,0.0002
20,FakeManilaV2,7,5,5000,0.019,0.9996,0.001,0.0
20,FakeManilaV2,7,6,6000,0.0228,0.9995,0.0038,0.0002
20,FakeManilaV2,7,7,7000,0.0227,0.9995,0.0001,0.0
20,FakeManilaV2,7,8,8000,0.0229,0.9995,0.0002,0.0
20,FakeManilaV2,7,9,9000,0.0233,0.9995,0.0005,0.0
20,FakeManilaV2,7,10,10000,0.0256,0.9993,0.0023,0.0001
20,FakeManilaV2,8,1,1000,0.016,0.9997,1.0,1.0
20,FakeManilaV2,8,2,2000,0.006,1.0,0.01,0.0002
20,FakeManilaV2,8,3,3000,0.0107,0.9999,0.0047,0.0001
20,FakeManilaV2,8,4,4000,0.0088,0.9999,0.0019,0.0
20,FakeManilaV2,8,5,5000,0.003,1.0,0.0058,0.0001
20,FakeManilaV2,8,6,6000,0.0077,0.9999,0.0047,0.0
20,FakeManilaV2,8,7,7000,0.007,1.0,0.0007,0.0
20,FakeManilaV2,8,8,8000,0.0059,1.0,0.0011,0.0
20,FakeManilaV2,8,9,9000,0.0058,1.0,0.0001,0.0
20,FakeManilaV2,8,10,10000,0.0068,1.0,0.001,0.0
20,FakeManilaV2,9,1,1000,0.034,0.9988,1.0,1.0
20,FakeManilaV2,9,2,2000,0.026,0.9993,0.008,0.0005
20,FakeManilaV2,9,3,3000,0.023,0.9995,0.003,0.0001
20,FakeManilaV2,9,4,4000,0.0225,0.9995,0.0005,0.0
20,FakeManilaV2,9,5,5000,0.0256,0.9993,0.0031,0.0001
20,FakeManilaV2,9,6,6000,0.0255,0.9993,0.0001,0.0
20,FakeManilaV2,9,7,7000,0.0266,0.9993,0.0011,0.0001
20,FakeManilaV2,9,8,8000,0.0256,0.9993,0.0009,0.0
20,FakeManilaV2,9,9,9000,0.0278,0.9992,0.0022,0.0001
20,FakeManilaV2,9,10,10000,0.0294,0.9991,0.0016,0.0001
20,FakeManilaV2,10,1,1000,0.011,0.9999,1.0,1.0
20,FakeManilaV2,10,2,2000,0.0045,1.0,0.0065,0.0001
20,FakeManilaV2,10,3,3000,0.0067,1.0,0.0022,0.0
20,FakeManilaV2,10,4,4000,0.0072,0.9999,0.0006,0.0
20,FakeManilaV2,10,5,5000,0.0022,1.0,0.005,0.0
20,FakeManilaV2,10,6,6000,0.0027,1.0,0.0005,0.0
20,FakeManilaV2,10,7,7000,0.0057,1.0,0.003,0.0
20,FakeManilaV2,10,8,8000,0.0046,1.0,0.0011,0.0
20,FakeManilaV2,10,9,9000,0.0048,1.0,0.0002,0.0
20,FakeManilaV2,10,10,10000,0.0062,1.0,0.0014,0.0
20,FakeManilaV2,11,1,1000,0.006,1.0,1.0,1.0
20,FakeManilaV2,11,2,2000,0.0025,1.0,0.0035,0.0
20,FakeManilaV2,11,3,3000,0.0053,1.0,0.0028,0.0
20,FakeManilaV2,11,4,4000,0.0063,1.0,0.0009,0.0
20,FakeManilaV2,11,5,5000,0.0122,0.9999,0.0059,0.0001
20,FakeManilaV2,11,6,6000,0.0115,0.9999,0.0007,0.0
20,FakeManilaV2,11,7,7000,0.0104,0.9999,0.0011,0.0
20,FakeManilaV2,11,8,8000,0.0093,0.9999,0.0012,0.0
20,FakeManilaV2,11,9,9000,0.0118,0.9999,0.0025,0.0001
20,FakeManilaV2,11,10,10000,0.013,0.9998,0.0012,0.0
20,FakeManilaV2,12,1,1000,0.02,0.9996,1.0,1.0
20,FakeManilaV2,12,2,2000,0.0235,0.9994,0.0035,0.0002
20,FakeManilaV2,12,3,3000,0.0323,0.999,0.0088,0.0005
20,FakeManilaV2,12,4,4000,0.031,0.999,0.0013,0.0001
20,FakeManilaV2,12,5,5000,0.0346,0.9988,0.0036,0.0002
20,FakeManilaV2,12,6,6000,0.0355,0.9987,0.0009,0.0001
20,FakeManilaV2,12,7,7000,0.0346,0.9988,0.0009,0.0001
20,FakeManilaV2,12,8,8000,0.031,0.999,0.0036,0.0002
20,FakeManilaV2,12,9,9000,0.0346,0.9988,0.0036,0.0002
20,FakeManilaV2,12,10,10000,0.0369,0.9986,0.0023,0.0002
20,FakeManilaV2,13,1,1000,0.017,0.9997,1.0,1.0
20,FakeManilaV2,13,2,2000,0.01,0.9999,0.007,0.0002
20,FakeManilaV2,13,3,3000,0.009,0.9999,0.001,0.0
20,FakeManilaV2,13,4,4000,0.0108,0.9999,0.0018,0.0
20,FakeManilaV2,13,5,5000,0.0138,0.9998,0.003,0.0001
20,FakeManilaV2,13,6,6000,0.013,0.9998,0.0008,0.0
20,FakeManilaV2,13,7,7000,0.0104,0.9999,0.0026,0.0001
20,FakeManilaV2,13,8,8000,0.0116,0.9999,0.0012,0.0
20,FakeManilaV2,13,9,9000,0.0116,0.9999,0.0001,0.0
20,FakeManilaV2,13,10,10000,0.0068,1.0,0.0048,0.0001
20,FakeManilaV2,14,1,1000,0.034,0.9988,1.0,1.0
20,FakeManilaV2,14,2,2000,0.035,0.9988,0.001,0.0001
20,FakeManilaV2,14,3,3000,0.0327,0.9989,0.0023,0.0002
20,FakeManilaV2,14,4,4000,0.032,0.999,0.0007,0.0
20,FakeManilaV2,14,5,5000,0.027,0.9993,0.005,0.0003
20,FakeManilaV2,14,6,6000,0.0267,0.9993,0.0003,0.0
20,FakeManilaV2,14,7,7000,0.025,0.9994,0.0017,0.0001
20,FakeManilaV2,14,8,8000,0.0244,0.9994,0.0006,0.0
20,FakeManilaV2,14,9,9000,0.0241,0.9994,0.0003,0.0
20,FakeManilaV2,14,10,10000,0.0252,0.9994,0.0011,0.0001
20,FakeManilaV2,15,1,1000,0.013,0.9998,1.0,1.0
20,FakeManilaV2,15,2,2000,0.013,0.9998,0.0,0.0
20,FakeManilaV2,15,3,3000,0.018,0.9997,0.005,0.0002
20,FakeManilaV2,15,4,4000,0.02,0.9996,0.002,0.0001
20,FakeManilaV2,15,5,5000,0.019,0.9996,0.001,0.0
20,FakeManilaV2,15,6,6000,0.0183,0.9997,0.0007,0.0
20,FakeManilaV2,15,7,7000,0.0234,0.9995,0.0051,0.0002
20,FakeManilaV2,15,8,8000,0.0235,0.9994,0.0001,0.0
20,FakeManilaV2,15,9,9000,0.0242,0.9994,0.0007,0.0
20,FakeManilaV2,15,10,10000,0.0253,0.9994,0.0011,0.0001
20,FakeManilaV2,16,1,1000,0.003,1.0,1.0,1.0
20,FakeManilaV2,16,2,2000,0.0145,0.9998,0.0115,0.0002
20,FakeManilaV2,16,3,3000,0.0133,0.9998,0.0012,0.0
20,FakeManilaV2,16,4,4000,0.009,0.9999,0.0043,0.0001
20,FakeManilaV2,16,5,5000,0.0114,0.9999,0.0024,0.0
20,FakeManilaV2,16,6,6000,0.0137,0.9998,0.0023,0.0001
20,FakeManilaV2,16,7,7000,0.012,0.9999,0.0017,0.0
20,FakeManilaV2,16,8,8000,0.0169,0.9997,0.0049,0.0001
20,FakeManilaV2,16,9,9000,0.0153,0.9998,0.0015,0.0
20,FakeManilaV2,16,10,10000,0.0151,0.9998,0.0002,0.0
20,FakeManilaV2,17,1,1000,0.003,1.0,1.0,1.0
20,FakeManilaV2,17,2,2000,0.0095,0.9999,0.0065,0.0001
20,FakeManilaV2,17,3,3000,0.0017,1.0,0.0078,0.0001
20,FakeManilaV2,17,4,4000,0.0038,1.0,0.0021,0.0
20,FakeManilaV2,17,5,5000,0.0018,1.0,0.002,0.0
20,FakeManilaV2,17,6,6000,0.0017,1.0,0.0001,0.0
20,FakeManilaV2,17,7,7000,0.002,1.0,0.0003,0.0
20,FakeManilaV2,17,8,8000,0.0089,0.9999,0.0069,0.0001
20,FakeManilaV2,17,9,9000,0.0088,0.9999,0.0001,0.0
20,FakeManilaV2,17,10,10000,0.0077,0.9999,0.0011,0.0
20,FakeManilaV2,18,1,1000,0.003,1.0,1.0,1.0
20,FakeManilaV2,18,2,2000,0.006,1.0,0.003,0.0
20,FakeManilaV2,18,3,3000,0.008,0.9999,0.002,0.0
20,FakeManilaV2,18,4,4000,0.003,1.0,0.005,0.0001
20,FakeManilaV2,18,5,5000,0.0036,1.0,0.0006,0.0
20,FakeManilaV2,18,6,6000,0.0012,1.0,0.0024,0.0
20,FakeManilaV2,18,7,7000,0.002,1.0,0.0008,0.0
20,FakeManilaV2,18,8,8000,0.0024,1.0,0.0004,0.0
20,FakeManilaV2,18,9,9000,0.0053,1.0,0.003,0.0
20,FakeManilaV2,18,10,10000,0.0053,1.0,0.0,0.0
20,FakeManilaV2,19,1,1000,0.013,0.9998,1.0,1.0
20,FakeManilaV2,19,2,2000,0.0035,1.0,0.0095,0.0002
20,FakeManilaV2,19,3,3000,0.015,0.9998,0.0115,0.0002
20,FakeManilaV2,19,4,4000,0.0138,0.9998,0.0013,0.0
20,FakeManilaV2,19,5,5000,0.0088,0.9999,0.0049,0.0001
20,FakeManilaV2,19,6,6000,0.0052,1.0,0.0036,0.0001
20,FakeManilaV2,19,7,7000,0.0041,1.0,0.001,0.0
20,FakeManilaV2,19,8,8000,0.0038,1.0,0.0004,0.0
20,FakeManilaV2,19,9,9000,0.0044,1.0,0.0007,0.0
20,FakeManilaV2,19,10,10000,0.0062,1.0,0.0018,0.0
25,FakeManilaV2,0,1,102,0.3235,0.8091,1.0,1.0
25,FakeManilaV2,0,2,204,0.3039,0.852,0.0196,0.0429
25,FakeManilaV2,0,3,306,0.2778,0.8738,0.0261,0.0218
25,FakeManilaV2,0,4,408,0.2721,0.8793,0.0057,0.0055
25,FakeManilaV2,0,5,510,0.2627,0.8887,0.0093,0.0095
25,FakeManilaV2,0,6,612,0.268,0.8888,0.0052,0.0001
25,FakeManilaV2,0,7,714,0.2633,0.8923,0.0047,0.0035
25,FakeManilaV2,0,8,816,0.2574,0.8993,0.006,0.007
25,FakeManilaV2,0,9,918,0.2593,0.8966,0.0019,0.0027
25,FakeManilaV2,0,10,1024,0.259,0.8966,0.0003,0.0001
25,FakeManilaV2,1,1,102,0.1863,0.929,1.0,1.0
25,FakeManilaV2,1,2,204,0.1912,0.9515,0.0049,0.0225
25,FakeManilaV2,1,3,306,0.2059,0.9457,0.0147,0.0058
25,FakeManilaV2,1,4,408,0.1863,0.9538,0.0196,0.0081
25,FakeManilaV2,1,5,510,0.1843,0.9557,0.002,0.0018
25,FakeManilaV2,1,6,612,0.1797,0.9582,0.0046,0.0025
25,FakeManilaV2,1,7,714,0.1793,0.9564,0.0005,0.0017
25,FakeManilaV2,1,8,816,0.1801,0.9561,0.0009,0.0003
25,FakeManilaV2,1,9,918,0.1819,0.9549,0.0018,0.0012
25,FakeManilaV2,1,10,1024,0.1796,0.9568,0.0023,0.0019
25,FakeManilaV2,2,1,102,0.2157,0.8939,1.0,1.0
25,FakeManilaV2,2,2,204,0.1814,0.9274,0.0343,0.0335
25,FakeManilaV2,2,3,306,0.2059,0.9036,0.0245,0.0239
25,FakeManilaV2,2,4,408,0.2108,0.9066,0.0049,0.0031
25,FakeManilaV2,2,5,510,0.2314,0.9071,0.0206,0.0005
25,FakeManilaV2,2,6,612,0.2222,0.9098,0.0092,0.0027
25,FakeManilaV2,2,7,714,0.2227,0.9094,0.0005,0.0005
25,FakeManilaV2,2,8,816,0.2218,0.9107,0.0009,0.0014
25,FakeManilaV2,2,9,918,0.2157,0.9123,0.0061,0.0015
25,FakeManilaV2,2,10,1024,0.204,0.9186,0.0117,0.0063
25,FakeManilaV2,3,1,102,0.2549,0.8586,1.0,1.0
25,FakeManilaV2,3,2,204,0.2745,0.8619,0.0196,0.0033
25,FakeManilaV2,3,3,306,0.2484,0.8749,0.0261,0.013
25,FakeManilaV2,3,4,408,0.2451,0.8792,0.0033,0.0043
25,FakeManilaV2,3,5,510,0.2333,0.8908,0.0118,0.0117
25,FakeManilaV2,3,6,612,0.232,0.8905,0.0013,0.0004
25,FakeManilaV2,3,7,714,0.2339,0.8886,0.0019,0.0019
25,FakeManilaV2,3,8,816,0.2279,0.8956,0.006,0.007
25,FakeManilaV2,3,9,918,0.2179,0.9007,0.0101,0.0051
25,FakeManilaV2,3,10,1024,0.2187,0.8987,0.0009,0.002
25,FakeManilaV2,4,1,102,0.1863,0.933,1.0,1.0
25,FakeManilaV2,4,2,204,0.1373,0.9532,0.049,0.0202
25,FakeManilaV2,4,3,306,0.1307,0.9638,0.0065,0.0106
25,FakeManilaV2,4,4,408,0.1127,0.9715,0.018,0.0077
25,FakeManilaV2,4,5,510,0.1255,0.9703,0.0127,0.0012
25,FakeManilaV2,4,6,612,0.1291,0.9698,0.0036,0.0005
25,FakeManilaV2,4,7,714,0.1261,0.9697,0.003,0.0
25,FakeManilaV2,4,8,816,0.1299,0.9696,0.0039,0.0001
25,FakeManilaV2,4,9,918,0.1285,0.97,0.0014,0.0004
25,FakeManilaV2,4,10,1024,0.1362,0.9666,0.0077,0.0034
25,FakeManilaV2,5,1,102,0.2059,0.9187,1.0,1.0
25,FakeManilaV2,5,2,204,0.1961,0.9418,0.0098,0.0231
25,FakeManilaV2,5,3,306,0.1699,0.959,0.0261,0.0171
25,FakeManilaV2,5,4,408,0.1446,0.9731,0.0253,0.0141
25,FakeManilaV2,5,5,510,0.1314,0.9781,0.0132,0.005
25,FakeManilaV2,5,6,612,0.1438,0.9747,0.0124,0.0034
25,FakeManilaV2,5,7,714,0.1373,0.9773,0.0065,0.0027
25,FakeManilaV2,5,8,816,0.1495,0.974,0.0123,0.0034
25,FakeManilaV2,5,9,918,0.1471,0.9748,0.0025,0.0008
25,FakeManilaV2,5,10,1024,0.1381,0.977,0.009,0.0022
25,FakeManilaV2,6,1,102,0.2549,0.899,1.0,1.0
25,FakeManilaV2,6,2,204,0.2255,0.913,0.0294,0.014
25,FakeManilaV2,6,3,306,0.2353,0.9055,0.0098,0.0075
25,FakeManilaV2,6,4,408,0.223,0.9128,0.0123,0.0073
25,FakeManilaV2,6,5,510,0.2078,0.9122,0.0152,0.0006
25,FakeManilaV2,6,6,612,0.2075,0.9121,0.0003,0.0001
25,FakeManilaV2,6,7,714,0.1989,0.9165,0.0086,0.0045
25,FakeManilaV2,6,8,816,0.1985,0.9201,0.0004,0.0036
25,FakeManilaV2,6,9,918,0.2037,0.9184,0.0052,0.0016
25,FakeManilaV2,6,10,1024,0.1989,0.9218,0.0048,0.0034
25,FakeManilaV2,7,1,102,0.1765,0.9205,1.0,1.0
25,FakeManilaV2,7,2,204,0.2157,0.929,0.0392,0.0085
25,FakeManilaV2,7,3,306,0.1993,0.9337,0.0163,0.0048
25,FakeManilaV2,7,4,408,0.1985,0.9318,0.0008,0.002
25,FakeManilaV2,7,5,510,0.202,0.9289,0.0034,0.0029
25,FakeManilaV2,7,6,612,0.201,0.9256,0.001,0.0032
25,FakeManilaV2,7,7,714,0.2129,0.9183,0.0119,0.0074
25,FakeManilaV2,7,8,816,0.2194,0.9121,0.0065,0.0061
25,FakeManilaV2,7,9,918,0.2179,0.9133,0.0015,0.0012
25,FakeManilaV2,7,10,1024,0.213,0.9149,0.0048,0.0016
25,FakeManilaV2,8,1,102,0.2255,0.8949,1.0,1.0
25,FakeManilaV2,8,2,204,0.1716,0.939,0.0539,0.0441
25,FakeManilaV2,8,3,306,0.1601,0.9437,0.0114,0.0047
25,FakeManilaV2,8,4,408,0.1642,0.9404,0.0041,0.0033
25,FakeManilaV2,8,5,510,0.151,0.9455,0.0132,0.0051
25,FakeManilaV2,8,6,612,0.1471,0.9454,0.0039,0.0002
25,FakeManilaV2,8,7,714,0.1499,0.9479,0.0028,0.0025
25,FakeManilaV2,8,8,816,0.1458,0.9491,0.004,0.0012
25,FakeManilaV2,8,9,918,0.1427,0.9496,0.0031,0.0006
25,FakeManilaV2,8,10,1024,0.1482,0.9486,0.0055,0.0011
25,FakeManilaV2,9,1,102,0.2157,0.8797,1.0,1.0
25,FakeManilaV2,9,2,204,0.1961,0.9298,0.0196,0.05
25,FakeManilaV2,9,3,306,0.1863,0.9369,0.0098,0.0071
25,FakeManilaV2,9,4,408,0.152,0.944,0.0343,0.0071
25,FakeManilaV2,9,5,510,0.1569,0.9508,0.0049,0.0068
25,FakeManilaV2,9,6,612,0.1471,0.9529,0.0098,0.0022
25,FakeManilaV2,9,7,714,0.1401,0.9546,0.007,0.0017
25,FakeManilaV2,9,8,816,0.1324,0.96,0.0077,0.0053
25,FakeManilaV2,9,9,918,0.1394,0.957,0.0071,0.003
25,FakeManilaV2,9,10,1024,0.132,0.9593,0.0075,0.0024
25,FakeManilaV2,10,1,102,0.1863,0.9298,1.0,1.0
25,FakeManilaV2,10,2,204,0.1667,0.9489,0.0196,0.0191
25,FakeManilaV2,10,3,306,0.1438,0.9518,0.0229,0.0029
25,FakeManilaV2,10,4,408,0.152,0.9521,0.0082,0.0003
25,FakeManilaV2,10,5,510,0.1471,0.9551,0.0049,0.003
25,FakeManilaV2,10,6,612,0.1471,0.9512,0.0,0.0039
25,FakeManilaV2,10,7,714,0.1485,0.9506,0.0014,0.0006
25,FakeManilaV2,10,8,816,0.1495,0.9464,0.0011,0.0042
25,FakeManilaV2,10,9,918,0.1503,0.9483,0.0008,0.0018
25,FakeManilaV2,10,10,1024,0.1563,0.9478,0.006,0.0005
25,FakeManilaV2,11,1,102,0.1667,0.9195,1.0,1.0
25,FakeManilaV2,11,2,204,0.1078,0.9638,0.0588,0.0443
25,FakeManilaV2,11,3,306,0.1078,0.9613,0.0,0.0024
25,FakeManilaV2,11,4,408,0.1127,0.9691,0.0049,0.0077
25,FakeManilaV2,11,5,510,0.1137,0.973,0.001,0.0039
25,FakeManilaV2,11,6,612,0.1209,0.9703,0.0072,0.0027
25,FakeManilaV2,11,7,714,0.1204,0.9703,0.0005,0.0
25,FakeManilaV2,11,8,816,0.1336,0.9672,0.0131,0.003
25,FakeManilaV2,11,9,918,0.1318,0.9663,0.0018,0.0009
25,FakeManilaV2,11,10,1024,0.1288,0.9685,0.003,0.0021
25,FakeManilaV2,12,1,102,0.2451,0.9036,1.0,1.0
25,FakeManilaV2,12,2,204,0.2402,0.9296,0.0049,0.0261
25,FakeManilaV2,12,3,306,0.1928,0.9456,0.0474,0.0159
25,FakeManilaV2,12,4,408,0.174,0.9524,0.0188,0.0069
25,FakeManilaV2,12,5,510,0.1569,0.9596,0.0172,0.0072
25,FakeManilaV2,12,6,612,0.1699,0.9586,0.0131,0.0011
25,FakeManilaV2,12,7,714,0.1737,0.9563,0.0037,0.0022
25,FakeManilaV2,12,8,816,0.1654,0.9602,0.0082,0.0039
25,FakeManilaV2,12,9,918,0.1634,0.961,0.002,0.0008
25,FakeManilaV2,12,10,1024,0.1655,0.9617,0.0021,0.0007
25,FakeManilaV2,13,1,102,0.1569,0.9574,1.0,1.0
25,FakeManilaV2,13,2,204,0.1569,0.9665,0.0,0.0091
25,FakeManilaV2,13,3,306,0.1438,0.9693,0.0131,0.0028
25,FakeManilaV2,13,4,408,0.1691,0.9644,0.0253,0.0048
25,FakeManilaV2,13,5,510,0.1784,0.9577,0.0093,0.0068
25,FakeManilaV2,13,6,612,0.1716,0.9578,0.0069,0.0002
25,FakeManilaV2,13,7,714,0.1639,0.96,0.0077,0.0022
25,FakeManilaV2,13,8,816,0.1667,0.9592,0.0028,0.0007
25,FakeManilaV2,13,9,918,0.159,0.9625,0.0076,0.0032
25,FakeManilaV2,13,10,1024,0.1687,0.9597,0.0097,0.0028
25,FakeManilaV2,14,1,102,0.1863,0.9043,1.0,1.0
25,FakeManilaV2,14,2,204,0.152,0.919,0.0343,0.0148
25,FakeManilaV2,14,3,306,0.1536,0.9182,0.0016,0.0008
25,FakeManilaV2,14,4,408,0.1422,0.9274,0.0114,0.0092
25,FakeManilaV2,14,5,510,0.1431,0.926,0.001,0.0014
25,FakeManilaV2,14,6,612,0.1324,0.9259,0.0108,0.0001
25,FakeManilaV2,14,7,714,0.1345,0.929,0.0021,0.0031
25,FakeManilaV2,14,8,816,0.1495,0.9272,0.0151,0.0018
25,FakeManilaV2,14,9,918,0.1536,0.9265,0.0041,0.0006
25,FakeManilaV2,14,10,1024,0.1533,0.9266,0.0003,0.0
25,FakeManilaV2,15,1,102,0.1863,0.9165,1.0,1.0
25,FakeManilaV2,15,2,204,0.1618,0.9492,0.0245,0.0328
25,FakeManilaV2,15,3,306,0.1536,0.9647,0.0082,0.0155
25,FakeManilaV2,15,4,408,0.1593,0.9603,0.0057,0.0044
25,FakeManilaV2,15,5,510,0.1667,0.9589,0.0074,0.0014
25,FakeManilaV2,15,6,612,0.1503,0.964,0.0163,0.0051
25,FakeManilaV2,15,7,714,0.1513,0.9658,0.0009,0.0018
25,FakeManilaV2,15,8,816,0.1569,0.9633,0.0056,0.0025
25,FakeManilaV2,15,9,918,0.1525,0.9635,0.0044,0.0002
25,FakeManilaV2,15,10,1024,0.1568,0.9621,0.0043,0.0014
25,FakeManilaV2,16,1,102,0.1863,0.9459,1.0,1.0
25,FakeManilaV2,16,2,204,0.1765,0.9553,0.0098,0.0094
25,FakeManilaV2,16,3,306,0.1209,0.9699,0.0556,0.0146
25,FakeManilaV2,16,4,408,0.1152,0.9737,0.0057,0.0038
25,FakeManilaV2,16,5,510,0.1216,0.9732,0.0064,0.0005
25,FakeManilaV2,16,6,612,0.1405,0.9664,0.019,0.0067
25,FakeManilaV2,16,7,714,0.1387,0.9664,0.0019,0.0001
25,FakeManilaV2,16,8,816,0.1495,0.9635,0.0109,0.0029
25,FakeManilaV2,16,9,918,0.1514,0.963,0.0019,0.0005
25,FakeManilaV2,16,10,1024,0.1544,0.9598,0.003,0.0032
25,FakeManilaV2,17,1,102,0.1961,0.8647,1.0,1.0
25,FakeManilaV2,17,2,204,0.1667,0.9113,0.0294,0.0465
25,FakeManilaV2,17,3,306,0.1732,0.9332,0.0065,0.022
25,FakeManilaV2,17,4,408,0.1716,0.9459,0.0016,0.0126
25,FakeManilaV2,17,5,510,0.1745,0.9373,0.0029,0.0086
25,FakeManilaV2,17,6,612,0.1683,0.945,0.0062,0.0077
25,FakeManilaV2,17,7,714,0.1625,0.9499,0.0058,0.0049
25,FakeManilaV2,17,8,816,0.1593,0.9528,0.0032,0.0028
25,FakeManilaV2,17,9,918,0.1558,0.9557,0.0035,0.0029
25,FakeManilaV2,17,10,1024,0.1571,0.9551,0.0013,0.0006
25,FakeManilaV2,18,1,102,0.2157,0.8816,1.0,1.0
25,FakeManilaV2,18,2,204,0.201,0.911,0.0147,0.0294
25,FakeManilaV2,18,3,306,0.2092,0.9174,0.0082,0.0064
25,FakeManilaV2,18,4,408,0.2132,0.9047,0.0041,0.0127
25,FakeManilaV2,18,5,510,0.198,0.9124,0.0152,0.0077
25,FakeManilaV2,18,6,612,0.2075,0.9105,0.0095,0.002
25,FakeManilaV2,18,7,714,0.2129,0.9022,0.0054,0.0082
25,FakeManilaV2,18,8,816,0.2108,0.9042,0.0021,0.0019
25,FakeManilaV2,18,9,918,0.2102,0.9092,0.0005,0.005
25,FakeManilaV2,18,10,1024,0.2081,0.909,0.0021,0.0002
25,FakeManilaV2,19,1,102,0.2255,0.8775,1.0,1.0
25,FakeManilaV2,19,2,204,0.1127,0.956,0.1127,0.0785
25,FakeManilaV2,19,3,306,0.0817,0.9749,0.031,0.0188
25,FakeManilaV2,19,4,408,0.1029,0.9641,0.0212,0.0107
25,FakeManilaV2,19,5,510,0.1,0.9639,0.0029,0.0003
25,FakeManilaV2,19,6,612,0.0948,0.9646,0.0052,0.0007
25,FakeManilaV2,19,7,714,0.0952,0.9656,0.0005,0.001
25,FakeManilaV2,19,8,816,0.1054,0.9636,0.0102,0.002
25,FakeManilaV2,19,9,918,0.1068,0.9622,0.0014,0.0014
25,FakeManilaV2,19,10,1024,0.1042,0.9605,0.0025,0.0018
