run_id,wall_time,mode,bitfile,wns_ns,software_commit,workload,workload_id,repeat,status,exclusion_reason,n_circuits,shots,rps,n_active_ch,per_shot_us,qpu_ms,t_start_ns,t_end_ns,elapsed_ms,cmd_bytes_logical,cmd_bytes_transferred,readout_bytes,send_block_us_max,send_block_us_total,seamless,tag,pool_tables,n_groups,cnr,cnr_wait_cycles,note,t_first_dma_done_ns,t_start_written_ns,t_first_cid_ns,t_batch_done_ns
c3_14q_decomp_smoke-c3-7-r-1-1788500049,2026-09-03T22:34:09,c3,build_63329aaf_20260830175903,0.000,e9b23c4,single,7,-1,ok,,1,8192,2,4,14.84,121.6020,497071971272403,497072094215832,122.943429,832,131328,524288,50,19202,1,c3_14q_decomp_smoke,0,1,0,0,,497071971300143,497071971300663,497071971346134,497072094197772
c3_14q_decomp_smoke-c3-7-r0-1788500049,2026-09-03T22:34:09,c3,build_63329aaf_20260830175903,0.000,e9b23c4,single,7,0,ok,,1,8192,2,4,14.84,121.6020,497072246626257,497072369563816,122.937559,832,131328,524288,35,18407,1,c3_14q_decomp_smoke,0,1,0,0,,497072246653477,497072246654097,497072246676637,497072369549956
c3_14q_decomp_smoke-c3-7-r1-1788500049,2026-09-03T22:34:09,c3,build_63329aaf_20260830175903,0.000,e9b23c4,single,7,1,ok,,1,8192,2,4,14.84,121.6020,497072514538226,497072637489366,122.95114,832,131328,524288,772,20129,1,c3_14q_decomp_smoke,0,1,0,0,,497072514565387,497072514566077,497072514583827,497072637463186
c3_14q_decomp_p0-c3-7-r-1-1788500082,2026-09-03T22:34:42,c3,build_63329aaf_20260830175903,0.000,e9b23c4,single,7,-1,ok,,1,8192,2,4,14.84,121.6020,497105178686749,497105301629318,122.942569,832,131328,524288,621,19976,1,c3_14q_decomp_p0,0,1,0,0,decomp; batch_server v7; dma STRM_POLL_US=0,497105178713699,497105178714329,497105178740519,497105301610978
c3_14q_decomp_p0-c3-7-r0-1788500082,2026-09-03T22:34:42,c3,build_63329aaf_20260830175903,0.000,e9b23c4,single,7,0,ok,,1,8192,2,4,14.84,121.6020,497105451644439,497105574588298,122.943859,832,131328,524288,799,20037,1,c3_14q_decomp_p0,0,1,0,0,decomp; batch_server v7; dma STRM_POLL_US=0,497105451671679,497105451672599,497105452058863,497105574579838
c3_14q_decomp_p0-c3-7-r1-1788500083,2026-09-03T22:34:43,c3,build_63329aaf_20260830175903,0.000,e9b23c4,single,7,1,ok,,1,8192,2,4,14.84,121.6020,497105722605059,497105845549148,122.944089,832,131328,524288,338,20310,1,c3_14q_decomp_p0,0,1,0,0,decomp; batch_server v7; dma STRM_POLL_US=0,497105722632749,497105722633479,497105722654609,497105845530078
c3_14q_decomp_p0-c3-7-r2-1788500083,2026-09-03T22:34:43,c3,build_63329aaf_20260830175903,0.000,e9b23c4,single,7,2,ok,,1,8192,2,4,14.84,121.6020,497106035925322,497106158862122,122.9368,832,131328,524288,619,19555,1,c3_14q_decomp_p0,0,1,0,0,decomp; batch_server v7; dma STRM_POLL_US=0,497106035952603,497106035953333,497106035974003,497106158850112
c3_14q_decomp_p0-c3-7-r3-1788500083,2026-09-03T22:34:43,c3,build_63329aaf_20260830175903,0.000,e9b23c4,single,7,3,ok,,1,8192,2,4,14.84,121.6020,497106353896023,497106476837162,122.941139,832,131328,524288,568,20735,1,c3_14q_decomp_p0,0,1,0,0,decomp; batch_server v7; dma STRM_POLL_US=0,497106353922073,497106353922903,497106353943163,497106476819762
c3_14q_decomp_p0-c3-7-r4-1788500084,2026-09-03T22:34:44,c3,build_63329aaf_20260830175903,0.000,e9b23c4,single,7,4,ok,,1,8192,2,4,14.84,121.6020,497106666421968,497106789355748,122.93378,832,131328,524288,306,19269,1,c3_14q_decomp_p0,0,1,0,0,decomp; batch_server v7; dma STRM_POLL_US=0,497106666448489,497106666449559,497106666470649,497106789346388
c3_14q_decomp_p0-c3-7-r5-1788500084,2026-09-03T22:34:44,c3,build_63329aaf_20260830175903,0.000,e9b23c4,single,7,5,ok,,1,8192,2,4,14.84,121.6020,497106973765862,497107096709242,122.94338,832,131328,524288,459,19220,1,c3_14q_decomp_p0,0,1,0,0,decomp; batch_server v7; dma STRM_POLL_US=0,497106973792523,497106973793243,497106973814533,497107096690052
c3_14q_decomp_p0-c3-7-r6-1788500084,2026-09-03T22:34:44,c3,build_63329aaf_20260830175903,0.000,e9b23c4,single,7,6,ok,,1,8192,2,4,14.84,121.6020,497107249871144,497107372810123,122.938979,832,131328,524288,35,18648,1,c3_14q_decomp_p0,0,1,0,0,decomp; batch_server v7; dma STRM_POLL_US=0,497107249898624,497107249899234,497107249921144,497107372795493
c3_14q_decomp_p0-c3-7-r7-1788500084,2026-09-03T22:34:44,c3,build_63329aaf_20260830175903,0.000,e9b23c4,single,7,7,ok,,1,8192,2,4,14.84,121.6020,497107556526491,497107679468220,122.941729,832,131328,524288,614,19974,1,c3_14q_decomp_p0,0,1,0,0,decomp; batch_server v7; dma STRM_POLL_US=0,497107556552671,497107556553321,497107556574091,497107679450570
c3_14q_decomp_p0-c3-7-r8-1788500085,2026-09-03T22:34:45,c3,build_63329aaf_20260830175903,0.000,e9b23c4,single,7,8,ok,,1,8192,2,4,14.84,121.6020,497107822993316,497107945937256,122.94394,832,131328,524288,386,18828,1,c3_14q_decomp_p0,0,1,0,0,decomp; batch_server v7; dma STRM_POLL_US=0,497107823020166,497107823020806,497107823041846,497107945917995
c3_14q_decomp_p0-c3-7-r9-1788500085,2026-09-03T22:34:45,c3,build_63329aaf_20260830175903,0.000,e9b23c4,single,7,9,ok,,1,8192,2,4,14.84,121.6020,497108139622413,497108262559232,122.936819,832,131328,524288,49,18748,1,c3_14q_decomp_p0,0,1,0,0,decomp; batch_server v7; dma STRM_POLL_US=0,497108139648963,497108139649713,497108139672203,497108262547382
c3_14q_decomp_p0-c3-6-r-1-1788500085,2026-09-03T22:34:45,c3,build_63329aaf_20260830175903,0.000,e9b23c4,single,6,-1,ok,,1,1024,2,3,12.06,12.3515,497108430596703,497108443157538,12.560835,784,98560,40960,26,1164,1,c3_14q_decomp_p0,0,1,0,0,decomp; batch_server v7; dma STRM_POLL_US=0,497108430616763,497108430617433,497108430637893,497108443141698
c3_14q_decomp_p0-c3-6-r0-1788500086,2026-09-03T22:34:46,c3,build_63329aaf_20260830175903,0.000,e9b23c4,single,6,0,ok,,1,1024,2,3,12.06,12.3515,497108585350521,497108597918326,12.567805,784,98560,40960,40,1203,1,c3_14q_decomp_p0,0,1,0,0,decomp; batch_server v7; dma STRM_POLL_US=0,497108585370341,497108585371001,497108585387841,497108597896536
c3_14q_decomp_p0-c3-6-r1-1788500086,2026-09-03T22:34:46,c3,build_63329aaf_20260830175903,0.000,e9b23c4,single,6,1,ok,,1,1024,2,3,12.06,12.3515,497108741156469,497108753717425,12.560956,784,98560,40960,40,1182,1,c3_14q_decomp_p0,0,1,0,0,decomp; batch_server v7; dma STRM_POLL_US=0,497108741176309,497108741176939,497108741194519,497108753702174
c3_14q_decomp_p0-c3-6-r2-1788500086,2026-09-03T22:34:46,c3,build_63329aaf_20260830175903,0.000,e9b23c4,single,6,2,ok,,1,1024,2,3,12.06,12.3515,497108896081448,497108908639934,12.558486,784,98560,40960,40,1107,1,c3_14q_decomp_p0,0,1,0,0,decomp; batch_server v7; dma STRM_POLL_US=0,497108896101369,497108896102129,497108896120699,497108908627794
c3_14q_decomp_p0-c3-6-r3-1788500086,2026-09-03T22:34:46,c3,build_63329aaf_20260830175903,0.000,e9b23c4,single,6,3,ok,,1,1024,2,3,12.06,12.3515,497109045302771,497109057858696,12.555925,784,98560,40960,30,1158,1,c3_14q_decomp_p0,0,1,0,0,decomp; batch_server v7; dma STRM_POLL_US=0,497109045322651,497109045323401,497109045339671,497109057849166
c3_14q_decomp_p0-c3-6-r4-1788500086,2026-09-03T22:34:46,c3,build_63329aaf_20260830175903,0.000,e9b23c4,single,6,4,ok,,1,1024,2,3,12.06,12.3515,497109202891237,497109215451353,12.560116,784,98560,40960,26,1154,1,c3_14q_decomp_p0,0,1,0,0,decomp; batch_server v7; dma STRM_POLL_US=0,497109202911687,497109202912457,497109202930677,497109215436642
c3_14q_decomp_p0-c3-6-r5-1788500086,2026-09-03T22:34:46,c3,build_63329aaf_20260830175903,0.000,e9b23c4,single,6,5,ok,,1,1024,2,3,12.06,12.3515,497109358006968,497109370562134,12.555166,784,98560,40960,25,1176,1,c3_14q_decomp_p0,0,1,0,0,decomp; batch_server v7; dma STRM_POLL_US=0,497109358027699,497109358028849,497109358044629,497109370553064
c3_14q_decomp_p0-c3-6-r6-1788500086,2026-09-03T22:34:46,c3,build_63329aaf_20260830175903,0.000,e9b23c4,single,6,6,ok,,1,1024,2,3,12.06,12.3515,497109509471213,497109522033829,12.562616,784,98560,40960,25,1286,1,c3_14q_decomp_p0,0,1,0,0,decomp; batch_server v7; dma STRM_POLL_US=0,497109509491623,497109509492283,497109509509464,497109522017189
c3_14q_decomp_p0-c3-6-r7-1788500087,2026-09-03T22:34:47,c3,build_63329aaf_20260830175903,0.000,e9b23c4,single,6,7,ok,,1,1024,2,3,12.06,12.3515,497109660340092,497109672902188,12.562096,784,98560,40960,40,1293,1,c3_14q_decomp_p0,0,1,0,0,decomp; batch_server v7; dma STRM_POLL_US=0,497109660361212,497109660361862,497109660379293,497109672885248
c3_14q_decomp_p0-c3-6-r8-1788500087,2026-09-03T22:34:47,c3,build_63329aaf_20260830175903,0.000,e9b23c4,single,6,8,ok,,1,1024,2,3,12.06,12.3515,497109814541794,497109827101620,12.559826,784,98560,40960,44,1343,1,c3_14q_decomp_p0,0,1,0,0,decomp; batch_server v7; dma STRM_POLL_US=0,497109814562085,497109814562795,497109814582165,497109827087350
c3_14q_decomp_p0-c3-6-r9-1788500087,2026-09-03T22:34:47,c3,build_63329aaf_20260830175903,0.000,e9b23c4,single,6,9,ok,,1,1024,2,3,12.06,12.3515,497109967147621,497109979716506,12.568885,784,98560,40960,27,1153,1,c3_14q_decomp_p0,0,1,0,0,decomp; batch_server v7; dma STRM_POLL_US=0,497109967168611,497109967169661,497109967187121,497109979693516
c3_14q_decomp_p0-c3-8-r-1-1788500087,2026-09-03T22:34:47,c3,build_63329aaf_20260830175903,0.000,e9b23c4,single,8,-1,ok,,1,1024,2,5,17.97,18.4054,497110197160571,497110215804878,18.644307,1040,164096,81920,34,2785,1,c3_14q_decomp_p0,0,1,0,0,decomp; batch_server v7; dma STRM_POLL_US=0,497110197194512,497110197195332,497110197517125,497110215781247
c3_14q_decomp_p0-c3-8-r0-1788500087,2026-09-03T22:34:47,c3,build_63329aaf_20260830175903,0.000,e9b23c4,single,8,0,ok,,1,1024,2,5,17.97,18.4054,497110417040030,497110435823338,18.783308,1040,164096,81920,34,1835,1,c3_14q_decomp_p0,0,1,0,0,decomp; batch_server v7; dma STRM_POLL_US=0,497110417073331,497110417073991,497110417098801,497110435660177
c3_14q_decomp_p0-c3-8-r1-1788500088,2026-09-03T22:34:48,c3,build_63329aaf_20260830175903,0.000,e9b23c4,single,8,1,ok,,1,1024,2,5,17.97,18.4054,497110644317374,497110662948010,18.630636,1040,164096,81920,39,1788,1,c3_14q_decomp_p0,0,1,0,0,decomp; batch_server v7; dma STRM_POLL_US=0,497110644350834,497110644351484,497110644376794,497110662936800
c3_14q_decomp_p0-c3-8-r2-1788500088,2026-09-03T22:34:48,c3,build_63329aaf_20260830175903,0.000,e9b23c4,single,8,2,ok,,1,1024,2,5,17.97,18.4054,497110867548016,497110886180933,18.632917,1040,164096,81920,37,1887,1,c3_14q_decomp_p0,0,1,0,0,decomp; batch_server v7; dma STRM_POLL_US=0,497110867581297,497110867582027,497110867602837,497110886168512
c3_14q_decomp_p0-c3-8-r3-1788500088,2026-09-03T22:34:48,c3,build_63329aaf_20260830175903,0.000,e9b23c4,single,8,3,ok,,1,1024,2,5,17.97,18.4054,497111085682978,497111104463526,18.780548,1040,164096,81920,396,2252,1,c3_14q_decomp_p0,0,1,0,0,decomp; batch_server v7; dma STRM_POLL_US=0,497111085716428,497111085717138,497111085738828,497111104303674
c3_14q_decomp_p0-c3-8-r4-1788500088,2026-09-03T22:34:48,c3,build_63329aaf_20260830175903,0.000,e9b23c4,single,8,4,ok,,1,1024,2,5,17.97,18.4054,497111312930661,497111331574227,18.643566,1040,164096,81920,27,2636,1,c3_14q_decomp_p0,0,1,0,0,decomp; batch_server v7; dma STRM_POLL_US=0,497111312963631,497111312964241,497111312985071,497111331549887
c3_14q_decomp_p0-c3-8-r5-1788500088,2026-09-03T22:34:48,c3,build_63329aaf_20260830175903,0.000,e9b23c4,single,8,5,ok,,1,1024,2,5,17.97,18.4054,497111535807000,497111554445146,18.638146,1040,164096,81920,33,2709,1,c3_14q_decomp_p0,0,1,0,0,decomp; batch_server v7; dma STRM_POLL_US=0,497111535839830,497111535840410,497111535862260,497111554426366
c3_14q_decomp_p0-c3-8-r6-1788500089,2026-09-03T22:34:49,c3,build_63329aaf_20260830175903,0.000,e9b23c4,single,8,6,ok,,1,1024,2,5,17.97,18.4054,497111763317485,497111781948472,18.630987,1040,164096,81920,31,2455,1,c3_14q_decomp_p0,0,1,0,0,decomp; batch_server v7; dma STRM_POLL_US=0,497111763351446,497111763352026,497111763374206,497111781937371
c3_14q_decomp_p0-c3-8-r7-1788500089,2026-09-03T22:34:49,c3,build_63329aaf_20260830175903,0.000,e9b23c4,single,8,7,ok,,1,1024,2,5,17.97,18.4054,497111990156594,497112008788130,18.631536,1040,164096,81920,27,2511,1,c3_14q_decomp_p0,0,1,0,0,decomp; batch_server v7; dma STRM_POLL_US=0,497111990189054,497111990189644,497111990210485,497112008775820
c3_14q_decomp_p0-c3-8-r8-1788500089,2026-09-03T22:34:49,c3,build_63329aaf_20260830175903,0.000,e9b23c4,single,8,8,ok,,1,1024,2,5,17.97,18.4054,497112211029773,497112229663659,18.633886,1040,164096,81920,33,2235,1,c3_14q_decomp_p0,0,1,0,0,decomp; batch_server v7; dma STRM_POLL_US=0,497112211063353,497112211064243,497112211090624,497112229668169
c3_14q_decomp_p0-c3-8-r9-1788500089,2026-09-03T22:34:49,c3,build_63329aaf_20260830175903,0.000,e9b23c4,single,8,9,ok,,1,1024,2,5,17.97,18.4054,497112432417577,497112451052364,18.634787,1040,164096,81920,27,2762,1,c3_14q_decomp_p0,0,1,0,0,decomp; batch_server v7; dma STRM_POLL_US=0,497112432451328,497112432451948,497112432473378,497112451037654
c3_14q_decomp_p200-c3-7-r-1-1788500094,2026-09-03T22:34:54,c3,build_63329aaf_20260830175903,0.000,a1eefb5,single,7,-1,ok,,1,8192,2,4,14.84,121.6020,497117522099632,497117645037352,122.93772,832,131328,524288,851,21164,1,c3_14q_decomp_p200,0,1,0,0,decomp; batch_server v7; dma STRM_POLL_US=200,497117522126422,497117522126932,497117522164993,497117645025032
c3_14q_decomp_p200-c3-7-r0-1788500095,2026-09-03T22:34:55,c3,build_63329aaf_20260830175903,0.000,a1eefb5,single,7,0,ok,,1,8192,2,4,14.84,121.6020,497117793499106,497117916447456,122.94835,832,131328,524288,736,21523,1,c3_14q_decomp_p200,0,1,0,0,decomp; batch_server v7; dma STRM_POLL_US=200,497117793526377,497117793526967,497117793547587,497117916432786
c3_14q_decomp_p200-c3-7-r1-1788500095,2026-09-03T22:34:55,c3,build_63329aaf_20260830175903,0.000,a1eefb5,single,7,1,ok,,1,8192,2,4,14.84,121.6020,497118062644338,497118185612408,122.96807,832,131328,524288,298,18720,1,c3_14q_decomp_p200,0,1,0,0,decomp; batch_server v7; dma STRM_POLL_US=200,497118062670789,497118062671649,497118062690909,497118185568648
c3_14q_decomp_p200-c3-7-r2-1788500095,2026-09-03T22:34:55,c3,build_63329aaf_20260830175903,0.000,a1eefb5,single,7,2,ok,,1,8192,2,4,14.84,121.6020,497118335415236,497118458349796,122.93456,832,131328,524288,444,19658,1,c3_14q_decomp_p200,0,1,0,0,decomp; batch_server v7; dma STRM_POLL_US=200,497118335442567,497118335443077,497118335464417,497118458339926
c3_14q_decomp_p200-c3-7-r3-1788500096,2026-09-03T22:34:56,c3,build_63329aaf_20260830175903,0.000,a1eefb5,single,7,3,ok,,1,8192,2,4,14.84,121.6020,497118642388197,497118765327836,122.939639,832,131328,524288,50,18693,1,c3_14q_decomp_p200,0,1,0,0,decomp; batch_server v7; dma STRM_POLL_US=200,497118642414847,497118642415637,497118642436967,497118765313046
c3_14q_decomp_p200-c3-7-r4-1788500096,2026-09-03T22:34:56,c3,build_63329aaf_20260830175903,0.000,a1eefb5,single,7,4,ok,,1,8192,2,4,14.84,121.6020,497118953012693,497119075954703,122.94201,832,131328,524288,611,20793,1,c3_14q_decomp_p200,0,1,0,0,decomp; batch_server v7; dma STRM_POLL_US=200,497118953040014,497118953040574,497118953060304,497119075937723
c3_14q_decomp_p200-c3-7-r5-1788500096,2026-09-03T22:34:56,c3,build_63329aaf_20260830175903,0.000,a1eefb5,single,7,5,ok,,1,8192,2,4,14.84,121.6020,497119221058614,497119343996874,122.93826,832,131328,524288,597,19844,1,c3_14q_decomp_p200,0,1,0,0,decomp; batch_server v7; dma STRM_POLL_US=200,497119221084715,497119221085305,497119221108535,497119343982284
c3_14q_decomp_p200-c3-7-r6-1788500096,2026-09-03T22:34:56,c3,build_63329aaf_20260830175903,0.000,a1eefb5,single,7,6,ok,,1,8192,2,4,14.84,121.6020,497119496053455,497119618995264,122.941809,832,131328,524288,732,20421,1,c3_14q_decomp_p200,0,1,0,0,decomp; batch_server v7; dma STRM_POLL_US=200,497119496081015,497119496081705,497119496102505,497119618978564
c3_14q_decomp_p200-c3-7-r7-1788500097,2026-09-03T22:34:57,c3,build_63329aaf_20260830175903,0.000,a1eefb5,single,7,7,ok,,1,8192,2,4,14.84,121.6020,497119804854283,497119927798773,122.94449,832,131328,524288,496,19451,1,c3_14q_decomp_p200,0,1,0,0,decomp; batch_server v7; dma STRM_POLL_US=200,497119804881463,497119804882023,497119804903954,497119927779113
c3_14q_decomp_p200-c3-7-r8-1788500097,2026-09-03T22:34:57,c3,build_63329aaf_20260830175903,0.000,a1eefb5,single,7,8,ok,,1,8192,2,4,14.84,121.6020,497120075846614,497120198787573,122.940959,832,131328,524288,315,19781,1,c3_14q_decomp_p200,0,1,0,0,decomp; batch_server v7; dma STRM_POLL_US=200,497120075873954,497120075874664,497120075895174,497120198784343
c3_14q_decomp_p200-c3-7-r9-1788500097,2026-09-03T22:34:57,c3,build_63329aaf_20260830175903,0.000,a1eefb5,single,7,9,ok,,1,8192,2,4,14.84,121.6020,497120381638872,497120504582832,122.94396,832,131328,524288,177,18413,1,c3_14q_decomp_p200,0,1,0,0,decomp; batch_server v7; dma STRM_POLL_US=200,497120381666012,497120381666602,497120381687512,497120504563481
c3_14q_decomp_p200-c3-6-r-1-1788500098,2026-09-03T22:34:58,c3,build_63329aaf_20260830175903,0.000,a1eefb5,single,6,-1,ok,,1,1024,2,3,12.06,12.3515,497120685872155,497120698440950,12.568795,784,98560,40960,25,1212,1,c3_14q_decomp_p200,0,1,0,0,decomp; batch_server v7; dma STRM_POLL_US=200,497120685892765,497120685893465,497120685912655,497120698419100
c3_14q_decomp_p200-c3-6-r0-1788500098,2026-09-03T22:34:58,c3,build_63329aaf_20260830175903,0.000,a1eefb5,single,6,0,ok,,1,1024,2,3,12.06,12.3515,497120833910735,497120846479661,12.568926,784,98560,40960,25,1114,1,c3_14q_decomp_p200,0,1,0,0,decomp; batch_server v7; dma STRM_POLL_US=200,497120833931816,497120833932346,497120833951266,497120846457311
c3_14q_decomp_p200-c3-6-r1-1788500098,2026-09-03T22:34:58,c3,build_63329aaf_20260830175903,0.000,a1eefb5,single,6,1,ok,,1,1024,2,3,12.06,12.3515,497120994513552,497121007076687,12.563135,784,98560,40960,26,1202,1,c3_14q_decomp_p200,0,1,0,0,decomp; batch_server v7; dma STRM_POLL_US=200,497120994533452,497120994534152,497120994552382,497121007059477
c3_14q_decomp_p200-c3-6-r2-1788500098,2026-09-03T22:34:58,c3,build_63329aaf_20260830175903,0.000,a1eefb5,single,6,2,ok,,1,1024,2,3,12.06,12.3515,497121145657083,497121158212189,12.555106,784,98560,40960,26,1246,1,c3_14q_decomp_p200,0,1,0,0,decomp; batch_server v7; dma STRM_POLL_US=200,497121145677393,497121145678034,497121146041987,497121158203019
c3_14q_decomp_p200-c3-6-r3-1788500098,2026-09-03T22:34:58,c3,build_63329aaf_20260830175903,0.000,a1eefb5,single,6,3,ok,,1,1024,2,3,12.06,12.3515,497121299688244,497121312244609,12.556365,784,98560,40960,28,1280,1,c3_14q_decomp_p200,0,1,0,0,decomp; batch_server v7; dma STRM_POLL_US=200,497121299708494,497121299709134,497121299984347,497121312234829
c3_14q_decomp_p200-c3-6-r4-1788500098,2026-09-03T22:34:58,c3,build_63329aaf_20260830175903,0.000,a1eefb5,single,6,4,ok,,1,1024,2,3,12.06,12.3515,497121450469402,497121463025317,12.555915,784,98560,40960,25,1117,1,c3_14q_decomp_p200,0,1,0,0,decomp; batch_server v7; dma STRM_POLL_US=200,497121450489432,497121450490042,497121450745925,497121463015257
c3_14q_decomp_p200-c3-6-r5-1788500099,2026-09-03T22:34:59,c3,build_63329aaf_20260830175903,0.000,a1eefb5,single,6,5,ok,,1,1024,2,3,12.06,12.3515,497121599355271,497121611913107,12.557836,784,98560,40960,30,1259,1,c3_14q_decomp_p200,0,1,0,0,decomp; batch_server v7; dma STRM_POLL_US=200,497121599375451,497121599376171,497121599640494,497121611901846
c3_14q_decomp_p200-c3-6-r6-1788500099,2026-09-03T22:34:59,c3,build_63329aaf_20260830175903,0.000,a1eefb5,single,6,6,ok,,1,1024,2,3,12.06,12.3515,497121748545603,497121761108029,12.562426,784,98560,40960,26,1242,1,c3_14q_decomp_p200,0,1,0,0,decomp; batch_server v7; dma STRM_POLL_US=200,497121748565643,497121748566283,497121748584174,497121761092129
c3_14q_decomp_p200-c3-6-r7-1788500099,2026-09-03T22:34:59,c3,build_63329aaf_20260830175903,0.000,a1eefb5,single,6,7,ok,,1,1024,2,3,12.06,12.3515,497121902322811,497121914880627,12.557816,784,98560,40960,25,1198,1,c3_14q_decomp_p200,0,1,0,0,decomp; batch_server v7; dma STRM_POLL_US=200,497121902342691,497121902343431,497121902359962,497121914869337
c3_14q_decomp_p200-c3-6-r8-1788500099,2026-09-03T22:34:59,c3,build_63329aaf_20260830175903,0.000,a1eefb5,single,6,8,ok,,1,1024,2,3,12.06,12.3515,497122048391202,497122060948678,12.557476,784,98560,40960,25,1227,1,c3_14q_decomp_p200,0,1,0,0,decomp; batch_server v7; dma STRM_POLL_US=200,497122048412132,497122048412752,497122048716145,497122060937288
c3_14q_decomp_p200-c3-6-r9-1788500099,2026-09-03T22:34:59,c3,build_63329aaf_20260830175903,0.000,a1eefb5,single,6,9,ok,,1,1024,2,3,12.06,12.3515,497122199919408,497122212475813,12.556405,784,98560,40960,28,1270,1,c3_14q_decomp_p200,0,1,0,0,decomp; batch_server v7; dma STRM_POLL_US=200,497122199940338,497122199941048,497122200274081,497122212464763
c3_14q_decomp_p200-c3-19-r-1-1788500099,2026-09-03T22:34:59,c3,build_63329aaf_20260830175903,0.000,a1eefb5,single,19,-1,ok,,1,4096,2,14,46.42,190.1199,497122825957299,497123016870518,190.913219,3968,458752,917504,34,30507,1,c3_14q_decomp_p200,0,1,0,0,decomp; batch_server v7; dma STRM_POLL_US=200,497122826047800,497122826048430,497122826102380,497123016860398
c3_14q_decomp_p200-c3-19-r0-1788500100,2026-09-03T22:35:00,c3,build_63329aaf_20260830175903,0.000,a1eefb5,single,19,0,ok,,1,4096,2,14,46.42,190.1199,497123538714388,497123729629677,190.915289,3968,458752,917504,601,32062,1,c3_14q_decomp_p200,0,1,0,0,decomp; batch_server v7; dma STRM_POLL_US=200,497123538804378,497123538804999,497123539391364,497123729618137
c3_14q_decomp_p200-c3-19-r1-1788500101,2026-09-03T22:35:01,c3,build_63329aaf_20260830175903,0.000,a1eefb5,single,19,1,ok,,1,4096,2,14,46.42,190.1199,497124274199854,497124465116303,190.916449,3968,458752,917504,290,30691,1,c3_14q_decomp_p200,0,1,0,0,decomp; batch_server v7; dma STRM_POLL_US=200,497124274289514,497124274290245,497124274864920,497124465103333
c3_14q_decomp_p200-c3-19-r2-1788500102,2026-09-03T22:35:02,c3,build_63329aaf_20260830175903,0.000,a1eefb5,single,19,2,ok,,1,4096,2,14,46.42,190.1199,497124988558528,497125179478618,190.92009,3968,458752,917504,643,32075,1,c3_14q_decomp_p200,0,1,0,0,decomp; batch_server v7; dma STRM_POLL_US=200,497124988648419,497124988649049,497124989275485,497125179461798
c3_14q_decomp_p200-c3-19-r3-1788500102,2026-09-03T22:35:02,c3,build_63329aaf_20260830175903,0.000,a1eefb5,single,19,3,ok,,1,4096,2,14,46.42,190.1199,497125669989614,497125860907733,190.918119,3968,458752,917504,317,31172,1,c3_14q_decomp_p200,0,1,0,0,decomp; batch_server v7; dma STRM_POLL_US=200,497125670079235,497125670079925,497125670134185,497125860892923
c3_14q_decomp_p200-c3-19-r4-1788500103,2026-09-03T22:35:03,c3,build_63329aaf_20260830175903,0.000,a1eefb5,single,19,4,ok,,1,4096,2,14,46.42,190.1199,497126393943594,497126584861474,190.91788,3968,458752,917504,735,31727,1,c3_14q_decomp_p200,0,1,0,0,decomp; batch_server v7; dma STRM_POLL_US=200,497126394034255,497126394034865,497126394087666,497126584847314
c3_14q_decomp_p200-c3-19-r5-1788500104,2026-09-03T22:35:04,c3,build_63329aaf_20260830175903,0.000,a1eefb5,single,19,5,ok,,1,4096,2,14,46.42,190.1199,497127121812514,497127312728114,190.9156,3968,458752,917504,594,30954,1,c3_14q_decomp_p200,0,1,0,0,decomp; batch_server v7; dma STRM_POLL_US=200,497127121903115,497127121903665,497127122559182,497127312715413
c3_14q_decomp_p200-c3-19-r6-1788500104,2026-09-03T22:35:04,c3,build_63329aaf_20260830175903,0.000,a1eefb5,single,19,6,ok,,1,4096,2,14,46.42,190.1199,497127786861256,497127977783435,190.922179,3968,458752,917504,331,30687,1,c3_14q_decomp_p200,0,1,0,0,decomp; batch_server v7; dma STRM_POLL_US=200,497127786951657,497127786952377,497127787005067,497127977767445
c3_14q_decomp_p200-c3-19-r7-1788500105,2026-09-03T22:35:05,c3,build_63329aaf_20260830175903,0.000,a1eefb5,single,19,7,ok,,1,4096,2,14,46.42,190.1199,497128515906027,497128706819397,190.91337,3968,458752,917504,596,31306,1,c3_14q_decomp_p200,0,1,0,0,decomp; batch_server v7; dma STRM_POLL_US=200,497128515995768,497128515996278,497128516050829,497128706809397
c3_14q_decomp_p200-c3-19-r8-1788500106,2026-09-03T22:35:06,c3,build_63329aaf_20260830175903,0.000,a1eefb5,single,19,8,ok,,1,4096,2,14,46.42,190.1199,497129224822138,497129415748237,190.926099,3968,458752,917504,435,30786,1,c3_14q_decomp_p200,0,1,0,0,decomp; batch_server v7; dma STRM_POLL_US=200,497129224912398,497129224913018,497129225482764,497129415725467
c3_14q_decomp_p200-c3-19-r9-1788500106,2026-09-03T22:35:06,c3,build_63329aaf_20260830175903,0.000,a1eefb5,single,19,9,ok,,1,4096,2,14,46.42,190.1199,497129895735358,497130086656387,190.921029,3968,458752,917504,736,31852,1,c3_14q_decomp_p200,0,1,0,0,decomp; batch_server v7; dma STRM_POLL_US=200,497129895825079,497129895825709,497129895878849,497130086637587
c3_14q_decomp_p0-c3-10-r-1-1788500278,2026-09-03T22:37:58,c3,build_63329aaf_20260830175903,0.000,a1eefb5,single,10,-1,ok,,1,32,2,8,27.36,0.8756,497300878541502,497300879516432,0.97493,1664,262400,4096,45,143,1,c3_14q_decomp_p0,0,1,0,0,decomp; batch_server v7; dma STRM_POLL_US=0,497300878593583,497300878594303,497300878635773,497300879506542
c3_14q_decomp_p0-c3-10-r0-1788500278,2026-09-03T22:37:58,c3,build_63329aaf_20260830175903,0.000,a1eefb5,single,10,0,ok,,1,32,2,8,27.36,0.8756,497301196944077,497301197926007,0.98193,1664,262400,4096,43,144,1,c3_14q_decomp_p0,0,1,0,0,decomp; batch_server v7; dma STRM_POLL_US=0,497301196996217,497301196997437,497301197028408,497301197909437
c3_14q_decomp_p0-c3-10-r1-1788500278,2026-09-03T22:37:58,c3,build_63329aaf_20260830175903,0.000,a1eefb5,single,10,1,ok,,1,32,2,8,27.36,0.8756,497301515763366,497301516740265,0.976899,1664,262400,4096,39,135,1,c3_14q_decomp_p0,0,1,0,0,decomp; batch_server v7; dma STRM_POLL_US=0,497301515815636,497301515816376,497301515849496,497301516729135
c3_14q_decomp_p0-c3-10-r2-1788500279,2026-09-03T22:37:59,c3,build_63329aaf_20260830175903,0.000,a1eefb5,single,10,2,ok,,1,32,2,8,27.36,0.8756,497301841600324,497301842578854,0.97853,1664,262400,4096,24,135,1,c3_14q_decomp_p0,0,1,0,0,decomp; batch_server v7; dma STRM_POLL_US=0,497301841652605,497301841653305,497301841684935,497301842565464
c3_14q_decomp_p0-c3-10-r3-1788500279,2026-09-03T22:37:59,c3,build_63329aaf_20260830175903,0.000,a1eefb5,single,10,3,ok,,1,32,2,8,27.36,0.8756,497302151882208,497302152857758,0.97555,1664,262400,4096,29,123,1,c3_14q_decomp_p0,0,1,0,0,decomp; batch_server v7; dma STRM_POLL_US=0,497302151933768,497302151934438,497302151967109,497302152847657
c3_14q_decomp_p0-c3-10-r4-1788500279,2026-09-03T22:37:59,c3,build_63329aaf_20260830175903,0.000,a1eefb5,single,10,4,ok,,1,32,2,8,27.36,0.8756,497302462353523,497302463336423,0.9829,1664,262400,4096,27,92,1,c3_14q_decomp_p0,0,1,0,0,decomp; batch_server v7; dma STRM_POLL_US=0,497302462405764,497302462406464,497302462437974,497302463318393
c3_14q_decomp_p0-c3-10-r5-1788500280,2026-09-03T22:38:00,c3,build_63329aaf_20260830175903,0.000,a1eefb5,single,10,5,ok,,1,32,2,8,27.36,0.8756,497302778612456,497302779607906,0.99545,1664,262400,4096,44,128,1,c3_14q_decomp_p0,0,1,0,0,decomp; batch_server v7; dma STRM_POLL_US=0,497302778664917,497302778665497,497302778696897,497302779577306
c3_14q_decomp_p0-c3-10-r6-1788500280,2026-09-03T22:38:00,c3,build_63329aaf_20260830175903,0.000,a1eefb5,single,10,6,ok,,1,32,2,8,27.36,0.8756,497303097664187,497303098642757,0.97857,1664,262400,4096,41,122,1,c3_14q_decomp_p0,0,1,0,0,decomp; batch_server v7; dma STRM_POLL_US=0,497303097716608,497303097717698,497303097748458,497303098628927
c3_14q_decomp_p0-c3-10-r7-1788500280,2026-09-03T22:38:00,c3,build_63329aaf_20260830175903,0.000,a1eefb5,single,10,7,ok,,1,32,2,8,27.36,0.8756,497303410010721,497303410985551,0.97483,1664,262400,4096,26,104,1,c3_14q_decomp_p0,0,1,0,0,decomp; batch_server v7; dma STRM_POLL_US=0,497303410062772,497303410063442,497303410095912,497303410975671
c3_14q_decomp_p0-c3-10-r8-1788500280,2026-09-03T22:38:00,c3,build_63329aaf_20260830175903,0.000,a1eefb5,single,10,8,ok,,1,32,2,8,27.36,0.8756,497303728461536,497303729442896,0.98136,1664,262400,4096,27,118,1,c3_14q_decomp_p0,0,1,0,0,decomp; batch_server v7; dma STRM_POLL_US=0,497303728513437,497303728514007,497303728546787,497303729426276
c3_14q_decomp_p0-c3-10-r9-1788500281,2026-09-03T22:38:01,c3,build_63329aaf_20260830175903,0.000,a1eefb5,single,10,9,ok,,1,32,2,8,27.36,0.8756,497304042856870,497304043832810,0.97594,1664,262400,4096,27,122,1,c3_14q_decomp_p0,0,1,0,0,decomp; batch_server v7; dma STRM_POLL_US=0,497304042908671,497304042909421,497304042941591,497304043821840
c3_14q_decomp_p0-c3-9-r-1-1788500281,2026-09-03T22:38:01,c3,build_63329aaf_20260830175903,0.000,a1eefb5,single,9,-1,ok,,1,128,2,6,21.10,2.7013,497304295186784,497304297987342,2.800558,1248,196864,12288,29,327,1,c3_14q_decomp_p0,0,1,0,0,decomp; batch_server v7; dma STRM_POLL_US=0,497304295226445,497304295227075,497304295251525,497304297972922
c3_14q_decomp_p0-c3-9-r0-1788500281,2026-09-03T22:38:01,c3,build_63329aaf_20260830175903,0.000,a1eefb5,single,9,0,ok,,1,128,2,6,21.10,2.7013,497304542207565,497304545008333,2.800768,1248,196864,12288,28,325,1,c3_14q_decomp_p0,0,1,0,0,decomp; batch_server v7; dma STRM_POLL_US=0,497304542247365,497304542248015,497304542272695,497304544993833
c3_14q_decomp_p0-c3-9-r1-1788500282,2026-09-03T22:38:02,c3,build_63329aaf_20260830175903,0.000,a1eefb5,single,9,1,ok,,1,128,2,6,21.10,2.7013,497304833055234,497304835866182,2.810948,1248,196864,12288,27,312,1,c3_14q_decomp_p0,0,1,0,0,decomp; batch_server v7; dma STRM_POLL_US=0,497304833094684,497304833095384,497304833119714,497304835841112
c3_14q_decomp_p0-c3-9-r2-1788500282,2026-09-03T22:38:02,c3,build_63329aaf_20260830175903,0.000,a1eefb5,single,9,2,ok,,1,128,2,6,21.10,2.7013,497305080322497,497305083120025,2.797528,1248,196864,12288,27,336,1,c3_14q_decomp_p0,0,1,0,0,decomp; batch_server v7; dma STRM_POLL_US=0,497305080362307,497305080363037,497305080386977,497305083108825
c3_14q_decomp_p0-c3-9-r3-1788500282,2026-09-03T22:38:02,c3,build_63329aaf_20260830175903,0.000,a1eefb5,single,9,3,ok,,1,128,2,6,21.10,2.7013,497305369442628,497305372240986,2.798358,1248,196864,12288,27,326,1,c3_14q_decomp_p0,0,1,0,0,decomp; batch_server v7; dma STRM_POLL_US=0,497305369481919,497305369482629,497305369510549,497305372228696
c3_14q_decomp_p0-c3-9-r4-1788500282,2026-09-03T22:38:02,c3,build_63329aaf_20260830175903,0.000,a1eefb5,single,9,4,ok,,1,128,2,6,21.10,2.7013,497305665206617,497305668049985,2.843368,1248,196864,12288,30,341,1,c3_14q_decomp_p0,0,1,0,0,decomp; batch_server v7; dma STRM_POLL_US=0,497305665246337,497305665246967,497305665270687,497305667992544
c3_14q_decomp_p0-c3-9-r5-1788500283,2026-09-03T22:38:03,c3,build_63329aaf_20260830175903,0.000,a1eefb5,single,9,5,ok,,1,128,2,6,21.10,2.7013,497305914119116,497305916918934,2.799818,1248,196864,12288,28,308,1,c3_14q_decomp_p0,0,1,0,0,decomp; batch_server v7; dma STRM_POLL_US=0,497305914158646,497305914159216,497305914183607,497305916904594
c3_14q_decomp_p0-c3-9-r6-1788500283,2026-09-03T22:38:03,c3,build_63329aaf_20260830175903,0.000,a1eefb5,single,9,6,ok,,1,128,2,6,21.10,2.7013,497306201804973,497306204606371,2.801398,1248,196864,12288,27,282,1,c3_14q_decomp_p0,0,1,0,0,decomp; batch_server v7; dma STRM_POLL_US=0,497306201844564,497306201845234,497306201868754,497306204591011
c3_14q_decomp_p0-c3-9-r7-1788500283,2026-09-03T22:38:03,c3,build_63329aaf_20260830175903,0.000,a1eefb5,single,9,7,ok,,1,128,2,6,21.10,2.7013,497306492320869,497306495119257,2.798388,1248,196864,12288,26,325,1,c3_14q_decomp_p0,0,1,0,0,decomp; batch_server v7; dma STRM_POLL_US=0,497306492360679,497306492361249,497306492385190,497306495106927
c3_14q_decomp_p0-c3-9-r8-1788500284,2026-09-03T22:38:04,c3,build_63329aaf_20260830175903,0.000,a1eefb5,single,9,8,ok,,1,128,2,6,21.10,2.7013,497306785704693,497306788502751,2.798058,1248,196864,12288,28,293,1,c3_14q_decomp_p0,0,1,0,0,decomp; batch_server v7; dma STRM_POLL_US=0,497306785744014,497306785744734,497306785768824,497306788490051
c3_14q_decomp_p0-c3-9-r9-1788500284,2026-09-03T22:38:04,c3,build_63329aaf_20260830175903,0.000,a1eefb5,single,9,9,ok,,1,128,2,6,21.10,2.7013,497307033098418,497307035897806,2.799388,1248,196864,12288,28,332,1,c3_14q_decomp_p0,0,1,0,0,decomp; batch_server v7; dma STRM_POLL_US=0,497307033138168,497307033138748,497307033163008,497307035885035
c3_14q_decomp_p0-c3-12-r-1-1788500284,2026-09-03T22:38:04,c3,build_63329aaf_20260830175903,0.000,a1eefb5,single,12,-1,ok,,1,10000,2,1,5.43,54.3000,497307114163948,497307170059777,55.895829,192,33024,160000,45,5494,1,c3_14q_decomp_p0,0,1,0,0,decomp; batch_server v7; dma STRM_POLL_US=0,497307114171868,497307114173178,497307114189189,497307170038327
c3_14q_decomp_p0-c3-12-r0-1788500284,2026-09-03T22:38:04,c3,build_63329aaf_20260830175903,0.000,a1eefb5,single,12,0,ok,,1,10000,2,1,5.43,54.3000,497307208026087,497307263930706,55.904619,192,33024,160000,159,7674,1,c3_14q_decomp_p0,0,1,0,0,decomp; batch_server v7; dma STRM_POLL_US=0,497307208034497,497307208035067,497307208050857,497307263900866
c3_14q_decomp_p0-c3-12-r1-1788500284,2026-09-03T22:38:04,c3,build_63329aaf_20260830175903,0.000,a1eefb5,single,12,1,ok,,1,10000,2,1,5.43,54.3000,497307303021447,497307358909596,55.888149,192,33024,160000,72,7534,1,c3_14q_decomp_p0,0,1,0,0,decomp; batch_server v7; dma STRM_POLL_US=0,497307303028847,497307303029467,497307303043867,497307358895636
c3_14q_decomp_p0-c3-12-r2-1788500284,2026-09-03T22:38:04,c3,build_63329aaf_20260830175903,0.000,a1eefb5,single,12,2,ok,,1,10000,2,1,5.43,54.3000,497307438294450,497307494180529,55.886079,192,33024,160000,44,7344,1,c3_14q_decomp_p0,0,1,0,0,decomp; batch_server v7; dma STRM_POLL_US=0,497307438301740,497307438302510,497307438317230,497307494168719
c3_14q_decomp_p0-c3-12-r3-1788500285,2026-09-03T22:38:05,c3,build_63329aaf_20260830175903,0.000,a1eefb5,single,12,3,ok,,1,10000,2,1,5.43,54.3000,497307577191559,497307633081638,55.890079,192,33024,160000,43,7420,1,c3_14q_decomp_p0,0,1,0,0,decomp; batch_server v7; dma STRM_POLL_US=0,497307577199249,497307577199959,497307577215000,497307633065748
c3_14q_decomp_p0-c3-12-r4-1788500285,2026-09-03T22:38:05,c3,build_63329aaf_20260830175903,0.000,a1eefb5,single,12,4,ok,,1,10000,2,1,5.43,54.3000,497307672267840,497307728532513,56.264673,192,33024,160000,626,7484,1,c3_14q_decomp_p0,0,1,0,0,decomp; batch_server v7; dma STRM_POLL_US=0,497307672275150,497307672275790,497307672291390,497307728142949
c3_14q_decomp_p0-c3-12-r5-1788500285,2026-09-03T22:38:05,c3,build_63329aaf_20260830175903,0.000,a1eefb5,single,12,5,ok,,1,10000,2,1,5.43,54.3000,497307768973467,497307824859816,55.886349,192,33024,160000,42,6797,1,c3_14q_decomp_p0,0,1,0,0,decomp; batch_server v7; dma STRM_POLL_US=0,497307768980788,497307768981478,497307768996228,497307824848136
c3_14q_decomp_p0-c3-12-r6-1788500285,2026-09-03T22:38:05,c3,build_63329aaf_20260830175903,0.000,a1eefb5,single,12,6,ok,,1,10000,2,1,5.43,54.3000,497307903977818,497307959869957,55.892139,192,33024,160000,70,6834,1,c3_14q_decomp_p0,0,1,0,0,decomp; batch_server v7; dma STRM_POLL_US=0,497307903985458,497307903986208,497307904018208,497307959852007
c3_14q_decomp_p0-c3-12-r7-1788500285,2026-09-03T22:38:05,c3,build_63329aaf_20260830175903,0.000,a1eefb5,single,12,7,ok,,1,10000,2,1,5.43,54.3000,497308040275951,497308096162250,55.886299,192,33024,160000,43,7503,1,c3_14q_decomp_p0,0,1,0,0,decomp; batch_server v7; dma STRM_POLL_US=0,497308040284011,497308040284661,497308040307401,497308096151240
c3_14q_decomp_p0-c3-12-r8-1788500285,2026-09-03T22:38:05,c3,build_63329aaf_20260830175903,0.000,a1eefb5,single,12,8,ok,,1,10000,2,1,5.43,54.3000,497308177839587,497308233747336,55.907749,192,33024,160000,44,7355,1,c3_14q_decomp_p0,0,1,0,0,decomp; batch_server v7; dma STRM_POLL_US=0,497308177847357,497308177847977,497308177864917,497308233714036
c3_14q_decomp_p0-c3-12-r9-1788500285,2026-09-03T22:38:05,c3,build_63329aaf_20260830175903,0.000,a1eefb5,single,12,9,ok,,1,10000,2,1,5.43,54.3000,497308313097990,497308368989899,55.891909,192,33024,160000,97,7643,1,c3_14q_decomp_p0,0,1,0,0,decomp; batch_server v7; dma STRM_POLL_US=0,497308313105430,497308313106070,497308313123200,497308368972648
c3_14q_decomp_p0-c3-6-r-1-1788500285,2026-09-03T22:38:05,c3,build_63329aaf_20260830175903,0.000,a1eefb5,single,6,-1,ok,,1,1024,2,3,12.06,12.3515,497308529556184,497308542126630,12.570446,784,98560,40960,42,1344,1,c3_14q_decomp_p0,0,1,0,0,decomp; batch_server v7; dma STRM_POLL_US=0,497308529576405,497308529577515,497308529597805,497308542101820
c3_14q_decomp_p0-c3-6-r0-1788500286,2026-09-03T22:38:06,c3,build_63329aaf_20260830175903,0.000,a1eefb5,single,6,0,ok,,1,1024,2,3,12.06,12.3515,497308678075050,497308690648006,12.572956,784,98560,40960,41,1335,1,c3_14q_decomp_p0,0,1,0,0,decomp; batch_server v7; dma STRM_POLL_US=0,497308678095570,497308678096320,497308678112780,497308690620955
c3_14q_decomp_p0-c3-6-r1-1788500286,2026-09-03T22:38:06,c3,build_63329aaf_20260830175903,0.000,a1eefb5,single,6,1,ok,,1,1024,2,3,12.06,12.3515,497308824977039,497308837537695,12.560656,784,98560,40960,61,1361,1,c3_14q_decomp_p0,0,1,0,0,decomp; batch_server v7; dma STRM_POLL_US=0,497308824996879,497308824997569,497308825015390,497308837523175
c3_14q_decomp_p0-c3-6-r2-1788500286,2026-09-03T22:38:06,c3,build_63329aaf_20260830175903,0.000,a1eefb5,single,6,2,ok,,1,1024,2,3,12.06,12.3515,497308975846518,497308988424674,12.578156,784,98560,40960,44,1409,1,c3_14q_decomp_p0,0,1,0,0,decomp; batch_server v7; dma STRM_POLL_US=0,497308975867598,497308975868188,497308975886228,497308988392424
c3_14q_decomp_p0-c3-6-r3-1788500286,2026-09-03T22:38:06,c3,build_63329aaf_20260830175903,0.000,a1eefb5,single,6,3,ok,,1,1024,2,3,12.06,12.3515,497309126269363,497309138832978,12.563615,784,98560,40960,42,1361,1,c3_14q_decomp_p0,0,1,0,0,decomp; batch_server v7; dma STRM_POLL_US=0,497309126289153,497309126289993,497309126306253,497309138814598
c3_14q_decomp_p0-c3-6-r4-1788500286,2026-09-03T22:38:06,c3,build_63329aaf_20260830175903,0.000,a1eefb5,single,6,4,ok,,1,1024,2,3,12.06,12.3515,497309278839018,497309291405554,12.566536,784,98560,40960,43,1301,1,c3_14q_decomp_p0,0,1,0,0,decomp; batch_server v7; dma STRM_POLL_US=0,497309278858819,497309278859659,497309278876729,497309291384544
c3_14q_decomp_p0-c3-6-r5-1788500286,2026-09-03T22:38:06,c3,build_63329aaf_20260830175903,0.000,a1eefb5,single,6,5,ok,,1,1024,2,3,12.06,12.3515,497309431762488,497309444320314,12.557826,784,98560,40960,43,1450,1,c3_14q_decomp_p0,0,1,0,0,decomp; batch_server v7; dma STRM_POLL_US=0,497309431782498,497309431783088,497309431802208,497309444307933
c3_14q_decomp_p0-c3-6-r6-1788500287,2026-09-03T22:38:07,c3,build_63329aaf_20260830175903,0.000,a1eefb5,single,6,6,ok,,1,1024,2,3,12.06,12.3515,497309579357854,497309591920140,12.562286,784,98560,40960,45,1367,1,c3_14q_decomp_p0,0,1,0,0,decomp; batch_server v7; dma STRM_POLL_US=0,497309579378844,497309579379594,497309579395925,497309591904340
c3_14q_decomp_p0-c3-6-r7-1788500287,2026-09-03T22:38:07,c3,build_63329aaf_20260830175903,0.000,a1eefb5,single,6,7,ok,,1,1024,2,3,12.06,12.3515,497309726768528,497309739324314,12.555786,784,98560,40960,40,1289,1,c3_14q_decomp_p0,0,1,0,0,decomp; batch_server v7; dma STRM_POLL_US=0,497309726788459,497309726789139,497309726804839,497309739314594
c3_14q_decomp_p0-c3-6-r8-1788500287,2026-09-03T22:38:07,c3,build_63329aaf_20260830175903,0.000,a1eefb5,single,6,8,ok,,1,1024,2,3,12.06,12.3515,497309873311774,497309885876980,12.565206,784,98560,40960,41,1405,1,c3_14q_decomp_p0,0,1,0,0,decomp; batch_server v7; dma STRM_POLL_US=0,497309873332074,497309873333004,497309873351765,497309885858080
c3_14q_decomp_p0-c3-6-r9-1788500287,2026-09-03T22:38:07,c3,build_63329aaf_20260830175903,0.000,a1eefb5,single,6,9,ok,,1,1024,2,3,12.06,12.3515,497310021761099,497310034317214,12.556115,784,98560,40960,54,1393,1,c3_14q_decomp_p0,0,1,0,0,decomp; batch_server v7; dma STRM_POLL_US=0,497310021781959,497310021782649,497310021800579,497310034306654
c3_14q_decomp_p0-c3-5-r-1-1788500287,2026-09-03T22:38:07,c3,build_63329aaf_20260830175903,0.000,a1eefb5,single,5,-1,ok,,1,1000,2,3,14.50,14.4960,497310183908681,497310198620548,14.711867,768,98560,48000,43,1546,1,c3_14q_decomp_p0,0,1,0,0,decomp; batch_server v7; dma STRM_POLL_US=0,497310183928611,497310183929271,497310183947851,497310198595667
c3_14q_decomp_p0-c3-5-r0-1788500287,2026-09-03T22:38:07,c3,build_63329aaf_20260830175903,0.000,a1eefb5,single,5,0,ok,,1,1000,2,3,14.50,14.4960,497310330442376,497310345166583,14.724207,768,98560,48000,44,1654,1,c3_14q_decomp_p0,0,1,0,0,decomp; batch_server v7; dma STRM_POLL_US=0,497310330462266,497310330463016,497310330478977,497310345129633
c3_14q_decomp_p0-c3-5-r1-1788500287,2026-09-03T22:38:07,c3,build_63329aaf_20260830175903,0.000,a1eefb5,single,5,1,ok,,1,1000,2,3,14.50,14.4960,497310481660119,497310496383176,14.723057,768,98560,48000,43,1777,1,c3_14q_decomp_p0,0,1,0,0,decomp; batch_server v7; dma STRM_POLL_US=0,497310481680919,497310481681539,497310481698319,497310496346055
c3_14q_decomp_p0-c3-5-r2-1788500288,2026-09-03T22:38:08,c3,build_63329aaf_20260830175903,0.000,a1eefb5,single,5,2,ok,,1,1000,2,3,14.50,14.4960,497310629513327,497310644211604,14.698277,768,98560,48000,42,1609,1,c3_14q_decomp_p0,0,1,0,0,decomp; batch_server v7; dma STRM_POLL_US=0,497310629534398,497310629535108,497310629551028,497310644199844
c3_14q_decomp_p0-c3-5-r3-1788500288,2026-09-03T22:38:08,c3,build_63329aaf_20260830175903,0.000,a1eefb5,single,5,3,ok,,1,1000,2,3,14.50,14.4960,497310778460147,497310793182524,14.722377,768,98560,48000,44,1561,1,c3_14q_decomp_p0,0,1,0,0,decomp; batch_server v7; dma STRM_POLL_US=0,497310778480257,497310778480897,497310778497957,497310793146454
c3_14q_decomp_p0-c3-5-r4-1788500288,2026-09-03T22:38:08,c3,build_63329aaf_20260830175903,0.000,a1eefb5,single,5,4,ok,,1,1000,2,3,14.50,14.4960,497310931057073,497310945762310,14.705237,768,98560,48000,41,1612,1,c3_14q_decomp_p0,0,1,0,0,decomp; batch_server v7; dma STRM_POLL_US=0,497310931076663,497310931077383,497310931096014,497310945743280
c3_14q_decomp_p0-c3-5-r5-1788500288,2026-09-03T22:38:08,c3,build_63329aaf_20260830175903,0.000,a1eefb5,single,5,5,ok,,1,1000,2,3,14.50,14.4960,497311078756220,497311093459398,14.703178,768,98560,48000,43,1623,1,c3_14q_decomp_p0,0,1,0,0,decomp; batch_server v7; dma STRM_POLL_US=0,497311078776331,497311078776951,497311078793241,497311093443277
c3_14q_decomp_p0-c3-5-r6-1788500288,2026-09-03T22:38:08,c3,build_63329aaf_20260830175903,0.000,a1eefb5,single,5,6,ok,,1,1000,2,3,14.50,14.4960,497311226301936,497311241021743,14.719807,768,98560,48000,42,1575,1,c3_14q_decomp_p0,0,1,0,0,decomp; batch_server v7; dma STRM_POLL_US=0,497311226322886,497311226323706,497311226340957,497311240988993
c3_14q_decomp_p0-c3-5-r7-1788500288,2026-09-03T22:38:08,c3,build_63329aaf_20260830175903,0.000,a1eefb5,single,5,7,ok,,1,1000,2,3,14.50,14.4960,497311373616980,497311388351747,14.734767,768,98560,48000,42,1472,1,c3_14q_decomp_p0,0,1,0,0,decomp; batch_server v7; dma STRM_POLL_US=0,497311373636850,497311373637520,497311373654350,497311388303306
c3_14q_decomp_p0-c3-5-r8-1788500288,2026-09-03T22:38:08,c3,build_63329aaf_20260830175903,0.000,a1eefb5,single,5,8,ok,,1,1000,2,3,14.50,14.4960,497311520758101,497311535481358,14.723257,768,98560,48000,42,1673,1,c3_14q_decomp_p0,0,1,0,0,decomp; batch_server v7; dma STRM_POLL_US=0,497311520778241,497311520778911,497311520801362,497311535444868
c3_14q_decomp_p0-c3-5-r9-1788500289,2026-09-03T22:38:09,c3,build_63329aaf_20260830175903,0.000,a1eefb5,single,5,9,ok,,1,1000,2,3,14.50,14.4960,497311668016754,497311682739321,14.722567,768,98560,48000,43,1640,1,c3_14q_decomp_p0,0,1,0,0,decomp; batch_server v7; dma STRM_POLL_US=0,497311668037524,497311668038204,497311668054514,497311682703961
c3_14q_decomp_p0-c3-11-r-1-1788500289,2026-09-03T22:38:09,c3,build_63329aaf_20260830175903,0.000,a1eefb5,single,11,-1,ok,,1,1024,2,5,18.92,19.3761,497311914747492,497311934352448,19.604956,1392,164096,73728,42,2526,1,c3_14q_decomp_p0,0,1,0,0,decomp; batch_server v7; dma STRM_POLL_US=0,497311914780932,497311914781572,497311914801362,497311934336978
c3_14q_decomp_p0-c3-11-r0-1788500289,2026-09-03T22:38:09,c3,build_63329aaf_20260830175903,0.000,a1eefb5,single,11,0,ok,,1,1024,2,5,18.92,19.3761,497312127902314,497312147510160,19.607846,1392,164096,73728,44,3132,1,c3_14q_decomp_p0,0,1,0,0,decomp; batch_server v7; dma STRM_POLL_US=0,497312127934954,497312127935564,497312127957504,497312147492869
c3_14q_decomp_p0-c3-11-r1-1788500289,2026-09-03T22:38:09,c3,build_63329aaf_20260830175903,0.000,a1eefb5,single,11,1,ok,,1,1024,2,5,18.92,19.3761,497312344298928,497312363901624,19.602696,1392,164096,73728,31,1844,1,c3_14q_decomp_p0,0,1,0,0,decomp; batch_server v7; dma STRM_POLL_US=0,497312344332188,497312344332708,497312344353698,497312363889574
c3_14q_decomp_p0-c3-11-r2-1788500289,2026-09-03T22:38:09,c3,build_63329aaf_20260830175903,0.000,a1eefb5,single,11,2,ok,,1,1024,2,5,18.92,19.3761,497312557823633,497312577434510,19.610877,1392,164096,73728,36,2098,1,c3_14q_decomp_p0,0,1,0,0,decomp; batch_server v7; dma STRM_POLL_US=0,497312557856844,497312557857484,497312557878364,497312577414049
c3_14q_decomp_p0-c3-11-r3-1788500290,2026-09-03T22:38:10,c3,build_63329aaf_20260830175903,0.000,a1eefb5,single,11,3,ok,,1,1024,2,5,18.92,19.3761,497312773089096,497312792706583,19.617487,1392,164096,73728,35,1837,1,c3_14q_decomp_p0,0,1,0,0,decomp; batch_server v7; dma STRM_POLL_US=0,497312773122217,497312773123337,497312773148557,497312792679772
c3_14q_decomp_p0-c3-11-r4-1788500290,2026-09-03T22:38:10,c3,build_63329aaf_20260830175903,0.000,a1eefb5,single,11,4,ok,,1,1024,2,5,18.92,19.3761,497312986104527,497313005705393,19.600866,1392,164096,73728,37,2163,1,c3_14q_decomp_p0,0,1,0,0,decomp; batch_server v7; dma STRM_POLL_US=0,497312986138157,497312986138777,497312986159847,497313005694883
c3_14q_decomp_p0-c3-11-r5-1788500290,2026-09-03T22:38:10,c3,build_63329aaf_20260830175903,0.000,a1eefb5,single,11,5,ok,,1,1024,2,5,18.92,19.3761,497313199820644,497313219437621,19.616977,1392,164096,73728,28,2384,1,c3_14q_decomp_p0,0,1,0,0,decomp; batch_server v7; dma STRM_POLL_US=0,497313199854685,497313199855385,497313199874775,497313219411760
c3_14q_decomp_p0-c3-11-r6-1788500290,2026-09-03T22:38:10,c3,build_63329aaf_20260830175903,0.000,a1eefb5,single,11,6,ok,,1,1024,2,5,18.92,19.3761,497313415618113,497313435225429,19.607316,1392,164096,73728,27,2305,1,c3_14q_decomp_p0,0,1,0,0,decomp; batch_server v7; dma STRM_POLL_US=0,497313415652193,497313415652953,497313415674013,497313435209319
c3_14q_decomp_p0-c3-11-r7-1788500290,2026-09-03T22:38:10,c3,build_63329aaf_20260830175903,0.000,a1eefb5,single,11,7,ok,,1,1024,2,5,18.92,19.3761,497313632621893,497313652229419,19.607526,1392,164096,73728,27,2050,1,c3_14q_decomp_p0,0,1,0,0,decomp; batch_server v7; dma STRM_POLL_US=0,497313632655383,497313632656143,497313632676984,497313652212059
c3_14q_decomp_p0-c3-11-r8-1788500291,2026-09-03T22:38:11,c3,build_63329aaf_20260830175903,0.000,a1eefb5,single,11,8,ok,,1,1024,2,5,18.92,19.3761,497313845652244,497313865262590,19.610346,1392,164096,73728,27,2198,1,c3_14q_decomp_p0,0,1,0,0,decomp; batch_server v7; dma STRM_POLL_US=0,497313845685794,497313845686314,497313845707654,497313865242320
c3_14q_decomp_p0-c3-11-r9-1788500291,2026-09-03T22:38:11,c3,build_63329aaf_20260830175903,0.000,a1eefb5,single,11,9,ok,,1,1024,2,5,18.92,19.3761,497314059675804,497314079284470,19.608666,1392,164096,73728,25,2359,1,c3_14q_decomp_p0,0,1,0,0,decomp; batch_server v7; dma STRM_POLL_US=0,497314059709845,497314059710435,497314059731085,497314079266620
c3_14q_decomp_p0-c3-20-r-1-1788500291,2026-09-03T22:38:11,c3,build_63329aaf_20260830175903,0.000,a1eefb5,single,20,-1,ok,,1,1000,2,5,17.66,17.6580,497314260790276,497314278671655,17.881379,1008,164096,56000,26,1737,1,c3_14q_decomp_p0,0,1,0,0,decomp; batch_server v7; dma STRM_POLL_US=0,497314260823576,497314260824226,497314260845146,497314278658684
c3_14q_decomp_p0-c3-20-r0-1788500291,2026-09-03T22:38:11,c3,build_63329aaf_20260830175903,0.000,a1eefb5,single,20,0,ok,,1,1000,2,5,17.66,17.6580,497314460870777,497314478751336,17.880559,1008,164096,56000,25,1528,1,c3_14q_decomp_p0,0,1,0,0,decomp; batch_server v7; dma STRM_POLL_US=0,497314460903957,497314460904627,497314460924787,497314478739676
c3_14q_decomp_p0-c3-20-r1-1788500292,2026-09-03T22:38:12,c3,build_63329aaf_20260830175903,0.000,a1eefb5,single,20,1,ok,,1,1000,2,5,17.66,17.6580,497314663846197,497314681724266,17.878069,1008,164096,56000,35,1814,1,c3_14q_decomp_p0,0,1,0,0,decomp; batch_server v7; dma STRM_POLL_US=0,497314663879587,497314663880777,497314663900387,497314681714956
c3_14q_decomp_p0-c3-20-r2-1788500292,2026-09-03T22:38:12,c3,build_63329aaf_20260830175903,0.000,a1eefb5,single,20,2,ok,,1,1000,2,5,17.66,17.6580,497314862926488,497314880818297,17.891809,1008,164096,56000,26,1635,1,c3_14q_decomp_p0,0,1,0,0,decomp; batch_server v7; dma STRM_POLL_US=0,497314862959938,497314862960708,497314862982389,497314880795387
c3_14q_decomp_p0-c3-20-r3-1788500292,2026-09-03T22:38:12,c3,build_63329aaf_20260830175903,0.000,a1eefb5,single,20,3,ok,,1,1000,2,5,17.66,17.6580,497315062015559,497315079895588,17.880029,1008,164096,56000,25,1773,1,c3_14q_decomp_p0,0,1,0,0,decomp; batch_server v7; dma STRM_POLL_US=0,497315062048200,497315062048820,497315062071320,497315079884408
c3_14q_decomp_p0-c3-20-r4-1788500292,2026-09-03T22:38:12,c3,build_63329aaf_20260830175903,0.000,a1eefb5,single,20,4,ok,,1,1000,2,5,17.66,17.6580,497315262627366,497315280519835,17.892469,1008,164096,56000,35,1746,1,c3_14q_decomp_p0,0,1,0,0,decomp; batch_server v7; dma STRM_POLL_US=0,497315262660016,497315262660696,497315262684656,497315280496104
c3_14q_decomp_p0-c3-20-r5-1788500292,2026-09-03T22:38:12,c3,build_63329aaf_20260830175903,0.000,a1eefb5,single,20,5,ok,,1,1000,2,5,17.66,17.6580,497315508462184,497315526347263,17.885079,1008,164096,56000,250,1971,1,c3_14q_decomp_p0,0,1,0,0,decomp; batch_server v7; dma STRM_POLL_US=0,497315508495255,497315508496085,497315508516865,497315526330743
c3_14q_decomp_p0-c3-20-r6-1788500293,2026-09-03T22:38:13,c3,build_63329aaf_20260830175903,0.000,a1eefb5,single,20,6,ok,,1,1000,2,5,17.66,17.6580,497315715428544,497315733321993,17.893449,1008,164096,56000,35,1813,1,c3_14q_decomp_p0,0,1,0,0,decomp; batch_server v7; dma STRM_POLL_US=0,497315715462145,497315715463315,497315715482875,497315733297293
c3_14q_decomp_p0-c3-20-r7-1788500293,2026-09-03T22:38:13,c3,build_63329aaf_20260830175903,0.000,a1eefb5,single,20,7,ok,,1,1000,2,5,17.66,17.6580,497315911813989,497315929707318,17.893329,1008,164096,56000,27,2075,1,c3_14q_decomp_p0,0,1,0,0,decomp; batch_server v7; dma STRM_POLL_US=0,497315911847639,497315911848389,497315911868219,497315929683167
c3_14q_decomp_p0-c3-20-r8-1788500293,2026-09-03T22:38:13,c3,build_63329aaf_20260830175903,0.000,a1eefb5,single,20,8,ok,,1,1000,2,5,17.66,17.6580,497316108015321,497316125903810,17.888489,1008,164096,56000,35,1908,1,c3_14q_decomp_p0,0,1,0,0,decomp; batch_server v7; dma STRM_POLL_US=0,497316108048951,497316108049571,497316108070071,497316125884430
c3_14q_decomp_p0-c3-20-r9-1788500293,2026-09-03T22:38:13,c3,build_63329aaf_20260830175903,0.000,a1eefb5,single,20,9,ok,,1,1000,2,5,17.66,17.6580,497316309501756,497316327383745,17.881989,1008,164096,56000,26,1491,1,c3_14q_decomp_p0,0,1,0,0,decomp; batch_server v7; dma STRM_POLL_US=0,497316309535396,497316309536126,497316309555617,497316327370245
c3_14q_decomp_p0-c3-25-r-1-1788500293,2026-09-03T22:38:13,c3,build_63329aaf_20260830175903,0.000,a1eefb5,single,25,-1,ok,,1,1024,2,4,17.12,17.5309,497316516274564,497316534035812,17.761248,1344,131328,65536,34,1792,1,c3_14q_decomp_p0,0,1,0,0,decomp; batch_server v7; dma STRM_POLL_US=0,497316516301154,497316516301894,497316516320675,497316534010372
c3_14q_decomp_p0-c3-25-r0-1788500294,2026-09-03T22:38:14,c3,build_63329aaf_20260830175903,0.000,a1eefb5,single,25,0,ok,,1,1024,2,4,17.12,17.5309,497316702403906,497316720487297,18.083391,1344,131328,65536,37,1822,1,c3_14q_decomp_p0,0,1,0,0,decomp; batch_server v7; dma STRM_POLL_US=0,497316702431226,497316702431896,497316702449876,497316720138753
c3_14q_decomp_p0-c3-25-r1-1788500294,2026-09-03T22:38:14,c3,build_63329aaf_20260830175903,0.000,a1eefb5,single,25,1,ok,,1,1024,2,4,17.12,17.5309,497316882686219,497316900439326,17.753107,1344,131328,65536,28,1959,1,c3_14q_decomp_p0,0,1,0,0,decomp; batch_server v7; dma STRM_POLL_US=0,497316882712269,497316882712809,497316882732599,497316900420696
c3_14q_decomp_p0-c3-25-r2-1788500294,2026-09-03T22:38:14,c3,build_63329aaf_20260830175903,0.000,a1eefb5,single,25,2,ok,,1,1024,2,4,17.12,17.5309,497317061562858,497317079316165,17.753307,1344,131328,65536,27,1872,1,c3_14q_decomp_p0,0,1,0,0,decomp; batch_server v7; dma STRM_POLL_US=0,497317061590228,497317061591018,497317061608858,497317079298055
c3_14q_decomp_p0-c3-25-r3-1788500294,2026-09-03T22:38:14,c3,build_63329aaf_20260830175903,0.000,a1eefb5,single,25,3,ok,,1,1024,2,4,17.12,17.5309,497317243670049,497317261427657,17.757608,1344,131328,65536,27,1727,1,c3_14q_decomp_p0,0,1,0,0,decomp; batch_server v7; dma STRM_POLL_US=0,497317243697409,497317243697899,497317243718100,497317261404897
c3_14q_decomp_p0-c3-25-r4-1788500294,2026-09-03T22:38:14,c3,build_63329aaf_20260830175903,0.000,a1eefb5,single,25,4,ok,,1,1024,2,4,17.12,17.5309,497317424033953,497317441785171,17.751218,1344,131328,65536,254,2605,1,c3_14q_decomp_p0,0,1,0,0,decomp; batch_server v7; dma STRM_POLL_US=0,497317424060833,497317424061463,497317424080494,497317441768661
c3_14q_decomp_p0-c3-25-r5-1788500295,2026-09-03T22:38:15,c3,build_63329aaf_20260830175903,0.000,a1eefb5,single,25,5,ok,,1,1024,2,4,17.12,17.5309,497317601449318,497317619203125,17.753807,1344,131328,65536,35,2429,1,c3_14q_decomp_p0,0,1,0,0,decomp; batch_server v7; dma STRM_POLL_US=0,497317601476948,497317601477538,497317601495348,497317619184365
c3_14q_decomp_p0-c3-25-r6-1788500295,2026-09-03T22:38:15,c3,build_63329aaf_20260830175903,0.000,a1eefb5,single,25,6,ok,,1,1024,2,4,17.12,17.5309,497317818240406,497317835994953,17.754547,1344,131328,65536,30,2430,1,c3_14q_decomp_p0,0,1,0,0,decomp; batch_server v7; dma STRM_POLL_US=0,497317818267776,497317818268616,497317818288716,497317835975523
c3_14q_decomp_p0-c3-25-r7-1788500295,2026-09-03T22:38:15,c3,build_63329aaf_20260830175903,0.000,a1eefb5,single,25,7,ok,,1,1024,2,4,17.12,17.5309,497318040023474,497318057774932,17.751458,1344,131328,65536,26,1770,1,c3_14q_decomp_p0,0,1,0,0,decomp; batch_server v7; dma STRM_POLL_US=0,497318040049604,497318040050294,497318040074894,497318057757901
c3_14q_decomp_p0-c3-25-r8-1788500295,2026-09-03T22:38:15,c3,build_63329aaf_20260830175903,0.000,a1eefb5,single,25,8,ok,,1,1024,2,4,17.12,17.5309,497318220312207,497318238065545,17.753338,1344,131328,65536,238,1944,1,c3_14q_decomp_p0,0,1,0,0,decomp; batch_server v7; dma STRM_POLL_US=0,497318220339857,497318220340657,497318220359478,497318238047715
c3_14q_decomp_p0-c3-25-r9-1788500295,2026-09-03T22:38:15,c3,build_63329aaf_20260830175903,0.000,a1eefb5,single,25,9,ok,,1,1024,2,4,17.12,17.5309,497318402553820,497318420535780,17.98196,1344,131328,65536,37,1767,1,c3_14q_decomp_p0,0,1,0,0,decomp; batch_server v7; dma STRM_POLL_US=0,497318402581070,497318402581700,497318402600520,497318420289387
c3_14q_decomp_p0-c3-8-r-1-1788500295,2026-09-03T22:38:15,c3,build_63329aaf_20260830175903,0.000,a1eefb5,single,8,-1,ok,,1,1024,2,5,17.97,18.4054,497318635511980,497318654153116,18.641136,1040,164096,81920,26,2572,1,c3_14q_decomp_p0,0,1,0,0,decomp; batch_server v7; dma STRM_POLL_US=0,497318635545640,497318635546370,497318635567300,497318654131436
c3_14q_decomp_p0-c3-8-r0-1788500296,2026-09-03T22:38:16,c3,build_63329aaf_20260830175903,0.000,a1eefb5,single,8,0,ok,,1,1024,2,5,17.97,18.4054,497318847758383,497318866403849,18.645466,1040,164096,81920,26,2631,1,c3_14q_decomp_p0,0,1,0,0,decomp; batch_server v7; dma STRM_POLL_US=0,497318847790983,497318847791593,497318847813193,497318866377499
c3_14q_decomp_p0-c3-8-r1-1788500296,2026-09-03T22:38:16,c3,build_63329aaf_20260830175903,0.000,a1eefb5,single,8,1,ok,,1,1024,2,5,17.97,18.4054,497319060089426,497319078720843,18.631417,1040,164096,81920,32,2338,1,c3_14q_decomp_p0,0,1,0,0,decomp; batch_server v7; dma STRM_POLL_US=0,497319060122777,497319060123517,497319060144047,497319078708812
c3_14q_decomp_p0-c3-8-r2-1788500296,2026-09-03T22:38:16,c3,build_63329aaf_20260830175903,0.000,a1eefb5,single,8,2,ok,,1,1024,2,5,17.97,18.4054,497319278340469,497319296969945,18.629476,1040,164096,81920,468,2926,1,c3_14q_decomp_p0,0,1,0,0,decomp; batch_server v7; dma STRM_POLL_US=0,497319278374339,497319278374999,497319278394780,497319296959995
c3_14q_decomp_p0-c3-8-r3-1788500296,2026-09-03T22:38:16,c3,build_63329aaf_20260830175903,0.000,a1eefb5,single,8,3,ok,,1,1024,2,5,17.97,18.4054,497319494097597,497319512732043,18.634446,1040,164096,81920,30,2634,1,c3_14q_decomp_p0,0,1,0,0,decomp; batch_server v7; dma STRM_POLL_US=0,497319494131467,497319494132087,497319494154998,497319512717813
c3_14q_decomp_p0-c3-8-r4-1788500297,2026-09-03T22:38:17,c3,build_63329aaf_20260830175903,0.000,a1eefb5,single,8,4,ok,,1,1024,2,5,17.97,18.4054,497319708806624,497319727436691,18.630067,1040,164096,81920,34,2440,1,c3_14q_decomp_p0,0,1,0,0,decomp; batch_server v7; dma STRM_POLL_US=0,497319708840395,497319708841005,497319708860545,497319727426821
c3_14q_decomp_p0-c3-8-r5-1788500297,2026-09-03T22:38:17,c3,build_63329aaf_20260830175903,0.000,a1eefb5,single,8,5,ok,,1,1024,2,5,17.97,18.4054,497319924524702,497319943160648,18.635946,1040,164096,81920,37,2483,1,c3_14q_decomp_p0,0,1,0,0,decomp; batch_server v7; dma STRM_POLL_US=0,497319924557592,497319924558172,497319924578642,497319943144538
c3_14q_decomp_p0-c3-8-r6-1788500297,2026-09-03T22:38:17,c3,build_63329aaf_20260830175903,0.000,a1eefb5,single,8,6,ok,,1,1024,2,5,17.97,18.4054,497320141787225,497320160422711,18.635486,1040,164096,81920,36,2616,1,c3_14q_decomp_p0,0,1,0,0,decomp; batch_server v7; dma STRM_POLL_US=0,497320141819905,497320141820515,497320141843815,497320160407121
c3_14q_decomp_p0-c3-8-r7-1788500297,2026-09-03T22:38:17,c3,build_63329aaf_20260830175903,0.000,a1eefb5,single,8,7,ok,,1,1024,2,5,17.97,18.4054,497320361071228,497320379709564,18.638336,1040,164096,81920,70,2810,1,c3_14q_decomp_p0,0,1,0,0,decomp; batch_server v7; dma STRM_POLL_US=0,497320361105328,497320361105918,497320361127149,497320379692004
c3_14q_decomp_p0-c3-8-r8-1788500297,2026-09-03T22:38:17,c3,build_63329aaf_20260830175903,0.000,a1eefb5,single,8,8,ok,,1,1024,2,5,17.97,18.4054,497320574201570,497320592839666,18.638096,1040,164096,81920,28,2394,1,c3_14q_decomp_p0,0,1,0,0,decomp; batch_server v7; dma STRM_POLL_US=0,497320574234690,497320574235240,497320574257640,497320592822136
c3_14q_decomp_p0-c3-8-r9-1788500298,2026-09-03T22:38:18,c3,build_63329aaf_20260830175903,0.000,a1eefb5,single,8,9,ok,,1,1024,2,5,17.97,18.4054,497320791119799,497320809764936,18.645137,1040,164096,81920,41,2482,1,c3_14q_decomp_p0,0,1,0,0,decomp; batch_server v7; dma STRM_POLL_US=0,497320791153230,497320791153840,497320791180710,497320809740485
c3_14q_decomp_p0-c3-13-r-1-1788500298,2026-09-03T22:38:18,c3,build_63329aaf_20260830175903,0.000,a1eefb5,single,13,-1,ok,,1,500,2,4,26.47,13.2360,497320983595374,497320996969888,13.374514,3008,131328,32000,27,1084,1,c3_14q_decomp_p0,0,1,0,0,decomp; batch_server v7; dma STRM_POLL_US=0,497320983621675,497320983622385,497320984032449,497320996953408
c3_14q_decomp_p0-c3-13-r0-1788500298,2026-09-03T22:38:18,c3,build_63329aaf_20260830175903,0.000,a1eefb5,single,13,0,ok,,1,500,2,4,26.47,13.2360,497321167367772,497321180745996,13.378224,3008,131328,32000,29,1179,1,c3_14q_decomp_p0,0,1,0,0,decomp; batch_server v7; dma STRM_POLL_US=0,497321167394273,497321167394883,497321167415653,497321180726086
c3_14q_decomp_p0-c3-13-r1-1788500298,2026-09-03T22:38:18,c3,build_63329aaf_20260830175903,0.000,a1eefb5,single,13,1,ok,,1,500,2,4,26.47,13.2360,497321351544544,497321364918338,13.373794,3008,131328,32000,26,1041,1,c3_14q_decomp_p0,0,1,0,0,decomp; batch_server v7; dma STRM_POLL_US=0,497321351570685,497321351571305,497321351872348,497321364903778
c3_14q_decomp_p0-c3-13-r2-1788500298,2026-09-03T22:38:18,c3,build_63329aaf_20260830175903,0.000,a1eefb5,single,13,2,ok,,1,500,2,4,26.47,13.2360,497321533812467,497321547188471,13.376004,3008,131328,32000,25,1086,1,c3_14q_decomp_p0,0,1,0,0,decomp; batch_server v7; dma STRM_POLL_US=0,497321533839768,497321533840468,497321534085220,497321547171011
c3_14q_decomp_p0-c3-13-r3-1788500299,2026-09-03T22:38:19,c3,build_63329aaf_20260830175903,0.000,a1eefb5,single,13,3,ok,,1,500,2,4,26.47,13.2360,497321714932629,497321728390493,13.457864,3008,131328,32000,303,1351,1,c3_14q_decomp_p0,0,1,0,0,decomp; batch_server v7; dma STRM_POLL_US=0,497321714960079,497321714961289,497321715199821,497321728291602
c3_14q_decomp_p0-c3-13-r4-1788500299,2026-09-03T22:38:19,c3,build_63329aaf_20260830175903,0.000,a1eefb5,single,13,4,ok,,1,500,2,4,26.47,13.2360,497321894394674,497321907789858,13.395184,3008,131328,32000,31,1087,1,c3_14q_decomp_p0,0,1,0,0,decomp; batch_server v7; dma STRM_POLL_US=0,497321894421044,497321894421684,497321894444154,497321907754537
c3_14q_decomp_p0-c3-13-r5-1788500299,2026-09-03T22:38:19,c3,build_63329aaf_20260830175903,0.000,a1eefb5,single,13,5,ok,,1,500,2,4,26.47,13.2360,497322078561136,497322091934279,13.373143,3008,131328,32000,29,1093,1,c3_14q_decomp_p0,0,1,0,0,decomp; batch_server v7; dma STRM_POLL_US=0,497322078588536,497322078589166,497322078890019,497322091920449
c3_14q_decomp_p0-c3-13-r6-1788500299,2026-09-03T22:38:19,c3,build_63329aaf_20260830175903,0.000,a1eefb5,single,13,6,ok,,1,500,2,4,26.47,13.2360,497322263376494,497322276748508,13.372014,3008,131328,32000,26,1098,1,c3_14q_decomp_p0,0,1,0,0,decomp; batch_server v7; dma STRM_POLL_US=0,497322263402594,497322263403244,497322263639207,497322276734878
c3_14q_decomp_p0-c3-13-r7-1788500299,2026-09-03T22:38:19,c3,build_63329aaf_20260830175903,0.000,a1eefb5,single,13,7,ok,,1,500,2,4,26.47,13.2360,497322448702028,497322462077751,13.375723,3008,131328,32000,26,1009,1,c3_14q_decomp_p0,0,1,0,0,decomp; batch_server v7; dma STRM_POLL_US=0,497322448729298,497322448730008,497322449029841,497322462060621
c3_14q_decomp_p0-c3-13-r8-1788500300,2026-09-03T22:38:20,c3,build_63329aaf_20260830175903,0.000,a1eefb5,single,13,8,ok,,1,500,2,4,26.47,13.2360,497322632607377,497322645979211,13.371834,3008,131328,32000,26,1045,1,c3_14q_decomp_p0,0,1,0,0,decomp; batch_server v7; dma STRM_POLL_US=0,497322632633857,497322632634687,497322632890470,497322645965821
c3_14q_decomp_p0-c3-13-r9-1788500300,2026-09-03T22:38:20,c3,build_63329aaf_20260830175903,0.000,a1eefb5,single,13,9,ok,,1,500,2,4,26.47,13.2360,497322822189193,497322835558187,13.368994,3008,131328,32000,27,1072,1,c3_14q_decomp_p0,0,1,0,0,decomp; batch_server v7; dma STRM_POLL_US=0,497322822215833,497322822216553,497322822240624,497322835548017
c3_14q_decomp_p0-c3-7-r-1-1788500300,2026-09-03T22:38:20,c3,build_63329aaf_20260830175903,0.000,a1eefb5,single,7,-1,ok,,1,8192,2,4,14.84,121.6020,497323018529087,497323141466966,122.937879,832,131328,524288,601,21688,1,c3_14q_decomp_p0,0,1,0,0,decomp; batch_server v7; dma STRM_POLL_US=0,497323018555557,497323018556287,497323018575797,497323141463686
c3_14q_decomp_p0-c3-7-r0-1788500300,2026-09-03T22:38:20,c3,build_63329aaf_20260830175903,0.000,a1eefb5,single,7,0,ok,,1,8192,2,4,14.84,121.6020,497323322860891,497323445795920,122.935029,832,131328,524288,49,18172,1,c3_14q_decomp_p0,0,1,0,0,decomp; batch_server v7; dma STRM_POLL_US=0,497323322887981,497323322888561,497323322908421,497323445803830
c3_14q_decomp_p0-c3-7-r1-1788500301,2026-09-03T22:38:21,c3,build_63329aaf_20260830175903,0.000,a1eefb5,single,7,1,ok,,1,8192,2,4,14.84,121.6020,497323630022943,497323752962392,122.939449,832,131328,524288,34,18165,1,c3_14q_decomp_p0,0,1,0,0,decomp; batch_server v7; dma STRM_POLL_US=0,497323630050393,497323630051013,497323630073093,497323752954002
c3_14q_decomp_p0-c3-7-r2-1788500301,2026-09-03T22:38:21,c3,build_63329aaf_20260830175903,0.000,a1eefb5,single,7,2,ok,,1,8192,2,4,14.84,121.6020,497323937074284,497324060773231,123.698947,832,131328,524288,51,18154,1,c3_14q_decomp_p0,0,1,0,0,decomp; batch_server v7; dma STRM_POLL_US=0,497323937101604,497323937102684,497323937124134,497324060026583
c3_14q_decomp_p0-c3-7-r3-1788500301,2026-09-03T22:38:21,c3,build_63329aaf_20260830175903,0.000,a1eefb5,single,7,3,ok,,1,8192,2,4,14.84,121.6020,497324241632030,497324364566349,122.934319,832,131328,524288,34,18261,1,c3_14q_decomp_p0,0,1,0,0,decomp; batch_server v7; dma STRM_POLL_US=0,497324241658820,497324241659500,497324241680060,497324364574639
c3_14q_decomp_p0-c3-7-r4-1788500301,2026-09-03T22:38:21,c3,build_63329aaf_20260830175903,0.000,a1eefb5,single,7,4,ok,,1,8192,2,4,14.84,121.6020,497324502361037,497324625300977,122.93994,832,131328,524288,482,19186,1,c3_14q_decomp_p0,0,1,0,0,decomp; batch_server v7; dma STRM_POLL_US=0,497324502387768,497324502388478,497324502409038,497324625285237
c3_14q_decomp_p0-c3-7-r5-1788500302,2026-09-03T22:38:22,c3,build_63329aaf_20260830175903,0.000,a1eefb5,single,7,5,ok,,1,8192,2,4,14.84,121.6020,497324804282047,497324927215547,122.9335,832,131328,524288,716,19948,1,c3_14q_decomp_p0,0,1,0,0,decomp; batch_server v7; dma STRM_POLL_US=0,497324804308217,497324804308727,497324804328908,497324927212247
c3_14q_decomp_p0-c3-7-r6-1788500302,2026-09-03T22:38:22,c3,build_63329aaf_20260830175903,0.000,a1eefb5,single,7,6,ok,,1,8192,2,4,14.84,121.6020,497325113556720,497325236499480,122.94276,832,131328,524288,52,17701,1,c3_14q_decomp_p0,0,1,0,0,decomp; batch_server v7; dma STRM_POLL_US=0,497325113583241,497325113583851,497325113604981,497325236481620
c3_14q_decomp_p0-c3-7-r7-1788500302,2026-09-03T22:38:22,c3,build_63329aaf_20260830175903,0.000,a1eefb5,single,7,7,ok,,1,8192,2,4,14.84,121.6020,497325420285688,497325543227958,122.94227,832,131328,524288,576,19345,1,c3_14q_decomp_p0,0,1,0,0,decomp; batch_server v7; dma STRM_POLL_US=0,497325420312138,497325420312758,497325420338849,497325543210608
c3_14q_decomp_p0-c3-7-r8-1788500303,2026-09-03T22:38:23,c3,build_63329aaf_20260830175903,0.000,a1eefb5,single,7,8,ok,,1,8192,2,4,14.84,121.6020,497325684600742,497325807543411,122.942669,832,131328,524288,330,19385,1,c3_14q_decomp_p0,0,1,0,0,decomp; batch_server v7; dma STRM_POLL_US=0,497325684627612,497325684628322,497325684648672,497325807535071
c3_14q_decomp_p0-c3-7-r9-1788500303,2026-09-03T22:38:23,c3,build_63329aaf_20260830175903,0.000,a1eefb5,single,7,9,ok,,1,8192,2,4,14.84,121.6020,497325950506911,497326073448901,122.94199,832,131328,524288,35,17420,1,c3_14q_decomp_p0,0,1,0,0,decomp; batch_server v7; dma STRM_POLL_US=0,497325950533591,497325950534151,497325950555122,497326073432141
c3_14q_decomp_p0-c3-4-r-1-1788500303,2026-09-03T22:38:23,c3,build_63329aaf_20260830175903,0.000,a1eefb5,single,4,-1,ok,,1,1000,2,2,8.94,8.9400,497326191056447,497326200196288,9.139841,512,65792,32000,25,881,1,c3_14q_decomp_p0,0,1,0,0,decomp; batch_server v7; dma STRM_POLL_US=0,497326191070427,497326191071087,497326191088947,497326200181068
c3_14q_decomp_p0-c3-4-r0-1788500303,2026-09-03T22:38:23,c3,build_63329aaf_20260830175903,0.000,a1eefb5,single,4,0,ok,,1,1000,2,2,8.94,8.9400,497326315358270,497326324491802,9.133532,512,65792,32000,39,916,1,c3_14q_decomp_p0,0,1,0,0,decomp; batch_server v7; dma STRM_POLL_US=0,497326315372110,497326315372840,497326315390211,497326324478211
c3_14q_decomp_p0-c3-4-r1-1788500303,2026-09-03T22:38:23,c3,build_63329aaf_20260830175903,0.000,a1eefb5,single,4,1,ok,,1,1000,2,2,8.94,8.9400,497326403763614,497326412906006,9.142392,512,65792,32000,27,1020,1,c3_14q_decomp_p0,0,1,0,0,decomp; batch_server v7; dma STRM_POLL_US=0,497326403777795,497326403778535,497326403797375,497326412891276
c3_14q_decomp_p0-c3-4-r2-1788500303,2026-09-03T22:38:23,c3,build_63329aaf_20260830175903,0.000,a1eefb5,single,4,2,ok,,1,1000,2,2,8.94,8.9400,497326527813635,497326536945236,9.131601,512,65792,32000,26,887,1,c3_14q_decomp_p0,0,1,0,0,decomp; batch_server v7; dma STRM_POLL_US=0,497326527828045,497326527828575,497326527845755,497326536934846
c3_14q_decomp_p0-c3-4-r3-1788500304,2026-09-03T22:38:24,c3,build_63329aaf_20260830175903,0.000,a1eefb5,single,4,3,ok,,1,1000,2,2,8.94,8.9400,497326611587143,497326620720064,9.132921,512,65792,32000,26,864,1,c3_14q_decomp_p0,0,1,0,0,decomp; batch_server v7; dma STRM_POLL_US=0,497326611601033,497326611601613,497326611618543,497326620707734
c3_14q_decomp_p0-c3-4-r4-1788500304,2026-09-03T22:38:24,c3,build_63329aaf_20260830175903,0.000,a1eefb5,single,4,4,ok,,1,1000,2,2,8.94,8.9400,497326695532523,497326704663674,9.131151,512,65792,32000,26,891,1,c3_14q_decomp_p0,0,1,0,0,decomp; batch_server v7; dma STRM_POLL_US=0,497326695551243,497326695551983,497326695570483,497326704652424
c3_14q_decomp_p0-c3-4-r5-1788500304,2026-09-03T22:38:24,c3,build_63329aaf_20260830175903,0.000,a1eefb5,single,4,5,ok,,1,1000,2,2,8.94,8.9400,497326777554783,497326786689114,9.134331,512,65792,32000,34,916,1,c3_14q_decomp_p0,0,1,0,0,decomp; batch_server v7; dma STRM_POLL_US=0,497326777568953,497326777569583,497326777586533,497326786675554
c3_14q_decomp_p0-c3-4-r6-1788500304,2026-09-03T22:38:24,c3,build_63329aaf_20260830175903,0.000,a1eefb5,single,4,6,ok,,1,1000,2,2,8.94,8.9400,497326862749485,497326871888226,9.138741,512,65792,32000,27,871,1,c3_14q_decomp_p0,0,1,0,0,decomp; batch_server v7; dma STRM_POLL_US=0,497326862763995,497326862764675,497326862782645,497326871869816
c3_14q_decomp_p0-c3-4-r7-1788500304,2026-09-03T22:38:24,c3,build_63329aaf_20260830175903,0.000,a1eefb5,single,4,7,ok,,1,1000,2,2,8.94,8.9400,497326945500943,497326954635054,9.134111,512,65792,32000,26,855,1,c3_14q_decomp_p0,0,1,0,0,decomp; batch_server v7; dma STRM_POLL_US=0,497326945515313,497326945515993,497326945533113,497326954643984
c3_14q_decomp_p0-c3-4-r8-1788500304,2026-09-03T22:38:24,c3,build_63329aaf_20260830175903,0.000,a1eefb5,single,4,8,ok,,1,1000,2,2,8.94,8.9400,497327030682305,497327039828806,9.146501,512,65792,32000,26,881,1,c3_14q_decomp_p0,0,1,0,0,decomp; batch_server v7; dma STRM_POLL_US=0,497327030696345,497327030697135,497327030714665,497327039804336
c3_14q_decomp_p0-c3-4-r9-1788500304,2026-09-03T22:38:24,c3,build_63329aaf_20260830175903,0.000,a1eefb5,single,4,9,ok,,1,1000,2,2,8.94,8.9400,497327112876757,497327122006118,9.129361,512,65792,32000,25,896,1,c3_14q_decomp_p0,0,1,0,0,decomp; batch_server v7; dma STRM_POLL_US=0,497327112891167,497327112892187,497327112908997,497327122012428
c3_14q_decomp_p0-c3-3-r-1-1788500304,2026-09-03T22:38:24,c3,build_63329aaf_20260830175903,0.000,a1eefb5,single,3,-1,ok,,1,4000,2,2,8.58,34.3360,497327197247561,497327232598104,35.350543,448,65792,128000,27,4115,1,c3_14q_decomp_p0,0,1,0,0,decomp; batch_server v7; dma STRM_POLL_US=0,497327197262441,497327197263011,497327197281011,497327232232800
c3_14q_decomp_p0-c3-3-r0-1788500304,2026-09-03T22:38:24,c3,build_63329aaf_20260830175903,0.000,a1eefb5,single,3,0,ok,,1,4000,2,2,8.58,34.3360,497327350867567,497327385866477,34.99891,448,65792,128000,563,4769,1,c3_14q_decomp_p0,0,1,0,0,decomp; batch_server v7; dma STRM_POLL_US=0,497327350881617,497327350882127,497327350901147,497327385852167
c3_14q_decomp_p0-c3-3-r1-1788500304,2026-09-03T22:38:24,c3,build_63329aaf_20260830175903,0.000,a1eefb5,single,3,1,ok,,1,4000,2,2,8.58,34.3360,497327499518004,497327534521034,35.00303,448,65792,128000,48,4259,1,c3_14q_decomp_p0,0,1,0,0,decomp; batch_server v7; dma STRM_POLL_US=0,497327499531784,497327499532374,497327499558284,497327534502024
c3_14q_decomp_p0-c3-3-r2-1788500305,2026-09-03T22:38:25,c3,build_63329aaf_20260830175903,0.000,a1eefb5,single,3,2,ok,,1,4000,2,2,8.58,34.3360,497327648173030,497327683175631,35.002601,448,65792,128000,407,4642,1,c3_14q_decomp_p0,0,1,0,0,decomp; batch_server v7; dma STRM_POLL_US=0,497327648186801,497327648187521,497327648208341,497327683157670
c3_14q_decomp_p0-c3-3-r3-1788500305,2026-09-03T22:38:25,c3,build_63329aaf_20260830175903,0.000,a1eefb5,single,3,3,ok,,1,4000,2,2,8.58,34.3360,497327797827147,497327832823557,34.99641,448,65792,128000,200,4378,1,c3_14q_decomp_p0,0,1,0,0,decomp; batch_server v7; dma STRM_POLL_US=0,497327797841327,497327797842017,497327797860078,497327832812887
c3_14q_decomp_p0-c3-3-r4-1788500305,2026-09-03T22:38:25,c3,build_63329aaf_20260830175903,0.000,a1eefb5,single,3,4,ok,,1,4000,2,2,8.58,34.3360,497327954865958,497327989875898,35.00994,448,65792,128000,836,4963,1,c3_14q_decomp_p0,0,1,0,0,decomp; batch_server v7; dma STRM_POLL_US=0,497327954879938,497327954880978,497327954903308,497327989850318
c3_14q_decomp_p0-c3-3-r5-1788500305,2026-09-03T22:38:25,c3,build_63329aaf_20260830175903,0.000,a1eefb5,single,3,5,ok,,1,4000,2,2,8.58,34.3360,497328106995949,497328141994929,34.99898,448,65792,128000,37,4138,1,c3_14q_decomp_p0,0,1,0,0,decomp; batch_server v7; dma STRM_POLL_US=0,497328107009780,497328107010350,497328107027940,497328141980349
c3_14q_decomp_p0-c3-3-r6-1788500305,2026-09-03T22:38:25,c3,build_63329aaf_20260830175903,0.000,a1eefb5,single,3,6,ok,,1,4000,2,2,8.58,34.3360,497328265970529,497328300968979,34.99845,448,65792,128000,235,4251,1,c3_14q_decomp_p0,0,1,0,0,decomp; batch_server v7; dma STRM_POLL_US=0,497328265984510,497328265985050,497328266003370,497328300955559
c3_14q_decomp_p0-c3-3-r7-1788500305,2026-09-03T22:38:25,c3,build_63329aaf_20260830175903,0.000,a1eefb5,single,3,7,ok,,1,4000,2,2,8.58,34.3360,497328373415474,497328408418414,35.00294,448,65792,128000,359,4922,1,c3_14q_decomp_p0,0,1,0,0,decomp; batch_server v7; dma STRM_POLL_US=0,497328373429924,497328373430724,497328373449274,497328408399974
c3_14q_decomp_p0-c3-3-r8-1788500305,2026-09-03T22:38:25,c3,build_63329aaf_20260830175903,0.000,a1eefb5,single,3,8,ok,,1,4000,2,2,8.58,34.3360,497328524115161,497328559112051,34.99689,448,65792,128000,34,3963,1,c3_14q_decomp_p0,0,1,0,0,decomp; batch_server v7; dma STRM_POLL_US=0,497328524129191,497328524129851,497328524147542,497328559098981
c3_14q_decomp_p0-c3-3-r9-1788500306,2026-09-03T22:38:26,c3,build_63329aaf_20260830175903,0.000,a1eefb5,single,3,9,ok,,1,4000,2,2,8.58,34.3360,497328671246273,497328706258543,35.01227,448,65792,128000,33,3917,1,c3_14q_decomp_p0,0,1,0,0,decomp; batch_server v7; dma STRM_POLL_US=0,497328671260943,497328671261473,497328671278563,497328706230443
c3_14q_decomp_p0-c3-2-r-1-1788500306,2026-09-03T22:38:26,c3,build_63329aaf_20260830175903,0.000,a1eefb5,single,2,-1,ok,,1,8192,2,3,11.71,95.9611,497328859634087,497328956930730,97.296643,624,98560,393216,58,13970,1,c3_14q_decomp_p0,0,1,0,0,decomp; batch_server v7; dma STRM_POLL_US=0,497328859654507,497328859655177,497328859675047,497328956908000
c3_14q_decomp_p0-c3-2-r0-1788500306,2026-09-03T22:38:26,c3,build_63329aaf_20260830175903,0.000,a1eefb5,single,2,0,ok,,1,8192,2,3,11.71,95.9611,497329103257264,497329200541837,97.284573,624,98560,393216,640,14463,1,c3_14q_decomp_p0,0,1,0,0,decomp; batch_server v7; dma STRM_POLL_US=0,497329103277464,497329103278104,497329103297414,497329200530306
c3_14q_decomp_p0-c3-2-r1-1788500306,2026-09-03T22:38:26,c3,build_63329aaf_20260830175903,0.000,a1eefb5,single,2,1,ok,,1,8192,2,3,11.71,95.9611,497329352526297,497329449817520,97.291223,624,98560,393216,484,14265,1,c3_14q_decomp_p0,0,1,0,0,decomp; batch_server v7; dma STRM_POLL_US=0,497329352546677,497329352547327,497329352567917,497329449800260
c3_14q_decomp_p0-c3-2-r2-1788500307,2026-09-03T22:38:27,c3,build_63329aaf_20260830175903,0.000,a1eefb5,single,2,2,ok,,1,8192,2,3,11.71,95.9611,497329596137883,497329693430946,97.293063,624,98560,393216,50,13723,1,c3_14q_decomp_p0,0,1,0,0,decomp; batch_server v7; dma STRM_POLL_US=0,497329596157993,497329596158603,497329596178784,497329693411616
c3_14q_decomp_p0-c3-2-r3-1788500307,2026-09-03T22:38:27,c3,build_63329aaf_20260830175903,0.000,a1eefb5,single,2,3,ok,,1,8192,2,3,11.71,95.9611,497329842307005,497329939598658,97.291653,624,98560,393216,345,14060,1,c3_14q_decomp_p0,0,1,0,0,decomp; batch_server v7; dma STRM_POLL_US=0,497329842327125,497329842327785,497329842347076,497329939580668
c3_14q_decomp_p0-c3-2-r4-1788500307,2026-09-03T22:38:27,c3,build_63329aaf_20260830175903,0.000,a1eefb5,single,2,4,ok,,1,8192,2,3,11.71,95.9611,497330086866111,497330184327786,97.461675,624,98560,393216,499,14611,1,c3_14q_decomp_p0,0,1,0,0,decomp; batch_server v7; dma STRM_POLL_US=0,497330086886801,497330086887461,497330086903352,497330184139434
c3_14q_decomp_p0-c3-2-r5-1788500307,2026-09-03T22:38:27,c3,build_63329aaf_20260830175903,0.000,a1eefb5,single,2,5,ok,,1,8192,2,3,11.71,95.9611,497330331962273,497330429252016,97.289743,624,98560,393216,402,14350,1,c3_14q_decomp_p0,0,1,0,0,decomp; batch_server v7; dma STRM_POLL_US=0,497330331983193,497330331983823,497330331999993,497330429236245
c3_14q_decomp_p0-c3-2-r6-1788500308,2026-09-03T22:38:28,c3,build_63329aaf_20260830175903,0.000,a1eefb5,single,2,6,ok,,1,8192,2,3,11.71,95.9611,497330577179855,497330674465858,97.286003,624,98560,393216,496,13939,1,c3_14q_decomp_p0,0,1,0,0,decomp; batch_server v7; dma STRM_POLL_US=0,497330577200695,497330577201915,497330577218735,497330674454138
c3_14q_decomp_p0-c3-2-r7-1788500308,2026-09-03T22:38:28,c3,build_63329aaf_20260830175903,0.000,a1eefb5,single,2,7,ok,,1,8192,2,3,11.71,95.9611,497330826421008,497330923712331,97.291323,624,98560,393216,424,14088,1,c3_14q_decomp_p0,0,1,0,0,decomp; batch_server v7; dma STRM_POLL_US=0,497330826441038,497330826441778,497330826458558,497330923693901
c3_14q_decomp_p0-c3-2-r8-1788500308,2026-09-03T22:38:28,c3,build_63329aaf_20260830175903,0.000,a1eefb5,single,2,8,ok,,1,8192,2,3,11.71,95.9611,497331072408298,497331169703961,97.295663,624,98560,393216,807,15120,1,c3_14q_decomp_p0,0,1,0,0,decomp; batch_server v7; dma STRM_POLL_US=0,497331072428158,497331072428938,497331072446599,497331169682391
c3_14q_decomp_p0-c3-2-r9-1788500308,2026-09-03T22:38:28,c3,build_63329aaf_20260830175903,0.000,a1eefb5,single,2,9,ok,,1,8192,2,3,11.71,95.9611,497331318892203,497331416184056,97.291853,624,98560,393216,275,19099,1,c3_14q_decomp_p0,0,1,0,0,decomp; batch_server v7; dma STRM_POLL_US=0,497331318912554,497331318913204,497331318931994,497331416165276
c3_14q_decomp_p0-c3-1-r-1-1788500309,2026-09-03T22:38:29,c3,build_63329aaf_20260830175903,0.000,a1eefb5,single,1,-1,ok,,1,24576,2,2,8.58,210.9604,497331535669561,497331750521720,214.852159,416,65792,786432,333,39035,1,c3_14q_decomp_p0,0,1,0,0,decomp; batch_server v7; dma STRM_POLL_US=0,497331535683302,497331535683942,497331535698962,497331750488740
c3_14q_decomp_p0-c3-1-r0-1788500309,2026-09-03T22:38:29,c3,build_63329aaf_20260830175903,0.000,a1eefb5,single,1,0,ok,,1,24576,2,2,8.58,210.9604,497331864453030,497332079289719,214.836689,416,65792,786432,327,38415,1,c3_14q_decomp_p0,0,1,0,0,decomp; batch_server v7; dma STRM_POLL_US=0,497331864467900,497331864468540,497331864484820,497332079271618
c3_14q_decomp_p0-c3-1-r1-1788500309,2026-09-03T22:38:29,c3,build_63329aaf_20260830175903,0.000,a1eefb5,single,1,1,ok,,1,24576,2,2,8.58,210.9604,497332202492501,497332417325379,214.832878,416,65792,786432,408,36778,1,c3_14q_decomp_p0,0,1,0,0,decomp; batch_server v7; dma STRM_POLL_US=0,497332202506521,497332202507111,497332202522231,497332417311249
c3_14q_decomp_p0-c3-1-r2-1788500310,2026-09-03T22:38:30,c3,build_63329aaf_20260830175903,0.000,a1eefb5,single,1,2,ok,,1,24576,2,2,8.58,210.9604,497332534945276,497332749774994,214.829718,416,65792,786432,268,36474,1,c3_14q_decomp_p0,0,1,0,0,decomp; batch_server v7; dma STRM_POLL_US=0,497332534960016,497332534960826,497332534979866,497332749765084
c3_14q_decomp_p0-c3-1-r3-1788500310,2026-09-03T22:38:30,c3,build_63329aaf_20260830175903,0.000,a1eefb5,single,1,3,ok,,1,24576,2,2,8.58,210.9604,497332864310730,497333079139659,214.828929,416,65792,786432,414,36154,1,c3_14q_decomp_p0,0,1,0,0,decomp; batch_server v7; dma STRM_POLL_US=0,497332864324300,497332864325010,497332864343190,497333079129748
c3_14q_decomp_p0-c3-1-r4-1788500310,2026-09-03T22:38:30,c3,build_63329aaf_20260830175903,0.000,a1eefb5,single,1,4,ok,,1,24576,2,2,8.58,210.9604,497333193305380,497333408317681,215.012301,416,65792,786432,280,36688,1,c3_14q_decomp_p0,0,1,0,0,decomp; batch_server v7; dma STRM_POLL_US=0,497333193318711,497333193319351,497333193334551,497333408123959
c3_14q_decomp_p0-c3-1-r5-1788500310,2026-09-03T22:38:30,c3,build_63329aaf_20260830175903,0.000,a1eefb5,single,1,5,ok,,1,24576,2,2,8.58,210.9604,497333523089279,497333737919637,214.830358,416,65792,786432,228,37588,1,c3_14q_decomp_p0,0,1,0,0,decomp; batch_server v7; dma STRM_POLL_US=0,497333523103939,497333523104569,497333523120639,497333737907707
c3_14q_decomp_p0-c3-1-r6-1788500311,2026-09-03T22:38:31,c3,build_63329aaf_20260830175903,0.000,a1eefb5,single,1,6,ok,,1,24576,2,2,8.58,210.9604,497333857890467,497334072728396,214.837929,416,65792,786432,269,36547,1,c3_14q_decomp_p0,0,1,0,0,decomp; batch_server v7; dma STRM_POLL_US=0,497333857903927,497333857904647,497333857923048,497334072709256
c3_14q_decomp_p0-c3-1-r7-1788500311,2026-09-03T22:38:31,c3,build_63329aaf_20260830175903,0.000,a1eefb5,single,1,7,ok,,1,24576,2,2,8.58,210.9604,497334195336622,497334410171071,214.834449,416,65792,786432,230,36937,1,c3_14q_decomp_p0,0,1,0,0,decomp; batch_server v7; dma STRM_POLL_US=0,497334195350322,497334195350962,497334195368083,497334410155651
c3_14q_decomp_p0-c3-1-r8-1788500311,2026-09-03T22:38:31,c3,build_63329aaf_20260830175903,0.000,a1eefb5,single,1,8,ok,,1,24576,2,2,8.58,210.9604,497334523964039,497334738794308,214.830269,416,65792,786432,228,35471,1,c3_14q_decomp_p0,0,1,0,0,decomp; batch_server v7; dma STRM_POLL_US=0,497334523977729,497334523978359,497334523994799,497334738782178
c3_14q_decomp_p0-c3-1-r9-1788500312,2026-09-03T22:38:32,c3,build_63329aaf_20260830175903,0.000,a1eefb5,single,1,9,ok,,1,24576,2,2,8.58,210.9604,497334852231372,497335067066791,214.835419,416,65792,786432,364,36591,1,c3_14q_decomp_p0,0,1,0,0,decomp; batch_server v7; dma STRM_POLL_US=0,497334852245212,497334852245822,497334852262663,497335067049161
c3_14q_decomp_p0-c3-21-r-1-1788500312,2026-09-03T22:38:32,c3,build_63329aaf_20260830175903,0.000,a1eefb5,single,21,-1,ok,,1,10000,2,12,43.24,432.4000,497335578201013,497336012320195,434.119182,3392,393472,1920000,250,108971,1,c3_14q_decomp_p0,0,1,0,0,decomp; batch_server v7; dma STRM_POLL_US=0,497335578278944,497335578279684,497335578834759,497336012285595
c3_14q_decomp_p0-c3-21-r0-1788500313,2026-09-03T22:38:33,c3,build_63329aaf_20260830175903,0.000,a1eefb5,single,21,0,ok,,1,10000,2,12,43.24,432.4000,497336428918662,497336863016333,434.097671,3392,393472,1920000,640,74158,1,c3_14q_decomp_p0,0,1,0,0,decomp; batch_server v7; dma STRM_POLL_US=0,497336429008883,497336429009583,497336429605138,497336863003083
c3_14q_decomp_p0-c3-21-r1-1788500314,2026-09-03T22:38:34,c3,build_63329aaf_20260830175903,0.000,a1eefb5,single,21,1,ok,,1,10000,2,12,43.24,432.4000,497337319576630,497337753670721,434.094091,3392,393472,1920000,858,77032,1,c3_14q_decomp_p0,0,1,0,0,decomp; batch_server v7; dma STRM_POLL_US=0,497337319654940,497337319655460,497337319700811,497337753661301
c3_14q_decomp_p0-c3-21-r2-1788500315,2026-09-03T22:38:35,c3,build_63329aaf_20260830175903,0.000,a1eefb5,single,21,2,ok,,1,10000,2,12,43.24,432.4000,497338177268698,497338611369100,434.100402,3392,393472,1920000,621,75892,1,c3_14q_decomp_p0,0,1,0,0,decomp; batch_server v7; dma STRM_POLL_US=0,497338177346009,497338177346619,497338177392539,497338611352309
c3_14q_decomp_p0-c3-21-r3-1788500316,2026-09-03T22:38:36,c3,build_63329aaf_20260830175903,0.000,a1eefb5,single,21,3,ok,,1,10000,2,12,43.24,432.4000,497339061114978,497339495209099,434.094121,3392,393472,1920000,636,75285,1,c3_14q_decomp_p0,0,1,0,0,decomp; batch_server v7; dma STRM_POLL_US=0,497339061192778,497339061193758,497339061239479,497339495199319
c3_14q_decomp_p0-c3-21-r4-1788500317,2026-09-03T22:38:37,c3,build_63329aaf_20260830175903,0.000,a1eefb5,single,21,4,ok,,1,10000,2,12,43.24,432.4000,497339948941927,497340383041969,434.100042,3392,393472,1920000,659,73823,1,c3_14q_decomp_p0,0,1,0,0,decomp; batch_server v7; dma STRM_POLL_US=0,497339949019918,497339949020718,497339949066759,497340383025319
c3_14q_decomp_p0-c3-21-r5-1788500317,2026-09-03T22:38:37,c3,build_63329aaf_20260830175903,0.000,a1eefb5,single,21,5,ok,,1,10000,2,12,43.24,432.4000,497340833968169,497341268062401,434.094232,3392,393472,1920000,594,75479,1,c3_14q_decomp_p0,0,1,0,0,decomp; batch_server v7; dma STRM_POLL_US=0,497340834046110,497340834046640,497340834092350,497341268052821
c3_14q_decomp_p0-c3-21-r6-1788500318,2026-09-03T22:38:38,c3,build_63329aaf_20260830175903,0.000,a1eefb5,single,21,6,ok,,1,10000,2,12,43.24,432.4000,497341720905320,497342155004081,434.098761,3392,393472,1920000,656,75878,1,c3_14q_decomp_p0,0,1,0,0,decomp; batch_server v7; dma STRM_POLL_US=0,497341720983381,497341720983921,497341721030391,497342154989891
c3_14q_decomp_p0-c3-21-r7-1788500319,2026-09-03T22:38:39,c3,build_63329aaf_20260830175903,0.000,a1eefb5,single,21,7,ok,,1,10000,2,12,43.24,432.4000,497342572973502,497343007066983,434.093481,3392,393472,1920000,632,73089,1,c3_14q_decomp_p0,0,1,0,0,decomp; batch_server v7; dma STRM_POLL_US=0,497342573051303,497342573051873,497342573097583,497343007057333
c3_14q_decomp_p0-c3-21-r8-1788500320,2026-09-03T22:38:40,c3,build_63329aaf_20260830175903,0.000,a1eefb5,single,21,8,ok,,1,10000,2,12,43.24,432.4000,497343461001083,497343895102715,434.101632,3392,393472,1920000,753,76279,1,c3_14q_decomp_p0,0,1,0,0,decomp; batch_server v7; dma STRM_POLL_US=0,497343461078954,497343461079594,497343461125525,497343895085285
c3_14q_decomp_p0-c3-21-r9-1788500321,2026-09-03T22:38:41,c3,build_63329aaf_20260830175903,0.000,a1eefb5,single,21,9,ok,,1,10000,2,12,43.24,432.4000,497344309680112,497344743777643,434.097531,3392,393472,1920000,618,75082,1,c3_14q_decomp_p0,0,1,0,0,decomp; batch_server v7; dma STRM_POLL_US=0,497344309757822,497344309758442,497344309803903,497344743764153
c3_14q_decomp_p0-c3-23-r-1-1788500322,2026-09-03T22:38:42,c3,build_63329aaf_20260830175903,0.000,a1eefb5,single,23,-1,ok,,1,4000,2,12,42.85,171.4080,497345191736503,497345363915646,172.179143,3136,393472,768000,621,29010,1,c3_14q_decomp_p0,0,1,0,0,decomp; batch_server v7; dma STRM_POLL_US=0,497345191814084,497345191814644,497345191860725,497345363893005
c3_14q_decomp_p0-c3-23-r0-1788500322,2026-09-03T22:38:42,c3,build_63329aaf_20260830175903,0.000,a1eefb5,single,23,0,ok,,1,4000,2,12,42.85,171.4080,497345759532512,497345931699914,172.167402,3136,393472,768000,650,29014,1,c3_14q_decomp_p0,0,1,0,0,decomp; batch_server v7; dma STRM_POLL_US=0,497345759610603,497345759611413,497345759657374,497345931688224
c3_14q_decomp_p0-c3-23-r1-1788500323,2026-09-03T22:38:43,c3,build_63329aaf_20260830175903,0.000,a1eefb5,single,23,1,ok,,1,4000,2,12,42.85,171.4080,497346321819666,497346493994348,172.174682,3136,393472,768000,727,30359,1,c3_14q_decomp_p0,0,1,0,0,decomp; batch_server v7; dma STRM_POLL_US=0,497346321896707,497346321897887,497346321944307,497346493975788
c3_14q_decomp_p0-c3-23-r2-1788500324,2026-09-03T22:38:44,c3,build_63329aaf_20260830175903,0.000,a1eefb5,single,23,2,ok,,1,4000,2,12,42.85,171.4080,497346897057629,497347069228881,172.171252,3136,393472,768000,682,40545,1,c3_14q_decomp_p0,0,1,0,0,decomp; batch_server v7; dma STRM_POLL_US=0,497346897135170,497346897135960,497346897506684,497347069214671
c3_14q_decomp_p0-c3-23-r3-1788500324,2026-09-03T22:38:44,c3,build_63329aaf_20260830175903,0.000,a1eefb5,single,23,3,ok,,1,4000,2,12,42.85,171.4080,497347459121701,497347631290333,172.168632,3136,393472,768000,186,43247,1,c3_14q_decomp_p0,0,1,0,0,decomp; batch_server v7; dma STRM_POLL_US=0,497347459199532,497347459200162,497347459552155,497347631277603
c3_14q_decomp_p0-c3-23-r4-1788500325,2026-09-03T22:38:45,c3,build_63329aaf_20260830175903,0.000,a1eefb5,single,23,4,ok,,1,4000,2,12,42.85,171.4080,497348039544366,497348211717288,172.172922,3136,393472,768000,626,28989,1,c3_14q_decomp_p0,0,1,0,0,decomp; batch_server v7; dma STRM_POLL_US=0,497348039633767,497348039634467,497348040019551,497348211701528
c3_14q_decomp_p0-c3-23-r5-1788500325,2026-09-03T22:38:45,c3,build_63329aaf_20260830175903,0.000,a1eefb5,single,23,5,ok,,1,4000,2,12,42.85,171.4080,497348646812190,497348818979412,172.167222,3136,393472,768000,329,29537,1,c3_14q_decomp_p0,0,1,0,0,decomp; batch_server v7; dma STRM_POLL_US=0,497348646889070,497348646889590,497348646936001,497348818968181
c3_14q_decomp_p0-c3-23-r6-1788500326,2026-09-03T22:38:46,c3,build_63329aaf_20260830175903,0.000,a1eefb5,single,23,6,ok,,1,4000,2,12,42.85,171.4080,497349215369336,497349387535898,172.166562,3136,393472,768000,178,28131,1,c3_14q_decomp_p0,0,1,0,0,decomp; batch_server v7; dma STRM_POLL_US=0,497349215446057,497349215446687,497349215493777,497349387525108
c3_14q_decomp_p0-c3-23-r7-1788500326,2026-09-03T22:38:46,c3,build_63329aaf_20260830175903,0.000,a1eefb5,single,23,7,ok,,1,4000,2,12,42.85,171.4080,497349823371147,497349995552929,172.181782,3136,393472,768000,1225,29760,1,c3_14q_decomp_p0,0,1,0,0,decomp; batch_server v7; dma STRM_POLL_US=0,497349823448838,497349823449418,497349823495808,497349995527629
c3_14q_decomp_p0-c3-23-r8-1788500327,2026-09-03T22:38:47,c3,build_63329aaf_20260830175903,0.000,a1eefb5,single,23,8,ok,,1,4000,2,12,42.85,171.4080,497350426842333,497350599017325,172.174992,3136,393472,768000,600,30238,1,c3_14q_decomp_p0,0,1,0,0,decomp; batch_server v7; dma STRM_POLL_US=0,497350426920533,497350426921133,497350426967174,497350598998415
c3_14q_decomp_p0-c3-23-r9-1788500328,2026-09-03T22:38:48,c3,build_63329aaf_20260830175903,0.000,a1eefb5,single,23,9,ok,,1,4000,2,12,42.85,171.4080,497351035418229,497351207584021,172.165792,3136,393472,768000,443,29749,1,c3_14q_decomp_p0,0,1,0,0,decomp; batch_server v7; dma STRM_POLL_US=0,497351035495580,497351035496200,497351035542511,497351207574241
c3_14q_decomp_p0-c3-22-r-1-1788500328,2026-09-03T22:38:48,c3,build_63329aaf_20260830175903,0.000,a1eefb5,single,22,-1,ok,,1,400,2,14,50.12,20.0496,497351747470071,497351767745634,20.275563,4192,458752,89600,40,3293,1,c3_14q_decomp_p0,0,1,0,0,decomp; batch_server v7; dma STRM_POLL_US=0,497351747560382,497351747561062,497351747613602,497351767726624
c3_14q_decomp_p0-c3-22-r0-1788500329,2026-09-03T22:38:49,c3,build_63329aaf_20260830175903,0.000,a1eefb5,single,22,0,ok,,1,400,2,14,50.12,20.0496,497352261186619,497352281461302,20.274683,4192,458752,89600,35,3209,1,c3_14q_decomp_p0,0,1,0,0,decomp; batch_server v7; dma STRM_POLL_US=0,497352261276590,497352261277310,497352261330450,497352281443282
c3_14q_decomp_p0-c3-22-r1-1788500329,2026-09-03T22:38:49,c3,build_63329aaf_20260830175903,0.000,a1eefb5,single,22,1,ok,,1,400,2,14,50.12,20.0496,497352775693705,497352795964508,20.270803,4192,458752,89600,41,3382,1,c3_14q_decomp_p0,0,1,0,0,decomp; batch_server v7; dma STRM_POLL_US=0,497352775783826,497352775784546,497352775837256,497352795949347
c3_14q_decomp_p0-c3-22-r2-1788500330,2026-09-03T22:38:50,c3,build_63329aaf_20260830175903,0.000,a1eefb5,single,22,2,ok,,1,400,2,14,50.12,20.0496,497353286885278,497353307163220,20.277942,4192,458752,89600,52,4094,1,c3_14q_decomp_p0,0,1,0,0,decomp; batch_server v7; dma STRM_POLL_US=0,497353286975088,497353286975718,497353287029959,497353307141540
c3_14q_decomp_p0-c3-22-r3-1788500330,2026-09-03T22:38:50,c3,build_63329aaf_20260830175903,0.000,a1eefb5,single,22,3,ok,,1,400,2,14,50.12,20.0496,497353800862478,497353821134941,20.272463,4192,458752,89600,222,3412,1,c3_14q_decomp_p0,0,1,0,0,decomp; batch_server v7; dma STRM_POLL_US=0,497353800952029,497353800952649,497353801488974,497353821118181
c3_14q_decomp_p0-c3-22-r4-1788500331,2026-09-03T22:38:51,c3,build_63329aaf_20260830175903,0.000,a1eefb5,single,22,4,ok,,1,400,2,14,50.12,20.0496,497354313441645,497354333710087,20.268442,4192,458752,89600,32,3204,1,c3_14q_decomp_p0,0,1,0,0,decomp; batch_server v7; dma STRM_POLL_US=0,497354313532186,497354313533236,497354314196542,497354333698497
c3_14q_decomp_p0-c3-22-r5-1788500331,2026-09-03T22:38:51,c3,build_63329aaf_20260830175903,0.000,a1eefb5,single,22,5,ok,,1,400,2,14,50.12,20.0496,497354827709208,497354847991481,20.282273,4192,458752,89600,605,3959,1,c3_14q_decomp_p0,0,1,0,0,decomp; batch_server v7; dma STRM_POLL_US=0,497354827799199,497354827799899,497354827852620,497354847964991
c3_14q_decomp_p0-c3-22-r6-1788500332,2026-09-03T22:38:52,c3,build_63329aaf_20260830175903,0.000,a1eefb5,single,22,6,ok,,1,400,2,14,50.12,20.0496,497355339732519,497355360466877,20.734358,4192,458752,89600,33,3272,1,c3_14q_decomp_p0,0,1,0,0,decomp; batch_server v7; dma STRM_POLL_US=0,497355339822580,497355339823290,497355339876991,497355359989472
c3_14q_decomp_p0-c3-22-r7-1788500332,2026-09-03T22:38:52,c3,build_63329aaf_20260830175903,0.000,a1eefb5,single,22,7,ok,,1,400,2,14,50.12,20.0496,497355853388337,497355873663119,20.274782,4192,458752,89600,35,3323,1,c3_14q_decomp_p0,0,1,0,0,decomp; batch_server v7; dma STRM_POLL_US=0,497355853477947,497355853478648,497355853532718,497355873644859
c3_14q_decomp_p0-c3-22-r8-1788500333,2026-09-03T22:38:53,c3,build_63329aaf_20260830175903,0.000,a1eefb5,single,22,8,ok,,1,400,2,14,50.12,20.0496,497356364799882,497356385075414,20.275532,4192,458752,89600,48,3125,1,c3_14q_decomp_p0,0,1,0,0,decomp; batch_server v7; dma STRM_POLL_US=0,497356364889992,497356364890682,497356364944323,497356385055554
c3_14q_decomp_p0-c3-22-r9-1788500333,2026-09-03T22:38:53,c3,build_63329aaf_20260830175903,0.000,a1eefb5,single,22,9,ok,,1,400,2,14,50.12,20.0496,497356916996544,497356937261717,20.265173,4192,458752,89600,552,3684,1,c3_14q_decomp_p0,0,1,0,0,decomp; batch_server v7; dma STRM_POLL_US=0,497356917087185,497356917087895,497356917140806,497356937252407
c3_14q_decomp_p0-c3-19-r-1-1788500334,2026-09-03T22:38:54,c3,build_63329aaf_20260830175903,0.000,a1eefb5,single,19,-1,ok,,1,4096,2,14,46.42,190.1199,497357449396129,497357640319099,190.92297,3968,458752,917504,594,31706,1,c3_14q_decomp_p0,0,1,0,0,decomp; batch_server v7; dma STRM_POLL_US=0,497357449486440,497357449487050,497357449540241,497357640299498
c3_14q_decomp_p0-c3-19-r0-1788500335,2026-09-03T22:38:55,c3,build_63329aaf_20260830175903,0.000,a1eefb5,single,19,0,ok,,1,4096,2,14,46.42,190.1199,497358112557012,497358303471231,190.914219,3968,458752,917504,422,30881,1,c3_14q_decomp_p0,0,1,0,0,decomp; batch_server v7; dma STRM_POLL_US=0,497358112646993,497358112647653,497358112700713,497358303460451
c3_14q_decomp_p0-c3-19-r1-1788500335,2026-09-03T22:38:55,c3,build_63329aaf_20260830175903,0.000,a1eefb5,single,19,1,ok,,1,4096,2,14,46.42,190.1199,497358776390711,497358967307011,190.9163,3968,458752,917504,154,30859,1,c3_14q_decomp_p0,0,1,0,0,decomp; batch_server v7; dma STRM_POLL_US=0,497358776480842,497358776481442,497358776535153,497358967293261
c3_14q_decomp_p0-c3-19-r2-1788500336,2026-09-03T22:38:56,c3,build_63329aaf_20260830175903,0.000,a1eefb5,single,19,2,ok,,1,4096,2,14,46.42,190.1199,497359480500063,497359671414293,190.91423,3968,458752,917504,633,31855,1,c3_14q_decomp_p0,0,1,0,0,decomp; batch_server v7; dma STRM_POLL_US=0,497359480589964,497359480591164,497359480644585,497359671403103
c3_14q_decomp_p0-c3-19-r3-1788500337,2026-09-03T22:38:57,c3,build_63329aaf_20260830175903,0.000,a1eefb5,single,19,3,ok,,1,4096,2,14,46.42,190.1199,497360189103471,497360380034180,190.930709,3968,458752,917504,602,32063,1,c3_14q_decomp_p0,0,1,0,0,decomp; batch_server v7; dma STRM_POLL_US=0,497360189193251,497360189193981,497360189247372,497360380006170
c3_14q_decomp_p0-c3-19-r4-1788500337,2026-09-03T22:38:57,c3,build_63329aaf_20260830175903,0.000,a1eefb5,single,19,4,ok,,1,4096,2,14,46.42,190.1199,497360889907870,497361080833009,190.925139,3968,458752,917504,580,31780,1,c3_14q_decomp_p0,0,1,0,0,decomp; batch_server v7; dma STRM_POLL_US=0,497360889998681,497360889999331,497360890051661,497361080811529
c3_14q_decomp_p0-c3-19-r5-1788500338,2026-09-03T22:38:58,c3,build_63329aaf_20260830175903,0.000,a1eefb5,single,19,5,ok,,1,4096,2,14,46.42,190.1199,497361555778739,497361746690829,190.91209,3968,458752,917504,629,32026,1,c3_14q_decomp_p0,0,1,0,0,decomp; batch_server v7; dma STRM_POLL_US=0,497361555869270,497361555869890,497361555922561,497361746681539
c3_14q_decomp_p0-c3-19-r6-1788500339,2026-09-03T22:38:59,c3,build_63329aaf_20260830175903,0.000,a1eefb5,single,19,6,ok,,1,4096,2,14,46.42,190.1199,497362258053433,497362448968003,190.91457,3968,458752,917504,310,31836,1,c3_14q_decomp_p0,0,1,0,0,decomp; batch_server v7; dma STRM_POLL_US=0,497362258143814,497362258144414,497362258197125,497362448956603
c3_14q_decomp_p0-c3-19-r7-1788500340,2026-09-03T22:39:00,c3,build_63329aaf_20260830175903,0.000,a1eefb5,single,19,7,ok,,1,4096,2,14,46.42,190.1199,497362963391308,497363154305227,190.913919,3968,458752,917504,793,33388,1,c3_14q_decomp_p0,0,1,0,0,decomp; batch_server v7; dma STRM_POLL_US=0,497362963481789,497362963482439,497362963536159,497363154294257
c3_14q_decomp_p0-c3-19-r8-1788500340,2026-09-03T22:39:00,c3,build_63329aaf_20260830175903,0.000,a1eefb5,single,19,8,ok,,1,4096,2,14,46.42,190.1199,497363669493360,497363860428989,190.935629,3968,458752,917504,286,31030,1,c3_14q_decomp_p0,0,1,0,0,decomp; batch_server v7; dma STRM_POLL_US=0,497363669583141,497363669583871,497363669636551,497363860395319
c3_14q_decomp_p0-c3-19-r9-1788500341,2026-09-03T22:39:01,c3,build_63329aaf_20260830175903,0.000,a1eefb5,single,19,9,ok,,1,4096,2,14,46.42,190.1199,497364372076107,497364562994826,190.918719,3968,458752,917504,320,30812,1,c3_14q_decomp_p0,0,1,0,0,decomp; batch_server v7; dma STRM_POLL_US=0,497364372166388,497364372167148,497364372590192,497364562979656
c3_14q_decomp_p0-c3-24-r-1-1788500342,2026-09-03T22:39:02,c3,build_63329aaf_20260830175903,0.000,a1eefb5,single,24,-1,ok,,1,1024,2,6,59.48,60.9034,497364814268689,497364875405541,61.136852,10080,196864,98304,29,3186,1,c3_14q_decomp_p0,0,1,0,0,decomp; batch_server v7; dma STRM_POLL_US=0,497364814309020,497364814309500,497364814333640,497364875395881
c3_14q_decomp_p0-c3-24-r0-1788500342,2026-09-03T22:39:02,c3,build_63329aaf_20260830175903,0.000,a1eefb5,single,24,0,ok,,1,1024,2,6,59.48,60.9034,497365081560513,497365142702984,61.142471,10080,196864,98304,227,3727,1,c3_14q_decomp_p0,0,1,0,0,decomp; batch_server v7; dma STRM_POLL_US=0,497365081599393,497365081600143,497365081975137,497365142687844
c3_14q_decomp_p0-c3-24-r1-1788500342,2026-09-03T22:39:02,c3,build_63329aaf_20260830175903,0.000,a1eefb5,single,24,1,ok,,1,1024,2,6,59.48,60.9034,497365414466742,497365475604734,61.137992,10080,196864,98304,27,3582,1,c3_14q_decomp_p0,0,1,0,0,decomp; batch_server v7; dma STRM_POLL_US=0,497365414506453,497365414507023,497365414533073,497365475595124
c3_14q_decomp_p0-c3-24-r2-1788500343,2026-09-03T22:39:03,c3,build_63329aaf_20260830175903,0.000,a1eefb5,single,24,2,ok,,1,1024,2,6,59.48,60.9034,497365726849627,497365787995288,61.145661,10080,196864,98304,30,3619,1,c3_14q_decomp_p0,0,1,0,0,decomp; batch_server v7; dma STRM_POLL_US=0,497365726889817,497365726890387,497365726918567,497365787977428
c3_14q_decomp_p0-c3-24-r3-1788500343,2026-09-03T22:39:03,c3,build_63329aaf_20260830175903,0.000,a1eefb5,single,24,3,ok,,1,1024,2,6,59.48,60.9034,497365997346952,497366058492794,61.145842,10080,196864,98304,589,4135,1,c3_14q_decomp_p0,0,1,0,0,decomp; batch_server v7; dma STRM_POLL_US=0,497365997386412,497365997386912,497365997412553,497366058474363
c3_14q_decomp_p0-c3-24-r4-1788500343,2026-09-03T22:39:03,c3,build_63329aaf_20260830175903,0.000,a1eefb5,single,24,4,ok,,1,1024,2,6,59.48,60.9034,497366286711676,497366347854358,61.142682,10080,196864,98304,36,3573,1,c3_14q_decomp_p0,0,1,0,0,decomp; batch_server v7; dma STRM_POLL_US=0,497366286751206,497366286751747,497366286775727,497366347839007
c3_14q_decomp_p0-c3-24-r5-1788500343,2026-09-03T22:39:03,c3,build_63329aaf_20260830175903,0.000,a1eefb5,single,24,5,ok,,1,1024,2,6,59.48,60.9034,497366574898868,497366636859628,61.96076,10080,196864,98304,27,3632,1,c3_14q_decomp_p0,0,1,0,0,decomp; batch_server v7; dma STRM_POLL_US=0,497366574938489,497366574939009,497366574963469,497366636027190
c3_14q_decomp_p0-c3-24-r6-1788500344,2026-09-03T22:39:04,c3,build_63329aaf_20260830175903,0.000,a1eefb5,single,24,6,ok,,1,1024,2,6,59.48,60.9034,497366843953059,497366905098861,61.145802,10080,196864,98304,28,3595,1,c3_14q_decomp_p0,0,1,0,0,decomp; batch_server v7; dma STRM_POLL_US=0,497366843992960,497366843993500,497366844078111,497366905080681
c3_14q_decomp_p0-c3-24-r7-1788500344,2026-09-03T22:39:04,c3,build_63329aaf_20260830175903,0.000,a1eefb5,single,24,7,ok,,1,1024,2,6,59.48,60.9034,497367132295333,497367193441795,61.146462,10080,196864,98304,204,3735,1,c3_14q_decomp_p0,0,1,0,0,decomp; batch_server v7; dma STRM_POLL_US=0,497367132334834,497367132335454,497367132367914,497367193422665
c3_14q_decomp_p0-c3-24-r8-1788500344,2026-09-03T22:39:04,c3,build_63329aaf_20260830175903,0.000,a1eefb5,single,24,8,ok,,1,1024,2,6,59.48,60.9034,497367421465035,497367482603487,61.138452,10080,196864,98304,37,3662,1,c3_14q_decomp_p0,0,1,0,0,decomp; batch_server v7; dma STRM_POLL_US=0,497367421504266,497367421504776,497367421530466,497367482593667
c3_14q_decomp_p0-c3-24-r9-1788500345,2026-09-03T22:39:05,c3,build_63329aaf_20260830175903,0.000,a1eefb5,single,24,9,ok,,1,1024,2,6,59.48,60.9034,497367689325544,497367750465356,61.139812,10080,196864,98304,37,3524,1,c3_14q_decomp_p0,0,1,0,0,decomp; batch_server v7; dma STRM_POLL_US=0,497367689364915,497367689365495,497367689390505,497367750452966
c3_14q_decomp_p200-c3-10-r-1-1788500349,2026-09-03T22:39:09,c3,build_63329aaf_20260830175903,0.000,a1eefb5,single,10,-1,ok,,1,32,2,8,27.36,0.8756,497372362013479,497372363003748,0.990269,1664,262400,4096,28,158,1,c3_14q_decomp_p200,0,1,0,0,decomp; batch_server v7; dma STRM_POLL_US=200,497372362066159,497372362066789,497372362108600,497372362978978
c3_14q_decomp_p200-c3-10-r0-1788500349,2026-09-03T22:39:09,c3,build_63329aaf_20260830175903,0.000,a1eefb5,single,10,0,ok,,1,32,2,8,27.36,0.8756,497372674339832,497372675316652,0.97682,1664,262400,4096,29,112,1,c3_14q_decomp_p200,0,1,0,0,decomp; batch_server v7; dma STRM_POLL_US=200,497372674392183,497372674392673,497372674423533,497372675304972
c3_14q_decomp_p200-c3-10-r1-1788500350,2026-09-03T22:39:10,c3,build_63329aaf_20260830175903,0.000,a1eefb5,single,10,1,ok,,1,32,2,8,27.36,0.8756,497372986786917,497372987762137,0.97522,1664,262400,4096,28,138,1,c3_14q_decomp_p200,0,1,0,0,decomp; batch_server v7; dma STRM_POLL_US=200,497372986839758,497372986840368,497372986872218,497372987753247
c3_14q_decomp_p200-c3-10-r2-1788500350,2026-09-03T22:39:10,c3,build_63329aaf_20260830175903,0.000,a1eefb5,single,10,2,ok,,1,32,2,8,27.36,0.8756,497373341677367,497373342658457,0.98109,1664,262400,4096,27,84,1,c3_14q_decomp_p200,0,1,0,0,decomp; batch_server v7; dma STRM_POLL_US=200,497373341730007,497373341730637,497373341762798,497373342642226
c3_14q_decomp_p200-c3-10-r3-1788500350,2026-09-03T22:39:10,c3,build_63329aaf_20260830175903,0.000,a1eefb5,single,10,3,ok,,1,32,2,8,27.36,0.8756,497373654954590,497373655937670,0.98308,1664,262400,4096,27,114,1,c3_14q_decomp_p200,0,1,0,0,decomp; batch_server v7; dma STRM_POLL_US=200,497373655007101,497373655008011,497373655038681,497373655920000
c3_14q_decomp_p200-c3-10-r4-1788500351,2026-09-03T22:39:11,c3,build_63329aaf_20260830175903,0.000,a1eefb5,single,10,4,ok,,1,32,2,8,27.36,0.8756,497373968113812,497373969095722,0.98191,1664,262400,4096,27,86,1,c3_14q_decomp_p200,0,1,0,0,decomp; batch_server v7; dma STRM_POLL_US=200,497373968165633,497373968166273,497373968198903,497373969078732
c3_14q_decomp_p200-c3-10-r5-1788500351,2026-09-03T22:39:11,c3,build_63329aaf_20260830175903,0.000,a1eefb5,single,10,5,ok,,1,32,2,8,27.36,0.8756,497374279931411,497374280909551,0.97814,1664,262400,4096,28,110,1,c3_14q_decomp_p200,0,1,0,0,decomp; batch_server v7; dma STRM_POLL_US=200,497374279983841,497374279984551,497374280045342,497374280896770
c3_14q_decomp_p200-c3-10-r6-1788500351,2026-09-03T22:39:11,c3,build_63329aaf_20260830175903,0.000,a1eefb5,single,10,6,ok,,1,32,2,8,27.36,0.8756,497374592974422,497374593948731,0.974309,1664,262400,4096,28,138,1,c3_14q_decomp_p200,0,1,0,0,decomp; batch_server v7; dma STRM_POLL_US=200,497374593027142,497374593027772,497374593058803,497374593939821
c3_14q_decomp_p200-c3-10-r7-1788500352,2026-09-03T22:39:12,c3,build_63329aaf_20260830175903,0.000,a1eefb5,single,10,7,ok,,1,32,2,8,27.36,0.8756,497374904080033,497374905061823,0.98179,1664,262400,4096,29,106,1,c3_14q_decomp_p200,0,1,0,0,decomp; batch_server v7; dma STRM_POLL_US=200,497374904132874,497374904133654,497374904164664,497374905045603
c3_14q_decomp_p200-c3-10-r8-1788500352,2026-09-03T22:39:12,c3,build_63329aaf_20260830175903,0.000,a1eefb5,single,10,8,ok,,1,32,2,8,27.36,0.8756,497375218112204,497375219109004,0.9968,1664,262400,4096,46,98,1,c3_14q_decomp_p200,0,1,0,0,decomp; batch_server v7; dma STRM_POLL_US=200,497375218164285,497375218164805,497375218197085,497375219077244
c3_14q_decomp_p200-c3-10-r9-1788500352,2026-09-03T22:39:12,c3,build_63329aaf_20260830175903,0.000,a1eefb5,single,10,9,ok,,1,32,2,8,27.36,0.8756,497375531247106,497375532224476,0.97737,1664,262400,4096,44,91,1,c3_14q_decomp_p200,0,1,0,0,decomp; batch_server v7; dma STRM_POLL_US=200,497375531299226,497375531299896,497375531331997,497375532212886
c3_14q_decomp_p200-c3-9-r-1-1788500353,2026-09-03T22:39:13,c3,build_63329aaf_20260830175903,0.000,a1eefb5,single,9,-1,ok,,1,128,2,6,21.10,2.7013,497375786327277,497375789128205,2.800928,1248,196864,12288,43,290,1,c3_14q_decomp_p200,0,1,0,0,decomp; batch_server v7; dma STRM_POLL_US=200,497375786367357,497375786367877,497375786391508,497375789113625
c3_14q_decomp_p200-c3-9-r0-1788500353,2026-09-03T22:39:13,c3,build_63329aaf_20260830175903,0.000,a1eefb5,single,9,0,ok,,1,128,2,6,21.10,2.7013,497376072243797,497376075046045,2.802248,1248,196864,12288,47,363,1,c3_14q_decomp_p200,0,1,0,0,decomp; batch_server v7; dma STRM_POLL_US=200,497376072283087,497376072283817,497376072308257,497376075028775
c3_14q_decomp_p200-c3-9-r1-1788500353,2026-09-03T22:39:13,c3,build_63329aaf_20260830175903,0.000,a1eefb5,single,9,1,ok,,1,128,2,6,21.10,2.7013,497376358657691,497376361460909,2.803218,1248,196864,12288,44,356,1,c3_14q_decomp_p200,0,1,0,0,decomp; batch_server v7; dma STRM_POLL_US=200,497376358697542,497376358698272,497376358722272,497376361443399
c3_14q_decomp_p200-c3-9-r2-1788500353,2026-09-03T22:39:13,c3,build_63329aaf_20260830175903,0.000,a1eefb5,single,9,2,ok,,1,128,2,6,21.10,2.7013,497376606948165,497376609749653,2.801488,1248,196864,12288,45,347,1,c3_14q_decomp_p200,0,1,0,0,decomp; batch_server v7; dma STRM_POLL_US=200,497376606987585,497376606988295,497376607014115,497376609734212
c3_14q_decomp_p200-c3-9-r3-1788500354,2026-09-03T22:39:14,c3,build_63329aaf_20260830175903,0.000,a1eefb5,single,9,3,ok,,1,128,2,6,21.10,2.7013,497376852551061,497376855348659,2.797598,1248,196864,12288,44,292,1,c3_14q_decomp_p200,0,1,0,0,decomp; batch_server v7; dma STRM_POLL_US=200,497376852590821,497376852591561,497376852615792,497376855336449
c3_14q_decomp_p200-c3-9-r4-1788500354,2026-09-03T22:39:14,c3,build_63329aaf_20260830175903,0.000,a1eefb5,single,9,4,ok,,1,128,2,6,21.10,2.7013,497377140380780,497377143180728,2.799948,1248,196864,12288,45,311,1,c3_14q_decomp_p200,0,1,0,0,decomp; batch_server v7; dma STRM_POLL_US=200,497377140420280,497377140420910,497377140445820,497377143166228
c3_14q_decomp_p200-c3-9-r5-1788500354,2026-09-03T22:39:14,c3,build_63329aaf_20260830175903,0.000,a1eefb5,single,9,5,ok,,1,128,2,6,21.10,2.7013,497377427556002,497377430362290,2.806288,1248,196864,12288,54,360,1,c3_14q_decomp_p200,0,1,0,0,decomp; batch_server v7; dma STRM_POLL_US=200,497377427595572,497377427596152,497377427620553,497377430342030
c3_14q_decomp_p200-c3-9-r6-1788500355,2026-09-03T22:39:15,c3,build_63329aaf_20260830175903,0.000,a1eefb5,single,9,6,ok,,1,128,2,6,21.10,2.7013,497377716833485,497377719636583,2.803098,1248,196864,12288,44,316,1,c3_14q_decomp_p200,0,1,0,0,decomp; batch_server v7; dma STRM_POLL_US=200,497377716873426,497377716874256,497377716897546,497377719619623
c3_14q_decomp_p200-c3-9-r7-1788500355,2026-09-03T22:39:15,c3,build_63329aaf_20260830175903,0.000,a1eefb5,single,9,7,ok,,1,128,2,6,21.10,2.7013,497378043899416,497378046695094,2.795678,1248,196864,12288,46,274,1,c3_14q_decomp_p200,0,1,0,0,decomp; batch_server v7; dma STRM_POLL_US=200,497378043940267,497378043941087,497378043966747,497378046686004
c3_14q_decomp_p200-c3-9-r8-1788500355,2026-09-03T22:39:15,c3,build_63329aaf_20260830175903,0.000,a1eefb5,single,9,8,ok,,1,128,2,6,21.10,2.7013,497378291443062,497378294243530,2.800468,1248,196864,12288,46,325,1,c3_14q_decomp_p200,0,1,0,0,decomp; batch_server v7; dma STRM_POLL_US=200,497378291482583,497378291483243,497378291507163,497378294228920
c3_14q_decomp_p200-c3-9-r9-1788500355,2026-09-03T22:39:15,c3,build_63329aaf_20260830175903,0.000,a1eefb5,single,9,9,ok,,1,128,2,6,21.10,2.7013,497378580726425,497378583540624,2.814199,1248,196864,12288,26,333,1,c3_14q_decomp_p200,0,1,0,0,decomp; batch_server v7; dma STRM_POLL_US=200,497378580766226,497378580766846,497378580791576,497378583512073
c3_14q_decomp_p200-c3-12-r-1-1788500356,2026-09-03T22:39:16,c3,build_63329aaf_20260830175903,0.000,a1eefb5,single,12,-1,ok,,1,10000,2,1,5.43,54.3000,497378662651575,497378718537224,55.885649,192,33024,160000,611,6065,1,c3_14q_decomp_p200,0,1,0,0,decomp; batch_server v7; dma STRM_POLL_US=200,497378662658985,497378662659855,497378662675595,497378718526124
c3_14q_decomp_p200-c3-12-r0-1788500356,2026-09-03T22:39:16,c3,build_63329aaf_20260830175903,0.000,a1eefb5,single,12,0,ok,,1,10000,2,1,5.43,54.3000,497378758139540,497378814032139,55.892599,192,33024,160000,335,5483,1,c3_14q_decomp_p200,0,1,0,0,decomp; batch_server v7; dma STRM_POLL_US=200,497378758147070,497378758147770,497378758163460,497378814014359
c3_14q_decomp_p200-c3-12-r1-1788500356,2026-09-03T22:39:16,c3,build_63329aaf_20260830175903,0.000,a1eefb5,single,12,1,ok,,1,10000,2,1,5.43,54.3000,497378854366262,497378910258151,55.891889,192,33024,160000,35,5648,1,c3_14q_decomp_p200,0,1,0,0,decomp; batch_server v7; dma STRM_POLL_US=200,497378854373852,497378854374622,497378854389732,497378910240971
c3_14q_decomp_p200-c3-12-r2-1788500356,2026-09-03T22:39:16,c3,build_63329aaf_20260830175903,0.000,a1eefb5,single,12,2,ok,,1,10000,2,1,5.43,54.3000,497378989879008,497379045887748,56.00874,192,33024,160000,35,5561,1,c3_14q_decomp_p200,0,1,0,0,decomp; batch_server v7; dma STRM_POLL_US=200,497378989886538,497378989887228,497378989902538,497379045753736
c3_14q_decomp_p200-c3-12-r3-1788500356,2026-09-03T22:39:16,c3,build_63329aaf_20260830175903,0.000,a1eefb5,single,12,3,ok,,1,10000,2,1,5.43,54.3000,497379124905558,497379180799067,55.893509,192,33024,160000,56,5554,1,c3_14q_decomp_p200,0,1,0,0,decomp; batch_server v7; dma STRM_POLL_US=200,497379124912838,497379124913608,497379124927758,497379180779887
c3_14q_decomp_p200-c3-12-r4-1788500356,2026-09-03T22:39:16,c3,build_63329aaf_20260830175903,0.000,a1eefb5,single,12,4,ok,,1,10000,2,1,5.43,54.3000,497379217561855,497379273453814,55.891959,192,33024,160000,37,5829,1,c3_14q_decomp_p200,0,1,0,0,decomp; batch_server v7; dma STRM_POLL_US=200,497379217569135,497379217570225,497379217584755,497379273436234
c3_14q_decomp_p200-c3-12-r5-1788500356,2026-09-03T22:39:16,c3,build_63329aaf_20260830175903,0.000,a1eefb5,single,12,5,ok,,1,10000,2,1,5.43,54.3000,497379352032040,497379407920029,55.887989,192,33024,160000,638,6120,1,c3_14q_decomp_p200,0,1,0,0,decomp; batch_server v7; dma STRM_POLL_US=200,497379352040150,497379352040760,497379352059830,497379407906879
c3_14q_decomp_p200-c3-12-r6-1788500356,2026-09-03T22:39:16,c3,build_63329aaf_20260830175903,0.000,a1eefb5,single,12,6,ok,,1,10000,2,1,5.43,54.3000,497379486084890,497379541976329,55.891439,192,33024,160000,326,6056,1,c3_14q_decomp_p200,0,1,0,0,decomp; batch_server v7; dma STRM_POLL_US=200,497379486092730,497379486093381,497379486382403,497379541958689
c3_14q_decomp_p200-c3-12-r7-1788500357,2026-09-03T22:39:17,c3,build_63329aaf_20260830175903,0.000,a1eefb5,single,12,7,ok,,1,10000,2,1,5.43,54.3000,497379577861668,497379633750177,55.888509,192,33024,160000,34,5755,1,c3_14q_decomp_p200,0,1,0,0,decomp; batch_server v7; dma STRM_POLL_US=200,497379577869718,497379577870318,497379578038650,497379633736337
c3_14q_decomp_p200-c3-12-r8-1788500357,2026-09-03T22:39:17,c3,build_63329aaf_20260830175903,0.000,a1eefb5,single,12,8,ok,,1,10000,2,1,5.43,54.3000,497379671330133,497379727232992,55.902859,192,33024,160000,506,6198,1,c3_14q_decomp_p200,0,1,0,0,decomp; batch_server v7; dma STRM_POLL_US=200,497379671337653,497379671338263,497379671355873,497379727204162
c3_14q_decomp_p200-c3-12-r9-1788500357,2026-09-03T22:39:17,c3,build_63329aaf_20260830175903,0.000,a1eefb5,single,12,9,ok,,1,10000,2,1,5.43,54.3000,497379762562926,497379818451665,55.888739,192,33024,160000,25,5794,1,c3_14q_decomp_p200,0,1,0,0,decomp; batch_server v7; dma STRM_POLL_US=200,497379762570456,497379762571206,497379762586196,497379818437444
