idx,name,n_qubits,backend,backend_qubits,seed,shots,ref_shots,final_tvd,final_hf,grade,stop_cp_paper,stop_shots_paper,stop_correct_paper,stop_cp_tvd_only,stop_correct_tvd_only,transpiled_depth,transpiled_2q,sim_s,qiskit,qiskit_aer,qiskit_ibm_runtime
1,Bell state (GHZ-2),2,FakeLagosV2,7,20,24576,2457,0.2574,0.7426,PASS,,,CORRECT,,CORRECT,5,2,0.1,2.3.1,0.17.2,0.46.1
1,Bell state (GHZ-2),2,FakeLagosV2,7,21,24576,2457,0.262,0.738,PASS,,,CORRECT,,CORRECT,5,2,0.1,2.3.1,0.17.2,0.46.1
1,Bell state (GHZ-2),2,FakeLagosV2,7,22,24576,2457,0.2616,0.7384,PASS,,,CORRECT,,CORRECT,5,2,0.1,2.3.1,0.17.2,0.46.1
1,Bell state (GHZ-2),2,FakeLagosV2,7,23,24576,2457,0.2641,0.7359,PASS,,,CORRECT,,CORRECT,5,2,0.1,2.3.1,0.17.2,0.46.1
1,Bell state (GHZ-2),2,FakeLagosV2,7,24,24576,2457,0.2609,0.7391,PASS,,,CORRECT,,CORRECT,5,2,0.1,2.3.1,0.17.2,0.46.1
1,Bell state (GHZ-2),2,FakeLagosV2,7,25,24576,2457,0.2579,0.7421,PASS,,,CORRECT,,CORRECT,5,2,0.1,2.3.1,0.17.2,0.46.1
1,Bell state (GHZ-2),2,FakeLagosV2,7,26,24576,2457,0.2612,0.7388,PASS,,,CORRECT,,CORRECT,5,2,0.1,2.3.1,0.17.2,0.46.1
1,Bell state (GHZ-2),2,FakeLagosV2,7,27,24576,2457,0.2596,0.7404,PASS,,,CORRECT,,CORRECT,5,2,0.1,2.3.1,0.17.2,0.46.1
1,Bell state (GHZ-2),2,FakeLagosV2,7,28,24576,2457,0.258,0.742,PASS,,,CORRECT,,CORRECT,5,2,0.1,2.3.1,0.17.2,0.46.1
1,Bell state (GHZ-2),2,FakeLagosV2,7,29,24576,2457,0.2609,0.7391,PASS,,,CORRECT,,CORRECT,5,2,0.1,2.3.1,0.17.2,0.46.1
1,Bell state (GHZ-2),2,FakeLagosV2,7,30,24576,2457,0.264,0.736,PASS,,,CORRECT,,CORRECT,5,2,0.1,2.3.1,0.17.2,0.46.1
1,Bell state (GHZ-2),2,FakeLagosV2,7,31,24576,2457,0.2582,0.7418,PASS,,,CORRECT,,CORRECT,5,2,0.1,2.3.1,0.17.2,0.46.1
1,Bell state (GHZ-2),2,FakeLagosV2,7,32,24576,2457,0.2616,0.7384,PASS,,,CORRECT,,CORRECT,5,2,0.1,2.3.1,0.17.2,0.46.1
1,Bell state (GHZ-2),2,FakeLagosV2,7,33,24576,2457,0.2618,0.7382,PASS,,,CORRECT,,CORRECT,5,2,0.1,2.3.1,0.17.2,0.46.1
1,Bell state (GHZ-2),2,FakeLagosV2,7,34,24576,2457,0.262,0.7379,PASS,,,CORRECT,,CORRECT,5,2,0.1,2.3.1,0.17.2,0.46.1
1,Bell state (GHZ-2),2,FakeLagosV2,7,35,24576,2457,0.2606,0.7394,PASS,,,CORRECT,,CORRECT,5,2,0.1,2.3.1,0.17.2,0.46.1
1,Bell state (GHZ-2),2,FakeLagosV2,7,36,24576,2457,0.2629,0.7371,PASS,,,CORRECT,,CORRECT,5,2,0.1,2.3.1,0.17.2,0.46.1
1,Bell state (GHZ-2),2,FakeLagosV2,7,37,24576,2457,0.2633,0.7367,PASS,,,CORRECT,,CORRECT,5,2,0.1,2.3.1,0.17.2,0.46.1
1,Bell state (GHZ-2),2,FakeLagosV2,7,38,24576,2457,0.2587,0.7412,PASS,,,CORRECT,,CORRECT,5,2,0.1,2.3.1,0.17.2,0.46.1
1,Bell state (GHZ-2),2,FakeLagosV2,7,39,24576,2457,0.2627,0.7373,PASS,,,CORRECT,,CORRECT,5,2,0.1,2.3.1,0.17.2,0.46.1
1,Bell state (GHZ-2),2,FakeLagosV2,7,40,24576,2457,0.2627,0.7373,PASS,,,CORRECT,,CORRECT,5,2,0.1,2.3.1,0.17.2,0.46.1
1,Bell state (GHZ-2),2,FakeLagosV2,7,41,24576,2457,0.2614,0.7386,PASS,,,CORRECT,,CORRECT,5,2,0.1,2.3.1,0.17.2,0.46.1
1,Bell state (GHZ-2),2,FakeLagosV2,7,42,24576,2457,0.2635,0.7364,PASS,,,CORRECT,,CORRECT,5,2,0.1,2.3.1,0.17.2,0.46.1
1,Bell state (GHZ-2),2,FakeLagosV2,7,43,24576,2457,0.2604,0.7396,PASS,,,CORRECT,,CORRECT,5,2,0.1,2.3.1,0.17.2,0.46.1
1,Bell state (GHZ-2),2,FakeLagosV2,7,44,24576,2457,0.2636,0.7364,PASS,,,CORRECT,,CORRECT,5,2,0.1,2.3.1,0.17.2,0.46.1
1,Bell state (GHZ-2),2,FakeLagosV2,7,45,24576,2457,0.2622,0.7378,PASS,,,CORRECT,,CORRECT,5,2,0.1,2.3.1,0.17.2,0.46.1
1,Bell state (GHZ-2),2,FakeLagosV2,7,46,24576,2457,0.261,0.739,PASS,,,CORRECT,,CORRECT,5,2,0.1,2.3.1,0.17.2,0.46.1
1,Bell state (GHZ-2),2,FakeLagosV2,7,47,24576,2457,0.2589,0.7411,PASS,,,CORRECT,,CORRECT,5,2,0.1,2.3.1,0.17.2,0.46.1
1,Bell state (GHZ-2),2,FakeLagosV2,7,48,24576,2457,0.2592,0.7408,PASS,,,CORRECT,,CORRECT,5,2,0.1,2.3.1,0.17.2,0.46.1
1,Bell state (GHZ-2),2,FakeLagosV2,7,49,24576,2457,0.2616,0.7384,PASS,,,CORRECT,,CORRECT,5,2,0.1,2.3.1,0.17.2,0.46.1
1,Bell state (GHZ-2),2,FakeLagosV2,7,50,24576,2457,0.262,0.738,PASS,,,CORRECT,,CORRECT,5,2,0.1,2.3.1,0.17.2,0.46.1
1,Bell state (GHZ-2),2,FakeLagosV2,7,51,24576,2457,0.2607,0.7393,PASS,,,CORRECT,,CORRECT,5,2,0.1,2.3.1,0.17.2,0.46.1
1,Bell state (GHZ-2),2,FakeLagosV2,7,52,24576,2457,0.2645,0.7355,PASS,,,CORRECT,,CORRECT,5,2,0.1,2.3.1,0.17.2,0.46.1
1,Bell state (GHZ-2),2,FakeLagosV2,7,53,24576,2457,0.2653,0.7347,PASS,,,CORRECT,,CORRECT,5,2,0.1,2.3.1,0.17.2,0.46.1
1,Bell state (GHZ-2),2,FakeLagosV2,7,54,24576,2457,0.2594,0.7405,PASS,,,CORRECT,,CORRECT,5,2,0.1,2.3.1,0.17.2,0.46.1
1,Bell state (GHZ-2),2,FakeLagosV2,7,55,24576,2457,0.262,0.738,PASS,,,CORRECT,,CORRECT,5,2,0.1,2.3.1,0.17.2,0.46.1
1,Bell state (GHZ-2),2,FakeLagosV2,7,56,24576,2457,0.26,0.74,PASS,,,CORRECT,,CORRECT,5,2,0.1,2.3.1,0.17.2,0.46.1
1,Bell state (GHZ-2),2,FakeLagosV2,7,57,24576,2457,0.2653,0.7347,PASS,,,CORRECT,,CORRECT,5,2,0.1,2.3.1,0.17.2,0.46.1
1,Bell state (GHZ-2),2,FakeLagosV2,7,58,24576,2457,0.2668,0.7332,PASS,,,CORRECT,,CORRECT,5,2,0.1,2.3.1,0.17.2,0.46.1
1,Bell state (GHZ-2),2,FakeLagosV2,7,59,24576,2457,0.2605,0.7394,PASS,,,CORRECT,,CORRECT,5,2,0.1,2.3.1,0.17.2,0.46.1
1,Bell state (GHZ-2),2,FakeLagosV2,7,60,24576,2457,0.2629,0.7371,PASS,,,CORRECT,,CORRECT,5,2,0.1,2.3.1,0.17.2,0.46.1
1,Bell state (GHZ-2),2,FakeLagosV2,7,61,24576,2457,0.2605,0.7395,PASS,,,CORRECT,,CORRECT,5,2,0.1,2.3.1,0.17.2,0.46.1
1,Bell state (GHZ-2),2,FakeLagosV2,7,62,24576,2457,0.2614,0.7386,PASS,,,CORRECT,,CORRECT,5,2,0.1,2.3.1,0.17.2,0.46.1
1,Bell state (GHZ-2),2,FakeLagosV2,7,63,24576,2457,0.2612,0.7387,PASS,,,CORRECT,,CORRECT,5,2,0.1,2.3.1,0.17.2,0.46.1
1,Bell state (GHZ-2),2,FakeLagosV2,7,64,24576,2457,0.2566,0.7434,PASS,,,CORRECT,,CORRECT,5,2,0.1,2.3.1,0.17.2,0.46.1
1,Bell state (GHZ-2),2,FakeLagosV2,7,65,24576,2457,0.2628,0.7372,PASS,,,CORRECT,,CORRECT,5,2,0.1,2.3.1,0.17.2,0.46.1
1,Bell state (GHZ-2),2,FakeLagosV2,7,66,24576,2457,0.2568,0.7432,PASS,,,CORRECT,,CORRECT,5,2,0.1,2.3.1,0.17.2,0.46.1
1,Bell state (GHZ-2),2,FakeLagosV2,7,67,24576,2457,0.2654,0.7346,PASS,,,CORRECT,,CORRECT,5,2,0.1,2.3.1,0.17.2,0.46.1
1,Bell state (GHZ-2),2,FakeLagosV2,7,68,24576,2457,0.2609,0.739,PASS,,,CORRECT,,CORRECT,5,2,0.1,2.3.1,0.17.2,0.46.1
1,Bell state (GHZ-2),2,FakeLagosV2,7,69,24576,2457,0.2577,0.7422,PASS,,,CORRECT,,CORRECT,5,2,0.1,2.3.1,0.17.2,0.46.1
1,Bell state (GHZ-2),2,FakeLagosV2,7,70,24576,2457,0.2627,0.7373,PASS,,,CORRECT,,CORRECT,5,2,0.1,2.3.1,0.17.2,0.46.1
1,Bell state (GHZ-2),2,FakeLagosV2,7,71,24576,2457,0.2652,0.7348,PASS,,,CORRECT,,CORRECT,5,2,0.2,2.3.1,0.17.2,0.46.1
1,Bell state (GHZ-2),2,FakeLagosV2,7,72,24576,2457,0.2576,0.7423,PASS,,,CORRECT,,CORRECT,5,2,0.1,2.3.1,0.17.2,0.46.1
1,Bell state (GHZ-2),2,FakeLagosV2,7,73,24576,2457,0.2574,0.7425,PASS,,,CORRECT,,CORRECT,5,2,0.1,2.3.1,0.17.2,0.46.1
1,Bell state (GHZ-2),2,FakeLagosV2,7,74,24576,2457,0.2607,0.7393,PASS,,,CORRECT,,CORRECT,5,2,0.1,2.3.1,0.17.2,0.46.1
1,Bell state (GHZ-2),2,FakeLagosV2,7,75,24576,2457,0.2618,0.7382,PASS,,,CORRECT,,CORRECT,5,2,0.1,2.3.1,0.17.2,0.46.1
1,Bell state (GHZ-2),2,FakeLagosV2,7,76,24576,2457,0.2611,0.7389,PASS,,,CORRECT,,CORRECT,5,2,0.1,2.3.1,0.17.2,0.46.1
1,Bell state (GHZ-2),2,FakeLagosV2,7,77,24576,2457,0.2638,0.7362,PASS,,,CORRECT,,CORRECT,5,2,0.1,2.3.1,0.17.2,0.46.1
1,Bell state (GHZ-2),2,FakeLagosV2,7,78,24576,2457,0.2643,0.7356,PASS,,,CORRECT,,CORRECT,5,2,0.1,2.3.1,0.17.2,0.46.1
1,Bell state (GHZ-2),2,FakeLagosV2,7,79,24576,2457,0.2545,0.7455,PASS,,,CORRECT,,CORRECT,5,2,0.1,2.3.1,0.17.2,0.46.1
1,Bell state (GHZ-2),2,FakeLagosV2,7,80,24576,2457,0.264,0.736,PASS,,,CORRECT,,CORRECT,5,2,0.1,2.3.1,0.17.2,0.46.1
1,Bell state (GHZ-2),2,FakeLagosV2,7,81,24576,2457,0.2571,0.7429,PASS,,,CORRECT,,CORRECT,5,2,0.1,2.3.1,0.17.2,0.46.1
1,Bell state (GHZ-2),2,FakeLagosV2,7,82,24576,2457,0.2615,0.7385,PASS,,,CORRECT,,CORRECT,5,2,0.1,2.3.1,0.17.2,0.46.1
1,Bell state (GHZ-2),2,FakeLagosV2,7,83,24576,2457,0.2608,0.7392,PASS,,,CORRECT,,CORRECT,5,2,0.1,2.3.1,0.17.2,0.46.1
1,Bell state (GHZ-2),2,FakeLagosV2,7,84,24576,2457,0.2634,0.7366,PASS,,,CORRECT,,CORRECT,5,2,0.1,2.3.1,0.17.2,0.46.1
1,Bell state (GHZ-2),2,FakeLagosV2,7,85,24576,2457,0.2538,0.7462,PASS,,,CORRECT,,CORRECT,5,2,0.1,2.3.1,0.17.2,0.46.1
1,Bell state (GHZ-2),2,FakeLagosV2,7,86,24576,2457,0.2652,0.7348,PASS,,,CORRECT,,CORRECT,5,2,0.1,2.3.1,0.17.2,0.46.1
1,Bell state (GHZ-2),2,FakeLagosV2,7,87,24576,2457,0.2646,0.7353,PASS,,,CORRECT,,CORRECT,5,2,0.1,2.3.1,0.17.2,0.46.1
1,Bell state (GHZ-2),2,FakeLagosV2,7,88,24576,2457,0.2592,0.7407,PASS,,,CORRECT,,CORRECT,5,2,0.1,2.3.1,0.17.2,0.46.1
1,Bell state (GHZ-2),2,FakeLagosV2,7,89,24576,2457,0.257,0.743,PASS,,,CORRECT,,CORRECT,5,2,0.1,2.3.1,0.17.2,0.46.1
1,Bell state (GHZ-2),2,FakeLagosV2,7,90,24576,2457,0.2641,0.7359,PASS,,,CORRECT,,CORRECT,5,2,0.1,2.3.1,0.17.2,0.46.1
1,Bell state (GHZ-2),2,FakeLagosV2,7,91,24576,2457,0.2595,0.7405,PASS,,,CORRECT,,CORRECT,5,2,0.1,2.3.1,0.17.2,0.46.1
1,Bell state (GHZ-2),2,FakeLagosV2,7,92,24576,2457,0.2617,0.7383,PASS,,,CORRECT,,CORRECT,5,2,0.1,2.3.1,0.17.2,0.46.1
1,Bell state (GHZ-2),2,FakeLagosV2,7,93,24576,2457,0.2598,0.7402,PASS,,,CORRECT,,CORRECT,5,2,0.1,2.3.1,0.17.2,0.46.1
1,Bell state (GHZ-2),2,FakeLagosV2,7,94,24576,2457,0.2607,0.7392,PASS,,,CORRECT,,CORRECT,5,2,0.1,2.3.1,0.17.2,0.46.1
1,Bell state (GHZ-2),2,FakeLagosV2,7,95,24576,2457,0.2625,0.7375,PASS,,,CORRECT,,CORRECT,5,2,0.2,2.3.1,0.17.2,0.46.1
1,Bell state (GHZ-2),2,FakeLagosV2,7,96,24576,2457,0.2665,0.7335,PASS,,,CORRECT,,CORRECT,5,2,0.1,2.3.1,0.17.2,0.46.1
1,Bell state (GHZ-2),2,FakeLagosV2,7,97,24576,2457,0.2649,0.7351,PASS,,,CORRECT,,CORRECT,5,2,0.1,2.3.1,0.17.2,0.46.1
1,Bell state (GHZ-2),2,FakeLagosV2,7,98,24576,2457,0.2657,0.7343,PASS,,,CORRECT,,CORRECT,5,2,0.1,2.3.1,0.17.2,0.46.1
1,Bell state (GHZ-2),2,FakeLagosV2,7,99,24576,2457,0.2622,0.7378,PASS,,,CORRECT,,CORRECT,5,2,0.1,2.3.1,0.17.2,0.46.1
1,Bell state (GHZ-2),2,FakeLagosV2,7,100,24576,2457,0.2609,0.7391,PASS,,,CORRECT,,CORRECT,5,2,0.1,2.3.1,0.17.2,0.46.1
1,Bell state (GHZ-2),2,FakeLagosV2,7,101,24576,2457,0.2595,0.7405,PASS,,,CORRECT,,CORRECT,5,2,0.1,2.3.1,0.17.2,0.46.1
1,Bell state (GHZ-2),2,FakeLagosV2,7,102,24576,2457,0.2603,0.7397,PASS,,,CORRECT,,CORRECT,5,2,0.1,2.3.1,0.17.2,0.46.1
1,Bell state (GHZ-2),2,FakeLagosV2,7,103,24576,2457,0.2632,0.7368,PASS,,,CORRECT,,CORRECT,5,2,0.1,2.3.1,0.17.2,0.46.1
1,Bell state (GHZ-2),2,FakeLagosV2,7,104,24576,2457,0.2653,0.7347,PASS,,,CORRECT,,CORRECT,5,2,0.1,2.3.1,0.17.2,0.46.1
1,Bell state (GHZ-2),2,FakeLagosV2,7,105,24576,2457,0.262,0.738,PASS,,,CORRECT,,CORRECT,5,2,0.1,2.3.1,0.17.2,0.46.1
1,Bell state (GHZ-2),2,FakeLagosV2,7,106,24576,2457,0.2609,0.7391,PASS,,,CORRECT,,CORRECT,5,2,0.1,2.3.1,0.17.2,0.46.1
1,Bell state (GHZ-2),2,FakeLagosV2,7,107,24576,2457,0.2596,0.7404,PASS,,,CORRECT,,CORRECT,5,2,0.2,2.3.1,0.17.2,0.46.1
1,Bell state (GHZ-2),2,FakeLagosV2,7,108,24576,2457,0.2584,0.7416,PASS,,,CORRECT,,CORRECT,5,2,0.1,2.3.1,0.17.2,0.46.1
1,Bell state (GHZ-2),2,FakeLagosV2,7,109,24576,2457,0.2603,0.7396,PASS,,,CORRECT,,CORRECT,5,2,0.1,2.3.1,0.17.2,0.46.1
1,Bell state (GHZ-2),2,FakeLagosV2,7,110,24576,2457,0.2586,0.7414,PASS,,,CORRECT,,CORRECT,5,2,0.1,2.3.1,0.17.2,0.46.1
1,Bell state (GHZ-2),2,FakeLagosV2,7,111,24576,2457,0.2631,0.7369,PASS,,,CORRECT,,CORRECT,5,2,0.1,2.3.1,0.17.2,0.46.1
1,Bell state (GHZ-2),2,FakeLagosV2,7,112,24576,2457,0.2605,0.7395,PASS,,,CORRECT,,CORRECT,5,2,0.1,2.3.1,0.17.2,0.46.1
1,Bell state (GHZ-2),2,FakeLagosV2,7,113,24576,2457,0.2661,0.7339,PASS,,,CORRECT,,CORRECT,5,2,0.1,2.3.1,0.17.2,0.46.1
1,Bell state (GHZ-2),2,FakeLagosV2,7,114,24576,2457,0.2638,0.7362,PASS,,,CORRECT,,CORRECT,5,2,0.1,2.3.1,0.17.2,0.46.1
1,Bell state (GHZ-2),2,FakeLagosV2,7,115,24576,2457,0.2637,0.7363,PASS,,,CORRECT,,CORRECT,5,2,0.1,2.3.1,0.17.2,0.46.1
1,Bell state (GHZ-2),2,FakeLagosV2,7,116,24576,2457,0.2634,0.7366,PASS,,,CORRECT,,CORRECT,5,2,0.1,2.3.1,0.17.2,0.46.1
1,Bell state (GHZ-2),2,FakeLagosV2,7,117,24576,2457,0.2637,0.7363,PASS,,,CORRECT,,CORRECT,5,2,0.1,2.3.1,0.17.2,0.46.1
1,Bell state (GHZ-2),2,FakeLagosV2,7,118,24576,2457,0.2635,0.7365,PASS,,,CORRECT,,CORRECT,5,2,0.1,2.3.1,0.17.2,0.46.1
1,Bell state (GHZ-2),2,FakeLagosV2,7,119,24576,2457,0.2679,0.732,PASS,,,CORRECT,,CORRECT,5,2,0.1,2.3.1,0.17.2,0.46.1
2,GHZ-3,3,FakeLagosV2,7,20,8192,819,0.6085,0.3915,FAIL,5,4095,CORRECT,5,CORRECT,6,2,0.1,2.3.1,0.17.2,0.46.1
2,GHZ-3,3,FakeLagosV2,7,21,8192,819,0.606,0.394,FAIL,3,2457,CORRECT,3,CORRECT,6,2,0.1,2.3.1,0.17.2,0.46.1
2,GHZ-3,3,FakeLagosV2,7,22,8192,819,0.6099,0.3901,FAIL,3,2457,CORRECT,3,CORRECT,6,2,0.1,2.3.1,0.17.2,0.46.1
2,GHZ-3,3,FakeLagosV2,7,23,8192,819,0.6006,0.3994,FAIL,8,6552,CORRECT,8,CORRECT,6,2,0.1,2.3.1,0.17.2,0.46.1
2,GHZ-3,3,FakeLagosV2,7,24,8192,819,0.6113,0.3886,FAIL,3,2457,CORRECT,3,CORRECT,6,2,0.1,2.3.1,0.17.2,0.46.1
2,GHZ-3,3,FakeLagosV2,7,25,8192,819,0.6064,0.3935,FAIL,5,4095,CORRECT,5,CORRECT,6,2,0.1,2.3.1,0.17.2,0.46.1
2,GHZ-3,3,FakeLagosV2,7,26,8192,819,0.6073,0.3927,FAIL,3,2457,CORRECT,3,CORRECT,6,2,0.1,2.3.1,0.17.2,0.46.1
2,GHZ-3,3,FakeLagosV2,7,27,8192,819,0.6128,0.3872,FAIL,3,2457,CORRECT,3,CORRECT,6,2,0.1,2.3.1,0.17.2,0.46.1
2,GHZ-3,3,FakeLagosV2,7,28,8192,819,0.6006,0.3994,FAIL,3,2457,CORRECT,3,CORRECT,6,2,0.1,2.3.1,0.17.2,0.46.1
2,GHZ-3,3,FakeLagosV2,7,29,8192,819,0.6027,0.3973,FAIL,7,5733,CORRECT,7,CORRECT,6,2,0.1,2.3.1,0.17.2,0.46.1
2,GHZ-3,3,FakeLagosV2,7,30,8192,819,0.6002,0.3998,FAIL,7,5733,CORRECT,7,CORRECT,6,2,0.1,2.3.1,0.17.2,0.46.1
2,GHZ-3,3,FakeLagosV2,7,31,8192,819,0.6138,0.3861,FAIL,3,2457,CORRECT,3,CORRECT,6,2,0.1,2.3.1,0.17.2,0.46.1
2,GHZ-3,3,FakeLagosV2,7,32,8192,819,0.6001,0.3998,FAIL,10,8192,CORRECT,10,CORRECT,6,2,0.1,2.3.1,0.17.2,0.46.1
2,GHZ-3,3,FakeLagosV2,7,33,8192,819,0.5962,0.4038,MARGINAL,,,CORRECT,,CORRECT,6,2,0.1,2.3.1,0.17.2,0.46.1
2,GHZ-3,3,FakeLagosV2,7,34,8192,819,0.6011,0.3989,FAIL,9,7371,CORRECT,9,CORRECT,6,2,0.1,2.3.1,0.17.2,0.46.1
2,GHZ-3,3,FakeLagosV2,7,35,8192,819,0.6125,0.3874,FAIL,4,3276,CORRECT,4,CORRECT,6,2,0.1,2.3.1,0.17.2,0.46.1
2,GHZ-3,3,FakeLagosV2,7,36,8192,819,0.6146,0.3853,FAIL,3,2457,CORRECT,3,CORRECT,6,2,0.1,2.3.1,0.17.2,0.46.1
2,GHZ-3,3,FakeLagosV2,7,37,8192,819,0.615,0.385,FAIL,3,2457,CORRECT,3,CORRECT,6,2,0.0,2.3.1,0.17.2,0.46.1
2,GHZ-3,3,FakeLagosV2,7,38,8192,819,0.6189,0.381,FAIL,3,2457,CORRECT,3,CORRECT,6,2,0.1,2.3.1,0.17.2,0.46.1
2,GHZ-3,3,FakeLagosV2,7,39,8192,819,0.6027,0.3973,FAIL,3,2457,CORRECT,3,CORRECT,6,2,0.1,2.3.1,0.17.2,0.46.1
2,GHZ-3,3,FakeLagosV2,7,40,8192,819,0.6016,0.3984,FAIL,3,2457,CORRECT,3,CORRECT,6,2,0.1,2.3.1,0.17.2,0.46.1
2,GHZ-3,3,FakeLagosV2,7,41,8192,819,0.6042,0.3957,FAIL,3,2457,CORRECT,3,CORRECT,6,2,0.1,2.3.1,0.17.2,0.46.1
2,GHZ-3,3,FakeLagosV2,7,42,8192,819,0.6036,0.3963,FAIL,3,2457,CORRECT,3,CORRECT,6,2,0.1,2.3.1,0.17.2,0.46.1
2,GHZ-3,3,FakeLagosV2,7,43,8192,819,0.6111,0.3887,FAIL,3,2457,CORRECT,3,CORRECT,6,2,0.1,2.3.1,0.17.2,0.46.1
2,GHZ-3,3,FakeLagosV2,7,44,8192,819,0.5958,0.4042,MARGINAL,3,2457,CORRECT,3,CORRECT,6,2,0.1,2.3.1,0.17.2,0.46.1
2,GHZ-3,3,FakeLagosV2,7,45,8192,819,0.61,0.3899,FAIL,3,2457,CORRECT,3,CORRECT,6,2,0.1,2.3.1,0.17.2,0.46.1
2,GHZ-3,3,FakeLagosV2,7,46,8192,819,0.6075,0.3925,FAIL,4,3276,CORRECT,4,CORRECT,6,2,0.1,2.3.1,0.17.2,0.46.1
2,GHZ-3,3,FakeLagosV2,7,47,8192,819,0.6024,0.3976,FAIL,3,2457,CORRECT,3,CORRECT,6,2,0.1,2.3.1,0.17.2,0.46.1
2,GHZ-3,3,FakeLagosV2,7,48,8192,819,0.6064,0.3935,FAIL,6,4914,CORRECT,6,CORRECT,6,2,0.1,2.3.1,0.17.2,0.46.1
2,GHZ-3,3,FakeLagosV2,7,49,8192,819,0.6091,0.3908,FAIL,3,2457,CORRECT,3,CORRECT,6,2,0.1,2.3.1,0.17.2,0.46.1
2,GHZ-3,3,FakeLagosV2,7,50,8192,819,0.6035,0.3965,FAIL,3,2457,CORRECT,3,CORRECT,6,2,0.1,2.3.1,0.17.2,0.46.1
2,GHZ-3,3,FakeLagosV2,7,51,8192,819,0.5983,0.4017,MARGINAL,,,CORRECT,,CORRECT,6,2,0.1,2.3.1,0.17.2,0.46.1
2,GHZ-3,3,FakeLagosV2,7,52,8192,819,0.6078,0.3922,FAIL,3,2457,CORRECT,3,CORRECT,6,2,0.1,2.3.1,0.17.2,0.46.1
2,GHZ-3,3,FakeLagosV2,7,53,8192,819,0.6024,0.3976,FAIL,3,2457,CORRECT,3,CORRECT,6,2,0.1,2.3.1,0.17.2,0.46.1
2,GHZ-3,3,FakeLagosV2,7,54,8192,819,0.6079,0.392,FAIL,6,4914,CORRECT,6,CORRECT,6,2,0.1,2.3.1,0.17.2,0.46.1
2,GHZ-3,3,FakeLagosV2,7,55,8192,819,0.5944,0.4056,MARGINAL,,,CORRECT,,CORRECT,6,2,0.1,2.3.1,0.17.2,0.46.1
2,GHZ-3,3,FakeLagosV2,7,56,8192,819,0.5991,0.4009,MARGINAL,,,CORRECT,,CORRECT,6,2,0.1,2.3.1,0.17.2,0.46.1
2,GHZ-3,3,FakeLagosV2,7,57,8192,819,0.5956,0.4044,MARGINAL,,,CORRECT,,CORRECT,6,2,0.1,2.3.1,0.17.2,0.46.1
2,GHZ-3,3,FakeLagosV2,7,58,8192,819,0.6095,0.3904,FAIL,3,2457,CORRECT,3,CORRECT,6,2,0.1,2.3.1,0.17.2,0.46.1
2,GHZ-3,3,FakeLagosV2,7,59,8192,819,0.6042,0.3957,FAIL,3,2457,CORRECT,3,CORRECT,6,2,0.1,2.3.1,0.17.2,0.46.1
2,GHZ-3,3,FakeLagosV2,7,60,8192,819,0.6102,0.3898,FAIL,3,2457,CORRECT,3,CORRECT,6,2,0.1,2.3.1,0.17.2,0.46.1
2,GHZ-3,3,FakeLagosV2,7,61,8192,819,0.6132,0.3868,FAIL,3,2457,CORRECT,3,CORRECT,6,2,0.1,2.3.1,0.17.2,0.46.1
2,GHZ-3,3,FakeLagosV2,7,62,8192,819,0.5933,0.4067,MARGINAL,4,3276,CORRECT,4,CORRECT,6,2,0.1,2.3.1,0.17.2,0.46.1
2,GHZ-3,3,FakeLagosV2,7,63,8192,819,0.5957,0.4041,MARGINAL,,,CORRECT,,CORRECT,6,2,0.1,2.3.1,0.17.2,0.46.1
2,GHZ-3,3,FakeLagosV2,7,64,8192,819,0.6169,0.3829,FAIL,3,2457,CORRECT,3,CORRECT,6,2,0.1,2.3.1,0.17.2,0.46.1
2,GHZ-3,3,FakeLagosV2,7,65,8192,819,0.6127,0.3872,FAIL,3,2457,CORRECT,3,CORRECT,6,2,0.1,2.3.1,0.17.2,0.46.1
2,GHZ-3,3,FakeLagosV2,7,66,8192,819,0.6093,0.3907,FAIL,3,2457,CORRECT,3,CORRECT,6,2,0.1,2.3.1,0.17.2,0.46.1
2,GHZ-3,3,FakeLagosV2,7,67,8192,819,0.6066,0.3934,FAIL,3,2457,CORRECT,3,CORRECT,6,2,0.1,2.3.1,0.17.2,0.46.1
2,GHZ-3,3,FakeLagosV2,7,68,8192,819,0.6117,0.3883,FAIL,5,4095,CORRECT,5,CORRECT,6,2,0.1,2.3.1,0.17.2,0.46.1
2,GHZ-3,3,FakeLagosV2,7,69,8192,819,0.6154,0.3846,FAIL,3,2457,CORRECT,3,CORRECT,6,2,0.1,2.3.1,0.17.2,0.46.1
2,GHZ-3,3,FakeLagosV2,7,70,8192,819,0.6135,0.3864,FAIL,3,2457,CORRECT,3,CORRECT,6,2,0.1,2.3.1,0.17.2,0.46.1
2,GHZ-3,3,FakeLagosV2,7,71,8192,819,0.6007,0.3992,FAIL,3,2457,CORRECT,3,CORRECT,6,2,0.1,2.3.1,0.17.2,0.46.1
2,GHZ-3,3,FakeLagosV2,7,72,8192,819,0.6057,0.3942,FAIL,3,2457,CORRECT,3,CORRECT,6,2,0.1,2.3.1,0.17.2,0.46.1
2,GHZ-3,3,FakeLagosV2,7,73,8192,819,0.605,0.3948,FAIL,3,2457,CORRECT,3,CORRECT,6,2,0.1,2.3.1,0.17.2,0.46.1
2,GHZ-3,3,FakeLagosV2,7,74,8192,819,0.603,0.3969,FAIL,3,2457,CORRECT,3,CORRECT,6,2,0.1,2.3.1,0.17.2,0.46.1
2,GHZ-3,3,FakeLagosV2,7,75,8192,819,0.6063,0.3937,FAIL,4,3276,CORRECT,4,CORRECT,6,2,0.1,2.3.1,0.17.2,0.46.1
2,GHZ-3,3,FakeLagosV2,7,76,8192,819,0.611,0.389,FAIL,3,2457,CORRECT,3,CORRECT,6,2,0.1,2.3.1,0.17.2,0.46.1
2,GHZ-3,3,FakeLagosV2,7,77,8192,819,0.6108,0.3891,FAIL,3,2457,CORRECT,3,CORRECT,6,2,0.1,2.3.1,0.17.2,0.46.1
2,GHZ-3,3,FakeLagosV2,7,78,8192,819,0.6067,0.3929,FAIL,3,2457,CORRECT,3,CORRECT,6,2,0.1,2.3.1,0.17.2,0.46.1
2,GHZ-3,3,FakeLagosV2,7,79,8192,819,0.6073,0.3926,FAIL,3,2457,CORRECT,3,CORRECT,6,2,0.1,2.3.1,0.17.2,0.46.1
2,GHZ-3,3,FakeLagosV2,7,80,8192,819,0.6039,0.3961,FAIL,3,2457,CORRECT,3,CORRECT,6,2,0.1,2.3.1,0.17.2,0.46.1
2,GHZ-3,3,FakeLagosV2,7,81,8192,819,0.6057,0.3943,FAIL,3,2457,CORRECT,3,CORRECT,6,2,0.1,2.3.1,0.17.2,0.46.1
2,GHZ-3,3,FakeLagosV2,7,82,8192,819,0.6188,0.3812,FAIL,3,2457,CORRECT,3,CORRECT,6,2,0.1,2.3.1,0.17.2,0.46.1
2,GHZ-3,3,FakeLagosV2,7,83,8192,819,0.6064,0.3936,FAIL,3,2457,CORRECT,3,CORRECT,6,2,0.1,2.3.1,0.17.2,0.46.1
2,GHZ-3,3,FakeLagosV2,7,84,8192,819,0.6039,0.3961,FAIL,3,2457,CORRECT,3,CORRECT,6,2,0.1,2.3.1,0.17.2,0.46.1
2,GHZ-3,3,FakeLagosV2,7,85,8192,819,0.6057,0.3942,FAIL,6,4914,CORRECT,6,CORRECT,6,2,0.1,2.3.1,0.17.2,0.46.1
2,GHZ-3,3,FakeLagosV2,7,86,8192,819,0.5957,0.4043,MARGINAL,5,4095,CORRECT,5,CORRECT,6,2,0.1,2.3.1,0.17.2,0.46.1
2,GHZ-3,3,FakeLagosV2,7,87,8192,819,0.6019,0.398,FAIL,6,4914,CORRECT,6,CORRECT,6,2,0.1,2.3.1,0.17.2,0.46.1
2,GHZ-3,3,FakeLagosV2,7,88,8192,819,0.6027,0.3973,FAIL,4,3276,CORRECT,4,CORRECT,6,2,0.1,2.3.1,0.17.2,0.46.1
2,GHZ-3,3,FakeLagosV2,7,89,8192,819,0.608,0.392,FAIL,3,2457,CORRECT,3,CORRECT,6,2,0.1,2.3.1,0.17.2,0.46.1
2,GHZ-3,3,FakeLagosV2,7,90,8192,819,0.6052,0.3948,FAIL,3,2457,CORRECT,3,CORRECT,6,2,0.1,2.3.1,0.17.2,0.46.1
2,GHZ-3,3,FakeLagosV2,7,91,8192,819,0.6067,0.3933,FAIL,3,2457,CORRECT,3,CORRECT,6,2,0.1,2.3.1,0.17.2,0.46.1
2,GHZ-3,3,FakeLagosV2,7,92,8192,819,0.5967,0.4032,MARGINAL,4,3276,CORRECT,4,CORRECT,6,2,0.1,2.3.1,0.17.2,0.46.1
2,GHZ-3,3,FakeLagosV2,7,93,8192,819,0.5972,0.4028,MARGINAL,3,2457,CORRECT,3,CORRECT,6,2,0.1,2.3.1,0.17.2,0.46.1
2,GHZ-3,3,FakeLagosV2,7,94,8192,819,0.6088,0.3912,FAIL,4,3276,CORRECT,4,CORRECT,6,2,0.1,2.3.1,0.17.2,0.46.1
2,GHZ-3,3,FakeLagosV2,7,95,8192,819,0.6088,0.3912,FAIL,3,2457,CORRECT,3,CORRECT,6,2,0.1,2.3.1,0.17.2,0.46.1
2,GHZ-3,3,FakeLagosV2,7,96,8192,819,0.6085,0.3915,FAIL,5,4095,CORRECT,5,CORRECT,6,2,0.1,2.3.1,0.17.2,0.46.1
2,GHZ-3,3,FakeLagosV2,7,97,8192,819,0.6071,0.3929,FAIL,3,2457,CORRECT,3,CORRECT,6,2,0.1,2.3.1,0.17.2,0.46.1
2,GHZ-3,3,FakeLagosV2,7,98,8192,819,0.6235,0.3765,FAIL,3,2457,CORRECT,3,CORRECT,6,2,0.1,2.3.1,0.17.2,0.46.1
2,GHZ-3,3,FakeLagosV2,7,99,8192,819,0.6099,0.3901,FAIL,3,2457,CORRECT,3,CORRECT,6,2,0.1,2.3.1,0.17.2,0.46.1
2,GHZ-3,3,FakeLagosV2,7,100,8192,819,0.6107,0.3893,FAIL,3,2457,CORRECT,3,CORRECT,6,2,0.1,2.3.1,0.17.2,0.46.1
2,GHZ-3,3,FakeLagosV2,7,101,8192,819,0.6029,0.3971,FAIL,3,2457,CORRECT,3,CORRECT,6,2,0.1,2.3.1,0.17.2,0.46.1
2,GHZ-3,3,FakeLagosV2,7,102,8192,819,0.6135,0.3865,FAIL,3,2457,CORRECT,3,CORRECT,6,2,0.1,2.3.1,0.17.2,0.46.1
2,GHZ-3,3,FakeLagosV2,7,103,8192,819,0.6096,0.3904,FAIL,3,2457,CORRECT,3,CORRECT,6,2,0.1,2.3.1,0.17.2,0.46.1
2,GHZ-3,3,FakeLagosV2,7,104,8192,819,0.6067,0.3933,FAIL,4,3276,CORRECT,4,CORRECT,6,2,0.1,2.3.1,0.17.2,0.46.1
2,GHZ-3,3,FakeLagosV2,7,105,8192,819,0.6063,0.3935,FAIL,7,5733,CORRECT,7,CORRECT,6,2,0.1,2.3.1,0.17.2,0.46.1
2,GHZ-3,3,FakeLagosV2,7,106,8192,819,0.6077,0.3923,FAIL,3,2457,CORRECT,3,CORRECT,6,2,0.1,2.3.1,0.17.2,0.46.1
2,GHZ-3,3,FakeLagosV2,7,107,8192,819,0.6011,0.3989,FAIL,3,2457,CORRECT,3,CORRECT,6,2,0.1,2.3.1,0.17.2,0.46.1
2,GHZ-3,3,FakeLagosV2,7,108,8192,819,0.603,0.397,FAIL,4,3276,CORRECT,4,CORRECT,6,2,0.1,2.3.1,0.17.2,0.46.1
2,GHZ-3,3,FakeLagosV2,7,109,8192,819,0.6084,0.3915,FAIL,3,2457,CORRECT,3,CORRECT,6,2,0.1,2.3.1,0.17.2,0.46.1
2,GHZ-3,3,FakeLagosV2,7,110,8192,819,0.6078,0.3922,FAIL,3,2457,CORRECT,3,CORRECT,6,2,0.1,2.3.1,0.17.2,0.46.1
2,GHZ-3,3,FakeLagosV2,7,111,8192,819,0.6072,0.3928,FAIL,3,2457,CORRECT,3,CORRECT,6,2,0.1,2.3.1,0.17.2,0.46.1
2,GHZ-3,3,FakeLagosV2,7,112,8192,819,0.598,0.4019,MARGINAL,,,CORRECT,,CORRECT,6,2,0.1,2.3.1,0.17.2,0.46.1
2,GHZ-3,3,FakeLagosV2,7,113,8192,819,0.6144,0.3856,FAIL,3,2457,CORRECT,3,CORRECT,6,2,0.1,2.3.1,0.17.2,0.46.1
2,GHZ-3,3,FakeLagosV2,7,114,8192,819,0.6113,0.3887,FAIL,3,2457,CORRECT,3,CORRECT,6,2,0.1,2.3.1,0.17.2,0.46.1
2,GHZ-3,3,FakeLagosV2,7,115,8192,819,0.6107,0.3893,FAIL,3,2457,CORRECT,3,CORRECT,6,2,0.1,2.3.1,0.17.2,0.46.1
2,GHZ-3,3,FakeLagosV2,7,116,8192,819,0.603,0.3969,FAIL,4,3276,CORRECT,4,CORRECT,6,2,0.1,2.3.1,0.17.2,0.46.1
2,GHZ-3,3,FakeLagosV2,7,117,8192,819,0.6128,0.387,FAIL,3,2457,CORRECT,3,CORRECT,6,2,0.1,2.3.1,0.17.2,0.46.1
2,GHZ-3,3,FakeLagosV2,7,118,8192,819,0.6053,0.3947,FAIL,5,4095,CORRECT,5,CORRECT,6,2,0.1,2.3.1,0.17.2,0.46.1
2,GHZ-3,3,FakeLagosV2,7,119,8192,819,0.6086,0.3913,FAIL,3,2457,CORRECT,3,CORRECT,6,2,0.1,2.3.1,0.17.2,0.46.1
3,VQE HeH+ 2Q,2,FakeLagosV2,7,20,4000,400,0.2888,0.7113,PASS,,,CORRECT,,CORRECT,8,2,0.1,2.3.1,0.17.2,0.46.1
3,VQE HeH+ 2Q,2,FakeLagosV2,7,21,4000,400,0.2962,0.7038,PASS,,,CORRECT,,CORRECT,8,2,0.1,2.3.1,0.17.2,0.46.1
3,VQE HeH+ 2Q,2,FakeLagosV2,7,22,4000,400,0.2915,0.7085,PASS,,,CORRECT,,CORRECT,8,2,0.1,2.3.1,0.17.2,0.46.1
3,VQE HeH+ 2Q,2,FakeLagosV2,7,23,4000,400,0.2898,0.7103,PASS,,,CORRECT,,CORRECT,8,2,0.1,2.3.1,0.17.2,0.46.1
3,VQE HeH+ 2Q,2,FakeLagosV2,7,24,4000,400,0.291,0.709,PASS,,,CORRECT,,CORRECT,8,2,0.1,2.3.1,0.17.2,0.46.1
3,VQE HeH+ 2Q,2,FakeLagosV2,7,25,4000,400,0.28,0.72,PASS,,,CORRECT,,CORRECT,8,2,0.1,2.3.1,0.17.2,0.46.1
3,VQE HeH+ 2Q,2,FakeLagosV2,7,26,4000,400,0.3035,0.6965,MARGINAL,,,CORRECT,,CORRECT,8,2,0.1,2.3.1,0.17.2,0.46.1
3,VQE HeH+ 2Q,2,FakeLagosV2,7,27,4000,400,0.2875,0.7125,PASS,,,CORRECT,,CORRECT,8,2,0.1,2.3.1,0.17.2,0.46.1
3,VQE HeH+ 2Q,2,FakeLagosV2,7,28,4000,400,0.2932,0.7068,PASS,,,CORRECT,,CORRECT,8,2,0.1,2.3.1,0.17.2,0.46.1
3,VQE HeH+ 2Q,2,FakeLagosV2,7,29,4000,400,0.2888,0.7113,PASS,,,CORRECT,,CORRECT,8,2,0.1,2.3.1,0.17.2,0.46.1
3,VQE HeH+ 2Q,2,FakeLagosV2,7,30,4000,400,0.297,0.703,PASS,,,CORRECT,,CORRECT,8,2,0.1,2.3.1,0.17.2,0.46.1
3,VQE HeH+ 2Q,2,FakeLagosV2,7,31,4000,400,0.3042,0.6958,MARGINAL,,,CORRECT,,CORRECT,8,2,0.0,2.3.1,0.17.2,0.46.1
3,VQE HeH+ 2Q,2,FakeLagosV2,7,32,4000,400,0.282,0.718,PASS,,,CORRECT,,CORRECT,8,2,0.1,2.3.1,0.17.2,0.46.1
3,VQE HeH+ 2Q,2,FakeLagosV2,7,33,4000,400,0.291,0.709,PASS,,,CORRECT,,CORRECT,8,2,0.1,2.3.1,0.17.2,0.46.1
3,VQE HeH+ 2Q,2,FakeLagosV2,7,34,4000,400,0.3058,0.6943,MARGINAL,,,CORRECT,,CORRECT,8,2,0.1,2.3.1,0.17.2,0.46.1
3,VQE HeH+ 2Q,2,FakeLagosV2,7,35,4000,400,0.2885,0.7115,PASS,,,CORRECT,,CORRECT,8,2,0.1,2.3.1,0.17.2,0.46.1
3,VQE HeH+ 2Q,2,FakeLagosV2,7,36,4000,400,0.2877,0.7123,PASS,,,CORRECT,,CORRECT,8,2,0.1,2.3.1,0.17.2,0.46.1
3,VQE HeH+ 2Q,2,FakeLagosV2,7,37,4000,400,0.2865,0.7135,PASS,,,CORRECT,,CORRECT,8,2,0.1,2.3.1,0.17.2,0.46.1
3,VQE HeH+ 2Q,2,FakeLagosV2,7,38,4000,400,0.307,0.693,MARGINAL,,,CORRECT,,CORRECT,8,2,0.1,2.3.1,0.17.2,0.46.1
3,VQE HeH+ 2Q,2,FakeLagosV2,7,39,4000,400,0.2918,0.7083,PASS,,,CORRECT,,CORRECT,8,2,0.1,2.3.1,0.17.2,0.46.1
3,VQE HeH+ 2Q,2,FakeLagosV2,7,40,4000,400,0.2958,0.7043,PASS,,,CORRECT,,CORRECT,8,2,0.0,2.3.1,0.17.2,0.46.1
3,VQE HeH+ 2Q,2,FakeLagosV2,7,41,4000,400,0.2848,0.7153,PASS,,,CORRECT,,CORRECT,8,2,0.1,2.3.1,0.17.2,0.46.1
3,VQE HeH+ 2Q,2,FakeLagosV2,7,42,4000,400,0.297,0.703,PASS,,,CORRECT,,CORRECT,8,2,0.0,2.3.1,0.17.2,0.46.1
3,VQE HeH+ 2Q,2,FakeLagosV2,7,43,4000,400,0.2942,0.7058,PASS,,,CORRECT,,CORRECT,8,2,0.0,2.3.1,0.17.2,0.46.1
3,VQE HeH+ 2Q,2,FakeLagosV2,7,44,4000,400,0.2912,0.7088,PASS,,,CORRECT,,CORRECT,8,2,0.1,2.3.1,0.17.2,0.46.1
3,VQE HeH+ 2Q,2,FakeLagosV2,7,45,4000,400,0.2795,0.7205,PASS,,,CORRECT,,CORRECT,8,2,0.1,2.3.1,0.17.2,0.46.1
3,VQE HeH+ 2Q,2,FakeLagosV2,7,46,4000,400,0.281,0.719,PASS,,,CORRECT,,CORRECT,8,2,0.1,2.3.1,0.17.2,0.46.1
3,VQE HeH+ 2Q,2,FakeLagosV2,7,47,4000,400,0.2758,0.7243,PASS,,,CORRECT,,CORRECT,8,2,0.1,2.3.1,0.17.2,0.46.1
3,VQE HeH+ 2Q,2,FakeLagosV2,7,48,4000,400,0.288,0.712,PASS,,,CORRECT,,CORRECT,8,2,0.1,2.3.1,0.17.2,0.46.1
3,VQE HeH+ 2Q,2,FakeLagosV2,7,49,4000,400,0.3022,0.6978,MARGINAL,,,CORRECT,,CORRECT,8,2,0.1,2.3.1,0.17.2,0.46.1
3,VQE HeH+ 2Q,2,FakeLagosV2,7,50,4000,400,0.2832,0.7168,PASS,,,CORRECT,,CORRECT,8,2,0.1,2.3.1,0.17.2,0.46.1
3,VQE HeH+ 2Q,2,FakeLagosV2,7,51,4000,400,0.301,0.699,MARGINAL,,,CORRECT,,CORRECT,8,2,0.1,2.3.1,0.17.2,0.46.1
3,VQE HeH+ 2Q,2,FakeLagosV2,7,52,4000,400,0.2888,0.7113,PASS,,,CORRECT,,CORRECT,8,2,0.1,2.3.1,0.17.2,0.46.1
3,VQE HeH+ 2Q,2,FakeLagosV2,7,53,4000,400,0.3022,0.6978,MARGINAL,,,CORRECT,,CORRECT,8,2,0.1,2.3.1,0.17.2,0.46.1
3,VQE HeH+ 2Q,2,FakeLagosV2,7,54,4000,400,0.3,0.7,MARGINAL,,,CORRECT,,CORRECT,8,2,0.1,2.3.1,0.17.2,0.46.1
3,VQE HeH+ 2Q,2,FakeLagosV2,7,55,4000,400,0.2838,0.7163,PASS,,,CORRECT,,CORRECT,8,2,0.1,2.3.1,0.17.2,0.46.1
3,VQE HeH+ 2Q,2,FakeLagosV2,7,56,4000,400,0.2835,0.7165,PASS,,,CORRECT,,CORRECT,8,2,0.1,2.3.1,0.17.2,0.46.1
3,VQE HeH+ 2Q,2,FakeLagosV2,7,57,4000,400,0.29,0.71,PASS,,,CORRECT,,CORRECT,8,2,0.1,2.3.1,0.17.2,0.46.1
3,VQE HeH+ 2Q,2,FakeLagosV2,7,58,4000,400,0.3002,0.6998,MARGINAL,,,CORRECT,,CORRECT,8,2,0.1,2.3.1,0.17.2,0.46.1
3,VQE HeH+ 2Q,2,FakeLagosV2,7,59,4000,400,0.3022,0.6978,MARGINAL,,,CORRECT,,CORRECT,8,2,0.1,2.3.1,0.17.2,0.46.1
3,VQE HeH+ 2Q,2,FakeLagosV2,7,60,4000,400,0.286,0.714,PASS,,,CORRECT,,CORRECT,8,2,0.1,2.3.1,0.17.2,0.46.1
3,VQE HeH+ 2Q,2,FakeLagosV2,7,61,4000,400,0.2788,0.7213,PASS,,,CORRECT,,CORRECT,8,2,0.1,2.3.1,0.17.2,0.46.1
3,VQE HeH+ 2Q,2,FakeLagosV2,7,62,4000,400,0.2785,0.7215,PASS,,,CORRECT,,CORRECT,8,2,0.1,2.3.1,0.17.2,0.46.1
3,VQE HeH+ 2Q,2,FakeLagosV2,7,63,4000,400,0.2897,0.7103,PASS,,,CORRECT,,CORRECT,8,2,0.1,2.3.1,0.17.2,0.46.1
3,VQE HeH+ 2Q,2,FakeLagosV2,7,64,4000,400,0.2862,0.7138,PASS,,,CORRECT,,CORRECT,8,2,0.1,2.3.1,0.17.2,0.46.1
3,VQE HeH+ 2Q,2,FakeLagosV2,7,65,4000,400,0.3083,0.6918,MARGINAL,,,CORRECT,,CORRECT,8,2,0.1,2.3.1,0.17.2,0.46.1
3,VQE HeH+ 2Q,2,FakeLagosV2,7,66,4000,400,0.2902,0.7098,PASS,,,CORRECT,,CORRECT,8,2,0.1,2.3.1,0.17.2,0.46.1
3,VQE HeH+ 2Q,2,FakeLagosV2,7,67,4000,400,0.2835,0.7165,PASS,,,CORRECT,,CORRECT,8,2,0.1,2.3.1,0.17.2,0.46.1
3,VQE HeH+ 2Q,2,FakeLagosV2,7,68,4000,400,0.288,0.712,PASS,,,CORRECT,,CORRECT,8,2,0.1,2.3.1,0.17.2,0.46.1
3,VQE HeH+ 2Q,2,FakeLagosV2,7,69,4000,400,0.2935,0.7065,PASS,,,CORRECT,,CORRECT,8,2,0.0,2.3.1,0.17.2,0.46.1
3,VQE HeH+ 2Q,2,FakeLagosV2,7,70,4000,400,0.2753,0.7248,PASS,,,CORRECT,,CORRECT,8,2,0.1,2.3.1,0.17.2,0.46.1
3,VQE HeH+ 2Q,2,FakeLagosV2,7,71,4000,400,0.2775,0.7225,PASS,,,CORRECT,,CORRECT,8,2,0.1,2.3.1,0.17.2,0.46.1
3,VQE HeH+ 2Q,2,FakeLagosV2,7,72,4000,400,0.284,0.716,PASS,,,CORRECT,,CORRECT,8,2,0.1,2.3.1,0.17.2,0.46.1
3,VQE HeH+ 2Q,2,FakeLagosV2,7,73,4000,400,0.286,0.714,PASS,,,CORRECT,,CORRECT,8,2,0.1,2.3.1,0.17.2,0.46.1
3,VQE HeH+ 2Q,2,FakeLagosV2,7,74,4000,400,0.2947,0.7053,PASS,,,CORRECT,,CORRECT,8,2,0.1,2.3.1,0.17.2,0.46.1
3,VQE HeH+ 2Q,2,FakeLagosV2,7,75,4000,400,0.2932,0.7068,PASS,,,CORRECT,,CORRECT,8,2,0.1,2.3.1,0.17.2,0.46.1
3,VQE HeH+ 2Q,2,FakeLagosV2,7,76,4000,400,0.306,0.694,MARGINAL,,,CORRECT,,CORRECT,8,2,0.1,2.3.1,0.17.2,0.46.1
3,VQE HeH+ 2Q,2,FakeLagosV2,7,77,4000,400,0.282,0.718,PASS,,,CORRECT,,CORRECT,8,2,0.1,2.3.1,0.17.2,0.46.1
3,VQE HeH+ 2Q,2,FakeLagosV2,7,78,4000,400,0.2912,0.7088,PASS,,,CORRECT,,CORRECT,8,2,0.1,2.3.1,0.17.2,0.46.1
3,VQE HeH+ 2Q,2,FakeLagosV2,7,79,4000,400,0.2863,0.7138,PASS,,,CORRECT,,CORRECT,8,2,0.1,2.3.1,0.17.2,0.46.1
3,VQE HeH+ 2Q,2,FakeLagosV2,7,80,4000,400,0.2897,0.7103,PASS,,,CORRECT,,CORRECT,8,2,0.1,2.3.1,0.17.2,0.46.1
3,VQE HeH+ 2Q,2,FakeLagosV2,7,81,4000,400,0.2862,0.7138,PASS,,,CORRECT,,CORRECT,8,2,0.1,2.3.1,0.17.2,0.46.1
3,VQE HeH+ 2Q,2,FakeLagosV2,7,82,4000,400,0.284,0.716,PASS,,,CORRECT,,CORRECT,8,2,0.0,2.3.1,0.17.2,0.46.1
3,VQE HeH+ 2Q,2,FakeLagosV2,7,83,4000,400,0.2955,0.7045,PASS,,,CORRECT,,CORRECT,8,2,0.1,2.3.1,0.17.2,0.46.1
3,VQE HeH+ 2Q,2,FakeLagosV2,7,84,4000,400,0.2798,0.7203,PASS,,,CORRECT,,CORRECT,8,2,0.1,2.3.1,0.17.2,0.46.1
3,VQE HeH+ 2Q,2,FakeLagosV2,7,85,4000,400,0.2938,0.7063,PASS,,,CORRECT,,CORRECT,8,2,0.1,2.3.1,0.17.2,0.46.1
3,VQE HeH+ 2Q,2,FakeLagosV2,7,86,4000,400,0.2972,0.7028,PASS,,,CORRECT,,CORRECT,8,2,0.1,2.3.1,0.17.2,0.46.1
3,VQE HeH+ 2Q,2,FakeLagosV2,7,87,4000,400,0.2812,0.7188,PASS,,,CORRECT,,CORRECT,8,2,0.1,2.3.1,0.17.2,0.46.1
3,VQE HeH+ 2Q,2,FakeLagosV2,7,88,4000,400,0.2887,0.7113,PASS,,,CORRECT,,CORRECT,8,2,0.1,2.3.1,0.17.2,0.46.1
3,VQE HeH+ 2Q,2,FakeLagosV2,7,89,4000,400,0.2998,0.7003,PASS,,,CORRECT,,CORRECT,8,2,0.1,2.3.1,0.17.2,0.46.1
3,VQE HeH+ 2Q,2,FakeLagosV2,7,90,4000,400,0.2965,0.7035,PASS,,,CORRECT,,CORRECT,8,2,0.1,2.3.1,0.17.2,0.46.1
3,VQE HeH+ 2Q,2,FakeLagosV2,7,91,4000,400,0.283,0.717,PASS,,,CORRECT,,CORRECT,8,2,0.1,2.3.1,0.17.2,0.46.1
3,VQE HeH+ 2Q,2,FakeLagosV2,7,92,4000,400,0.2952,0.7048,PASS,,,CORRECT,,CORRECT,8,2,0.1,2.3.1,0.17.2,0.46.1
3,VQE HeH+ 2Q,2,FakeLagosV2,7,93,4000,400,0.2925,0.7075,PASS,,,CORRECT,,CORRECT,8,2,0.1,2.3.1,0.17.2,0.46.1
3,VQE HeH+ 2Q,2,FakeLagosV2,7,94,4000,400,0.29,0.71,PASS,,,CORRECT,,CORRECT,8,2,0.1,2.3.1,0.17.2,0.46.1
3,VQE HeH+ 2Q,2,FakeLagosV2,7,95,4000,400,0.2947,0.7053,PASS,,,CORRECT,,CORRECT,8,2,0.1,2.3.1,0.17.2,0.46.1
3,VQE HeH+ 2Q,2,FakeLagosV2,7,96,4000,400,0.2915,0.7085,PASS,,,CORRECT,,CORRECT,8,2,0.1,2.3.1,0.17.2,0.46.1
3,VQE HeH+ 2Q,2,FakeLagosV2,7,97,4000,400,0.296,0.704,PASS,,,CORRECT,,CORRECT,8,2,0.1,2.3.1,0.17.2,0.46.1
3,VQE HeH+ 2Q,2,FakeLagosV2,7,98,4000,400,0.2888,0.7113,PASS,,,CORRECT,,CORRECT,8,2,0.1,2.3.1,0.17.2,0.46.1
3,VQE HeH+ 2Q,2,FakeLagosV2,7,99,4000,400,0.2927,0.7073,PASS,,,CORRECT,,CORRECT,8,2,0.1,2.3.1,0.17.2,0.46.1
3,VQE HeH+ 2Q,2,FakeLagosV2,7,100,4000,400,0.2882,0.7118,PASS,,,CORRECT,,CORRECT,8,2,0.1,2.3.1,0.17.2,0.46.1
3,VQE HeH+ 2Q,2,FakeLagosV2,7,101,4000,400,0.281,0.719,PASS,,,CORRECT,,CORRECT,8,2,0.1,2.3.1,0.17.2,0.46.1
3,VQE HeH+ 2Q,2,FakeLagosV2,7,102,4000,400,0.2955,0.7045,PASS,,,CORRECT,,CORRECT,8,2,0.1,2.3.1,0.17.2,0.46.1
3,VQE HeH+ 2Q,2,FakeLagosV2,7,103,4000,400,0.284,0.716,PASS,,,CORRECT,,CORRECT,8,2,0.1,2.3.1,0.17.2,0.46.1
3,VQE HeH+ 2Q,2,FakeLagosV2,7,104,4000,400,0.2875,0.7125,PASS,,,CORRECT,,CORRECT,8,2,0.1,2.3.1,0.17.2,0.46.1
3,VQE HeH+ 2Q,2,FakeLagosV2,7,105,4000,400,0.2862,0.7138,PASS,,,CORRECT,,CORRECT,8,2,0.1,2.3.1,0.17.2,0.46.1
3,VQE HeH+ 2Q,2,FakeLagosV2,7,106,4000,400,0.3062,0.6938,MARGINAL,,,CORRECT,,CORRECT,8,2,0.0,2.3.1,0.17.2,0.46.1
3,VQE HeH+ 2Q,2,FakeLagosV2,7,107,4000,400,0.2925,0.7075,PASS,,,CORRECT,,CORRECT,8,2,0.1,2.3.1,0.17.2,0.46.1
3,VQE HeH+ 2Q,2,FakeLagosV2,7,108,4000,400,0.279,0.721,PASS,,,CORRECT,,CORRECT,8,2,0.1,2.3.1,0.17.2,0.46.1
3,VQE HeH+ 2Q,2,FakeLagosV2,7,109,4000,400,0.2835,0.7165,PASS,,,CORRECT,,CORRECT,8,2,0.0,2.3.1,0.17.2,0.46.1
3,VQE HeH+ 2Q,2,FakeLagosV2,7,110,4000,400,0.306,0.694,MARGINAL,,,CORRECT,,CORRECT,8,2,0.1,2.3.1,0.17.2,0.46.1
3,VQE HeH+ 2Q,2,FakeLagosV2,7,111,4000,400,0.2885,0.7115,PASS,,,CORRECT,,CORRECT,8,2,0.1,2.3.1,0.17.2,0.46.1
3,VQE HeH+ 2Q,2,FakeLagosV2,7,112,4000,400,0.2965,0.7035,PASS,,,CORRECT,,CORRECT,8,2,0.1,2.3.1,0.17.2,0.46.1
3,VQE HeH+ 2Q,2,FakeLagosV2,7,113,4000,400,0.2792,0.7208,PASS,,,CORRECT,,CORRECT,8,2,0.1,2.3.1,0.17.2,0.46.1
3,VQE HeH+ 2Q,2,FakeLagosV2,7,114,4000,400,0.2848,0.7153,PASS,,,CORRECT,,CORRECT,8,2,0.1,2.3.1,0.17.2,0.46.1
3,VQE HeH+ 2Q,2,FakeLagosV2,7,115,4000,400,0.2875,0.7125,PASS,,,CORRECT,,CORRECT,8,2,0.1,2.3.1,0.17.2,0.46.1
3,VQE HeH+ 2Q,2,FakeLagosV2,7,116,4000,400,0.285,0.715,PASS,,,CORRECT,,CORRECT,8,2,0.1,2.3.1,0.17.2,0.46.1
3,VQE HeH+ 2Q,2,FakeLagosV2,7,117,4000,400,0.2915,0.7085,PASS,,,CORRECT,,CORRECT,8,2,0.1,2.3.1,0.17.2,0.46.1
3,VQE HeH+ 2Q,2,FakeLagosV2,7,118,4000,400,0.2808,0.7193,PASS,,,CORRECT,,CORRECT,8,2,0.1,2.3.1,0.17.2,0.46.1
3,VQE HeH+ 2Q,2,FakeLagosV2,7,119,4000,400,0.2825,0.7175,PASS,,,CORRECT,,CORRECT,8,2,0.0,2.3.1,0.17.2,0.46.1
4,GHZ-4,4,FakeLagosV2,7,20,8192,819,0.4092,0.5907,MARGINAL,,,CORRECT,,CORRECT,7,3,0.1,2.3.1,0.17.2,0.46.1
4,GHZ-4,4,FakeLagosV2,7,21,8192,819,0.4086,0.5914,MARGINAL,,,CORRECT,,CORRECT,7,3,0.2,2.3.1,0.17.2,0.46.1
4,GHZ-4,4,FakeLagosV2,7,22,8192,819,0.4091,0.5909,MARGINAL,,,CORRECT,,CORRECT,7,3,0.1,2.3.1,0.17.2,0.46.1
4,GHZ-4,4,FakeLagosV2,7,23,8192,819,0.4054,0.5946,MARGINAL,,,CORRECT,,CORRECT,7,3,0.1,2.3.1,0.17.2,0.46.1
4,GHZ-4,4,FakeLagosV2,7,24,8192,819,0.4038,0.5961,MARGINAL,,,CORRECT,,CORRECT,7,3,0.1,2.3.1,0.17.2,0.46.1
4,GHZ-4,4,FakeLagosV2,7,25,8192,819,0.3978,0.602,MARGINAL,,,CORRECT,,CORRECT,7,3,0.1,2.3.1,0.17.2,0.46.1
4,GHZ-4,4,FakeLagosV2,7,26,8192,819,0.4065,0.5935,MARGINAL,,,CORRECT,,CORRECT,7,3,0.1,2.3.1,0.17.2,0.46.1
4,GHZ-4,4,FakeLagosV2,7,27,8192,819,0.4108,0.5891,MARGINAL,,,CORRECT,,CORRECT,7,3,0.1,2.3.1,0.17.2,0.46.1
4,GHZ-4,4,FakeLagosV2,7,28,8192,819,0.4005,0.5994,MARGINAL,,,CORRECT,,CORRECT,7,3,0.1,2.3.1,0.17.2,0.46.1
4,GHZ-4,4,FakeLagosV2,7,29,8192,819,0.4082,0.5918,MARGINAL,,,CORRECT,,CORRECT,7,3,0.1,2.3.1,0.17.2,0.46.1
4,GHZ-4,4,FakeLagosV2,7,30,8192,819,0.4039,0.5961,MARGINAL,,,CORRECT,,CORRECT,7,3,0.1,2.3.1,0.17.2,0.46.1
4,GHZ-4,4,FakeLagosV2,7,31,8192,819,0.4087,0.591,MARGINAL,,,CORRECT,,CORRECT,7,3,0.1,2.3.1,0.17.2,0.46.1
4,GHZ-4,4,FakeLagosV2,7,32,8192,819,0.4077,0.5923,MARGINAL,,,CORRECT,,CORRECT,7,3,0.1,2.3.1,0.17.2,0.46.1
4,GHZ-4,4,FakeLagosV2,7,33,8192,819,0.3978,0.6022,MARGINAL,,,CORRECT,,CORRECT,7,3,0.1,2.3.1,0.17.2,0.46.1
4,GHZ-4,4,FakeLagosV2,7,34,8192,819,0.4095,0.5904,MARGINAL,,,CORRECT,,CORRECT,7,3,0.1,2.3.1,0.17.2,0.46.1
4,GHZ-4,4,FakeLagosV2,7,35,8192,819,0.4106,0.5893,MARGINAL,,,CORRECT,,CORRECT,7,3,0.1,2.3.1,0.17.2,0.46.1
4,GHZ-4,4,FakeLagosV2,7,36,8192,819,0.408,0.592,MARGINAL,,,CORRECT,,CORRECT,7,3,0.1,2.3.1,0.17.2,0.46.1
4,GHZ-4,4,FakeLagosV2,7,37,8192,819,0.4053,0.5947,MARGINAL,,,CORRECT,,CORRECT,7,3,0.1,2.3.1,0.17.2,0.46.1
4,GHZ-4,4,FakeLagosV2,7,38,8192,819,0.4067,0.5926,MARGINAL,,,CORRECT,,CORRECT,7,3,0.1,2.3.1,0.17.2,0.46.1
4,GHZ-4,4,FakeLagosV2,7,39,8192,819,0.4067,0.5933,MARGINAL,,,CORRECT,,CORRECT,7,3,0.1,2.3.1,0.17.2,0.46.1
4,GHZ-4,4,FakeLagosV2,7,40,8192,819,0.3982,0.6018,MARGINAL,,,CORRECT,,CORRECT,7,3,0.1,2.3.1,0.17.2,0.46.1
4,GHZ-4,4,FakeLagosV2,7,41,8192,819,0.4075,0.5925,MARGINAL,,,CORRECT,,CORRECT,7,3,0.1,2.3.1,0.17.2,0.46.1
4,GHZ-4,4,FakeLagosV2,7,42,8192,819,0.4082,0.5918,MARGINAL,,,CORRECT,,CORRECT,7,3,0.1,2.3.1,0.17.2,0.46.1
4,GHZ-4,4,FakeLagosV2,7,43,8192,819,0.4065,0.5934,MARGINAL,,,CORRECT,,CORRECT,7,3,0.1,2.3.1,0.17.2,0.46.1
4,GHZ-4,4,FakeLagosV2,7,44,8192,819,0.4108,0.5892,MARGINAL,,,CORRECT,,CORRECT,7,3,0.1,2.3.1,0.17.2,0.46.1
4,GHZ-4,4,FakeLagosV2,7,45,8192,819,0.4048,0.5952,MARGINAL,,,CORRECT,,CORRECT,7,3,0.1,2.3.1,0.17.2,0.46.1
4,GHZ-4,4,FakeLagosV2,7,46,8192,819,0.4083,0.5917,MARGINAL,,,CORRECT,,CORRECT,7,3,0.1,2.3.1,0.17.2,0.46.1
4,GHZ-4,4,FakeLagosV2,7,47,8192,819,0.4221,0.5779,MARGINAL,,,CORRECT,,CORRECT,7,3,0.1,2.3.1,0.17.2,0.46.1
4,GHZ-4,4,FakeLagosV2,7,48,8192,819,0.4075,0.5923,MARGINAL,,,CORRECT,,CORRECT,7,3,0.1,2.3.1,0.17.2,0.46.1
4,GHZ-4,4,FakeLagosV2,7,49,8192,819,0.4199,0.58,MARGINAL,,,CORRECT,,CORRECT,7,3,0.1,2.3.1,0.17.2,0.46.1
4,GHZ-4,4,FakeLagosV2,7,50,8192,819,0.4026,0.5974,MARGINAL,,,CORRECT,,CORRECT,7,3,0.1,2.3.1,0.17.2,0.46.1
4,GHZ-4,4,FakeLagosV2,7,51,8192,819,0.3997,0.6003,MARGINAL,,,CORRECT,,CORRECT,7,3,0.1,2.3.1,0.17.2,0.46.1
4,GHZ-4,4,FakeLagosV2,7,52,8192,819,0.418,0.582,MARGINAL,,,CORRECT,,CORRECT,7,3,0.1,2.3.1,0.17.2,0.46.1
4,GHZ-4,4,FakeLagosV2,7,53,8192,819,0.4171,0.5828,MARGINAL,,,CORRECT,,CORRECT,7,3,0.1,2.3.1,0.17.2,0.46.1
4,GHZ-4,4,FakeLagosV2,7,54,8192,819,0.41,0.5899,MARGINAL,,,CORRECT,,CORRECT,7,3,0.1,2.3.1,0.17.2,0.46.1
4,GHZ-4,4,FakeLagosV2,7,55,8192,819,0.415,0.585,MARGINAL,,,CORRECT,,CORRECT,7,3,0.1,2.3.1,0.17.2,0.46.1
4,GHZ-4,4,FakeLagosV2,7,56,8192,819,0.4133,0.5866,MARGINAL,,,CORRECT,,CORRECT,7,3,0.1,2.3.1,0.17.2,0.46.1
4,GHZ-4,4,FakeLagosV2,7,57,8192,819,0.4164,0.5836,MARGINAL,,,CORRECT,,CORRECT,7,3,0.1,2.3.1,0.17.2,0.46.1
4,GHZ-4,4,FakeLagosV2,7,58,8192,819,0.4086,0.5912,MARGINAL,,,CORRECT,,CORRECT,7,3,0.1,2.3.1,0.17.2,0.46.1
4,GHZ-4,4,FakeLagosV2,7,59,8192,819,0.395,0.6048,MARGINAL,,,CORRECT,,CORRECT,7,3,0.1,2.3.1,0.17.2,0.46.1
4,GHZ-4,4,FakeLagosV2,7,60,8192,819,0.4092,0.5907,MARGINAL,,,CORRECT,,CORRECT,7,3,0.1,2.3.1,0.17.2,0.46.1
4,GHZ-4,4,FakeLagosV2,7,61,8192,819,0.4113,0.5887,MARGINAL,,,CORRECT,,CORRECT,7,3,0.1,2.3.1,0.17.2,0.46.1
4,GHZ-4,4,FakeLagosV2,7,62,8192,819,0.4087,0.5912,MARGINAL,,,CORRECT,,CORRECT,7,3,0.1,2.3.1,0.17.2,0.46.1
4,GHZ-4,4,FakeLagosV2,7,63,8192,819,0.4109,0.5889,MARGINAL,,,CORRECT,,CORRECT,7,3,0.1,2.3.1,0.17.2,0.46.1
4,GHZ-4,4,FakeLagosV2,7,64,8192,819,0.3982,0.6015,MARGINAL,,,CORRECT,,CORRECT,7,3,0.1,2.3.1,0.17.2,0.46.1
4,GHZ-4,4,FakeLagosV2,7,65,8192,819,0.4055,0.5942,MARGINAL,,,CORRECT,,CORRECT,7,3,0.1,2.3.1,0.17.2,0.46.1
4,GHZ-4,4,FakeLagosV2,7,66,8192,819,0.4071,0.5929,MARGINAL,,,CORRECT,,CORRECT,7,3,0.1,2.3.1,0.17.2,0.46.1
4,GHZ-4,4,FakeLagosV2,7,67,8192,819,0.408,0.592,MARGINAL,,,CORRECT,,CORRECT,7,3,0.1,2.3.1,0.17.2,0.46.1
4,GHZ-4,4,FakeLagosV2,7,68,8192,819,0.4127,0.5872,MARGINAL,,,CORRECT,,CORRECT,7,3,0.1,2.3.1,0.17.2,0.46.1
4,GHZ-4,4,FakeLagosV2,7,69,8192,819,0.406,0.594,MARGINAL,,,CORRECT,,CORRECT,7,3,0.2,2.3.1,0.17.2,0.46.1
4,GHZ-4,4,FakeLagosV2,7,70,8192,819,0.3993,0.6007,MARGINAL,,,CORRECT,,CORRECT,7,3,0.1,2.3.1,0.17.2,0.46.1
4,GHZ-4,4,FakeLagosV2,7,71,8192,819,0.4044,0.5955,MARGINAL,,,CORRECT,,CORRECT,7,3,0.1,2.3.1,0.17.2,0.46.1
4,GHZ-4,4,FakeLagosV2,7,72,8192,819,0.4027,0.5971,MARGINAL,,,CORRECT,,CORRECT,7,3,0.1,2.3.1,0.17.2,0.46.1
4,GHZ-4,4,FakeLagosV2,7,73,8192,819,0.4075,0.5924,MARGINAL,,,CORRECT,,CORRECT,7,3,0.1,2.3.1,0.17.2,0.46.1
4,GHZ-4,4,FakeLagosV2,7,74,8192,819,0.4139,0.5861,MARGINAL,,,CORRECT,,CORRECT,7,3,0.1,2.3.1,0.17.2,0.46.1
4,GHZ-4,4,FakeLagosV2,7,75,8192,819,0.4,0.6,MARGINAL,,,CORRECT,,CORRECT,7,3,0.1,2.3.1,0.17.2,0.46.1
4,GHZ-4,4,FakeLagosV2,7,76,8192,819,0.3984,0.6015,MARGINAL,,,CORRECT,,CORRECT,7,3,0.1,2.3.1,0.17.2,0.46.1
4,GHZ-4,4,FakeLagosV2,7,77,8192,819,0.4064,0.5936,MARGINAL,,,CORRECT,,CORRECT,7,3,0.1,2.3.1,0.17.2,0.46.1
4,GHZ-4,4,FakeLagosV2,7,78,8192,819,0.4103,0.5895,MARGINAL,,,CORRECT,,CORRECT,7,3,0.1,2.3.1,0.17.2,0.46.1
4,GHZ-4,4,FakeLagosV2,7,79,8192,819,0.4113,0.5887,MARGINAL,,,CORRECT,,CORRECT,7,3,0.1,2.3.1,0.17.2,0.46.1
4,GHZ-4,4,FakeLagosV2,7,80,8192,819,0.4121,0.5879,MARGINAL,,,CORRECT,,CORRECT,7,3,0.1,2.3.1,0.17.2,0.46.1
4,GHZ-4,4,FakeLagosV2,7,81,8192,819,0.4127,0.5872,MARGINAL,,,CORRECT,,CORRECT,7,3,0.1,2.3.1,0.17.2,0.46.1
4,GHZ-4,4,FakeLagosV2,7,82,8192,819,0.3998,0.6002,MARGINAL,,,CORRECT,,CORRECT,7,3,0.1,2.3.1,0.17.2,0.46.1
4,GHZ-4,4,FakeLagosV2,7,83,8192,819,0.4078,0.5921,MARGINAL,,,CORRECT,,CORRECT,7,3,0.1,2.3.1,0.17.2,0.46.1
4,GHZ-4,4,FakeLagosV2,7,84,8192,819,0.4194,0.5804,MARGINAL,,,CORRECT,,CORRECT,7,3,0.1,2.3.1,0.17.2,0.46.1
4,GHZ-4,4,FakeLagosV2,7,85,8192,819,0.403,0.5968,MARGINAL,,,CORRECT,,CORRECT,7,3,0.1,2.3.1,0.17.2,0.46.1
4,GHZ-4,4,FakeLagosV2,7,86,8192,819,0.4072,0.5928,MARGINAL,,,CORRECT,,CORRECT,7,3,0.1,2.3.1,0.17.2,0.46.1
4,GHZ-4,4,FakeLagosV2,7,87,8192,819,0.4208,0.579,MARGINAL,,,CORRECT,,CORRECT,7,3,0.1,2.3.1,0.17.2,0.46.1
4,GHZ-4,4,FakeLagosV2,7,88,8192,819,0.4154,0.5846,MARGINAL,,,CORRECT,,CORRECT,7,3,0.1,2.3.1,0.17.2,0.46.1
4,GHZ-4,4,FakeLagosV2,7,89,8192,819,0.4136,0.5864,MARGINAL,,,CORRECT,,CORRECT,7,3,0.1,2.3.1,0.17.2,0.46.1
4,GHZ-4,4,FakeLagosV2,7,90,8192,819,0.4146,0.5854,MARGINAL,,,CORRECT,,CORRECT,7,3,0.1,2.3.1,0.17.2,0.46.1
4,GHZ-4,4,FakeLagosV2,7,91,8192,819,0.4114,0.5885,MARGINAL,,,CORRECT,,CORRECT,7,3,0.1,2.3.1,0.17.2,0.46.1
4,GHZ-4,4,FakeLagosV2,7,92,8192,819,0.4094,0.5906,MARGINAL,,,CORRECT,,CORRECT,7,3,0.1,2.3.1,0.17.2,0.46.1
4,GHZ-4,4,FakeLagosV2,7,93,8192,819,0.4091,0.5909,MARGINAL,,,CORRECT,,CORRECT,7,3,0.1,2.3.1,0.17.2,0.46.1
4,GHZ-4,4,FakeLagosV2,7,94,8192,819,0.4115,0.5885,MARGINAL,,,CORRECT,,CORRECT,7,3,0.1,2.3.1,0.17.2,0.46.1
4,GHZ-4,4,FakeLagosV2,7,95,8192,819,0.4,0.5997,MARGINAL,,,CORRECT,,CORRECT,7,3,0.1,2.3.1,0.17.2,0.46.1
4,GHZ-4,4,FakeLagosV2,7,96,8192,819,0.4098,0.5902,MARGINAL,,,CORRECT,,CORRECT,7,3,0.1,2.3.1,0.17.2,0.46.1
4,GHZ-4,4,FakeLagosV2,7,97,8192,819,0.4031,0.5968,MARGINAL,,,CORRECT,,CORRECT,7,3,0.1,2.3.1,0.17.2,0.46.1
4,GHZ-4,4,FakeLagosV2,7,98,8192,819,0.3987,0.6013,MARGINAL,,,CORRECT,,CORRECT,7,3,0.1,2.3.1,0.17.2,0.46.1
4,GHZ-4,4,FakeLagosV2,7,99,8192,819,0.4047,0.5953,MARGINAL,,,CORRECT,,CORRECT,7,3,0.1,2.3.1,0.17.2,0.46.1
4,GHZ-4,4,FakeLagosV2,7,100,8192,819,0.4102,0.5898,MARGINAL,,,CORRECT,,CORRECT,7,3,0.1,2.3.1,0.17.2,0.46.1
4,GHZ-4,4,FakeLagosV2,7,101,8192,819,0.3977,0.6023,MARGINAL,,,CORRECT,,CORRECT,7,3,0.1,2.3.1,0.17.2,0.46.1
4,GHZ-4,4,FakeLagosV2,7,102,8192,819,0.4135,0.5865,MARGINAL,,,CORRECT,,CORRECT,7,3,0.1,2.3.1,0.17.2,0.46.1
4,GHZ-4,4,FakeLagosV2,7,103,8192,819,0.4034,0.5965,MARGINAL,,,CORRECT,,CORRECT,7,3,0.1,2.3.1,0.17.2,0.46.1
4,GHZ-4,4,FakeLagosV2,7,104,8192,819,0.4204,0.5795,MARGINAL,,,CORRECT,,CORRECT,7,3,0.1,2.3.1,0.17.2,0.46.1
4,GHZ-4,4,FakeLagosV2,7,105,8192,819,0.4064,0.5932,MARGINAL,,,CORRECT,,CORRECT,7,3,0.1,2.3.1,0.17.2,0.46.1
4,GHZ-4,4,FakeLagosV2,7,106,8192,819,0.4053,0.5946,MARGINAL,,,CORRECT,,CORRECT,7,3,0.1,2.3.1,0.17.2,0.46.1
4,GHZ-4,4,FakeLagosV2,7,107,8192,819,0.3992,0.6008,MARGINAL,,,CORRECT,,CORRECT,7,3,0.1,2.3.1,0.17.2,0.46.1
4,GHZ-4,4,FakeLagosV2,7,108,8192,819,0.4054,0.5946,MARGINAL,,,CORRECT,,CORRECT,7,3,0.1,2.3.1,0.17.2,0.46.1
4,GHZ-4,4,FakeLagosV2,7,109,8192,819,0.4006,0.5993,MARGINAL,,,CORRECT,,CORRECT,7,3,0.1,2.3.1,0.17.2,0.46.1
4,GHZ-4,4,FakeLagosV2,7,110,8192,819,0.4091,0.5909,MARGINAL,,,CORRECT,,CORRECT,7,3,0.1,2.3.1,0.17.2,0.46.1
4,GHZ-4,4,FakeLagosV2,7,111,8192,819,0.4156,0.5843,MARGINAL,,,CORRECT,,CORRECT,7,3,0.1,2.3.1,0.17.2,0.46.1
4,GHZ-4,4,FakeLagosV2,7,112,8192,819,0.4049,0.5948,MARGINAL,,,CORRECT,,CORRECT,7,3,0.1,2.3.1,0.17.2,0.46.1
4,GHZ-4,4,FakeLagosV2,7,113,8192,819,0.408,0.592,MARGINAL,,,CORRECT,,CORRECT,7,3,0.1,2.3.1,0.17.2,0.46.1
4,GHZ-4,4,FakeLagosV2,7,114,8192,819,0.413,0.587,MARGINAL,,,CORRECT,,CORRECT,7,3,0.1,2.3.1,0.17.2,0.46.1
4,GHZ-4,4,FakeLagosV2,7,115,8192,819,0.4097,0.5903,MARGINAL,,,CORRECT,,CORRECT,7,3,0.1,2.3.1,0.17.2,0.46.1
4,GHZ-4,4,FakeLagosV2,7,116,8192,819,0.4098,0.5902,MARGINAL,,,CORRECT,,CORRECT,7,3,0.1,2.3.1,0.17.2,0.46.1
4,GHZ-4,4,FakeLagosV2,7,117,8192,819,0.4122,0.5876,MARGINAL,,,CORRECT,,CORRECT,7,3,0.1,2.3.1,0.17.2,0.46.1
4,GHZ-4,4,FakeLagosV2,7,118,8192,819,0.4146,0.5854,MARGINAL,,,CORRECT,,CORRECT,7,3,0.1,2.3.1,0.17.2,0.46.1
4,GHZ-4,4,FakeLagosV2,7,119,8192,819,0.4198,0.5801,MARGINAL,,,CORRECT,,CORRECT,7,3,0.1,2.3.1,0.17.2,0.46.1
5,GHZ-5,5,FakeLagosV2,7,20,1024,102,0.4941,0.5056,MARGINAL,,,CORRECT,,CORRECT,8,4,0.1,2.3.1,0.17.2,0.46.1
5,GHZ-5,5,FakeLagosV2,7,21,1024,102,0.5146,0.485,MARGINAL,,,CORRECT,,CORRECT,8,4,0.0,2.3.1,0.17.2,0.46.1
5,GHZ-5,5,FakeLagosV2,7,22,1024,102,0.5342,0.4658,MARGINAL,,,CORRECT,,CORRECT,8,4,0.0,2.3.1,0.17.2,0.46.1
5,GHZ-5,5,FakeLagosV2,7,23,1024,102,0.4854,0.5146,MARGINAL,,,CORRECT,,CORRECT,8,4,0.1,2.3.1,0.17.2,0.46.1
5,GHZ-5,5,FakeLagosV2,7,24,1024,102,0.5254,0.4746,MARGINAL,,,CORRECT,,CORRECT,8,4,0.1,2.3.1,0.17.2,0.46.1
5,GHZ-5,5,FakeLagosV2,7,25,1024,102,0.502,0.498,MARGINAL,,,CORRECT,,CORRECT,8,4,0.1,2.3.1,0.17.2,0.46.1
5,GHZ-5,5,FakeLagosV2,7,26,1024,102,0.5312,0.4686,MARGINAL,,,CORRECT,,CORRECT,8,4,0.1,2.3.1,0.17.2,0.46.1
5,GHZ-5,5,FakeLagosV2,7,27,1024,102,0.5273,0.4716,MARGINAL,,,CORRECT,,CORRECT,8,4,0.1,2.3.1,0.17.2,0.46.1
5,GHZ-5,5,FakeLagosV2,7,28,1024,102,0.5254,0.4745,MARGINAL,,,CORRECT,,CORRECT,8,4,0.0,2.3.1,0.17.2,0.46.1
5,GHZ-5,5,FakeLagosV2,7,29,1024,102,0.5078,0.4921,MARGINAL,,,CORRECT,,CORRECT,8,4,0.1,2.3.1,0.17.2,0.46.1
5,GHZ-5,5,FakeLagosV2,7,30,1024,102,0.5176,0.4822,MARGINAL,,,CORRECT,,CORRECT,8,4,0.1,2.3.1,0.17.2,0.46.1
5,GHZ-5,5,FakeLagosV2,7,31,1024,102,0.5205,0.4786,MARGINAL,,,CORRECT,,CORRECT,8,4,0.1,2.3.1,0.17.2,0.46.1
5,GHZ-5,5,FakeLagosV2,7,32,1024,102,0.5078,0.4922,MARGINAL,,,CORRECT,,CORRECT,8,4,0.0,2.3.1,0.17.2,0.46.1
5,GHZ-5,5,FakeLagosV2,7,33,1024,102,0.5322,0.4677,MARGINAL,,,CORRECT,,CORRECT,8,4,0.1,2.3.1,0.17.2,0.46.1
5,GHZ-5,5,FakeLagosV2,7,34,1024,102,0.5439,0.456,MARGINAL,,,CORRECT,,CORRECT,8,4,0.0,2.3.1,0.17.2,0.46.1
5,GHZ-5,5,FakeLagosV2,7,35,1024,102,0.5098,0.4894,MARGINAL,,,CORRECT,,CORRECT,8,4,0.1,2.3.1,0.17.2,0.46.1
5,GHZ-5,5,FakeLagosV2,7,36,1024,102,0.5039,0.495,MARGINAL,,,CORRECT,,CORRECT,8,4,0.1,2.3.1,0.17.2,0.46.1
5,GHZ-5,5,FakeLagosV2,7,37,1024,102,0.5225,0.4775,MARGINAL,,,CORRECT,,CORRECT,8,4,0.1,2.3.1,0.17.2,0.46.1
5,GHZ-5,5,FakeLagosV2,7,38,1024,102,0.5273,0.4722,MARGINAL,,,CORRECT,,CORRECT,8,4,0.1,2.3.1,0.17.2,0.46.1
5,GHZ-5,5,FakeLagosV2,7,39,1024,102,0.4756,0.5238,MARGINAL,,,CORRECT,,CORRECT,8,4,0.1,2.3.1,0.17.2,0.46.1
5,GHZ-5,5,FakeLagosV2,7,40,1024,102,0.5342,0.4655,MARGINAL,,,CORRECT,,CORRECT,8,4,0.0,2.3.1,0.17.2,0.46.1
5,GHZ-5,5,FakeLagosV2,7,41,1024,102,0.5029,0.4967,MARGINAL,,,CORRECT,,CORRECT,8,4,0.1,2.3.1,0.17.2,0.46.1
5,GHZ-5,5,FakeLagosV2,7,42,1024,102,0.4941,0.5052,MARGINAL,,,CORRECT,,CORRECT,8,4,0.1,2.3.1,0.17.2,0.46.1
5,GHZ-5,5,FakeLagosV2,7,43,1024,102,0.5137,0.4863,MARGINAL,,,CORRECT,,CORRECT,8,4,0.1,2.3.1,0.17.2,0.46.1
5,GHZ-5,5,FakeLagosV2,7,44,1024,102,0.5215,0.4783,MARGINAL,,,CORRECT,,CORRECT,8,4,0.1,2.3.1,0.17.2,0.46.1
5,GHZ-5,5,FakeLagosV2,7,45,1024,102,0.5186,0.4803,MARGINAL,,,CORRECT,,CORRECT,8,4,0.1,2.3.1,0.17.2,0.46.1
5,GHZ-5,5,FakeLagosV2,7,46,1024,102,0.5166,0.4834,MARGINAL,,,CORRECT,,CORRECT,8,4,0.0,2.3.1,0.17.2,0.46.1
5,GHZ-5,5,FakeLagosV2,7,47,1024,102,0.5088,0.4912,MARGINAL,,,CORRECT,,CORRECT,8,4,0.1,2.3.1,0.17.2,0.46.1
5,GHZ-5,5,FakeLagosV2,7,48,1024,102,0.5137,0.4842,MARGINAL,,,CORRECT,,CORRECT,8,4,0.0,2.3.1,0.17.2,0.46.1
5,GHZ-5,5,FakeLagosV2,7,49,1024,102,0.5088,0.4912,MARGINAL,,,CORRECT,,CORRECT,8,4,0.1,2.3.1,0.17.2,0.46.1
5,GHZ-5,5,FakeLagosV2,7,50,1024,102,0.541,0.4588,MARGINAL,,,CORRECT,,CORRECT,8,4,0.1,2.3.1,0.17.2,0.46.1
5,GHZ-5,5,FakeLagosV2,7,51,1024,102,0.5273,0.4721,MARGINAL,,,CORRECT,,CORRECT,8,4,0.0,2.3.1,0.17.2,0.46.1
5,GHZ-5,5,FakeLagosV2,7,52,1024,102,0.5332,0.4668,MARGINAL,,,CORRECT,,CORRECT,8,4,0.1,2.3.1,0.17.2,0.46.1
5,GHZ-5,5,FakeLagosV2,7,53,1024,102,0.4873,0.5126,MARGINAL,,,CORRECT,,CORRECT,8,4,0.1,2.3.1,0.17.2,0.46.1
5,GHZ-5,5,FakeLagosV2,7,54,1024,102,0.5322,0.4677,MARGINAL,,,CORRECT,,CORRECT,8,4,0.1,2.3.1,0.17.2,0.46.1
5,GHZ-5,5,FakeLagosV2,7,55,1024,102,0.5137,0.4853,MARGINAL,,,CORRECT,,CORRECT,8,4,0.1,2.3.1,0.17.2,0.46.1
5,GHZ-5,5,FakeLagosV2,7,56,1024,102,0.5332,0.466,MARGINAL,,,CORRECT,,CORRECT,8,4,0.1,2.3.1,0.17.2,0.46.1
5,GHZ-5,5,FakeLagosV2,7,57,1024,102,0.5156,0.4844,MARGINAL,,,CORRECT,,CORRECT,8,4,0.1,2.3.1,0.17.2,0.46.1
5,GHZ-5,5,FakeLagosV2,7,58,1024,102,0.5098,0.4896,MARGINAL,,,CORRECT,,CORRECT,8,4,0.1,2.3.1,0.17.2,0.46.1
5,GHZ-5,5,FakeLagosV2,7,59,1024,102,0.5117,0.4883,MARGINAL,,,CORRECT,,CORRECT,8,4,0.0,2.3.1,0.17.2,0.46.1
5,GHZ-5,5,FakeLagosV2,7,60,1024,102,0.502,0.4974,MARGINAL,,,CORRECT,,CORRECT,8,4,0.1,2.3.1,0.17.2,0.46.1
5,GHZ-5,5,FakeLagosV2,7,61,1024,102,0.4854,0.5144,MARGINAL,,,CORRECT,,CORRECT,8,4,0.1,2.3.1,0.17.2,0.46.1
5,GHZ-5,5,FakeLagosV2,7,62,1024,102,0.4687,0.5312,MARGINAL,,,CORRECT,,CORRECT,8,4,0.1,2.3.1,0.17.2,0.46.1
5,GHZ-5,5,FakeLagosV2,7,63,1024,102,0.5088,0.4911,MARGINAL,,,CORRECT,,CORRECT,8,4,0.1,2.3.1,0.17.2,0.46.1
5,GHZ-5,5,FakeLagosV2,7,64,1024,102,0.5068,0.4931,MARGINAL,,,CORRECT,,CORRECT,8,4,0.1,2.3.1,0.17.2,0.46.1
5,GHZ-5,5,FakeLagosV2,7,65,1024,102,0.5078,0.4918,MARGINAL,,,CORRECT,,CORRECT,8,4,0.1,2.3.1,0.17.2,0.46.1
5,GHZ-5,5,FakeLagosV2,7,66,1024,102,0.5156,0.4843,MARGINAL,,,CORRECT,,CORRECT,8,4,0.1,2.3.1,0.17.2,0.46.1
5,GHZ-5,5,FakeLagosV2,7,67,1024,102,0.5352,0.4648,MARGINAL,,,CORRECT,,CORRECT,8,4,0.0,2.3.1,0.17.2,0.46.1
5,GHZ-5,5,FakeLagosV2,7,68,1024,102,0.5098,0.4902,MARGINAL,,,CORRECT,,CORRECT,8,4,0.1,2.3.1,0.17.2,0.46.1
5,GHZ-5,5,FakeLagosV2,7,69,1024,102,0.5342,0.4654,MARGINAL,,,CORRECT,,CORRECT,8,4,0.1,2.3.1,0.17.2,0.46.1
5,GHZ-5,5,FakeLagosV2,7,70,1024,102,0.5381,0.4618,MARGINAL,,,CORRECT,,CORRECT,8,4,0.1,2.3.1,0.17.2,0.46.1
5,GHZ-5,5,FakeLagosV2,7,71,1024,102,0.4785,0.5214,MARGINAL,,,CORRECT,,CORRECT,8,4,0.1,2.3.1,0.17.2,0.46.1
5,GHZ-5,5,FakeLagosV2,7,72,1024,102,0.5088,0.4909,MARGINAL,,,CORRECT,,CORRECT,8,4,0.1,2.3.1,0.17.2,0.46.1
5,GHZ-5,5,FakeLagosV2,7,73,1024,102,0.5254,0.4746,MARGINAL,,,CORRECT,,CORRECT,8,4,0.0,2.3.1,0.17.2,0.46.1
5,GHZ-5,5,FakeLagosV2,7,74,1024,102,0.54,0.4599,MARGINAL,,,CORRECT,,CORRECT,8,4,0.1,2.3.1,0.17.2,0.46.1
5,GHZ-5,5,FakeLagosV2,7,75,1024,102,0.5225,0.4771,MARGINAL,,,CORRECT,,CORRECT,8,4,0.1,2.3.1,0.17.2,0.46.1
5,GHZ-5,5,FakeLagosV2,7,76,1024,102,0.5439,0.456,MARGINAL,,,CORRECT,,CORRECT,8,4,0.1,2.3.1,0.17.2,0.46.1
5,GHZ-5,5,FakeLagosV2,7,77,1024,102,0.5186,0.4809,MARGINAL,,,CORRECT,,CORRECT,8,4,0.1,2.3.1,0.17.2,0.46.1
5,GHZ-5,5,FakeLagosV2,7,78,1024,102,0.5186,0.481,MARGINAL,,,CORRECT,,CORRECT,8,4,0.1,2.3.1,0.17.2,0.46.1
5,GHZ-5,5,FakeLagosV2,7,79,1024,102,0.502,0.498,MARGINAL,,,CORRECT,,CORRECT,8,4,0.1,2.3.1,0.17.2,0.46.1
5,GHZ-5,5,FakeLagosV2,7,80,1024,102,0.5166,0.4833,MARGINAL,,,CORRECT,,CORRECT,8,4,0.1,2.3.1,0.17.2,0.46.1
5,GHZ-5,5,FakeLagosV2,7,81,1024,102,0.5078,0.4922,MARGINAL,,,CORRECT,,CORRECT,8,4,0.0,2.3.1,0.17.2,0.46.1
5,GHZ-5,5,FakeLagosV2,7,82,1024,102,0.4893,0.5107,MARGINAL,,,CORRECT,,CORRECT,8,4,0.0,2.3.1,0.17.2,0.46.1
5,GHZ-5,5,FakeLagosV2,7,83,1024,102,0.5,0.4999,MARGINAL,,,CORRECT,,CORRECT,8,4,0.1,2.3.1,0.17.2,0.46.1
5,GHZ-5,5,FakeLagosV2,7,84,1024,102,0.5068,0.493,MARGINAL,,,CORRECT,,CORRECT,8,4,0.1,2.3.1,0.17.2,0.46.1
5,GHZ-5,5,FakeLagosV2,7,85,1024,102,0.5312,0.4682,MARGINAL,,,CORRECT,,CORRECT,8,4,0.1,2.3.1,0.17.2,0.46.1
5,GHZ-5,5,FakeLagosV2,7,86,1024,102,0.4971,0.5028,MARGINAL,,,CORRECT,,CORRECT,8,4,0.1,2.3.1,0.17.2,0.46.1
5,GHZ-5,5,FakeLagosV2,7,87,1024,102,0.5264,0.4736,MARGINAL,,,CORRECT,,CORRECT,8,4,0.1,2.3.1,0.17.2,0.46.1
5,GHZ-5,5,FakeLagosV2,7,88,1024,102,0.5176,0.4815,MARGINAL,,,CORRECT,,CORRECT,8,4,0.1,2.3.1,0.17.2,0.46.1
5,GHZ-5,5,FakeLagosV2,7,89,1024,102,0.5146,0.485,MARGINAL,,,CORRECT,,CORRECT,8,4,0.1,2.3.1,0.17.2,0.46.1
5,GHZ-5,5,FakeLagosV2,7,90,1024,102,0.5078,0.4916,MARGINAL,,,CORRECT,,CORRECT,8,4,0.0,2.3.1,0.17.2,0.46.1
5,GHZ-5,5,FakeLagosV2,7,91,1024,102,0.5293,0.4705,MARGINAL,,,CORRECT,,CORRECT,8,4,0.1,2.3.1,0.17.2,0.46.1
5,GHZ-5,5,FakeLagosV2,7,92,1024,102,0.5332,0.4666,MARGINAL,,,CORRECT,,CORRECT,8,4,0.1,2.3.1,0.17.2,0.46.1
5,GHZ-5,5,FakeLagosV2,7,93,1024,102,0.5088,0.4911,MARGINAL,,,CORRECT,,CORRECT,8,4,0.1,2.3.1,0.17.2,0.46.1
5,GHZ-5,5,FakeLagosV2,7,94,1024,102,0.5098,0.49,MARGINAL,,,CORRECT,,CORRECT,8,4,0.1,2.3.1,0.17.2,0.46.1
5,GHZ-5,5,FakeLagosV2,7,95,1024,102,0.4922,0.5076,MARGINAL,,,CORRECT,,CORRECT,8,4,0.1,2.3.1,0.17.2,0.46.1
5,GHZ-5,5,FakeLagosV2,7,96,1024,102,0.5059,0.4941,MARGINAL,,,CORRECT,,CORRECT,8,4,0.0,2.3.1,0.17.2,0.46.1
5,GHZ-5,5,FakeLagosV2,7,97,1024,102,0.5381,0.4619,MARGINAL,,,CORRECT,,CORRECT,8,4,0.1,2.3.1,0.17.2,0.46.1
5,GHZ-5,5,FakeLagosV2,7,98,1024,102,0.5234,0.4764,MARGINAL,,,CORRECT,,CORRECT,8,4,0.1,2.3.1,0.17.2,0.46.1
5,GHZ-5,5,FakeLagosV2,7,99,1024,102,0.4834,0.5165,MARGINAL,,,CORRECT,,CORRECT,8,4,0.1,2.3.1,0.17.2,0.46.1
5,GHZ-5,5,FakeLagosV2,7,100,1024,102,0.5156,0.484,MARGINAL,,,CORRECT,,CORRECT,8,4,0.1,2.3.1,0.17.2,0.46.1
5,GHZ-5,5,FakeLagosV2,7,101,1024,102,0.4912,0.508,MARGINAL,,,CORRECT,,CORRECT,8,4,0.0,2.3.1,0.17.2,0.46.1
5,GHZ-5,5,FakeLagosV2,7,102,1024,102,0.5107,0.4889,MARGINAL,,,CORRECT,,CORRECT,8,4,0.1,2.3.1,0.17.2,0.46.1
5,GHZ-5,5,FakeLagosV2,7,103,1024,102,0.5225,0.4775,MARGINAL,,,CORRECT,,CORRECT,8,4,0.1,2.3.1,0.17.2,0.46.1
5,GHZ-5,5,FakeLagosV2,7,104,1024,102,0.5244,0.4753,MARGINAL,,,CORRECT,,CORRECT,8,4,0.1,2.3.1,0.17.2,0.46.1
5,GHZ-5,5,FakeLagosV2,7,105,1024,102,0.5186,0.4808,MARGINAL,,,CORRECT,,CORRECT,8,4,0.0,2.3.1,0.17.2,0.46.1
5,GHZ-5,5,FakeLagosV2,7,106,1024,102,0.5107,0.4891,MARGINAL,,,CORRECT,,CORRECT,8,4,0.1,2.3.1,0.17.2,0.46.1
5,GHZ-5,5,FakeLagosV2,7,107,1024,102,0.5088,0.4912,MARGINAL,,,CORRECT,,CORRECT,8,4,0.0,2.3.1,0.17.2,0.46.1
5,GHZ-5,5,FakeLagosV2,7,108,1024,102,0.4912,0.5088,MARGINAL,,,CORRECT,,CORRECT,8,4,0.0,2.3.1,0.17.2,0.46.1
5,GHZ-5,5,FakeLagosV2,7,109,1024,102,0.5244,0.4755,MARGINAL,,,CORRECT,,CORRECT,8,4,0.1,2.3.1,0.17.2,0.46.1
5,GHZ-5,5,FakeLagosV2,7,110,1024,102,0.5137,0.4863,MARGINAL,,,CORRECT,,CORRECT,8,4,0.1,2.3.1,0.17.2,0.46.1
5,GHZ-5,5,FakeLagosV2,7,111,1024,102,0.54,0.4597,MARGINAL,,,CORRECT,,CORRECT,8,4,0.1,2.3.1,0.17.2,0.46.1
5,GHZ-5,5,FakeLagosV2,7,112,1024,102,0.4697,0.5302,MARGINAL,,,CORRECT,,CORRECT,8,4,0.1,2.3.1,0.17.2,0.46.1
5,GHZ-5,5,FakeLagosV2,7,113,1024,102,0.499,0.501,MARGINAL,,,CORRECT,,CORRECT,8,4,0.1,2.3.1,0.17.2,0.46.1
5,GHZ-5,5,FakeLagosV2,7,114,1024,102,0.4766,0.5233,MARGINAL,,,CORRECT,,CORRECT,8,4,0.1,2.3.1,0.17.2,0.46.1
5,GHZ-5,5,FakeLagosV2,7,115,1024,102,0.5234,0.4764,MARGINAL,,,CORRECT,,CORRECT,8,4,0.1,2.3.1,0.17.2,0.46.1
5,GHZ-5,5,FakeLagosV2,7,116,1024,102,0.5088,0.4907,MARGINAL,,,CORRECT,,CORRECT,8,4,0.1,2.3.1,0.17.2,0.46.1
5,GHZ-5,5,FakeLagosV2,7,117,1024,102,0.5068,0.4922,MARGINAL,,,CORRECT,,CORRECT,8,4,0.1,2.3.1,0.17.2,0.46.1
5,GHZ-5,5,FakeLagosV2,7,118,1024,102,0.5,0.5,MARGINAL,,,CORRECT,,CORRECT,8,4,0.1,2.3.1,0.17.2,0.46.1
5,GHZ-5,5,FakeLagosV2,7,119,1024,102,0.4756,0.5234,MARGINAL,,,CORRECT,,CORRECT,8,4,0.1,2.3.1,0.17.2,0.46.1
6,GHZ-6,6,FakeLagosV2,7,20,128,100,0.7656,0.2344,FAIL,3,36,CORRECT,3,CORRECT,10,6,0.1,2.3.1,0.17.2,0.46.1
6,GHZ-6,6,FakeLagosV2,7,21,128,100,0.75,0.25,FAIL,4,48,CORRECT,4,CORRECT,12,8,0.1,2.3.1,0.17.2,0.46.1
6,GHZ-6,6,FakeLagosV2,7,22,128,100,0.7109,0.2865,FAIL,3,36,CORRECT,3,CORRECT,12,8,0.1,2.3.1,0.17.2,0.46.1
6,GHZ-6,6,FakeLagosV2,7,23,128,100,0.7344,0.2647,FAIL,4,48,CORRECT,4,CORRECT,12,8,0.1,2.3.1,0.17.2,0.46.1
6,GHZ-6,6,FakeLagosV2,7,24,128,100,0.7109,0.289,FAIL,8,96,CORRECT,3,CORRECT,10,6,0.1,2.3.1,0.17.2,0.46.1
6,GHZ-6,6,FakeLagosV2,7,25,128,100,0.7109,0.2865,FAIL,4,48,CORRECT,3,CORRECT,10,6,0.1,2.3.1,0.17.2,0.46.1
6,GHZ-6,6,FakeLagosV2,7,26,128,100,0.7656,0.232,FAIL,4,48,CORRECT,3,CORRECT,10,6,0.1,2.3.1,0.17.2,0.46.1
6,GHZ-6,6,FakeLagosV2,7,27,128,100,0.7578,0.2343,FAIL,3,36,CORRECT,3,CORRECT,12,8,0.1,2.3.1,0.17.2,0.46.1
6,GHZ-6,6,FakeLagosV2,7,28,128,100,0.6719,0.3264,FAIL,4,48,CORRECT,4,CORRECT,10,6,0.1,2.3.1,0.17.2,0.46.1
6,GHZ-6,6,FakeLagosV2,7,29,128,100,0.7969,0.2028,FAIL,5,60,CORRECT,5,CORRECT,12,8,0.1,2.3.1,0.17.2,0.46.1
6,GHZ-6,6,FakeLagosV2,7,30,128,100,0.7031,0.2961,FAIL,4,48,CORRECT,4,CORRECT,10,6,0.1,2.3.1,0.17.2,0.46.1
6,GHZ-6,6,FakeLagosV2,7,31,128,100,0.6484,0.3515,FAIL,3,36,CORRECT,3,CORRECT,10,6,0.1,2.3.1,0.17.2,0.46.1
6,GHZ-6,6,FakeLagosV2,7,32,128,100,0.7344,0.2635,FAIL,4,48,CORRECT,4,CORRECT,12,8,0.1,2.3.1,0.17.2,0.46.1
6,GHZ-6,6,FakeLagosV2,7,33,128,100,0.8359,0.1561,FAIL,5,60,CORRECT,5,CORRECT,10,6,0.1,2.3.1,0.17.2,0.46.1
6,GHZ-6,6,FakeLagosV2,7,34,128,100,0.7734,0.226,FAIL,3,36,CORRECT,3,CORRECT,10,6,0.1,2.3.1,0.17.2,0.46.1
6,GHZ-6,6,FakeLagosV2,7,35,128,100,0.7031,0.2893,FAIL,4,48,CORRECT,4,CORRECT,12,8,0.1,2.3.1,0.17.2,0.46.1
6,GHZ-6,6,FakeLagosV2,7,36,128,100,0.6328,0.36,FAIL,5,60,CORRECT,5,CORRECT,10,6,0.1,2.3.1,0.17.2,0.46.1
6,GHZ-6,6,FakeLagosV2,7,37,128,100,0.8125,0.1862,FAIL,3,36,CORRECT,3,CORRECT,10,6,0.1,2.3.1,0.17.2,0.46.1
6,GHZ-6,6,FakeLagosV2,7,38,128,100,0.6797,0.3191,FAIL,3,36,CORRECT,3,CORRECT,12,8,0.1,2.3.1,0.17.2,0.46.1
6,GHZ-6,6,FakeLagosV2,7,39,128,100,0.7344,0.2654,FAIL,3,36,CORRECT,3,CORRECT,12,8,0.0,2.3.1,0.17.2,0.46.1
6,GHZ-6,6,FakeLagosV2,7,40,128,100,0.7266,0.2688,FAIL,3,36,CORRECT,3,CORRECT,12,8,0.1,2.3.1,0.17.2,0.46.1
6,GHZ-6,6,FakeLagosV2,7,41,128,100,0.7344,0.2654,FAIL,4,48,CORRECT,4,CORRECT,10,6,0.1,2.3.1,0.17.2,0.46.1
6,GHZ-6,6,FakeLagosV2,7,42,128,100,0.6953,0.3042,FAIL,5,60,CORRECT,5,CORRECT,10,6,0.1,2.3.1,0.17.2,0.46.1
6,GHZ-6,6,FakeLagosV2,7,43,128,100,0.7187,0.2812,FAIL,3,36,CORRECT,3,CORRECT,10,6,0.1,2.3.1,0.17.2,0.46.1
6,GHZ-6,6,FakeLagosV2,7,44,128,100,0.6641,0.3359,FAIL,4,48,CORRECT,4,CORRECT,10,6,0.1,2.3.1,0.17.2,0.46.1
6,GHZ-6,6,FakeLagosV2,7,45,128,100,0.6094,0.3892,FAIL,5,60,CORRECT,5,CORRECT,10,6,0.0,2.3.1,0.17.2,0.46.1
6,GHZ-6,6,FakeLagosV2,7,46,128,100,0.7031,0.295,FAIL,3,36,CORRECT,3,CORRECT,12,8,0.1,2.3.1,0.17.2,0.46.1
6,GHZ-6,6,FakeLagosV2,7,47,128,100,0.7656,0.2341,FAIL,3,36,CORRECT,3,CORRECT,12,8,0.1,2.3.1,0.17.2,0.46.1
6,GHZ-6,6,FakeLagosV2,7,48,128,100,0.7344,0.2654,FAIL,3,36,CORRECT,3,CORRECT,12,8,0.1,2.3.1,0.17.2,0.46.1
6,GHZ-6,6,FakeLagosV2,7,49,128,100,0.75,0.2437,FAIL,3,36,CORRECT,3,CORRECT,12,8,0.1,2.3.1,0.17.2,0.46.1
6,GHZ-6,6,FakeLagosV2,7,50,128,100,0.7734,0.226,FAIL,5,60,CORRECT,5,CORRECT,12,8,0.1,2.3.1,0.17.2,0.46.1
6,GHZ-6,6,FakeLagosV2,7,51,128,100,0.7969,0.2031,FAIL,3,36,CORRECT,3,CORRECT,12,8,0.0,2.3.1,0.17.2,0.46.1
6,GHZ-6,6,FakeLagosV2,7,52,128,100,0.6875,0.3075,FAIL,4,48,CORRECT,3,CORRECT,12,8,0.0,2.3.1,0.17.2,0.46.1
6,GHZ-6,6,FakeLagosV2,7,53,128,100,0.7578,0.2416,FAIL,4,48,CORRECT,4,CORRECT,10,6,0.1,2.3.1,0.17.2,0.46.1
6,GHZ-6,6,FakeLagosV2,7,54,128,100,0.6953,0.3046,FAIL,3,36,CORRECT,3,CORRECT,12,8,0.1,2.3.1,0.17.2,0.46.1
6,GHZ-6,6,FakeLagosV2,7,55,128,100,0.7422,0.2573,FAIL,3,36,CORRECT,3,CORRECT,12,8,0.1,2.3.1,0.17.2,0.46.1
6,GHZ-6,6,FakeLagosV2,7,56,128,100,0.7656,0.2301,FAIL,4,48,CORRECT,4,CORRECT,10,6,0.1,2.3.1,0.17.2,0.46.1
6,GHZ-6,6,FakeLagosV2,7,57,128,100,0.6953,0.3046,FAIL,5,60,CORRECT,5,CORRECT,10,6,0.0,2.3.1,0.17.2,0.46.1
6,GHZ-6,6,FakeLagosV2,7,58,128,100,0.7734,0.226,FAIL,3,36,CORRECT,3,CORRECT,12,8,0.1,2.3.1,0.17.2,0.46.1
6,GHZ-6,6,FakeLagosV2,7,59,128,100,0.7578,0.2416,FAIL,3,36,CORRECT,3,CORRECT,10,6,0.1,2.3.1,0.17.2,0.46.1
6,GHZ-6,6,FakeLagosV2,7,60,128,100,0.7578,0.2421,FAIL,3,36,CORRECT,3,CORRECT,10,6,0.1,2.3.1,0.17.2,0.46.1
6,GHZ-6,6,FakeLagosV2,7,61,128,100,0.7422,0.2563,FAIL,5,60,CORRECT,5,CORRECT,12,8,0.0,2.3.1,0.17.2,0.46.1
6,GHZ-6,6,FakeLagosV2,7,62,128,100,0.7266,0.2729,FAIL,4,48,CORRECT,4,CORRECT,12,8,0.1,2.3.1,0.17.2,0.46.1
6,GHZ-6,6,FakeLagosV2,7,63,128,100,0.7656,0.2341,FAIL,3,36,CORRECT,3,CORRECT,10,6,0.0,2.3.1,0.17.2,0.46.1
6,GHZ-6,6,FakeLagosV2,7,64,128,100,0.7266,0.2734,FAIL,3,36,CORRECT,3,CORRECT,12,8,0.1,2.3.1,0.17.2,0.46.1
6,GHZ-6,6,FakeLagosV2,7,65,128,100,0.6953,0.3042,FAIL,6,72,CORRECT,3,CORRECT,10,6,0.1,2.3.1,0.17.2,0.46.1
6,GHZ-6,6,FakeLagosV2,7,66,128,100,0.7344,0.2647,FAIL,3,36,CORRECT,3,CORRECT,10,6,0.1,2.3.1,0.17.2,0.46.1
6,GHZ-6,6,FakeLagosV2,7,67,128,100,0.7812,0.2185,FAIL,5,60,CORRECT,5,CORRECT,12,8,0.0,2.3.1,0.17.2,0.46.1
6,GHZ-6,6,FakeLagosV2,7,68,128,100,0.7266,0.2729,FAIL,3,36,CORRECT,3,CORRECT,12,8,0.1,2.3.1,0.17.2,0.46.1
6,GHZ-6,6,FakeLagosV2,7,69,128,100,0.75,0.25,FAIL,3,36,CORRECT,3,CORRECT,10,6,0.1,2.3.1,0.17.2,0.46.1
6,GHZ-6,6,FakeLagosV2,7,70,128,100,0.7266,0.2688,FAIL,4,48,CORRECT,4,CORRECT,12,8,0.0,2.3.1,0.17.2,0.46.1
6,GHZ-6,6,FakeLagosV2,7,71,128,100,0.7187,0.2812,FAIL,6,72,CORRECT,3,CORRECT,10,6,0.1,2.3.1,0.17.2,0.46.1
6,GHZ-6,6,FakeLagosV2,7,72,128,100,0.7578,0.2406,FAIL,3,36,CORRECT,3,CORRECT,10,6,0.1,2.3.1,0.17.2,0.46.1
6,GHZ-6,6,FakeLagosV2,7,73,128,100,0.6562,0.3436,FAIL,7,84,CORRECT,7,CORRECT,10,6,0.1,2.3.1,0.17.2,0.46.1
6,GHZ-6,6,FakeLagosV2,7,74,128,100,0.7891,0.2109,FAIL,3,36,CORRECT,3,CORRECT,12,8,0.0,2.3.1,0.17.2,0.46.1
6,GHZ-6,6,FakeLagosV2,7,75,128,100,0.8203,0.1754,FAIL,3,36,CORRECT,3,CORRECT,10,6,0.1,2.3.1,0.17.2,0.46.1
6,GHZ-6,6,FakeLagosV2,7,76,128,100,0.8359,0.1632,FAIL,4,48,CORRECT,4,CORRECT,12,8,0.1,2.3.1,0.17.2,0.46.1
6,GHZ-6,6,FakeLagosV2,7,77,128,100,0.7187,0.2812,FAIL,3,36,CORRECT,3,CORRECT,12,8,0.1,2.3.1,0.17.2,0.46.1
6,GHZ-6,6,FakeLagosV2,7,78,128,100,0.7734,0.2232,FAIL,3,36,CORRECT,3,CORRECT,10,6,0.1,2.3.1,0.17.2,0.46.1
6,GHZ-6,6,FakeLagosV2,7,79,128,100,0.6797,0.3199,FAIL,8,96,CORRECT,8,CORRECT,10,6,0.1,2.3.1,0.17.2,0.46.1
6,GHZ-6,6,FakeLagosV2,7,80,128,100,0.7891,0.2109,FAIL,7,84,CORRECT,7,CORRECT,10,6,0.1,2.3.1,0.17.2,0.46.1
6,GHZ-6,6,FakeLagosV2,7,81,128,100,0.7734,0.2265,FAIL,4,48,CORRECT,4,CORRECT,10,6,0.1,2.3.1,0.17.2,0.46.1
6,GHZ-6,6,FakeLagosV2,7,82,128,100,0.6797,0.318,FAIL,3,36,CORRECT,3,CORRECT,10,6,0.1,2.3.1,0.17.2,0.46.1
6,GHZ-6,6,FakeLagosV2,7,83,128,100,0.7109,0.2877,FAIL,3,36,CORRECT,3,CORRECT,12,8,0.1,2.3.1,0.17.2,0.46.1
6,GHZ-6,6,FakeLagosV2,7,84,128,100,0.7656,0.2341,FAIL,3,36,CORRECT,3,CORRECT,12,8,0.1,2.3.1,0.17.2,0.46.1
6,GHZ-6,6,FakeLagosV2,7,85,128,100,0.6875,0.3117,FAIL,3,36,CORRECT,3,CORRECT,12,8,0.0,2.3.1,0.17.2,0.46.1
6,GHZ-6,6,FakeLagosV2,7,86,128,100,0.7187,0.2757,FAIL,3,36,CORRECT,3,CORRECT,12,8,0.1,2.3.1,0.17.2,0.46.1
6,GHZ-6,6,FakeLagosV2,7,87,128,100,0.7656,0.2341,FAIL,3,36,CORRECT,3,CORRECT,10,6,0.1,2.3.1,0.17.2,0.46.1
6,GHZ-6,6,FakeLagosV2,7,88,128,100,0.8047,0.1946,FAIL,4,48,CORRECT,4,CORRECT,12,8,0.1,2.3.1,0.17.2,0.46.1
6,GHZ-6,6,FakeLagosV2,7,89,128,100,0.7578,0.2416,FAIL,5,60,CORRECT,5,CORRECT,10,6,0.1,2.3.1,0.17.2,0.46.1
6,GHZ-6,6,FakeLagosV2,7,90,128,100,0.7344,0.2635,FAIL,6,72,CORRECT,6,CORRECT,12,8,0.1,2.3.1,0.17.2,0.46.1
6,GHZ-6,6,FakeLagosV2,7,91,128,100,0.7812,0.2142,FAIL,5,60,CORRECT,5,CORRECT,12,8,0.1,2.3.1,0.17.2,0.46.1
6,GHZ-6,6,FakeLagosV2,7,92,128,100,0.7031,0.2961,FAIL,5,60,CORRECT,5,CORRECT,10,6,0.0,2.3.1,0.17.2,0.46.1
6,GHZ-6,6,FakeLagosV2,7,93,128,100,0.6953,0.3046,FAIL,4,48,CORRECT,4,CORRECT,10,6,0.1,2.3.1,0.17.2,0.46.1
6,GHZ-6,6,FakeLagosV2,7,94,128,100,0.6953,0.3022,FAIL,3,36,CORRECT,3,CORRECT,10,6,0.1,2.3.1,0.17.2,0.46.1
6,GHZ-6,6,FakeLagosV2,7,95,128,100,0.7812,0.2142,FAIL,3,36,CORRECT,3,CORRECT,12,8,0.1,2.3.1,0.17.2,0.46.1
6,GHZ-6,6,FakeLagosV2,7,96,128,100,0.7578,0.2421,FAIL,4,48,CORRECT,4,CORRECT,12,8,0.1,2.3.1,0.17.2,0.46.1
6,GHZ-6,6,FakeLagosV2,7,97,128,100,0.7031,0.2961,FAIL,4,48,CORRECT,4,CORRECT,10,6,0.1,2.3.1,0.17.2,0.46.1
6,GHZ-6,6,FakeLagosV2,7,98,128,100,0.7734,0.2181,FAIL,5,60,CORRECT,5,CORRECT,12,8,0.1,2.3.1,0.17.2,0.46.1
6,GHZ-6,6,FakeLagosV2,7,99,128,100,0.7109,0.289,FAIL,3,36,CORRECT,3,CORRECT,12,8,0.1,2.3.1,0.17.2,0.46.1
6,GHZ-6,6,FakeLagosV2,7,100,128,100,0.7578,0.2416,FAIL,4,48,CORRECT,4,CORRECT,10,6,0.1,2.3.1,0.17.2,0.46.1
6,GHZ-6,6,FakeLagosV2,7,101,128,100,0.625,0.3724,FAIL,9,108,CORRECT,9,CORRECT,10,6,0.1,2.3.1,0.17.2,0.46.1
6,GHZ-6,6,FakeLagosV2,7,102,128,100,0.7812,0.2185,FAIL,3,36,CORRECT,3,CORRECT,12,8,0.1,2.3.1,0.17.2,0.46.1
6,GHZ-6,6,FakeLagosV2,7,103,128,100,0.7812,0.2187,FAIL,3,36,CORRECT,3,CORRECT,10,6,0.1,2.3.1,0.17.2,0.46.1
6,GHZ-6,6,FakeLagosV2,7,104,128,100,0.6797,0.3199,FAIL,3,36,CORRECT,3,CORRECT,10,6,0.1,2.3.1,0.17.2,0.46.1
6,GHZ-6,6,FakeLagosV2,7,105,128,100,0.7656,0.2341,FAIL,3,36,CORRECT,3,CORRECT,10,6,0.1,2.3.1,0.17.2,0.46.1
6,GHZ-6,6,FakeLagosV2,7,106,128,100,0.7578,0.2416,FAIL,5,60,CORRECT,4,CORRECT,12,8,0.1,2.3.1,0.17.2,0.46.1
6,GHZ-6,6,FakeLagosV2,7,107,128,100,0.6641,0.3322,FAIL,3,36,CORRECT,3,CORRECT,10,6,0.1,2.3.1,0.17.2,0.46.1
6,GHZ-6,6,FakeLagosV2,7,108,128,100,0.75,0.2498,FAIL,4,48,CORRECT,4,CORRECT,12,8,0.1,2.3.1,0.17.2,0.46.1
6,GHZ-6,6,FakeLagosV2,7,109,128,100,0.7734,0.2265,FAIL,5,60,CORRECT,3,CORRECT,12,8,0.1,2.3.1,0.17.2,0.46.1
6,GHZ-6,6,FakeLagosV2,7,110,128,100,0.6953,0.3042,FAIL,5,60,CORRECT,5,CORRECT,12,8,0.1,2.3.1,0.17.2,0.46.1
6,GHZ-6,6,FakeLagosV2,7,111,128,100,0.7109,0.289,FAIL,3,36,CORRECT,3,CORRECT,12,8,0.1,2.3.1,0.17.2,0.46.1
6,GHZ-6,6,FakeLagosV2,7,112,128,100,0.6797,0.3191,FAIL,4,48,CORRECT,4,CORRECT,10,6,0.0,2.3.1,0.17.2,0.46.1
6,GHZ-6,6,FakeLagosV2,7,113,128,100,0.8594,0.1402,FAIL,4,48,CORRECT,4,CORRECT,12,8,0.1,2.3.1,0.17.2,0.46.1
6,GHZ-6,6,FakeLagosV2,7,114,128,100,0.6875,0.3075,FAIL,5,60,CORRECT,5,CORRECT,10,6,0.1,2.3.1,0.17.2,0.46.1
6,GHZ-6,6,FakeLagosV2,7,115,128,100,0.7109,0.2886,FAIL,5,60,CORRECT,3,CORRECT,12,8,0.1,2.3.1,0.17.2,0.46.1
6,GHZ-6,6,FakeLagosV2,7,116,128,100,0.7734,0.2181,FAIL,4,48,CORRECT,4,CORRECT,12,8,0.1,2.3.1,0.17.2,0.46.1
6,GHZ-6,6,FakeLagosV2,7,117,128,100,0.7031,0.2967,FAIL,3,36,CORRECT,3,CORRECT,10,6,0.0,2.3.1,0.17.2,0.46.1
6,GHZ-6,6,FakeLagosV2,7,118,128,100,0.75,0.246,FAIL,3,36,CORRECT,3,CORRECT,10,6,0.0,2.3.1,0.17.2,0.46.1
6,GHZ-6,6,FakeLagosV2,7,119,128,100,0.75,0.2437,FAIL,4,48,CORRECT,4,CORRECT,12,8,0.1,2.3.1,0.17.2,0.46.1
7,GHZ-8,8,FakeLagosV2,7,20,32,,,,SKIP,,,,,,,,0,2.3.1,0.17.2,0.46.1
7,GHZ-8,8,FakeLagosV2,7,21,32,,,,SKIP,,,,,,,,0,2.3.1,0.17.2,0.46.1
7,GHZ-8,8,FakeLagosV2,7,22,32,,,,SKIP,,,,,,,,0,2.3.1,0.17.2,0.46.1
7,GHZ-8,8,FakeLagosV2,7,23,32,,,,SKIP,,,,,,,,0,2.3.1,0.17.2,0.46.1
7,GHZ-8,8,FakeLagosV2,7,24,32,,,,SKIP,,,,,,,,0,2.3.1,0.17.2,0.46.1
7,GHZ-8,8,FakeLagosV2,7,25,32,,,,SKIP,,,,,,,,0,2.3.1,0.17.2,0.46.1
7,GHZ-8,8,FakeLagosV2,7,26,32,,,,SKIP,,,,,,,,0,2.3.1,0.17.2,0.46.1
7,GHZ-8,8,FakeLagosV2,7,27,32,,,,SKIP,,,,,,,,0,2.3.1,0.17.2,0.46.1
7,GHZ-8,8,FakeLagosV2,7,28,32,,,,SKIP,,,,,,,,0,2.3.1,0.17.2,0.46.1
7,GHZ-8,8,FakeLagosV2,7,29,32,,,,SKIP,,,,,,,,0,2.3.1,0.17.2,0.46.1
7,GHZ-8,8,FakeLagosV2,7,30,32,,,,SKIP,,,,,,,,0,2.3.1,0.17.2,0.46.1
7,GHZ-8,8,FakeLagosV2,7,31,32,,,,SKIP,,,,,,,,0,2.3.1,0.17.2,0.46.1
7,GHZ-8,8,FakeLagosV2,7,32,32,,,,SKIP,,,,,,,,0,2.3.1,0.17.2,0.46.1
7,GHZ-8,8,FakeLagosV2,7,33,32,,,,SKIP,,,,,,,,0,2.3.1,0.17.2,0.46.1
7,GHZ-8,8,FakeLagosV2,7,34,32,,,,SKIP,,,,,,,,0,2.3.1,0.17.2,0.46.1
7,GHZ-8,8,FakeLagosV2,7,35,32,,,,SKIP,,,,,,,,0,2.3.1,0.17.2,0.46.1
7,GHZ-8,8,FakeLagosV2,7,36,32,,,,SKIP,,,,,,,,0,2.3.1,0.17.2,0.46.1
7,GHZ-8,8,FakeLagosV2,7,37,32,,,,SKIP,,,,,,,,0,2.3.1,0.17.2,0.46.1
7,GHZ-8,8,FakeLagosV2,7,38,32,,,,SKIP,,,,,,,,0,2.3.1,0.17.2,0.46.1
7,GHZ-8,8,FakeLagosV2,7,39,32,,,,SKIP,,,,,,,,0,2.3.1,0.17.2,0.46.1
7,GHZ-8,8,FakeLagosV2,7,40,32,,,,SKIP,,,,,,,,0,2.3.1,0.17.2,0.46.1
7,GHZ-8,8,FakeLagosV2,7,41,32,,,,SKIP,,,,,,,,0,2.3.1,0.17.2,0.46.1
7,GHZ-8,8,FakeLagosV2,7,42,32,,,,SKIP,,,,,,,,0,2.3.1,0.17.2,0.46.1
7,GHZ-8,8,FakeLagosV2,7,43,32,,,,SKIP,,,,,,,,0,2.3.1,0.17.2,0.46.1
7,GHZ-8,8,FakeLagosV2,7,44,32,,,,SKIP,,,,,,,,0,2.3.1,0.17.2,0.46.1
7,GHZ-8,8,FakeLagosV2,7,45,32,,,,SKIP,,,,,,,,0,2.3.1,0.17.2,0.46.1
7,GHZ-8,8,FakeLagosV2,7,46,32,,,,SKIP,,,,,,,,0,2.3.1,0.17.2,0.46.1
7,GHZ-8,8,FakeLagosV2,7,47,32,,,,SKIP,,,,,,,,0,2.3.1,0.17.2,0.46.1
7,GHZ-8,8,FakeLagosV2,7,48,32,,,,SKIP,,,,,,,,0,2.3.1,0.17.2,0.46.1
7,GHZ-8,8,FakeLagosV2,7,49,32,,,,SKIP,,,,,,,,0,2.3.1,0.17.2,0.46.1
7,GHZ-8,8,FakeLagosV2,7,50,32,,,,SKIP,,,,,,,,0,2.3.1,0.17.2,0.46.1
7,GHZ-8,8,FakeLagosV2,7,51,32,,,,SKIP,,,,,,,,0,2.3.1,0.17.2,0.46.1
7,GHZ-8,8,FakeLagosV2,7,52,32,,,,SKIP,,,,,,,,0,2.3.1,0.17.2,0.46.1
7,GHZ-8,8,FakeLagosV2,7,53,32,,,,SKIP,,,,,,,,0,2.3.1,0.17.2,0.46.1
7,GHZ-8,8,FakeLagosV2,7,54,32,,,,SKIP,,,,,,,,0,2.3.1,0.17.2,0.46.1
7,GHZ-8,8,FakeLagosV2,7,55,32,,,,SKIP,,,,,,,,0,2.3.1,0.17.2,0.46.1
7,GHZ-8,8,FakeLagosV2,7,56,32,,,,SKIP,,,,,,,,0,2.3.1,0.17.2,0.46.1
7,GHZ-8,8,FakeLagosV2,7,57,32,,,,SKIP,,,,,,,,0,2.3.1,0.17.2,0.46.1
7,GHZ-8,8,FakeLagosV2,7,58,32,,,,SKIP,,,,,,,,0,2.3.1,0.17.2,0.46.1
7,GHZ-8,8,FakeLagosV2,7,59,32,,,,SKIP,,,,,,,,0,2.3.1,0.17.2,0.46.1
7,GHZ-8,8,FakeLagosV2,7,60,32,,,,SKIP,,,,,,,,0,2.3.1,0.17.2,0.46.1
7,GHZ-8,8,FakeLagosV2,7,61,32,,,,SKIP,,,,,,,,0,2.3.1,0.17.2,0.46.1
7,GHZ-8,8,FakeLagosV2,7,62,32,,,,SKIP,,,,,,,,0,2.3.1,0.17.2,0.46.1
7,GHZ-8,8,FakeLagosV2,7,63,32,,,,SKIP,,,,,,,,0,2.3.1,0.17.2,0.46.1
7,GHZ-8,8,FakeLagosV2,7,64,32,,,,SKIP,,,,,,,,0,2.3.1,0.17.2,0.46.1
7,GHZ-8,8,FakeLagosV2,7,65,32,,,,SKIP,,,,,,,,0,2.3.1,0.17.2,0.46.1
7,GHZ-8,8,FakeLagosV2,7,66,32,,,,SKIP,,,,,,,,0,2.3.1,0.17.2,0.46.1
7,GHZ-8,8,FakeLagosV2,7,67,32,,,,SKIP,,,,,,,,0,2.3.1,0.17.2,0.46.1
7,GHZ-8,8,FakeLagosV2,7,68,32,,,,SKIP,,,,,,,,0,2.3.1,0.17.2,0.46.1
7,GHZ-8,8,FakeLagosV2,7,69,32,,,,SKIP,,,,,,,,0,2.3.1,0.17.2,0.46.1
7,GHZ-8,8,FakeLagosV2,7,70,32,,,,SKIP,,,,,,,,0,2.3.1,0.17.2,0.46.1
7,GHZ-8,8,FakeLagosV2,7,71,32,,,,SKIP,,,,,,,,0,2.3.1,0.17.2,0.46.1
7,GHZ-8,8,FakeLagosV2,7,72,32,,,,SKIP,,,,,,,,0,2.3.1,0.17.2,0.46.1
7,GHZ-8,8,FakeLagosV2,7,73,32,,,,SKIP,,,,,,,,0,2.3.1,0.17.2,0.46.1
7,GHZ-8,8,FakeLagosV2,7,74,32,,,,SKIP,,,,,,,,0,2.3.1,0.17.2,0.46.1
7,GHZ-8,8,FakeLagosV2,7,75,32,,,,SKIP,,,,,,,,0,2.3.1,0.17.2,0.46.1
7,GHZ-8,8,FakeLagosV2,7,76,32,,,,SKIP,,,,,,,,0,2.3.1,0.17.2,0.46.1
7,GHZ-8,8,FakeLagosV2,7,77,32,,,,SKIP,,,,,,,,0,2.3.1,0.17.2,0.46.1
7,GHZ-8,8,FakeLagosV2,7,78,32,,,,SKIP,,,,,,,,0,2.3.1,0.17.2,0.46.1
7,GHZ-8,8,FakeLagosV2,7,79,32,,,,SKIP,,,,,,,,0,2.3.1,0.17.2,0.46.1
7,GHZ-8,8,FakeLagosV2,7,80,32,,,,SKIP,,,,,,,,0,2.3.1,0.17.2,0.46.1
7,GHZ-8,8,FakeLagosV2,7,81,32,,,,SKIP,,,,,,,,0,2.3.1,0.17.2,0.46.1
7,GHZ-8,8,FakeLagosV2,7,82,32,,,,SKIP,,,,,,,,0,2.3.1,0.17.2,0.46.1
7,GHZ-8,8,FakeLagosV2,7,83,32,,,,SKIP,,,,,,,,0,2.3.1,0.17.2,0.46.1
7,GHZ-8,8,FakeLagosV2,7,84,32,,,,SKIP,,,,,,,,0,2.3.1,0.17.2,0.46.1
7,GHZ-8,8,FakeLagosV2,7,85,32,,,,SKIP,,,,,,,,0,2.3.1,0.17.2,0.46.1
7,GHZ-8,8,FakeLagosV2,7,86,32,,,,SKIP,,,,,,,,0,2.3.1,0.17.2,0.46.1
7,GHZ-8,8,FakeLagosV2,7,87,32,,,,SKIP,,,,,,,,0,2.3.1,0.17.2,0.46.1
7,GHZ-8,8,FakeLagosV2,7,88,32,,,,SKIP,,,,,,,,0,2.3.1,0.17.2,0.46.1
7,GHZ-8,8,FakeLagosV2,7,89,32,,,,SKIP,,,,,,,,0,2.3.1,0.17.2,0.46.1
7,GHZ-8,8,FakeLagosV2,7,90,32,,,,SKIP,,,,,,,,0,2.3.1,0.17.2,0.46.1
7,GHZ-8,8,FakeLagosV2,7,91,32,,,,SKIP,,,,,,,,0,2.3.1,0.17.2,0.46.1
7,GHZ-8,8,FakeLagosV2,7,92,32,,,,SKIP,,,,,,,,0,2.3.1,0.17.2,0.46.1
7,GHZ-8,8,FakeLagosV2,7,93,32,,,,SKIP,,,,,,,,0,2.3.1,0.17.2,0.46.1
7,GHZ-8,8,FakeLagosV2,7,94,32,,,,SKIP,,,,,,,,0,2.3.1,0.17.2,0.46.1
7,GHZ-8,8,FakeLagosV2,7,95,32,,,,SKIP,,,,,,,,0,2.3.1,0.17.2,0.46.1
7,GHZ-8,8,FakeLagosV2,7,96,32,,,,SKIP,,,,,,,,0,2.3.1,0.17.2,0.46.1
7,GHZ-8,8,FakeLagosV2,7,97,32,,,,SKIP,,,,,,,,0,2.3.1,0.17.2,0.46.1
7,GHZ-8,8,FakeLagosV2,7,98,32,,,,SKIP,,,,,,,,0,2.3.1,0.17.2,0.46.1
7,GHZ-8,8,FakeLagosV2,7,99,32,,,,SKIP,,,,,,,,0,2.3.1,0.17.2,0.46.1
7,GHZ-8,8,FakeLagosV2,7,100,32,,,,SKIP,,,,,,,,0,2.3.1,0.17.2,0.46.1
7,GHZ-8,8,FakeLagosV2,7,101,32,,,,SKIP,,,,,,,,0,2.3.1,0.17.2,0.46.1
7,GHZ-8,8,FakeLagosV2,7,102,32,,,,SKIP,,,,,,,,0,2.3.1,0.17.2,0.46.1
7,GHZ-8,8,FakeLagosV2,7,103,32,,,,SKIP,,,,,,,,0,2.3.1,0.17.2,0.46.1
7,GHZ-8,8,FakeLagosV2,7,104,32,,,,SKIP,,,,,,,,0,2.3.1,0.17.2,0.46.1
7,GHZ-8,8,FakeLagosV2,7,105,32,,,,SKIP,,,,,,,,0,2.3.1,0.17.2,0.46.1
7,GHZ-8,8,FakeLagosV2,7,106,32,,,,SKIP,,,,,,,,0,2.3.1,0.17.2,0.46.1
7,GHZ-8,8,FakeLagosV2,7,107,32,,,,SKIP,,,,,,,,0,2.3.1,0.17.2,0.46.1
7,GHZ-8,8,FakeLagosV2,7,108,32,,,,SKIP,,,,,,,,0,2.3.1,0.17.2,0.46.1
7,GHZ-8,8,FakeLagosV2,7,109,32,,,,SKIP,,,,,,,,0,2.3.1,0.17.2,0.46.1
7,GHZ-8,8,FakeLagosV2,7,110,32,,,,SKIP,,,,,,,,0,2.3.1,0.17.2,0.46.1
7,GHZ-8,8,FakeLagosV2,7,111,32,,,,SKIP,,,,,,,,0,2.3.1,0.17.2,0.46.1
7,GHZ-8,8,FakeLagosV2,7,112,32,,,,SKIP,,,,,,,,0,2.3.1,0.17.2,0.46.1
7,GHZ-8,8,FakeLagosV2,7,113,32,,,,SKIP,,,,,,,,0,2.3.1,0.17.2,0.46.1
7,GHZ-8,8,FakeLagosV2,7,114,32,,,,SKIP,,,,,,,,0,2.3.1,0.17.2,0.46.1
7,GHZ-8,8,FakeLagosV2,7,115,32,,,,SKIP,,,,,,,,0,2.3.1,0.17.2,0.46.1
7,GHZ-8,8,FakeLagosV2,7,116,32,,,,SKIP,,,,,,,,0,2.3.1,0.17.2,0.46.1
7,GHZ-8,8,FakeLagosV2,7,117,32,,,,SKIP,,,,,,,,0,2.3.1,0.17.2,0.46.1
7,GHZ-8,8,FakeLagosV2,7,118,32,,,,SKIP,,,,,,,,0,2.3.1,0.17.2,0.46.1
7,GHZ-8,8,FakeLagosV2,7,119,32,,,,SKIP,,,,,,,,0,2.3.1,0.17.2,0.46.1
8,QFT 4Q,4,FakeLagosV2,7,20,500,100,0.066,0.993,PASS,,,CORRECT,,CORRECT,42,18,0.0,2.3.1,0.17.2,0.46.1
8,QFT 4Q,4,FakeLagosV2,7,21,500,100,0.085,0.9896,PASS,,,CORRECT,,CORRECT,36,18,0.1,2.3.1,0.17.2,0.46.1
8,QFT 4Q,4,FakeLagosV2,7,22,500,100,0.096,0.9864,PASS,,,CORRECT,,CORRECT,36,18,0.1,2.3.1,0.17.2,0.46.1
8,QFT 4Q,4,FakeLagosV2,7,23,500,100,0.077,0.9896,PASS,,,CORRECT,,CORRECT,36,18,0.1,2.3.1,0.17.2,0.46.1
8,QFT 4Q,4,FakeLagosV2,7,24,500,100,0.068,0.9932,PASS,,,CORRECT,,CORRECT,40,18,0.1,2.3.1,0.17.2,0.46.1
8,QFT 4Q,4,FakeLagosV2,7,25,500,100,0.0565,0.9948,PASS,,,CORRECT,,CORRECT,37,18,0.1,2.3.1,0.17.2,0.46.1
8,QFT 4Q,4,FakeLagosV2,7,26,500,100,0.0585,0.9939,PASS,,,CORRECT,,CORRECT,40,18,0.1,2.3.1,0.17.2,0.46.1
8,QFT 4Q,4,FakeLagosV2,7,27,500,100,0.065,0.9926,PASS,,,CORRECT,,CORRECT,37,18,0.1,2.3.1,0.17.2,0.46.1
8,QFT 4Q,4,FakeLagosV2,7,28,500,100,0.0645,0.9941,PASS,,,CORRECT,,CORRECT,40,18,0.1,2.3.1,0.17.2,0.46.1
8,QFT 4Q,4,FakeLagosV2,7,29,500,100,0.0545,0.9948,PASS,,,CORRECT,,CORRECT,37,18,0.1,2.3.1,0.17.2,0.46.1
8,QFT 4Q,4,FakeLagosV2,7,30,500,100,0.0705,0.9913,PASS,,,CORRECT,,CORRECT,40,18,0.1,2.3.1,0.17.2,0.46.1
8,QFT 4Q,4,FakeLagosV2,7,31,500,100,0.073,0.9926,PASS,,,CORRECT,,CORRECT,37,18,0.1,2.3.1,0.17.2,0.46.1
8,QFT 4Q,4,FakeLagosV2,7,32,500,100,0.058,0.995,PASS,,,CORRECT,,CORRECT,42,18,0.1,2.3.1,0.17.2,0.46.1
8,QFT 4Q,4,FakeLagosV2,7,33,500,100,0.0895,0.9868,PASS,,,CORRECT,,CORRECT,36,18,0.0,2.3.1,0.17.2,0.46.1
8,QFT 4Q,4,FakeLagosV2,7,34,500,100,0.0505,0.9964,PASS,,,CORRECT,,CORRECT,36,18,0.1,2.3.1,0.17.2,0.46.1
8,QFT 4Q,4,FakeLagosV2,7,35,500,100,0.0685,0.9919,PASS,,,CORRECT,,CORRECT,37,18,0.1,2.3.1,0.17.2,0.46.1
8,QFT 4Q,4,FakeLagosV2,7,36,500,100,0.064,0.9942,PASS,,,CORRECT,,CORRECT,36,18,0.1,2.3.1,0.17.2,0.46.1
8,QFT 4Q,4,FakeLagosV2,7,37,500,100,0.058,0.9937,PASS,,,CORRECT,,CORRECT,37,18,0.1,2.3.1,0.17.2,0.46.1
8,QFT 4Q,4,FakeLagosV2,7,38,500,100,0.071,0.9927,PASS,,,CORRECT,,CORRECT,37,18,0.1,2.3.1,0.17.2,0.46.1
8,QFT 4Q,4,FakeLagosV2,7,39,500,100,0.0975,0.9869,PASS,,,CORRECT,,CORRECT,36,18,0.1,2.3.1,0.17.2,0.46.1
8,QFT 4Q,4,FakeLagosV2,7,40,500,100,0.0735,0.9908,PASS,,,CORRECT,,CORRECT,37,18,0.1,2.3.1,0.17.2,0.46.1
8,QFT 4Q,4,FakeLagosV2,7,41,500,100,0.082,0.9912,PASS,,,CORRECT,,CORRECT,42,18,0.1,2.3.1,0.17.2,0.46.1
8,QFT 4Q,4,FakeLagosV2,7,42,500,100,0.079,0.9899,PASS,,,CORRECT,,CORRECT,36,18,0.1,2.3.1,0.17.2,0.46.1
8,QFT 4Q,4,FakeLagosV2,7,43,500,100,0.0765,0.9889,PASS,,,CORRECT,,CORRECT,37,18,0.1,2.3.1,0.17.2,0.46.1
8,QFT 4Q,4,FakeLagosV2,7,44,500,100,0.078,0.9914,PASS,,,CORRECT,,CORRECT,37,18,0.1,2.3.1,0.17.2,0.46.1
8,QFT 4Q,4,FakeLagosV2,7,45,500,100,0.095,0.9856,PASS,,,CORRECT,,CORRECT,36,18,0.1,2.3.1,0.17.2,0.46.1
8,QFT 4Q,4,FakeLagosV2,7,46,500,100,0.0765,0.9888,PASS,,,CORRECT,,CORRECT,37,18,0.1,2.3.1,0.17.2,0.46.1
8,QFT 4Q,4,FakeLagosV2,7,47,500,100,0.0665,0.9913,PASS,,,CORRECT,,CORRECT,42,18,0.0,2.3.1,0.17.2,0.46.1
8,QFT 4Q,4,FakeLagosV2,7,48,500,100,0.063,0.9933,PASS,,,CORRECT,,CORRECT,42,18,0.1,2.3.1,0.17.2,0.46.1
8,QFT 4Q,4,FakeLagosV2,7,49,500,100,0.073,0.992,PASS,,,CORRECT,,CORRECT,36,18,0.0,2.3.1,0.17.2,0.46.1
8,QFT 4Q,4,FakeLagosV2,7,50,500,100,0.0575,0.9951,PASS,,,CORRECT,,CORRECT,36,18,0.1,2.3.1,0.17.2,0.46.1
8,QFT 4Q,4,FakeLagosV2,7,51,500,100,0.0685,0.9931,PASS,,,CORRECT,,CORRECT,42,18,0.1,2.3.1,0.17.2,0.46.1
8,QFT 4Q,4,FakeLagosV2,7,52,500,100,0.0885,0.9879,PASS,,,CORRECT,,CORRECT,37,18,0.1,2.3.1,0.17.2,0.46.1
8,QFT 4Q,4,FakeLagosV2,7,53,500,100,0.0905,0.9869,PASS,,,CORRECT,,CORRECT,36,18,0.1,2.3.1,0.17.2,0.46.1
8,QFT 4Q,4,FakeLagosV2,7,54,500,100,0.074,0.9905,PASS,,,CORRECT,,CORRECT,36,18,0.1,2.3.1,0.17.2,0.46.1
8,QFT 4Q,4,FakeLagosV2,7,55,500,100,0.0645,0.9913,PASS,,,CORRECT,,CORRECT,37,18,0.1,2.3.1,0.17.2,0.46.1
8,QFT 4Q,4,FakeLagosV2,7,56,500,100,0.067,0.9944,PASS,,,CORRECT,,CORRECT,40,18,0.1,2.3.1,0.17.2,0.46.1
8,QFT 4Q,4,FakeLagosV2,7,57,500,100,0.0625,0.9944,PASS,,,CORRECT,,CORRECT,36,18,0.1,2.3.1,0.17.2,0.46.1
8,QFT 4Q,4,FakeLagosV2,7,58,500,100,0.0965,0.9858,PASS,,,CORRECT,,CORRECT,42,18,0.1,2.3.1,0.17.2,0.46.1
8,QFT 4Q,4,FakeLagosV2,7,59,500,100,0.032,0.9982,PASS,,,CORRECT,,CORRECT,40,18,0.1,2.3.1,0.17.2,0.46.1
8,QFT 4Q,4,FakeLagosV2,7,60,500,100,0.055,0.9952,PASS,,,CORRECT,,CORRECT,40,18,0.1,2.3.1,0.17.2,0.46.1
8,QFT 4Q,4,FakeLagosV2,7,61,500,100,0.072,0.9912,PASS,,,CORRECT,,CORRECT,37,18,0.0,2.3.1,0.17.2,0.46.1
8,QFT 4Q,4,FakeLagosV2,7,62,500,100,0.06,0.9926,PASS,,,CORRECT,,CORRECT,37,18,0.1,2.3.1,0.17.2,0.46.1
8,QFT 4Q,4,FakeLagosV2,7,63,500,100,0.066,0.9943,PASS,,,CORRECT,,CORRECT,37,18,0.1,2.3.1,0.17.2,0.46.1
8,QFT 4Q,4,FakeLagosV2,7,64,500,100,0.0775,0.9897,PASS,,,CORRECT,,CORRECT,40,18,0.1,2.3.1,0.17.2,0.46.1
8,QFT 4Q,4,FakeLagosV2,7,65,500,100,0.081,0.9919,PASS,,,CORRECT,,CORRECT,40,18,0.1,2.3.1,0.17.2,0.46.1
8,QFT 4Q,4,FakeLagosV2,7,66,500,100,0.07,0.9921,PASS,,,CORRECT,,CORRECT,40,18,0.1,2.3.1,0.17.2,0.46.1
8,QFT 4Q,4,FakeLagosV2,7,67,500,100,0.0745,0.992,PASS,,,CORRECT,,CORRECT,37,18,0.1,2.3.1,0.17.2,0.46.1
8,QFT 4Q,4,FakeLagosV2,7,68,500,100,0.063,0.9945,PASS,,,CORRECT,,CORRECT,36,18,0.1,2.3.1,0.17.2,0.46.1
8,QFT 4Q,4,FakeLagosV2,7,69,500,100,0.0765,0.9911,PASS,,,CORRECT,,CORRECT,42,18,0.1,2.3.1,0.17.2,0.46.1
8,QFT 4Q,4,FakeLagosV2,7,70,500,100,0.0755,0.9889,PASS,,,CORRECT,,CORRECT,37,18,0.1,2.3.1,0.17.2,0.46.1
8,QFT 4Q,4,FakeLagosV2,7,71,500,100,0.0645,0.9938,PASS,,,CORRECT,,CORRECT,42,18,0.1,2.3.1,0.17.2,0.46.1
8,QFT 4Q,4,FakeLagosV2,7,72,500,100,0.092,0.9867,PASS,,,CORRECT,,CORRECT,42,18,0.1,2.3.1,0.17.2,0.46.1
8,QFT 4Q,4,FakeLagosV2,7,73,500,100,0.0795,0.9895,PASS,,,CORRECT,,CORRECT,42,18,0.1,2.3.1,0.17.2,0.46.1
8,QFT 4Q,4,FakeLagosV2,7,74,500,100,0.057,0.9951,PASS,,,CORRECT,,CORRECT,36,18,0.1,2.3.1,0.17.2,0.46.1
8,QFT 4Q,4,FakeLagosV2,7,75,500,100,0.07,0.9932,PASS,,,CORRECT,,CORRECT,37,18,0.1,2.3.1,0.17.2,0.46.1
8,QFT 4Q,4,FakeLagosV2,7,76,500,100,0.0855,0.99,PASS,,,CORRECT,,CORRECT,36,18,0.1,2.3.1,0.17.2,0.46.1
8,QFT 4Q,4,FakeLagosV2,7,77,500,100,0.0685,0.992,PASS,,,CORRECT,,CORRECT,40,18,0.1,2.3.1,0.17.2,0.46.1
8,QFT 4Q,4,FakeLagosV2,7,78,500,100,0.0695,0.9921,PASS,,,CORRECT,,CORRECT,40,18,0.1,2.3.1,0.17.2,0.46.1
8,QFT 4Q,4,FakeLagosV2,7,79,500,100,0.066,0.9933,PASS,,,CORRECT,,CORRECT,37,18,0.1,2.3.1,0.17.2,0.46.1
8,QFT 4Q,4,FakeLagosV2,7,80,500,100,0.043,0.9965,PASS,,,CORRECT,,CORRECT,36,18,0.1,2.3.1,0.17.2,0.46.1
8,QFT 4Q,4,FakeLagosV2,7,81,500,100,0.078,0.9915,PASS,,,CORRECT,,CORRECT,37,18,0.1,2.3.1,0.17.2,0.46.1
8,QFT 4Q,4,FakeLagosV2,7,82,500,100,0.075,0.9916,PASS,,,CORRECT,,CORRECT,37,18,0.1,2.3.1,0.17.2,0.46.1
8,QFT 4Q,4,FakeLagosV2,7,83,500,100,0.0655,0.9944,PASS,,,CORRECT,,CORRECT,36,18,0.1,2.3.1,0.17.2,0.46.1
8,QFT 4Q,4,FakeLagosV2,7,84,500,100,0.0525,0.9953,PASS,,,CORRECT,,CORRECT,36,18,0.1,2.3.1,0.17.2,0.46.1
8,QFT 4Q,4,FakeLagosV2,7,85,500,100,0.062,0.9933,PASS,,,CORRECT,,CORRECT,42,18,0.1,2.3.1,0.17.2,0.46.1
8,QFT 4Q,4,FakeLagosV2,7,86,500,100,0.0625,0.9935,PASS,,,CORRECT,,CORRECT,37,18,0.1,2.3.1,0.17.2,0.46.1
8,QFT 4Q,4,FakeLagosV2,7,87,500,100,0.0725,0.9918,PASS,,,CORRECT,,CORRECT,42,18,0.1,2.3.1,0.17.2,0.46.1
8,QFT 4Q,4,FakeLagosV2,7,88,500,100,0.0595,0.9938,PASS,,,CORRECT,,CORRECT,36,18,0.1,2.3.1,0.17.2,0.46.1
8,QFT 4Q,4,FakeLagosV2,7,89,500,100,0.084,0.9908,PASS,,,CORRECT,,CORRECT,40,18,0.1,2.3.1,0.17.2,0.46.1
8,QFT 4Q,4,FakeLagosV2,7,90,500,100,0.068,0.9938,PASS,,,CORRECT,,CORRECT,40,18,0.0,2.3.1,0.17.2,0.46.1
8,QFT 4Q,4,FakeLagosV2,7,91,500,100,0.0875,0.987,PASS,,,CORRECT,,CORRECT,37,18,0.1,2.3.1,0.17.2,0.46.1
8,QFT 4Q,4,FakeLagosV2,7,92,500,100,0.0665,0.994,PASS,,,CORRECT,,CORRECT,40,18,0.0,2.3.1,0.17.2,0.46.1
8,QFT 4Q,4,FakeLagosV2,7,93,500,100,0.079,0.9906,PASS,,,CORRECT,,CORRECT,37,18,0.1,2.3.1,0.17.2,0.46.1
8,QFT 4Q,4,FakeLagosV2,7,94,500,100,0.084,0.9918,PASS,,,CORRECT,,CORRECT,36,18,0.1,2.3.1,0.17.2,0.46.1
8,QFT 4Q,4,FakeLagosV2,7,95,500,100,0.07,0.9933,PASS,,,CORRECT,,CORRECT,42,18,0.1,2.3.1,0.17.2,0.46.1
8,QFT 4Q,4,FakeLagosV2,7,96,500,100,0.0745,0.9919,PASS,,,CORRECT,,CORRECT,36,18,0.1,2.3.1,0.17.2,0.46.1
8,QFT 4Q,4,FakeLagosV2,7,97,500,100,0.0775,0.9907,PASS,,,CORRECT,,CORRECT,36,18,0.1,2.3.1,0.17.2,0.46.1
8,QFT 4Q,4,FakeLagosV2,7,98,500,100,0.0585,0.9954,PASS,,,CORRECT,,CORRECT,40,18,0.1,2.3.1,0.17.2,0.46.1
8,QFT 4Q,4,FakeLagosV2,7,99,500,100,0.07,0.9921,PASS,,,CORRECT,,CORRECT,36,18,0.1,2.3.1,0.17.2,0.46.1
8,QFT 4Q,4,FakeLagosV2,7,100,500,100,0.065,0.9938,PASS,,,CORRECT,,CORRECT,40,18,0.1,2.3.1,0.17.2,0.46.1
8,QFT 4Q,4,FakeLagosV2,7,101,500,100,0.0645,0.9926,PASS,,,CORRECT,,CORRECT,42,18,0.0,2.3.1,0.17.2,0.46.1
8,QFT 4Q,4,FakeLagosV2,7,102,500,100,0.0715,0.9929,PASS,,,CORRECT,,CORRECT,36,18,0.1,2.3.1,0.17.2,0.46.1
8,QFT 4Q,4,FakeLagosV2,7,103,500,100,0.077,0.99,PASS,,,CORRECT,,CORRECT,40,18,0.1,2.3.1,0.17.2,0.46.1
8,QFT 4Q,4,FakeLagosV2,7,104,500,100,0.088,0.9872,PASS,,,CORRECT,,CORRECT,40,18,0.1,2.3.1,0.17.2,0.46.1
8,QFT 4Q,4,FakeLagosV2,7,105,500,100,0.0805,0.9908,PASS,,,CORRECT,,CORRECT,37,18,0.1,2.3.1,0.17.2,0.46.1
8,QFT 4Q,4,FakeLagosV2,7,106,500,100,0.0885,0.9878,PASS,,,CORRECT,,CORRECT,36,18,0.1,2.3.1,0.17.2,0.46.1
8,QFT 4Q,4,FakeLagosV2,7,107,500,100,0.074,0.9909,PASS,,,CORRECT,,CORRECT,37,18,0.0,2.3.1,0.17.2,0.46.1
8,QFT 4Q,4,FakeLagosV2,7,108,500,100,0.0975,0.9856,PASS,,,CORRECT,,CORRECT,40,18,0.1,2.3.1,0.17.2,0.46.1
8,QFT 4Q,4,FakeLagosV2,7,109,500,100,0.0895,0.9891,PASS,,,CORRECT,,CORRECT,42,18,0.1,2.3.1,0.17.2,0.46.1
8,QFT 4Q,4,FakeLagosV2,7,110,500,100,0.034,0.9983,PASS,,,CORRECT,,CORRECT,42,18,0.1,2.3.1,0.17.2,0.46.1
8,QFT 4Q,4,FakeLagosV2,7,111,500,100,0.06,0.9951,PASS,,,CORRECT,,CORRECT,42,18,0.1,2.3.1,0.17.2,0.46.1
8,QFT 4Q,4,FakeLagosV2,7,112,500,100,0.0755,0.9907,PASS,,,CORRECT,,CORRECT,36,18,0.1,2.3.1,0.17.2,0.46.1
8,QFT 4Q,4,FakeLagosV2,7,113,500,100,0.058,0.9931,PASS,,,CORRECT,,CORRECT,42,18,0.0,2.3.1,0.17.2,0.46.1
8,QFT 4Q,4,FakeLagosV2,7,114,500,100,0.05,0.9953,PASS,,,CORRECT,,CORRECT,40,18,0.1,2.3.1,0.17.2,0.46.1
8,QFT 4Q,4,FakeLagosV2,7,115,500,100,0.0825,0.9881,PASS,,,CORRECT,,CORRECT,40,18,0.1,2.3.1,0.17.2,0.46.1
8,QFT 4Q,4,FakeLagosV2,7,116,500,100,0.0575,0.9942,PASS,,,CORRECT,,CORRECT,42,18,0.1,2.3.1,0.17.2,0.46.1
8,QFT 4Q,4,FakeLagosV2,7,117,500,100,0.07,0.9939,PASS,,,CORRECT,,CORRECT,42,18,0.1,2.3.1,0.17.2,0.46.1
8,QFT 4Q,4,FakeLagosV2,7,118,500,100,0.073,0.9907,PASS,,,CORRECT,,CORRECT,40,18,0.1,2.3.1,0.17.2,0.46.1
8,QFT 4Q,4,FakeLagosV2,7,119,500,100,0.0585,0.9954,PASS,,,CORRECT,,CORRECT,37,18,0.1,2.3.1,0.17.2,0.46.1
14,VQE BeH2 14Q,14,FakeLagosV2,7,20,4096,,,,SKIP,,,,,,,,0,2.3.1,0.17.2,0.46.1
14,VQE BeH2 14Q,14,FakeLagosV2,7,21,4096,,,,SKIP,,,,,,,,0,2.3.1,0.17.2,0.46.1
14,VQE BeH2 14Q,14,FakeLagosV2,7,22,4096,,,,SKIP,,,,,,,,0,2.3.1,0.17.2,0.46.1
14,VQE BeH2 14Q,14,FakeLagosV2,7,23,4096,,,,SKIP,,,,,,,,0,2.3.1,0.17.2,0.46.1
14,VQE BeH2 14Q,14,FakeLagosV2,7,24,4096,,,,SKIP,,,,,,,,0,2.3.1,0.17.2,0.46.1
14,VQE BeH2 14Q,14,FakeLagosV2,7,25,4096,,,,SKIP,,,,,,,,0,2.3.1,0.17.2,0.46.1
14,VQE BeH2 14Q,14,FakeLagosV2,7,26,4096,,,,SKIP,,,,,,,,0,2.3.1,0.17.2,0.46.1
14,VQE BeH2 14Q,14,FakeLagosV2,7,27,4096,,,,SKIP,,,,,,,,0,2.3.1,0.17.2,0.46.1
14,VQE BeH2 14Q,14,FakeLagosV2,7,28,4096,,,,SKIP,,,,,,,,0,2.3.1,0.17.2,0.46.1
14,VQE BeH2 14Q,14,FakeLagosV2,7,29,4096,,,,SKIP,,,,,,,,0,2.3.1,0.17.2,0.46.1
14,VQE BeH2 14Q,14,FakeLagosV2,7,30,4096,,,,SKIP,,,,,,,,0,2.3.1,0.17.2,0.46.1
14,VQE BeH2 14Q,14,FakeLagosV2,7,31,4096,,,,SKIP,,,,,,,,0,2.3.1,0.17.2,0.46.1
14,VQE BeH2 14Q,14,FakeLagosV2,7,32,4096,,,,SKIP,,,,,,,,0,2.3.1,0.17.2,0.46.1
14,VQE BeH2 14Q,14,FakeLagosV2,7,33,4096,,,,SKIP,,,,,,,,0,2.3.1,0.17.2,0.46.1
14,VQE BeH2 14Q,14,FakeLagosV2,7,34,4096,,,,SKIP,,,,,,,,0,2.3.1,0.17.2,0.46.1
14,VQE BeH2 14Q,14,FakeLagosV2,7,35,4096,,,,SKIP,,,,,,,,0,2.3.1,0.17.2,0.46.1
14,VQE BeH2 14Q,14,FakeLagosV2,7,36,4096,,,,SKIP,,,,,,,,0,2.3.1,0.17.2,0.46.1
14,VQE BeH2 14Q,14,FakeLagosV2,7,37,4096,,,,SKIP,,,,,,,,0,2.3.1,0.17.2,0.46.1
14,VQE BeH2 14Q,14,FakeLagosV2,7,38,4096,,,,SKIP,,,,,,,,0,2.3.1,0.17.2,0.46.1
14,VQE BeH2 14Q,14,FakeLagosV2,7,39,4096,,,,SKIP,,,,,,,,0,2.3.1,0.17.2,0.46.1
14,VQE BeH2 14Q,14,FakeLagosV2,7,40,4096,,,,SKIP,,,,,,,,0,2.3.1,0.17.2,0.46.1
14,VQE BeH2 14Q,14,FakeLagosV2,7,41,4096,,,,SKIP,,,,,,,,0,2.3.1,0.17.2,0.46.1
14,VQE BeH2 14Q,14,FakeLagosV2,7,42,4096,,,,SKIP,,,,,,,,0,2.3.1,0.17.2,0.46.1
14,VQE BeH2 14Q,14,FakeLagosV2,7,43,4096,,,,SKIP,,,,,,,,0,2.3.1,0.17.2,0.46.1
14,VQE BeH2 14Q,14,FakeLagosV2,7,44,4096,,,,SKIP,,,,,,,,0,2.3.1,0.17.2,0.46.1
14,VQE BeH2 14Q,14,FakeLagosV2,7,45,4096,,,,SKIP,,,,,,,,0,2.3.1,0.17.2,0.46.1
14,VQE BeH2 14Q,14,FakeLagosV2,7,46,4096,,,,SKIP,,,,,,,,0,2.3.1,0.17.2,0.46.1
14,VQE BeH2 14Q,14,FakeLagosV2,7,47,4096,,,,SKIP,,,,,,,,0,2.3.1,0.17.2,0.46.1
14,VQE BeH2 14Q,14,FakeLagosV2,7,48,4096,,,,SKIP,,,,,,,,0,2.3.1,0.17.2,0.46.1
14,VQE BeH2 14Q,14,FakeLagosV2,7,49,4096,,,,SKIP,,,,,,,,0,2.3.1,0.17.2,0.46.1
14,VQE BeH2 14Q,14,FakeLagosV2,7,50,4096,,,,SKIP,,,,,,,,0,2.3.1,0.17.2,0.46.1
14,VQE BeH2 14Q,14,FakeLagosV2,7,51,4096,,,,SKIP,,,,,,,,0,2.3.1,0.17.2,0.46.1
14,VQE BeH2 14Q,14,FakeLagosV2,7,52,4096,,,,SKIP,,,,,,,,0,2.3.1,0.17.2,0.46.1
14,VQE BeH2 14Q,14,FakeLagosV2,7,53,4096,,,,SKIP,,,,,,,,0,2.3.1,0.17.2,0.46.1
14,VQE BeH2 14Q,14,FakeLagosV2,7,54,4096,,,,SKIP,,,,,,,,0,2.3.1,0.17.2,0.46.1
14,VQE BeH2 14Q,14,FakeLagosV2,7,55,4096,,,,SKIP,,,,,,,,0,2.3.1,0.17.2,0.46.1
14,VQE BeH2 14Q,14,FakeLagosV2,7,56,4096,,,,SKIP,,,,,,,,0,2.3.1,0.17.2,0.46.1
14,VQE BeH2 14Q,14,FakeLagosV2,7,57,4096,,,,SKIP,,,,,,,,0,2.3.1,0.17.2,0.46.1
14,VQE BeH2 14Q,14,FakeLagosV2,7,58,4096,,,,SKIP,,,,,,,,0,2.3.1,0.17.2,0.46.1
14,VQE BeH2 14Q,14,FakeLagosV2,7,59,4096,,,,SKIP,,,,,,,,0,2.3.1,0.17.2,0.46.1
14,VQE BeH2 14Q,14,FakeLagosV2,7,60,4096,,,,SKIP,,,,,,,,0,2.3.1,0.17.2,0.46.1
14,VQE BeH2 14Q,14,FakeLagosV2,7,61,4096,,,,SKIP,,,,,,,,0,2.3.1,0.17.2,0.46.1
14,VQE BeH2 14Q,14,FakeLagosV2,7,62,4096,,,,SKIP,,,,,,,,0,2.3.1,0.17.2,0.46.1
14,VQE BeH2 14Q,14,FakeLagosV2,7,63,4096,,,,SKIP,,,,,,,,0,2.3.1,0.17.2,0.46.1
14,VQE BeH2 14Q,14,FakeLagosV2,7,64,4096,,,,SKIP,,,,,,,,0,2.3.1,0.17.2,0.46.1
14,VQE BeH2 14Q,14,FakeLagosV2,7,65,4096,,,,SKIP,,,,,,,,0,2.3.1,0.17.2,0.46.1
14,VQE BeH2 14Q,14,FakeLagosV2,7,66,4096,,,,SKIP,,,,,,,,0,2.3.1,0.17.2,0.46.1
14,VQE BeH2 14Q,14,FakeLagosV2,7,67,4096,,,,SKIP,,,,,,,,0,2.3.1,0.17.2,0.46.1
14,VQE BeH2 14Q,14,FakeLagosV2,7,68,4096,,,,SKIP,,,,,,,,0,2.3.1,0.17.2,0.46.1
14,VQE BeH2 14Q,14,FakeLagosV2,7,69,4096,,,,SKIP,,,,,,,,0,2.3.1,0.17.2,0.46.1
14,VQE BeH2 14Q,14,FakeLagosV2,7,70,4096,,,,SKIP,,,,,,,,0,2.3.1,0.17.2,0.46.1
14,VQE BeH2 14Q,14,FakeLagosV2,7,71,4096,,,,SKIP,,,,,,,,0,2.3.1,0.17.2,0.46.1
14,VQE BeH2 14Q,14,FakeLagosV2,7,72,4096,,,,SKIP,,,,,,,,0,2.3.1,0.17.2,0.46.1
14,VQE BeH2 14Q,14,FakeLagosV2,7,73,4096,,,,SKIP,,,,,,,,0,2.3.1,0.17.2,0.46.1
14,VQE BeH2 14Q,14,FakeLagosV2,7,74,4096,,,,SKIP,,,,,,,,0,2.3.1,0.17.2,0.46.1
14,VQE BeH2 14Q,14,FakeLagosV2,7,75,4096,,,,SKIP,,,,,,,,0,2.3.1,0.17.2,0.46.1
14,VQE BeH2 14Q,14,FakeLagosV2,7,76,4096,,,,SKIP,,,,,,,,0,2.3.1,0.17.2,0.46.1
14,VQE BeH2 14Q,14,FakeLagosV2,7,77,4096,,,,SKIP,,,,,,,,0,2.3.1,0.17.2,0.46.1
14,VQE BeH2 14Q,14,FakeLagosV2,7,78,4096,,,,SKIP,,,,,,,,0,2.3.1,0.17.2,0.46.1
14,VQE BeH2 14Q,14,FakeLagosV2,7,79,4096,,,,SKIP,,,,,,,,0,2.3.1,0.17.2,0.46.1
14,VQE BeH2 14Q,14,FakeLagosV2,7,80,4096,,,,SKIP,,,,,,,,0,2.3.1,0.17.2,0.46.1
14,VQE BeH2 14Q,14,FakeLagosV2,7,81,4096,,,,SKIP,,,,,,,,0,2.3.1,0.17.2,0.46.1
14,VQE BeH2 14Q,14,FakeLagosV2,7,82,4096,,,,SKIP,,,,,,,,0,2.3.1,0.17.2,0.46.1
14,VQE BeH2 14Q,14,FakeLagosV2,7,83,4096,,,,SKIP,,,,,,,,0,2.3.1,0.17.2,0.46.1
14,VQE BeH2 14Q,14,FakeLagosV2,7,84,4096,,,,SKIP,,,,,,,,0,2.3.1,0.17.2,0.46.1
14,VQE BeH2 14Q,14,FakeLagosV2,7,85,4096,,,,SKIP,,,,,,,,0,2.3.1,0.17.2,0.46.1
14,VQE BeH2 14Q,14,FakeLagosV2,7,86,4096,,,,SKIP,,,,,,,,0,2.3.1,0.17.2,0.46.1
14,VQE BeH2 14Q,14,FakeLagosV2,7,87,4096,,,,SKIP,,,,,,,,0,2.3.1,0.17.2,0.46.1
14,VQE BeH2 14Q,14,FakeLagosV2,7,88,4096,,,,SKIP,,,,,,,,0,2.3.1,0.17.2,0.46.1
14,VQE BeH2 14Q,14,FakeLagosV2,7,89,4096,,,,SKIP,,,,,,,,0,2.3.1,0.17.2,0.46.1
14,VQE BeH2 14Q,14,FakeLagosV2,7,90,4096,,,,SKIP,,,,,,,,0,2.3.1,0.17.2,0.46.1
14,VQE BeH2 14Q,14,FakeLagosV2,7,91,4096,,,,SKIP,,,,,,,,0,2.3.1,0.17.2,0.46.1
14,VQE BeH2 14Q,14,FakeLagosV2,7,92,4096,,,,SKIP,,,,,,,,0,2.3.1,0.17.2,0.46.1
14,VQE BeH2 14Q,14,FakeLagosV2,7,93,4096,,,,SKIP,,,,,,,,0,2.3.1,0.17.2,0.46.1
14,VQE BeH2 14Q,14,FakeLagosV2,7,94,4096,,,,SKIP,,,,,,,,0,2.3.1,0.17.2,0.46.1
14,VQE BeH2 14Q,14,FakeLagosV2,7,95,4096,,,,SKIP,,,,,,,,0,2.3.1,0.17.2,0.46.1
14,VQE BeH2 14Q,14,FakeLagosV2,7,96,4096,,,,SKIP,,,,,,,,0,2.3.1,0.17.2,0.46.1
14,VQE BeH2 14Q,14,FakeLagosV2,7,97,4096,,,,SKIP,,,,,,,,0,2.3.1,0.17.2,0.46.1
14,VQE BeH2 14Q,14,FakeLagosV2,7,98,4096,,,,SKIP,,,,,,,,0,2.3.1,0.17.2,0.46.1
14,VQE BeH2 14Q,14,FakeLagosV2,7,99,4096,,,,SKIP,,,,,,,,0,2.3.1,0.17.2,0.46.1
14,VQE BeH2 14Q,14,FakeLagosV2,7,100,4096,,,,SKIP,,,,,,,,0,2.3.1,0.17.2,0.46.1
14,VQE BeH2 14Q,14,FakeLagosV2,7,101,4096,,,,SKIP,,,,,,,,0,2.3.1,0.17.2,0.46.1
14,VQE BeH2 14Q,14,FakeLagosV2,7,102,4096,,,,SKIP,,,,,,,,0,2.3.1,0.17.2,0.46.1
14,VQE BeH2 14Q,14,FakeLagosV2,7,103,4096,,,,SKIP,,,,,,,,0,2.3.1,0.17.2,0.46.1
14,VQE BeH2 14Q,14,FakeLagosV2,7,104,4096,,,,SKIP,,,,,,,,0,2.3.1,0.17.2,0.46.1
14,VQE BeH2 14Q,14,FakeLagosV2,7,105,4096,,,,SKIP,,,,,,,,0,2.3.1,0.17.2,0.46.1
14,VQE BeH2 14Q,14,FakeLagosV2,7,106,4096,,,,SKIP,,,,,,,,0,2.3.1,0.17.2,0.46.1
14,VQE BeH2 14Q,14,FakeLagosV2,7,107,4096,,,,SKIP,,,,,,,,0,2.3.1,0.17.2,0.46.1
14,VQE BeH2 14Q,14,FakeLagosV2,7,108,4096,,,,SKIP,,,,,,,,0,2.3.1,0.17.2,0.46.1
14,VQE BeH2 14Q,14,FakeLagosV2,7,109,4096,,,,SKIP,,,,,,,,0,2.3.1,0.17.2,0.46.1
14,VQE BeH2 14Q,14,FakeLagosV2,7,110,4096,,,,SKIP,,,,,,,,0,2.3.1,0.17.2,0.46.1
14,VQE BeH2 14Q,14,FakeLagosV2,7,111,4096,,,,SKIP,,,,,,,,0,2.3.1,0.17.2,0.46.1
14,VQE BeH2 14Q,14,FakeLagosV2,7,112,4096,,,,SKIP,,,,,,,,0,2.3.1,0.17.2,0.46.1
14,VQE BeH2 14Q,14,FakeLagosV2,7,113,4096,,,,SKIP,,,,,,,,0,2.3.1,0.17.2,0.46.1
14,VQE BeH2 14Q,14,FakeLagosV2,7,114,4096,,,,SKIP,,,,,,,,0,2.3.1,0.17.2,0.46.1
14,VQE BeH2 14Q,14,FakeLagosV2,7,115,4096,,,,SKIP,,,,,,,,0,2.3.1,0.17.2,0.46.1
14,VQE BeH2 14Q,14,FakeLagosV2,7,116,4096,,,,SKIP,,,,,,,,0,2.3.1,0.17.2,0.46.1
14,VQE BeH2 14Q,14,FakeLagosV2,7,117,4096,,,,SKIP,,,,,,,,0,2.3.1,0.17.2,0.46.1
14,VQE BeH2 14Q,14,FakeLagosV2,7,118,4096,,,,SKIP,,,,,,,,0,2.3.1,0.17.2,0.46.1
14,VQE BeH2 14Q,14,FakeLagosV2,7,119,4096,,,,SKIP,,,,,,,,0,2.3.1,0.17.2,0.46.1
15,Shor N=15 5Q,5,FakeLagosV2,7,20,1000,100,0.503,0.4968,MARGINAL,,,CORRECT,,CORRECT,11,3,0.1,2.3.1,0.17.2,0.46.1
15,Shor N=15 5Q,5,FakeLagosV2,7,21,1000,100,0.455,0.5448,MARGINAL,,,CORRECT,,CORRECT,11,3,0.1,2.3.1,0.17.2,0.46.1
15,Shor N=15 5Q,5,FakeLagosV2,7,22,1000,100,0.488,0.5106,MARGINAL,,,CORRECT,,CORRECT,11,3,0.1,2.3.1,0.17.2,0.46.1
15,Shor N=15 5Q,5,FakeLagosV2,7,23,1000,100,0.497,0.5028,MARGINAL,,,CORRECT,,CORRECT,11,3,0.0,2.3.1,0.17.2,0.46.1
15,Shor N=15 5Q,5,FakeLagosV2,7,24,1000,100,0.501,0.4986,MARGINAL,,,CORRECT,,CORRECT,11,3,0.0,2.3.1,0.17.2,0.46.1
15,Shor N=15 5Q,5,FakeLagosV2,7,25,1000,100,0.485,0.5148,MARGINAL,,,CORRECT,,CORRECT,11,3,0.1,2.3.1,0.17.2,0.46.1
15,Shor N=15 5Q,5,FakeLagosV2,7,26,1000,100,0.491,0.5088,MARGINAL,,,CORRECT,,CORRECT,11,3,0.1,2.3.1,0.17.2,0.46.1
15,Shor N=15 5Q,5,FakeLagosV2,7,27,1000,100,0.485,0.5142,MARGINAL,,,CORRECT,,CORRECT,11,3,0.1,2.3.1,0.17.2,0.46.1
15,Shor N=15 5Q,5,FakeLagosV2,7,28,1000,100,0.497,0.5024,MARGINAL,,,CORRECT,,CORRECT,11,3,0.1,2.3.1,0.17.2,0.46.1
15,Shor N=15 5Q,5,FakeLagosV2,7,29,1000,100,0.506,0.4934,MARGINAL,,,CORRECT,,CORRECT,11,3,0.1,2.3.1,0.17.2,0.46.1
15,Shor N=15 5Q,5,FakeLagosV2,7,30,1000,100,0.488,0.5118,MARGINAL,,,CORRECT,,CORRECT,11,3,0.1,2.3.1,0.17.2,0.46.1
15,Shor N=15 5Q,5,FakeLagosV2,7,31,1000,100,0.489,0.5103,MARGINAL,,,CORRECT,,CORRECT,11,3,0.1,2.3.1,0.17.2,0.46.1
15,Shor N=15 5Q,5,FakeLagosV2,7,32,1000,100,0.481,0.5189,MARGINAL,,,CORRECT,,CORRECT,11,3,0.1,2.3.1,0.17.2,0.46.1
15,Shor N=15 5Q,5,FakeLagosV2,7,33,1000,100,0.472,0.5275,MARGINAL,,,CORRECT,,CORRECT,11,3,0.1,2.3.1,0.17.2,0.46.1
15,Shor N=15 5Q,5,FakeLagosV2,7,34,1000,100,0.501,0.4988,MARGINAL,,,CORRECT,,CORRECT,11,3,0.0,2.3.1,0.17.2,0.46.1
15,Shor N=15 5Q,5,FakeLagosV2,7,35,1000,100,0.489,0.5099,MARGINAL,,,CORRECT,,CORRECT,11,3,0.1,2.3.1,0.17.2,0.46.1
15,Shor N=15 5Q,5,FakeLagosV2,7,36,1000,100,0.481,0.5187,MARGINAL,,,CORRECT,,CORRECT,11,3,0.1,2.3.1,0.17.2,0.46.1
15,Shor N=15 5Q,5,FakeLagosV2,7,37,1000,100,0.473,0.5267,MARGINAL,,,CORRECT,,CORRECT,11,3,0.1,2.3.1,0.17.2,0.46.1
15,Shor N=15 5Q,5,FakeLagosV2,7,38,1000,100,0.48,0.5199,MARGINAL,,,CORRECT,,CORRECT,11,3,0.1,2.3.1,0.17.2,0.46.1
15,Shor N=15 5Q,5,FakeLagosV2,7,39,1000,100,0.489,0.5103,MARGINAL,,,CORRECT,,CORRECT,11,3,0.1,2.3.1,0.17.2,0.46.1
15,Shor N=15 5Q,5,FakeLagosV2,7,40,1000,100,0.466,0.5326,MARGINAL,,,CORRECT,,CORRECT,11,3,0.0,2.3.1,0.17.2,0.46.1
15,Shor N=15 5Q,5,FakeLagosV2,7,41,1000,100,0.512,0.4872,MARGINAL,,,CORRECT,,CORRECT,11,3,0.1,2.3.1,0.17.2,0.46.1
15,Shor N=15 5Q,5,FakeLagosV2,7,42,1000,100,0.504,0.495,MARGINAL,,,CORRECT,,CORRECT,11,3,0.0,2.3.1,0.17.2,0.46.1
15,Shor N=15 5Q,5,FakeLagosV2,7,43,1000,100,0.479,0.5209,MARGINAL,,,CORRECT,,CORRECT,11,3,0.1,2.3.1,0.17.2,0.46.1
15,Shor N=15 5Q,5,FakeLagosV2,7,44,1000,100,0.484,0.5156,MARGINAL,,,CORRECT,,CORRECT,11,3,0.0,2.3.1,0.17.2,0.46.1
15,Shor N=15 5Q,5,FakeLagosV2,7,45,1000,100,0.484,0.5158,MARGINAL,,,CORRECT,,CORRECT,11,3,0.1,2.3.1,0.17.2,0.46.1
15,Shor N=15 5Q,5,FakeLagosV2,7,46,1000,100,0.502,0.4975,MARGINAL,,,CORRECT,,CORRECT,11,3,0.0,2.3.1,0.17.2,0.46.1
15,Shor N=15 5Q,5,FakeLagosV2,7,47,1000,100,0.493,0.5058,MARGINAL,,,CORRECT,,CORRECT,11,3,0.1,2.3.1,0.17.2,0.46.1
15,Shor N=15 5Q,5,FakeLagosV2,7,48,1000,100,0.442,0.5562,MARGINAL,,,CORRECT,,CORRECT,11,3,0.1,2.3.1,0.17.2,0.46.1
15,Shor N=15 5Q,5,FakeLagosV2,7,49,1000,100,0.451,0.5489,MARGINAL,,,CORRECT,,CORRECT,11,3,0.1,2.3.1,0.17.2,0.46.1
15,Shor N=15 5Q,5,FakeLagosV2,7,50,1000,100,0.466,0.5334,MARGINAL,,,CORRECT,,CORRECT,11,3,0.1,2.3.1,0.17.2,0.46.1
15,Shor N=15 5Q,5,FakeLagosV2,7,51,1000,100,0.484,0.5157,MARGINAL,,,CORRECT,,CORRECT,11,3,0.1,2.3.1,0.17.2,0.46.1
15,Shor N=15 5Q,5,FakeLagosV2,7,52,1000,100,0.505,0.4944,MARGINAL,,,CORRECT,,CORRECT,11,3,0.1,2.3.1,0.17.2,0.46.1
15,Shor N=15 5Q,5,FakeLagosV2,7,53,1000,100,0.515,0.4847,MARGINAL,,,CORRECT,,CORRECT,11,3,0.1,2.3.1,0.17.2,0.46.1
15,Shor N=15 5Q,5,FakeLagosV2,7,54,1000,100,0.5,0.4999,MARGINAL,,,CORRECT,,CORRECT,11,3,0.1,2.3.1,0.17.2,0.46.1
15,Shor N=15 5Q,5,FakeLagosV2,7,55,1000,100,0.494,0.5052,MARGINAL,,,CORRECT,,CORRECT,11,3,0.1,2.3.1,0.17.2,0.46.1
15,Shor N=15 5Q,5,FakeLagosV2,7,56,1000,100,0.469,0.5306,MARGINAL,,,CORRECT,,CORRECT,11,3,0.0,2.3.1,0.17.2,0.46.1
15,Shor N=15 5Q,5,FakeLagosV2,7,57,1000,100,0.507,0.4918,MARGINAL,,,CORRECT,,CORRECT,11,3,0.1,2.3.1,0.17.2,0.46.1
15,Shor N=15 5Q,5,FakeLagosV2,7,58,1000,100,0.516,0.4839,MARGINAL,,,CORRECT,,CORRECT,11,3,0.1,2.3.1,0.17.2,0.46.1
15,Shor N=15 5Q,5,FakeLagosV2,7,59,1000,100,0.468,0.5307,MARGINAL,,,CORRECT,,CORRECT,11,3,0.1,2.3.1,0.17.2,0.46.1
15,Shor N=15 5Q,5,FakeLagosV2,7,60,1000,100,0.465,0.5347,MARGINAL,,,CORRECT,,CORRECT,11,3,0.1,2.3.1,0.17.2,0.46.1
15,Shor N=15 5Q,5,FakeLagosV2,7,61,1000,100,0.491,0.5086,MARGINAL,,,CORRECT,,CORRECT,11,3,0.1,2.3.1,0.17.2,0.46.1
15,Shor N=15 5Q,5,FakeLagosV2,7,62,1000,100,0.493,0.5069,MARGINAL,,,CORRECT,,CORRECT,11,3,0.1,2.3.1,0.17.2,0.46.1
15,Shor N=15 5Q,5,FakeLagosV2,7,63,1000,100,0.463,0.5366,MARGINAL,,,CORRECT,,CORRECT,11,3,0.1,2.3.1,0.17.2,0.46.1
15,Shor N=15 5Q,5,FakeLagosV2,7,64,1000,100,0.477,0.523,MARGINAL,,,CORRECT,,CORRECT,11,3,0.0,2.3.1,0.17.2,0.46.1
15,Shor N=15 5Q,5,FakeLagosV2,7,65,1000,100,0.494,0.5048,MARGINAL,,,CORRECT,,CORRECT,11,3,0.0,2.3.1,0.17.2,0.46.1
15,Shor N=15 5Q,5,FakeLagosV2,7,66,1000,100,0.472,0.5271,MARGINAL,,,CORRECT,,CORRECT,11,3,0.1,2.3.1,0.17.2,0.46.1
15,Shor N=15 5Q,5,FakeLagosV2,7,67,1000,100,0.507,0.4929,MARGINAL,,,CORRECT,,CORRECT,11,3,0.1,2.3.1,0.17.2,0.46.1
15,Shor N=15 5Q,5,FakeLagosV2,7,68,1000,100,0.494,0.5056,MARGINAL,,,CORRECT,,CORRECT,11,3,0.1,2.3.1,0.17.2,0.46.1
15,Shor N=15 5Q,5,FakeLagosV2,7,69,1000,100,0.481,0.5182,MARGINAL,,,CORRECT,,CORRECT,11,3,0.1,2.3.1,0.17.2,0.46.1
15,Shor N=15 5Q,5,FakeLagosV2,7,70,1000,100,0.473,0.5269,MARGINAL,,,CORRECT,,CORRECT,11,3,0.1,2.3.1,0.17.2,0.46.1
15,Shor N=15 5Q,5,FakeLagosV2,7,71,1000,100,0.494,0.5046,MARGINAL,,,CORRECT,,CORRECT,11,3,0.1,2.3.1,0.17.2,0.46.1
15,Shor N=15 5Q,5,FakeLagosV2,7,72,1000,100,0.479,0.5193,MARGINAL,,,CORRECT,,CORRECT,11,3,0.0,2.3.1,0.17.2,0.46.1
15,Shor N=15 5Q,5,FakeLagosV2,7,73,1000,100,0.51,0.4896,MARGINAL,,,CORRECT,,CORRECT,11,3,0.1,2.3.1,0.17.2,0.46.1
15,Shor N=15 5Q,5,FakeLagosV2,7,74,1000,100,0.467,0.5325,MARGINAL,,,CORRECT,,CORRECT,11,3,0.1,2.3.1,0.17.2,0.46.1
15,Shor N=15 5Q,5,FakeLagosV2,7,75,1000,100,0.457,0.5422,MARGINAL,,,CORRECT,,CORRECT,11,3,0.1,2.3.1,0.17.2,0.46.1
15,Shor N=15 5Q,5,FakeLagosV2,7,76,1000,100,0.541,0.4589,MARGINAL,,,CORRECT,,CORRECT,11,3,0.0,2.3.1,0.17.2,0.46.1
15,Shor N=15 5Q,5,FakeLagosV2,7,77,1000,100,0.474,0.5257,MARGINAL,,,CORRECT,,CORRECT,11,3,0.1,2.3.1,0.17.2,0.46.1
15,Shor N=15 5Q,5,FakeLagosV2,7,78,1000,100,0.486,0.5133,MARGINAL,,,CORRECT,,CORRECT,11,3,0.1,2.3.1,0.17.2,0.46.1
15,Shor N=15 5Q,5,FakeLagosV2,7,79,1000,100,0.497,0.5021,MARGINAL,,,CORRECT,,CORRECT,11,3,0.1,2.3.1,0.17.2,0.46.1
15,Shor N=15 5Q,5,FakeLagosV2,7,80,1000,100,0.49,0.5097,MARGINAL,,,CORRECT,,CORRECT,11,3,0.0,2.3.1,0.17.2,0.46.1
15,Shor N=15 5Q,5,FakeLagosV2,7,81,1000,100,0.464,0.5352,MARGINAL,,,CORRECT,,CORRECT,11,3,0.1,2.3.1,0.17.2,0.46.1
15,Shor N=15 5Q,5,FakeLagosV2,7,82,1000,100,0.498,0.5015,MARGINAL,,,CORRECT,,CORRECT,11,3,0.0,2.3.1,0.17.2,0.46.1
15,Shor N=15 5Q,5,FakeLagosV2,7,83,1000,100,0.466,0.5336,MARGINAL,,,CORRECT,,CORRECT,11,3,0.0,2.3.1,0.17.2,0.46.1
15,Shor N=15 5Q,5,FakeLagosV2,7,84,1000,100,0.497,0.5009,MARGINAL,,,CORRECT,,CORRECT,11,3,0.1,2.3.1,0.17.2,0.46.1
15,Shor N=15 5Q,5,FakeLagosV2,7,85,1000,100,0.459,0.5406,MARGINAL,,,CORRECT,,CORRECT,11,3,0.0,2.3.1,0.17.2,0.46.1
15,Shor N=15 5Q,5,FakeLagosV2,7,86,1000,100,0.492,0.5063,MARGINAL,,,CORRECT,,CORRECT,11,3,0.1,2.3.1,0.17.2,0.46.1
15,Shor N=15 5Q,5,FakeLagosV2,7,87,1000,100,0.502,0.4975,MARGINAL,,,CORRECT,,CORRECT,11,3,0.0,2.3.1,0.17.2,0.46.1
15,Shor N=15 5Q,5,FakeLagosV2,7,88,1000,100,0.47,0.53,MARGINAL,,,CORRECT,,CORRECT,11,3,0.1,2.3.1,0.17.2,0.46.1
15,Shor N=15 5Q,5,FakeLagosV2,7,89,1000,100,0.466,0.5338,MARGINAL,,,CORRECT,,CORRECT,11,3,0.1,2.3.1,0.17.2,0.46.1
15,Shor N=15 5Q,5,FakeLagosV2,7,90,1000,100,0.474,0.5241,MARGINAL,,,CORRECT,,CORRECT,11,3,0.1,2.3.1,0.17.2,0.46.1
15,Shor N=15 5Q,5,FakeLagosV2,7,91,1000,100,0.504,0.4956,MARGINAL,,,CORRECT,,CORRECT,11,3,0.1,2.3.1,0.17.2,0.46.1
15,Shor N=15 5Q,5,FakeLagosV2,7,92,1000,100,0.507,0.4922,MARGINAL,,,CORRECT,,CORRECT,11,3,0.0,2.3.1,0.17.2,0.46.1
15,Shor N=15 5Q,5,FakeLagosV2,7,93,1000,100,0.485,0.5139,MARGINAL,,,CORRECT,,CORRECT,11,3,0.0,2.3.1,0.17.2,0.46.1
15,Shor N=15 5Q,5,FakeLagosV2,7,94,1000,100,0.468,0.5315,MARGINAL,,,CORRECT,,CORRECT,11,3,0.1,2.3.1,0.17.2,0.46.1
15,Shor N=15 5Q,5,FakeLagosV2,7,95,1000,100,0.476,0.5237,MARGINAL,,,CORRECT,,CORRECT,11,3,0.1,2.3.1,0.17.2,0.46.1
15,Shor N=15 5Q,5,FakeLagosV2,7,96,1000,100,0.483,0.5166,MARGINAL,,,CORRECT,,CORRECT,11,3,0.0,2.3.1,0.17.2,0.46.1
15,Shor N=15 5Q,5,FakeLagosV2,7,97,1000,100,0.474,0.5252,MARGINAL,,,CORRECT,,CORRECT,11,3,0.1,2.3.1,0.17.2,0.46.1
15,Shor N=15 5Q,5,FakeLagosV2,7,98,1000,100,0.474,0.5259,MARGINAL,,,CORRECT,,CORRECT,11,3,0.1,2.3.1,0.17.2,0.46.1
15,Shor N=15 5Q,5,FakeLagosV2,7,99,1000,100,0.492,0.5068,MARGINAL,,,CORRECT,,CORRECT,11,3,0.1,2.3.1,0.17.2,0.46.1
15,Shor N=15 5Q,5,FakeLagosV2,7,100,1000,100,0.485,0.5147,MARGINAL,,,CORRECT,,CORRECT,11,3,0.1,2.3.1,0.17.2,0.46.1
15,Shor N=15 5Q,5,FakeLagosV2,7,101,1000,100,0.511,0.4877,MARGINAL,,,CORRECT,,CORRECT,11,3,0.1,2.3.1,0.17.2,0.46.1
15,Shor N=15 5Q,5,FakeLagosV2,7,102,1000,100,0.482,0.5178,MARGINAL,,,CORRECT,,CORRECT,11,3,0.1,2.3.1,0.17.2,0.46.1
15,Shor N=15 5Q,5,FakeLagosV2,7,103,1000,100,0.473,0.5262,MARGINAL,,,CORRECT,,CORRECT,11,3,0.1,2.3.1,0.17.2,0.46.1
15,Shor N=15 5Q,5,FakeLagosV2,7,104,1000,100,0.501,0.498,MARGINAL,,,CORRECT,,CORRECT,11,3,0.1,2.3.1,0.17.2,0.46.1
15,Shor N=15 5Q,5,FakeLagosV2,7,105,1000,100,0.493,0.505,MARGINAL,,,CORRECT,,CORRECT,11,3,0.1,2.3.1,0.17.2,0.46.1
15,Shor N=15 5Q,5,FakeLagosV2,7,106,1000,100,0.486,0.5129,MARGINAL,,,CORRECT,,CORRECT,11,3,0.0,2.3.1,0.17.2,0.46.1
15,Shor N=15 5Q,5,FakeLagosV2,7,107,1000,100,0.481,0.5165,MARGINAL,,,CORRECT,,CORRECT,11,3,0.1,2.3.1,0.17.2,0.46.1
15,Shor N=15 5Q,5,FakeLagosV2,7,108,1000,100,0.501,0.4985,MARGINAL,,,CORRECT,,CORRECT,11,3,0.0,2.3.1,0.17.2,0.46.1
15,Shor N=15 5Q,5,FakeLagosV2,7,109,1000,100,0.502,0.4968,MARGINAL,,,CORRECT,,CORRECT,11,3,0.0,2.3.1,0.17.2,0.46.1
15,Shor N=15 5Q,5,FakeLagosV2,7,110,1000,100,0.482,0.5177,MARGINAL,,,CORRECT,,CORRECT,11,3,0.1,2.3.1,0.17.2,0.46.1
15,Shor N=15 5Q,5,FakeLagosV2,7,111,1000,100,0.473,0.5254,MARGINAL,,,CORRECT,,CORRECT,11,3,0.1,2.3.1,0.17.2,0.46.1
15,Shor N=15 5Q,5,FakeLagosV2,7,112,1000,100,0.467,0.532,MARGINAL,,,CORRECT,,CORRECT,11,3,0.0,2.3.1,0.17.2,0.46.1
15,Shor N=15 5Q,5,FakeLagosV2,7,113,1000,100,0.451,0.5479,MARGINAL,,,CORRECT,,CORRECT,11,3,0.0,2.3.1,0.17.2,0.46.1
15,Shor N=15 5Q,5,FakeLagosV2,7,114,1000,100,0.51,0.4883,MARGINAL,,,CORRECT,,CORRECT,11,3,0.1,2.3.1,0.17.2,0.46.1
15,Shor N=15 5Q,5,FakeLagosV2,7,115,1000,100,0.498,0.5006,MARGINAL,,,CORRECT,,CORRECT,11,3,0.1,2.3.1,0.17.2,0.46.1
15,Shor N=15 5Q,5,FakeLagosV2,7,116,1000,100,0.493,0.5068,MARGINAL,,,CORRECT,,CORRECT,11,3,0.1,2.3.1,0.17.2,0.46.1
15,Shor N=15 5Q,5,FakeLagosV2,7,117,1000,100,0.471,0.5284,MARGINAL,,,CORRECT,,CORRECT,11,3,0.1,2.3.1,0.17.2,0.46.1
15,Shor N=15 5Q,5,FakeLagosV2,7,118,1000,100,0.505,0.4949,MARGINAL,,,CORRECT,,CORRECT,11,3,0.1,2.3.1,0.17.2,0.46.1
15,Shor N=15 5Q,5,FakeLagosV2,7,119,1000,100,0.49,0.5096,MARGINAL,,,CORRECT,,CORRECT,11,3,0.1,2.3.1,0.17.2,0.46.1
16,QAOA 2Q p=1,2,FakeLagosV2,7,20,1000,100,0.014,0.9997,PASS,,,CORRECT,,CORRECT,8,3,0.1,2.3.1,0.17.2,0.46.1
16,QAOA 2Q p=1,2,FakeLagosV2,7,21,1000,100,0.029,0.9988,PASS,,,CORRECT,,CORRECT,8,3,0.1,2.3.1,0.17.2,0.46.1
16,QAOA 2Q p=1,2,FakeLagosV2,7,22,1000,100,0.024,0.9991,PASS,,,CORRECT,,CORRECT,8,3,0.1,2.3.1,0.17.2,0.46.1
16,QAOA 2Q p=1,2,FakeLagosV2,7,23,1000,100,0.029,0.999,PASS,,,CORRECT,,CORRECT,8,3,0.1,2.3.1,0.17.2,0.46.1
16,QAOA 2Q p=1,2,FakeLagosV2,7,24,1000,100,0.015,0.9997,PASS,,,CORRECT,,CORRECT,8,3,0.1,2.3.1,0.17.2,0.46.1
16,QAOA 2Q p=1,2,FakeLagosV2,7,25,1000,100,0.013,0.9998,PASS,,,CORRECT,,CORRECT,8,3,0.1,2.3.1,0.17.2,0.46.1
16,QAOA 2Q p=1,2,FakeLagosV2,7,26,1000,100,0.02,0.9995,PASS,,,CORRECT,,CORRECT,8,3,0.1,2.3.1,0.17.2,0.46.1
16,QAOA 2Q p=1,2,FakeLagosV2,7,27,1000,100,0.014,0.9997,PASS,,,CORRECT,,CORRECT,8,3,0.1,2.3.1,0.17.2,0.46.1
16,QAOA 2Q p=1,2,FakeLagosV2,7,28,1000,100,0.022,0.9992,PASS,,,CORRECT,,CORRECT,8,3,0.1,2.3.1,0.17.2,0.46.1
16,QAOA 2Q p=1,2,FakeLagosV2,7,29,1000,100,0.012,0.9998,PASS,,,CORRECT,,CORRECT,8,3,0.1,2.3.1,0.17.2,0.46.1
16,QAOA 2Q p=1,2,FakeLagosV2,7,30,1000,100,0.015,0.9997,PASS,,,CORRECT,,CORRECT,8,3,0.0,2.3.1,0.17.2,0.46.1
16,QAOA 2Q p=1,2,FakeLagosV2,7,31,1000,100,0.016,0.9996,PASS,,,CORRECT,,CORRECT,8,3,0.1,2.3.1,0.17.2,0.46.1
16,QAOA 2Q p=1,2,FakeLagosV2,7,32,1000,100,0.025,0.9993,PASS,,,CORRECT,,CORRECT,8,3,0.0,2.3.1,0.17.2,0.46.1
16,QAOA 2Q p=1,2,FakeLagosV2,7,33,1000,100,0.022,0.9994,PASS,,,CORRECT,,CORRECT,8,3,0.1,2.3.1,0.17.2,0.46.1
16,QAOA 2Q p=1,2,FakeLagosV2,7,34,1000,100,0.017,0.9996,PASS,,,CORRECT,,CORRECT,8,3,0.1,2.3.1,0.17.2,0.46.1
16,QAOA 2Q p=1,2,FakeLagosV2,7,35,1000,100,0.022,0.9993,PASS,,,CORRECT,,CORRECT,8,3,0.1,2.3.1,0.17.2,0.46.1
16,QAOA 2Q p=1,2,FakeLagosV2,7,36,1000,100,0.025,0.9991,PASS,,,CORRECT,,CORRECT,8,3,0.1,2.3.1,0.17.2,0.46.1
16,QAOA 2Q p=1,2,FakeLagosV2,7,37,1000,100,0.021,0.9995,PASS,,,CORRECT,,CORRECT,8,3,0.1,2.3.1,0.17.2,0.46.1
16,QAOA 2Q p=1,2,FakeLagosV2,7,38,1000,100,0.017,0.9996,PASS,,,CORRECT,,CORRECT,8,3,0.1,2.3.1,0.17.2,0.46.1
16,QAOA 2Q p=1,2,FakeLagosV2,7,39,1000,100,0.03,0.9988,PASS,,,CORRECT,,CORRECT,8,3,0.1,2.3.1,0.17.2,0.46.1
16,QAOA 2Q p=1,2,FakeLagosV2,7,40,1000,100,0.027,0.999,PASS,,,CORRECT,,CORRECT,8,3,0.1,2.3.1,0.17.2,0.46.1
16,QAOA 2Q p=1,2,FakeLagosV2,7,41,1000,100,0.037,0.9982,PASS,,,CORRECT,,CORRECT,8,3,0.1,2.3.1,0.17.2,0.46.1
16,QAOA 2Q p=1,2,FakeLagosV2,7,42,1000,100,0.016,0.9996,PASS,,,CORRECT,,CORRECT,8,3,0.1,2.3.1,0.17.2,0.46.1
16,QAOA 2Q p=1,2,FakeLagosV2,7,43,1000,100,0.019,0.9994,PASS,,,CORRECT,,CORRECT,8,3,0.0,2.3.1,0.17.2,0.46.1
16,QAOA 2Q p=1,2,FakeLagosV2,7,44,1000,100,0.02,0.9996,PASS,,,CORRECT,,CORRECT,8,3,0.1,2.3.1,0.17.2,0.46.1
16,QAOA 2Q p=1,2,FakeLagosV2,7,45,1000,100,0.008,0.9999,PASS,,,CORRECT,,CORRECT,8,3,0.1,2.3.1,0.17.2,0.46.1
16,QAOA 2Q p=1,2,FakeLagosV2,7,46,1000,100,0.017,0.9997,PASS,,,CORRECT,,CORRECT,8,3,0.1,2.3.1,0.17.2,0.46.1
16,QAOA 2Q p=1,2,FakeLagosV2,7,47,1000,100,0.021,0.9993,PASS,,,CORRECT,,CORRECT,8,3,0.1,2.3.1,0.17.2,0.46.1
16,QAOA 2Q p=1,2,FakeLagosV2,7,48,1000,100,0.029,0.9988,PASS,,,CORRECT,,CORRECT,8,3,0.0,2.3.1,0.17.2,0.46.1
16,QAOA 2Q p=1,2,FakeLagosV2,7,49,1000,100,0.032,0.9989,PASS,,,CORRECT,,CORRECT,8,3,0.0,2.3.1,0.17.2,0.46.1
16,QAOA 2Q p=1,2,FakeLagosV2,7,50,1000,100,0.024,0.9994,PASS,,,CORRECT,,CORRECT,8,3,0.1,2.3.1,0.17.2,0.46.1
16,QAOA 2Q p=1,2,FakeLagosV2,7,51,1000,100,0.028,0.9989,PASS,,,CORRECT,,CORRECT,8,3,0.1,2.3.1,0.17.2,0.46.1
16,QAOA 2Q p=1,2,FakeLagosV2,7,52,1000,100,0.024,0.9994,PASS,,,CORRECT,,CORRECT,8,3,0.0,2.3.1,0.17.2,0.46.1
16,QAOA 2Q p=1,2,FakeLagosV2,7,53,1000,100,0.016,0.9996,PASS,,,CORRECT,,CORRECT,8,3,0.1,2.3.1,0.17.2,0.46.1
16,QAOA 2Q p=1,2,FakeLagosV2,7,54,1000,100,0.016,0.9995,PASS,,,CORRECT,,CORRECT,8,3,0.1,2.3.1,0.17.2,0.46.1
16,QAOA 2Q p=1,2,FakeLagosV2,7,55,1000,100,0.028,0.9991,PASS,,,CORRECT,,CORRECT,8,3,0.0,2.3.1,0.17.2,0.46.1
16,QAOA 2Q p=1,2,FakeLagosV2,7,56,1000,100,0.029,0.999,PASS,,,CORRECT,,CORRECT,8,3,0.1,2.3.1,0.17.2,0.46.1
16,QAOA 2Q p=1,2,FakeLagosV2,7,57,1000,100,0.016,0.9996,PASS,,,CORRECT,,CORRECT,8,3,0.1,2.3.1,0.17.2,0.46.1
16,QAOA 2Q p=1,2,FakeLagosV2,7,58,1000,100,0.03,0.9988,PASS,,,CORRECT,,CORRECT,8,3,0.1,2.3.1,0.17.2,0.46.1
16,QAOA 2Q p=1,2,FakeLagosV2,7,59,1000,100,0.031,0.9988,PASS,,,CORRECT,,CORRECT,8,3,0.1,2.3.1,0.17.2,0.46.1
16,QAOA 2Q p=1,2,FakeLagosV2,7,60,1000,100,0.032,0.9989,PASS,,,CORRECT,,CORRECT,8,3,0.1,2.3.1,0.17.2,0.46.1
16,QAOA 2Q p=1,2,FakeLagosV2,7,61,1000,100,0.016,0.9996,PASS,,,CORRECT,,CORRECT,8,3,0.1,2.3.1,0.17.2,0.46.1
16,QAOA 2Q p=1,2,FakeLagosV2,7,62,1000,100,0.038,0.9981,PASS,,,CORRECT,,CORRECT,8,3,0.1,2.3.1,0.17.2,0.46.1
16,QAOA 2Q p=1,2,FakeLagosV2,7,63,1000,100,0.017,0.9996,PASS,,,CORRECT,,CORRECT,8,3,0.1,2.3.1,0.17.2,0.46.1
16,QAOA 2Q p=1,2,FakeLagosV2,7,64,1000,100,0.026,0.9991,PASS,,,CORRECT,,CORRECT,8,3,0.0,2.3.1,0.17.2,0.46.1
16,QAOA 2Q p=1,2,FakeLagosV2,7,65,1000,100,0.009,0.9999,PASS,,,CORRECT,,CORRECT,8,3,0.1,2.3.1,0.17.2,0.46.1
16,QAOA 2Q p=1,2,FakeLagosV2,7,66,1000,100,0.009,0.9999,PASS,,,CORRECT,,CORRECT,8,3,0.1,2.3.1,0.17.2,0.46.1
16,QAOA 2Q p=1,2,FakeLagosV2,7,67,1000,100,0.007,0.9999,PASS,,,CORRECT,,CORRECT,8,3,0.1,2.3.1,0.17.2,0.46.1
16,QAOA 2Q p=1,2,FakeLagosV2,7,68,1000,100,0.012,0.9998,PASS,,,CORRECT,,CORRECT,8,3,0.1,2.3.1,0.17.2,0.46.1
16,QAOA 2Q p=1,2,FakeLagosV2,7,69,1000,100,0.018,0.9996,PASS,,,CORRECT,,CORRECT,8,3,0.1,2.3.1,0.17.2,0.46.1
16,QAOA 2Q p=1,2,FakeLagosV2,7,70,1000,100,0.025,0.9991,PASS,,,CORRECT,,CORRECT,8,3,0.1,2.3.1,0.17.2,0.46.1
16,QAOA 2Q p=1,2,FakeLagosV2,7,71,1000,100,0.026,0.9991,PASS,,,CORRECT,,CORRECT,8,3,0.1,2.3.1,0.17.2,0.46.1
16,QAOA 2Q p=1,2,FakeLagosV2,7,72,1000,100,0.03,0.9985,PASS,,,CORRECT,,CORRECT,8,3,0.1,2.3.1,0.17.2,0.46.1
16,QAOA 2Q p=1,2,FakeLagosV2,7,73,1000,100,0.019,0.9995,PASS,,,CORRECT,,CORRECT,8,3,0.1,2.3.1,0.17.2,0.46.1
16,QAOA 2Q p=1,2,FakeLagosV2,7,74,1000,100,0.032,0.9985,PASS,,,CORRECT,,CORRECT,8,3,0.1,2.3.1,0.17.2,0.46.1
16,QAOA 2Q p=1,2,FakeLagosV2,7,75,1000,100,0.024,0.9992,PASS,,,CORRECT,,CORRECT,8,3,0.1,2.3.1,0.17.2,0.46.1
16,QAOA 2Q p=1,2,FakeLagosV2,7,76,1000,100,0.011,0.9999,PASS,,,CORRECT,,CORRECT,8,3,0.0,2.3.1,0.17.2,0.46.1
16,QAOA 2Q p=1,2,FakeLagosV2,7,77,1000,100,0.02,0.9994,PASS,,,CORRECT,,CORRECT,8,3,0.1,2.3.1,0.17.2,0.46.1
16,QAOA 2Q p=1,2,FakeLagosV2,7,78,1000,100,0.028,0.9988,PASS,,,CORRECT,,CORRECT,8,3,0.1,2.3.1,0.17.2,0.46.1
16,QAOA 2Q p=1,2,FakeLagosV2,7,79,1000,100,0.027,0.9992,PASS,,,CORRECT,,CORRECT,8,3,0.0,2.3.1,0.17.2,0.46.1
16,QAOA 2Q p=1,2,FakeLagosV2,7,80,1000,100,0.021,0.9995,PASS,,,CORRECT,,CORRECT,8,3,0.1,2.3.1,0.17.2,0.46.1
16,QAOA 2Q p=1,2,FakeLagosV2,7,81,1000,100,0.036,0.9983,PASS,,,CORRECT,,CORRECT,8,3,0.1,2.3.1,0.17.2,0.46.1
16,QAOA 2Q p=1,2,FakeLagosV2,7,82,1000,100,0.043,0.9977,PASS,,,CORRECT,,CORRECT,8,3,0.1,2.3.1,0.17.2,0.46.1
16,QAOA 2Q p=1,2,FakeLagosV2,7,83,1000,100,0.02,0.9996,PASS,,,CORRECT,,CORRECT,8,3,0.1,2.3.1,0.17.2,0.46.1
16,QAOA 2Q p=1,2,FakeLagosV2,7,84,1000,100,0.02,0.9996,PASS,,,CORRECT,,CORRECT,8,3,0.1,2.3.1,0.17.2,0.46.1
16,QAOA 2Q p=1,2,FakeLagosV2,7,85,1000,100,0.021,0.9994,PASS,,,CORRECT,,CORRECT,8,3,0.1,2.3.1,0.17.2,0.46.1
16,QAOA 2Q p=1,2,FakeLagosV2,7,86,1000,100,0.041,0.9976,PASS,,,CORRECT,,CORRECT,8,3,0.1,2.3.1,0.17.2,0.46.1
16,QAOA 2Q p=1,2,FakeLagosV2,7,87,1000,100,0.013,0.9998,PASS,,,CORRECT,,CORRECT,8,3,0.1,2.3.1,0.17.2,0.46.1
16,QAOA 2Q p=1,2,FakeLagosV2,7,88,1000,100,0.036,0.9985,PASS,,,CORRECT,,CORRECT,8,3,0.1,2.3.1,0.17.2,0.46.1
16,QAOA 2Q p=1,2,FakeLagosV2,7,89,1000,100,0.024,0.9992,PASS,,,CORRECT,,CORRECT,8,3,0.1,2.3.1,0.17.2,0.46.1
16,QAOA 2Q p=1,2,FakeLagosV2,7,90,1000,100,0.022,0.9993,PASS,,,CORRECT,,CORRECT,8,3,0.1,2.3.1,0.17.2,0.46.1
16,QAOA 2Q p=1,2,FakeLagosV2,7,91,1000,100,0.013,0.9997,PASS,,,CORRECT,,CORRECT,8,3,0.1,2.3.1,0.17.2,0.46.1
16,QAOA 2Q p=1,2,FakeLagosV2,7,92,1000,100,0.01,0.9998,PASS,,,CORRECT,,CORRECT,8,3,0.0,2.3.1,0.17.2,0.46.1
16,QAOA 2Q p=1,2,FakeLagosV2,7,93,1000,100,0.01,0.9999,PASS,,,CORRECT,,CORRECT,8,3,0.1,2.3.1,0.17.2,0.46.1
16,QAOA 2Q p=1,2,FakeLagosV2,7,94,1000,100,0.023,0.9993,PASS,,,CORRECT,,CORRECT,8,3,0.1,2.3.1,0.17.2,0.46.1
16,QAOA 2Q p=1,2,FakeLagosV2,7,95,1000,100,0.015,0.9997,PASS,,,CORRECT,,CORRECT,8,3,0.1,2.3.1,0.17.2,0.46.1
16,QAOA 2Q p=1,2,FakeLagosV2,7,96,1000,100,0.022,0.9993,PASS,,,CORRECT,,CORRECT,8,3,0.0,2.3.1,0.17.2,0.46.1
16,QAOA 2Q p=1,2,FakeLagosV2,7,97,1000,100,0.025,0.999,PASS,,,CORRECT,,CORRECT,8,3,0.0,2.3.1,0.17.2,0.46.1
16,QAOA 2Q p=1,2,FakeLagosV2,7,98,1000,100,0.024,0.9993,PASS,,,CORRECT,,CORRECT,8,3,0.1,2.3.1,0.17.2,0.46.1
16,QAOA 2Q p=1,2,FakeLagosV2,7,99,1000,100,0.016,0.9996,PASS,,,CORRECT,,CORRECT,8,3,0.1,2.3.1,0.17.2,0.46.1
16,QAOA 2Q p=1,2,FakeLagosV2,7,100,1000,100,0.026,0.9991,PASS,,,CORRECT,,CORRECT,8,3,0.0,2.3.1,0.17.2,0.46.1
16,QAOA 2Q p=1,2,FakeLagosV2,7,101,1000,100,0.043,0.9975,PASS,,,CORRECT,,CORRECT,8,3,0.1,2.3.1,0.17.2,0.46.1
16,QAOA 2Q p=1,2,FakeLagosV2,7,102,1000,100,0.037,0.9982,PASS,,,CORRECT,,CORRECT,8,3,0.1,2.3.1,0.17.2,0.46.1
16,QAOA 2Q p=1,2,FakeLagosV2,7,103,1000,100,0.017,0.9995,PASS,,,CORRECT,,CORRECT,8,3,0.1,2.3.1,0.17.2,0.46.1
16,QAOA 2Q p=1,2,FakeLagosV2,7,104,1000,100,0.022,0.9992,PASS,,,CORRECT,,CORRECT,8,3,0.1,2.3.1,0.17.2,0.46.1
16,QAOA 2Q p=1,2,FakeLagosV2,7,105,1000,100,0.025,0.999,PASS,,,CORRECT,,CORRECT,8,3,0.1,2.3.1,0.17.2,0.46.1
16,QAOA 2Q p=1,2,FakeLagosV2,7,106,1000,100,0.005,1.0,PASS,,,CORRECT,,CORRECT,8,3,0.1,2.3.1,0.17.2,0.46.1
16,QAOA 2Q p=1,2,FakeLagosV2,7,107,1000,100,0.017,0.9996,PASS,,,CORRECT,,CORRECT,8,3,0.0,2.3.1,0.17.2,0.46.1
16,QAOA 2Q p=1,2,FakeLagosV2,7,108,1000,100,0.021,0.9994,PASS,,,CORRECT,,CORRECT,8,3,0.1,2.3.1,0.17.2,0.46.1
16,QAOA 2Q p=1,2,FakeLagosV2,7,109,1000,100,0.02,0.9994,PASS,,,CORRECT,,CORRECT,8,3,0.0,2.3.1,0.17.2,0.46.1
16,QAOA 2Q p=1,2,FakeLagosV2,7,110,1000,100,0.026,0.9993,PASS,,,CORRECT,,CORRECT,8,3,0.1,2.3.1,0.17.2,0.46.1
16,QAOA 2Q p=1,2,FakeLagosV2,7,111,1000,100,0.029,0.9988,PASS,,,CORRECT,,CORRECT,8,3,0.1,2.3.1,0.17.2,0.46.1
16,QAOA 2Q p=1,2,FakeLagosV2,7,112,1000,100,0.017,0.9997,PASS,,,CORRECT,,CORRECT,8,3,0.0,2.3.1,0.17.2,0.46.1
16,QAOA 2Q p=1,2,FakeLagosV2,7,113,1000,100,0.007,0.9999,PASS,,,CORRECT,,CORRECT,8,3,0.1,2.3.1,0.17.2,0.46.1
16,QAOA 2Q p=1,2,FakeLagosV2,7,114,1000,100,0.018,0.9996,PASS,,,CORRECT,,CORRECT,8,3,0.0,2.3.1,0.17.2,0.46.1
16,QAOA 2Q p=1,2,FakeLagosV2,7,115,1000,100,0.027,0.9989,PASS,,,CORRECT,,CORRECT,8,3,0.1,2.3.1,0.17.2,0.46.1
16,QAOA 2Q p=1,2,FakeLagosV2,7,116,1000,100,0.02,0.9996,PASS,,,CORRECT,,CORRECT,8,3,0.0,2.3.1,0.17.2,0.46.1
16,QAOA 2Q p=1,2,FakeLagosV2,7,117,1000,100,0.029,0.9988,PASS,,,CORRECT,,CORRECT,8,3,0.1,2.3.1,0.17.2,0.46.1
16,QAOA 2Q p=1,2,FakeLagosV2,7,118,1000,100,0.01,0.9999,PASS,,,CORRECT,,CORRECT,8,3,0.1,2.3.1,0.17.2,0.46.1
16,QAOA 2Q p=1,2,FakeLagosV2,7,119,1000,100,0.012,0.9998,PASS,,,CORRECT,,CORRECT,8,3,0.1,2.3.1,0.17.2,0.46.1
17,Quantum teleportation 3Q,3,FakeLagosV2,7,20,1000,100,0.167,0.8329,PASS,,,CORRECT,,CORRECT,16,7,0.1,2.3.1,0.17.2,0.46.1
17,Quantum teleportation 3Q,3,FakeLagosV2,7,21,1000,100,0.166,0.833,PASS,,,CORRECT,,CORRECT,15,5,0.1,2.3.1,0.17.2,0.46.1
17,Quantum teleportation 3Q,3,FakeLagosV2,7,22,1000,100,0.15,0.849,PASS,,,CORRECT,,CORRECT,15,5,0.1,2.3.1,0.17.2,0.46.1
17,Quantum teleportation 3Q,3,FakeLagosV2,7,23,1000,100,0.195,0.8043,PASS,,,CORRECT,,CORRECT,16,7,0.1,2.3.1,0.17.2,0.46.1
17,Quantum teleportation 3Q,3,FakeLagosV2,7,24,1000,100,0.174,0.8242,PASS,,,CORRECT,,CORRECT,16,7,0.1,2.3.1,0.17.2,0.46.1
17,Quantum teleportation 3Q,3,FakeLagosV2,7,25,1000,100,0.187,0.8126,PASS,,,CORRECT,,CORRECT,16,7,0.1,2.3.1,0.17.2,0.46.1
17,Quantum teleportation 3Q,3,FakeLagosV2,7,26,1000,100,0.193,0.8047,PASS,,,CORRECT,,CORRECT,16,7,0.1,2.3.1,0.17.2,0.46.1
17,Quantum teleportation 3Q,3,FakeLagosV2,7,27,1000,100,0.196,0.8034,PASS,,,CORRECT,,CORRECT,16,7,0.1,2.3.1,0.17.2,0.46.1
17,Quantum teleportation 3Q,3,FakeLagosV2,7,28,1000,100,0.155,0.8442,PASS,,,CORRECT,,CORRECT,15,5,0.1,2.3.1,0.17.2,0.46.1
17,Quantum teleportation 3Q,3,FakeLagosV2,7,29,1000,100,0.204,0.7946,PASS,,,CORRECT,,CORRECT,16,7,0.1,2.3.1,0.17.2,0.46.1
17,Quantum teleportation 3Q,3,FakeLagosV2,7,30,1000,100,0.135,0.8645,PASS,,,CORRECT,,CORRECT,15,5,0.1,2.3.1,0.17.2,0.46.1
17,Quantum teleportation 3Q,3,FakeLagosV2,7,31,1000,100,0.195,0.8043,PASS,,,CORRECT,,CORRECT,15,5,0.1,2.3.1,0.17.2,0.46.1
17,Quantum teleportation 3Q,3,FakeLagosV2,7,32,1000,100,0.175,0.825,PASS,,,CORRECT,,CORRECT,16,7,0.1,2.3.1,0.17.2,0.46.1
17,Quantum teleportation 3Q,3,FakeLagosV2,7,33,1000,100,0.195,0.8042,PASS,,,CORRECT,,CORRECT,16,7,0.0,2.3.1,0.17.2,0.46.1
17,Quantum teleportation 3Q,3,FakeLagosV2,7,34,1000,100,0.169,0.8295,PASS,,,CORRECT,,CORRECT,16,7,0.1,2.3.1,0.17.2,0.46.1
17,Quantum teleportation 3Q,3,FakeLagosV2,7,35,1000,100,0.153,0.8454,PASS,,,CORRECT,,CORRECT,15,5,0.1,2.3.1,0.17.2,0.46.1
17,Quantum teleportation 3Q,3,FakeLagosV2,7,36,1000,100,0.164,0.8352,PASS,,,CORRECT,,CORRECT,15,5,0.1,2.3.1,0.17.2,0.46.1
17,Quantum teleportation 3Q,3,FakeLagosV2,7,37,1000,100,0.165,0.8347,PASS,,,CORRECT,,CORRECT,16,7,0.0,2.3.1,0.17.2,0.46.1
17,Quantum teleportation 3Q,3,FakeLagosV2,7,38,1000,100,0.155,0.8429,PASS,,,CORRECT,,CORRECT,15,5,0.1,2.3.1,0.17.2,0.46.1
17,Quantum teleportation 3Q,3,FakeLagosV2,7,39,1000,100,0.147,0.851,PASS,,,CORRECT,,CORRECT,15,5,0.1,2.3.1,0.17.2,0.46.1
17,Quantum teleportation 3Q,3,FakeLagosV2,7,40,1000,100,0.184,0.8149,PASS,,,CORRECT,,CORRECT,16,7,0.0,2.3.1,0.17.2,0.46.1
17,Quantum teleportation 3Q,3,FakeLagosV2,7,41,1000,100,0.198,0.8016,PASS,,,CORRECT,,CORRECT,16,7,0.1,2.3.1,0.17.2,0.46.1
17,Quantum teleportation 3Q,3,FakeLagosV2,7,42,1000,100,0.146,0.8529,PASS,,,CORRECT,,CORRECT,15,5,0.1,2.3.1,0.17.2,0.46.1
17,Quantum teleportation 3Q,3,FakeLagosV2,7,43,1000,100,0.161,0.8386,PASS,,,CORRECT,,CORRECT,15,5,0.1,2.3.1,0.17.2,0.46.1
17,Quantum teleportation 3Q,3,FakeLagosV2,7,44,1000,100,0.196,0.8039,PASS,,,CORRECT,,CORRECT,16,7,0.1,2.3.1,0.17.2,0.46.1
17,Quantum teleportation 3Q,3,FakeLagosV2,7,45,1000,100,0.165,0.8348,PASS,,,CORRECT,,CORRECT,15,5,0.1,2.3.1,0.17.2,0.46.1
17,Quantum teleportation 3Q,3,FakeLagosV2,7,46,1000,100,0.183,0.8167,PASS,,,CORRECT,,CORRECT,16,7,0.1,2.3.1,0.17.2,0.46.1
17,Quantum teleportation 3Q,3,FakeLagosV2,7,47,1000,100,0.177,0.8226,PASS,,,CORRECT,,CORRECT,16,7,0.1,2.3.1,0.17.2,0.46.1
17,Quantum teleportation 3Q,3,FakeLagosV2,7,48,1000,100,0.18,0.8195,PASS,,,CORRECT,,CORRECT,16,7,0.1,2.3.1,0.17.2,0.46.1
17,Quantum teleportation 3Q,3,FakeLagosV2,7,49,1000,100,0.165,0.834,PASS,,,CORRECT,,CORRECT,16,7,0.1,2.3.1,0.17.2,0.46.1
17,Quantum teleportation 3Q,3,FakeLagosV2,7,50,1000,100,0.179,0.8207,PASS,,,CORRECT,,CORRECT,15,5,0.1,2.3.1,0.17.2,0.46.1
17,Quantum teleportation 3Q,3,FakeLagosV2,7,51,1000,100,0.163,0.8354,PASS,,,CORRECT,,CORRECT,15,5,0.1,2.3.1,0.17.2,0.46.1
17,Quantum teleportation 3Q,3,FakeLagosV2,7,52,1000,100,0.185,0.8134,PASS,,,CORRECT,,CORRECT,16,7,0.0,2.3.1,0.17.2,0.46.1
17,Quantum teleportation 3Q,3,FakeLagosV2,7,53,1000,100,0.187,0.8125,PASS,,,CORRECT,,CORRECT,16,7,0.1,2.3.1,0.17.2,0.46.1
17,Quantum teleportation 3Q,3,FakeLagosV2,7,54,1000,100,0.159,0.84,PASS,,,CORRECT,,CORRECT,15,5,0.0,2.3.1,0.17.2,0.46.1
17,Quantum teleportation 3Q,3,FakeLagosV2,7,55,1000,100,0.16,0.8398,PASS,,,CORRECT,,CORRECT,15,5,0.1,2.3.1,0.17.2,0.46.1
17,Quantum teleportation 3Q,3,FakeLagosV2,7,56,1000,100,0.165,0.8347,PASS,,,CORRECT,,CORRECT,15,5,0.1,2.3.1,0.17.2,0.46.1
17,Quantum teleportation 3Q,3,FakeLagosV2,7,57,1000,100,0.161,0.8385,PASS,,,CORRECT,,CORRECT,15,5,0.1,2.3.1,0.17.2,0.46.1
17,Quantum teleportation 3Q,3,FakeLagosV2,7,58,1000,100,0.199,0.7997,PASS,,,CORRECT,,CORRECT,16,7,0.1,2.3.1,0.17.2,0.46.1
17,Quantum teleportation 3Q,3,FakeLagosV2,7,59,1000,100,0.201,0.7966,PASS,,,CORRECT,,CORRECT,16,7,0.1,2.3.1,0.17.2,0.46.1
17,Quantum teleportation 3Q,3,FakeLagosV2,7,60,1000,100,0.192,0.8078,PASS,,,CORRECT,,CORRECT,16,7,0.1,2.3.1,0.17.2,0.46.1
17,Quantum teleportation 3Q,3,FakeLagosV2,7,61,1000,100,0.141,0.8584,PASS,,,CORRECT,,CORRECT,15,5,0.1,2.3.1,0.17.2,0.46.1
17,Quantum teleportation 3Q,3,FakeLagosV2,7,62,1000,100,0.154,0.8456,PASS,,,CORRECT,,CORRECT,15,5,0.1,2.3.1,0.17.2,0.46.1
17,Quantum teleportation 3Q,3,FakeLagosV2,7,63,1000,100,0.198,0.8018,PASS,,,CORRECT,,CORRECT,16,7,0.1,2.3.1,0.17.2,0.46.1
17,Quantum teleportation 3Q,3,FakeLagosV2,7,64,1000,100,0.18,0.8191,PASS,,,CORRECT,,CORRECT,16,7,0.1,2.3.1,0.17.2,0.46.1
17,Quantum teleportation 3Q,3,FakeLagosV2,7,65,1000,100,0.179,0.8209,PASS,,,CORRECT,,CORRECT,16,7,0.1,2.3.1,0.17.2,0.46.1
17,Quantum teleportation 3Q,3,FakeLagosV2,7,66,1000,100,0.193,0.8069,PASS,,,CORRECT,,CORRECT,16,7,0.0,2.3.1,0.17.2,0.46.1
17,Quantum teleportation 3Q,3,FakeLagosV2,7,67,1000,100,0.17,0.8299,PASS,,,CORRECT,,CORRECT,16,7,0.1,2.3.1,0.17.2,0.46.1
17,Quantum teleportation 3Q,3,FakeLagosV2,7,68,1000,100,0.158,0.8418,PASS,,,CORRECT,,CORRECT,15,5,0.1,2.3.1,0.17.2,0.46.1
17,Quantum teleportation 3Q,3,FakeLagosV2,7,69,1000,100,0.209,0.7908,PASS,,,CORRECT,,CORRECT,16,7,0.0,2.3.1,0.17.2,0.46.1
17,Quantum teleportation 3Q,3,FakeLagosV2,7,70,1000,100,0.143,0.8559,PASS,,,CORRECT,,CORRECT,15,5,0.1,2.3.1,0.17.2,0.46.1
17,Quantum teleportation 3Q,3,FakeLagosV2,7,71,1000,100,0.148,0.8513,PASS,,,CORRECT,,CORRECT,15,5,0.1,2.3.1,0.17.2,0.46.1
17,Quantum teleportation 3Q,3,FakeLagosV2,7,72,1000,100,0.153,0.8467,PASS,,,CORRECT,,CORRECT,15,5,0.1,2.3.1,0.17.2,0.46.1
17,Quantum teleportation 3Q,3,FakeLagosV2,7,73,1000,100,0.18,0.8196,PASS,,,CORRECT,,CORRECT,16,7,0.1,2.3.1,0.17.2,0.46.1
17,Quantum teleportation 3Q,3,FakeLagosV2,7,74,1000,100,0.147,0.8523,PASS,,,CORRECT,,CORRECT,15,5,0.1,2.3.1,0.17.2,0.46.1
17,Quantum teleportation 3Q,3,FakeLagosV2,7,75,1000,100,0.183,0.8159,PASS,,,CORRECT,,CORRECT,16,7,0.1,2.3.1,0.17.2,0.46.1
17,Quantum teleportation 3Q,3,FakeLagosV2,7,76,1000,100,0.167,0.8327,PASS,,,CORRECT,,CORRECT,15,5,0.1,2.3.1,0.17.2,0.46.1
17,Quantum teleportation 3Q,3,FakeLagosV2,7,77,1000,100,0.157,0.8417,PASS,,,CORRECT,,CORRECT,15,5,0.1,2.3.1,0.17.2,0.46.1
17,Quantum teleportation 3Q,3,FakeLagosV2,7,78,1000,100,0.153,0.8466,PASS,,,CORRECT,,CORRECT,15,5,0.1,2.3.1,0.17.2,0.46.1
17,Quantum teleportation 3Q,3,FakeLagosV2,7,79,1000,100,0.142,0.8577,PASS,,,CORRECT,,CORRECT,15,5,0.1,2.3.1,0.17.2,0.46.1
17,Quantum teleportation 3Q,3,FakeLagosV2,7,80,1000,100,0.192,0.8074,PASS,,,CORRECT,,CORRECT,16,7,0.1,2.3.1,0.17.2,0.46.1
17,Quantum teleportation 3Q,3,FakeLagosV2,7,81,1000,100,0.171,0.8283,PASS,,,CORRECT,,CORRECT,15,5,0.1,2.3.1,0.17.2,0.46.1
17,Quantum teleportation 3Q,3,FakeLagosV2,7,82,1000,100,0.16,0.8394,PASS,,,CORRECT,,CORRECT,15,5,0.1,2.3.1,0.17.2,0.46.1
17,Quantum teleportation 3Q,3,FakeLagosV2,7,83,1000,100,0.156,0.8435,PASS,,,CORRECT,,CORRECT,15,5,0.1,2.3.1,0.17.2,0.46.1
17,Quantum teleportation 3Q,3,FakeLagosV2,7,84,1000,100,0.164,0.8357,PASS,,,CORRECT,,CORRECT,15,5,0.1,2.3.1,0.17.2,0.46.1
17,Quantum teleportation 3Q,3,FakeLagosV2,7,85,1000,100,0.171,0.828,PASS,,,CORRECT,,CORRECT,16,7,0.1,2.3.1,0.17.2,0.46.1
17,Quantum teleportation 3Q,3,FakeLagosV2,7,86,1000,100,0.175,0.8248,PASS,,,CORRECT,,CORRECT,15,5,0.1,2.3.1,0.17.2,0.46.1
17,Quantum teleportation 3Q,3,FakeLagosV2,7,87,1000,100,0.197,0.803,PASS,,,CORRECT,,CORRECT,16,7,0.1,2.3.1,0.17.2,0.46.1
17,Quantum teleportation 3Q,3,FakeLagosV2,7,88,1000,100,0.158,0.8419,PASS,,,CORRECT,,CORRECT,15,5,0.1,2.3.1,0.17.2,0.46.1
17,Quantum teleportation 3Q,3,FakeLagosV2,7,89,1000,100,0.195,0.804,PASS,,,CORRECT,,CORRECT,16,7,0.1,2.3.1,0.17.2,0.46.1
17,Quantum teleportation 3Q,3,FakeLagosV2,7,90,1000,100,0.164,0.8351,PASS,,,CORRECT,,CORRECT,15,5,0.1,2.3.1,0.17.2,0.46.1
17,Quantum teleportation 3Q,3,FakeLagosV2,7,91,1000,100,0.165,0.8343,PASS,,,CORRECT,,CORRECT,15,5,0.1,2.3.1,0.17.2,0.46.1
17,Quantum teleportation 3Q,3,FakeLagosV2,7,92,1000,100,0.15,0.8492,PASS,,,CORRECT,,CORRECT,15,5,0.0,2.3.1,0.17.2,0.46.1
17,Quantum teleportation 3Q,3,FakeLagosV2,7,93,1000,100,0.155,0.8444,PASS,,,CORRECT,,CORRECT,15,5,0.1,2.3.1,0.17.2,0.46.1
17,Quantum teleportation 3Q,3,FakeLagosV2,7,94,1000,100,0.148,0.8517,PASS,,,CORRECT,,CORRECT,15,5,0.1,2.3.1,0.17.2,0.46.1
17,Quantum teleportation 3Q,3,FakeLagosV2,7,95,1000,100,0.185,0.8149,PASS,,,CORRECT,,CORRECT,16,7,0.0,2.3.1,0.17.2,0.46.1
17,Quantum teleportation 3Q,3,FakeLagosV2,7,96,1000,100,0.158,0.8417,PASS,,,CORRECT,,CORRECT,15,5,0.1,2.3.1,0.17.2,0.46.1
17,Quantum teleportation 3Q,3,FakeLagosV2,7,97,1000,100,0.214,0.785,PASS,,,CORRECT,,CORRECT,16,7,0.1,2.3.1,0.17.2,0.46.1
17,Quantum teleportation 3Q,3,FakeLagosV2,7,98,1000,100,0.167,0.8317,PASS,,,CORRECT,,CORRECT,16,7,0.0,2.3.1,0.17.2,0.46.1
17,Quantum teleportation 3Q,3,FakeLagosV2,7,99,1000,100,0.147,0.8526,PASS,,,CORRECT,,CORRECT,16,7,0.1,2.3.1,0.17.2,0.46.1
17,Quantum teleportation 3Q,3,FakeLagosV2,7,100,1000,100,0.188,0.8103,PASS,,,CORRECT,,CORRECT,16,7,0.2,2.3.1,0.17.2,0.46.1
17,Quantum teleportation 3Q,3,FakeLagosV2,7,101,1000,100,0.149,0.8476,PASS,,,CORRECT,,CORRECT,15,5,0.1,2.3.1,0.17.2,0.46.1
17,Quantum teleportation 3Q,3,FakeLagosV2,7,102,1000,100,0.165,0.8339,PASS,,,CORRECT,,CORRECT,15,5,0.1,2.3.1,0.17.2,0.46.1
17,Quantum teleportation 3Q,3,FakeLagosV2,7,103,1000,100,0.177,0.8226,PASS,,,CORRECT,,CORRECT,16,7,0.1,2.3.1,0.17.2,0.46.1
17,Quantum teleportation 3Q,3,FakeLagosV2,7,104,1000,100,0.141,0.8576,PASS,,,CORRECT,,CORRECT,15,5,0.1,2.3.1,0.17.2,0.46.1
17,Quantum teleportation 3Q,3,FakeLagosV2,7,105,1000,100,0.195,0.8018,PASS,,,CORRECT,,CORRECT,16,7,0.1,2.3.1,0.17.2,0.46.1
17,Quantum teleportation 3Q,3,FakeLagosV2,7,106,1000,100,0.17,0.8297,PASS,,,CORRECT,,CORRECT,16,7,0.0,2.3.1,0.17.2,0.46.1
17,Quantum teleportation 3Q,3,FakeLagosV2,7,107,1000,100,0.156,0.8439,PASS,,,CORRECT,,CORRECT,15,5,0.0,2.3.1,0.17.2,0.46.1
17,Quantum teleportation 3Q,3,FakeLagosV2,7,108,1000,100,0.144,0.8547,PASS,,,CORRECT,,CORRECT,15,5,0.0,2.3.1,0.17.2,0.46.1
17,Quantum teleportation 3Q,3,FakeLagosV2,7,109,1000,100,0.177,0.8229,PASS,,,CORRECT,,CORRECT,16,7,0.1,2.3.1,0.17.2,0.46.1
17,Quantum teleportation 3Q,3,FakeLagosV2,7,110,1000,100,0.167,0.8319,PASS,,,CORRECT,,CORRECT,15,5,0.1,2.3.1,0.17.2,0.46.1
17,Quantum teleportation 3Q,3,FakeLagosV2,7,111,1000,100,0.158,0.8409,PASS,,,CORRECT,,CORRECT,15,5,0.1,2.3.1,0.17.2,0.46.1
17,Quantum teleportation 3Q,3,FakeLagosV2,7,112,1000,100,0.14,0.8599,PASS,,,CORRECT,,CORRECT,15,5,0.2,2.3.1,0.17.2,0.46.1
17,Quantum teleportation 3Q,3,FakeLagosV2,7,113,1000,100,0.18,0.8194,PASS,,,CORRECT,,CORRECT,16,7,0.1,2.3.1,0.17.2,0.46.1
17,Quantum teleportation 3Q,3,FakeLagosV2,7,114,1000,100,0.166,0.8332,PASS,,,CORRECT,,CORRECT,15,5,0.2,2.3.1,0.17.2,0.46.1
17,Quantum teleportation 3Q,3,FakeLagosV2,7,115,1000,100,0.165,0.8346,PASS,,,CORRECT,,CORRECT,16,7,0.2,2.3.1,0.17.2,0.46.1
17,Quantum teleportation 3Q,3,FakeLagosV2,7,116,1000,100,0.198,0.8009,PASS,,,CORRECT,,CORRECT,16,7,0.2,2.3.1,0.17.2,0.46.1
17,Quantum teleportation 3Q,3,FakeLagosV2,7,117,1000,100,0.199,0.8007,PASS,,,CORRECT,,CORRECT,16,7,0.1,2.3.1,0.17.2,0.46.1
17,Quantum teleportation 3Q,3,FakeLagosV2,7,118,1000,100,0.194,0.8057,PASS,,,CORRECT,,CORRECT,16,7,0.2,2.3.1,0.17.2,0.46.1
17,Quantum teleportation 3Q,3,FakeLagosV2,7,119,1000,100,0.183,0.8149,PASS,,,CORRECT,,CORRECT,16,7,0.1,2.3.1,0.17.2,0.46.1
18,Deutsch-Jozsa 3Q,3,FakeLagosV2,7,20,1024,102,0.5498,0.4502,MARGINAL,,,CORRECT,,CORRECT,10,3,0.1,2.3.1,0.17.2,0.46.1
18,Deutsch-Jozsa 3Q,3,FakeLagosV2,7,21,1024,102,0.5557,0.4443,MARGINAL,,,CORRECT,,CORRECT,10,3,0.1,2.3.1,0.17.2,0.46.1
18,Deutsch-Jozsa 3Q,3,FakeLagosV2,7,22,1024,102,0.5654,0.4342,MARGINAL,,,CORRECT,,CORRECT,10,3,0.1,2.3.1,0.17.2,0.46.1
18,Deutsch-Jozsa 3Q,3,FakeLagosV2,7,23,1024,102,0.5225,0.4775,MARGINAL,,,CORRECT,,CORRECT,10,3,0.1,2.3.1,0.17.2,0.46.1
18,Deutsch-Jozsa 3Q,3,FakeLagosV2,7,24,1024,102,0.5439,0.456,MARGINAL,,,CORRECT,,CORRECT,10,3,0.2,2.3.1,0.17.2,0.46.1
18,Deutsch-Jozsa 3Q,3,FakeLagosV2,7,25,1024,102,0.5371,0.4625,MARGINAL,,,CORRECT,,CORRECT,10,3,0.1,2.3.1,0.17.2,0.46.1
18,Deutsch-Jozsa 3Q,3,FakeLagosV2,7,26,1024,102,0.5361,0.4632,MARGINAL,,,CORRECT,,CORRECT,10,3,0.2,2.3.1,0.17.2,0.46.1
18,Deutsch-Jozsa 3Q,3,FakeLagosV2,7,27,1024,102,0.5635,0.4343,MARGINAL,,,CORRECT,,CORRECT,10,3,0.1,2.3.1,0.17.2,0.46.1
18,Deutsch-Jozsa 3Q,3,FakeLagosV2,7,28,1024,102,0.5605,0.4392,MARGINAL,,,CORRECT,,CORRECT,10,3,0.1,2.3.1,0.17.2,0.46.1
18,Deutsch-Jozsa 3Q,3,FakeLagosV2,7,29,1024,102,0.5713,0.4287,MARGINAL,,,CORRECT,,CORRECT,10,3,0.2,2.3.1,0.17.2,0.46.1
18,Deutsch-Jozsa 3Q,3,FakeLagosV2,7,30,1024,102,0.5244,0.4753,MARGINAL,,,CORRECT,,CORRECT,10,3,0.1,2.3.1,0.17.2,0.46.1
18,Deutsch-Jozsa 3Q,3,FakeLagosV2,7,31,1024,102,0.5303,0.4695,MARGINAL,,,CORRECT,,CORRECT,10,3,0.1,2.3.1,0.17.2,0.46.1
18,Deutsch-Jozsa 3Q,3,FakeLagosV2,7,32,1024,102,0.5518,0.4481,MARGINAL,,,CORRECT,,CORRECT,10,3,0.1,2.3.1,0.17.2,0.46.1
18,Deutsch-Jozsa 3Q,3,FakeLagosV2,7,33,1024,102,0.543,0.4567,MARGINAL,,,CORRECT,,CORRECT,10,3,0.1,2.3.1,0.17.2,0.46.1
18,Deutsch-Jozsa 3Q,3,FakeLagosV2,7,34,1024,102,0.5254,0.4742,MARGINAL,,,CORRECT,,CORRECT,10,3,0.1,2.3.1,0.17.2,0.46.1
18,Deutsch-Jozsa 3Q,3,FakeLagosV2,7,35,1024,102,0.5625,0.4375,MARGINAL,,,CORRECT,,CORRECT,10,3,0.1,2.3.1,0.17.2,0.46.1
18,Deutsch-Jozsa 3Q,3,FakeLagosV2,7,36,1024,102,0.5303,0.4691,MARGINAL,,,CORRECT,,CORRECT,10,3,0.1,2.3.1,0.17.2,0.46.1
18,Deutsch-Jozsa 3Q,3,FakeLagosV2,7,37,1024,102,0.5264,0.4735,MARGINAL,,,CORRECT,,CORRECT,10,3,0.1,2.3.1,0.17.2,0.46.1
18,Deutsch-Jozsa 3Q,3,FakeLagosV2,7,38,1024,102,0.5498,0.4502,MARGINAL,,,CORRECT,,CORRECT,10,3,0.1,2.3.1,0.17.2,0.46.1
18,Deutsch-Jozsa 3Q,3,FakeLagosV2,7,39,1024,102,0.5156,0.4844,MARGINAL,,,CORRECT,,CORRECT,10,3,0.1,2.3.1,0.17.2,0.46.1
18,Deutsch-Jozsa 3Q,3,FakeLagosV2,7,40,1024,102,0.541,0.4556,MARGINAL,,,CORRECT,,CORRECT,10,3,0.1,2.3.1,0.17.2,0.46.1
18,Deutsch-Jozsa 3Q,3,FakeLagosV2,7,41,1024,102,0.5254,0.4745,MARGINAL,,,CORRECT,,CORRECT,10,3,0.1,2.3.1,0.17.2,0.46.1
18,Deutsch-Jozsa 3Q,3,FakeLagosV2,7,42,1024,102,0.5264,0.4731,MARGINAL,,,CORRECT,,CORRECT,10,3,0.1,2.3.1,0.17.2,0.46.1
18,Deutsch-Jozsa 3Q,3,FakeLagosV2,7,43,1024,102,0.5586,0.4411,MARGINAL,,,CORRECT,,CORRECT,10,3,0.0,2.3.1,0.17.2,0.46.1
18,Deutsch-Jozsa 3Q,3,FakeLagosV2,7,44,1024,102,0.541,0.4583,MARGINAL,,,CORRECT,,CORRECT,10,3,0.0,2.3.1,0.17.2,0.46.1
18,Deutsch-Jozsa 3Q,3,FakeLagosV2,7,45,1024,102,0.5186,0.4814,MARGINAL,,,CORRECT,,CORRECT,10,3,0.1,2.3.1,0.17.2,0.46.1
18,Deutsch-Jozsa 3Q,3,FakeLagosV2,7,46,1024,102,0.5205,0.4795,MARGINAL,,,CORRECT,,CORRECT,10,3,0.0,2.3.1,0.17.2,0.46.1
18,Deutsch-Jozsa 3Q,3,FakeLagosV2,7,47,1024,102,0.5381,0.4619,MARGINAL,,,CORRECT,,CORRECT,10,3,0.1,2.3.1,0.17.2,0.46.1
18,Deutsch-Jozsa 3Q,3,FakeLagosV2,7,48,1024,102,0.5479,0.4511,MARGINAL,,,CORRECT,,CORRECT,10,3,0.1,2.3.1,0.17.2,0.46.1
18,Deutsch-Jozsa 3Q,3,FakeLagosV2,7,49,1024,102,0.5566,0.4433,MARGINAL,,,CORRECT,,CORRECT,10,3,0.0,2.3.1,0.17.2,0.46.1
18,Deutsch-Jozsa 3Q,3,FakeLagosV2,7,50,1024,102,0.543,0.457,MARGINAL,,,CORRECT,,CORRECT,10,3,0.0,2.3.1,0.17.2,0.46.1
18,Deutsch-Jozsa 3Q,3,FakeLagosV2,7,51,1024,102,0.543,0.457,MARGINAL,,,CORRECT,,CORRECT,10,3,0.1,2.3.1,0.17.2,0.46.1
18,Deutsch-Jozsa 3Q,3,FakeLagosV2,7,52,1024,102,0.5488,0.4511,MARGINAL,,,CORRECT,,CORRECT,10,3,0.1,2.3.1,0.17.2,0.46.1
18,Deutsch-Jozsa 3Q,3,FakeLagosV2,7,53,1024,102,0.5049,0.4947,MARGINAL,,,CORRECT,,CORRECT,10,3,0.1,2.3.1,0.17.2,0.46.1
18,Deutsch-Jozsa 3Q,3,FakeLagosV2,7,54,1024,102,0.5479,0.4521,MARGINAL,,,CORRECT,,CORRECT,10,3,0.1,2.3.1,0.17.2,0.46.1
18,Deutsch-Jozsa 3Q,3,FakeLagosV2,7,55,1024,102,0.5078,0.4922,MARGINAL,,,CORRECT,,CORRECT,10,3,0.1,2.3.1,0.17.2,0.46.1
18,Deutsch-Jozsa 3Q,3,FakeLagosV2,7,56,1024,102,0.5693,0.4305,MARGINAL,3,306,CORRECT,3,CORRECT,10,3,0.2,2.3.1,0.17.2,0.46.1
18,Deutsch-Jozsa 3Q,3,FakeLagosV2,7,57,1024,102,0.5547,0.445,MARGINAL,,,CORRECT,,CORRECT,10,3,0.2,2.3.1,0.17.2,0.46.1
18,Deutsch-Jozsa 3Q,3,FakeLagosV2,7,58,1024,102,0.5381,0.4619,MARGINAL,,,CORRECT,,CORRECT,10,3,0.1,2.3.1,0.17.2,0.46.1
18,Deutsch-Jozsa 3Q,3,FakeLagosV2,7,59,1024,102,0.5576,0.4423,MARGINAL,,,CORRECT,,CORRECT,10,3,0.1,2.3.1,0.17.2,0.46.1
18,Deutsch-Jozsa 3Q,3,FakeLagosV2,7,60,1024,102,0.5459,0.454,MARGINAL,,,CORRECT,,CORRECT,10,3,0.2,2.3.1,0.17.2,0.46.1
18,Deutsch-Jozsa 3Q,3,FakeLagosV2,7,61,1024,102,0.5322,0.4671,MARGINAL,,,CORRECT,,CORRECT,10,3,0.1,2.3.1,0.17.2,0.46.1
18,Deutsch-Jozsa 3Q,3,FakeLagosV2,7,62,1024,102,0.5283,0.4715,MARGINAL,,,CORRECT,,CORRECT,10,3,0.1,2.3.1,0.17.2,0.46.1
18,Deutsch-Jozsa 3Q,3,FakeLagosV2,7,63,1024,102,0.5576,0.4421,MARGINAL,,,CORRECT,,CORRECT,10,3,0.1,2.3.1,0.17.2,0.46.1
18,Deutsch-Jozsa 3Q,3,FakeLagosV2,7,64,1024,102,0.5576,0.442,MARGINAL,,,CORRECT,,CORRECT,10,3,0.1,2.3.1,0.17.2,0.46.1
18,Deutsch-Jozsa 3Q,3,FakeLagosV2,7,65,1024,102,0.5508,0.4492,MARGINAL,,,CORRECT,,CORRECT,10,3,0.1,2.3.1,0.17.2,0.46.1
18,Deutsch-Jozsa 3Q,3,FakeLagosV2,7,66,1024,102,0.5449,0.4551,MARGINAL,,,CORRECT,,CORRECT,10,3,0.1,2.3.1,0.17.2,0.46.1
18,Deutsch-Jozsa 3Q,3,FakeLagosV2,7,67,1024,102,0.5449,0.455,MARGINAL,,,CORRECT,,CORRECT,10,3,0.1,2.3.1,0.17.2,0.46.1
18,Deutsch-Jozsa 3Q,3,FakeLagosV2,7,68,1024,102,0.5342,0.4655,MARGINAL,,,CORRECT,,CORRECT,10,3,0.1,2.3.1,0.17.2,0.46.1
18,Deutsch-Jozsa 3Q,3,FakeLagosV2,7,69,1024,102,0.5479,0.452,MARGINAL,,,CORRECT,,CORRECT,10,3,0.2,2.3.1,0.17.2,0.46.1
18,Deutsch-Jozsa 3Q,3,FakeLagosV2,7,70,1024,102,0.5195,0.4804,MARGINAL,,,CORRECT,,CORRECT,10,3,0.1,2.3.1,0.17.2,0.46.1
18,Deutsch-Jozsa 3Q,3,FakeLagosV2,7,71,1024,102,0.5449,0.454,MARGINAL,,,CORRECT,,CORRECT,10,3,0.1,2.3.1,0.17.2,0.46.1
18,Deutsch-Jozsa 3Q,3,FakeLagosV2,7,72,1024,102,0.5469,0.4531,MARGINAL,,,CORRECT,,CORRECT,10,3,0.2,2.3.1,0.17.2,0.46.1
18,Deutsch-Jozsa 3Q,3,FakeLagosV2,7,73,1024,102,0.5439,0.456,MARGINAL,,,CORRECT,,CORRECT,10,3,0.1,2.3.1,0.17.2,0.46.1
18,Deutsch-Jozsa 3Q,3,FakeLagosV2,7,74,1024,102,0.541,0.4589,MARGINAL,,,CORRECT,,CORRECT,10,3,0.1,2.3.1,0.17.2,0.46.1
18,Deutsch-Jozsa 3Q,3,FakeLagosV2,7,75,1024,102,0.5479,0.4521,MARGINAL,,,CORRECT,,CORRECT,10,3,0.1,2.3.1,0.17.2,0.46.1
18,Deutsch-Jozsa 3Q,3,FakeLagosV2,7,76,1024,102,0.5527,0.4472,MARGINAL,,,CORRECT,,CORRECT,10,3,0.1,2.3.1,0.17.2,0.46.1
18,Deutsch-Jozsa 3Q,3,FakeLagosV2,7,77,1024,102,0.5332,0.4661,MARGINAL,,,CORRECT,,CORRECT,10,3,0.1,2.3.1,0.17.2,0.46.1
18,Deutsch-Jozsa 3Q,3,FakeLagosV2,7,78,1024,102,0.5293,0.4707,MARGINAL,,,CORRECT,,CORRECT,10,3,0.1,2.3.1,0.17.2,0.46.1
18,Deutsch-Jozsa 3Q,3,FakeLagosV2,7,79,1024,102,0.542,0.457,MARGINAL,,,CORRECT,,CORRECT,10,3,0.1,2.3.1,0.17.2,0.46.1
18,Deutsch-Jozsa 3Q,3,FakeLagosV2,7,80,1024,102,0.543,0.4568,MARGINAL,,,CORRECT,,CORRECT,10,3,0.1,2.3.1,0.17.2,0.46.1
18,Deutsch-Jozsa 3Q,3,FakeLagosV2,7,81,1024,102,0.5283,0.4716,MARGINAL,,,CORRECT,,CORRECT,10,3,0.1,2.3.1,0.17.2,0.46.1
18,Deutsch-Jozsa 3Q,3,FakeLagosV2,7,82,1024,102,0.5303,0.4695,MARGINAL,,,CORRECT,,CORRECT,10,3,0.1,2.3.1,0.17.2,0.46.1
18,Deutsch-Jozsa 3Q,3,FakeLagosV2,7,83,1024,102,0.5361,0.4639,MARGINAL,,,CORRECT,,CORRECT,10,3,0.1,2.3.1,0.17.2,0.46.1
18,Deutsch-Jozsa 3Q,3,FakeLagosV2,7,84,1024,102,0.542,0.4576,MARGINAL,,,CORRECT,,CORRECT,10,3,0.1,2.3.1,0.17.2,0.46.1
18,Deutsch-Jozsa 3Q,3,FakeLagosV2,7,85,1024,102,0.5801,0.4197,MARGINAL,7,714,CORRECT,7,CORRECT,10,3,0.1,2.3.1,0.17.2,0.46.1
18,Deutsch-Jozsa 3Q,3,FakeLagosV2,7,86,1024,102,0.5479,0.4521,MARGINAL,,,CORRECT,,CORRECT,10,3,0.1,2.3.1,0.17.2,0.46.1
18,Deutsch-Jozsa 3Q,3,FakeLagosV2,7,87,1024,102,0.54,0.4598,MARGINAL,,,CORRECT,,CORRECT,10,3,0.0,2.3.1,0.17.2,0.46.1
18,Deutsch-Jozsa 3Q,3,FakeLagosV2,7,88,1024,102,0.5479,0.452,MARGINAL,,,CORRECT,,CORRECT,10,3,0.1,2.3.1,0.17.2,0.46.1
18,Deutsch-Jozsa 3Q,3,FakeLagosV2,7,89,1024,102,0.5234,0.4762,MARGINAL,,,CORRECT,,CORRECT,10,3,0.0,2.3.1,0.17.2,0.46.1
18,Deutsch-Jozsa 3Q,3,FakeLagosV2,7,90,1024,102,0.5371,0.4627,MARGINAL,,,CORRECT,,CORRECT,10,3,0.0,2.3.1,0.17.2,0.46.1
18,Deutsch-Jozsa 3Q,3,FakeLagosV2,7,91,1024,102,0.5449,0.4548,MARGINAL,,,CORRECT,,CORRECT,10,3,0.0,2.3.1,0.17.2,0.46.1
18,Deutsch-Jozsa 3Q,3,FakeLagosV2,7,92,1024,102,0.5537,0.4463,MARGINAL,,,CORRECT,,CORRECT,10,3,0.0,2.3.1,0.17.2,0.46.1
18,Deutsch-Jozsa 3Q,3,FakeLagosV2,7,93,1024,102,0.541,0.4582,MARGINAL,,,CORRECT,,CORRECT,10,3,0.0,2.3.1,0.17.2,0.46.1
18,Deutsch-Jozsa 3Q,3,FakeLagosV2,7,94,1024,102,0.5645,0.4355,MARGINAL,,,CORRECT,,CORRECT,10,3,0.1,2.3.1,0.17.2,0.46.1
18,Deutsch-Jozsa 3Q,3,FakeLagosV2,7,95,1024,102,0.5518,0.4482,MARGINAL,,,CORRECT,,CORRECT,10,3,0.1,2.3.1,0.17.2,0.46.1
18,Deutsch-Jozsa 3Q,3,FakeLagosV2,7,96,1024,102,0.5625,0.4371,MARGINAL,,,CORRECT,,CORRECT,10,3,0.1,2.3.1,0.17.2,0.46.1
18,Deutsch-Jozsa 3Q,3,FakeLagosV2,7,97,1024,102,0.5527,0.4473,MARGINAL,,,CORRECT,,CORRECT,10,3,0.0,2.3.1,0.17.2,0.46.1
18,Deutsch-Jozsa 3Q,3,FakeLagosV2,7,98,1024,102,0.5693,0.4306,MARGINAL,,,CORRECT,,CORRECT,10,3,0.0,2.3.1,0.17.2,0.46.1
18,Deutsch-Jozsa 3Q,3,FakeLagosV2,7,99,1024,102,0.543,0.4569,MARGINAL,,,CORRECT,,CORRECT,10,3,0.1,2.3.1,0.17.2,0.46.1
18,Deutsch-Jozsa 3Q,3,FakeLagosV2,7,100,1024,102,0.5234,0.4753,MARGINAL,,,CORRECT,,CORRECT,10,3,0.1,2.3.1,0.17.2,0.46.1
18,Deutsch-Jozsa 3Q,3,FakeLagosV2,7,101,1024,102,0.5537,0.4463,MARGINAL,,,CORRECT,,CORRECT,10,3,0.1,2.3.1,0.17.2,0.46.1
18,Deutsch-Jozsa 3Q,3,FakeLagosV2,7,102,1024,102,0.5244,0.4754,MARGINAL,,,CORRECT,,CORRECT,10,3,0.1,2.3.1,0.17.2,0.46.1
18,Deutsch-Jozsa 3Q,3,FakeLagosV2,7,103,1024,102,0.5254,0.4745,MARGINAL,,,CORRECT,,CORRECT,10,3,0.1,2.3.1,0.17.2,0.46.1
18,Deutsch-Jozsa 3Q,3,FakeLagosV2,7,104,1024,102,0.5322,0.4675,MARGINAL,,,CORRECT,,CORRECT,10,3,0.2,2.3.1,0.17.2,0.46.1
18,Deutsch-Jozsa 3Q,3,FakeLagosV2,7,105,1024,102,0.5654,0.4345,MARGINAL,3,306,CORRECT,3,CORRECT,10,3,0.2,2.3.1,0.17.2,0.46.1
18,Deutsch-Jozsa 3Q,3,FakeLagosV2,7,106,1024,102,0.5479,0.4519,MARGINAL,,,CORRECT,,CORRECT,10,3,0.1,2.3.1,0.17.2,0.46.1
18,Deutsch-Jozsa 3Q,3,FakeLagosV2,7,107,1024,102,0.543,0.457,MARGINAL,,,CORRECT,,CORRECT,10,3,0.2,2.3.1,0.17.2,0.46.1
18,Deutsch-Jozsa 3Q,3,FakeLagosV2,7,108,1024,102,0.5342,0.4657,MARGINAL,,,CORRECT,,CORRECT,10,3,0.1,2.3.1,0.17.2,0.46.1
18,Deutsch-Jozsa 3Q,3,FakeLagosV2,7,109,1024,102,0.5322,0.4675,MARGINAL,,,CORRECT,,CORRECT,10,3,0.1,2.3.1,0.17.2,0.46.1
18,Deutsch-Jozsa 3Q,3,FakeLagosV2,7,110,1024,102,0.5371,0.4628,MARGINAL,,,CORRECT,,CORRECT,10,3,0.1,2.3.1,0.17.2,0.46.1
18,Deutsch-Jozsa 3Q,3,FakeLagosV2,7,111,1024,102,0.5586,0.4413,MARGINAL,,,CORRECT,,CORRECT,10,3,0.1,2.3.1,0.17.2,0.46.1
18,Deutsch-Jozsa 3Q,3,FakeLagosV2,7,112,1024,102,0.5693,0.4307,MARGINAL,,,CORRECT,,CORRECT,10,3,0.1,2.3.1,0.17.2,0.46.1
18,Deutsch-Jozsa 3Q,3,FakeLagosV2,7,113,1024,102,0.5674,0.4324,MARGINAL,,,CORRECT,,CORRECT,10,3,0.2,2.3.1,0.17.2,0.46.1
18,Deutsch-Jozsa 3Q,3,FakeLagosV2,7,114,1024,102,0.5303,0.4695,MARGINAL,,,CORRECT,,CORRECT,10,3,0.1,2.3.1,0.17.2,0.46.1
18,Deutsch-Jozsa 3Q,3,FakeLagosV2,7,115,1024,102,0.5508,0.4491,MARGINAL,,,CORRECT,,CORRECT,10,3,0.1,2.3.1,0.17.2,0.46.1
18,Deutsch-Jozsa 3Q,3,FakeLagosV2,7,116,1024,102,0.5244,0.4743,MARGINAL,,,CORRECT,,CORRECT,10,3,0.1,2.3.1,0.17.2,0.46.1
18,Deutsch-Jozsa 3Q,3,FakeLagosV2,7,117,1024,102,0.5205,0.4792,MARGINAL,,,CORRECT,,CORRECT,10,3,0.1,2.3.1,0.17.2,0.46.1
18,Deutsch-Jozsa 3Q,3,FakeLagosV2,7,118,1024,102,0.5342,0.4658,MARGINAL,,,CORRECT,,CORRECT,10,3,0.1,2.3.1,0.17.2,0.46.1
18,Deutsch-Jozsa 3Q,3,FakeLagosV2,7,119,1024,102,0.5312,0.4687,MARGINAL,,,CORRECT,,CORRECT,10,3,0.2,2.3.1,0.17.2,0.46.1
19,Bernstein-Vazirani 5Q,5,FakeLagosV2,7,20,1024,102,0.4375,0.5623,MARGINAL,,,CORRECT,,CORRECT,14,7,0.1,2.3.1,0.17.2,0.46.1
19,Bernstein-Vazirani 5Q,5,FakeLagosV2,7,21,1024,102,0.4443,0.5554,MARGINAL,,,CORRECT,,CORRECT,14,7,0.1,2.3.1,0.17.2,0.46.1
19,Bernstein-Vazirani 5Q,5,FakeLagosV2,7,22,1024,102,0.4658,0.5339,MARGINAL,,,CORRECT,,CORRECT,14,7,0.1,2.3.1,0.17.2,0.46.1
19,Bernstein-Vazirani 5Q,5,FakeLagosV2,7,23,1024,102,0.4365,0.5632,MARGINAL,,,CORRECT,,CORRECT,14,7,0.1,2.3.1,0.17.2,0.46.1
19,Bernstein-Vazirani 5Q,5,FakeLagosV2,7,24,1024,102,0.4375,0.5624,MARGINAL,,,CORRECT,,CORRECT,14,7,0.1,2.3.1,0.17.2,0.46.1
19,Bernstein-Vazirani 5Q,5,FakeLagosV2,7,25,1024,102,0.4541,0.5458,MARGINAL,,,CORRECT,,CORRECT,14,7,0.1,2.3.1,0.17.2,0.46.1
19,Bernstein-Vazirani 5Q,5,FakeLagosV2,7,26,1024,102,0.4453,0.5546,MARGINAL,,,CORRECT,,CORRECT,14,7,0.1,2.3.1,0.17.2,0.46.1
19,Bernstein-Vazirani 5Q,5,FakeLagosV2,7,27,1024,102,0.4424,0.5569,MARGINAL,,,CORRECT,,CORRECT,14,7,0.1,2.3.1,0.17.2,0.46.1
19,Bernstein-Vazirani 5Q,5,FakeLagosV2,7,28,1024,102,0.4258,0.574,MARGINAL,,,CORRECT,,CORRECT,14,7,0.1,2.3.1,0.17.2,0.46.1
19,Bernstein-Vazirani 5Q,5,FakeLagosV2,7,29,1024,102,0.4668,0.5331,MARGINAL,,,CORRECT,,CORRECT,14,7,0.1,2.3.1,0.17.2,0.46.1
19,Bernstein-Vazirani 5Q,5,FakeLagosV2,7,30,1024,102,0.457,0.5429,MARGINAL,,,CORRECT,,CORRECT,14,7,0.1,2.3.1,0.17.2,0.46.1
19,Bernstein-Vazirani 5Q,5,FakeLagosV2,7,31,1024,102,0.459,0.5404,MARGINAL,,,CORRECT,,CORRECT,14,7,0.1,2.3.1,0.17.2,0.46.1
19,Bernstein-Vazirani 5Q,5,FakeLagosV2,7,32,1024,102,0.4619,0.5371,MARGINAL,,,CORRECT,,CORRECT,14,7,0.1,2.3.1,0.17.2,0.46.1
19,Bernstein-Vazirani 5Q,5,FakeLagosV2,7,33,1024,102,0.4561,0.5437,MARGINAL,,,CORRECT,,CORRECT,14,7,0.1,2.3.1,0.17.2,0.46.1
19,Bernstein-Vazirani 5Q,5,FakeLagosV2,7,34,1024,102,0.4463,0.5537,MARGINAL,,,CORRECT,,CORRECT,14,7,0.0,2.3.1,0.17.2,0.46.1
19,Bernstein-Vazirani 5Q,5,FakeLagosV2,7,35,1024,102,0.457,0.5429,MARGINAL,,,CORRECT,,CORRECT,14,7,0.1,2.3.1,0.17.2,0.46.1
19,Bernstein-Vazirani 5Q,5,FakeLagosV2,7,36,1024,102,0.4404,0.5592,MARGINAL,,,CORRECT,,CORRECT,14,7,0.1,2.3.1,0.17.2,0.46.1
19,Bernstein-Vazirani 5Q,5,FakeLagosV2,7,37,1024,102,0.4297,0.5703,MARGINAL,,,CORRECT,,CORRECT,14,7,0.1,2.3.1,0.17.2,0.46.1
19,Bernstein-Vazirani 5Q,5,FakeLagosV2,7,38,1024,102,0.4902,0.5096,MARGINAL,,,CORRECT,,CORRECT,14,7,0.0,2.3.1,0.17.2,0.46.1
19,Bernstein-Vazirani 5Q,5,FakeLagosV2,7,39,1024,102,0.4326,0.5674,MARGINAL,,,CORRECT,,CORRECT,14,7,0.0,2.3.1,0.17.2,0.46.1
19,Bernstein-Vazirani 5Q,5,FakeLagosV2,7,40,1024,102,0.459,0.5409,MARGINAL,,,CORRECT,,CORRECT,14,7,0.0,2.3.1,0.17.2,0.46.1
19,Bernstein-Vazirani 5Q,5,FakeLagosV2,7,41,1024,102,0.4219,0.5775,MARGINAL,,,CORRECT,,CORRECT,14,7,0.0,2.3.1,0.17.2,0.46.1
19,Bernstein-Vazirani 5Q,5,FakeLagosV2,7,42,1024,102,0.4502,0.5497,MARGINAL,,,CORRECT,,CORRECT,14,7,0.0,2.3.1,0.17.2,0.46.1
19,Bernstein-Vazirani 5Q,5,FakeLagosV2,7,43,1024,102,0.4707,0.5292,MARGINAL,,,CORRECT,,CORRECT,14,7,0.1,2.3.1,0.17.2,0.46.1
19,Bernstein-Vazirani 5Q,5,FakeLagosV2,7,44,1024,102,0.4492,0.5503,MARGINAL,,,CORRECT,,CORRECT,14,7,0.1,2.3.1,0.17.2,0.46.1
19,Bernstein-Vazirani 5Q,5,FakeLagosV2,7,45,1024,102,0.4717,0.5279,MARGINAL,,,CORRECT,,CORRECT,14,7,0.1,2.3.1,0.17.2,0.46.1
19,Bernstein-Vazirani 5Q,5,FakeLagosV2,7,46,1024,102,0.4395,0.5605,MARGINAL,,,CORRECT,,CORRECT,14,7,0.1,2.3.1,0.17.2,0.46.1
19,Bernstein-Vazirani 5Q,5,FakeLagosV2,7,47,1024,102,0.4385,0.5613,MARGINAL,,,CORRECT,,CORRECT,14,7,0.1,2.3.1,0.17.2,0.46.1
19,Bernstein-Vazirani 5Q,5,FakeLagosV2,7,48,1024,102,0.4609,0.5381,MARGINAL,,,CORRECT,,CORRECT,14,7,0.2,2.3.1,0.17.2,0.46.1
19,Bernstein-Vazirani 5Q,5,FakeLagosV2,7,49,1024,102,0.4482,0.5517,MARGINAL,,,CORRECT,,CORRECT,14,7,0.2,2.3.1,0.17.2,0.46.1
19,Bernstein-Vazirani 5Q,5,FakeLagosV2,7,50,1024,102,0.457,0.5426,MARGINAL,,,CORRECT,,CORRECT,14,7,0.1,2.3.1,0.17.2,0.46.1
19,Bernstein-Vazirani 5Q,5,FakeLagosV2,7,51,1024,102,0.4727,0.5265,MARGINAL,,,CORRECT,,CORRECT,14,7,0.1,2.3.1,0.17.2,0.46.1
19,Bernstein-Vazirani 5Q,5,FakeLagosV2,7,52,1024,102,0.4268,0.5732,MARGINAL,,,CORRECT,,CORRECT,14,7,0.1,2.3.1,0.17.2,0.46.1
19,Bernstein-Vazirani 5Q,5,FakeLagosV2,7,53,1024,102,0.4336,0.5658,MARGINAL,,,CORRECT,,CORRECT,14,7,0.2,2.3.1,0.17.2,0.46.1
19,Bernstein-Vazirani 5Q,5,FakeLagosV2,7,54,1024,102,0.4697,0.5303,MARGINAL,,,CORRECT,,CORRECT,14,7,0.2,2.3.1,0.17.2,0.46.1
19,Bernstein-Vazirani 5Q,5,FakeLagosV2,7,55,1024,102,0.4756,0.5244,MARGINAL,,,CORRECT,,CORRECT,14,7,0.3,2.3.1,0.17.2,0.46.1
19,Bernstein-Vazirani 5Q,5,FakeLagosV2,7,56,1024,102,0.4795,0.5199,MARGINAL,,,CORRECT,,CORRECT,14,7,0.2,2.3.1,0.17.2,0.46.1
19,Bernstein-Vazirani 5Q,5,FakeLagosV2,7,57,1024,102,0.4453,0.5547,MARGINAL,,,CORRECT,,CORRECT,14,7,0.2,2.3.1,0.17.2,0.46.1
19,Bernstein-Vazirani 5Q,5,FakeLagosV2,7,58,1024,102,0.4629,0.537,MARGINAL,,,CORRECT,,CORRECT,14,7,0.2,2.3.1,0.17.2,0.46.1
19,Bernstein-Vazirani 5Q,5,FakeLagosV2,7,59,1024,102,0.4609,0.5387,MARGINAL,,,CORRECT,,CORRECT,14,7,0.2,2.3.1,0.17.2,0.46.1
19,Bernstein-Vazirani 5Q,5,FakeLagosV2,7,60,1024,102,0.4717,0.528,MARGINAL,,,CORRECT,,CORRECT,14,7,0.1,2.3.1,0.17.2,0.46.1
19,Bernstein-Vazirani 5Q,5,FakeLagosV2,7,61,1024,102,0.4189,0.5807,MARGINAL,,,CORRECT,,CORRECT,14,7,0.2,2.3.1,0.17.2,0.46.1
19,Bernstein-Vazirani 5Q,5,FakeLagosV2,7,62,1024,102,0.417,0.583,MARGINAL,,,CORRECT,,CORRECT,14,7,0.2,2.3.1,0.17.2,0.46.1
19,Bernstein-Vazirani 5Q,5,FakeLagosV2,7,63,1024,102,0.4512,0.5488,MARGINAL,,,CORRECT,,CORRECT,14,7,0.2,2.3.1,0.17.2,0.46.1
19,Bernstein-Vazirani 5Q,5,FakeLagosV2,7,64,1024,102,0.4395,0.5603,MARGINAL,,,CORRECT,,CORRECT,14,7,0.2,2.3.1,0.17.2,0.46.1
19,Bernstein-Vazirani 5Q,5,FakeLagosV2,7,65,1024,102,0.4414,0.5584,MARGINAL,,,CORRECT,,CORRECT,14,7,0.2,2.3.1,0.17.2,0.46.1
19,Bernstein-Vazirani 5Q,5,FakeLagosV2,7,66,1024,102,0.4443,0.5555,MARGINAL,,,CORRECT,,CORRECT,14,7,0.2,2.3.1,0.17.2,0.46.1
19,Bernstein-Vazirani 5Q,5,FakeLagosV2,7,67,1024,102,0.4551,0.5449,MARGINAL,,,CORRECT,,CORRECT,14,7,0.2,2.3.1,0.17.2,0.46.1
19,Bernstein-Vazirani 5Q,5,FakeLagosV2,7,68,1024,102,0.4639,0.536,MARGINAL,,,CORRECT,,CORRECT,14,7,0.1,2.3.1,0.17.2,0.46.1
19,Bernstein-Vazirani 5Q,5,FakeLagosV2,7,69,1024,102,0.4912,0.5087,MARGINAL,,,CORRECT,,CORRECT,14,7,0.1,2.3.1,0.17.2,0.46.1
19,Bernstein-Vazirani 5Q,5,FakeLagosV2,7,70,1024,102,0.4512,0.5486,MARGINAL,,,CORRECT,,CORRECT,14,7,0.1,2.3.1,0.17.2,0.46.1
19,Bernstein-Vazirani 5Q,5,FakeLagosV2,7,71,1024,102,0.4033,0.5966,MARGINAL,,,CORRECT,,CORRECT,14,7,0.1,2.3.1,0.17.2,0.46.1
19,Bernstein-Vazirani 5Q,5,FakeLagosV2,7,72,1024,102,0.4473,0.5526,MARGINAL,,,CORRECT,,CORRECT,14,7,0.1,2.3.1,0.17.2,0.46.1
19,Bernstein-Vazirani 5Q,5,FakeLagosV2,7,73,1024,102,0.4512,0.5488,MARGINAL,,,CORRECT,,CORRECT,14,7,0.1,2.3.1,0.17.2,0.46.1
19,Bernstein-Vazirani 5Q,5,FakeLagosV2,7,74,1024,102,0.4775,0.5224,MARGINAL,,,CORRECT,,CORRECT,14,7,0.1,2.3.1,0.17.2,0.46.1
19,Bernstein-Vazirani 5Q,5,FakeLagosV2,7,75,1024,102,0.4668,0.5332,MARGINAL,,,CORRECT,,CORRECT,14,7,0.1,2.3.1,0.17.2,0.46.1
19,Bernstein-Vazirani 5Q,5,FakeLagosV2,7,76,1024,102,0.4619,0.538,MARGINAL,,,CORRECT,,CORRECT,14,7,0.1,2.3.1,0.17.2,0.46.1
19,Bernstein-Vazirani 5Q,5,FakeLagosV2,7,77,1024,102,0.4492,0.5504,MARGINAL,,,CORRECT,,CORRECT,14,7,0.1,2.3.1,0.17.2,0.46.1
19,Bernstein-Vazirani 5Q,5,FakeLagosV2,7,78,1024,102,0.4619,0.538,MARGINAL,,,CORRECT,,CORRECT,14,7,0.0,2.3.1,0.17.2,0.46.1
19,Bernstein-Vazirani 5Q,5,FakeLagosV2,7,79,1024,102,0.4336,0.5664,MARGINAL,,,CORRECT,,CORRECT,14,7,0.1,2.3.1,0.17.2,0.46.1
19,Bernstein-Vazirani 5Q,5,FakeLagosV2,7,80,1024,102,0.4629,0.5371,MARGINAL,,,CORRECT,,CORRECT,14,7,0.1,2.3.1,0.17.2,0.46.1
19,Bernstein-Vazirani 5Q,5,FakeLagosV2,7,81,1024,102,0.4395,0.5604,MARGINAL,,,CORRECT,,CORRECT,14,7,0.0,2.3.1,0.17.2,0.46.1
19,Bernstein-Vazirani 5Q,5,FakeLagosV2,7,82,1024,102,0.4434,0.5566,MARGINAL,,,CORRECT,,CORRECT,14,7,0.1,2.3.1,0.17.2,0.46.1
19,Bernstein-Vazirani 5Q,5,FakeLagosV2,7,83,1024,102,0.4629,0.5369,MARGINAL,,,CORRECT,,CORRECT,14,7,0.1,2.3.1,0.17.2,0.46.1
19,Bernstein-Vazirani 5Q,5,FakeLagosV2,7,84,1024,102,0.4687,0.5312,MARGINAL,,,CORRECT,,CORRECT,14,7,0.1,2.3.1,0.17.2,0.46.1
19,Bernstein-Vazirani 5Q,5,FakeLagosV2,7,85,1024,102,0.4805,0.5194,MARGINAL,,,CORRECT,,CORRECT,14,7,0.1,2.3.1,0.17.2,0.46.1
19,Bernstein-Vazirani 5Q,5,FakeLagosV2,7,86,1024,102,0.4365,0.5633,MARGINAL,,,CORRECT,,CORRECT,14,7,0.1,2.3.1,0.17.2,0.46.1
19,Bernstein-Vazirani 5Q,5,FakeLagosV2,7,87,1024,102,0.4346,0.5654,MARGINAL,,,CORRECT,,CORRECT,14,7,0.1,2.3.1,0.17.2,0.46.1
19,Bernstein-Vazirani 5Q,5,FakeLagosV2,7,88,1024,102,0.4805,0.5194,MARGINAL,,,CORRECT,,CORRECT,14,7,0.2,2.3.1,0.17.2,0.46.1
19,Bernstein-Vazirani 5Q,5,FakeLagosV2,7,89,1024,102,0.4512,0.5483,MARGINAL,,,CORRECT,,CORRECT,14,7,0.2,2.3.1,0.17.2,0.46.1
19,Bernstein-Vazirani 5Q,5,FakeLagosV2,7,90,1024,102,0.4482,0.5509,MARGINAL,,,CORRECT,,CORRECT,14,7,0.1,2.3.1,0.17.2,0.46.1
19,Bernstein-Vazirani 5Q,5,FakeLagosV2,7,91,1024,102,0.4326,0.5673,MARGINAL,,,CORRECT,,CORRECT,14,7,0.3,2.3.1,0.17.2,0.46.1
19,Bernstein-Vazirani 5Q,5,FakeLagosV2,7,92,1024,102,0.4473,0.5527,MARGINAL,,,CORRECT,,CORRECT,14,7,0.1,2.3.1,0.17.2,0.46.1
19,Bernstein-Vazirani 5Q,5,FakeLagosV2,7,93,1024,102,0.4492,0.5499,MARGINAL,,,CORRECT,,CORRECT,14,7,0.1,2.3.1,0.17.2,0.46.1
19,Bernstein-Vazirani 5Q,5,FakeLagosV2,7,94,1024,102,0.4727,0.5273,MARGINAL,,,CORRECT,,CORRECT,14,7,0.1,2.3.1,0.17.2,0.46.1
19,Bernstein-Vazirani 5Q,5,FakeLagosV2,7,95,1024,102,0.4375,0.5625,MARGINAL,,,CORRECT,,CORRECT,14,7,0.1,2.3.1,0.17.2,0.46.1
19,Bernstein-Vazirani 5Q,5,FakeLagosV2,7,96,1024,102,0.4219,0.5781,MARGINAL,,,CORRECT,,CORRECT,14,7,0.1,2.3.1,0.17.2,0.46.1
19,Bernstein-Vazirani 5Q,5,FakeLagosV2,7,97,1024,102,0.4775,0.5224,MARGINAL,,,CORRECT,,CORRECT,14,7,0.1,2.3.1,0.17.2,0.46.1
19,Bernstein-Vazirani 5Q,5,FakeLagosV2,7,98,1024,102,0.4512,0.5484,MARGINAL,,,CORRECT,,CORRECT,14,7,0.1,2.3.1,0.17.2,0.46.1
19,Bernstein-Vazirani 5Q,5,FakeLagosV2,7,99,1024,102,0.4375,0.5623,MARGINAL,,,CORRECT,,CORRECT,14,7,0.1,2.3.1,0.17.2,0.46.1
19,Bernstein-Vazirani 5Q,5,FakeLagosV2,7,100,1024,102,0.4287,0.5713,MARGINAL,,,CORRECT,,CORRECT,14,7,0.1,2.3.1,0.17.2,0.46.1
19,Bernstein-Vazirani 5Q,5,FakeLagosV2,7,101,1024,102,0.4395,0.5599,MARGINAL,,,CORRECT,,CORRECT,14,7,0.1,2.3.1,0.17.2,0.46.1
19,Bernstein-Vazirani 5Q,5,FakeLagosV2,7,102,1024,102,0.4355,0.5637,MARGINAL,,,CORRECT,,CORRECT,14,7,0.1,2.3.1,0.17.2,0.46.1
19,Bernstein-Vazirani 5Q,5,FakeLagosV2,7,103,1024,102,0.4668,0.5332,MARGINAL,,,CORRECT,,CORRECT,14,7,0.2,2.3.1,0.17.2,0.46.1
19,Bernstein-Vazirani 5Q,5,FakeLagosV2,7,104,1024,102,0.4414,0.558,MARGINAL,,,CORRECT,,CORRECT,14,7,0.1,2.3.1,0.17.2,0.46.1
19,Bernstein-Vazirani 5Q,5,FakeLagosV2,7,105,1024,102,0.4424,0.5568,MARGINAL,,,CORRECT,,CORRECT,14,7,0.1,2.3.1,0.17.2,0.46.1
19,Bernstein-Vazirani 5Q,5,FakeLagosV2,7,106,1024,102,0.4385,0.5615,MARGINAL,,,CORRECT,,CORRECT,14,7,0.1,2.3.1,0.17.2,0.46.1
19,Bernstein-Vazirani 5Q,5,FakeLagosV2,7,107,1024,102,0.459,0.541,MARGINAL,,,CORRECT,,CORRECT,14,7,0.1,2.3.1,0.17.2,0.46.1
19,Bernstein-Vazirani 5Q,5,FakeLagosV2,7,108,1024,102,0.4297,0.5702,MARGINAL,,,CORRECT,,CORRECT,14,7,0.1,2.3.1,0.17.2,0.46.1
19,Bernstein-Vazirani 5Q,5,FakeLagosV2,7,109,1024,102,0.4609,0.539,MARGINAL,,,CORRECT,,CORRECT,14,7,0.1,2.3.1,0.17.2,0.46.1
19,Bernstein-Vazirani 5Q,5,FakeLagosV2,7,110,1024,102,0.4453,0.5544,MARGINAL,,,CORRECT,,CORRECT,14,7,0.1,2.3.1,0.17.2,0.46.1
19,Bernstein-Vazirani 5Q,5,FakeLagosV2,7,111,1024,102,0.4746,0.5254,MARGINAL,,,CORRECT,,CORRECT,14,7,0.1,2.3.1,0.17.2,0.46.1
19,Bernstein-Vazirani 5Q,5,FakeLagosV2,7,112,1024,102,0.46,0.5398,MARGINAL,,,CORRECT,,CORRECT,14,7,0.1,2.3.1,0.17.2,0.46.1
19,Bernstein-Vazirani 5Q,5,FakeLagosV2,7,113,1024,102,0.4404,0.5589,MARGINAL,,,CORRECT,,CORRECT,14,7,0.1,2.3.1,0.17.2,0.46.1
19,Bernstein-Vazirani 5Q,5,FakeLagosV2,7,114,1024,102,0.4531,0.5453,MARGINAL,,,CORRECT,,CORRECT,14,7,0.1,2.3.1,0.17.2,0.46.1
19,Bernstein-Vazirani 5Q,5,FakeLagosV2,7,115,1024,102,0.4541,0.5458,MARGINAL,,,CORRECT,,CORRECT,14,7,0.1,2.3.1,0.17.2,0.46.1
19,Bernstein-Vazirani 5Q,5,FakeLagosV2,7,116,1024,102,0.4502,0.5498,MARGINAL,,,CORRECT,,CORRECT,14,7,0.1,2.3.1,0.17.2,0.46.1
19,Bernstein-Vazirani 5Q,5,FakeLagosV2,7,117,1024,102,0.458,0.542,MARGINAL,,,CORRECT,,CORRECT,14,7,0.1,2.3.1,0.17.2,0.46.1
19,Bernstein-Vazirani 5Q,5,FakeLagosV2,7,118,1024,102,0.4404,0.5594,MARGINAL,,,CORRECT,,CORRECT,14,7,0.1,2.3.1,0.17.2,0.46.1
19,Bernstein-Vazirani 5Q,5,FakeLagosV2,7,119,1024,102,0.4414,0.5586,MARGINAL,,,CORRECT,,CORRECT,14,7,0.1,2.3.1,0.17.2,0.46.1
20,VQE 1Q eigensolver,1,FakeLagosV2,7,20,10000,1000,0.0006,1.0,PASS,,,CORRECT,,CORRECT,4,0,0.1,2.3.1,0.17.2,0.46.1
20,VQE 1Q eigensolver,1,FakeLagosV2,7,21,10000,1000,0.0042,1.0,PASS,,,CORRECT,,CORRECT,4,0,0.1,2.3.1,0.17.2,0.46.1
20,VQE 1Q eigensolver,1,FakeLagosV2,7,22,10000,1000,0.0006,1.0,PASS,,,CORRECT,,CORRECT,4,0,0.1,2.3.1,0.17.2,0.46.1
20,VQE 1Q eigensolver,1,FakeLagosV2,7,23,10000,1000,0.0038,1.0,PASS,,,CORRECT,,CORRECT,4,0,0.1,2.3.1,0.17.2,0.46.1
20,VQE 1Q eigensolver,1,FakeLagosV2,7,24,10000,1000,0.0047,1.0,PASS,,,CORRECT,,CORRECT,4,0,0.1,2.3.1,0.17.2,0.46.1
20,VQE 1Q eigensolver,1,FakeLagosV2,7,25,10000,1000,0.0084,0.9999,PASS,,,CORRECT,,CORRECT,4,0,0.0,2.3.1,0.17.2,0.46.1
20,VQE 1Q eigensolver,1,FakeLagosV2,7,26,10000,1000,0.0025,1.0,PASS,,,CORRECT,,CORRECT,4,0,0.1,2.3.1,0.17.2,0.46.1
20,VQE 1Q eigensolver,1,FakeLagosV2,7,27,10000,1000,0.0009,1.0,PASS,,,CORRECT,,CORRECT,4,0,0.2,2.3.1,0.17.2,0.46.1
20,VQE 1Q eigensolver,1,FakeLagosV2,7,28,10000,1000,0.0038,1.0,PASS,,,CORRECT,,CORRECT,4,0,0.1,2.3.1,0.17.2,0.46.1
20,VQE 1Q eigensolver,1,FakeLagosV2,7,29,10000,1000,0.0034,1.0,PASS,,,CORRECT,,CORRECT,4,0,0.1,2.3.1,0.17.2,0.46.1
20,VQE 1Q eigensolver,1,FakeLagosV2,7,30,10000,1000,0.0018,1.0,PASS,,,CORRECT,,CORRECT,4,0,0.1,2.3.1,0.17.2,0.46.1
20,VQE 1Q eigensolver,1,FakeLagosV2,7,31,10000,1000,0.0165,0.9997,PASS,,,CORRECT,,CORRECT,4,0,0.1,2.3.1,0.17.2,0.46.1
20,VQE 1Q eigensolver,1,FakeLagosV2,7,32,10000,1000,0.0002,1.0,PASS,,,CORRECT,,CORRECT,4,0,0.1,2.3.1,0.17.2,0.46.1
20,VQE 1Q eigensolver,1,FakeLagosV2,7,33,10000,1000,0.0021,1.0,PASS,,,CORRECT,,CORRECT,4,0,0.2,2.3.1,0.17.2,0.46.1
20,VQE 1Q eigensolver,1,FakeLagosV2,7,34,10000,1000,0.0006,1.0,PASS,,,CORRECT,,CORRECT,4,0,0.1,2.3.1,0.17.2,0.46.1
20,VQE 1Q eigensolver,1,FakeLagosV2,7,35,10000,1000,0.0005,1.0,PASS,,,CORRECT,,CORRECT,4,0,0.1,2.3.1,0.17.2,0.46.1
20,VQE 1Q eigensolver,1,FakeLagosV2,7,36,10000,1000,0.002,1.0,PASS,,,CORRECT,,CORRECT,4,0,0.2,2.3.1,0.17.2,0.46.1
20,VQE 1Q eigensolver,1,FakeLagosV2,7,37,10000,1000,0.0015,1.0,PASS,,,CORRECT,,CORRECT,4,0,0.1,2.3.1,0.17.2,0.46.1
20,VQE 1Q eigensolver,1,FakeLagosV2,7,38,10000,1000,0.0108,0.9999,PASS,,,CORRECT,,CORRECT,4,0,0.1,2.3.1,0.17.2,0.46.1
20,VQE 1Q eigensolver,1,FakeLagosV2,7,39,10000,1000,0.0008,1.0,PASS,,,CORRECT,,CORRECT,4,0,0.1,2.3.1,0.17.2,0.46.1
20,VQE 1Q eigensolver,1,FakeLagosV2,7,40,10000,1000,0.0021,1.0,PASS,,,CORRECT,,CORRECT,4,0,0.1,2.3.1,0.17.2,0.46.1
20,VQE 1Q eigensolver,1,FakeLagosV2,7,41,10000,1000,0.0048,1.0,PASS,,,CORRECT,,CORRECT,4,0,0.1,2.3.1,0.17.2,0.46.1
20,VQE 1Q eigensolver,1,FakeLagosV2,7,42,10000,1000,0.005,1.0,PASS,,,CORRECT,,CORRECT,4,0,0.1,2.3.1,0.17.2,0.46.1
20,VQE 1Q eigensolver,1,FakeLagosV2,7,43,10000,1000,0.0067,1.0,PASS,,,CORRECT,,CORRECT,4,0,0.1,2.3.1,0.17.2,0.46.1
20,VQE 1Q eigensolver,1,FakeLagosV2,7,44,10000,1000,0.004,1.0,PASS,,,CORRECT,,CORRECT,4,0,0.2,2.3.1,0.17.2,0.46.1
20,VQE 1Q eigensolver,1,FakeLagosV2,7,45,10000,1000,0.003,1.0,PASS,,,CORRECT,,CORRECT,4,0,0.2,2.3.1,0.17.2,0.46.1
20,VQE 1Q eigensolver,1,FakeLagosV2,7,46,10000,1000,0.0027,1.0,PASS,,,CORRECT,,CORRECT,4,0,0.2,2.3.1,0.17.2,0.46.1
20,VQE 1Q eigensolver,1,FakeLagosV2,7,47,10000,1000,0.0035,1.0,PASS,,,CORRECT,,CORRECT,4,0,0.2,2.3.1,0.17.2,0.46.1
20,VQE 1Q eigensolver,1,FakeLagosV2,7,48,10000,1000,0.0082,0.9999,PASS,,,CORRECT,,CORRECT,4,0,0.1,2.3.1,0.17.2,0.46.1
20,VQE 1Q eigensolver,1,FakeLagosV2,7,49,10000,1000,0.0003,1.0,PASS,,,CORRECT,,CORRECT,4,0,0.1,2.3.1,0.17.2,0.46.1
20,VQE 1Q eigensolver,1,FakeLagosV2,7,50,10000,1000,0.0013,1.0,PASS,,,CORRECT,,CORRECT,4,0,0.3,2.3.1,0.17.2,0.46.1
20,VQE 1Q eigensolver,1,FakeLagosV2,7,51,10000,1000,0.0031,1.0,PASS,,,CORRECT,,CORRECT,4,0,0.3,2.3.1,0.17.2,0.46.1
20,VQE 1Q eigensolver,1,FakeLagosV2,7,52,10000,1000,0.0073,0.9999,PASS,,,CORRECT,,CORRECT,4,0,0.2,2.3.1,0.17.2,0.46.1
20,VQE 1Q eigensolver,1,FakeLagosV2,7,53,10000,1000,0.0051,1.0,PASS,,,CORRECT,,CORRECT,4,0,0.1,2.3.1,0.17.2,0.46.1
20,VQE 1Q eigensolver,1,FakeLagosV2,7,54,10000,1000,0.0001,1.0,PASS,,,CORRECT,,CORRECT,4,0,0.1,2.3.1,0.17.2,0.46.1
20,VQE 1Q eigensolver,1,FakeLagosV2,7,55,10000,1000,0.0062,1.0,PASS,,,CORRECT,,CORRECT,4,0,0.1,2.3.1,0.17.2,0.46.1
20,VQE 1Q eigensolver,1,FakeLagosV2,7,56,10000,1000,0.0022,1.0,PASS,,,CORRECT,,CORRECT,4,0,0.1,2.3.1,0.17.2,0.46.1
20,VQE 1Q eigensolver,1,FakeLagosV2,7,57,10000,1000,0.0085,0.9999,PASS,,,CORRECT,,CORRECT,4,0,0.1,2.3.1,0.17.2,0.46.1
20,VQE 1Q eigensolver,1,FakeLagosV2,7,58,10000,1000,0.0018,1.0,PASS,,,CORRECT,,CORRECT,4,0,0.1,2.3.1,0.17.2,0.46.1
20,VQE 1Q eigensolver,1,FakeLagosV2,7,59,10000,1000,0.0009,1.0,PASS,,,CORRECT,,CORRECT,4,0,0.1,2.3.1,0.17.2,0.46.1
20,VQE 1Q eigensolver,1,FakeLagosV2,7,60,10000,1000,0.0044,1.0,PASS,,,CORRECT,,CORRECT,4,0,0.1,2.3.1,0.17.2,0.46.1
20,VQE 1Q eigensolver,1,FakeLagosV2,7,61,10000,1000,0.0031,1.0,PASS,,,CORRECT,,CORRECT,4,0,0.1,2.3.1,0.17.2,0.46.1
20,VQE 1Q eigensolver,1,FakeLagosV2,7,62,10000,1000,0.0053,1.0,PASS,,,CORRECT,,CORRECT,4,0,0.1,2.3.1,0.17.2,0.46.1
20,VQE 1Q eigensolver,1,FakeLagosV2,7,63,10000,1000,0.0059,1.0,PASS,,,CORRECT,,CORRECT,4,0,0.1,2.3.1,0.17.2,0.46.1
20,VQE 1Q eigensolver,1,FakeLagosV2,7,64,10000,1000,0.0043,1.0,PASS,,,CORRECT,,CORRECT,4,0,0.1,2.3.1,0.17.2,0.46.1
20,VQE 1Q eigensolver,1,FakeLagosV2,7,65,10000,1000,0.0097,0.9999,PASS,,,CORRECT,,CORRECT,4,0,0.1,2.3.1,0.17.2,0.46.1
20,VQE 1Q eigensolver,1,FakeLagosV2,7,66,10000,1000,0.0023,1.0,PASS,,,CORRECT,,CORRECT,4,0,0.1,2.3.1,0.17.2,0.46.1
20,VQE 1Q eigensolver,1,FakeLagosV2,7,67,10000,1000,0.0036,1.0,PASS,,,CORRECT,,CORRECT,4,0,0.1,2.3.1,0.17.2,0.46.1
20,VQE 1Q eigensolver,1,FakeLagosV2,7,68,10000,1000,0.0033,1.0,PASS,,,CORRECT,,CORRECT,4,0,0.1,2.3.1,0.17.2,0.46.1
20,VQE 1Q eigensolver,1,FakeLagosV2,7,69,10000,1000,0.0015,1.0,PASS,,,CORRECT,,CORRECT,4,0,0.1,2.3.1,0.17.2,0.46.1
20,VQE 1Q eigensolver,1,FakeLagosV2,7,70,10000,1000,0.0087,0.9999,PASS,,,CORRECT,,CORRECT,4,0,0.1,2.3.1,0.17.2,0.46.1
20,VQE 1Q eigensolver,1,FakeLagosV2,7,71,10000,1000,0.0058,1.0,PASS,,,CORRECT,,CORRECT,4,0,0.1,2.3.1,0.17.2,0.46.1
20,VQE 1Q eigensolver,1,FakeLagosV2,7,72,10000,1000,0.0012,1.0,PASS,,,CORRECT,,CORRECT,4,0,0.1,2.3.1,0.17.2,0.46.1
20,VQE 1Q eigensolver,1,FakeLagosV2,7,73,10000,1000,0.0135,0.9998,PASS,,,CORRECT,,CORRECT,4,0,0.1,2.3.1,0.17.2,0.46.1
20,VQE 1Q eigensolver,1,FakeLagosV2,7,74,10000,1000,0.0036,1.0,PASS,,,CORRECT,,CORRECT,4,0,0.2,2.3.1,0.17.2,0.46.1
20,VQE 1Q eigensolver,1,FakeLagosV2,7,75,10000,1000,0.0037,1.0,PASS,,,CORRECT,,CORRECT,4,0,0.1,2.3.1,0.17.2,0.46.1
20,VQE 1Q eigensolver,1,FakeLagosV2,7,76,10000,1000,0.0075,0.9999,PASS,,,CORRECT,,CORRECT,4,0,0.2,2.3.1,0.17.2,0.46.1
20,VQE 1Q eigensolver,1,FakeLagosV2,7,77,10000,1000,0.0104,0.9999,PASS,,,CORRECT,,CORRECT,4,0,0.2,2.3.1,0.17.2,0.46.1
20,VQE 1Q eigensolver,1,FakeLagosV2,7,78,10000,1000,0.0023,1.0,PASS,,,CORRECT,,CORRECT,4,0,0.2,2.3.1,0.17.2,0.46.1
20,VQE 1Q eigensolver,1,FakeLagosV2,7,79,10000,1000,0.0086,0.9999,PASS,,,CORRECT,,CORRECT,4,0,0.2,2.3.1,0.17.2,0.46.1
20,VQE 1Q eigensolver,1,FakeLagosV2,7,80,10000,1000,0.0077,0.9999,PASS,,,CORRECT,,CORRECT,4,0,0.2,2.3.1,0.17.2,0.46.1
20,VQE 1Q eigensolver,1,FakeLagosV2,7,81,10000,1000,0.0026,1.0,PASS,,,CORRECT,,CORRECT,4,0,0.2,2.3.1,0.17.2,0.46.1
20,VQE 1Q eigensolver,1,FakeLagosV2,7,82,10000,1000,0.0026,1.0,PASS,,,CORRECT,,CORRECT,4,0,0.1,2.3.1,0.17.2,0.46.1
20,VQE 1Q eigensolver,1,FakeLagosV2,7,83,10000,1000,0.0037,1.0,PASS,,,CORRECT,,CORRECT,4,0,0.2,2.3.1,0.17.2,0.46.1
20,VQE 1Q eigensolver,1,FakeLagosV2,7,84,10000,1000,0.0012,1.0,PASS,,,CORRECT,,CORRECT,4,0,0.2,2.3.1,0.17.2,0.46.1
20,VQE 1Q eigensolver,1,FakeLagosV2,7,85,10000,1000,0.0039,1.0,PASS,,,CORRECT,,CORRECT,4,0,0.2,2.3.1,0.17.2,0.46.1
20,VQE 1Q eigensolver,1,FakeLagosV2,7,86,10000,1000,0.0009,1.0,PASS,,,CORRECT,,CORRECT,4,0,0.3,2.3.1,0.17.2,0.46.1
20,VQE 1Q eigensolver,1,FakeLagosV2,7,87,10000,1000,0.0041,1.0,PASS,,,CORRECT,,CORRECT,4,0,0.2,2.3.1,0.17.2,0.46.1
20,VQE 1Q eigensolver,1,FakeLagosV2,7,88,10000,1000,0.0004,1.0,PASS,,,CORRECT,,CORRECT,4,0,0.1,2.3.1,0.17.2,0.46.1
20,VQE 1Q eigensolver,1,FakeLagosV2,7,89,10000,1000,0.0001,1.0,PASS,,,CORRECT,,CORRECT,4,0,0.1,2.3.1,0.17.2,0.46.1
20,VQE 1Q eigensolver,1,FakeLagosV2,7,90,10000,1000,0.0022,1.0,PASS,,,CORRECT,,CORRECT,4,0,0.1,2.3.1,0.17.2,0.46.1
20,VQE 1Q eigensolver,1,FakeLagosV2,7,91,10000,1000,0.0002,1.0,PASS,,,CORRECT,,CORRECT,4,0,0.1,2.3.1,0.17.2,0.46.1
20,VQE 1Q eigensolver,1,FakeLagosV2,7,92,10000,1000,0.0013,1.0,PASS,,,CORRECT,,CORRECT,4,0,0.1,2.3.1,0.17.2,0.46.1
20,VQE 1Q eigensolver,1,FakeLagosV2,7,93,10000,1000,0.0037,1.0,PASS,,,CORRECT,,CORRECT,4,0,0.1,2.3.1,0.17.2,0.46.1
20,VQE 1Q eigensolver,1,FakeLagosV2,7,94,10000,1000,0.0028,1.0,PASS,,,CORRECT,,CORRECT,4,0,0.1,2.3.1,0.17.2,0.46.1
20,VQE 1Q eigensolver,1,FakeLagosV2,7,95,10000,1000,0.0023,1.0,PASS,,,CORRECT,,CORRECT,4,0,0.1,2.3.1,0.17.2,0.46.1
20,VQE 1Q eigensolver,1,FakeLagosV2,7,96,10000,1000,0.0008,1.0,PASS,,,CORRECT,,CORRECT,4,0,0.1,2.3.1,0.17.2,0.46.1
20,VQE 1Q eigensolver,1,FakeLagosV2,7,97,10000,1000,0.0053,1.0,PASS,,,CORRECT,,CORRECT,4,0,0.1,2.3.1,0.17.2,0.46.1
20,VQE 1Q eigensolver,1,FakeLagosV2,7,98,10000,1000,0.0013,1.0,PASS,,,CORRECT,,CORRECT,4,0,0.1,2.3.1,0.17.2,0.46.1
20,VQE 1Q eigensolver,1,FakeLagosV2,7,99,10000,1000,0.01,0.9999,PASS,,,CORRECT,,CORRECT,4,0,0.1,2.3.1,0.17.2,0.46.1
20,VQE 1Q eigensolver,1,FakeLagosV2,7,100,10000,1000,0.0027,1.0,PASS,,,CORRECT,,CORRECT,4,0,0.1,2.3.1,0.17.2,0.46.1
20,VQE 1Q eigensolver,1,FakeLagosV2,7,101,10000,1000,0.0016,1.0,PASS,,,CORRECT,,CORRECT,4,0,0.1,2.3.1,0.17.2,0.46.1
20,VQE 1Q eigensolver,1,FakeLagosV2,7,102,10000,1000,0.0018,1.0,PASS,,,CORRECT,,CORRECT,4,0,0.1,2.3.1,0.17.2,0.46.1
20,VQE 1Q eigensolver,1,FakeLagosV2,7,103,10000,1000,0.0002,1.0,PASS,,,CORRECT,,CORRECT,4,0,0.1,2.3.1,0.17.2,0.46.1
20,VQE 1Q eigensolver,1,FakeLagosV2,7,104,10000,1000,0.0015,1.0,PASS,,,CORRECT,,CORRECT,4,0,0.1,2.3.1,0.17.2,0.46.1
20,VQE 1Q eigensolver,1,FakeLagosV2,7,105,10000,1000,0.0098,0.9999,PASS,,,CORRECT,,CORRECT,4,0,0.1,2.3.1,0.17.2,0.46.1
20,VQE 1Q eigensolver,1,FakeLagosV2,7,106,10000,1000,0.0008,1.0,PASS,,,CORRECT,,CORRECT,4,0,0.1,2.3.1,0.17.2,0.46.1
20,VQE 1Q eigensolver,1,FakeLagosV2,7,107,10000,1000,0.0029,1.0,PASS,,,CORRECT,,CORRECT,4,0,0.1,2.3.1,0.17.2,0.46.1
20,VQE 1Q eigensolver,1,FakeLagosV2,7,108,10000,1000,0.0022,1.0,PASS,,,CORRECT,,CORRECT,4,0,0.1,2.3.1,0.17.2,0.46.1
20,VQE 1Q eigensolver,1,FakeLagosV2,7,109,10000,1000,0.0051,1.0,PASS,,,CORRECT,,CORRECT,4,0,0.1,2.3.1,0.17.2,0.46.1
20,VQE 1Q eigensolver,1,FakeLagosV2,7,110,10000,1000,0.0023,1.0,PASS,,,CORRECT,,CORRECT,4,0,0.3,2.3.1,0.17.2,0.46.1
20,VQE 1Q eigensolver,1,FakeLagosV2,7,111,10000,1000,0.0025,1.0,PASS,,,CORRECT,,CORRECT,4,0,0.2,2.3.1,0.17.2,0.46.1
20,VQE 1Q eigensolver,1,FakeLagosV2,7,112,10000,1000,0.0001,1.0,PASS,,,CORRECT,,CORRECT,4,0,0.2,2.3.1,0.17.2,0.46.1
20,VQE 1Q eigensolver,1,FakeLagosV2,7,113,10000,1000,0.0042,1.0,PASS,,,CORRECT,,CORRECT,4,0,0.2,2.3.1,0.17.2,0.46.1
20,VQE 1Q eigensolver,1,FakeLagosV2,7,114,10000,1000,0.0045,1.0,PASS,,,CORRECT,,CORRECT,4,0,0.2,2.3.1,0.17.2,0.46.1
20,VQE 1Q eigensolver,1,FakeLagosV2,7,115,10000,1000,0.0007,1.0,PASS,,,CORRECT,,CORRECT,4,0,0.2,2.3.1,0.17.2,0.46.1
20,VQE 1Q eigensolver,1,FakeLagosV2,7,116,10000,1000,0.0081,0.9999,PASS,,,CORRECT,,CORRECT,4,0,0.2,2.3.1,0.17.2,0.46.1
20,VQE 1Q eigensolver,1,FakeLagosV2,7,117,10000,1000,0.0069,1.0,PASS,,,CORRECT,,CORRECT,4,0,0.2,2.3.1,0.17.2,0.46.1
20,VQE 1Q eigensolver,1,FakeLagosV2,7,118,10000,1000,0.0009,1.0,PASS,,,CORRECT,,CORRECT,4,0,0.2,2.3.1,0.17.2,0.46.1
20,VQE 1Q eigensolver,1,FakeLagosV2,7,119,10000,1000,0.0038,1.0,PASS,,,CORRECT,,CORRECT,4,0,0.2,2.3.1,0.17.2,0.46.1
21,QAOA MaxCut 12Q,12,FakeLagosV2,7,20,10000,,,,SKIP,,,,,,,,0,2.3.1,0.17.2,0.46.1
21,QAOA MaxCut 12Q,12,FakeLagosV2,7,21,10000,,,,SKIP,,,,,,,,0,2.3.1,0.17.2,0.46.1
21,QAOA MaxCut 12Q,12,FakeLagosV2,7,22,10000,,,,SKIP,,,,,,,,0,2.3.1,0.17.2,0.46.1
21,QAOA MaxCut 12Q,12,FakeLagosV2,7,23,10000,,,,SKIP,,,,,,,,0,2.3.1,0.17.2,0.46.1
21,QAOA MaxCut 12Q,12,FakeLagosV2,7,24,10000,,,,SKIP,,,,,,,,0,2.3.1,0.17.2,0.46.1
21,QAOA MaxCut 12Q,12,FakeLagosV2,7,25,10000,,,,SKIP,,,,,,,,0,2.3.1,0.17.2,0.46.1
21,QAOA MaxCut 12Q,12,FakeLagosV2,7,26,10000,,,,SKIP,,,,,,,,0,2.3.1,0.17.2,0.46.1
21,QAOA MaxCut 12Q,12,FakeLagosV2,7,27,10000,,,,SKIP,,,,,,,,0,2.3.1,0.17.2,0.46.1
21,QAOA MaxCut 12Q,12,FakeLagosV2,7,28,10000,,,,SKIP,,,,,,,,0,2.3.1,0.17.2,0.46.1
21,QAOA MaxCut 12Q,12,FakeLagosV2,7,29,10000,,,,SKIP,,,,,,,,0,2.3.1,0.17.2,0.46.1
21,QAOA MaxCut 12Q,12,FakeLagosV2,7,30,10000,,,,SKIP,,,,,,,,0,2.3.1,0.17.2,0.46.1
21,QAOA MaxCut 12Q,12,FakeLagosV2,7,31,10000,,,,SKIP,,,,,,,,0,2.3.1,0.17.2,0.46.1
21,QAOA MaxCut 12Q,12,FakeLagosV2,7,32,10000,,,,SKIP,,,,,,,,0,2.3.1,0.17.2,0.46.1
21,QAOA MaxCut 12Q,12,FakeLagosV2,7,33,10000,,,,SKIP,,,,,,,,0,2.3.1,0.17.2,0.46.1
21,QAOA MaxCut 12Q,12,FakeLagosV2,7,34,10000,,,,SKIP,,,,,,,,0,2.3.1,0.17.2,0.46.1
21,QAOA MaxCut 12Q,12,FakeLagosV2,7,35,10000,,,,SKIP,,,,,,,,0,2.3.1,0.17.2,0.46.1
21,QAOA MaxCut 12Q,12,FakeLagosV2,7,36,10000,,,,SKIP,,,,,,,,0,2.3.1,0.17.2,0.46.1
21,QAOA MaxCut 12Q,12,FakeLagosV2,7,37,10000,,,,SKIP,,,,,,,,0,2.3.1,0.17.2,0.46.1
21,QAOA MaxCut 12Q,12,FakeLagosV2,7,38,10000,,,,SKIP,,,,,,,,0,2.3.1,0.17.2,0.46.1
21,QAOA MaxCut 12Q,12,FakeLagosV2,7,39,10000,,,,SKIP,,,,,,,,0,2.3.1,0.17.2,0.46.1
21,QAOA MaxCut 12Q,12,FakeLagosV2,7,40,10000,,,,SKIP,,,,,,,,0,2.3.1,0.17.2,0.46.1
21,QAOA MaxCut 12Q,12,FakeLagosV2,7,41,10000,,,,SKIP,,,,,,,,0,2.3.1,0.17.2,0.46.1
21,QAOA MaxCut 12Q,12,FakeLagosV2,7,42,10000,,,,SKIP,,,,,,,,0,2.3.1,0.17.2,0.46.1
21,QAOA MaxCut 12Q,12,FakeLagosV2,7,43,10000,,,,SKIP,,,,,,,,0,2.3.1,0.17.2,0.46.1
21,QAOA MaxCut 12Q,12,FakeLagosV2,7,44,10000,,,,SKIP,,,,,,,,0,2.3.1,0.17.2,0.46.1
21,QAOA MaxCut 12Q,12,FakeLagosV2,7,45,10000,,,,SKIP,,,,,,,,0,2.3.1,0.17.2,0.46.1
21,QAOA MaxCut 12Q,12,FakeLagosV2,7,46,10000,,,,SKIP,,,,,,,,0,2.3.1,0.17.2,0.46.1
21,QAOA MaxCut 12Q,12,FakeLagosV2,7,47,10000,,,,SKIP,,,,,,,,0,2.3.1,0.17.2,0.46.1
21,QAOA MaxCut 12Q,12,FakeLagosV2,7,48,10000,,,,SKIP,,,,,,,,0,2.3.1,0.17.2,0.46.1
21,QAOA MaxCut 12Q,12,FakeLagosV2,7,49,10000,,,,SKIP,,,,,,,,0,2.3.1,0.17.2,0.46.1
21,QAOA MaxCut 12Q,12,FakeLagosV2,7,50,10000,,,,SKIP,,,,,,,,0,2.3.1,0.17.2,0.46.1
21,QAOA MaxCut 12Q,12,FakeLagosV2,7,51,10000,,,,SKIP,,,,,,,,0,2.3.1,0.17.2,0.46.1
21,QAOA MaxCut 12Q,12,FakeLagosV2,7,52,10000,,,,SKIP,,,,,,,,0,2.3.1,0.17.2,0.46.1
21,QAOA MaxCut 12Q,12,FakeLagosV2,7,53,10000,,,,SKIP,,,,,,,,0,2.3.1,0.17.2,0.46.1
21,QAOA MaxCut 12Q,12,FakeLagosV2,7,54,10000,,,,SKIP,,,,,,,,0,2.3.1,0.17.2,0.46.1
21,QAOA MaxCut 12Q,12,FakeLagosV2,7,55,10000,,,,SKIP,,,,,,,,0,2.3.1,0.17.2,0.46.1
21,QAOA MaxCut 12Q,12,FakeLagosV2,7,56,10000,,,,SKIP,,,,,,,,0,2.3.1,0.17.2,0.46.1
21,QAOA MaxCut 12Q,12,FakeLagosV2,7,57,10000,,,,SKIP,,,,,,,,0,2.3.1,0.17.2,0.46.1
21,QAOA MaxCut 12Q,12,FakeLagosV2,7,58,10000,,,,SKIP,,,,,,,,0,2.3.1,0.17.2,0.46.1
21,QAOA MaxCut 12Q,12,FakeLagosV2,7,59,10000,,,,SKIP,,,,,,,,0,2.3.1,0.17.2,0.46.1
21,QAOA MaxCut 12Q,12,FakeLagosV2,7,60,10000,,,,SKIP,,,,,,,,0,2.3.1,0.17.2,0.46.1
21,QAOA MaxCut 12Q,12,FakeLagosV2,7,61,10000,,,,SKIP,,,,,,,,0,2.3.1,0.17.2,0.46.1
21,QAOA MaxCut 12Q,12,FakeLagosV2,7,62,10000,,,,SKIP,,,,,,,,0,2.3.1,0.17.2,0.46.1
21,QAOA MaxCut 12Q,12,FakeLagosV2,7,63,10000,,,,SKIP,,,,,,,,0,2.3.1,0.17.2,0.46.1
21,QAOA MaxCut 12Q,12,FakeLagosV2,7,64,10000,,,,SKIP,,,,,,,,0,2.3.1,0.17.2,0.46.1
21,QAOA MaxCut 12Q,12,FakeLagosV2,7,65,10000,,,,SKIP,,,,,,,,0,2.3.1,0.17.2,0.46.1
21,QAOA MaxCut 12Q,12,FakeLagosV2,7,66,10000,,,,SKIP,,,,,,,,0,2.3.1,0.17.2,0.46.1
21,QAOA MaxCut 12Q,12,FakeLagosV2,7,67,10000,,,,SKIP,,,,,,,,0,2.3.1,0.17.2,0.46.1
21,QAOA MaxCut 12Q,12,FakeLagosV2,7,68,10000,,,,SKIP,,,,,,,,0,2.3.1,0.17.2,0.46.1
21,QAOA MaxCut 12Q,12,FakeLagosV2,7,69,10000,,,,SKIP,,,,,,,,0,2.3.1,0.17.2,0.46.1
21,QAOA MaxCut 12Q,12,FakeLagosV2,7,70,10000,,,,SKIP,,,,,,,,0,2.3.1,0.17.2,0.46.1
21,QAOA MaxCut 12Q,12,FakeLagosV2,7,71,10000,,,,SKIP,,,,,,,,0,2.3.1,0.17.2,0.46.1
21,QAOA MaxCut 12Q,12,FakeLagosV2,7,72,10000,,,,SKIP,,,,,,,,0,2.3.1,0.17.2,0.46.1
21,QAOA MaxCut 12Q,12,FakeLagosV2,7,73,10000,,,,SKIP,,,,,,,,0,2.3.1,0.17.2,0.46.1
21,QAOA MaxCut 12Q,12,FakeLagosV2,7,74,10000,,,,SKIP,,,,,,,,0,2.3.1,0.17.2,0.46.1
21,QAOA MaxCut 12Q,12,FakeLagosV2,7,75,10000,,,,SKIP,,,,,,,,0,2.3.1,0.17.2,0.46.1
21,QAOA MaxCut 12Q,12,FakeLagosV2,7,76,10000,,,,SKIP,,,,,,,,0,2.3.1,0.17.2,0.46.1
21,QAOA MaxCut 12Q,12,FakeLagosV2,7,77,10000,,,,SKIP,,,,,,,,0,2.3.1,0.17.2,0.46.1
21,QAOA MaxCut 12Q,12,FakeLagosV2,7,78,10000,,,,SKIP,,,,,,,,0,2.3.1,0.17.2,0.46.1
21,QAOA MaxCut 12Q,12,FakeLagosV2,7,79,10000,,,,SKIP,,,,,,,,0,2.3.1,0.17.2,0.46.1
21,QAOA MaxCut 12Q,12,FakeLagosV2,7,80,10000,,,,SKIP,,,,,,,,0,2.3.1,0.17.2,0.46.1
21,QAOA MaxCut 12Q,12,FakeLagosV2,7,81,10000,,,,SKIP,,,,,,,,0,2.3.1,0.17.2,0.46.1
21,QAOA MaxCut 12Q,12,FakeLagosV2,7,82,10000,,,,SKIP,,,,,,,,0,2.3.1,0.17.2,0.46.1
21,QAOA MaxCut 12Q,12,FakeLagosV2,7,83,10000,,,,SKIP,,,,,,,,0,2.3.1,0.17.2,0.46.1
21,QAOA MaxCut 12Q,12,FakeLagosV2,7,84,10000,,,,SKIP,,,,,,,,0,2.3.1,0.17.2,0.46.1
21,QAOA MaxCut 12Q,12,FakeLagosV2,7,85,10000,,,,SKIP,,,,,,,,0,2.3.1,0.17.2,0.46.1
21,QAOA MaxCut 12Q,12,FakeLagosV2,7,86,10000,,,,SKIP,,,,,,,,0,2.3.1,0.17.2,0.46.1
21,QAOA MaxCut 12Q,12,FakeLagosV2,7,87,10000,,,,SKIP,,,,,,,,0,2.3.1,0.17.2,0.46.1
21,QAOA MaxCut 12Q,12,FakeLagosV2,7,88,10000,,,,SKIP,,,,,,,,0,2.3.1,0.17.2,0.46.1
21,QAOA MaxCut 12Q,12,FakeLagosV2,7,89,10000,,,,SKIP,,,,,,,,0,2.3.1,0.17.2,0.46.1
21,QAOA MaxCut 12Q,12,FakeLagosV2,7,90,10000,,,,SKIP,,,,,,,,0,2.3.1,0.17.2,0.46.1
21,QAOA MaxCut 12Q,12,FakeLagosV2,7,91,10000,,,,SKIP,,,,,,,,0,2.3.1,0.17.2,0.46.1
21,QAOA MaxCut 12Q,12,FakeLagosV2,7,92,10000,,,,SKIP,,,,,,,,0,2.3.1,0.17.2,0.46.1
21,QAOA MaxCut 12Q,12,FakeLagosV2,7,93,10000,,,,SKIP,,,,,,,,0,2.3.1,0.17.2,0.46.1
21,QAOA MaxCut 12Q,12,FakeLagosV2,7,94,10000,,,,SKIP,,,,,,,,0,2.3.1,0.17.2,0.46.1
21,QAOA MaxCut 12Q,12,FakeLagosV2,7,95,10000,,,,SKIP,,,,,,,,0,2.3.1,0.17.2,0.46.1
21,QAOA MaxCut 12Q,12,FakeLagosV2,7,96,10000,,,,SKIP,,,,,,,,0,2.3.1,0.17.2,0.46.1
21,QAOA MaxCut 12Q,12,FakeLagosV2,7,97,10000,,,,SKIP,,,,,,,,0,2.3.1,0.17.2,0.46.1
21,QAOA MaxCut 12Q,12,FakeLagosV2,7,98,10000,,,,SKIP,,,,,,,,0,2.3.1,0.17.2,0.46.1
21,QAOA MaxCut 12Q,12,FakeLagosV2,7,99,10000,,,,SKIP,,,,,,,,0,2.3.1,0.17.2,0.46.1
21,QAOA MaxCut 12Q,12,FakeLagosV2,7,100,10000,,,,SKIP,,,,,,,,0,2.3.1,0.17.2,0.46.1
21,QAOA MaxCut 12Q,12,FakeLagosV2,7,101,10000,,,,SKIP,,,,,,,,0,2.3.1,0.17.2,0.46.1
21,QAOA MaxCut 12Q,12,FakeLagosV2,7,102,10000,,,,SKIP,,,,,,,,0,2.3.1,0.17.2,0.46.1
21,QAOA MaxCut 12Q,12,FakeLagosV2,7,103,10000,,,,SKIP,,,,,,,,0,2.3.1,0.17.2,0.46.1
21,QAOA MaxCut 12Q,12,FakeLagosV2,7,104,10000,,,,SKIP,,,,,,,,0,2.3.1,0.17.2,0.46.1
21,QAOA MaxCut 12Q,12,FakeLagosV2,7,105,10000,,,,SKIP,,,,,,,,0,2.3.1,0.17.2,0.46.1
21,QAOA MaxCut 12Q,12,FakeLagosV2,7,106,10000,,,,SKIP,,,,,,,,0,2.3.1,0.17.2,0.46.1
21,QAOA MaxCut 12Q,12,FakeLagosV2,7,107,10000,,,,SKIP,,,,,,,,0,2.3.1,0.17.2,0.46.1
21,QAOA MaxCut 12Q,12,FakeLagosV2,7,108,10000,,,,SKIP,,,,,,,,0,2.3.1,0.17.2,0.46.1
21,QAOA MaxCut 12Q,12,FakeLagosV2,7,109,10000,,,,SKIP,,,,,,,,0,2.3.1,0.17.2,0.46.1
21,QAOA MaxCut 12Q,12,FakeLagosV2,7,110,10000,,,,SKIP,,,,,,,,0,2.3.1,0.17.2,0.46.1
21,QAOA MaxCut 12Q,12,FakeLagosV2,7,111,10000,,,,SKIP,,,,,,,,0,2.3.1,0.17.2,0.46.1
21,QAOA MaxCut 12Q,12,FakeLagosV2,7,112,10000,,,,SKIP,,,,,,,,0,2.3.1,0.17.2,0.46.1
21,QAOA MaxCut 12Q,12,FakeLagosV2,7,113,10000,,,,SKIP,,,,,,,,0,2.3.1,0.17.2,0.46.1
21,QAOA MaxCut 12Q,12,FakeLagosV2,7,114,10000,,,,SKIP,,,,,,,,0,2.3.1,0.17.2,0.46.1
21,QAOA MaxCut 12Q,12,FakeLagosV2,7,115,10000,,,,SKIP,,,,,,,,0,2.3.1,0.17.2,0.46.1
21,QAOA MaxCut 12Q,12,FakeLagosV2,7,116,10000,,,,SKIP,,,,,,,,0,2.3.1,0.17.2,0.46.1
21,QAOA MaxCut 12Q,12,FakeLagosV2,7,117,10000,,,,SKIP,,,,,,,,0,2.3.1,0.17.2,0.46.1
21,QAOA MaxCut 12Q,12,FakeLagosV2,7,118,10000,,,,SKIP,,,,,,,,0,2.3.1,0.17.2,0.46.1
21,QAOA MaxCut 12Q,12,FakeLagosV2,7,119,10000,,,,SKIP,,,,,,,,0,2.3.1,0.17.2,0.46.1
22,QML Image Class 14Q,14,FakeLagosV2,7,20,400,,,,SKIP,,,,,,,,0,2.3.1,0.17.2,0.46.1
22,QML Image Class 14Q,14,FakeLagosV2,7,21,400,,,,SKIP,,,,,,,,0,2.3.1,0.17.2,0.46.1
22,QML Image Class 14Q,14,FakeLagosV2,7,22,400,,,,SKIP,,,,,,,,0,2.3.1,0.17.2,0.46.1
22,QML Image Class 14Q,14,FakeLagosV2,7,23,400,,,,SKIP,,,,,,,,0,2.3.1,0.17.2,0.46.1
22,QML Image Class 14Q,14,FakeLagosV2,7,24,400,,,,SKIP,,,,,,,,0,2.3.1,0.17.2,0.46.1
22,QML Image Class 14Q,14,FakeLagosV2,7,25,400,,,,SKIP,,,,,,,,0,2.3.1,0.17.2,0.46.1
22,QML Image Class 14Q,14,FakeLagosV2,7,26,400,,,,SKIP,,,,,,,,0,2.3.1,0.17.2,0.46.1
22,QML Image Class 14Q,14,FakeLagosV2,7,27,400,,,,SKIP,,,,,,,,0,2.3.1,0.17.2,0.46.1
22,QML Image Class 14Q,14,FakeLagosV2,7,28,400,,,,SKIP,,,,,,,,0,2.3.1,0.17.2,0.46.1
22,QML Image Class 14Q,14,FakeLagosV2,7,29,400,,,,SKIP,,,,,,,,0,2.3.1,0.17.2,0.46.1
22,QML Image Class 14Q,14,FakeLagosV2,7,30,400,,,,SKIP,,,,,,,,0,2.3.1,0.17.2,0.46.1
22,QML Image Class 14Q,14,FakeLagosV2,7,31,400,,,,SKIP,,,,,,,,0,2.3.1,0.17.2,0.46.1
22,QML Image Class 14Q,14,FakeLagosV2,7,32,400,,,,SKIP,,,,,,,,0,2.3.1,0.17.2,0.46.1
22,QML Image Class 14Q,14,FakeLagosV2,7,33,400,,,,SKIP,,,,,,,,0,2.3.1,0.17.2,0.46.1
22,QML Image Class 14Q,14,FakeLagosV2,7,34,400,,,,SKIP,,,,,,,,0,2.3.1,0.17.2,0.46.1
22,QML Image Class 14Q,14,FakeLagosV2,7,35,400,,,,SKIP,,,,,,,,0,2.3.1,0.17.2,0.46.1
22,QML Image Class 14Q,14,FakeLagosV2,7,36,400,,,,SKIP,,,,,,,,0,2.3.1,0.17.2,0.46.1
22,QML Image Class 14Q,14,FakeLagosV2,7,37,400,,,,SKIP,,,,,,,,0,2.3.1,0.17.2,0.46.1
22,QML Image Class 14Q,14,FakeLagosV2,7,38,400,,,,SKIP,,,,,,,,0,2.3.1,0.17.2,0.46.1
22,QML Image Class 14Q,14,FakeLagosV2,7,39,400,,,,SKIP,,,,,,,,0,2.3.1,0.17.2,0.46.1
22,QML Image Class 14Q,14,FakeLagosV2,7,40,400,,,,SKIP,,,,,,,,0,2.3.1,0.17.2,0.46.1
22,QML Image Class 14Q,14,FakeLagosV2,7,41,400,,,,SKIP,,,,,,,,0,2.3.1,0.17.2,0.46.1
22,QML Image Class 14Q,14,FakeLagosV2,7,42,400,,,,SKIP,,,,,,,,0,2.3.1,0.17.2,0.46.1
22,QML Image Class 14Q,14,FakeLagosV2,7,43,400,,,,SKIP,,,,,,,,0,2.3.1,0.17.2,0.46.1
22,QML Image Class 14Q,14,FakeLagosV2,7,44,400,,,,SKIP,,,,,,,,0,2.3.1,0.17.2,0.46.1
22,QML Image Class 14Q,14,FakeLagosV2,7,45,400,,,,SKIP,,,,,,,,0,2.3.1,0.17.2,0.46.1
22,QML Image Class 14Q,14,FakeLagosV2,7,46,400,,,,SKIP,,,,,,,,0,2.3.1,0.17.2,0.46.1
22,QML Image Class 14Q,14,FakeLagosV2,7,47,400,,,,SKIP,,,,,,,,0,2.3.1,0.17.2,0.46.1
22,QML Image Class 14Q,14,FakeLagosV2,7,48,400,,,,SKIP,,,,,,,,0,2.3.1,0.17.2,0.46.1
22,QML Image Class 14Q,14,FakeLagosV2,7,49,400,,,,SKIP,,,,,,,,0,2.3.1,0.17.2,0.46.1
22,QML Image Class 14Q,14,FakeLagosV2,7,50,400,,,,SKIP,,,,,,,,0,2.3.1,0.17.2,0.46.1
22,QML Image Class 14Q,14,FakeLagosV2,7,51,400,,,,SKIP,,,,,,,,0,2.3.1,0.17.2,0.46.1
22,QML Image Class 14Q,14,FakeLagosV2,7,52,400,,,,SKIP,,,,,,,,0,2.3.1,0.17.2,0.46.1
22,QML Image Class 14Q,14,FakeLagosV2,7,53,400,,,,SKIP,,,,,,,,0,2.3.1,0.17.2,0.46.1
22,QML Image Class 14Q,14,FakeLagosV2,7,54,400,,,,SKIP,,,,,,,,0,2.3.1,0.17.2,0.46.1
22,QML Image Class 14Q,14,FakeLagosV2,7,55,400,,,,SKIP,,,,,,,,0,2.3.1,0.17.2,0.46.1
22,QML Image Class 14Q,14,FakeLagosV2,7,56,400,,,,SKIP,,,,,,,,0,2.3.1,0.17.2,0.46.1
22,QML Image Class 14Q,14,FakeLagosV2,7,57,400,,,,SKIP,,,,,,,,0,2.3.1,0.17.2,0.46.1
22,QML Image Class 14Q,14,FakeLagosV2,7,58,400,,,,SKIP,,,,,,,,0,2.3.1,0.17.2,0.46.1
22,QML Image Class 14Q,14,FakeLagosV2,7,59,400,,,,SKIP,,,,,,,,0,2.3.1,0.17.2,0.46.1
22,QML Image Class 14Q,14,FakeLagosV2,7,60,400,,,,SKIP,,,,,,,,0,2.3.1,0.17.2,0.46.1
22,QML Image Class 14Q,14,FakeLagosV2,7,61,400,,,,SKIP,,,,,,,,0,2.3.1,0.17.2,0.46.1
22,QML Image Class 14Q,14,FakeLagosV2,7,62,400,,,,SKIP,,,,,,,,0,2.3.1,0.17.2,0.46.1
22,QML Image Class 14Q,14,FakeLagosV2,7,63,400,,,,SKIP,,,,,,,,0,2.3.1,0.17.2,0.46.1
22,QML Image Class 14Q,14,FakeLagosV2,7,64,400,,,,SKIP,,,,,,,,0,2.3.1,0.17.2,0.46.1
22,QML Image Class 14Q,14,FakeLagosV2,7,65,400,,,,SKIP,,,,,,,,0,2.3.1,0.17.2,0.46.1
22,QML Image Class 14Q,14,FakeLagosV2,7,66,400,,,,SKIP,,,,,,,,0,2.3.1,0.17.2,0.46.1
22,QML Image Class 14Q,14,FakeLagosV2,7,67,400,,,,SKIP,,,,,,,,0,2.3.1,0.17.2,0.46.1
22,QML Image Class 14Q,14,FakeLagosV2,7,68,400,,,,SKIP,,,,,,,,0,2.3.1,0.17.2,0.46.1
22,QML Image Class 14Q,14,FakeLagosV2,7,69,400,,,,SKIP,,,,,,,,0,2.3.1,0.17.2,0.46.1
22,QML Image Class 14Q,14,FakeLagosV2,7,70,400,,,,SKIP,,,,,,,,0,2.3.1,0.17.2,0.46.1
22,QML Image Class 14Q,14,FakeLagosV2,7,71,400,,,,SKIP,,,,,,,,0,2.3.1,0.17.2,0.46.1
22,QML Image Class 14Q,14,FakeLagosV2,7,72,400,,,,SKIP,,,,,,,,0,2.3.1,0.17.2,0.46.1
22,QML Image Class 14Q,14,FakeLagosV2,7,73,400,,,,SKIP,,,,,,,,0,2.3.1,0.17.2,0.46.1
22,QML Image Class 14Q,14,FakeLagosV2,7,74,400,,,,SKIP,,,,,,,,0,2.3.1,0.17.2,0.46.1
22,QML Image Class 14Q,14,FakeLagosV2,7,75,400,,,,SKIP,,,,,,,,0,2.3.1,0.17.2,0.46.1
22,QML Image Class 14Q,14,FakeLagosV2,7,76,400,,,,SKIP,,,,,,,,0,2.3.1,0.17.2,0.46.1
22,QML Image Class 14Q,14,FakeLagosV2,7,77,400,,,,SKIP,,,,,,,,0,2.3.1,0.17.2,0.46.1
22,QML Image Class 14Q,14,FakeLagosV2,7,78,400,,,,SKIP,,,,,,,,0,2.3.1,0.17.2,0.46.1
22,QML Image Class 14Q,14,FakeLagosV2,7,79,400,,,,SKIP,,,,,,,,0,2.3.1,0.17.2,0.46.1
22,QML Image Class 14Q,14,FakeLagosV2,7,80,400,,,,SKIP,,,,,,,,0,2.3.1,0.17.2,0.46.1
22,QML Image Class 14Q,14,FakeLagosV2,7,81,400,,,,SKIP,,,,,,,,0,2.3.1,0.17.2,0.46.1
22,QML Image Class 14Q,14,FakeLagosV2,7,82,400,,,,SKIP,,,,,,,,0,2.3.1,0.17.2,0.46.1
22,QML Image Class 14Q,14,FakeLagosV2,7,83,400,,,,SKIP,,,,,,,,0,2.3.1,0.17.2,0.46.1
22,QML Image Class 14Q,14,FakeLagosV2,7,84,400,,,,SKIP,,,,,,,,0,2.3.1,0.17.2,0.46.1
22,QML Image Class 14Q,14,FakeLagosV2,7,85,400,,,,SKIP,,,,,,,,0,2.3.1,0.17.2,0.46.1
22,QML Image Class 14Q,14,FakeLagosV2,7,86,400,,,,SKIP,,,,,,,,0,2.3.1,0.17.2,0.46.1
22,QML Image Class 14Q,14,FakeLagosV2,7,87,400,,,,SKIP,,,,,,,,0,2.3.1,0.17.2,0.46.1
22,QML Image Class 14Q,14,FakeLagosV2,7,88,400,,,,SKIP,,,,,,,,0,2.3.1,0.17.2,0.46.1
22,QML Image Class 14Q,14,FakeLagosV2,7,89,400,,,,SKIP,,,,,,,,0,2.3.1,0.17.2,0.46.1
22,QML Image Class 14Q,14,FakeLagosV2,7,90,400,,,,SKIP,,,,,,,,0,2.3.1,0.17.2,0.46.1
22,QML Image Class 14Q,14,FakeLagosV2,7,91,400,,,,SKIP,,,,,,,,0,2.3.1,0.17.2,0.46.1
22,QML Image Class 14Q,14,FakeLagosV2,7,92,400,,,,SKIP,,,,,,,,0,2.3.1,0.17.2,0.46.1
22,QML Image Class 14Q,14,FakeLagosV2,7,93,400,,,,SKIP,,,,,,,,0,2.3.1,0.17.2,0.46.1
22,QML Image Class 14Q,14,FakeLagosV2,7,94,400,,,,SKIP,,,,,,,,0,2.3.1,0.17.2,0.46.1
22,QML Image Class 14Q,14,FakeLagosV2,7,95,400,,,,SKIP,,,,,,,,0,2.3.1,0.17.2,0.46.1
22,QML Image Class 14Q,14,FakeLagosV2,7,96,400,,,,SKIP,,,,,,,,0,2.3.1,0.17.2,0.46.1
22,QML Image Class 14Q,14,FakeLagosV2,7,97,400,,,,SKIP,,,,,,,,0,2.3.1,0.17.2,0.46.1
22,QML Image Class 14Q,14,FakeLagosV2,7,98,400,,,,SKIP,,,,,,,,0,2.3.1,0.17.2,0.46.1
22,QML Image Class 14Q,14,FakeLagosV2,7,99,400,,,,SKIP,,,,,,,,0,2.3.1,0.17.2,0.46.1
22,QML Image Class 14Q,14,FakeLagosV2,7,100,400,,,,SKIP,,,,,,,,0,2.3.1,0.17.2,0.46.1
22,QML Image Class 14Q,14,FakeLagosV2,7,101,400,,,,SKIP,,,,,,,,0,2.3.1,0.17.2,0.46.1
22,QML Image Class 14Q,14,FakeLagosV2,7,102,400,,,,SKIP,,,,,,,,0,2.3.1,0.17.2,0.46.1
22,QML Image Class 14Q,14,FakeLagosV2,7,103,400,,,,SKIP,,,,,,,,0,2.3.1,0.17.2,0.46.1
22,QML Image Class 14Q,14,FakeLagosV2,7,104,400,,,,SKIP,,,,,,,,0,2.3.1,0.17.2,0.46.1
22,QML Image Class 14Q,14,FakeLagosV2,7,105,400,,,,SKIP,,,,,,,,0,2.3.1,0.17.2,0.46.1
22,QML Image Class 14Q,14,FakeLagosV2,7,106,400,,,,SKIP,,,,,,,,0,2.3.1,0.17.2,0.46.1
22,QML Image Class 14Q,14,FakeLagosV2,7,107,400,,,,SKIP,,,,,,,,0,2.3.1,0.17.2,0.46.1
22,QML Image Class 14Q,14,FakeLagosV2,7,108,400,,,,SKIP,,,,,,,,0,2.3.1,0.17.2,0.46.1
22,QML Image Class 14Q,14,FakeLagosV2,7,109,400,,,,SKIP,,,,,,,,0,2.3.1,0.17.2,0.46.1
22,QML Image Class 14Q,14,FakeLagosV2,7,110,400,,,,SKIP,,,,,,,,0,2.3.1,0.17.2,0.46.1
22,QML Image Class 14Q,14,FakeLagosV2,7,111,400,,,,SKIP,,,,,,,,0,2.3.1,0.17.2,0.46.1
22,QML Image Class 14Q,14,FakeLagosV2,7,112,400,,,,SKIP,,,,,,,,0,2.3.1,0.17.2,0.46.1
22,QML Image Class 14Q,14,FakeLagosV2,7,113,400,,,,SKIP,,,,,,,,0,2.3.1,0.17.2,0.46.1
22,QML Image Class 14Q,14,FakeLagosV2,7,114,400,,,,SKIP,,,,,,,,0,2.3.1,0.17.2,0.46.1
22,QML Image Class 14Q,14,FakeLagosV2,7,115,400,,,,SKIP,,,,,,,,0,2.3.1,0.17.2,0.46.1
22,QML Image Class 14Q,14,FakeLagosV2,7,116,400,,,,SKIP,,,,,,,,0,2.3.1,0.17.2,0.46.1
22,QML Image Class 14Q,14,FakeLagosV2,7,117,400,,,,SKIP,,,,,,,,0,2.3.1,0.17.2,0.46.1
22,QML Image Class 14Q,14,FakeLagosV2,7,118,400,,,,SKIP,,,,,,,,0,2.3.1,0.17.2,0.46.1
22,QML Image Class 14Q,14,FakeLagosV2,7,119,400,,,,SKIP,,,,,,,,0,2.3.1,0.17.2,0.46.1
23,VQE SrH PDM 12Q,12,FakeLagosV2,7,20,4000,,,,SKIP,,,,,,,,0,2.3.1,0.17.2,0.46.1
23,VQE SrH PDM 12Q,12,FakeLagosV2,7,21,4000,,,,SKIP,,,,,,,,0,2.3.1,0.17.2,0.46.1
23,VQE SrH PDM 12Q,12,FakeLagosV2,7,22,4000,,,,SKIP,,,,,,,,0,2.3.1,0.17.2,0.46.1
23,VQE SrH PDM 12Q,12,FakeLagosV2,7,23,4000,,,,SKIP,,,,,,,,0,2.3.1,0.17.2,0.46.1
23,VQE SrH PDM 12Q,12,FakeLagosV2,7,24,4000,,,,SKIP,,,,,,,,0,2.3.1,0.17.2,0.46.1
23,VQE SrH PDM 12Q,12,FakeLagosV2,7,25,4000,,,,SKIP,,,,,,,,0,2.3.1,0.17.2,0.46.1
23,VQE SrH PDM 12Q,12,FakeLagosV2,7,26,4000,,,,SKIP,,,,,,,,0,2.3.1,0.17.2,0.46.1
23,VQE SrH PDM 12Q,12,FakeLagosV2,7,27,4000,,,,SKIP,,,,,,,,0,2.3.1,0.17.2,0.46.1
23,VQE SrH PDM 12Q,12,FakeLagosV2,7,28,4000,,,,SKIP,,,,,,,,0,2.3.1,0.17.2,0.46.1
23,VQE SrH PDM 12Q,12,FakeLagosV2,7,29,4000,,,,SKIP,,,,,,,,0,2.3.1,0.17.2,0.46.1
23,VQE SrH PDM 12Q,12,FakeLagosV2,7,30,4000,,,,SKIP,,,,,,,,0,2.3.1,0.17.2,0.46.1
23,VQE SrH PDM 12Q,12,FakeLagosV2,7,31,4000,,,,SKIP,,,,,,,,0,2.3.1,0.17.2,0.46.1
23,VQE SrH PDM 12Q,12,FakeLagosV2,7,32,4000,,,,SKIP,,,,,,,,0,2.3.1,0.17.2,0.46.1
23,VQE SrH PDM 12Q,12,FakeLagosV2,7,33,4000,,,,SKIP,,,,,,,,0,2.3.1,0.17.2,0.46.1
23,VQE SrH PDM 12Q,12,FakeLagosV2,7,34,4000,,,,SKIP,,,,,,,,0,2.3.1,0.17.2,0.46.1
23,VQE SrH PDM 12Q,12,FakeLagosV2,7,35,4000,,,,SKIP,,,,,,,,0,2.3.1,0.17.2,0.46.1
23,VQE SrH PDM 12Q,12,FakeLagosV2,7,36,4000,,,,SKIP,,,,,,,,0,2.3.1,0.17.2,0.46.1
23,VQE SrH PDM 12Q,12,FakeLagosV2,7,37,4000,,,,SKIP,,,,,,,,0,2.3.1,0.17.2,0.46.1
23,VQE SrH PDM 12Q,12,FakeLagosV2,7,38,4000,,,,SKIP,,,,,,,,0,2.3.1,0.17.2,0.46.1
23,VQE SrH PDM 12Q,12,FakeLagosV2,7,39,4000,,,,SKIP,,,,,,,,0,2.3.1,0.17.2,0.46.1
23,VQE SrH PDM 12Q,12,FakeLagosV2,7,40,4000,,,,SKIP,,,,,,,,0,2.3.1,0.17.2,0.46.1
23,VQE SrH PDM 12Q,12,FakeLagosV2,7,41,4000,,,,SKIP,,,,,,,,0,2.3.1,0.17.2,0.46.1
23,VQE SrH PDM 12Q,12,FakeLagosV2,7,42,4000,,,,SKIP,,,,,,,,0,2.3.1,0.17.2,0.46.1
23,VQE SrH PDM 12Q,12,FakeLagosV2,7,43,4000,,,,SKIP,,,,,,,,0,2.3.1,0.17.2,0.46.1
23,VQE SrH PDM 12Q,12,FakeLagosV2,7,44,4000,,,,SKIP,,,,,,,,0,2.3.1,0.17.2,0.46.1
23,VQE SrH PDM 12Q,12,FakeLagosV2,7,45,4000,,,,SKIP,,,,,,,,0,2.3.1,0.17.2,0.46.1
23,VQE SrH PDM 12Q,12,FakeLagosV2,7,46,4000,,,,SKIP,,,,,,,,0,2.3.1,0.17.2,0.46.1
23,VQE SrH PDM 12Q,12,FakeLagosV2,7,47,4000,,,,SKIP,,,,,,,,0,2.3.1,0.17.2,0.46.1
23,VQE SrH PDM 12Q,12,FakeLagosV2,7,48,4000,,,,SKIP,,,,,,,,0,2.3.1,0.17.2,0.46.1
23,VQE SrH PDM 12Q,12,FakeLagosV2,7,49,4000,,,,SKIP,,,,,,,,0,2.3.1,0.17.2,0.46.1
23,VQE SrH PDM 12Q,12,FakeLagosV2,7,50,4000,,,,SKIP,,,,,,,,0,2.3.1,0.17.2,0.46.1
23,VQE SrH PDM 12Q,12,FakeLagosV2,7,51,4000,,,,SKIP,,,,,,,,0,2.3.1,0.17.2,0.46.1
23,VQE SrH PDM 12Q,12,FakeLagosV2,7,52,4000,,,,SKIP,,,,,,,,0,2.3.1,0.17.2,0.46.1
23,VQE SrH PDM 12Q,12,FakeLagosV2,7,53,4000,,,,SKIP,,,,,,,,0,2.3.1,0.17.2,0.46.1
23,VQE SrH PDM 12Q,12,FakeLagosV2,7,54,4000,,,,SKIP,,,,,,,,0,2.3.1,0.17.2,0.46.1
23,VQE SrH PDM 12Q,12,FakeLagosV2,7,55,4000,,,,SKIP,,,,,,,,0,2.3.1,0.17.2,0.46.1
23,VQE SrH PDM 12Q,12,FakeLagosV2,7,56,4000,,,,SKIP,,,,,,,,0,2.3.1,0.17.2,0.46.1
23,VQE SrH PDM 12Q,12,FakeLagosV2,7,57,4000,,,,SKIP,,,,,,,,0,2.3.1,0.17.2,0.46.1
23,VQE SrH PDM 12Q,12,FakeLagosV2,7,58,4000,,,,SKIP,,,,,,,,0,2.3.1,0.17.2,0.46.1
23,VQE SrH PDM 12Q,12,FakeLagosV2,7,59,4000,,,,SKIP,,,,,,,,0,2.3.1,0.17.2,0.46.1
23,VQE SrH PDM 12Q,12,FakeLagosV2,7,60,4000,,,,SKIP,,,,,,,,0,2.3.1,0.17.2,0.46.1
23,VQE SrH PDM 12Q,12,FakeLagosV2,7,61,4000,,,,SKIP,,,,,,,,0,2.3.1,0.17.2,0.46.1
23,VQE SrH PDM 12Q,12,FakeLagosV2,7,62,4000,,,,SKIP,,,,,,,,0,2.3.1,0.17.2,0.46.1
23,VQE SrH PDM 12Q,12,FakeLagosV2,7,63,4000,,,,SKIP,,,,,,,,0,2.3.1,0.17.2,0.46.1
23,VQE SrH PDM 12Q,12,FakeLagosV2,7,64,4000,,,,SKIP,,,,,,,,0,2.3.1,0.17.2,0.46.1
23,VQE SrH PDM 12Q,12,FakeLagosV2,7,65,4000,,,,SKIP,,,,,,,,0,2.3.1,0.17.2,0.46.1
23,VQE SrH PDM 12Q,12,FakeLagosV2,7,66,4000,,,,SKIP,,,,,,,,0,2.3.1,0.17.2,0.46.1
23,VQE SrH PDM 12Q,12,FakeLagosV2,7,67,4000,,,,SKIP,,,,,,,,0,2.3.1,0.17.2,0.46.1
23,VQE SrH PDM 12Q,12,FakeLagosV2,7,68,4000,,,,SKIP,,,,,,,,0,2.3.1,0.17.2,0.46.1
23,VQE SrH PDM 12Q,12,FakeLagosV2,7,69,4000,,,,SKIP,,,,,,,,0,2.3.1,0.17.2,0.46.1
23,VQE SrH PDM 12Q,12,FakeLagosV2,7,70,4000,,,,SKIP,,,,,,,,0,2.3.1,0.17.2,0.46.1
23,VQE SrH PDM 12Q,12,FakeLagosV2,7,71,4000,,,,SKIP,,,,,,,,0,2.3.1,0.17.2,0.46.1
23,VQE SrH PDM 12Q,12,FakeLagosV2,7,72,4000,,,,SKIP,,,,,,,,0,2.3.1,0.17.2,0.46.1
23,VQE SrH PDM 12Q,12,FakeLagosV2,7,73,4000,,,,SKIP,,,,,,,,0,2.3.1,0.17.2,0.46.1
23,VQE SrH PDM 12Q,12,FakeLagosV2,7,74,4000,,,,SKIP,,,,,,,,0,2.3.1,0.17.2,0.46.1
23,VQE SrH PDM 12Q,12,FakeLagosV2,7,75,4000,,,,SKIP,,,,,,,,0,2.3.1,0.17.2,0.46.1
23,VQE SrH PDM 12Q,12,FakeLagosV2,7,76,4000,,,,SKIP,,,,,,,,0,2.3.1,0.17.2,0.46.1
23,VQE SrH PDM 12Q,12,FakeLagosV2,7,77,4000,,,,SKIP,,,,,,,,0,2.3.1,0.17.2,0.46.1
23,VQE SrH PDM 12Q,12,FakeLagosV2,7,78,4000,,,,SKIP,,,,,,,,0,2.3.1,0.17.2,0.46.1
23,VQE SrH PDM 12Q,12,FakeLagosV2,7,79,4000,,,,SKIP,,,,,,,,0,2.3.1,0.17.2,0.46.1
23,VQE SrH PDM 12Q,12,FakeLagosV2,7,80,4000,,,,SKIP,,,,,,,,0,2.3.1,0.17.2,0.46.1
23,VQE SrH PDM 12Q,12,FakeLagosV2,7,81,4000,,,,SKIP,,,,,,,,0,2.3.1,0.17.2,0.46.1
23,VQE SrH PDM 12Q,12,FakeLagosV2,7,82,4000,,,,SKIP,,,,,,,,0,2.3.1,0.17.2,0.46.1
23,VQE SrH PDM 12Q,12,FakeLagosV2,7,83,4000,,,,SKIP,,,,,,,,0,2.3.1,0.17.2,0.46.1
23,VQE SrH PDM 12Q,12,FakeLagosV2,7,84,4000,,,,SKIP,,,,,,,,0,2.3.1,0.17.2,0.46.1
23,VQE SrH PDM 12Q,12,FakeLagosV2,7,85,4000,,,,SKIP,,,,,,,,0,2.3.1,0.17.2,0.46.1
23,VQE SrH PDM 12Q,12,FakeLagosV2,7,86,4000,,,,SKIP,,,,,,,,0,2.3.1,0.17.2,0.46.1
23,VQE SrH PDM 12Q,12,FakeLagosV2,7,87,4000,,,,SKIP,,,,,,,,0,2.3.1,0.17.2,0.46.1
23,VQE SrH PDM 12Q,12,FakeLagosV2,7,88,4000,,,,SKIP,,,,,,,,0,2.3.1,0.17.2,0.46.1
23,VQE SrH PDM 12Q,12,FakeLagosV2,7,89,4000,,,,SKIP,,,,,,,,0,2.3.1,0.17.2,0.46.1
23,VQE SrH PDM 12Q,12,FakeLagosV2,7,90,4000,,,,SKIP,,,,,,,,0,2.3.1,0.17.2,0.46.1
23,VQE SrH PDM 12Q,12,FakeLagosV2,7,91,4000,,,,SKIP,,,,,,,,0,2.3.1,0.17.2,0.46.1
23,VQE SrH PDM 12Q,12,FakeLagosV2,7,92,4000,,,,SKIP,,,,,,,,0,2.3.1,0.17.2,0.46.1
23,VQE SrH PDM 12Q,12,FakeLagosV2,7,93,4000,,,,SKIP,,,,,,,,0,2.3.1,0.17.2,0.46.1
23,VQE SrH PDM 12Q,12,FakeLagosV2,7,94,4000,,,,SKIP,,,,,,,,0,2.3.1,0.17.2,0.46.1
23,VQE SrH PDM 12Q,12,FakeLagosV2,7,95,4000,,,,SKIP,,,,,,,,0,2.3.1,0.17.2,0.46.1
23,VQE SrH PDM 12Q,12,FakeLagosV2,7,96,4000,,,,SKIP,,,,,,,,0,2.3.1,0.17.2,0.46.1
23,VQE SrH PDM 12Q,12,FakeLagosV2,7,97,4000,,,,SKIP,,,,,,,,0,2.3.1,0.17.2,0.46.1
23,VQE SrH PDM 12Q,12,FakeLagosV2,7,98,4000,,,,SKIP,,,,,,,,0,2.3.1,0.17.2,0.46.1
23,VQE SrH PDM 12Q,12,FakeLagosV2,7,99,4000,,,,SKIP,,,,,,,,0,2.3.1,0.17.2,0.46.1
23,VQE SrH PDM 12Q,12,FakeLagosV2,7,100,4000,,,,SKIP,,,,,,,,0,2.3.1,0.17.2,0.46.1
23,VQE SrH PDM 12Q,12,FakeLagosV2,7,101,4000,,,,SKIP,,,,,,,,0,2.3.1,0.17.2,0.46.1
23,VQE SrH PDM 12Q,12,FakeLagosV2,7,102,4000,,,,SKIP,,,,,,,,0,2.3.1,0.17.2,0.46.1
23,VQE SrH PDM 12Q,12,FakeLagosV2,7,103,4000,,,,SKIP,,,,,,,,0,2.3.1,0.17.2,0.46.1
23,VQE SrH PDM 12Q,12,FakeLagosV2,7,104,4000,,,,SKIP,,,,,,,,0,2.3.1,0.17.2,0.46.1
23,VQE SrH PDM 12Q,12,FakeLagosV2,7,105,4000,,,,SKIP,,,,,,,,0,2.3.1,0.17.2,0.46.1
23,VQE SrH PDM 12Q,12,FakeLagosV2,7,106,4000,,,,SKIP,,,,,,,,0,2.3.1,0.17.2,0.46.1
23,VQE SrH PDM 12Q,12,FakeLagosV2,7,107,4000,,,,SKIP,,,,,,,,0,2.3.1,0.17.2,0.46.1
23,VQE SrH PDM 12Q,12,FakeLagosV2,7,108,4000,,,,SKIP,,,,,,,,0,2.3.1,0.17.2,0.46.1
23,VQE SrH PDM 12Q,12,FakeLagosV2,7,109,4000,,,,SKIP,,,,,,,,0,2.3.1,0.17.2,0.46.1
23,VQE SrH PDM 12Q,12,FakeLagosV2,7,110,4000,,,,SKIP,,,,,,,,0,2.3.1,0.17.2,0.46.1
23,VQE SrH PDM 12Q,12,FakeLagosV2,7,111,4000,,,,SKIP,,,,,,,,0,2.3.1,0.17.2,0.46.1
23,VQE SrH PDM 12Q,12,FakeLagosV2,7,112,4000,,,,SKIP,,,,,,,,0,2.3.1,0.17.2,0.46.1
23,VQE SrH PDM 12Q,12,FakeLagosV2,7,113,4000,,,,SKIP,,,,,,,,0,2.3.1,0.17.2,0.46.1
23,VQE SrH PDM 12Q,12,FakeLagosV2,7,114,4000,,,,SKIP,,,,,,,,0,2.3.1,0.17.2,0.46.1
23,VQE SrH PDM 12Q,12,FakeLagosV2,7,115,4000,,,,SKIP,,,,,,,,0,2.3.1,0.17.2,0.46.1
23,VQE SrH PDM 12Q,12,FakeLagosV2,7,116,4000,,,,SKIP,,,,,,,,0,2.3.1,0.17.2,0.46.1
23,VQE SrH PDM 12Q,12,FakeLagosV2,7,117,4000,,,,SKIP,,,,,,,,0,2.3.1,0.17.2,0.46.1
23,VQE SrH PDM 12Q,12,FakeLagosV2,7,118,4000,,,,SKIP,,,,,,,,0,2.3.1,0.17.2,0.46.1
23,VQE SrH PDM 12Q,12,FakeLagosV2,7,119,4000,,,,SKIP,,,,,,,,0,2.3.1,0.17.2,0.46.1
24,Grover 6Q,6,FakeLagosV2,7,20,1024,102,0.1016,0.9834,PASS,,,CORRECT,,CORRECT,76,24,0.2,2.3.1,0.17.2,0.46.1
24,Grover 6Q,6,FakeLagosV2,7,21,1024,102,0.0983,0.985,PASS,,,CORRECT,,CORRECT,76,24,0.2,2.3.1,0.17.2,0.46.1
24,Grover 6Q,6,FakeLagosV2,7,22,1024,102,0.1059,0.9825,PASS,,,CORRECT,,CORRECT,76,24,0.3,2.3.1,0.17.2,0.46.1
24,Grover 6Q,6,FakeLagosV2,7,23,1024,102,0.1046,0.9829,PASS,,,CORRECT,,CORRECT,76,24,0.2,2.3.1,0.17.2,0.46.1
24,Grover 6Q,6,FakeLagosV2,7,24,1024,102,0.1088,0.9797,PASS,,,CORRECT,,CORRECT,76,24,0.2,2.3.1,0.17.2,0.46.1
24,Grover 6Q,6,FakeLagosV2,7,25,1024,102,0.104,0.9793,PASS,,,CORRECT,,CORRECT,76,24,0.1,2.3.1,0.17.2,0.46.1
24,Grover 6Q,6,FakeLagosV2,7,26,1024,102,0.1033,0.9822,PASS,,,CORRECT,,CORRECT,76,24,0.1,2.3.1,0.17.2,0.46.1
24,Grover 6Q,6,FakeLagosV2,7,27,1024,102,0.0913,0.9866,PASS,,,CORRECT,,CORRECT,76,24,0.1,2.3.1,0.17.2,0.46.1
24,Grover 6Q,6,FakeLagosV2,7,28,1024,102,0.1177,0.9779,PASS,,,CORRECT,,CORRECT,76,24,0.1,2.3.1,0.17.2,0.46.1
24,Grover 6Q,6,FakeLagosV2,7,29,1024,102,0.1169,0.9778,PASS,,,CORRECT,,CORRECT,76,24,0.1,2.3.1,0.17.2,0.46.1
24,Grover 6Q,6,FakeLagosV2,7,30,1024,102,0.1071,0.9802,PASS,,,CORRECT,,CORRECT,76,24,0.1,2.3.1,0.17.2,0.46.1
24,Grover 6Q,6,FakeLagosV2,7,31,1024,102,0.1063,0.9824,PASS,,,CORRECT,,CORRECT,76,24,0.1,2.3.1,0.17.2,0.46.1
24,Grover 6Q,6,FakeLagosV2,7,32,1024,102,0.0891,0.9877,PASS,,,CORRECT,,CORRECT,76,24,0.1,2.3.1,0.17.2,0.46.1
24,Grover 6Q,6,FakeLagosV2,7,33,1024,102,0.0776,0.9905,PASS,,,CORRECT,,CORRECT,76,24,0.1,2.3.1,0.17.2,0.46.1
24,Grover 6Q,6,FakeLagosV2,7,34,1024,102,0.1106,0.9822,PASS,,,CORRECT,,CORRECT,76,24,0.1,2.3.1,0.17.2,0.46.1
24,Grover 6Q,6,FakeLagosV2,7,35,1024,102,0.1131,0.9802,PASS,,,CORRECT,,CORRECT,76,24,0.1,2.3.1,0.17.2,0.46.1
24,Grover 6Q,6,FakeLagosV2,7,36,1024,102,0.0915,0.9865,PASS,,,CORRECT,,CORRECT,76,24,0.1,2.3.1,0.17.2,0.46.1
24,Grover 6Q,6,FakeLagosV2,7,37,1024,102,0.0984,0.9843,PASS,,,CORRECT,,CORRECT,76,24,0.0,2.3.1,0.17.2,0.46.1
24,Grover 6Q,6,FakeLagosV2,7,38,1024,102,0.1115,0.981,PASS,,,CORRECT,,CORRECT,76,24,0.1,2.3.1,0.17.2,0.46.1
24,Grover 6Q,6,FakeLagosV2,7,39,1024,102,0.107,0.9822,PASS,,,CORRECT,,CORRECT,76,24,0.0,2.3.1,0.17.2,0.46.1
24,Grover 6Q,6,FakeLagosV2,7,40,1024,102,0.1111,0.9804,PASS,,,CORRECT,,CORRECT,76,24,0.0,2.3.1,0.17.2,0.46.1
24,Grover 6Q,6,FakeLagosV2,7,41,1024,102,0.0976,0.9839,PASS,,,CORRECT,,CORRECT,76,24,0.0,2.3.1,0.17.2,0.46.1
24,Grover 6Q,6,FakeLagosV2,7,42,1024,102,0.0865,0.9885,PASS,,,CORRECT,,CORRECT,76,24,0.1,2.3.1,0.17.2,0.46.1
24,Grover 6Q,6,FakeLagosV2,7,43,1024,102,0.1163,0.9791,PASS,,,CORRECT,,CORRECT,76,24,0.1,2.3.1,0.17.2,0.46.1
24,Grover 6Q,6,FakeLagosV2,7,44,1024,102,0.1132,0.9789,PASS,,,CORRECT,,CORRECT,76,24,0.1,2.3.1,0.17.2,0.46.1
24,Grover 6Q,6,FakeLagosV2,7,45,1024,102,0.097,0.9854,PASS,,,CORRECT,,CORRECT,76,24,0.1,2.3.1,0.17.2,0.46.1
24,Grover 6Q,6,FakeLagosV2,7,46,1024,102,0.1007,0.9823,PASS,,,CORRECT,,CORRECT,76,24,0.2,2.3.1,0.17.2,0.46.1
24,Grover 6Q,6,FakeLagosV2,7,47,1024,102,0.0837,0.9891,PASS,,,CORRECT,,CORRECT,76,24,0.2,2.3.1,0.17.2,0.46.1
24,Grover 6Q,6,FakeLagosV2,7,48,1024,102,0.1122,0.9801,PASS,,,CORRECT,,CORRECT,76,24,0.2,2.3.1,0.17.2,0.46.1
24,Grover 6Q,6,FakeLagosV2,7,49,1024,102,0.0992,0.9841,PASS,,,CORRECT,,CORRECT,76,24,0.1,2.3.1,0.17.2,0.46.1
24,Grover 6Q,6,FakeLagosV2,7,50,1024,102,0.1075,0.9817,PASS,,,CORRECT,,CORRECT,76,24,0.1,2.3.1,0.17.2,0.46.1
24,Grover 6Q,6,FakeLagosV2,7,51,1024,102,0.0919,0.9842,PASS,,,CORRECT,,CORRECT,76,24,0.1,2.3.1,0.17.2,0.46.1
24,Grover 6Q,6,FakeLagosV2,7,52,1024,102,0.0896,0.987,PASS,,,CORRECT,,CORRECT,76,24,0.2,2.3.1,0.17.2,0.46.1
24,Grover 6Q,6,FakeLagosV2,7,53,1024,102,0.1043,0.9826,PASS,,,CORRECT,,CORRECT,76,24,0.1,2.3.1,0.17.2,0.46.1
24,Grover 6Q,6,FakeLagosV2,7,54,1024,102,0.1118,0.9801,PASS,,,CORRECT,,CORRECT,76,24,0.1,2.3.1,0.17.2,0.46.1
24,Grover 6Q,6,FakeLagosV2,7,55,1024,102,0.0913,0.9865,PASS,,,CORRECT,,CORRECT,76,24,0.1,2.3.1,0.17.2,0.46.1
24,Grover 6Q,6,FakeLagosV2,7,56,1024,102,0.1028,0.9839,PASS,,,CORRECT,,CORRECT,76,24,0.2,2.3.1,0.17.2,0.46.1
24,Grover 6Q,6,FakeLagosV2,7,57,1024,102,0.1189,0.9783,PASS,,,CORRECT,,CORRECT,76,24,0.1,2.3.1,0.17.2,0.46.1
24,Grover 6Q,6,FakeLagosV2,7,58,1024,102,0.1177,0.9792,PASS,,,CORRECT,,CORRECT,76,24,0.2,2.3.1,0.17.2,0.46.1
24,Grover 6Q,6,FakeLagosV2,7,59,1024,102,0.1017,0.9827,PASS,,,CORRECT,,CORRECT,76,24,0.2,2.3.1,0.17.2,0.46.1
24,Grover 6Q,6,FakeLagosV2,7,60,1024,102,0.1206,0.9754,PASS,,,CORRECT,,CORRECT,76,24,0.2,2.3.1,0.17.2,0.46.1
24,Grover 6Q,6,FakeLagosV2,7,61,1024,102,0.1135,0.9813,PASS,,,CORRECT,,CORRECT,76,24,0.1,2.3.1,0.17.2,0.46.1
24,Grover 6Q,6,FakeLagosV2,7,62,1024,102,0.1057,0.9808,PASS,,,CORRECT,,CORRECT,76,24,0.2,2.3.1,0.17.2,0.46.1
24,Grover 6Q,6,FakeLagosV2,7,63,1024,102,0.1015,0.9827,PASS,,,CORRECT,,CORRECT,76,24,0.2,2.3.1,0.17.2,0.46.1
24,Grover 6Q,6,FakeLagosV2,7,64,1024,102,0.1009,0.9838,PASS,,,CORRECT,,CORRECT,76,24,0.1,2.3.1,0.17.2,0.46.1
24,Grover 6Q,6,FakeLagosV2,7,65,1024,102,0.1192,0.9778,PASS,,,CORRECT,,CORRECT,76,24,0.1,2.3.1,0.17.2,0.46.1
24,Grover 6Q,6,FakeLagosV2,7,66,1024,102,0.1061,0.9844,PASS,,,CORRECT,,CORRECT,76,24,0.1,2.3.1,0.17.2,0.46.1
24,Grover 6Q,6,FakeLagosV2,7,67,1024,102,0.0942,0.9872,PASS,,,CORRECT,,CORRECT,76,24,0.1,2.3.1,0.17.2,0.46.1
24,Grover 6Q,6,FakeLagosV2,7,68,1024,102,0.1067,0.9814,PASS,,,CORRECT,,CORRECT,76,24,0.1,2.3.1,0.17.2,0.46.1
24,Grover 6Q,6,FakeLagosV2,7,69,1024,102,0.1098,0.9817,PASS,,,CORRECT,,CORRECT,76,24,0.2,2.3.1,0.17.2,0.46.1
24,Grover 6Q,6,FakeLagosV2,7,70,1024,102,0.1076,0.9815,PASS,,,CORRECT,,CORRECT,76,24,0.1,2.3.1,0.17.2,0.46.1
24,Grover 6Q,6,FakeLagosV2,7,71,1024,102,0.113,0.9818,PASS,,,CORRECT,,CORRECT,76,24,0.1,2.3.1,0.17.2,0.46.1
24,Grover 6Q,6,FakeLagosV2,7,72,1024,102,0.1159,0.979,PASS,,,CORRECT,,CORRECT,76,24,0.1,2.3.1,0.17.2,0.46.1
24,Grover 6Q,6,FakeLagosV2,7,73,1024,102,0.0995,0.9844,PASS,,,CORRECT,,CORRECT,76,24,0.0,2.3.1,0.17.2,0.46.1
24,Grover 6Q,6,FakeLagosV2,7,74,1024,102,0.0865,0.9878,PASS,,,CORRECT,,CORRECT,76,24,0.1,2.3.1,0.17.2,0.46.1
24,Grover 6Q,6,FakeLagosV2,7,75,1024,102,0.1088,0.982,PASS,,,CORRECT,,CORRECT,76,24,0.0,2.3.1,0.17.2,0.46.1
24,Grover 6Q,6,FakeLagosV2,7,76,1024,102,0.1016,0.9832,PASS,,,CORRECT,,CORRECT,76,24,0.0,2.3.1,0.17.2,0.46.1
24,Grover 6Q,6,FakeLagosV2,7,77,1024,102,0.1098,0.9797,PASS,,,CORRECT,,CORRECT,76,24,0.1,2.3.1,0.17.2,0.46.1
24,Grover 6Q,6,FakeLagosV2,7,78,1024,102,0.105,0.9822,PASS,,,CORRECT,,CORRECT,76,24,0.0,2.3.1,0.17.2,0.46.1
24,Grover 6Q,6,FakeLagosV2,7,79,1024,102,0.1189,0.9757,PASS,,,CORRECT,,CORRECT,76,24,0.0,2.3.1,0.17.2,0.46.1
24,Grover 6Q,6,FakeLagosV2,7,80,1024,102,0.1101,0.9808,PASS,,,CORRECT,,CORRECT,76,24,0.0,2.3.1,0.17.2,0.46.1
24,Grover 6Q,6,FakeLagosV2,7,81,1024,102,0.1128,0.9803,PASS,,,CORRECT,,CORRECT,76,24,0.1,2.3.1,0.17.2,0.46.1
24,Grover 6Q,6,FakeLagosV2,7,82,1024,102,0.1142,0.98,PASS,,,CORRECT,,CORRECT,76,24,0.0,2.3.1,0.17.2,0.46.1
24,Grover 6Q,6,FakeLagosV2,7,83,1024,102,0.1163,0.9795,PASS,,,CORRECT,,CORRECT,76,24,0.0,2.3.1,0.17.2,0.46.1
24,Grover 6Q,6,FakeLagosV2,7,84,1024,102,0.102,0.9842,PASS,,,CORRECT,,CORRECT,76,24,0.1,2.3.1,0.17.2,0.46.1
24,Grover 6Q,6,FakeLagosV2,7,85,1024,102,0.0988,0.9853,PASS,,,CORRECT,,CORRECT,76,24,0.1,2.3.1,0.17.2,0.46.1
24,Grover 6Q,6,FakeLagosV2,7,86,1024,102,0.0916,0.9871,PASS,,,CORRECT,,CORRECT,76,24,0.1,2.3.1,0.17.2,0.46.1
24,Grover 6Q,6,FakeLagosV2,7,87,1024,102,0.0961,0.9845,PASS,,,CORRECT,,CORRECT,76,24,0.1,2.3.1,0.17.2,0.46.1
24,Grover 6Q,6,FakeLagosV2,7,88,1024,102,0.0979,0.984,PASS,,,CORRECT,,CORRECT,76,24,0.1,2.3.1,0.17.2,0.46.1
24,Grover 6Q,6,FakeLagosV2,7,89,1024,102,0.1112,0.9798,PASS,,,CORRECT,,CORRECT,76,24,0.1,2.3.1,0.17.2,0.46.1
24,Grover 6Q,6,FakeLagosV2,7,90,1024,102,0.1001,0.9841,PASS,,,CORRECT,,CORRECT,76,24,0.2,2.3.1,0.17.2,0.46.1
24,Grover 6Q,6,FakeLagosV2,7,91,1024,102,0.1145,0.98,PASS,,,CORRECT,,CORRECT,76,24,0.1,2.3.1,0.17.2,0.46.1
24,Grover 6Q,6,FakeLagosV2,7,92,1024,102,0.1034,0.9828,PASS,,,CORRECT,,CORRECT,76,24,0.1,2.3.1,0.17.2,0.46.1
24,Grover 6Q,6,FakeLagosV2,7,93,1024,102,0.1005,0.9847,PASS,,,CORRECT,,CORRECT,76,24,0.1,2.3.1,0.17.2,0.46.1
24,Grover 6Q,6,FakeLagosV2,7,94,1024,102,0.0999,0.9827,PASS,,,CORRECT,,CORRECT,76,24,0.2,2.3.1,0.17.2,0.46.1
24,Grover 6Q,6,FakeLagosV2,7,95,1024,102,0.0895,0.9869,PASS,,,CORRECT,,CORRECT,76,24,0.2,2.3.1,0.17.2,0.46.1
24,Grover 6Q,6,FakeLagosV2,7,96,1024,102,0.0931,0.9861,PASS,,,CORRECT,,CORRECT,76,24,0.1,2.3.1,0.17.2,0.46.1
24,Grover 6Q,6,FakeLagosV2,7,97,1024,102,0.1156,0.9779,PASS,,,CORRECT,,CORRECT,76,24,0.2,2.3.1,0.17.2,0.46.1
24,Grover 6Q,6,FakeLagosV2,7,98,1024,102,0.09,0.9863,PASS,,,CORRECT,,CORRECT,76,24,0.2,2.3.1,0.17.2,0.46.1
24,Grover 6Q,6,FakeLagosV2,7,99,1024,102,0.091,0.9872,PASS,,,CORRECT,,CORRECT,76,24,0.1,2.3.1,0.17.2,0.46.1
24,Grover 6Q,6,FakeLagosV2,7,100,1024,102,0.1162,0.9791,PASS,,,CORRECT,,CORRECT,76,24,0.2,2.3.1,0.17.2,0.46.1
24,Grover 6Q,6,FakeLagosV2,7,101,1024,102,0.1236,0.9754,PASS,,,CORRECT,,CORRECT,76,24,0.1,2.3.1,0.17.2,0.46.1
24,Grover 6Q,6,FakeLagosV2,7,102,1024,102,0.105,0.9804,PASS,,,CORRECT,,CORRECT,76,24,0.1,2.3.1,0.17.2,0.46.1
24,Grover 6Q,6,FakeLagosV2,7,103,1024,102,0.1001,0.9845,PASS,,,CORRECT,,CORRECT,76,24,0.1,2.3.1,0.17.2,0.46.1
24,Grover 6Q,6,FakeLagosV2,7,104,1024,102,0.1043,0.9836,PASS,,,CORRECT,,CORRECT,76,24,0.1,2.3.1,0.17.2,0.46.1
24,Grover 6Q,6,FakeLagosV2,7,105,1024,102,0.104,0.9835,PASS,,,CORRECT,,CORRECT,76,24,0.2,2.3.1,0.17.2,0.46.1
24,Grover 6Q,6,FakeLagosV2,7,106,1024,102,0.0939,0.9856,PASS,,,CORRECT,,CORRECT,76,24,0.1,2.3.1,0.17.2,0.46.1
24,Grover 6Q,6,FakeLagosV2,7,107,1024,102,0.1022,0.9834,PASS,,,CORRECT,,CORRECT,76,24,0.1,2.3.1,0.17.2,0.46.1
24,Grover 6Q,6,FakeLagosV2,7,108,1024,102,0.0941,0.9859,PASS,,,CORRECT,,CORRECT,76,24,0.1,2.3.1,0.17.2,0.46.1
24,Grover 6Q,6,FakeLagosV2,7,109,1024,102,0.1031,0.9839,PASS,,,CORRECT,,CORRECT,76,24,0.1,2.3.1,0.17.2,0.46.1
24,Grover 6Q,6,FakeLagosV2,7,110,1024,102,0.101,0.9845,PASS,,,CORRECT,,CORRECT,76,24,0.1,2.3.1,0.17.2,0.46.1
24,Grover 6Q,6,FakeLagosV2,7,111,1024,102,0.1025,0.9846,PASS,,,CORRECT,,CORRECT,76,24,0.1,2.3.1,0.17.2,0.46.1
24,Grover 6Q,6,FakeLagosV2,7,112,1024,102,0.1166,0.9798,PASS,,,CORRECT,,CORRECT,76,24,0.1,2.3.1,0.17.2,0.46.1
24,Grover 6Q,6,FakeLagosV2,7,113,1024,102,0.1023,0.982,PASS,,,CORRECT,,CORRECT,76,24,0.1,2.3.1,0.17.2,0.46.1
24,Grover 6Q,6,FakeLagosV2,7,114,1024,102,0.0949,0.9846,PASS,,,CORRECT,,CORRECT,76,24,0.1,2.3.1,0.17.2,0.46.1
24,Grover 6Q,6,FakeLagosV2,7,115,1024,102,0.0971,0.9828,PASS,,,CORRECT,,CORRECT,76,24,0.1,2.3.1,0.17.2,0.46.1
24,Grover 6Q,6,FakeLagosV2,7,116,1024,102,0.107,0.9828,PASS,,,CORRECT,,CORRECT,76,24,0.1,2.3.1,0.17.2,0.46.1
24,Grover 6Q,6,FakeLagosV2,7,117,1024,102,0.1232,0.9773,PASS,,,CORRECT,,CORRECT,76,24,0.1,2.3.1,0.17.2,0.46.1
24,Grover 6Q,6,FakeLagosV2,7,118,1024,102,0.0946,0.9869,PASS,,,CORRECT,,CORRECT,76,24,0.1,2.3.1,0.17.2,0.46.1
24,Grover 6Q,6,FakeLagosV2,7,119,1024,102,0.1111,0.9801,PASS,,,CORRECT,,CORRECT,76,24,0.0,2.3.1,0.17.2,0.46.1
25,QSVM Radar 4Q,4,FakeLagosV2,7,20,1024,102,0.1836,0.957,PASS,,,CORRECT,,CORRECT,22,12,0.0,2.3.1,0.17.2,0.46.1
25,QSVM Radar 4Q,4,FakeLagosV2,7,21,1024,102,0.1631,0.9643,PASS,,,CORRECT,,CORRECT,22,12,0.0,2.3.1,0.17.2,0.46.1
25,QSVM Radar 4Q,4,FakeLagosV2,7,22,1024,102,0.1787,0.9569,PASS,,,CORRECT,,CORRECT,22,12,0.0,2.3.1,0.17.2,0.46.1
25,QSVM Radar 4Q,4,FakeLagosV2,7,23,1024,102,0.1778,0.9579,PASS,,,CORRECT,,CORRECT,22,12,0.1,2.3.1,0.17.2,0.46.1
25,QSVM Radar 4Q,4,FakeLagosV2,7,24,1024,102,0.169,0.96,PASS,,,CORRECT,,CORRECT,22,12,0.1,2.3.1,0.17.2,0.46.1
25,QSVM Radar 4Q,4,FakeLagosV2,7,25,1024,102,0.1572,0.9648,PASS,,,CORRECT,,CORRECT,22,12,0.1,2.3.1,0.17.2,0.46.1
25,QSVM Radar 4Q,4,FakeLagosV2,7,26,1024,102,0.1631,0.9646,PASS,,,CORRECT,,CORRECT,22,12,0.1,2.3.1,0.17.2,0.46.1
25,QSVM Radar 4Q,4,FakeLagosV2,7,27,1024,102,0.1758,0.9588,PASS,,,CORRECT,,CORRECT,22,12,0.2,2.3.1,0.17.2,0.46.1
25,QSVM Radar 4Q,4,FakeLagosV2,7,28,1024,102,0.2119,0.9428,PASS,,,CORRECT,,CORRECT,22,12,0.1,2.3.1,0.17.2,0.46.1
25,QSVM Radar 4Q,4,FakeLagosV2,7,29,1024,102,0.1719,0.9615,PASS,,,CORRECT,,CORRECT,22,12,0.2,2.3.1,0.17.2,0.46.1
25,QSVM Radar 4Q,4,FakeLagosV2,7,30,1024,102,0.168,0.9624,PASS,,,CORRECT,,CORRECT,22,12,0.1,2.3.1,0.17.2,0.46.1
25,QSVM Radar 4Q,4,FakeLagosV2,7,31,1024,102,0.1719,0.9617,PASS,,,CORRECT,,CORRECT,22,12,0.1,2.3.1,0.17.2,0.46.1
25,QSVM Radar 4Q,4,FakeLagosV2,7,32,1024,102,0.168,0.9576,PASS,,,CORRECT,,CORRECT,22,12,0.1,2.3.1,0.17.2,0.46.1
25,QSVM Radar 4Q,4,FakeLagosV2,7,33,1024,102,0.1738,0.958,PASS,,,CORRECT,,CORRECT,22,12,0.1,2.3.1,0.17.2,0.46.1
25,QSVM Radar 4Q,4,FakeLagosV2,7,34,1024,102,0.1846,0.9526,PASS,,,CORRECT,,CORRECT,22,12,0.1,2.3.1,0.17.2,0.46.1
25,QSVM Radar 4Q,4,FakeLagosV2,7,35,1024,102,0.1807,0.9562,PASS,,,CORRECT,,CORRECT,22,12,0.1,2.3.1,0.17.2,0.46.1
25,QSVM Radar 4Q,4,FakeLagosV2,7,36,1024,102,0.1699,0.9633,PASS,,,CORRECT,,CORRECT,22,12,0.1,2.3.1,0.17.2,0.46.1
25,QSVM Radar 4Q,4,FakeLagosV2,7,37,1024,102,0.1602,0.962,PASS,,,CORRECT,,CORRECT,22,12,0.1,2.3.1,0.17.2,0.46.1
25,QSVM Radar 4Q,4,FakeLagosV2,7,38,1024,102,0.1553,0.9669,PASS,,,CORRECT,,CORRECT,22,12,0.1,2.3.1,0.17.2,0.46.1
25,QSVM Radar 4Q,4,FakeLagosV2,7,39,1024,102,0.1592,0.9659,PASS,,,CORRECT,,CORRECT,22,12,0.1,2.3.1,0.17.2,0.46.1
25,QSVM Radar 4Q,4,FakeLagosV2,7,40,1024,102,0.1699,0.9654,PASS,,,CORRECT,,CORRECT,22,12,0.1,2.3.1,0.17.2,0.46.1
25,QSVM Radar 4Q,4,FakeLagosV2,7,41,1024,102,0.1758,0.9599,PASS,,,CORRECT,,CORRECT,22,12,0.2,2.3.1,0.17.2,0.46.1
25,QSVM Radar 4Q,4,FakeLagosV2,7,42,1024,102,0.1787,0.9506,PASS,,,CORRECT,,CORRECT,22,12,0.1,2.3.1,0.17.2,0.46.1
25,QSVM Radar 4Q,4,FakeLagosV2,7,43,1024,102,0.1729,0.9589,PASS,,,CORRECT,,CORRECT,22,12,0.1,2.3.1,0.17.2,0.46.1
25,QSVM Radar 4Q,4,FakeLagosV2,7,44,1024,102,0.1651,0.9645,PASS,,,CORRECT,,CORRECT,22,12,0.1,2.3.1,0.17.2,0.46.1
25,QSVM Radar 4Q,4,FakeLagosV2,7,45,1024,102,0.1582,0.9665,PASS,,,CORRECT,,CORRECT,22,12,0.1,2.3.1,0.17.2,0.46.1
25,QSVM Radar 4Q,4,FakeLagosV2,7,46,1024,102,0.1709,0.9597,PASS,,,CORRECT,,CORRECT,22,12,0.1,2.3.1,0.17.2,0.46.1
25,QSVM Radar 4Q,4,FakeLagosV2,7,47,1024,102,0.1768,0.9579,PASS,,,CORRECT,,CORRECT,22,12,0.1,2.3.1,0.17.2,0.46.1
25,QSVM Radar 4Q,4,FakeLagosV2,7,48,1024,102,0.1582,0.9647,PASS,,,CORRECT,,CORRECT,22,12,0.1,2.3.1,0.17.2,0.46.1
25,QSVM Radar 4Q,4,FakeLagosV2,7,49,1024,102,0.1817,0.9569,PASS,,,CORRECT,,CORRECT,22,12,0.1,2.3.1,0.17.2,0.46.1
25,QSVM Radar 4Q,4,FakeLagosV2,7,50,1024,102,0.1651,0.9621,PASS,,,CORRECT,,CORRECT,22,12,0.2,2.3.1,0.17.2,0.46.1
25,QSVM Radar 4Q,4,FakeLagosV2,7,51,1024,102,0.1787,0.9597,PASS,,,CORRECT,,CORRECT,22,12,0.1,2.3.1,0.17.2,0.46.1
25,QSVM Radar 4Q,4,FakeLagosV2,7,52,1024,102,0.1748,0.9584,PASS,,,CORRECT,,CORRECT,22,12,0.1,2.3.1,0.17.2,0.46.1
25,QSVM Radar 4Q,4,FakeLagosV2,7,53,1024,102,0.1621,0.9654,PASS,,,CORRECT,,CORRECT,22,12,0.2,2.3.1,0.17.2,0.46.1
25,QSVM Radar 4Q,4,FakeLagosV2,7,54,1024,102,0.1934,0.9564,PASS,,,CORRECT,,CORRECT,22,12,0.1,2.3.1,0.17.2,0.46.1
25,QSVM Radar 4Q,4,FakeLagosV2,7,55,1024,102,0.1631,0.9635,PASS,,,CORRECT,,CORRECT,22,12,0.1,2.3.1,0.17.2,0.46.1
25,QSVM Radar 4Q,4,FakeLagosV2,7,56,1024,102,0.1768,0.955,PASS,,,CORRECT,,CORRECT,22,12,0.1,2.3.1,0.17.2,0.46.1
25,QSVM Radar 4Q,4,FakeLagosV2,7,57,1024,102,0.1338,0.9717,PASS,,,CORRECT,,CORRECT,22,12,0.1,2.3.1,0.17.2,0.46.1
25,QSVM Radar 4Q,4,FakeLagosV2,7,58,1024,102,0.1553,0.9678,PASS,,,CORRECT,,CORRECT,22,12,0.0,2.3.1,0.17.2,0.46.1
25,QSVM Radar 4Q,4,FakeLagosV2,7,59,1024,102,0.1856,0.9599,PASS,,,CORRECT,,CORRECT,22,12,0.0,2.3.1,0.17.2,0.46.1
25,QSVM Radar 4Q,4,FakeLagosV2,7,60,1024,102,0.167,0.9654,PASS,,,CORRECT,,CORRECT,22,12,0.1,2.3.1,0.17.2,0.46.1
25,QSVM Radar 4Q,4,FakeLagosV2,7,61,1024,102,0.1612,0.9624,PASS,,,CORRECT,,CORRECT,22,12,0.0,2.3.1,0.17.2,0.46.1
25,QSVM Radar 4Q,4,FakeLagosV2,7,62,1024,102,0.1709,0.9607,PASS,,,CORRECT,,CORRECT,22,12,0.1,2.3.1,0.17.2,0.46.1
25,QSVM Radar 4Q,4,FakeLagosV2,7,63,1024,102,0.1416,0.9724,PASS,,,CORRECT,,CORRECT,22,12,0.0,2.3.1,0.17.2,0.46.1
25,QSVM Radar 4Q,4,FakeLagosV2,7,64,1024,102,0.1719,0.9591,PASS,,,CORRECT,,CORRECT,22,12,0.0,2.3.1,0.17.2,0.46.1
25,QSVM Radar 4Q,4,FakeLagosV2,7,65,1024,102,0.1563,0.9662,PASS,,,CORRECT,,CORRECT,22,12,0.1,2.3.1,0.17.2,0.46.1
25,QSVM Radar 4Q,4,FakeLagosV2,7,66,1024,102,0.167,0.9599,PASS,,,CORRECT,,CORRECT,22,12,0.1,2.3.1,0.17.2,0.46.1
25,QSVM Radar 4Q,4,FakeLagosV2,7,67,1024,102,0.1914,0.9531,PASS,,,CORRECT,,CORRECT,22,12,0.1,2.3.1,0.17.2,0.46.1
25,QSVM Radar 4Q,4,FakeLagosV2,7,68,1024,102,0.1797,0.9578,PASS,,,CORRECT,,CORRECT,22,12,0.1,2.3.1,0.17.2,0.46.1
25,QSVM Radar 4Q,4,FakeLagosV2,7,69,1024,102,0.1582,0.9666,PASS,,,CORRECT,,CORRECT,22,12,0.1,2.3.1,0.17.2,0.46.1
25,QSVM Radar 4Q,4,FakeLagosV2,7,70,1024,102,0.1729,0.9583,PASS,,,CORRECT,,CORRECT,22,12,0.1,2.3.1,0.17.2,0.46.1
25,QSVM Radar 4Q,4,FakeLagosV2,7,71,1024,102,0.1504,0.9681,PASS,,,CORRECT,,CORRECT,22,12,0.1,2.3.1,0.17.2,0.46.1
25,QSVM Radar 4Q,4,FakeLagosV2,7,72,1024,102,0.1778,0.9609,PASS,,,CORRECT,,CORRECT,22,12,0.1,2.3.1,0.17.2,0.46.1
25,QSVM Radar 4Q,4,FakeLagosV2,7,73,1024,102,0.1758,0.9583,PASS,,,CORRECT,,CORRECT,22,12,0.1,2.3.1,0.17.2,0.46.1
25,QSVM Radar 4Q,4,FakeLagosV2,7,74,1024,102,0.1748,0.958,PASS,,,CORRECT,,CORRECT,22,12,0.1,2.3.1,0.17.2,0.46.1
25,QSVM Radar 4Q,4,FakeLagosV2,7,75,1024,102,0.1631,0.9648,PASS,,,CORRECT,,CORRECT,22,12,0.1,2.3.1,0.17.2,0.46.1
25,QSVM Radar 4Q,4,FakeLagosV2,7,76,1024,102,0.169,0.9628,PASS,,,CORRECT,,CORRECT,22,12,0.2,2.3.1,0.17.2,0.46.1
25,QSVM Radar 4Q,4,FakeLagosV2,7,77,1024,102,0.1729,0.9596,PASS,,,CORRECT,,CORRECT,22,12,0.3,2.3.1,0.17.2,0.46.1
25,QSVM Radar 4Q,4,FakeLagosV2,7,78,1024,102,0.1651,0.966,PASS,,,CORRECT,,CORRECT,22,12,0.1,2.3.1,0.17.2,0.46.1
25,QSVM Radar 4Q,4,FakeLagosV2,7,79,1024,102,0.1778,0.9562,PASS,,,CORRECT,,CORRECT,22,12,0.1,2.3.1,0.17.2,0.46.1
25,QSVM Radar 4Q,4,FakeLagosV2,7,80,1024,102,0.1699,0.9616,PASS,,,CORRECT,,CORRECT,22,12,0.2,2.3.1,0.17.2,0.46.1
25,QSVM Radar 4Q,4,FakeLagosV2,7,81,1024,102,0.1983,0.9512,PASS,,,CORRECT,,CORRECT,22,12,0.1,2.3.1,0.17.2,0.46.1
25,QSVM Radar 4Q,4,FakeLagosV2,7,82,1024,102,0.1924,0.9566,PASS,,,CORRECT,,CORRECT,22,12,0.1,2.3.1,0.17.2,0.46.1
25,QSVM Radar 4Q,4,FakeLagosV2,7,83,1024,102,0.1699,0.9618,PASS,,,CORRECT,,CORRECT,22,12,0.1,2.3.1,0.17.2,0.46.1
25,QSVM Radar 4Q,4,FakeLagosV2,7,84,1024,102,0.1514,0.9702,PASS,,,CORRECT,,CORRECT,22,12,0.1,2.3.1,0.17.2,0.46.1
25,QSVM Radar 4Q,4,FakeLagosV2,7,85,1024,102,0.1494,0.97,PASS,,,CORRECT,,CORRECT,22,12,0.1,2.3.1,0.17.2,0.46.1
25,QSVM Radar 4Q,4,FakeLagosV2,7,86,1024,102,0.1699,0.9616,PASS,,,CORRECT,,CORRECT,22,12,0.1,2.3.1,0.17.2,0.46.1
25,QSVM Radar 4Q,4,FakeLagosV2,7,87,1024,102,0.1885,0.954,PASS,,,CORRECT,,CORRECT,22,12,0.2,2.3.1,0.17.2,0.46.1
25,QSVM Radar 4Q,4,FakeLagosV2,7,88,1024,102,0.1758,0.9589,PASS,,,CORRECT,,CORRECT,22,12,0.2,2.3.1,0.17.2,0.46.1
25,QSVM Radar 4Q,4,FakeLagosV2,7,89,1024,102,0.1748,0.9591,PASS,,,CORRECT,,CORRECT,22,12,0.1,2.3.1,0.17.2,0.46.1
25,QSVM Radar 4Q,4,FakeLagosV2,7,90,1024,102,0.1524,0.9723,PASS,,,CORRECT,,CORRECT,22,12,0.1,2.3.1,0.17.2,0.46.1
25,QSVM Radar 4Q,4,FakeLagosV2,7,91,1024,102,0.1885,0.9527,PASS,,,CORRECT,,CORRECT,22,12,0.1,2.3.1,0.17.2,0.46.1
25,QSVM Radar 4Q,4,FakeLagosV2,7,92,1024,102,0.1553,0.9682,PASS,,,CORRECT,,CORRECT,22,12,0.1,2.3.1,0.17.2,0.46.1
25,QSVM Radar 4Q,4,FakeLagosV2,7,93,1024,102,0.1524,0.9724,PASS,,,CORRECT,,CORRECT,22,12,0.1,2.3.1,0.17.2,0.46.1
25,QSVM Radar 4Q,4,FakeLagosV2,7,94,1024,102,0.1641,0.9621,PASS,,,CORRECT,,CORRECT,22,12,0.1,2.3.1,0.17.2,0.46.1
25,QSVM Radar 4Q,4,FakeLagosV2,7,95,1024,102,0.1875,0.958,PASS,,,CORRECT,,CORRECT,22,12,0.1,2.3.1,0.17.2,0.46.1
25,QSVM Radar 4Q,4,FakeLagosV2,7,96,1024,102,0.1807,0.958,PASS,,,CORRECT,,CORRECT,22,12,0.1,2.3.1,0.17.2,0.46.1
25,QSVM Radar 4Q,4,FakeLagosV2,7,97,1024,102,0.1758,0.9591,PASS,,,CORRECT,,CORRECT,22,12,0.0,2.3.1,0.17.2,0.46.1
25,QSVM Radar 4Q,4,FakeLagosV2,7,98,1024,102,0.1387,0.9712,PASS,,,CORRECT,,CORRECT,22,12,0.0,2.3.1,0.17.2,0.46.1
25,QSVM Radar 4Q,4,FakeLagosV2,7,99,1024,102,0.1719,0.9593,PASS,,,CORRECT,,CORRECT,22,12,0.0,2.3.1,0.17.2,0.46.1
25,QSVM Radar 4Q,4,FakeLagosV2,7,100,1024,102,0.167,0.9587,PASS,,,CORRECT,,CORRECT,22,12,0.1,2.3.1,0.17.2,0.46.1
25,QSVM Radar 4Q,4,FakeLagosV2,7,101,1024,102,0.1778,0.961,PASS,,,CORRECT,,CORRECT,22,12,0.1,2.3.1,0.17.2,0.46.1
25,QSVM Radar 4Q,4,FakeLagosV2,7,102,1024,102,0.1524,0.9684,PASS,,,CORRECT,,CORRECT,22,12,0.0,2.3.1,0.17.2,0.46.1
25,QSVM Radar 4Q,4,FakeLagosV2,7,103,1024,102,0.1778,0.9589,PASS,,,CORRECT,,CORRECT,22,12,0.0,2.3.1,0.17.2,0.46.1
25,QSVM Radar 4Q,4,FakeLagosV2,7,104,1024,102,0.1572,0.9666,PASS,,,CORRECT,,CORRECT,22,12,0.1,2.3.1,0.17.2,0.46.1
25,QSVM Radar 4Q,4,FakeLagosV2,7,105,1024,102,0.169,0.9618,PASS,,,CORRECT,,CORRECT,22,12,0.0,2.3.1,0.17.2,0.46.1
25,QSVM Radar 4Q,4,FakeLagosV2,7,106,1024,102,0.1563,0.9654,PASS,,,CORRECT,,CORRECT,22,12,0.1,2.3.1,0.17.2,0.46.1
25,QSVM Radar 4Q,4,FakeLagosV2,7,107,1024,102,0.1475,0.9702,PASS,,,CORRECT,,CORRECT,22,12,0.0,2.3.1,0.17.2,0.46.1
25,QSVM Radar 4Q,4,FakeLagosV2,7,108,1024,102,0.1621,0.9666,PASS,,,CORRECT,,CORRECT,22,12,0.0,2.3.1,0.17.2,0.46.1
25,QSVM Radar 4Q,4,FakeLagosV2,7,109,1024,102,0.1621,0.9642,PASS,,,CORRECT,,CORRECT,22,12,0.1,2.3.1,0.17.2,0.46.1
25,QSVM Radar 4Q,4,FakeLagosV2,7,110,1024,102,0.1836,0.953,PASS,,,CORRECT,,CORRECT,22,12,0.1,2.3.1,0.17.2,0.46.1
25,QSVM Radar 4Q,4,FakeLagosV2,7,111,1024,102,0.1543,0.9668,PASS,,,CORRECT,,CORRECT,22,12,0.0,2.3.1,0.17.2,0.46.1
25,QSVM Radar 4Q,4,FakeLagosV2,7,112,1024,102,0.168,0.9633,PASS,,,CORRECT,,CORRECT,22,12,0.1,2.3.1,0.17.2,0.46.1
25,QSVM Radar 4Q,4,FakeLagosV2,7,113,1024,102,0.167,0.9658,PASS,,,CORRECT,,CORRECT,22,12,0.1,2.3.1,0.17.2,0.46.1
25,QSVM Radar 4Q,4,FakeLagosV2,7,114,1024,102,0.169,0.9624,PASS,,,CORRECT,,CORRECT,22,12,0.1,2.3.1,0.17.2,0.46.1
25,QSVM Radar 4Q,4,FakeLagosV2,7,115,1024,102,0.1514,0.9675,PASS,,,CORRECT,,CORRECT,22,12,0.1,2.3.1,0.17.2,0.46.1
25,QSVM Radar 4Q,4,FakeLagosV2,7,116,1024,102,0.1778,0.9609,PASS,,,CORRECT,,CORRECT,22,12,0.1,2.3.1,0.17.2,0.46.1
25,QSVM Radar 4Q,4,FakeLagosV2,7,117,1024,102,0.1631,0.9609,PASS,,,CORRECT,,CORRECT,22,12,0.1,2.3.1,0.17.2,0.46.1
25,QSVM Radar 4Q,4,FakeLagosV2,7,118,1024,102,0.1729,0.9647,PASS,,,CORRECT,,CORRECT,22,12,0.1,2.3.1,0.17.2,0.46.1
25,QSVM Radar 4Q,4,FakeLagosV2,7,119,1024,102,0.1778,0.9573,PASS,,,CORRECT,,CORRECT,22,12,0.1,2.3.1,0.17.2,0.46.1
