idx,name,n_qubits,backend,backend_qubits,seed,shots,ref_shots,final_tvd,final_hf,grade,stop_cp_paper,stop_shots_paper,stop_correct_paper,stop_cp_tvd_only,stop_correct_tvd_only,transpiled_depth,transpiled_2q,sim_s,qiskit,qiskit_aer,qiskit_ibm_runtime
1,Bell state (GHZ-2),2,FakeTorino,133,20,24576,2457,0.1823,0.8177,PASS,,,CORRECT,,CORRECT,8,2,1.2,2.3.1,0.17.2,0.46.1
1,Bell state (GHZ-2),2,FakeTorino,133,21,24576,2457,0.1857,0.8143,PASS,,,CORRECT,,CORRECT,8,2,1.3,2.3.1,0.17.2,0.46.1
1,Bell state (GHZ-2),2,FakeTorino,133,22,24576,2457,0.1822,0.8178,PASS,,,CORRECT,,CORRECT,8,2,1.0,2.3.1,0.17.2,0.46.1
1,Bell state (GHZ-2),2,FakeTorino,133,23,24576,2457,0.1868,0.8131,PASS,,,CORRECT,,CORRECT,8,2,1.1,2.3.1,0.17.2,0.46.1
1,Bell state (GHZ-2),2,FakeTorino,133,24,24576,2457,0.1846,0.8154,PASS,,,CORRECT,,CORRECT,8,2,1.1,2.3.1,0.17.2,0.46.1
1,Bell state (GHZ-2),2,FakeTorino,133,25,24576,2457,0.1825,0.8175,PASS,,,CORRECT,,CORRECT,8,2,1.3,2.3.1,0.17.2,0.46.1
1,Bell state (GHZ-2),2,FakeTorino,133,26,24576,2457,0.1851,0.8149,PASS,,,CORRECT,,CORRECT,8,2,1.0,2.3.1,0.17.2,0.46.1
1,Bell state (GHZ-2),2,FakeTorino,133,27,24576,2457,0.1812,0.8188,PASS,,,CORRECT,,CORRECT,8,2,1.2,2.3.1,0.17.2,0.46.1
1,Bell state (GHZ-2),2,FakeTorino,133,28,24576,2457,0.1831,0.8168,PASS,,,CORRECT,,CORRECT,8,2,1.2,2.3.1,0.17.2,0.46.1
1,Bell state (GHZ-2),2,FakeTorino,133,29,24576,2457,0.1814,0.8186,PASS,,,CORRECT,,CORRECT,8,2,1.3,2.3.1,0.17.2,0.46.1
1,Bell state (GHZ-2),2,FakeTorino,133,30,24576,2457,0.1844,0.8156,PASS,,,CORRECT,,CORRECT,8,2,1.1,2.3.1,0.17.2,0.46.1
1,Bell state (GHZ-2),2,FakeTorino,133,31,24576,2457,0.1851,0.8149,PASS,,,CORRECT,,CORRECT,8,2,1.2,2.3.1,0.17.2,0.46.1
1,Bell state (GHZ-2),2,FakeTorino,133,32,24576,2457,0.1871,0.8129,PASS,,,CORRECT,,CORRECT,8,2,1.1,2.3.1,0.17.2,0.46.1
1,Bell state (GHZ-2),2,FakeTorino,133,33,24576,2457,0.1835,0.8165,PASS,,,CORRECT,,CORRECT,8,2,1.4,2.3.1,0.17.2,0.46.1
1,Bell state (GHZ-2),2,FakeTorino,133,34,24576,2457,0.1826,0.8174,PASS,,,CORRECT,,CORRECT,8,2,1.2,2.3.1,0.17.2,0.46.1
1,Bell state (GHZ-2),2,FakeTorino,133,35,24576,2457,0.1848,0.8152,PASS,,,CORRECT,,CORRECT,8,2,1.1,2.3.1,0.17.2,0.46.1
1,Bell state (GHZ-2),2,FakeTorino,133,36,24576,2457,0.1855,0.8145,PASS,,,CORRECT,,CORRECT,8,2,1.2,2.3.1,0.17.2,0.46.1
1,Bell state (GHZ-2),2,FakeTorino,133,37,24576,2457,0.1842,0.8158,PASS,,,CORRECT,,CORRECT,8,2,1.4,2.3.1,0.17.2,0.46.1
1,Bell state (GHZ-2),2,FakeTorino,133,38,24576,2457,0.1824,0.8176,PASS,,,CORRECT,,CORRECT,8,2,1.1,2.3.1,0.17.2,0.46.1
1,Bell state (GHZ-2),2,FakeTorino,133,39,24576,2457,0.1855,0.8145,PASS,,,CORRECT,,CORRECT,8,2,1.1,2.3.1,0.17.2,0.46.1
1,Bell state (GHZ-2),2,FakeTorino,133,40,24576,2457,0.1865,0.8135,PASS,,,CORRECT,,CORRECT,8,2,1.1,2.3.1,0.17.2,0.46.1
1,Bell state (GHZ-2),2,FakeTorino,133,41,24576,2457,0.1837,0.8163,PASS,,,CORRECT,,CORRECT,8,2,1.4,2.3.1,0.17.2,0.46.1
1,Bell state (GHZ-2),2,FakeTorino,133,42,24576,2457,0.184,0.816,PASS,,,CORRECT,,CORRECT,8,2,1.2,2.3.1,0.17.2,0.46.1
1,Bell state (GHZ-2),2,FakeTorino,133,43,24576,2457,0.1847,0.8152,PASS,,,CORRECT,,CORRECT,8,2,1.1,2.3.1,0.17.2,0.46.1
1,Bell state (GHZ-2),2,FakeTorino,133,44,24576,2457,0.1868,0.8132,PASS,,,CORRECT,,CORRECT,8,2,1.2,2.3.1,0.17.2,0.46.1
1,Bell state (GHZ-2),2,FakeTorino,133,45,24576,2457,0.1888,0.8111,PASS,,,CORRECT,,CORRECT,8,2,1.4,2.3.1,0.17.2,0.46.1
1,Bell state (GHZ-2),2,FakeTorino,133,46,24576,2457,0.1839,0.8161,PASS,,,CORRECT,,CORRECT,8,2,1.2,2.3.1,0.17.2,0.46.1
1,Bell state (GHZ-2),2,FakeTorino,133,47,24576,2457,0.1826,0.8174,PASS,,,CORRECT,,CORRECT,8,2,1.2,2.3.1,0.17.2,0.46.1
1,Bell state (GHZ-2),2,FakeTorino,133,48,24576,2457,0.1853,0.8147,PASS,,,CORRECT,,CORRECT,8,2,1.3,2.3.1,0.17.2,0.46.1
1,Bell state (GHZ-2),2,FakeTorino,133,49,24576,2457,0.1835,0.8165,PASS,,,CORRECT,,CORRECT,8,2,1.4,2.3.1,0.17.2,0.46.1
1,Bell state (GHZ-2),2,FakeTorino,133,50,24576,2457,0.184,0.816,PASS,,,CORRECT,,CORRECT,8,2,1.2,2.3.1,0.17.2,0.46.1
1,Bell state (GHZ-2),2,FakeTorino,133,51,24576,2457,0.1829,0.8171,PASS,,,CORRECT,,CORRECT,8,2,1.1,2.3.1,0.17.2,0.46.1
1,Bell state (GHZ-2),2,FakeTorino,133,52,24576,2457,0.1843,0.8157,PASS,,,CORRECT,,CORRECT,8,2,1.2,2.3.1,0.17.2,0.46.1
1,Bell state (GHZ-2),2,FakeTorino,133,53,24576,2457,0.1898,0.8102,PASS,,,CORRECT,,CORRECT,8,2,1.5,2.3.1,0.17.2,0.46.1
1,Bell state (GHZ-2),2,FakeTorino,133,54,24576,2457,0.1832,0.8168,PASS,,,CORRECT,,CORRECT,8,2,1.1,2.3.1,0.17.2,0.46.1
1,Bell state (GHZ-2),2,FakeTorino,133,55,24576,2457,0.1849,0.815,PASS,,,CORRECT,,CORRECT,8,2,1.3,2.3.1,0.17.2,0.46.1
1,Bell state (GHZ-2),2,FakeTorino,133,56,24576,2457,0.1814,0.8186,PASS,,,CORRECT,,CORRECT,8,2,1.2,2.3.1,0.17.2,0.46.1
1,Bell state (GHZ-2),2,FakeTorino,133,57,24576,2457,0.1855,0.8145,PASS,,,CORRECT,,CORRECT,8,2,1.4,2.3.1,0.17.2,0.46.1
1,Bell state (GHZ-2),2,FakeTorino,133,58,24576,2457,0.1883,0.8117,PASS,,,CORRECT,,CORRECT,8,2,1.3,2.3.1,0.17.2,0.46.1
1,Bell state (GHZ-2),2,FakeTorino,133,59,24576,2457,0.1832,0.8168,PASS,,,CORRECT,,CORRECT,8,2,1.3,2.3.1,0.17.2,0.46.1
1,Bell state (GHZ-2),2,FakeTorino,133,60,24576,2457,0.1847,0.8153,PASS,,,CORRECT,,CORRECT,8,2,1.2,2.3.1,0.17.2,0.46.1
1,Bell state (GHZ-2),2,FakeTorino,133,61,24576,2457,0.1847,0.8153,PASS,,,CORRECT,,CORRECT,8,2,1.4,2.3.1,0.17.2,0.46.1
1,Bell state (GHZ-2),2,FakeTorino,133,62,24576,2457,0.1821,0.8179,PASS,,,CORRECT,,CORRECT,8,2,1.3,2.3.1,0.17.2,0.46.1
1,Bell state (GHZ-2),2,FakeTorino,133,63,24576,2457,0.1841,0.8158,PASS,,,CORRECT,,CORRECT,8,2,1.3,2.3.1,0.17.2,0.46.1
1,Bell state (GHZ-2),2,FakeTorino,133,64,24576,2457,0.1811,0.8189,PASS,,,CORRECT,,CORRECT,8,2,1.2,2.3.1,0.17.2,0.46.1
1,Bell state (GHZ-2),2,FakeTorino,133,65,24576,2457,0.1869,0.813,PASS,,,CORRECT,,CORRECT,8,2,1.6,2.3.1,0.17.2,0.46.1
1,Bell state (GHZ-2),2,FakeTorino,133,66,24576,2457,0.1827,0.8173,PASS,,,CORRECT,,CORRECT,8,2,1.2,2.3.1,0.17.2,0.46.1
1,Bell state (GHZ-2),2,FakeTorino,133,67,24576,2457,0.1884,0.8115,PASS,,,CORRECT,,CORRECT,8,2,1.2,2.3.1,0.17.2,0.46.1
1,Bell state (GHZ-2),2,FakeTorino,133,68,24576,2457,0.1829,0.8171,PASS,,,CORRECT,,CORRECT,8,2,1.2,2.3.1,0.17.2,0.46.1
1,Bell state (GHZ-2),2,FakeTorino,133,69,24576,2457,0.183,0.817,PASS,,,CORRECT,,CORRECT,8,2,1.5,2.3.1,0.17.2,0.46.1
1,Bell state (GHZ-2),2,FakeTorino,133,70,24576,2457,0.1857,0.8143,PASS,,,CORRECT,,CORRECT,8,2,1.1,2.3.1,0.17.2,0.46.1
1,Bell state (GHZ-2),2,FakeTorino,133,71,24576,2457,0.1855,0.8145,PASS,,,CORRECT,,CORRECT,8,2,1.1,2.3.1,0.17.2,0.46.1
1,Bell state (GHZ-2),2,FakeTorino,133,72,24576,2457,0.1831,0.8169,PASS,,,CORRECT,,CORRECT,8,2,1.2,2.3.1,0.17.2,0.46.1
1,Bell state (GHZ-2),2,FakeTorino,133,73,24576,2457,0.1826,0.8173,PASS,,,CORRECT,,CORRECT,8,2,1.4,2.3.1,0.17.2,0.46.1
1,Bell state (GHZ-2),2,FakeTorino,133,74,24576,2457,0.1846,0.8154,PASS,,,CORRECT,,CORRECT,8,2,1.2,2.3.1,0.17.2,0.46.1
1,Bell state (GHZ-2),2,FakeTorino,133,75,24576,2457,0.1858,0.8142,PASS,,,CORRECT,,CORRECT,8,2,1.3,2.3.1,0.17.2,0.46.1
1,Bell state (GHZ-2),2,FakeTorino,133,76,24576,2457,0.184,0.816,PASS,,,CORRECT,,CORRECT,8,2,1.4,2.3.1,0.17.2,0.46.1
1,Bell state (GHZ-2),2,FakeTorino,133,77,24576,2457,0.187,0.813,PASS,,,CORRECT,,CORRECT,8,2,1.6,2.3.1,0.17.2,0.46.1
1,Bell state (GHZ-2),2,FakeTorino,133,78,24576,2457,0.1849,0.8151,PASS,,,CORRECT,,CORRECT,8,2,1.3,2.3.1,0.17.2,0.46.1
1,Bell state (GHZ-2),2,FakeTorino,133,79,24576,2457,0.1802,0.8198,PASS,,,CORRECT,,CORRECT,8,2,1.6,2.3.1,0.17.2,0.46.1
1,Bell state (GHZ-2),2,FakeTorino,133,80,24576,2457,0.1836,0.8164,PASS,,,CORRECT,,CORRECT,8,2,2.1,2.3.1,0.17.2,0.46.1
1,Bell state (GHZ-2),2,FakeTorino,133,81,24576,2457,0.1845,0.8155,PASS,,,CORRECT,,CORRECT,8,2,1.6,2.3.1,0.17.2,0.46.1
1,Bell state (GHZ-2),2,FakeTorino,133,82,24576,2457,0.1831,0.8169,PASS,,,CORRECT,,CORRECT,8,2,1.6,2.3.1,0.17.2,0.46.1
1,Bell state (GHZ-2),2,FakeTorino,133,83,24576,2457,0.184,0.816,PASS,,,CORRECT,,CORRECT,8,2,1.9,2.3.1,0.17.2,0.46.1
1,Bell state (GHZ-2),2,FakeTorino,133,84,24576,2457,0.1849,0.8151,PASS,,,CORRECT,,CORRECT,8,2,1.2,2.3.1,0.17.2,0.46.1
1,Bell state (GHZ-2),2,FakeTorino,133,85,24576,2457,0.1767,0.8233,PASS,,,CORRECT,,CORRECT,8,2,2.9,2.3.1,0.17.2,0.46.1
1,Bell state (GHZ-2),2,FakeTorino,133,86,24576,2457,0.1868,0.8132,PASS,,,CORRECT,,CORRECT,8,2,1.5,2.3.1,0.17.2,0.46.1
1,Bell state (GHZ-2),2,FakeTorino,133,87,24576,2457,0.1884,0.8116,PASS,,,CORRECT,,CORRECT,8,2,1.9,2.3.1,0.17.2,0.46.1
1,Bell state (GHZ-2),2,FakeTorino,133,88,24576,2457,0.1819,0.8181,PASS,,,CORRECT,,CORRECT,8,2,2.3,2.3.1,0.17.2,0.46.1
1,Bell state (GHZ-2),2,FakeTorino,133,89,24576,2457,0.1827,0.8173,PASS,,,CORRECT,,CORRECT,8,2,2.1,2.3.1,0.17.2,0.46.1
1,Bell state (GHZ-2),2,FakeTorino,133,90,24576,2457,0.1874,0.8126,PASS,,,CORRECT,,CORRECT,8,2,2.6,2.3.1,0.17.2,0.46.1
1,Bell state (GHZ-2),2,FakeTorino,133,91,24576,2457,0.1856,0.8144,PASS,,,CORRECT,,CORRECT,8,2,1.4,2.3.1,0.17.2,0.46.1
1,Bell state (GHZ-2),2,FakeTorino,133,92,24576,2457,0.1844,0.8156,PASS,,,CORRECT,,CORRECT,8,2,1.5,2.3.1,0.17.2,0.46.1
1,Bell state (GHZ-2),2,FakeTorino,133,93,24576,2457,0.1844,0.8156,PASS,,,CORRECT,,CORRECT,8,2,1.8,2.3.1,0.17.2,0.46.1
1,Bell state (GHZ-2),2,FakeTorino,133,94,24576,2457,0.1818,0.8182,PASS,,,CORRECT,,CORRECT,8,2,1.3,2.3.1,0.17.2,0.46.1
1,Bell state (GHZ-2),2,FakeTorino,133,95,24576,2457,0.1844,0.8156,PASS,,,CORRECT,,CORRECT,8,2,1.8,2.3.1,0.17.2,0.46.1
1,Bell state (GHZ-2),2,FakeTorino,133,96,24576,2457,0.185,0.815,PASS,,,CORRECT,,CORRECT,8,2,2.1,2.3.1,0.17.2,0.46.1
1,Bell state (GHZ-2),2,FakeTorino,133,97,24576,2457,0.1892,0.8108,PASS,,,CORRECT,,CORRECT,8,2,1.6,2.3.1,0.17.2,0.46.1
1,Bell state (GHZ-2),2,FakeTorino,133,98,24576,2457,0.1889,0.8111,PASS,,,CORRECT,,CORRECT,8,2,1.6,2.3.1,0.17.2,0.46.1
1,Bell state (GHZ-2),2,FakeTorino,133,99,24576,2457,0.1901,0.8099,PASS,,,CORRECT,,CORRECT,8,2,1.6,2.3.1,0.17.2,0.46.1
1,Bell state (GHZ-2),2,FakeTorino,133,100,24576,2457,0.1813,0.8187,PASS,,,CORRECT,,CORRECT,8,2,1.3,2.3.1,0.17.2,0.46.1
1,Bell state (GHZ-2),2,FakeTorino,133,101,24576,2457,0.1821,0.8179,PASS,,,CORRECT,,CORRECT,8,2,1.7,2.3.1,0.17.2,0.46.1
1,Bell state (GHZ-2),2,FakeTorino,133,102,24576,2457,0.1837,0.8163,PASS,,,CORRECT,,CORRECT,8,2,1.6,2.3.1,0.17.2,0.46.1
1,Bell state (GHZ-2),2,FakeTorino,133,103,24576,2457,0.1855,0.8145,PASS,,,CORRECT,,CORRECT,8,2,1.5,2.3.1,0.17.2,0.46.1
1,Bell state (GHZ-2),2,FakeTorino,133,104,24576,2457,0.1881,0.8119,PASS,,,CORRECT,,CORRECT,8,2,2.0,2.3.1,0.17.2,0.46.1
1,Bell state (GHZ-2),2,FakeTorino,133,105,24576,2457,0.1833,0.8167,PASS,,,CORRECT,,CORRECT,8,2,1.6,2.3.1,0.17.2,0.46.1
1,Bell state (GHZ-2),2,FakeTorino,133,106,24576,2457,0.1835,0.8165,PASS,,,CORRECT,,CORRECT,8,2,1.7,2.3.1,0.17.2,0.46.1
1,Bell state (GHZ-2),2,FakeTorino,133,107,24576,2457,0.1828,0.8172,PASS,,,CORRECT,,CORRECT,8,2,1.5,2.3.1,0.17.2,0.46.1
1,Bell state (GHZ-2),2,FakeTorino,133,108,24576,2457,0.1834,0.8166,PASS,,,CORRECT,,CORRECT,8,2,1.2,2.3.1,0.17.2,0.46.1
1,Bell state (GHZ-2),2,FakeTorino,133,109,24576,2457,0.1855,0.8145,PASS,,,CORRECT,,CORRECT,8,2,1.9,2.3.1,0.17.2,0.46.1
1,Bell state (GHZ-2),2,FakeTorino,133,110,24576,2457,0.1847,0.8153,PASS,,,CORRECT,,CORRECT,8,2,1.7,2.3.1,0.17.2,0.46.1
1,Bell state (GHZ-2),2,FakeTorino,133,111,24576,2457,0.1862,0.8137,PASS,,,CORRECT,,CORRECT,8,2,1.3,2.3.1,0.17.2,0.46.1
1,Bell state (GHZ-2),2,FakeTorino,133,112,24576,2457,0.1857,0.8143,PASS,,,CORRECT,,CORRECT,8,2,1.5,2.3.1,0.17.2,0.46.1
1,Bell state (GHZ-2),2,FakeTorino,133,113,24576,2457,0.1853,0.8147,PASS,,,CORRECT,,CORRECT,8,2,1.7,2.3.1,0.17.2,0.46.1
1,Bell state (GHZ-2),2,FakeTorino,133,114,24576,2457,0.1849,0.8151,PASS,,,CORRECT,,CORRECT,8,2,1.7,2.3.1,0.17.2,0.46.1
1,Bell state (GHZ-2),2,FakeTorino,133,115,24576,2457,0.1839,0.8161,PASS,,,CORRECT,,CORRECT,8,2,1.9,2.3.1,0.17.2,0.46.1
1,Bell state (GHZ-2),2,FakeTorino,133,116,24576,2457,0.1873,0.8127,PASS,,,CORRECT,,CORRECT,8,2,1.3,2.3.1,0.17.2,0.46.1
1,Bell state (GHZ-2),2,FakeTorino,133,117,24576,2457,0.1836,0.8164,PASS,,,CORRECT,,CORRECT,8,2,2.1,2.3.1,0.17.2,0.46.1
1,Bell state (GHZ-2),2,FakeTorino,133,118,24576,2457,0.1878,0.8122,PASS,,,CORRECT,,CORRECT,8,2,1.3,2.3.1,0.17.2,0.46.1
1,Bell state (GHZ-2),2,FakeTorino,133,119,24576,2457,0.1886,0.8114,PASS,,,CORRECT,,CORRECT,8,2,1.5,2.3.1,0.17.2,0.46.1
2,GHZ-3,3,FakeTorino,133,20,8192,819,0.229,0.771,PASS,,,CORRECT,,CORRECT,12,2,1.5,2.3.1,0.17.2,0.46.1
2,GHZ-3,3,FakeTorino,133,21,8192,819,0.2292,0.7707,PASS,,,CORRECT,,CORRECT,12,2,1.4,2.3.1,0.17.2,0.46.1
2,GHZ-3,3,FakeTorino,133,22,8192,819,0.2302,0.7698,PASS,,,CORRECT,,CORRECT,12,2,1.4,2.3.1,0.17.2,0.46.1
2,GHZ-3,3,FakeTorino,133,23,8192,819,0.2292,0.7707,PASS,,,CORRECT,,CORRECT,12,2,1.3,2.3.1,0.17.2,0.46.1
2,GHZ-3,3,FakeTorino,133,24,8192,819,0.2377,0.7623,PASS,,,CORRECT,,CORRECT,12,2,1.2,2.3.1,0.17.2,0.46.1
2,GHZ-3,3,FakeTorino,133,25,8192,819,0.2323,0.7677,PASS,,,CORRECT,,CORRECT,12,2,1.5,2.3.1,0.17.2,0.46.1
2,GHZ-3,3,FakeTorino,133,26,8192,819,0.2345,0.7655,PASS,,,CORRECT,,CORRECT,12,2,1.4,2.3.1,0.17.2,0.46.1
2,GHZ-3,3,FakeTorino,133,27,8192,819,0.239,0.761,PASS,,,CORRECT,,CORRECT,12,2,1.2,2.3.1,0.17.2,0.46.1
2,GHZ-3,3,FakeTorino,133,28,8192,819,0.2292,0.7707,PASS,,,CORRECT,,CORRECT,12,2,1.7,2.3.1,0.17.2,0.46.1
2,GHZ-3,3,FakeTorino,133,29,8192,819,0.2255,0.7745,PASS,,,CORRECT,,CORRECT,12,2,1.8,2.3.1,0.17.2,0.46.1
2,GHZ-3,3,FakeTorino,133,30,8192,819,0.2269,0.7731,PASS,,,CORRECT,,CORRECT,12,2,1.1,2.3.1,0.17.2,0.46.1
2,GHZ-3,3,FakeTorino,133,31,8192,819,0.2324,0.7674,PASS,,,CORRECT,,CORRECT,12,2,1.5,2.3.1,0.17.2,0.46.1
2,GHZ-3,3,FakeTorino,133,32,8192,819,0.2279,0.7721,PASS,,,CORRECT,,CORRECT,12,2,1.5,2.3.1,0.17.2,0.46.1
2,GHZ-3,3,FakeTorino,133,33,8192,819,0.2366,0.7634,PASS,,,CORRECT,,CORRECT,12,2,1.3,2.3.1,0.17.2,0.46.1
2,GHZ-3,3,FakeTorino,133,34,8192,819,0.2327,0.7673,PASS,,,CORRECT,,CORRECT,12,2,1.4,2.3.1,0.17.2,0.46.1
2,GHZ-3,3,FakeTorino,133,35,8192,819,0.2302,0.7697,PASS,,,CORRECT,,CORRECT,12,2,1.3,2.3.1,0.17.2,0.46.1
2,GHZ-3,3,FakeTorino,133,36,8192,819,0.2316,0.7684,PASS,,,CORRECT,,CORRECT,12,2,1.4,2.3.1,0.17.2,0.46.1
2,GHZ-3,3,FakeTorino,133,37,8192,819,0.2413,0.7586,PASS,,,CORRECT,,CORRECT,12,2,1.8,2.3.1,0.17.2,0.46.1
2,GHZ-3,3,FakeTorino,133,38,8192,819,0.2313,0.7686,PASS,,,CORRECT,,CORRECT,12,2,2.0,2.3.1,0.17.2,0.46.1
2,GHZ-3,3,FakeTorino,133,39,8192,819,0.2296,0.7704,PASS,,,CORRECT,,CORRECT,12,2,1.4,2.3.1,0.17.2,0.46.1
2,GHZ-3,3,FakeTorino,133,40,8192,819,0.2419,0.758,PASS,,,CORRECT,,CORRECT,12,2,1.2,2.3.1,0.17.2,0.46.1
2,GHZ-3,3,FakeTorino,133,41,8192,819,0.2378,0.7622,PASS,,,CORRECT,,CORRECT,12,2,2.1,2.3.1,0.17.2,0.46.1
2,GHZ-3,3,FakeTorino,133,42,8192,819,0.2354,0.7646,PASS,,,CORRECT,,CORRECT,12,2,2.7,2.3.1,0.17.2,0.46.1
2,GHZ-3,3,FakeTorino,133,43,8192,819,0.2286,0.7712,PASS,,,CORRECT,,CORRECT,12,2,2.2,2.3.1,0.17.2,0.46.1
2,GHZ-3,3,FakeTorino,133,44,8192,819,0.2292,0.7708,PASS,,,CORRECT,,CORRECT,12,2,2.3,2.3.1,0.17.2,0.46.1
2,GHZ-3,3,FakeTorino,133,45,8192,819,0.2354,0.7646,PASS,,,CORRECT,,CORRECT,12,2,2.8,2.3.1,0.17.2,0.46.1
2,GHZ-3,3,FakeTorino,133,46,8192,819,0.2262,0.7738,PASS,,,CORRECT,,CORRECT,12,2,2.2,2.3.1,0.17.2,0.46.1
2,GHZ-3,3,FakeTorino,133,47,8192,819,0.2367,0.7632,PASS,,,CORRECT,,CORRECT,12,2,2.3,2.3.1,0.17.2,0.46.1
2,GHZ-3,3,FakeTorino,133,48,8192,819,0.2288,0.7712,PASS,,,CORRECT,,CORRECT,12,2,1.5,2.3.1,0.17.2,0.46.1
2,GHZ-3,3,FakeTorino,133,49,8192,819,0.2339,0.7661,PASS,,,CORRECT,,CORRECT,12,2,1.8,2.3.1,0.17.2,0.46.1
2,GHZ-3,3,FakeTorino,133,50,8192,819,0.2341,0.7659,PASS,,,CORRECT,,CORRECT,12,2,1.9,2.3.1,0.17.2,0.46.1
2,GHZ-3,3,FakeTorino,133,51,8192,819,0.2255,0.7745,PASS,,,CORRECT,,CORRECT,12,2,1.7,2.3.1,0.17.2,0.46.1
2,GHZ-3,3,FakeTorino,133,52,8192,819,0.2322,0.7678,PASS,,,CORRECT,,CORRECT,12,2,1.4,2.3.1,0.17.2,0.46.1
2,GHZ-3,3,FakeTorino,133,53,8192,819,0.2325,0.7675,PASS,,,CORRECT,,CORRECT,12,2,1.7,2.3.1,0.17.2,0.46.1
2,GHZ-3,3,FakeTorino,133,54,8192,819,0.2303,0.7696,PASS,,,CORRECT,,CORRECT,12,2,2.4,2.3.1,0.17.2,0.46.1
2,GHZ-3,3,FakeTorino,133,55,8192,819,0.2275,0.7724,PASS,,,CORRECT,,CORRECT,12,2,1.5,2.3.1,0.17.2,0.46.1
2,GHZ-3,3,FakeTorino,133,56,8192,819,0.2286,0.7713,PASS,,,CORRECT,,CORRECT,12,2,1.5,2.3.1,0.17.2,0.46.1
2,GHZ-3,3,FakeTorino,133,57,8192,819,0.2307,0.7693,PASS,,,CORRECT,,CORRECT,12,2,2.1,2.3.1,0.17.2,0.46.1
2,GHZ-3,3,FakeTorino,133,58,8192,819,0.2345,0.7655,PASS,,,CORRECT,,CORRECT,12,2,2.2,2.3.1,0.17.2,0.46.1
2,GHZ-3,3,FakeTorino,133,59,8192,819,0.2297,0.7702,PASS,,,CORRECT,,CORRECT,12,2,1.4,2.3.1,0.17.2,0.46.1
2,GHZ-3,3,FakeTorino,133,60,8192,819,0.2338,0.7662,PASS,,,CORRECT,,CORRECT,12,2,1.4,2.3.1,0.17.2,0.46.1
2,GHZ-3,3,FakeTorino,133,61,8192,819,0.2303,0.7695,PASS,,,CORRECT,,CORRECT,12,2,2.6,2.3.1,0.17.2,0.46.1
2,GHZ-3,3,FakeTorino,133,62,8192,819,0.2281,0.7718,PASS,,,CORRECT,,CORRECT,12,2,2.0,2.3.1,0.17.2,0.46.1
2,GHZ-3,3,FakeTorino,133,63,8192,819,0.2214,0.7784,PASS,,,CORRECT,,CORRECT,12,2,1.3,2.3.1,0.17.2,0.46.1
2,GHZ-3,3,FakeTorino,133,64,8192,819,0.2322,0.7677,PASS,,,CORRECT,,CORRECT,12,2,1.5,2.3.1,0.17.2,0.46.1
2,GHZ-3,3,FakeTorino,133,65,8192,819,0.2305,0.7695,PASS,,,CORRECT,,CORRECT,12,2,3.9,2.3.1,0.17.2,0.46.1
2,GHZ-3,3,FakeTorino,133,66,8192,819,0.2292,0.7707,PASS,,,CORRECT,,CORRECT,12,2,1.5,2.3.1,0.17.2,0.46.1
2,GHZ-3,3,FakeTorino,133,67,8192,819,0.2227,0.7773,PASS,,,CORRECT,,CORRECT,12,2,1.4,2.3.1,0.17.2,0.46.1
2,GHZ-3,3,FakeTorino,133,68,8192,819,0.2322,0.7677,PASS,,,CORRECT,,CORRECT,12,2,2.6,2.3.1,0.17.2,0.46.1
2,GHZ-3,3,FakeTorino,133,69,8192,819,0.2308,0.7692,PASS,,,CORRECT,,CORRECT,12,2,2.7,2.3.1,0.17.2,0.46.1
2,GHZ-3,3,FakeTorino,133,70,8192,819,0.2339,0.7661,PASS,,,CORRECT,,CORRECT,12,2,1.2,2.3.1,0.17.2,0.46.1
2,GHZ-3,3,FakeTorino,133,71,8192,819,0.2343,0.7657,PASS,,,CORRECT,,CORRECT,12,2,2.9,2.3.1,0.17.2,0.46.1
2,GHZ-3,3,FakeTorino,133,72,8192,819,0.2234,0.7766,PASS,,,CORRECT,,CORRECT,12,2,2.1,2.3.1,0.17.2,0.46.1
2,GHZ-3,3,FakeTorino,133,73,8192,819,0.2263,0.7736,PASS,,,CORRECT,,CORRECT,12,2,1.6,2.3.1,0.17.2,0.46.1
2,GHZ-3,3,FakeTorino,133,74,8192,819,0.2346,0.7654,PASS,,,CORRECT,,CORRECT,12,2,2.6,2.3.1,0.17.2,0.46.1
2,GHZ-3,3,FakeTorino,133,75,8192,819,0.226,0.774,PASS,,,CORRECT,,CORRECT,12,2,2.5,2.3.1,0.17.2,0.46.1
2,GHZ-3,3,FakeTorino,133,76,8192,819,0.2372,0.7628,PASS,,,CORRECT,,CORRECT,12,2,1.4,2.3.1,0.17.2,0.46.1
2,GHZ-3,3,FakeTorino,133,77,8192,819,0.2333,0.7666,PASS,,,CORRECT,,CORRECT,12,2,2.9,2.3.1,0.17.2,0.46.1
2,GHZ-3,3,FakeTorino,133,78,8192,819,0.2318,0.7681,PASS,,,CORRECT,,CORRECT,12,2,2.7,2.3.1,0.17.2,0.46.1
2,GHZ-3,3,FakeTorino,133,79,8192,819,0.2334,0.7666,PASS,,,CORRECT,,CORRECT,12,2,1.5,2.3.1,0.17.2,0.46.1
2,GHZ-3,3,FakeTorino,133,80,8192,819,0.2303,0.7696,PASS,,,CORRECT,,CORRECT,12,2,2.3,2.3.1,0.17.2,0.46.1
2,GHZ-3,3,FakeTorino,133,81,8192,819,0.2289,0.7711,PASS,,,CORRECT,,CORRECT,12,2,3.6,2.3.1,0.17.2,0.46.1
2,GHZ-3,3,FakeTorino,133,82,8192,819,0.2352,0.7648,PASS,,,CORRECT,,CORRECT,12,2,1.4,2.3.1,0.17.2,0.46.1
2,GHZ-3,3,FakeTorino,133,83,8192,819,0.2318,0.7682,PASS,,,CORRECT,,CORRECT,12,2,2.7,2.3.1,0.17.2,0.46.1
2,GHZ-3,3,FakeTorino,133,84,8192,819,0.2267,0.7733,PASS,,,CORRECT,,CORRECT,12,2,3.5,2.3.1,0.17.2,0.46.1
2,GHZ-3,3,FakeTorino,133,85,8192,819,0.2249,0.775,PASS,,,CORRECT,,CORRECT,12,2,1.8,2.3.1,0.17.2,0.46.1
2,GHZ-3,3,FakeTorino,133,86,8192,819,0.233,0.767,PASS,,,CORRECT,,CORRECT,12,2,3.9,2.3.1,0.17.2,0.46.1
2,GHZ-3,3,FakeTorino,133,87,8192,819,0.2252,0.7748,PASS,,,CORRECT,,CORRECT,12,2,1.8,2.3.1,0.17.2,0.46.1
2,GHZ-3,3,FakeTorino,133,88,8192,819,0.2277,0.7723,PASS,,,CORRECT,,CORRECT,12,2,2.0,2.3.1,0.17.2,0.46.1
2,GHZ-3,3,FakeTorino,133,89,8192,819,0.2307,0.7693,PASS,,,CORRECT,,CORRECT,12,2,3.5,2.3.1,0.17.2,0.46.1
2,GHZ-3,3,FakeTorino,133,90,8192,819,0.2266,0.7734,PASS,,,CORRECT,,CORRECT,12,2,1.5,2.3.1,0.17.2,0.46.1
2,GHZ-3,3,FakeTorino,133,91,8192,819,0.2396,0.7604,PASS,,,CORRECT,,CORRECT,12,2,1.7,2.3.1,0.17.2,0.46.1
2,GHZ-3,3,FakeTorino,133,92,8192,819,0.2339,0.7661,PASS,,,CORRECT,,CORRECT,12,2,1.5,2.3.1,0.17.2,0.46.1
2,GHZ-3,3,FakeTorino,133,93,8192,819,0.23,0.77,PASS,,,CORRECT,,CORRECT,12,2,2.8,2.3.1,0.17.2,0.46.1
2,GHZ-3,3,FakeTorino,133,94,8192,819,0.2313,0.7687,PASS,,,CORRECT,,CORRECT,12,2,1.2,2.3.1,0.17.2,0.46.1
2,GHZ-3,3,FakeTorino,133,95,8192,819,0.238,0.762,PASS,,,CORRECT,,CORRECT,12,2,2.4,2.3.1,0.17.2,0.46.1
2,GHZ-3,3,FakeTorino,133,96,8192,819,0.2336,0.7663,PASS,,,CORRECT,,CORRECT,12,2,2.3,2.3.1,0.17.2,0.46.1
2,GHZ-3,3,FakeTorino,133,97,8192,819,0.2266,0.7734,PASS,,,CORRECT,,CORRECT,12,2,1.7,2.3.1,0.17.2,0.46.1
2,GHZ-3,3,FakeTorino,133,98,8192,819,0.2377,0.7623,PASS,,,CORRECT,,CORRECT,12,2,1.1,2.3.1,0.17.2,0.46.1
2,GHZ-3,3,FakeTorino,133,99,8192,819,0.233,0.7669,PASS,,,CORRECT,,CORRECT,12,2,3.3,2.3.1,0.17.2,0.46.1
2,GHZ-3,3,FakeTorino,133,100,8192,819,0.228,0.772,PASS,,,CORRECT,,CORRECT,12,2,3.3,2.3.1,0.17.2,0.46.1
2,GHZ-3,3,FakeTorino,133,101,8192,819,0.2272,0.7728,PASS,,,CORRECT,,CORRECT,12,2,1.6,2.3.1,0.17.2,0.46.1
2,GHZ-3,3,FakeTorino,133,102,8192,819,0.2319,0.7681,PASS,,,CORRECT,,CORRECT,12,2,2.1,2.3.1,0.17.2,0.46.1
2,GHZ-3,3,FakeTorino,133,103,8192,819,0.2294,0.7706,PASS,,,CORRECT,,CORRECT,12,2,1.8,2.3.1,0.17.2,0.46.1
2,GHZ-3,3,FakeTorino,133,104,8192,819,0.2316,0.7684,PASS,,,CORRECT,,CORRECT,12,2,1.7,2.3.1,0.17.2,0.46.1
2,GHZ-3,3,FakeTorino,133,105,8192,819,0.2231,0.7767,PASS,,,CORRECT,,CORRECT,12,2,1.8,2.3.1,0.17.2,0.46.1
2,GHZ-3,3,FakeTorino,133,106,8192,819,0.2351,0.7649,PASS,,,CORRECT,,CORRECT,12,2,1.5,2.3.1,0.17.2,0.46.1
2,GHZ-3,3,FakeTorino,133,107,8192,819,0.2307,0.7693,PASS,,,CORRECT,,CORRECT,12,2,1.4,2.3.1,0.17.2,0.46.1
2,GHZ-3,3,FakeTorino,133,108,8192,819,0.2292,0.7708,PASS,,,CORRECT,,CORRECT,12,2,2.3,2.3.1,0.17.2,0.46.1
2,GHZ-3,3,FakeTorino,133,109,8192,819,0.233,0.767,PASS,,,CORRECT,,CORRECT,12,2,3.1,2.3.1,0.17.2,0.46.1
2,GHZ-3,3,FakeTorino,133,110,8192,819,0.2366,0.7634,PASS,,,CORRECT,,CORRECT,12,2,1.5,2.3.1,0.17.2,0.46.1
2,GHZ-3,3,FakeTorino,133,111,8192,819,0.2382,0.7618,PASS,,,CORRECT,,CORRECT,12,2,1.4,2.3.1,0.17.2,0.46.1
2,GHZ-3,3,FakeTorino,133,112,8192,819,0.2307,0.7693,PASS,,,CORRECT,,CORRECT,12,2,1.7,2.3.1,0.17.2,0.46.1
2,GHZ-3,3,FakeTorino,133,113,8192,819,0.2401,0.7599,PASS,,,CORRECT,,CORRECT,12,2,2.9,2.3.1,0.17.2,0.46.1
2,GHZ-3,3,FakeTorino,133,114,8192,819,0.2322,0.7678,PASS,,,CORRECT,,CORRECT,12,2,2.0,2.3.1,0.17.2,0.46.1
2,GHZ-3,3,FakeTorino,133,115,8192,819,0.2357,0.7642,PASS,,,CORRECT,,CORRECT,12,2,2.0,2.3.1,0.17.2,0.46.1
2,GHZ-3,3,FakeTorino,133,116,8192,819,0.2365,0.7635,PASS,,,CORRECT,,CORRECT,12,2,2.9,2.3.1,0.17.2,0.46.1
2,GHZ-3,3,FakeTorino,133,117,8192,819,0.2339,0.7661,PASS,,,CORRECT,,CORRECT,12,2,2.2,2.3.1,0.17.2,0.46.1
2,GHZ-3,3,FakeTorino,133,118,8192,819,0.2301,0.7699,PASS,,,CORRECT,,CORRECT,12,2,1.5,2.3.1,0.17.2,0.46.1
2,GHZ-3,3,FakeTorino,133,119,8192,819,0.2338,0.7662,PASS,,,CORRECT,,CORRECT,12,2,2.8,2.3.1,0.17.2,0.46.1
3,VQE HeH+ 2Q,2,FakeTorino,133,20,4000,400,0.1885,0.8115,PASS,,,CORRECT,,CORRECT,8,2,1.9,2.3.1,0.17.2,0.46.1
3,VQE HeH+ 2Q,2,FakeTorino,133,21,4000,400,0.199,0.801,PASS,,,CORRECT,,CORRECT,8,2,1.5,2.3.1,0.17.2,0.46.1
3,VQE HeH+ 2Q,2,FakeTorino,133,22,4000,400,0.191,0.809,PASS,,,CORRECT,,CORRECT,8,2,2.8,2.3.1,0.17.2,0.46.1
3,VQE HeH+ 2Q,2,FakeTorino,133,23,4000,400,0.1873,0.8128,PASS,,,CORRECT,,CORRECT,8,2,2.4,2.3.1,0.17.2,0.46.1
3,VQE HeH+ 2Q,2,FakeTorino,133,24,4000,400,0.191,0.809,PASS,,,CORRECT,,CORRECT,8,2,1.4,2.3.1,0.17.2,0.46.1
3,VQE HeH+ 2Q,2,FakeTorino,133,25,4000,400,0.1813,0.8188,PASS,,,CORRECT,,CORRECT,8,2,4.1,2.3.1,0.17.2,0.46.1
3,VQE HeH+ 2Q,2,FakeTorino,133,26,4000,400,0.2035,0.7965,PASS,,,CORRECT,,CORRECT,8,2,1.8,2.3.1,0.17.2,0.46.1
3,VQE HeH+ 2Q,2,FakeTorino,133,27,4000,400,0.1893,0.8108,PASS,,,CORRECT,,CORRECT,8,2,1.7,2.3.1,0.17.2,0.46.1
3,VQE HeH+ 2Q,2,FakeTorino,133,28,4000,400,0.1923,0.8078,PASS,,,CORRECT,,CORRECT,8,2,2.3,2.3.1,0.17.2,0.46.1
3,VQE HeH+ 2Q,2,FakeTorino,133,29,4000,400,0.1883,0.8118,PASS,,,CORRECT,,CORRECT,8,2,2.3,2.3.1,0.17.2,0.46.1
3,VQE HeH+ 2Q,2,FakeTorino,133,30,4000,400,0.189,0.811,PASS,,,CORRECT,,CORRECT,8,2,1.3,2.3.1,0.17.2,0.46.1
3,VQE HeH+ 2Q,2,FakeTorino,133,31,4000,400,0.202,0.798,PASS,,,CORRECT,,CORRECT,8,2,2.1,2.3.1,0.17.2,0.46.1
3,VQE HeH+ 2Q,2,FakeTorino,133,32,4000,400,0.1873,0.8128,PASS,,,CORRECT,,CORRECT,8,2,2.2,2.3.1,0.17.2,0.46.1
3,VQE HeH+ 2Q,2,FakeTorino,133,33,4000,400,0.1845,0.8155,PASS,,,CORRECT,,CORRECT,8,2,1.6,2.3.1,0.17.2,0.46.1
3,VQE HeH+ 2Q,2,FakeTorino,133,34,4000,400,0.197,0.803,PASS,,,CORRECT,,CORRECT,8,2,1.7,2.3.1,0.17.2,0.46.1
3,VQE HeH+ 2Q,2,FakeTorino,133,35,4000,400,0.189,0.811,PASS,,,CORRECT,,CORRECT,8,2,3.0,2.3.1,0.17.2,0.46.1
3,VQE HeH+ 2Q,2,FakeTorino,133,36,4000,400,0.1895,0.8105,PASS,,,CORRECT,,CORRECT,8,2,1.7,2.3.1,0.17.2,0.46.1
3,VQE HeH+ 2Q,2,FakeTorino,133,37,4000,400,0.1905,0.8095,PASS,,,CORRECT,,CORRECT,8,2,1.4,2.3.1,0.17.2,0.46.1
3,VQE HeH+ 2Q,2,FakeTorino,133,38,4000,400,0.1973,0.8028,PASS,,,CORRECT,,CORRECT,8,2,2.8,2.3.1,0.17.2,0.46.1
3,VQE HeH+ 2Q,2,FakeTorino,133,39,4000,400,0.1935,0.8065,PASS,,,CORRECT,,CORRECT,8,2,2.8,2.3.1,0.17.2,0.46.1
3,VQE HeH+ 2Q,2,FakeTorino,133,40,4000,400,0.1868,0.8133,PASS,,,CORRECT,,CORRECT,8,2,1.3,2.3.1,0.17.2,0.46.1
3,VQE HeH+ 2Q,2,FakeTorino,133,41,4000,400,0.1815,0.8185,PASS,,,CORRECT,,CORRECT,8,2,2.3,2.3.1,0.17.2,0.46.1
3,VQE HeH+ 2Q,2,FakeTorino,133,42,4000,400,0.2,0.8,PASS,,,CORRECT,,CORRECT,8,2,3.2,2.3.1,0.17.2,0.46.1
3,VQE HeH+ 2Q,2,FakeTorino,133,43,4000,400,0.1955,0.8045,PASS,,,CORRECT,,CORRECT,8,2,1.4,2.3.1,0.17.2,0.46.1
3,VQE HeH+ 2Q,2,FakeTorino,133,44,4000,400,0.1945,0.8055,PASS,,,CORRECT,,CORRECT,8,2,1.4,2.3.1,0.17.2,0.46.1
3,VQE HeH+ 2Q,2,FakeTorino,133,45,4000,400,0.1855,0.8145,PASS,,,CORRECT,,CORRECT,8,2,2.6,2.3.1,0.17.2,0.46.1
3,VQE HeH+ 2Q,2,FakeTorino,133,46,4000,400,0.177,0.823,PASS,,,CORRECT,,CORRECT,8,2,2.6,2.3.1,0.17.2,0.46.1
3,VQE HeH+ 2Q,2,FakeTorino,133,47,4000,400,0.1757,0.8243,PASS,,,CORRECT,,CORRECT,8,2,1.6,2.3.1,0.17.2,0.46.1
3,VQE HeH+ 2Q,2,FakeTorino,133,48,4000,400,0.187,0.813,PASS,,,CORRECT,,CORRECT,8,2,2.3,2.3.1,0.17.2,0.46.1
3,VQE HeH+ 2Q,2,FakeTorino,133,49,4000,400,0.1967,0.8033,PASS,,,CORRECT,,CORRECT,8,2,2.8,2.3.1,0.17.2,0.46.1
3,VQE HeH+ 2Q,2,FakeTorino,133,50,4000,400,0.187,0.813,PASS,,,CORRECT,,CORRECT,8,2,1.2,2.3.1,0.17.2,0.46.1
3,VQE HeH+ 2Q,2,FakeTorino,133,51,4000,400,0.197,0.803,PASS,,,CORRECT,,CORRECT,8,2,2.2,2.3.1,0.17.2,0.46.1
3,VQE HeH+ 2Q,2,FakeTorino,133,52,4000,400,0.1863,0.8138,PASS,,,CORRECT,,CORRECT,8,2,2.0,2.3.1,0.17.2,0.46.1
3,VQE HeH+ 2Q,2,FakeTorino,133,53,4000,400,0.196,0.804,PASS,,,CORRECT,,CORRECT,8,2,2.5,2.3.1,0.17.2,0.46.1
3,VQE HeH+ 2Q,2,FakeTorino,133,54,4000,400,0.1965,0.8035,PASS,,,CORRECT,,CORRECT,8,2,1.9,2.3.1,0.17.2,0.46.1
3,VQE HeH+ 2Q,2,FakeTorino,133,55,4000,400,0.18,0.82,PASS,,,CORRECT,,CORRECT,8,2,2.8,2.3.1,0.17.2,0.46.1
3,VQE HeH+ 2Q,2,FakeTorino,133,56,4000,400,0.1893,0.8108,PASS,,,CORRECT,,CORRECT,8,2,1.6,2.3.1,0.17.2,0.46.1
3,VQE HeH+ 2Q,2,FakeTorino,133,57,4000,400,0.192,0.808,PASS,,,CORRECT,,CORRECT,8,2,1.6,2.3.1,0.17.2,0.46.1
3,VQE HeH+ 2Q,2,FakeTorino,133,58,4000,400,0.2033,0.7968,PASS,,,CORRECT,,CORRECT,8,2,1.6,2.3.1,0.17.2,0.46.1
3,VQE HeH+ 2Q,2,FakeTorino,133,59,4000,400,0.1983,0.8018,PASS,,,CORRECT,,CORRECT,8,2,1.5,2.3.1,0.17.2,0.46.1
3,VQE HeH+ 2Q,2,FakeTorino,133,60,4000,400,0.1933,0.8068,PASS,,,CORRECT,,CORRECT,8,2,1.8,2.3.1,0.17.2,0.46.1
3,VQE HeH+ 2Q,2,FakeTorino,133,61,4000,400,0.1837,0.8163,PASS,,,CORRECT,,CORRECT,8,2,1.5,2.3.1,0.17.2,0.46.1
3,VQE HeH+ 2Q,2,FakeTorino,133,62,4000,400,0.186,0.814,PASS,,,CORRECT,,CORRECT,8,2,2.7,2.3.1,0.17.2,0.46.1
3,VQE HeH+ 2Q,2,FakeTorino,133,63,4000,400,0.1893,0.8108,PASS,,,CORRECT,,CORRECT,8,2,2.9,2.3.1,0.17.2,0.46.1
3,VQE HeH+ 2Q,2,FakeTorino,133,64,4000,400,0.1825,0.8175,PASS,,,CORRECT,,CORRECT,8,2,1.3,2.3.1,0.17.2,0.46.1
3,VQE HeH+ 2Q,2,FakeTorino,133,65,4000,400,0.2052,0.7948,PASS,,,CORRECT,,CORRECT,8,2,3.6,2.3.1,0.17.2,0.46.1
3,VQE HeH+ 2Q,2,FakeTorino,133,66,4000,400,0.1855,0.8145,PASS,,,CORRECT,,CORRECT,8,2,2.0,2.3.1,0.17.2,0.46.1
3,VQE HeH+ 2Q,2,FakeTorino,133,67,4000,400,0.1885,0.8115,PASS,,,CORRECT,,CORRECT,8,2,1.3,2.3.1,0.17.2,0.46.1
3,VQE HeH+ 2Q,2,FakeTorino,133,68,4000,400,0.1873,0.8128,PASS,,,CORRECT,,CORRECT,8,2,1.7,2.3.1,0.17.2,0.46.1
3,VQE HeH+ 2Q,2,FakeTorino,133,69,4000,400,0.19,0.81,PASS,,,CORRECT,,CORRECT,8,2,1.7,2.3.1,0.17.2,0.46.1
3,VQE HeH+ 2Q,2,FakeTorino,133,70,4000,400,0.1793,0.8208,PASS,,,CORRECT,,CORRECT,8,2,1.6,2.3.1,0.17.2,0.46.1
3,VQE HeH+ 2Q,2,FakeTorino,133,71,4000,400,0.1807,0.8193,PASS,,,CORRECT,,CORRECT,8,2,1.4,2.3.1,0.17.2,0.46.1
3,VQE HeH+ 2Q,2,FakeTorino,133,72,4000,400,0.1913,0.8088,PASS,,,CORRECT,,CORRECT,8,2,3.0,2.3.1,0.17.2,0.46.1
3,VQE HeH+ 2Q,2,FakeTorino,133,73,4000,400,0.189,0.811,PASS,,,CORRECT,,CORRECT,8,2,2.6,2.3.1,0.17.2,0.46.1
3,VQE HeH+ 2Q,2,FakeTorino,133,74,4000,400,0.1935,0.8065,PASS,,,CORRECT,,CORRECT,8,2,1.3,2.3.1,0.17.2,0.46.1
3,VQE HeH+ 2Q,2,FakeTorino,133,75,4000,400,0.1825,0.8175,PASS,,,CORRECT,,CORRECT,8,2,2.3,2.3.1,0.17.2,0.46.1
3,VQE HeH+ 2Q,2,FakeTorino,133,76,4000,400,0.201,0.799,PASS,,,CORRECT,,CORRECT,8,2,2.4,2.3.1,0.17.2,0.46.1
3,VQE HeH+ 2Q,2,FakeTorino,133,77,4000,400,0.185,0.815,PASS,,,CORRECT,,CORRECT,8,2,1.4,2.3.1,0.17.2,0.46.1
3,VQE HeH+ 2Q,2,FakeTorino,133,78,4000,400,0.19,0.81,PASS,,,CORRECT,,CORRECT,8,2,1.9,2.3.1,0.17.2,0.46.1
3,VQE HeH+ 2Q,2,FakeTorino,133,79,4000,400,0.1915,0.8085,PASS,,,CORRECT,,CORRECT,8,2,3.2,2.3.1,0.17.2,0.46.1
3,VQE HeH+ 2Q,2,FakeTorino,133,80,4000,400,0.1857,0.8143,PASS,,,CORRECT,,CORRECT,8,2,1.5,2.3.1,0.17.2,0.46.1
3,VQE HeH+ 2Q,2,FakeTorino,133,81,4000,400,0.1847,0.8153,PASS,,,CORRECT,,CORRECT,8,2,1.5,2.3.1,0.17.2,0.46.1
3,VQE HeH+ 2Q,2,FakeTorino,133,82,4000,400,0.1927,0.8073,PASS,,,CORRECT,,CORRECT,8,2,3.0,2.3.1,0.17.2,0.46.1
3,VQE HeH+ 2Q,2,FakeTorino,133,83,4000,400,0.1877,0.8123,PASS,,,CORRECT,,CORRECT,8,2,2.3,2.3.1,0.17.2,0.46.1
3,VQE HeH+ 2Q,2,FakeTorino,133,84,4000,400,0.1803,0.8198,PASS,,,CORRECT,,CORRECT,8,2,1.4,2.3.1,0.17.2,0.46.1
3,VQE HeH+ 2Q,2,FakeTorino,133,85,4000,400,0.1943,0.8058,PASS,,,CORRECT,,CORRECT,8,2,3.9,2.3.1,0.17.2,0.46.1
3,VQE HeH+ 2Q,2,FakeTorino,133,86,4000,400,0.1873,0.8128,PASS,,,CORRECT,,CORRECT,8,2,2.1,2.3.1,0.17.2,0.46.1
3,VQE HeH+ 2Q,2,FakeTorino,133,87,4000,400,0.1897,0.8103,PASS,,,CORRECT,,CORRECT,8,2,2.2,2.3.1,0.17.2,0.46.1
3,VQE HeH+ 2Q,2,FakeTorino,133,88,4000,400,0.1985,0.8015,PASS,,,CORRECT,,CORRECT,8,2,3.5,2.3.1,0.17.2,0.46.1
3,VQE HeH+ 2Q,2,FakeTorino,133,89,4000,400,0.2,0.8,PASS,,,CORRECT,,CORRECT,8,2,1.5,2.3.1,0.17.2,0.46.1
3,VQE HeH+ 2Q,2,FakeTorino,133,90,4000,400,0.193,0.807,PASS,,,CORRECT,,CORRECT,8,2,2.3,2.3.1,0.17.2,0.46.1
3,VQE HeH+ 2Q,2,FakeTorino,133,91,4000,400,0.1835,0.8165,PASS,,,CORRECT,,CORRECT,8,2,3.2,2.3.1,0.17.2,0.46.1
3,VQE HeH+ 2Q,2,FakeTorino,133,92,4000,400,0.1923,0.8078,PASS,,,CORRECT,,CORRECT,8,2,1.7,2.3.1,0.17.2,0.46.1
3,VQE HeH+ 2Q,2,FakeTorino,133,93,4000,400,0.189,0.811,PASS,,,CORRECT,,CORRECT,8,2,1.8,2.3.1,0.17.2,0.46.1
3,VQE HeH+ 2Q,2,FakeTorino,133,94,4000,400,0.185,0.815,PASS,,,CORRECT,,CORRECT,8,2,2.1,2.3.1,0.17.2,0.46.1
3,VQE HeH+ 2Q,2,FakeTorino,133,95,4000,400,0.1927,0.8073,PASS,,,CORRECT,,CORRECT,8,2,2.2,2.3.1,0.17.2,0.46.1
3,VQE HeH+ 2Q,2,FakeTorino,133,96,4000,400,0.1897,0.8103,PASS,,,CORRECT,,CORRECT,8,2,1.2,2.3.1,0.17.2,0.46.1
3,VQE HeH+ 2Q,2,FakeTorino,133,97,4000,400,0.1927,0.8073,PASS,,,CORRECT,,CORRECT,8,2,3.6,2.3.1,0.17.2,0.46.1
3,VQE HeH+ 2Q,2,FakeTorino,133,98,4000,400,0.183,0.817,PASS,,,CORRECT,,CORRECT,8,2,2.8,2.3.1,0.17.2,0.46.1
3,VQE HeH+ 2Q,2,FakeTorino,133,99,4000,400,0.1893,0.8108,PASS,,,CORRECT,,CORRECT,8,2,1.0,2.3.1,0.17.2,0.46.1
3,VQE HeH+ 2Q,2,FakeTorino,133,100,4000,400,0.1903,0.8098,PASS,,,CORRECT,,CORRECT,8,2,3.2,2.3.1,0.17.2,0.46.1
3,VQE HeH+ 2Q,2,FakeTorino,133,101,4000,400,0.1843,0.8158,PASS,,,CORRECT,,CORRECT,8,2,2.8,2.3.1,0.17.2,0.46.1
3,VQE HeH+ 2Q,2,FakeTorino,133,102,4000,400,0.1985,0.8015,PASS,,,CORRECT,,CORRECT,8,2,1.1,2.3.1,0.17.2,0.46.1
3,VQE HeH+ 2Q,2,FakeTorino,133,103,4000,400,0.188,0.812,PASS,,,CORRECT,,CORRECT,8,2,2.0,2.3.1,0.17.2,0.46.1
3,VQE HeH+ 2Q,2,FakeTorino,133,104,4000,400,0.188,0.812,PASS,,,CORRECT,,CORRECT,8,2,1.8,2.3.1,0.17.2,0.46.1
3,VQE HeH+ 2Q,2,FakeTorino,133,105,4000,400,0.1807,0.8193,PASS,,,CORRECT,,CORRECT,8,2,1.6,2.3.1,0.17.2,0.46.1
3,VQE HeH+ 2Q,2,FakeTorino,133,106,4000,400,0.2035,0.7965,PASS,,,CORRECT,,CORRECT,8,2,1.3,2.3.1,0.17.2,0.46.1
3,VQE HeH+ 2Q,2,FakeTorino,133,107,4000,400,0.197,0.803,PASS,,,CORRECT,,CORRECT,8,2,1.9,2.3.1,0.17.2,0.46.1
3,VQE HeH+ 2Q,2,FakeTorino,133,108,4000,400,0.1783,0.8218,PASS,,,CORRECT,,CORRECT,8,2,3.1,2.3.1,0.17.2,0.46.1
3,VQE HeH+ 2Q,2,FakeTorino,133,109,4000,400,0.1817,0.8183,PASS,,,CORRECT,,CORRECT,8,2,2.2,2.3.1,0.17.2,0.46.1
3,VQE HeH+ 2Q,2,FakeTorino,133,110,4000,400,0.2,0.8,PASS,,,CORRECT,,CORRECT,8,2,2.2,2.3.1,0.17.2,0.46.1
3,VQE HeH+ 2Q,2,FakeTorino,133,111,4000,400,0.1885,0.8115,PASS,,,CORRECT,,CORRECT,8,2,4.0,2.3.1,0.17.2,0.46.1
3,VQE HeH+ 2Q,2,FakeTorino,133,112,4000,400,0.1933,0.8068,PASS,,,CORRECT,,CORRECT,8,2,1.2,2.3.1,0.17.2,0.46.1
3,VQE HeH+ 2Q,2,FakeTorino,133,113,4000,400,0.1897,0.8103,PASS,,,CORRECT,,CORRECT,8,2,4.4,2.3.1,0.17.2,0.46.1
3,VQE HeH+ 2Q,2,FakeTorino,133,114,4000,400,0.1823,0.8178,PASS,,,CORRECT,,CORRECT,8,2,2.7,2.3.1,0.17.2,0.46.1
3,VQE HeH+ 2Q,2,FakeTorino,133,115,4000,400,0.1905,0.8095,PASS,,,CORRECT,,CORRECT,8,2,2.6,2.3.1,0.17.2,0.46.1
3,VQE HeH+ 2Q,2,FakeTorino,133,116,4000,400,0.1853,0.8148,PASS,,,CORRECT,,CORRECT,8,2,2.1,2.3.1,0.17.2,0.46.1
3,VQE HeH+ 2Q,2,FakeTorino,133,117,4000,400,0.1897,0.8103,PASS,,,CORRECT,,CORRECT,8,2,1.6,2.3.1,0.17.2,0.46.1
3,VQE HeH+ 2Q,2,FakeTorino,133,118,4000,400,0.189,0.811,PASS,,,CORRECT,,CORRECT,8,2,2.1,2.3.1,0.17.2,0.46.1
3,VQE HeH+ 2Q,2,FakeTorino,133,119,4000,400,0.1785,0.8215,PASS,,,CORRECT,,CORRECT,8,2,3.1,2.3.1,0.17.2,0.46.1
4,GHZ-4,4,FakeTorino,133,20,8192,819,0.2368,0.7632,PASS,,,CORRECT,,CORRECT,16,3,1.2,2.3.1,0.17.2,0.46.1
4,GHZ-4,4,FakeTorino,133,21,8192,819,0.2535,0.7464,PASS,,,CORRECT,,CORRECT,16,3,1.9,2.3.1,0.17.2,0.46.1
4,GHZ-4,4,FakeTorino,133,22,8192,819,0.2427,0.7573,PASS,,,CORRECT,,CORRECT,16,3,1.7,2.3.1,0.17.2,0.46.1
4,GHZ-4,4,FakeTorino,133,23,8192,819,0.2448,0.7552,PASS,,,CORRECT,,CORRECT,16,3,3.3,2.3.1,0.17.2,0.46.1
4,GHZ-4,4,FakeTorino,133,24,8192,819,0.2439,0.7561,PASS,,,CORRECT,,CORRECT,16,3,1.3,2.3.1,0.17.2,0.46.1
4,GHZ-4,4,FakeTorino,133,25,8192,819,0.2477,0.7523,PASS,,,CORRECT,,CORRECT,16,3,3.0,2.3.1,0.17.2,0.46.1
4,GHZ-4,4,FakeTorino,133,26,8192,819,0.2466,0.7534,PASS,,,CORRECT,,CORRECT,16,3,3.2,2.3.1,0.17.2,0.46.1
4,GHZ-4,4,FakeTorino,133,27,8192,819,0.2533,0.7467,PASS,,,CORRECT,,CORRECT,16,3,2.0,2.3.1,0.17.2,0.46.1
4,GHZ-4,4,FakeTorino,133,28,8192,819,0.244,0.7559,PASS,,,CORRECT,,CORRECT,16,3,3.4,2.3.1,0.17.2,0.46.1
4,GHZ-4,4,FakeTorino,133,29,8192,819,0.2463,0.7537,PASS,,,CORRECT,,CORRECT,16,3,1.6,2.3.1,0.17.2,0.46.1
4,GHZ-4,4,FakeTorino,133,30,8192,819,0.2463,0.7537,PASS,,,CORRECT,,CORRECT,16,3,1.4,2.3.1,0.17.2,0.46.1
4,GHZ-4,4,FakeTorino,133,31,8192,819,0.2458,0.754,PASS,,,CORRECT,,CORRECT,16,3,3.2,2.3.1,0.17.2,0.46.1
4,GHZ-4,4,FakeTorino,133,32,8192,819,0.2477,0.7523,PASS,,,CORRECT,,CORRECT,16,3,2.2,2.3.1,0.17.2,0.46.1
4,GHZ-4,4,FakeTorino,133,33,8192,819,0.2437,0.7563,PASS,,,CORRECT,,CORRECT,16,3,2.0,2.3.1,0.17.2,0.46.1
4,GHZ-4,4,FakeTorino,133,34,8192,819,0.243,0.7569,PASS,,,CORRECT,,CORRECT,16,3,2.7,2.3.1,0.17.2,0.46.1
4,GHZ-4,4,FakeTorino,133,35,8192,819,0.2426,0.7574,PASS,,,CORRECT,,CORRECT,16,3,1.6,2.3.1,0.17.2,0.46.1
4,GHZ-4,4,FakeTorino,133,36,8192,819,0.2444,0.7556,PASS,,,CORRECT,,CORRECT,16,3,1.4,2.3.1,0.17.2,0.46.1
4,GHZ-4,4,FakeTorino,133,37,8192,819,0.2407,0.7593,PASS,,,CORRECT,,CORRECT,16,3,2.7,2.3.1,0.17.2,0.46.1
4,GHZ-4,4,FakeTorino,133,38,8192,819,0.2412,0.7586,PASS,,,CORRECT,,CORRECT,16,3,2.5,2.3.1,0.17.2,0.46.1
4,GHZ-4,4,FakeTorino,133,39,8192,819,0.2427,0.7573,PASS,,,CORRECT,,CORRECT,16,3,1.3,2.3.1,0.17.2,0.46.1
4,GHZ-4,4,FakeTorino,133,40,8192,819,0.2504,0.7496,PASS,,,CORRECT,,CORRECT,16,3,1.2,2.3.1,0.17.2,0.46.1
4,GHZ-4,4,FakeTorino,133,41,8192,819,0.2471,0.7529,PASS,,,CORRECT,,CORRECT,16,3,3.8,2.3.1,0.17.2,0.46.1
4,GHZ-4,4,FakeTorino,133,42,8192,819,0.2446,0.7554,PASS,,,CORRECT,,CORRECT,16,3,2.1,2.3.1,0.17.2,0.46.1
4,GHZ-4,4,FakeTorino,133,43,8192,819,0.2416,0.7583,PASS,,,CORRECT,,CORRECT,16,3,1.1,2.3.1,0.17.2,0.46.1
4,GHZ-4,4,FakeTorino,133,44,8192,819,0.2494,0.7506,PASS,,,CORRECT,,CORRECT,16,3,2.0,2.3.1,0.17.2,0.46.1
4,GHZ-4,4,FakeTorino,133,45,8192,819,0.2469,0.7531,PASS,,,CORRECT,,CORRECT,16,3,2.4,2.3.1,0.17.2,0.46.1
4,GHZ-4,4,FakeTorino,133,46,8192,819,0.2412,0.7587,PASS,,,CORRECT,,CORRECT,16,3,1.3,2.3.1,0.17.2,0.46.1
4,GHZ-4,4,FakeTorino,133,47,8192,819,0.2551,0.7448,PASS,,,CORRECT,,CORRECT,16,3,1.2,2.3.1,0.17.2,0.46.1
4,GHZ-4,4,FakeTorino,133,48,8192,819,0.2479,0.7519,PASS,,,CORRECT,,CORRECT,16,3,3.2,2.3.1,0.17.2,0.46.1
4,GHZ-4,4,FakeTorino,133,49,8192,819,0.2538,0.7462,PASS,,,CORRECT,,CORRECT,16,3,2.7,2.3.1,0.17.2,0.46.1
4,GHZ-4,4,FakeTorino,133,50,8192,819,0.2424,0.7576,PASS,,,CORRECT,,CORRECT,16,3,2.0,2.3.1,0.17.2,0.46.1
4,GHZ-4,4,FakeTorino,133,51,8192,819,0.2417,0.7583,PASS,,,CORRECT,,CORRECT,16,3,2.7,2.3.1,0.17.2,0.46.1
4,GHZ-4,4,FakeTorino,133,52,8192,819,0.2454,0.7546,PASS,,,CORRECT,,CORRECT,16,3,1.4,2.3.1,0.17.2,0.46.1
4,GHZ-4,4,FakeTorino,133,53,8192,819,0.2524,0.7476,PASS,,,CORRECT,,CORRECT,16,3,1.5,2.3.1,0.17.2,0.46.1
4,GHZ-4,4,FakeTorino,133,54,8192,819,0.2432,0.7568,PASS,,,CORRECT,,CORRECT,16,3,3.7,2.3.1,0.17.2,0.46.1
4,GHZ-4,4,FakeTorino,133,55,8192,819,0.2458,0.7539,PASS,,,CORRECT,,CORRECT,16,3,2.6,2.3.1,0.17.2,0.46.1
4,GHZ-4,4,FakeTorino,133,56,8192,819,0.2478,0.7522,PASS,,,CORRECT,,CORRECT,16,3,2.5,2.3.1,0.17.2,0.46.1
4,GHZ-4,4,FakeTorino,133,57,8192,819,0.2504,0.7496,PASS,,,CORRECT,,CORRECT,16,3,2.8,2.3.1,0.17.2,0.46.1
4,GHZ-4,4,FakeTorino,133,58,8192,819,0.2507,0.7492,PASS,,,CORRECT,,CORRECT,16,3,1.7,2.3.1,0.17.2,0.46.1
4,GHZ-4,4,FakeTorino,133,59,8192,819,0.2339,0.7661,PASS,,,CORRECT,,CORRECT,16,3,2.0,2.3.1,0.17.2,0.46.1
4,GHZ-4,4,FakeTorino,133,60,8192,819,0.2467,0.7533,PASS,,,CORRECT,,CORRECT,16,3,3.7,2.3.1,0.17.2,0.46.1
4,GHZ-4,4,FakeTorino,133,61,8192,819,0.2468,0.7531,PASS,,,CORRECT,,CORRECT,16,3,2.0,2.3.1,0.17.2,0.46.1
4,GHZ-4,4,FakeTorino,133,62,8192,819,0.2415,0.7585,PASS,,,CORRECT,,CORRECT,16,3,3.4,2.3.1,0.17.2,0.46.1
4,GHZ-4,4,FakeTorino,133,63,8192,819,0.2487,0.7511,PASS,,,CORRECT,,CORRECT,16,3,2.7,2.3.1,0.17.2,0.46.1
4,GHZ-4,4,FakeTorino,133,64,8192,819,0.2313,0.7686,PASS,,,CORRECT,,CORRECT,16,3,1.1,2.3.1,0.17.2,0.46.1
4,GHZ-4,4,FakeTorino,133,65,8192,819,0.2441,0.7558,PASS,,,CORRECT,,CORRECT,16,3,2.6,2.3.1,0.17.2,0.46.1
4,GHZ-4,4,FakeTorino,133,66,8192,819,0.2527,0.7473,PASS,,,CORRECT,,CORRECT,16,3,2.9,2.3.1,0.17.2,0.46.1
4,GHZ-4,4,FakeTorino,133,67,8192,819,0.2443,0.7557,PASS,,,CORRECT,,CORRECT,16,3,1.4,2.3.1,0.17.2,0.46.1
4,GHZ-4,4,FakeTorino,133,68,8192,819,0.2477,0.7523,PASS,,,CORRECT,,CORRECT,16,3,2.5,2.3.1,0.17.2,0.46.1
4,GHZ-4,4,FakeTorino,133,69,8192,819,0.243,0.757,PASS,,,CORRECT,,CORRECT,16,3,3.0,2.3.1,0.17.2,0.46.1
4,GHZ-4,4,FakeTorino,133,70,8192,819,0.2444,0.7556,PASS,,,CORRECT,,CORRECT,16,3,1.6,2.3.1,0.17.2,0.46.1
4,GHZ-4,4,FakeTorino,133,71,8192,819,0.246,0.754,PASS,,,CORRECT,,CORRECT,16,3,2.3,2.3.1,0.17.2,0.46.1
4,GHZ-4,4,FakeTorino,133,72,8192,819,0.2468,0.7531,PASS,,,CORRECT,,CORRECT,16,3,3.6,2.3.1,0.17.2,0.46.1
4,GHZ-4,4,FakeTorino,133,73,8192,819,0.2485,0.7514,PASS,,,CORRECT,,CORRECT,16,3,1.8,2.3.1,0.17.2,0.46.1
4,GHZ-4,4,FakeTorino,133,74,8192,819,0.2463,0.7536,PASS,,,CORRECT,,CORRECT,16,3,2.1,2.3.1,0.17.2,0.46.1
4,GHZ-4,4,FakeTorino,133,75,8192,819,0.2455,0.7545,PASS,,,CORRECT,,CORRECT,16,3,1.6,2.3.1,0.17.2,0.46.1
4,GHZ-4,4,FakeTorino,133,76,8192,819,0.2375,0.7624,PASS,,,CORRECT,,CORRECT,16,3,1.5,2.3.1,0.17.2,0.46.1
4,GHZ-4,4,FakeTorino,133,77,8192,819,0.2504,0.7495,PASS,,,CORRECT,,CORRECT,16,3,1.6,2.3.1,0.17.2,0.46.1
4,GHZ-4,4,FakeTorino,133,78,8192,819,0.2448,0.7552,PASS,,,CORRECT,,CORRECT,16,3,2.6,2.3.1,0.17.2,0.46.1
4,GHZ-4,4,FakeTorino,133,79,8192,819,0.2435,0.7565,PASS,,,CORRECT,,CORRECT,16,3,2.1,2.3.1,0.17.2,0.46.1
4,GHZ-4,4,FakeTorino,133,80,8192,819,0.2438,0.7562,PASS,,,CORRECT,,CORRECT,16,3,2.3,2.3.1,0.17.2,0.46.1
4,GHZ-4,4,FakeTorino,133,81,8192,819,0.2451,0.7549,PASS,,,CORRECT,,CORRECT,16,3,1.5,2.3.1,0.17.2,0.46.1
4,GHZ-4,4,FakeTorino,133,82,8192,819,0.2416,0.7584,PASS,,,CORRECT,,CORRECT,16,3,3.6,2.3.1,0.17.2,0.46.1
4,GHZ-4,4,FakeTorino,133,83,8192,819,0.2457,0.7543,PASS,,,CORRECT,,CORRECT,16,3,1.4,2.3.1,0.17.2,0.46.1
4,GHZ-4,4,FakeTorino,133,84,8192,819,0.2443,0.7557,PASS,,,CORRECT,,CORRECT,16,3,1.4,2.3.1,0.17.2,0.46.1
4,GHZ-4,4,FakeTorino,133,85,8192,819,0.2386,0.7613,PASS,,,CORRECT,,CORRECT,16,3,3.2,2.3.1,0.17.2,0.46.1
4,GHZ-4,4,FakeTorino,133,86,8192,819,0.2435,0.7565,PASS,,,CORRECT,,CORRECT,16,3,1.8,2.3.1,0.17.2,0.46.1
4,GHZ-4,4,FakeTorino,133,87,8192,819,0.2496,0.7504,PASS,,,CORRECT,,CORRECT,16,3,2.4,2.3.1,0.17.2,0.46.1
4,GHZ-4,4,FakeTorino,133,88,8192,819,0.2469,0.753,PASS,,,CORRECT,,CORRECT,16,3,2.5,2.3.1,0.17.2,0.46.1
4,GHZ-4,4,FakeTorino,133,89,8192,819,0.2532,0.7468,PASS,,,CORRECT,,CORRECT,16,3,2.2,2.3.1,0.17.2,0.46.1
4,GHZ-4,4,FakeTorino,133,90,8192,819,0.2517,0.7483,PASS,,,CORRECT,,CORRECT,16,3,1.1,2.3.1,0.17.2,0.46.1
4,GHZ-4,4,FakeTorino,133,91,8192,819,0.2463,0.7536,PASS,,,CORRECT,,CORRECT,16,3,1.6,2.3.1,0.17.2,0.46.1
4,GHZ-4,4,FakeTorino,133,92,8192,819,0.2477,0.7523,PASS,,,CORRECT,,CORRECT,16,3,1.3,2.3.1,0.17.2,0.46.1
4,GHZ-4,4,FakeTorino,133,93,8192,819,0.2535,0.7465,PASS,,,CORRECT,,CORRECT,16,3,1.5,2.3.1,0.17.2,0.46.1
4,GHZ-4,4,FakeTorino,133,94,8192,819,0.2433,0.7567,PASS,,,CORRECT,,CORRECT,16,3,1.7,2.3.1,0.17.2,0.46.1
4,GHZ-4,4,FakeTorino,133,95,8192,819,0.2427,0.7573,PASS,,,CORRECT,,CORRECT,16,3,1.4,2.3.1,0.17.2,0.46.1
4,GHZ-4,4,FakeTorino,133,96,8192,819,0.2488,0.7512,PASS,,,CORRECT,,CORRECT,16,3,1.3,2.3.1,0.17.2,0.46.1
4,GHZ-4,4,FakeTorino,133,97,8192,819,0.2438,0.7562,PASS,,,CORRECT,,CORRECT,16,3,1.8,2.3.1,0.17.2,0.46.1
4,GHZ-4,4,FakeTorino,133,98,8192,819,0.2498,0.7502,PASS,,,CORRECT,,CORRECT,16,3,1.2,2.3.1,0.17.2,0.46.1
4,GHZ-4,4,FakeTorino,133,99,8192,819,0.2517,0.7483,PASS,,,CORRECT,,CORRECT,16,3,1.6,2.3.1,0.17.2,0.46.1
4,GHZ-4,4,FakeTorino,133,100,8192,819,0.2428,0.7572,PASS,,,CORRECT,,CORRECT,16,3,1.3,2.3.1,0.17.2,0.46.1
4,GHZ-4,4,FakeTorino,133,101,8192,819,0.2388,0.7612,PASS,,,CORRECT,,CORRECT,16,3,1.4,2.3.1,0.17.2,0.46.1
4,GHZ-4,4,FakeTorino,133,102,8192,819,0.2491,0.7509,PASS,,,CORRECT,,CORRECT,16,3,1.4,2.3.1,0.17.2,0.46.1
4,GHZ-4,4,FakeTorino,133,103,8192,819,0.2374,0.7625,PASS,,,CORRECT,,CORRECT,16,3,1.8,2.3.1,0.17.2,0.46.1
4,GHZ-4,4,FakeTorino,133,104,8192,819,0.2543,0.7457,PASS,,,CORRECT,,CORRECT,16,3,1.1,2.3.1,0.17.2,0.46.1
4,GHZ-4,4,FakeTorino,133,105,8192,819,0.2397,0.76,PASS,,,CORRECT,,CORRECT,16,3,2.4,2.3.1,0.17.2,0.46.1
4,GHZ-4,4,FakeTorino,133,106,8192,819,0.2449,0.7551,PASS,,,CORRECT,,CORRECT,16,3,1.5,2.3.1,0.17.2,0.46.1
4,GHZ-4,4,FakeTorino,133,107,8192,819,0.2407,0.7593,PASS,,,CORRECT,,CORRECT,16,3,1.4,2.3.1,0.17.2,0.46.1
4,GHZ-4,4,FakeTorino,133,108,8192,819,0.2418,0.7582,PASS,,,CORRECT,,CORRECT,16,3,1.5,2.3.1,0.17.2,0.46.1
4,GHZ-4,4,FakeTorino,133,109,8192,819,0.2465,0.7535,PASS,,,CORRECT,,CORRECT,16,3,1.3,2.3.1,0.17.2,0.46.1
4,GHZ-4,4,FakeTorino,133,110,8192,819,0.2482,0.7518,PASS,,,CORRECT,,CORRECT,16,3,1.5,2.3.1,0.17.2,0.46.1
4,GHZ-4,4,FakeTorino,133,111,8192,819,0.2499,0.7501,PASS,,,CORRECT,,CORRECT,16,3,1.5,2.3.1,0.17.2,0.46.1
4,GHZ-4,4,FakeTorino,133,112,8192,819,0.2463,0.7536,PASS,,,CORRECT,,CORRECT,16,3,1.1,2.3.1,0.17.2,0.46.1
4,GHZ-4,4,FakeTorino,133,113,8192,819,0.248,0.752,PASS,,,CORRECT,,CORRECT,16,3,1.6,2.3.1,0.17.2,0.46.1
4,GHZ-4,4,FakeTorino,133,114,8192,819,0.2495,0.7505,PASS,,,CORRECT,,CORRECT,16,3,1.6,2.3.1,0.17.2,0.46.1
4,GHZ-4,4,FakeTorino,133,115,8192,819,0.244,0.756,PASS,,,CORRECT,,CORRECT,16,3,1.3,2.3.1,0.17.2,0.46.1
4,GHZ-4,4,FakeTorino,133,116,8192,819,0.2476,0.7524,PASS,,,CORRECT,,CORRECT,16,3,1.4,2.3.1,0.17.2,0.46.1
4,GHZ-4,4,FakeTorino,133,117,8192,819,0.2496,0.7503,PASS,,,CORRECT,,CORRECT,16,3,1.6,2.3.1,0.17.2,0.46.1
4,GHZ-4,4,FakeTorino,133,118,8192,819,0.2471,0.7529,PASS,,,CORRECT,,CORRECT,16,3,1.1,2.3.1,0.17.2,0.46.1
4,GHZ-4,4,FakeTorino,133,119,8192,819,0.2509,0.7491,PASS,,,CORRECT,,CORRECT,16,3,1.3,2.3.1,0.17.2,0.46.1
5,GHZ-5,5,FakeTorino,133,20,1024,102,0.2969,0.7031,PASS,,,CORRECT,,CORRECT,20,4,1.5,2.3.1,0.17.2,0.46.1
5,GHZ-5,5,FakeTorino,133,21,1024,102,0.3047,0.695,MARGINAL,,,CORRECT,,CORRECT,20,4,1.3,2.3.1,0.17.2,0.46.1
5,GHZ-5,5,FakeTorino,133,22,1024,102,0.3174,0.6826,MARGINAL,,,CORRECT,,CORRECT,20,4,1.6,2.3.1,0.17.2,0.46.1
5,GHZ-5,5,FakeTorino,133,23,1024,102,0.2812,0.7186,PASS,,,CORRECT,,CORRECT,20,4,1.7,2.3.1,0.17.2,0.46.1
5,GHZ-5,5,FakeTorino,133,24,1024,102,0.291,0.709,PASS,,,CORRECT,,CORRECT,20,4,1.1,2.3.1,0.17.2,0.46.1
5,GHZ-5,5,FakeTorino,133,25,1024,102,0.3125,0.6875,MARGINAL,,,CORRECT,,CORRECT,20,4,1.7,2.3.1,0.17.2,0.46.1
5,GHZ-5,5,FakeTorino,133,26,1024,102,0.3135,0.6865,MARGINAL,,,CORRECT,,CORRECT,20,4,1.8,2.3.1,0.17.2,0.46.1
5,GHZ-5,5,FakeTorino,133,27,1024,102,0.2803,0.7194,PASS,,,CORRECT,,CORRECT,20,4,1.2,2.3.1,0.17.2,0.46.1
5,GHZ-5,5,FakeTorino,133,28,1024,102,0.2998,0.7002,PASS,,,CORRECT,,CORRECT,20,4,2.1,2.3.1,0.17.2,0.46.1
5,GHZ-5,5,FakeTorino,133,29,1024,102,0.29,0.71,PASS,,,CORRECT,,CORRECT,20,4,1.7,2.3.1,0.17.2,0.46.1
5,GHZ-5,5,FakeTorino,133,30,1024,102,0.2949,0.705,PASS,,,CORRECT,,CORRECT,20,4,2.7,2.3.1,0.17.2,0.46.1
5,GHZ-5,5,FakeTorino,133,31,1024,102,0.2734,0.7264,PASS,,,CORRECT,,CORRECT,20,4,2.3,2.3.1,0.17.2,0.46.1
5,GHZ-5,5,FakeTorino,133,32,1024,102,0.2842,0.7156,PASS,,,CORRECT,,CORRECT,20,4,2.4,2.3.1,0.17.2,0.46.1
5,GHZ-5,5,FakeTorino,133,33,1024,102,0.3184,0.68,MARGINAL,,,CORRECT,,CORRECT,20,4,2.4,2.3.1,0.17.2,0.46.1
5,GHZ-5,5,FakeTorino,133,34,1024,102,0.3105,0.6894,MARGINAL,,,CORRECT,,CORRECT,20,4,3.8,2.3.1,0.17.2,0.46.1
5,GHZ-5,5,FakeTorino,133,35,1024,102,0.2988,0.7011,PASS,,,CORRECT,,CORRECT,20,4,1.4,2.3.1,0.17.2,0.46.1
5,GHZ-5,5,FakeTorino,133,36,1024,102,0.2969,0.7024,PASS,,,CORRECT,,CORRECT,20,4,1.4,2.3.1,0.17.2,0.46.1
5,GHZ-5,5,FakeTorino,133,37,1024,102,0.3027,0.6972,MARGINAL,,,CORRECT,,CORRECT,20,4,1.6,2.3.1,0.17.2,0.46.1
5,GHZ-5,5,FakeTorino,133,38,1024,102,0.3008,0.6992,MARGINAL,,,CORRECT,,CORRECT,20,4,2.5,2.3.1,0.17.2,0.46.1
5,GHZ-5,5,FakeTorino,133,39,1024,102,0.2842,0.7158,PASS,,,CORRECT,,CORRECT,20,4,1.6,2.3.1,0.17.2,0.46.1
5,GHZ-5,5,FakeTorino,133,40,1024,102,0.3154,0.6834,MARGINAL,,,CORRECT,,CORRECT,20,4,1.9,2.3.1,0.17.2,0.46.1
5,GHZ-5,5,FakeTorino,133,41,1024,102,0.2764,0.7228,PASS,,,CORRECT,,CORRECT,20,4,2.1,2.3.1,0.17.2,0.46.1
5,GHZ-5,5,FakeTorino,133,42,1024,102,0.2686,0.7311,PASS,,,CORRECT,,CORRECT,20,4,2.4,2.3.1,0.17.2,0.46.1
5,GHZ-5,5,FakeTorino,133,43,1024,102,0.3008,0.6992,MARGINAL,,,CORRECT,,CORRECT,20,4,1.9,2.3.1,0.17.2,0.46.1
5,GHZ-5,5,FakeTorino,133,44,1024,102,0.2959,0.7041,PASS,,,CORRECT,,CORRECT,20,4,2.5,2.3.1,0.17.2,0.46.1
5,GHZ-5,5,FakeTorino,133,45,1024,102,0.2979,0.7021,PASS,,,CORRECT,,CORRECT,20,4,4.4,2.3.1,0.17.2,0.46.1
5,GHZ-5,5,FakeTorino,133,46,1024,102,0.3125,0.6875,MARGINAL,,,CORRECT,,CORRECT,20,4,1.3,2.3.1,0.17.2,0.46.1
5,GHZ-5,5,FakeTorino,133,47,1024,102,0.2969,0.7031,PASS,,,CORRECT,,CORRECT,20,4,1.9,2.3.1,0.17.2,0.46.1
5,GHZ-5,5,FakeTorino,133,48,1024,102,0.2871,0.7127,PASS,,,CORRECT,,CORRECT,20,4,2.9,2.3.1,0.17.2,0.46.1
5,GHZ-5,5,FakeTorino,133,49,1024,102,0.291,0.709,PASS,,,CORRECT,,CORRECT,20,4,2.9,2.3.1,0.17.2,0.46.1
5,GHZ-5,5,FakeTorino,133,50,1024,102,0.335,0.665,MARGINAL,,,CORRECT,,CORRECT,20,4,2.3,2.3.1,0.17.2,0.46.1
5,GHZ-5,5,FakeTorino,133,51,1024,102,0.3213,0.6783,MARGINAL,,,CORRECT,,CORRECT,20,4,2.4,2.3.1,0.17.2,0.46.1
5,GHZ-5,5,FakeTorino,133,52,1024,102,0.3037,0.6962,MARGINAL,,,CORRECT,,CORRECT,20,4,1.8,2.3.1,0.17.2,0.46.1
5,GHZ-5,5,FakeTorino,133,53,1024,102,0.2773,0.7226,PASS,,,CORRECT,,CORRECT,20,4,2.9,2.3.1,0.17.2,0.46.1
5,GHZ-5,5,FakeTorino,133,54,1024,102,0.2959,0.704,PASS,,,CORRECT,,CORRECT,20,4,1.5,2.3.1,0.17.2,0.46.1
5,GHZ-5,5,FakeTorino,133,55,1024,102,0.2979,0.7021,PASS,,,CORRECT,,CORRECT,20,4,1.7,2.3.1,0.17.2,0.46.1
5,GHZ-5,5,FakeTorino,133,56,1024,102,0.3105,0.6892,MARGINAL,,,CORRECT,,CORRECT,20,4,2.2,2.3.1,0.17.2,0.46.1
5,GHZ-5,5,FakeTorino,133,57,1024,102,0.292,0.708,PASS,,,CORRECT,,CORRECT,20,4,2.1,2.3.1,0.17.2,0.46.1
5,GHZ-5,5,FakeTorino,133,58,1024,102,0.2959,0.7034,PASS,,,CORRECT,,CORRECT,20,4,1.4,2.3.1,0.17.2,0.46.1
5,GHZ-5,5,FakeTorino,133,59,1024,102,0.2871,0.7125,PASS,,,CORRECT,,CORRECT,20,4,2.0,2.3.1,0.17.2,0.46.1
5,GHZ-5,5,FakeTorino,133,60,1024,102,0.3125,0.6875,MARGINAL,,,CORRECT,,CORRECT,20,4,2.1,2.3.1,0.17.2,0.46.1
5,GHZ-5,5,FakeTorino,133,61,1024,102,0.2959,0.704,PASS,,,CORRECT,,CORRECT,20,4,1.9,2.3.1,0.17.2,0.46.1
5,GHZ-5,5,FakeTorino,133,62,1024,102,0.2666,0.733,PASS,,,CORRECT,,CORRECT,20,4,1.5,2.3.1,0.17.2,0.46.1
5,GHZ-5,5,FakeTorino,133,63,1024,102,0.3037,0.6962,MARGINAL,,,CORRECT,,CORRECT,20,4,2.6,2.3.1,0.17.2,0.46.1
5,GHZ-5,5,FakeTorino,133,64,1024,102,0.292,0.708,PASS,,,CORRECT,,CORRECT,20,4,1.6,2.3.1,0.17.2,0.46.1
5,GHZ-5,5,FakeTorino,133,65,1024,102,0.3066,0.6933,MARGINAL,,,CORRECT,,CORRECT,20,4,1.9,2.3.1,0.17.2,0.46.1
5,GHZ-5,5,FakeTorino,133,66,1024,102,0.292,0.7073,PASS,,,CORRECT,,CORRECT,20,4,1.6,2.3.1,0.17.2,0.46.1
5,GHZ-5,5,FakeTorino,133,67,1024,102,0.3018,0.6982,MARGINAL,,,CORRECT,,CORRECT,20,4,2.0,2.3.1,0.17.2,0.46.1
5,GHZ-5,5,FakeTorino,133,68,1024,102,0.293,0.707,PASS,,,CORRECT,,CORRECT,20,4,1.5,2.3.1,0.17.2,0.46.1
5,GHZ-5,5,FakeTorino,133,69,1024,102,0.2959,0.704,PASS,,,CORRECT,,CORRECT,20,4,1.9,2.3.1,0.17.2,0.46.1
5,GHZ-5,5,FakeTorino,133,70,1024,102,0.3096,0.6904,MARGINAL,,,CORRECT,,CORRECT,20,4,1.4,2.3.1,0.17.2,0.46.1
5,GHZ-5,5,FakeTorino,133,71,1024,102,0.2793,0.7206,PASS,,,CORRECT,,CORRECT,20,4,1.4,2.3.1,0.17.2,0.46.1
5,GHZ-5,5,FakeTorino,133,72,1024,102,0.292,0.708,PASS,,,CORRECT,,CORRECT,20,4,1.3,2.3.1,0.17.2,0.46.1
5,GHZ-5,5,FakeTorino,133,73,1024,102,0.2988,0.7011,PASS,,,CORRECT,,CORRECT,20,4,1.7,2.3.1,0.17.2,0.46.1
5,GHZ-5,5,FakeTorino,133,74,1024,102,0.2852,0.7139,PASS,,,CORRECT,,CORRECT,20,4,1.6,2.3.1,0.17.2,0.46.1
5,GHZ-5,5,FakeTorino,133,75,1024,102,0.2949,0.7049,PASS,,,CORRECT,,CORRECT,20,4,1.5,2.3.1,0.17.2,0.46.1
5,GHZ-5,5,FakeTorino,133,76,1024,102,0.3008,0.6988,MARGINAL,,,CORRECT,,CORRECT,20,4,1.3,2.3.1,0.17.2,0.46.1
5,GHZ-5,5,FakeTorino,133,77,1024,102,0.2969,0.7023,PASS,,,CORRECT,,CORRECT,20,4,1.7,2.3.1,0.17.2,0.46.1
5,GHZ-5,5,FakeTorino,133,78,1024,102,0.2939,0.7059,PASS,,,CORRECT,,CORRECT,20,4,1.4,2.3.1,0.17.2,0.46.1
5,GHZ-5,5,FakeTorino,133,79,1024,102,0.3047,0.6952,MARGINAL,,,CORRECT,,CORRECT,20,4,1.4,2.3.1,0.17.2,0.46.1
5,GHZ-5,5,FakeTorino,133,80,1024,102,0.292,0.7079,PASS,,,CORRECT,,CORRECT,20,4,1.5,2.3.1,0.17.2,0.46.1
5,GHZ-5,5,FakeTorino,133,81,1024,102,0.2861,0.7135,PASS,,,CORRECT,,CORRECT,20,4,1.6,2.3.1,0.17.2,0.46.1
5,GHZ-5,5,FakeTorino,133,82,1024,102,0.2832,0.7168,PASS,,,CORRECT,,CORRECT,20,4,1.4,2.3.1,0.17.2,0.46.1
5,GHZ-5,5,FakeTorino,133,83,1024,102,0.293,0.7069,PASS,,,CORRECT,,CORRECT,20,4,1.4,2.3.1,0.17.2,0.46.1
5,GHZ-5,5,FakeTorino,133,84,1024,102,0.2822,0.7178,PASS,,,CORRECT,,CORRECT,20,4,1.6,2.3.1,0.17.2,0.46.1
5,GHZ-5,5,FakeTorino,133,85,1024,102,0.2998,0.7,PASS,,,CORRECT,,CORRECT,20,4,2.0,2.3.1,0.17.2,0.46.1
5,GHZ-5,5,FakeTorino,133,86,1024,102,0.2812,0.7187,PASS,,,CORRECT,,CORRECT,20,4,1.2,2.3.1,0.17.2,0.46.1
5,GHZ-5,5,FakeTorino,133,87,1024,102,0.2998,0.7002,PASS,,,CORRECT,,CORRECT,20,4,1.3,2.3.1,0.17.2,0.46.1
5,GHZ-5,5,FakeTorino,133,88,1024,102,0.3057,0.6942,MARGINAL,,,CORRECT,,CORRECT,20,4,1.6,2.3.1,0.17.2,0.46.1
5,GHZ-5,5,FakeTorino,133,89,1024,102,0.3193,0.6804,MARGINAL,,,CORRECT,,CORRECT,20,4,2.4,2.3.1,0.17.2,0.46.1
5,GHZ-5,5,FakeTorino,133,90,1024,102,0.292,0.708,PASS,,,CORRECT,,CORRECT,20,4,1.7,2.3.1,0.17.2,0.46.1
5,GHZ-5,5,FakeTorino,133,91,1024,102,0.3154,0.6845,MARGINAL,,,CORRECT,,CORRECT,20,4,1.3,2.3.1,0.17.2,0.46.1
5,GHZ-5,5,FakeTorino,133,92,1024,102,0.3076,0.6924,MARGINAL,,,CORRECT,,CORRECT,20,4,2.2,2.3.1,0.17.2,0.46.1
5,GHZ-5,5,FakeTorino,133,93,1024,102,0.2949,0.7048,PASS,,,CORRECT,,CORRECT,20,4,2.2,2.3.1,0.17.2,0.46.1
5,GHZ-5,5,FakeTorino,133,94,1024,102,0.2754,0.7245,PASS,,,CORRECT,,CORRECT,20,4,1.7,2.3.1,0.17.2,0.46.1
5,GHZ-5,5,FakeTorino,133,95,1024,102,0.2988,0.7011,PASS,,,CORRECT,,CORRECT,20,4,1.5,2.3.1,0.17.2,0.46.1
5,GHZ-5,5,FakeTorino,133,96,1024,102,0.3027,0.6972,MARGINAL,,,CORRECT,,CORRECT,20,4,1.5,2.3.1,0.17.2,0.46.1
5,GHZ-5,5,FakeTorino,133,97,1024,102,0.2881,0.7116,PASS,,,CORRECT,,CORRECT,20,4,1.6,2.3.1,0.17.2,0.46.1
5,GHZ-5,5,FakeTorino,133,98,1024,102,0.292,0.7078,PASS,,,CORRECT,,CORRECT,20,4,1.2,2.3.1,0.17.2,0.46.1
5,GHZ-5,5,FakeTorino,133,99,1024,102,0.2842,0.7154,PASS,,,CORRECT,,CORRECT,20,4,1.3,2.3.1,0.17.2,0.46.1
5,GHZ-5,5,FakeTorino,133,100,1024,102,0.292,0.7075,PASS,,,CORRECT,,CORRECT,20,4,1.6,2.3.1,0.17.2,0.46.1
5,GHZ-5,5,FakeTorino,133,101,1024,102,0.2949,0.7042,PASS,,,CORRECT,,CORRECT,20,4,2.3,2.3.1,0.17.2,0.46.1
5,GHZ-5,5,FakeTorino,133,102,1024,102,0.2793,0.7204,PASS,,,CORRECT,,CORRECT,20,4,2.2,2.3.1,0.17.2,0.46.1
5,GHZ-5,5,FakeTorino,133,103,1024,102,0.29,0.71,PASS,,,CORRECT,,CORRECT,20,4,1.2,2.3.1,0.17.2,0.46.1
5,GHZ-5,5,FakeTorino,133,104,1024,102,0.292,0.7076,PASS,,,CORRECT,,CORRECT,20,4,1.4,2.3.1,0.17.2,0.46.1
5,GHZ-5,5,FakeTorino,133,105,1024,102,0.2842,0.715,PASS,,,CORRECT,,CORRECT,20,4,1.9,2.3.1,0.17.2,0.46.1
5,GHZ-5,5,FakeTorino,133,106,1024,102,0.3066,0.6932,MARGINAL,,,CORRECT,,CORRECT,20,4,1.7,2.3.1,0.17.2,0.46.1
5,GHZ-5,5,FakeTorino,133,107,1024,102,0.3125,0.6874,MARGINAL,,,CORRECT,,CORRECT,20,4,1.4,2.3.1,0.17.2,0.46.1
5,GHZ-5,5,FakeTorino,133,108,1024,102,0.2734,0.7266,PASS,,,CORRECT,,CORRECT,20,4,1.2,2.3.1,0.17.2,0.46.1
5,GHZ-5,5,FakeTorino,133,109,1024,102,0.2949,0.7048,PASS,,,CORRECT,,CORRECT,20,4,1.6,2.3.1,0.17.2,0.46.1
5,GHZ-5,5,FakeTorino,133,110,1024,102,0.3066,0.6931,MARGINAL,,,CORRECT,,CORRECT,20,4,1.8,2.3.1,0.17.2,0.46.1
5,GHZ-5,5,FakeTorino,133,111,1024,102,0.3135,0.6865,MARGINAL,,,CORRECT,,CORRECT,20,4,1.4,2.3.1,0.17.2,0.46.1
5,GHZ-5,5,FakeTorino,133,112,1024,102,0.2842,0.7158,PASS,,,CORRECT,,CORRECT,20,4,1.2,2.3.1,0.17.2,0.46.1
5,GHZ-5,5,FakeTorino,133,113,1024,102,0.3008,0.6992,MARGINAL,,,CORRECT,,CORRECT,20,4,1.9,2.3.1,0.17.2,0.46.1
5,GHZ-5,5,FakeTorino,133,114,1024,102,0.2891,0.7107,PASS,,,CORRECT,,CORRECT,20,4,1.6,2.3.1,0.17.2,0.46.1
5,GHZ-5,5,FakeTorino,133,115,1024,102,0.2881,0.7119,PASS,,,CORRECT,,CORRECT,20,4,1.8,2.3.1,0.17.2,0.46.1
5,GHZ-5,5,FakeTorino,133,116,1024,102,0.2979,0.7016,PASS,,,CORRECT,,CORRECT,20,4,1.2,2.3.1,0.17.2,0.46.1
5,GHZ-5,5,FakeTorino,133,117,1024,102,0.2852,0.7148,PASS,,,CORRECT,,CORRECT,20,4,2.0,2.3.1,0.17.2,0.46.1
5,GHZ-5,5,FakeTorino,133,118,1024,102,0.2842,0.7155,PASS,,,CORRECT,,CORRECT,20,4,2.0,2.3.1,0.17.2,0.46.1
5,GHZ-5,5,FakeTorino,133,119,1024,102,0.2959,0.7038,PASS,,,CORRECT,,CORRECT,20,4,1.4,2.3.1,0.17.2,0.46.1
6,GHZ-6,6,FakeTorino,133,20,128,100,0.375,0.6225,MARGINAL,,,CORRECT,,CORRECT,24,5,1.3,2.3.1,0.17.2,0.46.1
6,GHZ-6,6,FakeTorino,133,21,128,100,0.2656,0.7336,PASS,,,CORRECT,,CORRECT,24,5,1.4,2.3.1,0.17.2,0.46.1
6,GHZ-6,6,FakeTorino,133,22,128,100,0.2812,0.7187,PASS,,,CORRECT,,CORRECT,24,5,1.6,2.3.1,0.17.2,0.46.1
6,GHZ-6,6,FakeTorino,133,23,128,100,0.2187,0.78,PASS,,,CORRECT,,CORRECT,24,5,1.6,2.3.1,0.17.2,0.46.1
6,GHZ-6,6,FakeTorino,133,24,128,100,0.3516,0.6484,MARGINAL,,,CORRECT,,CORRECT,24,5,1.4,2.3.1,0.17.2,0.46.1
6,GHZ-6,6,FakeTorino,133,25,128,100,0.2812,0.7184,PASS,,,CORRECT,,CORRECT,24,5,1.4,2.3.1,0.17.2,0.46.1
6,GHZ-6,6,FakeTorino,133,26,128,100,0.3359,0.664,MARGINAL,,,CORRECT,,CORRECT,24,5,1.3,2.3.1,0.17.2,0.46.1
6,GHZ-6,6,FakeTorino,133,27,128,100,0.2187,0.7762,PASS,,,CORRECT,,CORRECT,24,5,2.3,2.3.1,0.17.2,0.46.1
6,GHZ-6,6,FakeTorino,133,28,128,100,0.2734,0.7264,PASS,,,CORRECT,,CORRECT,24,5,1.7,2.3.1,0.17.2,0.46.1
6,GHZ-6,6,FakeTorino,133,29,128,100,0.3281,0.6711,MARGINAL,,,CORRECT,,CORRECT,24,5,1.8,2.3.1,0.17.2,0.46.1
6,GHZ-6,6,FakeTorino,133,30,128,100,0.2734,0.7265,PASS,,,CORRECT,,CORRECT,24,5,1.5,2.3.1,0.17.2,0.46.1
6,GHZ-6,6,FakeTorino,133,31,128,100,0.2891,0.7092,PASS,,,CORRECT,,CORRECT,24,5,2.5,2.3.1,0.17.2,0.46.1
6,GHZ-6,6,FakeTorino,133,32,128,100,0.2578,0.7417,PASS,,,CORRECT,,CORRECT,24,5,2.1,2.3.1,0.17.2,0.46.1
6,GHZ-6,6,FakeTorino,133,33,128,100,0.3906,0.5992,MARGINAL,,,CORRECT,,CORRECT,24,5,1.6,2.3.1,0.17.2,0.46.1
6,GHZ-6,6,FakeTorino,133,34,128,100,0.3359,0.6635,MARGINAL,,,CORRECT,,CORRECT,24,5,2.1,2.3.1,0.17.2,0.46.1
6,GHZ-6,6,FakeTorino,133,35,128,100,0.2422,0.745,PASS,,,CORRECT,,CORRECT,24,5,2.3,2.3.1,0.17.2,0.46.1
6,GHZ-6,6,FakeTorino,133,36,128,100,0.2656,0.733,PASS,,,CORRECT,,CORRECT,24,5,1.3,2.3.1,0.17.2,0.46.1
6,GHZ-6,6,FakeTorino,133,37,128,100,0.2891,0.7109,PASS,,,CORRECT,,CORRECT,24,5,1.8,2.3.1,0.17.2,0.46.1
6,GHZ-6,6,FakeTorino,133,38,128,100,0.3125,0.6871,MARGINAL,,,CORRECT,,CORRECT,24,5,2.2,2.3.1,0.17.2,0.46.1
6,GHZ-6,6,FakeTorino,133,39,128,100,0.375,0.6234,MARGINAL,,,CORRECT,,CORRECT,24,5,1.8,2.3.1,0.17.2,0.46.1
6,GHZ-6,6,FakeTorino,133,40,128,100,0.3359,0.6629,MARGINAL,,,CORRECT,,CORRECT,24,5,1.4,2.3.1,0.17.2,0.46.1
6,GHZ-6,6,FakeTorino,133,41,128,100,0.2187,0.7805,PASS,,,CORRECT,,CORRECT,24,5,2.6,2.3.1,0.17.2,0.46.1
6,GHZ-6,6,FakeTorino,133,42,128,100,0.2891,0.7104,PASS,,,CORRECT,,CORRECT,24,5,1.6,2.3.1,0.17.2,0.46.1
6,GHZ-6,6,FakeTorino,133,43,128,100,0.3516,0.6484,MARGINAL,,,CORRECT,,CORRECT,24,5,1.7,2.3.1,0.17.2,0.46.1
6,GHZ-6,6,FakeTorino,133,44,128,100,0.3281,0.6715,MARGINAL,,,CORRECT,,CORRECT,24,5,1.5,2.3.1,0.17.2,0.46.1
6,GHZ-6,6,FakeTorino,133,45,128,100,0.2266,0.769,PASS,,,CORRECT,,CORRECT,24,5,1.8,2.3.1,0.17.2,0.46.1
6,GHZ-6,6,FakeTorino,133,46,128,100,0.2656,0.733,PASS,,,CORRECT,,CORRECT,24,5,2.4,2.3.1,0.17.2,0.46.1
6,GHZ-6,6,FakeTorino,133,47,128,100,0.3125,0.6867,MARGINAL,,,CORRECT,,CORRECT,24,5,1.7,2.3.1,0.17.2,0.46.1
6,GHZ-6,6,FakeTorino,133,48,128,100,0.2734,0.7264,PASS,,,CORRECT,,CORRECT,24,5,1.7,2.3.1,0.17.2,0.46.1
6,GHZ-6,6,FakeTorino,133,49,128,100,0.3047,0.6951,MARGINAL,,,CORRECT,,CORRECT,24,5,1.7,2.3.1,0.17.2,0.46.1
6,GHZ-6,6,FakeTorino,133,50,128,100,0.3125,0.6871,MARGINAL,,,CORRECT,,CORRECT,24,5,1.5,2.3.1,0.17.2,0.46.1
6,GHZ-6,6,FakeTorino,133,51,128,100,0.3125,0.6843,MARGINAL,,,CORRECT,,CORRECT,24,5,3.6,2.3.1,0.17.2,0.46.1
6,GHZ-6,6,FakeTorino,133,52,128,100,0.2266,0.7734,PASS,,,CORRECT,,CORRECT,24,5,1.7,2.3.1,0.17.2,0.46.1
6,GHZ-6,6,FakeTorino,133,53,128,100,0.2656,0.733,PASS,,,CORRECT,,CORRECT,24,5,1.8,2.3.1,0.17.2,0.46.1
6,GHZ-6,6,FakeTorino,133,54,128,100,0.3047,0.6942,MARGINAL,,,CORRECT,,CORRECT,24,5,1.7,2.3.1,0.17.2,0.46.1
6,GHZ-6,6,FakeTorino,133,55,128,100,0.2734,0.7265,PASS,,,CORRECT,,CORRECT,24,5,2.4,2.3.1,0.17.2,0.46.1
6,GHZ-6,6,FakeTorino,133,56,128,100,0.3437,0.6559,MARGINAL,,,CORRECT,,CORRECT,24,5,2.1,2.3.1,0.17.2,0.46.1
6,GHZ-6,6,FakeTorino,133,57,128,100,0.3125,0.6874,MARGINAL,,,CORRECT,,CORRECT,24,5,1.7,2.3.1,0.17.2,0.46.1
6,GHZ-6,6,FakeTorino,133,58,128,100,0.3125,0.6875,MARGINAL,,,CORRECT,,CORRECT,24,5,2.7,2.3.1,0.17.2,0.46.1
6,GHZ-6,6,FakeTorino,133,59,128,100,0.3203,0.6786,MARGINAL,,,CORRECT,,CORRECT,24,5,1.5,2.3.1,0.17.2,0.46.1
6,GHZ-6,6,FakeTorino,133,60,128,100,0.2734,0.7264,PASS,,,CORRECT,,CORRECT,24,5,1.5,2.3.1,0.17.2,0.46.1
6,GHZ-6,6,FakeTorino,133,61,128,100,0.3594,0.6402,MARGINAL,,,CORRECT,,CORRECT,24,5,1.5,2.3.1,0.17.2,0.46.1
6,GHZ-6,6,FakeTorino,133,62,128,100,0.25,0.7471,PASS,,,CORRECT,,CORRECT,24,5,1.5,2.3.1,0.17.2,0.46.1
6,GHZ-6,6,FakeTorino,133,63,128,100,0.3672,0.6273,MARGINAL,,,CORRECT,,CORRECT,24,5,2.6,2.3.1,0.17.2,0.46.1
6,GHZ-6,6,FakeTorino,133,64,128,100,0.2734,0.7265,PASS,,,CORRECT,,CORRECT,24,5,2.8,2.3.1,0.17.2,0.46.1
6,GHZ-6,6,FakeTorino,133,65,128,100,0.2578,0.742,PASS,,,CORRECT,,CORRECT,24,5,2.7,2.3.1,0.17.2,0.46.1
6,GHZ-6,6,FakeTorino,133,66,128,100,0.3203,0.6797,MARGINAL,,,CORRECT,,CORRECT,24,5,1.9,2.3.1,0.17.2,0.46.1
6,GHZ-6,6,FakeTorino,133,67,128,100,0.3047,0.6951,MARGINAL,,,CORRECT,,CORRECT,24,5,2.8,2.3.1,0.17.2,0.46.1
6,GHZ-6,6,FakeTorino,133,68,128,100,0.3203,0.6797,MARGINAL,,,CORRECT,,CORRECT,24,5,2.7,2.3.1,0.17.2,0.46.1
6,GHZ-6,6,FakeTorino,133,69,128,100,0.2812,0.7184,PASS,,,CORRECT,,CORRECT,24,5,2.2,2.3.1,0.17.2,0.46.1
6,GHZ-6,6,FakeTorino,133,70,128,100,0.3047,0.6953,MARGINAL,,,CORRECT,,CORRECT,24,5,1.5,2.3.1,0.17.2,0.46.1
6,GHZ-6,6,FakeTorino,133,71,128,100,0.2969,0.703,PASS,,,CORRECT,,CORRECT,24,5,3.6,2.3.1,0.17.2,0.46.1
6,GHZ-6,6,FakeTorino,133,72,128,100,0.3828,0.6166,MARGINAL,,,CORRECT,,CORRECT,24,5,1.9,2.3.1,0.17.2,0.46.1
6,GHZ-6,6,FakeTorino,133,73,128,100,0.2969,0.703,PASS,,,CORRECT,,CORRECT,24,5,1.9,2.3.1,0.17.2,0.46.1
6,GHZ-6,6,FakeTorino,133,74,128,100,0.3828,0.6166,MARGINAL,,,CORRECT,,CORRECT,24,5,2.4,2.3.1,0.17.2,0.46.1
6,GHZ-6,6,FakeTorino,133,75,128,100,0.2969,0.7023,PASS,,,CORRECT,,CORRECT,24,5,2.2,2.3.1,0.17.2,0.46.1
6,GHZ-6,6,FakeTorino,133,76,128,100,0.2812,0.7187,PASS,,,CORRECT,,CORRECT,24,5,2.3,2.3.1,0.17.2,0.46.1
6,GHZ-6,6,FakeTorino,133,77,128,100,0.3047,0.6953,MARGINAL,,,CORRECT,,CORRECT,24,5,2.0,2.3.1,0.17.2,0.46.1
6,GHZ-6,6,FakeTorino,133,78,128,100,0.2891,0.7109,PASS,,,CORRECT,,CORRECT,24,5,3.1,2.3.1,0.17.2,0.46.1
6,GHZ-6,6,FakeTorino,133,79,128,100,0.3516,0.6465,MARGINAL,,,CORRECT,,CORRECT,24,5,3.1,2.3.1,0.17.2,0.46.1
6,GHZ-6,6,FakeTorino,133,80,128,100,0.3203,0.6791,MARGINAL,,,CORRECT,,CORRECT,24,5,1.2,2.3.1,0.17.2,0.46.1
6,GHZ-6,6,FakeTorino,133,81,128,100,0.2578,0.7412,PASS,,,CORRECT,,CORRECT,24,5,2.3,2.3.1,0.17.2,0.46.1
6,GHZ-6,6,FakeTorino,133,82,128,100,0.3594,0.6398,MARGINAL,,,CORRECT,,CORRECT,24,5,1.4,2.3.1,0.17.2,0.46.1
6,GHZ-6,6,FakeTorino,133,83,128,100,0.2969,0.7017,PASS,,,CORRECT,,CORRECT,24,5,1.9,2.3.1,0.17.2,0.46.1
6,GHZ-6,6,FakeTorino,133,84,128,100,0.3203,0.6676,MARGINAL,,,CORRECT,,CORRECT,24,5,1.6,2.3.1,0.17.2,0.46.1
6,GHZ-6,6,FakeTorino,133,85,128,100,0.2578,0.7405,PASS,,,CORRECT,,CORRECT,24,5,2.0,2.3.1,0.17.2,0.46.1
6,GHZ-6,6,FakeTorino,133,86,128,100,0.3359,0.6629,MARGINAL,,,CORRECT,,CORRECT,24,5,2.2,2.3.1,0.17.2,0.46.1
6,GHZ-6,6,FakeTorino,133,87,128,100,0.3203,0.6797,MARGINAL,,,CORRECT,,CORRECT,24,5,2.1,2.3.1,0.17.2,0.46.1
6,GHZ-6,6,FakeTorino,133,88,128,100,0.3516,0.6456,MARGINAL,,,CORRECT,,CORRECT,24,5,2.3,2.3.1,0.17.2,0.46.1
6,GHZ-6,6,FakeTorino,133,89,128,100,0.2969,0.7009,PASS,,,CORRECT,,CORRECT,24,5,2.0,2.3.1,0.17.2,0.46.1
6,GHZ-6,6,FakeTorino,133,90,128,100,0.3281,0.6711,MARGINAL,,,CORRECT,,CORRECT,24,5,2.0,2.3.1,0.17.2,0.46.1
6,GHZ-6,6,FakeTorino,133,91,128,100,0.2734,0.7265,PASS,,,CORRECT,,CORRECT,24,5,3.1,2.3.1,0.17.2,0.46.1
6,GHZ-6,6,FakeTorino,133,92,128,100,0.2891,0.7107,PASS,,,CORRECT,,CORRECT,24,5,1.4,2.3.1,0.17.2,0.46.1
6,GHZ-6,6,FakeTorino,133,93,128,100,0.2969,0.703,PASS,,,CORRECT,,CORRECT,24,5,1.4,2.3.1,0.17.2,0.46.1
6,GHZ-6,6,FakeTorino,133,94,128,100,0.3828,0.6166,MARGINAL,,,CORRECT,,CORRECT,24,5,1.4,2.3.1,0.17.2,0.46.1
6,GHZ-6,6,FakeTorino,133,95,128,100,0.3203,0.6786,MARGINAL,,,CORRECT,,CORRECT,24,5,2.1,2.3.1,0.17.2,0.46.1
6,GHZ-6,6,FakeTorino,133,96,128,100,0.2891,0.7083,PASS,,,CORRECT,,CORRECT,24,5,3.0,2.3.1,0.17.2,0.46.1
6,GHZ-6,6,FakeTorino,133,97,128,100,0.2969,0.7023,PASS,,,CORRECT,,CORRECT,24,5,2.5,2.3.1,0.17.2,0.46.1
6,GHZ-6,6,FakeTorino,133,98,128,100,0.2656,0.7242,PASS,,,CORRECT,,CORRECT,24,5,1.6,2.3.1,0.17.2,0.46.1
6,GHZ-6,6,FakeTorino,133,99,128,100,0.3203,0.6795,MARGINAL,,,CORRECT,,CORRECT,24,5,2.5,2.3.1,0.17.2,0.46.1
6,GHZ-6,6,FakeTorino,133,100,128,100,0.3359,0.6629,MARGINAL,,,CORRECT,,CORRECT,24,5,1.5,2.3.1,0.17.2,0.46.1
6,GHZ-6,6,FakeTorino,133,101,128,100,0.2812,0.7174,PASS,,,CORRECT,,CORRECT,24,5,1.6,2.3.1,0.17.2,0.46.1
6,GHZ-6,6,FakeTorino,133,102,128,100,0.2812,0.7157,PASS,,,CORRECT,,CORRECT,24,5,1.3,2.3.1,0.17.2,0.46.1
6,GHZ-6,6,FakeTorino,133,103,128,100,0.2734,0.7249,PASS,,,CORRECT,,CORRECT,24,5,1.5,2.3.1,0.17.2,0.46.1
6,GHZ-6,6,FakeTorino,133,104,128,100,0.2891,0.7083,PASS,,,CORRECT,,CORRECT,24,5,2.4,2.3.1,0.17.2,0.46.1
6,GHZ-6,6,FakeTorino,133,105,128,100,0.3516,0.6456,MARGINAL,,,CORRECT,,CORRECT,24,5,2.2,2.3.1,0.17.2,0.46.1
6,GHZ-6,6,FakeTorino,133,106,128,100,0.2344,0.7655,PASS,,,CORRECT,,CORRECT,24,5,1.4,2.3.1,0.17.2,0.46.1
6,GHZ-6,6,FakeTorino,133,107,128,100,0.3125,0.6871,MARGINAL,,,CORRECT,,CORRECT,24,5,1.9,2.3.1,0.17.2,0.46.1
6,GHZ-6,6,FakeTorino,133,108,128,100,0.3672,0.6328,MARGINAL,,,CORRECT,,CORRECT,24,5,2.5,2.3.1,0.17.2,0.46.1
6,GHZ-6,6,FakeTorino,133,109,128,100,0.2656,0.7336,PASS,,,CORRECT,,CORRECT,24,5,1.5,2.3.1,0.17.2,0.46.1
6,GHZ-6,6,FakeTorino,133,110,128,100,0.2891,0.7099,PASS,,,CORRECT,,CORRECT,24,5,1.6,2.3.1,0.17.2,0.46.1
6,GHZ-6,6,FakeTorino,133,111,128,100,0.2578,0.7422,PASS,,,CORRECT,,CORRECT,24,5,1.7,2.3.1,0.17.2,0.46.1
6,GHZ-6,6,FakeTorino,133,112,128,100,0.2891,0.7092,PASS,,,CORRECT,,CORRECT,24,5,1.5,2.3.1,0.17.2,0.46.1
6,GHZ-6,6,FakeTorino,133,113,128,100,0.3281,0.6696,MARGINAL,,,CORRECT,,CORRECT,24,5,1.4,2.3.1,0.17.2,0.46.1
6,GHZ-6,6,FakeTorino,133,114,128,100,0.3203,0.677,MARGINAL,,,CORRECT,,CORRECT,24,5,1.1,2.3.1,0.17.2,0.46.1
6,GHZ-6,6,FakeTorino,133,115,128,100,0.2891,0.7107,PASS,,,CORRECT,,CORRECT,24,5,1.7,2.3.1,0.17.2,0.46.1
6,GHZ-6,6,FakeTorino,133,116,128,100,0.2891,0.7092,PASS,,,CORRECT,,CORRECT,24,5,1.8,2.3.1,0.17.2,0.46.1
6,GHZ-6,6,FakeTorino,133,117,128,100,0.2656,0.7343,PASS,,,CORRECT,,CORRECT,24,5,2.0,2.3.1,0.17.2,0.46.1
6,GHZ-6,6,FakeTorino,133,118,128,100,0.3906,0.5992,MARGINAL,,,CORRECT,,CORRECT,24,5,1.5,2.3.1,0.17.2,0.46.1
6,GHZ-6,6,FakeTorino,133,119,128,100,0.3594,0.6391,MARGINAL,,,CORRECT,,CORRECT,24,5,2.5,2.3.1,0.17.2,0.46.1
7,GHZ-8,8,FakeTorino,133,20,32,100,0.4687,0.5308,MARGINAL,3,9,CORRECT,3,CORRECT,32,7,1.8,2.3.1,0.17.2,0.46.1
7,GHZ-8,8,FakeTorino,133,21,32,100,0.4687,0.5308,MARGINAL,4,12,CORRECT,4,CORRECT,32,7,1.3,2.3.1,0.17.2,0.46.1
7,GHZ-8,8,FakeTorino,133,22,32,100,0.4375,0.5608,MARGINAL,,,CORRECT,,CORRECT,32,7,1.5,2.3.1,0.17.2,0.46.1
7,GHZ-8,8,FakeTorino,133,23,32,100,0.4375,0.5608,MARGINAL,,,CORRECT,,CORRECT,32,7,1.4,2.3.1,0.17.2,0.46.1
7,GHZ-8,8,FakeTorino,133,24,32,100,0.4687,0.5308,MARGINAL,3,9,CORRECT,3,CORRECT,32,7,1.5,2.3.1,0.17.2,0.46.1
7,GHZ-8,8,FakeTorino,133,25,32,100,0.4375,0.5608,MARGINAL,,,CORRECT,,CORRECT,32,7,1.7,2.3.1,0.17.2,0.46.1
7,GHZ-8,8,FakeTorino,133,26,32,100,0.4062,0.5933,MARGINAL,,,CORRECT,,CORRECT,32,7,1.4,2.3.1,0.17.2,0.46.1
7,GHZ-8,8,FakeTorino,133,27,32,100,0.4062,0.5933,MARGINAL,,,CORRECT,,CORRECT,32,7,1.8,2.3.1,0.17.2,0.46.1
7,GHZ-8,8,FakeTorino,133,28,32,100,0.375,0.6234,MARGINAL,,,CORRECT,,CORRECT,32,7,1.9,2.3.1,0.17.2,0.46.1
7,GHZ-8,8,FakeTorino,133,29,32,100,0.375,0.6234,MARGINAL,,,CORRECT,,CORRECT,32,7,1.7,2.3.1,0.17.2,0.46.1
7,GHZ-8,8,FakeTorino,133,30,32,100,0.4062,0.59,MARGINAL,,,CORRECT,,CORRECT,32,7,1.5,2.3.1,0.17.2,0.46.1
7,GHZ-8,8,FakeTorino,133,31,32,100,0.4062,0.59,MARGINAL,,,CORRECT,,CORRECT,32,7,2.3,2.3.1,0.17.2,0.46.1
7,GHZ-8,8,FakeTorino,133,32,32,100,0.4062,0.5833,MARGINAL,,,CORRECT,,CORRECT,32,7,1.6,2.3.1,0.17.2,0.46.1
7,GHZ-8,8,FakeTorino,133,33,32,100,0.375,0.6187,MARGINAL,,,CORRECT,,CORRECT,32,7,1.6,2.3.1,0.17.2,0.46.1
7,GHZ-8,8,FakeTorino,133,34,32,100,0.375,0.6187,MARGINAL,,,CORRECT,,CORRECT,32,7,1.6,2.3.1,0.17.2,0.46.1
7,GHZ-8,8,FakeTorino,133,35,32,100,0.375,0.6187,MARGINAL,,,CORRECT,,CORRECT,32,7,2.2,2.3.1,0.17.2,0.46.1
7,GHZ-8,8,FakeTorino,133,36,32,100,0.375,0.6187,MARGINAL,,,CORRECT,,CORRECT,32,7,1.7,2.3.1,0.17.2,0.46.1
7,GHZ-8,8,FakeTorino,133,37,32,100,0.4062,0.59,MARGINAL,,,CORRECT,,CORRECT,32,7,1.5,2.3.1,0.17.2,0.46.1
7,GHZ-8,8,FakeTorino,133,38,32,100,0.4062,0.5833,MARGINAL,,,CORRECT,,CORRECT,32,7,2.0,2.3.1,0.17.2,0.46.1
7,GHZ-8,8,FakeTorino,133,39,32,100,0.4375,0.5464,MARGINAL,,,CORRECT,,CORRECT,32,7,1.7,2.3.1,0.17.2,0.46.1
7,GHZ-8,8,FakeTorino,133,40,32,100,0.4062,0.5833,MARGINAL,,,CORRECT,,CORRECT,32,7,1.8,2.3.1,0.17.2,0.46.1
7,GHZ-8,8,FakeTorino,133,41,32,100,0.375,0.6106,MARGINAL,,,CORRECT,,CORRECT,32,7,2.3,2.3.1,0.17.2,0.46.1
7,GHZ-8,8,FakeTorino,133,42,32,100,0.4062,0.5833,MARGINAL,,,CORRECT,,CORRECT,32,7,2.3,2.3.1,0.17.2,0.46.1
7,GHZ-8,8,FakeTorino,133,43,32,100,0.4375,0.5555,MARGINAL,,,CORRECT,,CORRECT,32,7,1.2,2.3.1,0.17.2,0.46.1
7,GHZ-8,8,FakeTorino,133,44,32,100,0.4687,0.5271,MARGINAL,,,CORRECT,,CORRECT,32,7,1.2,2.3.1,0.17.2,0.46.1
7,GHZ-8,8,FakeTorino,133,45,32,100,0.4687,0.5271,MARGINAL,,,CORRECT,,CORRECT,32,7,2.0,2.3.1,0.17.2,0.46.1
7,GHZ-8,8,FakeTorino,133,46,32,100,0.4687,0.5195,MARGINAL,,,CORRECT,,CORRECT,32,7,2.3,2.3.1,0.17.2,0.46.1
7,GHZ-8,8,FakeTorino,133,47,32,100,0.5,0.4921,MARGINAL,,,CORRECT,,CORRECT,32,7,1.3,2.3.1,0.17.2,0.46.1
7,GHZ-8,8,FakeTorino,133,48,32,100,0.4687,0.5271,MARGINAL,,,CORRECT,,CORRECT,32,7,1.5,2.3.1,0.17.2,0.46.1
7,GHZ-8,8,FakeTorino,133,49,32,100,0.4375,0.5555,MARGINAL,,,CORRECT,,CORRECT,32,7,2.2,2.3.1,0.17.2,0.46.1
7,GHZ-8,8,FakeTorino,133,50,32,100,0.4375,0.5464,MARGINAL,,,CORRECT,,CORRECT,32,7,1.7,2.3.1,0.17.2,0.46.1
7,GHZ-8,8,FakeTorino,133,51,32,100,0.4375,0.5464,MARGINAL,,,CORRECT,,CORRECT,32,7,1.2,2.3.1,0.17.2,0.46.1
7,GHZ-8,8,FakeTorino,133,52,32,100,0.4062,0.5833,MARGINAL,,,CORRECT,,CORRECT,32,7,1.5,2.3.1,0.17.2,0.46.1
7,GHZ-8,8,FakeTorino,133,53,32,100,0.4062,0.5729,MARGINAL,,,CORRECT,,CORRECT,32,7,1.7,2.3.1,0.17.2,0.46.1
7,GHZ-8,8,FakeTorino,133,54,32,100,0.4375,0.5464,MARGINAL,,,CORRECT,,CORRECT,32,7,1.7,2.3.1,0.17.2,0.46.1
7,GHZ-8,8,FakeTorino,133,55,32,100,0.4062,0.5833,MARGINAL,,,CORRECT,,CORRECT,32,7,1.4,2.3.1,0.17.2,0.46.1
7,GHZ-8,8,FakeTorino,133,56,32,100,0.4062,0.5833,MARGINAL,,,CORRECT,,CORRECT,32,7,1.4,2.3.1,0.17.2,0.46.1
7,GHZ-8,8,FakeTorino,133,57,32,100,0.4062,0.5833,MARGINAL,,,CORRECT,,CORRECT,32,7,2.3,2.3.1,0.17.2,0.46.1
7,GHZ-8,8,FakeTorino,133,58,32,100,0.4375,0.5464,MARGINAL,,,CORRECT,,CORRECT,32,7,1.9,2.3.1,0.17.2,0.46.1
7,GHZ-8,8,FakeTorino,133,59,32,100,0.4062,0.5729,MARGINAL,,,CORRECT,,CORRECT,32,7,1.1,2.3.1,0.17.2,0.46.1
7,GHZ-8,8,FakeTorino,133,60,32,100,0.4375,0.5464,MARGINAL,,,CORRECT,,CORRECT,32,7,1.4,2.3.1,0.17.2,0.46.1
7,GHZ-8,8,FakeTorino,133,61,32,100,0.4375,0.5464,MARGINAL,,,CORRECT,,CORRECT,32,7,1.6,2.3.1,0.17.2,0.46.1
7,GHZ-8,8,FakeTorino,133,62,32,100,0.4062,0.5833,MARGINAL,,,CORRECT,,CORRECT,32,7,2.0,2.3.1,0.17.2,0.46.1
7,GHZ-8,8,FakeTorino,133,63,32,100,0.4062,0.5833,MARGINAL,,,CORRECT,,CORRECT,32,7,1.2,2.3.1,0.17.2,0.46.1
7,GHZ-8,8,FakeTorino,133,64,32,100,0.4062,0.59,MARGINAL,,,CORRECT,,CORRECT,32,7,1.7,2.3.1,0.17.2,0.46.1
7,GHZ-8,8,FakeTorino,133,65,32,100,0.4062,0.5833,MARGINAL,,,CORRECT,,CORRECT,32,7,2.0,2.3.1,0.17.2,0.46.1
7,GHZ-8,8,FakeTorino,133,66,32,100,0.4062,0.5729,MARGINAL,,,CORRECT,,CORRECT,32,7,2.1,2.3.1,0.17.2,0.46.1
7,GHZ-8,8,FakeTorino,133,67,32,100,0.4062,0.5729,MARGINAL,,,CORRECT,,CORRECT,32,7,1.2,2.3.1,0.17.2,0.46.1
7,GHZ-8,8,FakeTorino,133,68,32,100,0.4062,0.5729,MARGINAL,,,CORRECT,,CORRECT,32,7,1.6,2.3.1,0.17.2,0.46.1
7,GHZ-8,8,FakeTorino,133,69,32,100,0.4062,0.5729,MARGINAL,,,CORRECT,,CORRECT,32,7,2.6,2.3.1,0.17.2,0.46.1
7,GHZ-8,8,FakeTorino,133,70,32,100,0.4375,0.5464,MARGINAL,3,9,CORRECT,3,CORRECT,32,7,1.6,2.3.1,0.17.2,0.46.1
7,GHZ-8,8,FakeTorino,133,71,32,100,0.4062,0.5729,MARGINAL,,,CORRECT,,CORRECT,32,7,1.6,2.3.1,0.17.2,0.46.1
7,GHZ-8,8,FakeTorino,133,72,32,100,0.4375,0.5332,MARGINAL,,,CORRECT,,CORRECT,32,7,2.3,2.3.1,0.17.2,0.46.1
7,GHZ-8,8,FakeTorino,133,73,32,100,0.4687,0.5077,MARGINAL,,,CORRECT,,CORRECT,32,7,2.0,2.3.1,0.17.2,0.46.1
7,GHZ-8,8,FakeTorino,133,74,32,100,0.4375,0.5464,MARGINAL,,,CORRECT,,CORRECT,32,7,1.2,2.3.1,0.17.2,0.46.1
7,GHZ-8,8,FakeTorino,133,75,32,100,0.4062,0.5833,MARGINAL,,,CORRECT,,CORRECT,32,7,1.9,2.3.1,0.17.2,0.46.1
7,GHZ-8,8,FakeTorino,133,76,32,100,0.4062,0.5833,MARGINAL,,,CORRECT,,CORRECT,32,7,1.8,2.3.1,0.17.2,0.46.1
7,GHZ-8,8,FakeTorino,133,77,32,100,0.375,0.6106,MARGINAL,,,CORRECT,,CORRECT,32,7,1.7,2.3.1,0.17.2,0.46.1
7,GHZ-8,8,FakeTorino,133,78,32,100,0.375,0.6106,MARGINAL,,,CORRECT,,CORRECT,32,7,1.3,2.3.1,0.17.2,0.46.1
7,GHZ-8,8,FakeTorino,133,79,32,100,0.3437,0.6375,MARGINAL,,,CORRECT,,CORRECT,32,7,1.7,2.3.1,0.17.2,0.46.1
7,GHZ-8,8,FakeTorino,133,80,32,100,0.375,0.5989,MARGINAL,,,CORRECT,,CORRECT,32,7,1.4,2.3.1,0.17.2,0.46.1
7,GHZ-8,8,FakeTorino,133,81,32,100,0.4062,0.5729,MARGINAL,,,CORRECT,,CORRECT,32,7,2.6,2.3.1,0.17.2,0.46.1
7,GHZ-8,8,FakeTorino,133,82,32,100,0.4062,0.5729,MARGINAL,,,CORRECT,,CORRECT,32,7,1.2,2.3.1,0.17.2,0.46.1
7,GHZ-8,8,FakeTorino,133,83,32,100,0.4375,0.5464,MARGINAL,,,CORRECT,,CORRECT,32,7,1.6,2.3.1,0.17.2,0.46.1
7,GHZ-8,8,FakeTorino,133,84,32,100,0.4687,0.5077,MARGINAL,,,CORRECT,,CORRECT,32,7,1.5,2.3.1,0.17.2,0.46.1
7,GHZ-8,8,FakeTorino,133,85,32,100,0.4687,0.5195,MARGINAL,,,CORRECT,,CORRECT,32,7,1.7,2.3.1,0.17.2,0.46.1
7,GHZ-8,8,FakeTorino,133,86,32,100,0.4375,0.5464,MARGINAL,,,CORRECT,,CORRECT,32,7,1.3,2.3.1,0.17.2,0.46.1
7,GHZ-8,8,FakeTorino,133,87,32,100,0.4687,0.5077,MARGINAL,,,CORRECT,,CORRECT,32,7,1.4,2.3.1,0.17.2,0.46.1
7,GHZ-8,8,FakeTorino,133,88,32,100,0.4375,0.5332,MARGINAL,,,CORRECT,,CORRECT,32,7,1.6,2.3.1,0.17.2,0.46.1
7,GHZ-8,8,FakeTorino,133,89,32,100,0.4687,0.5077,MARGINAL,,,CORRECT,,CORRECT,32,7,2.6,2.3.1,0.17.2,0.46.1
7,GHZ-8,8,FakeTorino,133,90,32,100,0.4687,0.5077,MARGINAL,,,CORRECT,,CORRECT,32,7,1.9,2.3.1,0.17.2,0.46.1
7,GHZ-8,8,FakeTorino,133,91,32,100,0.5,0.4818,MARGINAL,,,CORRECT,,CORRECT,32,7,1.3,2.3.1,0.17.2,0.46.1
7,GHZ-8,8,FakeTorino,133,92,32,100,0.4687,0.5077,MARGINAL,,,CORRECT,,CORRECT,32,7,1.7,2.3.1,0.17.2,0.46.1
7,GHZ-8,8,FakeTorino,133,93,32,100,0.4687,0.5077,MARGINAL,,,CORRECT,,CORRECT,32,7,2.3,2.3.1,0.17.2,0.46.1
7,GHZ-8,8,FakeTorino,133,94,32,100,0.4687,0.491,MARGINAL,,,CORRECT,,CORRECT,32,7,1.9,2.3.1,0.17.2,0.46.1
7,GHZ-8,8,FakeTorino,133,95,32,100,0.4687,0.491,MARGINAL,,,CORRECT,,CORRECT,32,7,1.2,2.3.1,0.17.2,0.46.1
7,GHZ-8,8,FakeTorino,133,96,32,100,0.4687,0.4681,MARGINAL,,,CORRECT,,CORRECT,32,7,2.1,2.3.1,0.17.2,0.46.1
7,GHZ-8,8,FakeTorino,133,97,32,100,0.4687,0.4681,MARGINAL,,,CORRECT,,CORRECT,32,7,3.2,2.3.1,0.17.2,0.46.1
7,GHZ-8,8,FakeTorino,133,98,32,100,0.5,0.4452,MARGINAL,,,CORRECT,,CORRECT,32,7,1.4,2.3.1,0.17.2,0.46.1
7,GHZ-8,8,FakeTorino,133,99,32,100,0.4687,0.4681,MARGINAL,,,CORRECT,,CORRECT,32,7,1.5,2.3.1,0.17.2,0.46.1
7,GHZ-8,8,FakeTorino,133,100,32,100,0.4687,0.4681,MARGINAL,,,CORRECT,,CORRECT,32,7,2.0,2.3.1,0.17.2,0.46.1
7,GHZ-8,8,FakeTorino,133,101,32,100,0.4375,0.5151,MARGINAL,,,CORRECT,,CORRECT,32,7,1.6,2.3.1,0.17.2,0.46.1
7,GHZ-8,8,FakeTorino,133,102,32,100,0.4062,0.5583,MARGINAL,,,CORRECT,,CORRECT,32,7,1.5,2.3.1,0.17.2,0.46.1
7,GHZ-8,8,FakeTorino,133,103,32,100,0.4062,0.5583,MARGINAL,,,CORRECT,,CORRECT,32,7,1.1,2.3.1,0.17.2,0.46.1
7,GHZ-8,8,FakeTorino,133,104,32,100,0.375,0.5831,MARGINAL,,,CORRECT,,CORRECT,32,7,1.6,2.3.1,0.17.2,0.46.1
7,GHZ-8,8,FakeTorino,133,105,32,100,0.375,0.5831,MARGINAL,,,CORRECT,,CORRECT,32,7,2.5,2.3.1,0.17.2,0.46.1
7,GHZ-8,8,FakeTorino,133,106,32,100,0.375,0.5625,MARGINAL,,,CORRECT,,CORRECT,32,7,1.9,2.3.1,0.17.2,0.46.1
7,GHZ-8,8,FakeTorino,133,107,32,100,0.375,0.5625,MARGINAL,,,CORRECT,,CORRECT,32,7,1.3,2.3.1,0.17.2,0.46.1
7,GHZ-8,8,FakeTorino,133,108,32,100,0.3438,0.6076,MARGINAL,,,CORRECT,,CORRECT,32,7,2.0,2.3.1,0.17.2,0.46.1
7,GHZ-8,8,FakeTorino,133,109,32,100,0.3438,0.6076,MARGINAL,,,CORRECT,,CORRECT,32,7,3.5,2.3.1,0.17.2,0.46.1
7,GHZ-8,8,FakeTorino,133,110,32,100,0.3437,0.6246,MARGINAL,,,CORRECT,,CORRECT,32,7,1.2,2.3.1,0.17.2,0.46.1
7,GHZ-8,8,FakeTorino,133,111,32,100,0.3437,0.6375,MARGINAL,,,CORRECT,,CORRECT,32,7,1.3,2.3.1,0.17.2,0.46.1
7,GHZ-8,8,FakeTorino,133,112,32,100,0.3125,0.664,MARGINAL,,,CORRECT,,CORRECT,32,7,1.9,2.3.1,0.17.2,0.46.1
7,GHZ-8,8,FakeTorino,133,113,32,100,0.3125,0.664,MARGINAL,,,CORRECT,,CORRECT,32,7,2.0,2.3.1,0.17.2,0.46.1
7,GHZ-8,8,FakeTorino,133,114,32,100,0.3125,0.664,MARGINAL,,,CORRECT,,CORRECT,32,7,1.4,2.3.1,0.17.2,0.46.1
7,GHZ-8,8,FakeTorino,133,115,32,100,0.2812,0.7017,PASS,,,CORRECT,,CORRECT,32,7,1.1,2.3.1,0.17.2,0.46.1
7,GHZ-8,8,FakeTorino,133,116,32,100,0.25,0.7381,PASS,,,CORRECT,,CORRECT,32,7,2.1,2.3.1,0.17.2,0.46.1
7,GHZ-8,8,FakeTorino,133,117,32,100,0.2812,0.7017,PASS,,,CORRECT,,CORRECT,32,7,2.2,2.3.1,0.17.2,0.46.1
7,GHZ-8,8,FakeTorino,133,118,32,100,0.2812,0.7017,PASS,,,CORRECT,,CORRECT,32,7,1.4,2.3.1,0.17.2,0.46.1
7,GHZ-8,8,FakeTorino,133,119,32,100,0.2812,0.7017,PASS,,,CORRECT,,CORRECT,32,7,1.2,2.3.1,0.17.2,0.46.1
8,QFT 4Q,4,FakeTorino,133,20,500,100,0.0645,0.9937,PASS,,,CORRECT,,CORRECT,77,21,1.8,2.3.1,0.17.2,0.46.1
8,QFT 4Q,4,FakeTorino,133,21,500,100,0.071,0.9923,PASS,,,CORRECT,,CORRECT,86,18,1.8,2.3.1,0.17.2,0.46.1
8,QFT 4Q,4,FakeTorino,133,22,500,100,0.0605,0.9935,PASS,,,CORRECT,,CORRECT,86,18,1.7,2.3.1,0.17.2,0.46.1
8,QFT 4Q,4,FakeTorino,133,23,500,100,0.055,0.9953,PASS,,,CORRECT,,CORRECT,86,18,0.9,2.3.1,0.17.2,0.46.1
8,QFT 4Q,4,FakeTorino,133,24,500,100,0.052,0.9953,PASS,,,CORRECT,,CORRECT,84,18,1.3,2.3.1,0.17.2,0.46.1
8,QFT 4Q,4,FakeTorino,133,25,500,100,0.055,0.9948,PASS,,,CORRECT,,CORRECT,84,18,1.9,2.3.1,0.17.2,0.46.1
8,QFT 4Q,4,FakeTorino,133,26,500,100,0.0635,0.9935,PASS,,,CORRECT,,CORRECT,77,18,1.6,2.3.1,0.17.2,0.46.1
8,QFT 4Q,4,FakeTorino,133,27,500,100,0.064,0.9938,PASS,,,CORRECT,,CORRECT,71,21,1.0,2.3.1,0.17.2,0.46.1
8,QFT 4Q,4,FakeTorino,133,28,500,100,0.0715,0.992,PASS,,,CORRECT,,CORRECT,79,21,1.6,2.3.1,0.17.2,0.46.1
8,QFT 4Q,4,FakeTorino,133,29,500,100,0.067,0.9917,PASS,,,CORRECT,,CORRECT,84,18,1.9,2.3.1,0.17.2,0.46.1
8,QFT 4Q,4,FakeTorino,133,30,500,100,0.0765,0.9931,PASS,,,CORRECT,,CORRECT,79,21,1.1,2.3.1,0.17.2,0.46.1
8,QFT 4Q,4,FakeTorino,133,31,500,100,0.0745,0.992,PASS,,,CORRECT,,CORRECT,86,18,1.2,2.3.1,0.17.2,0.46.1
8,QFT 4Q,4,FakeTorino,133,32,500,100,0.0805,0.9896,PASS,,,CORRECT,,CORRECT,74,21,1.6,2.3.1,0.17.2,0.46.1
8,QFT 4Q,4,FakeTorino,133,33,500,100,0.0895,0.9884,PASS,,,CORRECT,,CORRECT,71,21,2.1,2.3.1,0.17.2,0.46.1
8,QFT 4Q,4,FakeTorino,133,34,500,100,0.051,0.9945,PASS,,,CORRECT,,CORRECT,77,18,1.1,2.3.1,0.17.2,0.46.1
8,QFT 4Q,4,FakeTorino,133,35,500,100,0.0685,0.9908,PASS,,,CORRECT,,CORRECT,77,18,1.5,2.3.1,0.17.2,0.46.1
8,QFT 4Q,4,FakeTorino,133,36,500,100,0.0745,0.9927,PASS,,,CORRECT,,CORRECT,71,21,1.6,2.3.1,0.17.2,0.46.1
8,QFT 4Q,4,FakeTorino,133,37,500,100,0.068,0.994,PASS,,,CORRECT,,CORRECT,74,21,1.3,2.3.1,0.17.2,0.46.1
8,QFT 4Q,4,FakeTorino,133,38,500,100,0.102,0.9856,PASS,,,CORRECT,,CORRECT,71,21,1.2,2.3.1,0.17.2,0.46.1
8,QFT 4Q,4,FakeTorino,133,39,500,100,0.0665,0.9926,PASS,,,CORRECT,,CORRECT,74,21,1.4,2.3.1,0.17.2,0.46.1
8,QFT 4Q,4,FakeTorino,133,40,500,100,0.064,0.9945,PASS,,,CORRECT,,CORRECT,68,18,1.5,2.3.1,0.17.2,0.46.1
8,QFT 4Q,4,FakeTorino,133,41,500,100,0.0705,0.9924,PASS,,,CORRECT,,CORRECT,77,18,1.3,2.3.1,0.17.2,0.46.1
8,QFT 4Q,4,FakeTorino,133,42,500,100,0.0805,0.9908,PASS,,,CORRECT,,CORRECT,84,18,1.2,2.3.1,0.17.2,0.46.1
8,QFT 4Q,4,FakeTorino,133,43,500,100,0.068,0.9925,PASS,,,CORRECT,,CORRECT,84,18,1.8,2.3.1,0.17.2,0.46.1
8,QFT 4Q,4,FakeTorino,133,44,500,100,0.0755,0.9922,PASS,,,CORRECT,,CORRECT,68,18,1.9,2.3.1,0.17.2,0.46.1
8,QFT 4Q,4,FakeTorino,133,45,500,100,0.0635,0.9937,PASS,,,CORRECT,,CORRECT,86,18,1.3,2.3.1,0.17.2,0.46.1
8,QFT 4Q,4,FakeTorino,133,46,500,100,0.0505,0.9947,PASS,,,CORRECT,,CORRECT,68,18,1.6,2.3.1,0.17.2,0.46.1
8,QFT 4Q,4,FakeTorino,133,47,500,100,0.072,0.9916,PASS,,,CORRECT,,CORRECT,71,21,1.5,2.3.1,0.17.2,0.46.1
8,QFT 4Q,4,FakeTorino,133,48,500,100,0.093,0.9875,PASS,,,CORRECT,,CORRECT,71,21,1.2,2.3.1,0.17.2,0.46.1
8,QFT 4Q,4,FakeTorino,133,49,500,100,0.1105,0.9847,PASS,,,CORRECT,,CORRECT,68,18,1.5,2.3.1,0.17.2,0.46.1
8,QFT 4Q,4,FakeTorino,133,50,500,100,0.0735,0.9927,PASS,,,CORRECT,,CORRECT,77,18,1.3,2.3.1,0.17.2,0.46.1
8,QFT 4Q,4,FakeTorino,133,51,500,100,0.063,0.9936,PASS,,,CORRECT,,CORRECT,77,18,1.3,2.3.1,0.17.2,0.46.1
8,QFT 4Q,4,FakeTorino,133,52,500,100,0.092,0.9892,PASS,,,CORRECT,,CORRECT,79,21,0.9,2.3.1,0.17.2,0.46.1
8,QFT 4Q,4,FakeTorino,133,53,500,100,0.0745,0.9929,PASS,,,CORRECT,,CORRECT,79,21,1.3,2.3.1,0.17.2,0.46.1
8,QFT 4Q,4,FakeTorino,133,54,500,100,0.062,0.9928,PASS,,,CORRECT,,CORRECT,86,18,1.6,2.3.1,0.17.2,0.46.1
8,QFT 4Q,4,FakeTorino,133,55,500,100,0.052,0.9938,PASS,,,CORRECT,,CORRECT,68,18,1.6,2.3.1,0.17.2,0.46.1
8,QFT 4Q,4,FakeTorino,133,56,500,100,0.056,0.9952,PASS,,,CORRECT,,CORRECT,71,21,0.9,2.3.1,0.17.2,0.46.1
8,QFT 4Q,4,FakeTorino,133,57,500,100,0.0745,0.9916,PASS,,,CORRECT,,CORRECT,84,18,1.4,2.3.1,0.17.2,0.46.1
8,QFT 4Q,4,FakeTorino,133,58,500,100,0.0455,0.9961,PASS,,,CORRECT,,CORRECT,84,18,1.6,2.3.1,0.17.2,0.46.1
8,QFT 4Q,4,FakeTorino,133,59,500,100,0.0775,0.9907,PASS,,,CORRECT,,CORRECT,71,21,1.5,2.3.1,0.17.2,0.46.1
8,QFT 4Q,4,FakeTorino,133,60,500,100,0.0595,0.9953,PASS,,,CORRECT,,CORRECT,77,18,0.9,2.3.1,0.17.2,0.46.1
8,QFT 4Q,4,FakeTorino,133,61,500,100,0.07,0.9907,PASS,,,CORRECT,,CORRECT,74,21,1.7,2.3.1,0.17.2,0.46.1
8,QFT 4Q,4,FakeTorino,133,62,500,100,0.0625,0.992,PASS,,,CORRECT,,CORRECT,77,18,1.5,2.3.1,0.17.2,0.46.1
8,QFT 4Q,4,FakeTorino,133,63,500,100,0.0905,0.9888,PASS,,,CORRECT,,CORRECT,77,18,1.2,2.3.1,0.17.2,0.46.1
8,QFT 4Q,4,FakeTorino,133,64,500,100,0.053,0.9958,PASS,,,CORRECT,,CORRECT,77,18,1.2,2.3.1,0.17.2,0.46.1
8,QFT 4Q,4,FakeTorino,133,65,500,100,0.088,0.9891,PASS,,,CORRECT,,CORRECT,77,18,1.9,2.3.1,0.17.2,0.46.1
8,QFT 4Q,4,FakeTorino,133,66,500,100,0.069,0.9928,PASS,,,CORRECT,,CORRECT,77,18,1.3,2.3.1,0.17.2,0.46.1
8,QFT 4Q,4,FakeTorino,133,67,500,100,0.0845,0.991,PASS,,,CORRECT,,CORRECT,77,21,0.9,2.3.1,0.17.2,0.46.1
8,QFT 4Q,4,FakeTorino,133,68,500,100,0.0525,0.9962,PASS,,,CORRECT,,CORRECT,74,21,1.8,2.3.1,0.17.2,0.46.1
8,QFT 4Q,4,FakeTorino,133,69,500,100,0.066,0.9936,PASS,,,CORRECT,,CORRECT,77,18,1.5,2.3.1,0.17.2,0.46.1
8,QFT 4Q,4,FakeTorino,133,70,500,100,0.0905,0.988,PASS,,,CORRECT,,CORRECT,68,18,1.2,2.3.1,0.17.2,0.46.1
8,QFT 4Q,4,FakeTorino,133,71,500,100,0.0745,0.9921,PASS,,,CORRECT,,CORRECT,68,18,0.9,2.3.1,0.17.2,0.46.1
8,QFT 4Q,4,FakeTorino,133,72,500,100,0.0735,0.9919,PASS,,,CORRECT,,CORRECT,68,18,1.6,2.3.1,0.17.2,0.46.1
8,QFT 4Q,4,FakeTorino,133,73,500,100,0.071,0.993,PASS,,,CORRECT,,CORRECT,79,21,1.7,2.3.1,0.17.2,0.46.1
8,QFT 4Q,4,FakeTorino,133,74,500,100,0.074,0.9924,PASS,,,CORRECT,,CORRECT,86,18,1.1,2.3.1,0.17.2,0.46.1
8,QFT 4Q,4,FakeTorino,133,75,500,100,0.0745,0.993,PASS,,,CORRECT,,CORRECT,74,21,1.1,2.3.1,0.17.2,0.46.1
8,QFT 4Q,4,FakeTorino,133,76,500,100,0.0425,0.9973,PASS,,,CORRECT,,CORRECT,86,18,1.3,2.3.1,0.17.2,0.46.1
8,QFT 4Q,4,FakeTorino,133,77,500,100,0.06,0.9925,PASS,,,CORRECT,,CORRECT,77,18,1.6,2.3.1,0.17.2,0.46.1
8,QFT 4Q,4,FakeTorino,133,78,500,100,0.059,0.994,PASS,,,CORRECT,,CORRECT,71,21,1.1,2.3.1,0.17.2,0.46.1
8,QFT 4Q,4,FakeTorino,133,79,500,100,0.0525,0.996,PASS,,,CORRECT,,CORRECT,84,18,1.2,2.3.1,0.17.2,0.46.1
8,QFT 4Q,4,FakeTorino,133,80,500,100,0.0365,0.9983,PASS,,,CORRECT,,CORRECT,77,21,1.6,2.3.1,0.17.2,0.46.1
8,QFT 4Q,4,FakeTorino,133,81,500,100,0.052,0.995,PASS,,,CORRECT,,CORRECT,71,21,1.5,2.3.1,0.17.2,0.46.1
8,QFT 4Q,4,FakeTorino,133,82,500,100,0.07,0.9923,PASS,,,CORRECT,,CORRECT,77,18,1.0,2.3.1,0.17.2,0.46.1
8,QFT 4Q,4,FakeTorino,133,83,500,100,0.0525,0.9947,PASS,,,CORRECT,,CORRECT,68,18,1.2,2.3.1,0.17.2,0.46.1
8,QFT 4Q,4,FakeTorino,133,84,500,100,0.0485,0.9963,PASS,,,CORRECT,,CORRECT,77,18,1.6,2.3.1,0.17.2,0.46.1
8,QFT 4Q,4,FakeTorino,133,85,500,100,0.0935,0.9877,PASS,,,CORRECT,,CORRECT,79,21,1.7,2.3.1,0.17.2,0.46.1
8,QFT 4Q,4,FakeTorino,133,86,500,100,0.059,0.9944,PASS,,,CORRECT,,CORRECT,84,18,1.0,2.3.1,0.17.2,0.46.1
8,QFT 4Q,4,FakeTorino,133,87,500,100,0.0695,0.9928,PASS,,,CORRECT,,CORRECT,77,21,2.3,2.3.1,0.17.2,0.46.1
8,QFT 4Q,4,FakeTorino,133,88,500,100,0.0705,0.9903,PASS,,,CORRECT,,CORRECT,74,21,1.6,2.3.1,0.17.2,0.46.1
8,QFT 4Q,4,FakeTorino,133,89,500,100,0.0535,0.9952,PASS,,,CORRECT,,CORRECT,74,21,1.2,2.3.1,0.17.2,0.46.1
8,QFT 4Q,4,FakeTorino,133,90,500,100,0.08,0.9912,PASS,,,CORRECT,,CORRECT,68,18,2.0,2.3.1,0.17.2,0.46.1
8,QFT 4Q,4,FakeTorino,133,91,500,100,0.0965,0.9837,PASS,,,CORRECT,,CORRECT,74,21,1.4,2.3.1,0.17.2,0.46.1
8,QFT 4Q,4,FakeTorino,133,92,500,100,0.063,0.9941,PASS,,,CORRECT,,CORRECT,84,18,0.9,2.3.1,0.17.2,0.46.1
8,QFT 4Q,4,FakeTorino,133,93,500,100,0.072,0.9927,PASS,,,CORRECT,,CORRECT,74,21,1.7,2.3.1,0.17.2,0.46.1
8,QFT 4Q,4,FakeTorino,133,94,500,100,0.066,0.9925,PASS,,,CORRECT,,CORRECT,86,18,1.6,2.3.1,0.17.2,0.46.1
8,QFT 4Q,4,FakeTorino,133,95,500,100,0.0575,0.993,PASS,,,CORRECT,,CORRECT,71,21,1.2,2.3.1,0.17.2,0.46.1
8,QFT 4Q,4,FakeTorino,133,96,500,100,0.055,0.9952,PASS,,,CORRECT,,CORRECT,77,18,1.2,2.3.1,0.17.2,0.46.1
8,QFT 4Q,4,FakeTorino,133,97,500,100,0.073,0.9922,PASS,,,CORRECT,,CORRECT,79,21,1.7,2.3.1,0.17.2,0.46.1
8,QFT 4Q,4,FakeTorino,133,98,500,100,0.0665,0.9933,PASS,,,CORRECT,,CORRECT,77,18,1.3,2.3.1,0.17.2,0.46.1
8,QFT 4Q,4,FakeTorino,133,99,500,100,0.0635,0.9937,PASS,,,CORRECT,,CORRECT,86,18,0.9,2.3.1,0.17.2,0.46.1
8,QFT 4Q,4,FakeTorino,133,100,500,100,0.055,0.9952,PASS,,,CORRECT,,CORRECT,77,21,1.3,2.3.1,0.17.2,0.46.1
8,QFT 4Q,4,FakeTorino,133,101,500,100,0.084,0.9899,PASS,,,CORRECT,,CORRECT,74,21,1.6,2.3.1,0.17.2,0.46.1
8,QFT 4Q,4,FakeTorino,133,102,500,100,0.085,0.9875,PASS,,,CORRECT,,CORRECT,84,18,1.5,2.3.1,0.17.2,0.46.1
8,QFT 4Q,4,FakeTorino,133,103,500,100,0.0635,0.9944,PASS,,,CORRECT,,CORRECT,68,18,0.9,2.3.1,0.17.2,0.46.1
8,QFT 4Q,4,FakeTorino,133,104,500,100,0.071,0.9901,PASS,,,CORRECT,,CORRECT,84,18,1.4,2.3.1,0.17.2,0.46.1
8,QFT 4Q,4,FakeTorino,133,105,500,100,0.089,0.989,PASS,,,CORRECT,,CORRECT,79,21,1.9,2.3.1,0.17.2,0.46.1
8,QFT 4Q,4,FakeTorino,133,106,500,100,0.065,0.9936,PASS,,,CORRECT,,CORRECT,77,21,1.2,2.3.1,0.17.2,0.46.1
8,QFT 4Q,4,FakeTorino,133,107,500,100,0.0875,0.989,PASS,,,CORRECT,,CORRECT,71,21,1.0,2.3.1,0.17.2,0.46.1
8,QFT 4Q,4,FakeTorino,133,108,500,100,0.0675,0.9934,PASS,,,CORRECT,,CORRECT,79,21,2.1,2.3.1,0.17.2,0.46.1
8,QFT 4Q,4,FakeTorino,133,109,500,100,0.0585,0.9946,PASS,,,CORRECT,,CORRECT,77,18,1.7,2.3.1,0.17.2,0.46.1
8,QFT 4Q,4,FakeTorino,133,110,500,100,0.06,0.9944,PASS,,,CORRECT,,CORRECT,86,18,1.0,2.3.1,0.17.2,0.46.1
8,QFT 4Q,4,FakeTorino,133,111,500,100,0.0845,0.9917,PASS,,,CORRECT,,CORRECT,86,18,2.1,2.3.1,0.17.2,0.46.1
8,QFT 4Q,4,FakeTorino,133,112,500,100,0.0615,0.993,PASS,,,CORRECT,,CORRECT,68,18,1.5,2.3.1,0.17.2,0.46.1
8,QFT 4Q,4,FakeTorino,133,113,500,100,0.0435,0.9964,PASS,,,CORRECT,,CORRECT,84,18,1.0,2.3.1,0.17.2,0.46.1
8,QFT 4Q,4,FakeTorino,133,114,500,100,0.057,0.9952,PASS,,,CORRECT,,CORRECT,79,21,1.3,2.3.1,0.17.2,0.46.1
8,QFT 4Q,4,FakeTorino,133,115,500,100,0.0695,0.9927,PASS,,,CORRECT,,CORRECT,71,21,1.4,2.3.1,0.17.2,0.46.1
8,QFT 4Q,4,FakeTorino,133,116,500,100,0.0705,0.9925,PASS,,,CORRECT,,CORRECT,71,21,1.6,2.3.1,0.17.2,0.46.1
8,QFT 4Q,4,FakeTorino,133,117,500,100,0.073,0.991,PASS,,,CORRECT,,CORRECT,68,18,1.3,2.3.1,0.17.2,0.46.1
8,QFT 4Q,4,FakeTorino,133,118,500,100,0.0605,0.9951,PASS,,,CORRECT,,CORRECT,77,18,1.3,2.3.1,0.17.2,0.46.1
8,QFT 4Q,4,FakeTorino,133,119,500,100,0.0765,0.9907,PASS,,,CORRECT,,CORRECT,74,21,1.5,2.3.1,0.17.2,0.46.1
14,VQE BeH2 14Q,14,FakeTorino,133,20,4096,409,0.3998,0.6952,MARGINAL,,,CORRECT,,CORRECT,66,26,5.0,2.3.1,0.17.2,0.46.1
14,VQE BeH2 14Q,14,FakeTorino,133,21,4096,409,0.3998,0.6952,MARGINAL,,,CORRECT,,CORRECT,66,26,5.1,2.3.1,0.17.2,0.46.1
14,VQE BeH2 14Q,14,FakeTorino,133,22,4096,409,0.3996,0.6953,MARGINAL,,,CORRECT,,CORRECT,66,26,5.0,2.3.1,0.17.2,0.46.1
14,VQE BeH2 14Q,14,FakeTorino,133,23,4096,409,0.3993,0.6956,MARGINAL,,,CORRECT,,CORRECT,66,26,5.1,2.3.1,0.17.2,0.46.1
14,VQE BeH2 14Q,14,FakeTorino,133,24,4096,409,0.3991,0.6958,MARGINAL,,,CORRECT,,CORRECT,66,26,4.9,2.3.1,0.17.2,0.46.1
14,VQE BeH2 14Q,14,FakeTorino,133,25,4096,409,0.3991,0.6958,MARGINAL,,,CORRECT,,CORRECT,66,26,5.2,2.3.1,0.17.2,0.46.1
14,VQE BeH2 14Q,14,FakeTorino,133,26,4096,409,0.3991,0.6958,MARGINAL,,,CORRECT,,CORRECT,66,26,4.9,2.3.1,0.17.2,0.46.1
14,VQE BeH2 14Q,14,FakeTorino,133,27,4096,409,0.3991,0.6957,MARGINAL,,,CORRECT,,CORRECT,66,26,5.0,2.3.1,0.17.2,0.46.1
14,VQE BeH2 14Q,14,FakeTorino,133,28,4096,409,0.3991,0.6957,MARGINAL,,,CORRECT,,CORRECT,66,26,4.9,2.3.1,0.17.2,0.46.1
14,VQE BeH2 14Q,14,FakeTorino,133,29,4096,409,0.3991,0.6957,MARGINAL,,,CORRECT,,CORRECT,66,26,5.2,2.3.1,0.17.2,0.46.1
14,VQE BeH2 14Q,14,FakeTorino,133,30,4096,409,0.3991,0.6957,MARGINAL,,,CORRECT,,CORRECT,66,26,4.9,2.3.1,0.17.2,0.46.1
14,VQE BeH2 14Q,14,FakeTorino,133,31,4096,409,0.3991,0.6959,MARGINAL,,,CORRECT,,CORRECT,66,26,5.0,2.3.1,0.17.2,0.46.1
14,VQE BeH2 14Q,14,FakeTorino,133,32,4096,409,0.3991,0.6959,MARGINAL,,,CORRECT,,CORRECT,66,26,5.0,2.3.1,0.17.2,0.46.1
14,VQE BeH2 14Q,14,FakeTorino,133,33,4096,409,0.3991,0.696,MARGINAL,,,CORRECT,,CORRECT,66,26,5.2,2.3.1,0.17.2,0.46.1
14,VQE BeH2 14Q,14,FakeTorino,133,34,4096,409,0.3991,0.6961,MARGINAL,,,CORRECT,,CORRECT,66,26,4.9,2.3.1,0.17.2,0.46.1
14,VQE BeH2 14Q,14,FakeTorino,133,35,4096,409,0.3991,0.696,MARGINAL,,,CORRECT,,CORRECT,66,26,5.0,2.3.1,0.17.2,0.46.1
14,VQE BeH2 14Q,14,FakeTorino,133,36,4096,409,0.3991,0.6961,MARGINAL,,,CORRECT,,CORRECT,66,26,4.9,2.3.1,0.17.2,0.46.1
14,VQE BeH2 14Q,14,FakeTorino,133,37,4096,409,0.3991,0.6961,MARGINAL,,,CORRECT,,CORRECT,66,26,5.2,2.3.1,0.17.2,0.46.1
14,VQE BeH2 14Q,14,FakeTorino,133,38,4096,409,0.3991,0.696,MARGINAL,,,CORRECT,,CORRECT,66,26,4.9,2.3.1,0.17.2,0.46.1
14,VQE BeH2 14Q,14,FakeTorino,133,39,4096,409,0.3991,0.696,MARGINAL,,,CORRECT,,CORRECT,66,26,4.9,2.3.1,0.17.2,0.46.1
14,VQE BeH2 14Q,14,FakeTorino,133,40,4096,409,0.3993,0.6959,MARGINAL,,,CORRECT,,CORRECT,66,26,4.9,2.3.1,0.17.2,0.46.1
14,VQE BeH2 14Q,14,FakeTorino,133,41,4096,409,0.399,0.696,MARGINAL,,,CORRECT,,CORRECT,66,26,5.2,2.3.1,0.17.2,0.46.1
14,VQE BeH2 14Q,14,FakeTorino,133,42,4096,409,0.3993,0.6958,MARGINAL,,,CORRECT,,CORRECT,66,26,5.1,2.3.1,0.17.2,0.46.1
14,VQE BeH2 14Q,14,FakeTorino,133,43,4096,409,0.3993,0.6957,MARGINAL,,,CORRECT,,CORRECT,66,26,5.0,2.3.1,0.17.2,0.46.1
14,VQE BeH2 14Q,14,FakeTorino,133,44,4096,409,0.399,0.696,MARGINAL,,,CORRECT,,CORRECT,66,26,5.0,2.3.1,0.17.2,0.46.1
14,VQE BeH2 14Q,14,FakeTorino,133,45,4096,409,0.3993,0.6959,MARGINAL,,,CORRECT,,CORRECT,66,26,5.1,2.3.1,0.17.2,0.46.1
14,VQE BeH2 14Q,14,FakeTorino,133,46,4096,409,0.3993,0.6958,MARGINAL,,,CORRECT,,CORRECT,66,26,4.9,2.3.1,0.17.2,0.46.1
14,VQE BeH2 14Q,14,FakeTorino,133,47,4096,409,0.3993,0.6957,MARGINAL,,,CORRECT,,CORRECT,66,26,4.9,2.3.1,0.17.2,0.46.1
14,VQE BeH2 14Q,14,FakeTorino,133,48,4096,409,0.399,0.6959,MARGINAL,,,CORRECT,,CORRECT,66,26,4.9,2.3.1,0.17.2,0.46.1
14,VQE BeH2 14Q,14,FakeTorino,133,49,4096,409,0.399,0.6959,MARGINAL,,,CORRECT,,CORRECT,66,26,5.3,2.3.1,0.17.2,0.46.1
14,VQE BeH2 14Q,14,FakeTorino,133,50,4096,409,0.3988,0.696,MARGINAL,,,CORRECT,,CORRECT,66,26,5.0,2.3.1,0.17.2,0.46.1
14,VQE BeH2 14Q,14,FakeTorino,133,51,4096,409,0.3988,0.696,MARGINAL,,,CORRECT,,CORRECT,66,26,4.9,2.3.1,0.17.2,0.46.1
14,VQE BeH2 14Q,14,FakeTorino,133,52,4096,409,0.3985,0.6962,MARGINAL,,,CORRECT,,CORRECT,66,26,4.9,2.3.1,0.17.2,0.46.1
14,VQE BeH2 14Q,14,FakeTorino,133,53,4096,409,0.3985,0.6963,MARGINAL,,,CORRECT,,CORRECT,66,26,5.3,2.3.1,0.17.2,0.46.1
14,VQE BeH2 14Q,14,FakeTorino,133,54,4096,409,0.3983,0.6966,MARGINAL,,,CORRECT,,CORRECT,66,26,5.0,2.3.1,0.17.2,0.46.1
14,VQE BeH2 14Q,14,FakeTorino,133,55,4096,409,0.398,0.6969,MARGINAL,,,CORRECT,,CORRECT,66,26,5.0,2.3.1,0.17.2,0.46.1
14,VQE BeH2 14Q,14,FakeTorino,133,56,4096,409,0.3983,0.6966,MARGINAL,,,CORRECT,,CORRECT,66,26,5.0,2.3.1,0.17.2,0.46.1
14,VQE BeH2 14Q,14,FakeTorino,133,57,4096,409,0.3983,0.6966,MARGINAL,,,CORRECT,,CORRECT,66,26,5.2,2.3.1,0.17.2,0.46.1
14,VQE BeH2 14Q,14,FakeTorino,133,58,4096,409,0.3983,0.6965,MARGINAL,,,CORRECT,,CORRECT,66,26,5.0,2.3.1,0.17.2,0.46.1
14,VQE BeH2 14Q,14,FakeTorino,133,59,4096,409,0.3983,0.6965,MARGINAL,,,CORRECT,,CORRECT,66,26,5.0,2.3.1,0.17.2,0.46.1
14,VQE BeH2 14Q,14,FakeTorino,133,60,4096,409,0.3986,0.6962,MARGINAL,,,CORRECT,,CORRECT,66,26,5.0,2.3.1,0.17.2,0.46.1
14,VQE BeH2 14Q,14,FakeTorino,133,61,4096,409,0.3986,0.6963,MARGINAL,,,CORRECT,,CORRECT,66,26,5.2,2.3.1,0.17.2,0.46.1
14,VQE BeH2 14Q,14,FakeTorino,133,62,4096,409,0.3985,0.6964,MARGINAL,,,CORRECT,,CORRECT,66,26,5.2,2.3.1,0.17.2,0.46.1
14,VQE BeH2 14Q,14,FakeTorino,133,63,4096,409,0.3985,0.6965,MARGINAL,,,CORRECT,,CORRECT,66,26,4.9,2.3.1,0.17.2,0.46.1
14,VQE BeH2 14Q,14,FakeTorino,133,64,4096,409,0.3985,0.6966,MARGINAL,,,CORRECT,,CORRECT,66,26,4.9,2.3.1,0.17.2,0.46.1
14,VQE BeH2 14Q,14,FakeTorino,133,65,4096,409,0.3988,0.6964,MARGINAL,,,CORRECT,,CORRECT,66,26,5.1,2.3.1,0.17.2,0.46.1
14,VQE BeH2 14Q,14,FakeTorino,133,66,4096,409,0.3985,0.6966,MARGINAL,,,CORRECT,,CORRECT,66,26,5.0,2.3.1,0.17.2,0.46.1
14,VQE BeH2 14Q,14,FakeTorino,133,67,4096,409,0.3983,0.6967,MARGINAL,,,CORRECT,,CORRECT,66,26,5.0,2.3.1,0.17.2,0.46.1
14,VQE BeH2 14Q,14,FakeTorino,133,68,4096,409,0.3983,0.6968,MARGINAL,,,CORRECT,,CORRECT,66,26,5.0,2.3.1,0.17.2,0.46.1
14,VQE BeH2 14Q,14,FakeTorino,133,69,4096,409,0.3983,0.6968,MARGINAL,,,CORRECT,,CORRECT,66,26,5.1,2.3.1,0.17.2,0.46.1
14,VQE BeH2 14Q,14,FakeTorino,133,70,4096,409,0.3983,0.6967,MARGINAL,,,CORRECT,,CORRECT,66,26,4.9,2.3.1,0.17.2,0.46.1
14,VQE BeH2 14Q,14,FakeTorino,133,71,4096,409,0.3985,0.6966,MARGINAL,,,CORRECT,,CORRECT,66,26,4.9,2.3.1,0.17.2,0.46.1
14,VQE BeH2 14Q,14,FakeTorino,133,72,4096,409,0.3985,0.6965,MARGINAL,,,CORRECT,,CORRECT,66,26,5.0,2.3.1,0.17.2,0.46.1
14,VQE BeH2 14Q,14,FakeTorino,133,73,4096,409,0.3983,0.6966,MARGINAL,,,CORRECT,,CORRECT,66,26,5.2,2.3.1,0.17.2,0.46.1
14,VQE BeH2 14Q,14,FakeTorino,133,74,4096,409,0.3983,0.6965,MARGINAL,,,CORRECT,,CORRECT,66,26,5.3,2.3.1,0.17.2,0.46.1
14,VQE BeH2 14Q,14,FakeTorino,133,75,4096,409,0.398,0.6968,MARGINAL,,,CORRECT,,CORRECT,66,26,4.9,2.3.1,0.17.2,0.46.1
14,VQE BeH2 14Q,14,FakeTorino,133,76,4096,409,0.3978,0.697,MARGINAL,,,CORRECT,,CORRECT,66,26,5.0,2.3.1,0.17.2,0.46.1
14,VQE BeH2 14Q,14,FakeTorino,133,77,4096,409,0.3978,0.6968,MARGINAL,,,CORRECT,,CORRECT,66,26,5.2,2.3.1,0.17.2,0.46.1
14,VQE BeH2 14Q,14,FakeTorino,133,78,4096,409,0.3975,0.6971,MARGINAL,,,CORRECT,,CORRECT,66,26,4.9,2.3.1,0.17.2,0.46.1
14,VQE BeH2 14Q,14,FakeTorino,133,79,4096,409,0.3974,0.6973,MARGINAL,,,CORRECT,,CORRECT,66,26,4.9,2.3.1,0.17.2,0.46.1
14,VQE BeH2 14Q,14,FakeTorino,133,80,4096,409,0.3976,0.6972,MARGINAL,,,CORRECT,,CORRECT,66,26,5.0,2.3.1,0.17.2,0.46.1
14,VQE BeH2 14Q,14,FakeTorino,133,81,4096,409,0.3974,0.6973,MARGINAL,,,CORRECT,,CORRECT,66,26,5.2,2.3.1,0.17.2,0.46.1
14,VQE BeH2 14Q,14,FakeTorino,133,82,4096,409,0.3972,0.6974,MARGINAL,,,CORRECT,,CORRECT,66,26,5.1,2.3.1,0.17.2,0.46.1
14,VQE BeH2 14Q,14,FakeTorino,133,83,4096,409,0.3972,0.6974,MARGINAL,,,CORRECT,,CORRECT,66,26,5.0,2.3.1,0.17.2,0.46.1
14,VQE BeH2 14Q,14,FakeTorino,133,84,4096,409,0.397,0.6975,MARGINAL,,,CORRECT,,CORRECT,66,26,5.2,2.3.1,0.17.2,0.46.1
14,VQE BeH2 14Q,14,FakeTorino,133,85,4096,409,0.3972,0.6974,MARGINAL,,,CORRECT,,CORRECT,66,26,5.1,2.3.1,0.17.2,0.46.1
14,VQE BeH2 14Q,14,FakeTorino,133,86,4096,409,0.397,0.6976,MARGINAL,,,CORRECT,,CORRECT,66,26,5.0,2.3.1,0.17.2,0.46.1
14,VQE BeH2 14Q,14,FakeTorino,133,87,4096,409,0.397,0.6976,MARGINAL,,,CORRECT,,CORRECT,66,26,4.9,2.3.1,0.17.2,0.46.1
14,VQE BeH2 14Q,14,FakeTorino,133,88,4096,409,0.397,0.6976,MARGINAL,,,CORRECT,,CORRECT,66,26,5.0,2.3.1,0.17.2,0.46.1
14,VQE BeH2 14Q,14,FakeTorino,133,89,4096,409,0.3972,0.6973,MARGINAL,,,CORRECT,,CORRECT,66,26,5.2,2.3.1,0.17.2,0.46.1
14,VQE BeH2 14Q,14,FakeTorino,133,90,4096,409,0.397,0.6975,MARGINAL,,,CORRECT,,CORRECT,66,26,5.0,2.3.1,0.17.2,0.46.1
14,VQE BeH2 14Q,14,FakeTorino,133,91,4096,409,0.397,0.6975,MARGINAL,,,CORRECT,,CORRECT,66,26,4.9,2.3.1,0.17.2,0.46.1
14,VQE BeH2 14Q,14,FakeTorino,133,92,4096,409,0.3967,0.6977,MARGINAL,,,CORRECT,,CORRECT,66,26,5.0,2.3.1,0.17.2,0.46.1
14,VQE BeH2 14Q,14,FakeTorino,133,93,4096,409,0.397,0.6976,MARGINAL,,,CORRECT,,CORRECT,66,26,5.1,2.3.1,0.17.2,0.46.1
14,VQE BeH2 14Q,14,FakeTorino,133,94,4096,409,0.397,0.6975,MARGINAL,,,CORRECT,,CORRECT,66,26,5.0,2.3.1,0.17.2,0.46.1
14,VQE BeH2 14Q,14,FakeTorino,133,95,4096,409,0.397,0.6975,MARGINAL,,,CORRECT,,CORRECT,66,26,4.9,2.3.1,0.17.2,0.46.1
14,VQE BeH2 14Q,14,FakeTorino,133,96,4096,409,0.397,0.6975,MARGINAL,,,CORRECT,,CORRECT,66,26,5.2,2.3.1,0.17.2,0.46.1
14,VQE BeH2 14Q,14,FakeTorino,133,97,4096,409,0.3967,0.6978,MARGINAL,,,CORRECT,,CORRECT,66,26,6.2,2.3.1,0.17.2,0.46.1
14,VQE BeH2 14Q,14,FakeTorino,133,98,4096,409,0.397,0.6973,MARGINAL,,,CORRECT,,CORRECT,66,26,6.0,2.3.1,0.17.2,0.46.1
14,VQE BeH2 14Q,14,FakeTorino,133,99,4096,409,0.3967,0.6975,MARGINAL,,,CORRECT,,CORRECT,66,26,6.0,2.3.1,0.17.2,0.46.1
14,VQE BeH2 14Q,14,FakeTorino,133,100,4096,409,0.3967,0.6975,MARGINAL,,,CORRECT,,CORRECT,66,26,6.1,2.3.1,0.17.2,0.46.1
14,VQE BeH2 14Q,14,FakeTorino,133,101,4096,409,0.3967,0.6973,MARGINAL,,,CORRECT,,CORRECT,66,26,6.2,2.3.1,0.17.2,0.46.1
14,VQE BeH2 14Q,14,FakeTorino,133,102,4096,409,0.3967,0.6975,MARGINAL,,,CORRECT,,CORRECT,66,26,6.0,2.3.1,0.17.2,0.46.1
14,VQE BeH2 14Q,14,FakeTorino,133,103,4096,409,0.3966,0.6976,MARGINAL,,,CORRECT,,CORRECT,66,26,6.0,2.3.1,0.17.2,0.46.1
14,VQE BeH2 14Q,14,FakeTorino,133,104,4096,409,0.3965,0.6976,MARGINAL,,,CORRECT,,CORRECT,66,26,5.6,2.3.1,0.17.2,0.46.1
14,VQE BeH2 14Q,14,FakeTorino,133,105,4096,409,0.3963,0.6977,MARGINAL,,,CORRECT,,CORRECT,66,26,5.8,2.3.1,0.17.2,0.46.1
14,VQE BeH2 14Q,14,FakeTorino,133,106,4096,409,0.396,0.6979,MARGINAL,,,CORRECT,,CORRECT,66,26,5.9,2.3.1,0.17.2,0.46.1
14,VQE BeH2 14Q,14,FakeTorino,133,107,4096,409,0.3961,0.6978,MARGINAL,,,CORRECT,,CORRECT,66,26,5.8,2.3.1,0.17.2,0.46.1
14,VQE BeH2 14Q,14,FakeTorino,133,108,4096,409,0.3961,0.6979,MARGINAL,,,CORRECT,,CORRECT,66,26,5.7,2.3.1,0.17.2,0.46.1
14,VQE BeH2 14Q,14,FakeTorino,133,109,4096,409,0.3961,0.6978,MARGINAL,,,CORRECT,,CORRECT,66,26,5.9,2.3.1,0.17.2,0.46.1
14,VQE BeH2 14Q,14,FakeTorino,133,110,4096,409,0.3961,0.6979,MARGINAL,,,CORRECT,,CORRECT,66,26,5.9,2.3.1,0.17.2,0.46.1
14,VQE BeH2 14Q,14,FakeTorino,133,111,4096,409,0.3959,0.698,MARGINAL,,,CORRECT,,CORRECT,66,26,5.6,2.3.1,0.17.2,0.46.1
14,VQE BeH2 14Q,14,FakeTorino,133,112,4096,409,0.3959,0.6979,MARGINAL,,,CORRECT,,CORRECT,66,26,5.7,2.3.1,0.17.2,0.46.1
14,VQE BeH2 14Q,14,FakeTorino,133,113,4096,409,0.3959,0.6978,MARGINAL,,,CORRECT,,CORRECT,66,26,6.1,2.3.1,0.17.2,0.46.1
14,VQE BeH2 14Q,14,FakeTorino,133,114,4096,409,0.3959,0.6978,MARGINAL,,,CORRECT,,CORRECT,66,26,5.8,2.3.1,0.17.2,0.46.1
14,VQE BeH2 14Q,14,FakeTorino,133,115,4096,409,0.3959,0.6979,MARGINAL,,,CORRECT,,CORRECT,66,26,5.7,2.3.1,0.17.2,0.46.1
14,VQE BeH2 14Q,14,FakeTorino,133,116,4096,409,0.3959,0.6978,MARGINAL,,,CORRECT,,CORRECT,66,26,5.8,2.3.1,0.17.2,0.46.1
14,VQE BeH2 14Q,14,FakeTorino,133,117,4096,409,0.3956,0.6981,MARGINAL,,,CORRECT,,CORRECT,66,26,5.9,2.3.1,0.17.2,0.46.1
14,VQE BeH2 14Q,14,FakeTorino,133,118,4096,409,0.3956,0.6981,MARGINAL,,,CORRECT,,CORRECT,66,26,5.8,2.3.1,0.17.2,0.46.1
14,VQE BeH2 14Q,14,FakeTorino,133,119,4096,409,0.3959,0.698,MARGINAL,,,CORRECT,,CORRECT,66,26,5.8,2.3.1,0.17.2,0.46.1
15,Shor N=15 5Q,5,FakeTorino,133,20,1000,100,0.114,0.8853,PASS,,,CORRECT,,CORRECT,20,3,1.0,2.3.1,0.17.2,0.46.1
15,Shor N=15 5Q,5,FakeTorino,133,21,1000,100,0.135,0.8644,PASS,,,CORRECT,,CORRECT,20,3,1.4,2.3.1,0.17.2,0.46.1
15,Shor N=15 5Q,5,FakeTorino,133,22,1000,100,0.135,0.8648,PASS,,,CORRECT,,CORRECT,20,3,1.1,2.3.1,0.17.2,0.46.1
15,Shor N=15 5Q,5,FakeTorino,133,23,1000,100,0.109,0.8907,PASS,,,CORRECT,,CORRECT,20,3,1.0,2.3.1,0.17.2,0.46.1
15,Shor N=15 5Q,5,FakeTorino,133,24,1000,100,0.139,0.8606,PASS,,,CORRECT,,CORRECT,20,3,1.0,2.3.1,0.17.2,0.46.1
15,Shor N=15 5Q,5,FakeTorino,133,25,1000,100,0.116,0.8837,PASS,,,CORRECT,,CORRECT,20,3,1.1,2.3.1,0.17.2,0.46.1
15,Shor N=15 5Q,5,FakeTorino,133,26,1000,100,0.108,0.891,PASS,,,CORRECT,,CORRECT,20,3,0.9,2.3.1,0.17.2,0.46.1
15,Shor N=15 5Q,5,FakeTorino,133,27,1000,100,0.121,0.8813,PASS,,,CORRECT,,CORRECT,20,3,1.0,2.3.1,0.17.2,0.46.1
15,Shor N=15 5Q,5,FakeTorino,133,28,1000,100,0.123,0.8765,PASS,,,CORRECT,,CORRECT,20,3,1.0,2.3.1,0.17.2,0.46.1
15,Shor N=15 5Q,5,FakeTorino,133,29,1000,100,0.112,0.8878,PASS,,,CORRECT,,CORRECT,20,3,1.1,2.3.1,0.17.2,0.46.1
15,Shor N=15 5Q,5,FakeTorino,133,30,1000,100,0.123,0.8762,PASS,,,CORRECT,,CORRECT,20,3,1.0,2.3.1,0.17.2,0.46.1
15,Shor N=15 5Q,5,FakeTorino,133,31,1000,100,0.128,0.8718,PASS,,,CORRECT,,CORRECT,20,3,1.0,2.3.1,0.17.2,0.46.1
15,Shor N=15 5Q,5,FakeTorino,133,32,1000,100,0.13,0.8696,PASS,,,CORRECT,,CORRECT,20,3,1.0,2.3.1,0.17.2,0.46.1
15,Shor N=15 5Q,5,FakeTorino,133,33,1000,100,0.113,0.8857,PASS,,,CORRECT,,CORRECT,20,3,1.2,2.3.1,0.17.2,0.46.1
15,Shor N=15 5Q,5,FakeTorino,133,34,1000,100,0.121,0.8786,PASS,,,CORRECT,,CORRECT,20,3,1.0,2.3.1,0.17.2,0.46.1
15,Shor N=15 5Q,5,FakeTorino,133,35,1000,100,0.155,0.8446,PASS,,,CORRECT,,CORRECT,20,3,1.0,2.3.1,0.17.2,0.46.1
15,Shor N=15 5Q,5,FakeTorino,133,36,1000,100,0.118,0.8801,PASS,,,CORRECT,,CORRECT,20,3,1.0,2.3.1,0.17.2,0.46.1
15,Shor N=15 5Q,5,FakeTorino,133,37,1000,100,0.112,0.8877,PASS,,,CORRECT,,CORRECT,20,3,1.2,2.3.1,0.17.2,0.46.1
15,Shor N=15 5Q,5,FakeTorino,133,38,1000,100,0.143,0.8558,PASS,,,CORRECT,,CORRECT,20,3,1.0,2.3.1,0.17.2,0.46.1
15,Shor N=15 5Q,5,FakeTorino,133,39,1000,100,0.131,0.8679,PASS,,,CORRECT,,CORRECT,20,3,1.0,2.3.1,0.17.2,0.46.1
15,Shor N=15 5Q,5,FakeTorino,133,40,1000,100,0.113,0.885,PASS,,,CORRECT,,CORRECT,20,3,1.0,2.3.1,0.17.2,0.46.1
15,Shor N=15 5Q,5,FakeTorino,133,41,1000,100,0.141,0.8585,PASS,,,CORRECT,,CORRECT,20,3,1.1,2.3.1,0.17.2,0.46.1
15,Shor N=15 5Q,5,FakeTorino,133,42,1000,100,0.104,0.8953,PASS,,,CORRECT,,CORRECT,20,3,1.0,2.3.1,0.17.2,0.46.1
15,Shor N=15 5Q,5,FakeTorino,133,43,1000,100,0.114,0.886,PASS,,,CORRECT,,CORRECT,20,3,1.0,2.3.1,0.17.2,0.46.1
15,Shor N=15 5Q,5,FakeTorino,133,44,1000,100,0.112,0.8879,PASS,,,CORRECT,,CORRECT,20,3,1.0,2.3.1,0.17.2,0.46.1
15,Shor N=15 5Q,5,FakeTorino,133,45,1000,100,0.107,0.8926,PASS,,,CORRECT,,CORRECT,20,3,1.1,2.3.1,0.17.2,0.46.1
15,Shor N=15 5Q,5,FakeTorino,133,46,1000,100,0.133,0.8661,PASS,,,CORRECT,,CORRECT,20,3,1.0,2.3.1,0.17.2,0.46.1
15,Shor N=15 5Q,5,FakeTorino,133,47,1000,100,0.12,0.8799,PASS,,,CORRECT,,CORRECT,20,3,1.0,2.3.1,0.17.2,0.46.1
15,Shor N=15 5Q,5,FakeTorino,133,48,1000,100,0.12,0.8784,PASS,,,CORRECT,,CORRECT,20,3,1.0,2.3.1,0.17.2,0.46.1
15,Shor N=15 5Q,5,FakeTorino,133,49,1000,100,0.12,0.8797,PASS,,,CORRECT,,CORRECT,20,3,1.2,2.3.1,0.17.2,0.46.1
15,Shor N=15 5Q,5,FakeTorino,133,50,1000,100,0.112,0.8878,PASS,,,CORRECT,,CORRECT,20,3,1.1,2.3.1,0.17.2,0.46.1
15,Shor N=15 5Q,5,FakeTorino,133,51,1000,100,0.125,0.8745,PASS,,,CORRECT,,CORRECT,20,3,1.0,2.3.1,0.17.2,0.46.1
15,Shor N=15 5Q,5,FakeTorino,133,52,1000,100,0.128,0.8712,PASS,,,CORRECT,,CORRECT,20,3,1.0,2.3.1,0.17.2,0.46.1
15,Shor N=15 5Q,5,FakeTorino,133,53,1000,100,0.118,0.8813,PASS,,,CORRECT,,CORRECT,20,3,1.2,2.3.1,0.17.2,0.46.1
15,Shor N=15 5Q,5,FakeTorino,133,54,1000,100,0.115,0.8844,PASS,,,CORRECT,,CORRECT,20,3,1.0,2.3.1,0.17.2,0.46.1
15,Shor N=15 5Q,5,FakeTorino,133,55,1000,100,0.113,0.8863,PASS,,,CORRECT,,CORRECT,20,3,1.1,2.3.1,0.17.2,0.46.1
15,Shor N=15 5Q,5,FakeTorino,133,56,1000,100,0.116,0.884,PASS,,,CORRECT,,CORRECT,20,3,1.0,2.3.1,0.17.2,0.46.1
15,Shor N=15 5Q,5,FakeTorino,133,57,1000,100,0.12,0.8795,PASS,,,CORRECT,,CORRECT,20,3,1.2,2.3.1,0.17.2,0.46.1
15,Shor N=15 5Q,5,FakeTorino,133,58,1000,100,0.127,0.8713,PASS,,,CORRECT,,CORRECT,20,3,1.0,2.3.1,0.17.2,0.46.1
15,Shor N=15 5Q,5,FakeTorino,133,59,1000,100,0.134,0.8646,PASS,,,CORRECT,,CORRECT,20,3,1.0,2.3.1,0.17.2,0.46.1
15,Shor N=15 5Q,5,FakeTorino,133,60,1000,100,0.11,0.889,PASS,,,CORRECT,,CORRECT,20,3,1.0,2.3.1,0.17.2,0.46.1
15,Shor N=15 5Q,5,FakeTorino,133,61,1000,100,0.118,0.8817,PASS,,,CORRECT,,CORRECT,20,3,1.1,2.3.1,0.17.2,0.46.1
15,Shor N=15 5Q,5,FakeTorino,133,62,1000,100,0.11,0.8883,PASS,,,CORRECT,,CORRECT,20,3,1.0,2.3.1,0.17.2,0.46.1
15,Shor N=15 5Q,5,FakeTorino,133,63,1000,100,0.116,0.8827,PASS,,,CORRECT,,CORRECT,20,3,1.1,2.3.1,0.17.2,0.46.1
15,Shor N=15 5Q,5,FakeTorino,133,64,1000,100,0.116,0.8833,PASS,,,CORRECT,,CORRECT,20,3,1.0,2.3.1,0.17.2,0.46.1
15,Shor N=15 5Q,5,FakeTorino,133,65,1000,100,0.138,0.8609,PASS,,,CORRECT,,CORRECT,20,3,1.1,2.3.1,0.17.2,0.46.1
15,Shor N=15 5Q,5,FakeTorino,133,66,1000,100,0.117,0.8812,PASS,,,CORRECT,,CORRECT,20,3,0.9,2.3.1,0.17.2,0.46.1
15,Shor N=15 5Q,5,FakeTorino,133,67,1000,100,0.129,0.8709,PASS,,,CORRECT,,CORRECT,20,3,1.0,2.3.1,0.17.2,0.46.1
15,Shor N=15 5Q,5,FakeTorino,133,68,1000,100,0.125,0.8742,PASS,,,CORRECT,,CORRECT,20,3,1.1,2.3.1,0.17.2,0.46.1
15,Shor N=15 5Q,5,FakeTorino,133,69,1000,100,0.121,0.8787,PASS,,,CORRECT,,CORRECT,20,3,1.1,2.3.1,0.17.2,0.46.1
15,Shor N=15 5Q,5,FakeTorino,133,70,1000,100,0.128,0.8718,PASS,,,CORRECT,,CORRECT,20,3,1.0,2.3.1,0.17.2,0.46.1
15,Shor N=15 5Q,5,FakeTorino,133,71,1000,100,0.121,0.8767,PASS,,,CORRECT,,CORRECT,20,3,1.0,2.3.1,0.17.2,0.46.1
15,Shor N=15 5Q,5,FakeTorino,133,72,1000,100,0.113,0.8859,PASS,,,CORRECT,,CORRECT,20,3,1.0,2.3.1,0.17.2,0.46.1
15,Shor N=15 5Q,5,FakeTorino,133,73,1000,100,0.133,0.8666,PASS,,,CORRECT,,CORRECT,20,3,1.2,2.3.1,0.17.2,0.46.1
15,Shor N=15 5Q,5,FakeTorino,133,74,1000,100,0.122,0.8775,PASS,,,CORRECT,,CORRECT,20,3,1.0,2.3.1,0.17.2,0.46.1
15,Shor N=15 5Q,5,FakeTorino,133,75,1000,100,0.108,0.8917,PASS,,,CORRECT,,CORRECT,20,3,1.0,2.3.1,0.17.2,0.46.1
15,Shor N=15 5Q,5,FakeTorino,133,76,1000,100,0.128,0.8719,PASS,,,CORRECT,,CORRECT,20,3,1.0,2.3.1,0.17.2,0.46.1
15,Shor N=15 5Q,5,FakeTorino,133,77,1000,100,0.117,0.8822,PASS,,,CORRECT,,CORRECT,20,3,1.2,2.3.1,0.17.2,0.46.1
15,Shor N=15 5Q,5,FakeTorino,133,78,1000,100,0.139,0.8592,PASS,,,CORRECT,,CORRECT,20,3,0.9,2.3.1,0.17.2,0.46.1
15,Shor N=15 5Q,5,FakeTorino,133,79,1000,100,0.118,0.8819,PASS,,,CORRECT,,CORRECT,20,3,1.0,2.3.1,0.17.2,0.46.1
15,Shor N=15 5Q,5,FakeTorino,133,80,1000,100,0.127,0.8723,PASS,,,CORRECT,,CORRECT,20,3,1.0,2.3.1,0.17.2,0.46.1
15,Shor N=15 5Q,5,FakeTorino,133,81,1000,100,0.116,0.8833,PASS,,,CORRECT,,CORRECT,20,3,1.1,2.3.1,0.17.2,0.46.1
15,Shor N=15 5Q,5,FakeTorino,133,82,1000,100,0.134,0.8653,PASS,,,CORRECT,,CORRECT,20,3,1.0,2.3.1,0.17.2,0.46.1
15,Shor N=15 5Q,5,FakeTorino,133,83,1000,100,0.116,0.8838,PASS,,,CORRECT,,CORRECT,20,3,1.0,2.3.1,0.17.2,0.46.1
15,Shor N=15 5Q,5,FakeTorino,133,84,1000,100,0.124,0.8755,PASS,,,CORRECT,,CORRECT,20,3,1.0,2.3.1,0.17.2,0.46.1
15,Shor N=15 5Q,5,FakeTorino,133,85,1000,100,0.12,0.8795,PASS,,,CORRECT,,CORRECT,20,3,1.2,2.3.1,0.17.2,0.46.1
15,Shor N=15 5Q,5,FakeTorino,133,86,1000,100,0.121,0.8785,PASS,,,CORRECT,,CORRECT,20,3,1.0,2.3.1,0.17.2,0.46.1
15,Shor N=15 5Q,5,FakeTorino,133,87,1000,100,0.13,0.8691,PASS,,,CORRECT,,CORRECT,20,3,1.0,2.3.1,0.17.2,0.46.1
15,Shor N=15 5Q,5,FakeTorino,133,88,1000,100,0.134,0.8659,PASS,,,CORRECT,,CORRECT,20,3,1.0,2.3.1,0.17.2,0.46.1
15,Shor N=15 5Q,5,FakeTorino,133,89,1000,100,0.114,0.8854,PASS,,,CORRECT,,CORRECT,20,3,1.2,2.3.1,0.17.2,0.46.1
15,Shor N=15 5Q,5,FakeTorino,133,90,1000,100,0.111,0.8884,PASS,,,CORRECT,,CORRECT,20,3,1.0,2.3.1,0.17.2,0.46.1
15,Shor N=15 5Q,5,FakeTorino,133,91,1000,100,0.132,0.8676,PASS,,,CORRECT,,CORRECT,20,3,1.0,2.3.1,0.17.2,0.46.1
15,Shor N=15 5Q,5,FakeTorino,133,92,1000,100,0.122,0.8776,PASS,,,CORRECT,,CORRECT,20,3,1.0,2.3.1,0.17.2,0.46.1
15,Shor N=15 5Q,5,FakeTorino,133,93,1000,100,0.113,0.8859,PASS,,,CORRECT,,CORRECT,20,3,1.2,2.3.1,0.17.2,0.46.1
15,Shor N=15 5Q,5,FakeTorino,133,94,1000,100,0.1,0.8999,PASS,,,CORRECT,,CORRECT,20,3,1.0,2.3.1,0.17.2,0.46.1
15,Shor N=15 5Q,5,FakeTorino,133,95,1000,100,0.112,0.8877,PASS,,,CORRECT,,CORRECT,20,3,1.0,2.3.1,0.17.2,0.46.1
15,Shor N=15 5Q,5,FakeTorino,133,96,1000,100,0.124,0.8759,PASS,,,CORRECT,,CORRECT,20,3,1.0,2.3.1,0.17.2,0.46.1
15,Shor N=15 5Q,5,FakeTorino,133,97,1000,100,0.124,0.875,PASS,,,CORRECT,,CORRECT,20,3,1.2,2.3.1,0.17.2,0.46.1
15,Shor N=15 5Q,5,FakeTorino,133,98,1000,100,0.128,0.8716,PASS,,,CORRECT,,CORRECT,20,3,1.0,2.3.1,0.17.2,0.46.1
15,Shor N=15 5Q,5,FakeTorino,133,99,1000,100,0.126,0.8735,PASS,,,CORRECT,,CORRECT,20,3,1.0,2.3.1,0.17.2,0.46.1
15,Shor N=15 5Q,5,FakeTorino,133,100,1000,100,0.13,0.8692,PASS,,,CORRECT,,CORRECT,20,3,1.0,2.3.1,0.17.2,0.46.1
15,Shor N=15 5Q,5,FakeTorino,133,101,1000,100,0.136,0.8623,PASS,,,CORRECT,,CORRECT,20,3,1.1,2.3.1,0.17.2,0.46.1
15,Shor N=15 5Q,5,FakeTorino,133,102,1000,100,0.117,0.8816,PASS,,,CORRECT,,CORRECT,20,3,1.1,2.3.1,0.17.2,0.46.1
15,Shor N=15 5Q,5,FakeTorino,133,103,1000,100,0.138,0.8618,PASS,,,CORRECT,,CORRECT,20,3,1.0,2.3.1,0.17.2,0.46.1
15,Shor N=15 5Q,5,FakeTorino,133,104,1000,100,0.144,0.8553,PASS,,,CORRECT,,CORRECT,20,3,1.0,2.3.1,0.17.2,0.46.1
15,Shor N=15 5Q,5,FakeTorino,133,105,1000,100,0.112,0.8864,PASS,,,CORRECT,,CORRECT,20,3,1.1,2.3.1,0.17.2,0.46.1
15,Shor N=15 5Q,5,FakeTorino,133,106,1000,100,0.104,0.8958,PASS,,,CORRECT,,CORRECT,20,3,1.0,2.3.1,0.17.2,0.46.1
15,Shor N=15 5Q,5,FakeTorino,133,107,1000,100,0.12,0.8786,PASS,,,CORRECT,,CORRECT,20,3,1.0,2.3.1,0.17.2,0.46.1
15,Shor N=15 5Q,5,FakeTorino,133,108,1000,100,0.126,0.8733,PASS,,,CORRECT,,CORRECT,20,3,1.0,2.3.1,0.17.2,0.46.1
15,Shor N=15 5Q,5,FakeTorino,133,109,1000,100,0.142,0.8578,PASS,,,CORRECT,,CORRECT,20,3,1.1,2.3.1,0.17.2,0.46.1
15,Shor N=15 5Q,5,FakeTorino,133,110,1000,100,0.125,0.8744,PASS,,,CORRECT,,CORRECT,20,3,1.0,2.3.1,0.17.2,0.46.1
15,Shor N=15 5Q,5,FakeTorino,133,111,1000,100,0.123,0.8759,PASS,,,CORRECT,,CORRECT,20,3,1.0,2.3.1,0.17.2,0.46.1
15,Shor N=15 5Q,5,FakeTorino,133,112,1000,100,0.124,0.8756,PASS,,,CORRECT,,CORRECT,20,3,1.0,2.3.1,0.17.2,0.46.1
15,Shor N=15 5Q,5,FakeTorino,133,113,1000,100,0.126,0.8739,PASS,,,CORRECT,,CORRECT,20,3,1.2,2.3.1,0.17.2,0.46.1
15,Shor N=15 5Q,5,FakeTorino,133,114,1000,100,0.141,0.8579,PASS,,,CORRECT,,CORRECT,20,3,1.0,2.3.1,0.17.2,0.46.1
15,Shor N=15 5Q,5,FakeTorino,133,115,1000,100,0.137,0.8623,PASS,,,CORRECT,,CORRECT,20,3,1.0,2.3.1,0.17.2,0.46.1
15,Shor N=15 5Q,5,FakeTorino,133,116,1000,100,0.137,0.8613,PASS,,,CORRECT,,CORRECT,20,3,1.0,2.3.1,0.17.2,0.46.1
15,Shor N=15 5Q,5,FakeTorino,133,117,1000,100,0.11,0.8883,PASS,,,CORRECT,,CORRECT,20,3,1.3,2.3.1,0.17.2,0.46.1
15,Shor N=15 5Q,5,FakeTorino,133,118,1000,100,0.122,0.8779,PASS,,,CORRECT,,CORRECT,20,3,0.9,2.3.1,0.17.2,0.46.1
15,Shor N=15 5Q,5,FakeTorino,133,119,1000,100,0.119,0.8804,PASS,,,CORRECT,,CORRECT,20,3,1.0,2.3.1,0.17.2,0.46.1
16,QAOA 2Q p=1,2,FakeTorino,133,20,1000,100,0.02,0.9994,PASS,,,CORRECT,,CORRECT,14,3,1.0,2.3.1,0.17.2,0.46.1
16,QAOA 2Q p=1,2,FakeTorino,133,21,1000,100,0.033,0.9984,PASS,,,CORRECT,,CORRECT,14,3,1.1,2.3.1,0.17.2,0.46.1
16,QAOA 2Q p=1,2,FakeTorino,133,22,1000,100,0.026,0.999,PASS,,,CORRECT,,CORRECT,14,3,1.0,2.3.1,0.17.2,0.46.1
16,QAOA 2Q p=1,2,FakeTorino,133,23,1000,100,0.016,0.9996,PASS,,,CORRECT,,CORRECT,14,3,1.0,2.3.1,0.17.2,0.46.1
16,QAOA 2Q p=1,2,FakeTorino,133,24,1000,100,0.028,0.9992,PASS,,,CORRECT,,CORRECT,14,3,1.0,2.3.1,0.17.2,0.46.1
16,QAOA 2Q p=1,2,FakeTorino,133,25,1000,100,0.01,0.9998,PASS,,,CORRECT,,CORRECT,14,3,1.3,2.3.1,0.17.2,0.46.1
16,QAOA 2Q p=1,2,FakeTorino,133,26,1000,100,0.025,0.9993,PASS,,,CORRECT,,CORRECT,14,3,1.1,2.3.1,0.17.2,0.46.1
16,QAOA 2Q p=1,2,FakeTorino,133,27,1000,100,0.019,0.9994,PASS,,,CORRECT,,CORRECT,14,3,0.9,2.3.1,0.17.2,0.46.1
16,QAOA 2Q p=1,2,FakeTorino,133,28,1000,100,0.018,0.9997,PASS,,,CORRECT,,CORRECT,14,3,1.0,2.3.1,0.17.2,0.46.1
16,QAOA 2Q p=1,2,FakeTorino,133,29,1000,100,0.017,0.9997,PASS,,,CORRECT,,CORRECT,14,3,1.2,2.3.1,0.17.2,0.46.1
16,QAOA 2Q p=1,2,FakeTorino,133,30,1000,100,0.015,0.9997,PASS,,,CORRECT,,CORRECT,14,3,1.2,2.3.1,0.17.2,0.46.1
16,QAOA 2Q p=1,2,FakeTorino,133,31,1000,100,0.018,0.9995,PASS,,,CORRECT,,CORRECT,14,3,1.2,2.3.1,0.17.2,0.46.1
16,QAOA 2Q p=1,2,FakeTorino,133,32,1000,100,0.023,0.9994,PASS,,,CORRECT,,CORRECT,14,3,1.1,2.3.1,0.17.2,0.46.1
16,QAOA 2Q p=1,2,FakeTorino,133,33,1000,100,0.029,0.9988,PASS,,,CORRECT,,CORRECT,14,3,1.3,2.3.1,0.17.2,0.46.1
16,QAOA 2Q p=1,2,FakeTorino,133,34,1000,100,0.019,0.9995,PASS,,,CORRECT,,CORRECT,14,3,0.9,2.3.1,0.17.2,0.46.1
16,QAOA 2Q p=1,2,FakeTorino,133,35,1000,100,0.025,0.9992,PASS,,,CORRECT,,CORRECT,14,3,1.1,2.3.1,0.17.2,0.46.1
16,QAOA 2Q p=1,2,FakeTorino,133,36,1000,100,0.032,0.9987,PASS,,,CORRECT,,CORRECT,14,3,1.1,2.3.1,0.17.2,0.46.1
16,QAOA 2Q p=1,2,FakeTorino,133,37,1000,100,0.028,0.9992,PASS,,,CORRECT,,CORRECT,14,3,1.4,2.3.1,0.17.2,0.46.1
16,QAOA 2Q p=1,2,FakeTorino,133,38,1000,100,0.024,0.9993,PASS,,,CORRECT,,CORRECT,14,3,1.1,2.3.1,0.17.2,0.46.1
16,QAOA 2Q p=1,2,FakeTorino,133,39,1000,100,0.027,0.9986,PASS,,,CORRECT,,CORRECT,14,3,0.9,2.3.1,0.17.2,0.46.1
16,QAOA 2Q p=1,2,FakeTorino,133,40,1000,100,0.035,0.9978,PASS,,,CORRECT,,CORRECT,14,3,1.1,2.3.1,0.17.2,0.46.1
16,QAOA 2Q p=1,2,FakeTorino,133,41,1000,100,0.02,0.9994,PASS,,,CORRECT,,CORRECT,14,3,1.4,2.3.1,0.17.2,0.46.1
16,QAOA 2Q p=1,2,FakeTorino,133,42,1000,100,0.012,0.9997,PASS,,,CORRECT,,CORRECT,14,3,1.2,2.3.1,0.17.2,0.46.1
16,QAOA 2Q p=1,2,FakeTorino,133,43,1000,100,0.028,0.9991,PASS,,,CORRECT,,CORRECT,14,3,1.0,2.3.1,0.17.2,0.46.1
16,QAOA 2Q p=1,2,FakeTorino,133,44,1000,100,0.008,0.9999,PASS,,,CORRECT,,CORRECT,14,3,1.1,2.3.1,0.17.2,0.46.1
16,QAOA 2Q p=1,2,FakeTorino,133,45,1000,100,0.005,1.0,PASS,,,CORRECT,,CORRECT,14,3,1.5,2.3.1,0.17.2,0.46.1
16,QAOA 2Q p=1,2,FakeTorino,133,46,1000,100,0.019,0.9996,PASS,,,CORRECT,,CORRECT,14,3,1.0,2.3.1,0.17.2,0.46.1
16,QAOA 2Q p=1,2,FakeTorino,133,47,1000,100,0.027,0.999,PASS,,,CORRECT,,CORRECT,14,3,1.2,2.3.1,0.17.2,0.46.1
16,QAOA 2Q p=1,2,FakeTorino,133,48,1000,100,0.034,0.9982,PASS,,,CORRECT,,CORRECT,14,3,1.2,2.3.1,0.17.2,0.46.1
16,QAOA 2Q p=1,2,FakeTorino,133,49,1000,100,0.033,0.9987,PASS,,,CORRECT,,CORRECT,14,3,1.3,2.3.1,0.17.2,0.46.1
16,QAOA 2Q p=1,2,FakeTorino,133,50,1000,100,0.008,0.9999,PASS,,,CORRECT,,CORRECT,14,3,1.1,2.3.1,0.17.2,0.46.1
16,QAOA 2Q p=1,2,FakeTorino,133,51,1000,100,0.025,0.9991,PASS,,,CORRECT,,CORRECT,14,3,1.0,2.3.1,0.17.2,0.46.1
16,QAOA 2Q p=1,2,FakeTorino,133,52,1000,100,0.032,0.9986,PASS,,,CORRECT,,CORRECT,14,3,1.2,2.3.1,0.17.2,0.46.1
16,QAOA 2Q p=1,2,FakeTorino,133,53,1000,100,0.024,0.9992,PASS,,,CORRECT,,CORRECT,14,3,1.2,2.3.1,0.17.2,0.46.1
16,QAOA 2Q p=1,2,FakeTorino,133,54,1000,100,0.016,0.9995,PASS,,,CORRECT,,CORRECT,14,3,1.2,2.3.1,0.17.2,0.46.1
16,QAOA 2Q p=1,2,FakeTorino,133,55,1000,100,0.032,0.9986,PASS,,,CORRECT,,CORRECT,14,3,1.0,2.3.1,0.17.2,0.46.1
16,QAOA 2Q p=1,2,FakeTorino,133,56,1000,100,0.029,0.9991,PASS,,,CORRECT,,CORRECT,14,3,0.9,2.3.1,0.17.2,0.46.1
16,QAOA 2Q p=1,2,FakeTorino,133,57,1000,100,0.021,0.9993,PASS,,,CORRECT,,CORRECT,14,3,1.2,2.3.1,0.17.2,0.46.1
16,QAOA 2Q p=1,2,FakeTorino,133,58,1000,100,0.028,0.999,PASS,,,CORRECT,,CORRECT,14,3,1.2,2.3.1,0.17.2,0.46.1
16,QAOA 2Q p=1,2,FakeTorino,133,59,1000,100,0.03,0.999,PASS,,,CORRECT,,CORRECT,14,3,1.1,2.3.1,0.17.2,0.46.1
16,QAOA 2Q p=1,2,FakeTorino,133,60,1000,100,0.015,0.9997,PASS,,,CORRECT,,CORRECT,14,3,1.0,2.3.1,0.17.2,0.46.1
16,QAOA 2Q p=1,2,FakeTorino,133,61,1000,100,0.013,0.9998,PASS,,,CORRECT,,CORRECT,14,3,1.0,2.3.1,0.17.2,0.46.1
16,QAOA 2Q p=1,2,FakeTorino,133,62,1000,100,0.026,0.999,PASS,,,CORRECT,,CORRECT,14,3,1.1,2.3.1,0.17.2,0.46.1
16,QAOA 2Q p=1,2,FakeTorino,133,63,1000,100,0.021,0.9995,PASS,,,CORRECT,,CORRECT,14,3,1.2,2.3.1,0.17.2,0.46.1
16,QAOA 2Q p=1,2,FakeTorino,133,64,1000,100,0.028,0.9991,PASS,,,CORRECT,,CORRECT,14,3,1.1,2.3.1,0.17.2,0.46.1
16,QAOA 2Q p=1,2,FakeTorino,133,65,1000,100,0.01,0.9999,PASS,,,CORRECT,,CORRECT,14,3,1.4,2.3.1,0.17.2,0.46.1
16,QAOA 2Q p=1,2,FakeTorino,133,66,1000,100,0.013,0.9997,PASS,,,CORRECT,,CORRECT,14,3,1.1,2.3.1,0.17.2,0.46.1
16,QAOA 2Q p=1,2,FakeTorino,133,67,1000,100,0.023,0.9992,PASS,,,CORRECT,,CORRECT,14,3,1.1,2.3.1,0.17.2,0.46.1
16,QAOA 2Q p=1,2,FakeTorino,133,68,1000,100,0.017,0.9997,PASS,,,CORRECT,,CORRECT,14,3,1.1,2.3.1,0.17.2,0.46.1
16,QAOA 2Q p=1,2,FakeTorino,133,69,1000,100,0.024,0.9991,PASS,,,CORRECT,,CORRECT,14,3,1.4,2.3.1,0.17.2,0.46.1
16,QAOA 2Q p=1,2,FakeTorino,133,70,1000,100,0.024,0.9992,PASS,,,CORRECT,,CORRECT,14,3,1.2,2.3.1,0.17.2,0.46.1
16,QAOA 2Q p=1,2,FakeTorino,133,71,1000,100,0.024,0.9991,PASS,,,CORRECT,,CORRECT,14,3,1.1,2.3.1,0.17.2,0.46.1
16,QAOA 2Q p=1,2,FakeTorino,133,72,1000,100,0.024,0.999,PASS,,,CORRECT,,CORRECT,14,3,1.1,2.3.1,0.17.2,0.46.1
16,QAOA 2Q p=1,2,FakeTorino,133,73,1000,100,0.013,0.9997,PASS,,,CORRECT,,CORRECT,14,3,1.4,2.3.1,0.17.2,0.46.1
16,QAOA 2Q p=1,2,FakeTorino,133,74,1000,100,0.03,0.9986,PASS,,,CORRECT,,CORRECT,14,3,1.1,2.3.1,0.17.2,0.46.1
16,QAOA 2Q p=1,2,FakeTorino,133,75,1000,100,0.012,0.9998,PASS,,,CORRECT,,CORRECT,14,3,1.1,2.3.1,0.17.2,0.46.1
16,QAOA 2Q p=1,2,FakeTorino,133,76,1000,100,0.023,0.9993,PASS,,,CORRECT,,CORRECT,14,3,1.2,2.3.1,0.17.2,0.46.1
16,QAOA 2Q p=1,2,FakeTorino,133,77,1000,100,0.035,0.9986,PASS,,,CORRECT,,CORRECT,14,3,1.4,2.3.1,0.17.2,0.46.1
16,QAOA 2Q p=1,2,FakeTorino,133,78,1000,100,0.025,0.9991,PASS,,,CORRECT,,CORRECT,14,3,1.1,2.3.1,0.17.2,0.46.1
16,QAOA 2Q p=1,2,FakeTorino,133,79,1000,100,0.027,0.9989,PASS,,,CORRECT,,CORRECT,14,3,1.0,2.3.1,0.17.2,0.46.1
16,QAOA 2Q p=1,2,FakeTorino,133,80,1000,100,0.007,0.9999,PASS,,,CORRECT,,CORRECT,14,3,1.1,2.3.1,0.17.2,0.46.1
16,QAOA 2Q p=1,2,FakeTorino,133,81,1000,100,0.032,0.9986,PASS,,,CORRECT,,CORRECT,14,3,1.3,2.3.1,0.17.2,0.46.1
16,QAOA 2Q p=1,2,FakeTorino,133,82,1000,100,0.045,0.9976,PASS,,,CORRECT,,CORRECT,14,3,1.2,2.3.1,0.17.2,0.46.1
16,QAOA 2Q p=1,2,FakeTorino,133,83,1000,100,0.002,1.0,PASS,,,CORRECT,,CORRECT,14,3,1.1,2.3.1,0.17.2,0.46.1
16,QAOA 2Q p=1,2,FakeTorino,133,84,1000,100,0.006,1.0,PASS,,,CORRECT,,CORRECT,14,3,0.9,2.3.1,0.17.2,0.46.1
16,QAOA 2Q p=1,2,FakeTorino,133,85,1000,100,0.013,0.9998,PASS,,,CORRECT,,CORRECT,14,3,1.3,2.3.1,0.17.2,0.46.1
16,QAOA 2Q p=1,2,FakeTorino,133,86,1000,100,0.036,0.998,PASS,,,CORRECT,,CORRECT,14,3,1.1,2.3.1,0.17.2,0.46.1
16,QAOA 2Q p=1,2,FakeTorino,133,87,1000,100,0.013,0.9997,PASS,,,CORRECT,,CORRECT,14,3,1.2,2.3.1,0.17.2,0.46.1
16,QAOA 2Q p=1,2,FakeTorino,133,88,1000,100,0.036,0.9987,PASS,,,CORRECT,,CORRECT,14,3,1.1,2.3.1,0.17.2,0.46.1
16,QAOA 2Q p=1,2,FakeTorino,133,89,1000,100,0.028,0.9988,PASS,,,CORRECT,,CORRECT,14,3,1.7,2.3.1,0.17.2,0.46.1
16,QAOA 2Q p=1,2,FakeTorino,133,90,1000,100,0.025,0.9991,PASS,,,CORRECT,,CORRECT,14,3,1.1,2.3.1,0.17.2,0.46.1
16,QAOA 2Q p=1,2,FakeTorino,133,91,1000,100,0.012,0.9998,PASS,,,CORRECT,,CORRECT,14,3,1.0,2.3.1,0.17.2,0.46.1
16,QAOA 2Q p=1,2,FakeTorino,133,92,1000,100,0.022,0.9995,PASS,,,CORRECT,,CORRECT,14,3,1.1,2.3.1,0.17.2,0.46.1
16,QAOA 2Q p=1,2,FakeTorino,133,93,1000,100,0.013,0.9998,PASS,,,CORRECT,,CORRECT,14,3,1.3,2.3.1,0.17.2,0.46.1
16,QAOA 2Q p=1,2,FakeTorino,133,94,1000,100,0.009,0.9999,PASS,,,CORRECT,,CORRECT,14,3,1.1,2.3.1,0.17.2,0.46.1
16,QAOA 2Q p=1,2,FakeTorino,133,95,1000,100,0.014,0.9997,PASS,,,CORRECT,,CORRECT,14,3,1.0,2.3.1,0.17.2,0.46.1
16,QAOA 2Q p=1,2,FakeTorino,133,96,1000,100,0.019,0.9996,PASS,,,CORRECT,,CORRECT,14,3,1.0,2.3.1,0.17.2,0.46.1
16,QAOA 2Q p=1,2,FakeTorino,133,97,1000,100,0.02,0.9994,PASS,,,CORRECT,,CORRECT,14,3,1.3,2.3.1,0.17.2,0.46.1
16,QAOA 2Q p=1,2,FakeTorino,133,98,1000,100,0.025,0.9992,PASS,,,CORRECT,,CORRECT,14,3,1.1,2.3.1,0.17.2,0.46.1
16,QAOA 2Q p=1,2,FakeTorino,133,99,1000,100,0.015,0.9997,PASS,,,CORRECT,,CORRECT,14,3,1.0,2.3.1,0.17.2,0.46.1
16,QAOA 2Q p=1,2,FakeTorino,133,100,1000,100,0.03,0.9988,PASS,,,CORRECT,,CORRECT,14,3,1.1,2.3.1,0.17.2,0.46.1
16,QAOA 2Q p=1,2,FakeTorino,133,101,1000,100,0.031,0.9986,PASS,,,CORRECT,,CORRECT,14,3,1.5,2.3.1,0.17.2,0.46.1
16,QAOA 2Q p=1,2,FakeTorino,133,102,1000,100,0.036,0.9984,PASS,,,CORRECT,,CORRECT,14,3,1.1,2.3.1,0.17.2,0.46.1
16,QAOA 2Q p=1,2,FakeTorino,133,103,1000,100,0.02,0.9993,PASS,,,CORRECT,,CORRECT,14,3,1.0,2.3.1,0.17.2,0.46.1
16,QAOA 2Q p=1,2,FakeTorino,133,104,1000,100,0.026,0.9991,PASS,,,CORRECT,,CORRECT,14,3,1.1,2.3.1,0.17.2,0.46.1
16,QAOA 2Q p=1,2,FakeTorino,133,105,1000,100,0.028,0.9989,PASS,,,CORRECT,,CORRECT,14,3,1.4,2.3.1,0.17.2,0.46.1
16,QAOA 2Q p=1,2,FakeTorino,133,106,1000,100,0.015,0.9997,PASS,,,CORRECT,,CORRECT,14,3,1.0,2.3.1,0.17.2,0.46.1
16,QAOA 2Q p=1,2,FakeTorino,133,107,1000,100,0.023,0.9994,PASS,,,CORRECT,,CORRECT,14,3,1.1,2.3.1,0.17.2,0.46.1
16,QAOA 2Q p=1,2,FakeTorino,133,108,1000,100,0.02,0.9994,PASS,,,CORRECT,,CORRECT,14,3,1.1,2.3.1,0.17.2,0.46.1
16,QAOA 2Q p=1,2,FakeTorino,133,109,1000,100,0.014,0.9997,PASS,,,CORRECT,,CORRECT,14,3,1.3,2.3.1,0.17.2,0.46.1
16,QAOA 2Q p=1,2,FakeTorino,133,110,1000,100,0.026,0.999,PASS,,,CORRECT,,CORRECT,14,3,0.9,2.3.1,0.17.2,0.46.1
16,QAOA 2Q p=1,2,FakeTorino,133,111,1000,100,0.026,0.999,PASS,,,CORRECT,,CORRECT,14,3,1.1,2.3.1,0.17.2,0.46.1
16,QAOA 2Q p=1,2,FakeTorino,133,112,1000,100,0.008,0.9999,PASS,,,CORRECT,,CORRECT,14,3,1.3,2.3.1,0.17.2,0.46.1
16,QAOA 2Q p=1,2,FakeTorino,133,113,1000,100,0.008,0.9999,PASS,,,CORRECT,,CORRECT,14,3,1.5,2.3.1,0.17.2,0.46.1
16,QAOA 2Q p=1,2,FakeTorino,133,114,1000,100,0.013,0.9997,PASS,,,CORRECT,,CORRECT,14,3,1.2,2.3.1,0.17.2,0.46.1
16,QAOA 2Q p=1,2,FakeTorino,133,115,1000,100,0.019,0.9994,PASS,,,CORRECT,,CORRECT,14,3,1.0,2.3.1,0.17.2,0.46.1
16,QAOA 2Q p=1,2,FakeTorino,133,116,1000,100,0.023,0.9994,PASS,,,CORRECT,,CORRECT,14,3,1.1,2.3.1,0.17.2,0.46.1
16,QAOA 2Q p=1,2,FakeTorino,133,117,1000,100,0.025,0.9989,PASS,,,CORRECT,,CORRECT,14,3,1.2,2.3.1,0.17.2,0.46.1
16,QAOA 2Q p=1,2,FakeTorino,133,118,1000,100,0.01,0.9999,PASS,,,CORRECT,,CORRECT,14,3,1.1,2.3.1,0.17.2,0.46.1
16,QAOA 2Q p=1,2,FakeTorino,133,119,1000,100,0.022,0.9994,PASS,,,CORRECT,,CORRECT,14,3,1.1,2.3.1,0.17.2,0.46.1
17,Quantum teleportation 3Q,3,FakeTorino,133,20,1000,100,0.028,0.9728,PASS,,,CORRECT,,CORRECT,20,7,1.1,2.3.1,0.17.2,0.46.1
17,Quantum teleportation 3Q,3,FakeTorino,133,21,1000,100,0.028,0.9816,PASS,,,CORRECT,,CORRECT,22,7,1.4,2.3.1,0.17.2,0.46.1
17,Quantum teleportation 3Q,3,FakeTorino,133,22,1000,100,0.036,0.9701,PASS,,,CORRECT,,CORRECT,22,7,1.2,2.3.1,0.17.2,0.46.1
17,Quantum teleportation 3Q,3,FakeTorino,133,23,1000,100,0.039,0.979,PASS,,,CORRECT,,CORRECT,20,7,1.1,2.3.1,0.17.2,0.46.1
17,Quantum teleportation 3Q,3,FakeTorino,133,24,1000,100,0.026,0.9788,PASS,,,CORRECT,,CORRECT,20,7,1.1,2.3.1,0.17.2,0.46.1
17,Quantum teleportation 3Q,3,FakeTorino,133,25,1000,100,0.021,0.9809,PASS,,,CORRECT,,CORRECT,20,7,1.5,2.3.1,0.17.2,0.46.1
17,Quantum teleportation 3Q,3,FakeTorino,133,26,1000,100,0.052,0.9753,PASS,,,CORRECT,,CORRECT,20,7,1.2,2.3.1,0.17.2,0.46.1
17,Quantum teleportation 3Q,3,FakeTorino,133,27,1000,100,0.052,0.9634,PASS,,,CORRECT,,CORRECT,20,7,1.0,2.3.1,0.17.2,0.46.1
17,Quantum teleportation 3Q,3,FakeTorino,133,28,1000,100,0.045,0.9728,PASS,,,CORRECT,,CORRECT,22,7,1.0,2.3.1,0.17.2,0.46.1
17,Quantum teleportation 3Q,3,FakeTorino,133,29,1000,100,0.033,0.9696,PASS,,,CORRECT,,CORRECT,20,7,1.3,2.3.1,0.17.2,0.46.1
17,Quantum teleportation 3Q,3,FakeTorino,133,30,1000,100,0.04,0.9779,PASS,,,CORRECT,,CORRECT,22,7,1.1,2.3.1,0.17.2,0.46.1
17,Quantum teleportation 3Q,3,FakeTorino,133,31,1000,100,0.028,0.9737,PASS,,,CORRECT,,CORRECT,22,7,1.2,2.3.1,0.17.2,0.46.1
17,Quantum teleportation 3Q,3,FakeTorino,133,32,1000,100,0.03,0.9709,PASS,,,CORRECT,,CORRECT,20,7,1.2,2.3.1,0.17.2,0.46.1
17,Quantum teleportation 3Q,3,FakeTorino,133,33,1000,100,0.052,0.9685,PASS,,,CORRECT,,CORRECT,20,7,1.4,2.3.1,0.17.2,0.46.1
17,Quantum teleportation 3Q,3,FakeTorino,133,34,1000,100,0.043,0.9692,PASS,,,CORRECT,,CORRECT,20,7,1.2,2.3.1,0.17.2,0.46.1
17,Quantum teleportation 3Q,3,FakeTorino,133,35,1000,100,0.035,0.9765,PASS,,,CORRECT,,CORRECT,22,7,1.0,2.3.1,0.17.2,0.46.1
17,Quantum teleportation 3Q,3,FakeTorino,133,36,1000,100,0.042,0.9784,PASS,,,CORRECT,,CORRECT,22,7,1.1,2.3.1,0.17.2,0.46.1
17,Quantum teleportation 3Q,3,FakeTorino,133,37,1000,100,0.032,0.9765,PASS,,,CORRECT,,CORRECT,20,7,1.3,2.3.1,0.17.2,0.46.1
17,Quantum teleportation 3Q,3,FakeTorino,133,38,1000,100,0.045,0.9624,PASS,,,CORRECT,,CORRECT,22,7,1.2,2.3.1,0.17.2,0.46.1
17,Quantum teleportation 3Q,3,FakeTorino,133,39,1000,100,0.057,0.9731,PASS,,,CORRECT,,CORRECT,22,7,1.1,2.3.1,0.17.2,0.46.1
17,Quantum teleportation 3Q,3,FakeTorino,133,40,1000,100,0.054,0.9707,PASS,,,CORRECT,,CORRECT,20,7,1.2,2.3.1,0.17.2,0.46.1
17,Quantum teleportation 3Q,3,FakeTorino,133,41,1000,100,0.038,0.981,PASS,,,CORRECT,,CORRECT,20,7,1.3,2.3.1,0.17.2,0.46.1
17,Quantum teleportation 3Q,3,FakeTorino,133,42,1000,100,0.042,0.9737,PASS,,,CORRECT,,CORRECT,22,7,1.1,2.3.1,0.17.2,0.46.1
17,Quantum teleportation 3Q,3,FakeTorino,133,43,1000,100,0.048,0.9668,PASS,,,CORRECT,,CORRECT,22,7,1.1,2.3.1,0.17.2,0.46.1
17,Quantum teleportation 3Q,3,FakeTorino,133,44,1000,100,0.028,0.972,PASS,,,CORRECT,,CORRECT,20,7,1.2,2.3.1,0.17.2,0.46.1
17,Quantum teleportation 3Q,3,FakeTorino,133,45,1000,100,0.026,0.9837,PASS,,,CORRECT,,CORRECT,22,7,1.0,2.3.1,0.17.2,0.46.1
17,Quantum teleportation 3Q,3,FakeTorino,133,46,1000,100,0.039,0.9724,PASS,,,CORRECT,,CORRECT,20,7,0.9,2.3.1,0.17.2,0.46.1
17,Quantum teleportation 3Q,3,FakeTorino,133,47,1000,100,0.042,0.9743,PASS,,,CORRECT,,CORRECT,20,7,0.8,2.3.1,0.17.2,0.46.1
17,Quantum teleportation 3Q,3,FakeTorino,133,48,1000,100,0.053,0.9687,PASS,,,CORRECT,,CORRECT,20,7,0.8,2.3.1,0.17.2,0.46.1
17,Quantum teleportation 3Q,3,FakeTorino,133,49,1000,100,0.027,0.9748,PASS,,,CORRECT,,CORRECT,20,7,1.0,2.3.1,0.17.2,0.46.1
17,Quantum teleportation 3Q,3,FakeTorino,133,50,1000,100,0.045,0.9683,PASS,,,CORRECT,,CORRECT,22,7,0.9,2.3.1,0.17.2,0.46.1
17,Quantum teleportation 3Q,3,FakeTorino,133,51,1000,100,0.032,0.9717,PASS,,,CORRECT,,CORRECT,22,7,0.9,2.3.1,0.17.2,0.46.1
17,Quantum teleportation 3Q,3,FakeTorino,133,52,1000,100,0.056,0.9665,PASS,,,CORRECT,,CORRECT,20,7,0.8,2.3.1,0.17.2,0.46.1
17,Quantum teleportation 3Q,3,FakeTorino,133,53,1000,100,0.036,0.9746,PASS,,,CORRECT,,CORRECT,20,7,1.0,2.3.1,0.17.2,0.46.1
17,Quantum teleportation 3Q,3,FakeTorino,133,54,1000,100,0.041,0.9697,PASS,,,CORRECT,,CORRECT,22,7,0.9,2.3.1,0.17.2,0.46.1
17,Quantum teleportation 3Q,3,FakeTorino,133,55,1000,100,0.03,0.9699,PASS,,,CORRECT,,CORRECT,22,7,0.8,2.3.1,0.17.2,0.46.1
17,Quantum teleportation 3Q,3,FakeTorino,133,56,1000,100,0.03,0.9699,PASS,,,CORRECT,,CORRECT,22,7,0.8,2.3.1,0.17.2,0.46.1
17,Quantum teleportation 3Q,3,FakeTorino,133,57,1000,100,0.046,0.9787,PASS,,,CORRECT,,CORRECT,22,7,1.0,2.3.1,0.17.2,0.46.1
17,Quantum teleportation 3Q,3,FakeTorino,133,58,1000,100,0.053,0.9714,PASS,,,CORRECT,,CORRECT,20,7,0.8,2.3.1,0.17.2,0.46.1
17,Quantum teleportation 3Q,3,FakeTorino,133,59,1000,100,0.054,0.9692,PASS,,,CORRECT,,CORRECT,20,7,0.9,2.3.1,0.17.2,0.46.1
17,Quantum teleportation 3Q,3,FakeTorino,133,60,1000,100,0.033,0.9682,PASS,,,CORRECT,,CORRECT,20,7,0.9,2.3.1,0.17.2,0.46.1
17,Quantum teleportation 3Q,3,FakeTorino,133,61,1000,100,0.025,0.9749,PASS,,,CORRECT,,CORRECT,22,7,1.0,2.3.1,0.17.2,0.46.1
17,Quantum teleportation 3Q,3,FakeTorino,133,62,1000,100,0.047,0.9709,PASS,,,CORRECT,,CORRECT,22,7,0.9,2.3.1,0.17.2,0.46.1
17,Quantum teleportation 3Q,3,FakeTorino,133,63,1000,100,0.029,0.9786,PASS,,,CORRECT,,CORRECT,20,7,0.8,2.3.1,0.17.2,0.46.1
17,Quantum teleportation 3Q,3,FakeTorino,133,64,1000,100,0.035,0.9715,PASS,,,CORRECT,,CORRECT,20,7,0.9,2.3.1,0.17.2,0.46.1
17,Quantum teleportation 3Q,3,FakeTorino,133,65,1000,100,0.031,0.9689,PASS,,,CORRECT,,CORRECT,20,7,1.0,2.3.1,0.17.2,0.46.1
17,Quantum teleportation 3Q,3,FakeTorino,133,66,1000,100,0.042,0.9671,PASS,,,CORRECT,,CORRECT,20,7,0.8,2.3.1,0.17.2,0.46.1
17,Quantum teleportation 3Q,3,FakeTorino,133,67,1000,100,0.033,0.9708,PASS,,,CORRECT,,CORRECT,20,7,0.9,2.3.1,0.17.2,0.46.1
17,Quantum teleportation 3Q,3,FakeTorino,133,68,1000,100,0.023,0.9827,PASS,,,CORRECT,,CORRECT,22,7,0.8,2.3.1,0.17.2,0.46.1
17,Quantum teleportation 3Q,3,FakeTorino,133,69,1000,100,0.032,0.9757,PASS,,,CORRECT,,CORRECT,20,7,1.0,2.3.1,0.17.2,0.46.1
17,Quantum teleportation 3Q,3,FakeTorino,133,70,1000,100,0.033,0.9755,PASS,,,CORRECT,,CORRECT,22,7,0.9,2.3.1,0.17.2,0.46.1
17,Quantum teleportation 3Q,3,FakeTorino,133,71,1000,100,0.035,0.9817,PASS,,,CORRECT,,CORRECT,22,7,0.8,2.3.1,0.17.2,0.46.1
17,Quantum teleportation 3Q,3,FakeTorino,133,72,1000,100,0.032,0.9756,PASS,,,CORRECT,,CORRECT,22,7,0.9,2.3.1,0.17.2,0.46.1
17,Quantum teleportation 3Q,3,FakeTorino,133,73,1000,100,0.032,0.9677,PASS,,,CORRECT,,CORRECT,20,7,1.0,2.3.1,0.17.2,0.46.1
17,Quantum teleportation 3Q,3,FakeTorino,133,74,1000,100,0.034,0.9798,PASS,,,CORRECT,,CORRECT,22,7,0.9,2.3.1,0.17.2,0.46.1
17,Quantum teleportation 3Q,3,FakeTorino,133,75,1000,100,0.037,0.9734,PASS,,,CORRECT,,CORRECT,20,7,0.9,2.3.1,0.17.2,0.46.1
17,Quantum teleportation 3Q,3,FakeTorino,133,76,1000,100,0.033,0.9771,PASS,,,CORRECT,,CORRECT,22,7,0.9,2.3.1,0.17.2,0.46.1
17,Quantum teleportation 3Q,3,FakeTorino,133,77,1000,100,0.05,0.9719,PASS,,,CORRECT,,CORRECT,22,7,1.0,2.3.1,0.17.2,0.46.1
17,Quantum teleportation 3Q,3,FakeTorino,133,78,1000,100,0.024,0.9778,PASS,,,CORRECT,,CORRECT,22,7,0.9,2.3.1,0.17.2,0.46.1
17,Quantum teleportation 3Q,3,FakeTorino,133,79,1000,100,0.029,0.9718,PASS,,,CORRECT,,CORRECT,22,7,0.8,2.3.1,0.17.2,0.46.1
17,Quantum teleportation 3Q,3,FakeTorino,133,80,1000,100,0.026,0.9739,PASS,,,CORRECT,,CORRECT,20,7,0.9,2.3.1,0.17.2,0.46.1
17,Quantum teleportation 3Q,3,FakeTorino,133,81,1000,100,0.031,0.9785,PASS,,,CORRECT,,CORRECT,22,7,1.1,2.3.1,0.17.2,0.46.1
17,Quantum teleportation 3Q,3,FakeTorino,133,82,1000,100,0.042,0.9751,PASS,,,CORRECT,,CORRECT,22,7,0.9,2.3.1,0.17.2,0.46.1
17,Quantum teleportation 3Q,3,FakeTorino,133,83,1000,100,0.028,0.9807,PASS,,,CORRECT,,CORRECT,22,7,0.8,2.3.1,0.17.2,0.46.1
17,Quantum teleportation 3Q,3,FakeTorino,133,84,1000,100,0.031,0.9757,PASS,,,CORRECT,,CORRECT,22,7,0.9,2.3.1,0.17.2,0.46.1
17,Quantum teleportation 3Q,3,FakeTorino,133,85,1000,100,0.039,0.9694,PASS,,,CORRECT,,CORRECT,20,7,1.0,2.3.1,0.17.2,0.46.1
17,Quantum teleportation 3Q,3,FakeTorino,133,86,1000,100,0.034,0.9722,PASS,,,CORRECT,,CORRECT,22,7,0.9,2.3.1,0.17.2,0.46.1
17,Quantum teleportation 3Q,3,FakeTorino,133,87,1000,100,0.037,0.9716,PASS,,,CORRECT,,CORRECT,20,7,0.8,2.3.1,0.17.2,0.46.1
17,Quantum teleportation 3Q,3,FakeTorino,133,88,1000,100,0.034,0.9764,PASS,,,CORRECT,,CORRECT,22,7,0.8,2.3.1,0.17.2,0.46.1
17,Quantum teleportation 3Q,3,FakeTorino,133,89,1000,100,0.043,0.9586,PASS,,,CORRECT,,CORRECT,20,7,1.0,2.3.1,0.17.2,0.46.1
17,Quantum teleportation 3Q,3,FakeTorino,133,90,1000,100,0.036,0.9713,PASS,,,CORRECT,,CORRECT,22,7,0.8,2.3.1,0.17.2,0.46.1
17,Quantum teleportation 3Q,3,FakeTorino,133,91,1000,100,0.031,0.9747,PASS,,,CORRECT,,CORRECT,22,7,0.9,2.3.1,0.17.2,0.46.1
17,Quantum teleportation 3Q,3,FakeTorino,133,92,1000,100,0.029,0.9728,PASS,,,CORRECT,,CORRECT,22,7,0.9,2.3.1,0.17.2,0.46.1
17,Quantum teleportation 3Q,3,FakeTorino,133,93,1000,100,0.036,0.9752,PASS,,,CORRECT,,CORRECT,22,7,1.0,2.3.1,0.17.2,0.46.1
17,Quantum teleportation 3Q,3,FakeTorino,133,94,1000,100,0.043,0.9682,PASS,,,CORRECT,,CORRECT,22,7,0.9,2.3.1,0.17.2,0.46.1
17,Quantum teleportation 3Q,3,FakeTorino,133,95,1000,100,0.035,0.9676,PASS,,,CORRECT,,CORRECT,20,7,0.8,2.3.1,0.17.2,0.46.1
17,Quantum teleportation 3Q,3,FakeTorino,133,96,1000,100,0.027,0.9798,PASS,,,CORRECT,,CORRECT,22,7,0.8,2.3.1,0.17.2,0.46.1
17,Quantum teleportation 3Q,3,FakeTorino,133,97,1000,100,0.044,0.9701,PASS,,,CORRECT,,CORRECT,20,7,1.0,2.3.1,0.17.2,0.46.1
17,Quantum teleportation 3Q,3,FakeTorino,133,98,1000,100,0.022,0.9779,PASS,,,CORRECT,,CORRECT,20,7,0.9,2.3.1,0.17.2,0.46.1
17,Quantum teleportation 3Q,3,FakeTorino,133,99,1000,100,0.035,0.9736,PASS,,,CORRECT,,CORRECT,20,7,0.9,2.3.1,0.17.2,0.46.1
17,Quantum teleportation 3Q,3,FakeTorino,133,100,1000,100,0.035,0.973,PASS,,,CORRECT,,CORRECT,20,7,0.8,2.3.1,0.17.2,0.46.1
17,Quantum teleportation 3Q,3,FakeTorino,133,101,1000,100,0.047,0.9733,PASS,,,CORRECT,,CORRECT,22,7,1.0,2.3.1,0.17.2,0.46.1
17,Quantum teleportation 3Q,3,FakeTorino,133,102,1000,100,0.052,0.9739,PASS,,,CORRECT,,CORRECT,22,7,0.9,2.3.1,0.17.2,0.46.1
17,Quantum teleportation 3Q,3,FakeTorino,133,103,1000,100,0.03,0.9727,PASS,,,CORRECT,,CORRECT,20,7,0.9,2.3.1,0.17.2,0.46.1
17,Quantum teleportation 3Q,3,FakeTorino,133,104,1000,100,0.026,0.9797,PASS,,,CORRECT,,CORRECT,22,7,0.8,2.3.1,0.17.2,0.46.1
17,Quantum teleportation 3Q,3,FakeTorino,133,105,1000,100,0.046,0.9698,PASS,,,CORRECT,,CORRECT,20,7,1.0,2.3.1,0.17.2,0.46.1
17,Quantum teleportation 3Q,3,FakeTorino,133,106,1000,100,0.034,0.9678,PASS,,,CORRECT,,CORRECT,20,7,0.9,2.3.1,0.17.2,0.46.1
17,Quantum teleportation 3Q,3,FakeTorino,133,107,1000,100,0.033,0.975,PASS,,,CORRECT,,CORRECT,22,7,0.8,2.3.1,0.17.2,0.46.1
17,Quantum teleportation 3Q,3,FakeTorino,133,108,1000,100,0.042,0.9809,PASS,,,CORRECT,,CORRECT,22,7,0.8,2.3.1,0.17.2,0.46.1
17,Quantum teleportation 3Q,3,FakeTorino,133,109,1000,100,0.022,0.9789,PASS,,,CORRECT,,CORRECT,20,7,1.0,2.3.1,0.17.2,0.46.1
17,Quantum teleportation 3Q,3,FakeTorino,133,110,1000,100,0.026,0.9807,PASS,,,CORRECT,,CORRECT,22,7,0.9,2.3.1,0.17.2,0.46.1
17,Quantum teleportation 3Q,3,FakeTorino,133,111,1000,100,0.045,0.9718,PASS,,,CORRECT,,CORRECT,22,7,0.9,2.3.1,0.17.2,0.46.1
17,Quantum teleportation 3Q,3,FakeTorino,133,112,1000,100,0.023,0.977,PASS,,,CORRECT,,CORRECT,22,7,0.8,2.3.1,0.17.2,0.46.1
17,Quantum teleportation 3Q,3,FakeTorino,133,113,1000,100,0.036,0.9705,PASS,,,CORRECT,,CORRECT,20,7,1.0,2.3.1,0.17.2,0.46.1
17,Quantum teleportation 3Q,3,FakeTorino,133,114,1000,100,0.025,0.9758,PASS,,,CORRECT,,CORRECT,22,7,0.9,2.3.1,0.17.2,0.46.1
17,Quantum teleportation 3Q,3,FakeTorino,133,115,1000,100,0.026,0.9817,PASS,,,CORRECT,,CORRECT,20,7,0.8,2.3.1,0.17.2,0.46.1
17,Quantum teleportation 3Q,3,FakeTorino,133,116,1000,100,0.039,0.9664,PASS,,,CORRECT,,CORRECT,20,7,0.8,2.3.1,0.17.2,0.46.1
17,Quantum teleportation 3Q,3,FakeTorino,133,117,1000,100,0.032,0.9678,PASS,,,CORRECT,,CORRECT,20,7,1.0,2.3.1,0.17.2,0.46.1
17,Quantum teleportation 3Q,3,FakeTorino,133,118,1000,100,0.039,0.9686,PASS,,,CORRECT,,CORRECT,20,7,0.9,2.3.1,0.17.2,0.46.1
17,Quantum teleportation 3Q,3,FakeTorino,133,119,1000,100,0.045,0.9672,PASS,,,CORRECT,,CORRECT,20,7,0.9,2.3.1,0.17.2,0.46.1
18,Deutsch-Jozsa 3Q,3,FakeTorino,133,20,1024,102,0.0703,0.9295,PASS,,,CORRECT,,CORRECT,16,3,0.8,2.3.1,0.17.2,0.46.1
18,Deutsch-Jozsa 3Q,3,FakeTorino,133,21,1024,102,0.0801,0.9198,PASS,,,CORRECT,,CORRECT,16,3,1.0,2.3.1,0.17.2,0.46.1
18,Deutsch-Jozsa 3Q,3,FakeTorino,133,22,1024,102,0.0889,0.9107,PASS,,,CORRECT,,CORRECT,16,3,0.8,2.3.1,0.17.2,0.46.1
18,Deutsch-Jozsa 3Q,3,FakeTorino,133,23,1024,102,0.0869,0.9131,PASS,,,CORRECT,,CORRECT,16,3,0.9,2.3.1,0.17.2,0.46.1
18,Deutsch-Jozsa 3Q,3,FakeTorino,133,24,1024,102,0.0986,0.901,PASS,,,CORRECT,,CORRECT,16,3,0.9,2.3.1,0.17.2,0.46.1
18,Deutsch-Jozsa 3Q,3,FakeTorino,133,25,1024,102,0.0918,0.9082,PASS,,,CORRECT,,CORRECT,16,3,1.0,2.3.1,0.17.2,0.46.1
18,Deutsch-Jozsa 3Q,3,FakeTorino,133,26,1024,102,0.0859,0.9139,PASS,,,CORRECT,,CORRECT,16,3,0.9,2.3.1,0.17.2,0.46.1
18,Deutsch-Jozsa 3Q,3,FakeTorino,133,27,1024,102,0.0713,0.9278,PASS,,,CORRECT,,CORRECT,16,3,0.9,2.3.1,0.17.2,0.46.1
18,Deutsch-Jozsa 3Q,3,FakeTorino,133,28,1024,102,0.0742,0.925,PASS,,,CORRECT,,CORRECT,16,3,0.9,2.3.1,0.17.2,0.46.1
18,Deutsch-Jozsa 3Q,3,FakeTorino,133,29,1024,102,0.0986,0.9014,PASS,,,CORRECT,,CORRECT,16,3,1.1,2.3.1,0.17.2,0.46.1
18,Deutsch-Jozsa 3Q,3,FakeTorino,133,30,1024,102,0.0859,0.914,PASS,,,CORRECT,,CORRECT,16,3,0.8,2.3.1,0.17.2,0.46.1
18,Deutsch-Jozsa 3Q,3,FakeTorino,133,31,1024,102,0.0791,0.9206,PASS,,,CORRECT,,CORRECT,16,3,0.8,2.3.1,0.17.2,0.46.1
18,Deutsch-Jozsa 3Q,3,FakeTorino,133,32,1024,102,0.0771,0.9228,PASS,,,CORRECT,,CORRECT,16,3,0.9,2.3.1,0.17.2,0.46.1
18,Deutsch-Jozsa 3Q,3,FakeTorino,133,33,1024,102,0.0967,0.903,PASS,,,CORRECT,,CORRECT,16,3,1.0,2.3.1,0.17.2,0.46.1
18,Deutsch-Jozsa 3Q,3,FakeTorino,133,34,1024,102,0.082,0.9175,PASS,,,CORRECT,,CORRECT,16,3,0.9,2.3.1,0.17.2,0.46.1
18,Deutsch-Jozsa 3Q,3,FakeTorino,133,35,1024,102,0.0869,0.913,PASS,,,CORRECT,,CORRECT,16,3,0.9,2.3.1,0.17.2,0.46.1
18,Deutsch-Jozsa 3Q,3,FakeTorino,133,36,1024,102,0.0762,0.9229,PASS,,,CORRECT,,CORRECT,16,3,0.9,2.3.1,0.17.2,0.46.1
18,Deutsch-Jozsa 3Q,3,FakeTorino,133,37,1024,102,0.0664,0.9336,PASS,,,CORRECT,,CORRECT,16,3,1.0,2.3.1,0.17.2,0.46.1
18,Deutsch-Jozsa 3Q,3,FakeTorino,133,38,1024,102,0.0859,0.914,PASS,,,CORRECT,,CORRECT,16,3,0.8,2.3.1,0.17.2,0.46.1
18,Deutsch-Jozsa 3Q,3,FakeTorino,133,39,1024,102,0.0811,0.9189,PASS,,,CORRECT,,CORRECT,16,3,0.8,2.3.1,0.17.2,0.46.1
18,Deutsch-Jozsa 3Q,3,FakeTorino,133,40,1024,102,0.0947,0.903,PASS,,,CORRECT,,CORRECT,16,3,0.8,2.3.1,0.17.2,0.46.1
18,Deutsch-Jozsa 3Q,3,FakeTorino,133,41,1024,102,0.0791,0.9208,PASS,,,CORRECT,,CORRECT,16,3,1.0,2.3.1,0.17.2,0.46.1
18,Deutsch-Jozsa 3Q,3,FakeTorino,133,42,1024,102,0.0703,0.9295,PASS,,,CORRECT,,CORRECT,16,3,0.8,2.3.1,0.17.2,0.46.1
18,Deutsch-Jozsa 3Q,3,FakeTorino,133,43,1024,102,0.0869,0.913,PASS,,,CORRECT,,CORRECT,16,3,0.8,2.3.1,0.17.2,0.46.1
18,Deutsch-Jozsa 3Q,3,FakeTorino,133,44,1024,102,0.0693,0.9306,PASS,,,CORRECT,,CORRECT,16,3,0.8,2.3.1,0.17.2,0.46.1
18,Deutsch-Jozsa 3Q,3,FakeTorino,133,45,1024,102,0.0615,0.9384,PASS,,,CORRECT,,CORRECT,16,3,0.9,2.3.1,0.17.2,0.46.1
18,Deutsch-Jozsa 3Q,3,FakeTorino,133,46,1024,102,0.0879,0.912,PASS,,,CORRECT,,CORRECT,16,3,0.8,2.3.1,0.17.2,0.46.1
18,Deutsch-Jozsa 3Q,3,FakeTorino,133,47,1024,102,0.0703,0.9297,PASS,,,CORRECT,,CORRECT,16,3,0.8,2.3.1,0.17.2,0.46.1
18,Deutsch-Jozsa 3Q,3,FakeTorino,133,48,1024,102,0.0762,0.9228,PASS,,,CORRECT,,CORRECT,16,3,0.8,2.3.1,0.17.2,0.46.1
18,Deutsch-Jozsa 3Q,3,FakeTorino,133,49,1024,102,0.0898,0.9099,PASS,,,CORRECT,,CORRECT,16,3,1.0,2.3.1,0.17.2,0.46.1
18,Deutsch-Jozsa 3Q,3,FakeTorino,133,50,1024,102,0.0967,0.9031,PASS,,,CORRECT,,CORRECT,16,3,0.8,2.3.1,0.17.2,0.46.1
18,Deutsch-Jozsa 3Q,3,FakeTorino,133,51,1024,102,0.0869,0.913,PASS,,,CORRECT,,CORRECT,16,3,0.8,2.3.1,0.17.2,0.46.1
18,Deutsch-Jozsa 3Q,3,FakeTorino,133,52,1024,102,0.0742,0.9257,PASS,,,CORRECT,,CORRECT,16,3,0.8,2.3.1,0.17.2,0.46.1
18,Deutsch-Jozsa 3Q,3,FakeTorino,133,53,1024,102,0.0645,0.9355,PASS,,,CORRECT,,CORRECT,16,3,0.9,2.3.1,0.17.2,0.46.1
18,Deutsch-Jozsa 3Q,3,FakeTorino,133,54,1024,102,0.1045,0.8955,PASS,,,CORRECT,,CORRECT,16,3,0.8,2.3.1,0.17.2,0.46.1
18,Deutsch-Jozsa 3Q,3,FakeTorino,133,55,1024,102,0.082,0.9179,PASS,,,CORRECT,,CORRECT,16,3,0.8,2.3.1,0.17.2,0.46.1
18,Deutsch-Jozsa 3Q,3,FakeTorino,133,56,1024,102,0.083,0.9169,PASS,,,CORRECT,,CORRECT,16,3,0.8,2.3.1,0.17.2,0.46.1
18,Deutsch-Jozsa 3Q,3,FakeTorino,133,57,1024,102,0.082,0.9179,PASS,,,CORRECT,,CORRECT,16,3,0.9,2.3.1,0.17.2,0.46.1
18,Deutsch-Jozsa 3Q,3,FakeTorino,133,58,1024,102,0.0967,0.9033,PASS,,,CORRECT,,CORRECT,16,3,0.8,2.3.1,0.17.2,0.46.1
18,Deutsch-Jozsa 3Q,3,FakeTorino,133,59,1024,102,0.0791,0.9208,PASS,,,CORRECT,,CORRECT,16,3,0.8,2.3.1,0.17.2,0.46.1
18,Deutsch-Jozsa 3Q,3,FakeTorino,133,60,1024,102,0.083,0.9164,PASS,,,CORRECT,,CORRECT,16,3,0.8,2.3.1,0.17.2,0.46.1
18,Deutsch-Jozsa 3Q,3,FakeTorino,133,61,1024,102,0.084,0.9153,PASS,,,CORRECT,,CORRECT,16,3,0.9,2.3.1,0.17.2,0.46.1
18,Deutsch-Jozsa 3Q,3,FakeTorino,133,62,1024,102,0.0771,0.9228,PASS,,,CORRECT,,CORRECT,16,3,0.8,2.3.1,0.17.2,0.46.1
18,Deutsch-Jozsa 3Q,3,FakeTorino,133,63,1024,102,0.0771,0.9227,PASS,,,CORRECT,,CORRECT,16,3,0.8,2.3.1,0.17.2,0.46.1
18,Deutsch-Jozsa 3Q,3,FakeTorino,133,64,1024,102,0.082,0.918,PASS,,,CORRECT,,CORRECT,16,3,0.8,2.3.1,0.17.2,0.46.1
18,Deutsch-Jozsa 3Q,3,FakeTorino,133,65,1024,102,0.0908,0.9091,PASS,,,CORRECT,,CORRECT,16,3,0.9,2.3.1,0.17.2,0.46.1
18,Deutsch-Jozsa 3Q,3,FakeTorino,133,66,1024,102,0.0781,0.9215,PASS,,,CORRECT,,CORRECT,16,3,0.8,2.3.1,0.17.2,0.46.1
18,Deutsch-Jozsa 3Q,3,FakeTorino,133,67,1024,102,0.0859,0.9139,PASS,,,CORRECT,,CORRECT,16,3,0.8,2.3.1,0.17.2,0.46.1
18,Deutsch-Jozsa 3Q,3,FakeTorino,133,68,1024,102,0.0879,0.9116,PASS,,,CORRECT,,CORRECT,16,3,0.8,2.3.1,0.17.2,0.46.1
18,Deutsch-Jozsa 3Q,3,FakeTorino,133,69,1024,102,0.0898,0.9098,PASS,,,CORRECT,,CORRECT,16,3,0.9,2.3.1,0.17.2,0.46.1
18,Deutsch-Jozsa 3Q,3,FakeTorino,133,70,1024,102,0.0859,0.9141,PASS,,,CORRECT,,CORRECT,16,3,0.8,2.3.1,0.17.2,0.46.1
18,Deutsch-Jozsa 3Q,3,FakeTorino,133,71,1024,102,0.0703,0.9296,PASS,,,CORRECT,,CORRECT,16,3,0.8,2.3.1,0.17.2,0.46.1
18,Deutsch-Jozsa 3Q,3,FakeTorino,133,72,1024,102,0.0703,0.9297,PASS,,,CORRECT,,CORRECT,16,3,0.8,2.3.1,0.17.2,0.46.1
18,Deutsch-Jozsa 3Q,3,FakeTorino,133,73,1024,102,0.0781,0.9219,PASS,,,CORRECT,,CORRECT,16,3,0.9,2.3.1,0.17.2,0.46.1
18,Deutsch-Jozsa 3Q,3,FakeTorino,133,74,1024,102,0.0664,0.9328,PASS,,,CORRECT,,CORRECT,16,3,0.8,2.3.1,0.17.2,0.46.1
18,Deutsch-Jozsa 3Q,3,FakeTorino,133,75,1024,102,0.0713,0.9286,PASS,,,CORRECT,,CORRECT,16,3,0.8,2.3.1,0.17.2,0.46.1
18,Deutsch-Jozsa 3Q,3,FakeTorino,133,76,1024,102,0.082,0.9179,PASS,,,CORRECT,,CORRECT,16,3,0.8,2.3.1,0.17.2,0.46.1
18,Deutsch-Jozsa 3Q,3,FakeTorino,133,77,1024,102,0.0732,0.9258,PASS,,,CORRECT,,CORRECT,16,3,1.0,2.3.1,0.17.2,0.46.1
18,Deutsch-Jozsa 3Q,3,FakeTorino,133,78,1024,102,0.0879,0.9119,PASS,,,CORRECT,,CORRECT,16,3,0.8,2.3.1,0.17.2,0.46.1
18,Deutsch-Jozsa 3Q,3,FakeTorino,133,79,1024,102,0.0752,0.9241,PASS,,,CORRECT,,CORRECT,16,3,0.8,2.3.1,0.17.2,0.46.1
18,Deutsch-Jozsa 3Q,3,FakeTorino,133,80,1024,102,0.0889,0.9108,PASS,,,CORRECT,,CORRECT,16,3,0.8,2.3.1,0.17.2,0.46.1
18,Deutsch-Jozsa 3Q,3,FakeTorino,133,81,1024,102,0.0781,0.9217,PASS,,,CORRECT,,CORRECT,16,3,0.9,2.3.1,0.17.2,0.46.1
18,Deutsch-Jozsa 3Q,3,FakeTorino,133,82,1024,102,0.0752,0.9243,PASS,,,CORRECT,,CORRECT,16,3,0.8,2.3.1,0.17.2,0.46.1
18,Deutsch-Jozsa 3Q,3,FakeTorino,133,83,1024,102,0.0713,0.9287,PASS,,,CORRECT,,CORRECT,16,3,0.8,2.3.1,0.17.2,0.46.1
18,Deutsch-Jozsa 3Q,3,FakeTorino,133,84,1024,102,0.0801,0.9198,PASS,,,CORRECT,,CORRECT,16,3,0.8,2.3.1,0.17.2,0.46.1
18,Deutsch-Jozsa 3Q,3,FakeTorino,133,85,1024,102,0.0732,0.9267,PASS,,,CORRECT,,CORRECT,16,3,0.9,2.3.1,0.17.2,0.46.1
18,Deutsch-Jozsa 3Q,3,FakeTorino,133,86,1024,102,0.0811,0.9189,PASS,,,CORRECT,,CORRECT,16,3,0.8,2.3.1,0.17.2,0.46.1
18,Deutsch-Jozsa 3Q,3,FakeTorino,133,87,1024,102,0.0674,0.9326,PASS,,,CORRECT,,CORRECT,16,3,0.8,2.3.1,0.17.2,0.46.1
18,Deutsch-Jozsa 3Q,3,FakeTorino,133,88,1024,102,0.0879,0.9121,PASS,,,CORRECT,,CORRECT,16,3,0.8,2.3.1,0.17.2,0.46.1
18,Deutsch-Jozsa 3Q,3,FakeTorino,133,89,1024,102,0.0928,0.9067,PASS,,,CORRECT,,CORRECT,16,3,0.9,2.3.1,0.17.2,0.46.1
18,Deutsch-Jozsa 3Q,3,FakeTorino,133,90,1024,102,0.082,0.9179,PASS,,,CORRECT,,CORRECT,16,3,0.8,2.3.1,0.17.2,0.46.1
18,Deutsch-Jozsa 3Q,3,FakeTorino,133,91,1024,102,0.0723,0.927,PASS,,,CORRECT,,CORRECT,16,3,0.8,2.3.1,0.17.2,0.46.1
18,Deutsch-Jozsa 3Q,3,FakeTorino,133,92,1024,102,0.083,0.9169,PASS,,,CORRECT,,CORRECT,16,3,0.8,2.3.1,0.17.2,0.46.1
18,Deutsch-Jozsa 3Q,3,FakeTorino,133,93,1024,102,0.0732,0.9262,PASS,,,CORRECT,,CORRECT,16,3,0.9,2.3.1,0.17.2,0.46.1
18,Deutsch-Jozsa 3Q,3,FakeTorino,133,94,1024,102,0.084,0.916,PASS,,,CORRECT,,CORRECT,16,3,0.8,2.3.1,0.17.2,0.46.1
18,Deutsch-Jozsa 3Q,3,FakeTorino,133,95,1024,102,0.0752,0.9248,PASS,,,CORRECT,,CORRECT,16,3,0.8,2.3.1,0.17.2,0.46.1
18,Deutsch-Jozsa 3Q,3,FakeTorino,133,96,1024,102,0.0791,0.9209,PASS,,,CORRECT,,CORRECT,16,3,0.8,2.3.1,0.17.2,0.46.1
18,Deutsch-Jozsa 3Q,3,FakeTorino,133,97,1024,102,0.0937,0.9062,PASS,,,CORRECT,,CORRECT,16,3,1.0,2.3.1,0.17.2,0.46.1
18,Deutsch-Jozsa 3Q,3,FakeTorino,133,98,1024,102,0.0996,0.9001,PASS,,,CORRECT,,CORRECT,16,3,0.8,2.3.1,0.17.2,0.46.1
18,Deutsch-Jozsa 3Q,3,FakeTorino,133,99,1024,102,0.082,0.9179,PASS,,,CORRECT,,CORRECT,16,3,0.8,2.3.1,0.17.2,0.46.1
18,Deutsch-Jozsa 3Q,3,FakeTorino,133,100,1024,102,0.0781,0.9211,PASS,,,CORRECT,,CORRECT,16,3,0.8,2.3.1,0.17.2,0.46.1
18,Deutsch-Jozsa 3Q,3,FakeTorino,133,101,1024,102,0.0957,0.9041,PASS,,,CORRECT,,CORRECT,16,3,0.9,2.3.1,0.17.2,0.46.1
18,Deutsch-Jozsa 3Q,3,FakeTorino,133,102,1024,102,0.0723,0.9277,PASS,,,CORRECT,,CORRECT,16,3,0.8,2.3.1,0.17.2,0.46.1
18,Deutsch-Jozsa 3Q,3,FakeTorino,133,103,1024,102,0.0732,0.9268,PASS,,,CORRECT,,CORRECT,16,3,0.8,2.3.1,0.17.2,0.46.1
18,Deutsch-Jozsa 3Q,3,FakeTorino,133,104,1024,102,0.0791,0.9205,PASS,,,CORRECT,,CORRECT,16,3,0.8,2.3.1,0.17.2,0.46.1
18,Deutsch-Jozsa 3Q,3,FakeTorino,133,105,1024,102,0.0859,0.913,PASS,,,CORRECT,,CORRECT,16,3,0.9,2.3.1,0.17.2,0.46.1
18,Deutsch-Jozsa 3Q,3,FakeTorino,133,106,1024,102,0.0693,0.9304,PASS,,,CORRECT,,CORRECT,16,3,0.8,2.3.1,0.17.2,0.46.1
18,Deutsch-Jozsa 3Q,3,FakeTorino,133,107,1024,102,0.0771,0.9228,PASS,,,CORRECT,,CORRECT,16,3,0.8,2.3.1,0.17.2,0.46.1
18,Deutsch-Jozsa 3Q,3,FakeTorino,133,108,1024,102,0.0654,0.9345,PASS,,,CORRECT,,CORRECT,16,3,0.8,2.3.1,0.17.2,0.46.1
18,Deutsch-Jozsa 3Q,3,FakeTorino,133,109,1024,102,0.0781,0.9212,PASS,,,CORRECT,,CORRECT,16,3,0.9,2.3.1,0.17.2,0.46.1
18,Deutsch-Jozsa 3Q,3,FakeTorino,133,110,1024,102,0.084,0.916,PASS,,,CORRECT,,CORRECT,16,3,0.8,2.3.1,0.17.2,0.46.1
18,Deutsch-Jozsa 3Q,3,FakeTorino,133,111,1024,102,0.0898,0.9101,PASS,,,CORRECT,,CORRECT,16,3,0.8,2.3.1,0.17.2,0.46.1
18,Deutsch-Jozsa 3Q,3,FakeTorino,133,112,1024,102,0.1074,0.8917,PASS,,,CORRECT,,CORRECT,16,3,0.8,2.3.1,0.17.2,0.46.1
18,Deutsch-Jozsa 3Q,3,FakeTorino,133,113,1024,102,0.0889,0.9111,PASS,,,CORRECT,,CORRECT,16,3,0.9,2.3.1,0.17.2,0.46.1
18,Deutsch-Jozsa 3Q,3,FakeTorino,133,114,1024,102,0.0947,0.9052,PASS,,,CORRECT,,CORRECT,16,3,0.8,2.3.1,0.17.2,0.46.1
18,Deutsch-Jozsa 3Q,3,FakeTorino,133,115,1024,102,0.085,0.915,PASS,,,CORRECT,,CORRECT,16,3,0.8,2.3.1,0.17.2,0.46.1
18,Deutsch-Jozsa 3Q,3,FakeTorino,133,116,1024,102,0.0762,0.9226,PASS,,,CORRECT,,CORRECT,16,3,0.8,2.3.1,0.17.2,0.46.1
18,Deutsch-Jozsa 3Q,3,FakeTorino,133,117,1024,102,0.0811,0.9183,PASS,,,CORRECT,,CORRECT,16,3,0.9,2.3.1,0.17.2,0.46.1
18,Deutsch-Jozsa 3Q,3,FakeTorino,133,118,1024,102,0.0742,0.9258,PASS,,,CORRECT,,CORRECT,16,3,0.8,2.3.1,0.17.2,0.46.1
18,Deutsch-Jozsa 3Q,3,FakeTorino,133,119,1024,102,0.0693,0.9302,PASS,,,CORRECT,,CORRECT,16,3,0.8,2.3.1,0.17.2,0.46.1
19,Bernstein-Vazirani 5Q,5,FakeTorino,133,20,1024,102,0.167,0.833,PASS,,,CORRECT,,CORRECT,32,7,0.8,2.3.1,0.17.2,0.46.1
19,Bernstein-Vazirani 5Q,5,FakeTorino,133,21,1024,102,0.1621,0.8379,PASS,,,CORRECT,,CORRECT,32,7,0.9,2.3.1,0.17.2,0.46.1
19,Bernstein-Vazirani 5Q,5,FakeTorino,133,22,1024,102,0.1562,0.8437,PASS,,,CORRECT,,CORRECT,32,7,0.8,2.3.1,0.17.2,0.46.1
19,Bernstein-Vazirani 5Q,5,FakeTorino,133,23,1024,102,0.1475,0.8523,PASS,,,CORRECT,,CORRECT,32,7,0.8,2.3.1,0.17.2,0.46.1
19,Bernstein-Vazirani 5Q,5,FakeTorino,133,24,1024,102,0.1699,0.8301,PASS,,,CORRECT,,CORRECT,32,7,0.8,2.3.1,0.17.2,0.46.1
19,Bernstein-Vazirani 5Q,5,FakeTorino,133,25,1024,102,0.1758,0.8241,PASS,,,CORRECT,,CORRECT,32,7,0.9,2.3.1,0.17.2,0.46.1
19,Bernstein-Vazirani 5Q,5,FakeTorino,133,26,1024,102,0.1553,0.8447,PASS,,,CORRECT,,CORRECT,32,7,0.8,2.3.1,0.17.2,0.46.1
19,Bernstein-Vazirani 5Q,5,FakeTorino,133,27,1024,102,0.1445,0.8553,PASS,,,CORRECT,,CORRECT,32,7,0.8,2.3.1,0.17.2,0.46.1
19,Bernstein-Vazirani 5Q,5,FakeTorino,133,28,1024,102,0.1514,0.8486,PASS,,,CORRECT,,CORRECT,32,7,0.8,2.3.1,0.17.2,0.46.1
19,Bernstein-Vazirani 5Q,5,FakeTorino,133,29,1024,102,0.1826,0.8174,PASS,,,CORRECT,,CORRECT,32,7,0.9,2.3.1,0.17.2,0.46.1
19,Bernstein-Vazirani 5Q,5,FakeTorino,133,30,1024,102,0.1553,0.8447,PASS,,,CORRECT,,CORRECT,32,7,0.8,2.3.1,0.17.2,0.46.1
19,Bernstein-Vazirani 5Q,5,FakeTorino,133,31,1024,102,0.1631,0.8368,PASS,,,CORRECT,,CORRECT,32,7,0.8,2.3.1,0.17.2,0.46.1
19,Bernstein-Vazirani 5Q,5,FakeTorino,133,32,1024,102,0.1475,0.8522,PASS,,,CORRECT,,CORRECT,32,7,0.8,2.3.1,0.17.2,0.46.1
19,Bernstein-Vazirani 5Q,5,FakeTorino,133,33,1024,102,0.1553,0.8443,PASS,,,CORRECT,,CORRECT,32,7,1.0,2.3.1,0.17.2,0.46.1
19,Bernstein-Vazirani 5Q,5,FakeTorino,133,34,1024,102,0.1562,0.8437,PASS,,,CORRECT,,CORRECT,32,7,0.8,2.3.1,0.17.2,0.46.1
19,Bernstein-Vazirani 5Q,5,FakeTorino,133,35,1024,102,0.1641,0.8356,PASS,,,CORRECT,,CORRECT,32,7,0.8,2.3.1,0.17.2,0.46.1
19,Bernstein-Vazirani 5Q,5,FakeTorino,133,36,1024,102,0.1572,0.8413,PASS,,,CORRECT,,CORRECT,32,7,0.8,2.3.1,0.17.2,0.46.1
19,Bernstein-Vazirani 5Q,5,FakeTorino,133,37,1024,102,0.1553,0.8447,PASS,,,CORRECT,,CORRECT,32,7,0.9,2.3.1,0.17.2,0.46.1
19,Bernstein-Vazirani 5Q,5,FakeTorino,133,38,1024,102,0.1631,0.8367,PASS,,,CORRECT,,CORRECT,32,7,0.8,2.3.1,0.17.2,0.46.1
19,Bernstein-Vazirani 5Q,5,FakeTorino,133,39,1024,102,0.1543,0.8457,PASS,,,CORRECT,,CORRECT,32,7,0.8,2.3.1,0.17.2,0.46.1
19,Bernstein-Vazirani 5Q,5,FakeTorino,133,40,1024,102,0.165,0.8346,PASS,,,CORRECT,,CORRECT,32,7,0.8,2.3.1,0.17.2,0.46.1
19,Bernstein-Vazirani 5Q,5,FakeTorino,133,41,1024,102,0.1416,0.8577,PASS,,,CORRECT,,CORRECT,32,7,0.9,2.3.1,0.17.2,0.46.1
19,Bernstein-Vazirani 5Q,5,FakeTorino,133,42,1024,102,0.1504,0.8494,PASS,,,CORRECT,,CORRECT,32,7,0.8,2.3.1,0.17.2,0.46.1
19,Bernstein-Vazirani 5Q,5,FakeTorino,133,43,1024,102,0.1729,0.8271,PASS,,,CORRECT,,CORRECT,32,7,0.8,2.3.1,0.17.2,0.46.1
19,Bernstein-Vazirani 5Q,5,FakeTorino,133,44,1024,102,0.1475,0.8523,PASS,,,CORRECT,,CORRECT,32,7,0.8,2.3.1,0.17.2,0.46.1
19,Bernstein-Vazirani 5Q,5,FakeTorino,133,45,1024,102,0.1328,0.8669,PASS,,,CORRECT,,CORRECT,32,7,0.9,2.3.1,0.17.2,0.46.1
19,Bernstein-Vazirani 5Q,5,FakeTorino,133,46,1024,102,0.168,0.8316,PASS,,,CORRECT,,CORRECT,32,7,0.8,2.3.1,0.17.2,0.46.1
19,Bernstein-Vazirani 5Q,5,FakeTorino,133,47,1024,102,0.1436,0.8564,PASS,,,CORRECT,,CORRECT,32,7,0.8,2.3.1,0.17.2,0.46.1
19,Bernstein-Vazirani 5Q,5,FakeTorino,133,48,1024,102,0.1602,0.8395,PASS,,,CORRECT,,CORRECT,32,7,0.8,2.3.1,0.17.2,0.46.1
19,Bernstein-Vazirani 5Q,5,FakeTorino,133,49,1024,102,0.1709,0.8289,PASS,,,CORRECT,,CORRECT,32,7,0.9,2.3.1,0.17.2,0.46.1
19,Bernstein-Vazirani 5Q,5,FakeTorino,133,50,1024,102,0.1709,0.8287,PASS,,,CORRECT,,CORRECT,32,7,0.8,2.3.1,0.17.2,0.46.1
19,Bernstein-Vazirani 5Q,5,FakeTorino,133,51,1024,102,0.1895,0.8099,PASS,,,CORRECT,,CORRECT,32,7,0.8,2.3.1,0.17.2,0.46.1
19,Bernstein-Vazirani 5Q,5,FakeTorino,133,52,1024,102,0.1572,0.8424,PASS,,,CORRECT,,CORRECT,32,7,0.8,2.3.1,0.17.2,0.46.1
19,Bernstein-Vazirani 5Q,5,FakeTorino,133,53,1024,102,0.1416,0.8584,PASS,,,CORRECT,,CORRECT,32,7,0.9,2.3.1,0.17.2,0.46.1
19,Bernstein-Vazirani 5Q,5,FakeTorino,133,54,1024,102,0.1885,0.8112,PASS,,,CORRECT,,CORRECT,32,7,0.8,2.3.1,0.17.2,0.46.1
19,Bernstein-Vazirani 5Q,5,FakeTorino,133,55,1024,102,0.1465,0.8535,PASS,,,CORRECT,,CORRECT,32,7,0.8,2.3.1,0.17.2,0.46.1
19,Bernstein-Vazirani 5Q,5,FakeTorino,133,56,1024,102,0.1826,0.8167,PASS,,,CORRECT,,CORRECT,32,7,0.8,2.3.1,0.17.2,0.46.1
19,Bernstein-Vazirani 5Q,5,FakeTorino,133,57,1024,102,0.1777,0.8222,PASS,,,CORRECT,,CORRECT,32,7,0.9,2.3.1,0.17.2,0.46.1
19,Bernstein-Vazirani 5Q,5,FakeTorino,133,58,1024,102,0.1836,0.8162,PASS,,,CORRECT,,CORRECT,32,7,0.8,2.3.1,0.17.2,0.46.1
19,Bernstein-Vazirani 5Q,5,FakeTorino,133,59,1024,102,0.1562,0.8434,PASS,,,CORRECT,,CORRECT,32,7,0.8,2.3.1,0.17.2,0.46.1
19,Bernstein-Vazirani 5Q,5,FakeTorino,133,60,1024,102,0.1895,0.8105,PASS,,,CORRECT,,CORRECT,32,7,0.8,2.3.1,0.17.2,0.46.1
19,Bernstein-Vazirani 5Q,5,FakeTorino,133,61,1024,102,0.1553,0.8446,PASS,,,CORRECT,,CORRECT,32,7,0.9,2.3.1,0.17.2,0.46.1
19,Bernstein-Vazirani 5Q,5,FakeTorino,133,62,1024,102,0.1631,0.8367,PASS,,,CORRECT,,CORRECT,32,7,0.8,2.3.1,0.17.2,0.46.1
19,Bernstein-Vazirani 5Q,5,FakeTorino,133,63,1024,102,0.1611,0.8388,PASS,,,CORRECT,,CORRECT,32,7,0.8,2.3.1,0.17.2,0.46.1
19,Bernstein-Vazirani 5Q,5,FakeTorino,133,64,1024,102,0.1611,0.8388,PASS,,,CORRECT,,CORRECT,32,7,0.8,2.3.1,0.17.2,0.46.1
19,Bernstein-Vazirani 5Q,5,FakeTorino,133,65,1024,102,0.1768,0.8232,PASS,,,CORRECT,,CORRECT,32,7,0.9,2.3.1,0.17.2,0.46.1
19,Bernstein-Vazirani 5Q,5,FakeTorino,133,66,1024,102,0.166,0.8335,PASS,,,CORRECT,,CORRECT,32,7,0.8,2.3.1,0.17.2,0.46.1
19,Bernstein-Vazirani 5Q,5,FakeTorino,133,67,1024,102,0.1445,0.8548,PASS,,,CORRECT,,CORRECT,32,7,0.8,2.3.1,0.17.2,0.46.1
19,Bernstein-Vazirani 5Q,5,FakeTorino,133,68,1024,102,0.1641,0.8359,PASS,,,CORRECT,,CORRECT,32,7,0.8,2.3.1,0.17.2,0.46.1
19,Bernstein-Vazirani 5Q,5,FakeTorino,133,69,1024,102,0.1865,0.8133,PASS,,,CORRECT,,CORRECT,32,7,0.9,2.3.1,0.17.2,0.46.1
19,Bernstein-Vazirani 5Q,5,FakeTorino,133,70,1024,102,0.1602,0.8398,PASS,,,CORRECT,,CORRECT,32,7,0.8,2.3.1,0.17.2,0.46.1
19,Bernstein-Vazirani 5Q,5,FakeTorino,133,71,1024,102,0.1328,0.8667,PASS,,,CORRECT,,CORRECT,32,7,0.8,2.3.1,0.17.2,0.46.1
19,Bernstein-Vazirani 5Q,5,FakeTorino,133,72,1024,102,0.1523,0.8477,PASS,,,CORRECT,,CORRECT,32,7,0.8,2.3.1,0.17.2,0.46.1
19,Bernstein-Vazirani 5Q,5,FakeTorino,133,73,1024,102,0.1699,0.8301,PASS,,,CORRECT,,CORRECT,32,7,0.9,2.3.1,0.17.2,0.46.1
19,Bernstein-Vazirani 5Q,5,FakeTorino,133,74,1024,102,0.1426,0.8571,PASS,,,CORRECT,,CORRECT,32,7,0.8,2.3.1,0.17.2,0.46.1
19,Bernstein-Vazirani 5Q,5,FakeTorino,133,75,1024,102,0.1533,0.8463,PASS,,,CORRECT,,CORRECT,32,7,0.8,2.3.1,0.17.2,0.46.1
19,Bernstein-Vazirani 5Q,5,FakeTorino,133,76,1024,102,0.1621,0.8378,PASS,,,CORRECT,,CORRECT,32,7,0.8,2.3.1,0.17.2,0.46.1
19,Bernstein-Vazirani 5Q,5,FakeTorino,133,77,1024,102,0.1582,0.8414,PASS,,,CORRECT,,CORRECT,32,7,0.9,2.3.1,0.17.2,0.46.1
19,Bernstein-Vazirani 5Q,5,FakeTorino,133,78,1024,102,0.1846,0.8154,PASS,,,CORRECT,,CORRECT,32,7,0.8,2.3.1,0.17.2,0.46.1
19,Bernstein-Vazirani 5Q,5,FakeTorino,133,79,1024,102,0.1504,0.8496,PASS,,,CORRECT,,CORRECT,32,7,0.8,2.3.1,0.17.2,0.46.1
19,Bernstein-Vazirani 5Q,5,FakeTorino,133,80,1024,102,0.1689,0.8307,PASS,,,CORRECT,,CORRECT,32,7,0.8,2.3.1,0.17.2,0.46.1
19,Bernstein-Vazirani 5Q,5,FakeTorino,133,81,1024,102,0.1504,0.8493,PASS,,,CORRECT,,CORRECT,32,7,0.9,2.3.1,0.17.2,0.46.1
19,Bernstein-Vazirani 5Q,5,FakeTorino,133,82,1024,102,0.1689,0.831,PASS,,,CORRECT,,CORRECT,32,7,0.8,2.3.1,0.17.2,0.46.1
19,Bernstein-Vazirani 5Q,5,FakeTorino,133,83,1024,102,0.1621,0.8378,PASS,,,CORRECT,,CORRECT,32,7,0.8,2.3.1,0.17.2,0.46.1
19,Bernstein-Vazirani 5Q,5,FakeTorino,133,84,1024,102,0.1553,0.8447,PASS,,,CORRECT,,CORRECT,32,7,0.8,2.3.1,0.17.2,0.46.1
19,Bernstein-Vazirani 5Q,5,FakeTorino,133,85,1024,102,0.1777,0.8222,PASS,,,CORRECT,,CORRECT,32,7,0.9,2.3.1,0.17.2,0.46.1
19,Bernstein-Vazirani 5Q,5,FakeTorino,133,86,1024,102,0.166,0.834,PASS,,,CORRECT,,CORRECT,32,7,0.8,2.3.1,0.17.2,0.46.1
19,Bernstein-Vazirani 5Q,5,FakeTorino,133,87,1024,102,0.1406,0.8593,PASS,,,CORRECT,,CORRECT,32,7,0.8,2.3.1,0.17.2,0.46.1
19,Bernstein-Vazirani 5Q,5,FakeTorino,133,88,1024,102,0.1719,0.8279,PASS,,,CORRECT,,CORRECT,32,7,0.8,2.3.1,0.17.2,0.46.1
19,Bernstein-Vazirani 5Q,5,FakeTorino,133,89,1024,102,0.1846,0.8148,PASS,,,CORRECT,,CORRECT,32,7,0.9,2.3.1,0.17.2,0.46.1
19,Bernstein-Vazirani 5Q,5,FakeTorino,133,90,1024,102,0.1719,0.828,PASS,,,CORRECT,,CORRECT,32,7,0.8,2.3.1,0.17.2,0.46.1
19,Bernstein-Vazirani 5Q,5,FakeTorino,133,91,1024,102,0.1582,0.8418,PASS,,,CORRECT,,CORRECT,32,7,0.8,2.3.1,0.17.2,0.46.1
19,Bernstein-Vazirani 5Q,5,FakeTorino,133,92,1024,102,0.1816,0.8183,PASS,,,CORRECT,,CORRECT,32,7,0.8,2.3.1,0.17.2,0.46.1
19,Bernstein-Vazirani 5Q,5,FakeTorino,133,93,1024,102,0.165,0.8348,PASS,,,CORRECT,,CORRECT,32,7,0.9,2.3.1,0.17.2,0.46.1
19,Bernstein-Vazirani 5Q,5,FakeTorino,133,94,1024,102,0.1729,0.8271,PASS,,,CORRECT,,CORRECT,32,7,0.8,2.3.1,0.17.2,0.46.1
19,Bernstein-Vazirani 5Q,5,FakeTorino,133,95,1024,102,0.1719,0.8281,PASS,,,CORRECT,,CORRECT,32,7,0.8,2.3.1,0.17.2,0.46.1
19,Bernstein-Vazirani 5Q,5,FakeTorino,133,96,1024,102,0.1406,0.8593,PASS,,,CORRECT,,CORRECT,32,7,0.8,2.3.1,0.17.2,0.46.1
19,Bernstein-Vazirani 5Q,5,FakeTorino,133,97,1024,102,0.1777,0.8221,PASS,,,CORRECT,,CORRECT,32,7,0.9,2.3.1,0.17.2,0.46.1
19,Bernstein-Vazirani 5Q,5,FakeTorino,133,98,1024,102,0.1641,0.8353,PASS,,,CORRECT,,CORRECT,32,7,0.8,2.3.1,0.17.2,0.46.1
19,Bernstein-Vazirani 5Q,5,FakeTorino,133,99,1024,102,0.1543,0.8453,PASS,,,CORRECT,,CORRECT,32,7,0.8,2.3.1,0.17.2,0.46.1
19,Bernstein-Vazirani 5Q,5,FakeTorino,133,100,1024,102,0.1504,0.8492,PASS,,,CORRECT,,CORRECT,32,7,0.8,2.3.1,0.17.2,0.46.1
19,Bernstein-Vazirani 5Q,5,FakeTorino,133,101,1024,102,0.1787,0.8211,PASS,,,CORRECT,,CORRECT,32,7,0.9,2.3.1,0.17.2,0.46.1
19,Bernstein-Vazirani 5Q,5,FakeTorino,133,102,1024,102,0.1719,0.828,PASS,,,CORRECT,,CORRECT,32,7,0.8,2.3.1,0.17.2,0.46.1
19,Bernstein-Vazirani 5Q,5,FakeTorino,133,103,1024,102,0.1611,0.8389,PASS,,,CORRECT,,CORRECT,32,7,0.8,2.3.1,0.17.2,0.46.1
19,Bernstein-Vazirani 5Q,5,FakeTorino,133,104,1024,102,0.1504,0.8494,PASS,,,CORRECT,,CORRECT,32,7,0.8,2.3.1,0.17.2,0.46.1
19,Bernstein-Vazirani 5Q,5,FakeTorino,133,105,1024,102,0.1826,0.8169,PASS,,,CORRECT,,CORRECT,32,7,1.0,2.3.1,0.17.2,0.46.1
19,Bernstein-Vazirani 5Q,5,FakeTorino,133,106,1024,102,0.168,0.832,PASS,,,CORRECT,,CORRECT,32,7,0.8,2.3.1,0.17.2,0.46.1
19,Bernstein-Vazirani 5Q,5,FakeTorino,133,107,1024,102,0.1484,0.8516,PASS,,,CORRECT,,CORRECT,32,7,0.8,2.3.1,0.17.2,0.46.1
19,Bernstein-Vazirani 5Q,5,FakeTorino,133,108,1024,102,0.1416,0.8584,PASS,,,CORRECT,,CORRECT,32,7,0.8,2.3.1,0.17.2,0.46.1
19,Bernstein-Vazirani 5Q,5,FakeTorino,133,109,1024,102,0.1523,0.8471,PASS,,,CORRECT,,CORRECT,32,7,0.9,2.3.1,0.17.2,0.46.1
19,Bernstein-Vazirani 5Q,5,FakeTorino,133,110,1024,102,0.1709,0.8286,PASS,,,CORRECT,,CORRECT,32,7,0.8,2.3.1,0.17.2,0.46.1
19,Bernstein-Vazirani 5Q,5,FakeTorino,133,111,1024,102,0.1523,0.8477,PASS,,,CORRECT,,CORRECT,32,7,0.8,2.3.1,0.17.2,0.46.1
19,Bernstein-Vazirani 5Q,5,FakeTorino,133,112,1024,102,0.1836,0.8163,PASS,,,CORRECT,,CORRECT,32,7,0.8,2.3.1,0.17.2,0.46.1
19,Bernstein-Vazirani 5Q,5,FakeTorino,133,113,1024,102,0.1719,0.8281,PASS,,,CORRECT,,CORRECT,32,7,0.9,2.3.1,0.17.2,0.46.1
19,Bernstein-Vazirani 5Q,5,FakeTorino,133,114,1024,102,0.165,0.8348,PASS,,,CORRECT,,CORRECT,32,7,0.8,2.3.1,0.17.2,0.46.1
19,Bernstein-Vazirani 5Q,5,FakeTorino,133,115,1024,102,0.1602,0.8398,PASS,,,CORRECT,,CORRECT,32,7,0.8,2.3.1,0.17.2,0.46.1
19,Bernstein-Vazirani 5Q,5,FakeTorino,133,116,1024,102,0.166,0.834,PASS,,,CORRECT,,CORRECT,32,7,0.8,2.3.1,0.17.2,0.46.1
19,Bernstein-Vazirani 5Q,5,FakeTorino,133,117,1024,102,0.166,0.834,PASS,,,CORRECT,,CORRECT,32,7,0.9,2.3.1,0.17.2,0.46.1
19,Bernstein-Vazirani 5Q,5,FakeTorino,133,118,1024,102,0.1602,0.8397,PASS,,,CORRECT,,CORRECT,32,7,0.8,2.3.1,0.17.2,0.46.1
19,Bernstein-Vazirani 5Q,5,FakeTorino,133,119,1024,102,0.167,0.8328,PASS,,,CORRECT,,CORRECT,32,7,0.8,2.3.1,0.17.2,0.46.1
20,VQE 1Q eigensolver,1,FakeTorino,133,20,10000,1000,0.0009,1.0,PASS,,,CORRECT,,CORRECT,4,0,0.8,2.3.1,0.17.2,0.46.1
20,VQE 1Q eigensolver,1,FakeTorino,133,21,10000,1000,0.0042,1.0,PASS,,,CORRECT,,CORRECT,4,0,0.9,2.3.1,0.17.2,0.46.1
20,VQE 1Q eigensolver,1,FakeTorino,133,22,10000,1000,0.0005,1.0,PASS,,,CORRECT,,CORRECT,4,0,0.8,2.3.1,0.17.2,0.46.1
20,VQE 1Q eigensolver,1,FakeTorino,133,23,10000,1000,0.0036,1.0,PASS,,,CORRECT,,CORRECT,4,0,0.8,2.3.1,0.17.2,0.46.1
20,VQE 1Q eigensolver,1,FakeTorino,133,24,10000,1000,0.0044,1.0,PASS,,,CORRECT,,CORRECT,4,0,0.8,2.3.1,0.17.2,0.46.1
20,VQE 1Q eigensolver,1,FakeTorino,133,25,10000,1000,0.008,0.9999,PASS,,,CORRECT,,CORRECT,4,0,1.0,2.3.1,0.17.2,0.46.1
20,VQE 1Q eigensolver,1,FakeTorino,133,26,10000,1000,0.0023,1.0,PASS,,,CORRECT,,CORRECT,4,0,0.8,2.3.1,0.17.2,0.46.1
20,VQE 1Q eigensolver,1,FakeTorino,133,27,10000,1000,0.0001,1.0,PASS,,,CORRECT,,CORRECT,4,0,0.8,2.3.1,0.17.2,0.46.1
20,VQE 1Q eigensolver,1,FakeTorino,133,28,10000,1000,0.0032,1.0,PASS,,,CORRECT,,CORRECT,4,0,0.8,2.3.1,0.17.2,0.46.1
20,VQE 1Q eigensolver,1,FakeTorino,133,29,10000,1000,0.0033,1.0,PASS,,,CORRECT,,CORRECT,4,0,0.9,2.3.1,0.17.2,0.46.1
20,VQE 1Q eigensolver,1,FakeTorino,133,30,10000,1000,0.0023,1.0,PASS,,,CORRECT,,CORRECT,4,0,0.8,2.3.1,0.17.2,0.46.1
20,VQE 1Q eigensolver,1,FakeTorino,133,31,10000,1000,0.0167,0.9997,PASS,,,CORRECT,,CORRECT,4,0,0.8,2.3.1,0.17.2,0.46.1
20,VQE 1Q eigensolver,1,FakeTorino,133,32,10000,1000,0.0,1.0,PASS,,,CORRECT,,CORRECT,4,0,0.8,2.3.1,0.17.2,0.46.1
20,VQE 1Q eigensolver,1,FakeTorino,133,33,10000,1000,0.0017,1.0,PASS,,,CORRECT,,CORRECT,4,0,0.9,2.3.1,0.17.2,0.46.1
20,VQE 1Q eigensolver,1,FakeTorino,133,34,10000,1000,0.0007,1.0,PASS,,,CORRECT,,CORRECT,4,0,0.8,2.3.1,0.17.2,0.46.1
20,VQE 1Q eigensolver,1,FakeTorino,133,35,10000,1000,0.0007,1.0,PASS,,,CORRECT,,CORRECT,4,0,0.8,2.3.1,0.17.2,0.46.1
20,VQE 1Q eigensolver,1,FakeTorino,133,36,10000,1000,0.002,1.0,PASS,,,CORRECT,,CORRECT,4,0,0.8,2.3.1,0.17.2,0.46.1
20,VQE 1Q eigensolver,1,FakeTorino,133,37,10000,1000,0.0019,1.0,PASS,,,CORRECT,,CORRECT,4,0,0.9,2.3.1,0.17.2,0.46.1
20,VQE 1Q eigensolver,1,FakeTorino,133,38,10000,1000,0.01,0.9999,PASS,,,CORRECT,,CORRECT,4,0,0.8,2.3.1,0.17.2,0.46.1
20,VQE 1Q eigensolver,1,FakeTorino,133,39,10000,1000,0.0015,1.0,PASS,,,CORRECT,,CORRECT,4,0,0.8,2.3.1,0.17.2,0.46.1
20,VQE 1Q eigensolver,1,FakeTorino,133,40,10000,1000,0.0018,1.0,PASS,,,CORRECT,,CORRECT,4,0,0.8,2.3.1,0.17.2,0.46.1
20,VQE 1Q eigensolver,1,FakeTorino,133,41,10000,1000,0.0049,1.0,PASS,,,CORRECT,,CORRECT,4,0,0.9,2.3.1,0.17.2,0.46.1
20,VQE 1Q eigensolver,1,FakeTorino,133,42,10000,1000,0.0049,1.0,PASS,,,CORRECT,,CORRECT,4,0,0.8,2.3.1,0.17.2,0.46.1
20,VQE 1Q eigensolver,1,FakeTorino,133,43,10000,1000,0.0073,0.9999,PASS,,,CORRECT,,CORRECT,4,0,0.8,2.3.1,0.17.2,0.46.1
20,VQE 1Q eigensolver,1,FakeTorino,133,44,10000,1000,0.0046,1.0,PASS,,,CORRECT,,CORRECT,4,0,0.8,2.3.1,0.17.2,0.46.1
20,VQE 1Q eigensolver,1,FakeTorino,133,45,10000,1000,0.0027,1.0,PASS,,,CORRECT,,CORRECT,4,0,0.9,2.3.1,0.17.2,0.46.1
20,VQE 1Q eigensolver,1,FakeTorino,133,46,10000,1000,0.0026,1.0,PASS,,,CORRECT,,CORRECT,4,0,0.8,2.3.1,0.17.2,0.46.1
20,VQE 1Q eigensolver,1,FakeTorino,133,47,10000,1000,0.0042,1.0,PASS,,,CORRECT,,CORRECT,4,0,0.8,2.3.1,0.17.2,0.46.1
20,VQE 1Q eigensolver,1,FakeTorino,133,48,10000,1000,0.0086,0.9999,PASS,,,CORRECT,,CORRECT,4,0,0.8,2.3.1,0.17.2,0.46.1
20,VQE 1Q eigensolver,1,FakeTorino,133,49,10000,1000,0.0008,1.0,PASS,,,CORRECT,,CORRECT,4,0,0.9,2.3.1,0.17.2,0.46.1
20,VQE 1Q eigensolver,1,FakeTorino,133,50,10000,1000,0.0013,1.0,PASS,,,CORRECT,,CORRECT,4,0,0.8,2.3.1,0.17.2,0.46.1
20,VQE 1Q eigensolver,1,FakeTorino,133,51,10000,1000,0.0034,1.0,PASS,,,CORRECT,,CORRECT,4,0,0.8,2.3.1,0.17.2,0.46.1
20,VQE 1Q eigensolver,1,FakeTorino,133,52,10000,1000,0.0069,1.0,PASS,,,CORRECT,,CORRECT,4,0,0.8,2.3.1,0.17.2,0.46.1
20,VQE 1Q eigensolver,1,FakeTorino,133,53,10000,1000,0.0042,1.0,PASS,,,CORRECT,,CORRECT,4,0,0.9,2.3.1,0.17.2,0.46.1
20,VQE 1Q eigensolver,1,FakeTorino,133,54,10000,1000,0.0004,1.0,PASS,,,CORRECT,,CORRECT,4,0,0.8,2.3.1,0.17.2,0.46.1
20,VQE 1Q eigensolver,1,FakeTorino,133,55,10000,1000,0.0053,1.0,PASS,,,CORRECT,,CORRECT,4,0,0.8,2.3.1,0.17.2,0.46.1
20,VQE 1Q eigensolver,1,FakeTorino,133,56,10000,1000,0.0023,1.0,PASS,,,CORRECT,,CORRECT,4,0,0.8,2.3.1,0.17.2,0.46.1
20,VQE 1Q eigensolver,1,FakeTorino,133,57,10000,1000,0.0086,0.9999,PASS,,,CORRECT,,CORRECT,4,0,1.0,2.3.1,0.17.2,0.46.1
20,VQE 1Q eigensolver,1,FakeTorino,133,58,10000,1000,0.002,1.0,PASS,,,CORRECT,,CORRECT,4,0,0.8,2.3.1,0.17.2,0.46.1
20,VQE 1Q eigensolver,1,FakeTorino,133,59,10000,1000,0.0001,1.0,PASS,,,CORRECT,,CORRECT,4,0,0.8,2.3.1,0.17.2,0.46.1
20,VQE 1Q eigensolver,1,FakeTorino,133,60,10000,1000,0.0041,1.0,PASS,,,CORRECT,,CORRECT,4,0,0.8,2.3.1,0.17.2,0.46.1
20,VQE 1Q eigensolver,1,FakeTorino,133,61,10000,1000,0.0028,1.0,PASS,,,CORRECT,,CORRECT,4,0,0.9,2.3.1,0.17.2,0.46.1
20,VQE 1Q eigensolver,1,FakeTorino,133,62,10000,1000,0.0047,1.0,PASS,,,CORRECT,,CORRECT,4,0,0.8,2.3.1,0.17.2,0.46.1
20,VQE 1Q eigensolver,1,FakeTorino,133,63,10000,1000,0.0057,1.0,PASS,,,CORRECT,,CORRECT,4,0,0.8,2.3.1,0.17.2,0.46.1
20,VQE 1Q eigensolver,1,FakeTorino,133,64,10000,1000,0.004,1.0,PASS,,,CORRECT,,CORRECT,4,0,0.8,2.3.1,0.17.2,0.46.1
20,VQE 1Q eigensolver,1,FakeTorino,133,65,10000,1000,0.0102,0.9999,PASS,,,CORRECT,,CORRECT,4,0,0.9,2.3.1,0.17.2,0.46.1
20,VQE 1Q eigensolver,1,FakeTorino,133,66,10000,1000,0.0021,1.0,PASS,,,CORRECT,,CORRECT,4,0,0.8,2.3.1,0.17.2,0.46.1
20,VQE 1Q eigensolver,1,FakeTorino,133,67,10000,1000,0.0043,1.0,PASS,,,CORRECT,,CORRECT,4,0,0.8,2.3.1,0.17.2,0.46.1
20,VQE 1Q eigensolver,1,FakeTorino,133,68,10000,1000,0.0036,1.0,PASS,,,CORRECT,,CORRECT,4,0,0.8,2.3.1,0.17.2,0.46.1
20,VQE 1Q eigensolver,1,FakeTorino,133,69,10000,1000,0.0014,1.0,PASS,,,CORRECT,,CORRECT,4,0,0.9,2.3.1,0.17.2,0.46.1
20,VQE 1Q eigensolver,1,FakeTorino,133,70,10000,1000,0.0097,0.9999,PASS,,,CORRECT,,CORRECT,4,0,0.8,2.3.1,0.17.2,0.46.1
20,VQE 1Q eigensolver,1,FakeTorino,133,71,10000,1000,0.0065,1.0,PASS,,,CORRECT,,CORRECT,4,0,0.8,2.3.1,0.17.2,0.46.1
20,VQE 1Q eigensolver,1,FakeTorino,133,72,10000,1000,0.0006,1.0,PASS,,,CORRECT,,CORRECT,4,0,0.8,2.3.1,0.17.2,0.46.1
20,VQE 1Q eigensolver,1,FakeTorino,133,73,10000,1000,0.0129,0.9998,PASS,,,CORRECT,,CORRECT,4,0,0.9,2.3.1,0.17.2,0.46.1
20,VQE 1Q eigensolver,1,FakeTorino,133,74,10000,1000,0.0026,1.0,PASS,,,CORRECT,,CORRECT,4,0,0.8,2.3.1,0.17.2,0.46.1
20,VQE 1Q eigensolver,1,FakeTorino,133,75,10000,1000,0.0034,1.0,PASS,,,CORRECT,,CORRECT,4,0,0.8,2.3.1,0.17.2,0.46.1
20,VQE 1Q eigensolver,1,FakeTorino,133,76,10000,1000,0.007,1.0,PASS,,,CORRECT,,CORRECT,4,0,0.8,2.3.1,0.17.2,0.46.1
20,VQE 1Q eigensolver,1,FakeTorino,133,77,10000,1000,0.011,0.9999,PASS,,,CORRECT,,CORRECT,4,0,0.9,2.3.1,0.17.2,0.46.1
20,VQE 1Q eigensolver,1,FakeTorino,133,78,10000,1000,0.0018,1.0,PASS,,,CORRECT,,CORRECT,4,0,0.8,2.3.1,0.17.2,0.46.1
20,VQE 1Q eigensolver,1,FakeTorino,133,79,10000,1000,0.0089,0.9999,PASS,,,CORRECT,,CORRECT,4,0,0.8,2.3.1,0.17.2,0.46.1
20,VQE 1Q eigensolver,1,FakeTorino,133,80,10000,1000,0.0078,0.9999,PASS,,,CORRECT,,CORRECT,4,0,0.8,2.3.1,0.17.2,0.46.1
20,VQE 1Q eigensolver,1,FakeTorino,133,81,10000,1000,0.0028,1.0,PASS,,,CORRECT,,CORRECT,4,0,0.9,2.3.1,0.17.2,0.46.1
20,VQE 1Q eigensolver,1,FakeTorino,133,82,10000,1000,0.0019,1.0,PASS,,,CORRECT,,CORRECT,4,0,0.8,2.3.1,0.17.2,0.46.1
20,VQE 1Q eigensolver,1,FakeTorino,133,83,10000,1000,0.0045,1.0,PASS,,,CORRECT,,CORRECT,4,0,0.8,2.3.1,0.17.2,0.46.1
20,VQE 1Q eigensolver,1,FakeTorino,133,84,10000,1000,0.0017,1.0,PASS,,,CORRECT,,CORRECT,4,0,0.8,2.3.1,0.17.2,0.46.1
20,VQE 1Q eigensolver,1,FakeTorino,133,85,10000,1000,0.004,1.0,PASS,,,CORRECT,,CORRECT,4,0,1.0,2.3.1,0.17.2,0.46.1
20,VQE 1Q eigensolver,1,FakeTorino,133,86,10000,1000,0.0011,1.0,PASS,,,CORRECT,,CORRECT,4,0,0.8,2.3.1,0.17.2,0.46.1
20,VQE 1Q eigensolver,1,FakeTorino,133,87,10000,1000,0.0049,1.0,PASS,,,CORRECT,,CORRECT,4,0,0.8,2.3.1,0.17.2,0.46.1
20,VQE 1Q eigensolver,1,FakeTorino,133,88,10000,1000,0.0001,1.0,PASS,,,CORRECT,,CORRECT,4,0,0.8,2.3.1,0.17.2,0.46.1
20,VQE 1Q eigensolver,1,FakeTorino,133,89,10000,1000,0.0002,1.0,PASS,,,CORRECT,,CORRECT,4,0,1.0,2.3.1,0.17.2,0.46.1
20,VQE 1Q eigensolver,1,FakeTorino,133,90,10000,1000,0.0021,1.0,PASS,,,CORRECT,,CORRECT,4,0,0.8,2.3.1,0.17.2,0.46.1
20,VQE 1Q eigensolver,1,FakeTorino,133,91,10000,1000,0.0003,1.0,PASS,,,CORRECT,,CORRECT,4,0,0.8,2.3.1,0.17.2,0.46.1
20,VQE 1Q eigensolver,1,FakeTorino,133,92,10000,1000,0.0007,1.0,PASS,,,CORRECT,,CORRECT,4,0,0.8,2.3.1,0.17.2,0.46.1
20,VQE 1Q eigensolver,1,FakeTorino,133,93,10000,1000,0.0033,1.0,PASS,,,CORRECT,,CORRECT,4,0,0.9,2.3.1,0.17.2,0.46.1
20,VQE 1Q eigensolver,1,FakeTorino,133,94,10000,1000,0.0035,1.0,PASS,,,CORRECT,,CORRECT,4,0,0.8,2.3.1,0.17.2,0.46.1
20,VQE 1Q eigensolver,1,FakeTorino,133,95,10000,1000,0.003,1.0,PASS,,,CORRECT,,CORRECT,4,0,0.8,2.3.1,0.17.2,0.46.1
20,VQE 1Q eigensolver,1,FakeTorino,133,96,10000,1000,0.0007,1.0,PASS,,,CORRECT,,CORRECT,4,0,0.8,2.3.1,0.17.2,0.46.1
20,VQE 1Q eigensolver,1,FakeTorino,133,97,10000,1000,0.0042,1.0,PASS,,,CORRECT,,CORRECT,4,0,0.9,2.3.1,0.17.2,0.46.1
20,VQE 1Q eigensolver,1,FakeTorino,133,98,10000,1000,0.0012,1.0,PASS,,,CORRECT,,CORRECT,4,0,0.8,2.3.1,0.17.2,0.46.1
20,VQE 1Q eigensolver,1,FakeTorino,133,99,10000,1000,0.01,0.9999,PASS,,,CORRECT,,CORRECT,4,0,0.8,2.3.1,0.17.2,0.46.1
20,VQE 1Q eigensolver,1,FakeTorino,133,100,10000,1000,0.0024,1.0,PASS,,,CORRECT,,CORRECT,4,0,0.8,2.3.1,0.17.2,0.46.1
20,VQE 1Q eigensolver,1,FakeTorino,133,101,10000,1000,0.0012,1.0,PASS,,,CORRECT,,CORRECT,4,0,0.9,2.3.1,0.17.2,0.46.1
20,VQE 1Q eigensolver,1,FakeTorino,133,102,10000,1000,0.0015,1.0,PASS,,,CORRECT,,CORRECT,4,0,0.8,2.3.1,0.17.2,0.46.1
20,VQE 1Q eigensolver,1,FakeTorino,133,103,10000,1000,0.0007,1.0,PASS,,,CORRECT,,CORRECT,4,0,0.8,2.3.1,0.17.2,0.46.1
20,VQE 1Q eigensolver,1,FakeTorino,133,104,10000,1000,0.0018,1.0,PASS,,,CORRECT,,CORRECT,4,0,0.8,2.3.1,0.17.2,0.46.1
20,VQE 1Q eigensolver,1,FakeTorino,133,105,10000,1000,0.0096,0.9999,PASS,,,CORRECT,,CORRECT,4,0,0.9,2.3.1,0.17.2,0.46.1
20,VQE 1Q eigensolver,1,FakeTorino,133,106,10000,1000,0.0017,1.0,PASS,,,CORRECT,,CORRECT,4,0,0.8,2.3.1,0.17.2,0.46.1
20,VQE 1Q eigensolver,1,FakeTorino,133,107,10000,1000,0.0036,1.0,PASS,,,CORRECT,,CORRECT,4,0,0.8,2.3.1,0.17.2,0.46.1
20,VQE 1Q eigensolver,1,FakeTorino,133,108,10000,1000,0.0021,1.0,PASS,,,CORRECT,,CORRECT,4,0,0.8,2.3.1,0.17.2,0.46.1
20,VQE 1Q eigensolver,1,FakeTorino,133,109,10000,1000,0.0054,1.0,PASS,,,CORRECT,,CORRECT,4,0,0.9,2.3.1,0.17.2,0.46.1
20,VQE 1Q eigensolver,1,FakeTorino,133,110,10000,1000,0.0024,1.0,PASS,,,CORRECT,,CORRECT,4,0,0.8,2.3.1,0.17.2,0.46.1
20,VQE 1Q eigensolver,1,FakeTorino,133,111,10000,1000,0.0027,1.0,PASS,,,CORRECT,,CORRECT,4,0,0.8,2.3.1,0.17.2,0.46.1
20,VQE 1Q eigensolver,1,FakeTorino,133,112,10000,1000,0.0001,1.0,PASS,,,CORRECT,,CORRECT,4,0,0.8,2.3.1,0.17.2,0.46.1
20,VQE 1Q eigensolver,1,FakeTorino,133,113,10000,1000,0.0041,1.0,PASS,,,CORRECT,,CORRECT,4,0,0.9,2.3.1,0.17.2,0.46.1
20,VQE 1Q eigensolver,1,FakeTorino,133,114,10000,1000,0.0051,1.0,PASS,,,CORRECT,,CORRECT,4,0,0.8,2.3.1,0.17.2,0.46.1
20,VQE 1Q eigensolver,1,FakeTorino,133,115,10000,1000,0.0006,1.0,PASS,,,CORRECT,,CORRECT,4,0,0.8,2.3.1,0.17.2,0.46.1
20,VQE 1Q eigensolver,1,FakeTorino,133,116,10000,1000,0.0087,0.9999,PASS,,,CORRECT,,CORRECT,4,0,0.8,2.3.1,0.17.2,0.46.1
20,VQE 1Q eigensolver,1,FakeTorino,133,117,10000,1000,0.0074,0.9999,PASS,,,CORRECT,,CORRECT,4,0,0.9,2.3.1,0.17.2,0.46.1
20,VQE 1Q eigensolver,1,FakeTorino,133,118,10000,1000,0.0015,1.0,PASS,,,CORRECT,,CORRECT,4,0,0.8,2.3.1,0.17.2,0.46.1
20,VQE 1Q eigensolver,1,FakeTorino,133,119,10000,1000,0.0041,1.0,PASS,,,CORRECT,,CORRECT,4,0,0.8,2.3.1,0.17.2,0.46.1
21,QAOA MaxCut 12Q,12,FakeTorino,133,20,10000,1000,0.2616,0.8479,PASS,,,CORRECT,,CORRECT,116,22,1.2,2.3.1,0.17.2,0.46.1
21,QAOA MaxCut 12Q,12,FakeTorino,133,21,10000,1000,0.2696,0.844,PASS,,,CORRECT,,CORRECT,116,22,1.4,2.3.1,0.17.2,0.46.1
21,QAOA MaxCut 12Q,12,FakeTorino,133,22,10000,1000,0.2667,0.8448,PASS,,,CORRECT,,CORRECT,116,22,1.2,2.3.1,0.17.2,0.46.1
21,QAOA MaxCut 12Q,12,FakeTorino,133,23,10000,1000,0.2717,0.8435,PASS,,,CORRECT,,CORRECT,116,22,1.2,2.3.1,0.17.2,0.46.1
21,QAOA MaxCut 12Q,12,FakeTorino,133,24,10000,1000,0.2659,0.8454,PASS,,,CORRECT,,CORRECT,116,22,1.2,2.3.1,0.17.2,0.46.1
21,QAOA MaxCut 12Q,12,FakeTorino,133,25,10000,1000,0.2572,0.8526,PASS,,,CORRECT,,CORRECT,116,22,1.4,2.3.1,0.17.2,0.46.1
21,QAOA MaxCut 12Q,12,FakeTorino,133,26,10000,1000,0.2676,0.8485,PASS,,,CORRECT,,CORRECT,116,22,1.2,2.3.1,0.17.2,0.46.1
21,QAOA MaxCut 12Q,12,FakeTorino,133,27,10000,1000,0.2675,0.8457,PASS,,,CORRECT,,CORRECT,116,22,1.2,2.3.1,0.17.2,0.46.1
21,QAOA MaxCut 12Q,12,FakeTorino,133,28,10000,1000,0.2698,0.8384,PASS,,,CORRECT,,CORRECT,116,22,1.2,2.3.1,0.17.2,0.46.1
21,QAOA MaxCut 12Q,12,FakeTorino,133,29,10000,1000,0.2633,0.8481,PASS,,,CORRECT,,CORRECT,116,22,1.4,2.3.1,0.17.2,0.46.1
21,QAOA MaxCut 12Q,12,FakeTorino,133,30,10000,1000,0.2626,0.8483,PASS,,,CORRECT,,CORRECT,116,22,1.2,2.3.1,0.17.2,0.46.1
21,QAOA MaxCut 12Q,12,FakeTorino,133,31,10000,1000,0.2582,0.8531,PASS,,,CORRECT,,CORRECT,116,22,1.2,2.3.1,0.17.2,0.46.1
21,QAOA MaxCut 12Q,12,FakeTorino,133,32,10000,1000,0.2638,0.8495,PASS,,,CORRECT,,CORRECT,116,22,1.2,2.3.1,0.17.2,0.46.1
21,QAOA MaxCut 12Q,12,FakeTorino,133,33,10000,1000,0.2686,0.8459,PASS,,,CORRECT,,CORRECT,116,22,1.3,2.3.1,0.17.2,0.46.1
21,QAOA MaxCut 12Q,12,FakeTorino,133,34,10000,1000,0.2605,0.8487,PASS,,,CORRECT,,CORRECT,116,22,1.2,2.3.1,0.17.2,0.46.1
21,QAOA MaxCut 12Q,12,FakeTorino,133,35,10000,1000,0.2593,0.8512,PASS,,,CORRECT,,CORRECT,116,22,1.2,2.3.1,0.17.2,0.46.1
21,QAOA MaxCut 12Q,12,FakeTorino,133,36,10000,1000,0.2589,0.851,PASS,,,CORRECT,,CORRECT,116,22,1.2,2.3.1,0.17.2,0.46.1
21,QAOA MaxCut 12Q,12,FakeTorino,133,37,10000,1000,0.2694,0.8462,PASS,,,CORRECT,,CORRECT,116,22,1.4,2.3.1,0.17.2,0.46.1
21,QAOA MaxCut 12Q,12,FakeTorino,133,38,10000,1000,0.2723,0.8415,PASS,,,CORRECT,,CORRECT,116,22,1.2,2.3.1,0.17.2,0.46.1
21,QAOA MaxCut 12Q,12,FakeTorino,133,39,10000,1000,0.2566,0.8546,PASS,,,CORRECT,,CORRECT,116,22,1.2,2.3.1,0.17.2,0.46.1
21,QAOA MaxCut 12Q,12,FakeTorino,133,40,10000,1000,0.2638,0.8486,PASS,,,CORRECT,,CORRECT,116,22,1.2,2.3.1,0.17.2,0.46.1
21,QAOA MaxCut 12Q,12,FakeTorino,133,41,10000,1000,0.2605,0.8501,PASS,,,CORRECT,,CORRECT,116,22,1.4,2.3.1,0.17.2,0.46.1
21,QAOA MaxCut 12Q,12,FakeTorino,133,42,10000,1000,0.2621,0.8468,PASS,,,CORRECT,,CORRECT,116,22,1.2,2.3.1,0.17.2,0.46.1
21,QAOA MaxCut 12Q,12,FakeTorino,133,43,10000,1000,0.2624,0.8499,PASS,,,CORRECT,,CORRECT,116,22,1.2,2.3.1,0.17.2,0.46.1
21,QAOA MaxCut 12Q,12,FakeTorino,133,44,10000,1000,0.2636,0.848,PASS,,,CORRECT,,CORRECT,116,22,1.2,2.3.1,0.17.2,0.46.1
21,QAOA MaxCut 12Q,12,FakeTorino,133,45,10000,1000,0.263,0.8504,PASS,,,CORRECT,,CORRECT,116,22,1.4,2.3.1,0.17.2,0.46.1
21,QAOA MaxCut 12Q,12,FakeTorino,133,46,10000,1000,0.2591,0.8509,PASS,,,CORRECT,,CORRECT,116,22,1.2,2.3.1,0.17.2,0.46.1
21,QAOA MaxCut 12Q,12,FakeTorino,133,47,10000,1000,0.2622,0.8487,PASS,,,CORRECT,,CORRECT,116,22,1.2,2.3.1,0.17.2,0.46.1
21,QAOA MaxCut 12Q,12,FakeTorino,133,48,10000,1000,0.2638,0.8465,PASS,,,CORRECT,,CORRECT,116,22,1.2,2.3.1,0.17.2,0.46.1
21,QAOA MaxCut 12Q,12,FakeTorino,133,49,10000,1000,0.263,0.8522,PASS,,,CORRECT,,CORRECT,116,22,1.4,2.3.1,0.17.2,0.46.1
21,QAOA MaxCut 12Q,12,FakeTorino,133,50,10000,1000,0.263,0.8496,PASS,,,CORRECT,,CORRECT,116,22,1.2,2.3.1,0.17.2,0.46.1
21,QAOA MaxCut 12Q,12,FakeTorino,133,51,10000,1000,0.2695,0.8442,PASS,,,CORRECT,,CORRECT,116,22,1.2,2.3.1,0.17.2,0.46.1
21,QAOA MaxCut 12Q,12,FakeTorino,133,52,10000,1000,0.2681,0.8422,PASS,,,CORRECT,,CORRECT,116,22,1.2,2.3.1,0.17.2,0.46.1
21,QAOA MaxCut 12Q,12,FakeTorino,133,53,10000,1000,0.264,0.8477,PASS,,,CORRECT,,CORRECT,116,22,1.4,2.3.1,0.17.2,0.46.1
21,QAOA MaxCut 12Q,12,FakeTorino,133,54,10000,1000,0.2666,0.8469,PASS,,,CORRECT,,CORRECT,116,22,1.2,2.3.1,0.17.2,0.46.1
21,QAOA MaxCut 12Q,12,FakeTorino,133,55,10000,1000,0.2693,0.844,PASS,,,CORRECT,,CORRECT,116,22,1.2,2.3.1,0.17.2,0.46.1
21,QAOA MaxCut 12Q,12,FakeTorino,133,56,10000,1000,0.268,0.8429,PASS,,,CORRECT,,CORRECT,116,22,1.2,2.3.1,0.17.2,0.46.1
21,QAOA MaxCut 12Q,12,FakeTorino,133,57,10000,1000,0.2566,0.8508,PASS,,,CORRECT,,CORRECT,116,22,1.3,2.3.1,0.17.2,0.46.1
21,QAOA MaxCut 12Q,12,FakeTorino,133,58,10000,1000,0.2628,0.8465,PASS,,,CORRECT,,CORRECT,116,22,1.2,2.3.1,0.17.2,0.46.1
21,QAOA MaxCut 12Q,12,FakeTorino,133,59,10000,1000,0.2629,0.8491,PASS,,,CORRECT,,CORRECT,116,22,1.2,2.3.1,0.17.2,0.46.1
21,QAOA MaxCut 12Q,12,FakeTorino,133,60,10000,1000,0.262,0.8445,PASS,,,CORRECT,,CORRECT,116,22,1.2,2.3.1,0.17.2,0.46.1
21,QAOA MaxCut 12Q,12,FakeTorino,133,61,10000,1000,0.261,0.8481,PASS,,,CORRECT,,CORRECT,116,22,1.4,2.3.1,0.17.2,0.46.1
21,QAOA MaxCut 12Q,12,FakeTorino,133,62,10000,1000,0.2582,0.8495,PASS,,,CORRECT,,CORRECT,116,22,1.2,2.3.1,0.17.2,0.46.1
21,QAOA MaxCut 12Q,12,FakeTorino,133,63,10000,1000,0.268,0.8448,PASS,,,CORRECT,,CORRECT,116,22,1.2,2.3.1,0.17.2,0.46.1
21,QAOA MaxCut 12Q,12,FakeTorino,133,64,10000,1000,0.2634,0.8501,PASS,,,CORRECT,,CORRECT,116,22,1.2,2.3.1,0.17.2,0.46.1
21,QAOA MaxCut 12Q,12,FakeTorino,133,65,10000,1000,0.2574,0.8512,PASS,,,CORRECT,,CORRECT,116,22,1.4,2.3.1,0.17.2,0.46.1
21,QAOA MaxCut 12Q,12,FakeTorino,133,66,10000,1000,0.2617,0.8487,PASS,,,CORRECT,,CORRECT,116,22,1.2,2.3.1,0.17.2,0.46.1
21,QAOA MaxCut 12Q,12,FakeTorino,133,67,10000,1000,0.2634,0.8463,PASS,,,CORRECT,,CORRECT,116,22,1.2,2.3.1,0.17.2,0.46.1
21,QAOA MaxCut 12Q,12,FakeTorino,133,68,10000,1000,0.2576,0.8506,PASS,,,CORRECT,,CORRECT,116,22,1.2,2.3.1,0.17.2,0.46.1
21,QAOA MaxCut 12Q,12,FakeTorino,133,69,10000,1000,0.2656,0.8475,PASS,,,CORRECT,,CORRECT,116,22,1.3,2.3.1,0.17.2,0.46.1
21,QAOA MaxCut 12Q,12,FakeTorino,133,70,10000,1000,0.2675,0.8441,PASS,,,CORRECT,,CORRECT,116,22,1.2,2.3.1,0.17.2,0.46.1
21,QAOA MaxCut 12Q,12,FakeTorino,133,71,10000,1000,0.2635,0.8477,PASS,,,CORRECT,,CORRECT,116,22,1.2,2.3.1,0.17.2,0.46.1
21,QAOA MaxCut 12Q,12,FakeTorino,133,72,10000,1000,0.2566,0.8512,PASS,,,CORRECT,,CORRECT,116,22,1.2,2.3.1,0.17.2,0.46.1
21,QAOA MaxCut 12Q,12,FakeTorino,133,73,10000,1000,0.2652,0.8486,PASS,,,CORRECT,,CORRECT,116,22,1.4,2.3.1,0.17.2,0.46.1
21,QAOA MaxCut 12Q,12,FakeTorino,133,74,10000,1000,0.2681,0.8439,PASS,,,CORRECT,,CORRECT,116,22,1.2,2.3.1,0.17.2,0.46.1
21,QAOA MaxCut 12Q,12,FakeTorino,133,75,10000,1000,0.2676,0.8441,PASS,,,CORRECT,,CORRECT,116,22,1.2,2.3.1,0.17.2,0.46.1
21,QAOA MaxCut 12Q,12,FakeTorino,133,76,10000,1000,0.2593,0.8502,PASS,,,CORRECT,,CORRECT,116,22,1.2,2.3.1,0.17.2,0.46.1
21,QAOA MaxCut 12Q,12,FakeTorino,133,77,10000,1000,0.2632,0.8481,PASS,,,CORRECT,,CORRECT,116,22,1.4,2.3.1,0.17.2,0.46.1
21,QAOA MaxCut 12Q,12,FakeTorino,133,78,10000,1000,0.2639,0.8506,PASS,,,CORRECT,,CORRECT,116,22,1.2,2.3.1,0.17.2,0.46.1
21,QAOA MaxCut 12Q,12,FakeTorino,133,79,10000,1000,0.2663,0.846,PASS,,,CORRECT,,CORRECT,116,22,1.2,2.3.1,0.17.2,0.46.1
21,QAOA MaxCut 12Q,12,FakeTorino,133,80,10000,1000,0.2614,0.8497,PASS,,,CORRECT,,CORRECT,116,22,1.2,2.3.1,0.17.2,0.46.1
21,QAOA MaxCut 12Q,12,FakeTorino,133,81,10000,1000,0.2667,0.8479,PASS,,,CORRECT,,CORRECT,116,22,1.4,2.3.1,0.17.2,0.46.1
21,QAOA MaxCut 12Q,12,FakeTorino,133,82,10000,1000,0.26,0.8507,PASS,,,CORRECT,,CORRECT,116,22,1.2,2.3.1,0.17.2,0.46.1
21,QAOA MaxCut 12Q,12,FakeTorino,133,83,10000,1000,0.2714,0.844,PASS,,,CORRECT,,CORRECT,116,22,1.2,2.3.1,0.17.2,0.46.1
21,QAOA MaxCut 12Q,12,FakeTorino,133,84,10000,1000,0.2608,0.8493,PASS,,,CORRECT,,CORRECT,116,22,1.2,2.3.1,0.17.2,0.46.1
21,QAOA MaxCut 12Q,12,FakeTorino,133,85,10000,1000,0.2624,0.8461,PASS,,,CORRECT,,CORRECT,116,22,1.4,2.3.1,0.17.2,0.46.1
21,QAOA MaxCut 12Q,12,FakeTorino,133,86,10000,1000,0.2608,0.8487,PASS,,,CORRECT,,CORRECT,116,22,1.2,2.3.1,0.17.2,0.46.1
21,QAOA MaxCut 12Q,12,FakeTorino,133,87,10000,1000,0.2655,0.8476,PASS,,,CORRECT,,CORRECT,116,22,1.2,2.3.1,0.17.2,0.46.1
21,QAOA MaxCut 12Q,12,FakeTorino,133,88,10000,1000,0.2665,0.8482,PASS,,,CORRECT,,CORRECT,116,22,1.2,2.3.1,0.17.2,0.46.1
21,QAOA MaxCut 12Q,12,FakeTorino,133,89,10000,1000,0.2634,0.8465,PASS,,,CORRECT,,CORRECT,116,22,1.4,2.3.1,0.17.2,0.46.1
21,QAOA MaxCut 12Q,12,FakeTorino,133,90,10000,1000,0.2661,0.8462,PASS,,,CORRECT,,CORRECT,116,22,1.2,2.3.1,0.17.2,0.46.1
21,QAOA MaxCut 12Q,12,FakeTorino,133,91,10000,1000,0.2656,0.8504,PASS,,,CORRECT,,CORRECT,116,22,1.2,2.3.1,0.17.2,0.46.1
21,QAOA MaxCut 12Q,12,FakeTorino,133,92,10000,1000,0.2651,0.8465,PASS,,,CORRECT,,CORRECT,116,22,1.2,2.3.1,0.17.2,0.46.1
21,QAOA MaxCut 12Q,12,FakeTorino,133,93,10000,1000,0.2675,0.8438,PASS,,,CORRECT,,CORRECT,116,22,1.4,2.3.1,0.17.2,0.46.1
21,QAOA MaxCut 12Q,12,FakeTorino,133,94,10000,1000,0.2677,0.8419,PASS,,,CORRECT,,CORRECT,116,22,1.2,2.3.1,0.17.2,0.46.1
21,QAOA MaxCut 12Q,12,FakeTorino,133,95,10000,1000,0.2548,0.8514,PASS,,,CORRECT,,CORRECT,116,22,1.2,2.3.1,0.17.2,0.46.1
21,QAOA MaxCut 12Q,12,FakeTorino,133,96,10000,1000,0.2684,0.847,PASS,,,CORRECT,,CORRECT,116,22,1.2,2.3.1,0.17.2,0.46.1
21,QAOA MaxCut 12Q,12,FakeTorino,133,97,10000,1000,0.2617,0.852,PASS,,,CORRECT,,CORRECT,116,22,1.4,2.3.1,0.17.2,0.46.1
21,QAOA MaxCut 12Q,12,FakeTorino,133,98,10000,1000,0.2654,0.848,PASS,,,CORRECT,,CORRECT,116,22,1.2,2.3.1,0.17.2,0.46.1
21,QAOA MaxCut 12Q,12,FakeTorino,133,99,10000,1000,0.2679,0.8433,PASS,,,CORRECT,,CORRECT,116,22,1.2,2.3.1,0.17.2,0.46.1
21,QAOA MaxCut 12Q,12,FakeTorino,133,100,10000,1000,0.2663,0.846,PASS,,,CORRECT,,CORRECT,116,22,1.2,2.3.1,0.17.2,0.46.1
21,QAOA MaxCut 12Q,12,FakeTorino,133,101,10000,1000,0.2656,0.8467,PASS,,,CORRECT,,CORRECT,116,22,1.3,2.3.1,0.17.2,0.46.1
21,QAOA MaxCut 12Q,12,FakeTorino,133,102,10000,1000,0.2619,0.8483,PASS,,,CORRECT,,CORRECT,116,22,1.2,2.3.1,0.17.2,0.46.1
21,QAOA MaxCut 12Q,12,FakeTorino,133,103,10000,1000,0.2625,0.8503,PASS,,,CORRECT,,CORRECT,116,22,1.2,2.3.1,0.17.2,0.46.1
21,QAOA MaxCut 12Q,12,FakeTorino,133,104,10000,1000,0.2637,0.848,PASS,,,CORRECT,,CORRECT,116,22,1.2,2.3.1,0.17.2,0.46.1
21,QAOA MaxCut 12Q,12,FakeTorino,133,105,10000,1000,0.2633,0.8482,PASS,,,CORRECT,,CORRECT,116,22,1.4,2.3.1,0.17.2,0.46.1
21,QAOA MaxCut 12Q,12,FakeTorino,133,106,10000,1000,0.2624,0.8489,PASS,,,CORRECT,,CORRECT,116,22,1.2,2.3.1,0.17.2,0.46.1
21,QAOA MaxCut 12Q,12,FakeTorino,133,107,10000,1000,0.2599,0.8464,PASS,,,CORRECT,,CORRECT,116,22,1.2,2.3.1,0.17.2,0.46.1
21,QAOA MaxCut 12Q,12,FakeTorino,133,108,10000,1000,0.2669,0.8448,PASS,,,CORRECT,,CORRECT,116,22,1.2,2.3.1,0.17.2,0.46.1
21,QAOA MaxCut 12Q,12,FakeTorino,133,109,10000,1000,0.2651,0.8468,PASS,,,CORRECT,,CORRECT,116,22,1.4,2.3.1,0.17.2,0.46.1
21,QAOA MaxCut 12Q,12,FakeTorino,133,110,10000,1000,0.2629,0.8498,PASS,,,CORRECT,,CORRECT,116,22,1.2,2.3.1,0.17.2,0.46.1
21,QAOA MaxCut 12Q,12,FakeTorino,133,111,10000,1000,0.2608,0.853,PASS,,,CORRECT,,CORRECT,116,22,1.2,2.3.1,0.17.2,0.46.1
21,QAOA MaxCut 12Q,12,FakeTorino,133,112,10000,1000,0.263,0.8505,PASS,,,CORRECT,,CORRECT,116,22,1.2,2.3.1,0.17.2,0.46.1
21,QAOA MaxCut 12Q,12,FakeTorino,133,113,10000,1000,0.2632,0.8506,PASS,,,CORRECT,,CORRECT,116,22,1.4,2.3.1,0.17.2,0.46.1
21,QAOA MaxCut 12Q,12,FakeTorino,133,114,10000,1000,0.2686,0.8464,PASS,,,CORRECT,,CORRECT,116,22,1.2,2.3.1,0.17.2,0.46.1
21,QAOA MaxCut 12Q,12,FakeTorino,133,115,10000,1000,0.2579,0.8526,PASS,,,CORRECT,,CORRECT,116,22,1.2,2.3.1,0.17.2,0.46.1
21,QAOA MaxCut 12Q,12,FakeTorino,133,116,10000,1000,0.2547,0.8546,PASS,,,CORRECT,,CORRECT,116,22,1.2,2.3.1,0.17.2,0.46.1
21,QAOA MaxCut 12Q,12,FakeTorino,133,117,10000,1000,0.2655,0.8446,PASS,,,CORRECT,,CORRECT,116,22,1.4,2.3.1,0.17.2,0.46.1
21,QAOA MaxCut 12Q,12,FakeTorino,133,118,10000,1000,0.2759,0.839,PASS,,,CORRECT,,CORRECT,116,22,1.2,2.3.1,0.17.2,0.46.1
21,QAOA MaxCut 12Q,12,FakeTorino,133,119,10000,1000,0.2637,0.8483,PASS,,,CORRECT,,CORRECT,116,22,1.2,2.3.1,0.17.2,0.46.1
22,QML Image Class 14Q,14,FakeTorino,133,20,400,100,0.4469,0.647,MARGINAL,,,CORRECT,,CORRECT,136,26,1.3,2.3.1,0.17.2,0.46.1
22,QML Image Class 14Q,14,FakeTorino,133,21,400,100,0.4469,0.6478,MARGINAL,,,CORRECT,,CORRECT,136,26,1.5,2.3.1,0.17.2,0.46.1
22,QML Image Class 14Q,14,FakeTorino,133,22,400,100,0.4469,0.6492,MARGINAL,,,CORRECT,,CORRECT,136,26,1.3,2.3.1,0.17.2,0.46.1
22,QML Image Class 14Q,14,FakeTorino,133,23,400,100,0.4469,0.6492,MARGINAL,,,CORRECT,,CORRECT,136,26,1.3,2.3.1,0.17.2,0.46.1
22,QML Image Class 14Q,14,FakeTorino,133,24,400,100,0.4469,0.6492,MARGINAL,,,CORRECT,,CORRECT,136,26,1.3,2.3.1,0.17.2,0.46.1
22,QML Image Class 14Q,14,FakeTorino,133,25,400,100,0.4494,0.6467,MARGINAL,,,CORRECT,,CORRECT,136,26,1.5,2.3.1,0.17.2,0.46.1
22,QML Image Class 14Q,14,FakeTorino,133,26,400,100,0.4494,0.6483,MARGINAL,,,CORRECT,,CORRECT,136,26,1.3,2.3.1,0.17.2,0.46.1
22,QML Image Class 14Q,14,FakeTorino,133,27,400,100,0.4519,0.6454,MARGINAL,,,CORRECT,,CORRECT,136,26,1.3,2.3.1,0.17.2,0.46.1
22,QML Image Class 14Q,14,FakeTorino,133,28,400,100,0.4519,0.6454,MARGINAL,,,CORRECT,,CORRECT,136,26,1.3,2.3.1,0.17.2,0.46.1
22,QML Image Class 14Q,14,FakeTorino,133,29,400,100,0.4544,0.6436,MARGINAL,,,CORRECT,,CORRECT,136,26,1.5,2.3.1,0.17.2,0.46.1
22,QML Image Class 14Q,14,FakeTorino,133,30,400,100,0.4569,0.6423,MARGINAL,,,CORRECT,,CORRECT,136,26,1.3,2.3.1,0.17.2,0.46.1
22,QML Image Class 14Q,14,FakeTorino,133,31,400,100,0.4569,0.6424,MARGINAL,,,CORRECT,,CORRECT,136,26,1.3,2.3.1,0.17.2,0.46.1
22,QML Image Class 14Q,14,FakeTorino,133,32,400,100,0.4594,0.6406,MARGINAL,,,CORRECT,,CORRECT,136,26,1.3,2.3.1,0.17.2,0.46.1
22,QML Image Class 14Q,14,FakeTorino,133,33,400,100,0.4569,0.6426,MARGINAL,,,CORRECT,,CORRECT,136,26,1.5,2.3.1,0.17.2,0.46.1
22,QML Image Class 14Q,14,FakeTorino,133,34,400,100,0.4594,0.6412,MARGINAL,,,CORRECT,,CORRECT,136,26,1.3,2.3.1,0.17.2,0.46.1
22,QML Image Class 14Q,14,FakeTorino,133,35,400,100,0.4569,0.6439,MARGINAL,,,CORRECT,,CORRECT,136,26,1.3,2.3.1,0.17.2,0.46.1
22,QML Image Class 14Q,14,FakeTorino,133,36,400,100,0.4569,0.6439,MARGINAL,,,CORRECT,,CORRECT,136,26,1.3,2.3.1,0.17.2,0.46.1
22,QML Image Class 14Q,14,FakeTorino,133,37,400,100,0.4591,0.6423,MARGINAL,,,CORRECT,,CORRECT,136,26,1.5,2.3.1,0.17.2,0.46.1
22,QML Image Class 14Q,14,FakeTorino,133,38,400,100,0.4591,0.6419,MARGINAL,,,CORRECT,,CORRECT,136,26,1.3,2.3.1,0.17.2,0.46.1
22,QML Image Class 14Q,14,FakeTorino,133,39,400,100,0.4591,0.642,MARGINAL,,,CORRECT,,CORRECT,136,26,1.3,2.3.1,0.17.2,0.46.1
22,QML Image Class 14Q,14,FakeTorino,133,40,400,100,0.4591,0.642,MARGINAL,,,CORRECT,,CORRECT,136,26,1.3,2.3.1,0.17.2,0.46.1
22,QML Image Class 14Q,14,FakeTorino,133,41,400,100,0.4591,0.642,MARGINAL,,,CORRECT,,CORRECT,136,26,1.5,2.3.1,0.17.2,0.46.1
22,QML Image Class 14Q,14,FakeTorino,133,42,400,100,0.4616,0.6392,MARGINAL,,,CORRECT,,CORRECT,136,26,1.3,2.3.1,0.17.2,0.46.1
22,QML Image Class 14Q,14,FakeTorino,133,43,400,100,0.4641,0.6364,MARGINAL,,,CORRECT,,CORRECT,136,26,1.3,2.3.1,0.17.2,0.46.1
22,QML Image Class 14Q,14,FakeTorino,133,44,400,100,0.4616,0.6376,MARGINAL,,,CORRECT,,CORRECT,136,26,1.3,2.3.1,0.17.2,0.46.1
22,QML Image Class 14Q,14,FakeTorino,133,45,400,100,0.4616,0.6376,MARGINAL,,,CORRECT,,CORRECT,136,26,1.4,2.3.1,0.17.2,0.46.1
22,QML Image Class 14Q,14,FakeTorino,133,46,400,100,0.4591,0.639,MARGINAL,,,CORRECT,,CORRECT,136,26,1.3,2.3.1,0.17.2,0.46.1
22,QML Image Class 14Q,14,FakeTorino,133,47,400,100,0.4566,0.6418,MARGINAL,,,CORRECT,,CORRECT,136,26,1.3,2.3.1,0.17.2,0.46.1
22,QML Image Class 14Q,14,FakeTorino,133,48,400,100,0.4566,0.6425,MARGINAL,,,CORRECT,,CORRECT,136,26,1.3,2.3.1,0.17.2,0.46.1
22,QML Image Class 14Q,14,FakeTorino,133,49,400,100,0.4591,0.6403,MARGINAL,,,CORRECT,,CORRECT,136,26,1.5,2.3.1,0.17.2,0.46.1
22,QML Image Class 14Q,14,FakeTorino,133,50,400,100,0.4566,0.6428,MARGINAL,,,CORRECT,,CORRECT,136,26,1.3,2.3.1,0.17.2,0.46.1
22,QML Image Class 14Q,14,FakeTorino,133,51,400,100,0.4566,0.6426,MARGINAL,,,CORRECT,,CORRECT,136,26,1.3,2.3.1,0.17.2,0.46.1
22,QML Image Class 14Q,14,FakeTorino,133,52,400,100,0.4566,0.6433,MARGINAL,,,CORRECT,,CORRECT,136,26,1.3,2.3.1,0.17.2,0.46.1
22,QML Image Class 14Q,14,FakeTorino,133,53,400,100,0.4566,0.6433,MARGINAL,,,CORRECT,,CORRECT,136,26,1.5,2.3.1,0.17.2,0.46.1
22,QML Image Class 14Q,14,FakeTorino,133,54,400,100,0.4543,0.6452,MARGINAL,,,CORRECT,,CORRECT,136,26,1.3,2.3.1,0.17.2,0.46.1
22,QML Image Class 14Q,14,FakeTorino,133,55,400,100,0.4543,0.6468,MARGINAL,,,CORRECT,,CORRECT,136,26,1.3,2.3.1,0.17.2,0.46.1
22,QML Image Class 14Q,14,FakeTorino,133,56,400,100,0.4568,0.6445,MARGINAL,,,CORRECT,,CORRECT,136,26,1.3,2.3.1,0.17.2,0.46.1
22,QML Image Class 14Q,14,FakeTorino,133,57,400,100,0.4568,0.6436,MARGINAL,,,CORRECT,,CORRECT,136,26,1.5,2.3.1,0.17.2,0.46.1
22,QML Image Class 14Q,14,FakeTorino,133,58,400,100,0.4568,0.6451,MARGINAL,,,CORRECT,,CORRECT,136,26,1.3,2.3.1,0.17.2,0.46.1
22,QML Image Class 14Q,14,FakeTorino,133,59,400,100,0.4543,0.6479,MARGINAL,,,CORRECT,,CORRECT,136,26,1.3,2.3.1,0.17.2,0.46.1
22,QML Image Class 14Q,14,FakeTorino,133,60,400,100,0.4543,0.6495,MARGINAL,,,CORRECT,,CORRECT,136,26,1.3,2.3.1,0.17.2,0.46.1
22,QML Image Class 14Q,14,FakeTorino,133,61,400,100,0.4568,0.6482,MARGINAL,,,CORRECT,,CORRECT,136,26,1.5,2.3.1,0.17.2,0.46.1
22,QML Image Class 14Q,14,FakeTorino,133,62,400,100,0.4593,0.647,MARGINAL,,,CORRECT,,CORRECT,136,26,1.3,2.3.1,0.17.2,0.46.1
22,QML Image Class 14Q,14,FakeTorino,133,63,400,100,0.4568,0.6489,MARGINAL,,,CORRECT,,CORRECT,136,26,1.3,2.3.1,0.17.2,0.46.1
22,QML Image Class 14Q,14,FakeTorino,133,64,400,100,0.4568,0.6487,MARGINAL,,,CORRECT,,CORRECT,136,26,1.3,2.3.1,0.17.2,0.46.1
22,QML Image Class 14Q,14,FakeTorino,133,65,400,100,0.4593,0.6458,MARGINAL,,,CORRECT,,CORRECT,136,26,1.5,2.3.1,0.17.2,0.46.1
22,QML Image Class 14Q,14,FakeTorino,133,66,400,100,0.4593,0.6463,MARGINAL,,,CORRECT,,CORRECT,136,26,1.3,2.3.1,0.17.2,0.46.1
22,QML Image Class 14Q,14,FakeTorino,133,67,400,100,0.4593,0.646,MARGINAL,,,CORRECT,,CORRECT,136,26,1.3,2.3.1,0.17.2,0.46.1
22,QML Image Class 14Q,14,FakeTorino,133,68,400,100,0.4588,0.6476,MARGINAL,,,CORRECT,,CORRECT,136,26,1.3,2.3.1,0.17.2,0.46.1
22,QML Image Class 14Q,14,FakeTorino,133,69,400,100,0.4613,0.6445,MARGINAL,,,CORRECT,,CORRECT,136,26,1.4,2.3.1,0.17.2,0.46.1
22,QML Image Class 14Q,14,FakeTorino,133,70,400,100,0.4588,0.6458,MARGINAL,,,CORRECT,,CORRECT,136,26,1.3,2.3.1,0.17.2,0.46.1
22,QML Image Class 14Q,14,FakeTorino,133,71,400,100,0.4563,0.6474,MARGINAL,,,CORRECT,,CORRECT,136,26,1.3,2.3.1,0.17.2,0.46.1
22,QML Image Class 14Q,14,FakeTorino,133,72,400,100,0.4563,0.6474,MARGINAL,,,CORRECT,,CORRECT,136,26,1.3,2.3.1,0.17.2,0.46.1
22,QML Image Class 14Q,14,FakeTorino,133,73,400,100,0.4563,0.6474,MARGINAL,,,CORRECT,,CORRECT,136,26,1.5,2.3.1,0.17.2,0.46.1
22,QML Image Class 14Q,14,FakeTorino,133,74,400,100,0.4563,0.6481,MARGINAL,,,CORRECT,,CORRECT,136,26,1.3,2.3.1,0.17.2,0.46.1
22,QML Image Class 14Q,14,FakeTorino,133,75,400,100,0.4563,0.649,MARGINAL,,,CORRECT,,CORRECT,136,26,1.3,2.3.1,0.17.2,0.46.1
22,QML Image Class 14Q,14,FakeTorino,133,76,400,100,0.4538,0.6519,MARGINAL,,,CORRECT,,CORRECT,136,26,1.3,2.3.1,0.17.2,0.46.1
22,QML Image Class 14Q,14,FakeTorino,133,77,400,100,0.4513,0.655,MARGINAL,,,CORRECT,,CORRECT,136,26,1.5,2.3.1,0.17.2,0.46.1
22,QML Image Class 14Q,14,FakeTorino,133,78,400,100,0.4513,0.6553,MARGINAL,,,CORRECT,,CORRECT,136,26,1.3,2.3.1,0.17.2,0.46.1
22,QML Image Class 14Q,14,FakeTorino,133,79,400,100,0.4488,0.6567,MARGINAL,,,CORRECT,,CORRECT,136,26,1.3,2.3.1,0.17.2,0.46.1
22,QML Image Class 14Q,14,FakeTorino,133,80,400,100,0.4488,0.6556,MARGINAL,,,CORRECT,,CORRECT,136,26,1.3,2.3.1,0.17.2,0.46.1
22,QML Image Class 14Q,14,FakeTorino,133,81,400,100,0.4488,0.6558,MARGINAL,,,CORRECT,,CORRECT,136,26,1.4,2.3.1,0.17.2,0.46.1
22,QML Image Class 14Q,14,FakeTorino,133,82,400,100,0.4513,0.6533,MARGINAL,,,CORRECT,,CORRECT,136,26,1.3,2.3.1,0.17.2,0.46.1
22,QML Image Class 14Q,14,FakeTorino,133,83,400,100,0.4513,0.6549,MARGINAL,,,CORRECT,,CORRECT,136,26,1.3,2.3.1,0.17.2,0.46.1
22,QML Image Class 14Q,14,FakeTorino,133,84,400,100,0.4513,0.6549,MARGINAL,,,CORRECT,,CORRECT,136,26,1.3,2.3.1,0.17.2,0.46.1
22,QML Image Class 14Q,14,FakeTorino,133,85,400,100,0.4513,0.6561,MARGINAL,,,CORRECT,,CORRECT,136,26,1.5,2.3.1,0.17.2,0.46.1
22,QML Image Class 14Q,14,FakeTorino,133,86,400,100,0.4538,0.6531,MARGINAL,,,CORRECT,,CORRECT,136,26,1.3,2.3.1,0.17.2,0.46.1
22,QML Image Class 14Q,14,FakeTorino,133,87,400,100,0.4538,0.6531,MARGINAL,,,CORRECT,,CORRECT,136,26,1.3,2.3.1,0.17.2,0.46.1
22,QML Image Class 14Q,14,FakeTorino,133,88,400,100,0.4513,0.6544,MARGINAL,,,CORRECT,,CORRECT,136,26,1.3,2.3.1,0.17.2,0.46.1
22,QML Image Class 14Q,14,FakeTorino,133,89,400,100,0.4513,0.6541,MARGINAL,,,CORRECT,,CORRECT,136,26,1.5,2.3.1,0.17.2,0.46.1
22,QML Image Class 14Q,14,FakeTorino,133,90,400,100,0.4488,0.6571,MARGINAL,,,CORRECT,,CORRECT,136,26,1.3,2.3.1,0.17.2,0.46.1
22,QML Image Class 14Q,14,FakeTorino,133,91,400,100,0.4488,0.657,MARGINAL,,,CORRECT,,CORRECT,136,26,1.3,2.3.1,0.17.2,0.46.1
22,QML Image Class 14Q,14,FakeTorino,133,92,400,100,0.4489,0.6571,MARGINAL,,,CORRECT,,CORRECT,136,26,1.3,2.3.1,0.17.2,0.46.1
22,QML Image Class 14Q,14,FakeTorino,133,93,400,100,0.4514,0.6559,MARGINAL,,,CORRECT,,CORRECT,136,26,1.5,2.3.1,0.17.2,0.46.1
22,QML Image Class 14Q,14,FakeTorino,133,94,400,100,0.4526,0.6543,MARGINAL,,,CORRECT,,CORRECT,136,26,1.3,2.3.1,0.17.2,0.46.1
22,QML Image Class 14Q,14,FakeTorino,133,95,400,100,0.4501,0.6555,MARGINAL,,,CORRECT,,CORRECT,136,26,1.3,2.3.1,0.17.2,0.46.1
22,QML Image Class 14Q,14,FakeTorino,133,96,400,100,0.4501,0.6555,MARGINAL,,,CORRECT,,CORRECT,136,26,1.3,2.3.1,0.17.2,0.46.1
22,QML Image Class 14Q,14,FakeTorino,133,97,400,100,0.4501,0.6569,MARGINAL,,,CORRECT,,CORRECT,136,26,1.4,2.3.1,0.17.2,0.46.1
22,QML Image Class 14Q,14,FakeTorino,133,98,400,100,0.4501,0.6551,MARGINAL,,,CORRECT,,CORRECT,136,26,1.3,2.3.1,0.17.2,0.46.1
22,QML Image Class 14Q,14,FakeTorino,133,99,400,100,0.4501,0.6551,MARGINAL,,,CORRECT,,CORRECT,136,26,1.3,2.3.1,0.17.2,0.46.1
22,QML Image Class 14Q,14,FakeTorino,133,100,400,100,0.4501,0.6556,MARGINAL,,,CORRECT,,CORRECT,136,26,1.3,2.3.1,0.17.2,0.46.1
22,QML Image Class 14Q,14,FakeTorino,133,101,400,100,0.4501,0.6556,MARGINAL,,,CORRECT,,CORRECT,136,26,1.5,2.3.1,0.17.2,0.46.1
22,QML Image Class 14Q,14,FakeTorino,133,102,400,100,0.4526,0.6528,MARGINAL,,,CORRECT,,CORRECT,136,26,1.3,2.3.1,0.17.2,0.46.1
22,QML Image Class 14Q,14,FakeTorino,133,103,400,100,0.4501,0.6556,MARGINAL,,,CORRECT,,CORRECT,136,26,1.3,2.3.1,0.17.2,0.46.1
22,QML Image Class 14Q,14,FakeTorino,133,104,400,100,0.4513,0.6546,MARGINAL,,,CORRECT,,CORRECT,136,26,1.3,2.3.1,0.17.2,0.46.1
22,QML Image Class 14Q,14,FakeTorino,133,105,400,100,0.4488,0.6574,MARGINAL,,,CORRECT,,CORRECT,136,26,1.5,2.3.1,0.17.2,0.46.1
22,QML Image Class 14Q,14,FakeTorino,133,106,400,100,0.4488,0.6562,MARGINAL,,,CORRECT,,CORRECT,136,26,1.3,2.3.1,0.17.2,0.46.1
22,QML Image Class 14Q,14,FakeTorino,133,107,400,100,0.4488,0.6562,MARGINAL,,,CORRECT,,CORRECT,136,26,1.3,2.3.1,0.17.2,0.46.1
22,QML Image Class 14Q,14,FakeTorino,133,108,400,100,0.4488,0.6562,MARGINAL,,,CORRECT,,CORRECT,136,26,1.3,2.3.1,0.17.2,0.46.1
22,QML Image Class 14Q,14,FakeTorino,133,109,400,100,0.4488,0.6562,MARGINAL,,,CORRECT,,CORRECT,136,26,1.5,2.3.1,0.17.2,0.46.1
22,QML Image Class 14Q,14,FakeTorino,133,110,400,100,0.4463,0.6574,MARGINAL,,,CORRECT,,CORRECT,136,26,1.3,2.3.1,0.17.2,0.46.1
22,QML Image Class 14Q,14,FakeTorino,133,111,400,100,0.4463,0.6571,MARGINAL,,,CORRECT,,CORRECT,136,26,1.3,2.3.1,0.17.2,0.46.1
22,QML Image Class 14Q,14,FakeTorino,133,112,400,100,0.4463,0.6586,MARGINAL,,,CORRECT,,CORRECT,136,26,1.3,2.3.1,0.17.2,0.46.1
22,QML Image Class 14Q,14,FakeTorino,133,113,400,100,0.4488,0.6566,MARGINAL,,,CORRECT,,CORRECT,136,26,1.4,2.3.1,0.17.2,0.46.1
22,QML Image Class 14Q,14,FakeTorino,133,114,400,100,0.4513,0.655,MARGINAL,,,CORRECT,,CORRECT,136,26,1.3,2.3.1,0.17.2,0.46.1
22,QML Image Class 14Q,14,FakeTorino,133,115,400,100,0.4488,0.6578,MARGINAL,,,CORRECT,,CORRECT,136,26,1.3,2.3.1,0.17.2,0.46.1
22,QML Image Class 14Q,14,FakeTorino,133,116,400,100,0.4513,0.6548,MARGINAL,,,CORRECT,,CORRECT,136,26,1.3,2.3.1,0.17.2,0.46.1
22,QML Image Class 14Q,14,FakeTorino,133,117,400,100,0.4513,0.6546,MARGINAL,,,CORRECT,,CORRECT,136,26,1.5,2.3.1,0.17.2,0.46.1
22,QML Image Class 14Q,14,FakeTorino,133,118,400,100,0.4513,0.6557,MARGINAL,,,CORRECT,,CORRECT,136,26,1.3,2.3.1,0.17.2,0.46.1
22,QML Image Class 14Q,14,FakeTorino,133,119,400,100,0.4538,0.6528,MARGINAL,,,CORRECT,,CORRECT,136,26,1.3,2.3.1,0.17.2,0.46.1
23,VQE SrH PDM 12Q,12,FakeTorino,133,20,4000,400,0.446,0.554,MARGINAL,,,CORRECT,,CORRECT,96,24,1.4,2.3.1,0.17.2,0.46.1
23,VQE SrH PDM 12Q,12,FakeTorino,133,21,4000,400,0.446,0.554,MARGINAL,,,CORRECT,,CORRECT,96,24,1.6,2.3.1,0.17.2,0.46.1
23,VQE SrH PDM 12Q,12,FakeTorino,133,22,4000,400,0.4457,0.5543,MARGINAL,,,CORRECT,,CORRECT,96,24,1.4,2.3.1,0.17.2,0.46.1
23,VQE SrH PDM 12Q,12,FakeTorino,133,23,4000,400,0.446,0.554,MARGINAL,,,CORRECT,,CORRECT,96,24,1.5,2.3.1,0.17.2,0.46.1
23,VQE SrH PDM 12Q,12,FakeTorino,133,24,4000,400,0.4462,0.5537,MARGINAL,,,CORRECT,,CORRECT,96,24,1.5,2.3.1,0.17.2,0.46.1
23,VQE SrH PDM 12Q,12,FakeTorino,133,25,4000,400,0.4462,0.5537,MARGINAL,,,CORRECT,,CORRECT,96,24,1.6,2.3.1,0.17.2,0.46.1
23,VQE SrH PDM 12Q,12,FakeTorino,133,26,4000,400,0.4462,0.5537,MARGINAL,,,CORRECT,,CORRECT,96,24,1.4,2.3.1,0.17.2,0.46.1
23,VQE SrH PDM 12Q,12,FakeTorino,133,27,4000,400,0.4462,0.5537,MARGINAL,,,CORRECT,,CORRECT,96,24,1.4,2.3.1,0.17.2,0.46.1
23,VQE SrH PDM 12Q,12,FakeTorino,133,28,4000,400,0.446,0.554,MARGINAL,,,CORRECT,,CORRECT,96,24,1.4,2.3.1,0.17.2,0.46.1
23,VQE SrH PDM 12Q,12,FakeTorino,133,29,4000,400,0.4462,0.5537,MARGINAL,,,CORRECT,,CORRECT,96,24,1.6,2.3.1,0.17.2,0.46.1
23,VQE SrH PDM 12Q,12,FakeTorino,133,30,4000,400,0.4465,0.5535,MARGINAL,,,CORRECT,,CORRECT,96,24,1.4,2.3.1,0.17.2,0.46.1
23,VQE SrH PDM 12Q,12,FakeTorino,133,31,4000,400,0.4467,0.5533,MARGINAL,,,CORRECT,,CORRECT,96,24,1.5,2.3.1,0.17.2,0.46.1
23,VQE SrH PDM 12Q,12,FakeTorino,133,32,4000,400,0.4467,0.5533,MARGINAL,,,CORRECT,,CORRECT,96,24,1.5,2.3.1,0.17.2,0.46.1
23,VQE SrH PDM 12Q,12,FakeTorino,133,33,4000,400,0.4465,0.5535,MARGINAL,,,CORRECT,,CORRECT,96,24,1.6,2.3.1,0.17.2,0.46.1
23,VQE SrH PDM 12Q,12,FakeTorino,133,34,4000,400,0.4462,0.5537,MARGINAL,,,CORRECT,,CORRECT,96,24,1.5,2.3.1,0.17.2,0.46.1
23,VQE SrH PDM 12Q,12,FakeTorino,133,35,4000,400,0.4462,0.5537,MARGINAL,,,CORRECT,,CORRECT,96,24,1.4,2.3.1,0.17.2,0.46.1
23,VQE SrH PDM 12Q,12,FakeTorino,133,36,4000,400,0.4462,0.5537,MARGINAL,,,CORRECT,,CORRECT,96,24,1.4,2.3.1,0.17.2,0.46.1
23,VQE SrH PDM 12Q,12,FakeTorino,133,37,4000,400,0.446,0.554,MARGINAL,,,CORRECT,,CORRECT,96,24,1.6,2.3.1,0.17.2,0.46.1
23,VQE SrH PDM 12Q,12,FakeTorino,133,38,4000,400,0.4462,0.5537,MARGINAL,,,CORRECT,,CORRECT,96,24,1.5,2.3.1,0.17.2,0.46.1
23,VQE SrH PDM 12Q,12,FakeTorino,133,39,4000,400,0.4462,0.5537,MARGINAL,,,CORRECT,,CORRECT,96,24,1.4,2.3.1,0.17.2,0.46.1
23,VQE SrH PDM 12Q,12,FakeTorino,133,40,4000,400,0.4462,0.5537,MARGINAL,,,CORRECT,,CORRECT,96,24,1.4,2.3.1,0.17.2,0.46.1
23,VQE SrH PDM 12Q,12,FakeTorino,133,41,4000,400,0.4462,0.5537,MARGINAL,,,CORRECT,,CORRECT,96,24,1.6,2.3.1,0.17.2,0.46.1
23,VQE SrH PDM 12Q,12,FakeTorino,133,42,4000,400,0.4465,0.5535,MARGINAL,,,CORRECT,,CORRECT,96,24,1.4,2.3.1,0.17.2,0.46.1
23,VQE SrH PDM 12Q,12,FakeTorino,133,43,4000,400,0.4467,0.5533,MARGINAL,,,CORRECT,,CORRECT,96,24,1.4,2.3.1,0.17.2,0.46.1
23,VQE SrH PDM 12Q,12,FakeTorino,133,44,4000,400,0.4467,0.5533,MARGINAL,,,CORRECT,,CORRECT,96,24,1.4,2.3.1,0.17.2,0.46.1
23,VQE SrH PDM 12Q,12,FakeTorino,133,45,4000,400,0.447,0.553,MARGINAL,,,CORRECT,,CORRECT,96,24,1.6,2.3.1,0.17.2,0.46.1
23,VQE SrH PDM 12Q,12,FakeTorino,133,46,4000,400,0.4467,0.5533,MARGINAL,,,CORRECT,,CORRECT,96,24,1.5,2.3.1,0.17.2,0.46.1
23,VQE SrH PDM 12Q,12,FakeTorino,133,47,4000,400,0.4467,0.5533,MARGINAL,,,CORRECT,,CORRECT,96,24,1.5,2.3.1,0.17.2,0.46.1
23,VQE SrH PDM 12Q,12,FakeTorino,133,48,4000,400,0.4465,0.5535,MARGINAL,,,CORRECT,,CORRECT,96,24,1.4,2.3.1,0.17.2,0.46.1
23,VQE SrH PDM 12Q,12,FakeTorino,133,49,4000,400,0.4462,0.5537,MARGINAL,,,CORRECT,,CORRECT,96,24,1.6,2.3.1,0.17.2,0.46.1
23,VQE SrH PDM 12Q,12,FakeTorino,133,50,4000,400,0.4462,0.5537,MARGINAL,,,CORRECT,,CORRECT,96,24,1.4,2.3.1,0.17.2,0.46.1
23,VQE SrH PDM 12Q,12,FakeTorino,133,51,4000,400,0.4465,0.5535,MARGINAL,,,CORRECT,,CORRECT,96,24,1.5,2.3.1,0.17.2,0.46.1
23,VQE SrH PDM 12Q,12,FakeTorino,133,52,4000,400,0.4465,0.5535,MARGINAL,,,CORRECT,,CORRECT,96,24,1.4,2.3.1,0.17.2,0.46.1
23,VQE SrH PDM 12Q,12,FakeTorino,133,53,4000,400,0.4467,0.5533,MARGINAL,,,CORRECT,,CORRECT,96,24,1.6,2.3.1,0.17.2,0.46.1
23,VQE SrH PDM 12Q,12,FakeTorino,133,54,4000,400,0.4467,0.5533,MARGINAL,,,CORRECT,,CORRECT,96,24,1.4,2.3.1,0.17.2,0.46.1
23,VQE SrH PDM 12Q,12,FakeTorino,133,55,4000,400,0.447,0.553,MARGINAL,,,CORRECT,,CORRECT,96,24,1.5,2.3.1,0.17.2,0.46.1
23,VQE SrH PDM 12Q,12,FakeTorino,133,56,4000,400,0.447,0.553,MARGINAL,,,CORRECT,,CORRECT,96,24,1.5,2.3.1,0.17.2,0.46.1
23,VQE SrH PDM 12Q,12,FakeTorino,133,57,4000,400,0.4472,0.5527,MARGINAL,,,CORRECT,,CORRECT,96,24,1.6,2.3.1,0.17.2,0.46.1
23,VQE SrH PDM 12Q,12,FakeTorino,133,58,4000,400,0.4475,0.5525,MARGINAL,,,CORRECT,,CORRECT,96,24,1.4,2.3.1,0.17.2,0.46.1
23,VQE SrH PDM 12Q,12,FakeTorino,133,59,4000,400,0.4472,0.5527,MARGINAL,,,CORRECT,,CORRECT,96,24,1.5,2.3.1,0.17.2,0.46.1
23,VQE SrH PDM 12Q,12,FakeTorino,133,60,4000,400,0.447,0.553,MARGINAL,,,CORRECT,,CORRECT,96,24,1.5,2.3.1,0.17.2,0.46.1
23,VQE SrH PDM 12Q,12,FakeTorino,133,61,4000,400,0.4467,0.5533,MARGINAL,,,CORRECT,,CORRECT,96,24,1.6,2.3.1,0.17.2,0.46.1
23,VQE SrH PDM 12Q,12,FakeTorino,133,62,4000,400,0.4465,0.5535,MARGINAL,,,CORRECT,,CORRECT,96,24,1.5,2.3.1,0.17.2,0.46.1
23,VQE SrH PDM 12Q,12,FakeTorino,133,63,4000,400,0.4462,0.5537,MARGINAL,,,CORRECT,,CORRECT,96,24,1.4,2.3.1,0.17.2,0.46.1
23,VQE SrH PDM 12Q,12,FakeTorino,133,64,4000,400,0.4462,0.5537,MARGINAL,,,CORRECT,,CORRECT,96,24,1.4,2.3.1,0.17.2,0.46.1
23,VQE SrH PDM 12Q,12,FakeTorino,133,65,4000,400,0.4465,0.5535,MARGINAL,,,CORRECT,,CORRECT,96,24,1.6,2.3.1,0.17.2,0.46.1
23,VQE SrH PDM 12Q,12,FakeTorino,133,66,4000,400,0.4465,0.5535,MARGINAL,,,CORRECT,,CORRECT,96,24,1.4,2.3.1,0.17.2,0.46.1
23,VQE SrH PDM 12Q,12,FakeTorino,133,67,4000,400,0.4465,0.5535,MARGINAL,,,CORRECT,,CORRECT,96,24,1.4,2.3.1,0.17.2,0.46.1
23,VQE SrH PDM 12Q,12,FakeTorino,133,68,4000,400,0.4467,0.5533,MARGINAL,,,CORRECT,,CORRECT,96,24,1.4,2.3.1,0.17.2,0.46.1
23,VQE SrH PDM 12Q,12,FakeTorino,133,69,4000,400,0.447,0.553,MARGINAL,,,CORRECT,,CORRECT,96,24,1.6,2.3.1,0.17.2,0.46.1
23,VQE SrH PDM 12Q,12,FakeTorino,133,70,4000,400,0.4472,0.5527,MARGINAL,,,CORRECT,,CORRECT,96,24,1.5,2.3.1,0.17.2,0.46.1
23,VQE SrH PDM 12Q,12,FakeTorino,133,71,4000,400,0.4475,0.5525,MARGINAL,,,CORRECT,,CORRECT,96,24,1.4,2.3.1,0.17.2,0.46.1
23,VQE SrH PDM 12Q,12,FakeTorino,133,72,4000,400,0.4477,0.5523,MARGINAL,,,CORRECT,,CORRECT,96,24,1.4,2.3.1,0.17.2,0.46.1
23,VQE SrH PDM 12Q,12,FakeTorino,133,73,4000,400,0.4477,0.5523,MARGINAL,,,CORRECT,,CORRECT,96,24,1.6,2.3.1,0.17.2,0.46.1
23,VQE SrH PDM 12Q,12,FakeTorino,133,74,4000,400,0.448,0.552,MARGINAL,,,CORRECT,,CORRECT,96,24,1.5,2.3.1,0.17.2,0.46.1
23,VQE SrH PDM 12Q,12,FakeTorino,133,75,4000,400,0.448,0.552,MARGINAL,,,CORRECT,,CORRECT,96,24,1.4,2.3.1,0.17.2,0.46.1
23,VQE SrH PDM 12Q,12,FakeTorino,133,76,4000,400,0.4477,0.5523,MARGINAL,,,CORRECT,,CORRECT,96,24,1.4,2.3.1,0.17.2,0.46.1
23,VQE SrH PDM 12Q,12,FakeTorino,133,77,4000,400,0.4477,0.5523,MARGINAL,,,CORRECT,,CORRECT,96,24,1.6,2.3.1,0.17.2,0.46.1
23,VQE SrH PDM 12Q,12,FakeTorino,133,78,4000,400,0.4477,0.5523,MARGINAL,,,CORRECT,,CORRECT,96,24,1.5,2.3.1,0.17.2,0.46.1
23,VQE SrH PDM 12Q,12,FakeTorino,133,79,4000,400,0.448,0.552,MARGINAL,,,CORRECT,,CORRECT,96,24,1.4,2.3.1,0.17.2,0.46.1
23,VQE SrH PDM 12Q,12,FakeTorino,133,80,4000,400,0.448,0.552,MARGINAL,,,CORRECT,,CORRECT,96,24,1.4,2.3.1,0.17.2,0.46.1
23,VQE SrH PDM 12Q,12,FakeTorino,133,81,4000,400,0.448,0.552,MARGINAL,,,CORRECT,,CORRECT,96,24,1.6,2.3.1,0.17.2,0.46.1
23,VQE SrH PDM 12Q,12,FakeTorino,133,82,4000,400,0.448,0.552,MARGINAL,,,CORRECT,,CORRECT,96,24,1.5,2.3.1,0.17.2,0.46.1
23,VQE SrH PDM 12Q,12,FakeTorino,133,83,4000,400,0.448,0.552,MARGINAL,,,CORRECT,,CORRECT,96,24,1.4,2.3.1,0.17.2,0.46.1
23,VQE SrH PDM 12Q,12,FakeTorino,133,84,4000,400,0.448,0.552,MARGINAL,,,CORRECT,,CORRECT,96,24,1.4,2.3.1,0.17.2,0.46.1
23,VQE SrH PDM 12Q,12,FakeTorino,133,85,4000,400,0.448,0.552,MARGINAL,,,CORRECT,,CORRECT,96,24,1.6,2.3.1,0.17.2,0.46.1
23,VQE SrH PDM 12Q,12,FakeTorino,133,86,4000,400,0.4482,0.5517,MARGINAL,,,CORRECT,,CORRECT,96,24,1.4,2.3.1,0.17.2,0.46.1
23,VQE SrH PDM 12Q,12,FakeTorino,133,87,4000,400,0.4482,0.5517,MARGINAL,,,CORRECT,,CORRECT,96,24,1.4,2.3.1,0.17.2,0.46.1
23,VQE SrH PDM 12Q,12,FakeTorino,133,88,4000,400,0.4485,0.5515,MARGINAL,,,CORRECT,,CORRECT,96,24,1.5,2.3.1,0.17.2,0.46.1
23,VQE SrH PDM 12Q,12,FakeTorino,133,89,4000,400,0.4485,0.5515,MARGINAL,,,CORRECT,,CORRECT,96,24,1.6,2.3.1,0.17.2,0.46.1
23,VQE SrH PDM 12Q,12,FakeTorino,133,90,4000,400,0.4485,0.5515,MARGINAL,,,CORRECT,,CORRECT,96,24,1.4,2.3.1,0.17.2,0.46.1
23,VQE SrH PDM 12Q,12,FakeTorino,133,91,4000,400,0.4487,0.5513,MARGINAL,,,CORRECT,,CORRECT,96,24,1.5,2.3.1,0.17.2,0.46.1
23,VQE SrH PDM 12Q,12,FakeTorino,133,92,4000,400,0.4487,0.5513,MARGINAL,,,CORRECT,,CORRECT,96,24,1.5,2.3.1,0.17.2,0.46.1
23,VQE SrH PDM 12Q,12,FakeTorino,133,93,4000,400,0.4487,0.5513,MARGINAL,,,CORRECT,,CORRECT,96,24,1.6,2.3.1,0.17.2,0.46.1
23,VQE SrH PDM 12Q,12,FakeTorino,133,94,4000,400,0.449,0.551,MARGINAL,,,CORRECT,,CORRECT,96,24,1.4,2.3.1,0.17.2,0.46.1
23,VQE SrH PDM 12Q,12,FakeTorino,133,95,4000,400,0.449,0.551,MARGINAL,,,CORRECT,,CORRECT,96,24,1.4,2.3.1,0.17.2,0.46.1
23,VQE SrH PDM 12Q,12,FakeTorino,133,96,4000,400,0.4487,0.5513,MARGINAL,,,CORRECT,,CORRECT,96,24,1.4,2.3.1,0.17.2,0.46.1
23,VQE SrH PDM 12Q,12,FakeTorino,133,97,4000,400,0.4487,0.5513,MARGINAL,,,CORRECT,,CORRECT,96,24,1.6,2.3.1,0.17.2,0.46.1
23,VQE SrH PDM 12Q,12,FakeTorino,133,98,4000,400,0.449,0.551,MARGINAL,,,CORRECT,,CORRECT,96,24,1.4,2.3.1,0.17.2,0.46.1
23,VQE SrH PDM 12Q,12,FakeTorino,133,99,4000,400,0.4492,0.5508,MARGINAL,,,CORRECT,,CORRECT,96,24,1.4,2.3.1,0.17.2,0.46.1
23,VQE SrH PDM 12Q,12,FakeTorino,133,100,4000,400,0.449,0.551,MARGINAL,,,CORRECT,,CORRECT,96,24,1.4,2.3.1,0.17.2,0.46.1
23,VQE SrH PDM 12Q,12,FakeTorino,133,101,4000,400,0.4487,0.5513,MARGINAL,,,CORRECT,,CORRECT,96,24,1.6,2.3.1,0.17.2,0.46.1
23,VQE SrH PDM 12Q,12,FakeTorino,133,102,4000,400,0.449,0.551,MARGINAL,,,CORRECT,,CORRECT,96,24,1.5,2.3.1,0.17.2,0.46.1
23,VQE SrH PDM 12Q,12,FakeTorino,133,103,4000,400,0.449,0.551,MARGINAL,,,CORRECT,,CORRECT,96,24,1.4,2.3.1,0.17.2,0.46.1
23,VQE SrH PDM 12Q,12,FakeTorino,133,104,4000,400,0.449,0.551,MARGINAL,,,CORRECT,,CORRECT,96,24,1.4,2.3.1,0.17.2,0.46.1
23,VQE SrH PDM 12Q,12,FakeTorino,133,105,4000,400,0.4487,0.5513,MARGINAL,,,CORRECT,,CORRECT,96,24,1.6,2.3.1,0.17.2,0.46.1
23,VQE SrH PDM 12Q,12,FakeTorino,133,106,4000,400,0.449,0.551,MARGINAL,,,CORRECT,,CORRECT,96,24,1.5,2.3.1,0.17.2,0.46.1
23,VQE SrH PDM 12Q,12,FakeTorino,133,107,4000,400,0.4487,0.5513,MARGINAL,,,CORRECT,,CORRECT,96,24,1.5,2.3.1,0.17.2,0.46.1
23,VQE SrH PDM 12Q,12,FakeTorino,133,108,4000,400,0.449,0.551,MARGINAL,,,CORRECT,,CORRECT,96,24,1.5,2.3.1,0.17.2,0.46.1
23,VQE SrH PDM 12Q,12,FakeTorino,133,109,4000,400,0.4492,0.5508,MARGINAL,,,CORRECT,,CORRECT,96,24,1.7,2.3.1,0.17.2,0.46.1
23,VQE SrH PDM 12Q,12,FakeTorino,133,110,4000,400,0.4492,0.5508,MARGINAL,,,CORRECT,,CORRECT,96,24,1.4,2.3.1,0.17.2,0.46.1
23,VQE SrH PDM 12Q,12,FakeTorino,133,111,4000,400,0.4495,0.5505,MARGINAL,,,CORRECT,,CORRECT,96,24,1.4,2.3.1,0.17.2,0.46.1
23,VQE SrH PDM 12Q,12,FakeTorino,133,112,4000,400,0.4495,0.5505,MARGINAL,,,CORRECT,,CORRECT,96,24,1.4,2.3.1,0.17.2,0.46.1
23,VQE SrH PDM 12Q,12,FakeTorino,133,113,4000,400,0.4497,0.5503,MARGINAL,,,CORRECT,,CORRECT,96,24,1.6,2.3.1,0.17.2,0.46.1
23,VQE SrH PDM 12Q,12,FakeTorino,133,114,4000,400,0.4497,0.5503,MARGINAL,,,CORRECT,,CORRECT,96,24,1.4,2.3.1,0.17.2,0.46.1
23,VQE SrH PDM 12Q,12,FakeTorino,133,115,4000,400,0.4495,0.5505,MARGINAL,,,CORRECT,,CORRECT,96,24,1.5,2.3.1,0.17.2,0.46.1
23,VQE SrH PDM 12Q,12,FakeTorino,133,116,4000,400,0.4492,0.5508,MARGINAL,,,CORRECT,,CORRECT,96,24,1.5,2.3.1,0.17.2,0.46.1
23,VQE SrH PDM 12Q,12,FakeTorino,133,117,4000,400,0.4492,0.5508,MARGINAL,,,CORRECT,,CORRECT,96,24,1.6,2.3.1,0.17.2,0.46.1
23,VQE SrH PDM 12Q,12,FakeTorino,133,118,4000,400,0.4492,0.5508,MARGINAL,,,CORRECT,,CORRECT,96,24,1.5,2.3.1,0.17.2,0.46.1
23,VQE SrH PDM 12Q,12,FakeTorino,133,119,4000,400,0.449,0.551,MARGINAL,,,CORRECT,,CORRECT,96,24,1.4,2.3.1,0.17.2,0.46.1
24,Grover 6Q,6,FakeTorino,133,20,1024,102,0.0943,0.9847,PASS,,,CORRECT,,CORRECT,124,24,0.8,2.3.1,0.17.2,0.46.1
24,Grover 6Q,6,FakeTorino,133,21,1024,102,0.0886,0.9869,PASS,,,CORRECT,,CORRECT,124,24,0.9,2.3.1,0.17.2,0.46.1
24,Grover 6Q,6,FakeTorino,133,22,1024,102,0.0902,0.9869,PASS,,,CORRECT,,CORRECT,124,24,0.8,2.3.1,0.17.2,0.46.1
24,Grover 6Q,6,FakeTorino,133,23,1024,102,0.0964,0.985,PASS,,,CORRECT,,CORRECT,124,24,0.8,2.3.1,0.17.2,0.46.1
24,Grover 6Q,6,FakeTorino,133,24,1024,102,0.0968,0.984,PASS,,,CORRECT,,CORRECT,124,24,0.8,2.3.1,0.17.2,0.46.1
24,Grover 6Q,6,FakeTorino,133,25,1024,102,0.0914,0.9845,PASS,,,CORRECT,,CORRECT,124,24,0.9,2.3.1,0.17.2,0.46.1
24,Grover 6Q,6,FakeTorino,133,26,1024,102,0.1085,0.9821,PASS,,,CORRECT,,CORRECT,124,24,0.8,2.3.1,0.17.2,0.46.1
24,Grover 6Q,6,FakeTorino,133,27,1024,102,0.1155,0.9786,PASS,,,CORRECT,,CORRECT,124,24,0.8,2.3.1,0.17.2,0.46.1
24,Grover 6Q,6,FakeTorino,133,28,1024,102,0.0945,0.9871,PASS,,,CORRECT,,CORRECT,124,24,0.8,2.3.1,0.17.2,0.46.1
24,Grover 6Q,6,FakeTorino,133,29,1024,102,0.1,0.9816,PASS,,,CORRECT,,CORRECT,124,24,0.9,2.3.1,0.17.2,0.46.1
24,Grover 6Q,6,FakeTorino,133,30,1024,102,0.097,0.984,PASS,,,CORRECT,,CORRECT,124,24,0.8,2.3.1,0.17.2,0.46.1
24,Grover 6Q,6,FakeTorino,133,31,1024,102,0.0916,0.9878,PASS,,,CORRECT,,CORRECT,124,24,0.8,2.3.1,0.17.2,0.46.1
24,Grover 6Q,6,FakeTorino,133,32,1024,102,0.0904,0.9868,PASS,,,CORRECT,,CORRECT,124,24,0.8,2.3.1,0.17.2,0.46.1
24,Grover 6Q,6,FakeTorino,133,33,1024,102,0.107,0.9821,PASS,,,CORRECT,,CORRECT,124,24,0.9,2.3.1,0.17.2,0.46.1
24,Grover 6Q,6,FakeTorino,133,34,1024,102,0.0989,0.9868,PASS,,,CORRECT,,CORRECT,124,24,0.8,2.3.1,0.17.2,0.46.1
24,Grover 6Q,6,FakeTorino,133,35,1024,102,0.1044,0.9832,PASS,,,CORRECT,,CORRECT,124,24,0.8,2.3.1,0.17.2,0.46.1
24,Grover 6Q,6,FakeTorino,133,36,1024,102,0.0841,0.9894,PASS,,,CORRECT,,CORRECT,124,24,0.8,2.3.1,0.17.2,0.46.1
24,Grover 6Q,6,FakeTorino,133,37,1024,102,0.1052,0.9816,PASS,,,CORRECT,,CORRECT,124,24,0.9,2.3.1,0.17.2,0.46.1
24,Grover 6Q,6,FakeTorino,133,38,1024,102,0.0928,0.9858,PASS,,,CORRECT,,CORRECT,124,24,0.8,2.3.1,0.17.2,0.46.1
24,Grover 6Q,6,FakeTorino,133,39,1024,102,0.1024,0.9823,PASS,,,CORRECT,,CORRECT,124,24,0.8,2.3.1,0.17.2,0.46.1
24,Grover 6Q,6,FakeTorino,133,40,1024,102,0.1158,0.9801,PASS,,,CORRECT,,CORRECT,124,24,0.8,2.3.1,0.17.2,0.46.1
24,Grover 6Q,6,FakeTorino,133,41,1024,102,0.1179,0.9792,PASS,,,CORRECT,,CORRECT,124,24,0.9,2.3.1,0.17.2,0.46.1
24,Grover 6Q,6,FakeTorino,133,42,1024,102,0.0949,0.9846,PASS,,,CORRECT,,CORRECT,124,24,0.8,2.3.1,0.17.2,0.46.1
24,Grover 6Q,6,FakeTorino,133,43,1024,102,0.1016,0.9834,PASS,,,CORRECT,,CORRECT,124,24,0.8,2.3.1,0.17.2,0.46.1
24,Grover 6Q,6,FakeTorino,133,44,1024,102,0.1,0.9839,PASS,,,CORRECT,,CORRECT,124,24,0.8,2.3.1,0.17.2,0.46.1
24,Grover 6Q,6,FakeTorino,133,45,1024,102,0.1036,0.9832,PASS,,,CORRECT,,CORRECT,124,24,0.9,2.3.1,0.17.2,0.46.1
24,Grover 6Q,6,FakeTorino,133,46,1024,102,0.1022,0.9833,PASS,,,CORRECT,,CORRECT,124,24,0.8,2.3.1,0.17.2,0.46.1
24,Grover 6Q,6,FakeTorino,133,47,1024,102,0.0913,0.9863,PASS,,,CORRECT,,CORRECT,124,24,0.8,2.3.1,0.17.2,0.46.1
24,Grover 6Q,6,FakeTorino,133,48,1024,102,0.1194,0.9792,PASS,,,CORRECT,,CORRECT,124,24,0.8,2.3.1,0.17.2,0.46.1
24,Grover 6Q,6,FakeTorino,133,49,1024,102,0.0924,0.9854,PASS,,,CORRECT,,CORRECT,124,24,0.9,2.3.1,0.17.2,0.46.1
24,Grover 6Q,6,FakeTorino,133,50,1024,102,0.0845,0.9883,PASS,,,CORRECT,,CORRECT,124,24,0.8,2.3.1,0.17.2,0.46.1
24,Grover 6Q,6,FakeTorino,133,51,1024,102,0.0937,0.9872,PASS,,,CORRECT,,CORRECT,124,24,0.8,2.3.1,0.17.2,0.46.1
24,Grover 6Q,6,FakeTorino,133,52,1024,102,0.1127,0.9813,PASS,,,CORRECT,,CORRECT,124,24,0.8,2.3.1,0.17.2,0.46.1
24,Grover 6Q,6,FakeTorino,133,53,1024,102,0.0965,0.9874,PASS,,,CORRECT,,CORRECT,124,24,0.9,2.3.1,0.17.2,0.46.1
24,Grover 6Q,6,FakeTorino,133,54,1024,102,0.0922,0.9848,PASS,,,CORRECT,,CORRECT,124,24,0.8,2.3.1,0.17.2,0.46.1
24,Grover 6Q,6,FakeTorino,133,55,1024,102,0.0971,0.9871,PASS,,,CORRECT,,CORRECT,124,24,0.8,2.3.1,0.17.2,0.46.1
24,Grover 6Q,6,FakeTorino,133,56,1024,102,0.1015,0.9845,PASS,,,CORRECT,,CORRECT,124,24,0.8,2.3.1,0.17.2,0.46.1
24,Grover 6Q,6,FakeTorino,133,57,1024,102,0.0891,0.9856,PASS,,,CORRECT,,CORRECT,124,24,0.9,2.3.1,0.17.2,0.46.1
24,Grover 6Q,6,FakeTorino,133,58,1024,102,0.0944,0.9872,PASS,,,CORRECT,,CORRECT,124,24,0.8,2.3.1,0.17.2,0.46.1
24,Grover 6Q,6,FakeTorino,133,59,1024,102,0.099,0.9844,PASS,,,CORRECT,,CORRECT,124,24,0.8,2.3.1,0.17.2,0.46.1
24,Grover 6Q,6,FakeTorino,133,60,1024,102,0.1016,0.985,PASS,,,CORRECT,,CORRECT,124,24,0.8,2.3.1,0.17.2,0.46.1
24,Grover 6Q,6,FakeTorino,133,61,1024,102,0.1087,0.982,PASS,,,CORRECT,,CORRECT,124,24,0.9,2.3.1,0.17.2,0.46.1
24,Grover 6Q,6,FakeTorino,133,62,1024,102,0.0907,0.9863,PASS,,,CORRECT,,CORRECT,124,24,0.8,2.3.1,0.17.2,0.46.1
24,Grover 6Q,6,FakeTorino,133,63,1024,102,0.0875,0.9877,PASS,,,CORRECT,,CORRECT,124,24,0.8,2.3.1,0.17.2,0.46.1
24,Grover 6Q,6,FakeTorino,133,64,1024,102,0.0895,0.9868,PASS,,,CORRECT,,CORRECT,124,24,0.8,2.3.1,0.17.2,0.46.1
24,Grover 6Q,6,FakeTorino,133,65,1024,102,0.082,0.9887,PASS,,,CORRECT,,CORRECT,124,24,0.9,2.3.1,0.17.2,0.46.1
24,Grover 6Q,6,FakeTorino,133,66,1024,102,0.1009,0.9851,PASS,,,CORRECT,,CORRECT,124,24,0.8,2.3.1,0.17.2,0.46.1
24,Grover 6Q,6,FakeTorino,133,67,1024,102,0.1017,0.9818,PASS,,,CORRECT,,CORRECT,124,24,0.8,2.3.1,0.17.2,0.46.1
24,Grover 6Q,6,FakeTorino,133,68,1024,102,0.1007,0.9836,PASS,,,CORRECT,,CORRECT,124,24,0.8,2.3.1,0.17.2,0.46.1
24,Grover 6Q,6,FakeTorino,133,69,1024,102,0.1018,0.9835,PASS,,,CORRECT,,CORRECT,124,24,0.9,2.3.1,0.17.2,0.46.1
24,Grover 6Q,6,FakeTorino,133,70,1024,102,0.1007,0.9829,PASS,,,CORRECT,,CORRECT,124,24,0.8,2.3.1,0.17.2,0.46.1
24,Grover 6Q,6,FakeTorino,133,71,1024,102,0.1061,0.9813,PASS,,,CORRECT,,CORRECT,124,24,0.8,2.3.1,0.17.2,0.46.1
24,Grover 6Q,6,FakeTorino,133,72,1024,102,0.0885,0.9874,PASS,,,CORRECT,,CORRECT,124,24,0.8,2.3.1,0.17.2,0.46.1
24,Grover 6Q,6,FakeTorino,133,73,1024,102,0.0756,0.9886,PASS,,,CORRECT,,CORRECT,124,24,0.9,2.3.1,0.17.2,0.46.1
24,Grover 6Q,6,FakeTorino,133,74,1024,102,0.0955,0.9843,PASS,,,CORRECT,,CORRECT,124,24,0.8,2.3.1,0.17.2,0.46.1
24,Grover 6Q,6,FakeTorino,133,75,1024,102,0.093,0.9866,PASS,,,CORRECT,,CORRECT,124,24,0.8,2.3.1,0.17.2,0.46.1
24,Grover 6Q,6,FakeTorino,133,76,1024,102,0.0943,0.9871,PASS,,,CORRECT,,CORRECT,124,24,0.8,2.3.1,0.17.2,0.46.1
24,Grover 6Q,6,FakeTorino,133,77,1024,102,0.1,0.9835,PASS,,,CORRECT,,CORRECT,124,24,0.9,2.3.1,0.17.2,0.46.1
24,Grover 6Q,6,FakeTorino,133,78,1024,102,0.1081,0.9798,PASS,,,CORRECT,,CORRECT,124,24,0.8,2.3.1,0.17.2,0.46.1
24,Grover 6Q,6,FakeTorino,133,79,1024,102,0.1051,0.9816,PASS,,,CORRECT,,CORRECT,124,24,0.8,2.3.1,0.17.2,0.46.1
24,Grover 6Q,6,FakeTorino,133,80,1024,102,0.0946,0.9848,PASS,,,CORRECT,,CORRECT,124,24,0.8,2.3.1,0.17.2,0.46.1
24,Grover 6Q,6,FakeTorino,133,81,1024,102,0.0745,0.9913,PASS,,,CORRECT,,CORRECT,124,24,0.9,2.3.1,0.17.2,0.46.1
24,Grover 6Q,6,FakeTorino,133,82,1024,102,0.0958,0.9856,PASS,,,CORRECT,,CORRECT,124,24,0.8,2.3.1,0.17.2,0.46.1
24,Grover 6Q,6,FakeTorino,133,83,1024,102,0.0881,0.9871,PASS,,,CORRECT,,CORRECT,124,24,0.8,2.3.1,0.17.2,0.46.1
24,Grover 6Q,6,FakeTorino,133,84,1024,102,0.1165,0.9795,PASS,,,CORRECT,,CORRECT,124,24,0.8,2.3.1,0.17.2,0.46.1
24,Grover 6Q,6,FakeTorino,133,85,1024,102,0.1114,0.9802,PASS,,,CORRECT,,CORRECT,124,24,0.9,2.3.1,0.17.2,0.46.1
24,Grover 6Q,6,FakeTorino,133,86,1024,102,0.0973,0.9838,PASS,,,CORRECT,,CORRECT,124,24,0.8,2.3.1,0.17.2,0.46.1
24,Grover 6Q,6,FakeTorino,133,87,1024,102,0.0937,0.9854,PASS,,,CORRECT,,CORRECT,124,24,0.8,2.3.1,0.17.2,0.46.1
24,Grover 6Q,6,FakeTorino,133,88,1024,102,0.0986,0.9848,PASS,,,CORRECT,,CORRECT,124,24,0.8,2.3.1,0.17.2,0.46.1
24,Grover 6Q,6,FakeTorino,133,89,1024,102,0.1092,0.9811,PASS,,,CORRECT,,CORRECT,124,24,0.9,2.3.1,0.17.2,0.46.1
24,Grover 6Q,6,FakeTorino,133,90,1024,102,0.1028,0.9835,PASS,,,CORRECT,,CORRECT,124,24,0.8,2.3.1,0.17.2,0.46.1
24,Grover 6Q,6,FakeTorino,133,91,1024,102,0.1003,0.9853,PASS,,,CORRECT,,CORRECT,124,24,0.8,2.3.1,0.17.2,0.46.1
24,Grover 6Q,6,FakeTorino,133,92,1024,102,0.0861,0.9875,PASS,,,CORRECT,,CORRECT,124,24,0.8,2.3.1,0.17.2,0.46.1
24,Grover 6Q,6,FakeTorino,133,93,1024,102,0.108,0.9811,PASS,,,CORRECT,,CORRECT,124,24,0.9,2.3.1,0.17.2,0.46.1
24,Grover 6Q,6,FakeTorino,133,94,1024,102,0.0973,0.985,PASS,,,CORRECT,,CORRECT,124,24,0.8,2.3.1,0.17.2,0.46.1
24,Grover 6Q,6,FakeTorino,133,95,1024,102,0.0924,0.9865,PASS,,,CORRECT,,CORRECT,124,24,0.8,2.3.1,0.17.2,0.46.1
24,Grover 6Q,6,FakeTorino,133,96,1024,102,0.1011,0.9826,PASS,,,CORRECT,,CORRECT,124,24,0.8,2.3.1,0.17.2,0.46.1
24,Grover 6Q,6,FakeTorino,133,97,1024,102,0.1144,0.9798,PASS,,,CORRECT,,CORRECT,124,24,0.9,2.3.1,0.17.2,0.46.1
24,Grover 6Q,6,FakeTorino,133,98,1024,102,0.0902,0.9877,PASS,,,CORRECT,,CORRECT,124,24,0.8,2.3.1,0.17.2,0.46.1
24,Grover 6Q,6,FakeTorino,133,99,1024,102,0.097,0.9835,PASS,,,CORRECT,,CORRECT,124,24,0.8,2.3.1,0.17.2,0.46.1
24,Grover 6Q,6,FakeTorino,133,100,1024,102,0.1055,0.984,PASS,,,CORRECT,,CORRECT,124,24,0.8,2.3.1,0.17.2,0.46.1
24,Grover 6Q,6,FakeTorino,133,101,1024,102,0.105,0.9807,PASS,,,CORRECT,,CORRECT,124,24,0.9,2.3.1,0.17.2,0.46.1
24,Grover 6Q,6,FakeTorino,133,102,1024,102,0.1026,0.9835,PASS,,,CORRECT,,CORRECT,124,24,0.8,2.3.1,0.17.2,0.46.1
24,Grover 6Q,6,FakeTorino,133,103,1024,102,0.0962,0.9854,PASS,,,CORRECT,,CORRECT,124,24,0.8,2.3.1,0.17.2,0.46.1
24,Grover 6Q,6,FakeTorino,133,104,1024,102,0.1043,0.9822,PASS,,,CORRECT,,CORRECT,124,24,0.8,2.3.1,0.17.2,0.46.1
24,Grover 6Q,6,FakeTorino,133,105,1024,102,0.0953,0.9847,PASS,,,CORRECT,,CORRECT,124,24,0.9,2.3.1,0.17.2,0.46.1
24,Grover 6Q,6,FakeTorino,133,106,1024,102,0.1131,0.9805,PASS,,,CORRECT,,CORRECT,124,24,0.8,2.3.1,0.17.2,0.46.1
24,Grover 6Q,6,FakeTorino,133,107,1024,102,0.1155,0.9786,PASS,,,CORRECT,,CORRECT,124,24,0.8,2.3.1,0.17.2,0.46.1
24,Grover 6Q,6,FakeTorino,133,108,1024,102,0.0903,0.9852,PASS,,,CORRECT,,CORRECT,124,24,0.8,2.3.1,0.17.2,0.46.1
24,Grover 6Q,6,FakeTorino,133,109,1024,102,0.0964,0.986,PASS,,,CORRECT,,CORRECT,124,24,0.9,2.3.1,0.17.2,0.46.1
24,Grover 6Q,6,FakeTorino,133,110,1024,102,0.1052,0.9804,PASS,,,CORRECT,,CORRECT,124,24,0.8,2.3.1,0.17.2,0.46.1
24,Grover 6Q,6,FakeTorino,133,111,1024,102,0.0941,0.9858,PASS,,,CORRECT,,CORRECT,124,24,0.8,2.3.1,0.17.2,0.46.1
24,Grover 6Q,6,FakeTorino,133,112,1024,102,0.0961,0.9855,PASS,,,CORRECT,,CORRECT,124,24,0.8,2.3.1,0.17.2,0.46.1
24,Grover 6Q,6,FakeTorino,133,113,1024,102,0.1044,0.9833,PASS,,,CORRECT,,CORRECT,124,24,0.9,2.3.1,0.17.2,0.46.1
24,Grover 6Q,6,FakeTorino,133,114,1024,102,0.0881,0.9883,PASS,,,CORRECT,,CORRECT,124,24,0.8,2.3.1,0.17.2,0.46.1
24,Grover 6Q,6,FakeTorino,133,115,1024,102,0.094,0.9868,PASS,,,CORRECT,,CORRECT,124,24,0.8,2.3.1,0.17.2,0.46.1
24,Grover 6Q,6,FakeTorino,133,116,1024,102,0.0941,0.9861,PASS,,,CORRECT,,CORRECT,124,24,0.8,2.3.1,0.17.2,0.46.1
24,Grover 6Q,6,FakeTorino,133,117,1024,102,0.1017,0.9814,PASS,,,CORRECT,,CORRECT,124,24,0.9,2.3.1,0.17.2,0.46.1
24,Grover 6Q,6,FakeTorino,133,118,1024,102,0.0946,0.986,PASS,,,CORRECT,,CORRECT,124,24,0.8,2.3.1,0.17.2,0.46.1
24,Grover 6Q,6,FakeTorino,133,119,1024,102,0.0919,0.9859,PASS,,,CORRECT,,CORRECT,124,24,0.8,2.3.1,0.17.2,0.46.1
25,QSVM Radar 4Q,4,FakeTorino,133,20,1024,102,0.1192,0.9786,PASS,,,CORRECT,,CORRECT,54,12,0.8,2.3.1,0.17.2,0.46.1
25,QSVM Radar 4Q,4,FakeTorino,133,21,1024,102,0.126,0.9773,PASS,,,CORRECT,,CORRECT,54,12,0.9,2.3.1,0.17.2,0.46.1
25,QSVM Radar 4Q,4,FakeTorino,133,22,1024,102,0.125,0.9774,PASS,,,CORRECT,,CORRECT,54,12,0.8,2.3.1,0.17.2,0.46.1
25,QSVM Radar 4Q,4,FakeTorino,133,23,1024,102,0.1377,0.9698,PASS,,,CORRECT,,CORRECT,54,12,0.8,2.3.1,0.17.2,0.46.1
25,QSVM Radar 4Q,4,FakeTorino,133,24,1024,102,0.1006,0.9822,PASS,,,CORRECT,,CORRECT,54,12,0.8,2.3.1,0.17.2,0.46.1
25,QSVM Radar 4Q,4,FakeTorino,133,25,1024,102,0.126,0.9744,PASS,,,CORRECT,,CORRECT,54,12,0.9,2.3.1,0.17.2,0.46.1
25,QSVM Radar 4Q,4,FakeTorino,133,26,1024,102,0.1338,0.9752,PASS,,,CORRECT,,CORRECT,54,12,0.8,2.3.1,0.17.2,0.46.1
25,QSVM Radar 4Q,4,FakeTorino,133,27,1024,102,0.1211,0.974,PASS,,,CORRECT,,CORRECT,54,12,0.8,2.3.1,0.17.2,0.46.1
25,QSVM Radar 4Q,4,FakeTorino,133,28,1024,102,0.1397,0.9705,PASS,,,CORRECT,,CORRECT,54,12,0.8,2.3.1,0.17.2,0.46.1
25,QSVM Radar 4Q,4,FakeTorino,133,29,1024,102,0.1143,0.9788,PASS,,,CORRECT,,CORRECT,54,12,0.9,2.3.1,0.17.2,0.46.1
25,QSVM Radar 4Q,4,FakeTorino,133,30,1024,102,0.1231,0.9757,PASS,,,CORRECT,,CORRECT,54,12,0.8,2.3.1,0.17.2,0.46.1
25,QSVM Radar 4Q,4,FakeTorino,133,31,1024,102,0.127,0.9745,PASS,,,CORRECT,,CORRECT,54,12,0.8,2.3.1,0.17.2,0.46.1
25,QSVM Radar 4Q,4,FakeTorino,133,32,1024,102,0.1358,0.9747,PASS,,,CORRECT,,CORRECT,54,12,0.8,2.3.1,0.17.2,0.46.1
25,QSVM Radar 4Q,4,FakeTorino,133,33,1024,102,0.1485,0.9693,PASS,,,CORRECT,,CORRECT,54,12,0.9,2.3.1,0.17.2,0.46.1
25,QSVM Radar 4Q,4,FakeTorino,133,34,1024,102,0.124,0.9782,PASS,,,CORRECT,,CORRECT,54,12,0.8,2.3.1,0.17.2,0.46.1
25,QSVM Radar 4Q,4,FakeTorino,133,35,1024,102,0.1338,0.9742,PASS,,,CORRECT,,CORRECT,54,12,0.8,2.3.1,0.17.2,0.46.1
25,QSVM Radar 4Q,4,FakeTorino,133,36,1024,102,0.0977,0.9816,PASS,,,CORRECT,,CORRECT,54,12,0.8,2.3.1,0.17.2,0.46.1
25,QSVM Radar 4Q,4,FakeTorino,133,37,1024,102,0.1006,0.9823,PASS,,,CORRECT,,CORRECT,54,12,0.9,2.3.1,0.17.2,0.46.1
25,QSVM Radar 4Q,4,FakeTorino,133,38,1024,102,0.1104,0.9791,PASS,,,CORRECT,,CORRECT,54,12,0.8,2.3.1,0.17.2,0.46.1
25,QSVM Radar 4Q,4,FakeTorino,133,39,1024,102,0.1182,0.9759,PASS,,,CORRECT,,CORRECT,54,12,0.8,2.3.1,0.17.2,0.46.1
25,QSVM Radar 4Q,4,FakeTorino,133,40,1024,102,0.1182,0.9814,PASS,,,CORRECT,,CORRECT,54,12,0.8,2.3.1,0.17.2,0.46.1
25,QSVM Radar 4Q,4,FakeTorino,133,41,1024,102,0.1055,0.9836,PASS,,,CORRECT,,CORRECT,54,12,0.9,2.3.1,0.17.2,0.46.1
25,QSVM Radar 4Q,4,FakeTorino,133,42,1024,102,0.1338,0.976,PASS,,,CORRECT,,CORRECT,54,12,0.8,2.3.1,0.17.2,0.46.1
25,QSVM Radar 4Q,4,FakeTorino,133,43,1024,102,0.0996,0.984,PASS,,,CORRECT,,CORRECT,54,12,0.8,2.3.1,0.17.2,0.46.1
25,QSVM Radar 4Q,4,FakeTorino,133,44,1024,102,0.1084,0.982,PASS,,,CORRECT,,CORRECT,54,12,0.8,2.3.1,0.17.2,0.46.1
25,QSVM Radar 4Q,4,FakeTorino,133,45,1024,102,0.1133,0.9788,PASS,,,CORRECT,,CORRECT,54,12,0.9,2.3.1,0.17.2,0.46.1
25,QSVM Radar 4Q,4,FakeTorino,133,46,1024,102,0.1143,0.9791,PASS,,,CORRECT,,CORRECT,54,12,0.8,2.3.1,0.17.2,0.46.1
25,QSVM Radar 4Q,4,FakeTorino,133,47,1024,102,0.1143,0.9788,PASS,,,CORRECT,,CORRECT,54,12,0.8,2.3.1,0.17.2,0.46.1
25,QSVM Radar 4Q,4,FakeTorino,133,48,1024,102,0.1153,0.9757,PASS,,,CORRECT,,CORRECT,54,12,0.8,2.3.1,0.17.2,0.46.1
25,QSVM Radar 4Q,4,FakeTorino,133,49,1024,102,0.1084,0.982,PASS,,,CORRECT,,CORRECT,54,12,0.9,2.3.1,0.17.2,0.46.1
25,QSVM Radar 4Q,4,FakeTorino,133,50,1024,102,0.127,0.9742,PASS,,,CORRECT,,CORRECT,54,12,0.8,2.3.1,0.17.2,0.46.1
25,QSVM Radar 4Q,4,FakeTorino,133,51,1024,102,0.1319,0.9717,PASS,,,CORRECT,,CORRECT,54,12,0.8,2.3.1,0.17.2,0.46.1
25,QSVM Radar 4Q,4,FakeTorino,133,52,1024,102,0.1387,0.9706,PASS,,,CORRECT,,CORRECT,54,12,0.8,2.3.1,0.17.2,0.46.1
25,QSVM Radar 4Q,4,FakeTorino,133,53,1024,102,0.1094,0.9787,PASS,,,CORRECT,,CORRECT,54,12,0.9,2.3.1,0.17.2,0.46.1
25,QSVM Radar 4Q,4,FakeTorino,133,54,1024,102,0.1309,0.9744,PASS,,,CORRECT,,CORRECT,54,12,0.8,2.3.1,0.17.2,0.46.1
25,QSVM Radar 4Q,4,FakeTorino,133,55,1024,102,0.1348,0.9733,PASS,,,CORRECT,,CORRECT,54,12,0.8,2.3.1,0.17.2,0.46.1
25,QSVM Radar 4Q,4,FakeTorino,133,56,1024,102,0.1055,0.9811,PASS,,,CORRECT,,CORRECT,54,12,0.8,2.3.1,0.17.2,0.46.1
25,QSVM Radar 4Q,4,FakeTorino,133,57,1024,102,0.127,0.9769,PASS,,,CORRECT,,CORRECT,54,12,0.9,2.3.1,0.17.2,0.46.1
25,QSVM Radar 4Q,4,FakeTorino,133,58,1024,102,0.0899,0.9863,PASS,,,CORRECT,,CORRECT,54,12,0.8,2.3.1,0.17.2,0.46.1
25,QSVM Radar 4Q,4,FakeTorino,133,59,1024,102,0.1338,0.975,PASS,,,CORRECT,,CORRECT,54,12,0.8,2.3.1,0.17.2,0.46.1
25,QSVM Radar 4Q,4,FakeTorino,133,60,1024,102,0.1094,0.9824,PASS,,,CORRECT,,CORRECT,54,12,0.8,2.3.1,0.17.2,0.46.1
25,QSVM Radar 4Q,4,FakeTorino,133,61,1024,102,0.1475,0.9689,PASS,,,CORRECT,,CORRECT,54,12,0.9,2.3.1,0.17.2,0.46.1
25,QSVM Radar 4Q,4,FakeTorino,133,62,1024,102,0.0987,0.9835,PASS,,,CORRECT,,CORRECT,54,12,0.8,2.3.1,0.17.2,0.46.1
25,QSVM Radar 4Q,4,FakeTorino,133,63,1024,102,0.1192,0.9774,PASS,,,CORRECT,,CORRECT,54,12,0.8,2.3.1,0.17.2,0.46.1
25,QSVM Radar 4Q,4,FakeTorino,133,64,1024,102,0.1221,0.9758,PASS,,,CORRECT,,CORRECT,54,12,0.8,2.3.1,0.17.2,0.46.1
25,QSVM Radar 4Q,4,FakeTorino,133,65,1024,102,0.1191,0.9798,PASS,,,CORRECT,,CORRECT,54,12,0.9,2.3.1,0.17.2,0.46.1
25,QSVM Radar 4Q,4,FakeTorino,133,66,1024,102,0.126,0.9788,PASS,,,CORRECT,,CORRECT,54,12,0.8,2.3.1,0.17.2,0.46.1
25,QSVM Radar 4Q,4,FakeTorino,133,67,1024,102,0.1221,0.9774,PASS,,,CORRECT,,CORRECT,54,12,0.8,2.3.1,0.17.2,0.46.1
25,QSVM Radar 4Q,4,FakeTorino,133,68,1024,102,0.1172,0.9786,PASS,,,CORRECT,,CORRECT,54,12,0.8,2.3.1,0.17.2,0.46.1
25,QSVM Radar 4Q,4,FakeTorino,133,69,1024,102,0.1348,0.9752,PASS,,,CORRECT,,CORRECT,54,12,0.9,2.3.1,0.17.2,0.46.1
25,QSVM Radar 4Q,4,FakeTorino,133,70,1024,102,0.1182,0.9749,PASS,,,CORRECT,,CORRECT,54,12,0.8,2.3.1,0.17.2,0.46.1
25,QSVM Radar 4Q,4,FakeTorino,133,71,1024,102,0.1162,0.9817,PASS,,,CORRECT,,CORRECT,54,12,0.8,2.3.1,0.17.2,0.46.1
25,QSVM Radar 4Q,4,FakeTorino,133,72,1024,102,0.126,0.9742,PASS,,,CORRECT,,CORRECT,54,12,0.8,2.3.1,0.17.2,0.46.1
25,QSVM Radar 4Q,4,FakeTorino,133,73,1024,102,0.0928,0.9854,PASS,,,CORRECT,,CORRECT,54,12,0.9,2.3.1,0.17.2,0.46.1
25,QSVM Radar 4Q,4,FakeTorino,133,74,1024,102,0.1602,0.9664,PASS,,,CORRECT,,CORRECT,54,12,0.8,2.3.1,0.17.2,0.46.1
25,QSVM Radar 4Q,4,FakeTorino,133,75,1024,102,0.1016,0.9824,PASS,,,CORRECT,,CORRECT,54,12,0.8,2.3.1,0.17.2,0.46.1
25,QSVM Radar 4Q,4,FakeTorino,133,76,1024,102,0.1016,0.984,PASS,,,CORRECT,,CORRECT,54,12,0.8,2.3.1,0.17.2,0.46.1
25,QSVM Radar 4Q,4,FakeTorino,133,77,1024,102,0.126,0.9761,PASS,,,CORRECT,,CORRECT,54,12,0.9,2.3.1,0.17.2,0.46.1
25,QSVM Radar 4Q,4,FakeTorino,133,78,1024,102,0.1338,0.9736,PASS,,,CORRECT,,CORRECT,54,12,0.8,2.3.1,0.17.2,0.46.1
25,QSVM Radar 4Q,4,FakeTorino,133,79,1024,102,0.1309,0.9737,PASS,,,CORRECT,,CORRECT,54,12,0.8,2.3.1,0.17.2,0.46.1
25,QSVM Radar 4Q,4,FakeTorino,133,80,1024,102,0.1143,0.9789,PASS,,,CORRECT,,CORRECT,54,12,0.8,2.3.1,0.17.2,0.46.1
25,QSVM Radar 4Q,4,FakeTorino,133,81,1024,102,0.1192,0.9766,PASS,,,CORRECT,,CORRECT,54,12,0.9,2.3.1,0.17.2,0.46.1
25,QSVM Radar 4Q,4,FakeTorino,133,82,1024,102,0.1035,0.9846,PASS,,,CORRECT,,CORRECT,54,12,0.8,2.3.1,0.17.2,0.46.1
25,QSVM Radar 4Q,4,FakeTorino,133,83,1024,102,0.1045,0.981,PASS,,,CORRECT,,CORRECT,54,12,0.8,2.3.1,0.17.2,0.46.1
25,QSVM Radar 4Q,4,FakeTorino,133,84,1024,102,0.1055,0.9801,PASS,,,CORRECT,,CORRECT,54,12,0.8,2.3.1,0.17.2,0.46.1
25,QSVM Radar 4Q,4,FakeTorino,133,85,1024,102,0.1201,0.9778,PASS,,,CORRECT,,CORRECT,54,12,0.9,2.3.1,0.17.2,0.46.1
25,QSVM Radar 4Q,4,FakeTorino,133,86,1024,102,0.1397,0.9717,PASS,,,CORRECT,,CORRECT,54,12,0.8,2.3.1,0.17.2,0.46.1
25,QSVM Radar 4Q,4,FakeTorino,133,87,1024,102,0.127,0.9786,PASS,,,CORRECT,,CORRECT,54,12,0.8,2.3.1,0.17.2,0.46.1
25,QSVM Radar 4Q,4,FakeTorino,133,88,1024,102,0.1123,0.9808,PASS,,,CORRECT,,CORRECT,54,12,0.8,2.3.1,0.17.2,0.46.1
25,QSVM Radar 4Q,4,FakeTorino,133,89,1024,102,0.0947,0.9863,PASS,,,CORRECT,,CORRECT,54,12,0.9,2.3.1,0.17.2,0.46.1
25,QSVM Radar 4Q,4,FakeTorino,133,90,1024,102,0.1133,0.9786,PASS,,,CORRECT,,CORRECT,54,12,0.8,2.3.1,0.17.2,0.46.1
25,QSVM Radar 4Q,4,FakeTorino,133,91,1024,102,0.1065,0.9796,PASS,,,CORRECT,,CORRECT,54,12,0.8,2.3.1,0.17.2,0.46.1
25,QSVM Radar 4Q,4,FakeTorino,133,92,1024,102,0.1211,0.9761,PASS,,,CORRECT,,CORRECT,54,12,0.8,2.3.1,0.17.2,0.46.1
25,QSVM Radar 4Q,4,FakeTorino,133,93,1024,102,0.1113,0.9814,PASS,,,CORRECT,,CORRECT,54,12,0.9,2.3.1,0.17.2,0.46.1
25,QSVM Radar 4Q,4,FakeTorino,133,94,1024,102,0.124,0.9751,PASS,,,CORRECT,,CORRECT,54,12,0.8,2.3.1,0.17.2,0.46.1
25,QSVM Radar 4Q,4,FakeTorino,133,95,1024,102,0.0938,0.9843,PASS,,,CORRECT,,CORRECT,54,12,0.8,2.3.1,0.17.2,0.46.1
25,QSVM Radar 4Q,4,FakeTorino,133,96,1024,102,0.1133,0.9785,PASS,,,CORRECT,,CORRECT,54,12,0.8,2.3.1,0.17.2,0.46.1
25,QSVM Radar 4Q,4,FakeTorino,133,97,1024,102,0.1192,0.9764,PASS,,,CORRECT,,CORRECT,54,12,0.9,2.3.1,0.17.2,0.46.1
25,QSVM Radar 4Q,4,FakeTorino,133,98,1024,102,0.1231,0.9764,PASS,,,CORRECT,,CORRECT,54,12,0.8,2.3.1,0.17.2,0.46.1
25,QSVM Radar 4Q,4,FakeTorino,133,99,1024,102,0.125,0.9751,PASS,,,CORRECT,,CORRECT,54,12,0.8,2.3.1,0.17.2,0.46.1
25,QSVM Radar 4Q,4,FakeTorino,133,100,1024,102,0.1299,0.9747,PASS,,,CORRECT,,CORRECT,54,12,0.8,2.3.1,0.17.2,0.46.1
25,QSVM Radar 4Q,4,FakeTorino,133,101,1024,102,0.1182,0.9763,PASS,,,CORRECT,,CORRECT,54,12,0.9,2.3.1,0.17.2,0.46.1
25,QSVM Radar 4Q,4,FakeTorino,133,102,1024,102,0.1455,0.969,PASS,,,CORRECT,,CORRECT,54,12,0.8,2.3.1,0.17.2,0.46.1
25,QSVM Radar 4Q,4,FakeTorino,133,103,1024,102,0.1055,0.9826,PASS,,,CORRECT,,CORRECT,54,12,0.8,2.3.1,0.17.2,0.46.1
25,QSVM Radar 4Q,4,FakeTorino,133,104,1024,102,0.1211,0.9767,PASS,,,CORRECT,,CORRECT,54,12,0.8,2.3.1,0.17.2,0.46.1
25,QSVM Radar 4Q,4,FakeTorino,133,105,1024,102,0.1143,0.9799,PASS,,,CORRECT,,CORRECT,54,12,0.9,2.3.1,0.17.2,0.46.1
25,QSVM Radar 4Q,4,FakeTorino,133,106,1024,102,0.1045,0.9795,PASS,,,CORRECT,,CORRECT,54,12,0.8,2.3.1,0.17.2,0.46.1
25,QSVM Radar 4Q,4,FakeTorino,133,107,1024,102,0.1221,0.9802,PASS,,,CORRECT,,CORRECT,54,12,0.8,2.3.1,0.17.2,0.46.1
25,QSVM Radar 4Q,4,FakeTorino,133,108,1024,102,0.1045,0.9802,PASS,,,CORRECT,,CORRECT,54,12,0.8,2.3.1,0.17.2,0.46.1
25,QSVM Radar 4Q,4,FakeTorino,133,109,1024,102,0.125,0.9761,PASS,,,CORRECT,,CORRECT,54,12,0.9,2.3.1,0.17.2,0.46.1
25,QSVM Radar 4Q,4,FakeTorino,133,110,1024,102,0.1387,0.9723,PASS,,,CORRECT,,CORRECT,54,12,0.8,2.3.1,0.17.2,0.46.1
25,QSVM Radar 4Q,4,FakeTorino,133,111,1024,102,0.1436,0.9729,PASS,,,CORRECT,,CORRECT,54,12,0.8,2.3.1,0.17.2,0.46.1
25,QSVM Radar 4Q,4,FakeTorino,133,112,1024,102,0.1182,0.9768,PASS,,,CORRECT,,CORRECT,54,12,0.8,2.3.1,0.17.2,0.46.1
25,QSVM Radar 4Q,4,FakeTorino,133,113,1024,102,0.1113,0.9756,PASS,,,CORRECT,,CORRECT,54,12,0.9,2.3.1,0.17.2,0.46.1
25,QSVM Radar 4Q,4,FakeTorino,133,114,1024,102,0.124,0.9749,PASS,,,CORRECT,,CORRECT,54,12,0.8,2.3.1,0.17.2,0.46.1
25,QSVM Radar 4Q,4,FakeTorino,133,115,1024,102,0.1104,0.9791,PASS,,,CORRECT,,CORRECT,54,12,0.8,2.3.1,0.17.2,0.46.1
25,QSVM Radar 4Q,4,FakeTorino,133,116,1024,102,0.1201,0.972,PASS,,,CORRECT,,CORRECT,54,12,0.8,2.3.1,0.17.2,0.46.1
25,QSVM Radar 4Q,4,FakeTorino,133,117,1024,102,0.1279,0.9718,PASS,,,CORRECT,,CORRECT,54,12,0.9,2.3.1,0.17.2,0.46.1
25,QSVM Radar 4Q,4,FakeTorino,133,118,1024,102,0.1377,0.972,PASS,,,CORRECT,,CORRECT,54,12,0.8,2.3.1,0.17.2,0.46.1
25,QSVM Radar 4Q,4,FakeTorino,133,119,1024,102,0.1123,0.98,PASS,,,CORRECT,,CORRECT,54,12,0.8,2.3.1,0.17.2,0.46.1
