idx,name,n_qubits,backend,backend_qubits,seed,shots,ref_shots,final_tvd,final_hf,grade,stop_cp_paper,stop_shots_paper,stop_correct_paper,stop_cp_tvd_only,stop_correct_tvd_only,transpiled_depth,transpiled_2q,sim_s,qiskit,qiskit_aer,qiskit_ibm_runtime
1,Bell state (GHZ-2),2,FakeSherbrooke,127,20,24576,2457,0.0417,0.9583,PASS,,,CORRECT,,CORRECT,6,2,0.7,2.3.1,0.17.2,0.46.1
1,Bell state (GHZ-2),2,FakeSherbrooke,127,21,24576,2457,0.0405,0.9595,PASS,,,CORRECT,,CORRECT,6,2,0.5,2.3.1,0.17.2,0.46.1
1,Bell state (GHZ-2),2,FakeSherbrooke,127,22,24576,2457,0.041,0.959,PASS,,,CORRECT,,CORRECT,6,2,0.4,2.3.1,0.17.2,0.46.1
1,Bell state (GHZ-2),2,FakeSherbrooke,127,23,24576,2457,0.0419,0.9581,PASS,,,CORRECT,,CORRECT,6,2,0.5,2.3.1,0.17.2,0.46.1
1,Bell state (GHZ-2),2,FakeSherbrooke,127,24,24576,2457,0.0416,0.9584,PASS,,,CORRECT,,CORRECT,6,2,0.6,2.3.1,0.17.2,0.46.1
1,Bell state (GHZ-2),2,FakeSherbrooke,127,25,24576,2457,0.0407,0.9593,PASS,,,CORRECT,,CORRECT,6,2,0.8,2.3.1,0.17.2,0.46.1
1,Bell state (GHZ-2),2,FakeSherbrooke,127,26,24576,2457,0.0414,0.9586,PASS,,,CORRECT,,CORRECT,6,2,0.4,2.3.1,0.17.2,0.46.1
1,Bell state (GHZ-2),2,FakeSherbrooke,127,27,24576,2457,0.0397,0.9603,PASS,,,CORRECT,,CORRECT,6,2,0.6,2.3.1,0.17.2,0.46.1
1,Bell state (GHZ-2),2,FakeSherbrooke,127,28,24576,2457,0.0409,0.9591,PASS,,,CORRECT,,CORRECT,6,2,0.7,2.3.1,0.17.2,0.46.1
1,Bell state (GHZ-2),2,FakeSherbrooke,127,29,24576,2457,0.0391,0.9609,PASS,,,CORRECT,,CORRECT,6,2,0.5,2.3.1,0.17.2,0.46.1
1,Bell state (GHZ-2),2,FakeSherbrooke,127,30,24576,2457,0.0408,0.9592,PASS,,,CORRECT,,CORRECT,6,2,0.6,2.3.1,0.17.2,0.46.1
1,Bell state (GHZ-2),2,FakeSherbrooke,127,31,24576,2457,0.0397,0.9603,PASS,,,CORRECT,,CORRECT,6,2,0.6,2.3.1,0.17.2,0.46.1
1,Bell state (GHZ-2),2,FakeSherbrooke,127,32,24576,2457,0.04,0.96,PASS,,,CORRECT,,CORRECT,6,2,0.7,2.3.1,0.17.2,0.46.1
1,Bell state (GHZ-2),2,FakeSherbrooke,127,33,24576,2457,0.042,0.958,PASS,,,CORRECT,,CORRECT,6,2,0.4,2.3.1,0.17.2,0.46.1
1,Bell state (GHZ-2),2,FakeSherbrooke,127,34,24576,2457,0.0404,0.9596,PASS,,,CORRECT,,CORRECT,6,2,0.6,2.3.1,0.17.2,0.46.1
1,Bell state (GHZ-2),2,FakeSherbrooke,127,35,24576,2457,0.0401,0.9599,PASS,,,CORRECT,,CORRECT,6,2,0.7,2.3.1,0.17.2,0.46.1
1,Bell state (GHZ-2),2,FakeSherbrooke,127,36,24576,2457,0.0398,0.9602,PASS,,,CORRECT,,CORRECT,6,2,0.5,2.3.1,0.17.2,0.46.1
1,Bell state (GHZ-2),2,FakeSherbrooke,127,37,24576,2457,0.0427,0.9573,PASS,,,CORRECT,,CORRECT,6,2,0.6,2.3.1,0.17.2,0.46.1
1,Bell state (GHZ-2),2,FakeSherbrooke,127,38,24576,2457,0.0392,0.9608,PASS,,,CORRECT,,CORRECT,6,2,0.8,2.3.1,0.17.2,0.46.1
1,Bell state (GHZ-2),2,FakeSherbrooke,127,39,24576,2457,0.0413,0.9587,PASS,,,CORRECT,,CORRECT,6,2,0.5,2.3.1,0.17.2,0.46.1
1,Bell state (GHZ-2),2,FakeSherbrooke,127,40,24576,2457,0.0375,0.9625,PASS,,,CORRECT,,CORRECT,6,2,0.6,2.3.1,0.17.2,0.46.1
1,Bell state (GHZ-2),2,FakeSherbrooke,127,41,24576,2457,0.0405,0.9595,PASS,,,CORRECT,,CORRECT,6,2,0.6,2.3.1,0.17.2,0.46.1
1,Bell state (GHZ-2),2,FakeSherbrooke,127,42,24576,2457,0.0404,0.9596,PASS,,,CORRECT,,CORRECT,6,2,0.8,2.3.1,0.17.2,0.46.1
1,Bell state (GHZ-2),2,FakeSherbrooke,127,43,24576,2457,0.0396,0.9604,PASS,,,CORRECT,,CORRECT,6,2,0.5,2.3.1,0.17.2,0.46.1
1,Bell state (GHZ-2),2,FakeSherbrooke,127,44,24576,2457,0.0398,0.9602,PASS,,,CORRECT,,CORRECT,6,2,0.6,2.3.1,0.17.2,0.46.1
1,Bell state (GHZ-2),2,FakeSherbrooke,127,45,24576,2457,0.0411,0.9589,PASS,,,CORRECT,,CORRECT,6,2,0.8,2.3.1,0.17.2,0.46.1
1,Bell state (GHZ-2),2,FakeSherbrooke,127,46,24576,2457,0.0404,0.9596,PASS,,,CORRECT,,CORRECT,6,2,0.5,2.3.1,0.17.2,0.46.1
1,Bell state (GHZ-2),2,FakeSherbrooke,127,47,24576,2457,0.0396,0.9604,PASS,,,CORRECT,,CORRECT,6,2,0.6,2.3.1,0.17.2,0.46.1
1,Bell state (GHZ-2),2,FakeSherbrooke,127,48,24576,2457,0.0413,0.9587,PASS,,,CORRECT,,CORRECT,6,2,0.8,2.3.1,0.17.2,0.46.1
1,Bell state (GHZ-2),2,FakeSherbrooke,127,49,24576,2457,0.0409,0.9591,PASS,,,CORRECT,,CORRECT,6,2,0.5,2.3.1,0.17.2,0.46.1
1,Bell state (GHZ-2),2,FakeSherbrooke,127,50,24576,2457,0.0389,0.9611,PASS,,,CORRECT,,CORRECT,6,2,0.6,2.3.1,0.17.2,0.46.1
1,Bell state (GHZ-2),2,FakeSherbrooke,127,51,24576,2457,0.0404,0.9596,PASS,,,CORRECT,,CORRECT,6,2,0.6,2.3.1,0.17.2,0.46.1
1,Bell state (GHZ-2),2,FakeSherbrooke,127,52,24576,2457,0.0379,0.9621,PASS,,,CORRECT,,CORRECT,6,2,0.8,2.3.1,0.17.2,0.46.1
1,Bell state (GHZ-2),2,FakeSherbrooke,127,53,24576,2457,0.041,0.959,PASS,,,CORRECT,,CORRECT,6,2,0.5,2.3.1,0.17.2,0.46.1
1,Bell state (GHZ-2),2,FakeSherbrooke,127,54,24576,2457,0.0411,0.9589,PASS,,,CORRECT,,CORRECT,6,2,0.7,2.3.1,0.17.2,0.46.1
1,Bell state (GHZ-2),2,FakeSherbrooke,127,55,24576,2457,0.0398,0.9602,PASS,,,CORRECT,,CORRECT,6,2,0.7,2.3.1,0.17.2,0.46.1
1,Bell state (GHZ-2),2,FakeSherbrooke,127,56,24576,2457,0.0373,0.9627,PASS,,,CORRECT,,CORRECT,6,2,0.5,2.3.1,0.17.2,0.46.1
1,Bell state (GHZ-2),2,FakeSherbrooke,127,57,24576,2457,0.0399,0.9601,PASS,,,CORRECT,,CORRECT,6,2,0.7,2.3.1,0.17.2,0.46.1
1,Bell state (GHZ-2),2,FakeSherbrooke,127,58,24576,2457,0.0399,0.9601,PASS,,,CORRECT,,CORRECT,6,2,0.8,2.3.1,0.17.2,0.46.1
1,Bell state (GHZ-2),2,FakeSherbrooke,127,59,24576,2457,0.0412,0.9588,PASS,,,CORRECT,,CORRECT,6,2,0.5,2.3.1,0.17.2,0.46.1
1,Bell state (GHZ-2),2,FakeSherbrooke,127,60,24576,2457,0.0417,0.9583,PASS,,,CORRECT,,CORRECT,6,2,0.6,2.3.1,0.17.2,0.46.1
1,Bell state (GHZ-2),2,FakeSherbrooke,127,61,24576,2457,0.0391,0.9609,PASS,,,CORRECT,,CORRECT,6,2,0.6,2.3.1,0.17.2,0.46.1
1,Bell state (GHZ-2),2,FakeSherbrooke,127,62,24576,2457,0.039,0.961,PASS,,,CORRECT,,CORRECT,6,2,0.8,2.3.1,0.17.2,0.46.1
1,Bell state (GHZ-2),2,FakeSherbrooke,127,63,24576,2457,0.0414,0.9585,PASS,,,CORRECT,,CORRECT,6,2,0.4,2.3.1,0.17.2,0.46.1
1,Bell state (GHZ-2),2,FakeSherbrooke,127,64,24576,2457,0.0408,0.9592,PASS,,,CORRECT,,CORRECT,6,2,0.6,2.3.1,0.17.2,0.46.1
1,Bell state (GHZ-2),2,FakeSherbrooke,127,65,24576,2457,0.0398,0.9601,PASS,,,CORRECT,,CORRECT,6,2,0.8,2.3.1,0.17.2,0.46.1
1,Bell state (GHZ-2),2,FakeSherbrooke,127,66,24576,2457,0.0421,0.9579,PASS,,,CORRECT,,CORRECT,6,2,0.4,2.3.1,0.17.2,0.46.1
1,Bell state (GHZ-2),2,FakeSherbrooke,127,67,24576,2457,0.041,0.959,PASS,,,CORRECT,,CORRECT,6,2,0.6,2.3.1,0.17.2,0.46.1
1,Bell state (GHZ-2),2,FakeSherbrooke,127,68,24576,2457,0.0397,0.9603,PASS,,,CORRECT,,CORRECT,6,2,0.8,2.3.1,0.17.2,0.46.1
1,Bell state (GHZ-2),2,FakeSherbrooke,127,69,24576,2457,0.0429,0.9571,PASS,,,CORRECT,,CORRECT,6,2,0.5,2.3.1,0.17.2,0.46.1
1,Bell state (GHZ-2),2,FakeSherbrooke,127,70,24576,2457,0.0397,0.9603,PASS,,,CORRECT,,CORRECT,6,2,0.7,2.3.1,0.17.2,0.46.1
1,Bell state (GHZ-2),2,FakeSherbrooke,127,71,24576,2457,0.0409,0.9591,PASS,,,CORRECT,,CORRECT,6,2,0.6,2.3.1,0.17.2,0.46.1
1,Bell state (GHZ-2),2,FakeSherbrooke,127,72,24576,2457,0.0381,0.9619,PASS,,,CORRECT,,CORRECT,6,2,0.8,2.3.1,0.17.2,0.46.1
1,Bell state (GHZ-2),2,FakeSherbrooke,127,73,24576,2457,0.0389,0.961,PASS,,,CORRECT,,CORRECT,6,2,0.5,2.3.1,0.17.2,0.46.1
1,Bell state (GHZ-2),2,FakeSherbrooke,127,74,24576,2457,0.0382,0.9617,PASS,,,CORRECT,,CORRECT,6,2,0.6,2.3.1,0.17.2,0.46.1
1,Bell state (GHZ-2),2,FakeSherbrooke,127,75,24576,2457,0.0407,0.9593,PASS,,,CORRECT,,CORRECT,6,2,0.8,2.3.1,0.17.2,0.46.1
1,Bell state (GHZ-2),2,FakeSherbrooke,127,76,24576,2457,0.0417,0.9583,PASS,,,CORRECT,,CORRECT,6,2,0.5,2.3.1,0.17.2,0.46.1
1,Bell state (GHZ-2),2,FakeSherbrooke,127,77,24576,2457,0.0397,0.9603,PASS,,,CORRECT,,CORRECT,6,2,0.6,2.3.1,0.17.2,0.46.1
1,Bell state (GHZ-2),2,FakeSherbrooke,127,78,24576,2457,0.0395,0.9605,PASS,,,CORRECT,,CORRECT,6,2,0.7,2.3.1,0.17.2,0.46.1
1,Bell state (GHZ-2),2,FakeSherbrooke,127,79,24576,2457,0.0399,0.9601,PASS,,,CORRECT,,CORRECT,6,2,0.5,2.3.1,0.17.2,0.46.1
1,Bell state (GHZ-2),2,FakeSherbrooke,127,80,24576,2457,0.04,0.96,PASS,,,CORRECT,,CORRECT,6,2,0.7,2.3.1,0.17.2,0.46.1
1,Bell state (GHZ-2),2,FakeSherbrooke,127,81,24576,2457,0.0407,0.9593,PASS,,,CORRECT,,CORRECT,6,2,0.6,2.3.1,0.17.2,0.46.1
1,Bell state (GHZ-2),2,FakeSherbrooke,127,82,24576,2457,0.0393,0.9607,PASS,,,CORRECT,,CORRECT,6,2,0.8,2.3.1,0.17.2,0.46.1
1,Bell state (GHZ-2),2,FakeSherbrooke,127,83,24576,2457,0.0404,0.9596,PASS,,,CORRECT,,CORRECT,6,2,0.6,2.3.1,0.17.2,0.46.1
1,Bell state (GHZ-2),2,FakeSherbrooke,127,84,24576,2457,0.0376,0.9624,PASS,,,CORRECT,,CORRECT,6,2,0.6,2.3.1,0.17.2,0.46.1
1,Bell state (GHZ-2),2,FakeSherbrooke,127,85,24576,2457,0.0394,0.9606,PASS,,,CORRECT,,CORRECT,6,2,0.8,2.3.1,0.17.2,0.46.1
1,Bell state (GHZ-2),2,FakeSherbrooke,127,86,24576,2457,0.039,0.961,PASS,,,CORRECT,,CORRECT,6,2,0.5,2.3.1,0.17.2,0.46.1
1,Bell state (GHZ-2),2,FakeSherbrooke,127,87,24576,2457,0.041,0.959,PASS,,,CORRECT,,CORRECT,6,2,0.7,2.3.1,0.17.2,0.46.1
1,Bell state (GHZ-2),2,FakeSherbrooke,127,88,24576,2457,0.0422,0.9578,PASS,,,CORRECT,,CORRECT,6,2,0.8,2.3.1,0.17.2,0.46.1
1,Bell state (GHZ-2),2,FakeSherbrooke,127,89,24576,2457,0.0397,0.9603,PASS,,,CORRECT,,CORRECT,6,2,0.5,2.3.1,0.17.2,0.46.1
1,Bell state (GHZ-2),2,FakeSherbrooke,127,90,24576,2457,0.0423,0.9577,PASS,,,CORRECT,,CORRECT,6,2,0.7,2.3.1,0.17.2,0.46.1
1,Bell state (GHZ-2),2,FakeSherbrooke,127,91,24576,2457,0.0416,0.9584,PASS,,,CORRECT,,CORRECT,6,2,0.7,2.3.1,0.17.2,0.46.1
1,Bell state (GHZ-2),2,FakeSherbrooke,127,92,24576,2457,0.0376,0.9624,PASS,,,CORRECT,,CORRECT,6,2,0.8,2.3.1,0.17.2,0.46.1
1,Bell state (GHZ-2),2,FakeSherbrooke,127,93,24576,2457,0.04,0.96,PASS,,,CORRECT,,CORRECT,6,2,0.6,2.3.1,0.17.2,0.46.1
1,Bell state (GHZ-2),2,FakeSherbrooke,127,94,24576,2457,0.0404,0.9595,PASS,,,CORRECT,,CORRECT,6,2,0.7,2.3.1,0.17.2,0.46.1
1,Bell state (GHZ-2),2,FakeSherbrooke,127,95,24576,2457,0.0404,0.9596,PASS,,,CORRECT,,CORRECT,6,2,0.9,2.3.1,0.17.2,0.46.1
1,Bell state (GHZ-2),2,FakeSherbrooke,127,96,24576,2457,0.039,0.961,PASS,,,CORRECT,,CORRECT,6,2,0.5,2.3.1,0.17.2,0.46.1
1,Bell state (GHZ-2),2,FakeSherbrooke,127,97,24576,2457,0.0417,0.9582,PASS,,,CORRECT,,CORRECT,6,2,0.6,2.3.1,0.17.2,0.46.1
1,Bell state (GHZ-2),2,FakeSherbrooke,127,98,24576,2457,0.0416,0.9584,PASS,,,CORRECT,,CORRECT,6,2,0.8,2.3.1,0.17.2,0.46.1
1,Bell state (GHZ-2),2,FakeSherbrooke,127,99,24576,2457,0.0407,0.9593,PASS,,,CORRECT,,CORRECT,6,2,0.5,2.3.1,0.17.2,0.46.1
1,Bell state (GHZ-2),2,FakeSherbrooke,127,100,24576,2457,0.0372,0.9628,PASS,,,CORRECT,,CORRECT,6,2,0.7,2.3.1,0.17.2,0.46.1
1,Bell state (GHZ-2),2,FakeSherbrooke,127,101,24576,2457,0.0405,0.9595,PASS,,,CORRECT,,CORRECT,6,2,0.7,2.3.1,0.17.2,0.46.1
1,Bell state (GHZ-2),2,FakeSherbrooke,127,102,24576,2457,0.0424,0.9576,PASS,,,CORRECT,,CORRECT,6,2,0.8,2.3.1,0.17.2,0.46.1
1,Bell state (GHZ-2),2,FakeSherbrooke,127,103,24576,2457,0.0411,0.9589,PASS,,,CORRECT,,CORRECT,6,2,0.5,2.3.1,0.17.2,0.46.1
1,Bell state (GHZ-2),2,FakeSherbrooke,127,104,24576,2457,0.0408,0.9592,PASS,,,CORRECT,,CORRECT,6,2,0.7,2.3.1,0.17.2,0.46.1
1,Bell state (GHZ-2),2,FakeSherbrooke,127,105,24576,2457,0.0403,0.9597,PASS,,,CORRECT,,CORRECT,6,2,0.8,2.3.1,0.17.2,0.46.1
1,Bell state (GHZ-2),2,FakeSherbrooke,127,106,24576,2457,0.0402,0.9598,PASS,,,CORRECT,,CORRECT,6,2,0.5,2.3.1,0.17.2,0.46.1
1,Bell state (GHZ-2),2,FakeSherbrooke,127,107,24576,2457,0.0389,0.9611,PASS,,,CORRECT,,CORRECT,6,2,0.7,2.3.1,0.17.2,0.46.1
1,Bell state (GHZ-2),2,FakeSherbrooke,127,108,24576,2457,0.0379,0.9621,PASS,,,CORRECT,,CORRECT,6,2,0.8,2.3.1,0.17.2,0.46.1
1,Bell state (GHZ-2),2,FakeSherbrooke,127,109,24576,2457,0.0389,0.9611,PASS,,,CORRECT,,CORRECT,6,2,0.5,2.3.1,0.17.2,0.46.1
1,Bell state (GHZ-2),2,FakeSherbrooke,127,110,24576,2457,0.0404,0.9596,PASS,,,CORRECT,,CORRECT,6,2,0.6,2.3.1,0.17.2,0.46.1
1,Bell state (GHZ-2),2,FakeSherbrooke,127,111,24576,2457,0.0406,0.9594,PASS,,,CORRECT,,CORRECT,6,2,0.7,2.3.1,0.17.2,0.46.1
1,Bell state (GHZ-2),2,FakeSherbrooke,127,112,24576,2457,0.0398,0.9602,PASS,,,CORRECT,,CORRECT,6,2,0.8,2.3.1,0.17.2,0.46.1
1,Bell state (GHZ-2),2,FakeSherbrooke,127,113,24576,2457,0.0395,0.9605,PASS,,,CORRECT,,CORRECT,6,2,0.5,2.3.1,0.17.2,0.46.1
1,Bell state (GHZ-2),2,FakeSherbrooke,127,114,24576,2457,0.0409,0.9591,PASS,,,CORRECT,,CORRECT,6,2,0.7,2.3.1,0.17.2,0.46.1
1,Bell state (GHZ-2),2,FakeSherbrooke,127,115,24576,2457,0.0409,0.9591,PASS,,,CORRECT,,CORRECT,6,2,0.9,2.3.1,0.17.2,0.46.1
1,Bell state (GHZ-2),2,FakeSherbrooke,127,116,24576,2457,0.0389,0.961,PASS,,,CORRECT,,CORRECT,6,2,0.5,2.3.1,0.17.2,0.46.1
1,Bell state (GHZ-2),2,FakeSherbrooke,127,117,24576,2457,0.0393,0.9607,PASS,,,CORRECT,,CORRECT,6,2,0.6,2.3.1,0.17.2,0.46.1
1,Bell state (GHZ-2),2,FakeSherbrooke,127,118,24576,2457,0.0418,0.9582,PASS,,,CORRECT,,CORRECT,6,2,0.8,2.3.1,0.17.2,0.46.1
1,Bell state (GHZ-2),2,FakeSherbrooke,127,119,24576,2457,0.0428,0.9572,PASS,,,CORRECT,,CORRECT,6,2,0.5,2.3.1,0.17.2,0.46.1
2,GHZ-3,3,FakeSherbrooke,127,20,8192,819,0.0675,0.9325,PASS,,,CORRECT,,CORRECT,9,2,0.6,2.3.1,0.17.2,0.46.1
2,GHZ-3,3,FakeSherbrooke,127,21,8192,819,0.0712,0.9288,PASS,,,CORRECT,,CORRECT,9,2,0.6,2.3.1,0.17.2,0.46.1
2,GHZ-3,3,FakeSherbrooke,127,22,8192,819,0.0696,0.9304,PASS,,,CORRECT,,CORRECT,9,2,0.8,2.3.1,0.17.2,0.46.1
2,GHZ-3,3,FakeSherbrooke,127,23,8192,819,0.0698,0.9302,PASS,,,CORRECT,,CORRECT,9,2,0.5,2.3.1,0.17.2,0.46.1
2,GHZ-3,3,FakeSherbrooke,127,24,8192,819,0.0699,0.93,PASS,,,CORRECT,,CORRECT,9,2,0.7,2.3.1,0.17.2,0.46.1
2,GHZ-3,3,FakeSherbrooke,127,25,8192,819,0.0753,0.9247,PASS,,,CORRECT,,CORRECT,9,2,0.8,2.3.1,0.17.2,0.46.1
2,GHZ-3,3,FakeSherbrooke,127,26,8192,819,0.0688,0.9311,PASS,,,CORRECT,,CORRECT,9,2,0.5,2.3.1,0.17.2,0.46.1
2,GHZ-3,3,FakeSherbrooke,127,27,8192,819,0.0743,0.9257,PASS,,,CORRECT,,CORRECT,9,2,0.6,2.3.1,0.17.2,0.46.1
2,GHZ-3,3,FakeSherbrooke,127,28,8192,819,0.0708,0.9291,PASS,,,CORRECT,,CORRECT,9,2,1.0,2.3.1,0.17.2,0.46.1
2,GHZ-3,3,FakeSherbrooke,127,29,8192,819,0.0668,0.9332,PASS,,,CORRECT,,CORRECT,9,2,0.9,2.3.1,0.17.2,0.46.1
2,GHZ-3,3,FakeSherbrooke,127,30,8192,819,0.0682,0.9318,PASS,,,CORRECT,,CORRECT,9,2,1.6,2.3.1,0.17.2,0.46.1
2,GHZ-3,3,FakeSherbrooke,127,31,8192,819,0.0699,0.9299,PASS,,,CORRECT,,CORRECT,9,2,1.1,2.3.1,0.17.2,0.46.1
2,GHZ-3,3,FakeSherbrooke,127,32,8192,819,0.0681,0.9319,PASS,,,CORRECT,,CORRECT,9,2,0.8,2.3.1,0.17.2,0.46.1
2,GHZ-3,3,FakeSherbrooke,127,33,8192,819,0.0677,0.9322,PASS,,,CORRECT,,CORRECT,9,2,0.7,2.3.1,0.17.2,0.46.1
2,GHZ-3,3,FakeSherbrooke,127,34,8192,819,0.0702,0.9298,PASS,,,CORRECT,,CORRECT,9,2,1.1,2.3.1,0.17.2,0.46.1
2,GHZ-3,3,FakeSherbrooke,127,35,8192,819,0.0674,0.9326,PASS,,,CORRECT,,CORRECT,9,2,1.6,2.3.1,0.17.2,0.46.1
2,GHZ-3,3,FakeSherbrooke,127,36,8192,819,0.0679,0.9321,PASS,,,CORRECT,,CORRECT,9,2,0.7,2.3.1,0.17.2,0.46.1
2,GHZ-3,3,FakeSherbrooke,127,37,8192,819,0.0702,0.9297,PASS,,,CORRECT,,CORRECT,9,2,0.6,2.3.1,0.17.2,0.46.1
2,GHZ-3,3,FakeSherbrooke,127,38,8192,819,0.0701,0.9299,PASS,,,CORRECT,,CORRECT,9,2,1.0,2.3.1,0.17.2,0.46.1
2,GHZ-3,3,FakeSherbrooke,127,39,8192,819,0.0673,0.9327,PASS,,,CORRECT,,CORRECT,9,2,0.7,2.3.1,0.17.2,0.46.1
2,GHZ-3,3,FakeSherbrooke,127,40,8192,819,0.0752,0.9248,PASS,,,CORRECT,,CORRECT,9,2,1.0,2.3.1,0.17.2,0.46.1
2,GHZ-3,3,FakeSherbrooke,127,41,8192,819,0.0692,0.9308,PASS,,,CORRECT,,CORRECT,9,2,1.3,2.3.1,0.17.2,0.46.1
2,GHZ-3,3,FakeSherbrooke,127,42,8192,819,0.0674,0.9326,PASS,,,CORRECT,,CORRECT,9,2,0.8,2.3.1,0.17.2,0.46.1
2,GHZ-3,3,FakeSherbrooke,127,43,8192,819,0.0659,0.934,PASS,,,CORRECT,,CORRECT,9,2,0.5,2.3.1,0.17.2,0.46.1
2,GHZ-3,3,FakeSherbrooke,127,44,8192,819,0.0668,0.9332,PASS,,,CORRECT,,CORRECT,9,2,0.9,2.3.1,0.17.2,0.46.1
2,GHZ-3,3,FakeSherbrooke,127,45,8192,819,0.0729,0.9271,PASS,,,CORRECT,,CORRECT,9,2,1.4,2.3.1,0.17.2,0.46.1
2,GHZ-3,3,FakeSherbrooke,127,46,8192,819,0.0695,0.9305,PASS,,,CORRECT,,CORRECT,9,2,1.1,2.3.1,0.17.2,0.46.1
2,GHZ-3,3,FakeSherbrooke,127,47,8192,819,0.0742,0.9257,PASS,,,CORRECT,,CORRECT,9,2,1.0,2.3.1,0.17.2,0.46.1
2,GHZ-3,3,FakeSherbrooke,127,48,8192,819,0.0631,0.9368,PASS,,,CORRECT,,CORRECT,9,2,0.8,2.3.1,0.17.2,0.46.1
2,GHZ-3,3,FakeSherbrooke,127,49,8192,819,0.0702,0.9298,PASS,,,CORRECT,,CORRECT,9,2,0.9,2.3.1,0.17.2,0.46.1
2,GHZ-3,3,FakeSherbrooke,127,50,8192,819,0.0734,0.9266,PASS,,,CORRECT,,CORRECT,9,2,1.0,2.3.1,0.17.2,0.46.1
2,GHZ-3,3,FakeSherbrooke,127,51,8192,819,0.0662,0.9338,PASS,,,CORRECT,,CORRECT,9,2,1.3,2.3.1,0.17.2,0.46.1
2,GHZ-3,3,FakeSherbrooke,127,52,8192,819,0.0713,0.9287,PASS,,,CORRECT,,CORRECT,9,2,1.1,2.3.1,0.17.2,0.46.1
2,GHZ-3,3,FakeSherbrooke,127,53,8192,819,0.0704,0.9296,PASS,,,CORRECT,,CORRECT,9,2,0.5,2.3.1,0.17.2,0.46.1
2,GHZ-3,3,FakeSherbrooke,127,54,8192,819,0.0682,0.9318,PASS,,,CORRECT,,CORRECT,9,2,1.2,2.3.1,0.17.2,0.46.1
2,GHZ-3,3,FakeSherbrooke,127,55,8192,819,0.0654,0.9345,PASS,,,CORRECT,,CORRECT,9,2,1.5,2.3.1,0.17.2,0.46.1
2,GHZ-3,3,FakeSherbrooke,127,56,8192,819,0.0669,0.9331,PASS,,,CORRECT,,CORRECT,9,2,0.9,2.3.1,0.17.2,0.46.1
2,GHZ-3,3,FakeSherbrooke,127,57,8192,819,0.0649,0.935,PASS,,,CORRECT,,CORRECT,9,2,0.8,2.3.1,0.17.2,0.46.1
2,GHZ-3,3,FakeSherbrooke,127,58,8192,819,0.0692,0.9307,PASS,,,CORRECT,,CORRECT,9,2,0.7,2.3.1,0.17.2,0.46.1
2,GHZ-3,3,FakeSherbrooke,127,59,8192,819,0.0657,0.9343,PASS,,,CORRECT,,CORRECT,9,2,0.5,2.3.1,0.17.2,0.46.1
2,GHZ-3,3,FakeSherbrooke,127,60,8192,819,0.0698,0.9302,PASS,,,CORRECT,,CORRECT,9,2,0.8,2.3.1,0.17.2,0.46.1
2,GHZ-3,3,FakeSherbrooke,127,61,8192,819,0.0676,0.9323,PASS,,,CORRECT,,CORRECT,9,2,0.8,2.3.1,0.17.2,0.46.1
2,GHZ-3,3,FakeSherbrooke,127,62,8192,819,0.068,0.932,PASS,,,CORRECT,,CORRECT,9,2,0.9,2.3.1,0.17.2,0.46.1
2,GHZ-3,3,FakeSherbrooke,127,63,8192,819,0.0704,0.9295,PASS,,,CORRECT,,CORRECT,9,2,0.6,2.3.1,0.17.2,0.46.1
2,GHZ-3,3,FakeSherbrooke,127,64,8192,819,0.0652,0.9347,PASS,,,CORRECT,,CORRECT,9,2,0.6,2.3.1,0.17.2,0.46.1
2,GHZ-3,3,FakeSherbrooke,127,65,8192,819,0.0724,0.9275,PASS,,,CORRECT,,CORRECT,9,2,0.8,2.3.1,0.17.2,0.46.1
2,GHZ-3,3,FakeSherbrooke,127,66,8192,819,0.067,0.933,PASS,,,CORRECT,,CORRECT,9,2,0.9,2.3.1,0.17.2,0.46.1
2,GHZ-3,3,FakeSherbrooke,127,67,8192,819,0.0665,0.9334,PASS,,,CORRECT,,CORRECT,9,2,1.3,2.3.1,0.17.2,0.46.1
2,GHZ-3,3,FakeSherbrooke,127,68,8192,819,0.0663,0.9337,PASS,,,CORRECT,,CORRECT,9,2,1.1,2.3.1,0.17.2,0.46.1
2,GHZ-3,3,FakeSherbrooke,127,69,8192,819,0.0693,0.9307,PASS,,,CORRECT,,CORRECT,9,2,0.6,2.3.1,0.17.2,0.46.1
2,GHZ-3,3,FakeSherbrooke,127,70,8192,819,0.0709,0.9291,PASS,,,CORRECT,,CORRECT,9,2,0.7,2.3.1,0.17.2,0.46.1
2,GHZ-3,3,FakeSherbrooke,127,71,8192,819,0.0691,0.9309,PASS,,,CORRECT,,CORRECT,9,2,1.0,2.3.1,0.17.2,0.46.1
2,GHZ-3,3,FakeSherbrooke,127,72,8192,819,0.0659,0.9341,PASS,,,CORRECT,,CORRECT,9,2,1.0,2.3.1,0.17.2,0.46.1
2,GHZ-3,3,FakeSherbrooke,127,73,8192,819,0.0721,0.9278,PASS,,,CORRECT,,CORRECT,9,2,0.6,2.3.1,0.17.2,0.46.1
2,GHZ-3,3,FakeSherbrooke,127,74,8192,819,0.0703,0.9297,PASS,,,CORRECT,,CORRECT,9,2,0.6,2.3.1,0.17.2,0.46.1
2,GHZ-3,3,FakeSherbrooke,127,75,8192,819,0.068,0.932,PASS,,,CORRECT,,CORRECT,9,2,0.7,2.3.1,0.17.2,0.46.1
2,GHZ-3,3,FakeSherbrooke,127,76,8192,819,0.075,0.925,PASS,,,CORRECT,,CORRECT,9,2,0.4,2.3.1,0.17.2,0.46.1
2,GHZ-3,3,FakeSherbrooke,127,77,8192,819,0.0681,0.9318,PASS,,,CORRECT,,CORRECT,9,2,1.4,2.3.1,0.17.2,0.46.1
2,GHZ-3,3,FakeSherbrooke,127,78,8192,819,0.0719,0.9281,PASS,,,CORRECT,,CORRECT,9,2,1.1,2.3.1,0.17.2,0.46.1
2,GHZ-3,3,FakeSherbrooke,127,79,8192,819,0.0653,0.9347,PASS,,,CORRECT,,CORRECT,9,2,0.8,2.3.1,0.17.2,0.46.1
2,GHZ-3,3,FakeSherbrooke,127,80,8192,819,0.067,0.9329,PASS,,,CORRECT,,CORRECT,9,2,0.7,2.3.1,0.17.2,0.46.1
2,GHZ-3,3,FakeSherbrooke,127,81,8192,819,0.0663,0.9337,PASS,,,CORRECT,,CORRECT,9,2,0.6,2.3.1,0.17.2,0.46.1
2,GHZ-3,3,FakeSherbrooke,127,82,8192,819,0.0632,0.9368,PASS,,,CORRECT,,CORRECT,9,2,1.2,2.3.1,0.17.2,0.46.1
2,GHZ-3,3,FakeSherbrooke,127,83,8192,819,0.0697,0.9303,PASS,,,CORRECT,,CORRECT,9,2,0.6,2.3.1,0.17.2,0.46.1
2,GHZ-3,3,FakeSherbrooke,127,84,8192,819,0.0663,0.9337,PASS,,,CORRECT,,CORRECT,9,2,0.8,2.3.1,0.17.2,0.46.1
2,GHZ-3,3,FakeSherbrooke,127,85,8192,819,0.0717,0.9282,PASS,,,CORRECT,,CORRECT,9,2,1.0,2.3.1,0.17.2,0.46.1
2,GHZ-3,3,FakeSherbrooke,127,86,8192,819,0.0735,0.9265,PASS,,,CORRECT,,CORRECT,9,2,0.5,2.3.1,0.17.2,0.46.1
2,GHZ-3,3,FakeSherbrooke,127,87,8192,819,0.0691,0.9309,PASS,,,CORRECT,,CORRECT,9,2,0.8,2.3.1,0.17.2,0.46.1
2,GHZ-3,3,FakeSherbrooke,127,88,8192,819,0.0687,0.9313,PASS,,,CORRECT,,CORRECT,9,2,0.9,2.3.1,0.17.2,0.46.1
2,GHZ-3,3,FakeSherbrooke,127,89,8192,819,0.0702,0.9298,PASS,,,CORRECT,,CORRECT,9,2,0.7,2.3.1,0.17.2,0.46.1
2,GHZ-3,3,FakeSherbrooke,127,90,8192,819,0.0687,0.9313,PASS,,,CORRECT,,CORRECT,9,2,0.9,2.3.1,0.17.2,0.46.1
2,GHZ-3,3,FakeSherbrooke,127,91,8192,819,0.0718,0.9282,PASS,,,CORRECT,,CORRECT,9,2,0.7,2.3.1,0.17.2,0.46.1
2,GHZ-3,3,FakeSherbrooke,127,92,8192,819,0.0679,0.9321,PASS,,,CORRECT,,CORRECT,9,2,0.7,2.3.1,0.17.2,0.46.1
2,GHZ-3,3,FakeSherbrooke,127,93,8192,819,0.0682,0.9317,PASS,,,CORRECT,,CORRECT,9,2,1.0,2.3.1,0.17.2,0.46.1
2,GHZ-3,3,FakeSherbrooke,127,94,8192,819,0.0686,0.9314,PASS,,,CORRECT,,CORRECT,9,2,1.0,2.3.1,0.17.2,0.46.1
2,GHZ-3,3,FakeSherbrooke,127,95,8192,819,0.075,0.925,PASS,,,CORRECT,,CORRECT,9,2,1.0,2.3.1,0.17.2,0.46.1
2,GHZ-3,3,FakeSherbrooke,127,96,8192,819,0.0728,0.9272,PASS,,,CORRECT,,CORRECT,9,2,0.6,2.3.1,0.17.2,0.46.1
2,GHZ-3,3,FakeSherbrooke,127,97,8192,819,0.0658,0.9342,PASS,,,CORRECT,,CORRECT,9,2,0.5,2.3.1,0.17.2,0.46.1
2,GHZ-3,3,FakeSherbrooke,127,98,8192,819,0.0668,0.9332,PASS,,,CORRECT,,CORRECT,9,2,0.9,2.3.1,0.17.2,0.46.1
2,GHZ-3,3,FakeSherbrooke,127,99,8192,819,0.0691,0.9309,PASS,,,CORRECT,,CORRECT,9,2,0.6,2.3.1,0.17.2,0.46.1
2,GHZ-3,3,FakeSherbrooke,127,100,8192,819,0.0679,0.9321,PASS,,,CORRECT,,CORRECT,9,2,0.8,2.3.1,0.17.2,0.46.1
2,GHZ-3,3,FakeSherbrooke,127,101,8192,819,0.0704,0.9295,PASS,,,CORRECT,,CORRECT,9,2,0.8,2.3.1,0.17.2,0.46.1
2,GHZ-3,3,FakeSherbrooke,127,102,8192,819,0.0703,0.9297,PASS,,,CORRECT,,CORRECT,9,2,0.8,2.3.1,0.17.2,0.46.1
2,GHZ-3,3,FakeSherbrooke,127,103,8192,819,0.064,0.936,PASS,,,CORRECT,,CORRECT,9,2,0.4,2.3.1,0.17.2,0.46.1
2,GHZ-3,3,FakeSherbrooke,127,104,8192,819,0.068,0.932,PASS,,,CORRECT,,CORRECT,9,2,0.8,2.3.1,0.17.2,0.46.1
2,GHZ-3,3,FakeSherbrooke,127,105,8192,819,0.0645,0.9354,PASS,,,CORRECT,,CORRECT,9,2,1.0,2.3.1,0.17.2,0.46.1
2,GHZ-3,3,FakeSherbrooke,127,106,8192,819,0.0679,0.9321,PASS,,,CORRECT,,CORRECT,9,2,0.8,2.3.1,0.17.2,0.46.1
2,GHZ-3,3,FakeSherbrooke,127,107,8192,819,0.0682,0.9318,PASS,,,CORRECT,,CORRECT,9,2,0.8,2.3.1,0.17.2,0.46.1
2,GHZ-3,3,FakeSherbrooke,127,108,8192,819,0.0709,0.9291,PASS,,,CORRECT,,CORRECT,9,2,0.7,2.3.1,0.17.2,0.46.1
2,GHZ-3,3,FakeSherbrooke,127,109,8192,819,0.0688,0.9311,PASS,,,CORRECT,,CORRECT,9,2,0.6,2.3.1,0.17.2,0.46.1
2,GHZ-3,3,FakeSherbrooke,127,110,8192,819,0.072,0.928,PASS,,,CORRECT,,CORRECT,9,2,1.1,2.3.1,0.17.2,0.46.1
2,GHZ-3,3,FakeSherbrooke,127,111,8192,819,0.0743,0.9256,PASS,,,CORRECT,,CORRECT,9,2,0.8,2.3.1,0.17.2,0.46.1
2,GHZ-3,3,FakeSherbrooke,127,112,8192,819,0.068,0.932,PASS,,,CORRECT,,CORRECT,9,2,0.9,2.3.1,0.17.2,0.46.1
2,GHZ-3,3,FakeSherbrooke,127,113,8192,819,0.0713,0.9287,PASS,,,CORRECT,,CORRECT,9,2,0.5,2.3.1,0.17.2,0.46.1
2,GHZ-3,3,FakeSherbrooke,127,114,8192,819,0.0695,0.9305,PASS,,,CORRECT,,CORRECT,9,2,0.6,2.3.1,0.17.2,0.46.1
2,GHZ-3,3,FakeSherbrooke,127,115,8192,819,0.0699,0.93,PASS,,,CORRECT,,CORRECT,9,2,1.3,2.3.1,0.17.2,0.46.1
2,GHZ-3,3,FakeSherbrooke,127,116,8192,819,0.0721,0.9278,PASS,,,CORRECT,,CORRECT,9,2,0.8,2.3.1,0.17.2,0.46.1
2,GHZ-3,3,FakeSherbrooke,127,117,8192,819,0.0682,0.9317,PASS,,,CORRECT,,CORRECT,9,2,1.0,2.3.1,0.17.2,0.46.1
2,GHZ-3,3,FakeSherbrooke,127,118,8192,819,0.0663,0.9337,PASS,,,CORRECT,,CORRECT,9,2,0.6,2.3.1,0.17.2,0.46.1
2,GHZ-3,3,FakeSherbrooke,127,119,8192,819,0.0714,0.9286,PASS,,,CORRECT,,CORRECT,9,2,0.4,2.3.1,0.17.2,0.46.1
3,VQE HeH+ 2Q,2,FakeSherbrooke,127,20,4000,400,0.048,0.952,PASS,,,CORRECT,,CORRECT,8,2,0.9,2.3.1,0.17.2,0.46.1
3,VQE HeH+ 2Q,2,FakeSherbrooke,127,21,4000,400,0.0467,0.9533,PASS,,,CORRECT,,CORRECT,8,2,0.8,2.3.1,0.17.2,0.46.1
3,VQE HeH+ 2Q,2,FakeSherbrooke,127,22,4000,400,0.0425,0.9575,PASS,,,CORRECT,,CORRECT,8,2,1.5,2.3.1,0.17.2,0.46.1
3,VQE HeH+ 2Q,2,FakeSherbrooke,127,23,4000,400,0.0433,0.9568,PASS,,,CORRECT,,CORRECT,8,2,0.5,2.3.1,0.17.2,0.46.1
3,VQE HeH+ 2Q,2,FakeSherbrooke,127,24,4000,400,0.04,0.96,PASS,,,CORRECT,,CORRECT,8,2,0.6,2.3.1,0.17.2,0.46.1
3,VQE HeH+ 2Q,2,FakeSherbrooke,127,25,4000,400,0.0403,0.9597,PASS,,,CORRECT,,CORRECT,8,2,1.3,2.3.1,0.17.2,0.46.1
3,VQE HeH+ 2Q,2,FakeSherbrooke,127,26,4000,400,0.0453,0.9547,PASS,,,CORRECT,,CORRECT,8,2,0.7,2.3.1,0.17.2,0.46.1
3,VQE HeH+ 2Q,2,FakeSherbrooke,127,27,4000,400,0.0457,0.9543,PASS,,,CORRECT,,CORRECT,8,2,0.7,2.3.1,0.17.2,0.46.1
3,VQE HeH+ 2Q,2,FakeSherbrooke,127,28,4000,400,0.045,0.955,PASS,,,CORRECT,,CORRECT,8,2,0.7,2.3.1,0.17.2,0.46.1
3,VQE HeH+ 2Q,2,FakeSherbrooke,127,29,4000,400,0.0412,0.9588,PASS,,,CORRECT,,CORRECT,8,2,0.4,2.3.1,0.17.2,0.46.1
3,VQE HeH+ 2Q,2,FakeSherbrooke,127,30,4000,400,0.0417,0.9583,PASS,,,CORRECT,,CORRECT,8,2,0.7,2.3.1,0.17.2,0.46.1
3,VQE HeH+ 2Q,2,FakeSherbrooke,127,31,4000,400,0.043,0.957,PASS,,,CORRECT,,CORRECT,8,2,1.1,2.3.1,0.17.2,0.46.1
3,VQE HeH+ 2Q,2,FakeSherbrooke,127,32,4000,400,0.0453,0.9547,PASS,,,CORRECT,,CORRECT,8,2,0.9,2.3.1,0.17.2,0.46.1
3,VQE HeH+ 2Q,2,FakeSherbrooke,127,33,4000,400,0.0407,0.9593,PASS,,,CORRECT,,CORRECT,8,2,0.6,2.3.1,0.17.2,0.46.1
3,VQE HeH+ 2Q,2,FakeSherbrooke,127,34,4000,400,0.048,0.952,PASS,,,CORRECT,,CORRECT,8,2,0.7,2.3.1,0.17.2,0.46.1
3,VQE HeH+ 2Q,2,FakeSherbrooke,127,35,4000,400,0.046,0.954,PASS,,,CORRECT,,CORRECT,8,2,0.8,2.3.1,0.17.2,0.46.1
3,VQE HeH+ 2Q,2,FakeSherbrooke,127,36,4000,400,0.0443,0.9557,PASS,,,CORRECT,,CORRECT,8,2,0.7,2.3.1,0.17.2,0.46.1
3,VQE HeH+ 2Q,2,FakeSherbrooke,127,37,4000,400,0.0417,0.9583,PASS,,,CORRECT,,CORRECT,8,2,1.1,2.3.1,0.17.2,0.46.1
3,VQE HeH+ 2Q,2,FakeSherbrooke,127,38,4000,400,0.0483,0.9517,PASS,,,CORRECT,,CORRECT,8,2,1.1,2.3.1,0.17.2,0.46.1
3,VQE HeH+ 2Q,2,FakeSherbrooke,127,39,4000,400,0.042,0.958,PASS,,,CORRECT,,CORRECT,8,2,0.6,2.3.1,0.17.2,0.46.1
3,VQE HeH+ 2Q,2,FakeSherbrooke,127,40,4000,400,0.038,0.962,PASS,,,CORRECT,,CORRECT,8,2,0.5,2.3.1,0.17.2,0.46.1
3,VQE HeH+ 2Q,2,FakeSherbrooke,127,41,4000,400,0.0395,0.9605,PASS,,,CORRECT,,CORRECT,8,2,0.7,2.3.1,0.17.2,0.46.1
3,VQE HeH+ 2Q,2,FakeSherbrooke,127,42,4000,400,0.044,0.956,PASS,,,CORRECT,,CORRECT,8,2,1.1,2.3.1,0.17.2,0.46.1
3,VQE HeH+ 2Q,2,FakeSherbrooke,127,43,4000,400,0.0483,0.9517,PASS,,,CORRECT,,CORRECT,8,2,1.1,2.3.1,0.17.2,0.46.1
3,VQE HeH+ 2Q,2,FakeSherbrooke,127,44,4000,400,0.0495,0.9505,PASS,,,CORRECT,,CORRECT,8,2,0.8,2.3.1,0.17.2,0.46.1
3,VQE HeH+ 2Q,2,FakeSherbrooke,127,45,4000,400,0.0455,0.9545,PASS,,,CORRECT,,CORRECT,8,2,1.0,2.3.1,0.17.2,0.46.1
3,VQE HeH+ 2Q,2,FakeSherbrooke,127,46,4000,400,0.0395,0.9605,PASS,,,CORRECT,,CORRECT,8,2,0.8,2.3.1,0.17.2,0.46.1
3,VQE HeH+ 2Q,2,FakeSherbrooke,127,47,4000,400,0.0433,0.9568,PASS,,,CORRECT,,CORRECT,8,2,1.6,2.3.1,0.17.2,0.46.1
3,VQE HeH+ 2Q,2,FakeSherbrooke,127,48,4000,400,0.0455,0.9545,PASS,,,CORRECT,,CORRECT,8,2,0.9,2.3.1,0.17.2,0.46.1
3,VQE HeH+ 2Q,2,FakeSherbrooke,127,49,4000,400,0.0455,0.9545,PASS,,,CORRECT,,CORRECT,8,2,0.6,2.3.1,0.17.2,0.46.1
3,VQE HeH+ 2Q,2,FakeSherbrooke,127,50,4000,400,0.0463,0.9537,PASS,,,CORRECT,,CORRECT,8,2,0.7,2.3.1,0.17.2,0.46.1
3,VQE HeH+ 2Q,2,FakeSherbrooke,127,51,4000,400,0.0497,0.9503,PASS,,,CORRECT,,CORRECT,8,2,0.7,2.3.1,0.17.2,0.46.1
3,VQE HeH+ 2Q,2,FakeSherbrooke,127,52,4000,400,0.044,0.956,PASS,,,CORRECT,,CORRECT,8,2,1.1,2.3.1,0.17.2,0.46.1
3,VQE HeH+ 2Q,2,FakeSherbrooke,127,53,4000,400,0.045,0.955,PASS,,,CORRECT,,CORRECT,8,2,0.9,2.3.1,0.17.2,0.46.1
3,VQE HeH+ 2Q,2,FakeSherbrooke,127,54,4000,400,0.047,0.953,PASS,,,CORRECT,,CORRECT,8,2,0.7,2.3.1,0.17.2,0.46.1
3,VQE HeH+ 2Q,2,FakeSherbrooke,127,55,4000,400,0.045,0.955,PASS,,,CORRECT,,CORRECT,8,2,1.7,2.3.1,0.17.2,0.46.1
3,VQE HeH+ 2Q,2,FakeSherbrooke,127,56,4000,400,0.0453,0.9547,PASS,,,CORRECT,,CORRECT,8,2,1.3,2.3.1,0.17.2,0.46.1
3,VQE HeH+ 2Q,2,FakeSherbrooke,127,57,4000,400,0.0405,0.9595,PASS,,,CORRECT,,CORRECT,8,2,1.1,2.3.1,0.17.2,0.46.1
3,VQE HeH+ 2Q,2,FakeSherbrooke,127,58,4000,400,0.0477,0.9522,PASS,,,CORRECT,,CORRECT,8,2,1.3,2.3.1,0.17.2,0.46.1
3,VQE HeH+ 2Q,2,FakeSherbrooke,127,59,4000,400,0.0465,0.9535,PASS,,,CORRECT,,CORRECT,8,2,0.9,2.3.1,0.17.2,0.46.1
3,VQE HeH+ 2Q,2,FakeSherbrooke,127,60,4000,400,0.0443,0.9557,PASS,,,CORRECT,,CORRECT,8,2,1.1,2.3.1,0.17.2,0.46.1
3,VQE HeH+ 2Q,2,FakeSherbrooke,127,61,4000,400,0.0425,0.9575,PASS,,,CORRECT,,CORRECT,8,2,1.5,2.3.1,0.17.2,0.46.1
3,VQE HeH+ 2Q,2,FakeSherbrooke,127,62,4000,400,0.0377,0.9622,PASS,,,CORRECT,,CORRECT,8,2,1.1,2.3.1,0.17.2,0.46.1
3,VQE HeH+ 2Q,2,FakeSherbrooke,127,63,4000,400,0.0393,0.9607,PASS,,,CORRECT,,CORRECT,8,2,1.2,2.3.1,0.17.2,0.46.1
3,VQE HeH+ 2Q,2,FakeSherbrooke,127,64,4000,400,0.0397,0.9603,PASS,,,CORRECT,,CORRECT,8,2,2.0,2.3.1,0.17.2,0.46.1
3,VQE HeH+ 2Q,2,FakeSherbrooke,127,65,4000,400,0.0483,0.9517,PASS,,,CORRECT,,CORRECT,8,2,1.0,2.3.1,0.17.2,0.46.1
3,VQE HeH+ 2Q,2,FakeSherbrooke,127,66,4000,400,0.0447,0.9553,PASS,,,CORRECT,,CORRECT,8,2,0.5,2.3.1,0.17.2,0.46.1
3,VQE HeH+ 2Q,2,FakeSherbrooke,127,67,4000,400,0.0417,0.9583,PASS,,,CORRECT,,CORRECT,8,2,0.8,2.3.1,0.17.2,0.46.1
3,VQE HeH+ 2Q,2,FakeSherbrooke,127,68,4000,400,0.0433,0.9568,PASS,,,CORRECT,,CORRECT,8,2,1.8,2.3.1,0.17.2,0.46.1
3,VQE HeH+ 2Q,2,FakeSherbrooke,127,69,4000,400,0.0487,0.9513,PASS,,,CORRECT,,CORRECT,8,2,1.5,2.3.1,0.17.2,0.46.1
3,VQE HeH+ 2Q,2,FakeSherbrooke,127,70,4000,400,0.0453,0.9547,PASS,,,CORRECT,,CORRECT,8,2,1.4,2.3.1,0.17.2,0.46.1
3,VQE HeH+ 2Q,2,FakeSherbrooke,127,71,4000,400,0.0367,0.9633,PASS,,,CORRECT,,CORRECT,8,2,1.0,2.3.1,0.17.2,0.46.1
3,VQE HeH+ 2Q,2,FakeSherbrooke,127,72,4000,400,0.0405,0.9595,PASS,,,CORRECT,,CORRECT,8,2,0.9,2.3.1,0.17.2,0.46.1
3,VQE HeH+ 2Q,2,FakeSherbrooke,127,73,4000,400,0.044,0.956,PASS,,,CORRECT,,CORRECT,8,2,0.7,2.3.1,0.17.2,0.46.1
3,VQE HeH+ 2Q,2,FakeSherbrooke,127,74,4000,400,0.0437,0.9563,PASS,,,CORRECT,,CORRECT,8,2,0.7,2.3.1,0.17.2,0.46.1
3,VQE HeH+ 2Q,2,FakeSherbrooke,127,75,4000,400,0.0437,0.9563,PASS,,,CORRECT,,CORRECT,8,2,1.4,2.3.1,0.17.2,0.46.1
3,VQE HeH+ 2Q,2,FakeSherbrooke,127,76,4000,400,0.0435,0.9565,PASS,,,CORRECT,,CORRECT,8,2,1.2,2.3.1,0.17.2,0.46.1
3,VQE HeH+ 2Q,2,FakeSherbrooke,127,77,4000,400,0.0437,0.9563,PASS,,,CORRECT,,CORRECT,8,2,0.7,2.3.1,0.17.2,0.46.1
3,VQE HeH+ 2Q,2,FakeSherbrooke,127,78,4000,400,0.051,0.949,PASS,,,CORRECT,,CORRECT,8,2,0.9,2.3.1,0.17.2,0.46.1
3,VQE HeH+ 2Q,2,FakeSherbrooke,127,79,4000,400,0.0375,0.9625,PASS,,,CORRECT,,CORRECT,8,2,0.6,2.3.1,0.17.2,0.46.1
3,VQE HeH+ 2Q,2,FakeSherbrooke,127,80,4000,400,0.0402,0.9597,PASS,,,CORRECT,,CORRECT,8,2,0.9,2.3.1,0.17.2,0.46.1
3,VQE HeH+ 2Q,2,FakeSherbrooke,127,81,4000,400,0.0427,0.9573,PASS,,,CORRECT,,CORRECT,8,2,1.0,2.3.1,0.17.2,0.46.1
3,VQE HeH+ 2Q,2,FakeSherbrooke,127,82,4000,400,0.04,0.96,PASS,,,CORRECT,,CORRECT,8,2,1.0,2.3.1,0.17.2,0.46.1
3,VQE HeH+ 2Q,2,FakeSherbrooke,127,83,4000,400,0.042,0.958,PASS,,,CORRECT,,CORRECT,8,2,1.1,2.3.1,0.17.2,0.46.1
3,VQE HeH+ 2Q,2,FakeSherbrooke,127,84,4000,400,0.0395,0.9605,PASS,,,CORRECT,,CORRECT,8,2,1.0,2.3.1,0.17.2,0.46.1
3,VQE HeH+ 2Q,2,FakeSherbrooke,127,85,4000,400,0.0495,0.9505,PASS,,,CORRECT,,CORRECT,8,2,0.8,2.3.1,0.17.2,0.46.1
3,VQE HeH+ 2Q,2,FakeSherbrooke,127,86,4000,400,0.0445,0.9555,PASS,,,CORRECT,,CORRECT,8,2,0.6,2.3.1,0.17.2,0.46.1
3,VQE HeH+ 2Q,2,FakeSherbrooke,127,87,4000,400,0.0447,0.9553,PASS,,,CORRECT,,CORRECT,8,2,0.7,2.3.1,0.17.2,0.46.1
3,VQE HeH+ 2Q,2,FakeSherbrooke,127,88,4000,400,0.0453,0.9547,PASS,,,CORRECT,,CORRECT,8,2,0.8,2.3.1,0.17.2,0.46.1
3,VQE HeH+ 2Q,2,FakeSherbrooke,127,89,4000,400,0.0463,0.9537,PASS,,,CORRECT,,CORRECT,8,2,0.6,2.3.1,0.17.2,0.46.1
3,VQE HeH+ 2Q,2,FakeSherbrooke,127,90,4000,400,0.0463,0.9537,PASS,,,CORRECT,,CORRECT,8,2,0.7,2.3.1,0.17.2,0.46.1
3,VQE HeH+ 2Q,2,FakeSherbrooke,127,91,4000,400,0.045,0.955,PASS,,,CORRECT,,CORRECT,8,2,0.8,2.3.1,0.17.2,0.46.1
3,VQE HeH+ 2Q,2,FakeSherbrooke,127,92,4000,400,0.0477,0.9522,PASS,,,CORRECT,,CORRECT,8,2,1.9,2.3.1,0.17.2,0.46.1
3,VQE HeH+ 2Q,2,FakeSherbrooke,127,93,4000,400,0.0417,0.9583,PASS,,,CORRECT,,CORRECT,8,2,1.3,2.3.1,0.17.2,0.46.1
3,VQE HeH+ 2Q,2,FakeSherbrooke,127,94,4000,400,0.0417,0.9583,PASS,,,CORRECT,,CORRECT,8,2,0.8,2.3.1,0.17.2,0.46.1
3,VQE HeH+ 2Q,2,FakeSherbrooke,127,95,4000,400,0.0473,0.9527,PASS,,,CORRECT,,CORRECT,8,2,1.0,2.3.1,0.17.2,0.46.1
3,VQE HeH+ 2Q,2,FakeSherbrooke,127,96,4000,400,0.043,0.957,PASS,,,CORRECT,,CORRECT,8,2,0.6,2.3.1,0.17.2,0.46.1
3,VQE HeH+ 2Q,2,FakeSherbrooke,127,97,4000,400,0.0465,0.9535,PASS,,,CORRECT,,CORRECT,8,2,1.5,2.3.1,0.17.2,0.46.1
3,VQE HeH+ 2Q,2,FakeSherbrooke,127,98,4000,400,0.037,0.963,PASS,,,CORRECT,,CORRECT,8,2,1.5,2.3.1,0.17.2,0.46.1
3,VQE HeH+ 2Q,2,FakeSherbrooke,127,99,4000,400,0.0437,0.9563,PASS,,,CORRECT,,CORRECT,8,2,0.7,2.3.1,0.17.2,0.46.1
3,VQE HeH+ 2Q,2,FakeSherbrooke,127,100,4000,400,0.0412,0.9588,PASS,,,CORRECT,,CORRECT,8,2,0.8,2.3.1,0.17.2,0.46.1
3,VQE HeH+ 2Q,2,FakeSherbrooke,127,101,4000,400,0.0477,0.9522,PASS,,,CORRECT,,CORRECT,8,2,0.7,2.3.1,0.17.2,0.46.1
3,VQE HeH+ 2Q,2,FakeSherbrooke,127,102,4000,400,0.044,0.956,PASS,,,CORRECT,,CORRECT,8,2,0.7,2.3.1,0.17.2,0.46.1
3,VQE HeH+ 2Q,2,FakeSherbrooke,127,103,4000,400,0.0445,0.9555,PASS,,,CORRECT,,CORRECT,8,2,0.6,2.3.1,0.17.2,0.46.1
3,VQE HeH+ 2Q,2,FakeSherbrooke,127,104,4000,400,0.0393,0.9607,PASS,,,CORRECT,,CORRECT,8,2,0.7,2.3.1,0.17.2,0.46.1
3,VQE HeH+ 2Q,2,FakeSherbrooke,127,105,4000,400,0.0433,0.9568,PASS,,,CORRECT,,CORRECT,8,2,1.5,2.3.1,0.17.2,0.46.1
3,VQE HeH+ 2Q,2,FakeSherbrooke,127,106,4000,400,0.0435,0.9565,PASS,,,CORRECT,,CORRECT,8,2,1.5,2.3.1,0.17.2,0.46.1
3,VQE HeH+ 2Q,2,FakeSherbrooke,127,107,4000,400,0.0417,0.9583,PASS,,,CORRECT,,CORRECT,8,2,1.7,2.3.1,0.17.2,0.46.1
3,VQE HeH+ 2Q,2,FakeSherbrooke,127,108,4000,400,0.04,0.96,PASS,,,CORRECT,,CORRECT,8,2,0.7,2.3.1,0.17.2,0.46.1
3,VQE HeH+ 2Q,2,FakeSherbrooke,127,109,4000,400,0.0427,0.9573,PASS,,,CORRECT,,CORRECT,8,2,0.4,2.3.1,0.17.2,0.46.1
3,VQE HeH+ 2Q,2,FakeSherbrooke,127,110,4000,400,0.043,0.957,PASS,,,CORRECT,,CORRECT,8,2,0.7,2.3.1,0.17.2,0.46.1
3,VQE HeH+ 2Q,2,FakeSherbrooke,127,111,4000,400,0.04,0.96,PASS,,,CORRECT,,CORRECT,8,2,1.7,2.3.1,0.17.2,0.46.1
3,VQE HeH+ 2Q,2,FakeSherbrooke,127,112,4000,400,0.0427,0.9573,PASS,,,CORRECT,,CORRECT,8,2,1.5,2.3.1,0.17.2,0.46.1
3,VQE HeH+ 2Q,2,FakeSherbrooke,127,113,4000,400,0.045,0.955,PASS,,,CORRECT,,CORRECT,8,2,0.9,2.3.1,0.17.2,0.46.1
3,VQE HeH+ 2Q,2,FakeSherbrooke,127,114,4000,400,0.0445,0.9555,PASS,,,CORRECT,,CORRECT,8,2,1.7,2.3.1,0.17.2,0.46.1
3,VQE HeH+ 2Q,2,FakeSherbrooke,127,115,4000,400,0.039,0.961,PASS,,,CORRECT,,CORRECT,8,2,0.7,2.3.1,0.17.2,0.46.1
3,VQE HeH+ 2Q,2,FakeSherbrooke,127,116,4000,400,0.0407,0.9593,PASS,,,CORRECT,,CORRECT,8,2,0.6,2.3.1,0.17.2,0.46.1
3,VQE HeH+ 2Q,2,FakeSherbrooke,127,117,4000,400,0.0367,0.9633,PASS,,,CORRECT,,CORRECT,8,2,1.8,2.3.1,0.17.2,0.46.1
3,VQE HeH+ 2Q,2,FakeSherbrooke,127,118,4000,400,0.0445,0.9555,PASS,,,CORRECT,,CORRECT,8,2,2.4,2.3.1,0.17.2,0.46.1
3,VQE HeH+ 2Q,2,FakeSherbrooke,127,119,4000,400,0.039,0.961,PASS,,,CORRECT,,CORRECT,8,2,1.5,2.3.1,0.17.2,0.46.1
4,GHZ-4,4,FakeSherbrooke,127,20,8192,819,0.0878,0.9122,PASS,,,CORRECT,,CORRECT,12,3,0.6,2.3.1,0.17.2,0.46.1
4,GHZ-4,4,FakeSherbrooke,127,21,8192,819,0.0907,0.9093,PASS,,,CORRECT,,CORRECT,12,3,0.7,2.3.1,0.17.2,0.46.1
4,GHZ-4,4,FakeSherbrooke,127,22,8192,819,0.0887,0.9112,PASS,,,CORRECT,,CORRECT,12,3,2.5,2.3.1,0.17.2,0.46.1
4,GHZ-4,4,FakeSherbrooke,127,23,8192,819,0.0887,0.9112,PASS,,,CORRECT,,CORRECT,12,3,1.6,2.3.1,0.17.2,0.46.1
4,GHZ-4,4,FakeSherbrooke,127,24,8192,819,0.0862,0.9138,PASS,,,CORRECT,,CORRECT,12,3,1.4,2.3.1,0.17.2,0.46.1
4,GHZ-4,4,FakeSherbrooke,127,25,8192,819,0.0947,0.9053,PASS,,,CORRECT,,CORRECT,12,3,0.8,2.3.1,0.17.2,0.46.1
4,GHZ-4,4,FakeSherbrooke,127,26,8192,819,0.0895,0.9105,PASS,,,CORRECT,,CORRECT,12,3,0.8,2.3.1,0.17.2,0.46.1
4,GHZ-4,4,FakeSherbrooke,127,27,8192,819,0.0886,0.9114,PASS,,,CORRECT,,CORRECT,12,3,1.7,2.3.1,0.17.2,0.46.1
4,GHZ-4,4,FakeSherbrooke,127,28,8192,819,0.0931,0.9068,PASS,,,CORRECT,,CORRECT,12,3,1.9,2.3.1,0.17.2,0.46.1
4,GHZ-4,4,FakeSherbrooke,127,29,8192,819,0.0897,0.9103,PASS,,,CORRECT,,CORRECT,12,3,1.3,2.3.1,0.17.2,0.46.1
4,GHZ-4,4,FakeSherbrooke,127,30,8192,819,0.085,0.915,PASS,,,CORRECT,,CORRECT,12,3,1.0,2.3.1,0.17.2,0.46.1
4,GHZ-4,4,FakeSherbrooke,127,31,8192,819,0.0862,0.9137,PASS,,,CORRECT,,CORRECT,12,3,0.6,2.3.1,0.17.2,0.46.1
4,GHZ-4,4,FakeSherbrooke,127,32,8192,819,0.0942,0.9058,PASS,,,CORRECT,,CORRECT,12,3,1.6,2.3.1,0.17.2,0.46.1
4,GHZ-4,4,FakeSherbrooke,127,33,8192,819,0.0842,0.9158,PASS,,,CORRECT,,CORRECT,12,3,1.9,2.3.1,0.17.2,0.46.1
4,GHZ-4,4,FakeSherbrooke,127,34,8192,819,0.0864,0.9136,PASS,,,CORRECT,,CORRECT,12,3,2.1,2.3.1,0.17.2,0.46.1
4,GHZ-4,4,FakeSherbrooke,127,35,8192,819,0.0875,0.9125,PASS,,,CORRECT,,CORRECT,12,3,1.0,2.3.1,0.17.2,0.46.1
4,GHZ-4,4,FakeSherbrooke,127,36,8192,819,0.0833,0.9167,PASS,,,CORRECT,,CORRECT,12,3,0.5,2.3.1,0.17.2,0.46.1
4,GHZ-4,4,FakeSherbrooke,127,37,8192,819,0.0892,0.9107,PASS,,,CORRECT,,CORRECT,12,3,1.3,2.3.1,0.17.2,0.46.1
4,GHZ-4,4,FakeSherbrooke,127,38,8192,819,0.0879,0.912,PASS,,,CORRECT,,CORRECT,12,3,1.5,2.3.1,0.17.2,0.46.1
4,GHZ-4,4,FakeSherbrooke,127,39,8192,819,0.089,0.911,PASS,,,CORRECT,,CORRECT,12,3,0.8,2.3.1,0.17.2,0.46.1
4,GHZ-4,4,FakeSherbrooke,127,40,8192,819,0.0924,0.9076,PASS,,,CORRECT,,CORRECT,12,3,0.7,2.3.1,0.17.2,0.46.1
4,GHZ-4,4,FakeSherbrooke,127,41,8192,819,0.0892,0.9108,PASS,,,CORRECT,,CORRECT,12,3,0.7,2.3.1,0.17.2,0.46.1
4,GHZ-4,4,FakeSherbrooke,127,42,8192,819,0.0867,0.9133,PASS,,,CORRECT,,CORRECT,12,3,0.8,2.3.1,0.17.2,0.46.1
4,GHZ-4,4,FakeSherbrooke,127,43,8192,819,0.0847,0.9152,PASS,,,CORRECT,,CORRECT,12,3,0.5,2.3.1,0.17.2,0.46.1
4,GHZ-4,4,FakeSherbrooke,127,44,8192,819,0.0907,0.9093,PASS,,,CORRECT,,CORRECT,12,3,0.5,2.3.1,0.17.2,0.46.1
4,GHZ-4,4,FakeSherbrooke,127,45,8192,819,0.0939,0.9061,PASS,,,CORRECT,,CORRECT,12,3,1.4,2.3.1,0.17.2,0.46.1
4,GHZ-4,4,FakeSherbrooke,127,46,8192,819,0.0861,0.9139,PASS,,,CORRECT,,CORRECT,12,3,1.2,2.3.1,0.17.2,0.46.1
4,GHZ-4,4,FakeSherbrooke,127,47,8192,819,0.0953,0.9046,PASS,,,CORRECT,,CORRECT,12,3,1.5,2.3.1,0.17.2,0.46.1
4,GHZ-4,4,FakeSherbrooke,127,48,8192,819,0.0802,0.9197,PASS,,,CORRECT,,CORRECT,12,3,1.9,2.3.1,0.17.2,0.46.1
4,GHZ-4,4,FakeSherbrooke,127,49,8192,819,0.0967,0.9033,PASS,,,CORRECT,,CORRECT,12,3,0.6,2.3.1,0.17.2,0.46.1
4,GHZ-4,4,FakeSherbrooke,127,50,8192,819,0.0844,0.9156,PASS,,,CORRECT,,CORRECT,12,3,0.7,2.3.1,0.17.2,0.46.1
4,GHZ-4,4,FakeSherbrooke,127,51,8192,819,0.0861,0.9139,PASS,,,CORRECT,,CORRECT,12,3,1.2,2.3.1,0.17.2,0.46.1
4,GHZ-4,4,FakeSherbrooke,127,52,8192,819,0.0897,0.9103,PASS,,,CORRECT,,CORRECT,12,3,1.8,2.3.1,0.17.2,0.46.1
4,GHZ-4,4,FakeSherbrooke,127,53,8192,819,0.09,0.91,PASS,,,CORRECT,,CORRECT,12,3,1.2,2.3.1,0.17.2,0.46.1
4,GHZ-4,4,FakeSherbrooke,127,54,8192,819,0.0896,0.9104,PASS,,,CORRECT,,CORRECT,12,3,1.2,2.3.1,0.17.2,0.46.1
4,GHZ-4,4,FakeSherbrooke,127,55,8192,819,0.0845,0.9154,PASS,,,CORRECT,,CORRECT,12,3,0.9,2.3.1,0.17.2,0.46.1
4,GHZ-4,4,FakeSherbrooke,127,56,8192,819,0.0837,0.9162,PASS,,,CORRECT,,CORRECT,12,3,0.4,2.3.1,0.17.2,0.46.1
4,GHZ-4,4,FakeSherbrooke,127,57,8192,819,0.0895,0.9105,PASS,,,CORRECT,,CORRECT,12,3,1.2,2.3.1,0.17.2,0.46.1
4,GHZ-4,4,FakeSherbrooke,127,58,8192,819,0.0862,0.9137,PASS,,,CORRECT,,CORRECT,12,3,2.2,2.3.1,0.17.2,0.46.1
4,GHZ-4,4,FakeSherbrooke,127,59,8192,819,0.0809,0.919,PASS,,,CORRECT,,CORRECT,12,3,1.6,2.3.1,0.17.2,0.46.1
4,GHZ-4,4,FakeSherbrooke,127,60,8192,819,0.0845,0.9155,PASS,,,CORRECT,,CORRECT,12,3,0.9,2.3.1,0.17.2,0.46.1
4,GHZ-4,4,FakeSherbrooke,127,61,8192,819,0.0883,0.9117,PASS,,,CORRECT,,CORRECT,12,3,0.8,2.3.1,0.17.2,0.46.1
4,GHZ-4,4,FakeSherbrooke,127,62,8192,819,0.0844,0.9156,PASS,,,CORRECT,,CORRECT,12,3,0.7,2.3.1,0.17.2,0.46.1
4,GHZ-4,4,FakeSherbrooke,127,63,8192,819,0.0865,0.9134,PASS,,,CORRECT,,CORRECT,12,3,0.9,2.3.1,0.17.2,0.46.1
4,GHZ-4,4,FakeSherbrooke,127,64,8192,819,0.0787,0.9212,PASS,,,CORRECT,,CORRECT,12,3,1.3,2.3.1,0.17.2,0.46.1
4,GHZ-4,4,FakeSherbrooke,127,65,8192,819,0.0892,0.9107,PASS,,,CORRECT,,CORRECT,12,3,1.5,2.3.1,0.17.2,0.46.1
4,GHZ-4,4,FakeSherbrooke,127,66,8192,819,0.0898,0.9101,PASS,,,CORRECT,,CORRECT,12,3,1.0,2.3.1,0.17.2,0.46.1
4,GHZ-4,4,FakeSherbrooke,127,67,8192,819,0.0906,0.9094,PASS,,,CORRECT,,CORRECT,12,3,0.7,2.3.1,0.17.2,0.46.1
4,GHZ-4,4,FakeSherbrooke,127,68,8192,819,0.0867,0.9133,PASS,,,CORRECT,,CORRECT,12,3,0.8,2.3.1,0.17.2,0.46.1
4,GHZ-4,4,FakeSherbrooke,127,69,8192,819,0.0881,0.9119,PASS,,,CORRECT,,CORRECT,12,3,0.5,2.3.1,0.17.2,0.46.1
4,GHZ-4,4,FakeSherbrooke,127,70,8192,819,0.088,0.912,PASS,,,CORRECT,,CORRECT,12,3,0.6,2.3.1,0.17.2,0.46.1
4,GHZ-4,4,FakeSherbrooke,127,71,8192,819,0.0907,0.9093,PASS,,,CORRECT,,CORRECT,12,3,0.9,2.3.1,0.17.2,0.46.1
4,GHZ-4,4,FakeSherbrooke,127,72,8192,819,0.088,0.9119,PASS,,,CORRECT,,CORRECT,12,3,1.5,2.3.1,0.17.2,0.46.1
4,GHZ-4,4,FakeSherbrooke,127,73,8192,819,0.0858,0.9141,PASS,,,CORRECT,,CORRECT,12,3,0.9,2.3.1,0.17.2,0.46.1
4,GHZ-4,4,FakeSherbrooke,127,74,8192,819,0.0911,0.9089,PASS,,,CORRECT,,CORRECT,12,3,1.4,2.3.1,0.17.2,0.46.1
4,GHZ-4,4,FakeSherbrooke,127,75,8192,819,0.089,0.911,PASS,,,CORRECT,,CORRECT,12,3,1.7,2.3.1,0.17.2,0.46.1
4,GHZ-4,4,FakeSherbrooke,127,76,8192,819,0.0869,0.913,PASS,,,CORRECT,,CORRECT,12,3,0.8,2.3.1,0.17.2,0.46.1
4,GHZ-4,4,FakeSherbrooke,127,77,8192,819,0.0883,0.9117,PASS,,,CORRECT,,CORRECT,12,3,1.5,2.3.1,0.17.2,0.46.1
4,GHZ-4,4,FakeSherbrooke,127,78,8192,819,0.0931,0.9068,PASS,,,CORRECT,,CORRECT,12,3,0.9,2.3.1,0.17.2,0.46.1
4,GHZ-4,4,FakeSherbrooke,127,79,8192,819,0.0912,0.9088,PASS,,,CORRECT,,CORRECT,12,3,0.6,2.3.1,0.17.2,0.46.1
4,GHZ-4,4,FakeSherbrooke,127,80,8192,819,0.0895,0.9104,PASS,,,CORRECT,,CORRECT,12,3,0.7,2.3.1,0.17.2,0.46.1
4,GHZ-4,4,FakeSherbrooke,127,81,8192,819,0.0872,0.9128,PASS,,,CORRECT,,CORRECT,12,3,0.8,2.3.1,0.17.2,0.46.1
4,GHZ-4,4,FakeSherbrooke,127,82,8192,819,0.0839,0.9161,PASS,,,CORRECT,,CORRECT,12,3,1.3,2.3.1,0.17.2,0.46.1
4,GHZ-4,4,FakeSherbrooke,127,83,8192,819,0.0852,0.9148,PASS,,,CORRECT,,CORRECT,12,3,0.7,2.3.1,0.17.2,0.46.1
4,GHZ-4,4,FakeSherbrooke,127,84,8192,819,0.0894,0.9106,PASS,,,CORRECT,,CORRECT,12,3,1.9,2.3.1,0.17.2,0.46.1
4,GHZ-4,4,FakeSherbrooke,127,85,8192,819,0.0872,0.9127,PASS,,,CORRECT,,CORRECT,12,3,1.9,2.3.1,0.17.2,0.46.1
4,GHZ-4,4,FakeSherbrooke,127,86,8192,819,0.0868,0.9132,PASS,,,CORRECT,,CORRECT,12,3,0.9,2.3.1,0.17.2,0.46.1
4,GHZ-4,4,FakeSherbrooke,127,87,8192,819,0.0895,0.9105,PASS,,,CORRECT,,CORRECT,12,3,0.7,2.3.1,0.17.2,0.46.1
4,GHZ-4,4,FakeSherbrooke,127,88,8192,819,0.0894,0.9106,PASS,,,CORRECT,,CORRECT,12,3,0.8,2.3.1,0.17.2,0.46.1
4,GHZ-4,4,FakeSherbrooke,127,89,8192,819,0.0919,0.9081,PASS,,,CORRECT,,CORRECT,12,3,0.6,2.3.1,0.17.2,0.46.1
4,GHZ-4,4,FakeSherbrooke,127,90,8192,819,0.0924,0.9076,PASS,,,CORRECT,,CORRECT,12,3,0.7,2.3.1,0.17.2,0.46.1
4,GHZ-4,4,FakeSherbrooke,127,91,8192,819,0.0879,0.9121,PASS,,,CORRECT,,CORRECT,12,3,1.6,2.3.1,0.17.2,0.46.1
4,GHZ-4,4,FakeSherbrooke,127,92,8192,819,0.0903,0.9097,PASS,,,CORRECT,,CORRECT,12,3,1.3,2.3.1,0.17.2,0.46.1
4,GHZ-4,4,FakeSherbrooke,127,93,8192,819,0.089,0.911,PASS,,,CORRECT,,CORRECT,12,3,1.1,2.3.1,0.17.2,0.46.1
4,GHZ-4,4,FakeSherbrooke,127,94,8192,819,0.0889,0.9111,PASS,,,CORRECT,,CORRECT,12,3,0.8,2.3.1,0.17.2,0.46.1
4,GHZ-4,4,FakeSherbrooke,127,95,8192,819,0.0941,0.9059,PASS,,,CORRECT,,CORRECT,12,3,0.8,2.3.1,0.17.2,0.46.1
4,GHZ-4,4,FakeSherbrooke,127,96,8192,819,0.093,0.907,PASS,,,CORRECT,,CORRECT,12,3,0.6,2.3.1,0.17.2,0.46.1
4,GHZ-4,4,FakeSherbrooke,127,97,8192,819,0.0891,0.9109,PASS,,,CORRECT,,CORRECT,12,3,1.8,2.3.1,0.17.2,0.46.1
4,GHZ-4,4,FakeSherbrooke,127,98,8192,819,0.0939,0.9061,PASS,,,CORRECT,,CORRECT,12,3,1.4,2.3.1,0.17.2,0.46.1
4,GHZ-4,4,FakeSherbrooke,127,99,8192,819,0.0927,0.9073,PASS,,,CORRECT,,CORRECT,12,3,0.9,2.3.1,0.17.2,0.46.1
4,GHZ-4,4,FakeSherbrooke,127,100,8192,819,0.0841,0.9159,PASS,,,CORRECT,,CORRECT,12,3,0.8,2.3.1,0.17.2,0.46.1
4,GHZ-4,4,FakeSherbrooke,127,101,8192,819,0.088,0.912,PASS,,,CORRECT,,CORRECT,12,3,0.7,2.3.1,0.17.2,0.46.1
4,GHZ-4,4,FakeSherbrooke,127,102,8192,819,0.0919,0.9081,PASS,,,CORRECT,,CORRECT,12,3,0.8,2.3.1,0.17.2,0.46.1
4,GHZ-4,4,FakeSherbrooke,127,103,8192,819,0.0853,0.9147,PASS,,,CORRECT,,CORRECT,12,3,0.8,2.3.1,0.17.2,0.46.1
4,GHZ-4,4,FakeSherbrooke,127,104,8192,819,0.0906,0.9094,PASS,,,CORRECT,,CORRECT,12,3,1.5,2.3.1,0.17.2,0.46.1
4,GHZ-4,4,FakeSherbrooke,127,105,8192,819,0.0851,0.9148,PASS,,,CORRECT,,CORRECT,12,3,0.9,2.3.1,0.17.2,0.46.1
4,GHZ-4,4,FakeSherbrooke,127,106,8192,819,0.0811,0.9189,PASS,,,CORRECT,,CORRECT,12,3,0.7,2.3.1,0.17.2,0.46.1
4,GHZ-4,4,FakeSherbrooke,127,107,8192,819,0.0881,0.9119,PASS,,,CORRECT,,CORRECT,12,3,0.8,2.3.1,0.17.2,0.46.1
4,GHZ-4,4,FakeSherbrooke,127,108,8192,819,0.0818,0.9182,PASS,,,CORRECT,,CORRECT,12,3,0.7,2.3.1,0.17.2,0.46.1
4,GHZ-4,4,FakeSherbrooke,127,109,8192,819,0.0884,0.9116,PASS,,,CORRECT,,CORRECT,12,3,0.5,2.3.1,0.17.2,0.46.1
4,GHZ-4,4,FakeSherbrooke,127,110,8192,819,0.0916,0.9084,PASS,,,CORRECT,,CORRECT,12,3,0.8,2.3.1,0.17.2,0.46.1
4,GHZ-4,4,FakeSherbrooke,127,111,8192,819,0.0889,0.9111,PASS,,,CORRECT,,CORRECT,12,3,1.5,2.3.1,0.17.2,0.46.1
4,GHZ-4,4,FakeSherbrooke,127,112,8192,819,0.0884,0.9116,PASS,,,CORRECT,,CORRECT,12,3,2.1,2.3.1,0.17.2,0.46.1
4,GHZ-4,4,FakeSherbrooke,127,113,8192,819,0.093,0.907,PASS,,,CORRECT,,CORRECT,12,3,1.4,2.3.1,0.17.2,0.46.1
4,GHZ-4,4,FakeSherbrooke,127,114,8192,819,0.0942,0.9058,PASS,,,CORRECT,,CORRECT,12,3,0.8,2.3.1,0.17.2,0.46.1
4,GHZ-4,4,FakeSherbrooke,127,115,8192,819,0.0823,0.9177,PASS,,,CORRECT,,CORRECT,12,3,1.1,2.3.1,0.17.2,0.46.1
4,GHZ-4,4,FakeSherbrooke,127,116,8192,819,0.0889,0.9111,PASS,,,CORRECT,,CORRECT,12,3,1.2,2.3.1,0.17.2,0.46.1
4,GHZ-4,4,FakeSherbrooke,127,117,8192,819,0.0897,0.9102,PASS,,,CORRECT,,CORRECT,12,3,1.4,2.3.1,0.17.2,0.46.1
4,GHZ-4,4,FakeSherbrooke,127,118,8192,819,0.0898,0.9102,PASS,,,CORRECT,,CORRECT,12,3,1.4,2.3.1,0.17.2,0.46.1
4,GHZ-4,4,FakeSherbrooke,127,119,8192,819,0.0945,0.9055,PASS,,,CORRECT,,CORRECT,12,3,0.6,2.3.1,0.17.2,0.46.1
5,GHZ-5,5,FakeSherbrooke,127,20,1024,102,0.1191,0.8808,PASS,,,CORRECT,,CORRECT,14,4,0.6,2.3.1,0.17.2,0.46.1
5,GHZ-5,5,FakeSherbrooke,127,21,1024,102,0.1006,0.899,PASS,,,CORRECT,,CORRECT,14,4,0.5,2.3.1,0.17.2,0.46.1
5,GHZ-5,5,FakeSherbrooke,127,22,1024,102,0.1152,0.8847,PASS,,,CORRECT,,CORRECT,14,4,1.0,2.3.1,0.17.2,0.46.1
5,GHZ-5,5,FakeSherbrooke,127,23,1024,102,0.1113,0.8887,PASS,,,CORRECT,,CORRECT,14,4,1.3,2.3.1,0.17.2,0.46.1
5,GHZ-5,5,FakeSherbrooke,127,24,1024,102,0.1133,0.8866,PASS,,,CORRECT,,CORRECT,14,4,1.4,2.3.1,0.17.2,0.46.1
5,GHZ-5,5,FakeSherbrooke,127,25,1024,102,0.1074,0.8926,PASS,,,CORRECT,,CORRECT,14,4,1.4,2.3.1,0.17.2,0.46.1
5,GHZ-5,5,FakeSherbrooke,127,26,1024,102,0.1123,0.8874,PASS,,,CORRECT,,CORRECT,14,4,1.1,2.3.1,0.17.2,0.46.1
5,GHZ-5,5,FakeSherbrooke,127,27,1024,102,0.1191,0.8806,PASS,,,CORRECT,,CORRECT,14,4,0.7,2.3.1,0.17.2,0.46.1
5,GHZ-5,5,FakeSherbrooke,127,28,1024,102,0.1055,0.8945,PASS,,,CORRECT,,CORRECT,14,4,0.9,2.3.1,0.17.2,0.46.1
5,GHZ-5,5,FakeSherbrooke,127,29,1024,102,0.1094,0.8906,PASS,,,CORRECT,,CORRECT,14,4,0.6,2.3.1,0.17.2,0.46.1
5,GHZ-5,5,FakeSherbrooke,127,30,1024,102,0.1035,0.8959,PASS,,,CORRECT,,CORRECT,14,4,1.2,2.3.1,0.17.2,0.46.1
5,GHZ-5,5,FakeSherbrooke,127,31,1024,102,0.1152,0.8846,PASS,,,CORRECT,,CORRECT,14,4,1.1,2.3.1,0.17.2,0.46.1
5,GHZ-5,5,FakeSherbrooke,127,32,1024,102,0.0986,0.9013,PASS,,,CORRECT,,CORRECT,14,4,1.5,2.3.1,0.17.2,0.46.1
5,GHZ-5,5,FakeSherbrooke,127,33,1024,102,0.1201,0.878,PASS,,,CORRECT,,CORRECT,14,4,0.6,2.3.1,0.17.2,0.46.1
5,GHZ-5,5,FakeSherbrooke,127,34,1024,102,0.1162,0.8837,PASS,,,CORRECT,,CORRECT,14,4,0.7,2.3.1,0.17.2,0.46.1
5,GHZ-5,5,FakeSherbrooke,127,35,1024,102,0.125,0.8747,PASS,,,CORRECT,,CORRECT,14,4,0.8,2.3.1,0.17.2,0.46.1
5,GHZ-5,5,FakeSherbrooke,127,36,1024,102,0.1162,0.883,PASS,,,CORRECT,,CORRECT,14,4,0.7,2.3.1,0.17.2,0.46.1
5,GHZ-5,5,FakeSherbrooke,127,37,1024,102,0.1094,0.8903,PASS,,,CORRECT,,CORRECT,14,4,1.8,2.3.1,0.17.2,0.46.1
5,GHZ-5,5,FakeSherbrooke,127,38,1024,102,0.1211,0.8789,PASS,,,CORRECT,,CORRECT,14,4,1.3,2.3.1,0.17.2,0.46.1
5,GHZ-5,5,FakeSherbrooke,127,39,1024,102,0.1123,0.8877,PASS,,,CORRECT,,CORRECT,14,4,1.2,2.3.1,0.17.2,0.46.1
5,GHZ-5,5,FakeSherbrooke,127,40,1024,102,0.1074,0.8911,PASS,,,CORRECT,,CORRECT,14,4,1.0,2.3.1,0.17.2,0.46.1
5,GHZ-5,5,FakeSherbrooke,127,41,1024,102,0.1143,0.8851,PASS,,,CORRECT,,CORRECT,14,4,0.6,2.3.1,0.17.2,0.46.1
5,GHZ-5,5,FakeSherbrooke,127,42,1024,102,0.1221,0.8777,PASS,,,CORRECT,,CORRECT,14,4,0.7,2.3.1,0.17.2,0.46.1
5,GHZ-5,5,FakeSherbrooke,127,43,1024,102,0.1191,0.8809,PASS,,,CORRECT,,CORRECT,14,4,0.9,2.3.1,0.17.2,0.46.1
5,GHZ-5,5,FakeSherbrooke,127,44,1024,102,0.1172,0.8828,PASS,,,CORRECT,,CORRECT,14,4,1.6,2.3.1,0.17.2,0.46.1
5,GHZ-5,5,FakeSherbrooke,127,45,1024,102,0.1123,0.8877,PASS,,,CORRECT,,CORRECT,14,4,2.1,2.3.1,0.17.2,0.46.1
5,GHZ-5,5,FakeSherbrooke,127,46,1024,102,0.1123,0.8877,PASS,,,CORRECT,,CORRECT,14,4,1.3,2.3.1,0.17.2,0.46.1
5,GHZ-5,5,FakeSherbrooke,127,47,1024,102,0.1084,0.8916,PASS,,,CORRECT,,CORRECT,14,4,0.6,2.3.1,0.17.2,0.46.1
5,GHZ-5,5,FakeSherbrooke,127,48,1024,102,0.1201,0.8794,PASS,,,CORRECT,,CORRECT,14,4,1.3,2.3.1,0.17.2,0.46.1
5,GHZ-5,5,FakeSherbrooke,127,49,1024,102,0.1133,0.8866,PASS,,,CORRECT,,CORRECT,14,4,1.2,2.3.1,0.17.2,0.46.1
5,GHZ-5,5,FakeSherbrooke,127,50,1024,102,0.1445,0.8554,PASS,,,CORRECT,,CORRECT,14,4,1.2,2.3.1,0.17.2,0.46.1
5,GHZ-5,5,FakeSherbrooke,127,51,1024,102,0.1416,0.8582,PASS,,,CORRECT,,CORRECT,14,4,1.7,2.3.1,0.17.2,0.46.1
5,GHZ-5,5,FakeSherbrooke,127,52,1024,102,0.125,0.8748,PASS,,,CORRECT,,CORRECT,14,4,1.6,2.3.1,0.17.2,0.46.1
5,GHZ-5,5,FakeSherbrooke,127,53,1024,102,0.1133,0.8866,PASS,,,CORRECT,,CORRECT,14,4,0.5,2.3.1,0.17.2,0.46.1
5,GHZ-5,5,FakeSherbrooke,127,54,1024,102,0.1299,0.8701,PASS,,,CORRECT,,CORRECT,14,4,1.5,2.3.1,0.17.2,0.46.1
5,GHZ-5,5,FakeSherbrooke,127,55,1024,102,0.1152,0.8846,PASS,,,CORRECT,,CORRECT,14,4,2.1,2.3.1,0.17.2,0.46.1
5,GHZ-5,5,FakeSherbrooke,127,56,1024,102,0.1201,0.8798,PASS,,,CORRECT,,CORRECT,14,4,1.8,2.3.1,0.17.2,0.46.1
5,GHZ-5,5,FakeSherbrooke,127,57,1024,102,0.1211,0.8788,PASS,,,CORRECT,,CORRECT,14,4,0.9,2.3.1,0.17.2,0.46.1
5,GHZ-5,5,FakeSherbrooke,127,58,1024,102,0.0977,0.9019,PASS,,,CORRECT,,CORRECT,14,4,0.7,2.3.1,0.17.2,0.46.1
5,GHZ-5,5,FakeSherbrooke,127,59,1024,102,0.1162,0.8838,PASS,,,CORRECT,,CORRECT,14,4,1.2,2.3.1,0.17.2,0.46.1
5,GHZ-5,5,FakeSherbrooke,127,60,1024,102,0.1152,0.8843,PASS,,,CORRECT,,CORRECT,14,4,1.0,2.3.1,0.17.2,0.46.1
5,GHZ-5,5,FakeSherbrooke,127,61,1024,102,0.123,0.8769,PASS,,,CORRECT,,CORRECT,14,4,2.1,2.3.1,0.17.2,0.46.1
5,GHZ-5,5,FakeSherbrooke,127,62,1024,102,0.0918,0.9082,PASS,,,CORRECT,,CORRECT,14,4,2.2,2.3.1,0.17.2,0.46.1
5,GHZ-5,5,FakeSherbrooke,127,63,1024,102,0.1201,0.8789,PASS,,,CORRECT,,CORRECT,14,4,0.5,2.3.1,0.17.2,0.46.1
5,GHZ-5,5,FakeSherbrooke,127,64,1024,102,0.1055,0.8945,PASS,,,CORRECT,,CORRECT,14,4,0.7,2.3.1,0.17.2,0.46.1
5,GHZ-5,5,FakeSherbrooke,127,65,1024,102,0.1211,0.8786,PASS,,,CORRECT,,CORRECT,14,4,1.3,2.3.1,0.17.2,0.46.1
5,GHZ-5,5,FakeSherbrooke,127,66,1024,102,0.1104,0.8891,PASS,,,CORRECT,,CORRECT,14,4,1.2,2.3.1,0.17.2,0.46.1
5,GHZ-5,5,FakeSherbrooke,127,67,1024,102,0.1201,0.8798,PASS,,,CORRECT,,CORRECT,14,4,1.5,2.3.1,0.17.2,0.46.1
5,GHZ-5,5,FakeSherbrooke,127,68,1024,102,0.1113,0.8886,PASS,,,CORRECT,,CORRECT,14,4,1.6,2.3.1,0.17.2,0.46.1
5,GHZ-5,5,FakeSherbrooke,127,69,1024,102,0.1309,0.8691,PASS,,,CORRECT,,CORRECT,14,4,0.7,2.3.1,0.17.2,0.46.1
5,GHZ-5,5,FakeSherbrooke,127,70,1024,102,0.125,0.8748,PASS,,,CORRECT,,CORRECT,14,4,0.6,2.3.1,0.17.2,0.46.1
5,GHZ-5,5,FakeSherbrooke,127,71,1024,102,0.1055,0.8944,PASS,,,CORRECT,,CORRECT,14,4,1.4,2.3.1,0.17.2,0.46.1
5,GHZ-5,5,FakeSherbrooke,127,72,1024,102,0.1074,0.8923,PASS,,,CORRECT,,CORRECT,14,4,2.2,2.3.1,0.17.2,0.46.1
5,GHZ-5,5,FakeSherbrooke,127,73,1024,102,0.1152,0.8846,PASS,,,CORRECT,,CORRECT,14,4,1.5,2.3.1,0.17.2,0.46.1
5,GHZ-5,5,FakeSherbrooke,127,74,1024,102,0.1191,0.8802,PASS,,,CORRECT,,CORRECT,14,4,1.0,2.3.1,0.17.2,0.46.1
5,GHZ-5,5,FakeSherbrooke,127,75,1024,102,0.1133,0.8867,PASS,,,CORRECT,,CORRECT,14,4,0.9,2.3.1,0.17.2,0.46.1
5,GHZ-5,5,FakeSherbrooke,127,76,1024,102,0.1094,0.8905,PASS,,,CORRECT,,CORRECT,14,4,0.8,2.3.1,0.17.2,0.46.1
5,GHZ-5,5,FakeSherbrooke,127,77,1024,102,0.1133,0.8859,PASS,,,CORRECT,,CORRECT,14,4,1.3,2.3.1,0.17.2,0.46.1
5,GHZ-5,5,FakeSherbrooke,127,78,1024,102,0.1328,0.8671,PASS,,,CORRECT,,CORRECT,14,4,1.9,2.3.1,0.17.2,0.46.1
5,GHZ-5,5,FakeSherbrooke,127,79,1024,102,0.1201,0.8797,PASS,,,CORRECT,,CORRECT,14,4,0.9,2.3.1,0.17.2,0.46.1
5,GHZ-5,5,FakeSherbrooke,127,80,1024,102,0.1104,0.8896,PASS,,,CORRECT,,CORRECT,14,4,0.7,2.3.1,0.17.2,0.46.1
5,GHZ-5,5,FakeSherbrooke,127,81,1024,102,0.1289,0.8711,PASS,,,CORRECT,,CORRECT,14,4,0.7,2.3.1,0.17.2,0.46.1
5,GHZ-5,5,FakeSherbrooke,127,82,1024,102,0.126,0.874,PASS,,,CORRECT,,CORRECT,14,4,1.6,2.3.1,0.17.2,0.46.1
5,GHZ-5,5,FakeSherbrooke,127,83,1024,102,0.1123,0.8875,PASS,,,CORRECT,,CORRECT,14,4,1.0,2.3.1,0.17.2,0.46.1
5,GHZ-5,5,FakeSherbrooke,127,84,1024,102,0.1094,0.8906,PASS,,,CORRECT,,CORRECT,14,4,0.8,2.3.1,0.17.2,0.46.1
5,GHZ-5,5,FakeSherbrooke,127,85,1024,102,0.1074,0.8924,PASS,,,CORRECT,,CORRECT,14,4,1.7,2.3.1,0.17.2,0.46.1
5,GHZ-5,5,FakeSherbrooke,127,86,1024,102,0.1172,0.8828,PASS,,,CORRECT,,CORRECT,14,4,0.8,2.3.1,0.17.2,0.46.1
5,GHZ-5,5,FakeSherbrooke,127,87,1024,102,0.1172,0.8827,PASS,,,CORRECT,,CORRECT,14,4,0.6,2.3.1,0.17.2,0.46.1
5,GHZ-5,5,FakeSherbrooke,127,88,1024,102,0.1152,0.8848,PASS,,,CORRECT,,CORRECT,14,4,0.8,2.3.1,0.17.2,0.46.1
5,GHZ-5,5,FakeSherbrooke,127,89,1024,102,0.1357,0.8641,PASS,,,CORRECT,,CORRECT,14,4,1.3,2.3.1,0.17.2,0.46.1
5,GHZ-5,5,FakeSherbrooke,127,90,1024,102,0.1172,0.8828,PASS,,,CORRECT,,CORRECT,14,4,1.5,2.3.1,0.17.2,0.46.1
5,GHZ-5,5,FakeSherbrooke,127,91,1024,102,0.1191,0.8808,PASS,,,CORRECT,,CORRECT,14,4,1.7,2.3.1,0.17.2,0.46.1
5,GHZ-5,5,FakeSherbrooke,127,92,1024,102,0.1289,0.8711,PASS,,,CORRECT,,CORRECT,14,4,1.0,2.3.1,0.17.2,0.46.1
5,GHZ-5,5,FakeSherbrooke,127,93,1024,102,0.1074,0.8924,PASS,,,CORRECT,,CORRECT,14,4,0.6,2.3.1,0.17.2,0.46.1
5,GHZ-5,5,FakeSherbrooke,127,94,1024,102,0.1104,0.8896,PASS,,,CORRECT,,CORRECT,14,4,0.8,2.3.1,0.17.2,0.46.1
5,GHZ-5,5,FakeSherbrooke,127,95,1024,102,0.1143,0.8857,PASS,,,CORRECT,,CORRECT,14,4,1.3,2.3.1,0.17.2,0.46.1
5,GHZ-5,5,FakeSherbrooke,127,96,1024,102,0.1084,0.8916,PASS,,,CORRECT,,CORRECT,14,4,1.3,2.3.1,0.17.2,0.46.1
5,GHZ-5,5,FakeSherbrooke,127,97,1024,102,0.1328,0.8669,PASS,,,CORRECT,,CORRECT,14,4,1.0,2.3.1,0.17.2,0.46.1
5,GHZ-5,5,FakeSherbrooke,127,98,1024,102,0.1152,0.8847,PASS,,,CORRECT,,CORRECT,14,4,0.9,2.3.1,0.17.2,0.46.1
5,GHZ-5,5,FakeSherbrooke,127,99,1024,102,0.1133,0.8866,PASS,,,CORRECT,,CORRECT,14,4,0.6,2.3.1,0.17.2,0.46.1
5,GHZ-5,5,FakeSherbrooke,127,100,1024,102,0.0947,0.905,PASS,,,CORRECT,,CORRECT,14,4,0.7,2.3.1,0.17.2,0.46.1
5,GHZ-5,5,FakeSherbrooke,127,101,1024,102,0.1064,0.8931,PASS,,,CORRECT,,CORRECT,14,4,0.8,2.3.1,0.17.2,0.46.1
5,GHZ-5,5,FakeSherbrooke,127,102,1024,102,0.1113,0.8887,PASS,,,CORRECT,,CORRECT,14,4,1.6,2.3.1,0.17.2,0.46.1
5,GHZ-5,5,FakeSherbrooke,127,103,1024,102,0.1191,0.8809,PASS,,,CORRECT,,CORRECT,14,4,1.3,2.3.1,0.17.2,0.46.1
5,GHZ-5,5,FakeSherbrooke,127,104,1024,102,0.1143,0.8855,PASS,,,CORRECT,,CORRECT,14,4,1.7,2.3.1,0.17.2,0.46.1
5,GHZ-5,5,FakeSherbrooke,127,105,1024,102,0.1035,0.8959,PASS,,,CORRECT,,CORRECT,14,4,1.1,2.3.1,0.17.2,0.46.1
5,GHZ-5,5,FakeSherbrooke,127,106,1024,102,0.125,0.8748,PASS,,,CORRECT,,CORRECT,14,4,0.5,2.3.1,0.17.2,0.46.1
5,GHZ-5,5,FakeSherbrooke,127,107,1024,102,0.125,0.8747,PASS,,,CORRECT,,CORRECT,14,4,0.7,2.3.1,0.17.2,0.46.1
5,GHZ-5,5,FakeSherbrooke,127,108,1024,102,0.0986,0.9013,PASS,,,CORRECT,,CORRECT,14,4,1.7,2.3.1,0.17.2,0.46.1
5,GHZ-5,5,FakeSherbrooke,127,109,1024,102,0.1133,0.8867,PASS,,,CORRECT,,CORRECT,14,4,1.2,2.3.1,0.17.2,0.46.1
5,GHZ-5,5,FakeSherbrooke,127,110,1024,102,0.1064,0.8933,PASS,,,CORRECT,,CORRECT,14,4,1.6,2.3.1,0.17.2,0.46.1
5,GHZ-5,5,FakeSherbrooke,127,111,1024,102,0.1045,0.8955,PASS,,,CORRECT,,CORRECT,14,4,1.3,2.3.1,0.17.2,0.46.1
5,GHZ-5,5,FakeSherbrooke,127,112,1024,102,0.1113,0.8885,PASS,,,CORRECT,,CORRECT,14,4,0.8,2.3.1,0.17.2,0.46.1
5,GHZ-5,5,FakeSherbrooke,127,113,1024,102,0.125,0.8749,PASS,,,CORRECT,,CORRECT,14,4,0.8,2.3.1,0.17.2,0.46.1
5,GHZ-5,5,FakeSherbrooke,127,114,1024,102,0.1123,0.8876,PASS,,,CORRECT,,CORRECT,14,4,1.8,2.3.1,0.17.2,0.46.1
5,GHZ-5,5,FakeSherbrooke,127,115,1024,102,0.1074,0.8925,PASS,,,CORRECT,,CORRECT,14,4,2.5,2.3.1,0.17.2,0.46.1
5,GHZ-5,5,FakeSherbrooke,127,116,1024,102,0.1084,0.8906,PASS,,,CORRECT,,CORRECT,14,4,0.9,2.3.1,0.17.2,0.46.1
5,GHZ-5,5,FakeSherbrooke,127,117,1024,102,0.1045,0.8952,PASS,,,CORRECT,,CORRECT,14,4,0.5,2.3.1,0.17.2,0.46.1
5,GHZ-5,5,FakeSherbrooke,127,118,1024,102,0.1221,0.8775,PASS,,,CORRECT,,CORRECT,14,4,0.9,2.3.1,0.17.2,0.46.1
5,GHZ-5,5,FakeSherbrooke,127,119,1024,102,0.1152,0.8837,PASS,,,CORRECT,,CORRECT,14,4,0.7,2.3.1,0.17.2,0.46.1
6,GHZ-6,6,FakeSherbrooke,127,20,128,100,0.1406,0.8559,PASS,,,CORRECT,,CORRECT,16,5,1.7,2.3.1,0.17.2,0.46.1
6,GHZ-6,6,FakeSherbrooke,127,21,128,100,0.1406,0.8587,PASS,,,CORRECT,,CORRECT,16,5,1.2,2.3.1,0.17.2,0.46.1
6,GHZ-6,6,FakeSherbrooke,127,22,128,100,0.1328,0.8667,PASS,,,CORRECT,,CORRECT,16,5,1.5,2.3.1,0.17.2,0.46.1
6,GHZ-6,6,FakeSherbrooke,127,23,128,100,0.1562,0.8437,PASS,,,CORRECT,,CORRECT,16,5,0.8,2.3.1,0.17.2,0.46.1
6,GHZ-6,6,FakeSherbrooke,127,24,128,100,0.2031,0.7968,PASS,,,CORRECT,,CORRECT,16,5,0.9,2.3.1,0.17.2,0.46.1
6,GHZ-6,6,FakeSherbrooke,127,25,128,100,0.1562,0.8431,PASS,,,CORRECT,,CORRECT,16,5,2.0,2.3.1,0.17.2,0.46.1
6,GHZ-6,6,FakeSherbrooke,127,26,128,100,0.1719,0.8275,PASS,,,CORRECT,,CORRECT,16,5,1.6,2.3.1,0.17.2,0.46.1
6,GHZ-6,6,FakeSherbrooke,127,27,128,100,0.1797,0.8172,PASS,,,CORRECT,,CORRECT,16,5,0.8,2.3.1,0.17.2,0.46.1
6,GHZ-6,6,FakeSherbrooke,127,28,128,100,0.1406,0.8582,PASS,,,CORRECT,,CORRECT,16,5,0.8,2.3.1,0.17.2,0.46.1
6,GHZ-6,6,FakeSherbrooke,127,29,128,100,0.1719,0.8269,PASS,,,CORRECT,,CORRECT,16,5,0.6,2.3.1,0.17.2,0.46.1
6,GHZ-6,6,FakeSherbrooke,127,30,128,100,0.1328,0.8663,PASS,,,CORRECT,,CORRECT,16,5,0.5,2.3.1,0.17.2,0.46.1
6,GHZ-6,6,FakeSherbrooke,127,31,128,100,0.2266,0.771,PASS,,,CORRECT,,CORRECT,16,5,0.5,2.3.1,0.17.2,0.46.1
6,GHZ-6,6,FakeSherbrooke,127,32,128,100,0.1875,0.8118,PASS,,,CORRECT,,CORRECT,16,5,1.8,2.3.1,0.17.2,0.46.1
6,GHZ-6,6,FakeSherbrooke,127,33,128,100,0.1719,0.8234,PASS,,,CORRECT,,CORRECT,16,5,1.4,2.3.1,0.17.2,0.46.1
6,GHZ-6,6,FakeSherbrooke,127,34,128,100,0.1797,0.8188,PASS,,,CORRECT,,CORRECT,16,5,1.1,2.3.1,0.17.2,0.46.1
6,GHZ-6,6,FakeSherbrooke,127,35,128,100,0.2031,0.818,PASS,,,CORRECT,,CORRECT,16,5,1.2,2.3.1,0.17.2,0.46.1
6,GHZ-6,6,FakeSherbrooke,127,36,128,100,0.1328,0.867,PASS,,,CORRECT,,CORRECT,16,5,0.6,2.3.1,0.17.2,0.46.1
6,GHZ-6,6,FakeSherbrooke,127,37,128,100,0.2266,0.7733,PASS,,,CORRECT,,CORRECT,16,5,0.5,2.3.1,0.17.2,0.46.1
6,GHZ-6,6,FakeSherbrooke,127,38,128,100,0.2422,0.7573,PASS,,,CORRECT,,CORRECT,16,5,0.7,2.3.1,0.17.2,0.46.1
6,GHZ-6,6,FakeSherbrooke,127,39,128,100,0.1953,0.8024,PASS,,,CORRECT,,CORRECT,16,5,1.0,2.3.1,0.17.2,0.46.1
6,GHZ-6,6,FakeSherbrooke,127,40,128,100,0.1562,0.8402,PASS,,,CORRECT,,CORRECT,16,5,1.3,2.3.1,0.17.2,0.46.1
6,GHZ-6,6,FakeSherbrooke,127,41,128,100,0.1172,0.8828,PASS,,,CORRECT,,CORRECT,16,5,1.6,2.3.1,0.17.2,0.46.1
6,GHZ-6,6,FakeSherbrooke,127,42,128,100,0.1328,0.867,PASS,,,CORRECT,,CORRECT,16,5,1.1,2.3.1,0.17.2,0.46.1
6,GHZ-6,6,FakeSherbrooke,127,43,128,100,0.2187,0.7749,PASS,,,CORRECT,,CORRECT,16,5,0.6,2.3.1,0.17.2,0.46.1
6,GHZ-6,6,FakeSherbrooke,127,44,128,100,0.1797,0.8203,PASS,,,CORRECT,,CORRECT,16,5,0.6,2.3.1,0.17.2,0.46.1
6,GHZ-6,6,FakeSherbrooke,127,45,128,100,0.1328,0.8642,PASS,,,CORRECT,,CORRECT,16,5,0.6,2.3.1,0.17.2,0.46.1
6,GHZ-6,6,FakeSherbrooke,127,46,128,100,0.1953,0.8047,PASS,,,CORRECT,,CORRECT,16,5,1.0,2.3.1,0.17.2,0.46.1
6,GHZ-6,6,FakeSherbrooke,127,47,128,100,0.1484,0.8511,PASS,,,CORRECT,,CORRECT,16,5,1.4,2.3.1,0.17.2,0.46.1
6,GHZ-6,6,FakeSherbrooke,127,48,128,100,0.1562,0.8437,PASS,,,CORRECT,,CORRECT,16,5,1.6,2.3.1,0.17.2,0.46.1
6,GHZ-6,6,FakeSherbrooke,127,49,128,100,0.1484,0.8514,PASS,,,CORRECT,,CORRECT,16,5,1.1,2.3.1,0.17.2,0.46.1
6,GHZ-6,6,FakeSherbrooke,127,50,128,100,0.2109,0.7889,PASS,,,CORRECT,,CORRECT,16,5,1.0,2.3.1,0.17.2,0.46.1
6,GHZ-6,6,FakeSherbrooke,127,51,128,100,0.1953,0.8031,PASS,,,CORRECT,,CORRECT,16,5,0.5,2.3.1,0.17.2,0.46.1
6,GHZ-6,6,FakeSherbrooke,127,52,128,100,0.1641,0.835,PASS,,,CORRECT,,CORRECT,16,5,0.7,2.3.1,0.17.2,0.46.1
6,GHZ-6,6,FakeSherbrooke,127,53,128,100,0.1172,0.8807,PASS,,,CORRECT,,CORRECT,16,5,0.7,2.3.1,0.17.2,0.46.1
6,GHZ-6,6,FakeSherbrooke,127,54,128,100,0.2187,0.7784,PASS,,,CORRECT,,CORRECT,16,5,0.9,2.3.1,0.17.2,0.46.1
6,GHZ-6,6,FakeSherbrooke,127,55,128,100,0.1875,0.8118,PASS,,,CORRECT,,CORRECT,16,5,1.0,2.3.1,0.17.2,0.46.1
6,GHZ-6,6,FakeSherbrooke,127,56,128,100,0.1562,0.8419,PASS,,,CORRECT,,CORRECT,16,5,0.9,2.3.1,0.17.2,0.46.1
6,GHZ-6,6,FakeSherbrooke,127,57,128,100,0.1641,0.8359,PASS,,,CORRECT,,CORRECT,16,5,0.7,2.3.1,0.17.2,0.46.1
6,GHZ-6,6,FakeSherbrooke,127,58,128,100,0.1328,0.867,PASS,,,CORRECT,,CORRECT,16,5,0.9,2.3.1,0.17.2,0.46.1
6,GHZ-6,6,FakeSherbrooke,127,59,128,100,0.1406,0.8587,PASS,,,CORRECT,,CORRECT,16,5,0.6,2.3.1,0.17.2,0.46.1
6,GHZ-6,6,FakeSherbrooke,127,60,128,100,0.1328,0.8672,PASS,,,CORRECT,,CORRECT,16,5,0.7,2.3.1,0.17.2,0.46.1
6,GHZ-6,6,FakeSherbrooke,127,61,128,100,0.1953,0.8042,PASS,,,CORRECT,,CORRECT,16,5,0.5,2.3.1,0.17.2,0.46.1
6,GHZ-6,6,FakeSherbrooke,127,62,128,100,0.1562,0.8426,PASS,,,CORRECT,,CORRECT,16,5,1.3,2.3.1,0.17.2,0.46.1
6,GHZ-6,6,FakeSherbrooke,127,63,128,100,0.1406,0.8559,PASS,,,CORRECT,,CORRECT,16,5,1.1,2.3.1,0.17.2,0.46.1
6,GHZ-6,6,FakeSherbrooke,127,64,128,100,0.2031,0.7968,PASS,,,CORRECT,,CORRECT,16,5,2.1,2.3.1,0.17.2,0.46.1
6,GHZ-6,6,FakeSherbrooke,127,65,128,100,0.1875,0.8125,PASS,,,CORRECT,,CORRECT,16,5,1.1,2.3.1,0.17.2,0.46.1
6,GHZ-6,6,FakeSherbrooke,127,66,128,100,0.1406,0.8587,PASS,,,CORRECT,,CORRECT,16,5,0.8,2.3.1,0.17.2,0.46.1
6,GHZ-6,6,FakeSherbrooke,127,67,128,100,0.1172,0.8824,PASS,,,CORRECT,,CORRECT,16,5,0.5,2.3.1,0.17.2,0.46.1
6,GHZ-6,6,FakeSherbrooke,127,68,128,100,0.1797,0.8201,PASS,,,CORRECT,,CORRECT,16,5,1.0,2.3.1,0.17.2,0.46.1
6,GHZ-6,6,FakeSherbrooke,127,69,128,100,0.1562,0.8437,PASS,,,CORRECT,,CORRECT,16,5,1.2,2.3.1,0.17.2,0.46.1
6,GHZ-6,6,FakeSherbrooke,127,70,128,100,0.1953,0.8038,PASS,,,CORRECT,,CORRECT,16,5,1.3,2.3.1,0.17.2,0.46.1
6,GHZ-6,6,FakeSherbrooke,127,71,128,100,0.1797,0.8201,PASS,,,CORRECT,,CORRECT,16,5,0.9,2.3.1,0.17.2,0.46.1
6,GHZ-6,6,FakeSherbrooke,127,72,128,100,0.2109,0.7881,PASS,,,CORRECT,,CORRECT,16,5,1.0,2.3.1,0.17.2,0.46.1
6,GHZ-6,6,FakeSherbrooke,127,73,128,100,0.2109,0.789,PASS,,,CORRECT,,CORRECT,16,5,0.6,2.3.1,0.17.2,0.46.1
6,GHZ-6,6,FakeSherbrooke,127,74,128,100,0.1875,0.8118,PASS,,,CORRECT,,CORRECT,16,5,0.7,2.3.1,0.17.2,0.46.1
6,GHZ-6,6,FakeSherbrooke,127,75,128,100,0.1562,0.8411,PASS,,,CORRECT,,CORRECT,16,5,0.6,2.3.1,0.17.2,0.46.1
6,GHZ-6,6,FakeSherbrooke,127,76,128,100,0.1797,0.8198,PASS,,,CORRECT,,CORRECT,16,5,0.6,2.3.1,0.17.2,0.46.1
6,GHZ-6,6,FakeSherbrooke,127,77,128,100,0.2109,0.7886,PASS,,,CORRECT,,CORRECT,16,5,1.6,2.3.1,0.17.2,0.46.1
6,GHZ-6,6,FakeSherbrooke,127,78,128,100,0.2266,0.7718,PASS,,,CORRECT,,CORRECT,16,5,2.0,2.3.1,0.17.2,0.46.1
6,GHZ-6,6,FakeSherbrooke,127,79,128,100,0.1641,0.8359,PASS,,,CORRECT,,CORRECT,16,5,1.1,2.3.1,0.17.2,0.46.1
6,GHZ-6,6,FakeSherbrooke,127,80,128,100,0.1797,0.8198,PASS,,,CORRECT,,CORRECT,16,5,0.7,2.3.1,0.17.2,0.46.1
6,GHZ-6,6,FakeSherbrooke,127,81,128,100,0.1406,0.8593,PASS,,,CORRECT,,CORRECT,16,5,0.7,2.3.1,0.17.2,0.46.1
6,GHZ-6,6,FakeSherbrooke,127,82,128,100,0.1875,0.8113,PASS,,,CORRECT,,CORRECT,16,5,0.8,2.3.1,0.17.2,0.46.1
6,GHZ-6,6,FakeSherbrooke,127,83,128,100,0.1406,0.8576,PASS,,,CORRECT,,CORRECT,16,5,1.8,2.3.1,0.17.2,0.46.1
6,GHZ-6,6,FakeSherbrooke,127,84,128,100,0.2031,0.7875,PASS,,,CORRECT,,CORRECT,16,5,1.3,2.3.1,0.17.2,0.46.1
6,GHZ-6,6,FakeSherbrooke,127,85,128,100,0.125,0.8739,PASS,,,CORRECT,,CORRECT,16,5,1.5,2.3.1,0.17.2,0.46.1
6,GHZ-6,6,FakeSherbrooke,127,86,128,100,0.1328,0.8658,PASS,,,CORRECT,,CORRECT,16,5,0.7,2.3.1,0.17.2,0.46.1
6,GHZ-6,6,FakeSherbrooke,127,87,128,100,0.1562,0.8437,PASS,,,CORRECT,,CORRECT,16,5,0.7,2.3.1,0.17.2,0.46.1
6,GHZ-6,6,FakeSherbrooke,127,88,128,100,0.1797,0.8188,PASS,,,CORRECT,,CORRECT,16,5,0.8,2.3.1,0.17.2,0.46.1
6,GHZ-6,6,FakeSherbrooke,127,89,128,100,0.1719,0.8278,PASS,,,CORRECT,,CORRECT,16,5,0.9,2.3.1,0.17.2,0.46.1
6,GHZ-6,6,FakeSherbrooke,127,90,128,100,0.2187,0.78,PASS,,,CORRECT,,CORRECT,16,5,1.4,2.3.1,0.17.2,0.46.1
6,GHZ-6,6,FakeSherbrooke,127,91,128,100,0.1641,0.835,PASS,,,CORRECT,,CORRECT,16,5,1.7,2.3.1,0.17.2,0.46.1
6,GHZ-6,6,FakeSherbrooke,127,92,128,100,0.1484,0.8501,PASS,,,CORRECT,,CORRECT,16,5,1.6,2.3.1,0.17.2,0.46.1
6,GHZ-6,6,FakeSherbrooke,127,93,128,100,0.1484,0.8514,PASS,,,CORRECT,,CORRECT,16,5,0.6,2.3.1,0.17.2,0.46.1
6,GHZ-6,6,FakeSherbrooke,127,94,128,100,0.2422,0.7578,PASS,,,CORRECT,,CORRECT,16,5,0.5,2.3.1,0.17.2,0.46.1
6,GHZ-6,6,FakeSherbrooke,127,95,128,100,0.1797,0.8188,PASS,,,CORRECT,,CORRECT,16,5,1.5,2.3.1,0.17.2,0.46.1
6,GHZ-6,6,FakeSherbrooke,127,96,128,100,0.1953,0.8038,PASS,,,CORRECT,,CORRECT,16,5,0.8,2.3.1,0.17.2,0.46.1
6,GHZ-6,6,FakeSherbrooke,127,97,128,100,0.1641,0.8359,PASS,,,CORRECT,,CORRECT,16,5,1.5,2.3.1,0.17.2,0.46.1
6,GHZ-6,6,FakeSherbrooke,127,98,128,100,0.2031,0.7875,PASS,,,CORRECT,,CORRECT,16,5,1.6,2.3.1,0.17.2,0.46.1
6,GHZ-6,6,FakeSherbrooke,127,99,128,100,0.125,0.8749,PASS,,,CORRECT,,CORRECT,16,5,0.6,2.3.1,0.17.2,0.46.1
6,GHZ-6,6,FakeSherbrooke,127,100,128,100,0.2031,0.795,PASS,,,CORRECT,,CORRECT,16,5,0.5,2.3.1,0.17.2,0.46.1
6,GHZ-6,6,FakeSherbrooke,127,101,128,100,0.125,0.8749,PASS,,,CORRECT,,CORRECT,16,5,0.7,2.3.1,0.17.2,0.46.1
6,GHZ-6,6,FakeSherbrooke,127,102,128,100,0.1641,0.8306,PASS,,,CORRECT,,CORRECT,16,5,1.4,2.3.1,0.17.2,0.46.1
6,GHZ-6,6,FakeSherbrooke,127,103,128,100,0.1641,0.8337,PASS,,,CORRECT,,CORRECT,16,5,1.4,2.3.1,0.17.2,0.46.1
6,GHZ-6,6,FakeSherbrooke,127,104,128,100,0.2031,0.7956,PASS,,,CORRECT,,CORRECT,16,5,1.7,2.3.1,0.17.2,0.46.1
6,GHZ-6,6,FakeSherbrooke,127,105,128,100,0.2031,0.7966,PASS,,,CORRECT,,CORRECT,16,5,1.0,2.3.1,0.17.2,0.46.1
6,GHZ-6,6,FakeSherbrooke,127,106,128,100,0.1875,0.8118,PASS,,,CORRECT,,CORRECT,16,5,0.5,2.3.1,0.17.2,0.46.1
6,GHZ-6,6,FakeSherbrooke,127,107,128,100,0.0937,0.906,PASS,,,CORRECT,,CORRECT,16,5,0.5,2.3.1,0.17.2,0.46.1
6,GHZ-6,6,FakeSherbrooke,127,108,128,100,0.2031,0.7962,PASS,,,CORRECT,,CORRECT,16,5,1.3,2.3.1,0.17.2,0.46.1
6,GHZ-6,6,FakeSherbrooke,127,109,128,100,0.1406,0.8593,PASS,,,CORRECT,,CORRECT,16,5,1.4,2.3.1,0.17.2,0.46.1
6,GHZ-6,6,FakeSherbrooke,127,110,128,100,0.1562,0.8426,PASS,,,CORRECT,,CORRECT,16,5,1.0,2.3.1,0.17.2,0.46.1
6,GHZ-6,6,FakeSherbrooke,127,111,128,100,0.2187,0.7812,PASS,,,CORRECT,,CORRECT,16,5,1.5,2.3.1,0.17.2,0.46.1
6,GHZ-6,6,FakeSherbrooke,127,112,128,100,0.1797,0.8181,PASS,,,CORRECT,,CORRECT,16,5,1.3,2.3.1,0.17.2,0.46.1
6,GHZ-6,6,FakeSherbrooke,127,113,128,100,0.2422,0.7554,PASS,,,CORRECT,,CORRECT,16,5,0.4,2.3.1,0.17.2,0.46.1
6,GHZ-6,6,FakeSherbrooke,127,114,128,100,0.1641,0.8328,PASS,,,CORRECT,,CORRECT,16,5,0.9,2.3.1,0.17.2,0.46.1
6,GHZ-6,6,FakeSherbrooke,127,115,128,100,0.1797,0.8198,PASS,,,CORRECT,,CORRECT,16,5,1.7,2.3.1,0.17.2,0.46.1
6,GHZ-6,6,FakeSherbrooke,127,116,128,100,0.2031,0.7956,PASS,,,CORRECT,,CORRECT,16,5,1.0,2.3.1,0.17.2,0.46.1
6,GHZ-6,6,FakeSherbrooke,127,117,128,100,0.1484,0.8511,PASS,,,CORRECT,,CORRECT,16,5,1.2,2.3.1,0.17.2,0.46.1
6,GHZ-6,6,FakeSherbrooke,127,118,128,100,0.1875,0.8064,PASS,,,CORRECT,,CORRECT,16,5,1.0,2.3.1,0.17.2,0.46.1
6,GHZ-6,6,FakeSherbrooke,127,119,128,100,0.2109,0.7886,PASS,,,CORRECT,,CORRECT,16,5,0.6,2.3.1,0.17.2,0.46.1
7,GHZ-8,8,FakeSherbrooke,127,20,32,100,0.8437,0.1547,FAIL,3,9,CORRECT,3,CORRECT,20,7,0.5,2.3.1,0.17.2,0.46.1
7,GHZ-8,8,FakeSherbrooke,127,21,32,100,0.8125,0.1821,FAIL,3,9,CORRECT,3,CORRECT,20,7,0.8,2.3.1,0.17.2,0.46.1
7,GHZ-8,8,FakeSherbrooke,127,22,32,100,0.7812,0.2176,FAIL,3,9,CORRECT,3,CORRECT,20,7,2.2,2.3.1,0.17.2,0.46.1
7,GHZ-8,8,FakeSherbrooke,127,23,32,100,0.75,0.246,FAIL,3,9,CORRECT,3,CORRECT,20,7,1.4,2.3.1,0.17.2,0.46.1
7,GHZ-8,8,FakeSherbrooke,127,24,32,100,0.75,0.246,FAIL,4,12,CORRECT,4,CORRECT,20,7,0.9,2.3.1,0.17.2,0.46.1
7,GHZ-8,8,FakeSherbrooke,127,25,32,100,0.75,0.246,FAIL,4,12,CORRECT,4,CORRECT,20,7,1.2,2.3.1,0.17.2,0.46.1
7,GHZ-8,8,FakeSherbrooke,127,26,32,100,0.75,0.246,FAIL,4,12,CORRECT,4,CORRECT,20,7,0.5,2.3.1,0.17.2,0.46.1
7,GHZ-8,8,FakeSherbrooke,127,27,32,100,0.75,0.246,FAIL,7,21,CORRECT,7,CORRECT,20,7,0.5,2.3.1,0.17.2,0.46.1
7,GHZ-8,8,FakeSherbrooke,127,28,32,100,0.7188,0.2804,FAIL,6,18,CORRECT,6,CORRECT,20,7,2.6,2.3.1,0.17.2,0.46.1
7,GHZ-8,8,FakeSherbrooke,127,29,32,100,0.7188,0.2804,FAIL,6,18,CORRECT,6,CORRECT,20,7,1.5,2.3.1,0.17.2,0.46.1
7,GHZ-8,8,FakeSherbrooke,127,30,32,100,0.7188,0.2804,FAIL,6,18,CORRECT,6,CORRECT,20,7,1.4,2.3.1,0.17.2,0.46.1
7,GHZ-8,8,FakeSherbrooke,127,31,32,100,0.7188,0.2804,FAIL,4,12,CORRECT,4,CORRECT,20,7,0.8,2.3.1,0.17.2,0.46.1
7,GHZ-8,8,FakeSherbrooke,127,32,32,100,0.7188,0.2804,FAIL,4,12,CORRECT,4,CORRECT,20,7,0.7,2.3.1,0.17.2,0.46.1
7,GHZ-8,8,FakeSherbrooke,127,33,32,100,0.75,0.25,FAIL,6,18,CORRECT,6,CORRECT,20,7,1.7,2.3.1,0.17.2,0.46.1
7,GHZ-8,8,FakeSherbrooke,127,34,32,100,0.7188,0.2804,FAIL,5,15,CORRECT,4,CORRECT,20,7,1.2,2.3.1,0.17.2,0.46.1
7,GHZ-8,8,FakeSherbrooke,127,35,32,100,0.7188,0.2804,FAIL,5,15,CORRECT,4,CORRECT,20,7,1.9,2.3.1,0.17.2,0.46.1
7,GHZ-8,8,FakeSherbrooke,127,36,32,100,0.7188,0.2804,FAIL,5,15,CORRECT,4,CORRECT,20,7,0.9,2.3.1,0.17.2,0.46.1
7,GHZ-8,8,FakeSherbrooke,127,37,32,100,0.7188,0.2804,FAIL,4,12,CORRECT,3,CORRECT,20,7,0.9,2.3.1,0.17.2,0.46.1
7,GHZ-8,8,FakeSherbrooke,127,38,32,100,0.7188,0.2804,FAIL,4,12,CORRECT,3,CORRECT,20,7,0.7,2.3.1,0.17.2,0.46.1
7,GHZ-8,8,FakeSherbrooke,127,39,32,100,0.75,0.25,FAIL,4,12,CORRECT,4,CORRECT,20,7,1.6,2.3.1,0.17.2,0.46.1
7,GHZ-8,8,FakeSherbrooke,127,40,32,100,0.75,0.25,FAIL,3,9,CORRECT,3,CORRECT,20,7,1.9,2.3.1,0.17.2,0.46.1
7,GHZ-8,8,FakeSherbrooke,127,41,32,100,0.7188,0.2804,FAIL,3,9,CORRECT,3,CORRECT,20,7,1.5,2.3.1,0.17.2,0.46.1
7,GHZ-8,8,FakeSherbrooke,127,42,32,100,0.6875,0.3093,FAIL,3,9,CORRECT,3,CORRECT,20,7,0.9,2.3.1,0.17.2,0.46.1
7,GHZ-8,8,FakeSherbrooke,127,43,32,100,0.7188,0.2804,FAIL,6,18,CORRECT,6,CORRECT,20,7,0.6,2.3.1,0.17.2,0.46.1
7,GHZ-8,8,FakeSherbrooke,127,44,32,100,0.7188,0.2804,FAIL,3,9,CORRECT,3,CORRECT,20,7,0.5,2.3.1,0.17.2,0.46.1
7,GHZ-8,8,FakeSherbrooke,127,45,32,100,0.7188,0.2804,FAIL,7,21,CORRECT,7,CORRECT,20,7,2.3,2.3.1,0.17.2,0.46.1
7,GHZ-8,8,FakeSherbrooke,127,46,32,100,0.75,0.246,FAIL,5,15,CORRECT,5,CORRECT,20,7,1.4,2.3.1,0.17.2,0.46.1
7,GHZ-8,8,FakeSherbrooke,127,47,32,100,0.7188,0.2804,FAIL,5,15,CORRECT,5,CORRECT,20,7,1.3,2.3.1,0.17.2,0.46.1
7,GHZ-8,8,FakeSherbrooke,127,48,32,100,0.7188,0.2804,FAIL,6,18,CORRECT,6,CORRECT,20,7,1.5,2.3.1,0.17.2,0.46.1
7,GHZ-8,8,FakeSherbrooke,127,49,32,100,0.75,0.246,FAIL,4,12,CORRECT,4,CORRECT,20,7,0.5,2.3.1,0.17.2,0.46.1
7,GHZ-8,8,FakeSherbrooke,127,50,32,100,0.75,0.246,FAIL,4,12,CORRECT,4,CORRECT,20,7,0.8,2.3.1,0.17.2,0.46.1
7,GHZ-8,8,FakeSherbrooke,127,51,32,100,0.75,0.246,FAIL,5,15,CORRECT,5,CORRECT,20,7,1.1,2.3.1,0.17.2,0.46.1
7,GHZ-8,8,FakeSherbrooke,127,52,32,100,0.75,0.246,FAIL,5,15,CORRECT,5,CORRECT,20,7,1.9,2.3.1,0.17.2,0.46.1
7,GHZ-8,8,FakeSherbrooke,127,53,32,100,0.7812,0.2082,FAIL,3,9,CORRECT,3,CORRECT,20,7,1.7,2.3.1,0.17.2,0.46.1
7,GHZ-8,8,FakeSherbrooke,127,54,32,100,0.8125,0.1821,FAIL,4,12,CORRECT,4,CORRECT,20,7,0.7,2.3.1,0.17.2,0.46.1
7,GHZ-8,8,FakeSherbrooke,127,55,32,100,0.8438,0.1406,FAIL,7,21,CORRECT,7,CORRECT,20,7,0.8,2.3.1,0.17.2,0.46.1
7,GHZ-8,8,FakeSherbrooke,127,56,32,100,0.8125,0.1636,FAIL,9,27,CORRECT,8,CORRECT,20,7,0.4,2.3.1,0.17.2,0.46.1
7,GHZ-8,8,FakeSherbrooke,127,57,32,100,0.8125,0.1636,FAIL,9,27,CORRECT,8,CORRECT,20,7,1.2,2.3.1,0.17.2,0.46.1
7,GHZ-8,8,FakeSherbrooke,127,58,32,100,0.7812,0.1859,FAIL,6,18,CORRECT,6,CORRECT,20,7,2.1,2.3.1,0.17.2,0.46.1
7,GHZ-8,8,FakeSherbrooke,127,59,32,100,0.7812,0.1859,FAIL,8,24,CORRECT,7,CORRECT,20,7,1.5,2.3.1,0.17.2,0.46.1
7,GHZ-8,8,FakeSherbrooke,127,60,32,100,0.8125,0.1636,FAIL,4,12,CORRECT,4,CORRECT,20,7,0.7,2.3.1,0.17.2,0.46.1
7,GHZ-8,8,FakeSherbrooke,127,61,32,100,0.8125,0.1636,FAIL,8,24,CORRECT,6,CORRECT,20,7,0.5,2.3.1,0.17.2,0.46.1
7,GHZ-8,8,FakeSherbrooke,127,62,32,100,0.8125,0.1636,FAIL,8,24,CORRECT,6,CORRECT,20,7,1.4,2.3.1,0.17.2,0.46.1
7,GHZ-8,8,FakeSherbrooke,127,63,32,100,0.8125,0.1636,FAIL,8,24,CORRECT,6,CORRECT,20,7,1.3,2.3.1,0.17.2,0.46.1
7,GHZ-8,8,FakeSherbrooke,127,64,32,100,0.7812,0.1859,FAIL,4,12,CORRECT,4,CORRECT,20,7,2.1,2.3.1,0.17.2,0.46.1
7,GHZ-8,8,FakeSherbrooke,127,65,32,100,0.75,0.2077,FAIL,8,24,CORRECT,5,CORRECT,20,7,1.0,2.3.1,0.17.2,0.46.1
7,GHZ-8,8,FakeSherbrooke,127,66,32,100,0.75,0.2077,FAIL,7,21,CORRECT,7,CORRECT,20,7,0.6,2.3.1,0.17.2,0.46.1
7,GHZ-8,8,FakeSherbrooke,127,67,32,100,0.75,0.2077,FAIL,7,21,CORRECT,4,CORRECT,20,7,0.6,2.3.1,0.17.2,0.46.1
7,GHZ-8,8,FakeSherbrooke,127,68,32,100,0.75,0.2077,FAIL,7,21,CORRECT,4,CORRECT,20,7,1.5,2.3.1,0.17.2,0.46.1
7,GHZ-8,8,FakeSherbrooke,127,69,32,100,0.75,0.2077,FAIL,8,24,CORRECT,4,CORRECT,20,7,1.8,2.3.1,0.17.2,0.46.1
7,GHZ-8,8,FakeSherbrooke,127,70,32,100,0.75,0.2077,FAIL,6,18,CORRECT,3,CORRECT,20,7,1.9,2.3.1,0.17.2,0.46.1
7,GHZ-8,8,FakeSherbrooke,127,71,32,100,0.75,0.2077,FAIL,6,18,CORRECT,3,CORRECT,20,7,0.7,2.3.1,0.17.2,0.46.1
7,GHZ-8,8,FakeSherbrooke,127,72,32,100,0.75,0.2077,FAIL,8,24,CORRECT,3,CORRECT,20,7,0.8,2.3.1,0.17.2,0.46.1
7,GHZ-8,8,FakeSherbrooke,127,73,32,100,0.7812,0.1859,FAIL,6,18,CORRECT,6,CORRECT,20,7,0.5,2.3.1,0.17.2,0.46.1
7,GHZ-8,8,FakeSherbrooke,127,74,32,100,0.8125,0.1636,FAIL,4,12,CORRECT,4,CORRECT,20,7,1.3,2.3.1,0.17.2,0.46.1
7,GHZ-8,8,FakeSherbrooke,127,75,32,100,0.8125,0.1636,FAIL,4,12,CORRECT,4,CORRECT,20,7,2.3,2.3.1,0.17.2,0.46.1
7,GHZ-8,8,FakeSherbrooke,127,76,32,100,0.8125,0.1636,FAIL,8,24,CORRECT,8,CORRECT,20,7,1.3,2.3.1,0.17.2,0.46.1
7,GHZ-8,8,FakeSherbrooke,127,77,32,100,0.8125,0.1636,FAIL,9,27,CORRECT,9,CORRECT,20,7,1.1,2.3.1,0.17.2,0.46.1
7,GHZ-8,8,FakeSherbrooke,127,78,32,100,0.7812,0.2082,FAIL,6,18,CORRECT,6,CORRECT,20,7,0.8,2.3.1,0.17.2,0.46.1
7,GHZ-8,8,FakeSherbrooke,127,79,32,100,0.8125,0.1636,FAIL,7,21,CORRECT,7,CORRECT,20,7,0.4,2.3.1,0.17.2,0.46.1
7,GHZ-8,8,FakeSherbrooke,127,80,32,100,0.8125,0.1636,FAIL,8,24,CORRECT,8,CORRECT,20,7,2.0,2.3.1,0.17.2,0.46.1
7,GHZ-8,8,FakeSherbrooke,127,81,32,100,0.7812,0.1859,FAIL,8,24,CORRECT,8,CORRECT,20,7,1.5,2.3.1,0.17.2,0.46.1
7,GHZ-8,8,FakeSherbrooke,127,82,32,100,0.7812,0.1859,FAIL,6,18,CORRECT,6,CORRECT,20,7,1.5,2.3.1,0.17.2,0.46.1
7,GHZ-8,8,FakeSherbrooke,127,83,32,100,0.7812,0.1859,FAIL,8,24,CORRECT,8,CORRECT,20,7,0.7,2.3.1,0.17.2,0.46.1
7,GHZ-8,8,FakeSherbrooke,127,84,32,100,0.7812,0.1859,FAIL,4,12,CORRECT,4,CORRECT,20,7,0.7,2.3.1,0.17.2,0.46.1
7,GHZ-8,8,FakeSherbrooke,127,85,32,100,0.7812,0.1859,FAIL,5,15,CORRECT,5,CORRECT,20,7,0.7,2.3.1,0.17.2,0.46.1
7,GHZ-8,8,FakeSherbrooke,127,86,32,100,0.7812,0.1859,FAIL,9,27,CORRECT,8,CORRECT,20,7,1.2,2.3.1,0.17.2,0.46.1
7,GHZ-8,8,FakeSherbrooke,127,87,32,100,0.7812,0.1859,FAIL,3,9,CORRECT,3,CORRECT,20,7,1.6,2.3.1,0.17.2,0.46.1
7,GHZ-8,8,FakeSherbrooke,127,88,32,100,0.8125,0.1636,FAIL,4,12,CORRECT,4,CORRECT,20,7,1.0,2.3.1,0.17.2,0.46.1
7,GHZ-8,8,FakeSherbrooke,127,89,32,100,0.8125,0.1636,FAIL,8,24,CORRECT,7,CORRECT,20,7,1.8,2.3.1,0.17.2,0.46.1
7,GHZ-8,8,FakeSherbrooke,127,90,32,100,0.8438,0.1406,FAIL,8,24,CORRECT,7,CORRECT,20,7,1.4,2.3.1,0.17.2,0.46.1
7,GHZ-8,8,FakeSherbrooke,127,91,32,100,0.8438,0.1406,FAIL,3,9,CORRECT,3,CORRECT,20,7,0.7,2.3.1,0.17.2,0.46.1
7,GHZ-8,8,FakeSherbrooke,127,92,32,100,0.8125,0.1636,FAIL,7,21,CORRECT,6,CORRECT,20,7,1.9,2.3.1,0.17.2,0.46.1
7,GHZ-8,8,FakeSherbrooke,127,93,32,100,0.8125,0.1636,FAIL,7,21,CORRECT,6,CORRECT,20,7,0.7,2.3.1,0.17.2,0.46.1
7,GHZ-8,8,FakeSherbrooke,127,94,32,100,0.8125,0.1636,FAIL,7,21,CORRECT,6,CORRECT,20,7,1.0,2.3.1,0.17.2,0.46.1
7,GHZ-8,8,FakeSherbrooke,127,95,32,100,0.8125,0.1636,FAIL,6,18,CORRECT,5,CORRECT,20,7,1.3,2.3.1,0.17.2,0.46.1
7,GHZ-8,8,FakeSherbrooke,127,96,32,100,0.8438,0.1406,FAIL,6,18,CORRECT,6,CORRECT,20,7,0.6,2.3.1,0.17.2,0.46.1
7,GHZ-8,8,FakeSherbrooke,127,97,32,100,0.875,0.1166,FAIL,4,12,CORRECT,4,CORRECT,20,7,0.8,2.3.1,0.17.2,0.46.1
7,GHZ-8,8,FakeSherbrooke,127,98,32,100,0.9062,0.0911,FAIL,3,9,CORRECT,3,CORRECT,20,7,0.7,2.3.1,0.17.2,0.46.1
7,GHZ-8,8,FakeSherbrooke,127,99,32,100,0.9062,0.0911,FAIL,3,9,CORRECT,3,CORRECT,20,7,1.2,2.3.1,0.17.2,0.46.1
7,GHZ-8,8,FakeSherbrooke,127,100,32,100,0.9062,0.0911,FAIL,3,9,CORRECT,3,CORRECT,20,7,1.9,2.3.1,0.17.2,0.46.1
7,GHZ-8,8,FakeSherbrooke,127,101,32,100,0.875,0.1166,FAIL,6,18,CORRECT,6,CORRECT,20,7,1.4,2.3.1,0.17.2,0.46.1
7,GHZ-8,8,FakeSherbrooke,127,102,32,100,0.8438,0.1406,FAIL,6,18,CORRECT,6,CORRECT,20,7,1.5,2.3.1,0.17.2,0.46.1
7,GHZ-8,8,FakeSherbrooke,127,103,32,100,0.8438,0.1406,FAIL,6,18,CORRECT,6,CORRECT,20,7,0.6,2.3.1,0.17.2,0.46.1
7,GHZ-8,8,FakeSherbrooke,127,104,32,100,0.8125,0.1821,FAIL,6,18,CORRECT,6,CORRECT,20,7,0.5,2.3.1,0.17.2,0.46.1
7,GHZ-8,8,FakeSherbrooke,127,105,32,100,0.8125,0.1821,FAIL,6,18,CORRECT,6,CORRECT,20,7,1.7,2.3.1,0.17.2,0.46.1
7,GHZ-8,8,FakeSherbrooke,127,106,32,100,0.8125,0.1821,FAIL,7,21,CORRECT,7,CORRECT,20,7,1.2,2.3.1,0.17.2,0.46.1
7,GHZ-8,8,FakeSherbrooke,127,107,32,100,0.8125,0.1821,FAIL,7,21,CORRECT,7,CORRECT,20,7,1.0,2.3.1,0.17.2,0.46.1
7,GHZ-8,8,FakeSherbrooke,127,108,32,100,0.7812,0.2082,FAIL,7,21,CORRECT,7,CORRECT,20,7,1.4,2.3.1,0.17.2,0.46.1
7,GHZ-8,8,FakeSherbrooke,127,109,32,100,0.7812,0.2082,FAIL,7,21,CORRECT,7,CORRECT,20,7,1.0,2.3.1,0.17.2,0.46.1
7,GHZ-8,8,FakeSherbrooke,127,110,32,100,0.8125,0.1636,FAIL,4,12,CORRECT,4,CORRECT,20,7,0.7,2.3.1,0.17.2,0.46.1
7,GHZ-8,8,FakeSherbrooke,127,111,32,100,0.8125,0.1636,FAIL,4,12,CORRECT,4,CORRECT,20,7,0.5,2.3.1,0.17.2,0.46.1
7,GHZ-8,8,FakeSherbrooke,127,112,32,100,0.8125,0.1636,FAIL,6,18,CORRECT,6,CORRECT,20,7,0.9,2.3.1,0.17.2,0.46.1
7,GHZ-8,8,FakeSherbrooke,127,113,32,100,0.8125,0.1821,FAIL,3,9,CORRECT,3,CORRECT,20,7,1.1,2.3.1,0.17.2,0.46.1
7,GHZ-8,8,FakeSherbrooke,127,114,32,100,0.8125,0.1821,FAIL,3,9,CORRECT,3,CORRECT,20,7,0.8,2.3.1,0.17.2,0.46.1
7,GHZ-8,8,FakeSherbrooke,127,115,32,100,0.8125,0.1821,FAIL,4,12,CORRECT,4,CORRECT,20,7,0.9,2.3.1,0.17.2,0.46.1
7,GHZ-8,8,FakeSherbrooke,127,116,32,100,0.7812,0.2082,FAIL,4,12,CORRECT,4,CORRECT,20,7,0.6,2.3.1,0.17.2,0.46.1
7,GHZ-8,8,FakeSherbrooke,127,117,32,100,0.7812,0.2082,FAIL,4,12,CORRECT,4,CORRECT,20,7,0.8,2.3.1,0.17.2,0.46.1
7,GHZ-8,8,FakeSherbrooke,127,118,32,100,0.7812,0.2082,FAIL,4,12,CORRECT,4,CORRECT,20,7,0.8,2.3.1,0.17.2,0.46.1
7,GHZ-8,8,FakeSherbrooke,127,119,32,100,0.7812,0.2082,FAIL,4,12,CORRECT,4,CORRECT,20,7,0.6,2.3.1,0.17.2,0.46.1
8,QFT 4Q,4,FakeSherbrooke,127,20,500,100,0.0525,0.9959,PASS,,,CORRECT,,CORRECT,77,18,0.5,2.3.1,0.17.2,0.46.1
8,QFT 4Q,4,FakeSherbrooke,127,21,500,100,0.082,0.9914,PASS,,,CORRECT,,CORRECT,75,18,0.8,2.3.1,0.17.2,0.46.1
8,QFT 4Q,4,FakeSherbrooke,127,22,500,100,0.0675,0.9912,PASS,,,CORRECT,,CORRECT,71,18,2.1,2.3.1,0.17.2,0.46.1
8,QFT 4Q,4,FakeSherbrooke,127,23,500,100,0.056,0.9952,PASS,,,CORRECT,,CORRECT,77,21,1.0,2.3.1,0.17.2,0.46.1
8,QFT 4Q,4,FakeSherbrooke,127,24,500,100,0.0505,0.9961,PASS,,,CORRECT,,CORRECT,71,18,1.2,2.3.1,0.17.2,0.46.1
8,QFT 4Q,4,FakeSherbrooke,127,25,500,100,0.05,0.9958,PASS,,,CORRECT,,CORRECT,75,18,1.0,2.3.1,0.17.2,0.46.1
8,QFT 4Q,4,FakeSherbrooke,127,26,500,100,0.08,0.9905,PASS,,,CORRECT,,CORRECT,75,18,0.5,2.3.1,0.17.2,0.46.1
8,QFT 4Q,4,FakeSherbrooke,127,27,500,100,0.0565,0.9944,PASS,,,CORRECT,,CORRECT,75,18,0.5,2.3.1,0.17.2,0.46.1
8,QFT 4Q,4,FakeSherbrooke,127,28,500,100,0.08,0.9913,PASS,,,CORRECT,,CORRECT,71,18,0.9,2.3.1,0.17.2,0.46.1
8,QFT 4Q,4,FakeSherbrooke,127,29,500,100,0.078,0.9905,PASS,,,CORRECT,,CORRECT,71,18,1.6,2.3.1,0.17.2,0.46.1
8,QFT 4Q,4,FakeSherbrooke,127,30,500,100,0.077,0.9919,PASS,,,CORRECT,,CORRECT,77,21,1.4,2.3.1,0.17.2,0.46.1
8,QFT 4Q,4,FakeSherbrooke,127,31,500,100,0.0785,0.9907,PASS,,,CORRECT,,CORRECT,71,18,0.9,2.3.1,0.17.2,0.46.1
8,QFT 4Q,4,FakeSherbrooke,127,32,500,100,0.07,0.9923,PASS,,,CORRECT,,CORRECT,77,21,0.8,2.3.1,0.17.2,0.46.1
8,QFT 4Q,4,FakeSherbrooke,127,33,500,100,0.091,0.9883,PASS,,,CORRECT,,CORRECT,77,18,0.5,2.3.1,0.17.2,0.46.1
8,QFT 4Q,4,FakeSherbrooke,127,34,500,100,0.042,0.9968,PASS,,,CORRECT,,CORRECT,71,18,0.7,2.3.1,0.17.2,0.46.1
8,QFT 4Q,4,FakeSherbrooke,127,35,500,100,0.068,0.9906,PASS,,,CORRECT,,CORRECT,77,21,0.9,2.3.1,0.17.2,0.46.1
8,QFT 4Q,4,FakeSherbrooke,127,36,500,100,0.056,0.9958,PASS,,,CORRECT,,CORRECT,71,18,1.0,2.3.1,0.17.2,0.46.1
8,QFT 4Q,4,FakeSherbrooke,127,37,500,100,0.069,0.9931,PASS,,,CORRECT,,CORRECT,77,21,1.8,2.3.1,0.17.2,0.46.1
8,QFT 4Q,4,FakeSherbrooke,127,38,500,100,0.0975,0.9864,PASS,,,CORRECT,,CORRECT,76,18,1.7,2.3.1,0.17.2,0.46.1
8,QFT 4Q,4,FakeSherbrooke,127,39,500,100,0.081,0.9889,PASS,,,CORRECT,,CORRECT,76,18,0.6,2.3.1,0.17.2,0.46.1
8,QFT 4Q,4,FakeSherbrooke,127,40,500,100,0.048,0.9946,PASS,,,CORRECT,,CORRECT,71,18,0.7,2.3.1,0.17.2,0.46.1
8,QFT 4Q,4,FakeSherbrooke,127,41,500,100,0.0605,0.9945,PASS,,,CORRECT,,CORRECT,76,18,0.7,2.3.1,0.17.2,0.46.1
8,QFT 4Q,4,FakeSherbrooke,127,42,500,100,0.084,0.9897,PASS,,,CORRECT,,CORRECT,76,18,1.7,2.3.1,0.17.2,0.46.1
8,QFT 4Q,4,FakeSherbrooke,127,43,500,100,0.061,0.9924,PASS,,,CORRECT,,CORRECT,75,18,1.1,2.3.1,0.17.2,0.46.1
8,QFT 4Q,4,FakeSherbrooke,127,44,500,100,0.0715,0.9918,PASS,,,CORRECT,,CORRECT,76,21,0.8,2.3.1,0.17.2,0.46.1
8,QFT 4Q,4,FakeSherbrooke,127,45,500,100,0.0585,0.994,PASS,,,CORRECT,,CORRECT,77,18,1.0,2.3.1,0.17.2,0.46.1
8,QFT 4Q,4,FakeSherbrooke,127,46,500,100,0.0605,0.9938,PASS,,,CORRECT,,CORRECT,77,18,0.6,2.3.1,0.17.2,0.46.1
8,QFT 4Q,4,FakeSherbrooke,127,47,500,100,0.0615,0.9937,PASS,,,CORRECT,,CORRECT,76,18,0.5,2.3.1,0.17.2,0.46.1
8,QFT 4Q,4,FakeSherbrooke,127,48,500,100,0.0865,0.9878,PASS,,,CORRECT,,CORRECT,76,18,0.6,2.3.1,0.17.2,0.46.1
8,QFT 4Q,4,FakeSherbrooke,127,49,500,100,0.1065,0.9852,PASS,,,CORRECT,,CORRECT,77,21,0.6,2.3.1,0.17.2,0.46.1
8,QFT 4Q,4,FakeSherbrooke,127,50,500,100,0.066,0.9942,PASS,,,CORRECT,,CORRECT,71,18,1.1,2.3.1,0.17.2,0.46.1
8,QFT 4Q,4,FakeSherbrooke,127,51,500,100,0.058,0.9953,PASS,,,CORRECT,,CORRECT,75,21,1.2,2.3.1,0.17.2,0.46.1
8,QFT 4Q,4,FakeSherbrooke,127,52,500,100,0.0885,0.9893,PASS,,,CORRECT,,CORRECT,77,18,0.9,2.3.1,0.17.2,0.46.1
8,QFT 4Q,4,FakeSherbrooke,127,53,500,100,0.063,0.9933,PASS,,,CORRECT,,CORRECT,77,18,0.4,2.3.1,0.17.2,0.46.1
8,QFT 4Q,4,FakeSherbrooke,127,54,500,100,0.0655,0.9929,PASS,,,CORRECT,,CORRECT,76,21,0.7,2.3.1,0.17.2,0.46.1
8,QFT 4Q,4,FakeSherbrooke,127,55,500,100,0.048,0.9949,PASS,,,CORRECT,,CORRECT,77,18,1.3,2.3.1,0.17.2,0.46.1
8,QFT 4Q,4,FakeSherbrooke,127,56,500,100,0.0525,0.9955,PASS,,,CORRECT,,CORRECT,75,18,0.8,2.3.1,0.17.2,0.46.1
8,QFT 4Q,4,FakeSherbrooke,127,57,500,100,0.0925,0.9885,PASS,,,CORRECT,,CORRECT,75,18,0.9,2.3.1,0.17.2,0.46.1
8,QFT 4Q,4,FakeSherbrooke,127,58,500,100,0.0585,0.9946,PASS,,,CORRECT,,CORRECT,76,18,0.6,2.3.1,0.17.2,0.46.1
8,QFT 4Q,4,FakeSherbrooke,127,59,500,100,0.0865,0.9887,PASS,,,CORRECT,,CORRECT,75,21,0.8,2.3.1,0.17.2,0.46.1
8,QFT 4Q,4,FakeSherbrooke,127,60,500,100,0.0615,0.9936,PASS,,,CORRECT,,CORRECT,75,18,0.8,2.3.1,0.17.2,0.46.1
8,QFT 4Q,4,FakeSherbrooke,127,61,500,100,0.0755,0.99,PASS,,,CORRECT,,CORRECT,75,18,1.1,2.3.1,0.17.2,0.46.1
8,QFT 4Q,4,FakeSherbrooke,127,62,500,100,0.0665,0.9905,PASS,,,CORRECT,,CORRECT,75,18,0.9,2.3.1,0.17.2,0.46.1
8,QFT 4Q,4,FakeSherbrooke,127,63,500,100,0.0905,0.9894,PASS,,,CORRECT,,CORRECT,77,21,0.4,2.3.1,0.17.2,0.46.1
8,QFT 4Q,4,FakeSherbrooke,127,64,500,100,0.046,0.997,PASS,,,CORRECT,,CORRECT,76,18,0.7,2.3.1,0.17.2,0.46.1
8,QFT 4Q,4,FakeSherbrooke,127,65,500,100,0.0935,0.9878,PASS,,,CORRECT,,CORRECT,76,18,1.3,2.3.1,0.17.2,0.46.1
8,QFT 4Q,4,FakeSherbrooke,127,66,500,100,0.07,0.9931,PASS,,,CORRECT,,CORRECT,76,18,0.9,2.3.1,0.17.2,0.46.1
8,QFT 4Q,4,FakeSherbrooke,127,67,500,100,0.0805,0.9921,PASS,,,CORRECT,,CORRECT,77,18,0.8,2.3.1,0.17.2,0.46.1
8,QFT 4Q,4,FakeSherbrooke,127,68,500,100,0.0725,0.9924,PASS,,,CORRECT,,CORRECT,76,18,0.6,2.3.1,0.17.2,0.46.1
8,QFT 4Q,4,FakeSherbrooke,127,69,500,100,0.065,0.9938,PASS,,,CORRECT,,CORRECT,76,18,0.6,2.3.1,0.17.2,0.46.1
8,QFT 4Q,4,FakeSherbrooke,127,70,500,100,0.088,0.989,PASS,,,CORRECT,,CORRECT,77,18,1.0,2.3.1,0.17.2,0.46.1
8,QFT 4Q,4,FakeSherbrooke,127,71,500,100,0.072,0.9933,PASS,,,CORRECT,,CORRECT,75,18,0.9,2.3.1,0.17.2,0.46.1
8,QFT 4Q,4,FakeSherbrooke,127,72,500,100,0.0805,0.9899,PASS,,,CORRECT,,CORRECT,71,18,0.9,2.3.1,0.17.2,0.46.1
8,QFT 4Q,4,FakeSherbrooke,127,73,500,100,0.0565,0.9951,PASS,,,CORRECT,,CORRECT,77,18,0.4,2.3.1,0.17.2,0.46.1
8,QFT 4Q,4,FakeSherbrooke,127,74,500,100,0.07,0.9932,PASS,,,CORRECT,,CORRECT,71,18,0.6,2.3.1,0.17.2,0.46.1
8,QFT 4Q,4,FakeSherbrooke,127,75,500,100,0.075,0.9931,PASS,,,CORRECT,,CORRECT,77,21,1.0,2.3.1,0.17.2,0.46.1
8,QFT 4Q,4,FakeSherbrooke,127,76,500,100,0.0485,0.9963,PASS,,,CORRECT,,CORRECT,71,18,1.0,2.3.1,0.17.2,0.46.1
8,QFT 4Q,4,FakeSherbrooke,127,77,500,100,0.0675,0.9913,PASS,,,CORRECT,,CORRECT,76,18,1.1,2.3.1,0.17.2,0.46.1
8,QFT 4Q,4,FakeSherbrooke,127,78,500,100,0.064,0.9917,PASS,,,CORRECT,,CORRECT,75,18,0.6,2.3.1,0.17.2,0.46.1
8,QFT 4Q,4,FakeSherbrooke,127,79,500,100,0.0455,0.9957,PASS,,,CORRECT,,CORRECT,71,18,0.6,2.3.1,0.17.2,0.46.1
8,QFT 4Q,4,FakeSherbrooke,127,80,500,100,0.04,0.9978,PASS,,,CORRECT,,CORRECT,75,21,1.2,2.3.1,0.17.2,0.46.1
8,QFT 4Q,4,FakeSherbrooke,127,81,500,100,0.0575,0.9948,PASS,,,CORRECT,,CORRECT,75,18,1.1,2.3.1,0.17.2,0.46.1
8,QFT 4Q,4,FakeSherbrooke,127,82,500,100,0.056,0.9943,PASS,,,CORRECT,,CORRECT,77,18,0.8,2.3.1,0.17.2,0.46.1
8,QFT 4Q,4,FakeSherbrooke,127,83,500,100,0.0665,0.9934,PASS,,,CORRECT,,CORRECT,71,18,0.4,2.3.1,0.17.2,0.46.1
8,QFT 4Q,4,FakeSherbrooke,127,84,500,100,0.0575,0.9949,PASS,,,CORRECT,,CORRECT,76,18,0.7,2.3.1,0.17.2,0.46.1
8,QFT 4Q,4,FakeSherbrooke,127,85,500,100,0.081,0.991,PASS,,,CORRECT,,CORRECT,76,21,1.0,2.3.1,0.17.2,0.46.1
8,QFT 4Q,4,FakeSherbrooke,127,86,500,100,0.048,0.9966,PASS,,,CORRECT,,CORRECT,75,21,0.9,2.3.1,0.17.2,0.46.1
8,QFT 4Q,4,FakeSherbrooke,127,87,500,100,0.07,0.9914,PASS,,,CORRECT,,CORRECT,71,18,0.7,2.3.1,0.17.2,0.46.1
8,QFT 4Q,4,FakeSherbrooke,127,88,500,100,0.078,0.9881,PASS,,,CORRECT,,CORRECT,77,21,0.7,2.3.1,0.17.2,0.46.1
8,QFT 4Q,4,FakeSherbrooke,127,89,500,100,0.074,0.9925,PASS,,,CORRECT,,CORRECT,76,18,0.4,2.3.1,0.17.2,0.46.1
8,QFT 4Q,4,FakeSherbrooke,127,90,500,100,0.0645,0.9936,PASS,,,CORRECT,,CORRECT,77,21,0.7,2.3.1,0.17.2,0.46.1
8,QFT 4Q,4,FakeSherbrooke,127,91,500,100,0.084,0.9882,PASS,,,CORRECT,,CORRECT,75,18,0.8,2.3.1,0.17.2,0.46.1
8,QFT 4Q,4,FakeSherbrooke,127,92,500,100,0.072,0.992,PASS,,,CORRECT,,CORRECT,76,18,0.9,2.3.1,0.17.2,0.46.1
8,QFT 4Q,4,FakeSherbrooke,127,93,500,100,0.0705,0.9926,PASS,,,CORRECT,,CORRECT,75,18,0.6,2.3.1,0.17.2,0.46.1
8,QFT 4Q,4,FakeSherbrooke,127,94,500,100,0.072,0.9909,PASS,,,CORRECT,,CORRECT,71,18,0.5,2.3.1,0.17.2,0.46.1
8,QFT 4Q,4,FakeSherbrooke,127,95,500,100,0.057,0.9948,PASS,,,CORRECT,,CORRECT,75,18,0.6,2.3.1,0.17.2,0.46.1
8,QFT 4Q,4,FakeSherbrooke,127,96,500,100,0.058,0.9949,PASS,,,CORRECT,,CORRECT,75,18,0.5,2.3.1,0.17.2,0.46.1
8,QFT 4Q,4,FakeSherbrooke,127,97,500,100,0.0705,0.9904,PASS,,,CORRECT,,CORRECT,76,21,0.9,2.3.1,0.17.2,0.46.1
8,QFT 4Q,4,FakeSherbrooke,127,98,500,100,0.073,0.9928,PASS,,,CORRECT,,CORRECT,76,18,1.4,2.3.1,0.17.2,0.46.1
8,QFT 4Q,4,FakeSherbrooke,127,99,500,100,0.0795,0.9913,PASS,,,CORRECT,,CORRECT,71,18,0.6,2.3.1,0.17.2,0.46.1
8,QFT 4Q,4,FakeSherbrooke,127,100,500,100,0.0635,0.994,PASS,,,CORRECT,,CORRECT,75,18,0.5,2.3.1,0.17.2,0.46.1
8,QFT 4Q,4,FakeSherbrooke,127,101,500,100,0.076,0.9906,PASS,,,CORRECT,,CORRECT,77,18,0.6,2.3.1,0.17.2,0.46.1
8,QFT 4Q,4,FakeSherbrooke,127,102,500,100,0.0925,0.9866,PASS,,,CORRECT,,CORRECT,80,21,0.9,2.3.1,0.17.2,0.46.1
8,QFT 4Q,4,FakeSherbrooke,127,103,500,100,0.0705,0.992,PASS,,,CORRECT,,CORRECT,71,18,0.9,2.3.1,0.17.2,0.46.1
8,QFT 4Q,4,FakeSherbrooke,127,104,500,100,0.0715,0.9912,PASS,,,CORRECT,,CORRECT,75,18,1.2,2.3.1,0.17.2,0.46.1
8,QFT 4Q,4,FakeSherbrooke,127,105,500,100,0.0805,0.9915,PASS,,,CORRECT,,CORRECT,75,18,0.6,2.3.1,0.17.2,0.46.1
8,QFT 4Q,4,FakeSherbrooke,127,106,500,100,0.068,0.9931,PASS,,,CORRECT,,CORRECT,71,18,0.4,2.3.1,0.17.2,0.46.1
8,QFT 4Q,4,FakeSherbrooke,127,107,500,100,0.088,0.9879,PASS,,,CORRECT,,CORRECT,75,18,0.8,2.3.1,0.17.2,0.46.1
8,QFT 4Q,4,FakeSherbrooke,127,108,500,100,0.066,0.9938,PASS,,,CORRECT,,CORRECT,76,21,1.2,2.3.1,0.17.2,0.46.1
8,QFT 4Q,4,FakeSherbrooke,127,109,500,100,0.046,0.9965,PASS,,,CORRECT,,CORRECT,77,18,1.1,2.3.1,0.17.2,0.46.1
8,QFT 4Q,4,FakeSherbrooke,127,110,500,100,0.0675,0.9943,PASS,,,CORRECT,,CORRECT,71,18,0.7,2.3.1,0.17.2,0.46.1
8,QFT 4Q,4,FakeSherbrooke,127,111,500,100,0.085,0.9906,PASS,,,CORRECT,,CORRECT,75,21,0.6,2.3.1,0.17.2,0.46.1
8,QFT 4Q,4,FakeSherbrooke,127,112,500,100,0.054,0.9936,PASS,,,CORRECT,,CORRECT,77,21,1.0,2.3.1,0.17.2,0.46.1
8,QFT 4Q,4,FakeSherbrooke,127,113,500,100,0.052,0.9955,PASS,,,CORRECT,,CORRECT,80,21,0.7,2.3.1,0.17.2,0.46.1
8,QFT 4Q,4,FakeSherbrooke,127,114,500,100,0.058,0.9959,PASS,,,CORRECT,,CORRECT,76,21,1.1,2.3.1,0.17.2,0.46.1
8,QFT 4Q,4,FakeSherbrooke,127,115,500,100,0.065,0.9938,PASS,,,CORRECT,,CORRECT,76,18,0.7,2.3.1,0.17.2,0.46.1
8,QFT 4Q,4,FakeSherbrooke,127,116,500,100,0.0785,0.9916,PASS,,,CORRECT,,CORRECT,76,18,0.4,2.3.1,0.17.2,0.46.1
8,QFT 4Q,4,FakeSherbrooke,127,117,500,100,0.0655,0.9921,PASS,,,CORRECT,,CORRECT,71,18,0.7,2.3.1,0.17.2,0.46.1
8,QFT 4Q,4,FakeSherbrooke,127,118,500,100,0.0595,0.9939,PASS,,,CORRECT,,CORRECT,76,18,1.1,2.3.1,0.17.2,0.46.1
8,QFT 4Q,4,FakeSherbrooke,127,119,500,100,0.0745,0.9907,PASS,,,CORRECT,,CORRECT,77,21,1.1,2.3.1,0.17.2,0.46.1
14,VQE BeH2 14Q,14,FakeSherbrooke,127,20,4096,409,0.8879,0.0763,FAIL,3,1227,CORRECT,3,CORRECT,52,26,9.1,2.3.1,0.17.2,0.46.1
14,VQE BeH2 14Q,14,FakeSherbrooke,127,21,4096,409,0.8879,0.0763,FAIL,3,1227,CORRECT,3,CORRECT,52,26,9.4,2.3.1,0.17.2,0.46.1
14,VQE BeH2 14Q,14,FakeSherbrooke,127,22,4096,409,0.8879,0.0763,FAIL,3,1227,CORRECT,3,CORRECT,52,26,10.3,2.3.1,0.17.2,0.46.1
14,VQE BeH2 14Q,14,FakeSherbrooke,127,23,4096,409,0.8879,0.0763,FAIL,3,1227,CORRECT,3,CORRECT,52,26,10.6,2.3.1,0.17.2,0.46.1
14,VQE BeH2 14Q,14,FakeSherbrooke,127,24,4096,409,0.8879,0.0763,FAIL,3,1227,CORRECT,3,CORRECT,52,26,11.1,2.3.1,0.17.2,0.46.1
14,VQE BeH2 14Q,14,FakeSherbrooke,127,25,4096,409,0.8879,0.0763,FAIL,3,1227,CORRECT,3,CORRECT,52,26,7.9,2.3.1,0.17.2,0.46.1
14,VQE BeH2 14Q,14,FakeSherbrooke,127,26,4096,409,0.8881,0.0762,FAIL,3,1227,CORRECT,3,CORRECT,52,26,6.5,2.3.1,0.17.2,0.46.1
14,VQE BeH2 14Q,14,FakeSherbrooke,127,27,4096,409,0.8881,0.0761,FAIL,3,1227,CORRECT,3,CORRECT,52,26,6.6,2.3.1,0.17.2,0.46.1
14,VQE BeH2 14Q,14,FakeSherbrooke,127,28,4096,409,0.8884,0.0761,FAIL,3,1227,CORRECT,3,CORRECT,52,26,6.8,2.3.1,0.17.2,0.46.1
14,VQE BeH2 14Q,14,FakeSherbrooke,127,29,4096,409,0.8884,0.0761,FAIL,3,1227,CORRECT,3,CORRECT,52,26,6.8,2.3.1,0.17.2,0.46.1
14,VQE BeH2 14Q,14,FakeSherbrooke,127,30,4096,409,0.8884,0.0761,FAIL,3,1227,CORRECT,3,CORRECT,52,26,6.7,2.3.1,0.17.2,0.46.1
14,VQE BeH2 14Q,14,FakeSherbrooke,127,31,4096,409,0.8884,0.0761,FAIL,3,1227,CORRECT,3,CORRECT,52,26,7.1,2.3.1,0.17.2,0.46.1
14,VQE BeH2 14Q,14,FakeSherbrooke,127,32,4096,409,0.8881,0.0762,FAIL,3,1227,CORRECT,3,CORRECT,52,26,7.1,2.3.1,0.17.2,0.46.1
14,VQE BeH2 14Q,14,FakeSherbrooke,127,33,4096,409,0.8881,0.0762,FAIL,3,1227,CORRECT,3,CORRECT,52,26,6.6,2.3.1,0.17.2,0.46.1
14,VQE BeH2 14Q,14,FakeSherbrooke,127,34,4096,409,0.8881,0.0762,FAIL,3,1227,CORRECT,3,CORRECT,52,26,6.9,2.3.1,0.17.2,0.46.1
14,VQE BeH2 14Q,14,FakeSherbrooke,127,35,4096,409,0.8881,0.0761,FAIL,3,1227,CORRECT,3,CORRECT,52,26,7.0,2.3.1,0.17.2,0.46.1
14,VQE BeH2 14Q,14,FakeSherbrooke,127,36,4096,409,0.8881,0.0762,FAIL,3,1227,CORRECT,3,CORRECT,52,26,6.9,2.3.1,0.17.2,0.46.1
14,VQE BeH2 14Q,14,FakeSherbrooke,127,37,4096,409,0.8881,0.0762,FAIL,3,1227,CORRECT,3,CORRECT,52,26,7.0,2.3.1,0.17.2,0.46.1
14,VQE BeH2 14Q,14,FakeSherbrooke,127,38,4096,409,0.8882,0.0761,FAIL,3,1227,CORRECT,3,CORRECT,52,26,7.1,2.3.1,0.17.2,0.46.1
14,VQE BeH2 14Q,14,FakeSherbrooke,127,39,4096,409,0.8882,0.0761,FAIL,3,1227,CORRECT,3,CORRECT,52,26,6.8,2.3.1,0.17.2,0.46.1
14,VQE BeH2 14Q,14,FakeSherbrooke,127,40,4096,409,0.8882,0.0761,FAIL,3,1227,CORRECT,3,CORRECT,52,26,6.8,2.3.1,0.17.2,0.46.1
14,VQE BeH2 14Q,14,FakeSherbrooke,127,41,4096,409,0.888,0.0762,FAIL,3,1227,CORRECT,3,CORRECT,52,26,7.0,2.3.1,0.17.2,0.46.1
14,VQE BeH2 14Q,14,FakeSherbrooke,127,42,4096,409,0.888,0.0762,FAIL,3,1227,CORRECT,3,CORRECT,52,26,7.3,2.3.1,0.17.2,0.46.1
14,VQE BeH2 14Q,14,FakeSherbrooke,127,43,4096,409,0.888,0.0762,FAIL,3,1227,CORRECT,3,CORRECT,52,26,6.6,2.3.1,0.17.2,0.46.1
14,VQE BeH2 14Q,14,FakeSherbrooke,127,44,4096,409,0.888,0.0762,FAIL,3,1227,CORRECT,3,CORRECT,52,26,6.8,2.3.1,0.17.2,0.46.1
14,VQE BeH2 14Q,14,FakeSherbrooke,127,45,4096,409,0.888,0.0762,FAIL,3,1227,CORRECT,3,CORRECT,52,26,6.9,2.3.1,0.17.2,0.46.1
14,VQE BeH2 14Q,14,FakeSherbrooke,127,46,4096,409,0.888,0.0761,FAIL,3,1227,CORRECT,3,CORRECT,52,26,7.1,2.3.1,0.17.2,0.46.1
14,VQE BeH2 14Q,14,FakeSherbrooke,127,47,4096,409,0.888,0.0761,FAIL,3,1227,CORRECT,3,CORRECT,52,26,8.0,2.3.1,0.17.2,0.46.1
14,VQE BeH2 14Q,14,FakeSherbrooke,127,48,4096,409,0.888,0.0761,FAIL,3,1227,CORRECT,3,CORRECT,52,26,8.4,2.3.1,0.17.2,0.46.1
14,VQE BeH2 14Q,14,FakeSherbrooke,127,49,4096,409,0.888,0.0761,FAIL,3,1227,CORRECT,3,CORRECT,52,26,7.6,2.3.1,0.17.2,0.46.1
14,VQE BeH2 14Q,14,FakeSherbrooke,127,50,4096,409,0.888,0.0761,FAIL,3,1227,CORRECT,3,CORRECT,52,26,8.7,2.3.1,0.17.2,0.46.1
14,VQE BeH2 14Q,14,FakeSherbrooke,127,51,4096,409,0.888,0.0761,FAIL,3,1227,CORRECT,3,CORRECT,52,26,8.3,2.3.1,0.17.2,0.46.1
14,VQE BeH2 14Q,14,FakeSherbrooke,127,52,4096,409,0.888,0.0762,FAIL,3,1227,CORRECT,3,CORRECT,52,26,9.0,2.3.1,0.17.2,0.46.1
14,VQE BeH2 14Q,14,FakeSherbrooke,127,53,4096,409,0.888,0.0761,FAIL,3,1227,CORRECT,3,CORRECT,52,26,9.0,2.3.1,0.17.2,0.46.1
14,VQE BeH2 14Q,14,FakeSherbrooke,127,54,4096,409,0.888,0.0762,FAIL,3,1227,CORRECT,3,CORRECT,52,26,8.6,2.3.1,0.17.2,0.46.1
14,VQE BeH2 14Q,14,FakeSherbrooke,127,55,4096,409,0.888,0.0762,FAIL,3,1227,CORRECT,3,CORRECT,52,26,8.8,2.3.1,0.17.2,0.46.1
14,VQE BeH2 14Q,14,FakeSherbrooke,127,56,4096,409,0.8883,0.0761,FAIL,3,1227,CORRECT,3,CORRECT,52,26,8.4,2.3.1,0.17.2,0.46.1
14,VQE BeH2 14Q,14,FakeSherbrooke,127,57,4096,409,0.8883,0.0761,FAIL,3,1227,CORRECT,3,CORRECT,52,26,9.0,2.3.1,0.17.2,0.46.1
14,VQE BeH2 14Q,14,FakeSherbrooke,127,58,4096,409,0.8883,0.0761,FAIL,3,1227,CORRECT,3,CORRECT,52,26,8.9,2.3.1,0.17.2,0.46.1
14,VQE BeH2 14Q,14,FakeSherbrooke,127,59,4096,409,0.8883,0.0761,FAIL,3,1227,CORRECT,3,CORRECT,52,26,8.5,2.3.1,0.17.2,0.46.1
14,VQE BeH2 14Q,14,FakeSherbrooke,127,60,4096,409,0.8883,0.0761,FAIL,3,1227,CORRECT,3,CORRECT,52,26,8.9,2.3.1,0.17.2,0.46.1
14,VQE BeH2 14Q,14,FakeSherbrooke,127,61,4096,409,0.8883,0.0761,FAIL,3,1227,CORRECT,3,CORRECT,52,26,7.5,2.3.1,0.17.2,0.46.1
14,VQE BeH2 14Q,14,FakeSherbrooke,127,62,4096,409,0.8883,0.0761,FAIL,3,1227,CORRECT,3,CORRECT,52,26,6.9,2.3.1,0.17.2,0.46.1
14,VQE BeH2 14Q,14,FakeSherbrooke,127,63,4096,409,0.8883,0.0761,FAIL,3,1227,CORRECT,3,CORRECT,52,26,6.4,2.3.1,0.17.2,0.46.1
14,VQE BeH2 14Q,14,FakeSherbrooke,127,64,4096,409,0.8883,0.0761,FAIL,3,1227,CORRECT,3,CORRECT,52,26,7.2,2.3.1,0.17.2,0.46.1
14,VQE BeH2 14Q,14,FakeSherbrooke,127,65,4096,409,0.8883,0.0761,FAIL,3,1227,CORRECT,3,CORRECT,52,26,6.8,2.3.1,0.17.2,0.46.1
14,VQE BeH2 14Q,14,FakeSherbrooke,127,66,4096,409,0.8883,0.0761,FAIL,3,1227,CORRECT,3,CORRECT,52,26,6.3,2.3.1,0.17.2,0.46.1
14,VQE BeH2 14Q,14,FakeSherbrooke,127,67,4096,409,0.8883,0.0761,FAIL,3,1227,CORRECT,3,CORRECT,52,26,6.4,2.3.1,0.17.2,0.46.1
14,VQE BeH2 14Q,14,FakeSherbrooke,127,68,4096,409,0.8883,0.0761,FAIL,3,1227,CORRECT,3,CORRECT,52,26,6.6,2.3.1,0.17.2,0.46.1
14,VQE BeH2 14Q,14,FakeSherbrooke,127,69,4096,409,0.8883,0.0761,FAIL,3,1227,CORRECT,3,CORRECT,52,26,6.6,2.3.1,0.17.2,0.46.1
14,VQE BeH2 14Q,14,FakeSherbrooke,127,70,4096,409,0.8883,0.0761,FAIL,3,1227,CORRECT,3,CORRECT,52,26,6.4,2.3.1,0.17.2,0.46.1
14,VQE BeH2 14Q,14,FakeSherbrooke,127,71,4096,409,0.8883,0.076,FAIL,3,1227,CORRECT,3,CORRECT,52,26,6.3,2.3.1,0.17.2,0.46.1
14,VQE BeH2 14Q,14,FakeSherbrooke,127,72,4096,409,0.8883,0.0761,FAIL,3,1227,CORRECT,3,CORRECT,52,26,6.6,2.3.1,0.17.2,0.46.1
14,VQE BeH2 14Q,14,FakeSherbrooke,127,73,4096,409,0.8882,0.0761,FAIL,3,1227,CORRECT,3,CORRECT,52,26,6.2,2.3.1,0.17.2,0.46.1
14,VQE BeH2 14Q,14,FakeSherbrooke,127,74,4096,409,0.8882,0.0761,FAIL,3,1227,CORRECT,3,CORRECT,52,26,6.6,2.3.1,0.17.2,0.46.1
14,VQE BeH2 14Q,14,FakeSherbrooke,127,75,4096,409,0.8882,0.0762,FAIL,3,1227,CORRECT,3,CORRECT,52,26,6.6,2.3.1,0.17.2,0.46.1
14,VQE BeH2 14Q,14,FakeSherbrooke,127,76,4096,409,0.8882,0.0762,FAIL,3,1227,CORRECT,3,CORRECT,52,26,6.3,2.3.1,0.17.2,0.46.1
14,VQE BeH2 14Q,14,FakeSherbrooke,127,77,4096,409,0.8882,0.0762,FAIL,3,1227,CORRECT,3,CORRECT,52,26,6.3,2.3.1,0.17.2,0.46.1
14,VQE BeH2 14Q,14,FakeSherbrooke,127,78,4096,409,0.8882,0.0762,FAIL,3,1227,CORRECT,3,CORRECT,52,26,6.6,2.3.1,0.17.2,0.46.1
14,VQE BeH2 14Q,14,FakeSherbrooke,127,79,4096,409,0.8882,0.0761,FAIL,3,1227,CORRECT,3,CORRECT,52,26,6.2,2.3.1,0.17.2,0.46.1
14,VQE BeH2 14Q,14,FakeSherbrooke,127,80,4096,409,0.8882,0.0762,FAIL,3,1227,CORRECT,3,CORRECT,52,26,6.9,2.3.1,0.17.2,0.46.1
14,VQE BeH2 14Q,14,FakeSherbrooke,127,81,4096,409,0.8882,0.0762,FAIL,3,1227,CORRECT,3,CORRECT,52,26,7.0,2.3.1,0.17.2,0.46.1
14,VQE BeH2 14Q,14,FakeSherbrooke,127,82,4096,409,0.8882,0.0762,FAIL,3,1227,CORRECT,3,CORRECT,52,26,7.4,2.3.1,0.17.2,0.46.1
14,VQE BeH2 14Q,14,FakeSherbrooke,127,83,4096,409,0.8882,0.0762,FAIL,3,1227,CORRECT,3,CORRECT,52,26,7.1,2.3.1,0.17.2,0.46.1
14,VQE BeH2 14Q,14,FakeSherbrooke,127,84,4096,409,0.8882,0.0762,FAIL,3,1227,CORRECT,3,CORRECT,52,26,7.1,2.3.1,0.17.2,0.46.1
14,VQE BeH2 14Q,14,FakeSherbrooke,127,85,4096,409,0.8882,0.0762,FAIL,3,1227,CORRECT,3,CORRECT,52,26,7.3,2.3.1,0.17.2,0.46.1
14,VQE BeH2 14Q,14,FakeSherbrooke,127,86,4096,409,0.8882,0.0761,FAIL,3,1227,CORRECT,3,CORRECT,52,26,7.0,2.3.1,0.17.2,0.46.1
14,VQE BeH2 14Q,14,FakeSherbrooke,127,87,4096,409,0.8882,0.0761,FAIL,3,1227,CORRECT,3,CORRECT,52,26,7.0,2.3.1,0.17.2,0.46.1
14,VQE BeH2 14Q,14,FakeSherbrooke,127,88,4096,409,0.8882,0.0761,FAIL,3,1227,CORRECT,3,CORRECT,52,26,7.2,2.3.1,0.17.2,0.46.1
14,VQE BeH2 14Q,14,FakeSherbrooke,127,89,4096,409,0.8884,0.076,FAIL,3,1227,CORRECT,3,CORRECT,52,26,7.0,2.3.1,0.17.2,0.46.1
14,VQE BeH2 14Q,14,FakeSherbrooke,127,90,4096,409,0.8884,0.076,FAIL,3,1227,CORRECT,3,CORRECT,52,26,7.1,2.3.1,0.17.2,0.46.1
14,VQE BeH2 14Q,14,FakeSherbrooke,127,91,4096,409,0.8884,0.076,FAIL,3,1227,CORRECT,3,CORRECT,52,26,7.0,2.3.1,0.17.2,0.46.1
14,VQE BeH2 14Q,14,FakeSherbrooke,127,92,4096,409,0.8884,0.076,FAIL,3,1227,CORRECT,3,CORRECT,52,26,6.6,2.3.1,0.17.2,0.46.1
14,VQE BeH2 14Q,14,FakeSherbrooke,127,93,4096,409,0.8884,0.076,FAIL,3,1227,CORRECT,3,CORRECT,52,26,5.1,2.3.1,0.17.2,0.46.1
14,VQE BeH2 14Q,14,FakeSherbrooke,127,94,4096,409,0.8884,0.076,FAIL,3,1227,CORRECT,3,CORRECT,52,26,5.2,2.3.1,0.17.2,0.46.1
14,VQE BeH2 14Q,14,FakeSherbrooke,127,95,4096,409,0.8881,0.0762,FAIL,3,1227,CORRECT,3,CORRECT,52,26,5.4,2.3.1,0.17.2,0.46.1
14,VQE BeH2 14Q,14,FakeSherbrooke,127,96,4096,409,0.8881,0.0762,FAIL,3,1227,CORRECT,3,CORRECT,52,26,5.1,2.3.1,0.17.2,0.46.1
14,VQE BeH2 14Q,14,FakeSherbrooke,127,97,4096,409,0.8881,0.0762,FAIL,3,1227,CORRECT,3,CORRECT,52,26,5.3,2.3.1,0.17.2,0.46.1
14,VQE BeH2 14Q,14,FakeSherbrooke,127,98,4096,409,0.8879,0.0763,FAIL,3,1227,CORRECT,3,CORRECT,52,26,5.4,2.3.1,0.17.2,0.46.1
14,VQE BeH2 14Q,14,FakeSherbrooke,127,99,4096,409,0.8879,0.0763,FAIL,3,1227,CORRECT,3,CORRECT,52,26,5.1,2.3.1,0.17.2,0.46.1
14,VQE BeH2 14Q,14,FakeSherbrooke,127,100,4096,409,0.8879,0.0763,FAIL,3,1227,CORRECT,3,CORRECT,52,26,5.3,2.3.1,0.17.2,0.46.1
14,VQE BeH2 14Q,14,FakeSherbrooke,127,101,4096,409,0.8879,0.0763,FAIL,3,1227,CORRECT,3,CORRECT,52,26,5.0,2.3.1,0.17.2,0.46.1
14,VQE BeH2 14Q,14,FakeSherbrooke,127,102,4096,409,0.8879,0.0763,FAIL,3,1227,CORRECT,3,CORRECT,52,26,5.1,2.3.1,0.17.2,0.46.1
14,VQE BeH2 14Q,14,FakeSherbrooke,127,103,4096,409,0.8879,0.0763,FAIL,3,1227,CORRECT,3,CORRECT,52,26,4.8,2.3.1,0.17.2,0.46.1
14,VQE BeH2 14Q,14,FakeSherbrooke,127,104,4096,409,0.8879,0.0763,FAIL,3,1227,CORRECT,3,CORRECT,52,26,5.0,2.3.1,0.17.2,0.46.1
14,VQE BeH2 14Q,14,FakeSherbrooke,127,105,4096,409,0.8879,0.0763,FAIL,3,1227,CORRECT,3,CORRECT,52,26,5.2,2.3.1,0.17.2,0.46.1
14,VQE BeH2 14Q,14,FakeSherbrooke,127,106,4096,409,0.8879,0.0763,FAIL,3,1227,CORRECT,3,CORRECT,52,26,5.0,2.3.1,0.17.2,0.46.1
14,VQE BeH2 14Q,14,FakeSherbrooke,127,107,4096,409,0.8879,0.0763,FAIL,3,1227,CORRECT,3,CORRECT,52,26,5.0,2.3.1,0.17.2,0.46.1
14,VQE BeH2 14Q,14,FakeSherbrooke,127,108,4096,409,0.8879,0.0763,FAIL,3,1227,CORRECT,3,CORRECT,52,26,5.1,2.3.1,0.17.2,0.46.1
14,VQE BeH2 14Q,14,FakeSherbrooke,127,109,4096,409,0.8879,0.0762,FAIL,3,1227,CORRECT,3,CORRECT,52,26,4.9,2.3.1,0.17.2,0.46.1
14,VQE BeH2 14Q,14,FakeSherbrooke,127,110,4096,409,0.8879,0.0762,FAIL,3,1227,CORRECT,3,CORRECT,52,26,4.9,2.3.1,0.17.2,0.46.1
14,VQE BeH2 14Q,14,FakeSherbrooke,127,111,4096,409,0.8879,0.0762,FAIL,3,1227,CORRECT,3,CORRECT,52,26,4.9,2.3.1,0.17.2,0.46.1
14,VQE BeH2 14Q,14,FakeSherbrooke,127,112,4096,409,0.8879,0.0762,FAIL,3,1227,CORRECT,3,CORRECT,52,26,5.1,2.3.1,0.17.2,0.46.1
14,VQE BeH2 14Q,14,FakeSherbrooke,127,113,4096,409,0.8879,0.0762,FAIL,3,1227,CORRECT,3,CORRECT,52,26,4.9,2.3.1,0.17.2,0.46.1
14,VQE BeH2 14Q,14,FakeSherbrooke,127,114,4096,409,0.8879,0.0762,FAIL,3,1227,CORRECT,3,CORRECT,52,26,4.9,2.3.1,0.17.2,0.46.1
14,VQE BeH2 14Q,14,FakeSherbrooke,127,115,4096,409,0.8877,0.0763,FAIL,3,1227,CORRECT,3,CORRECT,52,26,5.1,2.3.1,0.17.2,0.46.1
14,VQE BeH2 14Q,14,FakeSherbrooke,127,116,4096,409,0.8877,0.0763,FAIL,3,1227,CORRECT,3,CORRECT,52,26,4.8,2.3.1,0.17.2,0.46.1
14,VQE BeH2 14Q,14,FakeSherbrooke,127,117,4096,409,0.8877,0.0763,FAIL,3,1227,CORRECT,3,CORRECT,52,26,4.9,2.3.1,0.17.2,0.46.1
14,VQE BeH2 14Q,14,FakeSherbrooke,127,118,4096,409,0.8877,0.0763,FAIL,3,1227,CORRECT,3,CORRECT,52,26,5.0,2.3.1,0.17.2,0.46.1
14,VQE BeH2 14Q,14,FakeSherbrooke,127,119,4096,409,0.8877,0.0763,FAIL,3,1227,CORRECT,3,CORRECT,52,26,5.2,2.3.1,0.17.2,0.46.1
15,Shor N=15 5Q,5,FakeSherbrooke,127,20,1000,100,0.068,0.9317,PASS,,,CORRECT,,CORRECT,18,3,0.7,2.3.1,0.17.2,0.46.1
15,Shor N=15 5Q,5,FakeSherbrooke,127,21,1000,100,0.063,0.9364,PASS,,,CORRECT,,CORRECT,18,3,0.7,2.3.1,0.17.2,0.46.1
15,Shor N=15 5Q,5,FakeSherbrooke,127,22,1000,100,0.063,0.9369,PASS,,,CORRECT,,CORRECT,18,3,0.9,2.3.1,0.17.2,0.46.1
15,Shor N=15 5Q,5,FakeSherbrooke,127,23,1000,100,0.058,0.9416,PASS,,,CORRECT,,CORRECT,18,3,0.7,2.3.1,0.17.2,0.46.1
15,Shor N=15 5Q,5,FakeSherbrooke,127,24,1000,100,0.065,0.9364,PASS,,,CORRECT,,CORRECT,18,3,0.4,2.3.1,0.17.2,0.46.1
15,Shor N=15 5Q,5,FakeSherbrooke,127,25,1000,100,0.059,0.9407,PASS,,,CORRECT,,CORRECT,18,3,0.6,2.3.1,0.17.2,0.46.1
15,Shor N=15 5Q,5,FakeSherbrooke,127,26,1000,100,0.066,0.9475,PASS,,,CORRECT,,CORRECT,18,3,0.3,2.3.1,0.17.2,0.46.1
15,Shor N=15 5Q,5,FakeSherbrooke,127,27,1000,100,0.079,0.9374,PASS,,,CORRECT,,CORRECT,18,3,0.5,2.3.1,0.17.2,0.46.1
15,Shor N=15 5Q,5,FakeSherbrooke,127,28,1000,100,0.062,0.9377,PASS,,,CORRECT,,CORRECT,18,3,1.2,2.3.1,0.17.2,0.46.1
15,Shor N=15 5Q,5,FakeSherbrooke,127,29,1000,100,0.07,0.9296,PASS,,,CORRECT,,CORRECT,18,3,0.9,2.3.1,0.17.2,0.46.1
15,Shor N=15 5Q,5,FakeSherbrooke,127,30,1000,100,0.067,0.9407,PASS,,,CORRECT,,CORRECT,18,3,0.7,2.3.1,0.17.2,0.46.1
15,Shor N=15 5Q,5,FakeSherbrooke,127,31,1000,100,0.063,0.9369,PASS,,,CORRECT,,CORRECT,18,3,0.6,2.3.1,0.17.2,0.46.1
15,Shor N=15 5Q,5,FakeSherbrooke,127,32,1000,100,0.066,0.9339,PASS,,,CORRECT,,CORRECT,18,3,0.6,2.3.1,0.17.2,0.46.1
15,Shor N=15 5Q,5,FakeSherbrooke,127,33,1000,100,0.067,0.9355,PASS,,,CORRECT,,CORRECT,18,3,0.3,2.3.1,0.17.2,0.46.1
15,Shor N=15 5Q,5,FakeSherbrooke,127,34,1000,100,0.059,0.9404,PASS,,,CORRECT,,CORRECT,18,3,0.4,2.3.1,0.17.2,0.46.1
15,Shor N=15 5Q,5,FakeSherbrooke,127,35,1000,100,0.079,0.9223,PASS,,,CORRECT,,CORRECT,18,3,1.0,2.3.1,0.17.2,0.46.1
15,Shor N=15 5Q,5,FakeSherbrooke,127,36,1000,100,0.079,0.9321,PASS,,,CORRECT,,CORRECT,18,3,0.6,2.3.1,0.17.2,0.46.1
15,Shor N=15 5Q,5,FakeSherbrooke,127,37,1000,100,0.044,0.9557,PASS,,,CORRECT,,CORRECT,18,3,0.7,2.3.1,0.17.2,0.46.1
15,Shor N=15 5Q,5,FakeSherbrooke,127,38,1000,100,0.074,0.9247,PASS,,,CORRECT,,CORRECT,18,3,0.9,2.3.1,0.17.2,0.46.1
15,Shor N=15 5Q,5,FakeSherbrooke,127,39,1000,100,0.082,0.9173,PASS,,,CORRECT,,CORRECT,18,3,0.5,2.3.1,0.17.2,0.46.1
15,Shor N=15 5Q,5,FakeSherbrooke,127,40,1000,100,0.064,0.9383,PASS,,,CORRECT,,CORRECT,18,3,0.4,2.3.1,0.17.2,0.46.1
15,Shor N=15 5Q,5,FakeSherbrooke,127,41,1000,100,0.077,0.9338,PASS,,,CORRECT,,CORRECT,18,3,0.4,2.3.1,0.17.2,0.46.1
15,Shor N=15 5Q,5,FakeSherbrooke,127,42,1000,100,0.061,0.9379,PASS,,,CORRECT,,CORRECT,18,3,0.6,2.3.1,0.17.2,0.46.1
15,Shor N=15 5Q,5,FakeSherbrooke,127,43,1000,100,0.053,0.9466,PASS,,,CORRECT,,CORRECT,18,3,0.6,2.3.1,0.17.2,0.46.1
15,Shor N=15 5Q,5,FakeSherbrooke,127,44,1000,100,0.067,0.9329,PASS,,,CORRECT,,CORRECT,18,3,0.8,2.3.1,0.17.2,0.46.1
15,Shor N=15 5Q,5,FakeSherbrooke,127,45,1000,100,0.054,0.9456,PASS,,,CORRECT,,CORRECT,18,3,1.0,2.3.1,0.17.2,0.46.1
15,Shor N=15 5Q,5,FakeSherbrooke,127,46,1000,100,0.062,0.9403,PASS,,,CORRECT,,CORRECT,18,3,0.7,2.3.1,0.17.2,0.46.1
15,Shor N=15 5Q,5,FakeSherbrooke,127,47,1000,100,0.063,0.9368,PASS,,,CORRECT,,CORRECT,18,3,0.6,2.3.1,0.17.2,0.46.1
15,Shor N=15 5Q,5,FakeSherbrooke,127,48,1000,100,0.077,0.9374,PASS,,,CORRECT,,CORRECT,18,3,0.5,2.3.1,0.17.2,0.46.1
15,Shor N=15 5Q,5,FakeSherbrooke,127,49,1000,100,0.055,0.9492,PASS,,,CORRECT,,CORRECT,18,3,0.3,2.3.1,0.17.2,0.46.1
15,Shor N=15 5Q,5,FakeSherbrooke,127,50,1000,100,0.064,0.9356,PASS,,,CORRECT,,CORRECT,18,3,0.4,2.3.1,0.17.2,0.46.1
15,Shor N=15 5Q,5,FakeSherbrooke,127,51,1000,100,0.067,0.9323,PASS,,,CORRECT,,CORRECT,18,3,0.7,2.3.1,0.17.2,0.46.1
15,Shor N=15 5Q,5,FakeSherbrooke,127,52,1000,100,0.069,0.9467,PASS,,,CORRECT,,CORRECT,18,3,0.8,2.3.1,0.17.2,0.46.1
15,Shor N=15 5Q,5,FakeSherbrooke,127,53,1000,100,0.058,0.9418,PASS,,,CORRECT,,CORRECT,18,3,0.8,2.3.1,0.17.2,0.46.1
15,Shor N=15 5Q,5,FakeSherbrooke,127,54,1000,100,0.059,0.9403,PASS,,,CORRECT,,CORRECT,18,3,0.7,2.3.1,0.17.2,0.46.1
15,Shor N=15 5Q,5,FakeSherbrooke,127,55,1000,100,0.063,0.9373,PASS,,,CORRECT,,CORRECT,18,3,0.9,2.3.1,0.17.2,0.46.1
15,Shor N=15 5Q,5,FakeSherbrooke,127,56,1000,100,0.062,0.9378,PASS,,,CORRECT,,CORRECT,18,3,0.3,2.3.1,0.17.2,0.46.1
15,Shor N=15 5Q,5,FakeSherbrooke,127,57,1000,100,0.074,0.9357,PASS,,,CORRECT,,CORRECT,18,3,0.4,2.3.1,0.17.2,0.46.1
15,Shor N=15 5Q,5,FakeSherbrooke,127,58,1000,100,0.079,0.9373,PASS,,,CORRECT,,CORRECT,18,3,0.6,2.3.1,0.17.2,0.46.1
15,Shor N=15 5Q,5,FakeSherbrooke,127,59,1000,100,0.064,0.9382,PASS,,,CORRECT,,CORRECT,18,3,0.5,2.3.1,0.17.2,0.46.1
15,Shor N=15 5Q,5,FakeSherbrooke,127,60,1000,100,0.043,0.9563,PASS,,,CORRECT,,CORRECT,18,3,0.7,2.3.1,0.17.2,0.46.1
15,Shor N=15 5Q,5,FakeSherbrooke,127,61,1000,100,0.059,0.9408,PASS,,,CORRECT,,CORRECT,18,3,0.9,2.3.1,0.17.2,0.46.1
15,Shor N=15 5Q,5,FakeSherbrooke,127,62,1000,100,0.062,0.943,PASS,,,CORRECT,,CORRECT,18,3,0.8,2.3.1,0.17.2,0.46.1
15,Shor N=15 5Q,5,FakeSherbrooke,127,63,1000,100,0.065,0.9346,PASS,,,CORRECT,,CORRECT,18,3,0.5,2.3.1,0.17.2,0.46.1
15,Shor N=15 5Q,5,FakeSherbrooke,127,64,1000,100,0.059,0.9402,PASS,,,CORRECT,,CORRECT,18,3,0.4,2.3.1,0.17.2,0.46.1
15,Shor N=15 5Q,5,FakeSherbrooke,127,65,1000,100,0.068,0.9316,PASS,,,CORRECT,,CORRECT,18,3,0.5,2.3.1,0.17.2,0.46.1
15,Shor N=15 5Q,5,FakeSherbrooke,127,66,1000,100,0.052,0.9491,PASS,,,CORRECT,,CORRECT,18,3,0.3,2.3.1,0.17.2,0.46.1
15,Shor N=15 5Q,5,FakeSherbrooke,127,67,1000,100,0.081,0.919,PASS,,,CORRECT,,CORRECT,18,3,0.5,2.3.1,0.17.2,0.46.1
15,Shor N=15 5Q,5,FakeSherbrooke,127,68,1000,100,0.059,0.9407,PASS,,,CORRECT,,CORRECT,18,3,1.1,2.3.1,0.17.2,0.46.1
15,Shor N=15 5Q,5,FakeSherbrooke,127,69,1000,100,0.062,0.9376,PASS,,,CORRECT,,CORRECT,18,3,0.6,2.3.1,0.17.2,0.46.1
15,Shor N=15 5Q,5,FakeSherbrooke,127,70,1000,100,0.059,0.9407,PASS,,,CORRECT,,CORRECT,18,3,0.7,2.3.1,0.17.2,0.46.1
15,Shor N=15 5Q,5,FakeSherbrooke,127,71,1000,100,0.068,0.9341,PASS,,,CORRECT,,CORRECT,18,3,1.0,2.3.1,0.17.2,0.46.1
15,Shor N=15 5Q,5,FakeSherbrooke,127,72,1000,100,0.064,0.9413,PASS,,,CORRECT,,CORRECT,18,3,0.5,2.3.1,0.17.2,0.46.1
15,Shor N=15 5Q,5,FakeSherbrooke,127,73,1000,100,0.061,0.9388,PASS,,,CORRECT,,CORRECT,18,3,0.3,2.3.1,0.17.2,0.46.1
15,Shor N=15 5Q,5,FakeSherbrooke,127,74,1000,100,0.075,0.9302,PASS,,,CORRECT,,CORRECT,18,3,0.4,2.3.1,0.17.2,0.46.1
15,Shor N=15 5Q,5,FakeSherbrooke,127,75,1000,100,0.052,0.9476,PASS,,,CORRECT,,CORRECT,18,3,0.8,2.3.1,0.17.2,0.46.1
15,Shor N=15 5Q,5,FakeSherbrooke,127,76,1000,100,0.067,0.9328,PASS,,,CORRECT,,CORRECT,18,3,0.9,2.3.1,0.17.2,0.46.1
15,Shor N=15 5Q,5,FakeSherbrooke,127,77,1000,100,0.065,0.9359,PASS,,,CORRECT,,CORRECT,18,3,0.9,2.3.1,0.17.2,0.46.1
15,Shor N=15 5Q,5,FakeSherbrooke,127,78,1000,100,0.072,0.9274,PASS,,,CORRECT,,CORRECT,18,3,0.8,2.3.1,0.17.2,0.46.1
15,Shor N=15 5Q,5,FakeSherbrooke,127,79,1000,100,0.058,0.9417,PASS,,,CORRECT,,CORRECT,18,3,0.4,2.3.1,0.17.2,0.46.1
15,Shor N=15 5Q,5,FakeSherbrooke,127,80,1000,100,0.07,0.9296,PASS,,,CORRECT,,CORRECT,18,3,0.4,2.3.1,0.17.2,0.46.1
15,Shor N=15 5Q,5,FakeSherbrooke,127,81,1000,100,0.056,0.9436,PASS,,,CORRECT,,CORRECT,18,3,0.4,2.3.1,0.17.2,0.46.1
15,Shor N=15 5Q,5,FakeSherbrooke,127,82,1000,100,0.068,0.9392,PASS,,,CORRECT,,CORRECT,18,3,0.6,2.3.1,0.17.2,0.46.1
15,Shor N=15 5Q,5,FakeSherbrooke,127,83,1000,100,0.061,0.9389,PASS,,,CORRECT,,CORRECT,18,3,0.9,2.3.1,0.17.2,0.46.1
15,Shor N=15 5Q,5,FakeSherbrooke,127,84,1000,100,0.077,0.9228,PASS,,,CORRECT,,CORRECT,18,3,0.8,2.3.1,0.17.2,0.46.1
15,Shor N=15 5Q,5,FakeSherbrooke,127,85,1000,100,0.064,0.9355,PASS,,,CORRECT,,CORRECT,18,3,0.9,2.3.1,0.17.2,0.46.1
15,Shor N=15 5Q,5,FakeSherbrooke,127,86,1000,100,0.06,0.9388,PASS,,,CORRECT,,CORRECT,18,3,0.8,2.3.1,0.17.2,0.46.1
15,Shor N=15 5Q,5,FakeSherbrooke,127,87,1000,100,0.062,0.9377,PASS,,,CORRECT,,CORRECT,18,3,0.4,2.3.1,0.17.2,0.46.1
15,Shor N=15 5Q,5,FakeSherbrooke,127,88,1000,100,0.062,0.9376,PASS,,,CORRECT,,CORRECT,18,3,0.6,2.3.1,0.17.2,0.46.1
15,Shor N=15 5Q,5,FakeSherbrooke,127,89,1000,100,0.054,0.9457,PASS,,,CORRECT,,CORRECT,18,3,0.3,2.3.1,0.17.2,0.46.1
15,Shor N=15 5Q,5,FakeSherbrooke,127,90,1000,100,0.07,0.931,PASS,,,CORRECT,,CORRECT,18,3,0.6,2.3.1,0.17.2,0.46.1
15,Shor N=15 5Q,5,FakeSherbrooke,127,91,1000,100,0.055,0.9448,PASS,,,CORRECT,,CORRECT,18,3,0.7,2.3.1,0.17.2,0.46.1
15,Shor N=15 5Q,5,FakeSherbrooke,127,92,1000,100,0.059,0.9426,PASS,,,CORRECT,,CORRECT,18,3,0.8,2.3.1,0.17.2,0.46.1
15,Shor N=15 5Q,5,FakeSherbrooke,127,93,1000,100,0.066,0.9338,PASS,,,CORRECT,,CORRECT,18,3,0.6,2.3.1,0.17.2,0.46.1
15,Shor N=15 5Q,5,FakeSherbrooke,127,94,1000,100,0.048,0.9518,PASS,,,CORRECT,,CORRECT,18,3,0.7,2.3.1,0.17.2,0.46.1
15,Shor N=15 5Q,5,FakeSherbrooke,127,95,1000,100,0.064,0.936,PASS,,,CORRECT,,CORRECT,18,3,0.7,2.3.1,0.17.2,0.46.1
15,Shor N=15 5Q,5,FakeSherbrooke,127,96,1000,100,0.057,0.9429,PASS,,,CORRECT,,CORRECT,18,3,0.3,2.3.1,0.17.2,0.46.1
15,Shor N=15 5Q,5,FakeSherbrooke,127,97,1000,100,0.063,0.9374,PASS,,,CORRECT,,CORRECT,18,3,0.4,2.3.1,0.17.2,0.46.1
15,Shor N=15 5Q,5,FakeSherbrooke,127,98,1000,100,0.058,0.9418,PASS,,,CORRECT,,CORRECT,18,3,0.6,2.3.1,0.17.2,0.46.1
15,Shor N=15 5Q,5,FakeSherbrooke,127,99,1000,100,0.057,0.9429,PASS,,,CORRECT,,CORRECT,18,3,0.7,2.3.1,0.17.2,0.46.1
15,Shor N=15 5Q,5,FakeSherbrooke,127,100,1000,100,0.069,0.9312,PASS,,,CORRECT,,CORRECT,18,3,0.7,2.3.1,0.17.2,0.46.1
15,Shor N=15 5Q,5,FakeSherbrooke,127,101,1000,100,0.057,0.9421,PASS,,,CORRECT,,CORRECT,18,3,0.7,2.3.1,0.17.2,0.46.1
15,Shor N=15 5Q,5,FakeSherbrooke,127,102,1000,100,0.079,0.928,PASS,,,CORRECT,,CORRECT,18,3,0.8,2.3.1,0.17.2,0.46.1
15,Shor N=15 5Q,5,FakeSherbrooke,127,103,1000,100,0.068,0.9316,PASS,,,CORRECT,,CORRECT,18,3,0.6,2.3.1,0.17.2,0.46.1
15,Shor N=15 5Q,5,FakeSherbrooke,127,104,1000,100,0.076,0.9235,PASS,,,CORRECT,,CORRECT,18,3,0.5,2.3.1,0.17.2,0.46.1
15,Shor N=15 5Q,5,FakeSherbrooke,127,105,1000,100,0.062,0.9377,PASS,,,CORRECT,,CORRECT,18,3,0.5,2.3.1,0.17.2,0.46.1
15,Shor N=15 5Q,5,FakeSherbrooke,127,106,1000,100,0.057,0.9428,PASS,,,CORRECT,,CORRECT,18,3,0.4,2.3.1,0.17.2,0.46.1
15,Shor N=15 5Q,5,FakeSherbrooke,127,107,1000,100,0.051,0.9483,PASS,,,CORRECT,,CORRECT,18,3,0.9,2.3.1,0.17.2,0.46.1
15,Shor N=15 5Q,5,FakeSherbrooke,127,108,1000,100,0.061,0.9387,PASS,,,CORRECT,,CORRECT,18,3,0.8,2.3.1,0.17.2,0.46.1
15,Shor N=15 5Q,5,FakeSherbrooke,127,109,1000,100,0.073,0.9267,PASS,,,CORRECT,,CORRECT,18,3,0.8,2.3.1,0.17.2,0.46.1
15,Shor N=15 5Q,5,FakeSherbrooke,127,110,1000,100,0.063,0.9367,PASS,,,CORRECT,,CORRECT,18,3,0.7,2.3.1,0.17.2,0.46.1
15,Shor N=15 5Q,5,FakeSherbrooke,127,111,1000,100,0.071,0.9324,PASS,,,CORRECT,,CORRECT,18,3,0.5,2.3.1,0.17.2,0.46.1
15,Shor N=15 5Q,5,FakeSherbrooke,127,112,1000,100,0.065,0.9347,PASS,,,CORRECT,,CORRECT,18,3,0.5,2.3.1,0.17.2,0.46.1
15,Shor N=15 5Q,5,FakeSherbrooke,127,113,1000,100,0.066,0.9339,PASS,,,CORRECT,,CORRECT,18,3,0.3,2.3.1,0.17.2,0.46.1
15,Shor N=15 5Q,5,FakeSherbrooke,127,114,1000,100,0.074,0.9254,PASS,,,CORRECT,,CORRECT,18,3,0.5,2.3.1,0.17.2,0.46.1
15,Shor N=15 5Q,5,FakeSherbrooke,127,115,1000,100,0.084,0.9154,PASS,,,CORRECT,,CORRECT,18,3,0.8,2.3.1,0.17.2,0.46.1
15,Shor N=15 5Q,5,FakeSherbrooke,127,116,1000,100,0.081,0.926,PASS,,,CORRECT,,CORRECT,18,3,0.6,2.3.1,0.17.2,0.46.1
15,Shor N=15 5Q,5,FakeSherbrooke,127,117,1000,100,0.056,0.9436,PASS,,,CORRECT,,CORRECT,18,3,0.7,2.3.1,0.17.2,0.46.1
15,Shor N=15 5Q,5,FakeSherbrooke,127,118,1000,100,0.071,0.9287,PASS,,,CORRECT,,CORRECT,18,3,0.8,2.3.1,0.17.2,0.46.1
15,Shor N=15 5Q,5,FakeSherbrooke,127,119,1000,100,0.079,0.922,PASS,,,CORRECT,,CORRECT,18,3,0.5,2.3.1,0.17.2,0.46.1
16,QAOA 2Q p=1,2,FakeSherbrooke,127,20,1000,100,0.015,0.9996,PASS,,,CORRECT,,CORRECT,11,3,0.4,2.3.1,0.17.2,0.46.1
16,QAOA 2Q p=1,2,FakeSherbrooke,127,21,1000,100,0.023,0.9992,PASS,,,CORRECT,,CORRECT,11,3,0.4,2.3.1,0.17.2,0.46.1
16,QAOA 2Q p=1,2,FakeSherbrooke,127,22,1000,100,0.009,0.9999,PASS,,,CORRECT,,CORRECT,11,3,0.5,2.3.1,0.17.2,0.46.1
16,QAOA 2Q p=1,2,FakeSherbrooke,127,23,1000,100,0.025,0.9992,PASS,,,CORRECT,,CORRECT,11,3,0.4,2.3.1,0.17.2,0.46.1
16,QAOA 2Q p=1,2,FakeSherbrooke,127,24,1000,100,0.019,0.9996,PASS,,,CORRECT,,CORRECT,11,3,0.6,2.3.1,0.17.2,0.46.1
16,QAOA 2Q p=1,2,FakeSherbrooke,127,25,1000,100,0.013,0.9998,PASS,,,CORRECT,,CORRECT,11,3,0.8,2.3.1,0.17.2,0.46.1
16,QAOA 2Q p=1,2,FakeSherbrooke,127,26,1000,100,0.025,0.9992,PASS,,,CORRECT,,CORRECT,11,3,0.6,2.3.1,0.17.2,0.46.1
16,QAOA 2Q p=1,2,FakeSherbrooke,127,27,1000,100,0.036,0.9984,PASS,,,CORRECT,,CORRECT,11,3,0.7,2.3.1,0.17.2,0.46.1
16,QAOA 2Q p=1,2,FakeSherbrooke,127,28,1000,100,0.02,0.9994,PASS,,,CORRECT,,CORRECT,11,3,0.7,2.3.1,0.17.2,0.46.1
16,QAOA 2Q p=1,2,FakeSherbrooke,127,29,1000,100,0.03,0.9991,PASS,,,CORRECT,,CORRECT,11,3,0.3,2.3.1,0.17.2,0.46.1
16,QAOA 2Q p=1,2,FakeSherbrooke,127,30,1000,100,0.029,0.9988,PASS,,,CORRECT,,CORRECT,11,3,0.4,2.3.1,0.17.2,0.46.1
16,QAOA 2Q p=1,2,FakeSherbrooke,127,31,1000,100,0.008,0.9999,PASS,,,CORRECT,,CORRECT,11,3,0.4,2.3.1,0.17.2,0.46.1
16,QAOA 2Q p=1,2,FakeSherbrooke,127,32,1000,100,0.01,0.9999,PASS,,,CORRECT,,CORRECT,11,3,0.7,2.3.1,0.17.2,0.46.1
16,QAOA 2Q p=1,2,FakeSherbrooke,127,33,1000,100,0.033,0.9988,PASS,,,CORRECT,,CORRECT,11,3,0.9,2.3.1,0.17.2,0.46.1
16,QAOA 2Q p=1,2,FakeSherbrooke,127,34,1000,100,0.02,0.9995,PASS,,,CORRECT,,CORRECT,11,3,0.7,2.3.1,0.17.2,0.46.1
16,QAOA 2Q p=1,2,FakeSherbrooke,127,35,1000,100,0.021,0.9994,PASS,,,CORRECT,,CORRECT,11,3,0.9,2.3.1,0.17.2,0.46.1
16,QAOA 2Q p=1,2,FakeSherbrooke,127,36,1000,100,0.032,0.9986,PASS,,,CORRECT,,CORRECT,11,3,0.5,2.3.1,0.17.2,0.46.1
16,QAOA 2Q p=1,2,FakeSherbrooke,127,37,1000,100,0.024,0.9994,PASS,,,CORRECT,,CORRECT,11,3,0.4,2.3.1,0.17.2,0.46.1
16,QAOA 2Q p=1,2,FakeSherbrooke,127,38,1000,100,0.021,0.9995,PASS,,,CORRECT,,CORRECT,11,3,0.5,2.3.1,0.17.2,0.46.1
16,QAOA 2Q p=1,2,FakeSherbrooke,127,39,1000,100,0.034,0.9982,PASS,,,CORRECT,,CORRECT,11,3,0.3,2.3.1,0.17.2,0.46.1
16,QAOA 2Q p=1,2,FakeSherbrooke,127,40,1000,100,0.032,0.9984,PASS,,,CORRECT,,CORRECT,11,3,0.7,2.3.1,0.17.2,0.46.1
16,QAOA 2Q p=1,2,FakeSherbrooke,127,41,1000,100,0.039,0.9982,PASS,,,CORRECT,,CORRECT,11,3,0.9,2.3.1,0.17.2,0.46.1
16,QAOA 2Q p=1,2,FakeSherbrooke,127,42,1000,100,0.023,0.9992,PASS,,,CORRECT,,CORRECT,11,3,1.2,2.3.1,0.17.2,0.46.1
16,QAOA 2Q p=1,2,FakeSherbrooke,127,43,1000,100,0.02,0.9993,PASS,,,CORRECT,,CORRECT,11,3,0.6,2.3.1,0.17.2,0.46.1
16,QAOA 2Q p=1,2,FakeSherbrooke,127,44,1000,100,0.002,1.0,PASS,,,CORRECT,,CORRECT,11,3,0.5,2.3.1,0.17.2,0.46.1
16,QAOA 2Q p=1,2,FakeSherbrooke,127,45,1000,100,0.007,0.9999,PASS,,,CORRECT,,CORRECT,11,3,0.5,2.3.1,0.17.2,0.46.1
16,QAOA 2Q p=1,2,FakeSherbrooke,127,46,1000,100,0.022,0.9994,PASS,,,CORRECT,,CORRECT,11,3,0.3,2.3.1,0.17.2,0.46.1
16,QAOA 2Q p=1,2,FakeSherbrooke,127,47,1000,100,0.022,0.9994,PASS,,,CORRECT,,CORRECT,11,3,0.6,2.3.1,0.17.2,0.46.1
16,QAOA 2Q p=1,2,FakeSherbrooke,127,48,1000,100,0.035,0.9985,PASS,,,CORRECT,,CORRECT,11,3,0.8,2.3.1,0.17.2,0.46.1
16,QAOA 2Q p=1,2,FakeSherbrooke,127,49,1000,100,0.029,0.9992,PASS,,,CORRECT,,CORRECT,11,3,0.6,2.3.1,0.17.2,0.46.1
16,QAOA 2Q p=1,2,FakeSherbrooke,127,50,1000,100,0.013,0.9997,PASS,,,CORRECT,,CORRECT,11,3,0.7,2.3.1,0.17.2,0.46.1
16,QAOA 2Q p=1,2,FakeSherbrooke,127,51,1000,100,0.019,0.9996,PASS,,,CORRECT,,CORRECT,11,3,0.8,2.3.1,0.17.2,0.46.1
16,QAOA 2Q p=1,2,FakeSherbrooke,127,52,1000,100,0.037,0.998,PASS,,,CORRECT,,CORRECT,11,3,0.7,2.3.1,0.17.2,0.46.1
16,QAOA 2Q p=1,2,FakeSherbrooke,127,53,1000,100,0.019,0.9995,PASS,,,CORRECT,,CORRECT,11,3,0.3,2.3.1,0.17.2,0.46.1
16,QAOA 2Q p=1,2,FakeSherbrooke,127,54,1000,100,0.015,0.9996,PASS,,,CORRECT,,CORRECT,11,3,0.4,2.3.1,0.17.2,0.46.1
16,QAOA 2Q p=1,2,FakeSherbrooke,127,55,1000,100,0.018,0.9997,PASS,,,CORRECT,,CORRECT,11,3,0.6,2.3.1,0.17.2,0.46.1
16,QAOA 2Q p=1,2,FakeSherbrooke,127,56,1000,100,0.01,0.9999,PASS,,,CORRECT,,CORRECT,11,3,0.5,2.3.1,0.17.2,0.46.1
16,QAOA 2Q p=1,2,FakeSherbrooke,127,57,1000,100,0.024,0.9994,PASS,,,CORRECT,,CORRECT,11,3,1.1,2.3.1,0.17.2,0.46.1
16,QAOA 2Q p=1,2,FakeSherbrooke,127,58,1000,100,0.031,0.9987,PASS,,,CORRECT,,CORRECT,11,3,1.3,2.3.1,0.17.2,0.46.1
16,QAOA 2Q p=1,2,FakeSherbrooke,127,59,1000,100,0.034,0.9984,PASS,,,CORRECT,,CORRECT,11,3,0.7,2.3.1,0.17.2,0.46.1
16,QAOA 2Q p=1,2,FakeSherbrooke,127,60,1000,100,0.022,0.9993,PASS,,,CORRECT,,CORRECT,11,3,0.4,2.3.1,0.17.2,0.46.1
16,QAOA 2Q p=1,2,FakeSherbrooke,127,61,1000,100,0.013,0.9997,PASS,,,CORRECT,,CORRECT,11,3,0.4,2.3.1,0.17.2,0.46.1
16,QAOA 2Q p=1,2,FakeSherbrooke,127,62,1000,100,0.036,0.9982,PASS,,,CORRECT,,CORRECT,11,3,0.5,2.3.1,0.17.2,0.46.1
16,QAOA 2Q p=1,2,FakeSherbrooke,127,63,1000,100,0.021,0.9993,PASS,,,CORRECT,,CORRECT,11,3,0.7,2.3.1,0.17.2,0.46.1
16,QAOA 2Q p=1,2,FakeSherbrooke,127,64,1000,100,0.025,0.9993,PASS,,,CORRECT,,CORRECT,11,3,0.7,2.3.1,0.17.2,0.46.1
16,QAOA 2Q p=1,2,FakeSherbrooke,127,65,1000,100,0.008,0.9999,PASS,,,CORRECT,,CORRECT,11,3,0.8,2.3.1,0.17.2,0.46.1
16,QAOA 2Q p=1,2,FakeSherbrooke,127,66,1000,100,0.022,0.9992,PASS,,,CORRECT,,CORRECT,11,3,0.6,2.3.1,0.17.2,0.46.1
16,QAOA 2Q p=1,2,FakeSherbrooke,127,67,1000,100,0.015,0.9997,PASS,,,CORRECT,,CORRECT,11,3,0.7,2.3.1,0.17.2,0.46.1
16,QAOA 2Q p=1,2,FakeSherbrooke,127,68,1000,100,0.018,0.9996,PASS,,,CORRECT,,CORRECT,11,3,0.6,2.3.1,0.17.2,0.46.1
16,QAOA 2Q p=1,2,FakeSherbrooke,127,69,1000,100,0.016,0.9996,PASS,,,CORRECT,,CORRECT,11,3,0.3,2.3.1,0.17.2,0.46.1
16,QAOA 2Q p=1,2,FakeSherbrooke,127,70,1000,100,0.018,0.9994,PASS,,,CORRECT,,CORRECT,11,3,0.4,2.3.1,0.17.2,0.46.1
16,QAOA 2Q p=1,2,FakeSherbrooke,127,71,1000,100,0.029,0.9988,PASS,,,CORRECT,,CORRECT,11,3,0.5,2.3.1,0.17.2,0.46.1
16,QAOA 2Q p=1,2,FakeSherbrooke,127,72,1000,100,0.024,0.9993,PASS,,,CORRECT,,CORRECT,11,3,1.0,2.3.1,0.17.2,0.46.1
16,QAOA 2Q p=1,2,FakeSherbrooke,127,73,1000,100,0.013,0.9997,PASS,,,CORRECT,,CORRECT,11,3,0.6,2.3.1,0.17.2,0.46.1
16,QAOA 2Q p=1,2,FakeSherbrooke,127,74,1000,100,0.031,0.9988,PASS,,,CORRECT,,CORRECT,11,3,0.7,2.3.1,0.17.2,0.46.1
16,QAOA 2Q p=1,2,FakeSherbrooke,127,75,1000,100,0.011,0.9998,PASS,,,CORRECT,,CORRECT,11,3,0.8,2.3.1,0.17.2,0.46.1
16,QAOA 2Q p=1,2,FakeSherbrooke,127,76,1000,100,0.02,0.9994,PASS,,,CORRECT,,CORRECT,11,3,0.4,2.3.1,0.17.2,0.46.1
16,QAOA 2Q p=1,2,FakeSherbrooke,127,77,1000,100,0.035,0.9986,PASS,,,CORRECT,,CORRECT,11,3,0.4,2.3.1,0.17.2,0.46.1
16,QAOA 2Q p=1,2,FakeSherbrooke,127,78,1000,100,0.021,0.9994,PASS,,,CORRECT,,CORRECT,11,3,0.5,2.3.1,0.17.2,0.46.1
16,QAOA 2Q p=1,2,FakeSherbrooke,127,79,1000,100,0.011,0.9998,PASS,,,CORRECT,,CORRECT,11,3,0.5,2.3.1,0.17.2,0.46.1
16,QAOA 2Q p=1,2,FakeSherbrooke,127,80,1000,100,0.014,0.9998,PASS,,,CORRECT,,CORRECT,11,3,0.9,2.3.1,0.17.2,0.46.1
16,QAOA 2Q p=1,2,FakeSherbrooke,127,81,1000,100,0.027,0.9992,PASS,,,CORRECT,,CORRECT,11,3,0.7,2.3.1,0.17.2,0.46.1
16,QAOA 2Q p=1,2,FakeSherbrooke,127,82,1000,100,0.038,0.9985,PASS,,,CORRECT,,CORRECT,11,3,1.0,2.3.1,0.17.2,0.46.1
16,QAOA 2Q p=1,2,FakeSherbrooke,127,83,1000,100,0.008,0.9999,PASS,,,CORRECT,,CORRECT,11,3,0.5,2.3.1,0.17.2,0.46.1
16,QAOA 2Q p=1,2,FakeSherbrooke,127,84,1000,100,0.012,0.9998,PASS,,,CORRECT,,CORRECT,11,3,0.4,2.3.1,0.17.2,0.46.1
16,QAOA 2Q p=1,2,FakeSherbrooke,127,85,1000,100,0.011,0.9998,PASS,,,CORRECT,,CORRECT,11,3,0.5,2.3.1,0.17.2,0.46.1
16,QAOA 2Q p=1,2,FakeSherbrooke,127,86,1000,100,0.026,0.999,PASS,,,CORRECT,,CORRECT,11,3,0.3,2.3.1,0.17.2,0.46.1
16,QAOA 2Q p=1,2,FakeSherbrooke,127,87,1000,100,0.012,0.9998,PASS,,,CORRECT,,CORRECT,11,3,0.6,2.3.1,0.17.2,0.46.1
16,QAOA 2Q p=1,2,FakeSherbrooke,127,88,1000,100,0.03,0.999,PASS,,,CORRECT,,CORRECT,11,3,1.2,2.3.1,0.17.2,0.46.1
16,QAOA 2Q p=1,2,FakeSherbrooke,127,89,1000,100,0.031,0.9986,PASS,,,CORRECT,,CORRECT,11,3,0.8,2.3.1,0.17.2,0.46.1
16,QAOA 2Q p=1,2,FakeSherbrooke,127,90,1000,100,0.033,0.9984,PASS,,,CORRECT,,CORRECT,11,3,0.8,2.3.1,0.17.2,0.46.1
16,QAOA 2Q p=1,2,FakeSherbrooke,127,91,1000,100,0.009,0.9999,PASS,,,CORRECT,,CORRECT,11,3,0.7,2.3.1,0.17.2,0.46.1
16,QAOA 2Q p=1,2,FakeSherbrooke,127,92,1000,100,0.017,0.9995,PASS,,,CORRECT,,CORRECT,11,3,0.5,2.3.1,0.17.2,0.46.1
16,QAOA 2Q p=1,2,FakeSherbrooke,127,93,1000,100,0.016,0.9997,PASS,,,CORRECT,,CORRECT,11,3,0.3,2.3.1,0.17.2,0.46.1
16,QAOA 2Q p=1,2,FakeSherbrooke,127,94,1000,100,0.024,0.9991,PASS,,,CORRECT,,CORRECT,11,3,0.4,2.3.1,0.17.2,0.46.1
16,QAOA 2Q p=1,2,FakeSherbrooke,127,95,1000,100,0.017,0.9996,PASS,,,CORRECT,,CORRECT,11,3,0.8,2.3.1,0.17.2,0.46.1
16,QAOA 2Q p=1,2,FakeSherbrooke,127,96,1000,100,0.012,0.9998,PASS,,,CORRECT,,CORRECT,11,3,0.6,2.3.1,0.17.2,0.46.1
16,QAOA 2Q p=1,2,FakeSherbrooke,127,97,1000,100,0.027,0.999,PASS,,,CORRECT,,CORRECT,11,3,0.7,2.3.1,0.17.2,0.46.1
16,QAOA 2Q p=1,2,FakeSherbrooke,127,98,1000,100,0.011,0.9998,PASS,,,CORRECT,,CORRECT,11,3,0.8,2.3.1,0.17.2,0.46.1
16,QAOA 2Q p=1,2,FakeSherbrooke,127,99,1000,100,0.011,0.9998,PASS,,,CORRECT,,CORRECT,11,3,0.6,2.3.1,0.17.2,0.46.1
16,QAOA 2Q p=1,2,FakeSherbrooke,127,100,1000,100,0.018,0.9995,PASS,,,CORRECT,,CORRECT,11,3,0.5,2.3.1,0.17.2,0.46.1
16,QAOA 2Q p=1,2,FakeSherbrooke,127,101,1000,100,0.041,0.9976,PASS,,,CORRECT,,CORRECT,11,3,0.4,2.3.1,0.17.2,0.46.1
16,QAOA 2Q p=1,2,FakeSherbrooke,127,102,1000,100,0.036,0.9985,PASS,,,CORRECT,,CORRECT,11,3,0.5,2.3.1,0.17.2,0.46.1
16,QAOA 2Q p=1,2,FakeSherbrooke,127,103,1000,100,0.02,0.9994,PASS,,,CORRECT,,CORRECT,11,3,0.4,2.3.1,0.17.2,0.46.1
16,QAOA 2Q p=1,2,FakeSherbrooke,127,104,1000,100,0.021,0.9993,PASS,,,CORRECT,,CORRECT,11,3,1.0,2.3.1,0.17.2,0.46.1
16,QAOA 2Q p=1,2,FakeSherbrooke,127,105,1000,100,0.035,0.9983,PASS,,,CORRECT,,CORRECT,11,3,1.2,2.3.1,0.17.2,0.46.1
16,QAOA 2Q p=1,2,FakeSherbrooke,127,106,1000,100,0.002,1.0,PASS,,,CORRECT,,CORRECT,11,3,0.8,2.3.1,0.17.2,0.46.1
16,QAOA 2Q p=1,2,FakeSherbrooke,127,107,1000,100,0.017,0.9996,PASS,,,CORRECT,,CORRECT,11,3,0.6,2.3.1,0.17.2,0.46.1
16,QAOA 2Q p=1,2,FakeSherbrooke,127,108,1000,100,0.028,0.9988,PASS,,,CORRECT,,CORRECT,11,3,0.5,2.3.1,0.17.2,0.46.1
16,QAOA 2Q p=1,2,FakeSherbrooke,127,109,1000,100,0.008,0.9999,PASS,,,CORRECT,,CORRECT,11,3,0.3,2.3.1,0.17.2,0.46.1
16,QAOA 2Q p=1,2,FakeSherbrooke,127,110,1000,100,0.021,0.9993,PASS,,,CORRECT,,CORRECT,11,3,0.5,2.3.1,0.17.2,0.46.1
16,QAOA 2Q p=1,2,FakeSherbrooke,127,111,1000,100,0.039,0.9982,PASS,,,CORRECT,,CORRECT,11,3,1.0,2.3.1,0.17.2,0.46.1
16,QAOA 2Q p=1,2,FakeSherbrooke,127,112,1000,100,0.007,0.9999,PASS,,,CORRECT,,CORRECT,11,3,1.0,2.3.1,0.17.2,0.46.1
16,QAOA 2Q p=1,2,FakeSherbrooke,127,113,1000,100,0.015,0.9997,PASS,,,CORRECT,,CORRECT,11,3,0.6,2.3.1,0.17.2,0.46.1
16,QAOA 2Q p=1,2,FakeSherbrooke,127,114,1000,100,0.014,0.9997,PASS,,,CORRECT,,CORRECT,11,3,0.7,2.3.1,0.17.2,0.46.1
16,QAOA 2Q p=1,2,FakeSherbrooke,127,115,1000,100,0.016,0.9997,PASS,,,CORRECT,,CORRECT,11,3,0.6,2.3.1,0.17.2,0.46.1
16,QAOA 2Q p=1,2,FakeSherbrooke,127,116,1000,100,0.023,0.9993,PASS,,,CORRECT,,CORRECT,11,3,0.3,2.3.1,0.17.2,0.46.1
16,QAOA 2Q p=1,2,FakeSherbrooke,127,117,1000,100,0.016,0.9996,PASS,,,CORRECT,,CORRECT,11,3,0.4,2.3.1,0.17.2,0.46.1
16,QAOA 2Q p=1,2,FakeSherbrooke,127,118,1000,100,0.009,0.9999,PASS,,,CORRECT,,CORRECT,11,3,0.7,2.3.1,0.17.2,0.46.1
16,QAOA 2Q p=1,2,FakeSherbrooke,127,119,1000,100,0.024,0.9992,PASS,,,CORRECT,,CORRECT,11,3,0.7,2.3.1,0.17.2,0.46.1
17,Quantum teleportation 3Q,3,FakeSherbrooke,127,20,1000,100,0.028,0.9718,PASS,,,CORRECT,,CORRECT,26,7,1.2,2.3.1,0.17.2,0.46.1
17,Quantum teleportation 3Q,3,FakeSherbrooke,127,21,1000,100,0.037,0.9702,PASS,,,CORRECT,,CORRECT,25,7,0.8,2.3.1,0.17.2,0.46.1
17,Quantum teleportation 3Q,3,FakeSherbrooke,127,22,1000,100,0.04,0.9595,PASS,,,CORRECT,,CORRECT,25,7,0.7,2.3.1,0.17.2,0.46.1
17,Quantum teleportation 3Q,3,FakeSherbrooke,127,23,1000,100,0.039,0.981,PASS,,,CORRECT,,CORRECT,26,7,0.3,2.3.1,0.17.2,0.46.1
17,Quantum teleportation 3Q,3,FakeSherbrooke,127,24,1000,100,0.029,0.9757,PASS,,,CORRECT,,CORRECT,26,7,0.4,2.3.1,0.17.2,0.46.1
17,Quantum teleportation 3Q,3,FakeSherbrooke,127,25,1000,100,0.026,0.9806,PASS,,,CORRECT,,CORRECT,26,7,0.6,2.3.1,0.17.2,0.46.1
17,Quantum teleportation 3Q,3,FakeSherbrooke,127,26,1000,100,0.051,0.9675,PASS,,,CORRECT,,CORRECT,26,7,0.8,2.3.1,0.17.2,0.46.1
17,Quantum teleportation 3Q,3,FakeSherbrooke,127,27,1000,100,0.055,0.9679,PASS,,,CORRECT,,CORRECT,26,7,1.0,2.3.1,0.17.2,0.46.1
17,Quantum teleportation 3Q,3,FakeSherbrooke,127,28,1000,100,0.043,0.9691,PASS,,,CORRECT,,CORRECT,25,7,0.9,2.3.1,0.17.2,0.46.1
17,Quantum teleportation 3Q,3,FakeSherbrooke,127,29,1000,100,0.036,0.9723,PASS,,,CORRECT,,CORRECT,26,7,0.7,2.3.1,0.17.2,0.46.1
17,Quantum teleportation 3Q,3,FakeSherbrooke,127,30,1000,100,0.047,0.9642,PASS,,,CORRECT,,CORRECT,25,7,0.4,2.3.1,0.17.2,0.46.1
17,Quantum teleportation 3Q,3,FakeSherbrooke,127,31,1000,100,0.042,0.9616,PASS,,,CORRECT,,CORRECT,25,7,0.4,2.3.1,0.17.2,0.46.1
17,Quantum teleportation 3Q,3,FakeSherbrooke,127,32,1000,100,0.021,0.979,PASS,,,CORRECT,,CORRECT,26,7,0.6,2.3.1,0.17.2,0.46.1
17,Quantum teleportation 3Q,3,FakeSherbrooke,127,33,1000,100,0.05,0.9762,PASS,,,CORRECT,,CORRECT,26,7,1.0,2.3.1,0.17.2,0.46.1
17,Quantum teleportation 3Q,3,FakeSherbrooke,127,34,1000,100,0.04,0.9722,PASS,,,CORRECT,,CORRECT,26,7,0.7,2.3.1,0.17.2,0.46.1
17,Quantum teleportation 3Q,3,FakeSherbrooke,127,35,1000,100,0.043,0.9666,PASS,,,CORRECT,,CORRECT,25,7,1.3,2.3.1,0.17.2,0.46.1
17,Quantum teleportation 3Q,3,FakeSherbrooke,127,36,1000,100,0.053,0.9701,PASS,,,CORRECT,,CORRECT,25,7,0.7,2.3.1,0.17.2,0.46.1
17,Quantum teleportation 3Q,3,FakeSherbrooke,127,37,1000,100,0.035,0.9783,PASS,,,CORRECT,,CORRECT,26,7,0.4,2.3.1,0.17.2,0.46.1
17,Quantum teleportation 3Q,3,FakeSherbrooke,127,38,1000,100,0.052,0.9561,PASS,,,CORRECT,,CORRECT,25,7,0.5,2.3.1,0.17.2,0.46.1
17,Quantum teleportation 3Q,3,FakeSherbrooke,127,39,1000,100,0.066,0.9583,PASS,,,CORRECT,,CORRECT,25,7,0.3,2.3.1,0.17.2,0.46.1
17,Quantum teleportation 3Q,3,FakeSherbrooke,127,40,1000,100,0.056,0.9695,PASS,,,CORRECT,,CORRECT,26,7,0.7,2.3.1,0.17.2,0.46.1
17,Quantum teleportation 3Q,3,FakeSherbrooke,127,41,1000,100,0.042,0.9779,PASS,,,CORRECT,,CORRECT,26,7,1.1,2.3.1,0.17.2,0.46.1
17,Quantum teleportation 3Q,3,FakeSherbrooke,127,42,1000,100,0.037,0.9662,PASS,,,CORRECT,,CORRECT,25,7,1.2,2.3.1,0.17.2,0.46.1
17,Quantum teleportation 3Q,3,FakeSherbrooke,127,43,1000,100,0.048,0.9601,PASS,,,CORRECT,,CORRECT,25,7,0.7,2.3.1,0.17.2,0.46.1
17,Quantum teleportation 3Q,3,FakeSherbrooke,127,44,1000,100,0.025,0.975,PASS,,,CORRECT,,CORRECT,26,7,0.4,2.3.1,0.17.2,0.46.1
17,Quantum teleportation 3Q,3,FakeSherbrooke,127,45,1000,100,0.037,0.9687,PASS,,,CORRECT,,CORRECT,25,7,0.6,2.3.1,0.17.2,0.46.1
17,Quantum teleportation 3Q,3,FakeSherbrooke,127,46,1000,100,0.038,0.9763,PASS,,,CORRECT,,CORRECT,26,7,0.3,2.3.1,0.17.2,0.46.1
17,Quantum teleportation 3Q,3,FakeSherbrooke,127,47,1000,100,0.034,0.9794,PASS,,,CORRECT,,CORRECT,26,7,0.8,2.3.1,0.17.2,0.46.1
17,Quantum teleportation 3Q,3,FakeSherbrooke,127,48,1000,100,0.047,0.9737,PASS,,,CORRECT,,CORRECT,26,7,1.3,2.3.1,0.17.2,0.46.1
17,Quantum teleportation 3Q,3,FakeSherbrooke,127,49,1000,100,0.023,0.9827,PASS,,,CORRECT,,CORRECT,26,7,0.7,2.3.1,0.17.2,0.46.1
17,Quantum teleportation 3Q,3,FakeSherbrooke,127,50,1000,100,0.032,0.9688,PASS,,,CORRECT,,CORRECT,25,7,0.9,2.3.1,0.17.2,0.46.1
17,Quantum teleportation 3Q,3,FakeSherbrooke,127,51,1000,100,0.045,0.9577,PASS,,,CORRECT,,CORRECT,25,7,0.4,2.3.1,0.17.2,0.46.1
17,Quantum teleportation 3Q,3,FakeSherbrooke,127,52,1000,100,0.054,0.9733,PASS,,,CORRECT,,CORRECT,26,7,0.5,2.3.1,0.17.2,0.46.1
17,Quantum teleportation 3Q,3,FakeSherbrooke,127,53,1000,100,0.032,0.9805,PASS,,,CORRECT,,CORRECT,26,7,0.3,2.3.1,0.17.2,0.46.1
17,Quantum teleportation 3Q,3,FakeSherbrooke,127,54,1000,100,0.054,0.9525,PASS,,,CORRECT,,CORRECT,25,7,0.5,2.3.1,0.17.2,0.46.1
17,Quantum teleportation 3Q,3,FakeSherbrooke,127,55,1000,100,0.041,0.9588,PASS,,,CORRECT,,CORRECT,25,7,0.8,2.3.1,0.17.2,0.46.1
17,Quantum teleportation 3Q,3,FakeSherbrooke,127,56,1000,100,0.039,0.9609,PASS,,,CORRECT,,CORRECT,25,7,0.6,2.3.1,0.17.2,0.46.1
17,Quantum teleportation 3Q,3,FakeSherbrooke,127,57,1000,100,0.045,0.97,PASS,,,CORRECT,,CORRECT,25,7,0.7,2.3.1,0.17.2,0.46.1
17,Quantum teleportation 3Q,3,FakeSherbrooke,127,58,1000,100,0.044,0.9768,PASS,,,CORRECT,,CORRECT,26,7,0.9,2.3.1,0.17.2,0.46.1
17,Quantum teleportation 3Q,3,FakeSherbrooke,127,59,1000,100,0.046,0.9718,PASS,,,CORRECT,,CORRECT,26,7,0.5,2.3.1,0.17.2,0.46.1
17,Quantum teleportation 3Q,3,FakeSherbrooke,127,60,1000,100,0.034,0.9742,PASS,,,CORRECT,,CORRECT,26,7,0.4,2.3.1,0.17.2,0.46.1
17,Quantum teleportation 3Q,3,FakeSherbrooke,127,61,1000,100,0.04,0.9599,PASS,,,CORRECT,,CORRECT,25,7,0.4,2.3.1,0.17.2,0.46.1
17,Quantum teleportation 3Q,3,FakeSherbrooke,127,62,1000,100,0.048,0.9699,PASS,,,CORRECT,,CORRECT,25,7,0.6,2.3.1,0.17.2,0.46.1
17,Quantum teleportation 3Q,3,FakeSherbrooke,127,63,1000,100,0.028,0.9854,PASS,,,CORRECT,,CORRECT,26,7,0.6,2.3.1,0.17.2,0.46.1
17,Quantum teleportation 3Q,3,FakeSherbrooke,127,64,1000,100,0.035,0.9763,PASS,,,CORRECT,,CORRECT,26,7,0.8,2.3.1,0.17.2,0.46.1
17,Quantum teleportation 3Q,3,FakeSherbrooke,127,65,1000,100,0.025,0.975,PASS,,,CORRECT,,CORRECT,26,7,0.9,2.3.1,0.17.2,0.46.1
17,Quantum teleportation 3Q,3,FakeSherbrooke,127,66,1000,100,0.034,0.9762,PASS,,,CORRECT,,CORRECT,26,7,0.9,2.3.1,0.17.2,0.46.1
17,Quantum teleportation 3Q,3,FakeSherbrooke,127,67,1000,100,0.034,0.9747,PASS,,,CORRECT,,CORRECT,26,7,0.5,2.3.1,0.17.2,0.46.1
17,Quantum teleportation 3Q,3,FakeSherbrooke,127,68,1000,100,0.031,0.9756,PASS,,,CORRECT,,CORRECT,25,7,0.6,2.3.1,0.17.2,0.46.1
17,Quantum teleportation 3Q,3,FakeSherbrooke,127,69,1000,100,0.026,0.9817,PASS,,,CORRECT,,CORRECT,26,7,0.3,2.3.1,0.17.2,0.46.1
17,Quantum teleportation 3Q,3,FakeSherbrooke,127,70,1000,100,0.04,0.9656,PASS,,,CORRECT,,CORRECT,25,7,0.8,2.3.1,0.17.2,0.46.1
17,Quantum teleportation 3Q,3,FakeSherbrooke,127,71,1000,100,0.044,0.9753,PASS,,,CORRECT,,CORRECT,25,7,1.0,2.3.1,0.17.2,0.46.1
17,Quantum teleportation 3Q,3,FakeSherbrooke,127,72,1000,100,0.037,0.9646,PASS,,,CORRECT,,CORRECT,25,7,0.9,2.3.1,0.17.2,0.46.1
17,Quantum teleportation 3Q,3,FakeSherbrooke,127,73,1000,100,0.032,0.9697,PASS,,,CORRECT,,CORRECT,26,7,0.6,2.3.1,0.17.2,0.46.1
17,Quantum teleportation 3Q,3,FakeSherbrooke,127,74,1000,100,0.045,0.9651,PASS,,,CORRECT,,CORRECT,25,7,0.6,2.3.1,0.17.2,0.46.1
17,Quantum teleportation 3Q,3,FakeSherbrooke,127,75,1000,100,0.031,0.9765,PASS,,,CORRECT,,CORRECT,26,7,0.5,2.3.1,0.17.2,0.46.1
17,Quantum teleportation 3Q,3,FakeSherbrooke,127,76,1000,100,0.035,0.9675,PASS,,,CORRECT,,CORRECT,25,7,0.3,2.3.1,0.17.2,0.46.1
17,Quantum teleportation 3Q,3,FakeSherbrooke,127,77,1000,100,0.057,0.9655,PASS,,,CORRECT,,CORRECT,25,7,0.4,2.3.1,0.17.2,0.46.1
17,Quantum teleportation 3Q,3,FakeSherbrooke,127,78,1000,100,0.037,0.9627,PASS,,,CORRECT,,CORRECT,25,7,1.1,2.3.1,0.17.2,0.46.1
17,Quantum teleportation 3Q,3,FakeSherbrooke,127,79,1000,100,0.031,0.9688,PASS,,,CORRECT,,CORRECT,25,7,0.9,2.3.1,0.17.2,0.46.1
17,Quantum teleportation 3Q,3,FakeSherbrooke,127,80,1000,100,0.023,0.9798,PASS,,,CORRECT,,CORRECT,26,7,1.0,2.3.1,0.17.2,0.46.1
17,Quantum teleportation 3Q,3,FakeSherbrooke,127,81,1000,100,0.044,0.9614,PASS,,,CORRECT,,CORRECT,25,7,0.7,2.3.1,0.17.2,0.46.1
17,Quantum teleportation 3Q,3,FakeSherbrooke,127,82,1000,100,0.054,0.9646,PASS,,,CORRECT,,CORRECT,25,7,0.5,2.3.1,0.17.2,0.46.1
17,Quantum teleportation 3Q,3,FakeSherbrooke,127,83,1000,100,0.036,0.9639,PASS,,,CORRECT,,CORRECT,25,7,0.3,2.3.1,0.17.2,0.46.1
17,Quantum teleportation 3Q,3,FakeSherbrooke,127,84,1000,100,0.03,0.9698,PASS,,,CORRECT,,CORRECT,25,7,0.4,2.3.1,0.17.2,0.46.1
17,Quantum teleportation 3Q,3,FakeSherbrooke,127,85,1000,100,0.033,0.9754,PASS,,,CORRECT,,CORRECT,26,7,0.8,2.3.1,0.17.2,0.46.1
17,Quantum teleportation 3Q,3,FakeSherbrooke,127,86,1000,100,0.04,0.9616,PASS,,,CORRECT,,CORRECT,25,7,0.6,2.3.1,0.17.2,0.46.1
17,Quantum teleportation 3Q,3,FakeSherbrooke,127,87,1000,100,0.027,0.9749,PASS,,,CORRECT,,CORRECT,26,7,1.0,2.3.1,0.17.2,0.46.1
17,Quantum teleportation 3Q,3,FakeSherbrooke,127,88,1000,100,0.043,0.9691,PASS,,,CORRECT,,CORRECT,25,7,1.3,2.3.1,0.17.2,0.46.1
17,Quantum teleportation 3Q,3,FakeSherbrooke,127,89,1000,100,0.034,0.9745,PASS,,,CORRECT,,CORRECT,26,7,0.4,2.3.1,0.17.2,0.46.1
17,Quantum teleportation 3Q,3,FakeSherbrooke,127,90,1000,100,0.039,0.9623,PASS,,,CORRECT,,CORRECT,25,7,0.4,2.3.1,0.17.2,0.46.1
17,Quantum teleportation 3Q,3,FakeSherbrooke,127,91,1000,100,0.039,0.9627,PASS,,,CORRECT,,CORRECT,25,7,0.4,2.3.1,0.17.2,0.46.1
17,Quantum teleportation 3Q,3,FakeSherbrooke,127,92,1000,100,0.042,0.9577,PASS,,,CORRECT,,CORRECT,25,7,0.7,2.3.1,0.17.2,0.46.1
17,Quantum teleportation 3Q,3,FakeSherbrooke,127,93,1000,100,0.043,0.9673,PASS,,,CORRECT,,CORRECT,25,7,0.7,2.3.1,0.17.2,0.46.1
17,Quantum teleportation 3Q,3,FakeSherbrooke,127,94,1000,100,0.044,0.968,PASS,,,CORRECT,,CORRECT,25,7,0.7,2.3.1,0.17.2,0.46.1
17,Quantum teleportation 3Q,3,FakeSherbrooke,127,95,1000,100,0.035,0.9764,PASS,,,CORRECT,,CORRECT,26,7,0.8,2.3.1,0.17.2,0.46.1
17,Quantum teleportation 3Q,3,FakeSherbrooke,127,96,1000,100,0.036,0.9639,PASS,,,CORRECT,,CORRECT,25,7,0.6,2.3.1,0.17.2,0.46.1
17,Quantum teleportation 3Q,3,FakeSherbrooke,127,97,1000,100,0.031,0.9794,PASS,,,CORRECT,,CORRECT,26,7,0.5,2.3.1,0.17.2,0.46.1
17,Quantum teleportation 3Q,3,FakeSherbrooke,127,98,1000,100,0.015,0.9869,PASS,,,CORRECT,,CORRECT,26,7,0.5,2.3.1,0.17.2,0.46.1
17,Quantum teleportation 3Q,3,FakeSherbrooke,127,99,1000,100,0.027,0.9808,PASS,,,CORRECT,,CORRECT,26,7,0.3,2.3.1,0.17.2,0.46.1
17,Quantum teleportation 3Q,3,FakeSherbrooke,127,100,1000,100,0.031,0.9793,PASS,,,CORRECT,,CORRECT,26,7,0.5,2.3.1,0.17.2,0.46.1
17,Quantum teleportation 3Q,3,FakeSherbrooke,127,101,1000,100,0.046,0.9674,PASS,,,CORRECT,,CORRECT,25,7,0.8,2.3.1,0.17.2,0.46.1
17,Quantum teleportation 3Q,3,FakeSherbrooke,127,102,1000,100,0.058,0.963,PASS,,,CORRECT,,CORRECT,25,7,1.3,2.3.1,0.17.2,0.46.1
17,Quantum teleportation 3Q,3,FakeSherbrooke,127,103,1000,100,0.03,0.9747,PASS,,,CORRECT,,CORRECT,26,7,0.8,2.3.1,0.17.2,0.46.1
17,Quantum teleportation 3Q,3,FakeSherbrooke,127,104,1000,100,0.04,0.9712,PASS,,,CORRECT,,CORRECT,25,7,0.7,2.3.1,0.17.2,0.46.1
17,Quantum teleportation 3Q,3,FakeSherbrooke,127,105,1000,100,0.042,0.979,PASS,,,CORRECT,,CORRECT,26,7,0.5,2.3.1,0.17.2,0.46.1
17,Quantum teleportation 3Q,3,FakeSherbrooke,127,106,1000,100,0.028,0.9718,PASS,,,CORRECT,,CORRECT,26,7,0.3,2.3.1,0.17.2,0.46.1
17,Quantum teleportation 3Q,3,FakeSherbrooke,127,107,1000,100,0.038,0.9673,PASS,,,CORRECT,,CORRECT,25,7,0.4,2.3.1,0.17.2,0.46.1
17,Quantum teleportation 3Q,3,FakeSherbrooke,127,108,1000,100,0.047,0.9727,PASS,,,CORRECT,,CORRECT,25,7,0.8,2.3.1,0.17.2,0.46.1
17,Quantum teleportation 3Q,3,FakeSherbrooke,127,109,1000,100,0.026,0.9778,PASS,,,CORRECT,,CORRECT,26,7,0.7,2.3.1,0.17.2,0.46.1
17,Quantum teleportation 3Q,3,FakeSherbrooke,127,110,1000,100,0.038,0.9743,PASS,,,CORRECT,,CORRECT,25,7,1.0,2.3.1,0.17.2,0.46.1
17,Quantum teleportation 3Q,3,FakeSherbrooke,127,111,1000,100,0.049,0.9639,PASS,,,CORRECT,,CORRECT,25,7,0.8,2.3.1,0.17.2,0.46.1
17,Quantum teleportation 3Q,3,FakeSherbrooke,127,112,1000,100,0.044,0.9616,PASS,,,CORRECT,,CORRECT,25,7,0.6,2.3.1,0.17.2,0.46.1
17,Quantum teleportation 3Q,3,FakeSherbrooke,127,113,1000,100,0.034,0.9706,PASS,,,CORRECT,,CORRECT,26,7,0.3,2.3.1,0.17.2,0.46.1
17,Quantum teleportation 3Q,3,FakeSherbrooke,127,114,1000,100,0.035,0.9646,PASS,,,CORRECT,,CORRECT,25,7,0.4,2.3.1,0.17.2,0.46.1
17,Quantum teleportation 3Q,3,FakeSherbrooke,127,115,1000,100,0.018,0.9849,PASS,,,CORRECT,,CORRECT,26,7,0.7,2.3.1,0.17.2,0.46.1
17,Quantum teleportation 3Q,3,FakeSherbrooke,127,116,1000,100,0.032,0.9783,PASS,,,CORRECT,,CORRECT,26,7,0.8,2.3.1,0.17.2,0.46.1
17,Quantum teleportation 3Q,3,FakeSherbrooke,127,117,1000,100,0.028,0.9815,PASS,,,CORRECT,,CORRECT,26,7,0.7,2.3.1,0.17.2,0.46.1
17,Quantum teleportation 3Q,3,FakeSherbrooke,127,118,1000,100,0.027,0.9816,PASS,,,CORRECT,,CORRECT,26,7,0.8,2.3.1,0.17.2,0.46.1
17,Quantum teleportation 3Q,3,FakeSherbrooke,127,119,1000,100,0.037,0.9734,PASS,,,CORRECT,,CORRECT,26,7,0.7,2.3.1,0.17.2,0.46.1
18,Deutsch-Jozsa 3Q,3,FakeSherbrooke,127,20,1024,102,0.0518,0.9482,PASS,,,CORRECT,,CORRECT,11,3,0.4,2.3.1,0.17.2,0.46.1
18,Deutsch-Jozsa 3Q,3,FakeSherbrooke,127,21,1024,102,0.0654,0.9345,PASS,,,CORRECT,,CORRECT,11,3,0.4,2.3.1,0.17.2,0.46.1
18,Deutsch-Jozsa 3Q,3,FakeSherbrooke,127,22,1024,102,0.0732,0.9268,PASS,,,CORRECT,,CORRECT,11,3,0.5,2.3.1,0.17.2,0.46.1
18,Deutsch-Jozsa 3Q,3,FakeSherbrooke,127,23,1024,102,0.0654,0.9345,PASS,,,CORRECT,,CORRECT,11,3,0.5,2.3.1,0.17.2,0.46.1
18,Deutsch-Jozsa 3Q,3,FakeSherbrooke,127,24,1024,102,0.0791,0.9203,PASS,,,CORRECT,,CORRECT,11,3,0.7,2.3.1,0.17.2,0.46.1
18,Deutsch-Jozsa 3Q,3,FakeSherbrooke,127,25,1024,102,0.0791,0.9209,PASS,,,CORRECT,,CORRECT,11,3,0.9,2.3.1,0.17.2,0.46.1
18,Deutsch-Jozsa 3Q,3,FakeSherbrooke,127,26,1024,102,0.0713,0.9284,PASS,,,CORRECT,,CORRECT,11,3,0.6,2.3.1,0.17.2,0.46.1
18,Deutsch-Jozsa 3Q,3,FakeSherbrooke,127,27,1024,102,0.0664,0.9332,PASS,,,CORRECT,,CORRECT,11,3,0.7,2.3.1,0.17.2,0.46.1
18,Deutsch-Jozsa 3Q,3,FakeSherbrooke,127,28,1024,102,0.0596,0.9404,PASS,,,CORRECT,,CORRECT,11,3,0.6,2.3.1,0.17.2,0.46.1
18,Deutsch-Jozsa 3Q,3,FakeSherbrooke,127,29,1024,102,0.0781,0.9217,PASS,,,CORRECT,,CORRECT,11,3,0.3,2.3.1,0.17.2,0.46.1
18,Deutsch-Jozsa 3Q,3,FakeSherbrooke,127,30,1024,102,0.0645,0.9353,PASS,,,CORRECT,,CORRECT,11,3,0.4,2.3.1,0.17.2,0.46.1
18,Deutsch-Jozsa 3Q,3,FakeSherbrooke,127,31,1024,102,0.0654,0.9343,PASS,,,CORRECT,,CORRECT,11,3,0.5,2.3.1,0.17.2,0.46.1
18,Deutsch-Jozsa 3Q,3,FakeSherbrooke,127,32,1024,102,0.0537,0.9463,PASS,,,CORRECT,,CORRECT,11,3,0.9,2.3.1,0.17.2,0.46.1
18,Deutsch-Jozsa 3Q,3,FakeSherbrooke,127,33,1024,102,0.0654,0.9335,PASS,,,CORRECT,,CORRECT,11,3,0.7,2.3.1,0.17.2,0.46.1
18,Deutsch-Jozsa 3Q,3,FakeSherbrooke,127,34,1024,102,0.0684,0.9315,PASS,,,CORRECT,,CORRECT,11,3,0.9,2.3.1,0.17.2,0.46.1
18,Deutsch-Jozsa 3Q,3,FakeSherbrooke,127,35,1024,102,0.0645,0.9351,PASS,,,CORRECT,,CORRECT,11,3,1.0,2.3.1,0.17.2,0.46.1
18,Deutsch-Jozsa 3Q,3,FakeSherbrooke,127,36,1024,102,0.0605,0.9386,PASS,,,CORRECT,,CORRECT,11,3,0.3,2.3.1,0.17.2,0.46.1
18,Deutsch-Jozsa 3Q,3,FakeSherbrooke,127,37,1024,102,0.0557,0.9442,PASS,,,CORRECT,,CORRECT,11,3,0.4,2.3.1,0.17.2,0.46.1
18,Deutsch-Jozsa 3Q,3,FakeSherbrooke,127,38,1024,102,0.0752,0.9248,PASS,,,CORRECT,,CORRECT,11,3,0.6,2.3.1,0.17.2,0.46.1
18,Deutsch-Jozsa 3Q,3,FakeSherbrooke,127,39,1024,102,0.0645,0.9354,PASS,,,CORRECT,,CORRECT,11,3,0.5,2.3.1,0.17.2,0.46.1
18,Deutsch-Jozsa 3Q,3,FakeSherbrooke,127,40,1024,102,0.0693,0.9303,PASS,,,CORRECT,,CORRECT,11,3,0.7,2.3.1,0.17.2,0.46.1
18,Deutsch-Jozsa 3Q,3,FakeSherbrooke,127,41,1024,102,0.0635,0.9361,PASS,,,CORRECT,,CORRECT,11,3,0.7,2.3.1,0.17.2,0.46.1
18,Deutsch-Jozsa 3Q,3,FakeSherbrooke,127,42,1024,102,0.0547,0.9447,PASS,,,CORRECT,,CORRECT,11,3,0.8,2.3.1,0.17.2,0.46.1
18,Deutsch-Jozsa 3Q,3,FakeSherbrooke,127,43,1024,102,0.0674,0.9326,PASS,,,CORRECT,,CORRECT,11,3,0.6,2.3.1,0.17.2,0.46.1
18,Deutsch-Jozsa 3Q,3,FakeSherbrooke,127,44,1024,102,0.0537,0.9462,PASS,,,CORRECT,,CORRECT,11,3,0.6,2.3.1,0.17.2,0.46.1
18,Deutsch-Jozsa 3Q,3,FakeSherbrooke,127,45,1024,102,0.0488,0.951,PASS,,,CORRECT,,CORRECT,11,3,0.5,2.3.1,0.17.2,0.46.1
18,Deutsch-Jozsa 3Q,3,FakeSherbrooke,127,46,1024,102,0.0615,0.9384,PASS,,,CORRECT,,CORRECT,11,3,0.3,2.3.1,0.17.2,0.46.1
18,Deutsch-Jozsa 3Q,3,FakeSherbrooke,127,47,1024,102,0.0596,0.9404,PASS,,,CORRECT,,CORRECT,11,3,0.5,2.3.1,0.17.2,0.46.1
18,Deutsch-Jozsa 3Q,3,FakeSherbrooke,127,48,1024,102,0.0586,0.9433,PASS,,,CORRECT,,CORRECT,11,3,0.8,2.3.1,0.17.2,0.46.1
18,Deutsch-Jozsa 3Q,3,FakeSherbrooke,127,49,1024,102,0.0762,0.9238,PASS,,,CORRECT,,CORRECT,11,3,0.6,2.3.1,0.17.2,0.46.1
18,Deutsch-Jozsa 3Q,3,FakeSherbrooke,127,50,1024,102,0.0908,0.9092,PASS,,,CORRECT,,CORRECT,11,3,1.1,2.3.1,0.17.2,0.46.1
18,Deutsch-Jozsa 3Q,3,FakeSherbrooke,127,51,1024,102,0.0635,0.9363,PASS,,,CORRECT,,CORRECT,11,3,0.7,2.3.1,0.17.2,0.46.1
18,Deutsch-Jozsa 3Q,3,FakeSherbrooke,127,52,1024,102,0.0615,0.9378,PASS,,,CORRECT,,CORRECT,11,3,0.6,2.3.1,0.17.2,0.46.1
18,Deutsch-Jozsa 3Q,3,FakeSherbrooke,127,53,1024,102,0.0527,0.9471,PASS,,,CORRECT,,CORRECT,11,3,0.3,2.3.1,0.17.2,0.46.1
18,Deutsch-Jozsa 3Q,3,FakeSherbrooke,127,54,1024,102,0.0859,0.9141,PASS,,,CORRECT,,CORRECT,11,3,0.4,2.3.1,0.17.2,0.46.1
18,Deutsch-Jozsa 3Q,3,FakeSherbrooke,127,55,1024,102,0.0615,0.9382,PASS,,,CORRECT,,CORRECT,11,3,0.5,2.3.1,0.17.2,0.46.1
18,Deutsch-Jozsa 3Q,3,FakeSherbrooke,127,56,1024,102,0.0664,0.9335,PASS,,,CORRECT,,CORRECT,11,3,0.5,2.3.1,0.17.2,0.46.1
18,Deutsch-Jozsa 3Q,3,FakeSherbrooke,127,57,1024,102,0.0576,0.9424,PASS,,,CORRECT,,CORRECT,11,3,0.7,2.3.1,0.17.2,0.46.1
18,Deutsch-Jozsa 3Q,3,FakeSherbrooke,127,58,1024,102,0.0684,0.9315,PASS,,,CORRECT,,CORRECT,11,3,1.1,2.3.1,0.17.2,0.46.1
18,Deutsch-Jozsa 3Q,3,FakeSherbrooke,127,59,1024,102,0.0684,0.9316,PASS,,,CORRECT,,CORRECT,11,3,0.6,2.3.1,0.17.2,0.46.1
18,Deutsch-Jozsa 3Q,3,FakeSherbrooke,127,60,1024,102,0.0771,0.9224,PASS,,,CORRECT,,CORRECT,11,3,0.7,2.3.1,0.17.2,0.46.1
18,Deutsch-Jozsa 3Q,3,FakeSherbrooke,127,61,1024,102,0.0605,0.9394,PASS,,,CORRECT,,CORRECT,11,3,0.4,2.3.1,0.17.2,0.46.1
18,Deutsch-Jozsa 3Q,3,FakeSherbrooke,127,62,1024,102,0.0537,0.9463,PASS,,,CORRECT,,CORRECT,11,3,0.6,2.3.1,0.17.2,0.46.1
18,Deutsch-Jozsa 3Q,3,FakeSherbrooke,127,63,1024,102,0.0596,0.94,PASS,,,CORRECT,,CORRECT,11,3,0.3,2.3.1,0.17.2,0.46.1
18,Deutsch-Jozsa 3Q,3,FakeSherbrooke,127,64,1024,102,0.0664,0.9335,PASS,,,CORRECT,,CORRECT,11,3,0.6,2.3.1,0.17.2,0.46.1
18,Deutsch-Jozsa 3Q,3,FakeSherbrooke,127,65,1024,102,0.0762,0.9237,PASS,,,CORRECT,,CORRECT,11,3,0.8,2.3.1,0.17.2,0.46.1
18,Deutsch-Jozsa 3Q,3,FakeSherbrooke,127,66,1024,102,0.0557,0.9438,PASS,,,CORRECT,,CORRECT,11,3,0.8,2.3.1,0.17.2,0.46.1
18,Deutsch-Jozsa 3Q,3,FakeSherbrooke,127,67,1024,102,0.0645,0.9355,PASS,,,CORRECT,,CORRECT,11,3,1.0,2.3.1,0.17.2,0.46.1
18,Deutsch-Jozsa 3Q,3,FakeSherbrooke,127,68,1024,102,0.0713,0.9282,PASS,,,CORRECT,,CORRECT,11,3,0.7,2.3.1,0.17.2,0.46.1
18,Deutsch-Jozsa 3Q,3,FakeSherbrooke,127,69,1024,102,0.0684,0.9313,PASS,,,CORRECT,,CORRECT,11,3,0.3,2.3.1,0.17.2,0.46.1
18,Deutsch-Jozsa 3Q,3,FakeSherbrooke,127,70,1024,102,0.0732,0.9267,PASS,,,CORRECT,,CORRECT,11,3,0.4,2.3.1,0.17.2,0.46.1
18,Deutsch-Jozsa 3Q,3,FakeSherbrooke,127,71,1024,102,0.0576,0.9421,PASS,,,CORRECT,,CORRECT,11,3,0.4,2.3.1,0.17.2,0.46.1
18,Deutsch-Jozsa 3Q,3,FakeSherbrooke,127,72,1024,102,0.0605,0.9392,PASS,,,CORRECT,,CORRECT,11,3,0.8,2.3.1,0.17.2,0.46.1
18,Deutsch-Jozsa 3Q,3,FakeSherbrooke,127,73,1024,102,0.0684,0.9316,PASS,,,CORRECT,,CORRECT,11,3,0.7,2.3.1,0.17.2,0.46.1
18,Deutsch-Jozsa 3Q,3,FakeSherbrooke,127,74,1024,102,0.0547,0.9446,PASS,,,CORRECT,,CORRECT,11,3,1.0,2.3.1,0.17.2,0.46.1
18,Deutsch-Jozsa 3Q,3,FakeSherbrooke,127,75,1024,102,0.0596,0.9402,PASS,,,CORRECT,,CORRECT,11,3,0.8,2.3.1,0.17.2,0.46.1
18,Deutsch-Jozsa 3Q,3,FakeSherbrooke,127,76,1024,102,0.0713,0.9285,PASS,,,CORRECT,,CORRECT,11,3,0.5,2.3.1,0.17.2,0.46.1
18,Deutsch-Jozsa 3Q,3,FakeSherbrooke,127,77,1024,102,0.0625,0.9374,PASS,,,CORRECT,,CORRECT,11,3,0.4,2.3.1,0.17.2,0.46.1
18,Deutsch-Jozsa 3Q,3,FakeSherbrooke,127,78,1024,102,0.0781,0.9217,PASS,,,CORRECT,,CORRECT,11,3,0.6,2.3.1,0.17.2,0.46.1
18,Deutsch-Jozsa 3Q,3,FakeSherbrooke,127,79,1024,102,0.0654,0.9346,PASS,,,CORRECT,,CORRECT,11,3,0.4,2.3.1,0.17.2,0.46.1
18,Deutsch-Jozsa 3Q,3,FakeSherbrooke,127,80,1024,102,0.0713,0.9286,PASS,,,CORRECT,,CORRECT,11,3,0.9,2.3.1,0.17.2,0.46.1
18,Deutsch-Jozsa 3Q,3,FakeSherbrooke,127,81,1024,102,0.0586,0.9413,PASS,,,CORRECT,,CORRECT,11,3,0.7,2.3.1,0.17.2,0.46.1
18,Deutsch-Jozsa 3Q,3,FakeSherbrooke,127,82,1024,102,0.0566,0.9433,PASS,,,CORRECT,,CORRECT,11,3,0.8,2.3.1,0.17.2,0.46.1
18,Deutsch-Jozsa 3Q,3,FakeSherbrooke,127,83,1024,102,0.0674,0.9326,PASS,,,CORRECT,,CORRECT,11,3,0.6,2.3.1,0.17.2,0.46.1
18,Deutsch-Jozsa 3Q,3,FakeSherbrooke,127,84,1024,102,0.0615,0.9384,PASS,,,CORRECT,,CORRECT,11,3,0.6,2.3.1,0.17.2,0.46.1
18,Deutsch-Jozsa 3Q,3,FakeSherbrooke,127,85,1024,102,0.0674,0.9326,PASS,,,CORRECT,,CORRECT,11,3,0.5,2.3.1,0.17.2,0.46.1
18,Deutsch-Jozsa 3Q,3,FakeSherbrooke,127,86,1024,102,0.0693,0.9306,PASS,,,CORRECT,,CORRECT,11,3,0.3,2.3.1,0.17.2,0.46.1
18,Deutsch-Jozsa 3Q,3,FakeSherbrooke,127,87,1024,102,0.0605,0.9394,PASS,,,CORRECT,,CORRECT,11,3,0.4,2.3.1,0.17.2,0.46.1
18,Deutsch-Jozsa 3Q,3,FakeSherbrooke,127,88,1024,102,0.0635,0.9364,PASS,,,CORRECT,,CORRECT,11,3,0.8,2.3.1,0.17.2,0.46.1
18,Deutsch-Jozsa 3Q,3,FakeSherbrooke,127,89,1024,102,0.0693,0.9305,PASS,,,CORRECT,,CORRECT,11,3,0.6,2.3.1,0.17.2,0.46.1
18,Deutsch-Jozsa 3Q,3,FakeSherbrooke,127,90,1024,102,0.0723,0.9277,PASS,,,CORRECT,,CORRECT,11,3,0.7,2.3.1,0.17.2,0.46.1
18,Deutsch-Jozsa 3Q,3,FakeSherbrooke,127,91,1024,102,0.0527,0.9471,PASS,,,CORRECT,,CORRECT,11,3,0.7,2.3.1,0.17.2,0.46.1
18,Deutsch-Jozsa 3Q,3,FakeSherbrooke,127,92,1024,102,0.0615,0.9383,PASS,,,CORRECT,,CORRECT,11,3,0.8,2.3.1,0.17.2,0.46.1
18,Deutsch-Jozsa 3Q,3,FakeSherbrooke,127,93,1024,102,0.0596,0.9402,PASS,,,CORRECT,,CORRECT,11,3,0.4,2.3.1,0.17.2,0.46.1
18,Deutsch-Jozsa 3Q,3,FakeSherbrooke,127,94,1024,102,0.0742,0.9258,PASS,,,CORRECT,,CORRECT,11,3,0.4,2.3.1,0.17.2,0.46.1
18,Deutsch-Jozsa 3Q,3,FakeSherbrooke,127,95,1024,102,0.0625,0.9374,PASS,,,CORRECT,,CORRECT,11,3,0.6,2.3.1,0.17.2,0.46.1
18,Deutsch-Jozsa 3Q,3,FakeSherbrooke,127,96,1024,102,0.0557,0.9443,PASS,,,CORRECT,,CORRECT,11,3,0.5,2.3.1,0.17.2,0.46.1
18,Deutsch-Jozsa 3Q,3,FakeSherbrooke,127,97,1024,102,0.0801,0.9196,PASS,,,CORRECT,,CORRECT,11,3,0.7,2.3.1,0.17.2,0.46.1
18,Deutsch-Jozsa 3Q,3,FakeSherbrooke,127,98,1024,102,0.0645,0.9355,PASS,,,CORRECT,,CORRECT,11,3,1.3,2.3.1,0.17.2,0.46.1
18,Deutsch-Jozsa 3Q,3,FakeSherbrooke,127,99,1024,102,0.0654,0.9345,PASS,,,CORRECT,,CORRECT,11,3,1.0,2.3.1,0.17.2,0.46.1
18,Deutsch-Jozsa 3Q,3,FakeSherbrooke,127,100,1024,102,0.0664,0.933,PASS,,,CORRECT,,CORRECT,11,3,0.5,2.3.1,0.17.2,0.46.1
18,Deutsch-Jozsa 3Q,3,FakeSherbrooke,127,101,1024,102,0.0781,0.9217,PASS,,,CORRECT,,CORRECT,11,3,0.4,2.3.1,0.17.2,0.46.1
18,Deutsch-Jozsa 3Q,3,FakeSherbrooke,127,102,1024,102,0.0605,0.9394,PASS,,,CORRECT,,CORRECT,11,3,0.5,2.3.1,0.17.2,0.46.1
18,Deutsch-Jozsa 3Q,3,FakeSherbrooke,127,103,1024,102,0.0605,0.9395,PASS,,,CORRECT,,CORRECT,11,3,0.4,2.3.1,0.17.2,0.46.1
18,Deutsch-Jozsa 3Q,3,FakeSherbrooke,127,104,1024,102,0.0625,0.9374,PASS,,,CORRECT,,CORRECT,11,3,0.7,2.3.1,0.17.2,0.46.1
18,Deutsch-Jozsa 3Q,3,FakeSherbrooke,127,105,1024,102,0.0723,0.9269,PASS,,,CORRECT,,CORRECT,11,3,1.2,2.3.1,0.17.2,0.46.1
18,Deutsch-Jozsa 3Q,3,FakeSherbrooke,127,106,1024,102,0.0537,0.9462,PASS,,,CORRECT,,CORRECT,11,3,0.9,2.3.1,0.17.2,0.46.1
18,Deutsch-Jozsa 3Q,3,FakeSherbrooke,127,107,1024,102,0.0596,0.9404,PASS,,,CORRECT,,CORRECT,11,3,0.6,2.3.1,0.17.2,0.46.1
18,Deutsch-Jozsa 3Q,3,FakeSherbrooke,127,108,1024,102,0.0615,0.9385,PASS,,,CORRECT,,CORRECT,11,3,0.6,2.3.1,0.17.2,0.46.1
18,Deutsch-Jozsa 3Q,3,FakeSherbrooke,127,109,1024,102,0.0547,0.9453,PASS,,,CORRECT,,CORRECT,11,3,0.3,2.3.1,0.17.2,0.46.1
18,Deutsch-Jozsa 3Q,3,FakeSherbrooke,127,110,1024,102,0.0674,0.9321,PASS,,,CORRECT,,CORRECT,11,3,0.4,2.3.1,0.17.2,0.46.1
18,Deutsch-Jozsa 3Q,3,FakeSherbrooke,127,111,1024,102,0.0771,0.9228,PASS,,,CORRECT,,CORRECT,11,3,0.6,2.3.1,0.17.2,0.46.1
18,Deutsch-Jozsa 3Q,3,FakeSherbrooke,127,112,1024,102,0.0771,0.9227,PASS,,,CORRECT,,CORRECT,11,3,1.2,2.3.1,0.17.2,0.46.1
18,Deutsch-Jozsa 3Q,3,FakeSherbrooke,127,113,1024,102,0.0732,0.9266,PASS,,,CORRECT,,CORRECT,11,3,0.6,2.3.1,0.17.2,0.46.1
18,Deutsch-Jozsa 3Q,3,FakeSherbrooke,127,114,1024,102,0.0771,0.9228,PASS,,,CORRECT,,CORRECT,11,3,0.7,2.3.1,0.17.2,0.46.1
18,Deutsch-Jozsa 3Q,3,FakeSherbrooke,127,115,1024,102,0.0605,0.9394,PASS,,,CORRECT,,CORRECT,11,3,0.7,2.3.1,0.17.2,0.46.1
18,Deutsch-Jozsa 3Q,3,FakeSherbrooke,127,116,1024,102,0.0557,0.9454,PASS,,,CORRECT,,CORRECT,11,3,0.3,2.3.1,0.17.2,0.46.1
18,Deutsch-Jozsa 3Q,3,FakeSherbrooke,127,117,1024,102,0.0625,0.9372,PASS,,,CORRECT,,CORRECT,11,3,0.4,2.3.1,0.17.2,0.46.1
18,Deutsch-Jozsa 3Q,3,FakeSherbrooke,127,118,1024,102,0.0625,0.9374,PASS,,,CORRECT,,CORRECT,11,3,0.6,2.3.1,0.17.2,0.46.1
18,Deutsch-Jozsa 3Q,3,FakeSherbrooke,127,119,1024,102,0.0625,0.9368,PASS,,,CORRECT,,CORRECT,11,3,0.7,2.3.1,0.17.2,0.46.1
19,Bernstein-Vazirani 5Q,5,FakeSherbrooke,127,20,1024,102,0.124,0.876,PASS,,,CORRECT,,CORRECT,24,7,0.9,2.3.1,0.17.2,0.46.1
19,Bernstein-Vazirani 5Q,5,FakeSherbrooke,127,21,1024,102,0.126,0.8735,PASS,,,CORRECT,,CORRECT,24,7,0.8,2.3.1,0.17.2,0.46.1
19,Bernstein-Vazirani 5Q,5,FakeSherbrooke,127,22,1024,102,0.1279,0.872,PASS,,,CORRECT,,CORRECT,24,7,0.9,2.3.1,0.17.2,0.46.1
19,Bernstein-Vazirani 5Q,5,FakeSherbrooke,127,23,1024,102,0.1045,0.8953,PASS,,,CORRECT,,CORRECT,24,7,0.5,2.3.1,0.17.2,0.46.1
19,Bernstein-Vazirani 5Q,5,FakeSherbrooke,127,24,1024,102,0.1309,0.8691,PASS,,,CORRECT,,CORRECT,24,7,0.4,2.3.1,0.17.2,0.46.1
19,Bernstein-Vazirani 5Q,5,FakeSherbrooke,127,25,1024,102,0.1357,0.8642,PASS,,,CORRECT,,CORRECT,24,7,0.6,2.3.1,0.17.2,0.46.1
19,Bernstein-Vazirani 5Q,5,FakeSherbrooke,127,26,1024,102,0.1279,0.8715,PASS,,,CORRECT,,CORRECT,24,7,1.0,2.3.1,0.17.2,0.46.1
19,Bernstein-Vazirani 5Q,5,FakeSherbrooke,127,27,1024,102,0.124,0.8757,PASS,,,CORRECT,,CORRECT,24,7,0.8,2.3.1,0.17.2,0.46.1
19,Bernstein-Vazirani 5Q,5,FakeSherbrooke,127,28,1024,102,0.1123,0.8877,PASS,,,CORRECT,,CORRECT,24,7,1.0,2.3.1,0.17.2,0.46.1
19,Bernstein-Vazirani 5Q,5,FakeSherbrooke,127,29,1024,102,0.1387,0.8611,PASS,,,CORRECT,,CORRECT,24,7,0.8,2.3.1,0.17.2,0.46.1
19,Bernstein-Vazirani 5Q,5,FakeSherbrooke,127,30,1024,102,0.127,0.8726,PASS,,,CORRECT,,CORRECT,24,7,0.5,2.3.1,0.17.2,0.46.1
19,Bernstein-Vazirani 5Q,5,FakeSherbrooke,127,31,1024,102,0.1143,0.8852,PASS,,,CORRECT,,CORRECT,24,7,0.4,2.3.1,0.17.2,0.46.1
19,Bernstein-Vazirani 5Q,5,FakeSherbrooke,127,32,1024,102,0.1045,0.8954,PASS,,,CORRECT,,CORRECT,24,7,0.5,2.3.1,0.17.2,0.46.1
19,Bernstein-Vazirani 5Q,5,FakeSherbrooke,127,33,1024,102,0.1191,0.8799,PASS,,,CORRECT,,CORRECT,24,7,0.4,2.3.1,0.17.2,0.46.1
19,Bernstein-Vazirani 5Q,5,FakeSherbrooke,127,34,1024,102,0.1211,0.8789,PASS,,,CORRECT,,CORRECT,24,7,0.7,2.3.1,0.17.2,0.46.1
19,Bernstein-Vazirani 5Q,5,FakeSherbrooke,127,35,1024,102,0.1221,0.8775,PASS,,,CORRECT,,CORRECT,24,7,0.9,2.3.1,0.17.2,0.46.1
19,Bernstein-Vazirani 5Q,5,FakeSherbrooke,127,36,1024,102,0.126,0.8731,PASS,,,CORRECT,,CORRECT,24,7,0.6,2.3.1,0.17.2,0.46.1
19,Bernstein-Vazirani 5Q,5,FakeSherbrooke,127,37,1024,102,0.123,0.8764,PASS,,,CORRECT,,CORRECT,24,7,1.2,2.3.1,0.17.2,0.46.1
19,Bernstein-Vazirani 5Q,5,FakeSherbrooke,127,38,1024,102,0.1436,0.8564,PASS,,,CORRECT,,CORRECT,24,7,0.5,2.3.1,0.17.2,0.46.1
19,Bernstein-Vazirani 5Q,5,FakeSherbrooke,127,39,1024,102,0.1309,0.8691,PASS,,,CORRECT,,CORRECT,24,7,0.3,2.3.1,0.17.2,0.46.1
19,Bernstein-Vazirani 5Q,5,FakeSherbrooke,127,40,1024,102,0.1318,0.8664,PASS,,,CORRECT,,CORRECT,24,7,0.4,2.3.1,0.17.2,0.46.1
19,Bernstein-Vazirani 5Q,5,FakeSherbrooke,127,41,1024,102,0.1055,0.8944,PASS,,,CORRECT,,CORRECT,24,7,0.6,2.3.1,0.17.2,0.46.1
19,Bernstein-Vazirani 5Q,5,FakeSherbrooke,127,42,1024,102,0.1191,0.8798,PASS,,,CORRECT,,CORRECT,24,7,0.8,2.3.1,0.17.2,0.46.1
19,Bernstein-Vazirani 5Q,5,FakeSherbrooke,127,43,1024,102,0.127,0.873,PASS,,,CORRECT,,CORRECT,24,7,0.5,2.3.1,0.17.2,0.46.1
19,Bernstein-Vazirani 5Q,5,FakeSherbrooke,127,44,1024,102,0.1152,0.8846,PASS,,,CORRECT,,CORRECT,24,7,0.6,2.3.1,0.17.2,0.46.1
19,Bernstein-Vazirani 5Q,5,FakeSherbrooke,127,45,1024,102,0.1055,0.8943,PASS,,,CORRECT,,CORRECT,24,7,0.8,2.3.1,0.17.2,0.46.1
19,Bernstein-Vazirani 5Q,5,FakeSherbrooke,127,46,1024,102,0.1123,0.8876,PASS,,,CORRECT,,CORRECT,24,7,0.5,2.3.1,0.17.2,0.46.1
19,Bernstein-Vazirani 5Q,5,FakeSherbrooke,127,47,1024,102,0.1172,0.8828,PASS,,,CORRECT,,CORRECT,24,7,0.4,2.3.1,0.17.2,0.46.1
19,Bernstein-Vazirani 5Q,5,FakeSherbrooke,127,48,1024,102,0.1211,0.8781,PASS,,,CORRECT,,CORRECT,24,7,0.5,2.3.1,0.17.2,0.46.1
19,Bernstein-Vazirani 5Q,5,FakeSherbrooke,127,49,1024,102,0.1348,0.8651,PASS,,,CORRECT,,CORRECT,24,7,0.3,2.3.1,0.17.2,0.46.1
19,Bernstein-Vazirani 5Q,5,FakeSherbrooke,127,50,1024,102,0.1416,0.8582,PASS,,,CORRECT,,CORRECT,24,7,0.5,2.3.1,0.17.2,0.46.1
19,Bernstein-Vazirani 5Q,5,FakeSherbrooke,127,51,1024,102,0.1465,0.8531,PASS,,,CORRECT,,CORRECT,24,7,0.7,2.3.1,0.17.2,0.46.1
19,Bernstein-Vazirani 5Q,5,FakeSherbrooke,127,52,1024,102,0.124,0.8753,PASS,,,CORRECT,,CORRECT,24,7,0.8,2.3.1,0.17.2,0.46.1
19,Bernstein-Vazirani 5Q,5,FakeSherbrooke,127,53,1024,102,0.1211,0.8789,PASS,,,CORRECT,,CORRECT,24,7,0.6,2.3.1,0.17.2,0.46.1
19,Bernstein-Vazirani 5Q,5,FakeSherbrooke,127,54,1024,102,0.1406,0.8594,PASS,,,CORRECT,,CORRECT,24,7,0.7,2.3.1,0.17.2,0.46.1
19,Bernstein-Vazirani 5Q,5,FakeSherbrooke,127,55,1024,102,0.1191,0.8806,PASS,,,CORRECT,,CORRECT,24,7,0.8,2.3.1,0.17.2,0.46.1
19,Bernstein-Vazirani 5Q,5,FakeSherbrooke,127,56,1024,102,0.1426,0.8574,PASS,,,CORRECT,,CORRECT,24,7,0.3,2.3.1,0.17.2,0.46.1
19,Bernstein-Vazirani 5Q,5,FakeSherbrooke,127,57,1024,102,0.1221,0.8777,PASS,,,CORRECT,,CORRECT,24,7,0.4,2.3.1,0.17.2,0.46.1
19,Bernstein-Vazirani 5Q,5,FakeSherbrooke,127,58,1024,102,0.1465,0.8535,PASS,,,CORRECT,,CORRECT,24,7,0.7,2.3.1,0.17.2,0.46.1
19,Bernstein-Vazirani 5Q,5,FakeSherbrooke,127,59,1024,102,0.125,0.875,PASS,,,CORRECT,,CORRECT,24,7,0.6,2.3.1,0.17.2,0.46.1
19,Bernstein-Vazirani 5Q,5,FakeSherbrooke,127,60,1024,102,0.1426,0.8571,PASS,,,CORRECT,,CORRECT,24,7,0.8,2.3.1,0.17.2,0.46.1
19,Bernstein-Vazirani 5Q,5,FakeSherbrooke,127,61,1024,102,0.1191,0.8808,PASS,,,CORRECT,,CORRECT,24,7,0.7,2.3.1,0.17.2,0.46.1
19,Bernstein-Vazirani 5Q,5,FakeSherbrooke,127,62,1024,102,0.1182,0.8818,PASS,,,CORRECT,,CORRECT,24,7,0.8,2.3.1,0.17.2,0.46.1
19,Bernstein-Vazirani 5Q,5,FakeSherbrooke,127,63,1024,102,0.1133,0.8864,PASS,,,CORRECT,,CORRECT,24,7,0.5,2.3.1,0.17.2,0.46.1
19,Bernstein-Vazirani 5Q,5,FakeSherbrooke,127,64,1024,102,0.1152,0.8847,PASS,,,CORRECT,,CORRECT,24,7,0.4,2.3.1,0.17.2,0.46.1
19,Bernstein-Vazirani 5Q,5,FakeSherbrooke,127,65,1024,102,0.1289,0.8704,PASS,,,CORRECT,,CORRECT,24,7,0.6,2.3.1,0.17.2,0.46.1
19,Bernstein-Vazirani 5Q,5,FakeSherbrooke,127,66,1024,102,0.127,0.8727,PASS,,,CORRECT,,CORRECT,24,7,0.3,2.3.1,0.17.2,0.46.1
19,Bernstein-Vazirani 5Q,5,FakeSherbrooke,127,67,1024,102,0.124,0.876,PASS,,,CORRECT,,CORRECT,24,7,0.6,2.3.1,0.17.2,0.46.1
19,Bernstein-Vazirani 5Q,5,FakeSherbrooke,127,68,1024,102,0.1309,0.869,PASS,,,CORRECT,,CORRECT,24,7,1.1,2.3.1,0.17.2,0.46.1
19,Bernstein-Vazirani 5Q,5,FakeSherbrooke,127,69,1024,102,0.1377,0.8623,PASS,,,CORRECT,,CORRECT,24,7,0.6,2.3.1,0.17.2,0.46.1
19,Bernstein-Vazirani 5Q,5,FakeSherbrooke,127,70,1024,102,0.1387,0.8612,PASS,,,CORRECT,,CORRECT,24,7,0.8,2.3.1,0.17.2,0.46.1
19,Bernstein-Vazirani 5Q,5,FakeSherbrooke,127,71,1024,102,0.1064,0.8932,PASS,,,CORRECT,,CORRECT,24,7,0.6,2.3.1,0.17.2,0.46.1
19,Bernstein-Vazirani 5Q,5,FakeSherbrooke,127,72,1024,102,0.1201,0.8792,PASS,,,CORRECT,,CORRECT,24,7,0.5,2.3.1,0.17.2,0.46.1
19,Bernstein-Vazirani 5Q,5,FakeSherbrooke,127,73,1024,102,0.127,0.873,PASS,,,CORRECT,,CORRECT,24,7,0.3,2.3.1,0.17.2,0.46.1
19,Bernstein-Vazirani 5Q,5,FakeSherbrooke,127,74,1024,102,0.1162,0.8836,PASS,,,CORRECT,,CORRECT,24,7,0.4,2.3.1,0.17.2,0.46.1
19,Bernstein-Vazirani 5Q,5,FakeSherbrooke,127,75,1024,102,0.1289,0.8711,PASS,,,CORRECT,,CORRECT,24,7,1.2,2.3.1,0.17.2,0.46.1
19,Bernstein-Vazirani 5Q,5,FakeSherbrooke,127,76,1024,102,0.1387,0.8612,PASS,,,CORRECT,,CORRECT,24,7,0.9,2.3.1,0.17.2,0.46.1
19,Bernstein-Vazirani 5Q,5,FakeSherbrooke,127,77,1024,102,0.1211,0.8783,PASS,,,CORRECT,,CORRECT,24,7,0.8,2.3.1,0.17.2,0.46.1
19,Bernstein-Vazirani 5Q,5,FakeSherbrooke,127,78,1024,102,0.1455,0.8544,PASS,,,CORRECT,,CORRECT,24,7,0.8,2.3.1,0.17.2,0.46.1
19,Bernstein-Vazirani 5Q,5,FakeSherbrooke,127,79,1024,102,0.1289,0.8709,PASS,,,CORRECT,,CORRECT,24,7,0.3,2.3.1,0.17.2,0.46.1
19,Bernstein-Vazirani 5Q,5,FakeSherbrooke,127,80,1024,102,0.1123,0.8877,PASS,,,CORRECT,,CORRECT,24,7,0.4,2.3.1,0.17.2,0.46.1
19,Bernstein-Vazirani 5Q,5,FakeSherbrooke,127,81,1024,102,0.123,0.877,PASS,,,CORRECT,,CORRECT,24,7,0.4,2.3.1,0.17.2,0.46.1
19,Bernstein-Vazirani 5Q,5,FakeSherbrooke,127,82,1024,102,0.127,0.873,PASS,,,CORRECT,,CORRECT,24,7,1.1,2.3.1,0.17.2,0.46.1
19,Bernstein-Vazirani 5Q,5,FakeSherbrooke,127,83,1024,102,0.1328,0.8671,PASS,,,CORRECT,,CORRECT,24,7,0.8,2.3.1,0.17.2,0.46.1
19,Bernstein-Vazirani 5Q,5,FakeSherbrooke,127,84,1024,102,0.1338,0.8658,PASS,,,CORRECT,,CORRECT,24,7,0.7,2.3.1,0.17.2,0.46.1
19,Bernstein-Vazirani 5Q,5,FakeSherbrooke,127,85,1024,102,0.1357,0.8643,PASS,,,CORRECT,,CORRECT,24,7,0.8,2.3.1,0.17.2,0.46.1
19,Bernstein-Vazirani 5Q,5,FakeSherbrooke,127,86,1024,102,0.127,0.873,PASS,,,CORRECT,,CORRECT,24,7,0.5,2.3.1,0.17.2,0.46.1
19,Bernstein-Vazirani 5Q,5,FakeSherbrooke,127,87,1024,102,0.1201,0.8799,PASS,,,CORRECT,,CORRECT,24,7,0.4,2.3.1,0.17.2,0.46.1
19,Bernstein-Vazirani 5Q,5,FakeSherbrooke,127,88,1024,102,0.1396,0.8603,PASS,,,CORRECT,,CORRECT,24,7,0.5,2.3.1,0.17.2,0.46.1
19,Bernstein-Vazirani 5Q,5,FakeSherbrooke,127,89,1024,102,0.1416,0.8579,PASS,,,CORRECT,,CORRECT,24,7,0.4,2.3.1,0.17.2,0.46.1
19,Bernstein-Vazirani 5Q,5,FakeSherbrooke,127,90,1024,102,0.1211,0.8789,PASS,,,CORRECT,,CORRECT,24,7,0.8,2.3.1,0.17.2,0.46.1
19,Bernstein-Vazirani 5Q,5,FakeSherbrooke,127,91,1024,102,0.1055,0.8943,PASS,,,CORRECT,,CORRECT,24,7,0.7,2.3.1,0.17.2,0.46.1
19,Bernstein-Vazirani 5Q,5,FakeSherbrooke,127,92,1024,102,0.1396,0.8603,PASS,,,CORRECT,,CORRECT,24,7,0.9,2.3.1,0.17.2,0.46.1
19,Bernstein-Vazirani 5Q,5,FakeSherbrooke,127,93,1024,102,0.123,0.8768,PASS,,,CORRECT,,CORRECT,24,7,0.6,2.3.1,0.17.2,0.46.1
19,Bernstein-Vazirani 5Q,5,FakeSherbrooke,127,94,1024,102,0.1396,0.8603,PASS,,,CORRECT,,CORRECT,24,7,0.6,2.3.1,0.17.2,0.46.1
19,Bernstein-Vazirani 5Q,5,FakeSherbrooke,127,95,1024,102,0.1201,0.8799,PASS,,,CORRECT,,CORRECT,24,7,0.5,2.3.1,0.17.2,0.46.1
19,Bernstein-Vazirani 5Q,5,FakeSherbrooke,127,96,1024,102,0.1211,0.8789,PASS,,,CORRECT,,CORRECT,24,7,0.3,2.3.1,0.17.2,0.46.1
19,Bernstein-Vazirani 5Q,5,FakeSherbrooke,127,97,1024,102,0.1289,0.8711,PASS,,,CORRECT,,CORRECT,24,7,0.4,2.3.1,0.17.2,0.46.1
19,Bernstein-Vazirani 5Q,5,FakeSherbrooke,127,98,1024,102,0.1143,0.8857,PASS,,,CORRECT,,CORRECT,24,7,0.7,2.3.1,0.17.2,0.46.1
19,Bernstein-Vazirani 5Q,5,FakeSherbrooke,127,99,1024,102,0.123,0.8769,PASS,,,CORRECT,,CORRECT,24,7,0.6,2.3.1,0.17.2,0.46.1
19,Bernstein-Vazirani 5Q,5,FakeSherbrooke,127,100,1024,102,0.1211,0.8787,PASS,,,CORRECT,,CORRECT,24,7,0.9,2.3.1,0.17.2,0.46.1
19,Bernstein-Vazirani 5Q,5,FakeSherbrooke,127,101,1024,102,0.1338,0.8659,PASS,,,CORRECT,,CORRECT,24,7,0.8,2.3.1,0.17.2,0.46.1
19,Bernstein-Vazirani 5Q,5,FakeSherbrooke,127,102,1024,102,0.1221,0.8779,PASS,,,CORRECT,,CORRECT,24,7,0.9,2.3.1,0.17.2,0.46.1
19,Bernstein-Vazirani 5Q,5,FakeSherbrooke,127,103,1024,102,0.127,0.873,PASS,,,CORRECT,,CORRECT,24,7,0.4,2.3.1,0.17.2,0.46.1
19,Bernstein-Vazirani 5Q,5,FakeSherbrooke,127,104,1024,102,0.125,0.8748,PASS,,,CORRECT,,CORRECT,24,7,0.5,2.3.1,0.17.2,0.46.1
19,Bernstein-Vazirani 5Q,5,FakeSherbrooke,127,105,1024,102,0.125,0.8746,PASS,,,CORRECT,,CORRECT,24,7,0.7,2.3.1,0.17.2,0.46.1
19,Bernstein-Vazirani 5Q,5,FakeSherbrooke,127,106,1024,102,0.1299,0.8697,PASS,,,CORRECT,,CORRECT,24,7,0.6,2.3.1,0.17.2,0.46.1
19,Bernstein-Vazirani 5Q,5,FakeSherbrooke,127,107,1024,102,0.1221,0.8779,PASS,,,CORRECT,,CORRECT,24,7,0.7,2.3.1,0.17.2,0.46.1
19,Bernstein-Vazirani 5Q,5,FakeSherbrooke,127,108,1024,102,0.1182,0.8818,PASS,,,CORRECT,,CORRECT,24,7,0.8,2.3.1,0.17.2,0.46.1
19,Bernstein-Vazirani 5Q,5,FakeSherbrooke,127,109,1024,102,0.125,0.875,PASS,,,CORRECT,,CORRECT,24,7,0.6,2.3.1,0.17.2,0.46.1
19,Bernstein-Vazirani 5Q,5,FakeSherbrooke,127,110,1024,102,0.1328,0.8665,PASS,,,CORRECT,,CORRECT,24,7,0.7,2.3.1,0.17.2,0.46.1
19,Bernstein-Vazirani 5Q,5,FakeSherbrooke,127,111,1024,102,0.1201,0.8797,PASS,,,CORRECT,,CORRECT,24,7,0.5,2.3.1,0.17.2,0.46.1
19,Bernstein-Vazirani 5Q,5,FakeSherbrooke,127,112,1024,102,0.1309,0.869,PASS,,,CORRECT,,CORRECT,24,7,0.5,2.3.1,0.17.2,0.46.1
19,Bernstein-Vazirani 5Q,5,FakeSherbrooke,127,113,1024,102,0.1387,0.8613,PASS,,,CORRECT,,CORRECT,24,7,0.3,2.3.1,0.17.2,0.46.1
19,Bernstein-Vazirani 5Q,5,FakeSherbrooke,127,114,1024,102,0.124,0.8758,PASS,,,CORRECT,,CORRECT,24,7,0.7,2.3.1,0.17.2,0.46.1
19,Bernstein-Vazirani 5Q,5,FakeSherbrooke,127,115,1024,102,0.123,0.8769,PASS,,,CORRECT,,CORRECT,24,7,0.8,2.3.1,0.17.2,0.46.1
19,Bernstein-Vazirani 5Q,5,FakeSherbrooke,127,116,1024,102,0.127,0.8722,PASS,,,CORRECT,,CORRECT,24,7,0.7,2.3.1,0.17.2,0.46.1
19,Bernstein-Vazirani 5Q,5,FakeSherbrooke,127,117,1024,102,0.1406,0.8594,PASS,,,CORRECT,,CORRECT,24,7,0.7,2.3.1,0.17.2,0.46.1
19,Bernstein-Vazirani 5Q,5,FakeSherbrooke,127,118,1024,102,0.1299,0.8698,PASS,,,CORRECT,,CORRECT,24,7,0.9,2.3.1,0.17.2,0.46.1
19,Bernstein-Vazirani 5Q,5,FakeSherbrooke,127,119,1024,102,0.1309,0.8679,PASS,,,CORRECT,,CORRECT,24,7,0.4,2.3.1,0.17.2,0.46.1
20,VQE 1Q eigensolver,1,FakeSherbrooke,127,20,10000,1000,0.0004,1.0,PASS,,,CORRECT,,CORRECT,4,0,0.5,2.3.1,0.17.2,0.46.1
20,VQE 1Q eigensolver,1,FakeSherbrooke,127,21,10000,1000,0.0037,1.0,PASS,,,CORRECT,,CORRECT,4,0,0.5,2.3.1,0.17.2,0.46.1
20,VQE 1Q eigensolver,1,FakeSherbrooke,127,22,10000,1000,0.0061,1.0,PASS,,,CORRECT,,CORRECT,4,0,0.8,2.3.1,0.17.2,0.46.1
20,VQE 1Q eigensolver,1,FakeSherbrooke,127,23,10000,1000,0.0023,1.0,PASS,,,CORRECT,,CORRECT,4,0,0.6,2.3.1,0.17.2,0.46.1
20,VQE 1Q eigensolver,1,FakeSherbrooke,127,24,10000,1000,0.0043,1.0,PASS,,,CORRECT,,CORRECT,4,0,0.7,2.3.1,0.17.2,0.46.1
20,VQE 1Q eigensolver,1,FakeSherbrooke,127,25,10000,1000,0.0021,1.0,PASS,,,CORRECT,,CORRECT,4,0,0.9,2.3.1,0.17.2,0.46.1
20,VQE 1Q eigensolver,1,FakeSherbrooke,127,26,10000,1000,0.0037,1.0,PASS,,,CORRECT,,CORRECT,4,0,0.6,2.3.1,0.17.2,0.46.1
20,VQE 1Q eigensolver,1,FakeSherbrooke,127,27,10000,1000,0.0031,1.0,PASS,,,CORRECT,,CORRECT,4,0,0.4,2.3.1,0.17.2,0.46.1
20,VQE 1Q eigensolver,1,FakeSherbrooke,127,28,10000,1000,0.0082,0.9999,PASS,,,CORRECT,,CORRECT,4,0,0.6,2.3.1,0.17.2,0.46.1
20,VQE 1Q eigensolver,1,FakeSherbrooke,127,29,10000,1000,0.0021,1.0,PASS,,,CORRECT,,CORRECT,4,0,0.3,2.3.1,0.17.2,0.46.1
20,VQE 1Q eigensolver,1,FakeSherbrooke,127,30,10000,1000,0.0031,1.0,PASS,,,CORRECT,,CORRECT,4,0,0.5,2.3.1,0.17.2,0.46.1
20,VQE 1Q eigensolver,1,FakeSherbrooke,127,31,10000,1000,0.0104,0.9999,PASS,,,CORRECT,,CORRECT,4,0,0.8,2.3.1,0.17.2,0.46.1
20,VQE 1Q eigensolver,1,FakeSherbrooke,127,32,10000,1000,0.0017,1.0,PASS,,,CORRECT,,CORRECT,4,0,0.8,2.3.1,0.17.2,0.46.1
20,VQE 1Q eigensolver,1,FakeSherbrooke,127,33,10000,1000,0.0022,1.0,PASS,,,CORRECT,,CORRECT,4,0,0.6,2.3.1,0.17.2,0.46.1
20,VQE 1Q eigensolver,1,FakeSherbrooke,127,34,10000,1000,0.0007,1.0,PASS,,,CORRECT,,CORRECT,4,0,0.8,2.3.1,0.17.2,0.46.1
20,VQE 1Q eigensolver,1,FakeSherbrooke,127,35,10000,1000,0.0027,1.0,PASS,,,CORRECT,,CORRECT,4,0,0.7,2.3.1,0.17.2,0.46.1
20,VQE 1Q eigensolver,1,FakeSherbrooke,127,36,10000,1000,0.0045,1.0,PASS,,,CORRECT,,CORRECT,4,0,0.3,2.3.1,0.17.2,0.46.1
20,VQE 1Q eigensolver,1,FakeSherbrooke,127,37,10000,1000,0.0093,0.9999,PASS,,,CORRECT,,CORRECT,4,0,0.4,2.3.1,0.17.2,0.46.1
20,VQE 1Q eigensolver,1,FakeSherbrooke,127,38,10000,1000,0.0115,0.9999,PASS,,,CORRECT,,CORRECT,4,0,0.7,2.3.1,0.17.2,0.46.1
20,VQE 1Q eigensolver,1,FakeSherbrooke,127,39,10000,1000,0.0063,1.0,PASS,,,CORRECT,,CORRECT,4,0,0.9,2.3.1,0.17.2,0.46.1
20,VQE 1Q eigensolver,1,FakeSherbrooke,127,40,10000,1000,0.0054,1.0,PASS,,,CORRECT,,CORRECT,4,0,0.7,2.3.1,0.17.2,0.46.1
20,VQE 1Q eigensolver,1,FakeSherbrooke,127,41,10000,1000,0.0002,1.0,PASS,,,CORRECT,,CORRECT,4,0,0.7,2.3.1,0.17.2,0.46.1
20,VQE 1Q eigensolver,1,FakeSherbrooke,127,42,10000,1000,0.0068,1.0,PASS,,,CORRECT,,CORRECT,4,0,0.8,2.3.1,0.17.2,0.46.1
20,VQE 1Q eigensolver,1,FakeSherbrooke,127,43,10000,1000,0.0083,0.9999,PASS,,,CORRECT,,CORRECT,4,0,0.4,2.3.1,0.17.2,0.46.1
20,VQE 1Q eigensolver,1,FakeSherbrooke,127,44,10000,1000,0.0043,1.0,PASS,,,CORRECT,,CORRECT,4,0,0.4,2.3.1,0.17.2,0.46.1
20,VQE 1Q eigensolver,1,FakeSherbrooke,127,45,10000,1000,0.0043,1.0,PASS,,,CORRECT,,CORRECT,4,0,0.6,2.3.1,0.17.2,0.46.1
20,VQE 1Q eigensolver,1,FakeSherbrooke,127,46,10000,1000,0.0014,1.0,PASS,,,CORRECT,,CORRECT,4,0,0.6,2.3.1,0.17.2,0.46.1
20,VQE 1Q eigensolver,1,FakeSherbrooke,127,47,10000,1000,0.006,1.0,PASS,,,CORRECT,,CORRECT,4,0,1.1,2.3.1,0.17.2,0.46.1
20,VQE 1Q eigensolver,1,FakeSherbrooke,127,48,10000,1000,0.0093,0.9999,PASS,,,CORRECT,,CORRECT,4,0,1.2,2.3.1,0.17.2,0.46.1
20,VQE 1Q eigensolver,1,FakeSherbrooke,127,49,10000,1000,0.0042,1.0,PASS,,,CORRECT,,CORRECT,4,0,0.6,2.3.1,0.17.2,0.46.1
20,VQE 1Q eigensolver,1,FakeSherbrooke,127,50,10000,1000,0.0061,1.0,PASS,,,CORRECT,,CORRECT,4,0,0.5,2.3.1,0.17.2,0.46.1
20,VQE 1Q eigensolver,1,FakeSherbrooke,127,51,10000,1000,0.0015,1.0,PASS,,,CORRECT,,CORRECT,4,0,0.4,2.3.1,0.17.2,0.46.1
20,VQE 1Q eigensolver,1,FakeSherbrooke,127,52,10000,1000,0.0051,1.0,PASS,,,CORRECT,,CORRECT,4,0,0.6,2.3.1,0.17.2,0.46.1
20,VQE 1Q eigensolver,1,FakeSherbrooke,127,53,10000,1000,0.0004,1.0,PASS,,,CORRECT,,CORRECT,4,0,0.6,2.3.1,0.17.2,0.46.1
20,VQE 1Q eigensolver,1,FakeSherbrooke,127,54,10000,1000,0.0007,1.0,PASS,,,CORRECT,,CORRECT,4,0,0.7,2.3.1,0.17.2,0.46.1
20,VQE 1Q eigensolver,1,FakeSherbrooke,127,55,10000,1000,0.0071,0.9999,PASS,,,CORRECT,,CORRECT,4,0,1.0,2.3.1,0.17.2,0.46.1
20,VQE 1Q eigensolver,1,FakeSherbrooke,127,56,10000,1000,0.005,1.0,PASS,,,CORRECT,,CORRECT,4,0,0.6,2.3.1,0.17.2,0.46.1
20,VQE 1Q eigensolver,1,FakeSherbrooke,127,57,10000,1000,0.0012,1.0,PASS,,,CORRECT,,CORRECT,4,0,0.7,2.3.1,0.17.2,0.46.1
20,VQE 1Q eigensolver,1,FakeSherbrooke,127,58,10000,1000,0.0068,1.0,PASS,,,CORRECT,,CORRECT,4,0,0.5,2.3.1,0.17.2,0.46.1
20,VQE 1Q eigensolver,1,FakeSherbrooke,127,59,10000,1000,0.0007,1.0,PASS,,,CORRECT,,CORRECT,4,0,0.3,2.3.1,0.17.2,0.46.1
20,VQE 1Q eigensolver,1,FakeSherbrooke,127,60,10000,1000,0.0029,1.0,PASS,,,CORRECT,,CORRECT,4,0,0.5,2.3.1,0.17.2,0.46.1
20,VQE 1Q eigensolver,1,FakeSherbrooke,127,61,10000,1000,0.004,1.0,PASS,,,CORRECT,,CORRECT,4,0,0.6,2.3.1,0.17.2,0.46.1
20,VQE 1Q eigensolver,1,FakeSherbrooke,127,62,10000,1000,0.0017,1.0,PASS,,,CORRECT,,CORRECT,4,0,1.1,2.3.1,0.17.2,0.46.1
20,VQE 1Q eigensolver,1,FakeSherbrooke,127,63,10000,1000,0.0081,0.9999,PASS,,,CORRECT,,CORRECT,4,0,0.6,2.3.1,0.17.2,0.46.1
20,VQE 1Q eigensolver,1,FakeSherbrooke,127,64,10000,1000,0.0086,0.9999,PASS,,,CORRECT,,CORRECT,4,0,0.7,2.3.1,0.17.2,0.46.1
20,VQE 1Q eigensolver,1,FakeSherbrooke,127,65,10000,1000,0.0098,0.9999,PASS,,,CORRECT,,CORRECT,4,0,0.9,2.3.1,0.17.2,0.46.1
20,VQE 1Q eigensolver,1,FakeSherbrooke,127,66,10000,1000,0.0022,1.0,PASS,,,CORRECT,,CORRECT,4,0,0.3,2.3.1,0.17.2,0.46.1
20,VQE 1Q eigensolver,1,FakeSherbrooke,127,67,10000,1000,0.0047,1.0,PASS,,,CORRECT,,CORRECT,4,0,0.5,2.3.1,0.17.2,0.46.1
20,VQE 1Q eigensolver,1,FakeSherbrooke,127,68,10000,1000,0.0064,1.0,PASS,,,CORRECT,,CORRECT,4,0,0.6,2.3.1,0.17.2,0.46.1
20,VQE 1Q eigensolver,1,FakeSherbrooke,127,69,10000,1000,0.0017,1.0,PASS,,,CORRECT,,CORRECT,4,0,0.6,2.3.1,0.17.2,0.46.1
20,VQE 1Q eigensolver,1,FakeSherbrooke,127,70,10000,1000,0.0065,1.0,PASS,,,CORRECT,,CORRECT,4,0,0.7,2.3.1,0.17.2,0.46.1
20,VQE 1Q eigensolver,1,FakeSherbrooke,127,71,10000,1000,0.0012,1.0,PASS,,,CORRECT,,CORRECT,4,0,0.7,2.3.1,0.17.2,0.46.1
20,VQE 1Q eigensolver,1,FakeSherbrooke,127,72,10000,1000,0.0029,1.0,PASS,,,CORRECT,,CORRECT,4,0,0.8,2.3.1,0.17.2,0.46.1
20,VQE 1Q eigensolver,1,FakeSherbrooke,127,73,10000,1000,0.0069,1.0,PASS,,,CORRECT,,CORRECT,4,0,0.7,2.3.1,0.17.2,0.46.1
20,VQE 1Q eigensolver,1,FakeSherbrooke,127,74,10000,1000,0.0021,1.0,PASS,,,CORRECT,,CORRECT,4,0,0.5,2.3.1,0.17.2,0.46.1
20,VQE 1Q eigensolver,1,FakeSherbrooke,127,75,10000,1000,0.0045,1.0,PASS,,,CORRECT,,CORRECT,4,0,0.6,2.3.1,0.17.2,0.46.1
20,VQE 1Q eigensolver,1,FakeSherbrooke,127,76,10000,1000,0.0008,1.0,PASS,,,CORRECT,,CORRECT,4,0,0.3,2.3.1,0.17.2,0.46.1
20,VQE 1Q eigensolver,1,FakeSherbrooke,127,77,10000,1000,0.0111,0.9999,PASS,,,CORRECT,,CORRECT,4,0,0.7,2.3.1,0.17.2,0.46.1
20,VQE 1Q eigensolver,1,FakeSherbrooke,127,78,10000,1000,0.005,1.0,PASS,,,CORRECT,,CORRECT,4,0,1.3,2.3.1,0.17.2,0.46.1
20,VQE 1Q eigensolver,1,FakeSherbrooke,127,79,10000,1000,0.0058,1.0,PASS,,,CORRECT,,CORRECT,4,0,0.6,2.3.1,0.17.2,0.46.1
20,VQE 1Q eigensolver,1,FakeSherbrooke,127,80,10000,1000,0.0087,0.9999,PASS,,,CORRECT,,CORRECT,4,0,0.7,2.3.1,0.17.2,0.46.1
20,VQE 1Q eigensolver,1,FakeSherbrooke,127,81,10000,1000,0.0017,1.0,PASS,,,CORRECT,,CORRECT,4,0,0.6,2.3.1,0.17.2,0.46.1
20,VQE 1Q eigensolver,1,FakeSherbrooke,127,82,10000,1000,0.0015,1.0,PASS,,,CORRECT,,CORRECT,4,0,0.5,2.3.1,0.17.2,0.46.1
20,VQE 1Q eigensolver,1,FakeSherbrooke,127,83,10000,1000,0.0011,1.0,PASS,,,CORRECT,,CORRECT,4,0,0.3,2.3.1,0.17.2,0.46.1
20,VQE 1Q eigensolver,1,FakeSherbrooke,127,84,10000,1000,0.0021,1.0,PASS,,,CORRECT,,CORRECT,4,0,0.5,2.3.1,0.17.2,0.46.1
20,VQE 1Q eigensolver,1,FakeSherbrooke,127,85,10000,1000,0.0083,0.9999,PASS,,,CORRECT,,CORRECT,4,0,1.3,2.3.1,0.17.2,0.46.1
20,VQE 1Q eigensolver,1,FakeSherbrooke,127,86,10000,1000,0.0012,1.0,PASS,,,CORRECT,,CORRECT,4,0,0.6,2.3.1,0.17.2,0.46.1
20,VQE 1Q eigensolver,1,FakeSherbrooke,127,87,10000,1000,0.0011,1.0,PASS,,,CORRECT,,CORRECT,4,0,0.7,2.3.1,0.17.2,0.46.1
20,VQE 1Q eigensolver,1,FakeSherbrooke,127,88,10000,1000,0.0038,1.0,PASS,,,CORRECT,,CORRECT,4,0,0.8,2.3.1,0.17.2,0.46.1
20,VQE 1Q eigensolver,1,FakeSherbrooke,127,89,10000,1000,0.0004,1.0,PASS,,,CORRECT,,CORRECT,4,0,0.4,2.3.1,0.17.2,0.46.1
20,VQE 1Q eigensolver,1,FakeSherbrooke,127,90,10000,1000,0.0027,1.0,PASS,,,CORRECT,,CORRECT,4,0,0.4,2.3.1,0.17.2,0.46.1
20,VQE 1Q eigensolver,1,FakeSherbrooke,127,91,10000,1000,0.0038,1.0,PASS,,,CORRECT,,CORRECT,4,0,0.4,2.3.1,0.17.2,0.46.1
20,VQE 1Q eigensolver,1,FakeSherbrooke,127,92,10000,1000,0.0004,1.0,PASS,,,CORRECT,,CORRECT,4,0,0.6,2.3.1,0.17.2,0.46.1
20,VQE 1Q eigensolver,1,FakeSherbrooke,127,93,10000,1000,0.0076,0.9999,PASS,,,CORRECT,,CORRECT,4,0,0.9,2.3.1,0.17.2,0.46.1
20,VQE 1Q eigensolver,1,FakeSherbrooke,127,94,10000,1000,0.0046,1.0,PASS,,,CORRECT,,CORRECT,4,0,0.9,2.3.1,0.17.2,0.46.1
20,VQE 1Q eigensolver,1,FakeSherbrooke,127,95,10000,1000,0.0017,1.0,PASS,,,CORRECT,,CORRECT,4,0,0.9,2.3.1,0.17.2,0.46.1
20,VQE 1Q eigensolver,1,FakeSherbrooke,127,96,10000,1000,0.0012,1.0,PASS,,,CORRECT,,CORRECT,4,0,0.6,2.3.1,0.17.2,0.46.1
20,VQE 1Q eigensolver,1,FakeSherbrooke,127,97,10000,1000,0.0026,1.0,PASS,,,CORRECT,,CORRECT,4,0,0.5,2.3.1,0.17.2,0.46.1
20,VQE 1Q eigensolver,1,FakeSherbrooke,127,98,10000,1000,0.0012,1.0,PASS,,,CORRECT,,CORRECT,4,0,0.5,2.3.1,0.17.2,0.46.1
20,VQE 1Q eigensolver,1,FakeSherbrooke,127,99,10000,1000,0.0083,0.9999,PASS,,,CORRECT,,CORRECT,4,0,0.3,2.3.1,0.17.2,0.46.1
20,VQE 1Q eigensolver,1,FakeSherbrooke,127,100,10000,1000,0.0025,1.0,PASS,,,CORRECT,,CORRECT,4,0,0.7,2.3.1,0.17.2,0.46.1
20,VQE 1Q eigensolver,1,FakeSherbrooke,127,101,10000,1000,0.0013,1.0,PASS,,,CORRECT,,CORRECT,4,0,0.7,2.3.1,0.17.2,0.46.1
20,VQE 1Q eigensolver,1,FakeSherbrooke,127,102,10000,1000,0.0013,1.0,PASS,,,CORRECT,,CORRECT,4,0,0.8,2.3.1,0.17.2,0.46.1
20,VQE 1Q eigensolver,1,FakeSherbrooke,127,103,10000,1000,0.005,1.0,PASS,,,CORRECT,,CORRECT,4,0,0.6,2.3.1,0.17.2,0.46.1
20,VQE 1Q eigensolver,1,FakeSherbrooke,127,104,10000,1000,0.005,1.0,PASS,,,CORRECT,,CORRECT,4,0,0.7,2.3.1,0.17.2,0.46.1
20,VQE 1Q eigensolver,1,FakeSherbrooke,127,105,10000,1000,0.008,0.9999,PASS,,,CORRECT,,CORRECT,4,0,0.6,2.3.1,0.17.2,0.46.1
20,VQE 1Q eigensolver,1,FakeSherbrooke,127,106,10000,1000,0.0043,1.0,PASS,,,CORRECT,,CORRECT,4,0,0.3,2.3.1,0.17.2,0.46.1
20,VQE 1Q eigensolver,1,FakeSherbrooke,127,107,10000,1000,0.0014,1.0,PASS,,,CORRECT,,CORRECT,4,0,0.4,2.3.1,0.17.2,0.46.1
20,VQE 1Q eigensolver,1,FakeSherbrooke,127,108,10000,1000,0.0003,1.0,PASS,,,CORRECT,,CORRECT,4,0,0.8,2.3.1,0.17.2,0.46.1
20,VQE 1Q eigensolver,1,FakeSherbrooke,127,109,10000,1000,0.0059,1.0,PASS,,,CORRECT,,CORRECT,4,0,0.6,2.3.1,0.17.2,0.46.1
20,VQE 1Q eigensolver,1,FakeSherbrooke,127,110,10000,1000,0.0017,1.0,PASS,,,CORRECT,,CORRECT,4,0,0.7,2.3.1,0.17.2,0.46.1
20,VQE 1Q eigensolver,1,FakeSherbrooke,127,111,10000,1000,0.0013,1.0,PASS,,,CORRECT,,CORRECT,4,0,0.7,2.3.1,0.17.2,0.46.1
20,VQE 1Q eigensolver,1,FakeSherbrooke,127,112,10000,1000,0.0041,1.0,PASS,,,CORRECT,,CORRECT,4,0,0.9,2.3.1,0.17.2,0.46.1
20,VQE 1Q eigensolver,1,FakeSherbrooke,127,113,10000,1000,0.0005,1.0,PASS,,,CORRECT,,CORRECT,4,0,0.4,2.3.1,0.17.2,0.46.1
20,VQE 1Q eigensolver,1,FakeSherbrooke,127,114,10000,1000,0.0029,1.0,PASS,,,CORRECT,,CORRECT,4,0,0.4,2.3.1,0.17.2,0.46.1
20,VQE 1Q eigensolver,1,FakeSherbrooke,127,115,10000,1000,0.0098,0.9999,PASS,,,CORRECT,,CORRECT,4,0,0.6,2.3.1,0.17.2,0.46.1
20,VQE 1Q eigensolver,1,FakeSherbrooke,127,116,10000,1000,0.0082,0.9999,PASS,,,CORRECT,,CORRECT,4,0,0.5,2.3.1,0.17.2,0.46.1
20,VQE 1Q eigensolver,1,FakeSherbrooke,127,117,10000,1000,0.0086,0.9999,PASS,,,CORRECT,,CORRECT,4,0,0.7,2.3.1,0.17.2,0.46.1
20,VQE 1Q eigensolver,1,FakeSherbrooke,127,118,10000,1000,0.0011,1.0,PASS,,,CORRECT,,CORRECT,4,0,1.0,2.3.1,0.17.2,0.46.1
20,VQE 1Q eigensolver,1,FakeSherbrooke,127,119,10000,1000,0.0018,1.0,PASS,,,CORRECT,,CORRECT,4,0,1.0,2.3.1,0.17.2,0.46.1
21,QAOA MaxCut 12Q,12,FakeSherbrooke,127,20,10000,1000,0.6,0.5085,MARGINAL,,,CORRECT,,CORRECT,83,22,1.1,2.3.1,0.17.2,0.46.1
21,QAOA MaxCut 12Q,12,FakeSherbrooke,127,21,10000,1000,0.6052,0.4985,MARGINAL,,,CORRECT,3,CORRECT,83,22,0.9,2.3.1,0.17.2,0.46.1
21,QAOA MaxCut 12Q,12,FakeSherbrooke,127,22,10000,1000,0.614,0.4894,MARGINAL,,,CORRECT,3,CORRECT,83,22,2.0,2.3.1,0.17.2,0.46.1
21,QAOA MaxCut 12Q,12,FakeSherbrooke,127,23,10000,1000,0.605,0.4987,MARGINAL,,,CORRECT,3,CORRECT,83,22,2.0,2.3.1,0.17.2,0.46.1
21,QAOA MaxCut 12Q,12,FakeSherbrooke,127,24,10000,1000,0.6002,0.5045,MARGINAL,,,CORRECT,3,CORRECT,83,22,1.2,2.3.1,0.17.2,0.46.1
21,QAOA MaxCut 12Q,12,FakeSherbrooke,127,25,10000,1000,0.6023,0.497,MARGINAL,,,CORRECT,,CORRECT,83,22,1.0,2.3.1,0.17.2,0.46.1
21,QAOA MaxCut 12Q,12,FakeSherbrooke,127,26,10000,1000,0.604,0.4994,MARGINAL,,,CORRECT,3,CORRECT,83,22,1.7,2.3.1,0.17.2,0.46.1
21,QAOA MaxCut 12Q,12,FakeSherbrooke,127,27,10000,1000,0.6082,0.4928,MARGINAL,,,CORRECT,3,CORRECT,83,22,2.3,2.3.1,0.17.2,0.46.1
21,QAOA MaxCut 12Q,12,FakeSherbrooke,127,28,10000,1000,0.603,0.4976,MARGINAL,,,CORRECT,3,CORRECT,83,22,1.1,2.3.1,0.17.2,0.46.1
21,QAOA MaxCut 12Q,12,FakeSherbrooke,127,29,10000,1000,0.6023,0.4998,MARGINAL,,,CORRECT,3,CORRECT,83,22,0.8,2.3.1,0.17.2,0.46.1
21,QAOA MaxCut 12Q,12,FakeSherbrooke,127,30,10000,1000,0.6048,0.4934,MARGINAL,,,CORRECT,3,CORRECT,83,22,1.8,2.3.1,0.17.2,0.46.1
21,QAOA MaxCut 12Q,12,FakeSherbrooke,127,31,10000,1000,0.6089,0.4965,MARGINAL,,,CORRECT,3,CORRECT,83,22,2.6,2.3.1,0.17.2,0.46.1
21,QAOA MaxCut 12Q,12,FakeSherbrooke,127,32,10000,1000,0.6065,0.4922,MARGINAL,,,CORRECT,3,CORRECT,83,22,1.0,2.3.1,0.17.2,0.46.1
21,QAOA MaxCut 12Q,12,FakeSherbrooke,127,33,10000,1000,0.6063,0.4934,MARGINAL,,,CORRECT,,CORRECT,83,22,0.8,2.3.1,0.17.2,0.46.1
21,QAOA MaxCut 12Q,12,FakeSherbrooke,127,34,10000,1000,0.5992,0.5095,MARGINAL,,,CORRECT,,CORRECT,83,22,1.8,2.3.1,0.17.2,0.46.1
21,QAOA MaxCut 12Q,12,FakeSherbrooke,127,35,10000,1000,0.6041,0.502,MARGINAL,,,CORRECT,3,CORRECT,83,22,2.3,2.3.1,0.17.2,0.46.1
21,QAOA MaxCut 12Q,12,FakeSherbrooke,127,36,10000,1000,0.6044,0.5009,MARGINAL,,,CORRECT,3,CORRECT,83,22,0.9,2.3.1,0.17.2,0.46.1
21,QAOA MaxCut 12Q,12,FakeSherbrooke,127,37,10000,1000,0.6109,0.4903,MARGINAL,,,CORRECT,3,CORRECT,83,22,0.9,2.3.1,0.17.2,0.46.1
21,QAOA MaxCut 12Q,12,FakeSherbrooke,127,38,10000,1000,0.606,0.4929,MARGINAL,,,CORRECT,3,CORRECT,83,22,1.5,2.3.1,0.17.2,0.46.1
21,QAOA MaxCut 12Q,12,FakeSherbrooke,127,39,10000,1000,0.6094,0.4934,MARGINAL,,,CORRECT,3,CORRECT,83,22,2.1,2.3.1,0.17.2,0.46.1
21,QAOA MaxCut 12Q,12,FakeSherbrooke,127,40,10000,1000,0.6061,0.4929,MARGINAL,,,CORRECT,3,CORRECT,83,22,1.5,2.3.1,0.17.2,0.46.1
21,QAOA MaxCut 12Q,12,FakeSherbrooke,127,41,10000,1000,0.607,0.4981,MARGINAL,,,CORRECT,,CORRECT,83,22,0.9,2.3.1,0.17.2,0.46.1
21,QAOA MaxCut 12Q,12,FakeSherbrooke,127,42,10000,1000,0.6037,0.5012,MARGINAL,,,CORRECT,3,CORRECT,83,22,2.0,2.3.1,0.17.2,0.46.1
21,QAOA MaxCut 12Q,12,FakeSherbrooke,127,43,10000,1000,0.6039,0.4997,MARGINAL,,,CORRECT,3,CORRECT,83,22,1.9,2.3.1,0.17.2,0.46.1
21,QAOA MaxCut 12Q,12,FakeSherbrooke,127,44,10000,1000,0.6155,0.4884,MARGINAL,,,CORRECT,3,CORRECT,83,22,1.3,2.3.1,0.17.2,0.46.1
21,QAOA MaxCut 12Q,12,FakeSherbrooke,127,45,10000,1000,0.606,0.494,MARGINAL,,,CORRECT,3,CORRECT,83,22,1.0,2.3.1,0.17.2,0.46.1
21,QAOA MaxCut 12Q,12,FakeSherbrooke,127,46,10000,1000,0.6105,0.4961,MARGINAL,,,CORRECT,3,CORRECT,83,22,1.0,2.3.1,0.17.2,0.46.1
21,QAOA MaxCut 12Q,12,FakeSherbrooke,127,47,10000,1000,0.6049,0.4976,MARGINAL,,,CORRECT,3,CORRECT,83,22,2.3,2.3.1,0.17.2,0.46.1
21,QAOA MaxCut 12Q,12,FakeSherbrooke,127,48,10000,1000,0.6026,0.5034,MARGINAL,,,CORRECT,3,CORRECT,83,22,1.7,2.3.1,0.17.2,0.46.1
21,QAOA MaxCut 12Q,12,FakeSherbrooke,127,49,10000,1000,0.603,0.4994,MARGINAL,,,CORRECT,3,CORRECT,83,22,0.7,2.3.1,0.17.2,0.46.1
21,QAOA MaxCut 12Q,12,FakeSherbrooke,127,50,10000,1000,0.6041,0.5016,MARGINAL,,,CORRECT,3,CORRECT,83,22,1.3,2.3.1,0.17.2,0.46.1
21,QAOA MaxCut 12Q,12,FakeSherbrooke,127,51,10000,1000,0.6064,0.5,MARGINAL,,,CORRECT,3,CORRECT,83,22,2.0,2.3.1,0.17.2,0.46.1
21,QAOA MaxCut 12Q,12,FakeSherbrooke,127,52,10000,1000,0.6075,0.4988,MARGINAL,,,CORRECT,3,CORRECT,83,22,1.6,2.3.1,0.17.2,0.46.1
21,QAOA MaxCut 12Q,12,FakeSherbrooke,127,53,10000,1000,0.5972,0.5069,MARGINAL,,,CORRECT,3,CORRECT,83,22,0.8,2.3.1,0.17.2,0.46.1
21,QAOA MaxCut 12Q,12,FakeSherbrooke,127,54,10000,1000,0.6081,0.4979,MARGINAL,,,CORRECT,3,CORRECT,83,22,0.9,2.3.1,0.17.2,0.46.1
21,QAOA MaxCut 12Q,12,FakeSherbrooke,127,55,10000,1000,0.6004,0.5052,MARGINAL,,,CORRECT,3,CORRECT,83,22,2.5,2.3.1,0.17.2,0.46.1
21,QAOA MaxCut 12Q,12,FakeSherbrooke,127,56,10000,1000,0.6123,0.487,MARGINAL,,,CORRECT,3,CORRECT,83,22,1.6,2.3.1,0.17.2,0.46.1
21,QAOA MaxCut 12Q,12,FakeSherbrooke,127,57,10000,1000,0.5992,0.5059,MARGINAL,,,CORRECT,,CORRECT,83,22,0.9,2.3.1,0.17.2,0.46.1
21,QAOA MaxCut 12Q,12,FakeSherbrooke,127,58,10000,1000,0.6009,0.498,MARGINAL,,,CORRECT,,CORRECT,83,22,1.9,2.3.1,0.17.2,0.46.1
21,QAOA MaxCut 12Q,12,FakeSherbrooke,127,59,10000,1000,0.6082,0.4968,MARGINAL,,,CORRECT,3,CORRECT,83,22,2.1,2.3.1,0.17.2,0.46.1
21,QAOA MaxCut 12Q,12,FakeSherbrooke,127,60,10000,1000,0.6081,0.4885,MARGINAL,,,CORRECT,3,CORRECT,83,22,1.0,2.3.1,0.17.2,0.46.1
21,QAOA MaxCut 12Q,12,FakeSherbrooke,127,61,10000,1000,0.6006,0.5015,MARGINAL,,,CORRECT,3,CORRECT,83,22,0.8,2.3.1,0.17.2,0.46.1
21,QAOA MaxCut 12Q,12,FakeSherbrooke,127,62,10000,1000,0.5978,0.5069,MARGINAL,,,CORRECT,3,CORRECT,83,22,1.7,2.3.1,0.17.2,0.46.1
21,QAOA MaxCut 12Q,12,FakeSherbrooke,127,63,10000,1000,0.598,0.5065,MARGINAL,,,CORRECT,3,CORRECT,83,22,1.6,2.3.1,0.17.2,0.46.1
21,QAOA MaxCut 12Q,12,FakeSherbrooke,127,64,10000,1000,0.5954,0.509,MARGINAL,,,CORRECT,3,CORRECT,83,22,1.6,2.3.1,0.17.2,0.46.1
21,QAOA MaxCut 12Q,12,FakeSherbrooke,127,65,10000,1000,0.6042,0.4986,MARGINAL,,,CORRECT,3,CORRECT,83,22,1.0,2.3.1,0.17.2,0.46.1
21,QAOA MaxCut 12Q,12,FakeSherbrooke,127,66,10000,1000,0.6094,0.4949,MARGINAL,,,CORRECT,3,CORRECT,83,22,1.4,2.3.1,0.17.2,0.46.1
21,QAOA MaxCut 12Q,12,FakeSherbrooke,127,67,10000,1000,0.6078,0.4963,MARGINAL,,,CORRECT,3,CORRECT,83,22,2.3,2.3.1,0.17.2,0.46.1
21,QAOA MaxCut 12Q,12,FakeSherbrooke,127,68,10000,1000,0.6068,0.5007,MARGINAL,,,CORRECT,3,CORRECT,83,22,1.2,2.3.1,0.17.2,0.46.1
21,QAOA MaxCut 12Q,12,FakeSherbrooke,127,69,10000,1000,0.612,0.4917,MARGINAL,,,CORRECT,3,CORRECT,83,22,0.8,2.3.1,0.17.2,0.46.1
21,QAOA MaxCut 12Q,12,FakeSherbrooke,127,70,10000,1000,0.602,0.498,MARGINAL,,,CORRECT,,CORRECT,83,22,1.0,2.3.1,0.17.2,0.46.1
21,QAOA MaxCut 12Q,12,FakeSherbrooke,127,71,10000,1000,0.6125,0.4885,MARGINAL,,,CORRECT,3,CORRECT,83,22,2.3,2.3.1,0.17.2,0.46.1
21,QAOA MaxCut 12Q,12,FakeSherbrooke,127,72,10000,1000,0.6084,0.4929,MARGINAL,,,CORRECT,3,CORRECT,83,22,1.6,2.3.1,0.17.2,0.46.1
21,QAOA MaxCut 12Q,12,FakeSherbrooke,127,73,10000,1000,0.6039,0.4988,MARGINAL,,,CORRECT,,CORRECT,83,22,0.8,2.3.1,0.17.2,0.46.1
21,QAOA MaxCut 12Q,12,FakeSherbrooke,127,74,10000,1000,0.6009,0.5041,MARGINAL,,,CORRECT,3,CORRECT,83,22,0.9,2.3.1,0.17.2,0.46.1
21,QAOA MaxCut 12Q,12,FakeSherbrooke,127,75,10000,1000,0.6044,0.5004,MARGINAL,,,CORRECT,3,CORRECT,83,22,2.0,2.3.1,0.17.2,0.46.1
21,QAOA MaxCut 12Q,12,FakeSherbrooke,127,76,10000,1000,0.601,0.4997,MARGINAL,,,CORRECT,3,CORRECT,83,22,1.9,2.3.1,0.17.2,0.46.1
21,QAOA MaxCut 12Q,12,FakeSherbrooke,127,77,10000,1000,0.5979,0.5084,MARGINAL,,,CORRECT,3,CORRECT,83,22,0.8,2.3.1,0.17.2,0.46.1
21,QAOA MaxCut 12Q,12,FakeSherbrooke,127,78,10000,1000,0.6068,0.5017,MARGINAL,,,CORRECT,3,CORRECT,83,22,1.0,2.3.1,0.17.2,0.46.1
21,QAOA MaxCut 12Q,12,FakeSherbrooke,127,79,10000,1000,0.614,0.4901,MARGINAL,,,CORRECT,,CORRECT,83,22,2.0,2.3.1,0.17.2,0.46.1
21,QAOA MaxCut 12Q,12,FakeSherbrooke,127,80,10000,1000,0.6073,0.4995,MARGINAL,,,CORRECT,3,CORRECT,83,22,2.0,2.3.1,0.17.2,0.46.1
21,QAOA MaxCut 12Q,12,FakeSherbrooke,127,81,10000,1000,0.6001,0.5024,MARGINAL,,,CORRECT,3,CORRECT,83,22,0.9,2.3.1,0.17.2,0.46.1
21,QAOA MaxCut 12Q,12,FakeSherbrooke,127,82,10000,1000,0.6051,0.5028,MARGINAL,,,CORRECT,,CORRECT,83,22,1.1,2.3.1,0.17.2,0.46.1
21,QAOA MaxCut 12Q,12,FakeSherbrooke,127,83,10000,1000,0.5988,0.5012,MARGINAL,,,CORRECT,3,CORRECT,83,22,1.9,2.3.1,0.17.2,0.46.1
21,QAOA MaxCut 12Q,12,FakeSherbrooke,127,84,10000,1000,0.6014,0.5,MARGINAL,,,CORRECT,,CORRECT,83,22,1.9,2.3.1,0.17.2,0.46.1
21,QAOA MaxCut 12Q,12,FakeSherbrooke,127,85,10000,1000,0.6038,0.5056,MARGINAL,,,CORRECT,,CORRECT,83,22,0.9,2.3.1,0.17.2,0.46.1
21,QAOA MaxCut 12Q,12,FakeSherbrooke,127,86,10000,1000,0.6047,0.4954,MARGINAL,,,CORRECT,3,CORRECT,83,22,0.8,2.3.1,0.17.2,0.46.1
21,QAOA MaxCut 12Q,12,FakeSherbrooke,127,87,10000,1000,0.6067,0.4965,MARGINAL,,,CORRECT,3,CORRECT,83,22,1.9,2.3.1,0.17.2,0.46.1
21,QAOA MaxCut 12Q,12,FakeSherbrooke,127,88,10000,1000,0.6043,0.4974,MARGINAL,,,CORRECT,3,CORRECT,83,22,2.2,2.3.1,0.17.2,0.46.1
21,QAOA MaxCut 12Q,12,FakeSherbrooke,127,89,10000,1000,0.6091,0.4937,MARGINAL,,,CORRECT,3,CORRECT,83,22,0.9,2.3.1,0.17.2,0.46.1
21,QAOA MaxCut 12Q,12,FakeSherbrooke,127,90,10000,1000,0.6099,0.4953,MARGINAL,,,CORRECT,3,CORRECT,83,22,0.9,2.3.1,0.17.2,0.46.1
21,QAOA MaxCut 12Q,12,FakeSherbrooke,127,91,10000,1000,0.6009,0.5041,MARGINAL,,,CORRECT,3,CORRECT,83,22,1.8,2.3.1,0.17.2,0.46.1
21,QAOA MaxCut 12Q,12,FakeSherbrooke,127,92,10000,1000,0.6082,0.496,MARGINAL,,,CORRECT,3,CORRECT,83,22,2.3,2.3.1,0.17.2,0.46.1
21,QAOA MaxCut 12Q,12,FakeSherbrooke,127,93,10000,1000,0.6062,0.4961,MARGINAL,,,CORRECT,3,CORRECT,83,22,0.8,2.3.1,0.17.2,0.46.1
21,QAOA MaxCut 12Q,12,FakeSherbrooke,127,94,10000,1000,0.6042,0.4999,MARGINAL,,,CORRECT,3,CORRECT,83,22,0.8,2.3.1,0.17.2,0.46.1
21,QAOA MaxCut 12Q,12,FakeSherbrooke,127,95,10000,1000,0.609,0.495,MARGINAL,,,CORRECT,3,CORRECT,83,22,1.8,2.3.1,0.17.2,0.46.1
21,QAOA MaxCut 12Q,12,FakeSherbrooke,127,96,10000,1000,0.6065,0.4997,MARGINAL,,,CORRECT,3,CORRECT,83,22,1.8,2.3.1,0.17.2,0.46.1
21,QAOA MaxCut 12Q,12,FakeSherbrooke,127,97,10000,1000,0.5989,0.5066,MARGINAL,,,CORRECT,3,CORRECT,83,22,1.2,2.3.1,0.17.2,0.46.1
21,QAOA MaxCut 12Q,12,FakeSherbrooke,127,98,10000,1000,0.5944,0.5099,MARGINAL,,,CORRECT,3,CORRECT,83,22,1.0,2.3.1,0.17.2,0.46.1
21,QAOA MaxCut 12Q,12,FakeSherbrooke,127,99,10000,1000,0.6041,0.5011,MARGINAL,,,CORRECT,3,CORRECT,83,22,1.8,2.3.1,0.17.2,0.46.1
21,QAOA MaxCut 12Q,12,FakeSherbrooke,127,100,10000,1000,0.6055,0.4964,MARGINAL,,,CORRECT,3,CORRECT,83,22,2.0,2.3.1,0.17.2,0.46.1
21,QAOA MaxCut 12Q,12,FakeSherbrooke,127,101,10000,1000,0.6054,0.4952,MARGINAL,,,CORRECT,3,CORRECT,83,22,1.0,2.3.1,0.17.2,0.46.1
21,QAOA MaxCut 12Q,12,FakeSherbrooke,127,102,10000,1000,0.6038,0.5017,MARGINAL,,,CORRECT,3,CORRECT,83,22,1.0,2.3.1,0.17.2,0.46.1
21,QAOA MaxCut 12Q,12,FakeSherbrooke,127,103,10000,1000,0.6032,0.5038,MARGINAL,,,CORRECT,,CORRECT,83,22,1.8,2.3.1,0.17.2,0.46.1
21,QAOA MaxCut 12Q,12,FakeSherbrooke,127,104,10000,1000,0.6006,0.5026,MARGINAL,,,CORRECT,,CORRECT,83,22,2.0,2.3.1,0.17.2,0.46.1
21,QAOA MaxCut 12Q,12,FakeSherbrooke,127,105,10000,1000,0.6006,0.4958,MARGINAL,,,CORRECT,3,CORRECT,83,22,1.1,2.3.1,0.17.2,0.46.1
21,QAOA MaxCut 12Q,12,FakeSherbrooke,127,106,10000,1000,0.6021,0.4948,MARGINAL,,,CORRECT,,CORRECT,83,22,0.8,2.3.1,0.17.2,0.46.1
21,QAOA MaxCut 12Q,12,FakeSherbrooke,127,107,10000,1000,0.6007,0.4991,MARGINAL,,,CORRECT,3,CORRECT,83,22,1.9,2.3.1,0.17.2,0.46.1
21,QAOA MaxCut 12Q,12,FakeSherbrooke,127,108,10000,1000,0.6025,0.5031,MARGINAL,,,CORRECT,3,CORRECT,83,22,2.2,2.3.1,0.17.2,0.46.1
21,QAOA MaxCut 12Q,12,FakeSherbrooke,127,109,10000,1000,0.6042,0.5007,MARGINAL,,,CORRECT,3,CORRECT,83,22,0.8,2.3.1,0.17.2,0.46.1
21,QAOA MaxCut 12Q,12,FakeSherbrooke,127,110,10000,1000,0.6004,0.5023,MARGINAL,,,CORRECT,,CORRECT,83,22,0.9,2.3.1,0.17.2,0.46.1
21,QAOA MaxCut 12Q,12,FakeSherbrooke,127,111,10000,1000,0.608,0.4948,MARGINAL,,,CORRECT,3,CORRECT,83,22,1.7,2.3.1,0.17.2,0.46.1
21,QAOA MaxCut 12Q,12,FakeSherbrooke,127,112,10000,1000,0.614,0.493,MARGINAL,,,CORRECT,3,CORRECT,83,22,2.2,2.3.1,0.17.2,0.46.1
21,QAOA MaxCut 12Q,12,FakeSherbrooke,127,113,10000,1000,0.6044,0.5014,MARGINAL,,,CORRECT,3,CORRECT,83,22,0.9,2.3.1,0.17.2,0.46.1
21,QAOA MaxCut 12Q,12,FakeSherbrooke,127,114,10000,1000,0.609,0.494,MARGINAL,,,CORRECT,,CORRECT,83,22,0.9,2.3.1,0.17.2,0.46.1
21,QAOA MaxCut 12Q,12,FakeSherbrooke,127,115,10000,1000,0.6016,0.4977,MARGINAL,,,CORRECT,3,CORRECT,83,22,1.0,2.3.1,0.17.2,0.46.1
21,QAOA MaxCut 12Q,12,FakeSherbrooke,127,116,10000,1000,0.6006,0.5019,MARGINAL,,,CORRECT,3,CORRECT,83,22,0.8,2.3.1,0.17.2,0.46.1
21,QAOA MaxCut 12Q,12,FakeSherbrooke,127,117,10000,1000,0.6123,0.4859,MARGINAL,,,CORRECT,3,CORRECT,83,22,0.9,2.3.1,0.17.2,0.46.1
21,QAOA MaxCut 12Q,12,FakeSherbrooke,127,118,10000,1000,0.6138,0.4886,MARGINAL,,,CORRECT,3,CORRECT,83,22,1.0,2.3.1,0.17.2,0.46.1
21,QAOA MaxCut 12Q,12,FakeSherbrooke,127,119,10000,1000,0.6032,0.5016,MARGINAL,,,CORRECT,3,CORRECT,83,22,0.8,2.3.1,0.17.2,0.46.1
22,QML Image Class 14Q,14,FakeSherbrooke,127,20,400,100,0.9185,0.0535,FAIL,4,160,CORRECT,4,CORRECT,102,26,1.0,2.3.1,0.17.2,0.46.1
22,QML Image Class 14Q,14,FakeSherbrooke,127,21,400,100,0.9185,0.0536,FAIL,4,160,CORRECT,4,CORRECT,102,26,1.1,2.3.1,0.17.2,0.46.1
22,QML Image Class 14Q,14,FakeSherbrooke,127,22,400,100,0.9185,0.0536,FAIL,5,200,CORRECT,4,CORRECT,102,26,1.1,2.3.1,0.17.2,0.46.1
22,QML Image Class 14Q,14,FakeSherbrooke,127,23,400,100,0.9185,0.0536,FAIL,5,200,CORRECT,4,CORRECT,102,26,0.9,2.3.1,0.17.2,0.46.1
22,QML Image Class 14Q,14,FakeSherbrooke,127,24,400,100,0.9185,0.0537,FAIL,3,120,CORRECT,3,CORRECT,102,26,1.1,2.3.1,0.17.2,0.46.1
22,QML Image Class 14Q,14,FakeSherbrooke,127,25,400,100,0.9185,0.0537,FAIL,3,120,CORRECT,3,CORRECT,102,26,1.2,2.3.1,0.17.2,0.46.1
22,QML Image Class 14Q,14,FakeSherbrooke,127,26,400,100,0.9185,0.0536,FAIL,3,120,CORRECT,3,CORRECT,102,26,0.9,2.3.1,0.17.2,0.46.1
22,QML Image Class 14Q,14,FakeSherbrooke,127,27,400,100,0.9185,0.0536,FAIL,3,120,CORRECT,3,CORRECT,102,26,1.0,2.3.1,0.17.2,0.46.1
22,QML Image Class 14Q,14,FakeSherbrooke,127,28,400,100,0.9185,0.0534,FAIL,3,120,CORRECT,3,CORRECT,102,26,1.2,2.3.1,0.17.2,0.46.1
22,QML Image Class 14Q,14,FakeSherbrooke,127,29,400,100,0.9185,0.0534,FAIL,3,120,CORRECT,3,CORRECT,102,26,0.9,2.3.1,0.17.2,0.46.1
22,QML Image Class 14Q,14,FakeSherbrooke,127,30,400,100,0.916,0.0546,FAIL,3,120,CORRECT,3,CORRECT,102,26,1.1,2.3.1,0.17.2,0.46.1
22,QML Image Class 14Q,14,FakeSherbrooke,127,31,400,100,0.916,0.0546,FAIL,3,120,CORRECT,3,CORRECT,102,26,1.0,2.3.1,0.17.2,0.46.1
22,QML Image Class 14Q,14,FakeSherbrooke,127,32,400,100,0.9135,0.0554,FAIL,3,120,CORRECT,3,CORRECT,102,26,1.1,2.3.1,0.17.2,0.46.1
22,QML Image Class 14Q,14,FakeSherbrooke,127,33,400,100,0.9135,0.0554,FAIL,3,120,CORRECT,3,CORRECT,102,26,1.0,2.3.1,0.17.2,0.46.1
22,QML Image Class 14Q,14,FakeSherbrooke,127,34,400,100,0.9135,0.0554,FAIL,3,120,CORRECT,3,CORRECT,102,26,1.0,2.3.1,0.17.2,0.46.1
22,QML Image Class 14Q,14,FakeSherbrooke,127,35,400,100,0.9135,0.0554,FAIL,3,120,CORRECT,3,CORRECT,102,26,1.2,2.3.1,0.17.2,0.46.1
22,QML Image Class 14Q,14,FakeSherbrooke,127,36,400,100,0.9135,0.0555,FAIL,3,120,CORRECT,3,CORRECT,102,26,0.9,2.3.1,0.17.2,0.46.1
22,QML Image Class 14Q,14,FakeSherbrooke,127,37,400,100,0.9135,0.0555,FAIL,3,120,CORRECT,3,CORRECT,102,26,1.0,2.3.1,0.17.2,0.46.1
22,QML Image Class 14Q,14,FakeSherbrooke,127,38,400,100,0.9135,0.0555,FAIL,3,120,CORRECT,3,CORRECT,102,26,1.2,2.3.1,0.17.2,0.46.1
22,QML Image Class 14Q,14,FakeSherbrooke,127,39,400,100,0.9135,0.0555,FAIL,3,120,CORRECT,3,CORRECT,102,26,0.9,2.3.1,0.17.2,0.46.1
22,QML Image Class 14Q,14,FakeSherbrooke,127,40,400,100,0.9135,0.0555,FAIL,3,120,CORRECT,3,CORRECT,102,26,1.0,2.3.1,0.17.2,0.46.1
22,QML Image Class 14Q,14,FakeSherbrooke,127,41,400,100,0.9135,0.0555,FAIL,3,120,CORRECT,3,CORRECT,102,26,1.0,2.3.1,0.17.2,0.46.1
22,QML Image Class 14Q,14,FakeSherbrooke,127,42,400,100,0.9135,0.0555,FAIL,3,120,CORRECT,3,CORRECT,102,26,1.2,2.3.1,0.17.2,0.46.1
22,QML Image Class 14Q,14,FakeSherbrooke,127,43,400,100,0.911,0.0566,FAIL,3,120,CORRECT,3,CORRECT,102,26,1.0,2.3.1,0.17.2,0.46.1
22,QML Image Class 14Q,14,FakeSherbrooke,127,44,400,100,0.911,0.0564,FAIL,3,120,CORRECT,3,CORRECT,102,26,1.0,2.3.1,0.17.2,0.46.1
22,QML Image Class 14Q,14,FakeSherbrooke,127,45,400,100,0.9112,0.0562,FAIL,3,120,CORRECT,3,CORRECT,102,26,1.2,2.3.1,0.17.2,0.46.1
22,QML Image Class 14Q,14,FakeSherbrooke,127,46,400,100,0.9112,0.0562,FAIL,3,120,CORRECT,3,CORRECT,102,26,0.9,2.3.1,0.17.2,0.46.1
22,QML Image Class 14Q,14,FakeSherbrooke,127,47,400,100,0.9112,0.0562,FAIL,3,120,CORRECT,3,CORRECT,102,26,1.0,2.3.1,0.17.2,0.46.1
22,QML Image Class 14Q,14,FakeSherbrooke,127,48,400,100,0.9112,0.0562,FAIL,3,120,CORRECT,3,CORRECT,102,26,1.1,2.3.1,0.17.2,0.46.1
22,QML Image Class 14Q,14,FakeSherbrooke,127,49,400,100,0.9112,0.0562,FAIL,3,120,CORRECT,3,CORRECT,102,26,0.9,2.3.1,0.17.2,0.46.1
22,QML Image Class 14Q,14,FakeSherbrooke,127,50,400,100,0.9112,0.0561,FAIL,3,120,CORRECT,3,CORRECT,102,26,1.1,2.3.1,0.17.2,0.46.1
22,QML Image Class 14Q,14,FakeSherbrooke,127,51,400,100,0.9116,0.0557,FAIL,3,120,CORRECT,3,CORRECT,102,26,1.0,2.3.1,0.17.2,0.46.1
22,QML Image Class 14Q,14,FakeSherbrooke,127,52,400,100,0.9116,0.0557,FAIL,3,120,CORRECT,3,CORRECT,102,26,1.2,2.3.1,0.17.2,0.46.1
22,QML Image Class 14Q,14,FakeSherbrooke,127,53,400,100,0.9116,0.0557,FAIL,3,120,CORRECT,3,CORRECT,102,26,0.9,2.3.1,0.17.2,0.46.1
22,QML Image Class 14Q,14,FakeSherbrooke,127,54,400,100,0.9116,0.0557,FAIL,3,120,CORRECT,3,CORRECT,102,26,1.0,2.3.1,0.17.2,0.46.1
22,QML Image Class 14Q,14,FakeSherbrooke,127,55,400,100,0.9116,0.0558,FAIL,3,120,CORRECT,3,CORRECT,102,26,1.2,2.3.1,0.17.2,0.46.1
22,QML Image Class 14Q,14,FakeSherbrooke,127,56,400,100,0.9116,0.0558,FAIL,4,160,CORRECT,3,CORRECT,102,26,0.9,2.3.1,0.17.2,0.46.1
22,QML Image Class 14Q,14,FakeSherbrooke,127,57,400,100,0.9116,0.0559,FAIL,4,160,CORRECT,3,CORRECT,102,26,1.0,2.3.1,0.17.2,0.46.1
22,QML Image Class 14Q,14,FakeSherbrooke,127,58,400,100,0.9116,0.0559,FAIL,4,160,CORRECT,3,CORRECT,102,26,1.1,2.3.1,0.17.2,0.46.1
22,QML Image Class 14Q,14,FakeSherbrooke,127,59,400,100,0.9116,0.0559,FAIL,4,160,CORRECT,3,CORRECT,102,26,0.9,2.3.1,0.17.2,0.46.1
22,QML Image Class 14Q,14,FakeSherbrooke,127,60,400,100,0.9116,0.056,FAIL,4,160,CORRECT,3,CORRECT,102,26,1.0,2.3.1,0.17.2,0.46.1
22,QML Image Class 14Q,14,FakeSherbrooke,127,61,400,100,0.9116,0.056,FAIL,4,160,CORRECT,3,CORRECT,102,26,1.0,2.3.1,0.17.2,0.46.1
22,QML Image Class 14Q,14,FakeSherbrooke,127,62,400,100,0.9116,0.0559,FAIL,4,160,CORRECT,3,CORRECT,102,26,1.2,2.3.1,0.17.2,0.46.1
22,QML Image Class 14Q,14,FakeSherbrooke,127,63,400,100,0.9116,0.056,FAIL,4,160,CORRECT,3,CORRECT,102,26,0.9,2.3.1,0.17.2,0.46.1
22,QML Image Class 14Q,14,FakeSherbrooke,127,64,400,100,0.9116,0.056,FAIL,4,160,CORRECT,3,CORRECT,102,26,1.0,2.3.1,0.17.2,0.46.1
22,QML Image Class 14Q,14,FakeSherbrooke,127,65,400,100,0.9116,0.056,FAIL,4,160,CORRECT,3,CORRECT,102,26,1.2,2.3.1,0.17.2,0.46.1
22,QML Image Class 14Q,14,FakeSherbrooke,127,66,400,100,0.9116,0.056,FAIL,4,160,CORRECT,3,CORRECT,102,26,0.9,2.3.1,0.17.2,0.46.1
22,QML Image Class 14Q,14,FakeSherbrooke,127,67,400,100,0.9116,0.056,FAIL,4,160,CORRECT,3,CORRECT,102,26,1.0,2.3.1,0.17.2,0.46.1
22,QML Image Class 14Q,14,FakeSherbrooke,127,68,400,100,0.9116,0.0559,FAIL,4,160,CORRECT,3,CORRECT,102,26,1.1,2.3.1,0.17.2,0.46.1
22,QML Image Class 14Q,14,FakeSherbrooke,127,69,400,100,0.9116,0.0559,FAIL,4,160,CORRECT,3,CORRECT,102,26,0.9,2.3.1,0.17.2,0.46.1
22,QML Image Class 14Q,14,FakeSherbrooke,127,70,400,100,0.9116,0.0559,FAIL,4,160,CORRECT,3,CORRECT,102,26,1.0,2.3.1,0.17.2,0.46.1
22,QML Image Class 14Q,14,FakeSherbrooke,127,71,400,100,0.9116,0.0559,FAIL,4,160,CORRECT,3,CORRECT,102,26,1.0,2.3.1,0.17.2,0.46.1
22,QML Image Class 14Q,14,FakeSherbrooke,127,72,400,100,0.9116,0.0559,FAIL,4,160,CORRECT,3,CORRECT,102,26,1.1,2.3.1,0.17.2,0.46.1
22,QML Image Class 14Q,14,FakeSherbrooke,127,73,400,100,0.9116,0.0559,FAIL,4,160,CORRECT,3,CORRECT,102,26,0.9,2.3.1,0.17.2,0.46.1
22,QML Image Class 14Q,14,FakeSherbrooke,127,74,400,100,0.9116,0.0559,FAIL,4,160,CORRECT,3,CORRECT,102,26,1.0,2.3.1,0.17.2,0.46.1
22,QML Image Class 14Q,14,FakeSherbrooke,127,75,400,100,0.9116,0.0558,FAIL,4,160,CORRECT,3,CORRECT,102,26,1.1,2.3.1,0.17.2,0.46.1
22,QML Image Class 14Q,14,FakeSherbrooke,127,76,400,100,0.9116,0.0558,FAIL,4,160,CORRECT,3,CORRECT,102,26,0.9,2.3.1,0.17.2,0.46.1
22,QML Image Class 14Q,14,FakeSherbrooke,127,77,400,100,0.9116,0.0558,FAIL,4,160,CORRECT,3,CORRECT,102,26,1.1,2.3.1,0.17.2,0.46.1
22,QML Image Class 14Q,14,FakeSherbrooke,127,78,400,100,0.9116,0.0558,FAIL,4,160,CORRECT,3,CORRECT,102,26,1.2,2.3.1,0.17.2,0.46.1
22,QML Image Class 14Q,14,FakeSherbrooke,127,79,400,100,0.9116,0.0558,FAIL,4,160,CORRECT,3,CORRECT,102,26,0.9,2.3.1,0.17.2,0.46.1
22,QML Image Class 14Q,14,FakeSherbrooke,127,80,400,100,0.9116,0.0558,FAIL,4,160,CORRECT,3,CORRECT,102,26,1.1,2.3.1,0.17.2,0.46.1
22,QML Image Class 14Q,14,FakeSherbrooke,127,81,400,100,0.9116,0.0559,FAIL,4,160,CORRECT,3,CORRECT,102,26,1.0,2.3.1,0.17.2,0.46.1
22,QML Image Class 14Q,14,FakeSherbrooke,127,82,400,100,0.9116,0.056,FAIL,4,160,CORRECT,3,CORRECT,102,26,1.2,2.3.1,0.17.2,0.46.1
22,QML Image Class 14Q,14,FakeSherbrooke,127,83,400,100,0.9116,0.0559,FAIL,4,160,CORRECT,3,CORRECT,102,26,0.9,2.3.1,0.17.2,0.46.1
22,QML Image Class 14Q,14,FakeSherbrooke,127,84,400,100,0.9116,0.0555,FAIL,4,160,CORRECT,3,CORRECT,102,26,1.1,2.3.1,0.17.2,0.46.1
22,QML Image Class 14Q,14,FakeSherbrooke,127,85,400,100,0.9116,0.0555,FAIL,3,120,CORRECT,3,CORRECT,102,26,1.1,2.3.1,0.17.2,0.46.1
22,QML Image Class 14Q,14,FakeSherbrooke,127,86,400,100,0.9116,0.0555,FAIL,3,120,CORRECT,3,CORRECT,102,26,1.0,2.3.1,0.17.2,0.46.1
22,QML Image Class 14Q,14,FakeSherbrooke,127,87,400,100,0.9116,0.055,FAIL,3,120,CORRECT,3,CORRECT,102,26,1.0,2.3.1,0.17.2,0.46.1
22,QML Image Class 14Q,14,FakeSherbrooke,127,88,400,100,0.9116,0.0555,FAIL,3,120,CORRECT,3,CORRECT,102,26,1.1,2.3.1,0.17.2,0.46.1
22,QML Image Class 14Q,14,FakeSherbrooke,127,89,400,100,0.9116,0.0555,FAIL,3,120,CORRECT,3,CORRECT,102,26,0.9,2.3.1,0.17.2,0.46.1
22,QML Image Class 14Q,14,FakeSherbrooke,127,90,400,100,0.9091,0.0566,FAIL,3,120,CORRECT,3,CORRECT,102,26,1.0,2.3.1,0.17.2,0.46.1
22,QML Image Class 14Q,14,FakeSherbrooke,127,91,400,100,0.9091,0.0566,FAIL,3,120,CORRECT,3,CORRECT,102,26,1.0,2.3.1,0.17.2,0.46.1
22,QML Image Class 14Q,14,FakeSherbrooke,127,92,400,100,0.9066,0.0575,FAIL,3,120,CORRECT,3,CORRECT,102,26,1.1,2.3.1,0.17.2,0.46.1
22,QML Image Class 14Q,14,FakeSherbrooke,127,93,400,100,0.9066,0.0576,FAIL,3,120,CORRECT,3,CORRECT,102,26,0.9,2.3.1,0.17.2,0.46.1
22,QML Image Class 14Q,14,FakeSherbrooke,127,94,400,100,0.9066,0.0575,FAIL,3,120,CORRECT,3,CORRECT,102,26,1.0,2.3.1,0.17.2,0.46.1
22,QML Image Class 14Q,14,FakeSherbrooke,127,95,400,100,0.9066,0.0579,FAIL,3,120,CORRECT,3,CORRECT,102,26,1.2,2.3.1,0.17.2,0.46.1
22,QML Image Class 14Q,14,FakeSherbrooke,127,96,400,100,0.9066,0.058,FAIL,3,120,CORRECT,3,CORRECT,102,26,0.9,2.3.1,0.17.2,0.46.1
22,QML Image Class 14Q,14,FakeSherbrooke,127,97,400,100,0.9066,0.058,FAIL,3,120,CORRECT,3,CORRECT,102,26,1.0,2.3.1,0.17.2,0.46.1
22,QML Image Class 14Q,14,FakeSherbrooke,127,98,400,100,0.9066,0.0579,FAIL,3,120,CORRECT,3,CORRECT,102,26,1.1,2.3.1,0.17.2,0.46.1
22,QML Image Class 14Q,14,FakeSherbrooke,127,99,400,100,0.9066,0.0579,FAIL,3,120,CORRECT,3,CORRECT,102,26,0.9,2.3.1,0.17.2,0.46.1
22,QML Image Class 14Q,14,FakeSherbrooke,127,100,400,100,0.9066,0.0579,FAIL,3,120,CORRECT,3,CORRECT,102,26,1.0,2.3.1,0.17.2,0.46.1
22,QML Image Class 14Q,14,FakeSherbrooke,127,101,400,100,0.9066,0.058,FAIL,3,120,CORRECT,3,CORRECT,102,26,1.0,2.3.1,0.17.2,0.46.1
22,QML Image Class 14Q,14,FakeSherbrooke,127,102,400,100,0.9066,0.058,FAIL,3,120,CORRECT,3,CORRECT,102,26,1.1,2.3.1,0.17.2,0.46.1
22,QML Image Class 14Q,14,FakeSherbrooke,127,103,400,100,0.9063,0.0584,FAIL,3,120,CORRECT,3,CORRECT,102,26,1.0,2.3.1,0.17.2,0.46.1
22,QML Image Class 14Q,14,FakeSherbrooke,127,104,400,100,0.9088,0.0573,FAIL,3,120,CORRECT,3,CORRECT,102,26,1.0,2.3.1,0.17.2,0.46.1
22,QML Image Class 14Q,14,FakeSherbrooke,127,105,400,100,0.9089,0.0571,FAIL,3,120,CORRECT,3,CORRECT,102,26,1.1,2.3.1,0.17.2,0.46.1
22,QML Image Class 14Q,14,FakeSherbrooke,127,106,400,100,0.9089,0.0575,FAIL,3,120,CORRECT,3,CORRECT,102,26,1.0,2.3.1,0.17.2,0.46.1
22,QML Image Class 14Q,14,FakeSherbrooke,127,107,400,100,0.9096,0.057,FAIL,3,120,CORRECT,3,CORRECT,102,26,1.0,2.3.1,0.17.2,0.46.1
22,QML Image Class 14Q,14,FakeSherbrooke,127,108,400,100,0.9096,0.0571,FAIL,3,120,CORRECT,3,CORRECT,102,26,1.2,2.3.1,0.17.2,0.46.1
22,QML Image Class 14Q,14,FakeSherbrooke,127,109,400,100,0.9096,0.0569,FAIL,3,120,CORRECT,3,CORRECT,102,26,0.9,2.3.1,0.17.2,0.46.1
22,QML Image Class 14Q,14,FakeSherbrooke,127,110,400,100,0.9096,0.0569,FAIL,3,120,CORRECT,3,CORRECT,102,26,1.0,2.3.1,0.17.2,0.46.1
22,QML Image Class 14Q,14,FakeSherbrooke,127,111,400,100,0.9096,0.0569,FAIL,3,120,CORRECT,3,CORRECT,102,26,1.1,2.3.1,0.17.2,0.46.1
22,QML Image Class 14Q,14,FakeSherbrooke,127,112,400,100,0.9096,0.0569,FAIL,3,120,CORRECT,3,CORRECT,102,26,1.2,2.3.1,0.17.2,0.46.1
22,QML Image Class 14Q,14,FakeSherbrooke,127,113,400,100,0.9096,0.0569,FAIL,3,120,CORRECT,3,CORRECT,102,26,0.9,2.3.1,0.17.2,0.46.1
22,QML Image Class 14Q,14,FakeSherbrooke,127,114,400,100,0.9096,0.0569,FAIL,3,120,CORRECT,3,CORRECT,102,26,1.0,2.3.1,0.17.2,0.46.1
22,QML Image Class 14Q,14,FakeSherbrooke,127,115,400,100,0.9096,0.0569,FAIL,3,120,CORRECT,3,CORRECT,102,26,1.2,2.3.1,0.17.2,0.46.1
22,QML Image Class 14Q,14,FakeSherbrooke,127,116,400,100,0.9096,0.0565,FAIL,3,120,CORRECT,3,CORRECT,102,26,0.9,2.3.1,0.17.2,0.46.1
22,QML Image Class 14Q,14,FakeSherbrooke,127,117,400,100,0.9098,0.0562,FAIL,3,120,CORRECT,3,CORRECT,102,26,1.0,2.3.1,0.17.2,0.46.1
22,QML Image Class 14Q,14,FakeSherbrooke,127,118,400,100,0.9115,0.0554,FAIL,3,120,CORRECT,3,CORRECT,102,26,1.2,2.3.1,0.17.2,0.46.1
22,QML Image Class 14Q,14,FakeSherbrooke,127,119,400,100,0.9115,0.0554,FAIL,3,120,CORRECT,3,CORRECT,102,26,0.9,2.3.1,0.17.2,0.46.1
23,VQE SrH PDM 12Q,12,FakeSherbrooke,127,20,4000,400,0.975,0.025,FAIL,3,1200,CORRECT,3,CORRECT,74,24,1.4,2.3.1,0.17.2,0.46.1
23,VQE SrH PDM 12Q,12,FakeSherbrooke,127,21,4000,400,0.975,0.025,FAIL,3,1200,CORRECT,3,CORRECT,74,24,1.4,2.3.1,0.17.2,0.46.1
23,VQE SrH PDM 12Q,12,FakeSherbrooke,127,22,4000,400,0.975,0.025,FAIL,3,1200,CORRECT,3,CORRECT,74,24,1.5,2.3.1,0.17.2,0.46.1
23,VQE SrH PDM 12Q,12,FakeSherbrooke,127,23,4000,400,0.975,0.025,FAIL,3,1200,CORRECT,3,CORRECT,74,24,1.3,2.3.1,0.17.2,0.46.1
23,VQE SrH PDM 12Q,12,FakeSherbrooke,127,24,4000,400,0.975,0.025,FAIL,3,1200,CORRECT,3,CORRECT,74,24,1.4,2.3.1,0.17.2,0.46.1
23,VQE SrH PDM 12Q,12,FakeSherbrooke,127,25,4000,400,0.975,0.025,FAIL,3,1200,CORRECT,3,CORRECT,74,24,1.5,2.3.1,0.17.2,0.46.1
23,VQE SrH PDM 12Q,12,FakeSherbrooke,127,26,4000,400,0.9748,0.0253,FAIL,3,1200,CORRECT,3,CORRECT,74,24,1.3,2.3.1,0.17.2,0.46.1
23,VQE SrH PDM 12Q,12,FakeSherbrooke,127,27,4000,400,0.9748,0.0253,FAIL,3,1200,CORRECT,3,CORRECT,74,24,1.4,2.3.1,0.17.2,0.46.1
23,VQE SrH PDM 12Q,12,FakeSherbrooke,127,28,4000,400,0.9748,0.0253,FAIL,3,1200,CORRECT,3,CORRECT,74,24,1.5,2.3.1,0.17.2,0.46.1
23,VQE SrH PDM 12Q,12,FakeSherbrooke,127,29,4000,400,0.9748,0.0253,FAIL,3,1200,CORRECT,3,CORRECT,74,24,1.3,2.3.1,0.17.2,0.46.1
23,VQE SrH PDM 12Q,12,FakeSherbrooke,127,30,4000,400,0.975,0.025,FAIL,3,1200,CORRECT,3,CORRECT,74,24,1.4,2.3.1,0.17.2,0.46.1
23,VQE SrH PDM 12Q,12,FakeSherbrooke,127,31,4000,400,0.975,0.025,FAIL,3,1200,CORRECT,3,CORRECT,74,24,1.4,2.3.1,0.17.2,0.46.1
23,VQE SrH PDM 12Q,12,FakeSherbrooke,127,32,4000,400,0.975,0.025,FAIL,3,1200,CORRECT,3,CORRECT,74,24,1.5,2.3.1,0.17.2,0.46.1
23,VQE SrH PDM 12Q,12,FakeSherbrooke,127,33,4000,400,0.975,0.025,FAIL,3,1200,CORRECT,3,CORRECT,74,24,1.3,2.3.1,0.17.2,0.46.1
23,VQE SrH PDM 12Q,12,FakeSherbrooke,127,34,4000,400,0.975,0.025,FAIL,3,1200,CORRECT,3,CORRECT,74,24,1.4,2.3.1,0.17.2,0.46.1
23,VQE SrH PDM 12Q,12,FakeSherbrooke,127,35,4000,400,0.975,0.025,FAIL,3,1200,CORRECT,3,CORRECT,74,24,1.4,2.3.1,0.17.2,0.46.1
23,VQE SrH PDM 12Q,12,FakeSherbrooke,127,36,4000,400,0.975,0.025,FAIL,3,1200,CORRECT,3,CORRECT,74,24,1.3,2.3.1,0.17.2,0.46.1
23,VQE SrH PDM 12Q,12,FakeSherbrooke,127,37,4000,400,0.975,0.025,FAIL,3,1200,CORRECT,3,CORRECT,74,24,1.4,2.3.1,0.17.2,0.46.1
23,VQE SrH PDM 12Q,12,FakeSherbrooke,127,38,4000,400,0.975,0.025,FAIL,3,1200,CORRECT,3,CORRECT,74,24,1.5,2.3.1,0.17.2,0.46.1
23,VQE SrH PDM 12Q,12,FakeSherbrooke,127,39,4000,400,0.975,0.025,FAIL,3,1200,CORRECT,3,CORRECT,74,24,1.3,2.3.1,0.17.2,0.46.1
23,VQE SrH PDM 12Q,12,FakeSherbrooke,127,40,4000,400,0.975,0.025,FAIL,3,1200,CORRECT,3,CORRECT,74,24,1.4,2.3.1,0.17.2,0.46.1
23,VQE SrH PDM 12Q,12,FakeSherbrooke,127,41,4000,400,0.975,0.025,FAIL,3,1200,CORRECT,3,CORRECT,74,24,1.4,2.3.1,0.17.2,0.46.1
23,VQE SrH PDM 12Q,12,FakeSherbrooke,127,42,4000,400,0.975,0.025,FAIL,3,1200,CORRECT,3,CORRECT,74,24,1.5,2.3.1,0.17.2,0.46.1
23,VQE SrH PDM 12Q,12,FakeSherbrooke,127,43,4000,400,0.975,0.025,FAIL,3,1200,CORRECT,3,CORRECT,74,24,1.3,2.3.1,0.17.2,0.46.1
23,VQE SrH PDM 12Q,12,FakeSherbrooke,127,44,4000,400,0.975,0.025,FAIL,3,1200,CORRECT,3,CORRECT,74,24,1.4,2.3.1,0.17.2,0.46.1
23,VQE SrH PDM 12Q,12,FakeSherbrooke,127,45,4000,400,0.975,0.025,FAIL,3,1200,CORRECT,3,CORRECT,74,24,1.5,2.3.1,0.17.2,0.46.1
23,VQE SrH PDM 12Q,12,FakeSherbrooke,127,46,4000,400,0.975,0.025,FAIL,3,1200,CORRECT,3,CORRECT,74,24,1.2,2.3.1,0.17.2,0.46.1
23,VQE SrH PDM 12Q,12,FakeSherbrooke,127,47,4000,400,0.975,0.025,FAIL,3,1200,CORRECT,3,CORRECT,74,24,1.4,2.3.1,0.17.2,0.46.1
23,VQE SrH PDM 12Q,12,FakeSherbrooke,127,48,4000,400,0.975,0.025,FAIL,3,1200,CORRECT,3,CORRECT,74,24,1.5,2.3.1,0.17.2,0.46.1
23,VQE SrH PDM 12Q,12,FakeSherbrooke,127,49,4000,400,0.975,0.025,FAIL,3,1200,CORRECT,3,CORRECT,74,24,1.3,2.3.1,0.17.2,0.46.1
23,VQE SrH PDM 12Q,12,FakeSherbrooke,127,50,4000,400,0.975,0.025,FAIL,3,1200,CORRECT,3,CORRECT,74,24,1.4,2.3.1,0.17.2,0.46.1
23,VQE SrH PDM 12Q,12,FakeSherbrooke,127,51,4000,400,0.975,0.025,FAIL,3,1200,CORRECT,3,CORRECT,74,24,1.4,2.3.1,0.17.2,0.46.1
23,VQE SrH PDM 12Q,12,FakeSherbrooke,127,52,4000,400,0.975,0.025,FAIL,3,1200,CORRECT,3,CORRECT,74,24,1.6,2.3.1,0.17.2,0.46.1
23,VQE SrH PDM 12Q,12,FakeSherbrooke,127,53,4000,400,0.975,0.025,FAIL,3,1200,CORRECT,3,CORRECT,74,24,1.3,2.3.1,0.17.2,0.46.1
23,VQE SrH PDM 12Q,12,FakeSherbrooke,127,54,4000,400,0.975,0.025,FAIL,3,1200,CORRECT,3,CORRECT,74,24,1.4,2.3.1,0.17.2,0.46.1
23,VQE SrH PDM 12Q,12,FakeSherbrooke,127,55,4000,400,0.975,0.025,FAIL,3,1200,CORRECT,3,CORRECT,74,24,1.5,2.3.1,0.17.2,0.46.1
23,VQE SrH PDM 12Q,12,FakeSherbrooke,127,56,4000,400,0.975,0.025,FAIL,3,1200,CORRECT,3,CORRECT,74,24,1.3,2.3.1,0.17.2,0.46.1
23,VQE SrH PDM 12Q,12,FakeSherbrooke,127,57,4000,400,0.9753,0.0247,FAIL,3,1200,CORRECT,3,CORRECT,74,24,1.4,2.3.1,0.17.2,0.46.1
23,VQE SrH PDM 12Q,12,FakeSherbrooke,127,58,4000,400,0.9753,0.0247,FAIL,3,1200,CORRECT,3,CORRECT,74,24,1.5,2.3.1,0.17.2,0.46.1
23,VQE SrH PDM 12Q,12,FakeSherbrooke,127,59,4000,400,0.9753,0.0247,FAIL,3,1200,CORRECT,3,CORRECT,74,24,1.2,2.3.1,0.17.2,0.46.1
23,VQE SrH PDM 12Q,12,FakeSherbrooke,127,60,4000,400,0.9755,0.0245,FAIL,3,1200,CORRECT,3,CORRECT,74,24,1.4,2.3.1,0.17.2,0.46.1
23,VQE SrH PDM 12Q,12,FakeSherbrooke,127,61,4000,400,0.9755,0.0245,FAIL,3,1200,CORRECT,3,CORRECT,74,24,1.3,2.3.1,0.17.2,0.46.1
23,VQE SrH PDM 12Q,12,FakeSherbrooke,127,62,4000,400,0.9758,0.0243,FAIL,3,1200,CORRECT,3,CORRECT,74,24,1.5,2.3.1,0.17.2,0.46.1
23,VQE SrH PDM 12Q,12,FakeSherbrooke,127,63,4000,400,0.9758,0.0243,FAIL,3,1200,CORRECT,3,CORRECT,74,24,1.3,2.3.1,0.17.2,0.46.1
23,VQE SrH PDM 12Q,12,FakeSherbrooke,127,64,4000,400,0.9758,0.0243,FAIL,3,1200,CORRECT,3,CORRECT,74,24,1.4,2.3.1,0.17.2,0.46.1
23,VQE SrH PDM 12Q,12,FakeSherbrooke,127,65,4000,400,0.9758,0.0243,FAIL,3,1200,CORRECT,3,CORRECT,74,24,1.5,2.3.1,0.17.2,0.46.1
23,VQE SrH PDM 12Q,12,FakeSherbrooke,127,66,4000,400,0.9758,0.0243,FAIL,3,1200,CORRECT,3,CORRECT,74,24,1.2,2.3.1,0.17.2,0.46.1
23,VQE SrH PDM 12Q,12,FakeSherbrooke,127,67,4000,400,0.9758,0.0243,FAIL,3,1200,CORRECT,3,CORRECT,74,24,1.4,2.3.1,0.17.2,0.46.1
23,VQE SrH PDM 12Q,12,FakeSherbrooke,127,68,4000,400,0.9758,0.0243,FAIL,3,1200,CORRECT,3,CORRECT,74,24,1.5,2.3.1,0.17.2,0.46.1
23,VQE SrH PDM 12Q,12,FakeSherbrooke,127,69,4000,400,0.9758,0.0243,FAIL,3,1200,CORRECT,3,CORRECT,74,24,1.2,2.3.1,0.17.2,0.46.1
23,VQE SrH PDM 12Q,12,FakeSherbrooke,127,70,4000,400,0.9758,0.0243,FAIL,3,1200,CORRECT,3,CORRECT,74,24,1.4,2.3.1,0.17.2,0.46.1
23,VQE SrH PDM 12Q,12,FakeSherbrooke,127,71,4000,400,0.9758,0.0243,FAIL,3,1200,CORRECT,3,CORRECT,74,24,1.4,2.3.1,0.17.2,0.46.1
23,VQE SrH PDM 12Q,12,FakeSherbrooke,127,72,4000,400,0.9758,0.0243,FAIL,3,1200,CORRECT,3,CORRECT,74,24,1.5,2.3.1,0.17.2,0.46.1
23,VQE SrH PDM 12Q,12,FakeSherbrooke,127,73,4000,400,0.9758,0.0243,FAIL,3,1200,CORRECT,3,CORRECT,74,24,1.3,2.3.1,0.17.2,0.46.1
23,VQE SrH PDM 12Q,12,FakeSherbrooke,127,74,4000,400,0.9758,0.0243,FAIL,3,1200,CORRECT,3,CORRECT,74,24,1.4,2.3.1,0.17.2,0.46.1
23,VQE SrH PDM 12Q,12,FakeSherbrooke,127,75,4000,400,0.9758,0.0243,FAIL,3,1200,CORRECT,3,CORRECT,74,24,1.5,2.3.1,0.17.2,0.46.1
23,VQE SrH PDM 12Q,12,FakeSherbrooke,127,76,4000,400,0.9758,0.0243,FAIL,3,1200,CORRECT,3,CORRECT,74,24,1.3,2.3.1,0.17.2,0.46.1
23,VQE SrH PDM 12Q,12,FakeSherbrooke,127,77,4000,400,0.9758,0.0243,FAIL,3,1200,CORRECT,3,CORRECT,74,24,1.4,2.3.1,0.17.2,0.46.1
23,VQE SrH PDM 12Q,12,FakeSherbrooke,127,78,4000,400,0.9758,0.0243,FAIL,3,1200,CORRECT,3,CORRECT,74,24,1.5,2.3.1,0.17.2,0.46.1
23,VQE SrH PDM 12Q,12,FakeSherbrooke,127,79,4000,400,0.976,0.024,FAIL,3,1200,CORRECT,3,CORRECT,74,24,1.3,2.3.1,0.17.2,0.46.1
23,VQE SrH PDM 12Q,12,FakeSherbrooke,127,80,4000,400,0.976,0.024,FAIL,3,1200,CORRECT,3,CORRECT,74,24,1.3,2.3.1,0.17.2,0.46.1
23,VQE SrH PDM 12Q,12,FakeSherbrooke,127,81,4000,400,0.976,0.024,FAIL,3,1200,CORRECT,3,CORRECT,74,24,1.3,2.3.1,0.17.2,0.46.1
23,VQE SrH PDM 12Q,12,FakeSherbrooke,127,82,4000,400,0.976,0.024,FAIL,3,1200,CORRECT,3,CORRECT,74,24,1.5,2.3.1,0.17.2,0.46.1
23,VQE SrH PDM 12Q,12,FakeSherbrooke,127,83,4000,400,0.976,0.024,FAIL,3,1200,CORRECT,3,CORRECT,74,24,1.3,2.3.1,0.17.2,0.46.1
23,VQE SrH PDM 12Q,12,FakeSherbrooke,127,84,4000,400,0.976,0.024,FAIL,3,1200,CORRECT,3,CORRECT,74,24,1.4,2.3.1,0.17.2,0.46.1
23,VQE SrH PDM 12Q,12,FakeSherbrooke,127,85,4000,400,0.976,0.024,FAIL,3,1200,CORRECT,3,CORRECT,74,24,1.5,2.3.1,0.17.2,0.46.1
23,VQE SrH PDM 12Q,12,FakeSherbrooke,127,86,4000,400,0.976,0.024,FAIL,3,1200,CORRECT,3,CORRECT,74,24,1.3,2.3.1,0.17.2,0.46.1
23,VQE SrH PDM 12Q,12,FakeSherbrooke,127,87,4000,400,0.976,0.024,FAIL,3,1200,CORRECT,3,CORRECT,74,24,1.4,2.3.1,0.17.2,0.46.1
23,VQE SrH PDM 12Q,12,FakeSherbrooke,127,88,4000,400,0.976,0.024,FAIL,3,1200,CORRECT,3,CORRECT,74,24,1.5,2.3.1,0.17.2,0.46.1
23,VQE SrH PDM 12Q,12,FakeSherbrooke,127,89,4000,400,0.976,0.024,FAIL,3,1200,CORRECT,3,CORRECT,74,24,1.3,2.3.1,0.17.2,0.46.1
23,VQE SrH PDM 12Q,12,FakeSherbrooke,127,90,4000,400,0.976,0.024,FAIL,3,1200,CORRECT,3,CORRECT,74,24,1.4,2.3.1,0.17.2,0.46.1
23,VQE SrH PDM 12Q,12,FakeSherbrooke,127,91,4000,400,0.976,0.024,FAIL,3,1200,CORRECT,3,CORRECT,74,24,1.4,2.3.1,0.17.2,0.46.1
23,VQE SrH PDM 12Q,12,FakeSherbrooke,127,92,4000,400,0.976,0.024,FAIL,3,1200,CORRECT,3,CORRECT,74,24,1.5,2.3.1,0.17.2,0.46.1
23,VQE SrH PDM 12Q,12,FakeSherbrooke,127,93,4000,400,0.976,0.024,FAIL,3,1200,CORRECT,3,CORRECT,74,24,1.3,2.3.1,0.17.2,0.46.1
23,VQE SrH PDM 12Q,12,FakeSherbrooke,127,94,4000,400,0.976,0.024,FAIL,3,1200,CORRECT,3,CORRECT,74,24,1.4,2.3.1,0.17.2,0.46.1
23,VQE SrH PDM 12Q,12,FakeSherbrooke,127,95,4000,400,0.976,0.024,FAIL,3,1200,CORRECT,3,CORRECT,74,24,1.5,2.3.1,0.17.2,0.46.1
23,VQE SrH PDM 12Q,12,FakeSherbrooke,127,96,4000,400,0.976,0.024,FAIL,3,1200,CORRECT,3,CORRECT,74,24,1.3,2.3.1,0.17.2,0.46.1
23,VQE SrH PDM 12Q,12,FakeSherbrooke,127,97,4000,400,0.976,0.024,FAIL,3,1200,CORRECT,3,CORRECT,74,24,1.3,2.3.1,0.17.2,0.46.1
23,VQE SrH PDM 12Q,12,FakeSherbrooke,127,98,4000,400,0.976,0.024,FAIL,3,1200,CORRECT,3,CORRECT,74,24,1.5,2.3.1,0.17.2,0.46.1
23,VQE SrH PDM 12Q,12,FakeSherbrooke,127,99,4000,400,0.976,0.024,FAIL,3,1200,CORRECT,3,CORRECT,74,24,1.3,2.3.1,0.17.2,0.46.1
23,VQE SrH PDM 12Q,12,FakeSherbrooke,127,100,4000,400,0.976,0.024,FAIL,3,1200,CORRECT,3,CORRECT,74,24,1.4,2.3.1,0.17.2,0.46.1
23,VQE SrH PDM 12Q,12,FakeSherbrooke,127,101,4000,400,0.976,0.024,FAIL,3,1200,CORRECT,3,CORRECT,74,24,1.4,2.3.1,0.17.2,0.46.1
23,VQE SrH PDM 12Q,12,FakeSherbrooke,127,102,4000,400,0.976,0.024,FAIL,3,1200,CORRECT,3,CORRECT,74,24,1.6,2.3.1,0.17.2,0.46.1
23,VQE SrH PDM 12Q,12,FakeSherbrooke,127,103,4000,400,0.976,0.024,FAIL,3,1200,CORRECT,3,CORRECT,74,24,1.3,2.3.1,0.17.2,0.46.1
23,VQE SrH PDM 12Q,12,FakeSherbrooke,127,104,4000,400,0.976,0.024,FAIL,3,1200,CORRECT,3,CORRECT,74,24,1.4,2.3.1,0.17.2,0.46.1
23,VQE SrH PDM 12Q,12,FakeSherbrooke,127,105,4000,400,0.976,0.024,FAIL,3,1200,CORRECT,3,CORRECT,74,24,1.5,2.3.1,0.17.2,0.46.1
23,VQE SrH PDM 12Q,12,FakeSherbrooke,127,106,4000,400,0.976,0.024,FAIL,3,1200,CORRECT,3,CORRECT,74,24,1.3,2.3.1,0.17.2,0.46.1
23,VQE SrH PDM 12Q,12,FakeSherbrooke,127,107,4000,400,0.976,0.024,FAIL,3,1200,CORRECT,3,CORRECT,74,24,1.4,2.3.1,0.17.2,0.46.1
23,VQE SrH PDM 12Q,12,FakeSherbrooke,127,108,4000,400,0.976,0.024,FAIL,3,1200,CORRECT,3,CORRECT,74,24,1.5,2.3.1,0.17.2,0.46.1
23,VQE SrH PDM 12Q,12,FakeSherbrooke,127,109,4000,400,0.976,0.024,FAIL,3,1200,CORRECT,3,CORRECT,74,24,1.3,2.3.1,0.17.2,0.46.1
23,VQE SrH PDM 12Q,12,FakeSherbrooke,127,110,4000,400,0.976,0.024,FAIL,3,1200,CORRECT,3,CORRECT,74,24,1.4,2.3.1,0.17.2,0.46.1
23,VQE SrH PDM 12Q,12,FakeSherbrooke,127,111,4000,400,0.976,0.024,FAIL,3,1200,CORRECT,3,CORRECT,74,24,1.4,2.3.1,0.17.2,0.46.1
23,VQE SrH PDM 12Q,12,FakeSherbrooke,127,112,4000,400,0.976,0.024,FAIL,3,1200,CORRECT,3,CORRECT,74,24,1.5,2.3.1,0.17.2,0.46.1
23,VQE SrH PDM 12Q,12,FakeSherbrooke,127,113,4000,400,0.976,0.024,FAIL,3,1200,CORRECT,3,CORRECT,74,24,1.3,2.3.1,0.17.2,0.46.1
23,VQE SrH PDM 12Q,12,FakeSherbrooke,127,114,4000,400,0.976,0.024,FAIL,3,1200,CORRECT,3,CORRECT,74,24,1.4,2.3.1,0.17.2,0.46.1
23,VQE SrH PDM 12Q,12,FakeSherbrooke,127,115,4000,400,0.976,0.024,FAIL,3,1200,CORRECT,3,CORRECT,74,24,1.5,2.3.1,0.17.2,0.46.1
23,VQE SrH PDM 12Q,12,FakeSherbrooke,127,116,4000,400,0.976,0.024,FAIL,3,1200,CORRECT,3,CORRECT,74,24,1.3,2.3.1,0.17.2,0.46.1
23,VQE SrH PDM 12Q,12,FakeSherbrooke,127,117,4000,400,0.976,0.024,FAIL,3,1200,CORRECT,3,CORRECT,74,24,1.4,2.3.1,0.17.2,0.46.1
23,VQE SrH PDM 12Q,12,FakeSherbrooke,127,118,4000,400,0.976,0.024,FAIL,3,1200,CORRECT,3,CORRECT,74,24,1.5,2.3.1,0.17.2,0.46.1
23,VQE SrH PDM 12Q,12,FakeSherbrooke,127,119,4000,400,0.976,0.024,FAIL,3,1200,CORRECT,3,CORRECT,74,24,1.3,2.3.1,0.17.2,0.46.1
24,Grover 6Q,6,FakeSherbrooke,127,20,1024,102,0.0961,0.9836,PASS,,,CORRECT,,CORRECT,298,96,0.4,2.3.1,0.17.2,0.46.1
24,Grover 6Q,6,FakeSherbrooke,127,21,1024,102,0.0826,0.9878,PASS,,,CORRECT,,CORRECT,298,96,0.4,2.3.1,0.17.2,0.46.1
24,Grover 6Q,6,FakeSherbrooke,127,22,1024,102,0.0835,0.9896,PASS,,,CORRECT,,CORRECT,298,96,0.6,2.3.1,0.17.2,0.46.1
24,Grover 6Q,6,FakeSherbrooke,127,23,1024,102,0.104,0.9832,PASS,,,CORRECT,,CORRECT,298,96,0.4,2.3.1,0.17.2,0.46.1
24,Grover 6Q,6,FakeSherbrooke,127,24,1024,102,0.106,0.9825,PASS,,,CORRECT,,CORRECT,298,96,0.4,2.3.1,0.17.2,0.46.1
24,Grover 6Q,6,FakeSherbrooke,127,25,1024,102,0.0937,0.9858,PASS,,,CORRECT,,CORRECT,298,96,0.6,2.3.1,0.17.2,0.46.1
24,Grover 6Q,6,FakeSherbrooke,127,26,1024,102,0.0934,0.988,PASS,,,CORRECT,,CORRECT,298,96,0.3,2.3.1,0.17.2,0.46.1
24,Grover 6Q,6,FakeSherbrooke,127,27,1024,102,0.1142,0.9791,PASS,,,CORRECT,,CORRECT,298,96,0.4,2.3.1,0.17.2,0.46.1
24,Grover 6Q,6,FakeSherbrooke,127,28,1024,102,0.0965,0.9843,PASS,,,CORRECT,,CORRECT,298,96,0.6,2.3.1,0.17.2,0.46.1
24,Grover 6Q,6,FakeSherbrooke,127,29,1024,102,0.0963,0.9851,PASS,,,CORRECT,,CORRECT,298,96,0.3,2.3.1,0.17.2,0.46.1
24,Grover 6Q,6,FakeSherbrooke,127,30,1024,102,0.0974,0.9851,PASS,,,CORRECT,,CORRECT,298,96,0.4,2.3.1,0.17.2,0.46.1
24,Grover 6Q,6,FakeSherbrooke,127,31,1024,102,0.1047,0.983,PASS,,,CORRECT,,CORRECT,298,96,0.5,2.3.1,0.17.2,0.46.1
24,Grover 6Q,6,FakeSherbrooke,127,32,1024,102,0.0959,0.9849,PASS,,,CORRECT,,CORRECT,298,96,0.6,2.3.1,0.17.2,0.46.1
24,Grover 6Q,6,FakeSherbrooke,127,33,1024,102,0.093,0.9863,PASS,,,CORRECT,,CORRECT,298,96,0.3,2.3.1,0.17.2,0.46.1
24,Grover 6Q,6,FakeSherbrooke,127,34,1024,102,0.0952,0.9841,PASS,,,CORRECT,,CORRECT,298,96,0.5,2.3.1,0.17.2,0.46.1
24,Grover 6Q,6,FakeSherbrooke,127,35,1024,102,0.0945,0.986,PASS,,,CORRECT,,CORRECT,298,96,0.6,2.3.1,0.17.2,0.46.1
24,Grover 6Q,6,FakeSherbrooke,127,36,1024,102,0.0933,0.9863,PASS,,,CORRECT,,CORRECT,298,96,0.3,2.3.1,0.17.2,0.46.1
24,Grover 6Q,6,FakeSherbrooke,127,37,1024,102,0.0954,0.9862,PASS,,,CORRECT,,CORRECT,298,96,0.5,2.3.1,0.17.2,0.46.1
24,Grover 6Q,6,FakeSherbrooke,127,38,1024,102,0.1044,0.9823,PASS,,,CORRECT,,CORRECT,298,96,0.6,2.3.1,0.17.2,0.46.1
24,Grover 6Q,6,FakeSherbrooke,127,39,1024,102,0.0919,0.9866,PASS,,,CORRECT,,CORRECT,298,96,0.3,2.3.1,0.17.2,0.46.1
24,Grover 6Q,6,FakeSherbrooke,127,40,1024,102,0.0889,0.9866,PASS,,,CORRECT,,CORRECT,298,96,0.5,2.3.1,0.17.2,0.46.1
24,Grover 6Q,6,FakeSherbrooke,127,41,1024,102,0.1039,0.9831,PASS,,,CORRECT,,CORRECT,298,96,0.4,2.3.1,0.17.2,0.46.1
24,Grover 6Q,6,FakeSherbrooke,127,42,1024,102,0.1024,0.9837,PASS,,,CORRECT,,CORRECT,298,96,0.6,2.3.1,0.17.2,0.46.1
24,Grover 6Q,6,FakeSherbrooke,127,43,1024,102,0.1054,0.9825,PASS,,,CORRECT,,CORRECT,298,96,0.4,2.3.1,0.17.2,0.46.1
24,Grover 6Q,6,FakeSherbrooke,127,44,1024,102,0.1103,0.9804,PASS,,,CORRECT,,CORRECT,298,96,0.4,2.3.1,0.17.2,0.46.1
24,Grover 6Q,6,FakeSherbrooke,127,45,1024,102,0.1181,0.9779,PASS,,,CORRECT,,CORRECT,298,96,0.6,2.3.1,0.17.2,0.46.1
24,Grover 6Q,6,FakeSherbrooke,127,46,1024,102,0.0989,0.9827,PASS,,,CORRECT,,CORRECT,298,96,0.3,2.3.1,0.17.2,0.46.1
24,Grover 6Q,6,FakeSherbrooke,127,47,1024,102,0.0913,0.9856,PASS,,,CORRECT,,CORRECT,298,96,0.4,2.3.1,0.17.2,0.46.1
24,Grover 6Q,6,FakeSherbrooke,127,48,1024,102,0.1208,0.9788,PASS,,,CORRECT,,CORRECT,298,96,0.6,2.3.1,0.17.2,0.46.1
24,Grover 6Q,6,FakeSherbrooke,127,49,1024,102,0.094,0.9876,PASS,,,CORRECT,,CORRECT,298,96,0.3,2.3.1,0.17.2,0.46.1
24,Grover 6Q,6,FakeSherbrooke,127,50,1024,102,0.1013,0.9842,PASS,,,CORRECT,,CORRECT,298,96,0.4,2.3.1,0.17.2,0.46.1
24,Grover 6Q,6,FakeSherbrooke,127,51,1024,102,0.1073,0.982,PASS,,,CORRECT,,CORRECT,298,96,0.4,2.3.1,0.17.2,0.46.1
24,Grover 6Q,6,FakeSherbrooke,127,52,1024,102,0.124,0.976,PASS,,,CORRECT,,CORRECT,298,96,0.6,2.3.1,0.17.2,0.46.1
24,Grover 6Q,6,FakeSherbrooke,127,53,1024,102,0.1005,0.985,PASS,,,CORRECT,,CORRECT,298,96,0.3,2.3.1,0.17.2,0.46.1
24,Grover 6Q,6,FakeSherbrooke,127,54,1024,102,0.1096,0.9835,PASS,,,CORRECT,,CORRECT,298,96,0.4,2.3.1,0.17.2,0.46.1
24,Grover 6Q,6,FakeSherbrooke,127,55,1024,102,0.097,0.9844,PASS,,,CORRECT,,CORRECT,298,96,0.6,2.3.1,0.17.2,0.46.1
24,Grover 6Q,6,FakeSherbrooke,127,56,1024,102,0.0949,0.9855,PASS,,,CORRECT,,CORRECT,298,96,0.4,2.3.1,0.17.2,0.46.1
24,Grover 6Q,6,FakeSherbrooke,127,57,1024,102,0.091,0.9857,PASS,,,CORRECT,,CORRECT,298,96,0.4,2.3.1,0.17.2,0.46.1
24,Grover 6Q,6,FakeSherbrooke,127,58,1024,102,0.1077,0.983,PASS,,,CORRECT,,CORRECT,298,96,0.6,2.3.1,0.17.2,0.46.1
24,Grover 6Q,6,FakeSherbrooke,127,59,1024,102,0.0972,0.9836,PASS,,,CORRECT,,CORRECT,298,96,0.3,2.3.1,0.17.2,0.46.1
24,Grover 6Q,6,FakeSherbrooke,127,60,1024,102,0.1028,0.9817,PASS,,,CORRECT,,CORRECT,298,96,0.5,2.3.1,0.17.2,0.46.1
24,Grover 6Q,6,FakeSherbrooke,127,61,1024,102,0.1116,0.9798,PASS,,,CORRECT,,CORRECT,298,96,0.4,2.3.1,0.17.2,0.46.1
24,Grover 6Q,6,FakeSherbrooke,127,62,1024,102,0.0801,0.9898,PASS,,,CORRECT,,CORRECT,298,96,0.6,2.3.1,0.17.2,0.46.1
24,Grover 6Q,6,FakeSherbrooke,127,63,1024,102,0.117,0.9803,PASS,,,CORRECT,,CORRECT,298,96,0.3,2.3.1,0.17.2,0.46.1
24,Grover 6Q,6,FakeSherbrooke,127,64,1024,102,0.1062,0.9797,PASS,,,CORRECT,,CORRECT,298,96,0.4,2.3.1,0.17.2,0.46.1
24,Grover 6Q,6,FakeSherbrooke,127,65,1024,102,0.0932,0.9869,PASS,,,CORRECT,,CORRECT,298,96,0.6,2.3.1,0.17.2,0.46.1
24,Grover 6Q,6,FakeSherbrooke,127,66,1024,102,0.1103,0.9809,PASS,,,CORRECT,,CORRECT,298,96,0.3,2.3.1,0.17.2,0.46.1
24,Grover 6Q,6,FakeSherbrooke,127,67,1024,102,0.1155,0.9785,PASS,,,CORRECT,,CORRECT,298,96,0.4,2.3.1,0.17.2,0.46.1
24,Grover 6Q,6,FakeSherbrooke,127,68,1024,102,0.1016,0.9842,PASS,,,CORRECT,,CORRECT,298,96,0.6,2.3.1,0.17.2,0.46.1
24,Grover 6Q,6,FakeSherbrooke,127,69,1024,102,0.1081,0.9818,PASS,,,CORRECT,,CORRECT,298,96,0.3,2.3.1,0.17.2,0.46.1
24,Grover 6Q,6,FakeSherbrooke,127,70,1024,102,0.1179,0.9793,PASS,,,CORRECT,,CORRECT,298,96,0.5,2.3.1,0.17.2,0.46.1
24,Grover 6Q,6,FakeSherbrooke,127,71,1024,102,0.1096,0.9812,PASS,,,CORRECT,,CORRECT,298,96,0.4,2.3.1,0.17.2,0.46.1
24,Grover 6Q,6,FakeSherbrooke,127,72,1024,102,0.1139,0.9797,PASS,,,CORRECT,,CORRECT,298,96,0.6,2.3.1,0.17.2,0.46.1
24,Grover 6Q,6,FakeSherbrooke,127,73,1024,102,0.0955,0.9844,PASS,,,CORRECT,,CORRECT,298,96,0.4,2.3.1,0.17.2,0.46.1
24,Grover 6Q,6,FakeSherbrooke,127,74,1024,102,0.0948,0.9865,PASS,,,CORRECT,,CORRECT,298,96,0.4,2.3.1,0.17.2,0.46.1
24,Grover 6Q,6,FakeSherbrooke,127,75,1024,102,0.0886,0.9878,PASS,,,CORRECT,,CORRECT,298,96,0.6,2.3.1,0.17.2,0.46.1
24,Grover 6Q,6,FakeSherbrooke,127,76,1024,102,0.1022,0.9845,PASS,,,CORRECT,,CORRECT,298,96,0.4,2.3.1,0.17.2,0.46.1
24,Grover 6Q,6,FakeSherbrooke,127,77,1024,102,0.0961,0.9862,PASS,,,CORRECT,,CORRECT,298,96,0.5,2.3.1,0.17.2,0.46.1
24,Grover 6Q,6,FakeSherbrooke,127,78,1024,102,0.1001,0.9847,PASS,,,CORRECT,,CORRECT,298,96,0.6,2.3.1,0.17.2,0.46.1
24,Grover 6Q,6,FakeSherbrooke,127,79,1024,102,0.0926,0.9839,PASS,,,CORRECT,,CORRECT,298,96,0.3,2.3.1,0.17.2,0.46.1
24,Grover 6Q,6,FakeSherbrooke,127,80,1024,102,0.1057,0.9792,PASS,,,CORRECT,,CORRECT,298,96,0.4,2.3.1,0.17.2,0.46.1
24,Grover 6Q,6,FakeSherbrooke,127,81,1024,102,0.0919,0.9872,PASS,,,CORRECT,,CORRECT,298,96,0.4,2.3.1,0.17.2,0.46.1
24,Grover 6Q,6,FakeSherbrooke,127,82,1024,102,0.112,0.9829,PASS,,,CORRECT,,CORRECT,298,96,0.6,2.3.1,0.17.2,0.46.1
24,Grover 6Q,6,FakeSherbrooke,127,83,1024,102,0.1085,0.9837,PASS,,,CORRECT,,CORRECT,298,96,0.3,2.3.1,0.17.2,0.46.1
24,Grover 6Q,6,FakeSherbrooke,127,84,1024,102,0.1008,0.9842,PASS,,,CORRECT,,CORRECT,298,96,0.4,2.3.1,0.17.2,0.46.1
24,Grover 6Q,6,FakeSherbrooke,127,85,1024,102,0.1107,0.9811,PASS,,,CORRECT,,CORRECT,298,96,0.6,2.3.1,0.17.2,0.46.1
24,Grover 6Q,6,FakeSherbrooke,127,86,1024,102,0.1128,0.9809,PASS,,,CORRECT,,CORRECT,298,96,0.3,2.3.1,0.17.2,0.46.1
24,Grover 6Q,6,FakeSherbrooke,127,87,1024,102,0.0985,0.9843,PASS,,,CORRECT,,CORRECT,298,96,0.4,2.3.1,0.17.2,0.46.1
24,Grover 6Q,6,FakeSherbrooke,127,88,1024,102,0.1032,0.9797,PASS,,,CORRECT,,CORRECT,298,96,0.6,2.3.1,0.17.2,0.46.1
24,Grover 6Q,6,FakeSherbrooke,127,89,1024,102,0.1005,0.9841,PASS,,,CORRECT,,CORRECT,298,96,0.3,2.3.1,0.17.2,0.46.1
24,Grover 6Q,6,FakeSherbrooke,127,90,1024,102,0.109,0.9822,PASS,,,CORRECT,,CORRECT,298,96,0.4,2.3.1,0.17.2,0.46.1
24,Grover 6Q,6,FakeSherbrooke,127,91,1024,102,0.1082,0.9825,PASS,,,CORRECT,,CORRECT,298,96,0.4,2.3.1,0.17.2,0.46.1
24,Grover 6Q,6,FakeSherbrooke,127,92,1024,102,0.1057,0.9826,PASS,,,CORRECT,,CORRECT,298,96,0.6,2.3.1,0.17.2,0.46.1
24,Grover 6Q,6,FakeSherbrooke,127,93,1024,102,0.1116,0.981,PASS,,,CORRECT,,CORRECT,298,96,0.4,2.3.1,0.17.2,0.46.1
24,Grover 6Q,6,FakeSherbrooke,127,94,1024,102,0.0977,0.9856,PASS,,,CORRECT,,CORRECT,298,96,0.5,2.3.1,0.17.2,0.46.1
24,Grover 6Q,6,FakeSherbrooke,127,95,1024,102,0.0854,0.9878,PASS,,,CORRECT,,CORRECT,298,96,0.6,2.3.1,0.17.2,0.46.1
24,Grover 6Q,6,FakeSherbrooke,127,96,1024,102,0.0958,0.985,PASS,,,CORRECT,,CORRECT,298,96,0.3,2.3.1,0.17.2,0.46.1
24,Grover 6Q,6,FakeSherbrooke,127,97,1024,102,0.0991,0.9838,PASS,,,CORRECT,,CORRECT,298,96,0.4,2.3.1,0.17.2,0.46.1
24,Grover 6Q,6,FakeSherbrooke,127,98,1024,102,0.1018,0.9859,PASS,,,CORRECT,,CORRECT,298,96,0.6,2.3.1,0.17.2,0.46.1
24,Grover 6Q,6,FakeSherbrooke,127,99,1024,102,0.1027,0.9833,PASS,,,CORRECT,,CORRECT,298,96,0.4,2.3.1,0.17.2,0.46.1
24,Grover 6Q,6,FakeSherbrooke,127,100,1024,102,0.1061,0.9839,PASS,,,CORRECT,,CORRECT,298,96,0.4,2.3.1,0.17.2,0.46.1
24,Grover 6Q,6,FakeSherbrooke,127,101,1024,102,0.0897,0.987,PASS,,,CORRECT,,CORRECT,298,96,0.5,2.3.1,0.17.2,0.46.1
24,Grover 6Q,6,FakeSherbrooke,127,102,1024,102,0.0975,0.986,PASS,,,CORRECT,,CORRECT,298,96,0.6,2.3.1,0.17.2,0.46.1
24,Grover 6Q,6,FakeSherbrooke,127,103,1024,102,0.094,0.9843,PASS,,,CORRECT,,CORRECT,298,96,0.4,2.3.1,0.17.2,0.46.1
24,Grover 6Q,6,FakeSherbrooke,127,104,1024,102,0.0937,0.9851,PASS,,,CORRECT,,CORRECT,298,96,0.5,2.3.1,0.17.2,0.46.1
24,Grover 6Q,6,FakeSherbrooke,127,105,1024,102,0.0973,0.9866,PASS,,,CORRECT,,CORRECT,298,96,0.5,2.3.1,0.17.2,0.46.1
24,Grover 6Q,6,FakeSherbrooke,127,106,1024,102,0.1104,0.981,PASS,,,CORRECT,,CORRECT,298,96,0.3,2.3.1,0.17.2,0.46.1
24,Grover 6Q,6,FakeSherbrooke,127,107,1024,102,0.1188,0.9758,PASS,,,CORRECT,,CORRECT,298,96,0.4,2.3.1,0.17.2,0.46.1
24,Grover 6Q,6,FakeSherbrooke,127,108,1024,102,0.0924,0.9864,PASS,,,CORRECT,,CORRECT,298,96,0.6,2.3.1,0.17.2,0.46.1
24,Grover 6Q,6,FakeSherbrooke,127,109,1024,102,0.0981,0.9849,PASS,,,CORRECT,,CORRECT,298,96,0.3,2.3.1,0.17.2,0.46.1
24,Grover 6Q,6,FakeSherbrooke,127,110,1024,102,0.1147,0.9794,PASS,,,CORRECT,,CORRECT,298,96,0.5,2.3.1,0.17.2,0.46.1
24,Grover 6Q,6,FakeSherbrooke,127,111,1024,102,0.0886,0.9872,PASS,,,CORRECT,,CORRECT,298,96,0.4,2.3.1,0.17.2,0.46.1
24,Grover 6Q,6,FakeSherbrooke,127,112,1024,102,0.0982,0.9866,PASS,,,CORRECT,,CORRECT,298,96,0.6,2.3.1,0.17.2,0.46.1
24,Grover 6Q,6,FakeSherbrooke,127,113,1024,102,0.1019,0.9844,PASS,,,CORRECT,,CORRECT,298,96,0.3,2.3.1,0.17.2,0.46.1
24,Grover 6Q,6,FakeSherbrooke,127,114,1024,102,0.0917,0.9868,PASS,,,CORRECT,,CORRECT,298,96,0.4,2.3.1,0.17.2,0.46.1
24,Grover 6Q,6,FakeSherbrooke,127,115,1024,102,0.104,0.984,PASS,,,CORRECT,,CORRECT,298,96,0.5,2.3.1,0.17.2,0.46.1
24,Grover 6Q,6,FakeSherbrooke,127,116,1024,102,0.0957,0.987,PASS,,,CORRECT,,CORRECT,298,96,0.3,2.3.1,0.17.2,0.46.1
24,Grover 6Q,6,FakeSherbrooke,127,117,1024,102,0.1176,0.9763,PASS,,,CORRECT,,CORRECT,298,96,0.5,2.3.1,0.17.2,0.46.1
24,Grover 6Q,6,FakeSherbrooke,127,118,1024,102,0.1036,0.983,PASS,,,CORRECT,,CORRECT,298,96,0.6,2.3.1,0.17.2,0.46.1
24,Grover 6Q,6,FakeSherbrooke,127,119,1024,102,0.1037,0.9833,PASS,,,CORRECT,,CORRECT,298,96,0.3,2.3.1,0.17.2,0.46.1
25,QSVM Radar 4Q,4,FakeSherbrooke,127,20,1024,102,0.0752,0.9928,PASS,,,CORRECT,,CORRECT,46,12,0.4,2.3.1,0.17.2,0.46.1
25,QSVM Radar 4Q,4,FakeSherbrooke,127,21,1024,102,0.0781,0.9914,PASS,,,CORRECT,,CORRECT,46,12,0.4,2.3.1,0.17.2,0.46.1
25,QSVM Radar 4Q,4,FakeSherbrooke,127,22,1024,102,0.0694,0.9923,PASS,,,CORRECT,,CORRECT,46,12,0.5,2.3.1,0.17.2,0.46.1
25,QSVM Radar 4Q,4,FakeSherbrooke,127,23,1024,102,0.0742,0.993,PASS,,,CORRECT,,CORRECT,46,12,0.3,2.3.1,0.17.2,0.46.1
25,QSVM Radar 4Q,4,FakeSherbrooke,127,24,1024,102,0.0654,0.9945,PASS,,,CORRECT,,CORRECT,46,12,0.4,2.3.1,0.17.2,0.46.1
25,QSVM Radar 4Q,4,FakeSherbrooke,127,25,1024,102,0.0811,0.9912,PASS,,,CORRECT,,CORRECT,46,12,0.5,2.3.1,0.17.2,0.46.1
25,QSVM Radar 4Q,4,FakeSherbrooke,127,26,1024,102,0.0586,0.9958,PASS,,,CORRECT,,CORRECT,46,12,0.3,2.3.1,0.17.2,0.46.1
25,QSVM Radar 4Q,4,FakeSherbrooke,127,27,1024,102,0.0674,0.9936,PASS,,,CORRECT,,CORRECT,46,12,0.4,2.3.1,0.17.2,0.46.1
25,QSVM Radar 4Q,4,FakeSherbrooke,127,28,1024,102,0.086,0.9908,PASS,,,CORRECT,,CORRECT,46,12,0.6,2.3.1,0.17.2,0.46.1
25,QSVM Radar 4Q,4,FakeSherbrooke,127,29,1024,102,0.0801,0.9898,PASS,,,CORRECT,,CORRECT,46,12,0.3,2.3.1,0.17.2,0.46.1
25,QSVM Radar 4Q,4,FakeSherbrooke,127,30,1024,102,0.0576,0.9929,PASS,,,CORRECT,,CORRECT,46,12,0.4,2.3.1,0.17.2,0.46.1
25,QSVM Radar 4Q,4,FakeSherbrooke,127,31,1024,102,0.0733,0.9927,PASS,,,CORRECT,,CORRECT,46,12,0.4,2.3.1,0.17.2,0.46.1
25,QSVM Radar 4Q,4,FakeSherbrooke,127,32,1024,102,0.0664,0.9934,PASS,,,CORRECT,,CORRECT,46,12,0.5,2.3.1,0.17.2,0.46.1
25,QSVM Radar 4Q,4,FakeSherbrooke,127,33,1024,102,0.1065,0.9838,PASS,,,CORRECT,,CORRECT,46,12,0.3,2.3.1,0.17.2,0.46.1
25,QSVM Radar 4Q,4,FakeSherbrooke,127,34,1024,102,0.0772,0.9918,PASS,,,CORRECT,,CORRECT,46,12,0.4,2.3.1,0.17.2,0.46.1
25,QSVM Radar 4Q,4,FakeSherbrooke,127,35,1024,102,0.0879,0.9891,PASS,,,CORRECT,,CORRECT,46,12,0.5,2.3.1,0.17.2,0.46.1
25,QSVM Radar 4Q,4,FakeSherbrooke,127,36,1024,102,0.0469,0.9961,PASS,,,CORRECT,,CORRECT,46,12,0.3,2.3.1,0.17.2,0.46.1
25,QSVM Radar 4Q,4,FakeSherbrooke,127,37,1024,102,0.0625,0.995,PASS,,,CORRECT,,CORRECT,46,12,0.4,2.3.1,0.17.2,0.46.1
25,QSVM Radar 4Q,4,FakeSherbrooke,127,38,1024,102,0.0488,0.9965,PASS,,,CORRECT,,CORRECT,46,12,0.5,2.3.1,0.17.2,0.46.1
25,QSVM Radar 4Q,4,FakeSherbrooke,127,39,1024,102,0.0908,0.989,PASS,,,CORRECT,,CORRECT,46,12,0.3,2.3.1,0.17.2,0.46.1
25,QSVM Radar 4Q,4,FakeSherbrooke,127,40,1024,102,0.0742,0.9904,PASS,,,CORRECT,,CORRECT,46,12,0.4,2.3.1,0.17.2,0.46.1
25,QSVM Radar 4Q,4,FakeSherbrooke,127,41,1024,102,0.0889,0.989,PASS,,,CORRECT,,CORRECT,46,12,0.4,2.3.1,0.17.2,0.46.1
25,QSVM Radar 4Q,4,FakeSherbrooke,127,42,1024,102,0.0821,0.9911,PASS,,,CORRECT,,CORRECT,46,12,0.5,2.3.1,0.17.2,0.46.1
25,QSVM Radar 4Q,4,FakeSherbrooke,127,43,1024,102,0.0752,0.9933,PASS,,,CORRECT,,CORRECT,46,12,0.3,2.3.1,0.17.2,0.46.1
25,QSVM Radar 4Q,4,FakeSherbrooke,127,44,1024,102,0.0762,0.993,PASS,,,CORRECT,,CORRECT,46,12,0.4,2.3.1,0.17.2,0.46.1
25,QSVM Radar 4Q,4,FakeSherbrooke,127,45,1024,102,0.0752,0.9913,PASS,,,CORRECT,,CORRECT,46,12,0.6,2.3.1,0.17.2,0.46.1
25,QSVM Radar 4Q,4,FakeSherbrooke,127,46,1024,102,0.0723,0.9931,PASS,,,CORRECT,,CORRECT,46,12,0.3,2.3.1,0.17.2,0.46.1
25,QSVM Radar 4Q,4,FakeSherbrooke,127,47,1024,102,0.0606,0.9945,PASS,,,CORRECT,,CORRECT,46,12,0.4,2.3.1,0.17.2,0.46.1
25,QSVM Radar 4Q,4,FakeSherbrooke,127,48,1024,102,0.0547,0.9958,PASS,,,CORRECT,,CORRECT,46,12,0.5,2.3.1,0.17.2,0.46.1
25,QSVM Radar 4Q,4,FakeSherbrooke,127,49,1024,102,0.0645,0.9935,PASS,,,CORRECT,,CORRECT,46,12,0.3,2.3.1,0.17.2,0.46.1
25,QSVM Radar 4Q,4,FakeSherbrooke,127,50,1024,102,0.0869,0.9898,PASS,,,CORRECT,,CORRECT,46,12,0.4,2.3.1,0.17.2,0.46.1
25,QSVM Radar 4Q,4,FakeSherbrooke,127,51,1024,102,0.0625,0.9953,PASS,,,CORRECT,,CORRECT,46,12,0.4,2.3.1,0.17.2,0.46.1
25,QSVM Radar 4Q,4,FakeSherbrooke,127,52,1024,102,0.0654,0.995,PASS,,,CORRECT,,CORRECT,46,12,0.5,2.3.1,0.17.2,0.46.1
25,QSVM Radar 4Q,4,FakeSherbrooke,127,53,1024,102,0.0694,0.9944,PASS,,,CORRECT,,CORRECT,46,12,0.3,2.3.1,0.17.2,0.46.1
25,QSVM Radar 4Q,4,FakeSherbrooke,127,54,1024,102,0.0957,0.9886,PASS,,,CORRECT,,CORRECT,46,12,0.4,2.3.1,0.17.2,0.46.1
25,QSVM Radar 4Q,4,FakeSherbrooke,127,55,1024,102,0.0811,0.992,PASS,,,CORRECT,,CORRECT,46,12,0.5,2.3.1,0.17.2,0.46.1
25,QSVM Radar 4Q,4,FakeSherbrooke,127,56,1024,102,0.0674,0.9926,PASS,,,CORRECT,,CORRECT,46,12,0.3,2.3.1,0.17.2,0.46.1
25,QSVM Radar 4Q,4,FakeSherbrooke,127,57,1024,102,0.0635,0.9941,PASS,,,CORRECT,,CORRECT,46,12,0.4,2.3.1,0.17.2,0.46.1
25,QSVM Radar 4Q,4,FakeSherbrooke,127,58,1024,102,0.0547,0.9939,PASS,,,CORRECT,,CORRECT,46,12,0.5,2.3.1,0.17.2,0.46.1
25,QSVM Radar 4Q,4,FakeSherbrooke,127,59,1024,102,0.0908,0.9898,PASS,,,CORRECT,,CORRECT,46,12,0.3,2.3.1,0.17.2,0.46.1
25,QSVM Radar 4Q,4,FakeSherbrooke,127,60,1024,102,0.0733,0.9933,PASS,,,CORRECT,,CORRECT,46,12,0.4,2.3.1,0.17.2,0.46.1
25,QSVM Radar 4Q,4,FakeSherbrooke,127,61,1024,102,0.0635,0.9935,PASS,,,CORRECT,,CORRECT,46,12,0.4,2.3.1,0.17.2,0.46.1
25,QSVM Radar 4Q,4,FakeSherbrooke,127,62,1024,102,0.042,0.9961,PASS,,,CORRECT,,CORRECT,46,12,0.6,2.3.1,0.17.2,0.46.1
25,QSVM Radar 4Q,4,FakeSherbrooke,127,63,1024,102,0.0674,0.9939,PASS,,,CORRECT,,CORRECT,46,12,0.3,2.3.1,0.17.2,0.46.1
25,QSVM Radar 4Q,4,FakeSherbrooke,127,64,1024,102,0.0684,0.9933,PASS,,,CORRECT,,CORRECT,46,12,0.4,2.3.1,0.17.2,0.46.1
25,QSVM Radar 4Q,4,FakeSherbrooke,127,65,1024,102,0.0664,0.994,PASS,,,CORRECT,,CORRECT,46,12,0.5,2.3.1,0.17.2,0.46.1
25,QSVM Radar 4Q,4,FakeSherbrooke,127,66,1024,102,0.0899,0.9895,PASS,,,CORRECT,,CORRECT,46,12,0.3,2.3.1,0.17.2,0.46.1
25,QSVM Radar 4Q,4,FakeSherbrooke,127,67,1024,102,0.0781,0.9927,PASS,,,CORRECT,,CORRECT,46,12,0.4,2.3.1,0.17.2,0.46.1
25,QSVM Radar 4Q,4,FakeSherbrooke,127,68,1024,102,0.0928,0.9894,PASS,,,CORRECT,,CORRECT,46,12,0.5,2.3.1,0.17.2,0.46.1
25,QSVM Radar 4Q,4,FakeSherbrooke,127,69,1024,102,0.085,0.9904,PASS,,,CORRECT,,CORRECT,46,12,0.3,2.3.1,0.17.2,0.46.1
25,QSVM Radar 4Q,4,FakeSherbrooke,127,70,1024,102,0.0576,0.9959,PASS,,,CORRECT,,CORRECT,46,12,0.4,2.3.1,0.17.2,0.46.1
25,QSVM Radar 4Q,4,FakeSherbrooke,127,71,1024,102,0.0664,0.9944,PASS,,,CORRECT,,CORRECT,46,12,0.4,2.3.1,0.17.2,0.46.1
25,QSVM Radar 4Q,4,FakeSherbrooke,127,72,1024,102,0.0733,0.991,PASS,,,CORRECT,,CORRECT,46,12,0.5,2.3.1,0.17.2,0.46.1
25,QSVM Radar 4Q,4,FakeSherbrooke,127,73,1024,102,0.0606,0.9953,PASS,,,CORRECT,,CORRECT,46,12,0.3,2.3.1,0.17.2,0.46.1
25,QSVM Radar 4Q,4,FakeSherbrooke,127,74,1024,102,0.084,0.9915,PASS,,,CORRECT,,CORRECT,46,12,0.4,2.3.1,0.17.2,0.46.1
25,QSVM Radar 4Q,4,FakeSherbrooke,127,75,1024,102,0.0645,0.9943,PASS,,,CORRECT,,CORRECT,46,12,0.5,2.3.1,0.17.2,0.46.1
25,QSVM Radar 4Q,4,FakeSherbrooke,127,76,1024,102,0.0742,0.9927,PASS,,,CORRECT,,CORRECT,46,12,0.3,2.3.1,0.17.2,0.46.1
25,QSVM Radar 4Q,4,FakeSherbrooke,127,77,1024,102,0.0684,0.9937,PASS,,,CORRECT,,CORRECT,46,12,0.4,2.3.1,0.17.2,0.46.1
25,QSVM Radar 4Q,4,FakeSherbrooke,127,78,1024,102,0.0615,0.9934,PASS,,,CORRECT,,CORRECT,46,12,0.5,2.3.1,0.17.2,0.46.1
25,QSVM Radar 4Q,4,FakeSherbrooke,127,79,1024,102,0.0684,0.9939,PASS,,,CORRECT,,CORRECT,46,12,0.3,2.3.1,0.17.2,0.46.1
25,QSVM Radar 4Q,4,FakeSherbrooke,127,80,1024,102,0.0645,0.994,PASS,,,CORRECT,,CORRECT,46,12,0.4,2.3.1,0.17.2,0.46.1
25,QSVM Radar 4Q,4,FakeSherbrooke,127,81,1024,102,0.0821,0.9916,PASS,,,CORRECT,,CORRECT,46,12,0.4,2.3.1,0.17.2,0.46.1
25,QSVM Radar 4Q,4,FakeSherbrooke,127,82,1024,102,0.0674,0.9926,PASS,,,CORRECT,,CORRECT,46,12,0.5,2.3.1,0.17.2,0.46.1
25,QSVM Radar 4Q,4,FakeSherbrooke,127,83,1024,102,0.0694,0.9939,PASS,,,CORRECT,,CORRECT,46,12,0.3,2.3.1,0.17.2,0.46.1
25,QSVM Radar 4Q,4,FakeSherbrooke,127,84,1024,102,0.0723,0.9922,PASS,,,CORRECT,,CORRECT,46,12,0.4,2.3.1,0.17.2,0.46.1
25,QSVM Radar 4Q,4,FakeSherbrooke,127,85,1024,102,0.0703,0.9923,PASS,,,CORRECT,,CORRECT,46,12,0.5,2.3.1,0.17.2,0.46.1
25,QSVM Radar 4Q,4,FakeSherbrooke,127,86,1024,102,0.0762,0.9928,PASS,,,CORRECT,,CORRECT,46,12,0.3,2.3.1,0.17.2,0.46.1
25,QSVM Radar 4Q,4,FakeSherbrooke,127,87,1024,102,0.0674,0.9936,PASS,,,CORRECT,,CORRECT,46,12,0.4,2.3.1,0.17.2,0.46.1
25,QSVM Radar 4Q,4,FakeSherbrooke,127,88,1024,102,0.0762,0.9921,PASS,,,CORRECT,,CORRECT,46,12,0.5,2.3.1,0.17.2,0.46.1
25,QSVM Radar 4Q,4,FakeSherbrooke,127,89,1024,102,0.0674,0.9937,PASS,,,CORRECT,,CORRECT,46,12,0.3,2.3.1,0.17.2,0.46.1
25,QSVM Radar 4Q,4,FakeSherbrooke,127,90,1024,102,0.085,0.9912,PASS,,,CORRECT,,CORRECT,46,12,0.4,2.3.1,0.17.2,0.46.1
25,QSVM Radar 4Q,4,FakeSherbrooke,127,91,1024,102,0.0498,0.9964,PASS,,,CORRECT,,CORRECT,46,12,0.4,2.3.1,0.17.2,0.46.1
25,QSVM Radar 4Q,4,FakeSherbrooke,127,92,1024,102,0.0791,0.9911,PASS,,,CORRECT,,CORRECT,46,12,0.5,2.3.1,0.17.2,0.46.1
25,QSVM Radar 4Q,4,FakeSherbrooke,127,93,1024,102,0.0684,0.9933,PASS,,,CORRECT,,CORRECT,46,12,0.3,2.3.1,0.17.2,0.46.1
25,QSVM Radar 4Q,4,FakeSherbrooke,127,94,1024,102,0.0576,0.9945,PASS,,,CORRECT,,CORRECT,46,12,0.4,2.3.1,0.17.2,0.46.1
25,QSVM Radar 4Q,4,FakeSherbrooke,127,95,1024,102,0.0615,0.9953,PASS,,,CORRECT,,CORRECT,46,12,0.6,2.3.1,0.17.2,0.46.1
25,QSVM Radar 4Q,4,FakeSherbrooke,127,96,1024,102,0.0684,0.9941,PASS,,,CORRECT,,CORRECT,46,12,0.3,2.3.1,0.17.2,0.46.1
25,QSVM Radar 4Q,4,FakeSherbrooke,127,97,1024,102,0.0557,0.9944,PASS,,,CORRECT,,CORRECT,46,12,0.4,2.3.1,0.17.2,0.46.1
25,QSVM Radar 4Q,4,FakeSherbrooke,127,98,1024,102,0.0596,0.9954,PASS,,,CORRECT,,CORRECT,46,12,0.5,2.3.1,0.17.2,0.46.1
25,QSVM Radar 4Q,4,FakeSherbrooke,127,99,1024,102,0.0752,0.9932,PASS,,,CORRECT,,CORRECT,46,12,0.3,2.3.1,0.17.2,0.46.1
25,QSVM Radar 4Q,4,FakeSherbrooke,127,100,1024,102,0.0908,0.99,PASS,,,CORRECT,,CORRECT,46,12,0.4,2.3.1,0.17.2,0.46.1
25,QSVM Radar 4Q,4,FakeSherbrooke,127,101,1024,102,0.0694,0.9922,PASS,,,CORRECT,,CORRECT,46,12,0.4,2.3.1,0.17.2,0.46.1
25,QSVM Radar 4Q,4,FakeSherbrooke,127,102,1024,102,0.0713,0.991,PASS,,,CORRECT,,CORRECT,46,12,0.5,2.3.1,0.17.2,0.46.1
25,QSVM Radar 4Q,4,FakeSherbrooke,127,103,1024,102,0.0576,0.9941,PASS,,,CORRECT,,CORRECT,46,12,0.3,2.3.1,0.17.2,0.46.1
25,QSVM Radar 4Q,4,FakeSherbrooke,127,104,1024,102,0.0606,0.9938,PASS,,,CORRECT,,CORRECT,46,12,0.4,2.3.1,0.17.2,0.46.1
25,QSVM Radar 4Q,4,FakeSherbrooke,127,105,1024,102,0.0567,0.9947,PASS,,,CORRECT,,CORRECT,46,12,0.5,2.3.1,0.17.2,0.46.1
25,QSVM Radar 4Q,4,FakeSherbrooke,127,106,1024,102,0.0508,0.9967,PASS,,,CORRECT,,CORRECT,46,12,0.3,2.3.1,0.17.2,0.46.1
25,QSVM Radar 4Q,4,FakeSherbrooke,127,107,1024,102,0.0781,0.9916,PASS,,,CORRECT,,CORRECT,46,12,0.4,2.3.1,0.17.2,0.46.1
25,QSVM Radar 4Q,4,FakeSherbrooke,127,108,1024,102,0.0664,0.994,PASS,,,CORRECT,,CORRECT,46,12,0.5,2.3.1,0.17.2,0.46.1
25,QSVM Radar 4Q,4,FakeSherbrooke,127,109,1024,102,0.0908,0.9894,PASS,,,CORRECT,,CORRECT,46,12,0.3,2.3.1,0.17.2,0.46.1
25,QSVM Radar 4Q,4,FakeSherbrooke,127,110,1024,102,0.0811,0.9908,PASS,,,CORRECT,,CORRECT,46,12,0.4,2.3.1,0.17.2,0.46.1
25,QSVM Radar 4Q,4,FakeSherbrooke,127,111,1024,102,0.0596,0.995,PASS,,,CORRECT,,CORRECT,46,12,0.4,2.3.1,0.17.2,0.46.1
25,QSVM Radar 4Q,4,FakeSherbrooke,127,112,1024,102,0.0811,0.9901,PASS,,,CORRECT,,CORRECT,46,12,0.5,2.3.1,0.17.2,0.46.1
25,QSVM Radar 4Q,4,FakeSherbrooke,127,113,1024,102,0.0772,0.9905,PASS,,,CORRECT,,CORRECT,46,12,0.3,2.3.1,0.17.2,0.46.1
25,QSVM Radar 4Q,4,FakeSherbrooke,127,114,1024,102,0.0713,0.9934,PASS,,,CORRECT,,CORRECT,46,12,0.4,2.3.1,0.17.2,0.46.1
25,QSVM Radar 4Q,4,FakeSherbrooke,127,115,1024,102,0.0733,0.9912,PASS,,,CORRECT,,CORRECT,46,12,0.6,2.3.1,0.17.2,0.46.1
25,QSVM Radar 4Q,4,FakeSherbrooke,127,116,1024,102,0.0606,0.9946,PASS,,,CORRECT,,CORRECT,46,12,0.3,2.3.1,0.17.2,0.46.1
25,QSVM Radar 4Q,4,FakeSherbrooke,127,117,1024,102,0.0625,0.9915,PASS,,,CORRECT,,CORRECT,46,12,0.4,2.3.1,0.17.2,0.46.1
25,QSVM Radar 4Q,4,FakeSherbrooke,127,118,1024,102,0.0762,0.9921,PASS,,,CORRECT,,CORRECT,46,12,0.5,2.3.1,0.17.2,0.46.1
25,QSVM Radar 4Q,4,FakeSherbrooke,127,119,1024,102,0.0694,0.9933,PASS,,,CORRECT,,CORRECT,46,12,0.3,2.3.1,0.17.2,0.46.1
