idx,backend,seed,checkpoint,shots,tvd,hf,d_tvd,d_hf
1,FakeManilaV2,20,1,2457,0.0631,0.9367,1.0,1.0
1,FakeManilaV2,20,2,4914,0.0588,0.9411,0.0043,0.0044
1,FakeManilaV2,20,3,7371,0.0611,0.9389,0.0022,0.0022
1,FakeManilaV2,20,4,9828,0.0614,0.9386,0.0003,0.0003
1,FakeManilaV2,20,5,12285,0.0624,0.9376,0.001,0.001
1,FakeManilaV2,20,6,14742,0.0622,0.9378,0.0001,0.0002
1,FakeManilaV2,20,7,17199,0.0613,0.9387,0.0009,0.0009
1,FakeManilaV2,20,8,19656,0.062,0.938,0.0006,0.0006
1,FakeManilaV2,20,9,22113,0.0625,0.9375,0.0005,0.0005
1,FakeManilaV2,20,10,24576,0.0625,0.9375,0.0,0.0
1,FakeManilaV2,21,1,2457,0.0692,0.9308,1.0,1.0
1,FakeManilaV2,21,2,4914,0.0637,0.9362,0.0055,0.0054
1,FakeManilaV2,21,3,7371,0.0623,0.9377,0.0014,0.0015
1,FakeManilaV2,21,4,9828,0.0615,0.9385,0.0008,0.0008
1,FakeManilaV2,21,5,12285,0.0632,0.9368,0.0017,0.0017
1,FakeManilaV2,21,6,14742,0.0623,0.9377,0.0008,0.0008
1,FakeManilaV2,21,7,17199,0.0626,0.9374,0.0002,0.0002
1,FakeManilaV2,21,8,19656,0.0616,0.9384,0.001,0.001
1,FakeManilaV2,21,9,22113,0.062,0.938,0.0004,0.0004
1,FakeManilaV2,21,10,24576,0.0619,0.9381,0.0001,0.0001
1,FakeManilaV2,22,1,2457,0.0619,0.9381,1.0,1.0
1,FakeManilaV2,22,2,4914,0.0602,0.9398,0.0016,0.0017
1,FakeManilaV2,22,3,7371,0.0585,0.9415,0.0018,0.0018
1,FakeManilaV2,22,4,9828,0.0599,0.9401,0.0015,0.0015
1,FakeManilaV2,22,5,12285,0.0589,0.941,0.001,0.001
1,FakeManilaV2,22,6,14742,0.0588,0.9412,0.0001,0.0001
1,FakeManilaV2,22,7,17199,0.0582,0.9418,0.0006,0.0006
1,FakeManilaV2,22,8,19656,0.059,0.941,0.0008,0.0008
1,FakeManilaV2,22,9,22113,0.0593,0.9407,0.0003,0.0003
1,FakeManilaV2,22,10,24576,0.0594,0.9406,0.0001,0.0001
1,FakeManilaV2,23,1,2457,0.0602,0.9398,1.0,1.0
1,FakeManilaV2,23,2,4914,0.057,0.943,0.0033,0.0032
1,FakeManilaV2,23,3,7371,0.0574,0.9426,0.0004,0.0004
1,FakeManilaV2,23,4,9828,0.0586,0.9414,0.0012,0.0012
1,FakeManilaV2,23,5,12285,0.0606,0.9394,0.002,0.002
1,FakeManilaV2,23,6,14742,0.0602,0.9398,0.0003,0.0003
1,FakeManilaV2,23,7,17199,0.0611,0.9389,0.0008,0.0008
1,FakeManilaV2,23,8,19656,0.0616,0.9384,0.0005,0.0005
1,FakeManilaV2,23,9,22113,0.0614,0.9386,0.0001,0.0001
1,FakeManilaV2,23,10,24576,0.0622,0.9378,0.0008,0.0008
1,FakeManilaV2,24,1,2457,0.0623,0.9377,1.0,1.0
1,FakeManilaV2,24,2,4914,0.0617,0.9383,0.0006,0.0005
1,FakeManilaV2,24,3,7371,0.0609,0.9391,0.0007,0.0008
1,FakeManilaV2,24,4,9828,0.0585,0.9415,0.0024,0.0024
1,FakeManilaV2,24,5,12285,0.0606,0.9394,0.0021,0.0021
1,FakeManilaV2,24,6,14742,0.0608,0.9392,0.0002,0.0002
1,FakeManilaV2,24,7,17199,0.0613,0.9387,0.0004,0.0004
1,FakeManilaV2,24,8,19656,0.0612,0.9388,0.0001,0.0001
1,FakeManilaV2,24,9,22113,0.0611,0.9389,0.0002,0.0002
1,FakeManilaV2,24,10,24576,0.0611,0.9389,0.0001,0.0001
1,FakeManilaV2,25,1,2457,0.0651,0.9348,1.0,1.0
1,FakeManilaV2,25,2,4914,0.0649,0.9351,0.0002,0.0003
1,FakeManilaV2,25,3,7371,0.0655,0.9344,0.0006,0.0007
1,FakeManilaV2,25,4,9828,0.0647,0.9352,0.0008,0.0008
1,FakeManilaV2,25,5,12285,0.0639,0.9361,0.0008,0.0008
1,FakeManilaV2,25,6,14742,0.0624,0.9375,0.0015,0.0015
1,FakeManilaV2,25,7,17199,0.0623,0.9376,0.0001,0.0001
1,FakeManilaV2,25,8,19656,0.0624,0.9375,0.0001,0.0001
1,FakeManilaV2,25,9,22113,0.062,0.938,0.0004,0.0004
1,FakeManilaV2,25,10,24576,0.0618,0.9382,0.0002,0.0002
1,FakeManilaV2,26,1,2457,0.0562,0.9436,1.0,1.0
1,FakeManilaV2,26,2,4914,0.056,0.9439,0.0002,0.0003
1,FakeManilaV2,26,3,7371,0.0556,0.9443,0.0003,0.0005
1,FakeManilaV2,26,4,9828,0.0591,0.9409,0.0035,0.0035
1,FakeManilaV2,26,5,12285,0.0602,0.9398,0.0011,0.0011
1,FakeManilaV2,26,6,14742,0.0603,0.9397,0.0001,0.0001
1,FakeManilaV2,26,7,17199,0.0614,0.9386,0.0011,0.0011
1,FakeManilaV2,26,8,19656,0.0612,0.9388,0.0002,0.0002
1,FakeManilaV2,26,9,22113,0.0617,0.9383,0.0005,0.0005
1,FakeManilaV2,26,10,24576,0.0622,0.9378,0.0005,0.0005
1,FakeManilaV2,27,1,2457,0.0647,0.9353,1.0,1.0
1,FakeManilaV2,27,2,4914,0.0619,0.9381,0.0028,0.0028
1,FakeManilaV2,27,3,7371,0.0639,0.9361,0.002,0.002
1,FakeManilaV2,27,4,9828,0.0646,0.9354,0.0007,0.0007
1,FakeManilaV2,27,5,12285,0.0637,0.9363,0.0009,0.0009
1,FakeManilaV2,27,6,14742,0.0617,0.9383,0.002,0.002
1,FakeManilaV2,27,7,17199,0.0612,0.9388,0.0006,0.0006
1,FakeManilaV2,27,8,19656,0.0613,0.9387,0.0001,0.0001
1,FakeManilaV2,27,9,22113,0.0604,0.9396,0.0008,0.0008
1,FakeManilaV2,27,10,24576,0.0602,0.9398,0.0002,0.0002
1,FakeManilaV2,28,1,2457,0.0582,0.9416,1.0,1.0
1,FakeManilaV2,28,2,4914,0.0582,0.9418,0.0,0.0002
1,FakeManilaV2,28,3,7371,0.0587,0.9412,0.0005,0.0005
1,FakeManilaV2,28,4,9828,0.0588,0.9412,0.0001,0.0001
1,FakeManilaV2,28,5,12285,0.0602,0.9398,0.0014,0.0014
1,FakeManilaV2,28,6,14742,0.0611,0.9389,0.0009,0.0009
1,FakeManilaV2,28,7,17199,0.0599,0.94,0.0012,0.0012
1,FakeManilaV2,28,8,19656,0.0598,0.9401,0.0001,0.0001
1,FakeManilaV2,28,9,22113,0.0601,0.9399,0.0002,0.0002
1,FakeManilaV2,28,10,24576,0.0614,0.9385,0.0014,0.0014
1,FakeManilaV2,29,1,2457,0.0655,0.9345,1.0,1.0
1,FakeManilaV2,29,2,4914,0.0543,0.9456,0.0112,0.0112
1,FakeManilaV2,29,3,7371,0.0589,0.9411,0.0045,0.0045
1,FakeManilaV2,29,4,9828,0.0603,0.9397,0.0015,0.0015
1,FakeManilaV2,29,5,12285,0.0595,0.9405,0.0008,0.0008
1,FakeManilaV2,29,6,14742,0.0595,0.9405,0.0,0.0
1,FakeManilaV2,29,7,17199,0.0591,0.9409,0.0004,0.0004
1,FakeManilaV2,29,8,19656,0.0603,0.9397,0.0012,0.0012
1,FakeManilaV2,29,9,22113,0.0601,0.9399,0.0002,0.0002
1,FakeManilaV2,29,10,24576,0.0594,0.9406,0.0006,0.0006
1,FakeManilaV2,30,1,2457,0.0586,0.9414,1.0,1.0
1,FakeManilaV2,30,2,4914,0.0584,0.9416,0.0002,0.0002
1,FakeManilaV2,30,3,7371,0.0587,0.9412,0.0003,0.0004
1,FakeManilaV2,30,4,9828,0.0585,0.9415,0.0002,0.0003
1,FakeManilaV2,30,5,12285,0.0586,0.9414,0.0001,0.0001
1,FakeManilaV2,30,6,14742,0.0578,0.9422,0.0008,0.0008
1,FakeManilaV2,30,7,17199,0.0587,0.9413,0.0009,0.0009
1,FakeManilaV2,30,8,19656,0.0609,0.939,0.0022,0.0022
1,FakeManilaV2,30,9,22113,0.0625,0.9375,0.0015,0.0016
1,FakeManilaV2,30,10,24576,0.0631,0.9369,0.0006,0.0006
1,FakeManilaV2,31,1,2457,0.0533,0.9466,1.0,1.0
1,FakeManilaV2,31,2,4914,0.0576,0.9423,0.0043,0.0043
1,FakeManilaV2,31,3,7371,0.0581,0.9419,0.0005,0.0004
1,FakeManilaV2,31,4,9828,0.0609,0.9391,0.0029,0.0029
1,FakeManilaV2,31,5,12285,0.0624,0.9376,0.0015,0.0015
1,FakeManilaV2,31,6,14742,0.0627,0.9372,0.0003,0.0003
1,FakeManilaV2,31,7,17199,0.0622,0.9378,0.0005,0.0005
1,FakeManilaV2,31,8,19656,0.0625,0.9375,0.0003,0.0003
1,FakeManilaV2,31,9,22113,0.0615,0.9384,0.001,0.001
1,FakeManilaV2,31,10,24576,0.0611,0.9389,0.0005,0.0005
1,FakeManilaV2,32,1,2457,0.0598,0.9401,1.0,1.0
1,FakeManilaV2,32,2,4914,0.0617,0.9381,0.0018,0.002
1,FakeManilaV2,32,3,7371,0.0625,0.9374,0.0009,0.0007
1,FakeManilaV2,32,4,9828,0.0633,0.9367,0.0007,0.0007
1,FakeManilaV2,32,5,12285,0.0646,0.9354,0.0013,0.0012
1,FakeManilaV2,32,6,14742,0.0645,0.9355,0.0,0.0
1,FakeManilaV2,32,7,17199,0.0631,0.9369,0.0014,0.0014
1,FakeManilaV2,32,8,19656,0.0636,0.9363,0.0006,0.0006
1,FakeManilaV2,32,9,22113,0.0634,0.9366,0.0003,0.0003
1,FakeManilaV2,32,10,24576,0.0625,0.9374,0.0008,0.0008
1,FakeManilaV2,33,1,2457,0.0582,0.9418,1.0,1.0
1,FakeManilaV2,33,2,4914,0.0637,0.9363,0.0055,0.0055
1,FakeManilaV2,33,3,7371,0.0634,0.9366,0.0003,0.0004
1,FakeManilaV2,33,4,9828,0.063,0.937,0.0004,0.0004
1,FakeManilaV2,33,5,12285,0.0625,0.9375,0.0005,0.0005
1,FakeManilaV2,33,6,14742,0.0635,0.9365,0.001,0.001
1,FakeManilaV2,33,7,17199,0.0629,0.9371,0.0006,0.0007
1,FakeManilaV2,33,8,19656,0.0622,0.9378,0.0007,0.0007
1,FakeManilaV2,33,9,22113,0.0624,0.9376,0.0002,0.0002
1,FakeManilaV2,33,10,24576,0.0627,0.9373,0.0003,0.0002
1,FakeManilaV2,34,1,2457,0.0598,0.9401,1.0,1.0
1,FakeManilaV2,34,2,4914,0.0574,0.9425,0.0024,0.0024
1,FakeManilaV2,34,3,7371,0.0592,0.9408,0.0018,0.0017
1,FakeManilaV2,34,4,9828,0.0597,0.9403,0.0006,0.0006
1,FakeManilaV2,34,5,12285,0.0606,0.9393,0.0009,0.0009
1,FakeManilaV2,34,6,14742,0.0621,0.9379,0.0014,0.0015
1,FakeManilaV2,34,7,17199,0.0623,0.9376,0.0002,0.0003
1,FakeManilaV2,34,8,19656,0.0623,0.9376,0.0001,0.0
1,FakeManilaV2,34,9,22113,0.0616,0.9383,0.0007,0.0007
1,FakeManilaV2,34,10,24576,0.062,0.938,0.0004,0.0004
1,FakeManilaV2,35,1,2457,0.0558,0.9442,1.0,1.0
1,FakeManilaV2,35,2,4914,0.0631,0.9369,0.0073,0.0073
1,FakeManilaV2,35,3,7371,0.0615,0.9385,0.0016,0.0016
1,FakeManilaV2,35,4,9828,0.0615,0.9385,0.0,0.0
1,FakeManilaV2,35,5,12285,0.06,0.94,0.0015,0.0015
1,FakeManilaV2,35,6,14742,0.0594,0.9406,0.0006,0.0006
1,FakeManilaV2,35,7,17199,0.0601,0.9399,0.0007,0.0007
1,FakeManilaV2,35,8,19656,0.0609,0.939,0.0008,0.0008
1,FakeManilaV2,35,9,22113,0.0611,0.9389,0.0001,0.0001
1,FakeManilaV2,35,10,24576,0.0604,0.9396,0.0007,0.0007
1,FakeManilaV2,36,1,2457,0.0566,0.9431,1.0,1.0
1,FakeManilaV2,36,2,4914,0.0592,0.9407,0.0026,0.0024
1,FakeManilaV2,36,3,7371,0.0592,0.9408,0.0001,0.0001
1,FakeManilaV2,36,4,9828,0.0588,0.9411,0.0003,0.0003
1,FakeManilaV2,36,5,12285,0.0602,0.9397,0.0014,0.0014
1,FakeManilaV2,36,6,14742,0.0602,0.9397,0.0,0.0
1,FakeManilaV2,36,7,17199,0.0606,0.9394,0.0003,0.0003
1,FakeManilaV2,36,8,19656,0.0611,0.9389,0.0005,0.0005
1,FakeManilaV2,36,9,22113,0.0614,0.9386,0.0003,0.0003
1,FakeManilaV2,36,10,24576,0.0617,0.9383,0.0003,0.0003
1,FakeManilaV2,37,1,2457,0.0631,0.9369,1.0,1.0
1,FakeManilaV2,37,2,4914,0.0643,0.9357,0.0012,0.0012
1,FakeManilaV2,37,3,7371,0.0613,0.9387,0.003,0.003
1,FakeManilaV2,37,4,9828,0.0627,0.9373,0.0014,0.0014
1,FakeManilaV2,37,5,12285,0.0618,0.9382,0.0009,0.0009
1,FakeManilaV2,37,6,14742,0.0629,0.937,0.0012,0.0012
1,FakeManilaV2,37,7,17199,0.0633,0.9367,0.0004,0.0004
1,FakeManilaV2,37,8,19656,0.0641,0.9359,0.0007,0.0007
1,FakeManilaV2,37,9,22113,0.0644,0.9356,0.0003,0.0003
1,FakeManilaV2,37,10,24576,0.0636,0.9364,0.0008,0.0008
1,FakeManilaV2,38,1,2457,0.0623,0.9377,1.0,1.0
1,FakeManilaV2,38,2,4914,0.06,0.9399,0.0022,0.0022
1,FakeManilaV2,38,3,7371,0.0619,0.9381,0.0018,0.0018
1,FakeManilaV2,38,4,9828,0.0601,0.9399,0.0017,0.0017
1,FakeManilaV2,38,5,12285,0.0596,0.9404,0.0005,0.0006
1,FakeManilaV2,38,6,14742,0.06,0.9399,0.0004,0.0005
1,FakeManilaV2,38,7,17199,0.0598,0.9401,0.0002,0.0002
1,FakeManilaV2,38,8,19656,0.0602,0.9397,0.0004,0.0004
1,FakeManilaV2,38,9,22113,0.0603,0.9397,0.0,0.0001
1,FakeManilaV2,38,10,24576,0.0595,0.9405,0.0008,0.0008
1,FakeManilaV2,39,1,2457,0.0558,0.9442,1.0,1.0
1,FakeManilaV2,39,2,4914,0.0604,0.9395,0.0047,0.0047
1,FakeManilaV2,39,3,7371,0.0609,0.9391,0.0005,0.0005
1,FakeManilaV2,39,4,9828,0.0599,0.94,0.001,0.001
1,FakeManilaV2,39,5,12285,0.0611,0.9388,0.0012,0.0012
1,FakeManilaV2,39,6,14742,0.0625,0.9375,0.0013,0.0013
1,FakeManilaV2,39,7,17199,0.0626,0.9374,0.0001,0.0001
1,FakeManilaV2,39,8,19656,0.0624,0.9376,0.0001,0.0001
1,FakeManilaV2,39,9,22113,0.0621,0.9379,0.0003,0.0003
1,FakeManilaV2,39,10,24576,0.0618,0.9382,0.0003,0.0003
1,FakeManilaV2,40,1,2457,0.0615,0.9384,1.0,1.0
1,FakeManilaV2,40,2,4914,0.0651,0.9346,0.0037,0.0038
1,FakeManilaV2,40,3,7371,0.0615,0.9383,0.0037,0.0037
1,FakeManilaV2,40,4,9828,0.0612,0.9388,0.0003,0.0005
1,FakeManilaV2,40,5,12285,0.0602,0.9397,0.0009,0.0009
1,FakeManilaV2,40,6,14742,0.0597,0.9403,0.0005,0.0006
1,FakeManilaV2,40,7,17199,0.0582,0.9418,0.0015,0.0015
1,FakeManilaV2,40,8,19656,0.059,0.9409,0.0008,0.0008
1,FakeManilaV2,40,9,22113,0.0593,0.9407,0.0003,0.0003
1,FakeManilaV2,40,10,24576,0.0608,0.9392,0.0015,0.0015
1,FakeManilaV2,41,1,2457,0.0639,0.936,1.0,1.0
1,FakeManilaV2,41,2,4914,0.0617,0.9383,0.0022,0.0023
1,FakeManilaV2,41,3,7371,0.0597,0.9403,0.002,0.002
1,FakeManilaV2,41,4,9828,0.0597,0.9402,0.0,0.0001
1,FakeManilaV2,41,5,12285,0.0606,0.9394,0.0008,0.0008
1,FakeManilaV2,41,6,14742,0.0605,0.9395,0.0001,0.0001
1,FakeManilaV2,41,7,17199,0.061,0.939,0.0005,0.0005
1,FakeManilaV2,41,8,19656,0.0614,0.9386,0.0004,0.0004
1,FakeManilaV2,41,9,22113,0.0616,0.9384,0.0002,0.0002
1,FakeManilaV2,41,10,24576,0.0617,0.9383,0.0001,0.0001
1,FakeManilaV2,42,1,2457,0.0537,0.9461,1.0,1.0
1,FakeManilaV2,42,2,4914,0.0572,0.9428,0.0035,0.0034
1,FakeManilaV2,42,3,7371,0.0589,0.9411,0.0017,0.0017
1,FakeManilaV2,42,4,9828,0.0611,0.9389,0.0022,0.0022
1,FakeManilaV2,42,5,12285,0.0619,0.9381,0.0008,0.0008
1,FakeManilaV2,42,6,14742,0.0614,0.9386,0.0005,0.0005
1,FakeManilaV2,42,7,17199,0.0616,0.9384,0.0002,0.0002
1,FakeManilaV2,42,8,19656,0.062,0.938,0.0004,0.0004
1,FakeManilaV2,42,9,22113,0.0615,0.9385,0.0005,0.0005
1,FakeManilaV2,42,10,24576,0.0613,0.9387,0.0002,0.0002
1,FakeManilaV2,43,1,2457,0.0635,0.9365,1.0,1.0
1,FakeManilaV2,43,2,4914,0.0625,0.9375,0.001,0.001
1,FakeManilaV2,43,3,7371,0.0624,0.9376,0.0001,0.0001
1,FakeManilaV2,43,4,9828,0.0623,0.9377,0.0001,0.0001
1,FakeManilaV2,43,5,12285,0.0614,0.9386,0.0009,0.0009
1,FakeManilaV2,43,6,14742,0.0617,0.9383,0.0004,0.0004
1,FakeManilaV2,43,7,17199,0.0625,0.9375,0.0008,0.0008
1,FakeManilaV2,43,8,19656,0.0625,0.9375,0.0,0.0
1,FakeManilaV2,43,9,22113,0.061,0.939,0.0015,0.0014
1,FakeManilaV2,43,10,24576,0.0599,0.9401,0.0011,0.0011
1,FakeManilaV2,44,1,2457,0.0606,0.9394,1.0,1.0
1,FakeManilaV2,44,2,4914,0.0617,0.9383,0.001,0.001
1,FakeManilaV2,44,3,7371,0.0621,0.9379,0.0005,0.0005
1,FakeManilaV2,44,4,9828,0.0628,0.9372,0.0006,0.0006
1,FakeManilaV2,44,5,12285,0.0619,0.9381,0.0008,0.0008
1,FakeManilaV2,44,6,14742,0.0625,0.9375,0.0006,0.0006
1,FakeManilaV2,44,7,17199,0.0613,0.9387,0.0012,0.0012
1,FakeManilaV2,44,8,19656,0.0615,0.9385,0.0001,0.0001
1,FakeManilaV2,44,9,22113,0.0615,0.9385,0.0,0.0
1,FakeManilaV2,44,10,24576,0.0618,0.9382,0.0003,0.0003
1,FakeManilaV2,45,1,2457,0.0598,0.9401,1.0,1.0
1,FakeManilaV2,45,2,4914,0.0643,0.9356,0.0045,0.0045
1,FakeManilaV2,45,3,7371,0.064,0.936,0.0003,0.0003
1,FakeManilaV2,45,4,9828,0.0608,0.9391,0.0032,0.0032
1,FakeManilaV2,45,5,12285,0.0608,0.9392,0.0,0.0
1,FakeManilaV2,45,6,14742,0.0627,0.9373,0.0019,0.0019
1,FakeManilaV2,45,7,17199,0.0634,0.9366,0.0007,0.0007
1,FakeManilaV2,45,8,19656,0.0624,0.9376,0.001,0.001
1,FakeManilaV2,45,9,22113,0.0632,0.9368,0.0008,0.0008
1,FakeManilaV2,45,10,24576,0.0627,0.9373,0.0005,0.0005
1,FakeManilaV2,46,1,2457,0.057,0.943,1.0,1.0
1,FakeManilaV2,46,2,4914,0.0606,0.9393,0.0037,0.0036
1,FakeManilaV2,46,3,7371,0.0581,0.9419,0.0026,0.0026
1,FakeManilaV2,46,4,9828,0.0591,0.9409,0.0011,0.0011
1,FakeManilaV2,46,5,12285,0.0597,0.9403,0.0006,0.0006
1,FakeManilaV2,46,6,14742,0.0594,0.9406,0.0004,0.0004
1,FakeManilaV2,46,7,17199,0.0593,0.9407,0.0,0.0
1,FakeManilaV2,46,8,19656,0.0591,0.9409,0.0002,0.0002
1,FakeManilaV2,46,9,22113,0.0592,0.9408,0.0001,0.0001
1,FakeManilaV2,46,10,24576,0.0597,0.9403,0.0005,0.0005
1,FakeManilaV2,47,1,2457,0.0651,0.9348,1.0,1.0
1,FakeManilaV2,47,2,4914,0.0653,0.9347,0.0002,0.0001
1,FakeManilaV2,47,3,7371,0.0608,0.9392,0.0045,0.0045
1,FakeManilaV2,47,4,9828,0.0617,0.9383,0.0009,0.0009
1,FakeManilaV2,47,5,12285,0.0614,0.9386,0.0003,0.0003
1,FakeManilaV2,47,6,14742,0.0615,0.9385,0.0001,0.0001
1,FakeManilaV2,47,7,17199,0.0609,0.9391,0.0005,0.0005
1,FakeManilaV2,47,8,19656,0.0607,0.9393,0.0002,0.0002
1,FakeManilaV2,47,9,22113,0.0611,0.9389,0.0003,0.0003
1,FakeManilaV2,47,10,24576,0.0608,0.9392,0.0002,0.0002
1,FakeManilaV2,48,1,2457,0.0606,0.9393,1.0,1.0
1,FakeManilaV2,48,2,4914,0.0655,0.9344,0.0049,0.0049
1,FakeManilaV2,48,3,7371,0.0636,0.9364,0.0019,0.0019
1,FakeManilaV2,48,4,9828,0.0648,0.9352,0.0012,0.0012
1,FakeManilaV2,48,5,12285,0.0624,0.9376,0.0024,0.0024
1,FakeManilaV2,48,6,14742,0.0635,0.9365,0.0011,0.0011
1,FakeManilaV2,48,7,17199,0.0628,0.9372,0.0007,0.0007
1,FakeManilaV2,48,8,19656,0.0625,0.9375,0.0003,0.0003
1,FakeManilaV2,48,9,22113,0.0623,0.9377,0.0002,0.0002
1,FakeManilaV2,48,10,24576,0.0614,0.9386,0.0009,0.0009
1,FakeManilaV2,49,1,2457,0.0566,0.9434,1.0,1.0
1,FakeManilaV2,49,2,4914,0.06,0.94,0.0035,0.0035
1,FakeManilaV2,49,3,7371,0.0605,0.9395,0.0005,0.0005
1,FakeManilaV2,49,4,9828,0.063,0.937,0.0025,0.0025
1,FakeManilaV2,49,5,12285,0.0606,0.9393,0.0023,0.0023
1,FakeManilaV2,49,6,14742,0.0606,0.9394,0.0001,0.0001
1,FakeManilaV2,49,7,17199,0.0598,0.9402,0.0008,0.0008
1,FakeManilaV2,49,8,19656,0.0593,0.9407,0.0005,0.0005
1,FakeManilaV2,49,9,22113,0.0587,0.9413,0.0006,0.0006
1,FakeManilaV2,49,10,24576,0.0587,0.9413,0.0001,0.0001
1,FakeManilaV2,50,1,2457,0.0611,0.9389,1.0,1.0
1,FakeManilaV2,50,2,4914,0.0584,0.9415,0.0026,0.0027
1,FakeManilaV2,50,3,7371,0.0568,0.9431,0.0016,0.0015
1,FakeManilaV2,50,4,9828,0.0594,0.9405,0.0026,0.0025
1,FakeManilaV2,50,5,12285,0.0603,0.9397,0.0009,0.0009
1,FakeManilaV2,50,6,14742,0.0606,0.9394,0.0003,0.0003
1,FakeManilaV2,50,7,17199,0.0606,0.9394,0.0,0.0
1,FakeManilaV2,50,8,19656,0.0604,0.9396,0.0003,0.0003
1,FakeManilaV2,50,9,22113,0.0601,0.9399,0.0003,0.0003
1,FakeManilaV2,50,10,24576,0.0607,0.9393,0.0006,0.0006
1,FakeManilaV2,51,1,2457,0.0619,0.9381,1.0,1.0
1,FakeManilaV2,51,2,4914,0.0608,0.9391,0.001,0.001
1,FakeManilaV2,51,3,7371,0.0612,0.9388,0.0003,0.0003
1,FakeManilaV2,51,4,9828,0.0612,0.9388,0.0,0.0001
1,FakeManilaV2,51,5,12285,0.0614,0.9386,0.0002,0.0002
1,FakeManilaV2,51,6,14742,0.0604,0.9396,0.001,0.001
1,FakeManilaV2,51,7,17199,0.0604,0.9396,0.0,0.0
1,FakeManilaV2,51,8,19656,0.0611,0.9389,0.0007,0.0007
1,FakeManilaV2,51,9,22113,0.0617,0.9383,0.0006,0.0006
1,FakeManilaV2,51,10,24576,0.0618,0.9382,0.0,0.0
1,FakeManilaV2,52,1,2457,0.0635,0.936,1.0,1.0
1,FakeManilaV2,52,2,4914,0.0649,0.9348,0.0014,0.0012
1,FakeManilaV2,52,3,7371,0.0636,0.9361,0.0013,0.0014
1,FakeManilaV2,52,4,9828,0.0626,0.9373,0.0011,0.0012
1,FakeManilaV2,52,5,12285,0.0615,0.9385,0.0011,0.0012
1,FakeManilaV2,52,6,14742,0.0612,0.9388,0.0003,0.0003
1,FakeManilaV2,52,7,17199,0.0612,0.9388,0.0,0.0
1,FakeManilaV2,52,8,19656,0.0606,0.9394,0.0006,0.0006
1,FakeManilaV2,52,9,22113,0.0599,0.9401,0.0007,0.0007
1,FakeManilaV2,52,10,24576,0.0593,0.9407,0.0006,0.0006
1,FakeManilaV2,53,1,2457,0.0655,0.9345,1.0,1.0
1,FakeManilaV2,53,2,4914,0.0625,0.9375,0.0031,0.0031
1,FakeManilaV2,53,3,7371,0.0619,0.9381,0.0006,0.0006
1,FakeManilaV2,53,4,9828,0.0625,0.9375,0.0006,0.0006
1,FakeManilaV2,53,5,12285,0.0626,0.9374,0.0001,0.0001
1,FakeManilaV2,53,6,14742,0.064,0.936,0.0014,0.0014
1,FakeManilaV2,53,7,17199,0.064,0.936,0.0001,0.0001
1,FakeManilaV2,53,8,19656,0.0643,0.9357,0.0003,0.0003
1,FakeManilaV2,53,9,22113,0.0648,0.9352,0.0005,0.0005
1,FakeManilaV2,53,10,24576,0.0638,0.9362,0.001,0.001
1,FakeManilaV2,54,1,2457,0.0672,0.9328,1.0,1.0
1,FakeManilaV2,54,2,4914,0.0631,0.9369,0.0041,0.0041
1,FakeManilaV2,54,3,7371,0.0654,0.9346,0.0023,0.0023
1,FakeManilaV2,54,4,9828,0.0642,0.9358,0.0012,0.0012
1,FakeManilaV2,54,5,12285,0.0644,0.9356,0.0002,0.0002
1,FakeManilaV2,54,6,14742,0.0641,0.9359,0.0003,0.0003
1,FakeManilaV2,54,7,17199,0.064,0.936,0.0001,0.0001
1,FakeManilaV2,54,8,19656,0.0623,0.9377,0.0017,0.0017
1,FakeManilaV2,54,9,22113,0.0622,0.9378,0.0001,0.0001
1,FakeManilaV2,54,10,24576,0.0621,0.9379,0.0,0.0
1,FakeManilaV2,55,1,2457,0.057,0.9426,1.0,1.0
1,FakeManilaV2,55,2,4914,0.0582,0.9416,0.0012,0.001
1,FakeManilaV2,55,3,7371,0.0582,0.9416,0.0,0.0
1,FakeManilaV2,55,4,9828,0.0601,0.9397,0.0019,0.0019
1,FakeManilaV2,55,5,12285,0.0595,0.9404,0.0006,0.0007
1,FakeManilaV2,55,6,14742,0.0597,0.9403,0.0002,0.0002
1,FakeManilaV2,55,7,17199,0.0596,0.9404,0.0001,0.0001
1,FakeManilaV2,55,8,19656,0.0602,0.9397,0.0006,0.0006
1,FakeManilaV2,55,9,22113,0.0602,0.9397,0.0,0.0
1,FakeManilaV2,55,10,24576,0.0608,0.9391,0.0006,0.0006
1,FakeManilaV2,56,1,2457,0.0549,0.945,1.0,1.0
1,FakeManilaV2,56,2,4914,0.057,0.9429,0.002,0.002
1,FakeManilaV2,56,3,7371,0.0593,0.9407,0.0023,0.0022
1,FakeManilaV2,56,4,9828,0.0595,0.9405,0.0002,0.0002
1,FakeManilaV2,56,5,12285,0.0578,0.9422,0.0017,0.0017
1,FakeManilaV2,56,6,14742,0.0586,0.9414,0.0008,0.0008
1,FakeManilaV2,56,7,17199,0.0589,0.9411,0.0003,0.0003
1,FakeManilaV2,56,8,19656,0.0603,0.9397,0.0014,0.0014
1,FakeManilaV2,56,9,22113,0.0599,0.9401,0.0004,0.0004
1,FakeManilaV2,56,10,24576,0.0601,0.9399,0.0002,0.0002
1,FakeManilaV2,57,1,2457,0.0623,0.9375,1.0,1.0
1,FakeManilaV2,57,2,4914,0.0633,0.9367,0.001,0.0008
1,FakeManilaV2,57,3,7371,0.0611,0.9389,0.0022,0.0022
1,FakeManilaV2,57,4,9828,0.0615,0.9385,0.0004,0.0004
1,FakeManilaV2,57,5,12285,0.0605,0.9395,0.001,0.001
1,FakeManilaV2,57,6,14742,0.0597,0.9403,0.0008,0.0008
1,FakeManilaV2,57,7,17199,0.0599,0.9401,0.0002,0.0002
1,FakeManilaV2,57,8,19656,0.059,0.941,0.0009,0.0009
1,FakeManilaV2,57,9,22113,0.0594,0.9406,0.0004,0.0004
1,FakeManilaV2,57,10,24576,0.0591,0.9409,0.0003,0.0003
1,FakeManilaV2,58,1,2457,0.0554,0.9446,1.0,1.0
1,FakeManilaV2,58,2,4914,0.059,0.9409,0.0037,0.0037
1,FakeManilaV2,58,3,7371,0.0602,0.9397,0.0012,0.0012
1,FakeManilaV2,58,4,9828,0.0598,0.9402,0.0004,0.0004
1,FakeManilaV2,58,5,12285,0.0589,0.9411,0.0009,0.0009
1,FakeManilaV2,58,6,14742,0.0606,0.9394,0.0016,0.0016
1,FakeManilaV2,58,7,17199,0.0613,0.9387,0.0008,0.0008
1,FakeManilaV2,58,8,19656,0.0607,0.9393,0.0006,0.0006
1,FakeManilaV2,58,9,22113,0.0602,0.9398,0.0005,0.0005
1,FakeManilaV2,58,10,24576,0.0605,0.9395,0.0002,0.0002
1,FakeManilaV2,59,1,2457,0.0635,0.9362,1.0,1.0
1,FakeManilaV2,59,2,4914,0.0637,0.9363,0.0002,0.0001
1,FakeManilaV2,59,3,7371,0.0651,0.9349,0.0014,0.0014
1,FakeManilaV2,59,4,9828,0.0626,0.9374,0.0025,0.0025
1,FakeManilaV2,59,5,12285,0.0639,0.9361,0.0013,0.0013
1,FakeManilaV2,59,6,14742,0.0635,0.9365,0.0004,0.0004
1,FakeManilaV2,59,7,17199,0.0641,0.9359,0.0006,0.0006
1,FakeManilaV2,59,8,19656,0.0629,0.9371,0.0011,0.0011
1,FakeManilaV2,59,9,22113,0.0631,0.9369,0.0002,0.0002
1,FakeManilaV2,59,10,24576,0.0626,0.9374,0.0005,0.0005
1,FakeManilaV2,60,1,2457,0.0574,0.9426,1.0,1.0
1,FakeManilaV2,60,2,4914,0.0611,0.9389,0.0037,0.0037
1,FakeManilaV2,60,3,7371,0.0611,0.9389,0.0,0.0
1,FakeManilaV2,60,4,9828,0.0588,0.9412,0.0022,0.0022
1,FakeManilaV2,60,5,12285,0.0584,0.9416,0.0004,0.0004
1,FakeManilaV2,60,6,14742,0.0589,0.9411,0.0005,0.0005
1,FakeManilaV2,60,7,17199,0.06,0.94,0.0011,0.0011
1,FakeManilaV2,60,8,19656,0.0599,0.9401,0.0001,0.0001
1,FakeManilaV2,60,9,22113,0.0605,0.9395,0.0006,0.0006
1,FakeManilaV2,60,10,24576,0.0608,0.9392,0.0003,0.0003
1,FakeManilaV2,61,1,2457,0.0623,0.9376,1.0,1.0
1,FakeManilaV2,61,2,4914,0.0619,0.9379,0.0004,0.0003
1,FakeManilaV2,61,3,7371,0.0632,0.9367,0.0014,0.0012
1,FakeManilaV2,61,4,9828,0.0627,0.9373,0.0005,0.0005
1,FakeManilaV2,61,5,12285,0.0618,0.9382,0.0009,0.0009
1,FakeManilaV2,61,6,14742,0.0609,0.9391,0.0009,0.0009
1,FakeManilaV2,61,7,17199,0.0609,0.9391,0.0,0.0
1,FakeManilaV2,61,8,19656,0.0611,0.9389,0.0002,0.0002
1,FakeManilaV2,61,9,22113,0.0606,0.9393,0.0004,0.0004
1,FakeManilaV2,61,10,24576,0.061,0.939,0.0004,0.0003
1,FakeManilaV2,62,1,2457,0.0578,0.9422,1.0,1.0
1,FakeManilaV2,62,2,4914,0.0606,0.9393,0.0028,0.0028
1,FakeManilaV2,62,3,7371,0.0609,0.9391,0.0003,0.0003
1,FakeManilaV2,62,4,9828,0.062,0.938,0.0011,0.001
1,FakeManilaV2,62,5,12285,0.0615,0.9385,0.0005,0.0005
1,FakeManilaV2,62,6,14742,0.062,0.938,0.0005,0.0005
1,FakeManilaV2,62,7,17199,0.0615,0.9385,0.0005,0.0005
1,FakeManilaV2,62,8,19656,0.0607,0.9392,0.0007,0.0007
1,FakeManilaV2,62,9,22113,0.0603,0.9397,0.0004,0.0004
1,FakeManilaV2,62,10,24576,0.0605,0.9394,0.0002,0.0002
1,FakeManilaV2,63,1,2457,0.0639,0.9361,1.0,1.0
1,FakeManilaV2,63,2,4914,0.0592,0.9404,0.0047,0.0044
1,FakeManilaV2,63,3,7371,0.0617,0.9381,0.0025,0.0024
1,FakeManilaV2,63,4,9828,0.0616,0.9383,0.0002,0.0002
1,FakeManilaV2,63,5,12285,0.0626,0.9373,0.001,0.001
1,FakeManilaV2,63,6,14742,0.0609,0.939,0.0017,0.0017
1,FakeManilaV2,63,7,17199,0.0611,0.9388,0.0002,0.0002
1,FakeManilaV2,63,8,19656,0.0607,0.9392,0.0004,0.0004
1,FakeManilaV2,63,9,22113,0.0608,0.9391,0.0001,0.0001
1,FakeManilaV2,63,10,24576,0.0613,0.9386,0.0005,0.0004
1,FakeManilaV2,64,1,2457,0.0505,0.9493,1.0,1.0
1,FakeManilaV2,64,2,4914,0.0509,0.9491,0.0004,0.0002
1,FakeManilaV2,64,3,7371,0.0532,0.9468,0.0023,0.0023
1,FakeManilaV2,64,4,9828,0.0558,0.9442,0.0026,0.0026
1,FakeManilaV2,64,5,12285,0.0584,0.9416,0.0026,0.0026
1,FakeManilaV2,64,6,14742,0.0587,0.9413,0.0003,0.0003
1,FakeManilaV2,64,7,17199,0.0595,0.9405,0.0009,0.0009
1,FakeManilaV2,64,8,19656,0.0595,0.9405,0.0001,0.0001
1,FakeManilaV2,64,9,22113,0.0603,0.9397,0.0008,0.0008
1,FakeManilaV2,64,10,24576,0.0606,0.9393,0.0003,0.0004
1,FakeManilaV2,65,1,2457,0.059,0.9409,1.0,1.0
1,FakeManilaV2,65,2,4914,0.0588,0.9412,0.0002,0.0003
1,FakeManilaV2,65,3,7371,0.0582,0.9418,0.0006,0.0006
1,FakeManilaV2,65,4,9828,0.0579,0.9421,0.0003,0.0003
1,FakeManilaV2,65,5,12285,0.0572,0.9427,0.0007,0.0006
1,FakeManilaV2,65,6,14742,0.0589,0.941,0.0017,0.0017
1,FakeManilaV2,65,7,17199,0.0594,0.9405,0.0005,0.0005
1,FakeManilaV2,65,8,19656,0.0594,0.9405,0.0,0.0
1,FakeManilaV2,65,9,22113,0.0594,0.9406,0.0,0.0
1,FakeManilaV2,65,10,24576,0.0592,0.9408,0.0002,0.0002
1,FakeManilaV2,66,1,2457,0.0623,0.9377,1.0,1.0
1,FakeManilaV2,66,2,4914,0.0625,0.9375,0.0002,0.0002
1,FakeManilaV2,66,3,7371,0.0648,0.9352,0.0024,0.0023
1,FakeManilaV2,66,4,9828,0.0624,0.9376,0.0025,0.0025
1,FakeManilaV2,66,5,12285,0.0624,0.9376,0.0,0.0
1,FakeManilaV2,66,6,14742,0.0612,0.9388,0.0012,0.0012
1,FakeManilaV2,66,7,17199,0.061,0.939,0.0002,0.0002
1,FakeManilaV2,66,8,19656,0.0613,0.9387,0.0003,0.0003
1,FakeManilaV2,66,9,22113,0.0612,0.9388,0.0001,0.0001
1,FakeManilaV2,66,10,24576,0.0613,0.9387,0.0001,0.0001
1,FakeManilaV2,67,1,2457,0.0586,0.9414,1.0,1.0
1,FakeManilaV2,67,2,4914,0.0627,0.9373,0.0041,0.004
1,FakeManilaV2,67,3,7371,0.0615,0.9385,0.0012,0.0012
1,FakeManilaV2,67,4,9828,0.0615,0.9385,0.0,0.0
1,FakeManilaV2,67,5,12285,0.0622,0.9378,0.0007,0.0008
1,FakeManilaV2,67,6,14742,0.0628,0.9372,0.0006,0.0006
1,FakeManilaV2,67,7,17199,0.0626,0.9374,0.0003,0.0003
1,FakeManilaV2,67,8,19656,0.0616,0.9384,0.001,0.001
1,FakeManilaV2,67,9,22113,0.0618,0.9382,0.0002,0.0002
1,FakeManilaV2,67,10,24576,0.0624,0.9376,0.0006,0.0006
1,FakeManilaV2,68,1,2457,0.0513,0.9485,1.0,1.0
1,FakeManilaV2,68,2,4914,0.0545,0.9452,0.0033,0.0033
1,FakeManilaV2,68,3,7371,0.0575,0.942,0.003,0.0032
1,FakeManilaV2,68,4,9828,0.0594,0.9402,0.0019,0.0018
1,FakeManilaV2,68,5,12285,0.0584,0.9413,0.0011,0.0011
1,FakeManilaV2,68,6,14742,0.0581,0.9416,0.0002,0.0004
1,FakeManilaV2,68,7,17199,0.0584,0.9414,0.0003,0.0002
1,FakeManilaV2,68,8,19656,0.0587,0.9413,0.0002,0.0001
1,FakeManilaV2,68,9,22113,0.0586,0.9413,0.0001,0.0
1,FakeManilaV2,68,10,24576,0.059,0.941,0.0004,0.0003
1,FakeManilaV2,69,1,2457,0.0631,0.9369,1.0,1.0
1,FakeManilaV2,69,2,4914,0.0594,0.9406,0.0037,0.0037
1,FakeManilaV2,69,3,7371,0.0625,0.9374,0.0031,0.0031
1,FakeManilaV2,69,4,9828,0.0653,0.9347,0.0028,0.0028
1,FakeManilaV2,69,5,12285,0.0644,0.9356,0.0009,0.0009
1,FakeManilaV2,69,6,14742,0.0644,0.9356,0.0001,0.0001
1,FakeManilaV2,69,7,17199,0.0636,0.9364,0.0008,0.0008
1,FakeManilaV2,69,8,19656,0.063,0.937,0.0006,0.0006
1,FakeManilaV2,69,9,22113,0.0629,0.9371,0.0002,0.0002
1,FakeManilaV2,69,10,24576,0.0625,0.9375,0.0003,0.0003
1,FakeManilaV2,70,1,2457,0.0631,0.9367,1.0,1.0
1,FakeManilaV2,70,2,4914,0.0606,0.9392,0.0024,0.0025
1,FakeManilaV2,70,3,7371,0.0594,0.9406,0.0012,0.0013
1,FakeManilaV2,70,4,9828,0.0598,0.9402,0.0004,0.0004
1,FakeManilaV2,70,5,12285,0.0597,0.9402,0.0001,0.0001
1,FakeManilaV2,70,6,14742,0.0596,0.9404,0.0001,0.0001
1,FakeManilaV2,70,7,17199,0.0598,0.9402,0.0002,0.0002
1,FakeManilaV2,70,8,19656,0.0601,0.9399,0.0003,0.0003
1,FakeManilaV2,70,9,22113,0.06,0.94,0.0001,0.0001
1,FakeManilaV2,70,10,24576,0.0605,0.9395,0.0005,0.0005
1,FakeManilaV2,71,1,2457,0.0647,0.9352,1.0,1.0
1,FakeManilaV2,71,2,4914,0.0631,0.9369,0.0016,0.0017
1,FakeManilaV2,71,3,7371,0.0632,0.9368,0.0001,0.0001
1,FakeManilaV2,71,4,9828,0.0635,0.9365,0.0003,0.0003
1,FakeManilaV2,71,5,12285,0.0631,0.9369,0.0004,0.0004
1,FakeManilaV2,71,6,14742,0.0613,0.9387,0.0018,0.0017
1,FakeManilaV2,71,7,17199,0.0616,0.9383,0.0003,0.0003
1,FakeManilaV2,71,8,19656,0.0617,0.9383,0.0001,0.0001
1,FakeManilaV2,71,9,22113,0.0611,0.9389,0.0007,0.0007
1,FakeManilaV2,71,10,24576,0.061,0.939,0.0001,0.0001
1,FakeManilaV2,72,1,2457,0.0566,0.9434,1.0,1.0
1,FakeManilaV2,72,2,4914,0.0576,0.9424,0.001,0.001
1,FakeManilaV2,72,3,7371,0.0579,0.9421,0.0003,0.0004
1,FakeManilaV2,72,4,9828,0.0587,0.9412,0.0008,0.0008
1,FakeManilaV2,72,5,12285,0.0585,0.9414,0.0002,0.0002
1,FakeManilaV2,72,6,14742,0.0613,0.9387,0.0027,0.0027
1,FakeManilaV2,72,7,17199,0.0598,0.9402,0.0015,0.0015
1,FakeManilaV2,72,8,19656,0.0592,0.9408,0.0006,0.0006
1,FakeManilaV2,72,9,22113,0.0593,0.9407,0.0001,0.0001
1,FakeManilaV2,72,10,24576,0.0597,0.9403,0.0004,0.0004
1,FakeManilaV2,73,1,2457,0.0497,0.9502,1.0,1.0
1,FakeManilaV2,73,2,4914,0.0562,0.9438,0.0065,0.0064
1,FakeManilaV2,73,3,7371,0.0548,0.9452,0.0014,0.0014
1,FakeManilaV2,73,4,9828,0.0557,0.9443,0.0008,0.0009
1,FakeManilaV2,73,5,12285,0.0567,0.9432,0.001,0.001
1,FakeManilaV2,73,6,14742,0.0585,0.9414,0.0019,0.0019
1,FakeManilaV2,73,7,17199,0.0591,0.9409,0.0005,0.0005
1,FakeManilaV2,73,8,19656,0.059,0.941,0.0001,0.0001
1,FakeManilaV2,73,9,22113,0.0588,0.9412,0.0002,0.0002
1,FakeManilaV2,73,10,24576,0.0585,0.9414,0.0003,0.0002
1,FakeManilaV2,74,1,2457,0.0647,0.9353,1.0,1.0
1,FakeManilaV2,74,2,4914,0.0596,0.9403,0.0051,0.005
1,FakeManilaV2,74,3,7371,0.059,0.9408,0.0006,0.0005
1,FakeManilaV2,74,4,9828,0.0596,0.9403,0.0006,0.0005
1,FakeManilaV2,74,5,12285,0.0611,0.9389,0.0014,0.0014
1,FakeManilaV2,74,6,14742,0.0611,0.9389,0.0,0.0
1,FakeManilaV2,74,7,17199,0.0609,0.9391,0.0002,0.0002
1,FakeManilaV2,74,8,19656,0.0614,0.9386,0.0005,0.0005
1,FakeManilaV2,74,9,22113,0.0615,0.9385,0.0001,0.0001
1,FakeManilaV2,74,10,24576,0.0615,0.9385,0.0,0.0
1,FakeManilaV2,75,1,2457,0.0647,0.9352,1.0,1.0
1,FakeManilaV2,75,2,4914,0.0633,0.9367,0.0014,0.0015
1,FakeManilaV2,75,3,7371,0.0634,0.9366,0.0001,0.0
1,FakeManilaV2,75,4,9828,0.0626,0.9374,0.0008,0.0008
1,FakeManilaV2,75,5,12285,0.0637,0.9363,0.0012,0.0012
1,FakeManilaV2,75,6,14742,0.0642,0.9358,0.0005,0.0005
1,FakeManilaV2,75,7,17199,0.0643,0.9357,0.0001,0.0001
1,FakeManilaV2,75,8,19656,0.0649,0.9351,0.0006,0.0006
1,FakeManilaV2,75,9,22113,0.0636,0.9364,0.0013,0.0013
1,FakeManilaV2,75,10,24576,0.0628,0.9372,0.0008,0.0008
1,FakeManilaV2,76,1,2457,0.0631,0.9369,1.0,1.0
1,FakeManilaV2,76,2,4914,0.0621,0.9379,0.001,0.0011
1,FakeManilaV2,76,3,7371,0.0606,0.9394,0.0014,0.0014
1,FakeManilaV2,76,4,9828,0.0615,0.9385,0.0008,0.0008
1,FakeManilaV2,76,5,12285,0.0619,0.9381,0.0004,0.0004
1,FakeManilaV2,76,6,14742,0.0606,0.9393,0.0012,0.0012
1,FakeManilaV2,76,7,17199,0.0607,0.9393,0.0001,0.0001
1,FakeManilaV2,76,8,19656,0.0612,0.9388,0.0005,0.0004
1,FakeManilaV2,76,9,22113,0.0613,0.9387,0.0002,0.0002
1,FakeManilaV2,76,10,24576,0.0613,0.9387,0.0,0.0
1,FakeManilaV2,77,1,2457,0.0586,0.9414,1.0,1.0
1,FakeManilaV2,77,2,4914,0.0551,0.9449,0.0035,0.0035
1,FakeManilaV2,77,3,7371,0.0574,0.9426,0.0022,0.0022
1,FakeManilaV2,77,4,9828,0.0569,0.9431,0.0005,0.0005
1,FakeManilaV2,77,5,12285,0.0576,0.9423,0.0008,0.0007
1,FakeManilaV2,77,6,14742,0.0597,0.9403,0.0021,0.0021
1,FakeManilaV2,77,7,17199,0.0609,0.9391,0.0012,0.0012
1,FakeManilaV2,77,8,19656,0.0615,0.9385,0.0005,0.0005
1,FakeManilaV2,77,9,22113,0.0606,0.9394,0.0009,0.0009
1,FakeManilaV2,77,10,24576,0.0608,0.9392,0.0002,0.0002
1,FakeManilaV2,78,1,2457,0.0631,0.9361,1.0,1.0
1,FakeManilaV2,78,2,4914,0.0655,0.934,0.0024,0.0021
1,FakeManilaV2,78,3,7371,0.0643,0.9355,0.0012,0.0015
1,FakeManilaV2,78,4,9828,0.0611,0.9389,0.0033,0.0033
1,FakeManilaV2,78,5,12285,0.0606,0.9393,0.0005,0.0005
1,FakeManilaV2,78,6,14742,0.06,0.94,0.0006,0.0007
1,FakeManilaV2,78,7,17199,0.0618,0.9382,0.0018,0.0018
1,FakeManilaV2,78,8,19656,0.0616,0.9384,0.0002,0.0002
1,FakeManilaV2,78,9,22113,0.0606,0.9394,0.001,0.001
1,FakeManilaV2,78,10,24576,0.0609,0.9391,0.0003,0.0003
1,FakeManilaV2,79,1,2457,0.0541,0.9458,1.0,1.0
1,FakeManilaV2,79,2,4914,0.0606,0.9393,0.0065,0.0065
1,FakeManilaV2,79,3,7371,0.0601,0.9398,0.0005,0.0005
1,FakeManilaV2,79,4,9828,0.0581,0.9419,0.002,0.002
1,FakeManilaV2,79,5,12285,0.0592,0.9408,0.0011,0.0011
1,FakeManilaV2,79,6,14742,0.0587,0.9412,0.0004,0.0005
1,FakeManilaV2,79,7,17199,0.0586,0.9414,0.0001,0.0001
1,FakeManilaV2,79,8,19656,0.0599,0.94,0.0013,0.0013
1,FakeManilaV2,79,9,22113,0.0599,0.9401,0.0,0.0
1,FakeManilaV2,79,10,24576,0.059,0.941,0.0009,0.0009
1,FakeManilaV2,80,1,2457,0.0606,0.9393,1.0,1.0
1,FakeManilaV2,80,2,4914,0.0608,0.9391,0.0002,0.0002
1,FakeManilaV2,80,3,7371,0.059,0.941,0.0018,0.0019
1,FakeManilaV2,80,4,9828,0.059,0.941,0.0,0.0
1,FakeManilaV2,80,5,12285,0.0594,0.9406,0.0004,0.0004
1,FakeManilaV2,80,6,14742,0.0593,0.9407,0.0001,0.0001
1,FakeManilaV2,80,7,17199,0.0591,0.9409,0.0002,0.0002
1,FakeManilaV2,80,8,19656,0.0594,0.9406,0.0003,0.0003
1,FakeManilaV2,80,9,22113,0.06,0.94,0.0006,0.0006
1,FakeManilaV2,80,10,24576,0.0599,0.9401,0.0001,0.0001
1,FakeManilaV2,81,1,2457,0.0611,0.9389,1.0,1.0
1,FakeManilaV2,81,2,4914,0.0615,0.9385,0.0004,0.0003
1,FakeManilaV2,81,3,7371,0.0605,0.9395,0.0009,0.0009
1,FakeManilaV2,81,4,9828,0.0606,0.9394,0.0001,0.0001
1,FakeManilaV2,81,5,12285,0.0608,0.9392,0.0002,0.0002
1,FakeManilaV2,81,6,14742,0.0595,0.9405,0.0013,0.0013
1,FakeManilaV2,81,7,17199,0.06,0.94,0.0005,0.0005
1,FakeManilaV2,81,8,19656,0.0598,0.9402,0.0002,0.0002
1,FakeManilaV2,81,9,22113,0.06,0.94,0.0002,0.0002
1,FakeManilaV2,81,10,24576,0.0605,0.9395,0.0005,0.0005
1,FakeManilaV2,82,1,2457,0.0659,0.934,1.0,1.0
1,FakeManilaV2,82,2,4914,0.0663,0.9337,0.0004,0.0004
1,FakeManilaV2,82,3,7371,0.0643,0.9357,0.002,0.002
1,FakeManilaV2,82,4,9828,0.0635,0.9365,0.0008,0.0008
1,FakeManilaV2,82,5,12285,0.065,0.935,0.0015,0.0015
1,FakeManilaV2,82,6,14742,0.0648,0.9352,0.0002,0.0002
1,FakeManilaV2,82,7,17199,0.0651,0.9349,0.0003,0.0003
1,FakeManilaV2,82,8,19656,0.0638,0.9362,0.0013,0.0013
1,FakeManilaV2,82,9,22113,0.0626,0.9374,0.0012,0.0012
1,FakeManilaV2,82,10,24576,0.0612,0.9388,0.0014,0.0014
1,FakeManilaV2,83,1,2457,0.0647,0.9352,1.0,1.0
1,FakeManilaV2,83,2,4914,0.0631,0.9369,0.0016,0.0017
1,FakeManilaV2,83,3,7371,0.062,0.938,0.0011,0.0011
1,FakeManilaV2,83,4,9828,0.0617,0.9383,0.0003,0.0003
1,FakeManilaV2,83,5,12285,0.0611,0.9389,0.0005,0.0005
1,FakeManilaV2,83,6,14742,0.0611,0.9389,0.0,0.0
1,FakeManilaV2,83,7,17199,0.0608,0.9392,0.0003,0.0003
1,FakeManilaV2,83,8,19656,0.0605,0.9394,0.0003,0.0003
1,FakeManilaV2,83,9,22113,0.0603,0.9397,0.0002,0.0002
1,FakeManilaV2,83,10,24576,0.0613,0.9387,0.001,0.001
1,FakeManilaV2,84,1,2457,0.0582,0.9418,1.0,1.0
1,FakeManilaV2,84,2,4914,0.0592,0.9408,0.001,0.001
1,FakeManilaV2,84,3,7371,0.0573,0.9427,0.002,0.002
1,FakeManilaV2,84,4,9828,0.0596,0.9404,0.0024,0.0024
1,FakeManilaV2,84,5,12285,0.0587,0.9413,0.0009,0.0009
1,FakeManilaV2,84,6,14742,0.059,0.941,0.0003,0.0003
1,FakeManilaV2,84,7,17199,0.0588,0.9412,0.0002,0.0002
1,FakeManilaV2,84,8,19656,0.0594,0.9406,0.0006,0.0006
1,FakeManilaV2,84,9,22113,0.0587,0.9413,0.0007,0.0007
1,FakeManilaV2,84,10,24576,0.0587,0.9413,0.0,0.0
1,FakeManilaV2,85,1,2457,0.0627,0.9373,1.0,1.0
1,FakeManilaV2,85,2,4914,0.0604,0.9396,0.0022,0.0022
1,FakeManilaV2,85,3,7371,0.0582,0.9418,0.0022,0.0022
1,FakeManilaV2,85,4,9828,0.0589,0.9411,0.0007,0.0007
1,FakeManilaV2,85,5,12285,0.0599,0.9401,0.001,0.001
1,FakeManilaV2,85,6,14742,0.0598,0.9402,0.0001,0.0001
1,FakeManilaV2,85,7,17199,0.0599,0.94,0.0001,0.0001
1,FakeManilaV2,85,8,19656,0.0586,0.9414,0.0013,0.0013
1,FakeManilaV2,85,9,22113,0.0585,0.9415,0.0001,0.0001
1,FakeManilaV2,85,10,24576,0.0582,0.9418,0.0003,0.0003
1,FakeManilaV2,86,1,2457,0.0643,0.9357,1.0,1.0
1,FakeManilaV2,86,2,4914,0.0667,0.9332,0.0024,0.0024
1,FakeManilaV2,86,3,7371,0.0644,0.9355,0.0023,0.0023
1,FakeManilaV2,86,4,9828,0.0662,0.9338,0.0018,0.0018
1,FakeManilaV2,86,5,12285,0.0649,0.9351,0.0014,0.0014
1,FakeManilaV2,86,6,14742,0.0647,0.9353,0.0002,0.0002
1,FakeManilaV2,86,7,17199,0.0631,0.9368,0.0016,0.0016
1,FakeManilaV2,86,8,19656,0.062,0.938,0.0011,0.0011
1,FakeManilaV2,86,9,22113,0.062,0.938,0.0001,0.0001
1,FakeManilaV2,86,10,24576,0.0612,0.9388,0.0008,0.0008
1,FakeManilaV2,87,1,2457,0.059,0.941,1.0,1.0
1,FakeManilaV2,87,2,4914,0.0625,0.9375,0.0035,0.0035
1,FakeManilaV2,87,3,7371,0.0621,0.9379,0.0003,0.0004
1,FakeManilaV2,87,4,9828,0.0618,0.9382,0.0004,0.0004
1,FakeManilaV2,87,5,12285,0.0605,0.9395,0.0013,0.0013
1,FakeManilaV2,87,6,14742,0.0619,0.9381,0.0014,0.0014
1,FakeManilaV2,87,7,17199,0.0624,0.9376,0.0005,0.0005
1,FakeManilaV2,87,8,19656,0.0626,0.9374,0.0002,0.0002
1,FakeManilaV2,87,9,22113,0.0632,0.9368,0.0005,0.0005
1,FakeManilaV2,87,10,24576,0.0631,0.9369,0.0001,0.0001
1,FakeManilaV2,88,1,2457,0.0749,0.9246,1.0,1.0
1,FakeManilaV2,88,2,4914,0.068,0.9318,0.0069,0.0072
1,FakeManilaV2,88,3,7371,0.0662,0.9337,0.0018,0.0018
1,FakeManilaV2,88,4,9828,0.0643,0.9356,0.0019,0.002
1,FakeManilaV2,88,5,12285,0.0641,0.9358,0.0002,0.0002
1,FakeManilaV2,88,6,14742,0.0638,0.9362,0.0004,0.0004
1,FakeManilaV2,88,7,17199,0.0636,0.9364,0.0002,0.0002
1,FakeManilaV2,88,8,19656,0.063,0.937,0.0006,0.0006
1,FakeManilaV2,88,9,22113,0.0636,0.9363,0.0006,0.0006
1,FakeManilaV2,88,10,24576,0.0636,0.9364,0.0001,0.0001
1,FakeManilaV2,89,1,2457,0.0615,0.9385,1.0,1.0
1,FakeManilaV2,89,2,4914,0.0641,0.9359,0.0026,0.0026
1,FakeManilaV2,89,3,7371,0.0651,0.9349,0.001,0.001
1,FakeManilaV2,89,4,9828,0.0621,0.9379,0.0031,0.0031
1,FakeManilaV2,89,5,12285,0.0607,0.9393,0.0013,0.0013
1,FakeManilaV2,89,6,14742,0.0615,0.9385,0.0007,0.0007
1,FakeManilaV2,89,7,17199,0.0604,0.9396,0.0011,0.0011
1,FakeManilaV2,89,8,19656,0.0601,0.9399,0.0002,0.0002
1,FakeManilaV2,89,9,22113,0.0612,0.9388,0.0011,0.0011
1,FakeManilaV2,89,10,24576,0.0614,0.9386,0.0003,0.0003
1,FakeManilaV2,90,1,2457,0.0615,0.9385,1.0,1.0
1,FakeManilaV2,90,2,4914,0.0631,0.9369,0.0016,0.0016
1,FakeManilaV2,90,3,7371,0.0639,0.9361,0.0008,0.0008
1,FakeManilaV2,90,4,9828,0.0621,0.9379,0.0018,0.0018
1,FakeManilaV2,90,5,12285,0.0624,0.9376,0.0003,0.0003
1,FakeManilaV2,90,6,14742,0.062,0.938,0.0004,0.0004
1,FakeManilaV2,90,7,17199,0.0616,0.9384,0.0004,0.0004
1,FakeManilaV2,90,8,19656,0.0618,0.9382,0.0002,0.0002
1,FakeManilaV2,90,9,22113,0.0621,0.9379,0.0004,0.0004
1,FakeManilaV2,90,10,24576,0.0629,0.9371,0.0008,0.0008
1,FakeManilaV2,91,1,2457,0.0696,0.9303,1.0,1.0
1,FakeManilaV2,91,2,4914,0.0655,0.9345,0.0041,0.0042
1,FakeManilaV2,91,3,7371,0.0623,0.9377,0.0033,0.0033
1,FakeManilaV2,91,4,9828,0.0639,0.9361,0.0016,0.0016
1,FakeManilaV2,91,5,12285,0.0654,0.9345,0.0015,0.0016
1,FakeManilaV2,91,6,14742,0.0646,0.9354,0.0008,0.0008
1,FakeManilaV2,91,7,17199,0.0641,0.9359,0.0005,0.0005
1,FakeManilaV2,91,8,19656,0.0628,0.9372,0.0014,0.0014
1,FakeManilaV2,91,9,22113,0.0639,0.9361,0.0011,0.0011
1,FakeManilaV2,91,10,24576,0.0629,0.937,0.001,0.0009
1,FakeManilaV2,92,1,2457,0.0586,0.9414,1.0,1.0
1,FakeManilaV2,92,2,4914,0.0574,0.9426,0.0012,0.0012
1,FakeManilaV2,92,3,7371,0.0568,0.9432,0.0005,0.0006
1,FakeManilaV2,92,4,9828,0.0588,0.9411,0.002,0.002
1,FakeManilaV2,92,5,12285,0.0611,0.9389,0.0022,0.0022
1,FakeManilaV2,92,6,14742,0.0606,0.9394,0.0004,0.0004
1,FakeManilaV2,92,7,17199,0.059,0.941,0.0017,0.0017
1,FakeManilaV2,92,8,19656,0.0588,0.9412,0.0001,0.0001
1,FakeManilaV2,92,9,22113,0.0587,0.9413,0.0001,0.0001
1,FakeManilaV2,92,10,24576,0.0589,0.9411,0.0001,0.0001
1,FakeManilaV2,93,1,2457,0.0602,0.9397,1.0,1.0
1,FakeManilaV2,93,2,4914,0.0663,0.9337,0.0061,0.0061
1,FakeManilaV2,93,3,7371,0.0629,0.937,0.0034,0.0034
1,FakeManilaV2,93,4,9828,0.0645,0.9355,0.0016,0.0016
1,FakeManilaV2,93,5,12285,0.0632,0.9367,0.0013,0.0013
1,FakeManilaV2,93,6,14742,0.0627,0.9372,0.0005,0.0005
1,FakeManilaV2,93,7,17199,0.0622,0.9378,0.0005,0.0005
1,FakeManilaV2,93,8,19656,0.0619,0.9381,0.0003,0.0003
1,FakeManilaV2,93,9,22113,0.062,0.938,0.0001,0.0001
1,FakeManilaV2,93,10,24576,0.0625,0.9375,0.0005,0.0005
1,FakeManilaV2,94,1,2457,0.0611,0.9386,1.0,1.0
1,FakeManilaV2,94,2,4914,0.0621,0.9378,0.001,0.0008
1,FakeManilaV2,94,3,7371,0.0612,0.9388,0.0009,0.001
1,FakeManilaV2,94,4,9828,0.0607,0.9392,0.0004,0.0005
1,FakeManilaV2,94,5,12285,0.0615,0.9385,0.0007,0.0007
1,FakeManilaV2,94,6,14742,0.0608,0.9392,0.0006,0.0006
1,FakeManilaV2,94,7,17199,0.0599,0.94,0.0009,0.0009
1,FakeManilaV2,94,8,19656,0.0597,0.9403,0.0003,0.0003
1,FakeManilaV2,94,9,22113,0.0601,0.9399,0.0004,0.0004
1,FakeManilaV2,94,10,24576,0.0603,0.9397,0.0002,0.0002
1,FakeManilaV2,95,1,2457,0.0598,0.9398,1.0,1.0
1,FakeManilaV2,95,2,4914,0.0625,0.9372,0.0026,0.0026
1,FakeManilaV2,95,3,7371,0.0615,0.9383,0.001,0.0011
1,FakeManilaV2,95,4,9828,0.0625,0.9375,0.001,0.0009
1,FakeManilaV2,95,5,12285,0.0632,0.9367,0.0008,0.0008
1,FakeManilaV2,95,6,14742,0.0625,0.9375,0.0008,0.0008
1,FakeManilaV2,95,7,17199,0.0613,0.9386,0.0011,0.0011
1,FakeManilaV2,95,8,19656,0.062,0.938,0.0007,0.0007
1,FakeManilaV2,95,9,22113,0.0627,0.9373,0.0007,0.0007
1,FakeManilaV2,95,10,24576,0.0632,0.9368,0.0004,0.0004
1,FakeManilaV2,96,1,2457,0.0615,0.9383,1.0,1.0
1,FakeManilaV2,96,2,4914,0.0613,0.9384,0.0002,0.0002
1,FakeManilaV2,96,3,7371,0.0632,0.9367,0.002,0.0017
1,FakeManilaV2,96,4,9828,0.0614,0.9386,0.0019,0.0019
1,FakeManilaV2,96,5,12285,0.0606,0.9394,0.0008,0.0008
1,FakeManilaV2,96,6,14742,0.0613,0.9387,0.0007,0.0007
1,FakeManilaV2,96,7,17199,0.0606,0.9394,0.0007,0.0007
1,FakeManilaV2,96,8,19656,0.0607,0.9393,0.0002,0.0002
1,FakeManilaV2,96,9,22113,0.0617,0.9383,0.0009,0.0009
1,FakeManilaV2,96,10,24576,0.0611,0.9389,0.0006,0.0006
1,FakeManilaV2,97,1,2457,0.0611,0.9387,1.0,1.0
1,FakeManilaV2,97,2,4914,0.0594,0.9404,0.0016,0.0018
1,FakeManilaV2,97,3,7371,0.0619,0.938,0.0024,0.0024
1,FakeManilaV2,97,4,9828,0.0642,0.9357,0.0023,0.0023
1,FakeManilaV2,97,5,12285,0.0642,0.9358,0.0,0.0
1,FakeManilaV2,97,6,14742,0.0636,0.9364,0.0007,0.0007
1,FakeManilaV2,97,7,17199,0.0635,0.9365,0.0001,0.0001
1,FakeManilaV2,97,8,19656,0.0647,0.9353,0.0012,0.0012
1,FakeManilaV2,97,9,22113,0.0639,0.9361,0.0008,0.0008
1,FakeManilaV2,97,10,24576,0.0631,0.9369,0.0008,0.0008
1,FakeManilaV2,98,1,2457,0.0692,0.9308,1.0,1.0
1,FakeManilaV2,98,2,4914,0.0702,0.9297,0.001,0.0011
1,FakeManilaV2,98,3,7371,0.0699,0.93,0.0003,0.0003
1,FakeManilaV2,98,4,9828,0.067,0.933,0.0029,0.003
1,FakeManilaV2,98,5,12285,0.0654,0.9346,0.0016,0.0016
1,FakeManilaV2,98,6,14742,0.0648,0.9351,0.0005,0.0005
1,FakeManilaV2,98,7,17199,0.0654,0.9346,0.0005,0.0005
1,FakeManilaV2,98,8,19656,0.0643,0.9357,0.001,0.0011
1,FakeManilaV2,98,9,22113,0.0644,0.9356,0.0001,0.0001
1,FakeManilaV2,98,10,24576,0.0634,0.9366,0.001,0.001
1,FakeManilaV2,99,1,2457,0.0611,0.9389,1.0,1.0
1,FakeManilaV2,99,2,4914,0.0643,0.9357,0.0033,0.0033
1,FakeManilaV2,99,3,7371,0.0657,0.9343,0.0014,0.0013
1,FakeManilaV2,99,4,9828,0.0634,0.9366,0.0023,0.0023
1,FakeManilaV2,99,5,12285,0.0639,0.9361,0.0005,0.0005
1,FakeManilaV2,99,6,14742,0.0631,0.9369,0.0008,0.0008
1,FakeManilaV2,99,7,17199,0.0644,0.9356,0.0013,0.0013
1,FakeManilaV2,99,8,19656,0.0637,0.9363,0.0007,0.0007
1,FakeManilaV2,99,9,22113,0.0642,0.9358,0.0005,0.0005
1,FakeManilaV2,99,10,24576,0.064,0.9359,0.0001,0.0001
1,FakeManilaV2,100,1,2457,0.0655,0.9344,1.0,1.0
1,FakeManilaV2,100,2,4914,0.0621,0.9379,0.0035,0.0036
1,FakeManilaV2,100,3,7371,0.0615,0.9385,0.0006,0.0006
1,FakeManilaV2,100,4,9828,0.0607,0.9393,0.0007,0.0007
1,FakeManilaV2,100,5,12285,0.0591,0.9409,0.0016,0.0016
1,FakeManilaV2,100,6,14742,0.0588,0.9412,0.0003,0.0003
1,FakeManilaV2,100,7,17199,0.0592,0.9408,0.0004,0.0004
1,FakeManilaV2,100,8,19656,0.0586,0.9414,0.0006,0.0006
1,FakeManilaV2,100,9,22113,0.0588,0.9412,0.0002,0.0002
1,FakeManilaV2,100,10,24576,0.0584,0.9416,0.0004,0.0004
1,FakeManilaV2,101,1,2457,0.0643,0.9354,1.0,1.0
1,FakeManilaV2,101,2,4914,0.0663,0.9334,0.002,0.002
1,FakeManilaV2,101,3,7371,0.0638,0.9362,0.0026,0.0027
1,FakeManilaV2,101,4,9828,0.0631,0.9369,0.0007,0.0007
1,FakeManilaV2,101,5,12285,0.0631,0.9369,0.0,0.0
1,FakeManilaV2,101,6,14742,0.0632,0.9368,0.0001,0.0001
1,FakeManilaV2,101,7,17199,0.0619,0.9381,0.0013,0.0013
1,FakeManilaV2,101,8,19656,0.0611,0.9389,0.0008,0.0008
1,FakeManilaV2,101,9,22113,0.0613,0.9387,0.0002,0.0002
1,FakeManilaV2,101,10,24576,0.0606,0.9394,0.0007,0.0007
1,FakeManilaV2,102,1,2457,0.0647,0.9351,1.0,1.0
1,FakeManilaV2,102,2,4914,0.0641,0.9359,0.0006,0.0008
1,FakeManilaV2,102,3,7371,0.0623,0.9377,0.0018,0.0019
1,FakeManilaV2,102,4,9828,0.0615,0.9385,0.0008,0.0008
1,FakeManilaV2,102,5,12285,0.0607,0.9393,0.0007,0.0007
1,FakeManilaV2,102,6,14742,0.0615,0.9385,0.0008,0.0008
1,FakeManilaV2,102,7,17199,0.0611,0.9389,0.0004,0.0004
1,FakeManilaV2,102,8,19656,0.0614,0.9386,0.0002,0.0003
1,FakeManilaV2,102,9,22113,0.0616,0.9384,0.0003,0.0003
1,FakeManilaV2,102,10,24576,0.0618,0.9381,0.0002,0.0002
1,FakeManilaV2,103,1,2457,0.0619,0.9381,1.0,1.0
1,FakeManilaV2,103,2,4914,0.06,0.94,0.0018,0.0019
1,FakeManilaV2,103,3,7371,0.0592,0.9408,0.0009,0.0009
1,FakeManilaV2,103,4,9828,0.06,0.9399,0.0009,0.0009
1,FakeManilaV2,103,5,12285,0.0615,0.9384,0.0015,0.0015
1,FakeManilaV2,103,6,14742,0.0618,0.9382,0.0003,0.0002
1,FakeManilaV2,103,7,17199,0.0616,0.9384,0.0002,0.0003
1,FakeManilaV2,103,8,19656,0.062,0.938,0.0004,0.0004
1,FakeManilaV2,103,9,22113,0.0619,0.9381,0.0001,0.0001
1,FakeManilaV2,103,10,24576,0.0623,0.9377,0.0004,0.0004
1,FakeManilaV2,104,1,2457,0.0663,0.9337,1.0,1.0
1,FakeManilaV2,104,2,4914,0.0672,0.9328,0.0008,0.0008
1,FakeManilaV2,104,3,7371,0.0653,0.9347,0.0019,0.0019
1,FakeManilaV2,104,4,9828,0.0651,0.9349,0.0001,0.0002
1,FakeManilaV2,104,5,12285,0.065,0.935,0.0001,0.0001
1,FakeManilaV2,104,6,14742,0.0636,0.9364,0.0015,0.0015
1,FakeManilaV2,104,7,17199,0.0643,0.9357,0.0007,0.0008
1,FakeManilaV2,104,8,19656,0.0644,0.9356,0.0001,0.0001
1,FakeManilaV2,104,9,22113,0.0639,0.9361,0.0005,0.0005
1,FakeManilaV2,104,10,24576,0.0634,0.9366,0.0005,0.0005
1,FakeManilaV2,105,1,2457,0.0623,0.9374,1.0,1.0
1,FakeManilaV2,105,2,4914,0.0586,0.9413,0.0037,0.0039
1,FakeManilaV2,105,3,7371,0.06,0.94,0.0014,0.0013
1,FakeManilaV2,105,4,9828,0.0603,0.9397,0.0004,0.0004
1,FakeManilaV2,105,5,12285,0.0616,0.9383,0.0013,0.0013
1,FakeManilaV2,105,6,14742,0.0623,0.9377,0.0007,0.0006
1,FakeManilaV2,105,7,17199,0.0623,0.9377,0.0,0.0
1,FakeManilaV2,105,8,19656,0.0616,0.9384,0.0007,0.0007
1,FakeManilaV2,105,9,22113,0.0607,0.9393,0.0009,0.0009
1,FakeManilaV2,105,10,24576,0.0601,0.9399,0.0007,0.0007
1,FakeManilaV2,106,1,2457,0.0602,0.9397,1.0,1.0
1,FakeManilaV2,106,2,4914,0.06,0.94,0.0002,0.0003
1,FakeManilaV2,106,3,7371,0.0586,0.9414,0.0014,0.0014
1,FakeManilaV2,106,4,9828,0.0588,0.9412,0.0002,0.0002
1,FakeManilaV2,106,5,12285,0.0596,0.9404,0.0008,0.0008
1,FakeManilaV2,106,6,14742,0.0599,0.9401,0.0003,0.0003
1,FakeManilaV2,106,7,17199,0.0599,0.9401,0.0,0.0
1,FakeManilaV2,106,8,19656,0.0607,0.9393,0.0009,0.0009
1,FakeManilaV2,106,9,22113,0.0601,0.9399,0.0006,0.0006
1,FakeManilaV2,106,10,24576,0.0608,0.9392,0.0007,0.0007
1,FakeManilaV2,107,1,2457,0.0582,0.9418,1.0,1.0
1,FakeManilaV2,107,2,4914,0.0564,0.9435,0.0018,0.0018
1,FakeManilaV2,107,3,7371,0.0585,0.9415,0.0021,0.002
1,FakeManilaV2,107,4,9828,0.0586,0.9414,0.0001,0.0001
1,FakeManilaV2,107,5,12285,0.0596,0.9404,0.001,0.001
1,FakeManilaV2,107,6,14742,0.0606,0.9394,0.001,0.001
1,FakeManilaV2,107,7,17199,0.0592,0.9408,0.0013,0.0013
1,FakeManilaV2,107,8,19656,0.0597,0.9403,0.0004,0.0004
1,FakeManilaV2,107,9,22113,0.0599,0.9401,0.0002,0.0002
1,FakeManilaV2,107,10,24576,0.0596,0.9404,0.0003,0.0003
1,FakeManilaV2,108,1,2457,0.057,0.9429,1.0,1.0
1,FakeManilaV2,108,2,4914,0.0586,0.9414,0.0016,0.0015
1,FakeManilaV2,108,3,7371,0.0579,0.9421,0.0007,0.0007
1,FakeManilaV2,108,4,9828,0.0566,0.9434,0.0014,0.0014
1,FakeManilaV2,108,5,12285,0.0582,0.9418,0.0016,0.0016
1,FakeManilaV2,108,6,14742,0.0594,0.9406,0.0012,0.0012
1,FakeManilaV2,108,7,17199,0.059,0.941,0.0003,0.0003
1,FakeManilaV2,108,8,19656,0.0602,0.9398,0.0012,0.0012
1,FakeManilaV2,108,9,22113,0.0596,0.9404,0.0006,0.0006
1,FakeManilaV2,108,10,24576,0.0594,0.9406,0.0001,0.0001
1,FakeManilaV2,109,1,2457,0.0663,0.9336,1.0,1.0
1,FakeManilaV2,109,2,4914,0.0661,0.9338,0.0002,0.0002
1,FakeManilaV2,109,3,7371,0.0654,0.9345,0.0007,0.0007
1,FakeManilaV2,109,4,9828,0.0634,0.9366,0.002,0.0021
1,FakeManilaV2,109,5,12285,0.0624,0.9375,0.001,0.0009
1,FakeManilaV2,109,6,14742,0.0617,0.9383,0.0008,0.0008
1,FakeManilaV2,109,7,17199,0.0609,0.939,0.0007,0.0007
1,FakeManilaV2,109,8,19656,0.0603,0.9396,0.0006,0.0006
1,FakeManilaV2,109,9,22113,0.0601,0.9398,0.0002,0.0002
1,FakeManilaV2,109,10,24576,0.0599,0.9401,0.0002,0.0003
1,FakeManilaV2,110,1,2457,0.0647,0.9353,1.0,1.0
1,FakeManilaV2,110,2,4914,0.0672,0.9328,0.0024,0.0024
1,FakeManilaV2,110,3,7371,0.065,0.935,0.0022,0.0022
1,FakeManilaV2,110,4,9828,0.0648,0.9352,0.0002,0.0002
1,FakeManilaV2,110,5,12285,0.0643,0.9357,0.0005,0.0005
1,FakeManilaV2,110,6,14742,0.0646,0.9353,0.0003,0.0004
1,FakeManilaV2,110,7,17199,0.0636,0.9364,0.001,0.001
1,FakeManilaV2,110,8,19656,0.0626,0.9374,0.001,0.001
1,FakeManilaV2,110,9,22113,0.0635,0.9365,0.0009,0.0009
1,FakeManilaV2,110,10,24576,0.0636,0.9364,0.0,0.0
1,FakeManilaV2,111,1,2457,0.0639,0.9361,1.0,1.0
1,FakeManilaV2,111,2,4914,0.0629,0.9371,0.001,0.001
1,FakeManilaV2,111,3,7371,0.064,0.9359,0.0012,0.0012
1,FakeManilaV2,111,4,9828,0.0632,0.9368,0.0008,0.0009
1,FakeManilaV2,111,5,12285,0.0628,0.9371,0.0003,0.0004
1,FakeManilaV2,111,6,14742,0.0629,0.937,0.0001,0.0001
1,FakeManilaV2,111,7,17199,0.0619,0.9381,0.001,0.001
1,FakeManilaV2,111,8,19656,0.0624,0.9376,0.0005,0.0005
1,FakeManilaV2,111,9,22113,0.0621,0.9379,0.0003,0.0003
1,FakeManilaV2,111,10,24576,0.0615,0.9385,0.0006,0.0006
1,FakeManilaV2,112,1,2457,0.0606,0.9394,1.0,1.0
1,FakeManilaV2,112,2,4914,0.0596,0.9403,0.001,0.0009
1,FakeManilaV2,112,3,7371,0.0583,0.9416,0.0013,0.0013
1,FakeManilaV2,112,4,9828,0.0598,0.9401,0.0015,0.0015
1,FakeManilaV2,112,5,12285,0.0606,0.9394,0.0007,0.0007
1,FakeManilaV2,112,6,14742,0.0622,0.9378,0.0016,0.0016
1,FakeManilaV2,112,7,17199,0.062,0.9379,0.0002,0.0002
1,FakeManilaV2,112,8,19656,0.0621,0.9379,0.0,0.0
1,FakeManilaV2,112,9,22113,0.0617,0.9382,0.0003,0.0003
1,FakeManilaV2,112,10,24576,0.0616,0.9384,0.0001,0.0001
1,FakeManilaV2,113,1,2457,0.0611,0.9387,1.0,1.0
1,FakeManilaV2,113,2,4914,0.0592,0.9408,0.0018,0.0021
1,FakeManilaV2,113,3,7371,0.0594,0.9406,0.0002,0.0002
1,FakeManilaV2,113,4,9828,0.0616,0.9384,0.0021,0.0021
1,FakeManilaV2,113,5,12285,0.0615,0.9385,0.0,0.0
1,FakeManilaV2,113,6,14742,0.0614,0.9386,0.0001,0.0001
1,FakeManilaV2,113,7,17199,0.0627,0.9373,0.0013,0.0013
1,FakeManilaV2,113,8,19656,0.0621,0.9379,0.0006,0.0006
1,FakeManilaV2,113,9,22113,0.0626,0.9374,0.0005,0.0005
1,FakeManilaV2,113,10,24576,0.062,0.938,0.0006,0.0006
1,FakeManilaV2,114,1,2457,0.0602,0.9398,1.0,1.0
1,FakeManilaV2,114,2,4914,0.0633,0.9367,0.0031,0.0031
1,FakeManilaV2,114,3,7371,0.0665,0.9335,0.0032,0.0032
1,FakeManilaV2,114,4,9828,0.0631,0.9369,0.0034,0.0034
1,FakeManilaV2,114,5,12285,0.0637,0.9363,0.0007,0.0006
1,FakeManilaV2,114,6,14742,0.0635,0.9365,0.0002,0.0002
1,FakeManilaV2,114,7,17199,0.0634,0.9366,0.0001,0.0001
1,FakeManilaV2,114,8,19656,0.0626,0.9374,0.0008,0.0008
1,FakeManilaV2,114,9,22113,0.0621,0.9379,0.0005,0.0005
1,FakeManilaV2,114,10,24576,0.0612,0.9388,0.0009,0.0009
1,FakeManilaV2,115,1,2457,0.0615,0.9383,1.0,1.0
1,FakeManilaV2,115,2,4914,0.0596,0.9404,0.0018,0.002
1,FakeManilaV2,115,3,7371,0.0581,0.9419,0.0016,0.0015
1,FakeManilaV2,115,4,9828,0.0586,0.9413,0.0005,0.0006
1,FakeManilaV2,115,5,12285,0.0598,0.9401,0.0012,0.0012
1,FakeManilaV2,115,6,14742,0.0606,0.9393,0.0008,0.0008
1,FakeManilaV2,115,7,17199,0.0595,0.9405,0.0012,0.0012
1,FakeManilaV2,115,8,19656,0.0603,0.9397,0.0008,0.0008
1,FakeManilaV2,115,9,22113,0.0607,0.9393,0.0004,0.0004
1,FakeManilaV2,115,10,24576,0.0608,0.9392,0.0001,0.0001
1,FakeManilaV2,116,1,2457,0.0635,0.9364,1.0,1.0
1,FakeManilaV2,116,2,4914,0.0617,0.9383,0.0018,0.0019
1,FakeManilaV2,116,3,7371,0.0608,0.9392,0.0009,0.0009
1,FakeManilaV2,116,4,9828,0.0598,0.9402,0.0009,0.0009
1,FakeManilaV2,116,5,12285,0.0594,0.9406,0.0004,0.0004
1,FakeManilaV2,116,6,14742,0.0594,0.9406,0.0001,0.0001
1,FakeManilaV2,116,7,17199,0.06,0.94,0.0006,0.0007
1,FakeManilaV2,116,8,19656,0.0602,0.9397,0.0002,0.0002
1,FakeManilaV2,116,9,22113,0.0605,0.9395,0.0003,0.0003
1,FakeManilaV2,116,10,24576,0.059,0.941,0.0015,0.0015
1,FakeManilaV2,117,1,2457,0.0574,0.9426,1.0,1.0
1,FakeManilaV2,117,2,4914,0.0558,0.944,0.0016,0.0015
1,FakeManilaV2,117,3,7371,0.0582,0.9416,0.0024,0.0024
1,FakeManilaV2,117,4,9828,0.059,0.9409,0.0008,0.0007
1,FakeManilaV2,117,5,12285,0.0609,0.9391,0.0019,0.0018
1,FakeManilaV2,117,6,14742,0.0609,0.9391,0.0,0.0
1,FakeManilaV2,117,7,17199,0.0613,0.9387,0.0004,0.0004
1,FakeManilaV2,117,8,19656,0.061,0.939,0.0003,0.0003
1,FakeManilaV2,117,9,22113,0.0607,0.9393,0.0003,0.0003
1,FakeManilaV2,117,10,24576,0.0603,0.9396,0.0003,0.0003
1,FakeManilaV2,118,1,2457,0.07,0.9299,1.0,1.0
1,FakeManilaV2,118,2,4914,0.0661,0.9339,0.0039,0.004
1,FakeManilaV2,118,3,7371,0.0672,0.9328,0.001,0.0011
1,FakeManilaV2,118,4,9828,0.0689,0.9311,0.0017,0.0017
1,FakeManilaV2,118,5,12285,0.0668,0.9332,0.0021,0.0021
1,FakeManilaV2,118,6,14742,0.0659,0.9341,0.0009,0.0009
1,FakeManilaV2,118,7,17199,0.0647,0.9353,0.0013,0.0013
1,FakeManilaV2,118,8,19656,0.0643,0.9357,0.0004,0.0004
1,FakeManilaV2,118,9,22113,0.0633,0.9367,0.001,0.001
1,FakeManilaV2,118,10,24576,0.0634,0.9366,0.0001,0.0001
1,FakeManilaV2,119,1,2457,0.0647,0.9352,1.0,1.0
1,FakeManilaV2,119,2,4914,0.0663,0.9337,0.0016,0.0015
1,FakeManilaV2,119,3,7371,0.0651,0.9349,0.0012,0.0012
1,FakeManilaV2,119,4,9828,0.0656,0.9344,0.0005,0.0005
1,FakeManilaV2,119,5,12285,0.0655,0.9345,0.0001,0.0001
1,FakeManilaV2,119,6,14742,0.065,0.935,0.0005,0.0006
1,FakeManilaV2,119,7,17199,0.0643,0.9357,0.0007,0.0007
1,FakeManilaV2,119,8,19656,0.0635,0.9365,0.0008,0.0008
1,FakeManilaV2,119,9,22113,0.0627,0.9373,0.0009,0.0009
1,FakeManilaV2,119,10,24576,0.0626,0.9374,0.0001,0.0001
2,FakeManilaV2,20,1,819,0.1624,0.8368,1.0,1.0
2,FakeManilaV2,20,2,1638,0.1545,0.8454,0.0079,0.0086
2,FakeManilaV2,20,3,2457,0.1559,0.844,0.0014,0.0014
2,FakeManilaV2,20,4,3276,0.152,0.8479,0.0039,0.0038
2,FakeManilaV2,20,5,4095,0.1536,0.8462,0.0016,0.0016
2,FakeManilaV2,20,6,4914,0.1528,0.847,0.0008,0.0008
2,FakeManilaV2,20,7,5733,0.154,0.8459,0.0012,0.0011
2,FakeManilaV2,20,8,6552,0.1543,0.8456,0.0003,0.0003
2,FakeManilaV2,20,9,7371,0.153,0.8469,0.0013,0.0013
2,FakeManilaV2,20,10,8192,0.1521,0.8479,0.0009,0.0009
2,FakeManilaV2,21,1,819,0.1538,0.8451,1.0,1.0
2,FakeManilaV2,21,2,1638,0.1679,0.832,0.014,0.0131
2,FakeManilaV2,21,3,2457,0.1718,0.8279,0.0039,0.0041
2,FakeManilaV2,21,4,3276,0.1679,0.8318,0.0039,0.0039
2,FakeManilaV2,21,5,4095,0.1651,0.8347,0.0028,0.0029
2,FakeManilaV2,21,6,4914,0.1614,0.8386,0.0037,0.0038
2,FakeManilaV2,21,7,5733,0.161,0.839,0.0004,0.0004
2,FakeManilaV2,21,8,6552,0.1595,0.8405,0.0015,0.0015
2,FakeManilaV2,21,9,7371,0.1581,0.8419,0.0014,0.0014
2,FakeManilaV2,21,10,8192,0.1564,0.8436,0.0017,0.0017
2,FakeManilaV2,22,1,819,0.1587,0.8412,1.0,1.0
2,FakeManilaV2,22,2,1638,0.1508,0.8492,0.0079,0.008
2,FakeManilaV2,22,3,2457,0.1494,0.8506,0.0014,0.0014
2,FakeManilaV2,22,4,3276,0.1538,0.8462,0.0045,0.0044
2,FakeManilaV2,22,5,4095,0.1563,0.8437,0.0024,0.0024
2,FakeManilaV2,22,6,4914,0.1581,0.8419,0.0018,0.0018
2,FakeManilaV2,22,7,5733,0.1551,0.8449,0.0031,0.003
2,FakeManilaV2,22,8,6552,0.1545,0.8455,0.0006,0.0006
2,FakeManilaV2,22,9,7371,0.1552,0.8448,0.0007,0.0007
2,FakeManilaV2,22,10,8192,0.153,0.847,0.0022,0.0022
2,FakeManilaV2,23,1,819,0.1673,0.8315,1.0,1.0
2,FakeManilaV2,23,2,1638,0.1606,0.8392,0.0067,0.0077
2,FakeManilaV2,23,3,2457,0.1559,0.8441,0.0047,0.0049
2,FakeManilaV2,23,4,3276,0.1548,0.8452,0.0011,0.0011
2,FakeManilaV2,23,5,4095,0.1551,0.8449,0.0003,0.0003
2,FakeManilaV2,23,6,4914,0.1551,0.8449,0.0,0.0
2,FakeManilaV2,23,7,5733,0.1518,0.8482,0.0033,0.0033
2,FakeManilaV2,23,8,6552,0.1525,0.8475,0.0007,0.0007
2,FakeManilaV2,23,9,7371,0.1562,0.8438,0.0037,0.0037
2,FakeManilaV2,23,10,8192,0.1553,0.8447,0.0009,0.0009
2,FakeManilaV2,24,1,819,0.1514,0.8486,1.0,1.0
2,FakeManilaV2,24,2,1638,0.1416,0.8581,0.0098,0.0095
2,FakeManilaV2,24,3,2457,0.1359,0.864,0.0057,0.0059
2,FakeManilaV2,24,4,3276,0.1459,0.8541,0.01,0.0099
2,FakeManilaV2,24,5,4095,0.1468,0.8532,0.0009,0.0009
2,FakeManilaV2,24,6,4914,0.1494,0.8506,0.0026,0.0026
2,FakeManilaV2,24,7,5733,0.1526,0.8474,0.0033,0.0032
2,FakeManilaV2,24,8,6552,0.1572,0.8428,0.0046,0.0046
2,FakeManilaV2,24,9,7371,0.1574,0.8426,0.0002,0.0002
2,FakeManilaV2,24,10,8192,0.1569,0.8431,0.0005,0.0005
2,FakeManilaV2,25,1,819,0.1477,0.852,1.0,1.0
2,FakeManilaV2,25,2,1638,0.1569,0.843,0.0092,0.009
2,FakeManilaV2,25,3,2457,0.1575,0.8425,0.0006,0.0005
2,FakeManilaV2,25,4,3276,0.1624,0.8376,0.0049,0.0049
2,FakeManilaV2,25,5,4095,0.1575,0.8425,0.0049,0.0049
2,FakeManilaV2,25,6,4914,0.1593,0.8407,0.0018,0.0018
2,FakeManilaV2,25,7,5733,0.1603,0.8397,0.001,0.001
2,FakeManilaV2,25,8,6552,0.1609,0.8391,0.0006,0.0006
2,FakeManilaV2,25,9,7371,0.1624,0.8376,0.0015,0.0015
2,FakeManilaV2,25,10,8192,0.1627,0.8373,0.0003,0.0003
2,FakeManilaV2,26,1,819,0.1538,0.8457,1.0,1.0
2,FakeManilaV2,26,2,1638,0.1612,0.8384,0.0073,0.0072
2,FakeManilaV2,26,3,2457,0.1551,0.8449,0.0061,0.0064
2,FakeManilaV2,26,4,3276,0.1502,0.8497,0.0049,0.0049
2,FakeManilaV2,26,5,4095,0.1519,0.8481,0.0017,0.0016
2,FakeManilaV2,26,6,4914,0.1486,0.8514,0.0033,0.0033
2,FakeManilaV2,26,7,5733,0.1519,0.8481,0.0034,0.0034
2,FakeManilaV2,26,8,6552,0.1505,0.8495,0.0014,0.0014
2,FakeManilaV2,26,9,7371,0.1537,0.8463,0.0032,0.0032
2,FakeManilaV2,26,10,8192,0.156,0.844,0.0023,0.0023
2,FakeManilaV2,27,1,819,0.1416,0.8584,1.0,1.0
2,FakeManilaV2,27,2,1638,0.1508,0.8492,0.0092,0.0092
2,FakeManilaV2,27,3,2457,0.153,0.847,0.0022,0.0022
2,FakeManilaV2,27,4,3276,0.1542,0.8458,0.0011,0.0011
2,FakeManilaV2,27,5,4095,0.1524,0.8476,0.0018,0.0018
2,FakeManilaV2,27,6,4914,0.1543,0.8457,0.0019,0.0019
2,FakeManilaV2,27,7,5733,0.154,0.846,0.0002,0.0002
2,FakeManilaV2,27,8,6552,0.1558,0.8442,0.0018,0.0018
2,FakeManilaV2,27,9,7371,0.1581,0.8419,0.0022,0.0022
2,FakeManilaV2,27,10,8192,0.16,0.8399,0.002,0.002
2,FakeManilaV2,28,1,819,0.1636,0.8352,1.0,1.0
2,FakeManilaV2,28,2,1638,0.1606,0.8383,0.0031,0.003
2,FakeManilaV2,28,3,2457,0.1587,0.8407,0.0018,0.0024
2,FakeManilaV2,28,4,3276,0.1542,0.8455,0.0046,0.0048
2,FakeManilaV2,28,5,4095,0.1556,0.8442,0.0014,0.0013
2,FakeManilaV2,28,6,4914,0.1585,0.8413,0.003,0.0029
2,FakeManilaV2,28,7,5733,0.1598,0.8401,0.0013,0.0012
2,FakeManilaV2,28,8,6552,0.1584,0.8414,0.0014,0.0013
2,FakeManilaV2,28,9,7371,0.1571,0.8428,0.0013,0.0013
2,FakeManilaV2,28,10,8192,0.1571,0.8428,0.0,0.0
2,FakeManilaV2,29,1,819,0.1429,0.8571,1.0,1.0
2,FakeManilaV2,29,2,1638,0.1361,0.8637,0.0067,0.0066
2,FakeManilaV2,29,3,2457,0.1522,0.8478,0.0161,0.0159
2,FakeManilaV2,29,4,3276,0.1526,0.8474,0.0004,0.0004
2,FakeManilaV2,29,5,4095,0.1548,0.8452,0.0022,0.0022
2,FakeManilaV2,29,6,4914,0.1553,0.8447,0.0004,0.0004
2,FakeManilaV2,29,7,5733,0.1575,0.8425,0.0022,0.0022
2,FakeManilaV2,29,8,6552,0.1584,0.8416,0.0009,0.0009
2,FakeManilaV2,29,9,7371,0.156,0.844,0.0024,0.0024
2,FakeManilaV2,29,10,8192,0.1532,0.8468,0.0028,0.0028
2,FakeManilaV2,30,1,819,0.1355,0.8645,1.0,1.0
2,FakeManilaV2,30,2,1638,0.138,0.862,0.0024,0.0025
2,FakeManilaV2,30,3,2457,0.1384,0.8616,0.0004,0.0004
2,FakeManilaV2,30,4,3276,0.1508,0.8492,0.0124,0.0124
2,FakeManilaV2,30,5,4095,0.1509,0.8491,0.0001,0.0001
2,FakeManilaV2,30,6,4914,0.15,0.85,0.0009,0.001
2,FakeManilaV2,30,7,5733,0.1519,0.8481,0.0019,0.0019
2,FakeManilaV2,30,8,6552,0.1532,0.8468,0.0013,0.0013
2,FakeManilaV2,30,9,7371,0.1526,0.8474,0.0006,0.0006
2,FakeManilaV2,30,10,8192,0.1522,0.8478,0.0004,0.0004
2,FakeManilaV2,31,1,819,0.1551,0.8448,1.0,1.0
2,FakeManilaV2,31,2,1638,0.1618,0.838,0.0067,0.0068
2,FakeManilaV2,31,3,2457,0.1616,0.838,0.0002,0.0
2,FakeManilaV2,31,4,3276,0.16,0.8396,0.0016,0.0016
2,FakeManilaV2,31,5,4095,0.1639,0.8354,0.0039,0.0042
2,FakeManilaV2,31,6,4914,0.1636,0.8358,0.0002,0.0004
2,FakeManilaV2,31,7,5733,0.1605,0.8392,0.0031,0.0034
2,FakeManilaV2,31,8,6552,0.1595,0.8403,0.001,0.0011
2,FakeManilaV2,31,9,7371,0.1597,0.8401,0.0002,0.0002
2,FakeManilaV2,31,10,8192,0.1605,0.8392,0.0008,0.0008
2,FakeManilaV2,32,1,819,0.1636,0.8363,1.0,1.0
2,FakeManilaV2,32,2,1638,0.1673,0.8327,0.0037,0.0036
2,FakeManilaV2,32,3,2457,0.1575,0.8425,0.0098,0.0098
2,FakeManilaV2,32,4,3276,0.1572,0.8428,0.0003,0.0003
2,FakeManilaV2,32,5,4095,0.1607,0.8393,0.0035,0.0035
2,FakeManilaV2,32,6,4914,0.1612,0.8388,0.0005,0.0005
2,FakeManilaV2,32,7,5733,0.1586,0.8414,0.0026,0.0026
2,FakeManilaV2,32,8,6552,0.159,0.8409,0.0005,0.0005
2,FakeManilaV2,32,9,7371,0.1591,0.8408,0.0001,0.0001
2,FakeManilaV2,32,10,8192,0.1592,0.8408,0.0,0.0
2,FakeManilaV2,33,1,819,0.1636,0.8361,1.0,1.0
2,FakeManilaV2,33,2,1638,0.1581,0.8419,0.0055,0.0058
2,FakeManilaV2,33,3,2457,0.1579,0.842,0.0002,0.0002
2,FakeManilaV2,33,4,3276,0.159,0.8409,0.0011,0.0011
2,FakeManilaV2,33,5,4095,0.1541,0.8459,0.0049,0.005
2,FakeManilaV2,33,6,4914,0.1604,0.8396,0.0063,0.0063
2,FakeManilaV2,33,7,5733,0.1613,0.8387,0.001,0.001
2,FakeManilaV2,33,8,6552,0.1596,0.8404,0.0017,0.0017
2,FakeManilaV2,33,9,7371,0.1579,0.8421,0.0017,0.0017
2,FakeManilaV2,33,10,8192,0.1583,0.8417,0.0004,0.0004
2,FakeManilaV2,34,1,819,0.1392,0.8585,1.0,1.0
2,FakeManilaV2,34,2,1638,0.1532,0.8462,0.014,0.0123
2,FakeManilaV2,34,3,2457,0.1575,0.8424,0.0043,0.0038
2,FakeManilaV2,34,4,3276,0.1526,0.8472,0.0049,0.0048
2,FakeManilaV2,34,5,4095,0.1529,0.8471,0.0002,0.0001
2,FakeManilaV2,34,6,4914,0.152,0.848,0.0009,0.0009
2,FakeManilaV2,34,7,5733,0.1572,0.8428,0.0051,0.0051
2,FakeManilaV2,34,8,6552,0.158,0.842,0.0008,0.0008
2,FakeManilaV2,34,9,7371,0.1581,0.8419,0.0001,0.0001
2,FakeManilaV2,34,10,8192,0.1598,0.8402,0.0017,0.0017
2,FakeManilaV2,35,1,819,0.16,0.8399,1.0,1.0
2,FakeManilaV2,35,2,1638,0.1453,0.8547,0.0147,0.0148
2,FakeManilaV2,35,3,2457,0.1498,0.8502,0.0045,0.0045
2,FakeManilaV2,35,4,3276,0.1523,0.8477,0.0025,0.0026
2,FakeManilaV2,35,5,4095,0.1497,0.8503,0.0026,0.0026
2,FakeManilaV2,35,6,4914,0.1506,0.8494,0.0009,0.0009
2,FakeManilaV2,35,7,5733,0.1521,0.8479,0.0015,0.0015
2,FakeManilaV2,35,8,6552,0.1522,0.8478,0.0001,0.0001
2,FakeManilaV2,35,9,7371,0.1537,0.8463,0.0015,0.0015
2,FakeManilaV2,35,10,8192,0.1556,0.8443,0.0019,0.0019
2,FakeManilaV2,36,1,819,0.1465,0.8534,1.0,1.0
2,FakeManilaV2,36,2,1638,0.1508,0.8491,0.0043,0.0042
2,FakeManilaV2,36,3,2457,0.1518,0.8482,0.001,0.001
2,FakeManilaV2,36,4,3276,0.1545,0.8455,0.0026,0.0026
2,FakeManilaV2,36,5,4095,0.1595,0.8405,0.005,0.005
2,FakeManilaV2,36,6,4914,0.1577,0.8423,0.0018,0.0017
2,FakeManilaV2,36,7,5733,0.158,0.842,0.0003,0.0003
2,FakeManilaV2,36,8,6552,0.1595,0.8405,0.0015,0.0015
2,FakeManilaV2,36,9,7371,0.1572,0.8427,0.0023,0.0023
2,FakeManilaV2,36,10,8192,0.1587,0.8413,0.0015,0.0014
2,FakeManilaV2,37,1,819,0.1941,0.8057,1.0,1.0
2,FakeManilaV2,37,2,1638,0.1703,0.8294,0.0238,0.0237
2,FakeManilaV2,37,3,2457,0.1628,0.8371,0.0075,0.0076
2,FakeManilaV2,37,4,3276,0.1593,0.8406,0.0035,0.0035
2,FakeManilaV2,37,5,4095,0.1565,0.8435,0.0028,0.0029
2,FakeManilaV2,37,6,4914,0.1571,0.8428,0.0006,0.0006
2,FakeManilaV2,37,7,5733,0.1619,0.8381,0.0048,0.0047
2,FakeManilaV2,37,8,6552,0.1629,0.8371,0.001,0.001
2,FakeManilaV2,37,9,7371,0.1623,0.8377,0.0006,0.0006
2,FakeManilaV2,37,10,8192,0.1641,0.8359,0.0018,0.0018
2,FakeManilaV2,38,1,819,0.1514,0.8486,1.0,1.0
2,FakeManilaV2,38,2,1638,0.1551,0.8448,0.0037,0.0038
2,FakeManilaV2,38,3,2457,0.1595,0.8405,0.0045,0.0043
2,FakeManilaV2,38,4,3276,0.1639,0.8361,0.0044,0.0044
2,FakeManilaV2,38,5,4095,0.1617,0.8382,0.0023,0.0021
2,FakeManilaV2,38,6,4914,0.1573,0.8427,0.0044,0.0045
2,FakeManilaV2,38,7,5733,0.1577,0.8422,0.0004,0.0004
2,FakeManilaV2,38,8,6552,0.1589,0.841,0.0012,0.0012
2,FakeManilaV2,38,9,7371,0.1572,0.8427,0.0016,0.0016
2,FakeManilaV2,38,10,8192,0.1575,0.8424,0.0002,0.0003
2,FakeManilaV2,39,1,819,0.1441,0.8558,1.0,1.0
2,FakeManilaV2,39,2,1638,0.1593,0.8404,0.0153,0.0154
2,FakeManilaV2,39,3,2457,0.1551,0.8449,0.0043,0.0045
2,FakeManilaV2,39,4,3276,0.1511,0.8489,0.004,0.004
2,FakeManilaV2,39,5,4095,0.1521,0.8479,0.001,0.001
2,FakeManilaV2,39,6,4914,0.1547,0.8453,0.0025,0.0025
2,FakeManilaV2,39,7,5733,0.1533,0.8467,0.0013,0.0013
2,FakeManilaV2,39,8,6552,0.1513,0.8487,0.0021,0.0021
2,FakeManilaV2,39,9,7371,0.1499,0.8501,0.0013,0.0013
2,FakeManilaV2,39,10,8192,0.1525,0.8475,0.0026,0.0026
2,FakeManilaV2,40,1,819,0.1929,0.8071,1.0,1.0
2,FakeManilaV2,40,2,1638,0.1697,0.8303,0.0232,0.0232
2,FakeManilaV2,40,3,2457,0.1718,0.8282,0.002,0.0021
2,FakeManilaV2,40,4,3276,0.1716,0.8284,0.0002,0.0002
2,FakeManilaV2,40,5,4095,0.1761,0.8239,0.0045,0.0045
2,FakeManilaV2,40,6,4914,0.1746,0.8254,0.0015,0.0015
2,FakeManilaV2,40,7,5733,0.1706,0.8294,0.004,0.004
2,FakeManilaV2,40,8,6552,0.1694,0.8306,0.0012,0.0012
2,FakeManilaV2,40,9,7371,0.1673,0.8327,0.0021,0.0022
2,FakeManilaV2,40,10,8192,0.1681,0.8319,0.0008,0.0008
2,FakeManilaV2,41,1,819,0.1661,0.8339,1.0,1.0
2,FakeManilaV2,41,2,1638,0.1563,0.8437,0.0098,0.0097
2,FakeManilaV2,41,3,2457,0.162,0.8379,0.0057,0.0057
2,FakeManilaV2,41,4,3276,0.1587,0.8412,0.0033,0.0033
2,FakeManilaV2,41,5,4095,0.1602,0.8398,0.0015,0.0015
2,FakeManilaV2,41,6,4914,0.1597,0.8402,0.0004,0.0004
2,FakeManilaV2,41,7,5733,0.1631,0.8368,0.0033,0.0034
2,FakeManilaV2,41,8,6552,0.1647,0.8352,0.0016,0.0016
2,FakeManilaV2,41,9,7371,0.1633,0.8366,0.0013,0.0014
2,FakeManilaV2,41,10,8192,0.1619,0.8381,0.0015,0.0015
2,FakeManilaV2,42,1,819,0.177,0.8217,1.0,1.0
2,FakeManilaV2,42,2,1638,0.16,0.8399,0.0171,0.0181
2,FakeManilaV2,42,3,2457,0.1543,0.8457,0.0057,0.0058
2,FakeManilaV2,42,4,3276,0.1557,0.8443,0.0014,0.0014
2,FakeManilaV2,42,5,4095,0.1602,0.8398,0.0045,0.0045
2,FakeManilaV2,42,6,4914,0.1612,0.8388,0.001,0.001
2,FakeManilaV2,42,7,5733,0.1593,0.8407,0.0019,0.0019
2,FakeManilaV2,42,8,6552,0.1557,0.8443,0.0036,0.0036
2,FakeManilaV2,42,9,7371,0.157,0.843,0.0013,0.0013
2,FakeManilaV2,42,10,8192,0.1572,0.8428,0.0003,0.0003
2,FakeManilaV2,43,1,819,0.1563,0.8437,1.0,1.0
2,FakeManilaV2,43,2,1638,0.1526,0.8474,0.0037,0.0037
2,FakeManilaV2,43,3,2457,0.1575,0.8425,0.0049,0.0049
2,FakeManilaV2,43,4,3276,0.1587,0.8413,0.0012,0.0012
2,FakeManilaV2,43,5,4095,0.1582,0.8417,0.0005,0.0004
2,FakeManilaV2,43,6,4914,0.1551,0.8449,0.0032,0.0032
2,FakeManilaV2,43,7,5733,0.1587,0.8411,0.0037,0.0037
2,FakeManilaV2,43,8,6552,0.1577,0.8421,0.0011,0.0009
2,FakeManilaV2,43,9,7371,0.1582,0.8416,0.0005,0.0005
2,FakeManilaV2,43,10,8192,0.1569,0.843,0.0013,0.0014
2,FakeManilaV2,44,1,819,0.1697,0.8302,1.0,1.0
2,FakeManilaV2,44,2,1638,0.163,0.8367,0.0067,0.0065
2,FakeManilaV2,44,3,2457,0.1587,0.8412,0.0043,0.0045
2,FakeManilaV2,44,4,3276,0.1496,0.8503,0.0092,0.0091
2,FakeManilaV2,44,5,4095,0.1521,0.8477,0.0026,0.0026
2,FakeManilaV2,44,6,4914,0.1496,0.8504,0.0026,0.0026
2,FakeManilaV2,44,7,5733,0.1507,0.8493,0.0011,0.0011
2,FakeManilaV2,44,8,6552,0.1529,0.8471,0.0022,0.0022
2,FakeManilaV2,44,9,7371,0.1534,0.8465,0.0005,0.0005
2,FakeManilaV2,44,10,8192,0.1539,0.846,0.0005,0.0005
2,FakeManilaV2,45,1,819,0.1477,0.8506,1.0,1.0
2,FakeManilaV2,45,2,1638,0.1569,0.8424,0.0092,0.0082
2,FakeManilaV2,45,3,2457,0.1669,0.833,0.01,0.0094
2,FakeManilaV2,45,4,3276,0.1682,0.8316,0.0013,0.0014
2,FakeManilaV2,45,5,4095,0.1683,0.8317,0.0001,0.0001
2,FakeManilaV2,45,6,4914,0.1661,0.8339,0.0022,0.0023
2,FakeManilaV2,45,7,5733,0.1647,0.8353,0.0014,0.0014
2,FakeManilaV2,45,8,6552,0.1654,0.8345,0.0008,0.0008
2,FakeManilaV2,45,9,7371,0.1662,0.8338,0.0007,0.0007
2,FakeManilaV2,45,10,8192,0.1671,0.8329,0.0009,0.0009
2,FakeManilaV2,46,1,819,0.1673,0.8326,1.0,1.0
2,FakeManilaV2,46,2,1638,0.1587,0.8412,0.0085,0.0085
2,FakeManilaV2,46,3,2457,0.1591,0.8407,0.0004,0.0005
2,FakeManilaV2,46,4,3276,0.1621,0.8379,0.003,0.0028
2,FakeManilaV2,46,5,4095,0.1617,0.8383,0.0004,0.0004
2,FakeManilaV2,46,6,4914,0.1608,0.8392,0.0009,0.0009
2,FakeManilaV2,46,7,5733,0.1596,0.8404,0.0012,0.0012
2,FakeManilaV2,46,8,6552,0.1615,0.8385,0.0019,0.0019
2,FakeManilaV2,46,9,7371,0.1619,0.8381,0.0004,0.0004
2,FakeManilaV2,46,10,8192,0.1614,0.8386,0.0005,0.0005
2,FakeManilaV2,47,1,819,0.1661,0.8339,1.0,1.0
2,FakeManilaV2,47,2,1638,0.163,0.837,0.0031,0.003
2,FakeManilaV2,47,3,2457,0.1709,0.8291,0.0079,0.0079
2,FakeManilaV2,47,4,3276,0.1676,0.8324,0.0034,0.0033
2,FakeManilaV2,47,5,4095,0.1648,0.8351,0.0027,0.0027
2,FakeManilaV2,47,6,4914,0.1616,0.8384,0.0033,0.0033
2,FakeManilaV2,47,7,5733,0.1626,0.8374,0.001,0.001
2,FakeManilaV2,47,8,6552,0.1632,0.8368,0.0006,0.0006
2,FakeManilaV2,47,9,7371,0.1643,0.8356,0.0011,0.0011
2,FakeManilaV2,47,10,8192,0.1632,0.8367,0.0011,0.0011
2,FakeManilaV2,48,1,819,0.1526,0.8474,1.0,1.0
2,FakeManilaV2,48,2,1638,0.1538,0.846,0.0012,0.0013
2,FakeManilaV2,48,3,2457,0.153,0.8468,0.0008,0.0008
2,FakeManilaV2,48,4,3276,0.1529,0.847,0.0001,0.0002
2,FakeManilaV2,48,5,4095,0.1553,0.8446,0.0024,0.0024
2,FakeManilaV2,48,6,4914,0.1559,0.8439,0.0006,0.0007
2,FakeManilaV2,48,7,5733,0.1558,0.8441,0.0001,0.0002
2,FakeManilaV2,48,8,6552,0.1545,0.8454,0.0013,0.0013
2,FakeManilaV2,48,9,7371,0.1525,0.8474,0.002,0.002
2,FakeManilaV2,48,10,8192,0.1531,0.8467,0.0006,0.0006
2,FakeManilaV2,49,1,819,0.1477,0.8523,1.0,1.0
2,FakeManilaV2,49,2,1638,0.1581,0.8419,0.0104,0.0104
2,FakeManilaV2,49,3,2457,0.1624,0.8376,0.0043,0.0043
2,FakeManilaV2,49,4,3276,0.1639,0.8361,0.0015,0.0015
2,FakeManilaV2,49,5,4095,0.1668,0.8331,0.0029,0.0029
2,FakeManilaV2,49,6,4914,0.165,0.8349,0.0018,0.0018
2,FakeManilaV2,49,7,5733,0.1631,0.8369,0.0019,0.002
2,FakeManilaV2,49,8,6552,0.1612,0.8388,0.0019,0.0019
2,FakeManilaV2,49,9,7371,0.1593,0.8407,0.0019,0.0019
2,FakeManilaV2,49,10,8192,0.1614,0.8386,0.0021,0.0021
2,FakeManilaV2,50,1,819,0.1538,0.8461,1.0,1.0
2,FakeManilaV2,50,2,1638,0.1545,0.8454,0.0006,0.0007
2,FakeManilaV2,50,3,2457,0.1652,0.8348,0.0108,0.0107
2,FakeManilaV2,50,4,3276,0.1633,0.8367,0.0019,0.0019
2,FakeManilaV2,50,5,4095,0.1612,0.8388,0.0021,0.0022
2,FakeManilaV2,50,6,4914,0.162,0.838,0.0008,0.0008
2,FakeManilaV2,50,7,5733,0.1633,0.8367,0.0013,0.0013
2,FakeManilaV2,50,8,6552,0.163,0.837,0.0003,0.0003
2,FakeManilaV2,50,9,7371,0.161,0.839,0.002,0.002
2,FakeManilaV2,50,10,8192,0.1621,0.8379,0.0011,0.0011
2,FakeManilaV2,51,1,819,0.1709,0.829,1.0,1.0
2,FakeManilaV2,51,2,1638,0.1587,0.8412,0.0122,0.0122
2,FakeManilaV2,51,3,2457,0.1559,0.8441,0.0028,0.0029
2,FakeManilaV2,51,4,3276,0.1542,0.8458,0.0017,0.0017
2,FakeManilaV2,51,5,4095,0.1524,0.8476,0.0018,0.0017
2,FakeManilaV2,51,6,4914,0.1543,0.8457,0.0019,0.0019
2,FakeManilaV2,51,7,5733,0.1558,0.8442,0.0015,0.0015
2,FakeManilaV2,51,8,6552,0.1561,0.8439,0.0004,0.0004
2,FakeManilaV2,51,9,7371,0.157,0.843,0.0008,0.0008
2,FakeManilaV2,51,10,8192,0.1578,0.8422,0.0009,0.0009
2,FakeManilaV2,52,1,819,0.1514,0.8485,1.0,1.0
2,FakeManilaV2,52,2,1638,0.1636,0.8364,0.0122,0.0122
2,FakeManilaV2,52,3,2457,0.1604,0.8396,0.0033,0.0032
2,FakeManilaV2,52,4,3276,0.1545,0.8455,0.0059,0.0059
2,FakeManilaV2,52,5,4095,0.1575,0.8425,0.0031,0.003
2,FakeManilaV2,52,6,4914,0.1563,0.8437,0.0012,0.0012
2,FakeManilaV2,52,7,5733,0.1561,0.8439,0.0002,0.0002
2,FakeManilaV2,52,8,6552,0.1575,0.8425,0.0014,0.0014
2,FakeManilaV2,52,9,7371,0.16,0.84,0.0024,0.0024
2,FakeManilaV2,52,10,8192,0.1622,0.8378,0.0023,0.0023
2,FakeManilaV2,53,1,819,0.1856,0.8114,1.0,1.0
2,FakeManilaV2,53,2,1638,0.1825,0.816,0.0031,0.0046
2,FakeManilaV2,53,3,2457,0.1718,0.8278,0.0108,0.0119
2,FakeManilaV2,53,4,3276,0.1697,0.8301,0.002,0.0023
2,FakeManilaV2,53,5,4095,0.1665,0.8333,0.0032,0.0032
2,FakeManilaV2,53,6,4914,0.1677,0.8322,0.0011,0.001
2,FakeManilaV2,53,7,5733,0.1641,0.8357,0.0035,0.0035
2,FakeManilaV2,53,8,6552,0.1644,0.8356,0.0002,0.0002
2,FakeManilaV2,53,9,7371,0.1629,0.837,0.0014,0.0015
2,FakeManilaV2,53,10,8192,0.1599,0.8401,0.003,0.003
2,FakeManilaV2,54,1,819,0.1697,0.8299,1.0,1.0
2,FakeManilaV2,54,2,1638,0.152,0.848,0.0177,0.0181
2,FakeManilaV2,54,3,2457,0.1571,0.8428,0.0051,0.0052
2,FakeManilaV2,54,4,3276,0.1569,0.843,0.0002,0.0002
2,FakeManilaV2,54,5,4095,0.1573,0.8426,0.0004,0.0004
2,FakeManilaV2,54,6,4914,0.1559,0.8441,0.0014,0.0014
2,FakeManilaV2,54,7,5733,0.1559,0.844,0.0001,0.0001
2,FakeManilaV2,54,8,6552,0.1598,0.8401,0.0039,0.0038
2,FakeManilaV2,54,9,7371,0.1595,0.8404,0.0003,0.0003
2,FakeManilaV2,54,10,8192,0.1576,0.8423,0.002,0.002
2,FakeManilaV2,55,1,819,0.1392,0.8608,1.0,1.0
2,FakeManilaV2,55,2,1638,0.1453,0.8546,0.0061,0.0061
2,FakeManilaV2,55,3,2457,0.1433,0.8567,0.002,0.0021
2,FakeManilaV2,55,4,3276,0.1426,0.8574,0.0007,0.0007
2,FakeManilaV2,55,5,4095,0.1455,0.8544,0.003,0.003
2,FakeManilaV2,55,6,4914,0.1492,0.8508,0.0036,0.0036
2,FakeManilaV2,55,7,5733,0.1526,0.8473,0.0035,0.0035
2,FakeManilaV2,55,8,6552,0.1555,0.8443,0.0029,0.0029
2,FakeManilaV2,55,9,7371,0.1562,0.8438,0.0006,0.0006
2,FakeManilaV2,55,10,8192,0.1561,0.8438,0.0,0.0001
2,FakeManilaV2,56,1,819,0.1624,0.8375,1.0,1.0
2,FakeManilaV2,56,2,1638,0.1661,0.8328,0.0037,0.0047
2,FakeManilaV2,56,3,2457,0.1669,0.8319,0.0008,0.0009
2,FakeManilaV2,56,4,3276,0.1596,0.8397,0.0072,0.0078
2,FakeManilaV2,56,5,4095,0.1602,0.8395,0.0005,0.0002
2,FakeManilaV2,56,6,4914,0.1549,0.8449,0.0053,0.0054
2,FakeManilaV2,56,7,5733,0.1558,0.8441,0.0009,0.0008
2,FakeManilaV2,56,8,6552,0.1534,0.8466,0.0024,0.0025
2,FakeManilaV2,56,9,7371,0.1544,0.8456,0.001,0.001
2,FakeManilaV2,56,10,8192,0.1556,0.8444,0.0013,0.0013
2,FakeManilaV2,57,1,819,0.1429,0.8571,1.0,1.0
2,FakeManilaV2,57,2,1638,0.1551,0.8449,0.0122,0.0122
2,FakeManilaV2,57,3,2457,0.1579,0.842,0.0028,0.0029
2,FakeManilaV2,57,4,3276,0.1606,0.8394,0.0026,0.0026
2,FakeManilaV2,57,5,4095,0.1607,0.8393,0.0001,0.0001
2,FakeManilaV2,57,6,4914,0.1583,0.8417,0.0024,0.0024
2,FakeManilaV2,57,7,5733,0.158,0.8419,0.0003,0.0003
2,FakeManilaV2,57,8,6552,0.1564,0.8435,0.0016,0.0016
2,FakeManilaV2,57,9,7371,0.1567,0.8433,0.0003,0.0002
2,FakeManilaV2,57,10,8192,0.1549,0.8451,0.0018,0.0018
2,FakeManilaV2,58,1,819,0.1551,0.8444,1.0,1.0
2,FakeManilaV2,58,2,1638,0.1496,0.8498,0.0055,0.0054
2,FakeManilaV2,58,3,2457,0.153,0.8465,0.0035,0.0033
2,FakeManilaV2,58,4,3276,0.16,0.8399,0.0069,0.0067
2,FakeManilaV2,58,5,4095,0.1573,0.8426,0.0027,0.0027
2,FakeManilaV2,58,6,4914,0.1606,0.8393,0.0033,0.0032
2,FakeManilaV2,58,7,5733,0.162,0.8377,0.0015,0.0016
2,FakeManilaV2,58,8,6552,0.1619,0.8378,0.0001,0.0
2,FakeManilaV2,58,9,7371,0.1606,0.8392,0.0013,0.0014
2,FakeManilaV2,58,10,8192,0.1595,0.8403,0.0011,0.0011
2,FakeManilaV2,59,1,819,0.16,0.84,1.0,1.0
2,FakeManilaV2,59,2,1638,0.1575,0.8423,0.0024,0.0023
2,FakeManilaV2,59,3,2457,0.16,0.84,0.0024,0.0023
2,FakeManilaV2,59,4,3276,0.156,0.844,0.004,0.004
2,FakeManilaV2,59,5,4095,0.1563,0.8437,0.0003,0.0003
2,FakeManilaV2,59,6,4914,0.1549,0.8451,0.0014,0.0014
2,FakeManilaV2,59,7,5733,0.1542,0.8457,0.0007,0.0006
2,FakeManilaV2,59,8,6552,0.1549,0.8449,0.0007,0.0008
2,FakeManilaV2,59,9,7371,0.1549,0.845,0.0,0.0001
2,FakeManilaV2,59,10,8192,0.1548,0.8452,0.0001,0.0002
2,FakeManilaV2,60,1,819,0.1477,0.8519,1.0,1.0
2,FakeManilaV2,60,2,1638,0.152,0.8477,0.0043,0.0042
2,FakeManilaV2,60,3,2457,0.1494,0.8505,0.0026,0.0028
2,FakeManilaV2,60,4,3276,0.152,0.8479,0.0026,0.0026
2,FakeManilaV2,60,5,4095,0.156,0.8439,0.004,0.004
2,FakeManilaV2,60,6,4914,0.16,0.84,0.0039,0.0039
2,FakeManilaV2,60,7,5733,0.1641,0.8359,0.0042,0.0042
2,FakeManilaV2,60,8,6552,0.1618,0.8382,0.0024,0.0023
2,FakeManilaV2,60,9,7371,0.1614,0.8385,0.0003,0.0003
2,FakeManilaV2,60,10,8192,0.1627,0.8372,0.0013,0.0013
2,FakeManilaV2,61,1,819,0.1563,0.8436,1.0,1.0
2,FakeManilaV2,61,2,1638,0.1661,0.8339,0.0098,0.0097
2,FakeManilaV2,61,3,2457,0.1595,0.8404,0.0065,0.0065
2,FakeManilaV2,61,4,3276,0.1578,0.8422,0.0017,0.0017
2,FakeManilaV2,61,5,4095,0.1582,0.8417,0.0004,0.0005
2,FakeManilaV2,61,6,4914,0.1526,0.8473,0.0056,0.0056
2,FakeManilaV2,61,7,5733,0.1512,0.8487,0.0014,0.0014
2,FakeManilaV2,61,8,6552,0.1561,0.8438,0.0049,0.0049
2,FakeManilaV2,61,9,7371,0.1578,0.8421,0.0016,0.0017
2,FakeManilaV2,61,10,8192,0.1576,0.8423,0.0002,0.0002
2,FakeManilaV2,62,1,819,0.1612,0.8385,1.0,1.0
2,FakeManilaV2,62,2,1638,0.1508,0.8492,0.0104,0.0107
2,FakeManilaV2,62,3,2457,0.1502,0.8497,0.0006,0.0005
2,FakeManilaV2,62,4,3276,0.1557,0.8442,0.0055,0.0055
2,FakeManilaV2,62,5,4095,0.1521,0.8478,0.0035,0.0036
2,FakeManilaV2,62,6,4914,0.152,0.848,0.0001,0.0001
2,FakeManilaV2,62,7,5733,0.1516,0.8484,0.0004,0.0004
2,FakeManilaV2,62,8,6552,0.1505,0.8495,0.0011,0.0011
2,FakeManilaV2,62,9,7371,0.1496,0.8504,0.0008,0.0009
2,FakeManilaV2,62,10,8192,0.1517,0.8483,0.0021,0.0021
2,FakeManilaV2,63,1,819,0.1868,0.8108,1.0,1.0
2,FakeManilaV2,63,2,1638,0.1807,0.8179,0.0061,0.0071
2,FakeManilaV2,63,3,2457,0.1705,0.8288,0.0102,0.0109
2,FakeManilaV2,63,4,3276,0.1731,0.8264,0.0025,0.0023
2,FakeManilaV2,63,5,4095,0.1687,0.831,0.0043,0.0046
2,FakeManilaV2,63,6,4914,0.1671,0.8326,0.0017,0.0016
2,FakeManilaV2,63,7,5733,0.1638,0.8359,0.0033,0.0033
2,FakeManilaV2,63,8,6552,0.1621,0.8375,0.0017,0.0016
2,FakeManilaV2,63,9,7371,0.1623,0.8374,0.0002,0.0001
2,FakeManilaV2,63,10,8192,0.16,0.8398,0.0022,0.0024
2,FakeManilaV2,64,1,819,0.1697,0.8303,1.0,1.0
2,FakeManilaV2,64,2,1638,0.152,0.8479,0.0177,0.0176
2,FakeManilaV2,64,3,2457,0.1547,0.8452,0.0026,0.0027
2,FakeManilaV2,64,4,3276,0.1508,0.8491,0.0039,0.0039
2,FakeManilaV2,64,5,4095,0.1495,0.8505,0.0013,0.0013
2,FakeManilaV2,64,6,4914,0.1534,0.8465,0.004,0.004
2,FakeManilaV2,64,7,5733,0.1554,0.8445,0.002,0.002
2,FakeManilaV2,64,8,6552,0.1555,0.8443,0.0001,0.0002
2,FakeManilaV2,64,9,7371,0.1547,0.8452,0.0009,0.0008
2,FakeManilaV2,64,10,8192,0.1552,0.8447,0.0005,0.0005
2,FakeManilaV2,65,1,819,0.1575,0.8425,1.0,1.0
2,FakeManilaV2,65,2,1638,0.1587,0.8409,0.0012,0.0016
2,FakeManilaV2,65,3,2457,0.1673,0.8324,0.0085,0.0086
2,FakeManilaV2,65,4,3276,0.1722,0.8277,0.0049,0.0047
2,FakeManilaV2,65,5,4095,0.1683,0.8314,0.0039,0.0037
2,FakeManilaV2,65,6,4914,0.1663,0.8335,0.002,0.0021
2,FakeManilaV2,65,7,5733,0.1643,0.8355,0.0019,0.002
2,FakeManilaV2,65,8,6552,0.1645,0.8353,0.0002,0.0002
2,FakeManilaV2,65,9,7371,0.1624,0.8375,0.0021,0.0022
2,FakeManilaV2,65,10,8192,0.1621,0.8377,0.0003,0.0003
2,FakeManilaV2,66,1,819,0.1697,0.8303,1.0,1.0
2,FakeManilaV2,66,2,1638,0.1587,0.8413,0.011,0.011
2,FakeManilaV2,66,3,2457,0.153,0.8469,0.0057,0.0057
2,FakeManilaV2,66,4,3276,0.1569,0.8431,0.0039,0.0039
2,FakeManilaV2,66,5,4095,0.1529,0.8471,0.004,0.0041
2,FakeManilaV2,66,6,4914,0.1583,0.8417,0.0055,0.0054
2,FakeManilaV2,66,7,5733,0.1594,0.8406,0.0011,0.0011
2,FakeManilaV2,66,8,6552,0.159,0.841,0.0004,0.0004
2,FakeManilaV2,66,9,7371,0.1586,0.8414,0.0004,0.0005
2,FakeManilaV2,66,10,8192,0.1582,0.8418,0.0004,0.0004
2,FakeManilaV2,67,1,819,0.1587,0.8411,1.0,1.0
2,FakeManilaV2,67,2,1638,0.1569,0.8431,0.0018,0.0019
2,FakeManilaV2,67,3,2457,0.1555,0.8445,0.0014,0.0015
2,FakeManilaV2,67,4,3276,0.16,0.84,0.0045,0.0045
2,FakeManilaV2,67,5,4095,0.1556,0.8444,0.0044,0.0044
2,FakeManilaV2,67,6,4914,0.1565,0.8435,0.0009,0.0009
2,FakeManilaV2,67,7,5733,0.1565,0.8435,0.0,0.0
2,FakeManilaV2,67,8,6552,0.1529,0.8471,0.0035,0.0035
2,FakeManilaV2,67,9,7371,0.1538,0.8461,0.0009,0.0009
2,FakeManilaV2,67,10,8192,0.1544,0.8456,0.0006,0.0006
2,FakeManilaV2,68,1,819,0.1233,0.8765,1.0,1.0
2,FakeManilaV2,68,2,1638,0.1386,0.8608,0.0153,0.0158
2,FakeManilaV2,68,3,2457,0.1404,0.8595,0.0018,0.0013
2,FakeManilaV2,68,4,3276,0.1441,0.8556,0.0037,0.0038
2,FakeManilaV2,68,5,4095,0.1448,0.8551,0.0007,0.0005
2,FakeManilaV2,68,6,4914,0.1469,0.8531,0.0021,0.0021
2,FakeManilaV2,68,7,5733,0.1479,0.8521,0.001,0.001
2,FakeManilaV2,68,8,6552,0.1516,0.8484,0.0036,0.0036
2,FakeManilaV2,68,9,7371,0.1517,0.8483,0.0001,0.0001
2,FakeManilaV2,68,10,8192,0.1526,0.8474,0.0009,0.0009
2,FakeManilaV2,69,1,819,0.1514,0.8483,1.0,1.0
2,FakeManilaV2,69,2,1638,0.1526,0.8474,0.0012,0.0009
2,FakeManilaV2,69,3,2457,0.153,0.847,0.0004,0.0004
2,FakeManilaV2,69,4,3276,0.1511,0.8489,0.0019,0.0019
2,FakeManilaV2,69,5,4095,0.1531,0.8469,0.002,0.002
2,FakeManilaV2,69,6,4914,0.1591,0.8408,0.006,0.006
2,FakeManilaV2,69,7,5733,0.1612,0.8388,0.002,0.002
2,FakeManilaV2,69,8,6552,0.1619,0.8381,0.0008,0.0007
2,FakeManilaV2,69,9,7371,0.161,0.839,0.0009,0.0009
2,FakeManilaV2,69,10,8192,0.1595,0.8405,0.0015,0.0015
2,FakeManilaV2,70,1,819,0.1514,0.8486,1.0,1.0
2,FakeManilaV2,70,2,1638,0.1453,0.8547,0.0061,0.0061
2,FakeManilaV2,70,3,2457,0.149,0.851,0.0037,0.0036
2,FakeManilaV2,70,4,3276,0.1563,0.8437,0.0073,0.0073
2,FakeManilaV2,70,5,4095,0.1582,0.8418,0.002,0.002
2,FakeManilaV2,70,6,4914,0.1575,0.8425,0.0007,0.0007
2,FakeManilaV2,70,7,5733,0.1575,0.8424,0.0,0.0
2,FakeManilaV2,70,8,6552,0.1587,0.8412,0.0012,0.0012
2,FakeManilaV2,70,9,7371,0.1613,0.8387,0.0026,0.0025
2,FakeManilaV2,70,10,8192,0.1628,0.8372,0.0015,0.0015
2,FakeManilaV2,71,1,819,0.1502,0.8498,1.0,1.0
2,FakeManilaV2,71,2,1638,0.1575,0.8425,0.0073,0.0073
2,FakeManilaV2,71,3,2457,0.1583,0.8417,0.0008,0.0008
2,FakeManilaV2,71,4,3276,0.1526,0.8474,0.0057,0.0057
2,FakeManilaV2,71,5,4095,0.1573,0.8427,0.0046,0.0047
2,FakeManilaV2,71,6,4914,0.1553,0.8447,0.002,0.002
2,FakeManilaV2,71,7,5733,0.1572,0.8428,0.0019,0.0019
2,FakeManilaV2,71,8,6552,0.1606,0.8394,0.0034,0.0034
2,FakeManilaV2,71,9,7371,0.1597,0.8403,0.0009,0.0009
2,FakeManilaV2,71,10,8192,0.1589,0.841,0.0007,0.0008
2,FakeManilaV2,72,1,819,0.1612,0.8388,1.0,1.0
2,FakeManilaV2,72,2,1638,0.1502,0.8498,0.011,0.011
2,FakeManilaV2,72,3,2457,0.1567,0.8432,0.0065,0.0065
2,FakeManilaV2,72,4,3276,0.1612,0.8387,0.0045,0.0045
2,FakeManilaV2,72,5,4095,0.1565,0.8434,0.0046,0.0047
2,FakeManilaV2,72,6,4914,0.1528,0.8471,0.0037,0.0037
2,FakeManilaV2,72,7,5733,0.1552,0.8446,0.0024,0.0024
2,FakeManilaV2,72,8,6552,0.1557,0.8443,0.0004,0.0004
2,FakeManilaV2,72,9,7371,0.1522,0.8477,0.0035,0.0035
2,FakeManilaV2,72,10,8192,0.1523,0.8476,0.0001,0.0002
2,FakeManilaV2,73,1,819,0.1526,0.8474,1.0,1.0
2,FakeManilaV2,73,2,1638,0.1563,0.8437,0.0037,0.0037
2,FakeManilaV2,73,3,2457,0.1591,0.8408,0.0028,0.0029
2,FakeManilaV2,73,4,3276,0.1566,0.8433,0.0025,0.0024
2,FakeManilaV2,73,5,4095,0.1565,0.8434,0.0001,0.0001
2,FakeManilaV2,73,6,4914,0.1583,0.8415,0.0018,0.0018
2,FakeManilaV2,73,7,5733,0.1626,0.8374,0.0042,0.0041
2,FakeManilaV2,73,8,6552,0.1627,0.8372,0.0001,0.0002
2,FakeManilaV2,73,9,7371,0.1633,0.8365,0.0006,0.0007
2,FakeManilaV2,73,10,8192,0.1658,0.8341,0.0024,0.0024
2,FakeManilaV2,74,1,819,0.1636,0.8362,1.0,1.0
2,FakeManilaV2,74,2,1638,0.1465,0.8535,0.0171,0.0173
2,FakeManilaV2,74,3,2457,0.1595,0.8404,0.013,0.0131
2,FakeManilaV2,74,4,3276,0.1627,0.8372,0.0032,0.0032
2,FakeManilaV2,74,5,4095,0.16,0.84,0.0027,0.0028
2,FakeManilaV2,74,6,4914,0.1608,0.8392,0.0008,0.0008
2,FakeManilaV2,74,7,5733,0.1603,0.8397,0.0005,0.0005
2,FakeManilaV2,74,8,6552,0.1609,0.8391,0.0006,0.0006
2,FakeManilaV2,74,9,7371,0.1614,0.8385,0.0006,0.0006
2,FakeManilaV2,74,10,8192,0.1609,0.8391,0.0006,0.0006
2,FakeManilaV2,75,1,819,0.1477,0.8522,1.0,1.0
2,FakeManilaV2,75,2,1638,0.1569,0.8431,0.0092,0.0091
2,FakeManilaV2,75,3,2457,0.1595,0.8404,0.0026,0.0027
2,FakeManilaV2,75,4,3276,0.1615,0.8385,0.0019,0.0019
2,FakeManilaV2,75,5,4095,0.1558,0.8442,0.0057,0.0057
2,FakeManilaV2,75,6,4914,0.1569,0.8431,0.0011,0.0011
2,FakeManilaV2,75,7,5733,0.1577,0.8423,0.0008,0.0008
2,FakeManilaV2,75,8,6552,0.1557,0.8443,0.002,0.002
2,FakeManilaV2,75,9,7371,0.1571,0.8429,0.0014,0.0014
2,FakeManilaV2,75,10,8192,0.155,0.845,0.0021,0.0021
2,FakeManilaV2,76,1,819,0.1514,0.8484,1.0,1.0
2,FakeManilaV2,76,2,1638,0.1642,0.8356,0.0128,0.0128
2,FakeManilaV2,76,3,2457,0.1636,0.8363,0.0006,0.0007
2,FakeManilaV2,76,4,3276,0.1639,0.8361,0.0003,0.0003
2,FakeManilaV2,76,5,4095,0.1619,0.8381,0.002,0.002
2,FakeManilaV2,76,6,4914,0.1597,0.8402,0.0022,0.0021
2,FakeManilaV2,76,7,5733,0.1596,0.8404,0.0001,0.0002
2,FakeManilaV2,76,8,6552,0.161,0.839,0.0014,0.0014
2,FakeManilaV2,76,9,7371,0.1624,0.8376,0.0014,0.0014
2,FakeManilaV2,76,10,8192,0.1632,0.8368,0.0008,0.0008
2,FakeManilaV2,77,1,819,0.1624,0.8375,1.0,1.0
2,FakeManilaV2,77,2,1638,0.1593,0.8405,0.0031,0.0029
2,FakeManilaV2,77,3,2457,0.1652,0.8347,0.0059,0.0058
2,FakeManilaV2,77,4,3276,0.1648,0.8352,0.0004,0.0004
2,FakeManilaV2,77,5,4095,0.1631,0.8368,0.0017,0.0017
2,FakeManilaV2,77,6,4914,0.1626,0.8374,0.0005,0.0006
2,FakeManilaV2,77,7,5733,0.1598,0.8402,0.0028,0.0028
2,FakeManilaV2,77,8,6552,0.1592,0.8408,0.0006,0.0006
2,FakeManilaV2,77,9,7371,0.1572,0.8428,0.002,0.0019
2,FakeManilaV2,77,10,8192,0.1576,0.8424,0.0004,0.0004
2,FakeManilaV2,78,1,819,0.1453,0.8547,1.0,1.0
2,FakeManilaV2,78,2,1638,0.1636,0.8362,0.0183,0.0186
2,FakeManilaV2,78,3,2457,0.1616,0.8383,0.002,0.0021
2,FakeManilaV2,78,4,3276,0.1603,0.8397,0.0013,0.0014
2,FakeManilaV2,78,5,4095,0.1597,0.8403,0.0005,0.0005
2,FakeManilaV2,78,6,4914,0.1612,0.8388,0.0015,0.0015
2,FakeManilaV2,78,7,5733,0.1612,0.8388,0.0,0.0
2,FakeManilaV2,78,8,6552,0.1598,0.8401,0.0014,0.0013
2,FakeManilaV2,78,9,7371,0.1581,0.8419,0.0017,0.0018
2,FakeManilaV2,78,10,8192,0.1578,0.8421,0.0002,0.0002
2,FakeManilaV2,79,1,819,0.1575,0.8419,1.0,1.0
2,FakeManilaV2,79,2,1638,0.1642,0.835,0.0067,0.0069
2,FakeManilaV2,79,3,2457,0.1656,0.8339,0.0014,0.001
2,FakeManilaV2,79,4,3276,0.1621,0.8377,0.0036,0.0038
2,FakeManilaV2,79,5,4095,0.1602,0.8398,0.0019,0.0021
2,FakeManilaV2,79,6,4914,0.1581,0.8418,0.0021,0.002
2,FakeManilaV2,79,7,5733,0.1549,0.845,0.0032,0.0032
2,FakeManilaV2,79,8,6552,0.1551,0.8448,0.0002,0.0001
2,FakeManilaV2,79,9,7371,0.1571,0.8428,0.002,0.002
2,FakeManilaV2,79,10,8192,0.1577,0.8422,0.0006,0.0006
2,FakeManilaV2,80,1,819,0.1477,0.8522,1.0,1.0
2,FakeManilaV2,80,2,1638,0.1514,0.8486,0.0037,0.0037
2,FakeManilaV2,80,3,2457,0.1583,0.8416,0.0069,0.0069
2,FakeManilaV2,80,4,3276,0.163,0.837,0.0047,0.0046
2,FakeManilaV2,80,5,4095,0.1587,0.8412,0.0043,0.0042
2,FakeManilaV2,80,6,4914,0.1547,0.8453,0.0041,0.0041
2,FakeManilaV2,80,7,5733,0.1542,0.8458,0.0005,0.0005
2,FakeManilaV2,80,8,6552,0.1529,0.8471,0.0013,0.0013
2,FakeManilaV2,80,9,7371,0.1515,0.8484,0.0014,0.0014
2,FakeManilaV2,80,10,8192,0.153,0.847,0.0014,0.0014
2,FakeManilaV2,81,1,819,0.1709,0.829,1.0,1.0
2,FakeManilaV2,81,2,1638,0.1581,0.8418,0.0128,0.0128
2,FakeManilaV2,81,3,2457,0.1628,0.8372,0.0047,0.0046
2,FakeManilaV2,81,4,3276,0.156,0.844,0.0068,0.0068
2,FakeManilaV2,81,5,4095,0.1514,0.8486,0.0046,0.0046
2,FakeManilaV2,81,6,4914,0.1524,0.8476,0.001,0.001
2,FakeManilaV2,81,7,5733,0.1512,0.8488,0.0012,0.0012
2,FakeManilaV2,81,8,6552,0.1497,0.8503,0.0015,0.0015
2,FakeManilaV2,81,9,7371,0.1515,0.8484,0.0018,0.0018
2,FakeManilaV2,81,10,8192,0.1534,0.8466,0.0019,0.0019
2,FakeManilaV2,82,1,819,0.1331,0.8667,1.0,1.0
2,FakeManilaV2,82,2,1638,0.149,0.8506,0.0159,0.016
2,FakeManilaV2,82,3,2457,0.149,0.8508,0.0,0.0002
2,FakeManilaV2,82,4,3276,0.1484,0.8516,0.0006,0.0007
2,FakeManilaV2,82,5,4095,0.1497,0.8502,0.0013,0.0013
2,FakeManilaV2,82,6,4914,0.1502,0.8497,0.0005,0.0005
2,FakeManilaV2,82,7,5733,0.1516,0.8484,0.0014,0.0013
2,FakeManilaV2,82,8,6552,0.1558,0.8441,0.0043,0.0042
2,FakeManilaV2,82,9,7371,0.1563,0.8436,0.0005,0.0005
2,FakeManilaV2,82,10,8192,0.1573,0.8426,0.0011,0.001
2,FakeManilaV2,83,1,819,0.1648,0.8349,1.0,1.0
2,FakeManilaV2,83,2,1638,0.1612,0.8388,0.0037,0.0039
2,FakeManilaV2,83,3,2457,0.1604,0.8396,0.0008,0.0008
2,FakeManilaV2,83,4,3276,0.1584,0.8415,0.0019,0.0019
2,FakeManilaV2,83,5,4095,0.1556,0.8444,0.0029,0.0029
2,FakeManilaV2,83,6,4914,0.1579,0.842,0.0024,0.0024
2,FakeManilaV2,83,7,5733,0.1559,0.844,0.002,0.002
2,FakeManilaV2,83,8,6552,0.1566,0.8434,0.0007,0.0006
2,FakeManilaV2,83,9,7371,0.1585,0.8415,0.0019,0.0019
2,FakeManilaV2,83,10,8192,0.157,0.843,0.0015,0.0015
2,FakeManilaV2,84,1,819,0.1575,0.8425,1.0,1.0
2,FakeManilaV2,84,2,1638,0.1563,0.8436,0.0012,0.0011
2,FakeManilaV2,84,3,2457,0.1567,0.8431,0.0004,0.0004
2,FakeManilaV2,84,4,3276,0.152,0.8479,0.0047,0.0048
2,FakeManilaV2,84,5,4095,0.1551,0.8449,0.0031,0.003
2,FakeManilaV2,84,6,4914,0.1569,0.8431,0.0018,0.0018
2,FakeManilaV2,84,7,5733,0.1558,0.8442,0.0011,0.0011
2,FakeManilaV2,84,8,6552,0.1555,0.8445,0.0002,0.0002
2,FakeManilaV2,84,9,7371,0.1548,0.8452,0.0007,0.0007
2,FakeManilaV2,84,10,8192,0.1536,0.8464,0.0012,0.0012
2,FakeManilaV2,85,1,819,0.1538,0.8461,1.0,1.0
2,FakeManilaV2,85,2,1638,0.1612,0.8388,0.0073,0.0073
2,FakeManilaV2,85,3,2457,0.1494,0.8505,0.0118,0.0117
2,FakeManilaV2,85,4,3276,0.1487,0.8509,0.0007,0.0004
2,FakeManilaV2,85,5,4095,0.1475,0.852,0.0012,0.0011
2,FakeManilaV2,85,6,4914,0.15,0.8499,0.0025,0.0022
2,FakeManilaV2,85,7,5733,0.1497,0.85,0.0003,0.0001
2,FakeManilaV2,85,8,6552,0.1543,0.8454,0.0046,0.0046
2,FakeManilaV2,85,9,7371,0.1567,0.843,0.0024,0.0024
2,FakeManilaV2,85,10,8192,0.1567,0.843,0.0,0.0
2,FakeManilaV2,86,1,819,0.1563,0.843,1.0,1.0
2,FakeManilaV2,86,2,1638,0.1606,0.8393,0.0043,0.0037
2,FakeManilaV2,86,3,2457,0.153,0.847,0.0075,0.0076
2,FakeManilaV2,86,4,3276,0.1584,0.8416,0.0054,0.0054
2,FakeManilaV2,86,5,4095,0.1614,0.8386,0.003,0.003
2,FakeManilaV2,86,6,4914,0.1636,0.8364,0.0022,0.0022
2,FakeManilaV2,86,7,5733,0.1626,0.8374,0.001,0.0011
2,FakeManilaV2,86,8,6552,0.1604,0.8396,0.0022,0.0022
2,FakeManilaV2,86,9,7371,0.1591,0.8409,0.0013,0.0013
2,FakeManilaV2,86,10,8192,0.1604,0.8396,0.0013,0.0013
2,FakeManilaV2,87,1,819,0.1624,0.8376,1.0,1.0
2,FakeManilaV2,87,2,1638,0.1581,0.8419,0.0043,0.0043
2,FakeManilaV2,87,3,2457,0.1514,0.8485,0.0067,0.0066
2,FakeManilaV2,87,4,3276,0.1496,0.8503,0.0018,0.0018
2,FakeManilaV2,87,5,4095,0.1519,0.848,0.0023,0.0023
2,FakeManilaV2,87,6,4914,0.1569,0.843,0.005,0.005
2,FakeManilaV2,87,7,5733,0.1552,0.8447,0.0017,0.0017
2,FakeManilaV2,87,8,6552,0.1534,0.8466,0.0019,0.0019
2,FakeManilaV2,87,9,7371,0.1556,0.8444,0.0022,0.0022
2,FakeManilaV2,87,10,8192,0.1559,0.8441,0.0003,0.0003
2,FakeManilaV2,88,1,819,0.1746,0.8252,1.0,1.0
2,FakeManilaV2,88,2,1638,0.163,0.837,0.0116,0.0118
2,FakeManilaV2,88,3,2457,0.1616,0.8384,0.0014,0.0014
2,FakeManilaV2,88,4,3276,0.1609,0.8391,0.0007,0.0007
2,FakeManilaV2,88,5,4095,0.1585,0.8415,0.0024,0.0024
2,FakeManilaV2,88,6,4914,0.1571,0.8429,0.0014,0.0014
2,FakeManilaV2,88,7,5733,0.1566,0.8434,0.0005,0.0005
2,FakeManilaV2,88,8,6552,0.1584,0.8416,0.0018,0.0018
2,FakeManilaV2,88,9,7371,0.1574,0.8426,0.0011,0.0011
2,FakeManilaV2,88,10,8192,0.1586,0.8414,0.0012,0.0012
2,FakeManilaV2,89,1,819,0.1416,0.8583,1.0,1.0
2,FakeManilaV2,89,2,1638,0.1465,0.8531,0.0049,0.0052
2,FakeManilaV2,89,3,2457,0.151,0.8489,0.0045,0.0042
2,FakeManilaV2,89,4,3276,0.1484,0.8516,0.0026,0.0028
2,FakeManilaV2,89,5,4095,0.1504,0.8496,0.0021,0.0021
2,FakeManilaV2,89,6,4914,0.1551,0.8449,0.0046,0.0046
2,FakeManilaV2,89,7,5733,0.1552,0.8448,0.0002,0.0002
2,FakeManilaV2,89,8,6552,0.156,0.844,0.0007,0.0007
2,FakeManilaV2,89,9,7371,0.1586,0.8414,0.0026,0.0026
2,FakeManilaV2,89,10,8192,0.1593,0.8407,0.0007,0.0007
2,FakeManilaV2,90,1,819,0.1868,0.8128,1.0,1.0
2,FakeManilaV2,90,2,1638,0.1679,0.8321,0.0189,0.0193
2,FakeManilaV2,90,3,2457,0.1693,0.8307,0.0014,0.0014
2,FakeManilaV2,90,4,3276,0.1642,0.8357,0.0051,0.0051
2,FakeManilaV2,90,5,4095,0.1621,0.8378,0.0021,0.0021
2,FakeManilaV2,90,6,4914,0.1624,0.8375,0.0002,0.0003
2,FakeManilaV2,90,7,5733,0.1617,0.8383,0.0007,0.0008
2,FakeManilaV2,90,8,6552,0.1606,0.8394,0.0011,0.0011
2,FakeManilaV2,90,9,7371,0.1589,0.8411,0.0017,0.0017
2,FakeManilaV2,90,10,8192,0.1571,0.8429,0.0018,0.0018
2,FakeManilaV2,91,1,819,0.1697,0.8302,1.0,1.0
2,FakeManilaV2,91,2,1638,0.16,0.8399,0.0098,0.0097
2,FakeManilaV2,91,3,2457,0.1656,0.8344,0.0057,0.0056
2,FakeManilaV2,91,4,3276,0.1636,0.8364,0.002,0.002
2,FakeManilaV2,91,5,4095,0.1643,0.8357,0.0007,0.0007
2,FakeManilaV2,91,6,4914,0.16,0.84,0.0044,0.0044
2,FakeManilaV2,91,7,5733,0.1587,0.8413,0.0012,0.0012
2,FakeManilaV2,91,8,6552,0.1609,0.8391,0.0021,0.0021
2,FakeManilaV2,91,9,7371,0.1619,0.8381,0.001,0.001
2,FakeManilaV2,91,10,8192,0.1628,0.8371,0.001,0.001
2,FakeManilaV2,92,1,819,0.1538,0.8457,1.0,1.0
2,FakeManilaV2,92,2,1638,0.1624,0.8375,0.0085,0.0082
2,FakeManilaV2,92,3,2457,0.1604,0.8396,0.002,0.0021
2,FakeManilaV2,92,4,3276,0.156,0.844,0.0044,0.0044
2,FakeManilaV2,92,5,4095,0.1563,0.8437,0.0003,0.0003
2,FakeManilaV2,92,6,4914,0.1559,0.8441,0.0004,0.0004
2,FakeManilaV2,92,7,5733,0.1563,0.8437,0.0004,0.0004
2,FakeManilaV2,92,8,6552,0.1545,0.8455,0.0018,0.0018
2,FakeManilaV2,92,9,7371,0.1524,0.8476,0.0021,0.0021
2,FakeManilaV2,92,10,8192,0.1519,0.8481,0.0005,0.0005
2,FakeManilaV2,93,1,819,0.1416,0.858,1.0,1.0
2,FakeManilaV2,93,2,1638,0.1459,0.8537,0.0043,0.0043
2,FakeManilaV2,93,3,2457,0.1579,0.842,0.012,0.0118
2,FakeManilaV2,93,4,3276,0.1569,0.843,0.001,0.0011
2,FakeManilaV2,93,5,4095,0.1553,0.8447,0.0016,0.0016
2,FakeManilaV2,93,6,4914,0.1514,0.8486,0.0039,0.0039
2,FakeManilaV2,93,7,5733,0.1476,0.8524,0.0038,0.0038
2,FakeManilaV2,93,8,6552,0.1461,0.8539,0.0015,0.0015
2,FakeManilaV2,93,9,7371,0.1468,0.8532,0.0007,0.0007
2,FakeManilaV2,93,10,8192,0.1479,0.852,0.0012,0.0012
2,FakeManilaV2,94,1,819,0.1758,0.8241,1.0,1.0
2,FakeManilaV2,94,2,1638,0.1606,0.8394,0.0153,0.0153
2,FakeManilaV2,94,3,2457,0.1636,0.8364,0.0031,0.0031
2,FakeManilaV2,94,4,3276,0.1642,0.8358,0.0006,0.0006
2,FakeManilaV2,94,5,4095,0.16,0.84,0.0043,0.0043
2,FakeManilaV2,94,6,4914,0.162,0.838,0.002,0.0021
2,FakeManilaV2,94,7,5733,0.16,0.84,0.002,0.002
2,FakeManilaV2,94,8,6552,0.159,0.8409,0.0009,0.0009
2,FakeManilaV2,94,9,7371,0.159,0.841,0.0,0.0001
2,FakeManilaV2,94,10,8192,0.1586,0.8414,0.0004,0.0004
2,FakeManilaV2,95,1,819,0.1575,0.842,1.0,1.0
2,FakeManilaV2,95,2,1638,0.1587,0.8411,0.0012,0.0009
2,FakeManilaV2,95,3,2457,0.1571,0.8427,0.0016,0.0016
2,FakeManilaV2,95,4,3276,0.159,0.8408,0.0019,0.002
2,FakeManilaV2,95,5,4095,0.1607,0.8391,0.0016,0.0017
2,FakeManilaV2,95,6,4914,0.1626,0.8372,0.0019,0.0019
2,FakeManilaV2,95,7,5733,0.1617,0.8381,0.0009,0.001
2,FakeManilaV2,95,8,6552,0.1635,0.8365,0.0018,0.0017
2,FakeManilaV2,95,9,7371,0.1632,0.8368,0.0003,0.0003
2,FakeManilaV2,95,10,8192,0.1637,0.8363,0.0005,0.0005
2,FakeManilaV2,96,1,819,0.16,0.84,1.0,1.0
2,FakeManilaV2,96,2,1638,0.1679,0.8319,0.0079,0.0081
2,FakeManilaV2,96,3,2457,0.1591,0.8406,0.0088,0.0087
2,FakeManilaV2,96,4,3276,0.1581,0.8418,0.001,0.0012
2,FakeManilaV2,96,5,4095,0.1538,0.8461,0.0043,0.0043
2,FakeManilaV2,96,6,4914,0.1573,0.8427,0.0035,0.0034
2,FakeManilaV2,96,7,5733,0.1575,0.8425,0.0002,0.0002
2,FakeManilaV2,96,8,6552,0.1555,0.8445,0.002,0.002
2,FakeManilaV2,96,9,7371,0.1564,0.8436,0.0009,0.0009
2,FakeManilaV2,96,10,8192,0.1573,0.8427,0.0009,0.0009
2,FakeManilaV2,97,1,819,0.177,0.823,1.0,1.0
2,FakeManilaV2,97,2,1638,0.16,0.84,0.0171,0.0171
2,FakeManilaV2,97,3,2457,0.1579,0.842,0.002,0.002
2,FakeManilaV2,97,4,3276,0.159,0.841,0.0011,0.0011
2,FakeManilaV2,97,5,4095,0.1534,0.8466,0.0057,0.0057
2,FakeManilaV2,97,6,4914,0.1534,0.8465,0.0001,0.0001
2,FakeManilaV2,97,7,5733,0.1544,0.8456,0.0009,0.0009
2,FakeManilaV2,97,8,6552,0.1545,0.8455,0.0001,0.0001
2,FakeManilaV2,97,9,7371,0.1547,0.8453,0.0002,0.0002
2,FakeManilaV2,97,10,8192,0.1555,0.8445,0.0009,0.0008
2,FakeManilaV2,98,1,819,0.1575,0.8421,1.0,1.0
2,FakeManilaV2,98,2,1638,0.1618,0.8378,0.0043,0.0043
2,FakeManilaV2,98,3,2457,0.1628,0.837,0.001,0.0008
2,FakeManilaV2,98,4,3276,0.1578,0.8421,0.005,0.0051
2,FakeManilaV2,98,5,4095,0.1609,0.839,0.0031,0.0031
2,FakeManilaV2,98,6,4914,0.1624,0.8375,0.0015,0.0015
2,FakeManilaV2,98,7,5733,0.1617,0.8383,0.0007,0.0007
2,FakeManilaV2,98,8,6552,0.1622,0.8377,0.0005,0.0006
2,FakeManilaV2,98,9,7371,0.1624,0.8375,0.0002,0.0001
2,FakeManilaV2,98,10,8192,0.1624,0.8376,0.0,0.0001
2,FakeManilaV2,99,1,819,0.1551,0.8449,1.0,1.0
2,FakeManilaV2,99,2,1638,0.1612,0.8388,0.0061,0.0061
2,FakeManilaV2,99,3,2457,0.162,0.8379,0.0008,0.0009
2,FakeManilaV2,99,4,3276,0.1609,0.8391,0.0011,0.0012
2,FakeManilaV2,99,5,4095,0.1619,0.8381,0.001,0.001
2,FakeManilaV2,99,6,4914,0.1589,0.8411,0.003,0.003
2,FakeManilaV2,99,7,5733,0.1577,0.8423,0.0013,0.0012
2,FakeManilaV2,99,8,6552,0.1567,0.8432,0.0009,0.0009
2,FakeManilaV2,99,9,7371,0.1591,0.8409,0.0024,0.0024
2,FakeManilaV2,99,10,8192,0.1594,0.8406,0.0003,0.0003
2,FakeManilaV2,100,1,819,0.1282,0.8718,1.0,1.0
2,FakeManilaV2,100,2,1638,0.1422,0.8576,0.014,0.0141
2,FakeManilaV2,100,3,2457,0.1465,0.8535,0.0043,0.0042
2,FakeManilaV2,100,4,3276,0.1511,0.8489,0.0046,0.0046
2,FakeManilaV2,100,5,4095,0.1556,0.8444,0.0045,0.0045
2,FakeManilaV2,100,6,4914,0.1573,0.8427,0.0018,0.0017
2,FakeManilaV2,100,7,5733,0.1582,0.8418,0.0009,0.0009
2,FakeManilaV2,100,8,6552,0.1598,0.8402,0.0016,0.0016
2,FakeManilaV2,100,9,7371,0.1586,0.8414,0.0012,0.0012
2,FakeManilaV2,100,10,8192,0.16,0.84,0.0014,0.0014
2,FakeManilaV2,101,1,819,0.1514,0.8486,1.0,1.0
2,FakeManilaV2,101,2,1638,0.163,0.837,0.0116,0.0116
2,FakeManilaV2,101,3,2457,0.1616,0.8384,0.0014,0.0014
2,FakeManilaV2,101,4,3276,0.1615,0.8385,0.0001,0.0001
2,FakeManilaV2,101,5,4095,0.1585,0.8415,0.003,0.003
2,FakeManilaV2,101,6,4914,0.1604,0.8396,0.0019,0.0019
2,FakeManilaV2,101,7,5733,0.161,0.8389,0.0006,0.0006
2,FakeManilaV2,101,8,6552,0.1607,0.8393,0.0003,0.0003
2,FakeManilaV2,101,9,7371,0.162,0.838,0.0013,0.0013
2,FakeManilaV2,101,10,8192,0.163,0.837,0.001,0.001
2,FakeManilaV2,102,1,819,0.1832,0.8168,1.0,1.0
2,FakeManilaV2,102,2,1638,0.1783,0.8217,0.0049,0.0048
2,FakeManilaV2,102,3,2457,0.173,0.827,0.0053,0.0053
2,FakeManilaV2,102,4,3276,0.1706,0.8293,0.0023,0.0023
2,FakeManilaV2,102,5,4095,0.1678,0.8322,0.0029,0.0029
2,FakeManilaV2,102,6,4914,0.1652,0.8348,0.0025,0.0026
2,FakeManilaV2,102,7,5733,0.1662,0.8338,0.001,0.001
2,FakeManilaV2,102,8,6552,0.1627,0.8373,0.0035,0.0035
2,FakeManilaV2,102,9,7371,0.1637,0.8362,0.0011,0.0011
2,FakeManilaV2,102,10,8192,0.1647,0.8353,0.0009,0.0009
2,FakeManilaV2,103,1,819,0.1624,0.8374,1.0,1.0
2,FakeManilaV2,103,2,1638,0.1648,0.8352,0.0024,0.0022
2,FakeManilaV2,103,3,2457,0.1579,0.842,0.0069,0.0069
2,FakeManilaV2,103,4,3276,0.1532,0.8467,0.0047,0.0047
2,FakeManilaV2,103,5,4095,0.1526,0.8474,0.0006,0.0006
2,FakeManilaV2,103,6,4914,0.1494,0.8506,0.0033,0.0032
2,FakeManilaV2,103,7,5733,0.1495,0.8505,0.0001,0.0001
2,FakeManilaV2,103,8,6552,0.1499,0.8501,0.0004,0.0004
2,FakeManilaV2,103,9,7371,0.1495,0.8504,0.0004,0.0004
2,FakeManilaV2,103,10,8192,0.1493,0.8507,0.0002,0.0002
2,FakeManilaV2,104,1,819,0.1575,0.8425,1.0,1.0
2,FakeManilaV2,104,2,1638,0.1593,0.8407,0.0018,0.0018
2,FakeManilaV2,104,3,2457,0.1559,0.844,0.0035,0.0034
2,FakeManilaV2,104,4,3276,0.1612,0.8388,0.0053,0.0052
2,FakeManilaV2,104,5,4095,0.1648,0.8351,0.0037,0.0037
2,FakeManilaV2,104,6,4914,0.1606,0.8394,0.0043,0.0043
2,FakeManilaV2,104,7,5733,0.1582,0.8418,0.0024,0.0024
2,FakeManilaV2,104,8,6552,0.1577,0.8423,0.0005,0.0005
2,FakeManilaV2,104,9,7371,0.1578,0.8422,0.0001,0.0001
2,FakeManilaV2,104,10,8192,0.1582,0.8418,0.0004,0.0004
2,FakeManilaV2,105,1,819,0.1612,0.8385,1.0,1.0
2,FakeManilaV2,105,2,1638,0.163,0.837,0.0018,0.0015
2,FakeManilaV2,105,3,2457,0.1571,0.8429,0.0059,0.0059
2,FakeManilaV2,105,4,3276,0.152,0.848,0.0051,0.0051
2,FakeManilaV2,105,5,4095,0.1543,0.8457,0.0023,0.0023
2,FakeManilaV2,105,6,4914,0.1502,0.8498,0.0042,0.0042
2,FakeManilaV2,105,7,5733,0.1561,0.8439,0.0059,0.0059
2,FakeManilaV2,105,8,6552,0.1554,0.8445,0.0007,0.0007
2,FakeManilaV2,105,9,7371,0.1578,0.8421,0.0024,0.0025
2,FakeManilaV2,105,10,8192,0.1558,0.844,0.002,0.0019
2,FakeManilaV2,106,1,819,0.1673,0.8309,1.0,1.0
2,FakeManilaV2,106,2,1638,0.1526,0.8473,0.0147,0.0164
2,FakeManilaV2,106,3,2457,0.1502,0.8495,0.0024,0.0023
2,FakeManilaV2,106,4,3276,0.1557,0.8442,0.0055,0.0054
2,FakeManilaV2,106,5,4095,0.1551,0.8448,0.0006,0.0006
2,FakeManilaV2,106,6,4914,0.1551,0.8448,0.0,0.0
2,FakeManilaV2,106,7,5733,0.1559,0.844,0.0009,0.0008
2,FakeManilaV2,106,8,6552,0.1577,0.8423,0.0017,0.0017
2,FakeManilaV2,106,9,7371,0.1593,0.8407,0.0016,0.0016
2,FakeManilaV2,106,10,8192,0.1594,0.8406,0.0002,0.0002
2,FakeManilaV2,107,1,819,0.1404,0.8595,1.0,1.0
2,FakeManilaV2,107,2,1638,0.152,0.848,0.0116,0.0116
2,FakeManilaV2,107,3,2457,0.1514,0.8485,0.0006,0.0005
2,FakeManilaV2,107,4,3276,0.1535,0.8465,0.0021,0.002
2,FakeManilaV2,107,5,4095,0.157,0.843,0.0035,0.0035
2,FakeManilaV2,107,6,4914,0.1577,0.8422,0.0007,0.0007
2,FakeManilaV2,107,7,5733,0.1603,0.8397,0.0026,0.0025
2,FakeManilaV2,107,8,6552,0.1609,0.8391,0.0006,0.0006
2,FakeManilaV2,107,9,7371,0.1593,0.8407,0.0016,0.0016
2,FakeManilaV2,107,10,8192,0.1562,0.8437,0.003,0.003
2,FakeManilaV2,108,1,819,0.1551,0.8442,1.0,1.0
2,FakeManilaV2,108,2,1638,0.1612,0.8385,0.0061,0.0057
2,FakeManilaV2,108,3,2457,0.1612,0.8388,0.0,0.0003
2,FakeManilaV2,108,4,3276,0.1633,0.8366,0.0021,0.0022
2,FakeManilaV2,108,5,4095,0.1617,0.8383,0.0016,0.0017
2,FakeManilaV2,108,6,4914,0.1597,0.8402,0.0019,0.0019
2,FakeManilaV2,108,7,5733,0.1598,0.8402,0.0,0.0
2,FakeManilaV2,108,8,6552,0.16,0.84,0.0002,0.0002
2,FakeManilaV2,108,9,7371,0.1587,0.8413,0.0012,0.0012
2,FakeManilaV2,108,10,8192,0.158,0.842,0.0008,0.0008
2,FakeManilaV2,109,1,819,0.1477,0.8522,1.0,1.0
2,FakeManilaV2,109,2,1638,0.163,0.837,0.0153,0.0152
2,FakeManilaV2,109,3,2457,0.1575,0.8425,0.0055,0.0055
2,FakeManilaV2,109,4,3276,0.159,0.841,0.0015,0.0015
2,FakeManilaV2,109,5,4095,0.1558,0.8441,0.0032,0.0032
2,FakeManilaV2,109,6,4914,0.1532,0.8467,0.0026,0.0026
2,FakeManilaV2,109,7,5733,0.1549,0.845,0.0017,0.0017
2,FakeManilaV2,109,8,6552,0.1519,0.8481,0.003,0.0031
2,FakeManilaV2,109,9,7371,0.153,0.8469,0.0012,0.0012
2,FakeManilaV2,109,10,8192,0.1547,0.8453,0.0016,0.0016
2,FakeManilaV2,110,1,819,0.1734,0.8266,1.0,1.0
2,FakeManilaV2,110,2,1638,0.16,0.8397,0.0134,0.0131
2,FakeManilaV2,110,3,2457,0.1567,0.8433,0.0033,0.0035
2,FakeManilaV2,110,4,3276,0.1618,0.8382,0.0051,0.0051
2,FakeManilaV2,110,5,4095,0.1626,0.8374,0.0009,0.0008
2,FakeManilaV2,110,6,4914,0.1636,0.8364,0.001,0.001
2,FakeManilaV2,110,7,5733,0.1668,0.8332,0.0031,0.0031
2,FakeManilaV2,110,8,6552,0.1648,0.8352,0.0019,0.0019
2,FakeManilaV2,110,9,7371,0.1632,0.8368,0.0016,0.0016
2,FakeManilaV2,110,10,8192,0.1638,0.8362,0.0006,0.0006
2,FakeManilaV2,111,1,819,0.1416,0.8584,1.0,1.0
2,FakeManilaV2,111,2,1638,0.1654,0.8345,0.0238,0.0238
2,FakeManilaV2,111,3,2457,0.1713,0.8285,0.0059,0.006
2,FakeManilaV2,111,4,3276,0.1737,0.8263,0.0023,0.0022
2,FakeManilaV2,111,5,4095,0.1702,0.8298,0.0035,0.0035
2,FakeManilaV2,111,6,4914,0.1681,0.8319,0.0021,0.0021
2,FakeManilaV2,111,7,5733,0.1631,0.8369,0.005,0.005
2,FakeManilaV2,111,8,6552,0.1625,0.8374,0.0005,0.0005
2,FakeManilaV2,111,9,7371,0.1617,0.8383,0.0008,0.0008
2,FakeManilaV2,111,10,8192,0.1617,0.8383,0.0,0.0
2,FakeManilaV2,112,1,819,0.1575,0.8424,1.0,1.0
2,FakeManilaV2,112,2,1638,0.1679,0.8321,0.0104,0.0103
2,FakeManilaV2,112,3,2457,0.1575,0.8424,0.0104,0.0104
2,FakeManilaV2,112,4,3276,0.1624,0.8376,0.0049,0.0049
2,FakeManilaV2,112,5,4095,0.1602,0.8398,0.0022,0.0022
2,FakeManilaV2,112,6,4914,0.1602,0.8398,0.0,0.0
2,FakeManilaV2,112,7,5733,0.1596,0.8403,0.0006,0.0005
2,FakeManilaV2,112,8,6552,0.1601,0.8398,0.0005,0.0005
2,FakeManilaV2,112,9,7371,0.1579,0.842,0.0022,0.0022
2,FakeManilaV2,112,10,8192,0.1562,0.8437,0.0017,0.0017
2,FakeManilaV2,113,1,819,0.1477,0.852,1.0,1.0
2,FakeManilaV2,113,2,1638,0.149,0.851,0.0012,0.001
2,FakeManilaV2,113,3,2457,0.153,0.847,0.0041,0.0041
2,FakeManilaV2,113,4,3276,0.1538,0.8461,0.0008,0.0008
2,FakeManilaV2,113,5,4095,0.1546,0.8454,0.0007,0.0007
2,FakeManilaV2,113,6,4914,0.1545,0.8455,0.0001,0.0001
2,FakeManilaV2,113,7,5733,0.1547,0.8452,0.0003,0.0003
2,FakeManilaV2,113,8,6552,0.158,0.842,0.0032,0.0033
2,FakeManilaV2,113,9,7371,0.1579,0.842,0.0001,0.0
2,FakeManilaV2,113,10,8192,0.1562,0.8437,0.0017,0.0017
2,FakeManilaV2,114,1,819,0.1587,0.8404,1.0,1.0
2,FakeManilaV2,114,2,1638,0.1563,0.8437,0.0024,0.0033
2,FakeManilaV2,114,3,2457,0.1616,0.8384,0.0053,0.0053
2,FakeManilaV2,114,4,3276,0.1606,0.8393,0.001,0.0009
2,FakeManilaV2,114,5,4095,0.1585,0.8415,0.0021,0.0022
2,FakeManilaV2,114,6,4914,0.1581,0.8419,0.0004,0.0004
2,FakeManilaV2,114,7,5733,0.1606,0.8393,0.0025,0.0025
2,FakeManilaV2,114,8,6552,0.1595,0.8405,0.0012,0.0012
2,FakeManilaV2,114,9,7371,0.1609,0.8391,0.0014,0.0014
2,FakeManilaV2,114,10,8192,0.1603,0.8397,0.0006,0.0006
2,FakeManilaV2,115,1,819,0.1941,0.8048,1.0,1.0
2,FakeManilaV2,115,2,1638,0.1697,0.8293,0.0244,0.0245
2,FakeManilaV2,115,3,2457,0.1591,0.8406,0.0106,0.0113
2,FakeManilaV2,115,4,3276,0.1606,0.8391,0.0014,0.0015
2,FakeManilaV2,115,5,4095,0.1663,0.8335,0.0057,0.0056
2,FakeManilaV2,115,6,4914,0.1665,0.8334,0.0002,0.0001
2,FakeManilaV2,115,7,5733,0.1627,0.8371,0.0037,0.0037
2,FakeManilaV2,115,8,6552,0.1612,0.8388,0.0016,0.0017
2,FakeManilaV2,115,9,7371,0.1625,0.8374,0.0014,0.0014
2,FakeManilaV2,115,10,8192,0.1604,0.8396,0.0021,0.0021
2,FakeManilaV2,116,1,819,0.1551,0.8448,1.0,1.0
2,FakeManilaV2,116,2,1638,0.1508,0.8491,0.0043,0.0043
2,FakeManilaV2,116,3,2457,0.1534,0.8464,0.0026,0.0026
2,FakeManilaV2,116,4,3276,0.1572,0.8425,0.0038,0.004
2,FakeManilaV2,116,5,4095,0.1568,0.8431,0.0004,0.0006
2,FakeManilaV2,116,6,4914,0.1561,0.8437,0.0007,0.0007
2,FakeManilaV2,116,7,5733,0.1579,0.842,0.0018,0.0017
2,FakeManilaV2,116,8,6552,0.1569,0.843,0.001,0.001
2,FakeManilaV2,116,9,7371,0.1571,0.8428,0.0002,0.0002
2,FakeManilaV2,116,10,8192,0.1569,0.8431,0.0002,0.0003
2,FakeManilaV2,117,1,819,0.16,0.8391,1.0,1.0
2,FakeManilaV2,117,2,1638,0.1575,0.8423,0.0024,0.0032
2,FakeManilaV2,117,3,2457,0.1587,0.8412,0.0012,0.0011
2,FakeManilaV2,117,4,3276,0.1584,0.8413,0.0003,0.0001
2,FakeManilaV2,117,5,4095,0.1582,0.8416,0.0002,0.0003
2,FakeManilaV2,117,6,4914,0.16,0.8399,0.0017,0.0016
2,FakeManilaV2,117,7,5733,0.1596,0.8404,0.0003,0.0005
2,FakeManilaV2,117,8,6552,0.1589,0.8411,0.0007,0.0007
2,FakeManilaV2,117,9,7371,0.1598,0.8401,0.0009,0.0009
2,FakeManilaV2,117,10,8192,0.1589,0.841,0.0009,0.0009
2,FakeManilaV2,118,1,819,0.1453,0.8543,1.0,1.0
2,FakeManilaV2,118,2,1638,0.1441,0.8558,0.0012,0.0016
2,FakeManilaV2,118,3,2457,0.1473,0.8526,0.0033,0.0033
2,FakeManilaV2,118,4,3276,0.1444,0.8555,0.003,0.0029
2,FakeManilaV2,118,5,4095,0.1473,0.8527,0.0029,0.0028
2,FakeManilaV2,118,6,4914,0.1477,0.8522,0.0005,0.0005
2,FakeManilaV2,118,7,5733,0.1479,0.852,0.0002,0.0002
2,FakeManilaV2,118,8,6552,0.1484,0.8516,0.0004,0.0004
2,FakeManilaV2,118,9,7371,0.1518,0.8482,0.0035,0.0035
2,FakeManilaV2,118,10,8192,0.1512,0.8487,0.0006,0.0006
2,FakeManilaV2,119,1,819,0.1612,0.8388,1.0,1.0
2,FakeManilaV2,119,2,1638,0.1514,0.8485,0.0098,0.0098
2,FakeManilaV2,119,3,2457,0.1559,0.844,0.0045,0.0045
2,FakeManilaV2,119,4,3276,0.1609,0.8391,0.005,0.0049
2,FakeManilaV2,119,5,4095,0.159,0.841,0.0019,0.0019
2,FakeManilaV2,119,6,4914,0.1573,0.8427,0.0017,0.0017
2,FakeManilaV2,119,7,5733,0.1573,0.8427,0.0,0.0
2,FakeManilaV2,119,8,6552,0.1598,0.8402,0.0025,0.0025
2,FakeManilaV2,119,9,7371,0.1595,0.8405,0.0003,0.0003
2,FakeManilaV2,119,10,8192,0.1603,0.8397,0.0007,0.0007
3,FakeManilaV2,20,1,400,0.085,0.915,1.0,1.0
3,FakeManilaV2,20,2,800,0.0763,0.9237,0.0087,0.0087
3,FakeManilaV2,20,3,1200,0.0708,0.9292,0.0054,0.0054
3,FakeManilaV2,20,4,1600,0.0669,0.9331,0.004,0.004
3,FakeManilaV2,20,5,2000,0.0605,0.9395,0.0064,0.0064
3,FakeManilaV2,20,6,2400,0.0608,0.9392,0.0003,0.0003
3,FakeManilaV2,20,7,2800,0.0639,0.9361,0.0031,0.0031
3,FakeManilaV2,20,8,3200,0.065,0.935,0.0011,0.0011
3,FakeManilaV2,20,9,3600,0.0642,0.9358,0.0008,0.0008
3,FakeManilaV2,20,10,4000,0.063,0.937,0.0012,0.0012
3,FakeManilaV2,21,1,400,0.0875,0.9125,1.0,1.0
3,FakeManilaV2,21,2,800,0.0825,0.9175,0.005,0.005
3,FakeManilaV2,21,3,1200,0.0758,0.9242,0.0067,0.0067
3,FakeManilaV2,21,4,1600,0.0738,0.9262,0.0021,0.0021
3,FakeManilaV2,21,5,2000,0.0715,0.9285,0.0022,0.0023
3,FakeManilaV2,21,6,2400,0.0687,0.9313,0.0028,0.0028
3,FakeManilaV2,21,7,2800,0.0711,0.9289,0.0023,0.0023
3,FakeManilaV2,21,8,3200,0.0703,0.9297,0.0008,0.0008
3,FakeManilaV2,21,9,3600,0.0703,0.9297,0.0,0.0
3,FakeManilaV2,21,10,4000,0.07,0.93,0.0003,0.0003
3,FakeManilaV2,22,1,400,0.05,0.95,1.0,1.0
3,FakeManilaV2,22,2,800,0.0475,0.9525,0.0025,0.0025
3,FakeManilaV2,22,3,1200,0.0525,0.9475,0.005,0.005
3,FakeManilaV2,22,4,1600,0.06,0.94,0.0075,0.0075
3,FakeManilaV2,22,5,2000,0.0595,0.9405,0.0005,0.0005
3,FakeManilaV2,22,6,2400,0.0613,0.9387,0.0018,0.0018
3,FakeManilaV2,22,7,2800,0.0604,0.9396,0.0009,0.0009
3,FakeManilaV2,22,8,3200,0.0597,0.9403,0.0007,0.0007
3,FakeManilaV2,22,9,3600,0.06,0.94,0.0003,0.0003
3,FakeManilaV2,22,10,4000,0.0625,0.9375,0.0025,0.0025
3,FakeManilaV2,23,1,400,0.055,0.945,1.0,1.0
3,FakeManilaV2,23,2,800,0.0625,0.9375,0.0075,0.0075
3,FakeManilaV2,23,3,1200,0.0608,0.9392,0.0017,0.0017
3,FakeManilaV2,23,4,1600,0.0613,0.9387,0.0004,0.0004
3,FakeManilaV2,23,5,2000,0.06,0.94,0.0012,0.0012
3,FakeManilaV2,23,6,2400,0.0617,0.9383,0.0017,0.0017
3,FakeManilaV2,23,7,2800,0.06,0.94,0.0017,0.0017
3,FakeManilaV2,23,8,3200,0.0578,0.9422,0.0022,0.0022
3,FakeManilaV2,23,9,3600,0.0597,0.9403,0.0019,0.0019
3,FakeManilaV2,23,10,4000,0.0615,0.9385,0.0018,0.0018
3,FakeManilaV2,24,1,400,0.06,0.94,1.0,1.0
3,FakeManilaV2,24,2,800,0.0563,0.9437,0.0038,0.0038
3,FakeManilaV2,24,3,1200,0.0542,0.9458,0.0021,0.0021
3,FakeManilaV2,24,4,1600,0.0556,0.9444,0.0015,0.0015
3,FakeManilaV2,24,5,2000,0.0585,0.9415,0.0029,0.0029
3,FakeManilaV2,24,6,2400,0.0621,0.9379,0.0036,0.0036
3,FakeManilaV2,24,7,2800,0.0614,0.9386,0.0007,0.0007
3,FakeManilaV2,24,8,3200,0.0609,0.9391,0.0005,0.0005
3,FakeManilaV2,24,9,3600,0.0614,0.9386,0.0005,0.0005
3,FakeManilaV2,24,10,4000,0.064,0.936,0.0026,0.0026
3,FakeManilaV2,25,1,400,0.045,0.955,1.0,1.0
3,FakeManilaV2,25,2,800,0.0613,0.9387,0.0162,0.0163
3,FakeManilaV2,25,3,1200,0.0608,0.9392,0.0004,0.0004
3,FakeManilaV2,25,4,1600,0.0569,0.9431,0.004,0.004
3,FakeManilaV2,25,5,2000,0.0545,0.9455,0.0024,0.0024
3,FakeManilaV2,25,6,2400,0.0575,0.9425,0.003,0.003
3,FakeManilaV2,25,7,2800,0.0564,0.9436,0.0011,0.0011
3,FakeManilaV2,25,8,3200,0.0563,0.9437,0.0002,0.0002
3,FakeManilaV2,25,9,3600,0.0564,0.9436,0.0001,0.0001
3,FakeManilaV2,25,10,4000,0.059,0.941,0.0026,0.0026
3,FakeManilaV2,26,1,400,0.04,0.96,1.0,1.0
3,FakeManilaV2,26,2,800,0.0625,0.9375,0.0225,0.0225
3,FakeManilaV2,26,3,1200,0.0733,0.9267,0.0108,0.0108
3,FakeManilaV2,26,4,1600,0.0706,0.9294,0.0027,0.0027
3,FakeManilaV2,26,5,2000,0.0705,0.9295,0.0001,0.0001
3,FakeManilaV2,26,6,2400,0.0713,0.9287,0.0008,0.0008
3,FakeManilaV2,26,7,2800,0.0732,0.9268,0.002,0.002
3,FakeManilaV2,26,8,3200,0.0713,0.9287,0.002,0.002
3,FakeManilaV2,26,9,3600,0.0692,0.9308,0.0021,0.0021
3,FakeManilaV2,26,10,4000,0.071,0.929,0.0018,0.0018
3,FakeManilaV2,27,1,400,0.07,0.93,1.0,1.0
3,FakeManilaV2,27,2,800,0.0675,0.9325,0.0025,0.0025
3,FakeManilaV2,27,3,1200,0.0617,0.9383,0.0058,0.0058
3,FakeManilaV2,27,4,1600,0.0669,0.9331,0.0052,0.0052
3,FakeManilaV2,27,5,2000,0.0695,0.9305,0.0026,0.0026
3,FakeManilaV2,27,6,2400,0.0708,0.9292,0.0013,0.0013
3,FakeManilaV2,27,7,2800,0.0704,0.9296,0.0005,0.0005
3,FakeManilaV2,27,8,3200,0.0669,0.9331,0.0035,0.0035
3,FakeManilaV2,27,9,3600,0.0669,0.9331,0.0001,0.0001
3,FakeManilaV2,27,10,4000,0.0667,0.9332,0.0002,0.0002
3,FakeManilaV2,28,1,400,0.0675,0.9325,1.0,1.0
3,FakeManilaV2,28,2,800,0.0587,0.9413,0.0088,0.0088
3,FakeManilaV2,28,3,1200,0.055,0.945,0.0037,0.0037
3,FakeManilaV2,28,4,1600,0.0569,0.9431,0.0019,0.0019
3,FakeManilaV2,28,5,2000,0.06,0.94,0.0031,0.0031
3,FakeManilaV2,28,6,2400,0.0625,0.9375,0.0025,0.0025
3,FakeManilaV2,28,7,2800,0.0646,0.9354,0.0021,0.0021
3,FakeManilaV2,28,8,3200,0.0659,0.9341,0.0013,0.0013
3,FakeManilaV2,28,9,3600,0.065,0.935,0.0009,0.0009
3,FakeManilaV2,28,10,4000,0.066,0.934,0.001,0.001
3,FakeManilaV2,29,1,400,0.0775,0.9225,1.0,1.0
3,FakeManilaV2,29,2,800,0.0687,0.9313,0.0088,0.0088
3,FakeManilaV2,29,3,1200,0.0708,0.9292,0.0021,0.0021
3,FakeManilaV2,29,4,1600,0.0681,0.9319,0.0027,0.0027
3,FakeManilaV2,29,5,2000,0.067,0.933,0.0011,0.0011
3,FakeManilaV2,29,6,2400,0.0675,0.9325,0.0005,0.0005
3,FakeManilaV2,29,7,2800,0.0671,0.9329,0.0004,0.0004
3,FakeManilaV2,29,8,3200,0.0672,0.9328,0.0,0.0
3,FakeManilaV2,29,9,3600,0.0694,0.9306,0.0023,0.0023
3,FakeManilaV2,29,10,4000,0.068,0.932,0.0014,0.0014
3,FakeManilaV2,30,1,400,0.05,0.95,1.0,1.0
3,FakeManilaV2,30,2,800,0.0587,0.9413,0.0087,0.0087
3,FakeManilaV2,30,3,1200,0.0692,0.9308,0.0104,0.0104
3,FakeManilaV2,30,4,1600,0.0687,0.9313,0.0004,0.0004
3,FakeManilaV2,30,5,2000,0.068,0.932,0.0008,0.0007
3,FakeManilaV2,30,6,2400,0.0667,0.9333,0.0013,0.0013
3,FakeManilaV2,30,7,2800,0.0668,0.9332,0.0001,0.0001
3,FakeManilaV2,30,8,3200,0.065,0.935,0.0018,0.0018
3,FakeManilaV2,30,9,3600,0.0661,0.9339,0.0011,0.0011
3,FakeManilaV2,30,10,4000,0.0663,0.9337,0.0001,0.0001
3,FakeManilaV2,31,1,400,0.095,0.905,1.0,1.0
3,FakeManilaV2,31,2,800,0.07,0.93,0.025,0.025
3,FakeManilaV2,31,3,1200,0.0658,0.9342,0.0042,0.0042
3,FakeManilaV2,31,4,1600,0.0694,0.9306,0.0035,0.0035
3,FakeManilaV2,31,5,2000,0.0705,0.9295,0.0011,0.0011
3,FakeManilaV2,31,6,2400,0.0679,0.9321,0.0026,0.0026
3,FakeManilaV2,31,7,2800,0.0654,0.9346,0.0026,0.0026
3,FakeManilaV2,31,8,3200,0.0656,0.9344,0.0003,0.0003
3,FakeManilaV2,31,9,3600,0.0681,0.9319,0.0024,0.0024
3,FakeManilaV2,31,10,4000,0.0713,0.9287,0.0032,0.0032
3,FakeManilaV2,32,1,400,0.0725,0.9275,1.0,1.0
3,FakeManilaV2,32,2,800,0.065,0.935,0.0075,0.0075
3,FakeManilaV2,32,3,1200,0.0683,0.9317,0.0033,0.0033
3,FakeManilaV2,32,4,1600,0.0675,0.9325,0.0008,0.0008
3,FakeManilaV2,32,5,2000,0.068,0.932,0.0005,0.0005
3,FakeManilaV2,32,6,2400,0.0692,0.9308,0.0012,0.0012
3,FakeManilaV2,32,7,2800,0.0689,0.9311,0.0002,0.0002
3,FakeManilaV2,32,8,3200,0.0694,0.9306,0.0004,0.0004
3,FakeManilaV2,32,9,3600,0.0706,0.9294,0.0012,0.0012
3,FakeManilaV2,32,10,4000,0.0707,0.9293,0.0002,0.0002
3,FakeManilaV2,33,1,400,0.0525,0.9475,1.0,1.0
3,FakeManilaV2,33,2,800,0.055,0.945,0.0025,0.0025
3,FakeManilaV2,33,3,1200,0.0583,0.9417,0.0033,0.0033
3,FakeManilaV2,33,4,1600,0.0569,0.9431,0.0015,0.0015
3,FakeManilaV2,33,5,2000,0.055,0.945,0.0019,0.0019
3,FakeManilaV2,33,6,2400,0.0613,0.9387,0.0062,0.0062
3,FakeManilaV2,33,7,2800,0.0607,0.9393,0.0005,0.0005
3,FakeManilaV2,33,8,3200,0.0603,0.9397,0.0004,0.0004
3,FakeManilaV2,33,9,3600,0.0594,0.9406,0.0009,0.0009
3,FakeManilaV2,33,10,4000,0.0593,0.9408,0.0002,0.0002
3,FakeManilaV2,34,1,400,0.0525,0.9475,1.0,1.0
3,FakeManilaV2,34,2,800,0.0587,0.9413,0.0062,0.0062
3,FakeManilaV2,34,3,1200,0.0558,0.9442,0.0029,0.0029
3,FakeManilaV2,34,4,1600,0.0594,0.9406,0.0035,0.0035
3,FakeManilaV2,34,5,2000,0.0595,0.9405,0.0001,0.0001
3,FakeManilaV2,34,6,2400,0.0608,0.9392,0.0013,0.0013
3,FakeManilaV2,34,7,2800,0.0621,0.9379,0.0013,0.0013
3,FakeManilaV2,34,8,3200,0.0656,0.9344,0.0035,0.0035
3,FakeManilaV2,34,9,3600,0.0658,0.9342,0.0002,0.0002
3,FakeManilaV2,34,10,4000,0.0675,0.9325,0.0017,0.0017
3,FakeManilaV2,35,1,400,0.0825,0.9175,1.0,1.0
3,FakeManilaV2,35,2,800,0.0738,0.9262,0.0088,0.0087
3,FakeManilaV2,35,3,1200,0.0775,0.9225,0.0038,0.0037
3,FakeManilaV2,35,4,1600,0.0738,0.9262,0.0038,0.0037
3,FakeManilaV2,35,5,2000,0.07,0.93,0.0038,0.0038
3,FakeManilaV2,35,6,2400,0.0687,0.9313,0.0012,0.0012
3,FakeManilaV2,35,7,2800,0.0729,0.9271,0.0041,0.0041
3,FakeManilaV2,35,8,3200,0.0713,0.9287,0.0016,0.0016
3,FakeManilaV2,35,9,3600,0.0717,0.9283,0.0004,0.0004
3,FakeManilaV2,35,10,4000,0.0697,0.9303,0.0019,0.0019
3,FakeManilaV2,36,1,400,0.0875,0.9125,1.0,1.0
3,FakeManilaV2,36,2,800,0.075,0.925,0.0125,0.0125
3,FakeManilaV2,36,3,1200,0.0692,0.9308,0.0058,0.0058
3,FakeManilaV2,36,4,1600,0.0656,0.9344,0.0035,0.0035
3,FakeManilaV2,36,5,2000,0.063,0.937,0.0026,0.0026
3,FakeManilaV2,36,6,2400,0.0617,0.9383,0.0013,0.0013
3,FakeManilaV2,36,7,2800,0.0639,0.9361,0.0023,0.0023
3,FakeManilaV2,36,8,3200,0.0634,0.9366,0.0005,0.0005
3,FakeManilaV2,36,9,3600,0.0633,0.9367,0.0001,0.0001
3,FakeManilaV2,36,10,4000,0.0625,0.9375,0.0008,0.0008
3,FakeManilaV2,37,1,400,0.07,0.93,1.0,1.0
3,FakeManilaV2,37,2,800,0.0687,0.9313,0.0012,0.0012
3,FakeManilaV2,37,3,1200,0.0642,0.9358,0.0046,0.0046
3,FakeManilaV2,37,4,1600,0.0637,0.9363,0.0004,0.0004
3,FakeManilaV2,37,5,2000,0.0635,0.9365,0.0002,0.0002
3,FakeManilaV2,37,6,2400,0.0642,0.9358,0.0007,0.0007
3,FakeManilaV2,37,7,2800,0.065,0.935,0.0008,0.0008
3,FakeManilaV2,37,8,3200,0.0631,0.9369,0.0019,0.0019
3,FakeManilaV2,37,9,3600,0.0647,0.9353,0.0016,0.0016
3,FakeManilaV2,37,10,4000,0.064,0.936,0.0007,0.0007
3,FakeManilaV2,38,1,400,0.0575,0.9425,1.0,1.0
3,FakeManilaV2,38,2,800,0.0663,0.9337,0.0088,0.0088
3,FakeManilaV2,38,3,1200,0.0767,0.9233,0.0104,0.0104
3,FakeManilaV2,38,4,1600,0.0725,0.9275,0.0042,0.0042
3,FakeManilaV2,38,5,2000,0.074,0.926,0.0015,0.0015
3,FakeManilaV2,38,6,2400,0.0708,0.9292,0.0032,0.0032
3,FakeManilaV2,38,7,2800,0.0689,0.9311,0.0019,0.0019
3,FakeManilaV2,38,8,3200,0.0694,0.9306,0.0004,0.0004
3,FakeManilaV2,38,9,3600,0.0697,0.9303,0.0003,0.0003
3,FakeManilaV2,38,10,4000,0.0685,0.9315,0.0012,0.0012
3,FakeManilaV2,39,1,400,0.06,0.94,1.0,1.0
3,FakeManilaV2,39,2,800,0.0587,0.9413,0.0013,0.0013
3,FakeManilaV2,39,3,1200,0.0608,0.9392,0.0021,0.0021
3,FakeManilaV2,39,4,1600,0.0619,0.9381,0.001,0.001
3,FakeManilaV2,39,5,2000,0.0635,0.9365,0.0016,0.0016
3,FakeManilaV2,39,6,2400,0.0637,0.9363,0.0002,0.0002
3,FakeManilaV2,39,7,2800,0.0632,0.9368,0.0005,0.0005
3,FakeManilaV2,39,8,3200,0.0631,0.9369,0.0001,0.0001
3,FakeManilaV2,39,9,3600,0.0642,0.9358,0.001,0.001
3,FakeManilaV2,39,10,4000,0.0643,0.9357,0.0001,0.0001
3,FakeManilaV2,40,1,400,0.0425,0.9575,1.0,1.0
3,FakeManilaV2,40,2,800,0.0575,0.9425,0.015,0.015
3,FakeManilaV2,40,3,1200,0.0608,0.9392,0.0033,0.0033
3,FakeManilaV2,40,4,1600,0.0631,0.9369,0.0023,0.0023
3,FakeManilaV2,40,5,2000,0.065,0.935,0.0019,0.0019
3,FakeManilaV2,40,6,2400,0.0625,0.9375,0.0025,0.0025
3,FakeManilaV2,40,7,2800,0.0589,0.9411,0.0036,0.0036
3,FakeManilaV2,40,8,3200,0.0613,0.9387,0.0023,0.0023
3,FakeManilaV2,40,9,3600,0.0614,0.9386,0.0001,0.0001
3,FakeManilaV2,40,10,4000,0.0635,0.9365,0.0021,0.0021
3,FakeManilaV2,41,1,400,0.035,0.965,1.0,1.0
3,FakeManilaV2,41,2,800,0.0425,0.9575,0.0075,0.0075
3,FakeManilaV2,41,3,1200,0.0458,0.9542,0.0033,0.0033
3,FakeManilaV2,41,4,1600,0.05,0.95,0.0042,0.0042
3,FakeManilaV2,41,5,2000,0.0555,0.9445,0.0055,0.0055
3,FakeManilaV2,41,6,2400,0.0563,0.9437,0.0008,0.0008
3,FakeManilaV2,41,7,2800,0.0586,0.9414,0.0023,0.0023
3,FakeManilaV2,41,8,3200,0.0572,0.9428,0.0014,0.0014
3,FakeManilaV2,41,9,3600,0.0569,0.9431,0.0002,0.0002
3,FakeManilaV2,41,10,4000,0.0575,0.9425,0.0006,0.0006
3,FakeManilaV2,42,1,400,0.0725,0.9275,1.0,1.0
3,FakeManilaV2,42,2,800,0.0663,0.9337,0.0062,0.0062
3,FakeManilaV2,42,3,1200,0.0733,0.9267,0.0071,0.0071
3,FakeManilaV2,42,4,1600,0.0719,0.9281,0.0015,0.0015
3,FakeManilaV2,42,5,2000,0.0705,0.9295,0.0014,0.0014
3,FakeManilaV2,42,6,2400,0.0737,0.9263,0.0032,0.0032
3,FakeManilaV2,42,7,2800,0.0714,0.9286,0.0023,0.0023
3,FakeManilaV2,42,8,3200,0.07,0.93,0.0014,0.0014
3,FakeManilaV2,42,9,3600,0.0703,0.9297,0.0003,0.0003
3,FakeManilaV2,42,10,4000,0.0703,0.9297,0.0,0.0
3,FakeManilaV2,43,1,400,0.08,0.92,1.0,1.0
3,FakeManilaV2,43,2,800,0.0725,0.9275,0.0075,0.0075
3,FakeManilaV2,43,3,1200,0.075,0.925,0.0025,0.0025
3,FakeManilaV2,43,4,1600,0.0725,0.9275,0.0025,0.0025
3,FakeManilaV2,43,5,2000,0.0695,0.9305,0.003,0.003
3,FakeManilaV2,43,6,2400,0.0667,0.9333,0.0028,0.0028
3,FakeManilaV2,43,7,2800,0.0711,0.9289,0.0044,0.0044
3,FakeManilaV2,43,8,3200,0.0709,0.9291,0.0001,0.0001
3,FakeManilaV2,43,9,3600,0.0692,0.9308,0.0018,0.0018
3,FakeManilaV2,43,10,4000,0.071,0.929,0.0018,0.0018
3,FakeManilaV2,44,1,400,0.07,0.93,1.0,1.0
3,FakeManilaV2,44,2,800,0.0637,0.9363,0.0062,0.0062
3,FakeManilaV2,44,3,1200,0.0717,0.9283,0.0079,0.0079
3,FakeManilaV2,44,4,1600,0.0713,0.9287,0.0004,0.0004
3,FakeManilaV2,44,5,2000,0.0695,0.9305,0.0018,0.0018
3,FakeManilaV2,44,6,2400,0.0687,0.9313,0.0008,0.0008
3,FakeManilaV2,44,7,2800,0.0693,0.9307,0.0005,0.0005
3,FakeManilaV2,44,8,3200,0.0684,0.9316,0.0008,0.0008
3,FakeManilaV2,44,9,3600,0.0692,0.9308,0.0007,0.0007
3,FakeManilaV2,44,10,4000,0.07,0.93,0.0008,0.0008
3,FakeManilaV2,45,1,400,0.055,0.945,1.0,1.0
3,FakeManilaV2,45,2,800,0.0512,0.9488,0.0038,0.0038
3,FakeManilaV2,45,3,1200,0.06,0.94,0.0088,0.0088
3,FakeManilaV2,45,4,1600,0.0631,0.9369,0.0031,0.0031
3,FakeManilaV2,45,5,2000,0.062,0.938,0.0011,0.0011
3,FakeManilaV2,45,6,2400,0.0604,0.9396,0.0016,0.0016
3,FakeManilaV2,45,7,2800,0.06,0.94,0.0004,0.0004
3,FakeManilaV2,45,8,3200,0.0603,0.9397,0.0003,0.0003
3,FakeManilaV2,45,9,3600,0.0617,0.9383,0.0014,0.0014
3,FakeManilaV2,45,10,4000,0.0617,0.9382,0.0001,0.0001
3,FakeManilaV2,46,1,400,0.0625,0.9375,1.0,1.0
3,FakeManilaV2,46,2,800,0.0613,0.9387,0.0012,0.0012
3,FakeManilaV2,46,3,1200,0.0617,0.9383,0.0004,0.0004
3,FakeManilaV2,46,4,1600,0.0637,0.9363,0.0021,0.0021
3,FakeManilaV2,46,5,2000,0.064,0.936,0.0002,0.0003
3,FakeManilaV2,46,6,2400,0.0646,0.9354,0.0006,0.0006
3,FakeManilaV2,46,7,2800,0.0675,0.9325,0.0029,0.0029
3,FakeManilaV2,46,8,3200,0.0663,0.9337,0.0012,0.0012
3,FakeManilaV2,46,9,3600,0.0653,0.9347,0.001,0.001
3,FakeManilaV2,46,10,4000,0.064,0.936,0.0013,0.0013
3,FakeManilaV2,47,1,400,0.0475,0.9525,1.0,1.0
3,FakeManilaV2,47,2,800,0.0525,0.9475,0.005,0.005
3,FakeManilaV2,47,3,1200,0.055,0.945,0.0025,0.0025
3,FakeManilaV2,47,4,1600,0.0625,0.9375,0.0075,0.0075
3,FakeManilaV2,47,5,2000,0.056,0.944,0.0065,0.0065
3,FakeManilaV2,47,6,2400,0.0579,0.9421,0.0019,0.0019
3,FakeManilaV2,47,7,2800,0.0593,0.9407,0.0014,0.0014
3,FakeManilaV2,47,8,3200,0.0613,0.9387,0.002,0.002
3,FakeManilaV2,47,9,3600,0.0614,0.9386,0.0001,0.0001
3,FakeManilaV2,47,10,4000,0.0617,0.9382,0.0004,0.0004
3,FakeManilaV2,48,1,400,0.08,0.92,1.0,1.0
3,FakeManilaV2,48,2,800,0.0663,0.9337,0.0137,0.0137
3,FakeManilaV2,48,3,1200,0.0617,0.9383,0.0046,0.0046
3,FakeManilaV2,48,4,1600,0.0631,0.9369,0.0015,0.0015
3,FakeManilaV2,48,5,2000,0.0655,0.9345,0.0024,0.0024
3,FakeManilaV2,48,6,2400,0.0633,0.9367,0.0022,0.0022
3,FakeManilaV2,48,7,2800,0.0621,0.9379,0.0012,0.0012
3,FakeManilaV2,48,8,3200,0.0637,0.9363,0.0016,0.0016
3,FakeManilaV2,48,9,3600,0.0636,0.9364,0.0001,0.0001
3,FakeManilaV2,48,10,4000,0.0663,0.9337,0.0026,0.0026
3,FakeManilaV2,49,1,400,0.0675,0.9325,1.0,1.0
3,FakeManilaV2,49,2,800,0.0775,0.9225,0.01,0.01
3,FakeManilaV2,49,3,1200,0.0792,0.9208,0.0017,0.0017
3,FakeManilaV2,49,4,1600,0.0763,0.9237,0.0029,0.0029
3,FakeManilaV2,49,5,2000,0.0775,0.9225,0.0012,0.0012
3,FakeManilaV2,49,6,2400,0.0771,0.9229,0.0004,0.0004
3,FakeManilaV2,49,7,2800,0.0757,0.9243,0.0014,0.0014
3,FakeManilaV2,49,8,3200,0.0747,0.9253,0.001,0.001
3,FakeManilaV2,49,9,3600,0.0747,0.9253,0.0,0.0
3,FakeManilaV2,49,10,4000,0.076,0.924,0.0013,0.0013
3,FakeManilaV2,50,1,400,0.0875,0.9125,1.0,1.0
3,FakeManilaV2,50,2,800,0.08,0.92,0.0075,0.0075
3,FakeManilaV2,50,3,1200,0.0767,0.9233,0.0033,0.0033
3,FakeManilaV2,50,4,1600,0.07,0.93,0.0067,0.0067
3,FakeManilaV2,50,5,2000,0.0715,0.9285,0.0015,0.0015
3,FakeManilaV2,50,6,2400,0.0725,0.9275,0.001,0.001
3,FakeManilaV2,50,7,2800,0.07,0.93,0.0025,0.0025
3,FakeManilaV2,50,8,3200,0.07,0.93,0.0,0.0
3,FakeManilaV2,50,9,3600,0.0725,0.9275,0.0025,0.0025
3,FakeManilaV2,50,10,4000,0.0703,0.9297,0.0022,0.0022
3,FakeManilaV2,51,1,400,0.0725,0.9275,1.0,1.0
3,FakeManilaV2,51,2,800,0.0725,0.9275,0.0,0.0
3,FakeManilaV2,51,3,1200,0.075,0.925,0.0025,0.0025
3,FakeManilaV2,51,4,1600,0.0731,0.9269,0.0019,0.0019
3,FakeManilaV2,51,5,2000,0.0755,0.9245,0.0024,0.0024
3,FakeManilaV2,51,6,2400,0.075,0.925,0.0005,0.0005
3,FakeManilaV2,51,7,2800,0.0743,0.9257,0.0007,0.0007
3,FakeManilaV2,51,8,3200,0.0728,0.9272,0.0015,0.0015
3,FakeManilaV2,51,9,3600,0.0708,0.9292,0.002,0.002
3,FakeManilaV2,51,10,4000,0.0715,0.9285,0.0007,0.0007
3,FakeManilaV2,52,1,400,0.0925,0.9075,1.0,1.0
3,FakeManilaV2,52,2,800,0.0775,0.9225,0.015,0.015
3,FakeManilaV2,52,3,1200,0.0667,0.9333,0.0108,0.0108
3,FakeManilaV2,52,4,1600,0.0694,0.9306,0.0027,0.0027
3,FakeManilaV2,52,5,2000,0.063,0.937,0.0064,0.0064
3,FakeManilaV2,52,6,2400,0.0625,0.9375,0.0005,0.0005
3,FakeManilaV2,52,7,2800,0.0625,0.9375,0.0,0.0
3,FakeManilaV2,52,8,3200,0.0622,0.9378,0.0003,0.0003
3,FakeManilaV2,52,9,3600,0.0628,0.9372,0.0006,0.0006
3,FakeManilaV2,52,10,4000,0.0623,0.9378,0.0005,0.0005
3,FakeManilaV2,53,1,400,0.065,0.935,1.0,1.0
3,FakeManilaV2,53,2,800,0.0575,0.9425,0.0075,0.0075
3,FakeManilaV2,53,3,1200,0.0642,0.9358,0.0067,0.0067
3,FakeManilaV2,53,4,1600,0.0581,0.9419,0.006,0.006
3,FakeManilaV2,53,5,2000,0.065,0.935,0.0069,0.0069
3,FakeManilaV2,53,6,2400,0.0663,0.9337,0.0013,0.0013
3,FakeManilaV2,53,7,2800,0.0661,0.9339,0.0002,0.0002
3,FakeManilaV2,53,8,3200,0.0697,0.9303,0.0036,0.0036
3,FakeManilaV2,53,9,3600,0.0681,0.9319,0.0016,0.0016
3,FakeManilaV2,53,10,4000,0.0667,0.9332,0.0013,0.0013
3,FakeManilaV2,54,1,400,0.0725,0.9275,1.0,1.0
3,FakeManilaV2,54,2,800,0.0713,0.9288,0.0012,0.0013
3,FakeManilaV2,54,3,1200,0.0742,0.9258,0.0029,0.0029
3,FakeManilaV2,54,4,1600,0.0725,0.9275,0.0017,0.0017
3,FakeManilaV2,54,5,2000,0.0695,0.9305,0.003,0.003
3,FakeManilaV2,54,6,2400,0.0708,0.9292,0.0013,0.0013
3,FakeManilaV2,54,7,2800,0.0721,0.9279,0.0013,0.0013
3,FakeManilaV2,54,8,3200,0.0706,0.9294,0.0015,0.0015
3,FakeManilaV2,54,9,3600,0.0728,0.9272,0.0022,0.0022
3,FakeManilaV2,54,10,4000,0.071,0.929,0.0018,0.0018
3,FakeManilaV2,55,1,400,0.045,0.955,1.0,1.0
3,FakeManilaV2,55,2,800,0.045,0.955,0.0,0.0
3,FakeManilaV2,55,3,1200,0.0558,0.9442,0.0108,0.0108
3,FakeManilaV2,55,4,1600,0.06,0.94,0.0042,0.0042
3,FakeManilaV2,55,5,2000,0.063,0.937,0.003,0.003
3,FakeManilaV2,55,6,2400,0.0613,0.9387,0.0017,0.0017
3,FakeManilaV2,55,7,2800,0.0632,0.9368,0.002,0.002
3,FakeManilaV2,55,8,3200,0.065,0.935,0.0018,0.0018
3,FakeManilaV2,55,9,3600,0.065,0.935,0.0,0.0
3,FakeManilaV2,55,10,4000,0.0653,0.9347,0.0003,0.0003
3,FakeManilaV2,56,1,400,0.0625,0.9375,1.0,1.0
3,FakeManilaV2,56,2,800,0.0537,0.9463,0.0088,0.0088
3,FakeManilaV2,56,3,1200,0.06,0.94,0.0063,0.0063
3,FakeManilaV2,56,4,1600,0.065,0.935,0.005,0.005
3,FakeManilaV2,56,5,2000,0.0685,0.9315,0.0035,0.0035
3,FakeManilaV2,56,6,2400,0.0696,0.9304,0.0011,0.0011
3,FakeManilaV2,56,7,2800,0.0696,0.9304,0.0001,0.0001
3,FakeManilaV2,56,8,3200,0.0681,0.9319,0.0015,0.0015
3,FakeManilaV2,56,9,3600,0.0694,0.9306,0.0013,0.0013
3,FakeManilaV2,56,10,4000,0.068,0.932,0.0014,0.0014
3,FakeManilaV2,57,1,400,0.06,0.94,1.0,1.0
3,FakeManilaV2,57,2,800,0.0637,0.9363,0.0037,0.0037
3,FakeManilaV2,57,3,1200,0.0708,0.9292,0.0071,0.0071
3,FakeManilaV2,57,4,1600,0.0681,0.9319,0.0027,0.0027
3,FakeManilaV2,57,5,2000,0.0685,0.9315,0.0004,0.0004
3,FakeManilaV2,57,6,2400,0.0646,0.9354,0.0039,0.0039
3,FakeManilaV2,57,7,2800,0.0654,0.9346,0.0008,0.0008
3,FakeManilaV2,57,8,3200,0.0628,0.9372,0.0025,0.0025
3,FakeManilaV2,57,9,3600,0.0653,0.9347,0.0025,0.0025
3,FakeManilaV2,57,10,4000,0.0655,0.9345,0.0002,0.0002
3,FakeManilaV2,58,1,400,0.06,0.94,1.0,1.0
3,FakeManilaV2,58,2,800,0.0663,0.9337,0.0062,0.0063
3,FakeManilaV2,58,3,1200,0.065,0.935,0.0013,0.0013
3,FakeManilaV2,58,4,1600,0.0694,0.9306,0.0044,0.0044
3,FakeManilaV2,58,5,2000,0.0695,0.9305,0.0001,0.0001
3,FakeManilaV2,58,6,2400,0.07,0.93,0.0005,0.0005
3,FakeManilaV2,58,7,2800,0.0696,0.9304,0.0004,0.0004
3,FakeManilaV2,58,8,3200,0.0703,0.9297,0.0007,0.0007
3,FakeManilaV2,58,9,3600,0.0703,0.9297,0.0,0.0
3,FakeManilaV2,58,10,4000,0.0715,0.9285,0.0012,0.0012
3,FakeManilaV2,59,1,400,0.0925,0.9075,1.0,1.0
3,FakeManilaV2,59,2,800,0.0775,0.9225,0.015,0.015
3,FakeManilaV2,59,3,1200,0.0692,0.9308,0.0083,0.0083
3,FakeManilaV2,59,4,1600,0.0737,0.9262,0.0046,0.0046
3,FakeManilaV2,59,5,2000,0.0715,0.9285,0.0022,0.0023
3,FakeManilaV2,59,6,2400,0.0679,0.9321,0.0036,0.0036
3,FakeManilaV2,59,7,2800,0.0679,0.9321,0.0001,0.0001
3,FakeManilaV2,59,8,3200,0.0675,0.9325,0.0004,0.0004
3,FakeManilaV2,59,9,3600,0.0678,0.9322,0.0003,0.0003
3,FakeManilaV2,59,10,4000,0.0685,0.9315,0.0007,0.0007
3,FakeManilaV2,60,1,400,0.08,0.92,1.0,1.0
3,FakeManilaV2,60,2,800,0.075,0.925,0.005,0.005
3,FakeManilaV2,60,3,1200,0.075,0.925,0.0,0.0
3,FakeManilaV2,60,4,1600,0.0744,0.9256,0.0006,0.0006
3,FakeManilaV2,60,5,2000,0.0705,0.9295,0.0039,0.0039
3,FakeManilaV2,60,6,2400,0.0679,0.9321,0.0026,0.0026
3,FakeManilaV2,60,7,2800,0.0718,0.9282,0.0039,0.0039
3,FakeManilaV2,60,8,3200,0.0681,0.9319,0.0037,0.0037
3,FakeManilaV2,60,9,3600,0.0672,0.9328,0.0009,0.0009
3,FakeManilaV2,60,10,4000,0.0677,0.9322,0.0005,0.0005
3,FakeManilaV2,61,1,400,0.0625,0.9375,1.0,1.0
3,FakeManilaV2,61,2,800,0.0637,0.9363,0.0012,0.0013
3,FakeManilaV2,61,3,1200,0.065,0.935,0.0012,0.0013
3,FakeManilaV2,61,4,1600,0.0631,0.9369,0.0019,0.0019
3,FakeManilaV2,61,5,2000,0.0675,0.9325,0.0044,0.0044
3,FakeManilaV2,61,6,2400,0.0646,0.9354,0.0029,0.0029
3,FakeManilaV2,61,7,2800,0.0664,0.9336,0.0018,0.0018
3,FakeManilaV2,61,8,3200,0.0659,0.9341,0.0005,0.0005
3,FakeManilaV2,61,9,3600,0.0667,0.9333,0.0007,0.0007
3,FakeManilaV2,61,10,4000,0.066,0.934,0.0007,0.0007
3,FakeManilaV2,62,1,400,0.0425,0.9575,1.0,1.0
3,FakeManilaV2,62,2,800,0.0487,0.9513,0.0062,0.0062
3,FakeManilaV2,62,3,1200,0.055,0.945,0.0063,0.0063
3,FakeManilaV2,62,4,1600,0.0531,0.9469,0.0019,0.0019
3,FakeManilaV2,62,5,2000,0.0535,0.9465,0.0004,0.0004
3,FakeManilaV2,62,6,2400,0.055,0.945,0.0015,0.0015
3,FakeManilaV2,62,7,2800,0.0571,0.9429,0.0021,0.0021
3,FakeManilaV2,62,8,3200,0.0572,0.9428,0.0,0.0
3,FakeManilaV2,62,9,3600,0.0578,0.9422,0.0006,0.0006
3,FakeManilaV2,62,10,4000,0.057,0.943,0.0008,0.0008
3,FakeManilaV2,63,1,400,0.065,0.935,1.0,1.0
3,FakeManilaV2,63,2,800,0.0613,0.9387,0.0037,0.0038
3,FakeManilaV2,63,3,1200,0.0625,0.9375,0.0012,0.0012
3,FakeManilaV2,63,4,1600,0.0619,0.9381,0.0006,0.0006
3,FakeManilaV2,63,5,2000,0.064,0.936,0.0021,0.0021
3,FakeManilaV2,63,6,2400,0.0667,0.9333,0.0027,0.0027
3,FakeManilaV2,63,7,2800,0.0646,0.9354,0.002,0.002
3,FakeManilaV2,63,8,3200,0.0653,0.9347,0.0007,0.0007
3,FakeManilaV2,63,9,3600,0.0642,0.9358,0.0011,0.0011
3,FakeManilaV2,63,10,4000,0.0637,0.9363,0.0004,0.0004
3,FakeManilaV2,64,1,400,0.0525,0.9475,1.0,1.0
3,FakeManilaV2,64,2,800,0.0563,0.9437,0.0038,0.0037
3,FakeManilaV2,64,3,1200,0.0583,0.9417,0.0021,0.0021
3,FakeManilaV2,64,4,1600,0.0606,0.9394,0.0023,0.0023
3,FakeManilaV2,64,5,2000,0.0615,0.9385,0.0009,0.0009
3,FakeManilaV2,64,6,2400,0.0596,0.9404,0.0019,0.0019
3,FakeManilaV2,64,7,2800,0.06,0.94,0.0004,0.0004
3,FakeManilaV2,64,8,3200,0.0622,0.9378,0.0022,0.0022
3,FakeManilaV2,64,9,3600,0.0611,0.9389,0.0011,0.0011
3,FakeManilaV2,64,10,4000,0.0597,0.9403,0.0014,0.0014
3,FakeManilaV2,65,1,400,0.08,0.92,1.0,1.0
3,FakeManilaV2,65,2,800,0.0925,0.9075,0.0125,0.0125
3,FakeManilaV2,65,3,1200,0.0875,0.9125,0.005,0.005
3,FakeManilaV2,65,4,1600,0.0844,0.9156,0.0031,0.0031
3,FakeManilaV2,65,5,2000,0.086,0.914,0.0016,0.0016
3,FakeManilaV2,65,6,2400,0.0813,0.9188,0.0047,0.0048
3,FakeManilaV2,65,7,2800,0.0775,0.9225,0.0038,0.0037
3,FakeManilaV2,65,8,3200,0.0766,0.9234,0.0009,0.0009
3,FakeManilaV2,65,9,3600,0.0733,0.9267,0.0032,0.0032
3,FakeManilaV2,65,10,4000,0.0733,0.9267,0.0001,0.0001
3,FakeManilaV2,66,1,400,0.0675,0.9325,1.0,1.0
3,FakeManilaV2,66,2,800,0.0587,0.9413,0.0088,0.0088
3,FakeManilaV2,66,3,1200,0.0617,0.9383,0.0029,0.0029
3,FakeManilaV2,66,4,1600,0.0706,0.9294,0.009,0.009
3,FakeManilaV2,66,5,2000,0.068,0.932,0.0026,0.0026
3,FakeManilaV2,66,6,2400,0.0654,0.9346,0.0026,0.0026
3,FakeManilaV2,66,7,2800,0.0668,0.9332,0.0014,0.0014
3,FakeManilaV2,66,8,3200,0.0625,0.9375,0.0043,0.0043
3,FakeManilaV2,66,9,3600,0.0611,0.9389,0.0014,0.0014
3,FakeManilaV2,66,10,4000,0.062,0.938,0.0009,0.0009
3,FakeManilaV2,67,1,400,0.0625,0.9375,1.0,1.0
3,FakeManilaV2,67,2,800,0.0713,0.9287,0.0088,0.0088
3,FakeManilaV2,67,3,1200,0.0725,0.9275,0.0012,0.0012
3,FakeManilaV2,67,4,1600,0.0694,0.9306,0.0031,0.0031
3,FakeManilaV2,67,5,2000,0.0665,0.9335,0.0029,0.0029
3,FakeManilaV2,67,6,2400,0.0608,0.9392,0.0057,0.0057
3,FakeManilaV2,67,7,2800,0.0629,0.9371,0.002,0.002
3,FakeManilaV2,67,8,3200,0.0644,0.9356,0.0015,0.0015
3,FakeManilaV2,67,9,3600,0.0619,0.9381,0.0024,0.0024
3,FakeManilaV2,67,10,4000,0.0607,0.9393,0.0012,0.0012
3,FakeManilaV2,68,1,400,0.0625,0.9375,1.0,1.0
3,FakeManilaV2,68,2,800,0.0675,0.9325,0.005,0.005
3,FakeManilaV2,68,3,1200,0.0733,0.9267,0.0058,0.0058
3,FakeManilaV2,68,4,1600,0.0738,0.9262,0.0004,0.0004
3,FakeManilaV2,68,5,2000,0.0705,0.9295,0.0032,0.0033
3,FakeManilaV2,68,6,2400,0.0679,0.9321,0.0026,0.0026
3,FakeManilaV2,68,7,2800,0.0643,0.9357,0.0036,0.0036
3,FakeManilaV2,68,8,3200,0.065,0.935,0.0007,0.0007
3,FakeManilaV2,68,9,3600,0.0661,0.9339,0.0011,0.0011
3,FakeManilaV2,68,10,4000,0.0645,0.9355,0.0016,0.0016
3,FakeManilaV2,69,1,400,0.095,0.905,1.0,1.0
3,FakeManilaV2,69,2,800,0.0837,0.9163,0.0112,0.0112
3,FakeManilaV2,69,3,1200,0.0758,0.9242,0.0079,0.0079
3,FakeManilaV2,69,4,1600,0.0694,0.9306,0.0065,0.0065
3,FakeManilaV2,69,5,2000,0.0675,0.9325,0.0019,0.0019
3,FakeManilaV2,69,6,2400,0.0704,0.9296,0.0029,0.0029
3,FakeManilaV2,69,7,2800,0.0679,0.9321,0.0026,0.0026
3,FakeManilaV2,69,8,3200,0.0669,0.9331,0.001,0.001
3,FakeManilaV2,69,9,3600,0.0681,0.9319,0.0012,0.0012
3,FakeManilaV2,69,10,4000,0.068,0.932,0.0001,0.0001
3,FakeManilaV2,70,1,400,0.0525,0.9475,1.0,1.0
3,FakeManilaV2,70,2,800,0.0575,0.9425,0.005,0.005
3,FakeManilaV2,70,3,1200,0.0642,0.9358,0.0067,0.0067
3,FakeManilaV2,70,4,1600,0.0656,0.9344,0.0015,0.0015
3,FakeManilaV2,70,5,2000,0.069,0.931,0.0034,0.0034
3,FakeManilaV2,70,6,2400,0.0687,0.9313,0.0002,0.0003
3,FakeManilaV2,70,7,2800,0.0689,0.9311,0.0002,0.0002
3,FakeManilaV2,70,8,3200,0.0691,0.9309,0.0001,0.0001
3,FakeManilaV2,70,9,3600,0.0697,0.9303,0.0007,0.0007
3,FakeManilaV2,70,10,4000,0.066,0.934,0.0037,0.0037
3,FakeManilaV2,71,1,400,0.0325,0.9675,1.0,1.0
3,FakeManilaV2,71,2,800,0.0513,0.9488,0.0188,0.0188
3,FakeManilaV2,71,3,1200,0.0458,0.9542,0.0054,0.0054
3,FakeManilaV2,71,4,1600,0.0506,0.9494,0.0048,0.0048
3,FakeManilaV2,71,5,2000,0.0525,0.9475,0.0019,0.0019
3,FakeManilaV2,71,6,2400,0.0558,0.9442,0.0033,0.0033
3,FakeManilaV2,71,7,2800,0.0593,0.9407,0.0035,0.0035
3,FakeManilaV2,71,8,3200,0.0584,0.9416,0.0008,0.0008
3,FakeManilaV2,71,9,3600,0.0583,0.9417,0.0001,0.0001
3,FakeManilaV2,71,10,4000,0.0573,0.9427,0.0011,0.0011
3,FakeManilaV2,72,1,400,0.055,0.945,1.0,1.0
3,FakeManilaV2,72,2,800,0.0587,0.9413,0.0037,0.0037
3,FakeManilaV2,72,3,1200,0.065,0.935,0.0062,0.0063
3,FakeManilaV2,72,4,1600,0.0613,0.9387,0.0037,0.0038
3,FakeManilaV2,72,5,2000,0.0615,0.9385,0.0002,0.0002
3,FakeManilaV2,72,6,2400,0.0625,0.9375,0.001,0.001
3,FakeManilaV2,72,7,2800,0.06,0.94,0.0025,0.0025
3,FakeManilaV2,72,8,3200,0.0606,0.9394,0.0006,0.0006
3,FakeManilaV2,72,9,3600,0.0619,0.9381,0.0013,0.0013
3,FakeManilaV2,72,10,4000,0.062,0.938,0.0001,0.0001
3,FakeManilaV2,73,1,400,0.07,0.93,1.0,1.0
3,FakeManilaV2,73,2,800,0.0675,0.9325,0.0025,0.0025
3,FakeManilaV2,73,3,1200,0.0683,0.9317,0.0008,0.0008
3,FakeManilaV2,73,4,1600,0.065,0.935,0.0033,0.0033
3,FakeManilaV2,73,5,2000,0.068,0.932,0.003,0.003
3,FakeManilaV2,73,6,2400,0.0675,0.9325,0.0005,0.0005
3,FakeManilaV2,73,7,2800,0.0664,0.9336,0.0011,0.0011
3,FakeManilaV2,73,8,3200,0.0656,0.9344,0.0008,0.0008
3,FakeManilaV2,73,9,3600,0.0669,0.9331,0.0013,0.0013
3,FakeManilaV2,73,10,4000,0.0677,0.9322,0.0008,0.0008
3,FakeManilaV2,74,1,400,0.075,0.925,1.0,1.0
3,FakeManilaV2,74,2,800,0.0713,0.9287,0.0037,0.0037
3,FakeManilaV2,74,3,1200,0.07,0.93,0.0013,0.0013
3,FakeManilaV2,74,4,1600,0.0675,0.9325,0.0025,0.0025
3,FakeManilaV2,74,5,2000,0.0685,0.9315,0.001,0.001
3,FakeManilaV2,74,6,2400,0.0683,0.9317,0.0002,0.0002
3,FakeManilaV2,74,7,2800,0.0693,0.9307,0.001,0.001
3,FakeManilaV2,74,8,3200,0.0675,0.9325,0.0018,0.0018
3,FakeManilaV2,74,9,3600,0.0692,0.9308,0.0017,0.0017
3,FakeManilaV2,74,10,4000,0.0677,0.9322,0.0014,0.0014
3,FakeManilaV2,75,1,400,0.0625,0.9375,1.0,1.0
3,FakeManilaV2,75,2,800,0.0687,0.9313,0.0062,0.0062
3,FakeManilaV2,75,3,1200,0.0658,0.9342,0.0029,0.0029
3,FakeManilaV2,75,4,1600,0.0744,0.9256,0.0085,0.0085
3,FakeManilaV2,75,5,2000,0.072,0.928,0.0024,0.0024
3,FakeManilaV2,75,6,2400,0.0704,0.9296,0.0016,0.0016
3,FakeManilaV2,75,7,2800,0.0682,0.9318,0.0022,0.0022
3,FakeManilaV2,75,8,3200,0.0678,0.9322,0.0004,0.0004
3,FakeManilaV2,75,9,3600,0.0686,0.9314,0.0008,0.0008
3,FakeManilaV2,75,10,4000,0.0675,0.9325,0.0011,0.0011
3,FakeManilaV2,76,1,400,0.0725,0.9275,1.0,1.0
3,FakeManilaV2,76,2,800,0.08,0.92,0.0075,0.0075
3,FakeManilaV2,76,3,1200,0.0792,0.9208,0.0008,0.0008
3,FakeManilaV2,76,4,1600,0.0719,0.9281,0.0073,0.0073
3,FakeManilaV2,76,5,2000,0.0735,0.9265,0.0016,0.0016
3,FakeManilaV2,76,6,2400,0.0742,0.9258,0.0007,0.0007
3,FakeManilaV2,76,7,2800,0.0739,0.9261,0.0002,0.0002
3,FakeManilaV2,76,8,3200,0.0703,0.9297,0.0036,0.0036
3,FakeManilaV2,76,9,3600,0.0706,0.9294,0.0002,0.0002
3,FakeManilaV2,76,10,4000,0.0703,0.9297,0.0003,0.0003
3,FakeManilaV2,77,1,400,0.0525,0.9475,1.0,1.0
3,FakeManilaV2,77,2,800,0.0625,0.9375,0.01,0.01
3,FakeManilaV2,77,3,1200,0.0667,0.9333,0.0042,0.0042
3,FakeManilaV2,77,4,1600,0.0675,0.9325,0.0008,0.0008
3,FakeManilaV2,77,5,2000,0.0695,0.9305,0.002,0.002
3,FakeManilaV2,77,6,2400,0.0708,0.9292,0.0013,0.0013
3,FakeManilaV2,77,7,2800,0.0707,0.9293,0.0001,0.0001
3,FakeManilaV2,77,8,3200,0.0687,0.9313,0.002,0.002
3,FakeManilaV2,77,9,3600,0.0694,0.9306,0.0007,0.0007
3,FakeManilaV2,77,10,4000,0.0677,0.9322,0.0017,0.0017
3,FakeManilaV2,78,1,400,0.06,0.94,1.0,1.0
3,FakeManilaV2,78,2,800,0.0625,0.9375,0.0025,0.0025
3,FakeManilaV2,78,3,1200,0.06,0.94,0.0025,0.0025
3,FakeManilaV2,78,4,1600,0.0656,0.9344,0.0056,0.0056
3,FakeManilaV2,78,5,2000,0.0695,0.9305,0.0039,0.0039
3,FakeManilaV2,78,6,2400,0.0679,0.9321,0.0016,0.0016
3,FakeManilaV2,78,7,2800,0.0679,0.9321,0.0001,0.0001
3,FakeManilaV2,78,8,3200,0.0687,0.9313,0.0009,0.0009
3,FakeManilaV2,78,9,3600,0.0689,0.9311,0.0001,0.0001
3,FakeManilaV2,78,10,4000,0.071,0.929,0.0021,0.0021
3,FakeManilaV2,79,1,400,0.0625,0.9375,1.0,1.0
3,FakeManilaV2,79,2,800,0.07,0.93,0.0075,0.0075
3,FakeManilaV2,79,3,1200,0.0675,0.9325,0.0025,0.0025
3,FakeManilaV2,79,4,1600,0.0681,0.9319,0.0006,0.0006
3,FakeManilaV2,79,5,2000,0.0675,0.9325,0.0006,0.0006
3,FakeManilaV2,79,6,2400,0.0625,0.9375,0.005,0.005
3,FakeManilaV2,79,7,2800,0.0636,0.9364,0.0011,0.0011
3,FakeManilaV2,79,8,3200,0.0641,0.9359,0.0005,0.0005
3,FakeManilaV2,79,9,3600,0.0636,0.9364,0.0005,0.0005
3,FakeManilaV2,79,10,4000,0.0635,0.9365,0.0001,0.0001
3,FakeManilaV2,80,1,400,0.0575,0.9425,1.0,1.0
3,FakeManilaV2,80,2,800,0.0625,0.9375,0.005,0.005
3,FakeManilaV2,80,3,1200,0.0675,0.9325,0.005,0.005
3,FakeManilaV2,80,4,1600,0.0644,0.9356,0.0031,0.0031
3,FakeManilaV2,80,5,2000,0.065,0.935,0.0006,0.0006
3,FakeManilaV2,80,6,2400,0.0671,0.9329,0.0021,0.0021
3,FakeManilaV2,80,7,2800,0.0661,0.9339,0.001,0.001
3,FakeManilaV2,80,8,3200,0.0663,0.9337,0.0002,0.0002
3,FakeManilaV2,80,9,3600,0.0653,0.9347,0.001,0.001
3,FakeManilaV2,80,10,4000,0.065,0.935,0.0003,0.0003
3,FakeManilaV2,81,1,400,0.0975,0.9025,1.0,1.0
3,FakeManilaV2,81,2,800,0.0675,0.9325,0.03,0.03
3,FakeManilaV2,81,3,1200,0.0675,0.9325,0.0,0.0
3,FakeManilaV2,81,4,1600,0.0619,0.9381,0.0056,0.0056
3,FakeManilaV2,81,5,2000,0.0685,0.9315,0.0066,0.0066
3,FakeManilaV2,81,6,2400,0.0683,0.9317,0.0002,0.0002
3,FakeManilaV2,81,7,2800,0.0682,0.9318,0.0001,0.0001
3,FakeManilaV2,81,8,3200,0.0672,0.9328,0.001,0.001
3,FakeManilaV2,81,9,3600,0.0653,0.9347,0.0019,0.0019
3,FakeManilaV2,81,10,4000,0.0643,0.9357,0.001,0.001
3,FakeManilaV2,82,1,400,0.0625,0.9375,1.0,1.0
3,FakeManilaV2,82,2,800,0.0613,0.9387,0.0012,0.0012
3,FakeManilaV2,82,3,1200,0.0642,0.9358,0.0029,0.0029
3,FakeManilaV2,82,4,1600,0.0606,0.9394,0.0035,0.0035
3,FakeManilaV2,82,5,2000,0.064,0.936,0.0034,0.0034
3,FakeManilaV2,82,6,2400,0.0671,0.9329,0.0031,0.0031
3,FakeManilaV2,82,7,2800,0.0636,0.9364,0.0035,0.0035
3,FakeManilaV2,82,8,3200,0.0616,0.9384,0.002,0.002
3,FakeManilaV2,82,9,3600,0.0639,0.9361,0.0023,0.0023
3,FakeManilaV2,82,10,4000,0.0645,0.9355,0.0006,0.0006
3,FakeManilaV2,83,1,400,0.0525,0.9475,1.0,1.0
3,FakeManilaV2,83,2,800,0.0725,0.9275,0.02,0.02
3,FakeManilaV2,83,3,1200,0.0633,0.9367,0.0092,0.0092
3,FakeManilaV2,83,4,1600,0.0619,0.9381,0.0015,0.0015
3,FakeManilaV2,83,5,2000,0.056,0.944,0.0059,0.0059
3,FakeManilaV2,83,6,2400,0.0596,0.9404,0.0036,0.0036
3,FakeManilaV2,83,7,2800,0.0629,0.9371,0.0033,0.0033
3,FakeManilaV2,83,8,3200,0.0644,0.9356,0.0015,0.0015
3,FakeManilaV2,83,9,3600,0.0642,0.9358,0.0002,0.0002
3,FakeManilaV2,83,10,4000,0.0653,0.9347,0.0011,0.0011
3,FakeManilaV2,84,1,400,0.07,0.93,1.0,1.0
3,FakeManilaV2,84,2,800,0.06,0.94,0.01,0.01
3,FakeManilaV2,84,3,1200,0.0558,0.9442,0.0042,0.0042
3,FakeManilaV2,84,4,1600,0.0619,0.9381,0.006,0.006
3,FakeManilaV2,84,5,2000,0.0645,0.9355,0.0026,0.0026
3,FakeManilaV2,84,6,2400,0.0621,0.9379,0.0024,0.0024
3,FakeManilaV2,84,7,2800,0.0607,0.9393,0.0014,0.0014
3,FakeManilaV2,84,8,3200,0.0597,0.9403,0.001,0.001
3,FakeManilaV2,84,9,3600,0.0617,0.9383,0.002,0.002
3,FakeManilaV2,84,10,4000,0.0605,0.9395,0.0012,0.0012
3,FakeManilaV2,85,1,400,0.055,0.945,1.0,1.0
3,FakeManilaV2,85,2,800,0.0625,0.9375,0.0075,0.0075
3,FakeManilaV2,85,3,1200,0.0783,0.9217,0.0158,0.0158
3,FakeManilaV2,85,4,1600,0.0781,0.9219,0.0002,0.0002
3,FakeManilaV2,85,5,2000,0.0765,0.9235,0.0016,0.0016
3,FakeManilaV2,85,6,2400,0.0708,0.9292,0.0057,0.0057
3,FakeManilaV2,85,7,2800,0.0686,0.9314,0.0023,0.0023
3,FakeManilaV2,85,8,3200,0.0681,0.9319,0.0004,0.0004
3,FakeManilaV2,85,9,3600,0.0675,0.9325,0.0006,0.0006
3,FakeManilaV2,85,10,4000,0.0673,0.9327,0.0002,0.0002
3,FakeManilaV2,86,1,400,0.0775,0.9225,1.0,1.0
3,FakeManilaV2,86,2,800,0.0675,0.9325,0.01,0.01
3,FakeManilaV2,86,3,1200,0.0658,0.9342,0.0017,0.0017
3,FakeManilaV2,86,4,1600,0.0687,0.9313,0.0029,0.0029
3,FakeManilaV2,86,5,2000,0.066,0.934,0.0028,0.0028
3,FakeManilaV2,86,6,2400,0.0658,0.9342,0.0002,0.0002
3,FakeManilaV2,86,7,2800,0.0664,0.9336,0.0006,0.0006
3,FakeManilaV2,86,8,3200,0.065,0.935,0.0014,0.0014
3,FakeManilaV2,86,9,3600,0.065,0.935,0.0,0.0
3,FakeManilaV2,86,10,4000,0.0645,0.9355,0.0005,0.0005
3,FakeManilaV2,87,1,400,0.065,0.935,1.0,1.0
3,FakeManilaV2,87,2,800,0.0525,0.9475,0.0125,0.0125
3,FakeManilaV2,87,3,1200,0.055,0.945,0.0025,0.0025
3,FakeManilaV2,87,4,1600,0.055,0.945,0.0,0.0
3,FakeManilaV2,87,5,2000,0.0585,0.9415,0.0035,0.0035
3,FakeManilaV2,87,6,2400,0.0587,0.9413,0.0002,0.0002
3,FakeManilaV2,87,7,2800,0.0607,0.9393,0.002,0.002
3,FakeManilaV2,87,8,3200,0.0628,0.9372,0.0021,0.0021
3,FakeManilaV2,87,9,3600,0.0617,0.9383,0.0011,0.0011
3,FakeManilaV2,87,10,4000,0.0625,0.9375,0.0008,0.0008
3,FakeManilaV2,88,1,400,0.0825,0.9175,1.0,1.0
3,FakeManilaV2,88,2,800,0.0713,0.9287,0.0112,0.0112
3,FakeManilaV2,88,3,1200,0.0733,0.9267,0.0021,0.0021
3,FakeManilaV2,88,4,1600,0.0681,0.9319,0.0052,0.0052
3,FakeManilaV2,88,5,2000,0.07,0.93,0.0019,0.0019
3,FakeManilaV2,88,6,2400,0.07,0.93,0.0,0.0
3,FakeManilaV2,88,7,2800,0.0686,0.9314,0.0014,0.0014
3,FakeManilaV2,88,8,3200,0.0684,0.9316,0.0001,0.0001
3,FakeManilaV2,88,9,3600,0.0661,0.9339,0.0023,0.0023
3,FakeManilaV2,88,10,4000,0.0667,0.9332,0.0006,0.0006
3,FakeManilaV2,89,1,400,0.07,0.93,1.0,1.0
3,FakeManilaV2,89,2,800,0.075,0.925,0.005,0.005
3,FakeManilaV2,89,3,1200,0.07,0.93,0.005,0.005
3,FakeManilaV2,89,4,1600,0.0744,0.9256,0.0044,0.0044
3,FakeManilaV2,89,5,2000,0.0695,0.9305,0.0049,0.0049
3,FakeManilaV2,89,6,2400,0.0667,0.9333,0.0028,0.0028
3,FakeManilaV2,89,7,2800,0.0675,0.9325,0.0008,0.0008
3,FakeManilaV2,89,8,3200,0.0678,0.9322,0.0003,0.0003
3,FakeManilaV2,89,9,3600,0.0681,0.9319,0.0002,0.0002
3,FakeManilaV2,89,10,4000,0.0667,0.9332,0.0013,0.0013
3,FakeManilaV2,90,1,400,0.0925,0.9075,1.0,1.0
3,FakeManilaV2,90,2,800,0.0687,0.9313,0.0238,0.0237
3,FakeManilaV2,90,3,1200,0.0733,0.9267,0.0046,0.0046
3,FakeManilaV2,90,4,1600,0.0775,0.9225,0.0042,0.0042
3,FakeManilaV2,90,5,2000,0.076,0.924,0.0015,0.0015
3,FakeManilaV2,90,6,2400,0.0746,0.9254,0.0014,0.0014
3,FakeManilaV2,90,7,2800,0.0729,0.9271,0.0017,0.0017
3,FakeManilaV2,90,8,3200,0.0737,0.9262,0.0009,0.0009
3,FakeManilaV2,90,9,3600,0.0739,0.9261,0.0001,0.0001
3,FakeManilaV2,90,10,4000,0.0735,0.9265,0.0004,0.0004
3,FakeManilaV2,91,1,400,0.045,0.955,1.0,1.0
3,FakeManilaV2,91,2,800,0.0625,0.9375,0.0175,0.0175
3,FakeManilaV2,91,3,1200,0.0583,0.9417,0.0042,0.0042
3,FakeManilaV2,91,4,1600,0.0575,0.9425,0.0008,0.0008
3,FakeManilaV2,91,5,2000,0.0605,0.9395,0.003,0.003
3,FakeManilaV2,91,6,2400,0.0629,0.9371,0.0024,0.0024
3,FakeManilaV2,91,7,2800,0.0632,0.9368,0.0003,0.0003
3,FakeManilaV2,91,8,3200,0.0622,0.9378,0.001,0.001
3,FakeManilaV2,91,9,3600,0.0611,0.9389,0.0011,0.0011
3,FakeManilaV2,91,10,4000,0.0603,0.9398,0.0009,0.0009
3,FakeManilaV2,92,1,400,0.0875,0.9125,1.0,1.0
3,FakeManilaV2,92,2,800,0.0863,0.9138,0.0012,0.0012
3,FakeManilaV2,92,3,1200,0.0717,0.9283,0.0146,0.0146
3,FakeManilaV2,92,4,1600,0.0625,0.9375,0.0092,0.0092
3,FakeManilaV2,92,5,2000,0.063,0.937,0.0005,0.0005
3,FakeManilaV2,92,6,2400,0.0667,0.9333,0.0037,0.0037
3,FakeManilaV2,92,7,2800,0.0679,0.9321,0.0012,0.0012
3,FakeManilaV2,92,8,3200,0.0684,0.9316,0.0006,0.0006
3,FakeManilaV2,92,9,3600,0.0678,0.9322,0.0007,0.0007
3,FakeManilaV2,92,10,4000,0.069,0.931,0.0012,0.0012
3,FakeManilaV2,93,1,400,0.0625,0.9375,1.0,1.0
3,FakeManilaV2,93,2,800,0.0575,0.9425,0.005,0.005
3,FakeManilaV2,93,3,1200,0.0658,0.9342,0.0083,0.0083
3,FakeManilaV2,93,4,1600,0.0656,0.9344,0.0002,0.0002
3,FakeManilaV2,93,5,2000,0.064,0.936,0.0016,0.0016
3,FakeManilaV2,93,6,2400,0.06,0.94,0.004,0.004
3,FakeManilaV2,93,7,2800,0.0618,0.9382,0.0018,0.0018
3,FakeManilaV2,93,8,3200,0.0631,0.9369,0.0013,0.0013
3,FakeManilaV2,93,9,3600,0.0636,0.9364,0.0005,0.0005
3,FakeManilaV2,93,10,4000,0.0655,0.9345,0.0019,0.0019
3,FakeManilaV2,94,1,400,0.0725,0.9275,1.0,1.0
3,FakeManilaV2,94,2,800,0.0863,0.9138,0.0138,0.0137
3,FakeManilaV2,94,3,1200,0.075,0.925,0.0113,0.0112
3,FakeManilaV2,94,4,1600,0.0694,0.9306,0.0056,0.0056
3,FakeManilaV2,94,5,2000,0.073,0.927,0.0036,0.0036
3,FakeManilaV2,94,6,2400,0.0683,0.9317,0.0047,0.0047
3,FakeManilaV2,94,7,2800,0.0671,0.9329,0.0012,0.0012
3,FakeManilaV2,94,8,3200,0.0687,0.9313,0.0016,0.0016
3,FakeManilaV2,94,9,3600,0.0647,0.9353,0.004,0.004
3,FakeManilaV2,94,10,4000,0.0647,0.9353,0.0,0.0
3,FakeManilaV2,95,1,400,0.0675,0.9325,1.0,1.0
3,FakeManilaV2,95,2,800,0.07,0.93,0.0025,0.0025
3,FakeManilaV2,95,3,1200,0.0717,0.9283,0.0017,0.0017
3,FakeManilaV2,95,4,1600,0.0719,0.9281,0.0002,0.0002
3,FakeManilaV2,95,5,2000,0.0725,0.9275,0.0006,0.0006
3,FakeManilaV2,95,6,2400,0.0692,0.9308,0.0033,0.0033
3,FakeManilaV2,95,7,2800,0.0718,0.9282,0.0026,0.0026
3,FakeManilaV2,95,8,3200,0.0738,0.9262,0.002,0.002
3,FakeManilaV2,95,9,3600,0.0744,0.9256,0.0007,0.0007
3,FakeManilaV2,95,10,4000,0.0723,0.9277,0.0022,0.0022
3,FakeManilaV2,96,1,400,0.045,0.955,1.0,1.0
3,FakeManilaV2,96,2,800,0.0537,0.9463,0.0087,0.0087
3,FakeManilaV2,96,3,1200,0.0558,0.9442,0.0021,0.0021
3,FakeManilaV2,96,4,1600,0.0531,0.9469,0.0027,0.0027
3,FakeManilaV2,96,5,2000,0.055,0.945,0.0019,0.0019
3,FakeManilaV2,96,6,2400,0.0583,0.9417,0.0033,0.0033
3,FakeManilaV2,96,7,2800,0.0611,0.9389,0.0027,0.0027
3,FakeManilaV2,96,8,3200,0.06,0.94,0.0011,0.0011
3,FakeManilaV2,96,9,3600,0.0606,0.9394,0.0006,0.0006
3,FakeManilaV2,96,10,4000,0.063,0.937,0.0024,0.0024
3,FakeManilaV2,97,1,400,0.0825,0.9175,1.0,1.0
3,FakeManilaV2,97,2,800,0.0788,0.9213,0.0038,0.0037
3,FakeManilaV2,97,3,1200,0.0725,0.9275,0.0062,0.0062
3,FakeManilaV2,97,4,1600,0.0706,0.9294,0.0019,0.0019
3,FakeManilaV2,97,5,2000,0.066,0.934,0.0046,0.0046
3,FakeManilaV2,97,6,2400,0.0654,0.9346,0.0006,0.0006
3,FakeManilaV2,97,7,2800,0.0675,0.9325,0.0021,0.0021
3,FakeManilaV2,97,8,3200,0.0697,0.9303,0.0022,0.0022
3,FakeManilaV2,97,9,3600,0.0697,0.9303,0.0,0.0
3,FakeManilaV2,97,10,4000,0.0707,0.9293,0.001,0.001
3,FakeManilaV2,98,1,400,0.06,0.94,1.0,1.0
3,FakeManilaV2,98,2,800,0.0587,0.9413,0.0013,0.0013
3,FakeManilaV2,98,3,1200,0.0642,0.9358,0.0054,0.0054
3,FakeManilaV2,98,4,1600,0.0644,0.9356,0.0002,0.0002
3,FakeManilaV2,98,5,2000,0.0635,0.9365,0.0009,0.0009
3,FakeManilaV2,98,6,2400,0.0637,0.9363,0.0002,0.0002
3,FakeManilaV2,98,7,2800,0.0618,0.9382,0.002,0.002
3,FakeManilaV2,98,8,3200,0.0603,0.9397,0.0015,0.0015
3,FakeManilaV2,98,9,3600,0.0597,0.9403,0.0006,0.0006
3,FakeManilaV2,98,10,4000,0.0585,0.9415,0.0012,0.0012
3,FakeManilaV2,99,1,400,0.06,0.94,1.0,1.0
3,FakeManilaV2,99,2,800,0.0637,0.9363,0.0037,0.0037
3,FakeManilaV2,99,3,1200,0.0692,0.9308,0.0054,0.0054
3,FakeManilaV2,99,4,1600,0.0694,0.9306,0.0002,0.0002
3,FakeManilaV2,99,5,2000,0.067,0.933,0.0024,0.0024
3,FakeManilaV2,99,6,2400,0.0667,0.9333,0.0003,0.0003
3,FakeManilaV2,99,7,2800,0.0671,0.9329,0.0005,0.0005
3,FakeManilaV2,99,8,3200,0.0666,0.9334,0.0006,0.0006
3,FakeManilaV2,99,9,3600,0.065,0.935,0.0016,0.0016
3,FakeManilaV2,99,10,4000,0.0677,0.9322,0.0028,0.0028
3,FakeManilaV2,100,1,400,0.085,0.915,1.0,1.0
3,FakeManilaV2,100,2,800,0.0738,0.9262,0.0112,0.0112
3,FakeManilaV2,100,3,1200,0.0742,0.9258,0.0004,0.0004
3,FakeManilaV2,100,4,1600,0.0681,0.9319,0.006,0.006
3,FakeManilaV2,100,5,2000,0.062,0.938,0.0061,0.0061
3,FakeManilaV2,100,6,2400,0.0625,0.9375,0.0005,0.0005
3,FakeManilaV2,100,7,2800,0.0639,0.9361,0.0014,0.0014
3,FakeManilaV2,100,8,3200,0.0628,0.9372,0.0011,0.0011
3,FakeManilaV2,100,9,3600,0.0622,0.9378,0.0006,0.0006
3,FakeManilaV2,100,10,4000,0.063,0.937,0.0008,0.0008
3,FakeManilaV2,101,1,400,0.045,0.955,1.0,1.0
3,FakeManilaV2,101,2,800,0.0463,0.9537,0.0012,0.0013
3,FakeManilaV2,101,3,1200,0.0508,0.9492,0.0046,0.0046
3,FakeManilaV2,101,4,1600,0.0606,0.9394,0.0098,0.0098
3,FakeManilaV2,101,5,2000,0.065,0.935,0.0044,0.0044
3,FakeManilaV2,101,6,2400,0.0687,0.9313,0.0038,0.0037
3,FakeManilaV2,101,7,2800,0.0679,0.9321,0.0009,0.0009
3,FakeManilaV2,101,8,3200,0.0672,0.9328,0.0007,0.0007
3,FakeManilaV2,101,9,3600,0.065,0.935,0.0022,0.0022
3,FakeManilaV2,101,10,4000,0.0673,0.9327,0.0023,0.0022
3,FakeManilaV2,102,1,400,0.0875,0.9125,1.0,1.0
3,FakeManilaV2,102,2,800,0.0738,0.9263,0.0138,0.0137
3,FakeManilaV2,102,3,1200,0.0733,0.9267,0.0004,0.0004
3,FakeManilaV2,102,4,1600,0.0725,0.9275,0.0008,0.0008
3,FakeManilaV2,102,5,2000,0.07,0.93,0.0025,0.0025
3,FakeManilaV2,102,6,2400,0.0683,0.9317,0.0017,0.0017
3,FakeManilaV2,102,7,2800,0.0686,0.9314,0.0002,0.0002
3,FakeManilaV2,102,8,3200,0.0675,0.9325,0.0011,0.0011
3,FakeManilaV2,102,9,3600,0.0675,0.9325,0.0,0.0
3,FakeManilaV2,102,10,4000,0.0685,0.9315,0.001,0.001
3,FakeManilaV2,103,1,400,0.08,0.92,1.0,1.0
3,FakeManilaV2,103,2,800,0.0738,0.9262,0.0062,0.0062
3,FakeManilaV2,103,3,1200,0.0717,0.9283,0.0021,0.0021
3,FakeManilaV2,103,4,1600,0.07,0.93,0.0017,0.0017
3,FakeManilaV2,103,5,2000,0.0705,0.9295,0.0005,0.0005
3,FakeManilaV2,103,6,2400,0.0696,0.9304,0.0009,0.0009
3,FakeManilaV2,103,7,2800,0.0689,0.9311,0.0007,0.0007
3,FakeManilaV2,103,8,3200,0.07,0.93,0.0011,0.0011
3,FakeManilaV2,103,9,3600,0.0694,0.9306,0.0006,0.0006
3,FakeManilaV2,103,10,4000,0.068,0.932,0.0014,0.0014
3,FakeManilaV2,104,1,400,0.05,0.95,1.0,1.0
3,FakeManilaV2,104,2,800,0.0537,0.9463,0.0037,0.0037
3,FakeManilaV2,104,3,1200,0.0575,0.9425,0.0038,0.0038
3,FakeManilaV2,104,4,1600,0.055,0.945,0.0025,0.0025
3,FakeManilaV2,104,5,2000,0.0585,0.9415,0.0035,0.0035
3,FakeManilaV2,104,6,2400,0.0625,0.9375,0.004,0.004
3,FakeManilaV2,104,7,2800,0.0625,0.9375,0.0,0.0
3,FakeManilaV2,104,8,3200,0.0637,0.9363,0.0012,0.0013
3,FakeManilaV2,104,9,3600,0.0636,0.9364,0.0001,0.0001
3,FakeManilaV2,104,10,4000,0.0627,0.9373,0.0009,0.0009
3,FakeManilaV2,105,1,400,0.0625,0.9375,1.0,1.0
3,FakeManilaV2,105,2,800,0.0587,0.9413,0.0038,0.0037
3,FakeManilaV2,105,3,1200,0.0625,0.9375,0.0038,0.0037
3,FakeManilaV2,105,4,1600,0.06,0.94,0.0025,0.0025
3,FakeManilaV2,105,5,2000,0.057,0.943,0.003,0.003
3,FakeManilaV2,105,6,2400,0.0596,0.9404,0.0026,0.0026
3,FakeManilaV2,105,7,2800,0.0596,0.9404,0.0001,0.0001
3,FakeManilaV2,105,8,3200,0.0628,0.9372,0.0032,0.0032
3,FakeManilaV2,105,9,3600,0.0628,0.9372,0.0,0.0
3,FakeManilaV2,105,10,4000,0.0627,0.9373,0.0,0.0
3,FakeManilaV2,106,1,400,0.0525,0.9475,1.0,1.0
3,FakeManilaV2,106,2,800,0.0537,0.9463,0.0012,0.0012
3,FakeManilaV2,106,3,1200,0.0625,0.9375,0.0088,0.0088
3,FakeManilaV2,106,4,1600,0.0569,0.9431,0.0056,0.0056
3,FakeManilaV2,106,5,2000,0.06,0.94,0.0031,0.0031
3,FakeManilaV2,106,6,2400,0.0625,0.9375,0.0025,0.0025
3,FakeManilaV2,106,7,2800,0.065,0.935,0.0025,0.0025
3,FakeManilaV2,106,8,3200,0.0653,0.9347,0.0003,0.0003
3,FakeManilaV2,106,9,3600,0.0669,0.9331,0.0016,0.0016
3,FakeManilaV2,106,10,4000,0.0655,0.9345,0.0014,0.0014
3,FakeManilaV2,107,1,400,0.0575,0.9425,1.0,1.0
3,FakeManilaV2,107,2,800,0.0563,0.9437,0.0012,0.0013
3,FakeManilaV2,107,3,1200,0.0583,0.9417,0.0021,0.0021
3,FakeManilaV2,107,4,1600,0.0644,0.9356,0.006,0.006
3,FakeManilaV2,107,5,2000,0.065,0.935,0.0006,0.0006
3,FakeManilaV2,107,6,2400,0.0654,0.9346,0.0004,0.0004
3,FakeManilaV2,107,7,2800,0.0632,0.9368,0.0022,0.0022
3,FakeManilaV2,107,8,3200,0.0634,0.9366,0.0002,0.0002
3,FakeManilaV2,107,9,3600,0.0622,0.9378,0.0012,0.0012
3,FakeManilaV2,107,10,4000,0.064,0.936,0.0018,0.0018
3,FakeManilaV2,108,1,400,0.07,0.93,1.0,1.0
3,FakeManilaV2,108,2,800,0.0575,0.9425,0.0125,0.0125
3,FakeManilaV2,108,3,1200,0.0592,0.9408,0.0017,0.0017
3,FakeManilaV2,108,4,1600,0.0631,0.9369,0.004,0.004
3,FakeManilaV2,108,5,2000,0.064,0.936,0.0009,0.0009
3,FakeManilaV2,108,6,2400,0.0613,0.9387,0.0027,0.0028
3,FakeManilaV2,108,7,2800,0.0621,0.9379,0.0009,0.0009
3,FakeManilaV2,108,8,3200,0.0641,0.9359,0.0019,0.0019
3,FakeManilaV2,108,9,3600,0.0633,0.9367,0.0007,0.0007
3,FakeManilaV2,108,10,4000,0.0625,0.9375,0.0008,0.0008
3,FakeManilaV2,109,1,400,0.07,0.93,1.0,1.0
3,FakeManilaV2,109,2,800,0.0763,0.9238,0.0063,0.0063
3,FakeManilaV2,109,3,1200,0.0733,0.9267,0.0029,0.0029
3,FakeManilaV2,109,4,1600,0.0719,0.9281,0.0015,0.0015
3,FakeManilaV2,109,5,2000,0.068,0.932,0.0039,0.0039
3,FakeManilaV2,109,6,2400,0.0717,0.9283,0.0037,0.0037
3,FakeManilaV2,109,7,2800,0.0686,0.9314,0.0031,0.0031
3,FakeManilaV2,109,8,3200,0.0666,0.9334,0.002,0.002
3,FakeManilaV2,109,9,3600,0.065,0.935,0.0016,0.0016
3,FakeManilaV2,109,10,4000,0.065,0.935,0.0,0.0
3,FakeManilaV2,110,1,400,0.07,0.93,1.0,1.0
3,FakeManilaV2,110,2,800,0.0725,0.9275,0.0025,0.0025
3,FakeManilaV2,110,3,1200,0.0667,0.9333,0.0058,0.0058
3,FakeManilaV2,110,4,1600,0.0663,0.9337,0.0004,0.0004
3,FakeManilaV2,110,5,2000,0.0715,0.9285,0.0052,0.0052
3,FakeManilaV2,110,6,2400,0.075,0.925,0.0035,0.0035
3,FakeManilaV2,110,7,2800,0.0721,0.9279,0.0029,0.0029
3,FakeManilaV2,110,8,3200,0.0706,0.9294,0.0015,0.0015
3,FakeManilaV2,110,9,3600,0.0714,0.9286,0.0008,0.0008
3,FakeManilaV2,110,10,4000,0.0703,0.9297,0.0011,0.0011
3,FakeManilaV2,111,1,400,0.06,0.94,1.0,1.0
3,FakeManilaV2,111,2,800,0.0537,0.9463,0.0063,0.0063
3,FakeManilaV2,111,3,1200,0.0525,0.9475,0.0012,0.0012
3,FakeManilaV2,111,4,1600,0.0569,0.9431,0.0044,0.0044
3,FakeManilaV2,111,5,2000,0.065,0.935,0.0081,0.0081
3,FakeManilaV2,111,6,2400,0.0637,0.9363,0.0012,0.0013
3,FakeManilaV2,111,7,2800,0.0621,0.9379,0.0016,0.0016
3,FakeManilaV2,111,8,3200,0.0625,0.9375,0.0004,0.0004
3,FakeManilaV2,111,9,3600,0.0633,0.9367,0.0008,0.0008
3,FakeManilaV2,111,10,4000,0.0637,0.9363,0.0004,0.0004
3,FakeManilaV2,112,1,400,0.06,0.94,1.0,1.0
3,FakeManilaV2,112,2,800,0.0613,0.9387,0.0012,0.0012
3,FakeManilaV2,112,3,1200,0.0567,0.9433,0.0046,0.0046
3,FakeManilaV2,112,4,1600,0.0625,0.9375,0.0058,0.0058
3,FakeManilaV2,112,5,2000,0.064,0.936,0.0015,0.0015
3,FakeManilaV2,112,6,2400,0.0683,0.9317,0.0043,0.0043
3,FakeManilaV2,112,7,2800,0.0661,0.9339,0.0023,0.0023
3,FakeManilaV2,112,8,3200,0.0653,0.9347,0.0008,0.0008
3,FakeManilaV2,112,9,3600,0.065,0.935,0.0003,0.0003
3,FakeManilaV2,112,10,4000,0.064,0.936,0.001,0.001
3,FakeManilaV2,113,1,400,0.0775,0.9225,1.0,1.0
3,FakeManilaV2,113,2,800,0.0775,0.9225,0.0,0.0
3,FakeManilaV2,113,3,1200,0.0708,0.9292,0.0067,0.0067
3,FakeManilaV2,113,4,1600,0.0681,0.9319,0.0027,0.0027
3,FakeManilaV2,113,5,2000,0.0705,0.9295,0.0024,0.0024
3,FakeManilaV2,113,6,2400,0.0671,0.9329,0.0034,0.0034
3,FakeManilaV2,113,7,2800,0.0696,0.9304,0.0026,0.0026
3,FakeManilaV2,113,8,3200,0.0684,0.9316,0.0012,0.0012
3,FakeManilaV2,113,9,3600,0.0664,0.9336,0.002,0.002
3,FakeManilaV2,113,10,4000,0.0667,0.9332,0.0004,0.0004
3,FakeManilaV2,114,1,400,0.06,0.94,1.0,1.0
3,FakeManilaV2,114,2,800,0.06,0.94,0.0,0.0
3,FakeManilaV2,114,3,1200,0.0625,0.9375,0.0025,0.0025
3,FakeManilaV2,114,4,1600,0.0606,0.9394,0.0019,0.0019
3,FakeManilaV2,114,5,2000,0.062,0.938,0.0014,0.0014
3,FakeManilaV2,114,6,2400,0.0596,0.9404,0.0024,0.0024
3,FakeManilaV2,114,7,2800,0.0607,0.9393,0.0011,0.0011
3,FakeManilaV2,114,8,3200,0.0572,0.9428,0.0035,0.0035
3,FakeManilaV2,114,9,3600,0.0567,0.9433,0.0005,0.0005
3,FakeManilaV2,114,10,4000,0.0575,0.9425,0.0008,0.0008
3,FakeManilaV2,115,1,400,0.0725,0.9275,1.0,1.0
3,FakeManilaV2,115,2,800,0.0687,0.9313,0.0038,0.0038
3,FakeManilaV2,115,3,1200,0.065,0.935,0.0038,0.0037
3,FakeManilaV2,115,4,1600,0.0637,0.9363,0.0012,0.0013
3,FakeManilaV2,115,5,2000,0.062,0.938,0.0017,0.0017
3,FakeManilaV2,115,6,2400,0.0567,0.9433,0.0053,0.0053
3,FakeManilaV2,115,7,2800,0.0582,0.9418,0.0015,0.0015
3,FakeManilaV2,115,8,3200,0.0584,0.9416,0.0002,0.0002
3,FakeManilaV2,115,9,3600,0.06,0.94,0.0016,0.0016
3,FakeManilaV2,115,10,4000,0.0605,0.9395,0.0005,0.0005
3,FakeManilaV2,116,1,400,0.08,0.92,1.0,1.0
3,FakeManilaV2,116,2,800,0.0713,0.9287,0.0087,0.0087
3,FakeManilaV2,116,3,1200,0.0675,0.9325,0.0038,0.0038
3,FakeManilaV2,116,4,1600,0.0681,0.9319,0.0006,0.0006
3,FakeManilaV2,116,5,2000,0.0685,0.9315,0.0004,0.0004
3,FakeManilaV2,116,6,2400,0.0654,0.9346,0.0031,0.0031
3,FakeManilaV2,116,7,2800,0.0657,0.9343,0.0003,0.0003
3,FakeManilaV2,116,8,3200,0.065,0.935,0.0007,0.0007
3,FakeManilaV2,116,9,3600,0.0658,0.9342,0.0008,0.0008
3,FakeManilaV2,116,10,4000,0.0653,0.9347,0.0006,0.0006
3,FakeManilaV2,117,1,400,0.0575,0.9425,1.0,1.0
3,FakeManilaV2,117,2,800,0.07,0.93,0.0125,0.0125
3,FakeManilaV2,117,3,1200,0.0583,0.9417,0.0117,0.0117
3,FakeManilaV2,117,4,1600,0.0519,0.9481,0.0065,0.0065
3,FakeManilaV2,117,5,2000,0.0495,0.9505,0.0024,0.0024
3,FakeManilaV2,117,6,2400,0.0513,0.9488,0.0018,0.0017
3,FakeManilaV2,117,7,2800,0.0518,0.9482,0.0005,0.0005
3,FakeManilaV2,117,8,3200,0.0519,0.9481,0.0001,0.0001
3,FakeManilaV2,117,9,3600,0.0547,0.9453,0.0028,0.0028
3,FakeManilaV2,117,10,4000,0.0555,0.9445,0.0008,0.0008
3,FakeManilaV2,118,1,400,0.0625,0.9375,1.0,1.0
3,FakeManilaV2,118,2,800,0.0675,0.9325,0.005,0.005
3,FakeManilaV2,118,3,1200,0.0683,0.9317,0.0008,0.0008
3,FakeManilaV2,118,4,1600,0.0694,0.9306,0.001,0.001
3,FakeManilaV2,118,5,2000,0.069,0.931,0.0004,0.0004
3,FakeManilaV2,118,6,2400,0.0683,0.9317,0.0007,0.0007
3,FakeManilaV2,118,7,2800,0.0704,0.9296,0.002,0.002
3,FakeManilaV2,118,8,3200,0.07,0.93,0.0004,0.0004
3,FakeManilaV2,118,9,3600,0.0686,0.9314,0.0014,0.0014
3,FakeManilaV2,118,10,4000,0.067,0.933,0.0016,0.0016
3,FakeManilaV2,119,1,400,0.065,0.935,1.0,1.0
3,FakeManilaV2,119,2,800,0.0625,0.9375,0.0025,0.0025
3,FakeManilaV2,119,3,1200,0.0575,0.9425,0.005,0.005
3,FakeManilaV2,119,4,1600,0.0544,0.9456,0.0031,0.0031
3,FakeManilaV2,119,5,2000,0.054,0.946,0.0004,0.0004
3,FakeManilaV2,119,6,2400,0.0525,0.9475,0.0015,0.0015
3,FakeManilaV2,119,7,2800,0.0511,0.9489,0.0014,0.0014
3,FakeManilaV2,119,8,3200,0.0541,0.9459,0.003,0.003
3,FakeManilaV2,119,9,3600,0.0547,0.9453,0.0007,0.0007
3,FakeManilaV2,119,10,4000,0.0557,0.9442,0.001,0.001
4,FakeManilaV2,20,1,819,0.1673,0.8321,1.0,1.0
4,FakeManilaV2,20,2,1638,0.1709,0.8289,0.0037,0.0033
4,FakeManilaV2,20,3,2457,0.1758,0.824,0.0049,0.0049
4,FakeManilaV2,20,4,3276,0.177,0.8227,0.0012,0.0012
4,FakeManilaV2,20,5,4095,0.1714,0.8283,0.0056,0.0056
4,FakeManilaV2,20,6,4914,0.1685,0.8313,0.0029,0.0029
4,FakeManilaV2,20,7,5733,0.1664,0.8335,0.0021,0.0022
4,FakeManilaV2,20,8,6552,0.1688,0.8311,0.0024,0.0024
4,FakeManilaV2,20,9,7371,0.17,0.8299,0.0012,0.0011
4,FakeManilaV2,20,10,8192,0.1726,0.8273,0.0026,0.0026
4,FakeManilaV2,21,1,819,0.1954,0.804,1.0,1.0
4,FakeManilaV2,21,2,1638,0.1807,0.8193,0.0147,0.0153
4,FakeManilaV2,21,3,2457,0.1738,0.8259,0.0069,0.0066
4,FakeManilaV2,21,4,3276,0.1746,0.8252,0.0008,0.0006
4,FakeManilaV2,21,5,4095,0.1712,0.8287,0.0034,0.0035
4,FakeManilaV2,21,6,4914,0.174,0.826,0.0028,0.0027
4,FakeManilaV2,21,7,5733,0.1727,0.8273,0.0013,0.0013
4,FakeManilaV2,21,8,6552,0.1749,0.8251,0.0022,0.0022
4,FakeManilaV2,21,9,7371,0.1749,0.8251,0.0,0.0
4,FakeManilaV2,21,10,8192,0.1754,0.8246,0.0005,0.0005
4,FakeManilaV2,22,1,819,0.1709,0.8288,1.0,1.0
4,FakeManilaV2,22,2,1638,0.1618,0.8382,0.0092,0.0094
4,FakeManilaV2,22,3,2457,0.1636,0.8364,0.0018,0.0019
4,FakeManilaV2,22,4,3276,0.1667,0.8333,0.0031,0.003
4,FakeManilaV2,22,5,4095,0.1697,0.8303,0.0031,0.003
4,FakeManilaV2,22,6,4914,0.1677,0.8323,0.002,0.002
4,FakeManilaV2,22,7,5733,0.1668,0.8332,0.0009,0.0009
4,FakeManilaV2,22,8,6552,0.1662,0.8338,0.0005,0.0005
4,FakeManilaV2,22,9,7371,0.1652,0.8348,0.001,0.001
4,FakeManilaV2,22,10,8192,0.1648,0.8352,0.0004,0.0004
4,FakeManilaV2,23,1,819,0.1856,0.8136,1.0,1.0
4,FakeManilaV2,23,2,1638,0.1734,0.8265,0.0122,0.0128
4,FakeManilaV2,23,3,2457,0.1726,0.8274,0.0008,0.001
4,FakeManilaV2,23,4,3276,0.1709,0.829,0.0016,0.0016
4,FakeManilaV2,23,5,4095,0.1697,0.8302,0.0012,0.0012
4,FakeManilaV2,23,6,4914,0.1681,0.8319,0.0016,0.0017
4,FakeManilaV2,23,7,5733,0.1664,0.8336,0.0017,0.0017
4,FakeManilaV2,23,8,6552,0.168,0.832,0.0016,0.0016
4,FakeManilaV2,23,9,7371,0.1689,0.8311,0.0009,0.0009
4,FakeManilaV2,23,10,8192,0.1685,0.8315,0.0004,0.0005
4,FakeManilaV2,24,1,819,0.1709,0.8288,1.0,1.0
4,FakeManilaV2,24,2,1638,0.1661,0.8333,0.0049,0.0045
4,FakeManilaV2,24,3,2457,0.1681,0.8316,0.002,0.0017
4,FakeManilaV2,24,4,3276,0.1667,0.8333,0.0014,0.0017
4,FakeManilaV2,24,5,4095,0.1663,0.8336,0.0004,0.0004
4,FakeManilaV2,24,6,4914,0.1687,0.8312,0.0024,0.0024
4,FakeManilaV2,24,7,5733,0.1704,0.8296,0.0017,0.0016
4,FakeManilaV2,24,8,6552,0.1697,0.8302,0.0007,0.0007
4,FakeManilaV2,24,9,7371,0.1696,0.8304,0.0001,0.0001
4,FakeManilaV2,24,10,8192,0.168,0.832,0.0016,0.0016
4,FakeManilaV2,25,1,819,0.1807,0.8193,1.0,1.0
4,FakeManilaV2,25,2,1638,0.1722,0.8278,0.0085,0.0086
4,FakeManilaV2,25,3,2457,0.1738,0.8262,0.0016,0.0017
4,FakeManilaV2,25,4,3276,0.1725,0.8275,0.0013,0.0013
4,FakeManilaV2,25,5,4095,0.1744,0.8256,0.0019,0.0019
4,FakeManilaV2,25,6,4914,0.176,0.824,0.0017,0.0016
4,FakeManilaV2,25,7,5733,0.173,0.827,0.003,0.003
4,FakeManilaV2,25,8,6552,0.1719,0.8281,0.0012,0.0012
4,FakeManilaV2,25,9,7371,0.1737,0.8263,0.0018,0.0018
4,FakeManilaV2,25,10,8192,0.1743,0.8256,0.0007,0.0007
4,FakeManilaV2,26,1,819,0.1746,0.8251,1.0,1.0
4,FakeManilaV2,26,2,1638,0.1777,0.8219,0.0031,0.0032
4,FakeManilaV2,26,3,2457,0.1726,0.8272,0.0051,0.0053
4,FakeManilaV2,26,4,3276,0.1728,0.827,0.0002,0.0002
4,FakeManilaV2,26,5,4095,0.1758,0.8241,0.0031,0.0029
4,FakeManilaV2,26,6,4914,0.175,0.825,0.0008,0.0008
4,FakeManilaV2,26,7,5733,0.1755,0.8245,0.0005,0.0005
4,FakeManilaV2,26,8,6552,0.1769,0.8231,0.0014,0.0014
4,FakeManilaV2,26,9,7371,0.1761,0.8239,0.0008,0.0008
4,FakeManilaV2,26,10,8192,0.1747,0.8253,0.0014,0.0014
4,FakeManilaV2,27,1,819,0.1514,0.8486,1.0,1.0
4,FakeManilaV2,27,2,1638,0.16,0.84,0.0085,0.0086
4,FakeManilaV2,27,3,2457,0.1652,0.8347,0.0053,0.0053
4,FakeManilaV2,27,4,3276,0.1697,0.8303,0.0045,0.0045
4,FakeManilaV2,27,5,4095,0.1687,0.8313,0.001,0.001
4,FakeManilaV2,27,6,4914,0.1713,0.8287,0.0026,0.0026
4,FakeManilaV2,27,7,5733,0.1694,0.8306,0.002,0.002
4,FakeManilaV2,27,8,6552,0.17,0.83,0.0007,0.0007
4,FakeManilaV2,27,9,7371,0.1703,0.8297,0.0002,0.0002
4,FakeManilaV2,27,10,8192,0.1702,0.8298,0.0001,0.0001
4,FakeManilaV2,28,1,819,0.1636,0.8344,1.0,1.0
4,FakeManilaV2,28,2,1638,0.1801,0.8186,0.0165,0.0157
4,FakeManilaV2,28,3,2457,0.1811,0.8182,0.001,0.0005
4,FakeManilaV2,28,4,3276,0.1752,0.8242,0.0059,0.006
4,FakeManilaV2,28,5,4095,0.1751,0.8244,0.0001,0.0003
4,FakeManilaV2,28,6,4914,0.1748,0.8247,0.0003,0.0003
4,FakeManilaV2,28,7,5733,0.1748,0.8249,0.0,0.0002
4,FakeManilaV2,28,8,6552,0.174,0.8258,0.0008,0.0009
4,FakeManilaV2,28,9,7371,0.1751,0.8246,0.0012,0.0011
4,FakeManilaV2,28,10,8192,0.1758,0.8241,0.0006,0.0006
4,FakeManilaV2,29,1,819,0.1648,0.8351,1.0,1.0
4,FakeManilaV2,29,2,1638,0.1606,0.8392,0.0043,0.0041
4,FakeManilaV2,29,3,2457,0.1612,0.8388,0.0006,0.0005
4,FakeManilaV2,29,4,3276,0.1685,0.8315,0.0073,0.0073
4,FakeManilaV2,29,5,4095,0.1712,0.8288,0.0027,0.0027
4,FakeManilaV2,29,6,4914,0.1758,0.8242,0.0046,0.0046
4,FakeManilaV2,29,7,5733,0.173,0.827,0.0028,0.0028
4,FakeManilaV2,29,8,6552,0.1716,0.8284,0.0015,0.0015
4,FakeManilaV2,29,9,7371,0.1715,0.8285,0.0001,0.0001
4,FakeManilaV2,29,10,8192,0.1721,0.8279,0.0006,0.0006
4,FakeManilaV2,30,1,819,0.1758,0.8242,1.0,1.0
4,FakeManilaV2,30,2,1638,0.1581,0.8418,0.0177,0.0177
4,FakeManilaV2,30,3,2457,0.1681,0.8319,0.01,0.0099
4,FakeManilaV2,30,4,3276,0.1697,0.8303,0.0016,0.0016
4,FakeManilaV2,30,5,4095,0.17,0.83,0.0002,0.0002
4,FakeManilaV2,30,6,4914,0.1697,0.8303,0.0002,0.0002
4,FakeManilaV2,30,7,5733,0.1664,0.8336,0.0033,0.0033
4,FakeManilaV2,30,8,6552,0.1656,0.8344,0.0008,0.0008
4,FakeManilaV2,30,9,7371,0.1655,0.8345,0.0001,0.0001
4,FakeManilaV2,30,10,8192,0.1656,0.8344,0.0001,0.0001
4,FakeManilaV2,31,1,819,0.1648,0.8351,1.0,1.0
4,FakeManilaV2,31,2,1638,0.1703,0.8295,0.0055,0.0056
4,FakeManilaV2,31,3,2457,0.1685,0.8309,0.0018,0.0014
4,FakeManilaV2,31,4,3276,0.1716,0.828,0.0031,0.0029
4,FakeManilaV2,31,5,4095,0.1705,0.829,0.0011,0.001
4,FakeManilaV2,31,6,4914,0.1701,0.8294,0.0003,0.0004
4,FakeManilaV2,31,7,5733,0.1687,0.831,0.0015,0.0016
4,FakeManilaV2,31,8,6552,0.1702,0.8296,0.0015,0.0014
4,FakeManilaV2,31,9,7371,0.1704,0.8293,0.0002,0.0003
4,FakeManilaV2,31,10,8192,0.17,0.8297,0.0004,0.0004
4,FakeManilaV2,32,1,819,0.1526,0.8474,1.0,1.0
4,FakeManilaV2,32,2,1638,0.1618,0.8382,0.0092,0.0092
4,FakeManilaV2,32,3,2457,0.1665,0.8335,0.0047,0.0048
4,FakeManilaV2,32,4,3276,0.1728,0.8272,0.0063,0.0062
4,FakeManilaV2,32,5,4095,0.1702,0.8298,0.0026,0.0026
4,FakeManilaV2,32,6,4914,0.1716,0.8284,0.0013,0.0013
4,FakeManilaV2,32,7,5733,0.1739,0.8261,0.0024,0.0023
4,FakeManilaV2,32,8,6552,0.1764,0.8236,0.0025,0.0025
4,FakeManilaV2,32,9,7371,0.1769,0.8231,0.0005,0.0005
4,FakeManilaV2,32,10,8192,0.178,0.822,0.0011,0.0011
4,FakeManilaV2,33,1,819,0.1917,0.8077,1.0,1.0
4,FakeManilaV2,33,2,1638,0.177,0.8229,0.0147,0.0152
4,FakeManilaV2,33,3,2457,0.1758,0.8242,0.0012,0.0013
4,FakeManilaV2,33,4,3276,0.1764,0.8236,0.0006,0.0006
4,FakeManilaV2,33,5,4095,0.178,0.822,0.0016,0.0016
4,FakeManilaV2,33,6,4914,0.1746,0.8254,0.0034,0.0034
4,FakeManilaV2,33,7,5733,0.1748,0.8252,0.0002,0.0002
4,FakeManilaV2,33,8,6552,0.1743,0.8257,0.0005,0.0005
4,FakeManilaV2,33,9,7371,0.1727,0.8273,0.0016,0.0016
4,FakeManilaV2,33,10,8192,0.1698,0.8302,0.0029,0.0029
4,FakeManilaV2,34,1,819,0.1648,0.8332,1.0,1.0
4,FakeManilaV2,34,2,1638,0.1618,0.8378,0.0031,0.0046
4,FakeManilaV2,34,3,2457,0.1669,0.833,0.0051,0.0047
4,FakeManilaV2,34,4,3276,0.1612,0.8387,0.0057,0.0057
4,FakeManilaV2,34,5,4095,0.1639,0.8361,0.0027,0.0026
4,FakeManilaV2,34,6,4914,0.1644,0.8356,0.0006,0.0005
4,FakeManilaV2,34,7,5733,0.1655,0.8345,0.0011,0.0011
4,FakeManilaV2,34,8,6552,0.1662,0.8338,0.0007,0.0007
4,FakeManilaV2,34,9,7371,0.1659,0.8341,0.0003,0.0003
4,FakeManilaV2,34,10,8192,0.1672,0.8328,0.0013,0.0013
4,FakeManilaV2,35,1,819,0.1941,0.8055,1.0,1.0
4,FakeManilaV2,35,2,1638,0.174,0.826,0.0201,0.0205
4,FakeManilaV2,35,3,2457,0.177,0.823,0.0031,0.003
4,FakeManilaV2,35,4,3276,0.1673,0.8327,0.0098,0.0098
4,FakeManilaV2,35,5,4095,0.1678,0.8322,0.0005,0.0005
4,FakeManilaV2,35,6,4914,0.1711,0.8288,0.0034,0.0034
4,FakeManilaV2,35,7,5733,0.1713,0.8287,0.0001,0.0002
4,FakeManilaV2,35,8,6552,0.1725,0.8275,0.0012,0.0012
4,FakeManilaV2,35,9,7371,0.172,0.8279,0.0004,0.0004
4,FakeManilaV2,35,10,8192,0.1721,0.8278,0.0001,0.0001
4,FakeManilaV2,36,1,819,0.1673,0.8327,1.0,1.0
4,FakeManilaV2,36,2,1638,0.1746,0.8254,0.0073,0.0073
4,FakeManilaV2,36,3,2457,0.1726,0.8274,0.002,0.002
4,FakeManilaV2,36,4,3276,0.1685,0.8315,0.0041,0.0041
4,FakeManilaV2,36,5,4095,0.1729,0.8271,0.0044,0.0044
4,FakeManilaV2,36,6,4914,0.1756,0.8244,0.0027,0.0027
4,FakeManilaV2,36,7,5733,0.176,0.824,0.0004,0.0004
4,FakeManilaV2,36,8,6552,0.1749,0.8251,0.0011,0.0011
4,FakeManilaV2,36,9,7371,0.1734,0.8266,0.0015,0.0015
4,FakeManilaV2,36,10,8192,0.1726,0.8274,0.0008,0.0008
4,FakeManilaV2,37,1,819,0.1673,0.8327,1.0,1.0
4,FakeManilaV2,37,2,1638,0.1795,0.8203,0.0122,0.0124
4,FakeManilaV2,37,3,2457,0.177,0.8229,0.0024,0.0026
4,FakeManilaV2,37,4,3276,0.1767,0.8232,0.0003,0.0003
4,FakeManilaV2,37,5,4095,0.1768,0.8232,0.0001,0.0
4,FakeManilaV2,37,6,4914,0.1758,0.8241,0.001,0.0009
4,FakeManilaV2,37,7,5733,0.1758,0.8241,0.0,0.0
4,FakeManilaV2,37,8,6552,0.1764,0.8235,0.0006,0.0006
4,FakeManilaV2,37,9,7371,0.175,0.825,0.0014,0.0015
4,FakeManilaV2,37,10,8192,0.1757,0.8243,0.0006,0.0006
4,FakeManilaV2,38,1,819,0.1563,0.8433,1.0,1.0
4,FakeManilaV2,38,2,1638,0.1642,0.8357,0.0079,0.0076
4,FakeManilaV2,38,3,2457,0.1762,0.8236,0.012,0.0122
4,FakeManilaV2,38,4,3276,0.1789,0.821,0.0026,0.0026
4,FakeManilaV2,38,5,4095,0.1795,0.8201,0.0006,0.0009
4,FakeManilaV2,38,6,4914,0.1819,0.8179,0.0024,0.0023
4,FakeManilaV2,38,7,5733,0.1807,0.819,0.0012,0.0011
4,FakeManilaV2,38,8,6552,0.1815,0.8182,0.0008,0.0008
4,FakeManilaV2,38,9,7371,0.1775,0.8222,0.004,0.004
4,FakeManilaV2,38,10,8192,0.1763,0.8234,0.0012,0.0012
4,FakeManilaV2,39,1,819,0.1746,0.8251,1.0,1.0
4,FakeManilaV2,39,2,1638,0.185,0.8146,0.0104,0.0105
4,FakeManilaV2,39,3,2457,0.1799,0.82,0.0051,0.0055
4,FakeManilaV2,39,4,3276,0.1777,0.8223,0.0022,0.0023
4,FakeManilaV2,39,5,4095,0.1775,0.8225,0.0001,0.0002
4,FakeManilaV2,39,6,4914,0.1752,0.8248,0.0023,0.0023
4,FakeManilaV2,39,7,5733,0.1723,0.8277,0.0029,0.0029
4,FakeManilaV2,39,8,6552,0.1722,0.8278,0.0002,0.0002
4,FakeManilaV2,39,9,7371,0.1723,0.8277,0.0001,0.0001
4,FakeManilaV2,39,10,8192,0.1744,0.8256,0.0021,0.0021
4,FakeManilaV2,40,1,819,0.1551,0.8449,1.0,1.0
4,FakeManilaV2,40,2,1638,0.1783,0.8217,0.0232,0.0232
4,FakeManilaV2,40,3,2457,0.1864,0.8136,0.0081,0.0082
4,FakeManilaV2,40,4,3276,0.1893,0.8107,0.0028,0.0028
4,FakeManilaV2,40,5,4095,0.1861,0.8139,0.0032,0.0031
4,FakeManilaV2,40,6,4914,0.1842,0.8158,0.0019,0.0019
4,FakeManilaV2,40,7,5733,0.1837,0.8163,0.0005,0.0005
4,FakeManilaV2,40,8,6552,0.1815,0.8184,0.0022,0.0021
4,FakeManilaV2,40,9,7371,0.1791,0.8209,0.0024,0.0025
4,FakeManilaV2,40,10,8192,0.1788,0.8212,0.0002,0.0003
4,FakeManilaV2,41,1,819,0.1832,0.8167,1.0,1.0
4,FakeManilaV2,41,2,1638,0.177,0.8228,0.0061,0.006
4,FakeManilaV2,41,3,2457,0.1709,0.8289,0.0061,0.0062
4,FakeManilaV2,41,4,3276,0.1749,0.8251,0.004,0.0039
4,FakeManilaV2,41,5,4095,0.1709,0.829,0.004,0.0039
4,FakeManilaV2,41,6,4914,0.1699,0.83,0.001,0.001
4,FakeManilaV2,41,7,5733,0.1713,0.8286,0.0014,0.0014
4,FakeManilaV2,41,8,6552,0.1749,0.825,0.0036,0.0036
4,FakeManilaV2,41,9,7371,0.1728,0.8271,0.0021,0.0021
4,FakeManilaV2,41,10,8192,0.1725,0.8275,0.0004,0.0004
4,FakeManilaV2,42,1,819,0.1966,0.8017,1.0,1.0
4,FakeManilaV2,42,2,1638,0.1947,0.8051,0.0018,0.0034
4,FakeManilaV2,42,3,2457,0.1836,0.8164,0.0112,0.0113
4,FakeManilaV2,42,4,3276,0.1807,0.8193,0.0028,0.0029
4,FakeManilaV2,42,5,4095,0.178,0.822,0.0027,0.0027
4,FakeManilaV2,42,6,4914,0.1732,0.8268,0.0048,0.0048
4,FakeManilaV2,42,7,5733,0.1743,0.8257,0.0011,0.0011
4,FakeManilaV2,42,8,6552,0.1712,0.8287,0.003,0.003
4,FakeManilaV2,42,9,7371,0.1694,0.8305,0.0018,0.0018
4,FakeManilaV2,42,10,8192,0.1685,0.8315,0.001,0.001
4,FakeManilaV2,43,1,819,0.1917,0.8081,1.0,1.0
4,FakeManilaV2,43,2,1638,0.1789,0.8211,0.0128,0.013
4,FakeManilaV2,43,3,2457,0.1848,0.8152,0.0059,0.0059
4,FakeManilaV2,43,4,3276,0.1862,0.8138,0.0014,0.0014
4,FakeManilaV2,43,5,4095,0.1792,0.8206,0.007,0.0068
4,FakeManilaV2,43,6,4914,0.1807,0.8192,0.0015,0.0015
4,FakeManilaV2,43,7,5733,0.1781,0.8218,0.0026,0.0026
4,FakeManilaV2,43,8,6552,0.1774,0.8223,0.0007,0.0006
4,FakeManilaV2,43,9,7371,0.1779,0.8219,0.0005,0.0005
4,FakeManilaV2,43,10,8192,0.1741,0.8257,0.0038,0.0038
4,FakeManilaV2,44,1,819,0.1868,0.8131,1.0,1.0
4,FakeManilaV2,44,2,1638,0.1825,0.8172,0.0043,0.0041
4,FakeManilaV2,44,3,2457,0.175,0.8249,0.0075,0.0077
4,FakeManilaV2,44,4,3276,0.174,0.8259,0.001,0.001
4,FakeManilaV2,44,5,4095,0.1717,0.8283,0.0023,0.0023
4,FakeManilaV2,44,6,4914,0.1695,0.8305,0.0022,0.0022
4,FakeManilaV2,44,7,5733,0.1713,0.8287,0.0018,0.0018
4,FakeManilaV2,44,8,6552,0.1725,0.8275,0.0012,0.0012
4,FakeManilaV2,44,9,7371,0.1756,0.8244,0.0031,0.0031
4,FakeManilaV2,44,10,8192,0.1758,0.8242,0.0002,0.0002
4,FakeManilaV2,45,1,819,0.1856,0.8132,1.0,1.0
4,FakeManilaV2,45,2,1638,0.177,0.8223,0.0085,0.0091
4,FakeManilaV2,45,3,2457,0.1693,0.8305,0.0077,0.0082
4,FakeManilaV2,45,4,3276,0.1777,0.8222,0.0083,0.0083
4,FakeManilaV2,45,5,4095,0.1729,0.827,0.0048,0.0048
4,FakeManilaV2,45,6,4914,0.1724,0.8276,0.0005,0.0006
4,FakeManilaV2,45,7,5733,0.1737,0.8263,0.0014,0.0014
4,FakeManilaV2,45,8,6552,0.1725,0.8275,0.0013,0.0013
4,FakeManilaV2,45,9,7371,0.1735,0.8265,0.0011,0.001
4,FakeManilaV2,45,10,8192,0.1758,0.8242,0.0023,0.0023
4,FakeManilaV2,46,1,819,0.1624,0.8376,1.0,1.0
4,FakeManilaV2,46,2,1638,0.1514,0.8485,0.011,0.011
4,FakeManilaV2,46,3,2457,0.1656,0.8343,0.0142,0.0143
4,FakeManilaV2,46,4,3276,0.17,0.83,0.0044,0.0043
4,FakeManilaV2,46,5,4095,0.1697,0.8302,0.0003,0.0002
4,FakeManilaV2,46,6,4914,0.1665,0.8335,0.0033,0.0033
4,FakeManilaV2,46,7,5733,0.1695,0.8305,0.0031,0.0031
4,FakeManilaV2,46,8,6552,0.1714,0.8286,0.0019,0.0019
4,FakeManilaV2,46,9,7371,0.1707,0.8293,0.0007,0.0007
4,FakeManilaV2,46,10,8192,0.1697,0.8303,0.001,0.001
4,FakeManilaV2,47,1,819,0.1587,0.8412,1.0,1.0
4,FakeManilaV2,47,2,1638,0.1813,0.8186,0.0226,0.0226
4,FakeManilaV2,47,3,2457,0.1766,0.8233,0.0047,0.0048
4,FakeManilaV2,47,4,3276,0.1807,0.8193,0.0041,0.0041
4,FakeManilaV2,47,5,4095,0.1768,0.8232,0.0039,0.0039
4,FakeManilaV2,47,6,4914,0.1772,0.8228,0.0004,0.0004
4,FakeManilaV2,47,7,5733,0.1798,0.8201,0.0026,0.0026
4,FakeManilaV2,47,8,6552,0.1787,0.8212,0.0011,0.0011
4,FakeManilaV2,47,9,7371,0.18,0.8199,0.0013,0.0013
4,FakeManilaV2,47,10,8192,0.1805,0.8194,0.0005,0.0005
4,FakeManilaV2,48,1,819,0.1612,0.8388,1.0,1.0
4,FakeManilaV2,48,2,1638,0.1648,0.835,0.0037,0.0038
4,FakeManilaV2,48,3,2457,0.1648,0.835,0.0,0.0
4,FakeManilaV2,48,4,3276,0.1639,0.836,0.0009,0.001
4,FakeManilaV2,48,5,4095,0.17,0.83,0.006,0.006
4,FakeManilaV2,48,6,4914,0.1703,0.8295,0.0004,0.0004
4,FakeManilaV2,48,7,5733,0.1706,0.8293,0.0003,0.0003
4,FakeManilaV2,48,8,6552,0.1699,0.83,0.0007,0.0007
4,FakeManilaV2,48,9,7371,0.168,0.8319,0.0019,0.0019
4,FakeManilaV2,48,10,8192,0.1694,0.8304,0.0015,0.0015
4,FakeManilaV2,49,1,819,0.1746,0.8254,1.0,1.0
4,FakeManilaV2,49,2,1638,0.1801,0.8199,0.0055,0.0055
4,FakeManilaV2,49,3,2457,0.1832,0.8168,0.0031,0.0031
4,FakeManilaV2,49,4,3276,0.1828,0.8171,0.0003,0.0003
4,FakeManilaV2,49,5,4095,0.1858,0.8141,0.003,0.003
4,FakeManilaV2,49,6,4914,0.1817,0.8182,0.0041,0.0041
4,FakeManilaV2,49,7,5733,0.1823,0.8177,0.0006,0.0005
4,FakeManilaV2,49,8,6552,0.181,0.819,0.0013,0.0013
4,FakeManilaV2,49,9,7371,0.1808,0.8191,0.0002,0.0002
4,FakeManilaV2,49,10,8192,0.1793,0.8207,0.0015,0.0015
4,FakeManilaV2,50,1,819,0.1746,0.8253,1.0,1.0
4,FakeManilaV2,50,2,1638,0.1746,0.8253,0.0,0.0
4,FakeManilaV2,50,3,2457,0.1766,0.8234,0.002,0.002
4,FakeManilaV2,50,4,3276,0.1746,0.8254,0.002,0.002
4,FakeManilaV2,50,5,4095,0.1748,0.8252,0.0002,0.0002
4,FakeManilaV2,50,6,4914,0.1756,0.8244,0.0008,0.0008
4,FakeManilaV2,50,7,5733,0.1732,0.8268,0.0024,0.0024
4,FakeManilaV2,50,8,6552,0.1716,0.8284,0.0017,0.0016
4,FakeManilaV2,50,9,7371,0.1705,0.8294,0.001,0.001
4,FakeManilaV2,50,10,8192,0.1682,0.8318,0.0023,0.0023
4,FakeManilaV2,51,1,819,0.1661,0.8339,1.0,1.0
4,FakeManilaV2,51,2,1638,0.1624,0.8375,0.0037,0.0036
4,FakeManilaV2,51,3,2457,0.1673,0.8327,0.0049,0.0048
4,FakeManilaV2,51,4,3276,0.1621,0.8379,0.0052,0.0052
4,FakeManilaV2,51,5,4095,0.1636,0.8364,0.0015,0.0015
4,FakeManilaV2,51,6,4914,0.1618,0.8382,0.0018,0.0018
4,FakeManilaV2,51,7,5733,0.1622,0.8378,0.0004,0.0004
4,FakeManilaV2,51,8,6552,0.163,0.837,0.0008,0.0008
4,FakeManilaV2,51,9,7371,0.1631,0.8369,0.0001,0.0001
4,FakeManilaV2,51,10,8192,0.1637,0.8363,0.0006,0.0006
4,FakeManilaV2,52,1,819,0.1648,0.8351,1.0,1.0
4,FakeManilaV2,52,2,1638,0.1587,0.8413,0.0061,0.0061
4,FakeManilaV2,52,3,2457,0.1632,0.8368,0.0045,0.0045
4,FakeManilaV2,52,4,3276,0.1633,0.8367,0.0001,0.0001
4,FakeManilaV2,52,5,4095,0.1658,0.8342,0.0025,0.0025
4,FakeManilaV2,52,6,4914,0.1663,0.8337,0.0004,0.0005
4,FakeManilaV2,52,7,5733,0.1675,0.8325,0.0012,0.0012
4,FakeManilaV2,52,8,6552,0.1661,0.8339,0.0014,0.0014
4,FakeManilaV2,52,9,7371,0.1693,0.8307,0.0033,0.0033
4,FakeManilaV2,52,10,8192,0.1719,0.8281,0.0026,0.0025
4,FakeManilaV2,53,1,819,0.1795,0.8186,1.0,1.0
4,FakeManilaV2,53,2,1638,0.1728,0.8252,0.0067,0.0065
4,FakeManilaV2,53,3,2457,0.1742,0.8252,0.0014,0.0
4,FakeManilaV2,53,4,3276,0.1706,0.8291,0.0036,0.0039
4,FakeManilaV2,53,5,4095,0.177,0.8227,0.0064,0.0064
4,FakeManilaV2,53,6,4914,0.1768,0.823,0.0002,0.0004
4,FakeManilaV2,53,7,5733,0.1737,0.8261,0.0031,0.0031
4,FakeManilaV2,53,8,6552,0.1755,0.8244,0.0018,0.0017
4,FakeManilaV2,53,9,7371,0.1765,0.8235,0.001,0.0009
4,FakeManilaV2,53,10,8192,0.1775,0.8225,0.001,0.001
4,FakeManilaV2,54,1,819,0.1758,0.8237,1.0,1.0
4,FakeManilaV2,54,2,1638,0.177,0.8229,0.0012,0.0008
4,FakeManilaV2,54,3,2457,0.1791,0.8208,0.002,0.0021
4,FakeManilaV2,54,4,3276,0.1792,0.8205,0.0001,0.0002
4,FakeManilaV2,54,5,4095,0.178,0.8218,0.0012,0.0012
4,FakeManilaV2,54,6,4914,0.1787,0.8212,0.0007,0.0006
4,FakeManilaV2,54,7,5733,0.18,0.8199,0.0013,0.0013
4,FakeManilaV2,54,8,6552,0.1769,0.823,0.0031,0.0031
4,FakeManilaV2,54,9,7371,0.1773,0.8226,0.0004,0.0004
4,FakeManilaV2,54,10,8192,0.1757,0.8243,0.0017,0.0016
4,FakeManilaV2,55,1,819,0.1709,0.829,1.0,1.0
4,FakeManilaV2,55,2,1638,0.1783,0.8217,0.0073,0.0073
4,FakeManilaV2,55,3,2457,0.1726,0.8274,0.0057,0.0057
4,FakeManilaV2,55,4,3276,0.1767,0.8233,0.0042,0.0041
4,FakeManilaV2,55,5,4095,0.1761,0.8239,0.0007,0.0006
4,FakeManilaV2,55,6,4914,0.1744,0.8256,0.0017,0.0017
4,FakeManilaV2,55,7,5733,0.1744,0.8255,0.0,0.0001
4,FakeManilaV2,55,8,6552,0.1717,0.8282,0.0027,0.0027
4,FakeManilaV2,55,9,7371,0.1713,0.8286,0.0004,0.0004
4,FakeManilaV2,55,10,8192,0.1736,0.8264,0.0022,0.0022
4,FakeManilaV2,56,1,819,0.1722,0.8278,1.0,1.0
4,FakeManilaV2,56,2,1638,0.1832,0.8164,0.011,0.0114
4,FakeManilaV2,56,3,2457,0.1779,0.8213,0.0053,0.005
4,FakeManilaV2,56,4,3276,0.1777,0.8221,0.0002,0.0008
4,FakeManilaV2,56,5,4095,0.179,0.8209,0.0013,0.0012
4,FakeManilaV2,56,6,4914,0.1736,0.8264,0.0054,0.0054
4,FakeManilaV2,56,7,5733,0.1727,0.8273,0.0009,0.0009
4,FakeManilaV2,56,8,6552,0.1746,0.8254,0.0019,0.0019
4,FakeManilaV2,56,9,7371,0.1746,0.8254,0.0,0.0
4,FakeManilaV2,56,10,8192,0.1731,0.8269,0.0015,0.0015
4,FakeManilaV2,57,1,819,0.177,0.8228,1.0,1.0
4,FakeManilaV2,57,2,1638,0.1722,0.8276,0.0049,0.0048
4,FakeManilaV2,57,3,2457,0.1815,0.8182,0.0094,0.0094
4,FakeManilaV2,57,4,3276,0.1813,0.8186,0.0002,0.0003
4,FakeManilaV2,57,5,4095,0.1802,0.8197,0.0011,0.0011
4,FakeManilaV2,57,6,4914,0.1799,0.82,0.0003,0.0003
4,FakeManilaV2,57,7,5733,0.1835,0.8164,0.0036,0.0036
4,FakeManilaV2,57,8,6552,0.1822,0.8176,0.0013,0.0012
4,FakeManilaV2,57,9,7371,0.1825,0.8175,0.0002,0.0002
4,FakeManilaV2,57,10,8192,0.1821,0.8178,0.0003,0.0004
4,FakeManilaV2,58,1,819,0.1893,0.8105,1.0,1.0
4,FakeManilaV2,58,2,1638,0.1856,0.8141,0.0037,0.0036
4,FakeManilaV2,58,3,2457,0.1844,0.8154,0.0012,0.0013
4,FakeManilaV2,58,4,3276,0.1795,0.8203,0.0049,0.005
4,FakeManilaV2,58,5,4095,0.18,0.8198,0.0005,0.0005
4,FakeManilaV2,58,6,4914,0.1789,0.8211,0.0011,0.0012
4,FakeManilaV2,58,7,5733,0.177,0.8228,0.0018,0.0017
4,FakeManilaV2,58,8,6552,0.1774,0.8225,0.0003,0.0003
4,FakeManilaV2,58,9,7371,0.1776,0.8223,0.0002,0.0002
4,FakeManilaV2,58,10,8192,0.1752,0.8247,0.0024,0.0024
4,FakeManilaV2,59,1,819,0.1575,0.8423,1.0,1.0
4,FakeManilaV2,59,2,1638,0.1618,0.8381,0.0043,0.0043
4,FakeManilaV2,59,3,2457,0.16,0.84,0.0018,0.0019
4,FakeManilaV2,59,4,3276,0.1578,0.8421,0.0021,0.0021
4,FakeManilaV2,59,5,4095,0.1602,0.8397,0.0024,0.0024
4,FakeManilaV2,59,6,4914,0.163,0.8368,0.0028,0.0029
4,FakeManilaV2,59,7,5733,0.1589,0.8409,0.0041,0.004
4,FakeManilaV2,59,8,6552,0.1618,0.8379,0.0029,0.003
4,FakeManilaV2,59,9,7371,0.1619,0.838,0.0001,0.0001
4,FakeManilaV2,59,10,8192,0.1605,0.8394,0.0013,0.0014
4,FakeManilaV2,60,1,819,0.1709,0.8285,1.0,1.0
4,FakeManilaV2,60,2,1638,0.1587,0.841,0.0122,0.0125
4,FakeManilaV2,60,3,2457,0.1636,0.8363,0.0049,0.0047
4,FakeManilaV2,60,4,3276,0.1691,0.8308,0.0055,0.0055
4,FakeManilaV2,60,5,4095,0.177,0.8229,0.0079,0.0079
4,FakeManilaV2,60,6,4914,0.176,0.8239,0.001,0.001
4,FakeManilaV2,60,7,5733,0.1755,0.8245,0.0006,0.0005
4,FakeManilaV2,60,8,6552,0.1712,0.8287,0.0042,0.0042
4,FakeManilaV2,60,9,7371,0.1713,0.8286,0.0001,0.0001
4,FakeManilaV2,60,10,8192,0.1698,0.8301,0.0015,0.0015
4,FakeManilaV2,61,1,819,0.1734,0.8266,1.0,1.0
4,FakeManilaV2,61,2,1638,0.1783,0.8217,0.0049,0.0049
4,FakeManilaV2,61,3,2457,0.1701,0.8299,0.0081,0.0081
4,FakeManilaV2,61,4,3276,0.1685,0.8315,0.0016,0.0016
4,FakeManilaV2,61,5,4095,0.169,0.831,0.0005,0.0005
4,FakeManilaV2,61,6,4914,0.1734,0.8266,0.0044,0.0044
4,FakeManilaV2,61,7,5733,0.175,0.825,0.0016,0.0016
4,FakeManilaV2,61,8,6552,0.1743,0.8257,0.0007,0.0007
4,FakeManilaV2,61,9,7371,0.1761,0.8239,0.0018,0.0018
4,FakeManilaV2,61,10,8192,0.1796,0.8204,0.0035,0.0035
4,FakeManilaV2,62,1,819,0.1709,0.8283,1.0,1.0
4,FakeManilaV2,62,2,1638,0.1703,0.8296,0.0006,0.0013
4,FakeManilaV2,62,3,2457,0.1787,0.8212,0.0083,0.0084
4,FakeManilaV2,62,4,3276,0.1722,0.8277,0.0065,0.0065
4,FakeManilaV2,62,5,4095,0.1734,0.8266,0.0012,0.0012
4,FakeManilaV2,62,6,4914,0.172,0.828,0.0014,0.0014
4,FakeManilaV2,62,7,5733,0.1741,0.8259,0.0021,0.0021
4,FakeManilaV2,62,8,6552,0.1758,0.8241,0.0017,0.0018
4,FakeManilaV2,62,9,7371,0.176,0.8239,0.0001,0.0002
4,FakeManilaV2,62,10,8192,0.1748,0.8251,0.0012,0.0012
4,FakeManilaV2,63,1,819,0.1954,0.802,1.0,1.0
4,FakeManilaV2,63,2,1638,0.188,0.8102,0.0073,0.0082
4,FakeManilaV2,63,3,2457,0.1832,0.816,0.0049,0.0058
4,FakeManilaV2,63,4,3276,0.177,0.8224,0.0061,0.0065
4,FakeManilaV2,63,5,4095,0.1751,0.8247,0.002,0.0023
4,FakeManilaV2,63,6,4914,0.1754,0.8243,0.0003,0.0004
4,FakeManilaV2,63,7,5733,0.1704,0.8292,0.005,0.0049
4,FakeManilaV2,63,8,6552,0.1709,0.8287,0.0005,0.0006
4,FakeManilaV2,63,9,7371,0.169,0.8306,0.0019,0.002
4,FakeManilaV2,63,10,8192,0.1697,0.8301,0.0006,0.0005
4,FakeManilaV2,64,1,819,0.1844,0.8156,1.0,1.0
4,FakeManilaV2,64,2,1638,0.1648,0.8349,0.0195,0.0193
4,FakeManilaV2,64,3,2457,0.1689,0.8309,0.0041,0.0041
4,FakeManilaV2,64,4,3276,0.1651,0.8347,0.0038,0.0038
4,FakeManilaV2,64,5,4095,0.168,0.8319,0.0029,0.0028
4,FakeManilaV2,64,6,4914,0.1648,0.8351,0.0032,0.0032
4,FakeManilaV2,64,7,5733,0.1647,0.8353,0.0002,0.0002
4,FakeManilaV2,64,8,6552,0.1647,0.8352,0.0,0.0001
4,FakeManilaV2,64,9,7371,0.1655,0.8344,0.0008,0.0008
4,FakeManilaV2,64,10,8192,0.1642,0.8357,0.0013,0.0013
4,FakeManilaV2,65,1,819,0.1734,0.8265,1.0,1.0
4,FakeManilaV2,65,2,1638,0.1728,0.8271,0.0006,0.0006
4,FakeManilaV2,65,3,2457,0.175,0.8248,0.0022,0.0023
4,FakeManilaV2,65,4,3276,0.1731,0.8268,0.0019,0.002
4,FakeManilaV2,65,5,4095,0.1724,0.8273,0.0007,0.0005
4,FakeManilaV2,65,6,4914,0.1746,0.8252,0.0022,0.0021
4,FakeManilaV2,65,7,5733,0.173,0.8268,0.0016,0.0016
4,FakeManilaV2,65,8,6552,0.1729,0.8268,0.0001,0.0001
4,FakeManilaV2,65,9,7371,0.1737,0.8262,0.0007,0.0007
4,FakeManilaV2,65,10,8192,0.171,0.8288,0.0026,0.0026
4,FakeManilaV2,66,1,819,0.1636,0.8363,1.0,1.0
4,FakeManilaV2,66,2,1638,0.1667,0.8333,0.0031,0.003
4,FakeManilaV2,66,3,2457,0.173,0.827,0.0063,0.0064
4,FakeManilaV2,66,4,3276,0.1755,0.8245,0.0025,0.0025
4,FakeManilaV2,66,5,4095,0.1746,0.8254,0.0009,0.0009
4,FakeManilaV2,66,6,4914,0.1766,0.8234,0.002,0.002
4,FakeManilaV2,66,7,5733,0.1744,0.8256,0.0022,0.0022
4,FakeManilaV2,66,8,6552,0.1741,0.8259,0.0003,0.0003
4,FakeManilaV2,66,9,7371,0.1732,0.8268,0.0009,0.0009
4,FakeManilaV2,66,10,8192,0.1744,0.8256,0.0012,0.0012
4,FakeManilaV2,67,1,819,0.1795,0.8204,1.0,1.0
4,FakeManilaV2,67,2,1638,0.1734,0.8265,0.0061,0.0062
4,FakeManilaV2,67,3,2457,0.1718,0.8282,0.0016,0.0017
4,FakeManilaV2,67,4,3276,0.1734,0.8266,0.0016,0.0016
4,FakeManilaV2,67,5,4095,0.1726,0.8273,0.0007,0.0007
4,FakeManilaV2,67,6,4914,0.1722,0.8278,0.0005,0.0005
4,FakeManilaV2,67,7,5733,0.1722,0.8278,0.0,0.0
4,FakeManilaV2,67,8,6552,0.1714,0.8286,0.0008,0.0008
4,FakeManilaV2,67,9,7371,0.1724,0.8276,0.001,0.001
4,FakeManilaV2,67,10,8192,0.1722,0.8278,0.0002,0.0002
4,FakeManilaV2,68,1,819,0.1795,0.8204,1.0,1.0
4,FakeManilaV2,68,2,1638,0.1819,0.8179,0.0024,0.0025
4,FakeManilaV2,68,3,2457,0.1726,0.8274,0.0094,0.0095
4,FakeManilaV2,68,4,3276,0.1746,0.8254,0.002,0.0021
4,FakeManilaV2,68,5,4095,0.1758,0.8242,0.0012,0.0012
4,FakeManilaV2,68,6,4914,0.1754,0.8245,0.0004,0.0004
4,FakeManilaV2,68,7,5733,0.1732,0.8268,0.0022,0.0022
4,FakeManilaV2,68,8,6552,0.1748,0.8252,0.0015,0.0015
4,FakeManilaV2,68,9,7371,0.1739,0.8261,0.0008,0.0008
4,FakeManilaV2,68,10,8192,0.1754,0.8246,0.0015,0.0015
4,FakeManilaV2,69,1,819,0.177,0.8229,1.0,1.0
4,FakeManilaV2,69,2,1638,0.174,0.8259,0.0031,0.003
4,FakeManilaV2,69,3,2457,0.1722,0.8277,0.0018,0.0018
4,FakeManilaV2,69,4,3276,0.1697,0.8302,0.0024,0.0024
4,FakeManilaV2,69,5,4095,0.1709,0.8289,0.0012,0.0012
4,FakeManilaV2,69,6,4914,0.1681,0.8318,0.0028,0.0029
4,FakeManilaV2,69,7,5733,0.1701,0.8299,0.002,0.0019
4,FakeManilaV2,69,8,6552,0.1735,0.8264,0.0035,0.0034
4,FakeManilaV2,69,9,7371,0.1734,0.8266,0.0002,0.0002
4,FakeManilaV2,69,10,8192,0.1731,0.8269,0.0003,0.0003
4,FakeManilaV2,70,1,819,0.1709,0.829,1.0,1.0
4,FakeManilaV2,70,2,1638,0.1618,0.8382,0.0092,0.0092
4,FakeManilaV2,70,3,2457,0.1656,0.8343,0.0039,0.0039
4,FakeManilaV2,70,4,3276,0.1624,0.8376,0.0033,0.0033
4,FakeManilaV2,70,5,4095,0.1639,0.8361,0.0015,0.0014
4,FakeManilaV2,70,6,4914,0.1671,0.8329,0.0032,0.0032
4,FakeManilaV2,70,7,5733,0.1659,0.8341,0.0012,0.0012
4,FakeManilaV2,70,8,6552,0.165,0.835,0.0009,0.0009
4,FakeManilaV2,70,9,7371,0.1671,0.8329,0.0022,0.0021
4,FakeManilaV2,70,10,8192,0.167,0.833,0.0001,0.0001
4,FakeManilaV2,71,1,819,0.1746,0.8254,1.0,1.0
4,FakeManilaV2,71,2,1638,0.174,0.8258,0.0006,0.0004
4,FakeManilaV2,71,3,2457,0.1738,0.8261,0.0002,0.0003
4,FakeManilaV2,71,4,3276,0.1709,0.829,0.0028,0.0029
4,FakeManilaV2,71,5,4095,0.1707,0.8293,0.0002,0.0003
4,FakeManilaV2,71,6,4914,0.1724,0.8276,0.0017,0.0017
4,FakeManilaV2,71,7,5733,0.1718,0.8282,0.0006,0.0005
4,FakeManilaV2,71,8,6552,0.1723,0.8277,0.0005,0.0005
4,FakeManilaV2,71,9,7371,0.1713,0.8286,0.001,0.001
4,FakeManilaV2,71,10,8192,0.1725,0.8275,0.0011,0.0011
4,FakeManilaV2,72,1,819,0.1844,0.8153,1.0,1.0
4,FakeManilaV2,72,2,1638,0.1697,0.8301,0.0147,0.0147
4,FakeManilaV2,72,3,2457,0.1681,0.8318,0.0016,0.0017
4,FakeManilaV2,72,4,3276,0.1682,0.8316,0.0001,0.0002
4,FakeManilaV2,72,5,4095,0.1702,0.8297,0.002,0.0019
4,FakeManilaV2,72,6,4914,0.1693,0.8305,0.0009,0.0008
4,FakeManilaV2,72,7,5733,0.1727,0.8272,0.0034,0.0033
4,FakeManilaV2,72,8,6552,0.1711,0.8288,0.0016,0.0017
4,FakeManilaV2,72,9,7371,0.1701,0.8298,0.001,0.0009
4,FakeManilaV2,72,10,8192,0.1708,0.8291,0.0007,0.0007
4,FakeManilaV2,73,1,819,0.1612,0.8386,1.0,1.0
4,FakeManilaV2,73,2,1638,0.1795,0.8205,0.0183,0.0181
4,FakeManilaV2,73,3,2457,0.1807,0.8192,0.0012,0.0012
4,FakeManilaV2,73,4,3276,0.1841,0.8158,0.0034,0.0034
4,FakeManilaV2,73,5,4095,0.1844,0.8156,0.0003,0.0002
4,FakeManilaV2,73,6,4914,0.1795,0.8204,0.0049,0.0048
4,FakeManilaV2,73,7,5733,0.1811,0.8189,0.0016,0.0015
4,FakeManilaV2,73,8,6552,0.1793,0.8206,0.0017,0.0017
4,FakeManilaV2,73,9,7371,0.1766,0.8232,0.0027,0.0026
4,FakeManilaV2,73,10,8192,0.1746,0.8253,0.0021,0.0021
4,FakeManilaV2,74,1,819,0.1587,0.8412,1.0,1.0
4,FakeManilaV2,74,2,1638,0.1459,0.854,0.0128,0.0128
4,FakeManilaV2,74,3,2457,0.1563,0.8437,0.0104,0.0103
4,FakeManilaV2,74,4,3276,0.1633,0.8367,0.007,0.007
4,FakeManilaV2,74,5,4095,0.1695,0.8305,0.0062,0.0062
4,FakeManilaV2,74,6,4914,0.1711,0.8289,0.0017,0.0017
4,FakeManilaV2,74,7,5733,0.1723,0.8277,0.0012,0.0012
4,FakeManilaV2,74,8,6552,0.1749,0.8251,0.0026,0.0026
4,FakeManilaV2,74,9,7371,0.176,0.824,0.0011,0.001
4,FakeManilaV2,74,10,8192,0.1768,0.8232,0.0008,0.0008
4,FakeManilaV2,75,1,819,0.177,0.8227,1.0,1.0
4,FakeManilaV2,75,2,1638,0.1789,0.8211,0.0018,0.0016
4,FakeManilaV2,75,3,2457,0.1844,0.8156,0.0055,0.0054
4,FakeManilaV2,75,4,3276,0.1795,0.8205,0.0049,0.0049
4,FakeManilaV2,75,5,4095,0.1788,0.8212,0.0007,0.0007
4,FakeManilaV2,75,6,4914,0.1779,0.8221,0.0009,0.0009
4,FakeManilaV2,75,7,5733,0.1784,0.8216,0.0006,0.0006
4,FakeManilaV2,75,8,6552,0.177,0.823,0.0014,0.0014
4,FakeManilaV2,75,9,7371,0.1751,0.8249,0.0019,0.0019
4,FakeManilaV2,75,10,8192,0.1754,0.8246,0.0003,0.0003
4,FakeManilaV2,76,1,819,0.1709,0.8287,1.0,1.0
4,FakeManilaV2,76,2,1638,0.1618,0.8381,0.0092,0.0094
4,FakeManilaV2,76,3,2457,0.1612,0.8388,0.0006,0.0007
4,FakeManilaV2,76,4,3276,0.1603,0.8397,0.0009,0.0009
4,FakeManilaV2,76,5,4095,0.1609,0.8391,0.0007,0.0007
4,FakeManilaV2,76,6,4914,0.164,0.836,0.0031,0.0031
4,FakeManilaV2,76,7,5733,0.1641,0.8359,0.0001,0.0001
4,FakeManilaV2,76,8,6552,0.1661,0.8339,0.0019,0.0019
4,FakeManilaV2,76,9,7371,0.1665,0.8335,0.0004,0.0004
4,FakeManilaV2,76,10,8192,0.1649,0.8351,0.0015,0.0015
4,FakeManilaV2,77,1,819,0.1734,0.8266,1.0,1.0
4,FakeManilaV2,77,2,1638,0.185,0.8147,0.0116,0.0119
4,FakeManilaV2,77,3,2457,0.1832,0.8168,0.0018,0.0021
4,FakeManilaV2,77,4,3276,0.1798,0.8202,0.0034,0.0034
4,FakeManilaV2,77,5,4095,0.1756,0.8244,0.0042,0.0042
4,FakeManilaV2,77,6,4914,0.1718,0.8282,0.0038,0.0038
4,FakeManilaV2,77,7,5733,0.1709,0.8291,0.0008,0.0008
4,FakeManilaV2,77,8,6552,0.172,0.828,0.0011,0.0011
4,FakeManilaV2,77,9,7371,0.172,0.828,0.0,0.0
4,FakeManilaV2,77,10,8192,0.1713,0.8287,0.0008,0.0007
4,FakeManilaV2,78,1,819,0.1832,0.8168,1.0,1.0
4,FakeManilaV2,78,2,1638,0.1709,0.8288,0.0122,0.0119
4,FakeManilaV2,78,3,2457,0.1811,0.8187,0.0102,0.01
4,FakeManilaV2,78,4,3276,0.1871,0.8128,0.006,0.0059
4,FakeManilaV2,78,5,4095,0.1836,0.8163,0.0035,0.0035
4,FakeManilaV2,78,6,4914,0.1781,0.8218,0.0056,0.0055
4,FakeManilaV2,78,7,5733,0.1779,0.822,0.0001,0.0002
4,FakeManilaV2,78,8,6552,0.1775,0.8224,0.0004,0.0004
4,FakeManilaV2,78,9,7371,0.177,0.8229,0.0005,0.0005
4,FakeManilaV2,78,10,8192,0.1777,0.8221,0.0007,0.0007
4,FakeManilaV2,79,1,819,0.1734,0.8259,1.0,1.0
4,FakeManilaV2,79,2,1638,0.1722,0.8269,0.0012,0.001
4,FakeManilaV2,79,3,2457,0.1746,0.825,0.0024,0.0019
4,FakeManilaV2,79,4,3276,0.1798,0.82,0.0052,0.005
4,FakeManilaV2,79,5,4095,0.179,0.821,0.0008,0.0009
4,FakeManilaV2,79,6,4914,0.1764,0.8235,0.0026,0.0025
4,FakeManilaV2,79,7,5733,0.1767,0.8232,0.0003,0.0003
4,FakeManilaV2,79,8,6552,0.1732,0.8267,0.0035,0.0035
4,FakeManilaV2,79,9,7371,0.175,0.8249,0.0018,0.0018
4,FakeManilaV2,79,10,8192,0.1737,0.8263,0.0013,0.0013
4,FakeManilaV2,80,1,819,0.1709,0.8289,1.0,1.0
4,FakeManilaV2,80,2,1638,0.1648,0.8351,0.0061,0.0062
4,FakeManilaV2,80,3,2457,0.173,0.8269,0.0081,0.0081
4,FakeManilaV2,80,4,3276,0.178,0.822,0.005,0.0049
4,FakeManilaV2,80,5,4095,0.1756,0.8243,0.0024,0.0023
4,FakeManilaV2,80,6,4914,0.1744,0.8256,0.0012,0.0012
4,FakeManilaV2,80,7,5733,0.1769,0.8231,0.0025,0.0025
4,FakeManilaV2,80,8,6552,0.1769,0.8231,0.0,0.0
4,FakeManilaV2,80,9,7371,0.1747,0.8252,0.0022,0.0021
4,FakeManilaV2,80,10,8192,0.1719,0.8281,0.0029,0.0029
4,FakeManilaV2,81,1,819,0.1661,0.8336,1.0,1.0
4,FakeManilaV2,81,2,1638,0.1703,0.8296,0.0043,0.004
4,FakeManilaV2,81,3,2457,0.1693,0.8307,0.001,0.0011
4,FakeManilaV2,81,4,3276,0.167,0.833,0.0023,0.0023
4,FakeManilaV2,81,5,4095,0.1663,0.8337,0.0007,0.0007
4,FakeManilaV2,81,6,4914,0.1663,0.8337,0.0,0.0
4,FakeManilaV2,81,7,5733,0.1697,0.8303,0.0035,0.0035
4,FakeManilaV2,81,8,6552,0.1717,0.8282,0.002,0.002
4,FakeManilaV2,81,9,7371,0.1727,0.8272,0.001,0.001
4,FakeManilaV2,81,10,8192,0.1733,0.8266,0.0006,0.0006
4,FakeManilaV2,82,1,819,0.1636,0.8359,1.0,1.0
4,FakeManilaV2,82,2,1638,0.1752,0.8243,0.0116,0.0116
4,FakeManilaV2,82,3,2457,0.1652,0.8345,0.01,0.0102
4,FakeManilaV2,82,4,3276,0.1664,0.8335,0.0011,0.001
4,FakeManilaV2,82,5,4095,0.1621,0.8378,0.0042,0.0043
4,FakeManilaV2,82,6,4914,0.1667,0.8332,0.0045,0.0046
4,FakeManilaV2,82,7,5733,0.1673,0.8327,0.0006,0.0006
4,FakeManilaV2,82,8,6552,0.167,0.833,0.0003,0.0003
4,FakeManilaV2,82,9,7371,0.1669,0.8331,0.0001,0.0001
4,FakeManilaV2,82,10,8192,0.1682,0.8317,0.0013,0.0013
4,FakeManilaV2,83,1,819,0.1832,0.8166,1.0,1.0
4,FakeManilaV2,83,2,1638,0.1728,0.8271,0.0104,0.0105
4,FakeManilaV2,83,3,2457,0.1705,0.8295,0.0022,0.0023
4,FakeManilaV2,83,4,3276,0.1697,0.8302,0.0008,0.0008
4,FakeManilaV2,83,5,4095,0.1697,0.8302,0.0,0.0
4,FakeManilaV2,83,6,4914,0.1722,0.8277,0.0024,0.0025
4,FakeManilaV2,83,7,5733,0.1704,0.8296,0.0017,0.0018
4,FakeManilaV2,83,8,6552,0.1712,0.8287,0.0008,0.0008
4,FakeManilaV2,83,9,7371,0.17,0.83,0.0013,0.0013
4,FakeManilaV2,83,10,8192,0.1696,0.8304,0.0004,0.0004
4,FakeManilaV2,84,1,819,0.1624,0.8376,1.0,1.0
4,FakeManilaV2,84,2,1638,0.1606,0.8394,0.0018,0.0018
4,FakeManilaV2,84,3,2457,0.1559,0.844,0.0047,0.0046
4,FakeManilaV2,84,4,3276,0.1612,0.8388,0.0053,0.0051
4,FakeManilaV2,84,5,4095,0.1661,0.8339,0.0049,0.0049
4,FakeManilaV2,84,6,4914,0.1673,0.8327,0.0012,0.0012
4,FakeManilaV2,84,7,5733,0.1675,0.8325,0.0002,0.0002
4,FakeManilaV2,84,8,6552,0.17,0.83,0.0026,0.0026
4,FakeManilaV2,84,9,7371,0.1682,0.8317,0.0018,0.0018
4,FakeManilaV2,84,10,8192,0.1703,0.8297,0.0021,0.0021
4,FakeManilaV2,85,1,819,0.1636,0.8362,1.0,1.0
4,FakeManilaV2,85,2,1638,0.1569,0.843,0.0067,0.0068
4,FakeManilaV2,85,3,2457,0.1612,0.8388,0.0043,0.0042
4,FakeManilaV2,85,4,3276,0.1639,0.8359,0.0027,0.0029
4,FakeManilaV2,85,5,4095,0.1661,0.8337,0.0021,0.0022
4,FakeManilaV2,85,6,4914,0.1685,0.8314,0.0024,0.0023
4,FakeManilaV2,85,7,5733,0.1688,0.8309,0.0003,0.0005
4,FakeManilaV2,85,8,6552,0.1685,0.8313,0.0003,0.0003
4,FakeManilaV2,85,9,7371,0.169,0.8308,0.0005,0.0005
4,FakeManilaV2,85,10,8192,0.1691,0.8308,0.0,0.0
4,FakeManilaV2,86,1,819,0.1758,0.8238,1.0,1.0
4,FakeManilaV2,86,2,1638,0.1667,0.8332,0.0092,0.0094
4,FakeManilaV2,86,3,2457,0.1746,0.8254,0.0079,0.0078
4,FakeManilaV2,86,4,3276,0.1725,0.8275,0.0021,0.0021
4,FakeManilaV2,86,5,4095,0.1724,0.8276,0.0001,0.0001
4,FakeManilaV2,86,6,4914,0.1722,0.8278,0.0002,0.0002
4,FakeManilaV2,86,7,5733,0.1732,0.8268,0.001,0.001
4,FakeManilaV2,86,8,6552,0.1726,0.8274,0.0006,0.0006
4,FakeManilaV2,86,9,7371,0.1708,0.8292,0.0018,0.0018
4,FakeManilaV2,86,10,8192,0.1719,0.8281,0.0011,0.0011
4,FakeManilaV2,87,1,819,0.1673,0.8327,1.0,1.0
4,FakeManilaV2,87,2,1638,0.1764,0.8234,0.0092,0.0093
4,FakeManilaV2,87,3,2457,0.175,0.825,0.0014,0.0016
4,FakeManilaV2,87,4,3276,0.1734,0.8266,0.0016,0.0016
4,FakeManilaV2,87,5,4095,0.1751,0.8249,0.0017,0.0017
4,FakeManilaV2,87,6,4914,0.1766,0.8234,0.0015,0.0015
4,FakeManilaV2,87,7,5733,0.1777,0.8223,0.0011,0.0011
4,FakeManilaV2,87,8,6552,0.1757,0.8243,0.0021,0.0021
4,FakeManilaV2,87,9,7371,0.1764,0.8236,0.0007,0.0007
4,FakeManilaV2,87,10,8192,0.178,0.822,0.0016,0.0016
4,FakeManilaV2,88,1,819,0.1746,0.8254,1.0,1.0
4,FakeManilaV2,88,2,1638,0.185,0.815,0.0104,0.0104
4,FakeManilaV2,88,3,2457,0.1819,0.818,0.0031,0.003
4,FakeManilaV2,88,4,3276,0.1828,0.8172,0.0009,0.0009
4,FakeManilaV2,88,5,4095,0.1832,0.8168,0.0003,0.0003
4,FakeManilaV2,88,6,4914,0.1813,0.8187,0.0018,0.0018
4,FakeManilaV2,88,7,5733,0.1838,0.8162,0.0025,0.0025
4,FakeManilaV2,88,8,6552,0.183,0.817,0.0009,0.0008
4,FakeManilaV2,88,9,7371,0.1833,0.8167,0.0003,0.0003
4,FakeManilaV2,88,10,8192,0.1825,0.8175,0.0008,0.0008
4,FakeManilaV2,89,1,819,0.1758,0.8239,1.0,1.0
4,FakeManilaV2,89,2,1638,0.1795,0.82,0.0037,0.0039
4,FakeManilaV2,89,3,2457,0.177,0.8227,0.0024,0.0027
4,FakeManilaV2,89,4,3276,0.1697,0.8302,0.0073,0.0075
4,FakeManilaV2,89,5,4095,0.1717,0.8283,0.002,0.002
4,FakeManilaV2,89,6,4914,0.1738,0.8262,0.0021,0.0021
4,FakeManilaV2,89,7,5733,0.176,0.824,0.0022,0.0022
4,FakeManilaV2,89,8,6552,0.178,0.822,0.002,0.002
4,FakeManilaV2,89,9,7371,0.1772,0.8228,0.0008,0.0008
4,FakeManilaV2,89,10,8192,0.1771,0.8229,0.0001,0.0001
4,FakeManilaV2,90,1,819,0.1844,0.8155,1.0,1.0
4,FakeManilaV2,90,2,1638,0.1783,0.8217,0.0061,0.0062
4,FakeManilaV2,90,3,2457,0.1758,0.8242,0.0024,0.0024
4,FakeManilaV2,90,4,3276,0.1746,0.8254,0.0012,0.0012
4,FakeManilaV2,90,5,4095,0.1731,0.8268,0.0015,0.0015
4,FakeManilaV2,90,6,4914,0.1754,0.8245,0.0023,0.0023
4,FakeManilaV2,90,7,5733,0.1744,0.8255,0.001,0.001
4,FakeManilaV2,90,8,6552,0.1761,0.8238,0.0017,0.0017
4,FakeManilaV2,90,9,7371,0.1783,0.8217,0.0021,0.0021
4,FakeManilaV2,90,10,8192,0.176,0.824,0.0022,0.0022
4,FakeManilaV2,91,1,819,0.177,0.823,1.0,1.0
4,FakeManilaV2,91,2,1638,0.177,0.8229,0.0,0.0001
4,FakeManilaV2,91,3,2457,0.173,0.827,0.0041,0.0042
4,FakeManilaV2,91,4,3276,0.1725,0.8275,0.0005,0.0005
4,FakeManilaV2,91,5,4095,0.1726,0.8273,0.0002,0.0002
4,FakeManilaV2,91,6,4914,0.1722,0.8278,0.0005,0.0005
4,FakeManilaV2,91,7,5733,0.1722,0.8278,0.0,0.0
4,FakeManilaV2,91,8,6552,0.1711,0.8289,0.0011,0.0011
4,FakeManilaV2,91,9,7371,0.17,0.83,0.0011,0.0011
4,FakeManilaV2,91,10,8192,0.1688,0.8312,0.0012,0.0012
4,FakeManilaV2,92,1,819,0.1526,0.8472,1.0,1.0
4,FakeManilaV2,92,2,1638,0.1618,0.8382,0.0092,0.009
4,FakeManilaV2,92,3,2457,0.1624,0.8376,0.0006,0.0006
4,FakeManilaV2,92,4,3276,0.1648,0.8352,0.0024,0.0024
4,FakeManilaV2,92,5,4095,0.1663,0.8337,0.0015,0.0015
4,FakeManilaV2,92,6,4914,0.1687,0.8313,0.0024,0.0024
4,FakeManilaV2,92,7,5733,0.1675,0.8325,0.0013,0.0012
4,FakeManilaV2,92,8,6552,0.1679,0.8321,0.0004,0.0005
4,FakeManilaV2,92,9,7371,0.1696,0.8304,0.0017,0.0017
4,FakeManilaV2,92,10,8192,0.1711,0.8288,0.0016,0.0016
4,FakeManilaV2,93,1,819,0.1722,0.8277,1.0,1.0
4,FakeManilaV2,93,2,1638,0.1844,0.8156,0.0122,0.0121
4,FakeManilaV2,93,3,2457,0.1844,0.8156,0.0,0.0001
4,FakeManilaV2,93,4,3276,0.1832,0.8168,0.0012,0.0012
4,FakeManilaV2,93,5,4095,0.1817,0.8183,0.0015,0.0015
4,FakeManilaV2,93,6,4914,0.1789,0.8211,0.0028,0.0028
4,FakeManilaV2,93,7,5733,0.1802,0.8198,0.0013,0.0013
4,FakeManilaV2,93,8,6552,0.1787,0.8213,0.0015,0.0015
4,FakeManilaV2,93,9,7371,0.1777,0.8223,0.001,0.001
4,FakeManilaV2,93,10,8192,0.1769,0.8231,0.0008,0.0008
4,FakeManilaV2,94,1,819,0.1538,0.8461,1.0,1.0
4,FakeManilaV2,94,2,1638,0.1661,0.8339,0.0122,0.0122
4,FakeManilaV2,94,3,2457,0.164,0.836,0.002,0.002
4,FakeManilaV2,94,4,3276,0.1636,0.8364,0.0004,0.0004
4,FakeManilaV2,94,5,4095,0.1634,0.8366,0.0002,0.0002
4,FakeManilaV2,94,6,4914,0.1612,0.8388,0.0022,0.0022
4,FakeManilaV2,94,7,5733,0.1652,0.8348,0.004,0.004
4,FakeManilaV2,94,8,6552,0.1654,0.8345,0.0003,0.0002
4,FakeManilaV2,94,9,7371,0.1697,0.8303,0.0043,0.0043
4,FakeManilaV2,94,10,8192,0.1709,0.8291,0.0012,0.0012
4,FakeManilaV2,95,1,819,0.2015,0.7979,1.0,1.0
4,FakeManilaV2,95,2,1638,0.188,0.8117,0.0134,0.0138
4,FakeManilaV2,95,3,2457,0.1815,0.8182,0.0065,0.0065
4,FakeManilaV2,95,4,3276,0.1777,0.822,0.0039,0.0038
4,FakeManilaV2,95,5,4095,0.1788,0.8209,0.0011,0.0011
4,FakeManilaV2,95,6,4914,0.1772,0.8224,0.0015,0.0015
4,FakeManilaV2,95,7,5733,0.1765,0.8232,0.0007,0.0008
4,FakeManilaV2,95,8,6552,0.1775,0.8224,0.001,0.0009
4,FakeManilaV2,95,9,7371,0.1765,0.8234,0.001,0.001
4,FakeManilaV2,95,10,8192,0.1738,0.8261,0.0027,0.0027
4,FakeManilaV2,96,1,819,0.1734,0.8265,1.0,1.0
4,FakeManilaV2,96,2,1638,0.1697,0.8301,0.0037,0.0036
4,FakeManilaV2,96,3,2457,0.1701,0.8296,0.0004,0.0004
4,FakeManilaV2,96,4,3276,0.1709,0.829,0.0008,0.0006
4,FakeManilaV2,96,5,4095,0.1707,0.8293,0.0002,0.0003
4,FakeManilaV2,96,6,4914,0.1718,0.8282,0.0011,0.0011
4,FakeManilaV2,96,7,5733,0.1723,0.8277,0.0006,0.0006
4,FakeManilaV2,96,8,6552,0.1702,0.8298,0.0022,0.0022
4,FakeManilaV2,96,9,7371,0.1703,0.8297,0.0001,0.0001
4,FakeManilaV2,96,10,8192,0.1718,0.8282,0.0015,0.0015
4,FakeManilaV2,97,1,819,0.1758,0.8242,1.0,1.0
4,FakeManilaV2,97,2,1638,0.1703,0.8297,0.0055,0.0055
4,FakeManilaV2,97,3,2457,0.1697,0.8303,0.0006,0.0006
4,FakeManilaV2,97,4,3276,0.1694,0.8306,0.0003,0.0003
4,FakeManilaV2,97,5,4095,0.1726,0.8273,0.0032,0.0033
4,FakeManilaV2,97,6,4914,0.1703,0.8296,0.0023,0.0023
4,FakeManilaV2,97,7,5733,0.1683,0.8316,0.002,0.002
4,FakeManilaV2,97,8,6552,0.1694,0.8305,0.0011,0.0011
4,FakeManilaV2,97,9,7371,0.1694,0.8305,0.0,0.0
4,FakeManilaV2,97,10,8192,0.1721,0.8279,0.0027,0.0026
4,FakeManilaV2,98,1,819,0.1783,0.8217,1.0,1.0
4,FakeManilaV2,98,2,1638,0.1691,0.8308,0.0092,0.009
4,FakeManilaV2,98,3,2457,0.1754,0.8244,0.0063,0.0063
4,FakeManilaV2,98,4,3276,0.167,0.833,0.0084,0.0085
4,FakeManilaV2,98,5,4095,0.1717,0.8282,0.0047,0.0047
4,FakeManilaV2,98,6,4914,0.1728,0.827,0.0011,0.0012
4,FakeManilaV2,98,7,5733,0.1763,0.8236,0.0036,0.0035
4,FakeManilaV2,98,8,6552,0.1743,0.8256,0.002,0.002
4,FakeManilaV2,98,9,7371,0.1751,0.8248,0.0008,0.0008
4,FakeManilaV2,98,10,8192,0.1757,0.8243,0.0005,0.0005
4,FakeManilaV2,99,1,819,0.1624,0.8376,1.0,1.0
4,FakeManilaV2,99,2,1638,0.1764,0.8236,0.014,0.014
4,FakeManilaV2,99,3,2457,0.1762,0.8237,0.0002,0.0002
4,FakeManilaV2,99,4,3276,0.1798,0.8202,0.0036,0.0035
4,FakeManilaV2,99,5,4095,0.1761,0.8239,0.0037,0.0037
4,FakeManilaV2,99,6,4914,0.1766,0.8234,0.0006,0.0006
4,FakeManilaV2,99,7,5733,0.1753,0.8247,0.0013,0.0013
4,FakeManilaV2,99,8,6552,0.1749,0.8251,0.0004,0.0004
4,FakeManilaV2,99,9,7371,0.1776,0.8224,0.0027,0.0027
4,FakeManilaV2,99,10,8192,0.1749,0.8251,0.0027,0.0027
4,FakeManilaV2,100,1,819,0.1612,0.8388,1.0,1.0
4,FakeManilaV2,100,2,1638,0.1575,0.8424,0.0037,0.0036
4,FakeManilaV2,100,3,2457,0.1652,0.8348,0.0077,0.0077
4,FakeManilaV2,100,4,3276,0.1679,0.8321,0.0026,0.0026
4,FakeManilaV2,100,5,4095,0.1697,0.8303,0.0018,0.0019
4,FakeManilaV2,100,6,4914,0.1716,0.8284,0.0018,0.0018
4,FakeManilaV2,100,7,5733,0.1734,0.8266,0.0018,0.0019
4,FakeManilaV2,100,8,6552,0.1751,0.8249,0.0017,0.0016
4,FakeManilaV2,100,9,7371,0.1741,0.8259,0.001,0.001
4,FakeManilaV2,100,10,8192,0.1722,0.8278,0.0018,0.0018
4,FakeManilaV2,101,1,819,0.1648,0.8351,1.0,1.0
4,FakeManilaV2,101,2,1638,0.16,0.84,0.0049,0.0049
4,FakeManilaV2,101,3,2457,0.1608,0.8391,0.0008,0.0009
4,FakeManilaV2,101,4,3276,0.1636,0.8363,0.0028,0.0028
4,FakeManilaV2,101,5,4095,0.1673,0.8327,0.0037,0.0036
4,FakeManilaV2,101,6,4914,0.1699,0.83,0.0026,0.0027
4,FakeManilaV2,101,7,5733,0.172,0.828,0.0021,0.002
4,FakeManilaV2,101,8,6552,0.1717,0.8283,0.0003,0.0003
4,FakeManilaV2,101,9,7371,0.1707,0.8293,0.001,0.001
4,FakeManilaV2,101,10,8192,0.1705,0.8294,0.0001,0.0001
4,FakeManilaV2,102,1,819,0.1807,0.8193,1.0,1.0
4,FakeManilaV2,102,2,1638,0.1746,0.8254,0.0061,0.0061
4,FakeManilaV2,102,3,2457,0.177,0.8229,0.0024,0.0024
4,FakeManilaV2,102,4,3276,0.1825,0.8174,0.0055,0.0056
4,FakeManilaV2,102,5,4095,0.1817,0.8182,0.0009,0.0008
4,FakeManilaV2,102,6,4914,0.1785,0.8215,0.0032,0.0033
4,FakeManilaV2,102,7,5733,0.1788,0.8212,0.0003,0.0003
4,FakeManilaV2,102,8,6552,0.1787,0.8212,0.0001,0.0
4,FakeManilaV2,102,9,7371,0.1784,0.8216,0.0003,0.0003
4,FakeManilaV2,102,10,8192,0.1761,0.8238,0.0023,0.0023
4,FakeManilaV2,103,1,819,0.1868,0.8128,1.0,1.0
4,FakeManilaV2,103,2,1638,0.1648,0.8352,0.022,0.0223
4,FakeManilaV2,103,3,2457,0.164,0.836,0.0008,0.0008
4,FakeManilaV2,103,4,3276,0.17,0.83,0.006,0.006
4,FakeManilaV2,103,5,4095,0.1643,0.8356,0.0057,0.0057
4,FakeManilaV2,103,6,4914,0.1624,0.8376,0.002,0.002
4,FakeManilaV2,103,7,5733,0.1636,0.8364,0.0012,0.0012
4,FakeManilaV2,103,8,6552,0.1656,0.8344,0.002,0.002
4,FakeManilaV2,103,9,7371,0.1636,0.8364,0.002,0.002
4,FakeManilaV2,103,10,8192,0.1638,0.8362,0.0002,0.0002
4,FakeManilaV2,104,1,819,0.1893,0.8107,1.0,1.0
4,FakeManilaV2,104,2,1638,0.1868,0.8132,0.0024,0.0024
4,FakeManilaV2,104,3,2457,0.1905,0.8094,0.0037,0.0038
4,FakeManilaV2,104,4,3276,0.1886,0.8113,0.0018,0.0019
4,FakeManilaV2,104,5,4095,0.1814,0.8184,0.0072,0.0071
4,FakeManilaV2,104,6,4914,0.1815,0.8184,0.0001,0.0
4,FakeManilaV2,104,7,5733,0.1826,0.8173,0.0011,0.0011
4,FakeManilaV2,104,8,6552,0.1815,0.8185,0.0012,0.0012
4,FakeManilaV2,104,9,7371,0.18,0.8199,0.0014,0.0014
4,FakeManilaV2,104,10,8192,0.1787,0.8212,0.0013,0.0013
4,FakeManilaV2,105,1,819,0.1856,0.8143,1.0,1.0
4,FakeManilaV2,105,2,1638,0.1856,0.8144,0.0,0.0001
4,FakeManilaV2,105,3,2457,0.1734,0.8265,0.0122,0.0121
4,FakeManilaV2,105,4,3276,0.1709,0.829,0.0024,0.0025
4,FakeManilaV2,105,5,4095,0.1717,0.8282,0.0007,0.0007
4,FakeManilaV2,105,6,4914,0.1713,0.8286,0.0003,0.0004
4,FakeManilaV2,105,7,5733,0.1702,0.8297,0.0011,0.0011
4,FakeManilaV2,105,8,6552,0.1699,0.8299,0.0004,0.0003
4,FakeManilaV2,105,9,7371,0.1696,0.8301,0.0003,0.0002
4,FakeManilaV2,105,10,8192,0.1678,0.8318,0.0017,0.0016
4,FakeManilaV2,106,1,819,0.1648,0.8339,1.0,1.0
4,FakeManilaV2,106,2,1638,0.1685,0.8315,0.0037,0.0024
4,FakeManilaV2,106,3,2457,0.1697,0.8301,0.0012,0.0014
4,FakeManilaV2,106,4,3276,0.1654,0.8344,0.0043,0.0043
4,FakeManilaV2,106,5,4095,0.1661,0.8337,0.0006,0.0007
4,FakeManilaV2,106,6,4914,0.1669,0.8329,0.0008,0.0008
4,FakeManilaV2,106,7,5733,0.1678,0.832,0.0009,0.0009
4,FakeManilaV2,106,8,6552,0.1671,0.8328,0.0007,0.0008
4,FakeManilaV2,106,9,7371,0.165,0.835,0.0022,0.0022
4,FakeManilaV2,106,10,8192,0.1659,0.8341,0.0009,0.0009
4,FakeManilaV2,107,1,819,0.16,0.8397,1.0,1.0
4,FakeManilaV2,107,2,1638,0.1673,0.8324,0.0073,0.0073
4,FakeManilaV2,107,3,2457,0.16,0.8397,0.0073,0.0073
4,FakeManilaV2,107,4,3276,0.1633,0.8366,0.0034,0.0031
4,FakeManilaV2,107,5,4095,0.1678,0.8322,0.0045,0.0045
4,FakeManilaV2,107,6,4914,0.1711,0.8288,0.0034,0.0034
4,FakeManilaV2,107,7,5733,0.1709,0.829,0.0002,0.0003
4,FakeManilaV2,107,8,6552,0.1679,0.8321,0.0031,0.0031
4,FakeManilaV2,107,9,7371,0.1682,0.8317,0.0003,0.0004
4,FakeManilaV2,107,10,8192,0.1689,0.831,0.0007,0.0007
4,FakeManilaV2,108,1,819,0.1893,0.8101,1.0,1.0
4,FakeManilaV2,108,2,1638,0.1777,0.8222,0.0116,0.012
4,FakeManilaV2,108,3,2457,0.1783,0.8217,0.0006,0.0004
4,FakeManilaV2,108,4,3276,0.1746,0.8254,0.0037,0.0036
4,FakeManilaV2,108,5,4095,0.1705,0.8295,0.0042,0.0042
4,FakeManilaV2,108,6,4914,0.1705,0.8294,0.0001,0.0001
4,FakeManilaV2,108,7,5733,0.1704,0.8295,0.0001,0.0001
4,FakeManilaV2,108,8,6552,0.1696,0.8304,0.0009,0.0009
4,FakeManilaV2,108,9,7371,0.1692,0.8308,0.0004,0.0004
4,FakeManilaV2,108,10,8192,0.1696,0.8304,0.0004,0.0004
4,FakeManilaV2,109,1,819,0.1538,0.8458,1.0,1.0
4,FakeManilaV2,109,2,1638,0.1581,0.8419,0.0043,0.004
4,FakeManilaV2,109,3,2457,0.1685,0.8315,0.0104,0.0104
4,FakeManilaV2,109,4,3276,0.1682,0.8318,0.0003,0.0003
4,FakeManilaV2,109,5,4095,0.1656,0.8344,0.0026,0.0026
4,FakeManilaV2,109,6,4914,0.1673,0.8327,0.0017,0.0017
4,FakeManilaV2,109,7,5733,0.1685,0.8315,0.0012,0.0012
4,FakeManilaV2,109,8,6552,0.1699,0.8301,0.0014,0.0014
4,FakeManilaV2,109,9,7371,0.1696,0.8304,0.0003,0.0003
4,FakeManilaV2,109,10,8192,0.1691,0.8309,0.0005,0.0005
4,FakeManilaV2,110,1,819,0.1783,0.8216,1.0,1.0
4,FakeManilaV2,110,2,1638,0.1606,0.8391,0.0177,0.0175
4,FakeManilaV2,110,3,2457,0.1644,0.8355,0.0039,0.0036
4,FakeManilaV2,110,4,3276,0.1624,0.8375,0.002,0.0019
4,FakeManilaV2,110,5,4095,0.1656,0.8344,0.0032,0.0031
4,FakeManilaV2,110,6,4914,0.1679,0.8321,0.0023,0.0023
4,FakeManilaV2,110,7,5733,0.1708,0.8292,0.0029,0.0029
4,FakeManilaV2,110,8,6552,0.1705,0.8295,0.0003,0.0003
4,FakeManilaV2,110,9,7371,0.1682,0.8317,0.0023,0.0023
4,FakeManilaV2,110,10,8192,0.1687,0.8313,0.0005,0.0004
4,FakeManilaV2,111,1,819,0.1661,0.8339,1.0,1.0
4,FakeManilaV2,111,2,1638,0.1801,0.8199,0.014,0.0141
4,FakeManilaV2,111,3,2457,0.1844,0.8155,0.0043,0.0044
4,FakeManilaV2,111,4,3276,0.1844,0.8156,0.0,0.0001
4,FakeManilaV2,111,5,4095,0.178,0.822,0.0063,0.0064
4,FakeManilaV2,111,6,4914,0.1785,0.8215,0.0004,0.0004
4,FakeManilaV2,111,7,5733,0.1788,0.8212,0.0003,0.0003
4,FakeManilaV2,111,8,6552,0.1783,0.8217,0.0005,0.0005
4,FakeManilaV2,111,9,7371,0.1762,0.8238,0.002,0.002
4,FakeManilaV2,111,10,8192,0.1764,0.8236,0.0002,0.0002
4,FakeManilaV2,112,1,819,0.1734,0.8262,1.0,1.0
4,FakeManilaV2,112,2,1638,0.1661,0.8338,0.0073,0.0076
4,FakeManilaV2,112,3,2457,0.1656,0.8343,0.0004,0.0005
4,FakeManilaV2,112,4,3276,0.1676,0.8323,0.0019,0.002
4,FakeManilaV2,112,5,4095,0.17,0.8299,0.0024,0.0024
4,FakeManilaV2,112,6,4914,0.1707,0.8292,0.0008,0.0008
4,FakeManilaV2,112,7,5733,0.1687,0.8312,0.0021,0.002
4,FakeManilaV2,112,8,6552,0.1703,0.8296,0.0017,0.0016
4,FakeManilaV2,112,9,7371,0.1696,0.8303,0.0007,0.0007
4,FakeManilaV2,112,10,8192,0.168,0.832,0.0016,0.0017
4,FakeManilaV2,113,1,819,0.1697,0.8294,1.0,1.0
4,FakeManilaV2,113,2,1638,0.1648,0.8351,0.0049,0.0057
4,FakeManilaV2,113,3,2457,0.1718,0.8282,0.0069,0.0069
4,FakeManilaV2,113,4,3276,0.1709,0.8291,0.0008,0.0009
4,FakeManilaV2,113,5,4095,0.1758,0.8242,0.0049,0.0049
4,FakeManilaV2,113,6,4914,0.1752,0.8248,0.0006,0.0006
4,FakeManilaV2,113,7,5733,0.1736,0.8264,0.0017,0.0016
4,FakeManilaV2,113,8,6552,0.1729,0.827,0.0006,0.0006
4,FakeManilaV2,113,9,7371,0.1713,0.8286,0.0016,0.0016
4,FakeManilaV2,113,10,8192,0.1726,0.8274,0.0013,0.0012
4,FakeManilaV2,114,1,819,0.1819,0.8173,1.0,1.0
4,FakeManilaV2,114,2,1638,0.1825,0.8174,0.0006,0.0001
4,FakeManilaV2,114,3,2457,0.1884,0.8114,0.0059,0.006
4,FakeManilaV2,114,4,3276,0.185,0.8149,0.0035,0.0034
4,FakeManilaV2,114,5,4095,0.1822,0.8178,0.0028,0.0029
4,FakeManilaV2,114,6,4914,0.1787,0.8213,0.0035,0.0035
4,FakeManilaV2,114,7,5733,0.18,0.82,0.0013,0.0014
4,FakeManilaV2,114,8,6552,0.1769,0.8231,0.0031,0.0031
4,FakeManilaV2,114,9,7371,0.1745,0.8255,0.0024,0.0024
4,FakeManilaV2,114,10,8192,0.1754,0.8246,0.0009,0.0009
4,FakeManilaV2,115,1,819,0.1807,0.819,1.0,1.0
4,FakeManilaV2,115,2,1638,0.1709,0.8287,0.0098,0.0097
4,FakeManilaV2,115,3,2457,0.1738,0.8262,0.0028,0.0025
4,FakeManilaV2,115,4,3276,0.1716,0.8284,0.0022,0.0022
4,FakeManilaV2,115,5,4095,0.1695,0.8304,0.0021,0.002
4,FakeManilaV2,115,6,4914,0.1703,0.8296,0.0009,0.0008
4,FakeManilaV2,115,7,5733,0.1711,0.8288,0.0008,0.0008
4,FakeManilaV2,115,8,6552,0.1716,0.8284,0.0004,0.0004
4,FakeManilaV2,115,9,7371,0.1724,0.8276,0.0009,0.0009
4,FakeManilaV2,115,10,8192,0.1722,0.8278,0.0002,0.0002
4,FakeManilaV2,116,1,819,0.1746,0.8251,1.0,1.0
4,FakeManilaV2,116,2,1638,0.1825,0.8174,0.0079,0.0078
4,FakeManilaV2,116,3,2457,0.1844,0.8155,0.0018,0.0019
4,FakeManilaV2,116,4,3276,0.1798,0.82,0.0046,0.0045
4,FakeManilaV2,116,5,4095,0.1775,0.8223,0.0023,0.0024
4,FakeManilaV2,116,6,4914,0.1758,0.8241,0.0017,0.0017
4,FakeManilaV2,116,7,5733,0.1758,0.8241,0.0,0.0
4,FakeManilaV2,116,8,6552,0.1746,0.8253,0.0012,0.0012
4,FakeManilaV2,116,9,7371,0.1751,0.8248,0.0005,0.0006
4,FakeManilaV2,116,10,8192,0.1753,0.8247,0.0001,0.0001
4,FakeManilaV2,117,1,819,0.1917,0.8072,1.0,1.0
4,FakeManilaV2,117,2,1638,0.1728,0.827,0.0189,0.0198
4,FakeManilaV2,117,3,2457,0.1787,0.8212,0.0059,0.0059
4,FakeManilaV2,117,4,3276,0.1783,0.8214,0.0004,0.0002
4,FakeManilaV2,117,5,4095,0.1768,0.823,0.0015,0.0016
4,FakeManilaV2,117,6,4914,0.1772,0.8226,0.0004,0.0004
4,FakeManilaV2,117,7,5733,0.176,0.824,0.0013,0.0014
4,FakeManilaV2,117,8,6552,0.176,0.8239,0.0,0.0
4,FakeManilaV2,117,9,7371,0.1753,0.8246,0.0007,0.0007
4,FakeManilaV2,117,10,8192,0.1749,0.825,0.0004,0.0003
4,FakeManilaV2,118,1,819,0.1868,0.8128,1.0,1.0
4,FakeManilaV2,118,2,1638,0.1752,0.8248,0.0116,0.0119
4,FakeManilaV2,118,3,2457,0.1827,0.8172,0.0075,0.0076
4,FakeManilaV2,118,4,3276,0.1777,0.8223,0.0051,0.0051
4,FakeManilaV2,118,5,4095,0.178,0.8219,0.0004,0.0003
4,FakeManilaV2,118,6,4914,0.1836,0.8164,0.0055,0.0055
4,FakeManilaV2,118,7,5733,0.1798,0.8201,0.0037,0.0037
4,FakeManilaV2,118,8,6552,0.179,0.8209,0.0008,0.0008
4,FakeManilaV2,118,9,7371,0.18,0.8199,0.001,0.001
4,FakeManilaV2,118,10,8192,0.1785,0.8215,0.0016,0.0016
4,FakeManilaV2,119,1,819,0.1856,0.8142,1.0,1.0
4,FakeManilaV2,119,2,1638,0.1758,0.8242,0.0098,0.01
4,FakeManilaV2,119,3,2457,0.1697,0.8302,0.0061,0.006
4,FakeManilaV2,119,4,3276,0.1725,0.8275,0.0027,0.0027
4,FakeManilaV2,119,5,4095,0.1741,0.8258,0.0016,0.0017
4,FakeManilaV2,119,6,4914,0.176,0.824,0.0019,0.0019
4,FakeManilaV2,119,7,5733,0.1743,0.8257,0.0018,0.0018
4,FakeManilaV2,119,8,6552,0.1754,0.8246,0.0011,0.0011
4,FakeManilaV2,119,9,7371,0.1773,0.8227,0.002,0.002
4,FakeManilaV2,119,10,8192,0.179,0.821,0.0016,0.0017
5,FakeManilaV2,20,1,102,0.1471,0.8495,1.0,1.0
5,FakeManilaV2,20,2,204,0.1814,0.8186,0.0343,0.031
5,FakeManilaV2,20,3,306,0.1797,0.8201,0.0016,0.0015
5,FakeManilaV2,20,4,408,0.174,0.8258,0.0057,0.0057
5,FakeManilaV2,20,5,510,0.1765,0.8232,0.0025,0.0026
5,FakeManilaV2,20,6,612,0.1683,0.8316,0.0082,0.0084
5,FakeManilaV2,20,7,714,0.1765,0.8235,0.0082,0.0081
5,FakeManilaV2,20,8,816,0.1765,0.8235,0.0,0.0
5,FakeManilaV2,20,9,918,0.1841,0.8158,0.0076,0.0077
5,FakeManilaV2,20,10,1024,0.1855,0.8144,0.0015,0.0013
5,FakeManilaV2,21,1,102,0.2157,0.7843,1.0,1.0
5,FakeManilaV2,21,2,204,0.1863,0.8136,0.0294,0.0293
5,FakeManilaV2,21,3,306,0.1928,0.807,0.0065,0.0066
5,FakeManilaV2,21,4,408,0.1936,0.806,0.0008,0.0011
5,FakeManilaV2,21,5,510,0.1941,0.8058,0.0005,0.0002
5,FakeManilaV2,21,6,612,0.1879,0.8121,0.0062,0.0063
5,FakeManilaV2,21,7,714,0.1863,0.8137,0.0016,0.0016
5,FakeManilaV2,21,8,816,0.1924,0.8076,0.0061,0.0061
5,FakeManilaV2,21,9,918,0.1939,0.806,0.0015,0.0015
5,FakeManilaV2,21,10,1024,0.1826,0.8173,0.0113,0.0113
5,FakeManilaV2,22,1,102,0.1863,0.8051,1.0,1.0
5,FakeManilaV2,22,2,204,0.1863,0.8029,0.0,0.0022
5,FakeManilaV2,22,3,306,0.2026,0.7925,0.0163,0.0104
5,FakeManilaV2,22,4,408,0.201,0.7975,0.0016,0.005
5,FakeManilaV2,22,5,510,0.202,0.7973,0.001,0.0003
5,FakeManilaV2,22,6,612,0.1944,0.8051,0.0075,0.0078
5,FakeManilaV2,22,7,714,0.1933,0.8066,0.0012,0.0015
5,FakeManilaV2,22,8,816,0.1863,0.8136,0.007,0.007
5,FakeManilaV2,22,9,918,0.1852,0.8147,0.0011,0.0011
5,FakeManilaV2,22,10,1024,0.1865,0.8134,0.0013,0.0013
5,FakeManilaV2,23,1,102,0.1667,0.8333,1.0,1.0
5,FakeManilaV2,23,2,204,0.1765,0.8233,0.0098,0.01
5,FakeManilaV2,23,3,306,0.183,0.8159,0.0065,0.0073
5,FakeManilaV2,23,4,408,0.201,0.7988,0.018,0.0171
5,FakeManilaV2,23,5,510,0.1961,0.8039,0.0049,0.005
5,FakeManilaV2,23,6,612,0.1895,0.8104,0.0065,0.0065
5,FakeManilaV2,23,7,714,0.1975,0.8025,0.0079,0.0079
5,FakeManilaV2,23,8,816,0.1985,0.8015,0.0011,0.0011
5,FakeManilaV2,23,9,918,0.1895,0.8105,0.009,0.009
5,FakeManilaV2,23,10,1024,0.1807,0.8193,0.0089,0.0088
5,FakeManilaV2,24,1,102,0.2451,0.7541,1.0,1.0
5,FakeManilaV2,24,2,204,0.2255,0.774,0.0196,0.0199
5,FakeManilaV2,24,3,306,0.2222,0.7777,0.0033,0.0036
5,FakeManilaV2,24,4,408,0.2206,0.7793,0.0016,0.0017
5,FakeManilaV2,24,5,510,0.2294,0.7703,0.0088,0.009
5,FakeManilaV2,24,6,612,0.2124,0.7876,0.017,0.0173
5,FakeManilaV2,24,7,714,0.2031,0.7969,0.0093,0.0093
5,FakeManilaV2,24,8,816,0.1949,0.8051,0.0082,0.0082
5,FakeManilaV2,24,9,918,0.183,0.817,0.0118,0.0119
5,FakeManilaV2,24,10,1024,0.1836,0.8164,0.0006,0.0006
5,FakeManilaV2,25,1,102,0.1961,0.8038,1.0,1.0
5,FakeManilaV2,25,2,204,0.2157,0.7835,0.0196,0.0203
5,FakeManilaV2,25,3,306,0.2092,0.7904,0.0065,0.0068
5,FakeManilaV2,25,4,408,0.1985,0.8014,0.0106,0.0111
5,FakeManilaV2,25,5,510,0.2,0.7999,0.0015,0.0015
5,FakeManilaV2,25,6,612,0.201,0.799,0.001,0.0009
5,FakeManilaV2,25,7,714,0.2031,0.7969,0.0021,0.0021
5,FakeManilaV2,25,8,816,0.2022,0.7977,0.0009,0.0008
5,FakeManilaV2,25,9,918,0.2004,0.7995,0.0018,0.0018
5,FakeManilaV2,25,10,1024,0.1982,0.8018,0.0022,0.0022
5,FakeManilaV2,26,1,102,0.1961,0.7962,1.0,1.0
5,FakeManilaV2,26,2,204,0.2059,0.783,0.0098,0.0132
5,FakeManilaV2,26,3,306,0.1667,0.8294,0.0392,0.0464
5,FakeManilaV2,26,4,408,0.174,0.8235,0.0074,0.0059
5,FakeManilaV2,26,5,510,0.1686,0.8297,0.0054,0.0062
5,FakeManilaV2,26,6,612,0.1683,0.8308,0.0003,0.0011
5,FakeManilaV2,26,7,714,0.1723,0.8273,0.004,0.0035
5,FakeManilaV2,26,8,816,0.1752,0.8244,0.003,0.0029
5,FakeManilaV2,26,9,918,0.1754,0.824,0.0001,0.0004
5,FakeManilaV2,26,10,1024,0.1787,0.8203,0.0033,0.0036
5,FakeManilaV2,27,1,102,0.1765,0.8234,1.0,1.0
5,FakeManilaV2,27,2,204,0.1912,0.8085,0.0147,0.015
5,FakeManilaV2,27,3,306,0.1895,0.8104,0.0016,0.002
5,FakeManilaV2,27,4,408,0.1887,0.8111,0.0008,0.0007
5,FakeManilaV2,27,5,510,0.1941,0.8055,0.0054,0.0056
5,FakeManilaV2,27,6,612,0.1993,0.8004,0.0052,0.0051
5,FakeManilaV2,27,7,714,0.2003,0.7995,0.0009,0.0009
5,FakeManilaV2,27,8,816,0.19,0.8098,0.0103,0.0103
5,FakeManilaV2,27,9,918,0.1939,0.806,0.0039,0.0039
5,FakeManilaV2,27,10,1024,0.1914,0.8084,0.0025,0.0024
5,FakeManilaV2,28,1,102,0.2157,0.7812,1.0,1.0
5,FakeManilaV2,28,2,204,0.201,0.7988,0.0147,0.0176
5,FakeManilaV2,28,3,306,0.2026,0.7974,0.0016,0.0014
5,FakeManilaV2,28,4,408,0.1863,0.8136,0.0163,0.0162
5,FakeManilaV2,28,5,510,0.1863,0.8136,0.0,0.0
5,FakeManilaV2,28,6,612,0.2042,0.7957,0.018,0.0179
5,FakeManilaV2,28,7,714,0.2003,0.7996,0.004,0.004
5,FakeManilaV2,28,8,816,0.1949,0.8051,0.0054,0.0055
5,FakeManilaV2,28,9,918,0.1874,0.8126,0.0075,0.0075
5,FakeManilaV2,28,10,1024,0.1816,0.8184,0.0057,0.0057
5,FakeManilaV2,29,1,102,0.1765,0.8217,1.0,1.0
5,FakeManilaV2,29,2,204,0.1814,0.8183,0.0049,0.0034
5,FakeManilaV2,29,3,306,0.1863,0.8136,0.0049,0.0047
5,FakeManilaV2,29,4,408,0.1912,0.8082,0.0049,0.0053
5,FakeManilaV2,29,5,510,0.1824,0.8174,0.0088,0.0092
5,FakeManilaV2,29,6,612,0.1879,0.8115,0.0056,0.0059
5,FakeManilaV2,29,7,714,0.1933,0.8065,0.0054,0.005
5,FakeManilaV2,29,8,816,0.1936,0.8063,0.0004,0.0002
5,FakeManilaV2,29,9,918,0.1885,0.8114,0.0052,0.0051
5,FakeManilaV2,29,10,1024,0.1816,0.8182,0.0068,0.0068
5,FakeManilaV2,30,1,102,0.1078,0.8908,1.0,1.0
5,FakeManilaV2,30,2,204,0.1422,0.8577,0.0343,0.0332
5,FakeManilaV2,30,3,306,0.1634,0.836,0.0212,0.0217
5,FakeManilaV2,30,4,408,0.152,0.8464,0.0114,0.0105
5,FakeManilaV2,30,5,510,0.1471,0.852,0.0049,0.0056
5,FakeManilaV2,30,6,612,0.1471,0.8526,0.0,0.0006
5,FakeManilaV2,30,7,714,0.1457,0.8537,0.0014,0.0011
5,FakeManilaV2,30,8,816,0.1409,0.8585,0.0047,0.0049
5,FakeManilaV2,30,9,918,0.1481,0.8514,0.0072,0.0071
5,FakeManilaV2,30,10,1024,0.1572,0.8423,0.0091,0.0092
5,FakeManilaV2,31,1,102,0.2451,0.7541,1.0,1.0
5,FakeManilaV2,31,2,204,0.2157,0.7812,0.0294,0.0271
5,FakeManilaV2,31,3,306,0.1895,0.8096,0.0261,0.0284
5,FakeManilaV2,31,4,408,0.1887,0.8107,0.0008,0.0011
5,FakeManilaV2,31,5,510,0.1824,0.8175,0.0064,0.0068
5,FakeManilaV2,31,6,612,0.1814,0.8182,0.001,0.0007
5,FakeManilaV2,31,7,714,0.1807,0.8185,0.0007,0.0003
5,FakeManilaV2,31,8,816,0.185,0.8146,0.0044,0.0039
5,FakeManilaV2,31,9,918,0.1819,0.8177,0.0031,0.0031
5,FakeManilaV2,31,10,1024,0.1816,0.818,0.0003,0.0003
5,FakeManilaV2,32,1,102,0.1471,0.8466,1.0,1.0
5,FakeManilaV2,32,2,204,0.1569,0.8421,0.0098,0.0044
5,FakeManilaV2,32,3,306,0.1471,0.8527,0.0098,0.0106
5,FakeManilaV2,32,4,408,0.1495,0.8504,0.0025,0.0022
5,FakeManilaV2,32,5,510,0.149,0.8509,0.0005,0.0005
5,FakeManilaV2,32,6,612,0.1601,0.8398,0.0111,0.0111
5,FakeManilaV2,32,7,714,0.1695,0.8305,0.0093,0.0094
5,FakeManilaV2,32,8,816,0.1716,0.8283,0.0021,0.0021
5,FakeManilaV2,32,9,918,0.1656,0.8344,0.006,0.0061
5,FakeManilaV2,32,10,1024,0.1738,0.8261,0.0083,0.0083
5,FakeManilaV2,33,1,102,0.1765,0.8231,1.0,1.0
5,FakeManilaV2,33,2,204,0.201,0.799,0.0245,0.0241
5,FakeManilaV2,33,3,306,0.1993,0.8006,0.0016,0.0016
5,FakeManilaV2,33,4,408,0.201,0.7984,0.0016,0.0022
5,FakeManilaV2,33,5,510,0.1961,0.8034,0.0049,0.005
5,FakeManilaV2,33,6,612,0.1977,0.8011,0.0016,0.0023
5,FakeManilaV2,33,7,714,0.1989,0.7997,0.0012,0.0014
5,FakeManilaV2,33,8,816,0.1985,0.7997,0.0004,0.0
5,FakeManilaV2,33,9,918,0.1993,0.7986,0.0008,0.0011
5,FakeManilaV2,33,10,1024,0.1895,0.8085,0.0099,0.0099
5,FakeManilaV2,34,1,102,0.1863,0.8135,1.0,1.0
5,FakeManilaV2,34,2,204,0.1863,0.8136,0.0,0.0001
5,FakeManilaV2,34,3,306,0.1765,0.8229,0.0098,0.0093
5,FakeManilaV2,34,4,408,0.1936,0.806,0.0172,0.0169
5,FakeManilaV2,34,5,510,0.198,0.8019,0.0044,0.004
5,FakeManilaV2,34,6,612,0.1977,0.8014,0.0003,0.0006
5,FakeManilaV2,34,7,714,0.1947,0.8048,0.003,0.0034
5,FakeManilaV2,34,8,816,0.1973,0.8025,0.0026,0.0023
5,FakeManilaV2,34,9,918,0.1983,0.8016,0.001,0.0009
5,FakeManilaV2,34,10,1024,0.1924,0.8076,0.0059,0.006
5,FakeManilaV2,35,1,102,0.2353,0.7636,1.0,1.0
5,FakeManilaV2,35,2,204,0.2059,0.794,0.0294,0.0304
5,FakeManilaV2,35,3,306,0.2288,0.7712,0.0229,0.0228
5,FakeManilaV2,35,4,408,0.2083,0.7912,0.0204,0.02
5,FakeManilaV2,35,5,510,0.2137,0.7861,0.0054,0.0052
5,FakeManilaV2,35,6,612,0.2059,0.794,0.0078,0.008
5,FakeManilaV2,35,7,714,0.1961,0.8038,0.0098,0.0098
5,FakeManilaV2,35,8,816,0.2022,0.7978,0.0061,0.006
5,FakeManilaV2,35,9,918,0.1983,0.8017,0.0039,0.0039
5,FakeManilaV2,35,10,1024,0.2051,0.7945,0.0068,0.0072
5,FakeManilaV2,36,1,102,0.1863,0.813,1.0,1.0
5,FakeManilaV2,36,2,204,0.1471,0.8516,0.0392,0.0386
5,FakeManilaV2,36,3,306,0.1438,0.8544,0.0033,0.0029
5,FakeManilaV2,36,4,408,0.1446,0.8535,0.0008,0.0009
5,FakeManilaV2,36,5,510,0.1549,0.843,0.0103,0.0105
5,FakeManilaV2,36,6,612,0.1699,0.8282,0.015,0.0148
5,FakeManilaV2,36,7,714,0.1807,0.8174,0.0107,0.0108
5,FakeManilaV2,36,8,816,0.1887,0.8096,0.0081,0.0078
5,FakeManilaV2,36,9,918,0.1841,0.8148,0.0046,0.0052
5,FakeManilaV2,36,10,1024,0.1855,0.8134,0.0015,0.0014
5,FakeManilaV2,37,1,102,0.1863,0.8135,1.0,1.0
5,FakeManilaV2,37,2,204,0.1814,0.816,0.0049,0.0025
5,FakeManilaV2,37,3,306,0.1863,0.8125,0.0049,0.0034
5,FakeManilaV2,37,4,408,0.1936,0.8058,0.0074,0.0067
5,FakeManilaV2,37,5,510,0.1922,0.8075,0.0015,0.0017
5,FakeManilaV2,37,6,612,0.1944,0.8045,0.0023,0.003
5,FakeManilaV2,37,7,714,0.1849,0.8146,0.0096,0.01
5,FakeManilaV2,37,8,816,0.1936,0.8061,0.0088,0.0085
5,FakeManilaV2,37,9,918,0.1885,0.8106,0.0052,0.0045
5,FakeManilaV2,37,10,1024,0.1855,0.814,0.0029,0.0034
5,FakeManilaV2,38,1,102,0.2157,0.7843,1.0,1.0
5,FakeManilaV2,38,2,204,0.1961,0.8039,0.0196,0.0196
5,FakeManilaV2,38,3,306,0.1961,0.8039,0.0,0.0
5,FakeManilaV2,38,4,408,0.201,0.799,0.0049,0.0049
5,FakeManilaV2,38,5,510,0.1941,0.8056,0.0069,0.0066
5,FakeManilaV2,38,6,612,0.1928,0.8065,0.0013,0.0009
5,FakeManilaV2,38,7,714,0.1933,0.8066,0.0005,0.0001
5,FakeManilaV2,38,8,816,0.1924,0.8076,0.0009,0.0009
5,FakeManilaV2,38,9,918,0.1874,0.8126,0.005,0.005
5,FakeManilaV2,38,10,1024,0.1895,0.8105,0.0021,0.0021
5,FakeManilaV2,39,1,102,0.1961,0.802,1.0,1.0
5,FakeManilaV2,39,2,204,0.1814,0.8184,0.0147,0.0164
5,FakeManilaV2,39,3,306,0.1895,0.8104,0.0082,0.008
5,FakeManilaV2,39,4,408,0.1814,0.8185,0.0082,0.0081
5,FakeManilaV2,39,5,510,0.1765,0.8235,0.0049,0.005
5,FakeManilaV2,39,6,612,0.1863,0.8136,0.0098,0.0098
5,FakeManilaV2,39,7,714,0.1835,0.8164,0.0028,0.0027
5,FakeManilaV2,39,8,816,0.1912,0.8088,0.0077,0.0076
5,FakeManilaV2,39,9,918,0.1983,0.8017,0.0071,0.0071
5,FakeManilaV2,39,10,1024,0.1973,0.8027,0.001,0.001
5,FakeManilaV2,40,1,102,0.2157,0.7823,1.0,1.0
5,FakeManilaV2,40,2,204,0.1912,0.8082,0.0245,0.0259
5,FakeManilaV2,40,3,306,0.2026,0.7958,0.0114,0.0125
5,FakeManilaV2,40,4,408,0.201,0.7981,0.0016,0.0023
5,FakeManilaV2,40,5,510,0.2098,0.789,0.0088,0.0091
5,FakeManilaV2,40,6,612,0.201,0.798,0.0088,0.009
5,FakeManilaV2,40,7,714,0.2031,0.796,0.0021,0.002
5,FakeManilaV2,40,8,816,0.2071,0.7922,0.004,0.0038
5,FakeManilaV2,40,9,918,0.2102,0.7889,0.0031,0.0032
5,FakeManilaV2,40,10,1024,0.21,0.7893,0.0003,0.0003
5,FakeManilaV2,41,1,102,0.1863,0.813,1.0,1.0
5,FakeManilaV2,41,2,204,0.1765,0.8217,0.0098,0.0087
5,FakeManilaV2,41,3,306,0.1569,0.8406,0.0196,0.019
5,FakeManilaV2,41,4,408,0.1667,0.8304,0.0098,0.0102
5,FakeManilaV2,41,5,510,0.1922,0.8049,0.0255,0.0256
5,FakeManilaV2,41,6,612,0.1912,0.8079,0.001,0.0031
5,FakeManilaV2,41,7,714,0.1933,0.8058,0.0021,0.0021
5,FakeManilaV2,41,8,816,0.1912,0.808,0.0021,0.0022
5,FakeManilaV2,41,9,918,0.1939,0.8053,0.0027,0.0028
5,FakeManilaV2,41,10,1024,0.1914,0.808,0.0025,0.0028
5,FakeManilaV2,42,1,102,0.1569,0.8431,1.0,1.0
5,FakeManilaV2,42,2,204,0.1961,0.8038,0.0392,0.0393
5,FakeManilaV2,42,3,306,0.1634,0.8363,0.0327,0.0325
5,FakeManilaV2,42,4,408,0.174,0.826,0.0106,0.0103
5,FakeManilaV2,42,5,510,0.1745,0.8255,0.0005,0.0005
5,FakeManilaV2,42,6,612,0.1748,0.8251,0.0003,0.0003
5,FakeManilaV2,42,7,714,0.1667,0.8333,0.0082,0.0082
5,FakeManilaV2,42,8,816,0.1703,0.8293,0.0037,0.004
5,FakeManilaV2,42,9,918,0.1699,0.8295,0.0004,0.0003
5,FakeManilaV2,42,10,1024,0.1699,0.8295,0.0,0.0
5,FakeManilaV2,43,1,102,0.2353,0.7642,1.0,1.0
5,FakeManilaV2,43,2,204,0.201,0.799,0.0343,0.0347
5,FakeManilaV2,43,3,306,0.1928,0.8072,0.0082,0.0082
5,FakeManilaV2,43,4,408,0.1961,0.8034,0.0033,0.0037
5,FakeManilaV2,43,5,510,0.1961,0.8037,0.0,0.0002
5,FakeManilaV2,43,6,612,0.1977,0.802,0.0016,0.0016
5,FakeManilaV2,43,7,714,0.1989,0.8011,0.0012,0.001
5,FakeManilaV2,43,8,816,0.1924,0.8074,0.0065,0.0063
5,FakeManilaV2,43,9,918,0.2026,0.7973,0.0102,0.0101
5,FakeManilaV2,43,10,1024,0.1963,0.8037,0.0063,0.0064
5,FakeManilaV2,44,1,102,0.2745,0.7255,1.0,1.0
5,FakeManilaV2,44,2,204,0.2304,0.7695,0.0441,0.044
5,FakeManilaV2,44,3,306,0.2255,0.7744,0.0049,0.0049
5,FakeManilaV2,44,4,408,0.2157,0.7842,0.0098,0.0098
5,FakeManilaV2,44,5,510,0.2,0.7999,0.0157,0.0157
5,FakeManilaV2,44,6,612,0.2059,0.7941,0.0059,0.0058
5,FakeManilaV2,44,7,714,0.2017,0.798,0.0042,0.0039
5,FakeManilaV2,44,8,816,0.2022,0.7975,0.0005,0.0005
5,FakeManilaV2,44,9,918,0.2092,0.7906,0.0069,0.0069
5,FakeManilaV2,44,10,1024,0.2119,0.7879,0.0028,0.0027
5,FakeManilaV2,45,1,102,0.1471,0.8529,1.0,1.0
5,FakeManilaV2,45,2,204,0.1569,0.8427,0.0098,0.0102
5,FakeManilaV2,45,3,306,0.1667,0.8333,0.0098,0.0094
5,FakeManilaV2,45,4,408,0.1618,0.8382,0.0049,0.005
5,FakeManilaV2,45,5,510,0.1627,0.8373,0.001,0.001
5,FakeManilaV2,45,6,612,0.1683,0.8317,0.0056,0.0056
5,FakeManilaV2,45,7,714,0.1709,0.829,0.0026,0.0027
5,FakeManilaV2,45,8,816,0.1605,0.8389,0.0103,0.0099
5,FakeManilaV2,45,9,918,0.1612,0.8386,0.0007,0.0003
5,FakeManilaV2,45,10,1024,0.166,0.8338,0.0048,0.0048
5,FakeManilaV2,46,1,102,0.1961,0.8028,1.0,1.0
5,FakeManilaV2,46,2,204,0.2108,0.7888,0.0147,0.014
5,FakeManilaV2,46,3,306,0.2026,0.7972,0.0082,0.0083
5,FakeManilaV2,46,4,408,0.201,0.7989,0.0016,0.0017
5,FakeManilaV2,46,5,510,0.1922,0.8075,0.0088,0.0086
5,FakeManilaV2,46,6,612,0.2026,0.7974,0.0105,0.0102
5,FakeManilaV2,46,7,714,0.1975,0.8024,0.0051,0.005
5,FakeManilaV2,46,8,816,0.2034,0.7964,0.006,0.0059
5,FakeManilaV2,46,9,918,0.207,0.793,0.0035,0.0034
5,FakeManilaV2,46,10,1024,0.2031,0.7969,0.0038,0.0038
5,FakeManilaV2,47,1,102,0.2647,0.7353,1.0,1.0
5,FakeManilaV2,47,2,204,0.2353,0.7646,0.0294,0.0293
5,FakeManilaV2,47,3,306,0.2026,0.7955,0.0327,0.0309
5,FakeManilaV2,47,4,408,0.1985,0.7994,0.0041,0.004
5,FakeManilaV2,47,5,510,0.2,0.7995,0.0015,0.0001
5,FakeManilaV2,47,6,612,0.1846,0.8153,0.0154,0.0158
5,FakeManilaV2,47,7,714,0.1835,0.8165,0.0012,0.0012
5,FakeManilaV2,47,8,816,0.1826,0.8174,0.0009,0.0009
5,FakeManilaV2,47,9,918,0.1863,0.8137,0.0037,0.0037
5,FakeManilaV2,47,10,1024,0.1826,0.8174,0.0037,0.0037
5,FakeManilaV2,48,1,102,0.2353,0.7647,1.0,1.0
5,FakeManilaV2,48,2,204,0.2255,0.7744,0.0098,0.0097
5,FakeManilaV2,48,3,306,0.2026,0.7974,0.0229,0.023
5,FakeManilaV2,48,4,408,0.1912,0.8088,0.0114,0.0114
5,FakeManilaV2,48,5,510,0.1961,0.8037,0.0049,0.005
5,FakeManilaV2,48,6,612,0.1895,0.8104,0.0065,0.0067
5,FakeManilaV2,48,7,714,0.1905,0.8093,0.0009,0.0012
5,FakeManilaV2,48,8,816,0.1863,0.8133,0.0042,0.004
5,FakeManilaV2,48,9,918,0.1874,0.8124,0.0011,0.0009
5,FakeManilaV2,48,10,1024,0.1953,0.8045,0.0079,0.0079
5,FakeManilaV2,49,1,102,0.2157,0.7812,1.0,1.0
5,FakeManilaV2,49,2,204,0.1618,0.8377,0.0539,0.0564
5,FakeManilaV2,49,3,306,0.1536,0.8461,0.0082,0.0085
5,FakeManilaV2,49,4,408,0.1691,0.8307,0.0155,0.0155
5,FakeManilaV2,49,5,510,0.1627,0.8372,0.0064,0.0066
5,FakeManilaV2,49,6,612,0.1585,0.8415,0.0042,0.0042
5,FakeManilaV2,49,7,714,0.1681,0.8317,0.0096,0.0097
5,FakeManilaV2,49,8,816,0.174,0.8258,0.006,0.0059
5,FakeManilaV2,49,9,918,0.1819,0.818,0.0079,0.0078
5,FakeManilaV2,49,10,1024,0.1836,0.8162,0.0017,0.0018
5,FakeManilaV2,50,1,102,0.2549,0.7439,1.0,1.0
5,FakeManilaV2,50,2,204,0.2549,0.7451,0.0,0.0011
5,FakeManilaV2,50,3,306,0.2451,0.7547,0.0098,0.0097
5,FakeManilaV2,50,4,408,0.2328,0.7671,0.0123,0.0124
5,FakeManilaV2,50,5,510,0.2412,0.7585,0.0083,0.0087
5,FakeManilaV2,50,6,612,0.2549,0.7451,0.0137,0.0134
5,FakeManilaV2,50,7,714,0.2437,0.7563,0.0112,0.0112
5,FakeManilaV2,50,8,816,0.2377,0.7622,0.006,0.0059
5,FakeManilaV2,50,9,918,0.232,0.7679,0.0057,0.0057
5,FakeManilaV2,50,10,1024,0.2207,0.7793,0.0113,0.0114
5,FakeManilaV2,51,1,102,0.2647,0.7337,1.0,1.0
5,FakeManilaV2,51,2,204,0.2696,0.7303,0.0049,0.0034
5,FakeManilaV2,51,3,306,0.268,0.732,0.0016,0.0017
5,FakeManilaV2,51,4,408,0.2598,0.7401,0.0082,0.008
5,FakeManilaV2,51,5,510,0.249,0.7509,0.0108,0.0109
5,FakeManilaV2,51,6,612,0.2435,0.7565,0.0056,0.0055
5,FakeManilaV2,51,7,714,0.2311,0.7689,0.0124,0.0124
5,FakeManilaV2,51,8,816,0.2328,0.767,0.0018,0.0018
5,FakeManilaV2,51,9,918,0.2233,0.7764,0.0095,0.0094
5,FakeManilaV2,51,10,1024,0.2197,0.7798,0.0036,0.0034
5,FakeManilaV2,52,1,102,0.2255,0.7742,1.0,1.0
5,FakeManilaV2,52,2,204,0.2108,0.7886,0.0147,0.0144
5,FakeManilaV2,52,3,306,0.2092,0.7907,0.0016,0.0021
5,FakeManilaV2,52,4,408,0.223,0.7769,0.0139,0.0138
5,FakeManilaV2,52,5,510,0.2314,0.7686,0.0083,0.0083
5,FakeManilaV2,52,6,612,0.2288,0.7711,0.0026,0.0025
5,FakeManilaV2,52,7,714,0.2283,0.7715,0.0005,0.0004
5,FakeManilaV2,52,8,816,0.2255,0.7744,0.0028,0.0029
5,FakeManilaV2,52,9,918,0.2244,0.7756,0.0011,0.0011
5,FakeManilaV2,52,10,1024,0.2217,0.7783,0.0027,0.0027
5,FakeManilaV2,53,1,102,0.1863,0.8113,1.0,1.0
5,FakeManilaV2,53,2,204,0.1471,0.8527,0.0392,0.0414
5,FakeManilaV2,53,3,306,0.1536,0.8461,0.0065,0.0065
5,FakeManilaV2,53,4,408,0.1789,0.8211,0.0253,0.0251
5,FakeManilaV2,53,5,510,0.1804,0.8195,0.0015,0.0015
5,FakeManilaV2,53,6,612,0.1765,0.8235,0.0039,0.004
5,FakeManilaV2,53,7,714,0.1793,0.8207,0.0028,0.0028
5,FakeManilaV2,53,8,816,0.1814,0.8186,0.0021,0.0021
5,FakeManilaV2,53,9,918,0.1808,0.8192,0.0005,0.0005
5,FakeManilaV2,53,10,1024,0.1807,0.8193,0.0002,0.0001
5,FakeManilaV2,54,1,102,0.1569,0.8431,1.0,1.0
5,FakeManilaV2,54,2,204,0.1765,0.8225,0.0196,0.0207
5,FakeManilaV2,54,3,306,0.1863,0.8125,0.0098,0.0099
5,FakeManilaV2,54,4,408,0.1789,0.8207,0.0074,0.0081
5,FakeManilaV2,54,5,510,0.1824,0.8174,0.0034,0.0032
5,FakeManilaV2,54,6,612,0.1846,0.8148,0.0023,0.0026
5,FakeManilaV2,54,7,714,0.1877,0.8122,0.003,0.0026
5,FakeManilaV2,54,8,816,0.1875,0.8123,0.0002,0.0001
5,FakeManilaV2,54,9,918,0.1852,0.8148,0.0023,0.0025
5,FakeManilaV2,54,10,1024,0.1914,0.8086,0.0062,0.0062
5,FakeManilaV2,55,1,102,0.1471,0.8527,1.0,1.0
5,FakeManilaV2,55,2,204,0.1716,0.8284,0.0245,0.0243
5,FakeManilaV2,55,3,306,0.1863,0.812,0.0147,0.0164
5,FakeManilaV2,55,4,408,0.201,0.7977,0.0147,0.0142
5,FakeManilaV2,55,5,510,0.2059,0.7925,0.0049,0.0053
5,FakeManilaV2,55,6,612,0.201,0.7977,0.0049,0.0053
5,FakeManilaV2,55,7,714,0.2045,0.7953,0.0035,0.0024
5,FakeManilaV2,55,8,816,0.2059,0.7939,0.0014,0.0014
5,FakeManilaV2,55,9,918,0.2048,0.7951,0.0011,0.0012
5,FakeManilaV2,55,10,1024,0.2061,0.7938,0.0013,0.0013
5,FakeManilaV2,56,1,102,0.1373,0.8617,1.0,1.0
5,FakeManilaV2,56,2,204,0.1569,0.8431,0.0196,0.0186
5,FakeManilaV2,56,3,306,0.1797,0.8202,0.0229,0.0229
5,FakeManilaV2,56,4,408,0.1985,0.8015,0.0188,0.0187
5,FakeManilaV2,56,5,510,0.2157,0.7841,0.0172,0.0173
5,FakeManilaV2,56,6,612,0.2157,0.7843,0.0,0.0001
5,FakeManilaV2,56,7,714,0.2143,0.7854,0.0014,0.0011
5,FakeManilaV2,56,8,816,0.2083,0.7912,0.006,0.0058
5,FakeManilaV2,56,9,918,0.2015,0.7981,0.0068,0.0069
5,FakeManilaV2,56,10,1024,0.2051,0.7947,0.0036,0.0034
5,FakeManilaV2,57,1,102,0.1471,0.8527,1.0,1.0
5,FakeManilaV2,57,2,204,0.1618,0.8381,0.0147,0.0146
5,FakeManilaV2,57,3,306,0.1765,0.8233,0.0147,0.0147
5,FakeManilaV2,57,4,408,0.1789,0.8205,0.0025,0.0028
5,FakeManilaV2,57,5,510,0.1784,0.8213,0.0005,0.0008
5,FakeManilaV2,57,6,612,0.1797,0.82,0.0013,0.0013
5,FakeManilaV2,57,7,714,0.1821,0.8178,0.0023,0.0022
5,FakeManilaV2,57,8,816,0.1789,0.8211,0.0032,0.0033
5,FakeManilaV2,57,9,918,0.1841,0.8159,0.0052,0.0052
5,FakeManilaV2,57,10,1024,0.1924,0.8076,0.0083,0.0083
5,FakeManilaV2,58,1,102,0.2059,0.7872,1.0,1.0
5,FakeManilaV2,58,2,204,0.2108,0.7888,0.0049,0.0016
5,FakeManilaV2,58,3,306,0.2157,0.7843,0.0049,0.0046
5,FakeManilaV2,58,4,408,0.1936,0.8063,0.0221,0.022
5,FakeManilaV2,58,5,510,0.1902,0.8096,0.0034,0.0033
5,FakeManilaV2,58,6,612,0.1961,0.8039,0.0059,0.0057
5,FakeManilaV2,58,7,714,0.1989,0.8009,0.0028,0.003
5,FakeManilaV2,58,8,816,0.1875,0.8121,0.0114,0.0112
5,FakeManilaV2,58,9,918,0.1863,0.8128,0.0012,0.0007
5,FakeManilaV2,58,10,1024,0.1816,0.8178,0.0046,0.0051
5,FakeManilaV2,59,1,102,0.2157,0.7842,1.0,1.0
5,FakeManilaV2,59,2,204,0.1814,0.8186,0.0343,0.0344
5,FakeManilaV2,59,3,306,0.1961,0.8039,0.0147,0.0148
5,FakeManilaV2,59,4,408,0.1814,0.8186,0.0147,0.0147
5,FakeManilaV2,59,5,510,0.1922,0.8078,0.0108,0.0107
5,FakeManilaV2,59,6,612,0.2059,0.7941,0.0137,0.0137
5,FakeManilaV2,59,7,714,0.2087,0.7912,0.0028,0.0029
5,FakeManilaV2,59,8,816,0.2083,0.7916,0.0004,0.0004
5,FakeManilaV2,59,9,918,0.2059,0.7941,0.0025,0.0025
5,FakeManilaV2,59,10,1024,0.1992,0.8008,0.0067,0.0067
5,FakeManilaV2,60,1,102,0.1863,0.8113,1.0,1.0
5,FakeManilaV2,60,2,204,0.1961,0.8034,0.0098,0.0079
5,FakeManilaV2,60,3,306,0.1699,0.8301,0.0261,0.0266
5,FakeManilaV2,60,4,408,0.1691,0.8307,0.0008,0.0007
5,FakeManilaV2,60,5,510,0.1647,0.8346,0.0044,0.0039
5,FakeManilaV2,60,6,612,0.1814,0.818,0.0167,0.0166
5,FakeManilaV2,60,7,714,0.1849,0.8145,0.0035,0.0035
5,FakeManilaV2,60,8,816,0.1887,0.8107,0.0039,0.0038
5,FakeManilaV2,60,9,918,0.1852,0.8144,0.0035,0.0037
5,FakeManilaV2,60,10,1024,0.1865,0.8131,0.0013,0.0013
5,FakeManilaV2,61,1,102,0.1275,0.8679,1.0,1.0
5,FakeManilaV2,61,2,204,0.1667,0.8331,0.0392,0.0348
5,FakeManilaV2,61,3,306,0.1667,0.8331,0.0,0.0
5,FakeManilaV2,61,4,408,0.1691,0.8304,0.0025,0.0027
5,FakeManilaV2,61,5,510,0.1765,0.8232,0.0074,0.0071
5,FakeManilaV2,61,6,612,0.1699,0.8299,0.0065,0.0066
5,FakeManilaV2,61,7,714,0.1695,0.8304,0.0005,0.0006
5,FakeManilaV2,61,8,816,0.1667,0.8332,0.0028,0.0028
5,FakeManilaV2,61,9,918,0.1667,0.8333,0.0,0.0
5,FakeManilaV2,61,10,1024,0.1758,0.8242,0.0091,0.0091
5,FakeManilaV2,62,1,102,0.1863,0.807,1.0,1.0
5,FakeManilaV2,62,2,204,0.1765,0.8193,0.0098,0.0123
5,FakeManilaV2,62,3,306,0.183,0.8165,0.0065,0.0028
5,FakeManilaV2,62,4,408,0.1716,0.8272,0.0114,0.0107
5,FakeManilaV2,62,5,510,0.1667,0.8324,0.0049,0.0052
5,FakeManilaV2,62,6,612,0.165,0.8337,0.0016,0.0014
5,FakeManilaV2,62,7,714,0.1611,0.8376,0.004,0.0039
5,FakeManilaV2,62,8,816,0.1605,0.8391,0.0005,0.0014
5,FakeManilaV2,62,9,918,0.1547,0.8452,0.0059,0.0061
5,FakeManilaV2,62,10,1024,0.1602,0.8394,0.0055,0.0058
5,FakeManilaV2,63,1,102,0.1961,0.8028,1.0,1.0
5,FakeManilaV2,63,2,204,0.2304,0.7696,0.0343,0.0332
5,FakeManilaV2,63,3,306,0.2288,0.7712,0.0016,0.0016
5,FakeManilaV2,63,4,408,0.2083,0.7916,0.0204,0.0204
5,FakeManilaV2,63,5,510,0.1882,0.8118,0.0201,0.0201
5,FakeManilaV2,63,6,612,0.1863,0.8137,0.002,0.002
5,FakeManilaV2,63,7,714,0.1933,0.8067,0.007,0.007
5,FakeManilaV2,63,8,816,0.1924,0.8075,0.0009,0.0008
5,FakeManilaV2,63,9,918,0.1928,0.8071,0.0004,0.0004
5,FakeManilaV2,63,10,1024,0.1943,0.8054,0.0015,0.0017
5,FakeManilaV2,64,1,102,0.2549,0.7419,1.0,1.0
5,FakeManilaV2,64,2,204,0.201,0.799,0.0539,0.0572
5,FakeManilaV2,64,3,306,0.2124,0.7876,0.0114,0.0114
5,FakeManilaV2,64,4,408,0.2181,0.7818,0.0057,0.0058
5,FakeManilaV2,64,5,510,0.2078,0.7921,0.0103,0.0103
5,FakeManilaV2,64,6,612,0.2026,0.7974,0.0052,0.0053
5,FakeManilaV2,64,7,714,0.2045,0.7955,0.0019,0.0019
5,FakeManilaV2,64,8,816,0.2034,0.7965,0.0011,0.001
5,FakeManilaV2,64,9,918,0.195,0.805,0.0084,0.0085
5,FakeManilaV2,64,10,1024,0.1934,0.8066,0.0016,0.0016
5,FakeManilaV2,65,1,102,0.1961,0.8039,1.0,1.0
5,FakeManilaV2,65,2,204,0.2255,0.7742,0.0294,0.0297
5,FakeManilaV2,65,3,306,0.2092,0.7908,0.0163,0.0166
5,FakeManilaV2,65,4,408,0.2108,0.7892,0.0016,0.0016
5,FakeManilaV2,65,5,510,0.2137,0.7863,0.0029,0.0029
5,FakeManilaV2,65,6,612,0.2124,0.7876,0.0013,0.0013
5,FakeManilaV2,65,7,714,0.2157,0.7842,0.0033,0.0034
5,FakeManilaV2,65,8,816,0.2145,0.7849,0.0012,0.0007
5,FakeManilaV2,65,9,918,0.2146,0.7848,0.0001,0.0001
5,FakeManilaV2,65,10,1024,0.2168,0.7826,0.0022,0.0022
5,FakeManilaV2,66,1,102,0.2157,0.7812,1.0,1.0
5,FakeManilaV2,66,2,204,0.1912,0.8088,0.0245,0.0276
5,FakeManilaV2,66,3,306,0.1863,0.8136,0.0049,0.0048
5,FakeManilaV2,66,4,408,0.1814,0.8182,0.0049,0.0045
5,FakeManilaV2,66,5,510,0.1882,0.8117,0.0069,0.0064
5,FakeManilaV2,66,6,612,0.1879,0.8121,0.0003,0.0003
5,FakeManilaV2,66,7,714,0.1891,0.8103,0.0012,0.0017
5,FakeManilaV2,66,8,816,0.1789,0.8205,0.0102,0.0102
5,FakeManilaV2,66,9,918,0.1819,0.8175,0.003,0.003
5,FakeManilaV2,66,10,1024,0.1816,0.818,0.0003,0.0005
5,FakeManilaV2,67,1,102,0.1863,0.8123,1.0,1.0
5,FakeManilaV2,67,2,204,0.1814,0.817,0.0049,0.0047
5,FakeManilaV2,67,3,306,0.2288,0.7707,0.0474,0.0462
5,FakeManilaV2,67,4,408,0.2157,0.7843,0.0131,0.0136
5,FakeManilaV2,67,5,510,0.1961,0.8039,0.0196,0.0196
5,FakeManilaV2,67,6,612,0.1928,0.807,0.0033,0.0031
5,FakeManilaV2,67,7,714,0.1891,0.8108,0.0037,0.0038
5,FakeManilaV2,67,8,816,0.1875,0.8124,0.0016,0.0016
5,FakeManilaV2,67,9,918,0.1874,0.8126,0.0001,0.0002
5,FakeManilaV2,67,10,1024,0.1855,0.8144,0.0018,0.0018
5,FakeManilaV2,68,1,102,0.1961,0.8039,1.0,1.0
5,FakeManilaV2,68,2,204,0.2059,0.7917,0.0098,0.0123
5,FakeManilaV2,68,3,306,0.1895,0.81,0.0163,0.0183
5,FakeManilaV2,68,4,408,0.2059,0.794,0.0163,0.0159
5,FakeManilaV2,68,5,510,0.2078,0.7921,0.002,0.0019
5,FakeManilaV2,68,6,612,0.1944,0.8056,0.0134,0.0134
5,FakeManilaV2,68,7,714,0.1975,0.8025,0.003,0.0031
5,FakeManilaV2,68,8,816,0.1985,0.8015,0.0011,0.001
5,FakeManilaV2,68,9,918,0.1895,0.8104,0.009,0.009
5,FakeManilaV2,68,10,1024,0.1895,0.8105,0.0001,0.0001
5,FakeManilaV2,69,1,102,0.2353,0.7642,1.0,1.0
5,FakeManilaV2,69,2,204,0.2255,0.7744,0.0098,0.0102
5,FakeManilaV2,69,3,306,0.2288,0.771,0.0033,0.0034
5,FakeManilaV2,69,4,408,0.2181,0.7818,0.0106,0.0108
5,FakeManilaV2,69,5,510,0.2157,0.7837,0.0025,0.0019
5,FakeManilaV2,69,6,612,0.2157,0.7839,0.0,0.0002
5,FakeManilaV2,69,7,714,0.2185,0.7815,0.0028,0.0024
5,FakeManilaV2,69,8,816,0.2145,0.7854,0.004,0.0039
5,FakeManilaV2,69,9,918,0.2102,0.7897,0.0042,0.0043
5,FakeManilaV2,69,10,1024,0.208,0.7919,0.0022,0.0022
5,FakeManilaV2,70,1,102,0.1667,0.8333,1.0,1.0
5,FakeManilaV2,70,2,204,0.1765,0.8217,0.0098,0.0116
5,FakeManilaV2,70,3,306,0.183,0.8148,0.0065,0.0069
5,FakeManilaV2,70,4,408,0.1691,0.8294,0.0139,0.0146
5,FakeManilaV2,70,5,510,0.1725,0.8264,0.0034,0.003
5,FakeManilaV2,70,6,612,0.1732,0.8263,0.0007,0.0002
5,FakeManilaV2,70,7,714,0.1891,0.8105,0.0159,0.0157
5,FakeManilaV2,70,8,816,0.1912,0.8087,0.0021,0.0018
5,FakeManilaV2,70,9,918,0.1972,0.8028,0.006,0.0059
5,FakeManilaV2,70,10,1024,0.1992,0.8007,0.0021,0.0021
5,FakeManilaV2,71,1,102,0.2059,0.7938,1.0,1.0
5,FakeManilaV2,71,2,204,0.1961,0.8039,0.0098,0.01
5,FakeManilaV2,71,3,306,0.2157,0.7842,0.0196,0.0197
5,FakeManilaV2,71,4,408,0.2034,0.7965,0.0123,0.0123
5,FakeManilaV2,71,5,510,0.2059,0.7941,0.0025,0.0024
5,FakeManilaV2,71,6,612,0.1993,0.8006,0.0065,0.0065
5,FakeManilaV2,71,7,714,0.1947,0.8052,0.0047,0.0046
5,FakeManilaV2,71,8,816,0.1924,0.8074,0.0023,0.0022
5,FakeManilaV2,71,9,918,0.1863,0.8135,0.0061,0.0061
5,FakeManilaV2,71,10,1024,0.1846,0.8153,0.0017,0.0018
5,FakeManilaV2,72,1,102,0.2059,0.7926,1.0,1.0
5,FakeManilaV2,72,2,204,0.2206,0.7788,0.0147,0.0138
5,FakeManilaV2,72,3,306,0.219,0.7798,0.0016,0.001
5,FakeManilaV2,72,4,408,0.2059,0.7935,0.0131,0.0137
5,FakeManilaV2,72,5,510,0.2,0.7999,0.0059,0.0064
5,FakeManilaV2,72,6,612,0.1928,0.8071,0.0072,0.0072
5,FakeManilaV2,72,7,714,0.1849,0.8151,0.0079,0.008
5,FakeManilaV2,72,8,816,0.1924,0.8074,0.0075,0.0076
5,FakeManilaV2,72,9,918,0.1906,0.8093,0.0018,0.0018
5,FakeManilaV2,72,10,1024,0.1982,0.8015,0.0076,0.0078
5,FakeManilaV2,73,1,102,0.1471,0.8527,1.0,1.0
5,FakeManilaV2,73,2,204,0.1275,0.8716,0.0196,0.0189
5,FakeManilaV2,73,3,306,0.1569,0.8429,0.0294,0.0286
5,FakeManilaV2,73,4,408,0.1667,0.8319,0.0098,0.011
5,FakeManilaV2,73,5,510,0.1882,0.8107,0.0216,0.0212
5,FakeManilaV2,73,6,612,0.1961,0.8035,0.0078,0.0072
5,FakeManilaV2,73,7,714,0.2003,0.7991,0.0042,0.0045
5,FakeManilaV2,73,8,816,0.19,0.8098,0.0103,0.0107
5,FakeManilaV2,73,9,918,0.1906,0.8092,0.0007,0.0005
5,FakeManilaV2,73,10,1024,0.1904,0.8095,0.0002,0.0002
5,FakeManilaV2,74,1,102,0.1176,0.8806,1.0,1.0
5,FakeManilaV2,74,2,204,0.1324,0.8671,0.0147,0.0135
5,FakeManilaV2,74,3,306,0.1536,0.8444,0.0212,0.0227
5,FakeManilaV2,74,4,408,0.1593,0.8387,0.0057,0.0057
5,FakeManilaV2,74,5,510,0.1608,0.8377,0.0015,0.001
5,FakeManilaV2,74,6,612,0.1683,0.8305,0.0075,0.0073
5,FakeManilaV2,74,7,714,0.1751,0.8244,0.0068,0.0061
5,FakeManilaV2,74,8,816,0.1801,0.8192,0.0051,0.0051
5,FakeManilaV2,74,9,918,0.1786,0.821,0.0015,0.0018
5,FakeManilaV2,74,10,1024,0.1807,0.8188,0.002,0.0021
5,FakeManilaV2,75,1,102,0.2549,0.7475,1.0,1.0
5,FakeManilaV2,75,2,204,0.2059,0.7917,0.049,0.0442
5,FakeManilaV2,75,3,306,0.2255,0.7741,0.0196,0.0176
5,FakeManilaV2,75,4,408,0.2279,0.7714,0.0025,0.0027
5,FakeManilaV2,75,5,510,0.2196,0.7802,0.0083,0.0088
5,FakeManilaV2,75,6,612,0.2124,0.7874,0.0072,0.0072
5,FakeManilaV2,75,7,714,0.2045,0.7954,0.0079,0.0081
5,FakeManilaV2,75,8,816,0.2071,0.7929,0.0026,0.0025
5,FakeManilaV2,75,9,918,0.2059,0.7941,0.0012,0.0012
5,FakeManilaV2,75,10,1024,0.1963,0.8037,0.0096,0.0096
5,FakeManilaV2,76,1,102,0.1961,0.802,1.0,1.0
5,FakeManilaV2,76,2,204,0.1814,0.8186,0.0147,0.0166
5,FakeManilaV2,76,3,306,0.1765,0.8235,0.0049,0.0049
5,FakeManilaV2,76,4,408,0.1642,0.8354,0.0123,0.0119
5,FakeManilaV2,76,5,510,0.1627,0.8371,0.0015,0.0017
5,FakeManilaV2,76,6,612,0.1601,0.8399,0.0026,0.0028
5,FakeManilaV2,76,7,714,0.1639,0.836,0.0037,0.0038
5,FakeManilaV2,76,8,816,0.1642,0.8358,0.0004,0.0003
5,FakeManilaV2,76,9,918,0.1699,0.83,0.0057,0.0058
5,FakeManilaV2,76,10,1024,0.167,0.833,0.0029,0.003
5,FakeManilaV2,77,1,102,0.1765,0.8235,1.0,1.0
5,FakeManilaV2,77,2,204,0.1961,0.8038,0.0196,0.0197
5,FakeManilaV2,77,3,306,0.2157,0.7838,0.0196,0.02
5,FakeManilaV2,77,4,408,0.1936,0.8063,0.0221,0.0225
5,FakeManilaV2,77,5,510,0.202,0.7977,0.0083,0.0086
5,FakeManilaV2,77,6,612,0.1944,0.8049,0.0075,0.0072
5,FakeManilaV2,77,7,714,0.1807,0.8185,0.0138,0.0136
5,FakeManilaV2,77,8,816,0.1801,0.8188,0.0005,0.0003
5,FakeManilaV2,77,9,918,0.1786,0.8207,0.0015,0.0018
5,FakeManilaV2,77,10,1024,0.1748,0.8246,0.0038,0.004
5,FakeManilaV2,78,1,102,0.2059,0.7938,1.0,1.0
5,FakeManilaV2,78,2,204,0.201,0.799,0.0049,0.0051
5,FakeManilaV2,78,3,306,0.1993,0.8007,0.0016,0.0017
5,FakeManilaV2,78,4,408,0.1863,0.8137,0.0131,0.0131
5,FakeManilaV2,78,5,510,0.1902,0.8097,0.0039,0.0041
5,FakeManilaV2,78,6,612,0.1879,0.812,0.0023,0.0023
5,FakeManilaV2,78,7,714,0.1905,0.8092,0.0026,0.0028
5,FakeManilaV2,78,8,816,0.1949,0.805,0.0044,0.0042
5,FakeManilaV2,78,9,918,0.1939,0.8059,0.001,0.0009
5,FakeManilaV2,78,10,1024,0.2021,0.7978,0.0082,0.0081
5,FakeManilaV2,79,1,102,0.1765,0.8235,1.0,1.0
5,FakeManilaV2,79,2,204,0.1618,0.8382,0.0147,0.0147
5,FakeManilaV2,79,3,306,0.183,0.8154,0.0212,0.0228
5,FakeManilaV2,79,4,408,0.1814,0.8179,0.0016,0.0025
5,FakeManilaV2,79,5,510,0.1784,0.8215,0.0029,0.0036
5,FakeManilaV2,79,6,612,0.1879,0.8121,0.0095,0.0095
5,FakeManilaV2,79,7,714,0.1905,0.8095,0.0026,0.0026
5,FakeManilaV2,79,8,816,0.1949,0.8051,0.0044,0.0044
5,FakeManilaV2,79,9,918,0.1972,0.8028,0.0023,0.0023
5,FakeManilaV2,79,10,1024,0.1973,0.8027,0.0001,0.0001
5,FakeManilaV2,80,1,102,0.1667,0.8326,1.0,1.0
5,FakeManilaV2,80,2,204,0.201,0.7977,0.0343,0.0349
5,FakeManilaV2,80,3,306,0.1895,0.8096,0.0114,0.0119
5,FakeManilaV2,80,4,408,0.1912,0.8083,0.0016,0.0013
5,FakeManilaV2,80,5,510,0.1961,0.8032,0.0049,0.0051
5,FakeManilaV2,80,6,612,0.2092,0.7901,0.0131,0.0131
5,FakeManilaV2,80,7,714,0.2073,0.7924,0.0019,0.0023
5,FakeManilaV2,80,8,816,0.2047,0.7949,0.0026,0.0025
5,FakeManilaV2,80,9,918,0.2059,0.794,0.0012,0.0009
5,FakeManilaV2,80,10,1024,0.2041,0.7958,0.0018,0.0019
5,FakeManilaV2,81,1,102,0.1078,0.8915,1.0,1.0
5,FakeManilaV2,81,2,204,0.1618,0.837,0.0539,0.0545
5,FakeManilaV2,81,3,306,0.1993,0.7997,0.0376,0.0373
5,FakeManilaV2,81,4,408,0.2206,0.7793,0.0212,0.0203
5,FakeManilaV2,81,5,510,0.2275,0.7725,0.0069,0.0069
5,FakeManilaV2,81,6,612,0.232,0.768,0.0046,0.0045
5,FakeManilaV2,81,7,714,0.2269,0.7731,0.0051,0.0051
5,FakeManilaV2,81,8,816,0.2206,0.7793,0.0063,0.0062
5,FakeManilaV2,81,9,918,0.2081,0.7918,0.0125,0.0125
5,FakeManilaV2,81,10,1024,0.2051,0.7949,0.003,0.0031
5,FakeManilaV2,82,1,102,0.1765,0.8193,1.0,1.0
5,FakeManilaV2,82,2,204,0.1716,0.8268,0.0049,0.0075
5,FakeManilaV2,82,3,306,0.183,0.8159,0.0114,0.0109
5,FakeManilaV2,82,4,408,0.1838,0.8156,0.0008,0.0003
5,FakeManilaV2,82,5,510,0.1765,0.8235,0.0074,0.0079
5,FakeManilaV2,82,6,612,0.1748,0.8249,0.0016,0.0014
5,FakeManilaV2,82,7,714,0.1849,0.8151,0.01,0.0098
5,FakeManilaV2,82,8,816,0.19,0.81,0.0051,0.0051
5,FakeManilaV2,82,9,918,0.1928,0.8072,0.0029,0.0028
5,FakeManilaV2,82,10,1024,0.1934,0.8066,0.0005,0.0005
5,FakeManilaV2,83,1,102,0.1569,0.843,1.0,1.0
5,FakeManilaV2,83,2,204,0.1863,0.8137,0.0294,0.0293
5,FakeManilaV2,83,3,306,0.183,0.8169,0.0033,0.0032
5,FakeManilaV2,83,4,408,0.1985,0.8012,0.0155,0.0156
5,FakeManilaV2,83,5,510,0.1843,0.8151,0.0142,0.0139
5,FakeManilaV2,83,6,612,0.1814,0.8183,0.0029,0.0032
5,FakeManilaV2,83,7,714,0.1765,0.8231,0.0049,0.0049
5,FakeManilaV2,83,8,816,0.1777,0.8219,0.0012,0.0012
5,FakeManilaV2,83,9,918,0.1819,0.8175,0.0042,0.0044
5,FakeManilaV2,83,10,1024,0.1787,0.8211,0.0032,0.0035
5,FakeManilaV2,84,1,102,0.1961,0.8034,1.0,1.0
5,FakeManilaV2,84,2,204,0.1765,0.8235,0.0196,0.0201
5,FakeManilaV2,84,3,306,0.1471,0.8526,0.0294,0.029
5,FakeManilaV2,84,4,408,0.1618,0.8382,0.0147,0.0143
5,FakeManilaV2,84,5,510,0.1667,0.8331,0.0049,0.0052
5,FakeManilaV2,84,6,612,0.1797,0.8203,0.0131,0.0128
5,FakeManilaV2,84,7,714,0.1807,0.8193,0.0009,0.001
5,FakeManilaV2,84,8,816,0.1752,0.8247,0.0054,0.0055
5,FakeManilaV2,84,9,918,0.1808,0.8191,0.0056,0.0056
5,FakeManilaV2,84,10,1024,0.1846,0.8153,0.0037,0.0039
5,FakeManilaV2,85,1,102,0.1078,0.89,1.0,1.0
5,FakeManilaV2,85,2,204,0.1324,0.8665,0.0245,0.0235
5,FakeManilaV2,85,3,306,0.1699,0.8292,0.0376,0.0372
5,FakeManilaV2,85,4,408,0.1618,0.8368,0.0082,0.0076
5,FakeManilaV2,85,5,510,0.1686,0.8307,0.0069,0.0061
5,FakeManilaV2,85,6,612,0.1716,0.8278,0.0029,0.003
5,FakeManilaV2,85,7,714,0.1695,0.8302,0.0021,0.0025
5,FakeManilaV2,85,8,816,0.1765,0.8234,0.007,0.0068
5,FakeManilaV2,85,9,918,0.1743,0.8253,0.0022,0.0019
5,FakeManilaV2,85,10,1024,0.1758,0.8237,0.0015,0.0016
5,FakeManilaV2,86,1,102,0.1765,0.8193,1.0,1.0
5,FakeManilaV2,86,2,204,0.1618,0.8381,0.0147,0.0188
5,FakeManilaV2,86,3,306,0.1732,0.8267,0.0114,0.0113
5,FakeManilaV2,86,4,408,0.1814,0.8183,0.0082,0.0084
5,FakeManilaV2,86,5,510,0.1784,0.8211,0.0029,0.0028
5,FakeManilaV2,86,6,612,0.1879,0.8116,0.0095,0.0095
5,FakeManilaV2,86,7,714,0.1835,0.8163,0.0044,0.0047
5,FakeManilaV2,86,8,816,0.1814,0.8186,0.0021,0.0023
5,FakeManilaV2,86,9,918,0.1841,0.8158,0.0027,0.0028
5,FakeManilaV2,86,10,1024,0.1875,0.8124,0.0034,0.0034
5,FakeManilaV2,87,1,102,0.1667,0.8333,1.0,1.0
5,FakeManilaV2,87,2,204,0.1716,0.8284,0.0049,0.0049
5,FakeManilaV2,87,3,306,0.183,0.817,0.0114,0.0114
5,FakeManilaV2,87,4,408,0.1985,0.8014,0.0155,0.0156
5,FakeManilaV2,87,5,510,0.1941,0.8058,0.0044,0.0044
5,FakeManilaV2,87,6,612,0.1912,0.8088,0.0029,0.003
5,FakeManilaV2,87,7,714,0.1891,0.8109,0.0021,0.0021
5,FakeManilaV2,87,8,816,0.185,0.8149,0.004,0.004
5,FakeManilaV2,87,9,918,0.1754,0.8246,0.0097,0.0097
5,FakeManilaV2,87,10,1024,0.1689,0.831,0.0064,0.0064
5,FakeManilaV2,88,1,102,0.2255,0.7707,1.0,1.0
5,FakeManilaV2,88,2,204,0.2059,0.7936,0.0196,0.0229
5,FakeManilaV2,88,3,306,0.2288,0.7712,0.0229,0.0224
5,FakeManilaV2,88,4,408,0.2083,0.7917,0.0204,0.0205
5,FakeManilaV2,88,5,510,0.2176,0.7823,0.0093,0.0093
5,FakeManilaV2,88,6,612,0.2108,0.7891,0.0069,0.0068
5,FakeManilaV2,88,7,714,0.1989,0.8011,0.0119,0.012
5,FakeManilaV2,88,8,816,0.1973,0.8027,0.0016,0.0016
5,FakeManilaV2,88,9,918,0.1983,0.8017,0.001,0.001
5,FakeManilaV2,88,10,1024,0.2041,0.7957,0.0058,0.006
5,FakeManilaV2,89,1,102,0.2059,0.7872,1.0,1.0
5,FakeManilaV2,89,2,204,0.1667,0.8284,0.0392,0.0412
5,FakeManilaV2,89,3,306,0.1797,0.8191,0.0131,0.0093
5,FakeManilaV2,89,4,408,0.1789,0.8193,0.0008,0.0002
5,FakeManilaV2,89,5,510,0.1765,0.8229,0.0025,0.0035
5,FakeManilaV2,89,6,612,0.1895,0.8098,0.0131,0.013
5,FakeManilaV2,89,7,714,0.1905,0.8091,0.0009,0.0007
5,FakeManilaV2,89,8,816,0.1936,0.806,0.0032,0.0031
5,FakeManilaV2,89,9,918,0.1983,0.8013,0.0046,0.0047
5,FakeManilaV2,89,10,1024,0.1934,0.8061,0.0049,0.0049
5,FakeManilaV2,90,1,102,0.1667,0.8331,1.0,1.0
5,FakeManilaV2,90,2,204,0.1765,0.8212,0.0098,0.0119
5,FakeManilaV2,90,3,306,0.1732,0.8263,0.0033,0.0051
5,FakeManilaV2,90,4,408,0.1691,0.8308,0.0041,0.0046
5,FakeManilaV2,90,5,510,0.1667,0.8333,0.0025,0.0025
5,FakeManilaV2,90,6,612,0.165,0.8349,0.0016,0.0016
5,FakeManilaV2,90,7,714,0.1695,0.8305,0.0044,0.0044
5,FakeManilaV2,90,8,816,0.1777,0.8223,0.0082,0.0082
5,FakeManilaV2,90,9,918,0.1797,0.8203,0.002,0.002
5,FakeManilaV2,90,10,1024,0.1807,0.8193,0.0009,0.0009
5,FakeManilaV2,91,1,102,0.1373,0.8617,1.0,1.0
5,FakeManilaV2,91,2,204,0.1912,0.8076,0.0539,0.0542
5,FakeManilaV2,91,3,306,0.2059,0.7917,0.0147,0.0159
5,FakeManilaV2,91,4,408,0.201,0.7975,0.0049,0.0059
5,FakeManilaV2,91,5,510,0.2098,0.7898,0.0088,0.0077
5,FakeManilaV2,91,6,612,0.2092,0.7908,0.0007,0.001
5,FakeManilaV2,91,7,714,0.2157,0.7841,0.0065,0.0067
5,FakeManilaV2,91,8,816,0.2132,0.7863,0.0025,0.0022
5,FakeManilaV2,91,9,918,0.2092,0.7903,0.0041,0.004
5,FakeManilaV2,91,10,1024,0.209,0.7905,0.0002,0.0002
5,FakeManilaV2,92,1,102,0.1275,0.8723,1.0,1.0
5,FakeManilaV2,92,2,204,0.1471,0.8522,0.0196,0.0201
5,FakeManilaV2,92,3,306,0.1503,0.8475,0.0033,0.0047
5,FakeManilaV2,92,4,408,0.1593,0.84,0.009,0.0075
5,FakeManilaV2,92,5,510,0.1745,0.8252,0.0152,0.0148
5,FakeManilaV2,92,6,612,0.1765,0.8235,0.002,0.0018
5,FakeManilaV2,92,7,714,0.1877,0.8123,0.0112,0.0112
5,FakeManilaV2,92,8,816,0.1961,0.8039,0.0084,0.0085
5,FakeManilaV2,92,9,918,0.195,0.805,0.0011,0.0011
5,FakeManilaV2,92,10,1024,0.1934,0.8066,0.0016,0.0017
5,FakeManilaV2,93,1,102,0.1176,0.8814,1.0,1.0
5,FakeManilaV2,93,2,204,0.1667,0.8332,0.049,0.0482
5,FakeManilaV2,93,3,306,0.1765,0.8235,0.0098,0.0097
5,FakeManilaV2,93,4,408,0.1838,0.8162,0.0074,0.0074
5,FakeManilaV2,93,5,510,0.1863,0.8136,0.0025,0.0026
5,FakeManilaV2,93,6,612,0.1814,0.8186,0.0049,0.005
5,FakeManilaV2,93,7,714,0.1793,0.8206,0.0021,0.002
5,FakeManilaV2,93,8,816,0.185,0.8149,0.0058,0.0057
5,FakeManilaV2,93,9,918,0.1895,0.8104,0.0045,0.0045
5,FakeManilaV2,93,10,1024,0.1895,0.8105,0.0001,0.0001
5,FakeManilaV2,94,1,102,0.1863,0.8113,1.0,1.0
5,FakeManilaV2,94,2,204,0.2059,0.7938,0.0196,0.0175
5,FakeManilaV2,94,3,306,0.2092,0.7906,0.0033,0.0032
5,FakeManilaV2,94,4,408,0.2034,0.7966,0.0057,0.0059
5,FakeManilaV2,94,5,510,0.2098,0.79,0.0064,0.0065
5,FakeManilaV2,94,6,612,0.1993,0.8005,0.0105,0.0104
5,FakeManilaV2,94,7,714,0.1905,0.8094,0.0089,0.0089
5,FakeManilaV2,94,8,816,0.19,0.8099,0.0005,0.0005
5,FakeManilaV2,94,9,918,0.1972,0.8026,0.0072,0.0073
5,FakeManilaV2,94,10,1024,0.1982,0.8016,0.0011,0.001
5,FakeManilaV2,95,1,102,0.1765,0.8231,1.0,1.0
5,FakeManilaV2,95,2,204,0.1667,0.8333,0.0098,0.0102
5,FakeManilaV2,95,3,306,0.1765,0.8234,0.0098,0.0099
5,FakeManilaV2,95,4,408,0.174,0.826,0.0025,0.0026
5,FakeManilaV2,95,5,510,0.1882,0.8118,0.0142,0.0142
5,FakeManilaV2,95,6,612,0.1928,0.8072,0.0046,0.0046
5,FakeManilaV2,95,7,714,0.1877,0.8123,0.0051,0.0051
5,FakeManilaV2,95,8,816,0.1912,0.8088,0.0035,0.0035
5,FakeManilaV2,95,9,918,0.1983,0.8017,0.0071,0.0071
5,FakeManilaV2,95,10,1024,0.1953,0.8047,0.0029,0.003
5,FakeManilaV2,96,1,102,0.1961,0.802,1.0,1.0
5,FakeManilaV2,96,2,204,0.1618,0.8382,0.0343,0.0362
5,FakeManilaV2,96,3,306,0.1569,0.8429,0.0049,0.0047
5,FakeManilaV2,96,4,408,0.1863,0.8137,0.0294,0.0293
5,FakeManilaV2,96,5,510,0.2,0.8,0.0137,0.0137
5,FakeManilaV2,96,6,612,0.2108,0.7891,0.0108,0.0108
5,FakeManilaV2,96,7,714,0.2003,0.7993,0.0105,0.0102
5,FakeManilaV2,96,8,816,0.1912,0.8086,0.0091,0.0093
5,FakeManilaV2,96,9,918,0.1972,0.8028,0.006,0.0058
5,FakeManilaV2,96,10,1024,0.2012,0.7988,0.004,0.004
5,FakeManilaV2,97,1,102,0.2157,0.7783,1.0,1.0
5,FakeManilaV2,97,2,204,0.2304,0.7694,0.0147,0.0088
5,FakeManilaV2,97,3,306,0.2353,0.7633,0.0049,0.0061
5,FakeManilaV2,97,4,408,0.2328,0.7667,0.0025,0.0034
5,FakeManilaV2,97,5,510,0.2294,0.7706,0.0034,0.0038
5,FakeManilaV2,97,6,612,0.2304,0.7696,0.001,0.001
5,FakeManilaV2,97,7,714,0.2353,0.7646,0.0049,0.005
5,FakeManilaV2,97,8,816,0.2304,0.7694,0.0049,0.0048
5,FakeManilaV2,97,9,918,0.2298,0.7699,0.0005,0.0005
5,FakeManilaV2,97,10,1024,0.2275,0.7722,0.0023,0.0023
5,FakeManilaV2,98,1,102,0.1471,0.8527,1.0,1.0
5,FakeManilaV2,98,2,204,0.152,0.848,0.0049,0.0047
5,FakeManilaV2,98,3,306,0.1503,0.8496,0.0016,0.0016
5,FakeManilaV2,98,4,408,0.174,0.826,0.0237,0.0236
5,FakeManilaV2,98,5,510,0.1765,0.8235,0.0025,0.0025
5,FakeManilaV2,98,6,612,0.1814,0.8186,0.0049,0.0049
5,FakeManilaV2,98,7,714,0.1849,0.8151,0.0035,0.0036
5,FakeManilaV2,98,8,816,0.1887,0.8111,0.0039,0.004
5,FakeManilaV2,98,9,918,0.1863,0.8137,0.0025,0.0026
5,FakeManilaV2,98,10,1024,0.1846,0.8154,0.0017,0.0018
5,FakeManilaV2,99,1,102,0.1765,0.8225,1.0,1.0
5,FakeManilaV2,99,2,204,0.1667,0.8332,0.0098,0.0107
5,FakeManilaV2,99,3,306,0.1993,0.8001,0.0327,0.0331
5,FakeManilaV2,99,4,408,0.1789,0.8209,0.0204,0.0208
5,FakeManilaV2,99,5,510,0.1824,0.8174,0.0034,0.0035
5,FakeManilaV2,99,6,612,0.1863,0.8136,0.0039,0.0038
5,FakeManilaV2,99,7,714,0.1863,0.8137,0.0,0.0001
5,FakeManilaV2,99,8,816,0.1826,0.8173,0.0037,0.0035
5,FakeManilaV2,99,9,918,0.1819,0.818,0.0007,0.0008
5,FakeManilaV2,99,10,1024,0.1826,0.8173,0.0007,0.0007
5,FakeManilaV2,100,1,102,0.1373,0.861,1.0,1.0
5,FakeManilaV2,100,2,204,0.1667,0.8276,0.0294,0.0333
5,FakeManilaV2,100,3,306,0.1503,0.8441,0.0163,0.0165
5,FakeManilaV2,100,4,408,0.1569,0.8413,0.0065,0.0028
5,FakeManilaV2,100,5,510,0.1667,0.8321,0.0098,0.0092
5,FakeManilaV2,100,6,612,0.1634,0.8361,0.0033,0.004
5,FakeManilaV2,100,7,714,0.1639,0.8355,0.0005,0.0006
5,FakeManilaV2,100,8,816,0.1679,0.8319,0.004,0.0036
5,FakeManilaV2,100,9,918,0.1645,0.8353,0.0034,0.0033
5,FakeManilaV2,100,10,1024,0.1641,0.8357,0.0004,0.0004
5,FakeManilaV2,101,1,102,0.2157,0.7832,1.0,1.0
5,FakeManilaV2,101,2,204,0.1912,0.8042,0.0245,0.0209
5,FakeManilaV2,101,3,306,0.1797,0.8103,0.0114,0.0061
5,FakeManilaV2,101,4,408,0.1936,0.8022,0.0139,0.0081
5,FakeManilaV2,101,5,510,0.1804,0.8171,0.0132,0.0149
5,FakeManilaV2,101,6,612,0.1961,0.802,0.0157,0.0151
5,FakeManilaV2,101,7,714,0.1919,0.8068,0.0042,0.0048
5,FakeManilaV2,101,8,816,0.1924,0.807,0.0005,0.0002
5,FakeManilaV2,101,9,918,0.1885,0.8109,0.0039,0.0039
5,FakeManilaV2,101,10,1024,0.1875,0.812,0.001,0.0012
5,FakeManilaV2,102,1,102,0.1765,0.8235,1.0,1.0
5,FakeManilaV2,102,2,204,0.1471,0.8511,0.0294,0.0276
5,FakeManilaV2,102,3,306,0.1601,0.8379,0.0131,0.0133
5,FakeManilaV2,102,4,408,0.1716,0.8261,0.0114,0.0118
5,FakeManilaV2,102,5,510,0.1725,0.8258,0.001,0.0003
5,FakeManilaV2,102,6,612,0.1732,0.8256,0.0007,0.0001
5,FakeManilaV2,102,7,714,0.1737,0.826,0.0005,0.0004
5,FakeManilaV2,102,8,816,0.1618,0.8379,0.0119,0.0119
5,FakeManilaV2,102,9,918,0.1601,0.8396,0.0016,0.0016
5,FakeManilaV2,102,10,1024,0.166,0.8339,0.0059,0.0056
5,FakeManilaV2,103,1,102,0.1863,0.8137,1.0,1.0
5,FakeManilaV2,103,2,204,0.1961,0.8032,0.0098,0.0105
5,FakeManilaV2,103,3,306,0.2026,0.7963,0.0065,0.0069
5,FakeManilaV2,103,4,408,0.1838,0.8158,0.0188,0.0195
5,FakeManilaV2,103,5,510,0.1843,0.8153,0.0005,0.0005
5,FakeManilaV2,103,6,612,0.1912,0.8087,0.0069,0.0066
5,FakeManilaV2,103,7,714,0.1933,0.8067,0.0021,0.002
5,FakeManilaV2,103,8,816,0.1973,0.8026,0.004,0.0041
5,FakeManilaV2,103,9,918,0.2004,0.7995,0.0031,0.0031
5,FakeManilaV2,103,10,1024,0.2012,0.7988,0.0007,0.0007
5,FakeManilaV2,104,1,102,0.1961,0.7962,1.0,1.0
5,FakeManilaV2,104,2,204,0.2206,0.7753,0.0245,0.0209
5,FakeManilaV2,104,3,306,0.219,0.7785,0.0016,0.0032
5,FakeManilaV2,104,4,408,0.1936,0.8054,0.0253,0.0268
5,FakeManilaV2,104,5,510,0.1882,0.8111,0.0054,0.0057
5,FakeManilaV2,104,6,612,0.1879,0.8118,0.0003,0.0007
5,FakeManilaV2,104,7,714,0.1807,0.819,0.0072,0.0072
5,FakeManilaV2,104,8,816,0.1949,0.805,0.0142,0.0139
5,FakeManilaV2,104,9,918,0.1852,0.8144,0.0097,0.0094
5,FakeManilaV2,104,10,1024,0.1924,0.8073,0.0072,0.0072
5,FakeManilaV2,105,1,102,0.1961,0.8038,1.0,1.0
5,FakeManilaV2,105,2,204,0.201,0.799,0.0049,0.0048
5,FakeManilaV2,105,3,306,0.2026,0.7972,0.0016,0.0018
5,FakeManilaV2,105,4,408,0.2059,0.793,0.0033,0.0041
5,FakeManilaV2,105,5,510,0.2059,0.7934,0.0,0.0003
5,FakeManilaV2,105,6,612,0.1944,0.805,0.0114,0.0116
5,FakeManilaV2,105,7,714,0.1905,0.8086,0.004,0.0037
5,FakeManilaV2,105,8,816,0.1961,0.8028,0.0056,0.0058
5,FakeManilaV2,105,9,918,0.1961,0.8031,0.0,0.0002
5,FakeManilaV2,105,10,1024,0.1914,0.8078,0.0047,0.0047
5,FakeManilaV2,106,1,102,0.1961,0.8039,1.0,1.0
5,FakeManilaV2,106,2,204,0.2108,0.7891,0.0147,0.0148
5,FakeManilaV2,106,3,306,0.2026,0.7972,0.0082,0.008
5,FakeManilaV2,106,4,408,0.1936,0.8064,0.009,0.0092
5,FakeManilaV2,106,5,510,0.202,0.7978,0.0083,0.0086
5,FakeManilaV2,106,6,612,0.1993,0.8004,0.0026,0.0026
5,FakeManilaV2,106,7,714,0.1947,0.8052,0.0047,0.0048
5,FakeManilaV2,106,8,816,0.2022,0.7978,0.0075,0.0074
5,FakeManilaV2,106,9,918,0.2004,0.7994,0.0018,0.0017
5,FakeManilaV2,106,10,1024,0.2002,0.7995,0.0002,0.0001
5,FakeManilaV2,107,1,102,0.2157,0.7692,1.0,1.0
5,FakeManilaV2,107,2,204,0.2206,0.7794,0.0049,0.0102
5,FakeManilaV2,107,3,306,0.2026,0.7972,0.018,0.0178
5,FakeManilaV2,107,4,408,0.1814,0.8177,0.0212,0.0206
5,FakeManilaV2,107,5,510,0.1765,0.822,0.0049,0.0043
5,FakeManilaV2,107,6,612,0.1765,0.8229,0.0,0.0009
5,FakeManilaV2,107,7,714,0.1835,0.816,0.007,0.0069
5,FakeManilaV2,107,8,816,0.1936,0.8061,0.0102,0.0099
5,FakeManilaV2,107,9,918,0.1917,0.8081,0.0019,0.0019
5,FakeManilaV2,107,10,1024,0.1855,0.8143,0.0062,0.0063
5,FakeManilaV2,108,1,102,0.1471,0.8516,1.0,1.0
5,FakeManilaV2,108,2,204,0.152,0.8477,0.0049,0.0039
5,FakeManilaV2,108,3,306,0.1601,0.8396,0.0082,0.0081
5,FakeManilaV2,108,4,408,0.152,0.8478,0.0082,0.0082
5,FakeManilaV2,108,5,510,0.1627,0.8371,0.0108,0.0107
5,FakeManilaV2,108,6,612,0.1683,0.8315,0.0056,0.0056
5,FakeManilaV2,108,7,714,0.1709,0.829,0.0026,0.0025
5,FakeManilaV2,108,8,816,0.1679,0.8321,0.003,0.0031
5,FakeManilaV2,108,9,918,0.171,0.8289,0.0031,0.0032
5,FakeManilaV2,108,10,1024,0.1709,0.8291,0.0001,0.0002
5,FakeManilaV2,109,1,102,0.1961,0.8034,1.0,1.0
5,FakeManilaV2,109,2,204,0.1618,0.8374,0.0343,0.0339
5,FakeManilaV2,109,3,306,0.1732,0.8266,0.0114,0.0107
5,FakeManilaV2,109,4,408,0.1814,0.8186,0.0082,0.0081
5,FakeManilaV2,109,5,510,0.1941,0.8059,0.0127,0.0127
5,FakeManilaV2,109,6,612,0.1928,0.8072,0.0013,0.0013
5,FakeManilaV2,109,7,714,0.1933,0.8066,0.0005,0.0006
5,FakeManilaV2,109,8,816,0.1912,0.8087,0.0021,0.0021
5,FakeManilaV2,109,9,918,0.1928,0.8071,0.0016,0.0016
5,FakeManilaV2,109,10,1024,0.1924,0.8076,0.0004,0.0005
5,FakeManilaV2,110,1,102,0.1373,0.8623,1.0,1.0
5,FakeManilaV2,110,2,204,0.1618,0.8382,0.0245,0.0241
5,FakeManilaV2,110,3,306,0.1699,0.8301,0.0082,0.0081
5,FakeManilaV2,110,4,408,0.174,0.8257,0.0041,0.0044
5,FakeManilaV2,110,5,510,0.1725,0.8272,0.0015,0.0016
5,FakeManilaV2,110,6,612,0.1765,0.8233,0.0039,0.0039
5,FakeManilaV2,110,7,714,0.1807,0.8193,0.0042,0.004
5,FakeManilaV2,110,8,816,0.1936,0.8062,0.013,0.0131
5,FakeManilaV2,110,9,918,0.1841,0.8156,0.0095,0.0094
5,FakeManilaV2,110,10,1024,0.1797,0.8202,0.0044,0.0046
5,FakeManilaV2,111,1,102,0.2549,0.745,1.0,1.0
5,FakeManilaV2,111,2,204,0.2255,0.773,0.0294,0.028
5,FakeManilaV2,111,3,306,0.2288,0.7701,0.0033,0.0029
5,FakeManilaV2,111,4,408,0.2279,0.7704,0.0008,0.0003
5,FakeManilaV2,111,5,510,0.2137,0.7861,0.0142,0.0157
5,FakeManilaV2,111,6,612,0.2173,0.7825,0.0036,0.0036
5,FakeManilaV2,111,7,714,0.2087,0.7901,0.0086,0.0076
5,FakeManilaV2,111,8,816,0.1998,0.7997,0.0089,0.0096
5,FakeManilaV2,111,9,918,0.195,0.8048,0.0048,0.0051
5,FakeManilaV2,111,10,1024,0.1904,0.8094,0.0046,0.0046
5,FakeManilaV2,112,1,102,0.2745,0.7234,1.0,1.0
5,FakeManilaV2,112,2,204,0.2451,0.7544,0.0294,0.031
5,FakeManilaV2,112,3,306,0.2222,0.7778,0.0229,0.0234
5,FakeManilaV2,112,4,408,0.2034,0.7965,0.0188,0.0188
5,FakeManilaV2,112,5,510,0.1941,0.8058,0.0093,0.0093
5,FakeManilaV2,112,6,612,0.1993,0.8006,0.0052,0.0052
5,FakeManilaV2,112,7,714,0.1933,0.8067,0.0061,0.0061
5,FakeManilaV2,112,8,816,0.19,0.81,0.0033,0.0033
5,FakeManilaV2,112,9,918,0.1895,0.8105,0.0004,0.0005
5,FakeManilaV2,112,10,1024,0.1875,0.8124,0.002,0.002
5,FakeManilaV2,113,1,102,0.1765,0.849,1.0,1.0
5,FakeManilaV2,113,2,204,0.1912,0.8079,0.0147,0.0411
5,FakeManilaV2,113,3,306,0.183,0.8167,0.0082,0.0087
5,FakeManilaV2,113,4,408,0.1691,0.8306,0.0139,0.0139
5,FakeManilaV2,113,5,510,0.1706,0.8291,0.0015,0.0015
5,FakeManilaV2,113,6,612,0.1699,0.8299,0.0007,0.0008
5,FakeManilaV2,113,7,714,0.1793,0.8205,0.0093,0.0094
5,FakeManilaV2,113,8,816,0.1752,0.8245,0.004,0.004
5,FakeManilaV2,113,9,918,0.1688,0.831,0.0064,0.0066
5,FakeManilaV2,113,10,1024,0.1729,0.8271,0.004,0.004
5,FakeManilaV2,114,1,102,0.1176,0.8822,1.0,1.0
5,FakeManilaV2,114,2,204,0.1569,0.8421,0.0392,0.0401
5,FakeManilaV2,114,3,306,0.1699,0.8301,0.0131,0.0121
5,FakeManilaV2,114,4,408,0.1642,0.8347,0.0057,0.0046
5,FakeManilaV2,114,5,510,0.1588,0.8409,0.0054,0.0063
5,FakeManilaV2,114,6,612,0.165,0.8349,0.0062,0.006
5,FakeManilaV2,114,7,714,0.1625,0.8374,0.0026,0.0025
5,FakeManilaV2,114,8,816,0.1654,0.8345,0.003,0.0029
5,FakeManilaV2,114,9,918,0.1634,0.8366,0.002,0.0021
5,FakeManilaV2,114,10,1024,0.1689,0.831,0.0055,0.0055
5,FakeManilaV2,115,1,102,0.2157,0.7783,1.0,1.0
5,FakeManilaV2,115,2,204,0.1814,0.816,0.0343,0.0377
5,FakeManilaV2,115,3,306,0.1895,0.8075,0.0082,0.0085
5,FakeManilaV2,115,4,408,0.1887,0.8109,0.0008,0.0034
5,FakeManilaV2,115,5,510,0.1922,0.8076,0.0034,0.0032
5,FakeManilaV2,115,6,612,0.1895,0.8104,0.0026,0.0028
5,FakeManilaV2,115,7,714,0.1821,0.8179,0.0075,0.0075
5,FakeManilaV2,115,8,816,0.1826,0.8174,0.0005,0.0005
5,FakeManilaV2,115,9,918,0.1797,0.82,0.0029,0.0026
5,FakeManilaV2,115,10,1024,0.1836,0.8163,0.0039,0.0036
5,FakeManilaV2,116,1,102,0.1667,0.8326,1.0,1.0
5,FakeManilaV2,116,2,204,0.1716,0.8281,0.0049,0.0045
5,FakeManilaV2,116,3,306,0.1601,0.8372,0.0114,0.0091
5,FakeManilaV2,116,4,408,0.1593,0.8364,0.0008,0.0008
5,FakeManilaV2,116,5,510,0.1745,0.8233,0.0152,0.013
5,FakeManilaV2,116,6,612,0.1814,0.8168,0.0069,0.0065
5,FakeManilaV2,116,7,714,0.1891,0.8091,0.0077,0.0077
5,FakeManilaV2,116,8,816,0.1801,0.8188,0.0089,0.0097
5,FakeManilaV2,116,9,918,0.1819,0.8171,0.0018,0.0016
5,FakeManilaV2,116,10,1024,0.1836,0.8154,0.0017,0.0018
5,FakeManilaV2,117,1,102,0.1373,0.8663,1.0,1.0
5,FakeManilaV2,117,2,204,0.1471,0.8525,0.0098,0.0138
5,FakeManilaV2,117,3,306,0.1503,0.8481,0.0033,0.0043
5,FakeManilaV2,117,4,408,0.1642,0.8355,0.0139,0.0127
5,FakeManilaV2,117,5,510,0.1784,0.8211,0.0142,0.0144
5,FakeManilaV2,117,6,612,0.1732,0.8265,0.0052,0.0054
5,FakeManilaV2,117,7,714,0.1681,0.8315,0.0051,0.005
5,FakeManilaV2,117,8,816,0.1667,0.8329,0.0014,0.0014
5,FakeManilaV2,117,9,918,0.1743,0.8255,0.0076,0.0074
5,FakeManilaV2,117,10,1024,0.1738,0.8259,0.0005,0.0004
5,FakeManilaV2,118,1,102,0.1863,0.8137,1.0,1.0
5,FakeManilaV2,118,2,204,0.1961,0.8038,0.0098,0.0099
5,FakeManilaV2,118,3,306,0.183,0.8168,0.0131,0.013
5,FakeManilaV2,118,4,408,0.2034,0.7961,0.0204,0.0206
5,FakeManilaV2,118,5,510,0.2039,0.7958,0.0005,0.0003
5,FakeManilaV2,118,6,612,0.1928,0.8072,0.0111,0.0113
5,FakeManilaV2,118,7,714,0.1891,0.8109,0.0037,0.0037
5,FakeManilaV2,118,8,816,0.1863,0.8137,0.0028,0.0028
5,FakeManilaV2,118,9,918,0.1885,0.8115,0.0022,0.0022
5,FakeManilaV2,118,10,1024,0.1914,0.8086,0.003,0.0029
5,FakeManilaV2,119,1,102,0.1961,0.8034,1.0,1.0
5,FakeManilaV2,119,2,204,0.2059,0.7938,0.0098,0.0096
5,FakeManilaV2,119,3,306,0.2157,0.7843,0.0098,0.0095
5,FakeManilaV2,119,4,408,0.2108,0.7889,0.0049,0.0046
5,FakeManilaV2,119,5,510,0.2078,0.7911,0.0029,0.0021
5,FakeManilaV2,119,6,612,0.2042,0.7943,0.0036,0.0033
5,FakeManilaV2,119,7,714,0.2129,0.7859,0.0086,0.0084
5,FakeManilaV2,119,8,816,0.2034,0.7957,0.0095,0.0098
5,FakeManilaV2,119,9,918,0.1993,0.7999,0.0041,0.0042
5,FakeManilaV2,119,10,1024,0.1953,0.8041,0.004,0.0042
8,FakeManilaV2,20,1,50,0.1825,0.9429,1.0,1.0
8,FakeManilaV2,20,2,100,0.14,0.9568,0.0425,0.0139
8,FakeManilaV2,20,3,150,0.14,0.963,0.0,0.0062
8,FakeManilaV2,20,4,200,0.0925,0.9878,0.0475,0.0248
8,FakeManilaV2,20,5,250,0.0895,0.9882,0.003,0.0004
8,FakeManilaV2,20,6,300,0.1008,0.9851,0.0113,0.0031
8,FakeManilaV2,20,7,350,0.0889,0.9884,0.0119,0.0033
8,FakeManilaV2,20,8,400,0.0725,0.9928,0.0164,0.0043
8,FakeManilaV2,20,9,450,0.0644,0.9943,0.0081,0.0015
8,FakeManilaV2,20,10,500,0.059,0.9956,0.0054,0.0013
8,FakeManilaV2,21,1,50,0.2625,0.8566,1.0,1.0
8,FakeManilaV2,21,2,100,0.17,0.966,0.0925,0.1094
8,FakeManilaV2,21,3,150,0.1375,0.9689,0.0325,0.0028
8,FakeManilaV2,21,4,200,0.1,0.9852,0.0375,0.0164
8,FakeManilaV2,21,5,250,0.087,0.9876,0.013,0.0024
8,FakeManilaV2,21,6,300,0.0975,0.9863,0.0105,0.0013
8,FakeManilaV2,21,7,350,0.0886,0.9885,0.0089,0.0022
8,FakeManilaV2,21,8,400,0.0725,0.9916,0.0161,0.0031
8,FakeManilaV2,21,9,450,0.0719,0.992,0.0006,0.0004
8,FakeManilaV2,21,10,500,0.077,0.9919,0.0051,0.0001
8,FakeManilaV2,22,1,50,0.24,0.9268,1.0,1.0
8,FakeManilaV2,22,2,100,0.1525,0.9717,0.0875,0.045
8,FakeManilaV2,22,3,150,0.0825,0.9906,0.07,0.0189
8,FakeManilaV2,22,4,200,0.0625,0.9927,0.02,0.002
8,FakeManilaV2,22,5,250,0.067,0.9927,0.0045,0.0
8,FakeManilaV2,22,6,300,0.0542,0.9952,0.0128,0.0025
8,FakeManilaV2,22,7,350,0.0354,0.9976,0.0188,0.0024
8,FakeManilaV2,22,8,400,0.0575,0.9948,0.0221,0.0027
8,FakeManilaV2,22,9,450,0.06,0.9946,0.0025,0.0002
8,FakeManilaV2,22,10,500,0.0675,0.9935,0.0075,0.0011
8,FakeManilaV2,23,1,50,0.1825,0.9562,1.0,1.0
8,FakeManilaV2,23,2,100,0.1425,0.9727,0.04,0.0165
8,FakeManilaV2,23,3,150,0.085,0.9898,0.0575,0.0171
8,FakeManilaV2,23,4,200,0.08,0.9907,0.005,0.0009
8,FakeManilaV2,23,5,250,0.071,0.9894,0.009,0.0013
8,FakeManilaV2,23,6,300,0.0867,0.9849,0.0157,0.0045
8,FakeManilaV2,23,7,350,0.0682,0.9888,0.0185,0.0039
8,FakeManilaV2,23,8,400,0.0575,0.9945,0.0107,0.0056
8,FakeManilaV2,23,9,450,0.0533,0.9952,0.0042,0.0007
8,FakeManilaV2,23,10,500,0.0535,0.9955,0.0002,0.0002
8,FakeManilaV2,24,1,50,0.26,0.8676,1.0,1.0
8,FakeManilaV2,24,2,100,0.1825,0.9091,0.0775,0.0414
8,FakeManilaV2,24,3,150,0.1292,0.9745,0.0533,0.0655
8,FakeManilaV2,24,4,200,0.095,0.9844,0.0342,0.0099
8,FakeManilaV2,24,5,250,0.0945,0.987,0.0005,0.0026
8,FakeManilaV2,24,6,300,0.0908,0.9888,0.0037,0.0019
8,FakeManilaV2,24,7,350,0.0889,0.9892,0.0019,0.0004
8,FakeManilaV2,24,8,400,0.085,0.9895,0.0039,0.0002
8,FakeManilaV2,24,9,450,0.0714,0.9928,0.0136,0.0033
8,FakeManilaV2,24,10,500,0.066,0.9935,0.0054,0.0008
8,FakeManilaV2,25,1,50,0.2625,0.8594,1.0,1.0
8,FakeManilaV2,25,2,100,0.1825,0.9598,0.08,0.1004
8,FakeManilaV2,25,3,150,0.1067,0.9837,0.0758,0.0239
8,FakeManilaV2,25,4,200,0.1025,0.9838,0.0042,0.0001
8,FakeManilaV2,25,5,250,0.0665,0.9932,0.036,0.0094
8,FakeManilaV2,25,6,300,0.0692,0.9924,0.0027,0.0008
8,FakeManilaV2,25,7,350,0.0489,0.997,0.0202,0.0046
8,FakeManilaV2,25,8,400,0.055,0.9951,0.0061,0.0019
8,FakeManilaV2,25,9,450,0.0511,0.9957,0.0039,0.0005
8,FakeManilaV2,25,10,500,0.05,0.9955,0.0011,0.0002
8,FakeManilaV2,26,1,50,0.1875,0.8909,1.0,1.0
8,FakeManilaV2,26,2,100,0.1825,0.9374,0.005,0.0465
8,FakeManilaV2,26,3,150,0.0942,0.9848,0.0883,0.0474
8,FakeManilaV2,26,4,200,0.11,0.9808,0.0158,0.004
8,FakeManilaV2,26,5,250,0.093,0.9866,0.017,0.0057
8,FakeManilaV2,26,6,300,0.0775,0.9898,0.0155,0.0032
8,FakeManilaV2,26,7,350,0.0689,0.9892,0.0086,0.0006
8,FakeManilaV2,26,8,400,0.07,0.9914,0.0011,0.0022
8,FakeManilaV2,26,9,450,0.0606,0.9942,0.0094,0.0028
8,FakeManilaV2,26,10,500,0.0585,0.9948,0.0021,0.0006
8,FakeManilaV2,27,1,50,0.245,0.8636,1.0,1.0
8,FakeManilaV2,27,2,100,0.1925,0.9334,0.0525,0.0698
8,FakeManilaV2,27,3,150,0.1158,0.9778,0.0767,0.0445
8,FakeManilaV2,27,4,200,0.1,0.9836,0.0158,0.0058
8,FakeManilaV2,27,5,250,0.12,0.9776,0.02,0.0061
8,FakeManilaV2,27,6,300,0.1,0.9848,0.02,0.0072
8,FakeManilaV2,27,7,350,0.0914,0.9889,0.0086,0.0042
8,FakeManilaV2,27,8,400,0.1025,0.986,0.0111,0.003
8,FakeManilaV2,27,9,450,0.0892,0.9894,0.0133,0.0034
8,FakeManilaV2,27,10,500,0.0825,0.9912,0.0067,0.0018
8,FakeManilaV2,28,1,50,0.245,0.8752,1.0,1.0
8,FakeManilaV2,28,2,100,0.12,0.9775,0.125,0.1023
8,FakeManilaV2,28,3,150,0.0958,0.9875,0.0242,0.01
8,FakeManilaV2,28,4,200,0.105,0.9854,0.0092,0.0021
8,FakeManilaV2,28,5,250,0.1255,0.9796,0.0205,0.0058
8,FakeManilaV2,28,6,300,0.0975,0.986,0.028,0.0064
8,FakeManilaV2,28,7,350,0.0889,0.9882,0.0086,0.0022
8,FakeManilaV2,28,8,400,0.09,0.9885,0.0011,0.0003
8,FakeManilaV2,28,9,450,0.0847,0.9896,0.0053,0.0011
8,FakeManilaV2,28,10,500,0.0775,0.9908,0.0072,0.0012
8,FakeManilaV2,29,1,50,0.165,0.9049,1.0,1.0
8,FakeManilaV2,29,2,100,0.1425,0.9634,0.0225,0.0585
8,FakeManilaV2,29,3,150,0.145,0.956,0.0025,0.0074
8,FakeManilaV2,29,4,200,0.1275,0.9731,0.0175,0.0171
8,FakeManilaV2,29,5,250,0.121,0.9782,0.0065,0.0052
8,FakeManilaV2,29,6,300,0.1158,0.9804,0.0052,0.0022
8,FakeManilaV2,29,7,350,0.0918,0.9856,0.024,0.0052
8,FakeManilaV2,29,8,400,0.0875,0.9846,0.0043,0.001
8,FakeManilaV2,29,9,450,0.0908,0.986,0.0033,0.0014
8,FakeManilaV2,29,10,500,0.0835,0.9885,0.0073,0.0025
8,FakeManilaV2,30,1,50,0.26,0.8233,1.0,1.0
8,FakeManilaV2,30,2,100,0.14,0.9662,0.12,0.1429
8,FakeManilaV2,30,3,150,0.1517,0.9716,0.0117,0.0055
8,FakeManilaV2,30,4,200,0.14,0.9748,0.0117,0.0032
8,FakeManilaV2,30,5,250,0.1,0.9851,0.04,0.0103
8,FakeManilaV2,30,6,300,0.0967,0.9857,0.0033,0.0007
8,FakeManilaV2,30,7,350,0.0721,0.9907,0.0245,0.0049
8,FakeManilaV2,30,8,400,0.0775,0.9899,0.0054,0.0008
8,FakeManilaV2,30,9,450,0.0669,0.9937,0.0106,0.0039
8,FakeManilaV2,30,10,500,0.068,0.993,0.0011,0.0008
8,FakeManilaV2,31,1,50,0.185,0.9458,1.0,1.0
8,FakeManilaV2,31,2,100,0.125,0.9756,0.06,0.0298
8,FakeManilaV2,31,3,150,0.1267,0.979,0.0017,0.0034
8,FakeManilaV2,31,4,200,0.105,0.9855,0.0217,0.0065
8,FakeManilaV2,31,5,250,0.0945,0.9875,0.0105,0.0019
8,FakeManilaV2,31,6,300,0.0817,0.99,0.0128,0.0026
8,FakeManilaV2,31,7,350,0.0725,0.9916,0.0092,0.0016
8,FakeManilaV2,31,8,400,0.0675,0.993,0.005,0.0014
8,FakeManilaV2,31,9,450,0.0503,0.9955,0.0172,0.0025
8,FakeManilaV2,31,10,500,0.049,0.9957,0.0013,0.0002
8,FakeManilaV2,32,1,50,0.1825,0.8966,1.0,1.0
8,FakeManilaV2,32,2,100,0.1325,0.9732,0.05,0.0765
8,FakeManilaV2,32,3,150,0.12,0.9695,0.0125,0.0037
8,FakeManilaV2,32,4,200,0.1125,0.9784,0.0075,0.009
8,FakeManilaV2,32,5,250,0.101,0.9857,0.0115,0.0072
8,FakeManilaV2,32,6,300,0.0892,0.9898,0.0118,0.0041
8,FakeManilaV2,32,7,350,0.0768,0.9925,0.0124,0.0028
8,FakeManilaV2,32,8,400,0.0675,0.9935,0.0093,0.001
8,FakeManilaV2,32,9,450,0.0708,0.9938,0.0033,0.0002
8,FakeManilaV2,32,10,500,0.0755,0.9925,0.0047,0.0012
8,FakeManilaV2,33,1,50,0.245,0.9096,1.0,1.0
8,FakeManilaV2,33,2,100,0.205,0.9484,0.04,0.0388
8,FakeManilaV2,33,3,150,0.1758,0.9625,0.0292,0.0141
8,FakeManilaV2,33,4,200,0.1425,0.9732,0.0333,0.0107
8,FakeManilaV2,33,5,250,0.1065,0.9845,0.036,0.0113
8,FakeManilaV2,33,6,300,0.0958,0.9859,0.0107,0.0014
8,FakeManilaV2,33,7,350,0.1029,0.9844,0.007,0.0015
8,FakeManilaV2,33,8,400,0.0975,0.9855,0.0054,0.0011
8,FakeManilaV2,33,9,450,0.0981,0.9857,0.0006,0.0002
8,FakeManilaV2,33,10,500,0.0925,0.9876,0.0056,0.0019
8,FakeManilaV2,34,1,50,0.2425,0.8709,1.0,1.0
8,FakeManilaV2,34,2,100,0.2025,0.9179,0.04,0.047
8,FakeManilaV2,34,3,150,0.1533,0.9598,0.0492,0.0419
8,FakeManilaV2,34,4,200,0.1375,0.968,0.0158,0.0082
8,FakeManilaV2,34,5,250,0.1095,0.9788,0.028,0.0108
8,FakeManilaV2,34,6,300,0.1033,0.9839,0.0062,0.0051
8,FakeManilaV2,34,7,350,0.0854,0.9894,0.018,0.0055
8,FakeManilaV2,34,8,400,0.0825,0.9892,0.0029,0.0002
8,FakeManilaV2,34,9,450,0.0708,0.9919,0.0117,0.0028
8,FakeManilaV2,34,10,500,0.0555,0.9953,0.0153,0.0034
8,FakeManilaV2,35,1,50,0.185,0.9524,1.0,1.0
8,FakeManilaV2,35,2,100,0.175,0.962,0.01,0.0096
8,FakeManilaV2,35,3,150,0.1225,0.9801,0.0525,0.0181
8,FakeManilaV2,35,4,200,0.1225,0.9789,0.0,0.0012
8,FakeManilaV2,35,5,250,0.0985,0.9826,0.024,0.0037
8,FakeManilaV2,35,6,300,0.0875,0.9876,0.011,0.005
8,FakeManilaV2,35,7,350,0.0725,0.99,0.015,0.0023
8,FakeManilaV2,35,8,400,0.0725,0.9919,0.0,0.002
8,FakeManilaV2,35,9,450,0.0664,0.993,0.0061,0.0011
8,FakeManilaV2,35,10,500,0.071,0.9922,0.0046,0.0009
8,FakeManilaV2,36,1,50,0.29,0.7941,1.0,1.0
8,FakeManilaV2,36,2,100,0.195,0.9448,0.095,0.1506
8,FakeManilaV2,36,3,150,0.1533,0.9654,0.0417,0.0206
8,FakeManilaV2,36,4,200,0.13,0.9733,0.0233,0.0079
8,FakeManilaV2,36,5,250,0.0975,0.9858,0.0325,0.0125
8,FakeManilaV2,36,6,300,0.0758,0.9909,0.0217,0.0051
8,FakeManilaV2,36,7,350,0.0661,0.9931,0.0098,0.0022
8,FakeManilaV2,36,8,400,0.0575,0.995,0.0086,0.0019
8,FakeManilaV2,36,9,450,0.0561,0.9953,0.0014,0.0004
8,FakeManilaV2,36,10,500,0.054,0.9959,0.0021,0.0005
8,FakeManilaV2,37,1,50,0.2875,0.8578,1.0,1.0
8,FakeManilaV2,37,2,100,0.245,0.8763,0.0425,0.0184
8,FakeManilaV2,37,3,150,0.1825,0.9499,0.0625,0.0737
8,FakeManilaV2,37,4,200,0.15,0.9703,0.0325,0.0204
8,FakeManilaV2,37,5,250,0.1175,0.9794,0.0325,0.0091
8,FakeManilaV2,37,6,300,0.0967,0.9868,0.0208,0.0074
8,FakeManilaV2,37,7,350,0.0918,0.9864,0.0049,0.0004
8,FakeManilaV2,37,8,400,0.0725,0.9903,0.0193,0.0039
8,FakeManilaV2,37,9,450,0.0708,0.9913,0.0017,0.001
8,FakeManilaV2,37,10,500,0.078,0.9908,0.0072,0.0005
8,FakeManilaV2,38,1,50,0.2625,0.8201,1.0,1.0
8,FakeManilaV2,38,2,100,0.1525,0.9669,0.11,0.1468
8,FakeManilaV2,38,3,150,0.12,0.9769,0.0325,0.0099
8,FakeManilaV2,38,4,200,0.09,0.9876,0.03,0.0107
8,FakeManilaV2,38,5,250,0.0745,0.991,0.0155,0.0035
8,FakeManilaV2,38,6,300,0.0867,0.9864,0.0122,0.0046
8,FakeManilaV2,38,7,350,0.0796,0.9882,0.007,0.0018
8,FakeManilaV2,38,8,400,0.08,0.9898,0.0004,0.0016
8,FakeManilaV2,38,9,450,0.0911,0.9877,0.0111,0.002
8,FakeManilaV2,38,10,500,0.1025,0.9853,0.0114,0.0025
8,FakeManilaV2,39,1,50,0.285,0.8525,1.0,1.0
8,FakeManilaV2,39,2,100,0.2125,0.9451,0.0725,0.0926
8,FakeManilaV2,39,3,150,0.1758,0.954,0.0367,0.0089
8,FakeManilaV2,39,4,200,0.1475,0.9677,0.0283,0.0137
8,FakeManilaV2,39,5,250,0.1,0.9835,0.0475,0.0158
8,FakeManilaV2,39,6,300,0.1067,0.9821,0.0067,0.0013
8,FakeManilaV2,39,7,350,0.0943,0.985,0.0124,0.0028
8,FakeManilaV2,39,8,400,0.0825,0.9889,0.0118,0.0039
8,FakeManilaV2,39,9,450,0.0825,0.9894,0.0,0.0005
8,FakeManilaV2,39,10,500,0.0835,0.9882,0.001,0.0012
8,FakeManilaV2,40,1,50,0.165,0.9514,1.0,1.0
8,FakeManilaV2,40,2,100,0.0975,0.9833,0.0675,0.0319
8,FakeManilaV2,40,3,150,0.1,0.9818,0.0025,0.0015
8,FakeManilaV2,40,4,200,0.0925,0.9821,0.0075,0.0003
8,FakeManilaV2,40,5,250,0.1065,0.9808,0.014,0.0013
8,FakeManilaV2,40,6,300,0.0967,0.9835,0.0098,0.0027
8,FakeManilaV2,40,7,350,0.1,0.982,0.0033,0.0015
8,FakeManilaV2,40,8,400,0.095,0.9851,0.005,0.0031
8,FakeManilaV2,40,9,450,0.0783,0.989,0.0167,0.0039
8,FakeManilaV2,40,10,500,0.0655,0.9933,0.0128,0.0043
8,FakeManilaV2,41,1,50,0.265,0.8997,1.0,1.0
8,FakeManilaV2,41,2,100,0.1475,0.9579,0.1175,0.0582
8,FakeManilaV2,41,3,150,0.1317,0.9702,0.0158,0.0123
8,FakeManilaV2,41,4,200,0.095,0.9835,0.0367,0.0133
8,FakeManilaV2,41,5,250,0.0985,0.9867,0.0035,0.0032
8,FakeManilaV2,41,6,300,0.075,0.9917,0.0235,0.005
8,FakeManilaV2,41,7,350,0.0771,0.9904,0.0021,0.0013
8,FakeManilaV2,41,8,400,0.08,0.9897,0.0029,0.0008
8,FakeManilaV2,41,9,450,0.0628,0.9934,0.0172,0.0037
8,FakeManilaV2,41,10,500,0.0675,0.9925,0.0047,0.0009
8,FakeManilaV2,42,1,50,0.2025,0.8897,1.0,1.0
8,FakeManilaV2,42,2,100,0.1725,0.9536,0.03,0.0639
8,FakeManilaV2,42,3,150,0.105,0.9791,0.0675,0.0255
8,FakeManilaV2,42,4,200,0.08,0.992,0.025,0.0129
8,FakeManilaV2,42,5,250,0.0695,0.9934,0.0105,0.0014
8,FakeManilaV2,42,6,300,0.07,0.9923,0.0005,0.001
8,FakeManilaV2,42,7,350,0.0711,0.9924,0.0011,0.0001
8,FakeManilaV2,42,8,400,0.0625,0.9937,0.0086,0.0012
8,FakeManilaV2,42,9,450,0.0606,0.9938,0.0019,0.0001
8,FakeManilaV2,42,10,500,0.065,0.9931,0.0044,0.0007
8,FakeManilaV2,43,1,50,0.205,0.9308,1.0,1.0
8,FakeManilaV2,43,2,100,0.135,0.9709,0.07,0.0401
8,FakeManilaV2,43,3,150,0.1208,0.9744,0.0142,0.0035
8,FakeManilaV2,43,4,200,0.105,0.9827,0.0158,0.0083
8,FakeManilaV2,43,5,250,0.093,0.9856,0.012,0.0028
8,FakeManilaV2,43,6,300,0.09,0.988,0.003,0.0024
8,FakeManilaV2,43,7,350,0.0779,0.9894,0.0121,0.0014
8,FakeManilaV2,43,8,400,0.065,0.9913,0.0129,0.0019
8,FakeManilaV2,43,9,450,0.0683,0.9907,0.0033,0.0006
8,FakeManilaV2,43,10,500,0.0665,0.9914,0.0018,0.0007
8,FakeManilaV2,44,1,50,0.205,0.9359,1.0,1.0
8,FakeManilaV2,44,2,100,0.125,0.9714,0.08,0.0356
8,FakeManilaV2,44,3,150,0.1358,0.9669,0.0108,0.0045
8,FakeManilaV2,44,4,200,0.125,0.9752,0.0108,0.0082
8,FakeManilaV2,44,5,250,0.116,0.9797,0.009,0.0046
8,FakeManilaV2,44,6,300,0.1108,0.9804,0.0052,0.0007
8,FakeManilaV2,44,7,350,0.1,0.9858,0.0108,0.0054
8,FakeManilaV2,44,8,400,0.09,0.9876,0.01,0.0018
8,FakeManilaV2,44,9,450,0.08,0.9891,0.01,0.0015
8,FakeManilaV2,44,10,500,0.0805,0.9892,0.0005,0.0001
8,FakeManilaV2,45,1,50,0.265,0.8203,1.0,1.0
8,FakeManilaV2,45,2,100,0.145,0.9669,0.12,0.1467
8,FakeManilaV2,45,3,150,0.1092,0.9796,0.0358,0.0126
8,FakeManilaV2,45,4,200,0.1,0.9838,0.0092,0.0043
8,FakeManilaV2,45,5,250,0.091,0.9847,0.009,0.0008
8,FakeManilaV2,45,6,300,0.0975,0.9845,0.0065,0.0002
8,FakeManilaV2,45,7,350,0.0886,0.9886,0.0089,0.0041
8,FakeManilaV2,45,8,400,0.0775,0.9904,0.0111,0.0017
8,FakeManilaV2,45,9,450,0.0825,0.9893,0.005,0.0011
8,FakeManilaV2,45,10,500,0.0905,0.9879,0.008,0.0014
8,FakeManilaV2,46,1,50,0.2225,0.9325,1.0,1.0
8,FakeManilaV2,46,2,100,0.17,0.953,0.0525,0.0205
8,FakeManilaV2,46,3,150,0.0892,0.9884,0.0808,0.0354
8,FakeManilaV2,46,4,200,0.0975,0.9879,0.0083,0.0005
8,FakeManilaV2,46,5,250,0.0825,0.99,0.015,0.0021
8,FakeManilaV2,46,6,300,0.08,0.9904,0.0025,0.0005
8,FakeManilaV2,46,7,350,0.0696,0.9914,0.0104,0.001
8,FakeManilaV2,46,8,400,0.075,0.99,0.0054,0.0014
8,FakeManilaV2,46,9,450,0.0686,0.9917,0.0064,0.0017
8,FakeManilaV2,46,10,500,0.065,0.9921,0.0036,0.0004
8,FakeManilaV2,47,1,50,0.225,0.8844,1.0,1.0
8,FakeManilaV2,47,2,100,0.1875,0.9442,0.0375,0.0599
8,FakeManilaV2,47,3,150,0.1142,0.9727,0.0733,0.0285
8,FakeManilaV2,47,4,200,0.115,0.9801,0.0008,0.0074
8,FakeManilaV2,47,5,250,0.093,0.9865,0.022,0.0065
8,FakeManilaV2,47,6,300,0.0775,0.9902,0.0155,0.0037
8,FakeManilaV2,47,7,350,0.0804,0.9905,0.0029,0.0002
8,FakeManilaV2,47,8,400,0.0875,0.9903,0.0071,0.0001
8,FakeManilaV2,47,9,450,0.0797,0.9903,0.0078,0.0
8,FakeManilaV2,47,10,500,0.08,0.9894,0.0003,0.001
8,FakeManilaV2,48,1,50,0.15,0.9566,1.0,1.0
8,FakeManilaV2,48,2,100,0.0975,0.9809,0.0525,0.0244
8,FakeManilaV2,48,3,150,0.0942,0.9825,0.0033,0.0016
8,FakeManilaV2,48,4,200,0.13,0.9724,0.0358,0.0101
8,FakeManilaV2,48,5,250,0.1145,0.9782,0.0155,0.0058
8,FakeManilaV2,48,6,300,0.1225,0.9763,0.008,0.0019
8,FakeManilaV2,48,7,350,0.1104,0.9793,0.0121,0.0029
8,FakeManilaV2,48,8,400,0.0925,0.984,0.0179,0.0048
8,FakeManilaV2,48,9,450,0.0967,0.9851,0.0042,0.0011
8,FakeManilaV2,48,10,500,0.099,0.9855,0.0023,0.0004
8,FakeManilaV2,49,1,50,0.1975,0.9417,1.0,1.0
8,FakeManilaV2,49,2,100,0.13,0.9698,0.0675,0.0282
8,FakeManilaV2,49,3,150,0.0908,0.9819,0.0392,0.0121
8,FakeManilaV2,49,4,200,0.08,0.9879,0.0108,0.0061
8,FakeManilaV2,49,5,250,0.0855,0.9878,0.0055,0.0002
8,FakeManilaV2,49,6,300,0.0875,0.9868,0.002,0.001
8,FakeManilaV2,49,7,350,0.0889,0.9857,0.0014,0.0011
8,FakeManilaV2,49,8,400,0.09,0.9855,0.0011,0.0002
8,FakeManilaV2,49,9,450,0.08,0.988,0.01,0.0025
8,FakeManilaV2,49,10,500,0.0865,0.9872,0.0065,0.0008
8,FakeManilaV2,50,1,50,0.265,0.8132,1.0,1.0
8,FakeManilaV2,50,2,100,0.1925,0.9419,0.0725,0.1287
8,FakeManilaV2,50,3,150,0.1308,0.9689,0.0617,0.027
8,FakeManilaV2,50,4,200,0.1175,0.9808,0.0133,0.0119
8,FakeManilaV2,50,5,250,0.1175,0.982,0.0,0.0011
8,FakeManilaV2,50,6,300,0.0842,0.9908,0.0333,0.0088
8,FakeManilaV2,50,7,350,0.0746,0.9919,0.0095,0.0011
8,FakeManilaV2,50,8,400,0.0575,0.994,0.0171,0.0021
8,FakeManilaV2,50,9,450,0.0606,0.9939,0.0031,0.0001
8,FakeManilaV2,50,10,500,0.059,0.9945,0.0016,0.0006
8,FakeManilaV2,51,1,50,0.1625,0.967,1.0,1.0
8,FakeManilaV2,51,2,100,0.1025,0.9812,0.06,0.0142
8,FakeManilaV2,51,3,150,0.0892,0.987,0.0133,0.0058
8,FakeManilaV2,51,4,200,0.0775,0.9918,0.0117,0.0048
8,FakeManilaV2,51,5,250,0.0735,0.9916,0.004,0.0001
8,FakeManilaV2,51,6,300,0.0817,0.9909,0.0082,0.0007
8,FakeManilaV2,51,7,350,0.0861,0.99,0.0044,0.0009
8,FakeManilaV2,51,8,400,0.0775,0.9918,0.0086,0.0018
8,FakeManilaV2,51,9,450,0.0736,0.9924,0.0039,0.0006
8,FakeManilaV2,51,10,500,0.0675,0.9923,0.0061,0.0001
8,FakeManilaV2,52,1,50,0.18,0.9052,1.0,1.0
8,FakeManilaV2,52,2,100,0.14,0.9662,0.04,0.061
8,FakeManilaV2,52,3,150,0.12,0.9799,0.02,0.0136
8,FakeManilaV2,52,4,200,0.1275,0.9764,0.0075,0.0035
8,FakeManilaV2,52,5,250,0.1175,0.9794,0.01,0.003
8,FakeManilaV2,52,6,300,0.0958,0.9857,0.0217,0.0063
8,FakeManilaV2,52,7,350,0.0839,0.9872,0.0119,0.0015
8,FakeManilaV2,52,8,400,0.08,0.9883,0.0039,0.0011
8,FakeManilaV2,52,9,450,0.0733,0.9902,0.0067,0.002
8,FakeManilaV2,52,10,500,0.082,0.9896,0.0087,0.0007
8,FakeManilaV2,53,1,50,0.205,0.9402,1.0,1.0
8,FakeManilaV2,53,2,100,0.12,0.9796,0.085,0.0395
8,FakeManilaV2,53,3,150,0.0958,0.9861,0.0242,0.0064
8,FakeManilaV2,53,4,200,0.1125,0.9821,0.0167,0.004
8,FakeManilaV2,53,5,250,0.096,0.9844,0.0165,0.0023
8,FakeManilaV2,53,6,300,0.0733,0.9904,0.0227,0.006
8,FakeManilaV2,53,7,350,0.0721,0.9916,0.0012,0.0012
8,FakeManilaV2,53,8,400,0.07,0.9916,0.0021,0.0
8,FakeManilaV2,53,9,450,0.0669,0.9929,0.0031,0.0013
8,FakeManilaV2,53,10,500,0.061,0.9935,0.0059,0.0006
8,FakeManilaV2,54,1,50,0.185,0.946,1.0,1.0
8,FakeManilaV2,54,2,100,0.0925,0.9782,0.0925,0.0322
8,FakeManilaV2,54,3,150,0.125,0.9696,0.0325,0.0086
8,FakeManilaV2,54,4,200,0.1125,0.9802,0.0125,0.0106
8,FakeManilaV2,54,5,250,0.088,0.9879,0.0245,0.0077
8,FakeManilaV2,54,6,300,0.0783,0.992,0.0097,0.004
8,FakeManilaV2,54,7,350,0.0829,0.9904,0.0045,0.0016
8,FakeManilaV2,54,8,400,0.065,0.9921,0.0179,0.0016
8,FakeManilaV2,54,9,450,0.0711,0.9926,0.0061,0.0006
8,FakeManilaV2,54,10,500,0.0635,0.9929,0.0076,0.0003
8,FakeManilaV2,55,1,50,0.145,0.972,1.0,1.0
8,FakeManilaV2,55,2,100,0.1375,0.9703,0.0075,0.0017
8,FakeManilaV2,55,3,150,0.0958,0.9875,0.0417,0.0173
8,FakeManilaV2,55,4,200,0.08,0.988,0.0158,0.0005
8,FakeManilaV2,55,5,250,0.0855,0.9877,0.0055,0.0004
8,FakeManilaV2,55,6,300,0.0742,0.9914,0.0113,0.0037
8,FakeManilaV2,55,7,350,0.0604,0.9934,0.0138,0.002
8,FakeManilaV2,55,8,400,0.06,0.994,0.0004,0.0006
8,FakeManilaV2,55,9,450,0.0672,0.9931,0.0072,0.001
8,FakeManilaV2,55,10,500,0.067,0.9933,0.0002,0.0002
8,FakeManilaV2,56,1,50,0.205,0.886,1.0,1.0
8,FakeManilaV2,56,2,100,0.16,0.9158,0.045,0.0297
8,FakeManilaV2,56,3,150,0.1175,0.9773,0.0425,0.0616
8,FakeManilaV2,56,4,200,0.105,0.9838,0.0125,0.0065
8,FakeManilaV2,56,5,250,0.092,0.9863,0.013,0.0025
8,FakeManilaV2,56,6,300,0.0733,0.9909,0.0187,0.0046
8,FakeManilaV2,56,7,350,0.06,0.9931,0.0133,0.0022
8,FakeManilaV2,56,8,400,0.0625,0.994,0.0025,0.0009
8,FakeManilaV2,56,9,450,0.0558,0.9952,0.0067,0.0012
8,FakeManilaV2,56,10,500,0.0575,0.9944,0.0017,0.0008
8,FakeManilaV2,57,1,50,0.225,0.8359,1.0,1.0
8,FakeManilaV2,57,2,100,0.1125,0.9816,0.1125,0.1457
8,FakeManilaV2,57,3,150,0.1025,0.9856,0.01,0.004
8,FakeManilaV2,57,4,200,0.0625,0.9943,0.04,0.0088
8,FakeManilaV2,57,5,250,0.089,0.9898,0.0265,0.0046
8,FakeManilaV2,57,6,300,0.0958,0.9871,0.0068,0.0026
8,FakeManilaV2,57,7,350,0.0854,0.9893,0.0105,0.0021
8,FakeManilaV2,57,8,400,0.0875,0.9887,0.0021,0.0005
8,FakeManilaV2,57,9,450,0.0781,0.9921,0.0094,0.0033
8,FakeManilaV2,57,10,500,0.0805,0.9917,0.0024,0.0003
8,FakeManilaV2,58,1,50,0.265,0.8622,1.0,1.0
8,FakeManilaV2,58,2,100,0.1875,0.9463,0.0775,0.0842
8,FakeManilaV2,58,3,150,0.1533,0.9703,0.0342,0.024
8,FakeManilaV2,58,4,200,0.1275,0.9756,0.0258,0.0053
8,FakeManilaV2,58,5,250,0.0975,0.9851,0.03,0.0095
8,FakeManilaV2,58,6,300,0.0775,0.9907,0.02,0.0056
8,FakeManilaV2,58,7,350,0.0714,0.9913,0.0061,0.0006
8,FakeManilaV2,58,8,400,0.0625,0.9927,0.0089,0.0015
8,FakeManilaV2,58,9,450,0.0672,0.9914,0.0047,0.0014
8,FakeManilaV2,58,10,500,0.0585,0.9918,0.0087,0.0005
8,FakeManilaV2,59,1,50,0.185,0.9458,1.0,1.0
8,FakeManilaV2,59,2,100,0.1625,0.9403,0.0225,0.0055
8,FakeManilaV2,59,3,150,0.1183,0.9751,0.0442,0.0348
8,FakeManilaV2,59,4,200,0.105,0.9834,0.0133,0.0083
8,FakeManilaV2,59,5,250,0.097,0.9855,0.008,0.0021
8,FakeManilaV2,59,6,300,0.09,0.9876,0.007,0.0021
8,FakeManilaV2,59,7,350,0.0879,0.9879,0.0021,0.0003
8,FakeManilaV2,59,8,400,0.0875,0.988,0.0004,0.0001
8,FakeManilaV2,59,9,450,0.0933,0.9881,0.0058,0.0001
8,FakeManilaV2,59,10,500,0.094,0.9877,0.0007,0.0005
8,FakeManilaV2,60,1,50,0.2225,0.9274,1.0,1.0
8,FakeManilaV2,60,2,100,0.1575,0.9586,0.065,0.0312
8,FakeManilaV2,60,3,150,0.1375,0.9709,0.02,0.0123
8,FakeManilaV2,60,4,200,0.1,0.9781,0.0375,0.0072
8,FakeManilaV2,60,5,250,0.091,0.9853,0.009,0.0072
8,FakeManilaV2,60,6,300,0.0792,0.9897,0.0118,0.0045
8,FakeManilaV2,60,7,350,0.0854,0.9898,0.0062,0.0001
8,FakeManilaV2,60,8,400,0.075,0.9905,0.0104,0.0006
8,FakeManilaV2,60,9,450,0.0781,0.9898,0.0031,0.0007
8,FakeManilaV2,60,10,500,0.0755,0.9912,0.0026,0.0014
8,FakeManilaV2,61,1,50,0.2275,0.8822,1.0,1.0
8,FakeManilaV2,61,2,100,0.1275,0.9729,0.1,0.0907
8,FakeManilaV2,61,3,150,0.1108,0.9788,0.0167,0.0059
8,FakeManilaV2,61,4,200,0.1225,0.9743,0.0117,0.0046
8,FakeManilaV2,61,5,250,0.12,0.9751,0.0025,0.0008
8,FakeManilaV2,61,6,300,0.1067,0.9837,0.0133,0.0087
8,FakeManilaV2,61,7,350,0.0968,0.9872,0.0099,0.0034
8,FakeManilaV2,61,8,400,0.1,0.9866,0.0032,0.0005
8,FakeManilaV2,61,9,450,0.0911,0.9872,0.0089,0.0006
8,FakeManilaV2,61,10,500,0.083,0.9876,0.0081,0.0004
8,FakeManilaV2,62,1,50,0.205,0.9254,1.0,1.0
8,FakeManilaV2,62,2,100,0.18,0.9457,0.025,0.0202
8,FakeManilaV2,62,3,150,0.125,0.9765,0.055,0.0308
8,FakeManilaV2,62,4,200,0.11,0.983,0.015,0.0065
8,FakeManilaV2,62,5,250,0.0905,0.9861,0.0195,0.0031
8,FakeManilaV2,62,6,300,0.0767,0.9881,0.0138,0.002
8,FakeManilaV2,62,7,350,0.0832,0.9868,0.0065,0.0013
8,FakeManilaV2,62,8,400,0.065,0.9918,0.0182,0.005
8,FakeManilaV2,62,9,450,0.0675,0.9896,0.0025,0.0023
8,FakeManilaV2,62,10,500,0.064,0.9907,0.0035,0.0012
8,FakeManilaV2,63,1,50,0.2075,0.9419,1.0,1.0
8,FakeManilaV2,63,2,100,0.1375,0.9679,0.07,0.026
8,FakeManilaV2,63,3,150,0.1425,0.9668,0.005,0.0011
8,FakeManilaV2,63,4,200,0.1,0.9869,0.0425,0.0202
8,FakeManilaV2,63,5,250,0.079,0.9897,0.021,0.0028
8,FakeManilaV2,63,6,300,0.0675,0.9924,0.0115,0.0027
8,FakeManilaV2,63,7,350,0.0743,0.9919,0.0068,0.0006
8,FakeManilaV2,63,8,400,0.07,0.9926,0.0043,0.0008
8,FakeManilaV2,63,9,450,0.0667,0.9926,0.0033,0.0
8,FakeManilaV2,63,10,500,0.0765,0.9919,0.0098,0.0007
8,FakeManilaV2,64,1,50,0.205,0.9386,1.0,1.0
8,FakeManilaV2,64,2,100,0.1525,0.9682,0.0525,0.0296
8,FakeManilaV2,64,3,150,0.0983,0.9822,0.0542,0.014
8,FakeManilaV2,64,4,200,0.085,0.9861,0.0133,0.0038
8,FakeManilaV2,64,5,250,0.089,0.9886,0.004,0.0025
8,FakeManilaV2,64,6,300,0.09,0.9902,0.001,0.0016
8,FakeManilaV2,64,7,350,0.0718,0.9925,0.0182,0.0024
8,FakeManilaV2,64,8,400,0.065,0.9934,0.0068,0.0009
8,FakeManilaV2,64,9,450,0.0581,0.9946,0.0069,0.0011
8,FakeManilaV2,64,10,500,0.0515,0.9965,0.0066,0.0019
8,FakeManilaV2,65,1,50,0.19,0.8889,1.0,1.0
8,FakeManilaV2,65,2,100,0.12,0.9796,0.07,0.0907
8,FakeManilaV2,65,3,150,0.1267,0.9784,0.0067,0.0012
8,FakeManilaV2,65,4,200,0.12,0.9811,0.0067,0.0027
8,FakeManilaV2,65,5,250,0.108,0.9838,0.012,0.0026
8,FakeManilaV2,65,6,300,0.1108,0.9807,0.0028,0.0031
8,FakeManilaV2,65,7,350,0.1061,0.9839,0.0048,0.0032
8,FakeManilaV2,65,8,400,0.09,0.9885,0.0161,0.0047
8,FakeManilaV2,65,9,450,0.0794,0.9908,0.0106,0.0022
8,FakeManilaV2,65,10,500,0.0815,0.99,0.0021,0.0008
8,FakeManilaV2,66,1,50,0.1825,0.9096,1.0,1.0
8,FakeManilaV2,66,2,100,0.135,0.9578,0.0475,0.0482
8,FakeManilaV2,66,3,150,0.1017,0.9788,0.0333,0.021
8,FakeManilaV2,66,4,200,0.0725,0.989,0.0292,0.0103
8,FakeManilaV2,66,5,250,0.048,0.9966,0.0245,0.0076
8,FakeManilaV2,66,6,300,0.0542,0.9959,0.0062,0.0007
8,FakeManilaV2,66,7,350,0.0629,0.9945,0.0087,0.0014
8,FakeManilaV2,66,8,400,0.075,0.992,0.0121,0.0026
8,FakeManilaV2,66,9,450,0.0689,0.9934,0.0061,0.0015
8,FakeManilaV2,66,10,500,0.067,0.9932,0.0019,0.0002
8,FakeManilaV2,67,1,50,0.2825,0.8101,1.0,1.0
8,FakeManilaV2,67,2,100,0.19,0.9385,0.0925,0.1284
8,FakeManilaV2,67,3,150,0.1442,0.9541,0.0458,0.0156
8,FakeManilaV2,67,4,200,0.09,0.9881,0.0542,0.034
8,FakeManilaV2,67,5,250,0.0785,0.991,0.0115,0.0029
8,FakeManilaV2,67,6,300,0.0742,0.9922,0.0043,0.0012
8,FakeManilaV2,67,7,350,0.0632,0.9931,0.011,0.0009
8,FakeManilaV2,67,8,400,0.0675,0.9926,0.0043,0.0005
8,FakeManilaV2,67,9,450,0.0783,0.9908,0.0108,0.0018
8,FakeManilaV2,67,10,500,0.0745,0.9915,0.0038,0.0007
8,FakeManilaV2,68,1,50,0.205,0.8913,1.0,1.0
8,FakeManilaV2,68,2,100,0.1125,0.9826,0.0925,0.0913
8,FakeManilaV2,68,3,150,0.1025,0.9853,0.01,0.0027
8,FakeManilaV2,68,4,200,0.105,0.9827,0.0025,0.0026
8,FakeManilaV2,68,5,250,0.0905,0.9861,0.0145,0.0034
8,FakeManilaV2,68,6,300,0.0817,0.9893,0.0088,0.0032
8,FakeManilaV2,68,7,350,0.0693,0.9909,0.0124,0.0016
8,FakeManilaV2,68,8,400,0.055,0.9924,0.0143,0.0015
8,FakeManilaV2,68,9,450,0.0514,0.9952,0.0036,0.0028
8,FakeManilaV2,68,10,500,0.063,0.9936,0.0116,0.0015
8,FakeManilaV2,69,1,50,0.2225,0.8906,1.0,1.0
8,FakeManilaV2,69,2,100,0.1625,0.9674,0.06,0.0768
8,FakeManilaV2,69,3,150,0.1042,0.9848,0.0583,0.0174
8,FakeManilaV2,69,4,200,0.0925,0.9857,0.0117,0.0008
8,FakeManilaV2,69,5,250,0.0695,0.9914,0.023,0.0058
8,FakeManilaV2,69,6,300,0.0742,0.9917,0.0047,0.0003
8,FakeManilaV2,69,7,350,0.0743,0.9923,0.0001,0.0006
8,FakeManilaV2,69,8,400,0.065,0.9943,0.0093,0.002
8,FakeManilaV2,69,9,450,0.0669,0.9937,0.0019,0.0006
8,FakeManilaV2,69,10,500,0.06,0.9939,0.0069,0.0003
8,FakeManilaV2,70,1,50,0.1875,0.9393,1.0,1.0
8,FakeManilaV2,70,2,100,0.205,0.948,0.0175,0.0087
8,FakeManilaV2,70,3,150,0.1492,0.9708,0.0558,0.0229
8,FakeManilaV2,70,4,200,0.12,0.9803,0.0292,0.0094
8,FakeManilaV2,70,5,250,0.121,0.9804,0.001,0.0001
8,FakeManilaV2,70,6,300,0.1033,0.9853,0.0177,0.0049
8,FakeManilaV2,70,7,350,0.1146,0.9812,0.0113,0.0041
8,FakeManilaV2,70,8,400,0.1075,0.9831,0.0071,0.0019
8,FakeManilaV2,70,9,450,0.0933,0.9874,0.0142,0.0043
8,FakeManilaV2,70,10,500,0.0895,0.9871,0.0038,0.0003
8,FakeManilaV2,71,1,50,0.2225,0.8857,1.0,1.0
8,FakeManilaV2,71,2,100,0.17,0.9589,0.0525,0.0732
8,FakeManilaV2,71,3,150,0.1292,0.9803,0.0408,0.0214
8,FakeManilaV2,71,4,200,0.115,0.9838,0.0142,0.0036
8,FakeManilaV2,71,5,250,0.092,0.9878,0.023,0.004
8,FakeManilaV2,71,6,300,0.0858,0.9901,0.0062,0.0023
8,FakeManilaV2,71,7,350,0.0829,0.9914,0.003,0.0013
8,FakeManilaV2,71,8,400,0.07,0.9931,0.0129,0.0017
8,FakeManilaV2,71,9,450,0.0689,0.994,0.0011,0.001
8,FakeManilaV2,71,10,500,0.0645,0.9946,0.0044,0.0005
8,FakeManilaV2,72,1,50,0.235,0.8802,1.0,1.0
8,FakeManilaV2,72,2,100,0.12,0.9781,0.115,0.0978
8,FakeManilaV2,72,3,150,0.1175,0.9806,0.0025,0.0026
8,FakeManilaV2,72,4,200,0.1025,0.9838,0.015,0.0032
8,FakeManilaV2,72,5,250,0.1015,0.9844,0.001,0.0005
8,FakeManilaV2,72,6,300,0.1008,0.9838,0.0007,0.0006
8,FakeManilaV2,72,7,350,0.0975,0.9866,0.0033,0.0029
8,FakeManilaV2,72,8,400,0.0875,0.9902,0.01,0.0036
8,FakeManilaV2,72,9,450,0.0781,0.9913,0.0094,0.0011
8,FakeManilaV2,72,10,500,0.0755,0.9917,0.0026,0.0004
8,FakeManilaV2,73,1,50,0.305,0.8276,1.0,1.0
8,FakeManilaV2,73,2,100,0.2175,0.9238,0.0875,0.0962
8,FakeManilaV2,73,3,150,0.1692,0.9597,0.0483,0.0359
8,FakeManilaV2,73,4,200,0.0875,0.9899,0.0817,0.0302
8,FakeManilaV2,73,5,250,0.1105,0.984,0.023,0.0059
8,FakeManilaV2,73,6,300,0.0992,0.9857,0.0113,0.0016
8,FakeManilaV2,73,7,350,0.085,0.9893,0.0142,0.0036
8,FakeManilaV2,73,8,400,0.0725,0.9924,0.0125,0.0031
8,FakeManilaV2,73,9,450,0.0628,0.9937,0.0097,0.0013
8,FakeManilaV2,73,10,500,0.0645,0.9943,0.0017,0.0007
8,FakeManilaV2,74,1,50,0.245,0.8688,1.0,1.0
8,FakeManilaV2,74,2,100,0.18,0.9525,0.065,0.0837
8,FakeManilaV2,74,3,150,0.1183,0.9802,0.0617,0.0276
8,FakeManilaV2,74,4,200,0.105,0.9836,0.0133,0.0035
8,FakeManilaV2,74,5,250,0.092,0.9846,0.013,0.001
8,FakeManilaV2,74,6,300,0.1067,0.9827,0.0147,0.0019
8,FakeManilaV2,74,7,350,0.0918,0.9856,0.0149,0.0029
8,FakeManilaV2,74,8,400,0.0675,0.9934,0.0243,0.0078
8,FakeManilaV2,74,9,450,0.0578,0.9942,0.0097,0.0008
8,FakeManilaV2,74,10,500,0.0525,0.9958,0.0053,0.0015
8,FakeManilaV2,75,1,50,0.1825,0.9429,1.0,1.0
8,FakeManilaV2,75,2,100,0.1575,0.961,0.025,0.0181
8,FakeManilaV2,75,3,150,0.1267,0.9721,0.0308,0.0111
8,FakeManilaV2,75,4,200,0.0975,0.9825,0.0292,0.0103
8,FakeManilaV2,75,5,250,0.1,0.9869,0.0025,0.0045
8,FakeManilaV2,75,6,300,0.0842,0.99,0.0158,0.003
8,FakeManilaV2,75,7,350,0.0632,0.9938,0.021,0.0038
8,FakeManilaV2,75,8,400,0.0625,0.9934,0.0007,0.0004
8,FakeManilaV2,75,9,450,0.0558,0.9948,0.0067,0.0014
8,FakeManilaV2,75,10,500,0.057,0.9946,0.0012,0.0001
8,FakeManilaV2,76,1,50,0.1825,0.948,1.0,1.0
8,FakeManilaV2,76,2,100,0.135,0.9733,0.0475,0.0253
8,FakeManilaV2,76,3,150,0.125,0.9792,0.01,0.0059
8,FakeManilaV2,76,4,200,0.115,0.9822,0.01,0.003
8,FakeManilaV2,76,5,250,0.1055,0.9842,0.0095,0.002
8,FakeManilaV2,76,6,300,0.0942,0.9891,0.0113,0.0049
8,FakeManilaV2,76,7,350,0.0657,0.9944,0.0285,0.0054
8,FakeManilaV2,76,8,400,0.05,0.9963,0.0157,0.0019
8,FakeManilaV2,76,9,450,0.0508,0.9964,0.0008,0.0001
8,FakeManilaV2,76,10,500,0.05,0.9963,0.0008,0.0001
8,FakeManilaV2,77,1,50,0.19,0.9371,1.0,1.0
8,FakeManilaV2,77,2,100,0.125,0.9763,0.065,0.0392
8,FakeManilaV2,77,3,150,0.1017,0.9757,0.0233,0.0006
8,FakeManilaV2,77,4,200,0.1075,0.9801,0.0058,0.0044
8,FakeManilaV2,77,5,250,0.1,0.984,0.0075,0.004
8,FakeManilaV2,77,6,300,0.0775,0.9902,0.0225,0.0062
8,FakeManilaV2,77,7,350,0.0914,0.9876,0.0139,0.0027
8,FakeManilaV2,77,8,400,0.0925,0.9877,0.0011,0.0001
8,FakeManilaV2,77,9,450,0.0822,0.989,0.0103,0.0013
8,FakeManilaV2,77,10,500,0.0665,0.9921,0.0157,0.0031
8,FakeManilaV2,78,1,50,0.205,0.8913,1.0,1.0
8,FakeManilaV2,78,2,100,0.15,0.956,0.055,0.0647
8,FakeManilaV2,78,3,150,0.1058,0.976,0.0442,0.02
8,FakeManilaV2,78,4,200,0.09,0.9816,0.0158,0.0056
8,FakeManilaV2,78,5,250,0.096,0.9848,0.006,0.0032
8,FakeManilaV2,78,6,300,0.0867,0.9883,0.0093,0.0035
8,FakeManilaV2,78,7,350,0.0779,0.9891,0.0088,0.0007
8,FakeManilaV2,78,8,400,0.0725,0.9915,0.0054,0.0025
8,FakeManilaV2,78,9,450,0.0758,0.9917,0.0033,0.0001
8,FakeManilaV2,78,10,500,0.061,0.9937,0.0148,0.002
8,FakeManilaV2,79,1,50,0.2675,0.8107,1.0,1.0
8,FakeManilaV2,79,2,100,0.17,0.9552,0.0975,0.1445
8,FakeManilaV2,79,3,150,0.1067,0.9823,0.0633,0.027
8,FakeManilaV2,79,4,200,0.095,0.9878,0.0117,0.0055
8,FakeManilaV2,79,5,250,0.1025,0.9853,0.0075,0.0025
8,FakeManilaV2,79,6,300,0.08,0.9901,0.0225,0.0048
8,FakeManilaV2,79,7,350,0.0718,0.9917,0.0082,0.0016
8,FakeManilaV2,79,8,400,0.0625,0.9945,0.0093,0.0028
8,FakeManilaV2,79,9,450,0.0558,0.9957,0.0067,0.0012
8,FakeManilaV2,79,10,500,0.0475,0.9966,0.0083,0.0009
8,FakeManilaV2,80,1,50,0.2225,0.8827,1.0,1.0
8,FakeManilaV2,80,2,100,0.145,0.9632,0.0775,0.0805
8,FakeManilaV2,80,3,150,0.105,0.9828,0.04,0.0195
8,FakeManilaV2,80,4,200,0.12,0.9786,0.015,0.0042
8,FakeManilaV2,80,5,250,0.108,0.9852,0.012,0.0067
8,FakeManilaV2,80,6,300,0.0667,0.9934,0.0413,0.0081
8,FakeManilaV2,80,7,350,0.0682,0.9934,0.0015,0.0
8,FakeManilaV2,80,8,400,0.05,0.9966,0.0182,0.0033
8,FakeManilaV2,80,9,450,0.0494,0.9963,0.0006,0.0003
8,FakeManilaV2,80,10,500,0.0455,0.9964,0.0039,0.0001
8,FakeManilaV2,81,1,50,0.3475,0.8498,1.0,1.0
8,FakeManilaV2,81,2,100,0.205,0.9341,0.1425,0.0842
8,FakeManilaV2,81,3,150,0.14,0.9705,0.065,0.0364
8,FakeManilaV2,81,4,200,0.1275,0.9739,0.0125,0.0035
8,FakeManilaV2,81,5,250,0.0985,0.9856,0.029,0.0117
8,FakeManilaV2,81,6,300,0.0975,0.9856,0.001,0.0001
8,FakeManilaV2,81,7,350,0.0882,0.9898,0.0093,0.0043
8,FakeManilaV2,81,8,400,0.0775,0.9919,0.0107,0.0021
8,FakeManilaV2,81,9,450,0.0736,0.992,0.0039,0.0
8,FakeManilaV2,81,10,500,0.0645,0.9943,0.0091,0.0023
8,FakeManilaV2,82,1,50,0.26,0.8247,1.0,1.0
8,FakeManilaV2,82,2,100,0.17,0.9047,0.09,0.0799
8,FakeManilaV2,82,3,150,0.1133,0.9838,0.0567,0.0791
8,FakeManilaV2,82,4,200,0.0975,0.9846,0.0158,0.0007
8,FakeManilaV2,82,5,250,0.088,0.9883,0.0095,0.0037
8,FakeManilaV2,82,6,300,0.0867,0.989,0.0013,0.0007
8,FakeManilaV2,82,7,350,0.0832,0.9877,0.0035,0.0013
8,FakeManilaV2,82,8,400,0.075,0.9902,0.0082,0.0025
8,FakeManilaV2,82,9,450,0.0667,0.9909,0.0083,0.0007
8,FakeManilaV2,82,10,500,0.072,0.9911,0.0053,0.0002
8,FakeManilaV2,83,1,50,0.1425,0.9675,1.0,1.0
8,FakeManilaV2,83,2,100,0.1025,0.9831,0.04,0.0156
8,FakeManilaV2,83,3,150,0.1025,0.9848,0.0,0.0017
8,FakeManilaV2,83,4,200,0.095,0.9883,0.0075,0.0035
8,FakeManilaV2,83,5,250,0.096,0.9858,0.001,0.0025
8,FakeManilaV2,83,6,300,0.0875,0.9891,0.0085,0.0033
8,FakeManilaV2,83,7,350,0.0746,0.991,0.0129,0.0019
8,FakeManilaV2,83,8,400,0.0775,0.9914,0.0029,0.0003
8,FakeManilaV2,83,9,450,0.0536,0.9964,0.0239,0.0051
8,FakeManilaV2,83,10,500,0.0485,0.9966,0.0051,0.0002
8,FakeManilaV2,84,1,50,0.2275,0.9189,1.0,1.0
8,FakeManilaV2,84,2,100,0.1825,0.9556,0.045,0.0367
8,FakeManilaV2,84,3,150,0.145,0.9683,0.0375,0.0127
8,FakeManilaV2,84,4,200,0.1325,0.9763,0.0125,0.008
8,FakeManilaV2,84,5,250,0.104,0.9865,0.0285,0.0103
8,FakeManilaV2,84,6,300,0.0967,0.9879,0.0073,0.0013
8,FakeManilaV2,84,7,350,0.0771,0.9928,0.0195,0.005
8,FakeManilaV2,84,8,400,0.0725,0.9934,0.0046,0.0005
8,FakeManilaV2,84,9,450,0.0661,0.9933,0.0064,0.0001
8,FakeManilaV2,84,10,500,0.0555,0.9948,0.0106,0.0015
8,FakeManilaV2,85,1,50,0.185,0.9458,1.0,1.0
8,FakeManilaV2,85,2,100,0.105,0.9808,0.08,0.035
8,FakeManilaV2,85,3,150,0.125,0.9741,0.02,0.0067
8,FakeManilaV2,85,4,200,0.12,0.9777,0.005,0.0037
8,FakeManilaV2,85,5,250,0.1135,0.9798,0.0065,0.0021
8,FakeManilaV2,85,6,300,0.0983,0.9801,0.0152,0.0003
8,FakeManilaV2,85,7,350,0.0975,0.9801,0.0008,0.0
8,FakeManilaV2,85,8,400,0.09,0.9834,0.0075,0.0033
8,FakeManilaV2,85,9,450,0.0886,0.9844,0.0014,0.001
8,FakeManilaV2,85,10,500,0.078,0.9898,0.0106,0.0053
8,FakeManilaV2,86,1,50,0.3025,0.8829,1.0,1.0
8,FakeManilaV2,86,2,100,0.1725,0.9479,0.13,0.065
8,FakeManilaV2,86,3,150,0.16,0.9624,0.0125,0.0145
8,FakeManilaV2,86,4,200,0.1375,0.9688,0.0225,0.0063
8,FakeManilaV2,86,5,250,0.1135,0.98,0.024,0.0112
8,FakeManilaV2,86,6,300,0.1075,0.9824,0.006,0.0024
8,FakeManilaV2,86,7,350,0.0979,0.9856,0.0096,0.0032
8,FakeManilaV2,86,8,400,0.08,0.9906,0.0179,0.005
8,FakeManilaV2,86,9,450,0.0778,0.9914,0.0022,0.0008
8,FakeManilaV2,86,10,500,0.0755,0.9919,0.0023,0.0005
8,FakeManilaV2,87,1,50,0.205,0.894,1.0,1.0
8,FakeManilaV2,87,2,100,0.135,0.9725,0.07,0.0786
8,FakeManilaV2,87,3,150,0.0958,0.9846,0.0392,0.0121
8,FakeManilaV2,87,4,200,0.1075,0.9845,0.0117,0.0002
8,FakeManilaV2,87,5,250,0.1025,0.9866,0.005,0.0022
8,FakeManilaV2,87,6,300,0.1033,0.985,0.0008,0.0017
8,FakeManilaV2,87,7,350,0.0857,0.9885,0.0176,0.0036
8,FakeManilaV2,87,8,400,0.09,0.9872,0.0043,0.0014
8,FakeManilaV2,87,9,450,0.085,0.9875,0.005,0.0003
8,FakeManilaV2,87,10,500,0.073,0.9906,0.012,0.003
8,FakeManilaV2,88,1,50,0.1725,0.9538,1.0,1.0
8,FakeManilaV2,88,2,100,0.125,0.9732,0.0475,0.0194
8,FakeManilaV2,88,3,150,0.1025,0.9785,0.0225,0.0053
8,FakeManilaV2,88,4,200,0.0825,0.9857,0.02,0.0072
8,FakeManilaV2,88,5,250,0.0735,0.9886,0.009,0.0029
8,FakeManilaV2,88,6,300,0.0767,0.9865,0.0032,0.0021
8,FakeManilaV2,88,7,350,0.0829,0.9877,0.0062,0.0012
8,FakeManilaV2,88,8,400,0.0825,0.9893,0.0004,0.0016
8,FakeManilaV2,88,9,450,0.0869,0.986,0.0044,0.0033
8,FakeManilaV2,88,10,500,0.0845,0.9851,0.0024,0.0009
8,FakeManilaV2,89,1,50,0.225,0.878,1.0,1.0
8,FakeManilaV2,89,2,100,0.1225,0.9747,0.1025,0.0967
8,FakeManilaV2,89,3,150,0.14,0.971,0.0175,0.0037
8,FakeManilaV2,89,4,200,0.1025,0.9854,0.0375,0.0144
8,FakeManilaV2,89,5,250,0.103,0.9841,0.0005,0.0013
8,FakeManilaV2,89,6,300,0.0767,0.9925,0.0263,0.0084
8,FakeManilaV2,89,7,350,0.06,0.9946,0.0167,0.0022
8,FakeManilaV2,89,8,400,0.0575,0.9952,0.0025,0.0006
8,FakeManilaV2,89,9,450,0.0558,0.9954,0.0017,0.0001
8,FakeManilaV2,89,10,500,0.062,0.9949,0.0062,0.0005
8,FakeManilaV2,90,1,50,0.2425,0.8852,1.0,1.0
8,FakeManilaV2,90,2,100,0.145,0.9742,0.0975,0.0891
8,FakeManilaV2,90,3,150,0.0917,0.9874,0.0533,0.0131
8,FakeManilaV2,90,4,200,0.0825,0.9898,0.0092,0.0025
8,FakeManilaV2,90,5,250,0.06,0.9933,0.0225,0.0035
8,FakeManilaV2,90,6,300,0.0642,0.9925,0.0042,0.0008
8,FakeManilaV2,90,7,350,0.06,0.9942,0.0042,0.0017
8,FakeManilaV2,90,8,400,0.06,0.9943,0.0,0.0001
8,FakeManilaV2,90,9,450,0.0578,0.995,0.0022,0.0007
8,FakeManilaV2,90,10,500,0.058,0.9949,0.0002,0.0001
8,FakeManilaV2,91,1,50,0.19,0.9504,1.0,1.0
8,FakeManilaV2,91,2,100,0.13,0.96,0.06,0.0097
8,FakeManilaV2,91,3,150,0.0908,0.9833,0.0392,0.0233
8,FakeManilaV2,91,4,200,0.075,0.9908,0.0158,0.0074
8,FakeManilaV2,91,5,250,0.0895,0.9867,0.0145,0.0041
8,FakeManilaV2,91,6,300,0.0908,0.9848,0.0013,0.0019
8,FakeManilaV2,91,7,350,0.0721,0.989,0.0187,0.0043
8,FakeManilaV2,91,8,400,0.0725,0.9894,0.0004,0.0004
8,FakeManilaV2,91,9,450,0.0844,0.9891,0.0119,0.0004
8,FakeManilaV2,91,10,500,0.084,0.9894,0.0004,0.0004
8,FakeManilaV2,92,1,50,0.2875,0.8908,1.0,1.0
8,FakeManilaV2,92,2,100,0.135,0.9721,0.1525,0.0814
8,FakeManilaV2,92,3,150,0.1092,0.982,0.0258,0.0098
8,FakeManilaV2,92,4,200,0.105,0.985,0.0042,0.0031
8,FakeManilaV2,92,5,250,0.104,0.9837,0.001,0.0013
8,FakeManilaV2,92,6,300,0.0717,0.991,0.0323,0.0073
8,FakeManilaV2,92,7,350,0.075,0.9901,0.0033,0.0009
8,FakeManilaV2,92,8,400,0.0775,0.9899,0.0025,0.0002
8,FakeManilaV2,92,9,450,0.0819,0.9896,0.0044,0.0003
8,FakeManilaV2,92,10,500,0.067,0.9925,0.0149,0.0029
8,FakeManilaV2,93,1,50,0.22,0.9323,1.0,1.0
8,FakeManilaV2,93,2,100,0.155,0.9653,0.065,0.0329
8,FakeManilaV2,93,3,150,0.105,0.9833,0.05,0.018
8,FakeManilaV2,93,4,200,0.0825,0.9895,0.0225,0.0062
8,FakeManilaV2,93,5,250,0.081,0.9906,0.0015,0.0011
8,FakeManilaV2,93,6,300,0.0783,0.991,0.0027,0.0004
8,FakeManilaV2,93,7,350,0.0714,0.9926,0.0069,0.0016
8,FakeManilaV2,93,8,400,0.0725,0.993,0.0011,0.0004
8,FakeManilaV2,93,9,450,0.0675,0.9937,0.005,0.0008
8,FakeManilaV2,93,10,500,0.069,0.9935,0.0015,0.0002
8,FakeManilaV2,94,1,50,0.125,0.9777,1.0,1.0
8,FakeManilaV2,94,2,100,0.115,0.9792,0.01,0.0015
8,FakeManilaV2,94,3,150,0.1692,0.9633,0.0542,0.016
8,FakeManilaV2,94,4,200,0.1225,0.9791,0.0467,0.0158
8,FakeManilaV2,94,5,250,0.133,0.976,0.0105,0.0031
8,FakeManilaV2,94,6,300,0.1092,0.9835,0.0238,0.0075
8,FakeManilaV2,94,7,350,0.0882,0.9887,0.021,0.0052
8,FakeManilaV2,94,8,400,0.0775,0.9915,0.0107,0.0028
8,FakeManilaV2,94,9,450,0.0775,0.9911,0.0,0.0004
8,FakeManilaV2,94,10,500,0.0695,0.993,0.008,0.0018
8,FakeManilaV2,95,1,50,0.1875,0.9354,1.0,1.0
8,FakeManilaV2,95,2,100,0.1625,0.9625,0.025,0.027
8,FakeManilaV2,95,3,150,0.1225,0.9798,0.04,0.0173
8,FakeManilaV2,95,4,200,0.1125,0.9828,0.01,0.0031
8,FakeManilaV2,95,5,250,0.104,0.9836,0.0085,0.0007
8,FakeManilaV2,95,6,300,0.1042,0.9823,0.0002,0.0013
8,FakeManilaV2,95,7,350,0.1029,0.9828,0.0013,0.0005
8,FakeManilaV2,95,8,400,0.1075,0.9817,0.0046,0.0011
8,FakeManilaV2,95,9,450,0.0892,0.9858,0.0183,0.0041
8,FakeManilaV2,95,10,500,0.0765,0.9886,0.0127,0.0028
8,FakeManilaV2,96,1,50,0.1825,0.9546,1.0,1.0
8,FakeManilaV2,96,2,100,0.17,0.947,0.0125,0.0076
8,FakeManilaV2,96,3,150,0.1042,0.9863,0.0658,0.0393
8,FakeManilaV2,96,4,200,0.0975,0.9879,0.0067,0.0016
8,FakeManilaV2,96,5,250,0.1175,0.9807,0.02,0.0073
8,FakeManilaV2,96,6,300,0.1,0.9857,0.0175,0.005
8,FakeManilaV2,96,7,350,0.0754,0.9897,0.0246,0.004
8,FakeManilaV2,96,8,400,0.08,0.9894,0.0046,0.0003
8,FakeManilaV2,96,9,450,0.08,0.9918,0.0,0.0024
8,FakeManilaV2,96,10,500,0.07,0.9939,0.01,0.0021
8,FakeManilaV2,97,1,50,0.2625,0.8939,1.0,1.0
8,FakeManilaV2,97,2,100,0.1725,0.9411,0.09,0.0472
8,FakeManilaV2,97,3,150,0.1533,0.9585,0.0192,0.0174
8,FakeManilaV2,97,4,200,0.1325,0.972,0.0208,0.0135
8,FakeManilaV2,97,5,250,0.12,0.9736,0.0125,0.0016
8,FakeManilaV2,97,6,300,0.1175,0.9761,0.0025,0.0026
8,FakeManilaV2,97,7,350,0.0918,0.9847,0.0257,0.0086
8,FakeManilaV2,97,8,400,0.0925,0.9867,0.0007,0.002
8,FakeManilaV2,97,9,450,0.0911,0.9878,0.0014,0.0011
8,FakeManilaV2,97,10,500,0.071,0.991,0.0201,0.0032
8,FakeManilaV2,98,1,50,0.24,0.8745,1.0,1.0
8,FakeManilaV2,98,2,100,0.1875,0.9377,0.0525,0.0631
8,FakeManilaV2,98,3,150,0.1508,0.9644,0.0367,0.0268
8,FakeManilaV2,98,4,200,0.125,0.9732,0.0258,0.0088
8,FakeManilaV2,98,5,250,0.107,0.9742,0.018,0.001
8,FakeManilaV2,98,6,300,0.0975,0.9841,0.0095,0.0099
8,FakeManilaV2,98,7,350,0.0796,0.9907,0.0179,0.0066
8,FakeManilaV2,98,8,400,0.0675,0.9932,0.0121,0.0025
8,FakeManilaV2,98,9,450,0.0578,0.9946,0.0097,0.0014
8,FakeManilaV2,98,10,500,0.0505,0.9961,0.0073,0.0016
8,FakeManilaV2,99,1,50,0.17,0.8965,1.0,1.0
8,FakeManilaV2,99,2,100,0.115,0.9768,0.055,0.0804
8,FakeManilaV2,99,3,150,0.0933,0.9859,0.0217,0.009
8,FakeManilaV2,99,4,200,0.0825,0.9899,0.0108,0.0041
8,FakeManilaV2,99,5,250,0.068,0.9931,0.0145,0.0032
8,FakeManilaV2,99,6,300,0.0675,0.9929,0.0005,0.0002
8,FakeManilaV2,99,7,350,0.0657,0.9922,0.0018,0.0007
8,FakeManilaV2,99,8,400,0.06,0.9938,0.0057,0.0016
8,FakeManilaV2,99,9,450,0.0558,0.9952,0.0042,0.0014
8,FakeManilaV2,99,10,500,0.047,0.9956,0.0088,0.0004
8,FakeManilaV2,100,1,50,0.1875,0.9038,1.0,1.0
8,FakeManilaV2,100,2,100,0.135,0.9722,0.0525,0.0685
8,FakeManilaV2,100,3,150,0.1383,0.9742,0.0033,0.0019
8,FakeManilaV2,100,4,200,0.1175,0.9789,0.0208,0.0047
8,FakeManilaV2,100,5,250,0.076,0.9906,0.0415,0.0118
8,FakeManilaV2,100,6,300,0.055,0.9936,0.021,0.003
8,FakeManilaV2,100,7,350,0.0632,0.9927,0.0082,0.0009
8,FakeManilaV2,100,8,400,0.0525,0.9948,0.0107,0.0021
8,FakeManilaV2,100,9,450,0.0531,0.9958,0.0006,0.001
8,FakeManilaV2,100,10,500,0.0465,0.9963,0.0066,0.0004
8,FakeManilaV2,101,1,50,0.185,0.9458,1.0,1.0
8,FakeManilaV2,101,2,100,0.12,0.9807,0.065,0.035
8,FakeManilaV2,101,3,150,0.0758,0.9901,0.0442,0.0093
8,FakeManilaV2,101,4,200,0.095,0.988,0.0192,0.0021
8,FakeManilaV2,101,5,250,0.095,0.985,0.0,0.003
8,FakeManilaV2,101,6,300,0.0883,0.9867,0.0067,0.0017
8,FakeManilaV2,101,7,350,0.0943,0.9843,0.006,0.0025
8,FakeManilaV2,101,8,400,0.08,0.9897,0.0143,0.0054
8,FakeManilaV2,101,9,450,0.0728,0.9909,0.0072,0.0012
8,FakeManilaV2,101,10,500,0.0755,0.9896,0.0027,0.0013
8,FakeManilaV2,102,1,50,0.17,0.898,1.0,1.0
8,FakeManilaV2,102,2,100,0.1425,0.9586,0.0275,0.0606
8,FakeManilaV2,102,3,150,0.1333,0.9703,0.0092,0.0117
8,FakeManilaV2,102,4,200,0.14,0.9708,0.0067,0.0004
8,FakeManilaV2,102,5,250,0.1425,0.9727,0.0025,0.0019
8,FakeManilaV2,102,6,300,0.1125,0.9826,0.03,0.0099
8,FakeManilaV2,102,7,350,0.105,0.9828,0.0075,0.0003
8,FakeManilaV2,102,8,400,0.11,0.9844,0.005,0.0016
8,FakeManilaV2,102,9,450,0.0961,0.9865,0.0139,0.0021
8,FakeManilaV2,102,10,500,0.085,0.9885,0.0111,0.002
8,FakeManilaV2,103,1,50,0.245,0.8752,1.0,1.0
8,FakeManilaV2,103,2,100,0.155,0.9514,0.09,0.0762
8,FakeManilaV2,103,3,150,0.1408,0.96,0.0142,0.0086
8,FakeManilaV2,103,4,200,0.12,0.9749,0.0208,0.0149
8,FakeManilaV2,103,5,250,0.12,0.9732,0.0,0.0018
8,FakeManilaV2,103,6,300,0.1158,0.9771,0.0042,0.004
8,FakeManilaV2,103,7,350,0.1111,0.9822,0.0048,0.0051
8,FakeManilaV2,103,8,400,0.0925,0.988,0.0186,0.0058
8,FakeManilaV2,103,9,450,0.0936,0.9882,0.0011,0.0002
8,FakeManilaV2,103,10,500,0.083,0.9903,0.0106,0.0021
8,FakeManilaV2,104,1,50,0.2075,0.8813,1.0,1.0
8,FakeManilaV2,104,2,100,0.1175,0.9756,0.09,0.0943
8,FakeManilaV2,104,3,150,0.0875,0.9858,0.03,0.0102
8,FakeManilaV2,104,4,200,0.1075,0.9838,0.02,0.0021
8,FakeManilaV2,104,5,250,0.096,0.9853,0.0115,0.0015
8,FakeManilaV2,104,6,300,0.0725,0.9913,0.0235,0.0061
8,FakeManilaV2,104,7,350,0.0657,0.9928,0.0068,0.0015
8,FakeManilaV2,104,8,400,0.0775,0.9921,0.0118,0.0007
8,FakeManilaV2,104,9,450,0.0756,0.9916,0.0019,0.0005
8,FakeManilaV2,104,10,500,0.0605,0.9945,0.0151,0.0028
8,FakeManilaV2,105,1,50,0.205,0.932,1.0,1.0
8,FakeManilaV2,105,2,100,0.0875,0.9871,0.1175,0.0551
8,FakeManilaV2,105,3,150,0.0917,0.9868,0.0042,0.0003
8,FakeManilaV2,105,4,200,0.085,0.9895,0.0067,0.0027
8,FakeManilaV2,105,5,250,0.0855,0.9894,0.0005,0.0001
8,FakeManilaV2,105,6,300,0.0817,0.9902,0.0038,0.0009
8,FakeManilaV2,105,7,350,0.0746,0.9918,0.007,0.0016
8,FakeManilaV2,105,8,400,0.07,0.9923,0.0046,0.0005
8,FakeManilaV2,105,9,450,0.0644,0.9927,0.0056,0.0004
8,FakeManilaV2,105,10,500,0.064,0.9938,0.0004,0.0012
8,FakeManilaV2,106,1,50,0.245,0.9063,1.0,1.0
8,FakeManilaV2,106,2,100,0.1575,0.9546,0.0875,0.0482
8,FakeManilaV2,106,3,150,0.1025,0.9848,0.055,0.0303
8,FakeManilaV2,106,4,200,0.0725,0.9928,0.03,0.008
8,FakeManilaV2,106,5,250,0.081,0.991,0.0085,0.0018
8,FakeManilaV2,106,6,300,0.0692,0.9938,0.0118,0.0028
8,FakeManilaV2,106,7,350,0.0796,0.9922,0.0105,0.0016
8,FakeManilaV2,106,8,400,0.08,0.992,0.0004,0.0002
8,FakeManilaV2,106,9,450,0.0867,0.9908,0.0067,0.0013
8,FakeManilaV2,106,10,500,0.0765,0.9925,0.0102,0.0017
8,FakeManilaV2,107,1,50,0.245,0.9052,1.0,1.0
8,FakeManilaV2,107,2,100,0.1725,0.963,0.0725,0.0578
8,FakeManilaV2,107,3,150,0.125,0.9804,0.0475,0.0174
8,FakeManilaV2,107,4,200,0.105,0.9818,0.02,0.0014
8,FakeManilaV2,107,5,250,0.1,0.9827,0.005,0.0009
8,FakeManilaV2,107,6,300,0.0983,0.9856,0.0017,0.0029
8,FakeManilaV2,107,7,350,0.0771,0.9893,0.0212,0.0038
8,FakeManilaV2,107,8,400,0.09,0.9873,0.0129,0.002
8,FakeManilaV2,107,9,450,0.0844,0.9886,0.0056,0.0013
8,FakeManilaV2,107,10,500,0.082,0.9896,0.0024,0.001
8,FakeManilaV2,108,1,50,0.2625,0.8693,1.0,1.0
8,FakeManilaV2,108,2,100,0.2,0.9501,0.0625,0.0809
8,FakeManilaV2,108,3,150,0.1758,0.9579,0.0242,0.0078
8,FakeManilaV2,108,4,200,0.135,0.9739,0.0408,0.016
8,FakeManilaV2,108,5,250,0.1135,0.9808,0.0215,0.0069
8,FakeManilaV2,108,6,300,0.0883,0.9873,0.0252,0.0066
8,FakeManilaV2,108,7,350,0.0861,0.9879,0.0023,0.0006
8,FakeManilaV2,108,8,400,0.08,0.9894,0.0061,0.0014
8,FakeManilaV2,108,9,450,0.0775,0.9904,0.0025,0.0011
8,FakeManilaV2,108,10,500,0.0745,0.9915,0.003,0.0011
8,FakeManilaV2,109,1,50,0.1875,0.942,1.0,1.0
8,FakeManilaV2,109,2,100,0.1325,0.9648,0.055,0.0228
8,FakeManilaV2,109,3,150,0.125,0.9752,0.0075,0.0104
8,FakeManilaV2,109,4,200,0.0625,0.9916,0.0625,0.0165
8,FakeManilaV2,109,5,250,0.096,0.9855,0.0335,0.0061
8,FakeManilaV2,109,6,300,0.0833,0.9895,0.0127,0.004
8,FakeManilaV2,109,7,350,0.0882,0.9892,0.0049,0.0004
8,FakeManilaV2,109,8,400,0.0975,0.9866,0.0093,0.0025
8,FakeManilaV2,109,9,450,0.0811,0.9898,0.0164,0.0032
8,FakeManilaV2,109,10,500,0.0695,0.9927,0.0116,0.0029
8,FakeManilaV2,110,1,50,0.185,0.9392,1.0,1.0
8,FakeManilaV2,110,2,100,0.165,0.9403,0.02,0.0011
8,FakeManilaV2,110,3,150,0.1267,0.9787,0.0383,0.0384
8,FakeManilaV2,110,4,200,0.11,0.9861,0.0167,0.0074
8,FakeManilaV2,110,5,250,0.0855,0.9887,0.0245,0.0026
8,FakeManilaV2,110,6,300,0.09,0.9889,0.0045,0.0002
8,FakeManilaV2,110,7,350,0.0775,0.9914,0.0125,0.0025
8,FakeManilaV2,110,8,400,0.075,0.9921,0.0025,0.0007
8,FakeManilaV2,110,9,450,0.0775,0.9921,0.0025,0.0
8,FakeManilaV2,110,10,500,0.0655,0.994,0.012,0.0019
8,FakeManilaV2,111,1,50,0.3025,0.7993,1.0,1.0
8,FakeManilaV2,111,2,100,0.18,0.9491,0.1225,0.1498
8,FakeManilaV2,111,3,150,0.1283,0.9775,0.0517,0.0284
8,FakeManilaV2,111,4,200,0.12,0.9769,0.0083,0.0005
8,FakeManilaV2,111,5,250,0.097,0.9845,0.023,0.0076
8,FakeManilaV2,111,6,300,0.0967,0.9859,0.0003,0.0014
8,FakeManilaV2,111,7,350,0.0861,0.9882,0.0106,0.0023
8,FakeManilaV2,111,8,400,0.0825,0.9889,0.0036,0.0007
8,FakeManilaV2,111,9,450,0.0781,0.9902,0.0044,0.0013
8,FakeManilaV2,111,10,500,0.0785,0.9905,0.0004,0.0003
8,FakeManilaV2,112,1,50,0.28,0.8559,1.0,1.0
8,FakeManilaV2,112,2,100,0.17,0.943,0.11,0.0871
8,FakeManilaV2,112,3,150,0.145,0.9538,0.025,0.0108
8,FakeManilaV2,112,4,200,0.135,0.9743,0.01,0.0205
8,FakeManilaV2,112,5,250,0.0985,0.9862,0.0365,0.0119
8,FakeManilaV2,112,6,300,0.0925,0.9895,0.006,0.0033
8,FakeManilaV2,112,7,350,0.0686,0.9927,0.0239,0.0032
8,FakeManilaV2,112,8,400,0.0725,0.9925,0.0039,0.0002
8,FakeManilaV2,112,9,450,0.0531,0.9952,0.0194,0.0027
8,FakeManilaV2,112,10,500,0.0505,0.996,0.0026,0.0008
8,FakeManilaV2,113,1,50,0.2275,0.9123,1.0,1.0
8,FakeManilaV2,113,2,100,0.16,0.9645,0.0675,0.0522
8,FakeManilaV2,113,3,150,0.1158,0.9814,0.0442,0.0169
8,FakeManilaV2,113,4,200,0.095,0.9863,0.0208,0.0049
8,FakeManilaV2,113,5,250,0.1,0.9859,0.005,0.0005
8,FakeManilaV2,113,6,300,0.0833,0.9883,0.0167,0.0025
8,FakeManilaV2,113,7,350,0.0739,0.9906,0.0094,0.0023
8,FakeManilaV2,113,8,400,0.075,0.99,0.0011,0.0006
8,FakeManilaV2,113,9,450,0.0714,0.9908,0.0036,0.0009
8,FakeManilaV2,113,10,500,0.069,0.992,0.0024,0.0012
8,FakeManilaV2,114,1,50,0.1825,0.9347,1.0,1.0
8,FakeManilaV2,114,2,100,0.1675,0.9534,0.015,0.0186
8,FakeManilaV2,114,3,150,0.18,0.9542,0.0125,0.0008
8,FakeManilaV2,114,4,200,0.1575,0.9626,0.0225,0.0084
8,FakeManilaV2,114,5,250,0.117,0.9792,0.0405,0.0166
8,FakeManilaV2,114,6,300,0.1067,0.9825,0.0103,0.0033
8,FakeManilaV2,114,7,350,0.0946,0.9872,0.012,0.0047
8,FakeManilaV2,114,8,400,0.0825,0.9905,0.0121,0.0033
8,FakeManilaV2,114,9,450,0.0825,0.9909,0.0,0.0004
8,FakeManilaV2,114,10,500,0.0795,0.9914,0.003,0.0005
8,FakeManilaV2,115,1,50,0.19,0.9465,1.0,1.0
8,FakeManilaV2,115,2,100,0.13,0.977,0.06,0.0305
8,FakeManilaV2,115,3,150,0.1208,0.9783,0.0092,0.0013
8,FakeManilaV2,115,4,200,0.1125,0.9818,0.0083,0.0035
8,FakeManilaV2,115,5,250,0.093,0.9881,0.0195,0.0063
8,FakeManilaV2,115,6,300,0.09,0.9884,0.003,0.0004
8,FakeManilaV2,115,7,350,0.0943,0.9872,0.0043,0.0013
8,FakeManilaV2,115,8,400,0.08,0.9886,0.0143,0.0015
8,FakeManilaV2,115,9,450,0.0758,0.9911,0.0042,0.0025
8,FakeManilaV2,115,10,500,0.0765,0.9912,0.0007,0.0001
8,FakeManilaV2,116,1,50,0.225,0.9318,1.0,1.0
8,FakeManilaV2,116,2,100,0.175,0.9501,0.05,0.0183
8,FakeManilaV2,116,3,150,0.1517,0.9656,0.0233,0.0155
8,FakeManilaV2,116,4,200,0.125,0.9755,0.0267,0.0099
8,FakeManilaV2,116,5,250,0.1055,0.9821,0.0195,0.0066
8,FakeManilaV2,116,6,300,0.0842,0.9873,0.0213,0.0052
8,FakeManilaV2,116,7,350,0.0804,0.9902,0.0038,0.0028
8,FakeManilaV2,116,8,400,0.075,0.9921,0.0054,0.0019
8,FakeManilaV2,116,9,450,0.0647,0.9936,0.0103,0.0015
8,FakeManilaV2,116,10,500,0.0555,0.9947,0.0092,0.0011
8,FakeManilaV2,117,1,50,0.2475,0.8615,1.0,1.0
8,FakeManilaV2,117,2,100,0.1475,0.9689,0.1,0.1075
8,FakeManilaV2,117,3,150,0.12,0.9795,0.0275,0.0105
8,FakeManilaV2,117,4,200,0.1075,0.9807,0.0125,0.0013
8,FakeManilaV2,117,5,250,0.0895,0.9856,0.018,0.0048
8,FakeManilaV2,117,6,300,0.085,0.9887,0.0045,0.0031
8,FakeManilaV2,117,7,350,0.0664,0.9928,0.0186,0.0041
8,FakeManilaV2,117,8,400,0.075,0.9919,0.0086,0.0009
8,FakeManilaV2,117,9,450,0.0686,0.9929,0.0064,0.0011
8,FakeManilaV2,117,10,500,0.074,0.9908,0.0054,0.0021
8,FakeManilaV2,118,1,50,0.1625,0.9485,1.0,1.0
8,FakeManilaV2,118,2,100,0.1425,0.9673,0.02,0.0187
8,FakeManilaV2,118,3,150,0.0908,0.9831,0.0517,0.0158
8,FakeManilaV2,118,4,200,0.08,0.9904,0.0108,0.0073
8,FakeManilaV2,118,5,250,0.0855,0.9883,0.0055,0.0021
8,FakeManilaV2,118,6,300,0.0617,0.9932,0.0238,0.0049
8,FakeManilaV2,118,7,350,0.0604,0.9949,0.0013,0.0017
8,FakeManilaV2,118,8,400,0.05,0.9956,0.0104,0.0007
8,FakeManilaV2,118,9,450,0.0556,0.9953,0.0056,0.0003
8,FakeManilaV2,118,10,500,0.052,0.9957,0.0036,0.0004
8,FakeManilaV2,119,1,50,0.2075,0.885,1.0,1.0
8,FakeManilaV2,119,2,100,0.1825,0.9589,0.025,0.0739
8,FakeManilaV2,119,3,150,0.1092,0.9804,0.0733,0.0215
8,FakeManilaV2,119,4,200,0.1,0.9851,0.0092,0.0048
8,FakeManilaV2,119,5,250,0.0905,0.9877,0.0095,0.0026
8,FakeManilaV2,119,6,300,0.0908,0.988,0.0003,0.0003
8,FakeManilaV2,119,7,350,0.08,0.9911,0.0108,0.0031
8,FakeManilaV2,119,8,400,0.075,0.9909,0.005,0.0001
8,FakeManilaV2,119,9,450,0.0603,0.9938,0.0147,0.0029
8,FakeManilaV2,119,10,500,0.068,0.9934,0.0077,0.0004
15,FakeManilaV2,20,1,100,0.12,0.8737,1.0,1.0
15,FakeManilaV2,20,2,200,0.135,0.8638,0.015,0.01
15,FakeManilaV2,20,3,300,0.15,0.866,0.015,0.0022
15,FakeManilaV2,20,4,400,0.16,0.8532,0.01,0.0128
15,FakeManilaV2,20,5,500,0.138,0.8638,0.022,0.0106
15,FakeManilaV2,20,6,600,0.1383,0.8614,0.0003,0.0024
15,FakeManilaV2,20,7,700,0.1386,0.8601,0.0002,0.0013
15,FakeManilaV2,20,8,800,0.1325,0.8669,0.0061,0.0068
15,FakeManilaV2,20,9,900,0.1278,0.8718,0.0047,0.0049
15,FakeManilaV2,20,10,1000,0.129,0.8705,0.0012,0.0013
15,FakeManilaV2,21,1,100,0.12,0.8687,1.0,1.0
15,FakeManilaV2,21,2,200,0.1,0.8985,0.02,0.0298
15,FakeManilaV2,21,3,300,0.1067,0.8908,0.0067,0.0077
15,FakeManilaV2,21,4,400,0.125,0.873,0.0183,0.0178
15,FakeManilaV2,21,5,500,0.132,0.8665,0.007,0.0065
15,FakeManilaV2,21,6,600,0.1333,0.8657,0.0013,0.0007
15,FakeManilaV2,21,7,700,0.13,0.8689,0.0033,0.0032
15,FakeManilaV2,21,8,800,0.135,0.8645,0.005,0.0044
15,FakeManilaV2,21,9,900,0.1344,0.8647,0.0006,0.0002
15,FakeManilaV2,21,10,1000,0.131,0.8682,0.0034,0.0035
15,FakeManilaV2,22,1,100,0.1,0.8948,1.0,1.0
15,FakeManilaV2,22,2,200,0.12,0.8895,0.02,0.0053
15,FakeManilaV2,22,3,300,0.1267,0.8832,0.0067,0.0063
15,FakeManilaV2,22,4,400,0.105,0.8934,0.0217,0.0102
15,FakeManilaV2,22,5,500,0.104,0.8939,0.001,0.0005
15,FakeManilaV2,22,6,600,0.1233,0.8749,0.0193,0.019
15,FakeManilaV2,22,7,700,0.1257,0.8733,0.0024,0.0016
15,FakeManilaV2,22,8,800,0.125,0.8743,0.0007,0.001
15,FakeManilaV2,22,9,900,0.1233,0.8758,0.0017,0.0015
15,FakeManilaV2,22,10,1000,0.13,0.8693,0.0067,0.0065
15,FakeManilaV2,23,1,100,0.13,0.8837,1.0,1.0
15,FakeManilaV2,23,2,200,0.12,0.8793,0.01,0.0043
15,FakeManilaV2,23,3,300,0.1233,0.8759,0.0033,0.0034
15,FakeManilaV2,23,4,400,0.115,0.8835,0.0083,0.0076
15,FakeManilaV2,23,5,500,0.118,0.8816,0.003,0.0019
15,FakeManilaV2,23,6,600,0.1133,0.8859,0.0047,0.0043
15,FakeManilaV2,23,7,700,0.1243,0.8746,0.011,0.0113
15,FakeManilaV2,23,8,800,0.1237,0.8749,0.0005,0.0003
15,FakeManilaV2,23,9,900,0.1233,0.876,0.0004,0.0011
15,FakeManilaV2,23,10,1000,0.129,0.8703,0.0057,0.0057
15,FakeManilaV2,24,1,100,0.08,0.918,1.0,1.0
15,FakeManilaV2,24,2,200,0.115,0.8845,0.035,0.0335
15,FakeManilaV2,24,3,300,0.1067,0.8932,0.0083,0.0087
15,FakeManilaV2,24,4,400,0.1325,0.8672,0.0258,0.026
15,FakeManilaV2,24,5,500,0.134,0.8658,0.0015,0.0014
15,FakeManilaV2,24,6,600,0.135,0.8642,0.001,0.0016
15,FakeManilaV2,24,7,700,0.1343,0.8651,0.0007,0.001
15,FakeManilaV2,24,8,800,0.13,0.8691,0.0043,0.0039
15,FakeManilaV2,24,9,900,0.1289,0.8704,0.0011,0.0013
15,FakeManilaV2,24,10,1000,0.128,0.8716,0.0009,0.0012
15,FakeManilaV2,25,1,100,0.16,0.8463,1.0,1.0
15,FakeManilaV2,25,2,200,0.145,0.8571,0.015,0.0107
15,FakeManilaV2,25,3,300,0.13,0.8684,0.015,0.0113
15,FakeManilaV2,25,4,400,0.135,0.8634,0.005,0.005
15,FakeManilaV2,25,5,500,0.132,0.8675,0.003,0.0041
15,FakeManilaV2,25,6,600,0.1267,0.873,0.0053,0.0055
15,FakeManilaV2,25,7,700,0.1243,0.8754,0.0024,0.0025
15,FakeManilaV2,25,8,800,0.1237,0.876,0.0005,0.0006
15,FakeManilaV2,25,9,900,0.1278,0.8718,0.004,0.0042
15,FakeManilaV2,25,10,1000,0.13,0.8696,0.0022,0.0022
15,FakeManilaV2,26,1,100,0.14,0.8742,1.0,1.0
15,FakeManilaV2,26,2,200,0.16,0.8373,0.02,0.0369
15,FakeManilaV2,26,3,300,0.1267,0.8703,0.0333,0.033
15,FakeManilaV2,26,4,400,0.1175,0.8841,0.0092,0.0138
15,FakeManilaV2,26,5,500,0.114,0.8836,0.0035,0.0005
15,FakeManilaV2,26,6,600,0.1133,0.8846,0.0007,0.001
15,FakeManilaV2,26,7,700,0.1157,0.8818,0.0024,0.0028
15,FakeManilaV2,26,8,800,0.11,0.8878,0.0057,0.006
15,FakeManilaV2,26,9,900,0.1067,0.8911,0.0033,0.0033
15,FakeManilaV2,26,10,1000,0.109,0.8897,0.0023,0.0014
15,FakeManilaV2,27,1,100,0.16,0.8715,1.0,1.0
15,FakeManilaV2,27,2,200,0.145,0.8602,0.015,0.0113
15,FakeManilaV2,27,3,300,0.1533,0.8527,0.0083,0.0074
15,FakeManilaV2,27,4,400,0.15,0.859,0.0033,0.0062
15,FakeManilaV2,27,5,500,0.136,0.875,0.014,0.016
15,FakeManilaV2,27,6,600,0.1417,0.8746,0.0057,0.0004
15,FakeManilaV2,27,7,700,0.1243,0.8796,0.0174,0.005
15,FakeManilaV2,27,8,800,0.1175,0.8812,0.0068,0.0016
15,FakeManilaV2,27,9,900,0.1122,0.8867,0.0053,0.0055
15,FakeManilaV2,27,10,1000,0.11,0.8889,0.0022,0.0022
15,FakeManilaV2,28,1,100,0.15,0.8483,1.0,1.0
15,FakeManilaV2,28,2,200,0.12,0.8797,0.03,0.0314
15,FakeManilaV2,28,3,300,0.1167,0.8823,0.0033,0.0026
15,FakeManilaV2,28,4,400,0.1225,0.8766,0.0058,0.0057
15,FakeManilaV2,28,5,500,0.12,0.8814,0.0025,0.0048
15,FakeManilaV2,28,6,600,0.1217,0.8761,0.0017,0.0054
15,FakeManilaV2,28,7,700,0.13,0.8682,0.0083,0.0079
15,FakeManilaV2,28,8,800,0.1337,0.8666,0.0038,0.0016
15,FakeManilaV2,28,9,900,0.1244,0.8745,0.0093,0.0079
15,FakeManilaV2,28,10,1000,0.121,0.878,0.0034,0.0035
15,FakeManilaV2,29,1,100,0.2,0.8296,1.0,1.0
15,FakeManilaV2,29,2,200,0.165,0.8586,0.035,0.0291
15,FakeManilaV2,29,3,300,0.14,0.867,0.025,0.0084
15,FakeManilaV2,29,4,400,0.135,0.8643,0.005,0.0027
15,FakeManilaV2,29,5,500,0.124,0.8756,0.011,0.0113
15,FakeManilaV2,29,6,600,0.1333,0.866,0.0093,0.0096
15,FakeManilaV2,29,7,700,0.1386,0.8604,0.0052,0.0055
15,FakeManilaV2,29,8,800,0.1325,0.8667,0.0061,0.0062
15,FakeManilaV2,29,9,900,0.13,0.8692,0.0025,0.0026
15,FakeManilaV2,29,10,1000,0.132,0.8675,0.002,0.0018
15,FakeManilaV2,30,1,100,0.17,0.8242,1.0,1.0
15,FakeManilaV2,30,2,200,0.15,0.8497,0.02,0.0255
15,FakeManilaV2,30,3,300,0.14,0.8583,0.01,0.0087
15,FakeManilaV2,30,4,400,0.145,0.8543,0.005,0.0041
15,FakeManilaV2,30,5,500,0.144,0.8548,0.001,0.0006
15,FakeManilaV2,30,6,600,0.1433,0.8553,0.0007,0.0005
15,FakeManilaV2,30,7,700,0.1443,0.8538,0.001,0.0015
15,FakeManilaV2,30,8,800,0.1412,0.8575,0.003,0.0037
15,FakeManilaV2,30,9,900,0.1356,0.8632,0.0057,0.0057
15,FakeManilaV2,30,10,1000,0.134,0.8646,0.0016,0.0014
15,FakeManilaV2,31,1,100,0.14,0.8931,1.0,1.0
15,FakeManilaV2,31,2,200,0.12,0.8798,0.02,0.0133
15,FakeManilaV2,31,3,300,0.1167,0.8828,0.0033,0.003
15,FakeManilaV2,31,4,400,0.135,0.8646,0.0183,0.0182
15,FakeManilaV2,31,5,500,0.144,0.8559,0.009,0.0087
15,FakeManilaV2,31,6,600,0.1483,0.8514,0.0043,0.0045
15,FakeManilaV2,31,7,700,0.1386,0.8613,0.0098,0.0098
15,FakeManilaV2,31,8,800,0.1412,0.8587,0.0027,0.0026
15,FakeManilaV2,31,9,900,0.1389,0.8611,0.0024,0.0024
15,FakeManilaV2,31,10,1000,0.131,0.8689,0.0079,0.0079
15,FakeManilaV2,32,1,100,0.2,0.8469,1.0,1.0
15,FakeManilaV2,32,2,200,0.13,0.8685,0.07,0.0216
15,FakeManilaV2,32,3,300,0.1133,0.8865,0.0167,0.018
15,FakeManilaV2,32,4,400,0.115,0.8847,0.0017,0.0018
15,FakeManilaV2,32,5,500,0.124,0.8755,0.009,0.0091
15,FakeManilaV2,32,6,600,0.1267,0.8733,0.0027,0.0023
15,FakeManilaV2,32,7,700,0.1257,0.8743,0.001,0.001
15,FakeManilaV2,32,8,800,0.125,0.8748,0.0007,0.0005
15,FakeManilaV2,32,9,900,0.1256,0.874,0.0006,0.0008
15,FakeManilaV2,32,10,1000,0.127,0.8728,0.0014,0.0012
15,FakeManilaV2,33,1,100,0.17,0.8741,1.0,1.0
15,FakeManilaV2,33,2,200,0.11,0.8888,0.06,0.0147
15,FakeManilaV2,33,3,300,0.1133,0.8862,0.0033,0.0026
15,FakeManilaV2,33,4,400,0.1175,0.8776,0.0042,0.0086
15,FakeManilaV2,33,5,500,0.116,0.8812,0.0015,0.0036
15,FakeManilaV2,33,6,600,0.115,0.8832,0.001,0.002
15,FakeManilaV2,33,7,700,0.11,0.8874,0.005,0.0042
15,FakeManilaV2,33,8,800,0.11,0.8891,0.0,0.0017
15,FakeManilaV2,33,9,900,0.1078,0.8915,0.0022,0.0024
15,FakeManilaV2,33,10,1000,0.112,0.8861,0.0042,0.0054
15,FakeManilaV2,34,1,100,0.15,0.8658,1.0,1.0
15,FakeManilaV2,34,2,200,0.115,0.8868,0.035,0.021
15,FakeManilaV2,34,3,300,0.1133,0.8831,0.0017,0.0037
15,FakeManilaV2,34,4,400,0.125,0.8711,0.0117,0.012
15,FakeManilaV2,34,5,500,0.128,0.8694,0.003,0.0017
15,FakeManilaV2,34,6,600,0.135,0.8644,0.007,0.005
15,FakeManilaV2,34,7,700,0.1343,0.8653,0.0007,0.001
15,FakeManilaV2,34,8,800,0.1287,0.8705,0.0055,0.0052
15,FakeManilaV2,34,9,900,0.1333,0.8663,0.0046,0.0041
15,FakeManilaV2,34,10,1000,0.13,0.8695,0.0033,0.0032
15,FakeManilaV2,35,1,100,0.16,0.8354,1.0,1.0
15,FakeManilaV2,35,2,200,0.175,0.8213,0.015,0.0141
15,FakeManilaV2,35,3,300,0.18,0.8168,0.005,0.0045
15,FakeManilaV2,35,4,400,0.185,0.8131,0.005,0.0037
15,FakeManilaV2,35,5,500,0.168,0.8311,0.017,0.018
15,FakeManilaV2,35,6,600,0.165,0.8342,0.003,0.0031
15,FakeManilaV2,35,7,700,0.1586,0.8408,0.0064,0.0066
15,FakeManilaV2,35,8,800,0.1575,0.8419,0.0011,0.001
15,FakeManilaV2,35,9,900,0.16,0.8395,0.0025,0.0024
15,FakeManilaV2,35,10,1000,0.156,0.8434,0.004,0.004
15,FakeManilaV2,36,1,100,0.19,0.8062,1.0,1.0
15,FakeManilaV2,36,2,200,0.14,0.8584,0.05,0.0523
15,FakeManilaV2,36,3,300,0.1267,0.8711,0.0133,0.0126
15,FakeManilaV2,36,4,400,0.1225,0.8773,0.0042,0.0062
15,FakeManilaV2,36,5,500,0.124,0.8742,0.0015,0.003
15,FakeManilaV2,36,6,600,0.125,0.8714,0.001,0.0028
15,FakeManilaV2,36,7,700,0.1314,0.8659,0.0064,0.0056
15,FakeManilaV2,36,8,800,0.1325,0.8653,0.0011,0.0006
15,FakeManilaV2,36,9,900,0.1333,0.865,0.0008,0.0002
15,FakeManilaV2,36,10,1000,0.134,0.8643,0.0007,0.0008
15,FakeManilaV2,37,1,100,0.1,0.9163,1.0,1.0
15,FakeManilaV2,37,2,200,0.115,0.8998,0.015,0.0165
15,FakeManilaV2,37,3,300,0.11,0.9008,0.005,0.001
15,FakeManilaV2,37,4,400,0.1025,0.8956,0.0075,0.0052
15,FakeManilaV2,37,5,500,0.1,0.8988,0.0025,0.0032
15,FakeManilaV2,37,6,600,0.1033,0.8954,0.0033,0.0034
15,FakeManilaV2,37,7,700,0.1071,0.892,0.0038,0.0034
15,FakeManilaV2,37,8,800,0.1125,0.8867,0.0054,0.0053
15,FakeManilaV2,37,9,900,0.1067,0.8929,0.0058,0.0061
15,FakeManilaV2,37,10,1000,0.105,0.8946,0.0017,0.0017
15,FakeManilaV2,38,1,100,0.14,0.8589,1.0,1.0
15,FakeManilaV2,38,2,200,0.13,0.8676,0.01,0.0087
15,FakeManilaV2,38,3,300,0.13,0.8672,0.0,0.0004
15,FakeManilaV2,38,4,400,0.12,0.8778,0.01,0.0106
15,FakeManilaV2,38,5,500,0.122,0.8738,0.002,0.004
15,FakeManilaV2,38,6,600,0.1283,0.8684,0.0063,0.0054
15,FakeManilaV2,38,7,700,0.1214,0.876,0.0069,0.0076
15,FakeManilaV2,38,8,800,0.1212,0.8767,0.0002,0.0007
15,FakeManilaV2,38,9,900,0.12,0.8785,0.0013,0.0018
15,FakeManilaV2,38,10,1000,0.119,0.8798,0.001,0.0013
15,FakeManilaV2,39,1,100,0.2,0.8022,1.0,1.0
15,FakeManilaV2,39,2,200,0.15,0.8456,0.05,0.0433
15,FakeManilaV2,39,3,300,0.1333,0.8737,0.0167,0.0281
15,FakeManilaV2,39,4,400,0.1275,0.8714,0.0058,0.0023
15,FakeManilaV2,39,5,500,0.132,0.8673,0.0045,0.0041
15,FakeManilaV2,39,6,600,0.13,0.8683,0.002,0.001
15,FakeManilaV2,39,7,700,0.1329,0.8657,0.0029,0.0026
15,FakeManilaV2,39,8,800,0.135,0.8635,0.0021,0.0023
15,FakeManilaV2,39,9,900,0.14,0.8584,0.005,0.005
15,FakeManilaV2,39,10,1000,0.138,0.8605,0.002,0.002
15,FakeManilaV2,40,1,100,0.17,0.8662,1.0,1.0
15,FakeManilaV2,40,2,200,0.12,0.8941,0.05,0.0278
15,FakeManilaV2,40,3,300,0.1133,0.897,0.0067,0.0029
15,FakeManilaV2,40,4,400,0.105,0.8934,0.0083,0.0036
15,FakeManilaV2,40,5,500,0.124,0.8737,0.019,0.0197
15,FakeManilaV2,40,6,600,0.1217,0.8765,0.0023,0.0028
15,FakeManilaV2,40,7,700,0.1229,0.8756,0.0012,0.0009
15,FakeManilaV2,40,8,800,0.1162,0.8818,0.0066,0.0062
15,FakeManilaV2,40,9,900,0.12,0.8778,0.0037,0.0039
15,FakeManilaV2,40,10,1000,0.122,0.876,0.002,0.0018
15,FakeManilaV2,41,1,100,0.15,0.8464,1.0,1.0
15,FakeManilaV2,41,2,200,0.125,0.8756,0.025,0.0292
15,FakeManilaV2,41,3,300,0.1367,0.8794,0.0117,0.0039
15,FakeManilaV2,41,4,400,0.1425,0.8734,0.0058,0.0061
15,FakeManilaV2,41,5,500,0.14,0.8654,0.0025,0.008
15,FakeManilaV2,41,6,600,0.1317,0.8673,0.0083,0.0019
15,FakeManilaV2,41,7,700,0.1314,0.8674,0.0002,0.0001
15,FakeManilaV2,41,8,800,0.1375,0.861,0.0061,0.0064
15,FakeManilaV2,41,9,900,0.14,0.8583,0.0025,0.0027
15,FakeManilaV2,41,10,1000,0.144,0.8547,0.004,0.0036
15,FakeManilaV2,42,1,100,0.15,0.8456,1.0,1.0
15,FakeManilaV2,42,2,200,0.135,0.8642,0.015,0.0186
15,FakeManilaV2,42,3,300,0.13,0.8693,0.005,0.0051
15,FakeManilaV2,42,4,400,0.1225,0.8758,0.0075,0.0065
15,FakeManilaV2,42,5,500,0.124,0.875,0.0015,0.0008
15,FakeManilaV2,42,6,600,0.1217,0.8775,0.0023,0.0025
15,FakeManilaV2,42,7,700,0.1171,0.882,0.0045,0.0045
15,FakeManilaV2,42,8,800,0.1137,0.8849,0.0034,0.0029
15,FakeManilaV2,42,9,900,0.1167,0.882,0.0029,0.0029
15,FakeManilaV2,42,10,1000,0.116,0.8829,0.0007,0.0009
15,FakeManilaV2,43,1,100,0.09,0.9077,1.0,1.0
15,FakeManilaV2,43,2,200,0.125,0.8716,0.035,0.0361
15,FakeManilaV2,43,3,300,0.12,0.8788,0.005,0.0071
15,FakeManilaV2,43,4,400,0.13,0.8679,0.01,0.0109
15,FakeManilaV2,43,5,500,0.134,0.8651,0.004,0.0028
15,FakeManilaV2,43,6,600,0.1367,0.8624,0.0027,0.0026
15,FakeManilaV2,43,7,700,0.1371,0.8625,0.0005,0.0
15,FakeManilaV2,43,8,800,0.13,0.8694,0.0071,0.0069
15,FakeManilaV2,43,9,900,0.1333,0.8664,0.0033,0.003
15,FakeManilaV2,43,10,1000,0.135,0.8648,0.0017,0.0016
15,FakeManilaV2,44,1,100,0.14,0.8568,1.0,1.0
15,FakeManilaV2,44,2,200,0.14,0.8575,0.0,0.0007
15,FakeManilaV2,44,3,300,0.13,0.8692,0.01,0.0117
15,FakeManilaV2,44,4,400,0.1375,0.8618,0.0075,0.0074
15,FakeManilaV2,44,5,500,0.138,0.8611,0.0005,0.0006
15,FakeManilaV2,44,6,600,0.1317,0.8681,0.0063,0.0069
15,FakeManilaV2,44,7,700,0.1286,0.8713,0.0031,0.0032
15,FakeManilaV2,44,8,800,0.13,0.8699,0.0014,0.0014
15,FakeManilaV2,44,9,900,0.1333,0.8665,0.0033,0.0034
15,FakeManilaV2,44,10,1000,0.129,0.8709,0.0043,0.0044
15,FakeManilaV2,45,1,100,0.14,0.8564,1.0,1.0
15,FakeManilaV2,45,2,200,0.145,0.8466,0.005,0.0098
15,FakeManilaV2,45,3,300,0.14,0.8575,0.005,0.0109
15,FakeManilaV2,45,4,400,0.1325,0.8654,0.0075,0.0079
15,FakeManilaV2,45,5,500,0.134,0.8648,0.0015,0.0006
15,FakeManilaV2,45,6,600,0.1317,0.8671,0.0023,0.0023
15,FakeManilaV2,45,7,700,0.1271,0.8716,0.0045,0.0045
15,FakeManilaV2,45,8,800,0.125,0.8739,0.0021,0.0022
15,FakeManilaV2,45,9,900,0.1222,0.8773,0.0028,0.0034
15,FakeManilaV2,45,10,1000,0.122,0.8776,0.0002,0.0003
15,FakeManilaV2,46,1,100,0.12,0.8927,1.0,1.0
15,FakeManilaV2,46,2,200,0.145,0.8576,0.025,0.0352
15,FakeManilaV2,46,3,300,0.1367,0.8653,0.0083,0.0077
15,FakeManilaV2,46,4,400,0.125,0.8729,0.0117,0.0077
15,FakeManilaV2,46,5,500,0.124,0.8752,0.001,0.0023
15,FakeManilaV2,46,6,600,0.12,0.8787,0.004,0.0035
15,FakeManilaV2,46,7,700,0.1171,0.8821,0.0029,0.0034
15,FakeManilaV2,46,8,800,0.1312,0.8682,0.0141,0.0139
15,FakeManilaV2,46,9,900,0.1344,0.8653,0.0032,0.0028
15,FakeManilaV2,46,10,1000,0.13,0.8696,0.0044,0.0042
15,FakeManilaV2,47,1,100,0.17,0.8231,1.0,1.0
15,FakeManilaV2,47,2,200,0.14,0.8581,0.03,0.0349
15,FakeManilaV2,47,3,300,0.1433,0.854,0.0033,0.0041
15,FakeManilaV2,47,4,400,0.1325,0.8665,0.0108,0.0125
15,FakeManilaV2,47,5,500,0.13,0.8693,0.0025,0.0029
15,FakeManilaV2,47,6,600,0.125,0.8744,0.005,0.0051
15,FakeManilaV2,47,7,700,0.1243,0.8753,0.0007,0.0009
15,FakeManilaV2,47,8,800,0.1237,0.876,0.0005,0.0007
15,FakeManilaV2,47,9,900,0.1289,0.8709,0.0051,0.0051
15,FakeManilaV2,47,10,1000,0.128,0.8718,0.0009,0.0009
15,FakeManilaV2,48,1,100,0.15,0.8739,1.0,1.0
15,FakeManilaV2,48,2,200,0.15,0.8589,0.0,0.015
15,FakeManilaV2,48,3,300,0.1367,0.862,0.0133,0.0031
15,FakeManilaV2,48,4,400,0.1325,0.8663,0.0042,0.0043
15,FakeManilaV2,48,5,500,0.12,0.8792,0.0125,0.0129
15,FakeManilaV2,48,6,600,0.1217,0.8775,0.0017,0.0016
15,FakeManilaV2,48,7,700,0.1186,0.8799,0.0031,0.0024
15,FakeManilaV2,48,8,800,0.1212,0.8817,0.0027,0.0019
15,FakeManilaV2,48,9,900,0.1211,0.8782,0.0001,0.0035
15,FakeManilaV2,48,10,1000,0.125,0.8772,0.0039,0.001
15,FakeManilaV2,49,1,100,0.18,0.8771,1.0,1.0
15,FakeManilaV2,49,2,200,0.12,0.9062,0.06,0.0291
15,FakeManilaV2,49,3,300,0.0967,0.9086,0.0233,0.0024
15,FakeManilaV2,49,4,400,0.105,0.8985,0.0083,0.01
15,FakeManilaV2,49,5,500,0.1,0.8997,0.005,0.0012
15,FakeManilaV2,49,6,600,0.105,0.895,0.005,0.0048
15,FakeManilaV2,49,7,700,0.1014,0.8982,0.0036,0.0032
15,FakeManilaV2,49,8,800,0.1075,0.8922,0.0061,0.006
15,FakeManilaV2,49,9,900,0.1111,0.8884,0.0036,0.0038
15,FakeManilaV2,49,10,1000,0.112,0.8875,0.0009,0.001
15,FakeManilaV2,50,1,100,0.18,0.8098,1.0,1.0
15,FakeManilaV2,50,2,200,0.195,0.8017,0.015,0.0081
15,FakeManilaV2,50,3,300,0.1533,0.8432,0.0417,0.0415
15,FakeManilaV2,50,4,400,0.14,0.8581,0.0133,0.0149
15,FakeManilaV2,50,5,500,0.144,0.8552,0.004,0.0029
15,FakeManilaV2,50,6,600,0.1417,0.858,0.0023,0.0028
15,FakeManilaV2,50,7,700,0.1343,0.8651,0.0074,0.0071
15,FakeManilaV2,50,8,800,0.13,0.8695,0.0043,0.0044
15,FakeManilaV2,50,9,900,0.1356,0.864,0.0056,0.0055
15,FakeManilaV2,50,10,1000,0.129,0.8705,0.0066,0.0065
15,FakeManilaV2,51,1,100,0.16,0.8482,1.0,1.0
15,FakeManilaV2,51,2,200,0.165,0.8349,0.005,0.0133
15,FakeManilaV2,51,3,300,0.15,0.8499,0.015,0.015
15,FakeManilaV2,51,4,400,0.15,0.8496,0.0,0.0002
15,FakeManilaV2,51,5,500,0.15,0.8492,0.0,0.0005
15,FakeManilaV2,51,6,600,0.1483,0.8507,0.0017,0.0015
15,FakeManilaV2,51,7,700,0.1429,0.8564,0.0055,0.0058
15,FakeManilaV2,51,8,800,0.1387,0.8605,0.0041,0.0041
15,FakeManilaV2,51,9,900,0.1356,0.8638,0.0032,0.0033
15,FakeManilaV2,51,10,1000,0.132,0.8671,0.0036,0.0032
15,FakeManilaV2,52,1,100,0.18,0.8057,1.0,1.0
15,FakeManilaV2,52,2,200,0.165,0.8321,0.015,0.0264
15,FakeManilaV2,52,3,300,0.1533,0.8447,0.0117,0.0127
15,FakeManilaV2,52,4,400,0.155,0.8426,0.0017,0.0022
15,FakeManilaV2,52,5,500,0.146,0.8521,0.009,0.0095
15,FakeManilaV2,52,6,600,0.1417,0.8572,0.0043,0.0051
15,FakeManilaV2,52,7,700,0.1357,0.8652,0.006,0.008
15,FakeManilaV2,52,8,800,0.1337,0.8691,0.002,0.0039
15,FakeManilaV2,52,9,900,0.1333,0.8658,0.0004,0.0032
15,FakeManilaV2,52,10,1000,0.133,0.8689,0.0003,0.0031
15,FakeManilaV2,53,1,100,0.17,0.8274,1.0,1.0
15,FakeManilaV2,53,2,200,0.145,0.8516,0.025,0.0242
15,FakeManilaV2,53,3,300,0.14,0.8595,0.005,0.0079
15,FakeManilaV2,53,4,400,0.1425,0.8571,0.0025,0.0024
15,FakeManilaV2,53,5,500,0.136,0.864,0.0065,0.0069
15,FakeManilaV2,53,6,600,0.1383,0.8616,0.0023,0.0024
15,FakeManilaV2,53,7,700,0.1414,0.8585,0.0031,0.0031
15,FakeManilaV2,53,8,800,0.1375,0.8623,0.0039,0.0038
15,FakeManilaV2,53,9,900,0.1311,0.8686,0.0064,0.0063
15,FakeManilaV2,53,10,1000,0.126,0.8738,0.0051,0.0053
15,FakeManilaV2,54,1,100,0.15,0.8483,1.0,1.0
15,FakeManilaV2,54,2,200,0.165,0.8322,0.015,0.0161
15,FakeManilaV2,54,3,300,0.1533,0.8445,0.0117,0.0123
15,FakeManilaV2,54,4,400,0.1475,0.8504,0.0058,0.0059
15,FakeManilaV2,54,5,500,0.16,0.8428,0.0125,0.0076
15,FakeManilaV2,54,6,600,0.1483,0.8497,0.0117,0.0069
15,FakeManilaV2,54,7,700,0.1414,0.8578,0.0069,0.0081
15,FakeManilaV2,54,8,800,0.1412,0.858,0.0002,0.0002
15,FakeManilaV2,54,9,900,0.1333,0.8664,0.0079,0.0084
15,FakeManilaV2,54,10,1000,0.134,0.8656,0.0007,0.0008
15,FakeManilaV2,55,1,100,0.1,0.9415,1.0,1.0
15,FakeManilaV2,55,2,200,0.095,0.9046,0.005,0.0369
15,FakeManilaV2,55,3,300,0.1033,0.8961,0.0083,0.0085
15,FakeManilaV2,55,4,400,0.11,0.8891,0.0067,0.007
15,FakeManilaV2,55,5,500,0.124,0.8744,0.014,0.0147
15,FakeManilaV2,55,6,600,0.1217,0.8764,0.0023,0.002
15,FakeManilaV2,55,7,700,0.1171,0.882,0.0045,0.0056
15,FakeManilaV2,55,8,800,0.1225,0.8765,0.0054,0.0055
15,FakeManilaV2,55,9,900,0.1267,0.8728,0.0042,0.0037
15,FakeManilaV2,55,10,1000,0.12,0.8795,0.0067,0.0067
15,FakeManilaV2,56,1,100,0.08,0.9194,1.0,1.0
15,FakeManilaV2,56,2,200,0.105,0.8944,0.025,0.0249
15,FakeManilaV2,56,3,300,0.12,0.8796,0.015,0.0148
15,FakeManilaV2,56,4,400,0.1225,0.8769,0.0025,0.0027
15,FakeManilaV2,56,5,500,0.13,0.8691,0.0075,0.0078
15,FakeManilaV2,56,6,600,0.1267,0.8731,0.0033,0.0039
15,FakeManilaV2,56,7,700,0.13,0.8695,0.0033,0.0036
15,FakeManilaV2,56,8,800,0.1187,0.8807,0.0112,0.0112
15,FakeManilaV2,56,9,900,0.1133,0.8863,0.0054,0.0056
15,FakeManilaV2,56,10,1000,0.112,0.8879,0.0013,0.0016
15,FakeManilaV2,57,1,100,0.21,0.7844,1.0,1.0
15,FakeManilaV2,57,2,200,0.16,0.835,0.05,0.0506
15,FakeManilaV2,57,3,300,0.16,0.8366,0.0,0.0016
15,FakeManilaV2,57,4,400,0.145,0.8511,0.015,0.0145
15,FakeManilaV2,57,5,500,0.144,0.8523,0.001,0.0013
15,FakeManilaV2,57,6,600,0.14,0.8579,0.004,0.0055
15,FakeManilaV2,57,7,700,0.1357,0.8619,0.0043,0.0041
15,FakeManilaV2,57,8,800,0.1375,0.8607,0.0018,0.0012
15,FakeManilaV2,57,9,900,0.14,0.8585,0.0025,0.0022
15,FakeManilaV2,57,10,1000,0.14,0.8585,0.0,0.0
15,FakeManilaV2,58,1,100,0.16,0.8767,1.0,1.0
15,FakeManilaV2,58,2,200,0.125,0.8727,0.035,0.004
15,FakeManilaV2,58,3,300,0.1233,0.8763,0.0017,0.0035
15,FakeManilaV2,58,4,400,0.125,0.8744,0.0017,0.0019
15,FakeManilaV2,58,5,500,0.122,0.8769,0.003,0.0025
15,FakeManilaV2,58,6,600,0.1317,0.8673,0.0097,0.0095
15,FakeManilaV2,58,7,700,0.1314,0.8677,0.0002,0.0004
15,FakeManilaV2,58,8,800,0.13,0.8687,0.0014,0.001
15,FakeManilaV2,58,9,900,0.1322,0.8672,0.0022,0.0015
15,FakeManilaV2,58,10,1000,0.132,0.8673,0.0002,0.0001
15,FakeManilaV2,59,1,100,0.16,0.8889,1.0,1.0
15,FakeManilaV2,59,2,200,0.115,0.8882,0.045,0.0007
15,FakeManilaV2,59,3,300,0.12,0.8788,0.005,0.0094
15,FakeManilaV2,59,4,400,0.1075,0.8918,0.0125,0.013
15,FakeManilaV2,59,5,500,0.116,0.8838,0.0085,0.008
15,FakeManilaV2,59,6,600,0.1167,0.8832,0.0007,0.0006
15,FakeManilaV2,59,7,700,0.13,0.8698,0.0133,0.0134
15,FakeManilaV2,59,8,800,0.1287,0.871,0.0013,0.0013
15,FakeManilaV2,59,9,900,0.1344,0.8653,0.0057,0.0057
15,FakeManilaV2,59,10,1000,0.129,0.8707,0.0054,0.0053
15,FakeManilaV2,60,1,100,0.18,0.872,1.0,1.0
15,FakeManilaV2,60,2,200,0.115,0.91,0.065,0.0379
15,FakeManilaV2,60,3,300,0.12,0.9012,0.005,0.0088
15,FakeManilaV2,60,4,400,0.1125,0.8968,0.0075,0.0043
15,FakeManilaV2,60,5,500,0.11,0.8977,0.0025,0.0008
15,FakeManilaV2,60,6,600,0.1067,0.8912,0.0033,0.0065
15,FakeManilaV2,60,7,700,0.1043,0.8941,0.0024,0.0029
15,FakeManilaV2,60,8,800,0.11,0.889,0.0057,0.0051
15,FakeManilaV2,60,9,900,0.1089,0.8906,0.0011,0.0016
15,FakeManilaV2,60,10,1000,0.116,0.8834,0.0071,0.0072
15,FakeManilaV2,61,1,100,0.14,0.8968,1.0,1.0
15,FakeManilaV2,61,2,200,0.09,0.9096,0.05,0.0129
15,FakeManilaV2,61,3,300,0.0833,0.916,0.0067,0.0063
15,FakeManilaV2,61,4,400,0.105,0.8944,0.0217,0.0216
15,FakeManilaV2,61,5,500,0.106,0.8934,0.001,0.001
15,FakeManilaV2,61,6,600,0.11,0.8893,0.004,0.004
15,FakeManilaV2,61,7,700,0.1129,0.8863,0.0029,0.003
15,FakeManilaV2,61,8,800,0.1212,0.8782,0.0084,0.0081
15,FakeManilaV2,61,9,900,0.1156,0.8839,0.0057,0.0057
15,FakeManilaV2,61,10,1000,0.117,0.8828,0.0014,0.0011
15,FakeManilaV2,62,1,100,0.17,0.8232,1.0,1.0
15,FakeManilaV2,62,2,200,0.145,0.8535,0.025,0.0303
15,FakeManilaV2,62,3,300,0.1067,0.8922,0.0383,0.0386
15,FakeManilaV2,62,4,400,0.115,0.8948,0.0083,0.0027
15,FakeManilaV2,62,5,500,0.12,0.8788,0.005,0.016
15,FakeManilaV2,62,6,600,0.1283,0.8709,0.0083,0.0079
15,FakeManilaV2,62,7,700,0.13,0.869,0.0017,0.0018
15,FakeManilaV2,62,8,800,0.1312,0.8683,0.0013,0.0008
15,FakeManilaV2,62,9,900,0.1233,0.8762,0.0079,0.0079
15,FakeManilaV2,62,10,1000,0.127,0.8723,0.0037,0.0039
15,FakeManilaV2,63,1,100,0.21,0.7892,1.0,1.0
15,FakeManilaV2,63,2,200,0.135,0.8615,0.075,0.0723
15,FakeManilaV2,63,3,300,0.1333,0.8649,0.0017,0.0033
15,FakeManilaV2,63,4,400,0.1225,0.876,0.0108,0.0111
15,FakeManilaV2,63,5,500,0.114,0.8847,0.0085,0.0087
15,FakeManilaV2,63,6,600,0.1083,0.8902,0.0057,0.0055
15,FakeManilaV2,63,7,700,0.1143,0.8846,0.006,0.0056
15,FakeManilaV2,63,8,800,0.1187,0.8803,0.0045,0.0043
15,FakeManilaV2,63,9,900,0.1233,0.8757,0.0046,0.0046
15,FakeManilaV2,63,10,1000,0.126,0.8733,0.0027,0.0024
15,FakeManilaV2,64,1,100,0.13,0.8679,1.0,1.0
15,FakeManilaV2,64,2,200,0.105,0.9073,0.025,0.0394
15,FakeManilaV2,64,3,300,0.1133,0.8861,0.0083,0.0211
15,FakeManilaV2,64,4,400,0.1175,0.8817,0.0042,0.0044
15,FakeManilaV2,64,5,500,0.12,0.8781,0.0025,0.0036
15,FakeManilaV2,64,6,600,0.1167,0.882,0.0033,0.0039
15,FakeManilaV2,64,7,700,0.1229,0.8765,0.0062,0.0055
15,FakeManilaV2,64,8,800,0.1275,0.8719,0.0046,0.0046
15,FakeManilaV2,64,9,900,0.1244,0.8752,0.0031,0.0033
15,FakeManilaV2,64,10,1000,0.126,0.8738,0.0016,0.0014
15,FakeManilaV2,65,1,100,0.14,0.8544,1.0,1.0
15,FakeManilaV2,65,2,200,0.18,0.8174,0.04,0.037
15,FakeManilaV2,65,3,300,0.1533,0.8462,0.0267,0.0288
15,FakeManilaV2,65,4,400,0.1475,0.8518,0.0058,0.0056
15,FakeManilaV2,65,5,500,0.154,0.846,0.0065,0.0059
15,FakeManilaV2,65,6,600,0.1483,0.8516,0.0057,0.0057
15,FakeManilaV2,65,7,700,0.1371,0.8627,0.0112,0.011
15,FakeManilaV2,65,8,800,0.13,0.8693,0.0071,0.0067
15,FakeManilaV2,65,9,900,0.1267,0.8731,0.0033,0.0038
15,FakeManilaV2,65,10,1000,0.131,0.8688,0.0043,0.0044
15,FakeManilaV2,66,1,100,0.14,0.8946,1.0,1.0
15,FakeManilaV2,66,2,200,0.095,0.9222,0.045,0.0277
15,FakeManilaV2,66,3,300,0.0867,0.9144,0.0083,0.0078
15,FakeManilaV2,66,4,400,0.0825,0.9162,0.0042,0.0018
15,FakeManilaV2,66,5,500,0.092,0.9071,0.0095,0.0091
15,FakeManilaV2,66,6,600,0.1083,0.8909,0.0163,0.0162
15,FakeManilaV2,66,7,700,0.1057,0.893,0.0026,0.0021
15,FakeManilaV2,66,8,800,0.11,0.8885,0.0043,0.0044
15,FakeManilaV2,66,9,900,0.1144,0.8845,0.0044,0.0041
15,FakeManilaV2,66,10,1000,0.117,0.8822,0.0026,0.0022
15,FakeManilaV2,67,1,100,0.17,0.8215,1.0,1.0
15,FakeManilaV2,67,2,200,0.165,0.8338,0.005,0.0124
15,FakeManilaV2,67,3,300,0.1467,0.8525,0.0183,0.0187
15,FakeManilaV2,67,4,400,0.15,0.8485,0.0033,0.0041
15,FakeManilaV2,67,5,500,0.15,0.8492,0.0,0.0008
15,FakeManilaV2,67,6,600,0.1467,0.8528,0.0033,0.0036
15,FakeManilaV2,67,7,700,0.1371,0.8625,0.0095,0.0097
15,FakeManilaV2,67,8,800,0.145,0.8543,0.0079,0.0082
15,FakeManilaV2,67,9,900,0.14,0.8599,0.005,0.0056
15,FakeManilaV2,67,10,1000,0.145,0.8549,0.005,0.0049
15,FakeManilaV2,68,1,100,0.15,0.845,1.0,1.0
15,FakeManilaV2,68,2,200,0.13,0.8699,0.02,0.0248
15,FakeManilaV2,68,3,300,0.1333,0.8665,0.0033,0.0034
15,FakeManilaV2,68,4,400,0.1175,0.8821,0.0158,0.0156
15,FakeManilaV2,68,5,500,0.12,0.8796,0.0025,0.0025
15,FakeManilaV2,68,6,600,0.1183,0.8805,0.0017,0.001
15,FakeManilaV2,68,7,700,0.1186,0.8804,0.0002,0.0001
15,FakeManilaV2,68,8,800,0.1137,0.8857,0.0048,0.0052
15,FakeManilaV2,68,9,900,0.1189,0.8806,0.0051,0.0051
15,FakeManilaV2,68,10,1000,0.12,0.8796,0.0011,0.001
15,FakeManilaV2,69,1,100,0.13,0.8863,1.0,1.0
15,FakeManilaV2,69,2,200,0.155,0.8444,0.025,0.0419
15,FakeManilaV2,69,3,300,0.14,0.8593,0.015,0.0149
15,FakeManilaV2,69,4,400,0.13,0.8688,0.01,0.0095
15,FakeManilaV2,69,5,500,0.124,0.8752,0.006,0.0064
15,FakeManilaV2,69,6,600,0.12,0.8789,0.004,0.0037
15,FakeManilaV2,69,7,700,0.1243,0.8753,0.0043,0.0035
15,FakeManilaV2,69,8,800,0.1275,0.8721,0.0032,0.0033
15,FakeManilaV2,69,9,900,0.1222,0.8771,0.0053,0.005
15,FakeManilaV2,69,10,1000,0.121,0.8786,0.0012,0.0015
15,FakeManilaV2,70,1,100,0.19,0.8231,1.0,1.0
15,FakeManilaV2,70,2,200,0.165,0.8362,0.025,0.0132
15,FakeManilaV2,70,3,300,0.1733,0.8244,0.0083,0.0118
15,FakeManilaV2,70,4,400,0.1425,0.8564,0.0308,0.032
15,FakeManilaV2,70,5,500,0.15,0.8492,0.0075,0.0073
15,FakeManilaV2,70,6,600,0.1533,0.846,0.0033,0.0031
15,FakeManilaV2,70,7,700,0.16,0.8393,0.0067,0.0068
15,FakeManilaV2,70,8,800,0.1562,0.8432,0.0037,0.0039
15,FakeManilaV2,70,9,900,0.1511,0.8478,0.0051,0.0047
15,FakeManilaV2,70,10,1000,0.148,0.8514,0.0031,0.0035
15,FakeManilaV2,71,1,100,0.14,0.8727,1.0,1.0
15,FakeManilaV2,71,2,200,0.12,0.8922,0.02,0.0195
15,FakeManilaV2,71,3,300,0.12,0.8842,0.0,0.008
15,FakeManilaV2,71,4,400,0.1225,0.8757,0.0025,0.0085
15,FakeManilaV2,71,5,500,0.12,0.8794,0.0025,0.0037
15,FakeManilaV2,71,6,600,0.13,0.8694,0.01,0.01
15,FakeManilaV2,71,7,700,0.1271,0.8725,0.0029,0.0031
15,FakeManilaV2,71,8,800,0.1212,0.8786,0.0059,0.0061
15,FakeManilaV2,71,9,900,0.12,0.8798,0.0013,0.0012
15,FakeManilaV2,71,10,1000,0.126,0.8736,0.006,0.0062
15,FakeManilaV2,72,1,100,0.12,0.9149,1.0,1.0
15,FakeManilaV2,72,2,200,0.1,0.8991,0.02,0.0158
15,FakeManilaV2,72,3,300,0.11,0.8943,0.01,0.0047
15,FakeManilaV2,72,4,400,0.1225,0.8798,0.0125,0.0146
15,FakeManilaV2,72,5,500,0.118,0.8814,0.0045,0.0017
15,FakeManilaV2,72,6,600,0.1283,0.871,0.0103,0.0104
15,FakeManilaV2,72,7,700,0.1286,0.8709,0.0002,0.0002
15,FakeManilaV2,72,8,800,0.1312,0.8683,0.0027,0.0026
15,FakeManilaV2,72,9,900,0.1322,0.8673,0.001,0.001
15,FakeManilaV2,72,10,1000,0.127,0.8724,0.0052,0.005
15,FakeManilaV2,73,1,100,0.14,0.858,1.0,1.0
15,FakeManilaV2,73,2,200,0.135,0.8771,0.005,0.019
15,FakeManilaV2,73,3,300,0.1333,0.8656,0.0017,0.0115
15,FakeManilaV2,73,4,400,0.1375,0.8608,0.0042,0.0047
15,FakeManilaV2,73,5,500,0.144,0.8547,0.0065,0.0061
15,FakeManilaV2,73,6,600,0.135,0.8644,0.009,0.0097
15,FakeManilaV2,73,7,700,0.1343,0.8653,0.0007,0.0008
15,FakeManilaV2,73,8,800,0.13,0.8697,0.0043,0.0045
15,FakeManilaV2,73,9,900,0.1322,0.8676,0.0022,0.0022
15,FakeManilaV2,73,10,1000,0.131,0.8689,0.0012,0.0014
15,FakeManilaV2,74,1,100,0.14,0.8971,1.0,1.0
15,FakeManilaV2,74,2,200,0.12,0.8991,0.02,0.002
15,FakeManilaV2,74,3,300,0.1267,0.8836,0.0067,0.0155
15,FakeManilaV2,74,4,400,0.1225,0.8866,0.0042,0.003
15,FakeManilaV2,74,5,500,0.122,0.8815,0.0005,0.0051
15,FakeManilaV2,74,6,600,0.1183,0.8811,0.0037,0.0004
15,FakeManilaV2,74,7,700,0.1157,0.8838,0.0026,0.0027
15,FakeManilaV2,74,8,800,0.1262,0.8728,0.0105,0.011
15,FakeManilaV2,74,9,900,0.1311,0.8681,0.0049,0.0047
15,FakeManilaV2,74,10,1000,0.128,0.8713,0.0031,0.0032
15,FakeManilaV2,75,1,100,0.15,0.8696,1.0,1.0
15,FakeManilaV2,75,2,200,0.11,0.8887,0.04,0.0191
15,FakeManilaV2,75,3,300,0.1067,0.8923,0.0033,0.0035
15,FakeManilaV2,75,4,400,0.105,0.8949,0.0017,0.0026
15,FakeManilaV2,75,5,500,0.106,0.8935,0.001,0.0014
15,FakeManilaV2,75,6,600,0.1117,0.8877,0.0057,0.0058
15,FakeManilaV2,75,7,700,0.1086,0.8909,0.0031,0.0032
15,FakeManilaV2,75,8,800,0.1075,0.8919,0.0011,0.0011
15,FakeManilaV2,75,9,900,0.1089,0.8906,0.0014,0.0014
15,FakeManilaV2,75,10,1000,0.11,0.8894,0.0011,0.0012
15,FakeManilaV2,76,1,100,0.21,0.802,1.0,1.0
15,FakeManilaV2,76,2,200,0.15,0.8678,0.06,0.0658
15,FakeManilaV2,76,3,300,0.12,0.8781,0.03,0.0103
15,FakeManilaV2,76,4,400,0.1425,0.8557,0.0225,0.0223
15,FakeManilaV2,76,5,500,0.138,0.8606,0.0045,0.0049
15,FakeManilaV2,76,6,600,0.1267,0.8723,0.0113,0.0117
15,FakeManilaV2,76,7,700,0.1314,0.8678,0.0048,0.0045
15,FakeManilaV2,76,8,800,0.1337,0.8655,0.0023,0.0024
15,FakeManilaV2,76,9,900,0.1311,0.8686,0.0026,0.0031
15,FakeManilaV2,76,10,1000,0.131,0.8687,0.0001,0.0001
15,FakeManilaV2,77,1,100,0.15,0.8499,1.0,1.0
15,FakeManilaV2,77,2,200,0.15,0.8465,0.0,0.0034
15,FakeManilaV2,77,3,300,0.1433,0.854,0.0067,0.0075
15,FakeManilaV2,77,4,400,0.135,0.8634,0.0083,0.0093
15,FakeManilaV2,77,5,500,0.128,0.8696,0.007,0.0062
15,FakeManilaV2,77,6,600,0.125,0.8737,0.003,0.0041
15,FakeManilaV2,77,7,700,0.1314,0.8668,0.0064,0.0069
15,FakeManilaV2,77,8,800,0.1262,0.8719,0.0052,0.0051
15,FakeManilaV2,77,9,900,0.1289,0.8698,0.0026,0.0021
15,FakeManilaV2,77,10,1000,0.132,0.8672,0.0031,0.0027
15,FakeManilaV2,78,1,100,0.14,0.867,1.0,1.0
15,FakeManilaV2,78,2,200,0.155,0.8422,0.015,0.0248
15,FakeManilaV2,78,3,300,0.14,0.8587,0.015,0.0165
15,FakeManilaV2,78,4,400,0.1475,0.8511,0.0075,0.0076
15,FakeManilaV2,78,5,500,0.136,0.862,0.0115,0.0109
15,FakeManilaV2,78,6,600,0.1367,0.8614,0.0007,0.0006
15,FakeManilaV2,78,7,700,0.1443,0.854,0.0076,0.0074
15,FakeManilaV2,78,8,800,0.145,0.8534,0.0007,0.0006
15,FakeManilaV2,78,9,900,0.1511,0.8478,0.0061,0.0056
15,FakeManilaV2,78,10,1000,0.144,0.8548,0.0071,0.007
15,FakeManilaV2,79,1,100,0.13,0.8952,1.0,1.0
15,FakeManilaV2,79,2,200,0.15,0.8647,0.02,0.0306
15,FakeManilaV2,79,3,300,0.1167,0.8826,0.0333,0.0179
15,FakeManilaV2,79,4,400,0.12,0.8789,0.0033,0.0037
15,FakeManilaV2,79,5,500,0.122,0.8774,0.002,0.0015
15,FakeManilaV2,79,6,600,0.1267,0.8731,0.0047,0.0043
15,FakeManilaV2,79,7,700,0.1286,0.8713,0.0019,0.0018
15,FakeManilaV2,79,8,800,0.1287,0.8706,0.0002,0.0007
15,FakeManilaV2,79,9,900,0.1311,0.8684,0.0024,0.0022
15,FakeManilaV2,79,10,1000,0.134,0.8658,0.0029,0.0026
15,FakeManilaV2,80,1,100,0.18,0.825,1.0,1.0
15,FakeManilaV2,80,2,200,0.17,0.8274,0.01,0.0024
15,FakeManilaV2,80,3,300,0.1667,0.8311,0.0033,0.0036
15,FakeManilaV2,80,4,400,0.145,0.853,0.0217,0.0219
15,FakeManilaV2,80,5,500,0.134,0.865,0.011,0.0119
15,FakeManilaV2,80,6,600,0.1333,0.8657,0.0007,0.0008
15,FakeManilaV2,80,7,700,0.1343,0.865,0.001,0.0008
15,FakeManilaV2,80,8,800,0.14,0.859,0.0057,0.0059
15,FakeManilaV2,80,9,900,0.1311,0.8682,0.0089,0.0091
15,FakeManilaV2,80,10,1000,0.129,0.8703,0.0021,0.0022
15,FakeManilaV2,81,1,100,0.13,0.8707,1.0,1.0
15,FakeManilaV2,81,2,200,0.125,0.8716,0.005,0.0009
15,FakeManilaV2,81,3,300,0.1133,0.8862,0.0117,0.0146
15,FakeManilaV2,81,4,400,0.1225,0.8771,0.0092,0.0091
15,FakeManilaV2,81,5,500,0.124,0.8758,0.0015,0.0013
15,FakeManilaV2,81,6,600,0.1133,0.8865,0.0107,0.0107
15,FakeManilaV2,81,7,700,0.1143,0.8855,0.001,0.001
15,FakeManilaV2,81,8,800,0.1162,0.8836,0.002,0.0019
15,FakeManilaV2,81,9,900,0.1144,0.8853,0.0018,0.0017
15,FakeManilaV2,81,10,1000,0.112,0.8879,0.0024,0.0025
15,FakeManilaV2,82,1,100,0.12,0.8739,1.0,1.0
15,FakeManilaV2,82,2,200,0.145,0.8676,0.025,0.0064
15,FakeManilaV2,82,3,300,0.1533,0.8674,0.0083,0.0002
15,FakeManilaV2,82,4,400,0.145,0.8613,0.0083,0.0061
15,FakeManilaV2,82,5,500,0.144,0.8593,0.001,0.002
15,FakeManilaV2,82,6,600,0.1383,0.8627,0.0057,0.0034
15,FakeManilaV2,82,7,700,0.1314,0.8678,0.0069,0.0051
15,FakeManilaV2,82,8,800,0.1362,0.863,0.0048,0.0048
15,FakeManilaV2,82,9,900,0.1333,0.8655,0.0029,0.0025
15,FakeManilaV2,82,10,1000,0.131,0.8679,0.0023,0.0024
15,FakeManilaV2,83,1,100,0.18,0.885,1.0,1.0
15,FakeManilaV2,83,2,200,0.165,0.8778,0.015,0.0072
15,FakeManilaV2,83,3,300,0.16,0.8673,0.005,0.0105
15,FakeManilaV2,83,4,400,0.1375,0.8669,0.0225,0.0004
15,FakeManilaV2,83,5,500,0.132,0.8658,0.0055,0.0011
15,FakeManilaV2,83,6,600,0.13,0.8689,0.002,0.0031
15,FakeManilaV2,83,7,700,0.13,0.8695,0.0,0.0006
15,FakeManilaV2,83,8,800,0.1275,0.8721,0.0025,0.0026
15,FakeManilaV2,83,9,900,0.1244,0.8752,0.0031,0.0031
15,FakeManilaV2,83,10,1000,0.127,0.8725,0.0026,0.0028
15,FakeManilaV2,84,1,100,0.21,0.7881,1.0,1.0
15,FakeManilaV2,84,2,200,0.19,0.8052,0.02,0.0171
15,FakeManilaV2,84,3,300,0.1567,0.8381,0.0333,0.0329
15,FakeManilaV2,84,4,400,0.15,0.8476,0.0067,0.0095
15,FakeManilaV2,84,5,500,0.144,0.8551,0.006,0.0075
15,FakeManilaV2,84,6,600,0.1483,0.851,0.0043,0.0041
15,FakeManilaV2,84,7,700,0.1471,0.8518,0.0012,0.0008
15,FakeManilaV2,84,8,800,0.1387,0.8606,0.0084,0.0088
15,FakeManilaV2,84,9,900,0.1422,0.8575,0.0035,0.0031
15,FakeManilaV2,84,10,1000,0.144,0.8558,0.0018,0.0017
15,FakeManilaV2,85,1,100,0.1,0.9044,1.0,1.0
15,FakeManilaV2,85,2,200,0.135,0.8825,0.035,0.0219
15,FakeManilaV2,85,3,300,0.1167,0.8801,0.0183,0.0024
15,FakeManilaV2,85,4,400,0.135,0.8755,0.0183,0.0046
15,FakeManilaV2,85,5,500,0.128,0.8707,0.007,0.0048
15,FakeManilaV2,85,6,600,0.1267,0.8721,0.0013,0.0014
15,FakeManilaV2,85,7,700,0.1343,0.8649,0.0076,0.0072
15,FakeManilaV2,85,8,800,0.1337,0.8659,0.0005,0.001
15,FakeManilaV2,85,9,900,0.1344,0.8653,0.0007,0.0006
15,FakeManilaV2,85,10,1000,0.136,0.8639,0.0016,0.0014
15,FakeManilaV2,86,1,100,0.16,0.855,1.0,1.0
15,FakeManilaV2,86,2,200,0.12,0.8781,0.04,0.023
15,FakeManilaV2,86,3,300,0.1067,0.8922,0.0133,0.0141
15,FakeManilaV2,86,4,400,0.1,0.8989,0.0067,0.0067
15,FakeManilaV2,86,5,500,0.108,0.8909,0.008,0.0079
15,FakeManilaV2,86,6,600,0.1183,0.8811,0.0103,0.0099
15,FakeManilaV2,86,7,700,0.1243,0.8751,0.006,0.0059
15,FakeManilaV2,86,8,800,0.1312,0.8685,0.007,0.0067
15,FakeManilaV2,86,9,900,0.1367,0.8631,0.0054,0.0054
15,FakeManilaV2,86,10,1000,0.134,0.8656,0.0027,0.0025
15,FakeManilaV2,87,1,100,0.17,0.8411,1.0,1.0
15,FakeManilaV2,87,2,200,0.17,0.844,0.0,0.0029
15,FakeManilaV2,87,3,300,0.1567,0.8528,0.0133,0.0088
15,FakeManilaV2,87,4,400,0.1525,0.8569,0.0042,0.0041
15,FakeManilaV2,87,5,500,0.13,0.8675,0.0225,0.0106
15,FakeManilaV2,87,6,600,0.135,0.8636,0.005,0.004
15,FakeManilaV2,87,7,700,0.1443,0.8547,0.0093,0.0089
15,FakeManilaV2,87,8,800,0.1487,0.8503,0.0045,0.0044
15,FakeManilaV2,87,9,900,0.1489,0.8507,0.0001,0.0004
15,FakeManilaV2,87,10,1000,0.146,0.8536,0.0029,0.0029
15,FakeManilaV2,88,1,100,0.2,0.8333,1.0,1.0
15,FakeManilaV2,88,2,200,0.18,0.8459,0.02,0.0126
15,FakeManilaV2,88,3,300,0.16,0.8512,0.02,0.0053
15,FakeManilaV2,88,4,400,0.14,0.8617,0.02,0.0104
15,FakeManilaV2,88,5,500,0.132,0.8694,0.008,0.0077
15,FakeManilaV2,88,6,600,0.135,0.8627,0.003,0.0066
15,FakeManilaV2,88,7,700,0.1271,0.8717,0.0079,0.009
15,FakeManilaV2,88,8,800,0.125,0.8744,0.0021,0.0027
15,FakeManilaV2,88,9,900,0.13,0.8695,0.005,0.0049
15,FakeManilaV2,88,10,1000,0.13,0.8696,0.0,0.0
15,FakeManilaV2,89,1,100,0.15,0.8459,1.0,1.0
15,FakeManilaV2,89,2,200,0.135,0.8636,0.015,0.0176
15,FakeManilaV2,89,3,300,0.11,0.8874,0.025,0.0238
15,FakeManilaV2,89,4,400,0.1275,0.8714,0.0175,0.0159
15,FakeManilaV2,89,5,500,0.132,0.8676,0.0045,0.0038
15,FakeManilaV2,89,6,600,0.1283,0.8716,0.0037,0.004
15,FakeManilaV2,89,7,700,0.1286,0.8713,0.0002,0.0003
15,FakeManilaV2,89,8,800,0.125,0.8748,0.0036,0.0035
15,FakeManilaV2,89,9,900,0.13,0.8698,0.005,0.0051
15,FakeManilaV2,89,10,1000,0.127,0.8727,0.003,0.0029
15,FakeManilaV2,90,1,100,0.14,0.8749,1.0,1.0
15,FakeManilaV2,90,2,200,0.13,0.8737,0.01,0.0012
15,FakeManilaV2,90,3,300,0.11,0.8889,0.02,0.0152
15,FakeManilaV2,90,4,400,0.11,0.8883,0.0,0.0007
15,FakeManilaV2,90,5,500,0.116,0.883,0.006,0.0053
15,FakeManilaV2,90,6,600,0.1167,0.8828,0.0007,0.0002
15,FakeManilaV2,90,7,700,0.1171,0.8822,0.0005,0.0007
15,FakeManilaV2,90,8,800,0.115,0.8843,0.0021,0.0021
15,FakeManilaV2,90,9,900,0.1089,0.8903,0.0061,0.0061
15,FakeManilaV2,90,10,1000,0.11,0.8891,0.0011,0.0012
15,FakeManilaV2,91,1,100,0.16,0.8475,1.0,1.0
15,FakeManilaV2,91,2,200,0.125,0.8851,0.035,0.0376
15,FakeManilaV2,91,3,300,0.1167,0.889,0.0083,0.0039
15,FakeManilaV2,91,4,400,0.1225,0.8761,0.0058,0.0129
15,FakeManilaV2,91,5,500,0.12,0.8797,0.0025,0.0036
15,FakeManilaV2,91,6,600,0.1183,0.8815,0.0017,0.0017
15,FakeManilaV2,91,7,700,0.12,0.8797,0.0017,0.0017
15,FakeManilaV2,91,8,800,0.1187,0.8809,0.0013,0.0011
15,FakeManilaV2,91,9,900,0.1244,0.875,0.0057,0.0058
15,FakeManilaV2,91,10,1000,0.128,0.8715,0.0036,0.0035
15,FakeManilaV2,92,1,100,0.05,0.959,1.0,1.0
15,FakeManilaV2,92,2,200,0.08,0.9192,0.03,0.0398
15,FakeManilaV2,92,3,300,0.0933,0.9061,0.0133,0.0131
15,FakeManilaV2,92,4,400,0.095,0.9044,0.0017,0.0017
15,FakeManilaV2,92,5,500,0.1,0.8993,0.005,0.0051
15,FakeManilaV2,92,6,600,0.1117,0.8878,0.0117,0.0115
15,FakeManilaV2,92,7,700,0.1186,0.881,0.0069,0.0068
15,FakeManilaV2,92,8,800,0.12,0.8798,0.0014,0.0012
15,FakeManilaV2,92,9,900,0.12,0.8797,0.0,0.0002
15,FakeManilaV2,92,10,1000,0.119,0.8806,0.001,0.0009
15,FakeManilaV2,93,1,100,0.12,0.8878,1.0,1.0
15,FakeManilaV2,93,2,200,0.095,0.9134,0.025,0.0256
15,FakeManilaV2,93,3,300,0.1167,0.8876,0.0217,0.0258
15,FakeManilaV2,93,4,400,0.125,0.8735,0.0083,0.0142
15,FakeManilaV2,93,5,500,0.134,0.868,0.009,0.0055
15,FakeManilaV2,93,6,600,0.12,0.879,0.014,0.011
15,FakeManilaV2,93,7,700,0.1214,0.8776,0.0014,0.0014
15,FakeManilaV2,93,8,800,0.12,0.8791,0.0014,0.0015
15,FakeManilaV2,93,9,900,0.11,0.889,0.01,0.0099
15,FakeManilaV2,93,10,1000,0.114,0.8851,0.004,0.0039
15,FakeManilaV2,94,1,100,0.13,0.8828,1.0,1.0
15,FakeManilaV2,94,2,200,0.115,0.8881,0.015,0.0053
15,FakeManilaV2,94,3,300,0.12,0.8816,0.005,0.0065
15,FakeManilaV2,94,4,400,0.1275,0.8849,0.0075,0.0033
15,FakeManilaV2,94,5,500,0.116,0.883,0.0115,0.0018
15,FakeManilaV2,94,6,600,0.1067,0.893,0.0093,0.0099
15,FakeManilaV2,94,7,700,0.1086,0.8909,0.0019,0.0021
15,FakeManilaV2,94,8,800,0.1075,0.8919,0.0011,0.001
15,FakeManilaV2,94,9,900,0.1056,0.8938,0.0019,0.0019
15,FakeManilaV2,94,10,1000,0.109,0.8907,0.0034,0.0031
15,FakeManilaV2,95,1,100,0.19,0.8119,1.0,1.0
15,FakeManilaV2,95,2,200,0.2,0.8076,0.01,0.0044
15,FakeManilaV2,95,3,300,0.1633,0.833,0.0367,0.0255
15,FakeManilaV2,95,4,400,0.1575,0.842,0.0058,0.009
15,FakeManilaV2,95,5,500,0.142,0.8574,0.0155,0.0154
15,FakeManilaV2,95,6,600,0.1317,0.8682,0.0103,0.0108
15,FakeManilaV2,95,7,700,0.1314,0.8686,0.0002,0.0003
15,FakeManilaV2,95,8,800,0.125,0.875,0.0064,0.0064
15,FakeManilaV2,95,9,900,0.1244,0.8754,0.0006,0.0004
15,FakeManilaV2,95,10,1000,0.124,0.8759,0.0004,0.0005
15,FakeManilaV2,96,1,100,0.08,0.9333,1.0,1.0
15,FakeManilaV2,96,2,200,0.13,0.8859,0.05,0.0474
15,FakeManilaV2,96,3,300,0.1033,0.8957,0.0267,0.0098
15,FakeManilaV2,96,4,400,0.1075,0.8922,0.0042,0.0035
15,FakeManilaV2,96,5,500,0.108,0.891,0.0005,0.0013
15,FakeManilaV2,96,6,600,0.105,0.8947,0.003,0.0037
15,FakeManilaV2,96,7,700,0.1086,0.8911,0.0036,0.0036
15,FakeManilaV2,96,8,800,0.1112,0.8887,0.0027,0.0024
15,FakeManilaV2,96,9,900,0.1056,0.8944,0.0057,0.0057
15,FakeManilaV2,96,10,1000,0.105,0.895,0.0006,0.0006
15,FakeManilaV2,97,1,100,0.15,0.8777,1.0,1.0
15,FakeManilaV2,97,2,200,0.13,0.8858,0.02,0.008
15,FakeManilaV2,97,3,300,0.12,0.8877,0.01,0.0019
15,FakeManilaV2,97,4,400,0.11,0.8887,0.01,0.0011
15,FakeManilaV2,97,5,500,0.114,0.8854,0.004,0.0034
15,FakeManilaV2,97,6,600,0.1133,0.8864,0.0007,0.001
15,FakeManilaV2,97,7,700,0.1214,0.8782,0.0081,0.0082
15,FakeManilaV2,97,8,800,0.1175,0.882,0.0039,0.0037
15,FakeManilaV2,97,9,900,0.1189,0.8809,0.0014,0.0011
15,FakeManilaV2,97,10,1000,0.118,0.8816,0.0009,0.0007
15,FakeManilaV2,98,1,100,0.14,0.8622,1.0,1.0
15,FakeManilaV2,98,2,200,0.15,0.8474,0.01,0.0149
15,FakeManilaV2,98,3,300,0.15,0.8482,0.0,0.0008
15,FakeManilaV2,98,4,400,0.14,0.8579,0.01,0.0097
15,FakeManilaV2,98,5,500,0.142,0.8574,0.002,0.0005
15,FakeManilaV2,98,6,600,0.1267,0.8726,0.0153,0.0152
15,FakeManilaV2,98,7,700,0.1271,0.8723,0.0005,0.0004
15,FakeManilaV2,98,8,800,0.1262,0.8729,0.0009,0.0006
15,FakeManilaV2,98,9,900,0.1289,0.8703,0.0026,0.0027
15,FakeManilaV2,98,10,1000,0.134,0.8654,0.0051,0.0049
15,FakeManilaV2,99,1,100,0.16,0.834,1.0,1.0
15,FakeManilaV2,99,2,200,0.125,0.8825,0.035,0.0485
15,FakeManilaV2,99,3,300,0.1333,0.8645,0.0083,0.018
15,FakeManilaV2,99,4,400,0.1375,0.8614,0.0042,0.0031
15,FakeManilaV2,99,5,500,0.152,0.8474,0.0145,0.014
15,FakeManilaV2,99,6,600,0.1533,0.8461,0.0013,0.0013
15,FakeManilaV2,99,7,700,0.1557,0.8439,0.0024,0.0022
15,FakeManilaV2,99,8,800,0.15,0.8496,0.0057,0.0058
15,FakeManilaV2,99,9,900,0.1467,0.8529,0.0033,0.0033
15,FakeManilaV2,99,10,1000,0.141,0.8588,0.0057,0.0059
15,FakeManilaV2,100,1,100,0.16,0.8308,1.0,1.0
15,FakeManilaV2,100,2,200,0.135,0.8606,0.025,0.0297
15,FakeManilaV2,100,3,300,0.13,0.8681,0.005,0.0075
15,FakeManilaV2,100,4,400,0.1475,0.8508,0.0175,0.0173
15,FakeManilaV2,100,5,500,0.15,0.848,0.0025,0.0028
15,FakeManilaV2,100,6,600,0.155,0.8437,0.005,0.0043
15,FakeManilaV2,100,7,700,0.1557,0.8427,0.0007,0.0011
15,FakeManilaV2,100,8,800,0.15,0.8494,0.0057,0.0067
15,FakeManilaV2,100,9,900,0.15,0.8493,0.0,0.0001
15,FakeManilaV2,100,10,1000,0.148,0.851,0.002,0.0017
15,FakeManilaV2,101,1,100,0.1,0.8994,1.0,1.0
15,FakeManilaV2,101,2,200,0.14,0.8956,0.04,0.0038
15,FakeManilaV2,101,3,300,0.1567,0.8826,0.0167,0.013
15,FakeManilaV2,101,4,400,0.145,0.8773,0.0117,0.0052
15,FakeManilaV2,101,5,500,0.14,0.8621,0.005,0.0152
15,FakeManilaV2,101,6,600,0.1383,0.8586,0.0017,0.0035
15,FakeManilaV2,101,7,700,0.1443,0.8526,0.006,0.0061
15,FakeManilaV2,101,8,800,0.1412,0.8558,0.003,0.0033
15,FakeManilaV2,101,9,900,0.1433,0.8542,0.0021,0.0016
15,FakeManilaV2,101,10,1000,0.137,0.8608,0.0063,0.0065
15,FakeManilaV2,102,1,100,0.16,0.8369,1.0,1.0
15,FakeManilaV2,102,2,200,0.165,0.8305,0.005,0.0064
15,FakeManilaV2,102,3,300,0.16,0.8372,0.005,0.0067
15,FakeManilaV2,102,4,400,0.1525,0.8461,0.0075,0.0089
15,FakeManilaV2,102,5,500,0.14,0.8586,0.0125,0.0124
15,FakeManilaV2,102,6,600,0.1417,0.8574,0.0017,0.0012
15,FakeManilaV2,102,7,700,0.1371,0.8615,0.0045,0.0041
15,FakeManilaV2,102,8,800,0.1337,0.8654,0.0034,0.0039
15,FakeManilaV2,102,9,900,0.1378,0.8605,0.004,0.0049
15,FakeManilaV2,102,10,1000,0.134,0.8644,0.0038,0.0039
15,FakeManilaV2,103,1,100,0.1,0.9075,1.0,1.0
15,FakeManilaV2,103,2,200,0.14,0.8714,0.04,0.0361
15,FakeManilaV2,103,3,300,0.1333,0.877,0.0067,0.0056
15,FakeManilaV2,103,4,400,0.125,0.8849,0.0083,0.0079
15,FakeManilaV2,103,5,500,0.13,0.8702,0.005,0.0147
15,FakeManilaV2,103,6,600,0.13,0.8691,0.0,0.0011
15,FakeManilaV2,103,7,700,0.1257,0.8736,0.0043,0.0045
15,FakeManilaV2,103,8,800,0.1275,0.8718,0.0018,0.0019
15,FakeManilaV2,103,9,900,0.1289,0.8706,0.0014,0.0011
15,FakeManilaV2,103,10,1000,0.132,0.8678,0.0031,0.0028
15,FakeManilaV2,104,1,100,0.18,0.8476,1.0,1.0
15,FakeManilaV2,104,2,200,0.16,0.8586,0.02,0.011
15,FakeManilaV2,104,3,300,0.1433,0.8553,0.0167,0.0033
15,FakeManilaV2,104,4,400,0.1425,0.8569,0.0008,0.0016
15,FakeManilaV2,104,5,500,0.14,0.8595,0.0025,0.0025
15,FakeManilaV2,104,6,600,0.14,0.8592,0.0,0.0003
15,FakeManilaV2,104,7,700,0.1386,0.8605,0.0014,0.0013
15,FakeManilaV2,104,8,800,0.1337,0.8656,0.0048,0.0051
15,FakeManilaV2,104,9,900,0.1389,0.8607,0.0051,0.0049
15,FakeManilaV2,104,10,1000,0.14,0.8598,0.0011,0.0009
15,FakeManilaV2,105,1,100,0.14,0.8575,1.0,1.0
15,FakeManilaV2,105,2,200,0.145,0.8541,0.005,0.0034
15,FakeManilaV2,105,3,300,0.15,0.8488,0.005,0.0053
15,FakeManilaV2,105,4,400,0.14,0.8592,0.01,0.0104
15,FakeManilaV2,105,5,500,0.136,0.8624,0.004,0.0032
15,FakeManilaV2,105,6,600,0.1333,0.8654,0.0027,0.003
15,FakeManilaV2,105,7,700,0.1343,0.8641,0.001,0.0014
15,FakeManilaV2,105,8,800,0.1275,0.8717,0.0068,0.0077
15,FakeManilaV2,105,9,900,0.1233,0.8759,0.0042,0.0041
15,FakeManilaV2,105,10,1000,0.122,0.877,0.0013,0.0011
15,FakeManilaV2,106,1,100,0.09,0.9076,1.0,1.0
15,FakeManilaV2,106,2,200,0.095,0.9036,0.005,0.004
15,FakeManilaV2,106,3,300,0.1167,0.8818,0.0217,0.0218
15,FakeManilaV2,106,4,400,0.1225,0.8774,0.0058,0.0044
15,FakeManilaV2,106,5,500,0.128,0.8719,0.0055,0.0055
15,FakeManilaV2,106,6,600,0.1317,0.8682,0.0037,0.0037
15,FakeManilaV2,106,7,700,0.12,0.88,0.0117,0.0118
15,FakeManilaV2,106,8,800,0.1162,0.8836,0.0037,0.0036
15,FakeManilaV2,106,9,900,0.1156,0.884,0.0007,0.0004
15,FakeManilaV2,106,10,1000,0.114,0.8857,0.0016,0.0017
15,FakeManilaV2,107,1,100,0.17,0.9033,1.0,1.0
15,FakeManilaV2,107,2,200,0.105,0.8941,0.065,0.0092
15,FakeManilaV2,107,3,300,0.0967,0.9024,0.0083,0.0083
15,FakeManilaV2,107,4,400,0.115,0.8839,0.0183,0.0185
15,FakeManilaV2,107,5,500,0.124,0.8744,0.009,0.0094
15,FakeManilaV2,107,6,600,0.1183,0.8806,0.0057,0.0061
15,FakeManilaV2,107,7,700,0.12,0.8791,0.0017,0.0015
15,FakeManilaV2,107,8,800,0.1225,0.8771,0.0025,0.002
15,FakeManilaV2,107,9,900,0.1156,0.8837,0.0069,0.0066
15,FakeManilaV2,107,10,1000,0.113,0.8862,0.0026,0.0025
15,FakeManilaV2,108,1,100,0.15,0.8804,1.0,1.0
15,FakeManilaV2,108,2,200,0.135,0.8735,0.015,0.0069
15,FakeManilaV2,108,3,300,0.13,0.8741,0.005,0.0006
15,FakeManilaV2,108,4,400,0.135,0.8701,0.005,0.004
15,FakeManilaV2,108,5,500,0.13,0.8683,0.005,0.0018
15,FakeManilaV2,108,6,600,0.1267,0.8722,0.0033,0.0039
15,FakeManilaV2,108,7,700,0.1329,0.8661,0.0062,0.0061
15,FakeManilaV2,108,8,800,0.1362,0.8631,0.0034,0.003
15,FakeManilaV2,108,9,900,0.13,0.8694,0.0062,0.0063
15,FakeManilaV2,108,10,1000,0.13,0.8696,0.0,0.0001
15,FakeManilaV2,109,1,100,0.14,0.8725,1.0,1.0
15,FakeManilaV2,109,2,200,0.115,0.8846,0.025,0.0121
15,FakeManilaV2,109,3,300,0.12,0.8812,0.005,0.0033
15,FakeManilaV2,109,4,400,0.11,0.8886,0.01,0.0074
15,FakeManilaV2,109,5,500,0.122,0.878,0.012,0.0106
15,FakeManilaV2,109,6,600,0.12,0.879,0.002,0.001
15,FakeManilaV2,109,7,700,0.1186,0.8807,0.0014,0.0017
15,FakeManilaV2,109,8,800,0.1212,0.8783,0.0027,0.0024
15,FakeManilaV2,109,9,900,0.1289,0.8706,0.0076,0.0077
15,FakeManilaV2,109,10,1000,0.139,0.8605,0.0101,0.0101
15,FakeManilaV2,110,1,100,0.09,0.918,1.0,1.0
15,FakeManilaV2,110,2,200,0.095,0.9045,0.005,0.0135
15,FakeManilaV2,110,3,300,0.1,0.8982,0.005,0.0064
15,FakeManilaV2,110,4,400,0.105,0.8925,0.005,0.0057
15,FakeManilaV2,110,5,500,0.106,0.8916,0.001,0.0009
15,FakeManilaV2,110,6,600,0.1133,0.8846,0.0073,0.0071
15,FakeManilaV2,110,7,700,0.1129,0.8857,0.0005,0.0011
15,FakeManilaV2,110,8,800,0.1137,0.8852,0.0009,0.0005
15,FakeManilaV2,110,9,900,0.1178,0.8811,0.004,0.0041
15,FakeManilaV2,110,10,1000,0.122,0.8774,0.0042,0.0037
15,FakeManilaV2,111,1,100,0.16,0.8401,1.0,1.0
15,FakeManilaV2,111,2,200,0.12,0.8771,0.04,0.037
15,FakeManilaV2,111,3,300,0.1167,0.8815,0.0033,0.0044
15,FakeManilaV2,111,4,400,0.1225,0.8764,0.0058,0.0051
15,FakeManilaV2,111,5,500,0.124,0.8756,0.0015,0.0008
15,FakeManilaV2,111,6,600,0.1383,0.8612,0.0143,0.0144
15,FakeManilaV2,111,7,700,0.13,0.8682,0.0083,0.007
15,FakeManilaV2,111,8,800,0.125,0.8737,0.005,0.0055
15,FakeManilaV2,111,9,900,0.1233,0.8756,0.0017,0.0019
15,FakeManilaV2,111,10,1000,0.124,0.8747,0.0007,0.0008
15,FakeManilaV2,112,1,100,0.15,0.8373,1.0,1.0
15,FakeManilaV2,112,2,200,0.18,0.8173,0.03,0.0199
15,FakeManilaV2,112,3,300,0.1667,0.8331,0.0133,0.0157
15,FakeManilaV2,112,4,400,0.155,0.8446,0.0117,0.0116
15,FakeManilaV2,112,5,500,0.146,0.8536,0.009,0.0089
15,FakeManilaV2,112,6,600,0.1533,0.8466,0.0073,0.0069
15,FakeManilaV2,112,7,700,0.1443,0.8555,0.009,0.0089
15,FakeManilaV2,112,8,800,0.135,0.865,0.0093,0.0094
15,FakeManilaV2,112,9,900,0.13,0.8699,0.005,0.005
15,FakeManilaV2,112,10,1000,0.128,0.8719,0.002,0.002
15,FakeManilaV2,113,1,100,0.11,0.9129,1.0,1.0
15,FakeManilaV2,113,2,200,0.105,0.893,0.005,0.02
15,FakeManilaV2,113,3,300,0.1167,0.8814,0.0117,0.0116
15,FakeManilaV2,113,4,400,0.1125,0.8872,0.0042,0.0058
15,FakeManilaV2,113,5,500,0.118,0.8815,0.0055,0.0056
15,FakeManilaV2,113,6,600,0.1183,0.8814,0.0003,0.0001
15,FakeManilaV2,113,7,700,0.1214,0.8785,0.0031,0.0029
15,FakeManilaV2,113,8,800,0.125,0.8747,0.0036,0.0038
15,FakeManilaV2,113,9,900,0.1244,0.875,0.0006,0.0003
15,FakeManilaV2,113,10,1000,0.124,0.8758,0.0004,0.0007
15,FakeManilaV2,114,1,100,0.16,0.8386,1.0,1.0
15,FakeManilaV2,114,2,200,0.17,0.8281,0.01,0.0105
15,FakeManilaV2,114,3,300,0.16,0.8398,0.01,0.0117
15,FakeManilaV2,114,4,400,0.145,0.8547,0.015,0.0149
15,FakeManilaV2,114,5,500,0.142,0.8577,0.003,0.003
15,FakeManilaV2,114,6,600,0.1467,0.8529,0.0047,0.0048
15,FakeManilaV2,114,7,700,0.14,0.8591,0.0067,0.0062
15,FakeManilaV2,114,8,800,0.1387,0.8609,0.0012,0.0017
15,FakeManilaV2,114,9,900,0.1444,0.8549,0.0057,0.0059
15,FakeManilaV2,114,10,1000,0.146,0.8536,0.0016,0.0013
15,FakeManilaV2,115,1,100,0.23,0.7867,1.0,1.0
15,FakeManilaV2,115,2,200,0.18,0.8209,0.05,0.0342
15,FakeManilaV2,115,3,300,0.1667,0.8332,0.0133,0.0123
15,FakeManilaV2,115,4,400,0.1525,0.8469,0.0142,0.0137
15,FakeManilaV2,115,5,500,0.15,0.8497,0.0025,0.0028
15,FakeManilaV2,115,6,600,0.15,0.8496,0.0,0.0001
15,FakeManilaV2,115,7,700,0.1529,0.8465,0.0029,0.0031
15,FakeManilaV2,115,8,800,0.16,0.8396,0.0071,0.007
15,FakeManilaV2,115,9,900,0.1511,0.8488,0.0089,0.0092
15,FakeManilaV2,115,10,1000,0.148,0.8519,0.0031,0.0031
15,FakeManilaV2,116,1,100,0.23,0.8607,1.0,1.0
15,FakeManilaV2,116,2,200,0.17,0.8787,0.06,0.018
15,FakeManilaV2,116,3,300,0.1367,0.8677,0.0333,0.011
15,FakeManilaV2,116,4,400,0.1325,0.8789,0.0042,0.0112
15,FakeManilaV2,116,5,500,0.126,0.8757,0.0065,0.0033
15,FakeManilaV2,116,6,600,0.1383,0.8761,0.0123,0.0004
15,FakeManilaV2,116,7,700,0.1243,0.8787,0.014,0.0026
15,FakeManilaV2,116,8,800,0.1237,0.8741,0.0005,0.0046
15,FakeManilaV2,116,9,900,0.1233,0.8748,0.0004,0.0006
15,FakeManilaV2,116,10,1000,0.127,0.8716,0.0037,0.0032
15,FakeManilaV2,117,1,100,0.14,0.8727,1.0,1.0
15,FakeManilaV2,117,2,200,0.1,0.8985,0.04,0.0258
15,FakeManilaV2,117,3,300,0.1067,0.8931,0.0067,0.0054
15,FakeManilaV2,117,4,400,0.115,0.8848,0.0083,0.0083
15,FakeManilaV2,117,5,500,0.11,0.8889,0.005,0.0041
15,FakeManilaV2,117,6,600,0.1017,0.8978,0.0083,0.0089
15,FakeManilaV2,117,7,700,0.1071,0.8925,0.0055,0.0053
15,FakeManilaV2,117,8,800,0.1,0.8996,0.0071,0.007
15,FakeManilaV2,117,9,900,0.1,0.8998,0.0,0.0002
15,FakeManilaV2,117,10,1000,0.101,0.8982,0.001,0.0016
15,FakeManilaV2,118,1,100,0.17,0.8523,1.0,1.0
15,FakeManilaV2,118,2,200,0.155,0.844,0.015,0.0083
15,FakeManilaV2,118,3,300,0.1467,0.857,0.0083,0.013
15,FakeManilaV2,118,4,400,0.155,0.8429,0.0083,0.014
15,FakeManilaV2,118,5,500,0.148,0.85,0.007,0.0071
15,FakeManilaV2,118,6,600,0.1433,0.8556,0.0047,0.0056
15,FakeManilaV2,118,7,700,0.1429,0.8567,0.0005,0.0011
15,FakeManilaV2,118,8,800,0.1387,0.8606,0.0041,0.0039
15,FakeManilaV2,118,9,900,0.1367,0.8632,0.0021,0.0026
15,FakeManilaV2,118,10,1000,0.134,0.8658,0.0027,0.0026
15,FakeManilaV2,119,1,100,0.14,0.8594,1.0,1.0
15,FakeManilaV2,119,2,200,0.135,0.8667,0.005,0.0073
15,FakeManilaV2,119,3,300,0.1233,0.8748,0.0117,0.0081
15,FakeManilaV2,119,4,400,0.1375,0.8612,0.0142,0.0136
15,FakeManilaV2,119,5,500,0.132,0.867,0.0055,0.0058
15,FakeManilaV2,119,6,600,0.13,0.8683,0.002,0.0013
15,FakeManilaV2,119,7,700,0.1386,0.8592,0.0086,0.009
15,FakeManilaV2,119,8,800,0.135,0.8635,0.0036,0.0043
15,FakeManilaV2,119,9,900,0.1322,0.8667,0.0028,0.0032
15,FakeManilaV2,119,10,1000,0.132,0.8674,0.0002,0.0007
16,FakeManilaV2,20,1,100,0.11,0.9788,1.0,1.0
16,FakeManilaV2,20,2,200,0.035,0.9985,0.075,0.0197
16,FakeManilaV2,20,3,300,0.04,0.9975,0.005,0.001
16,FakeManilaV2,20,4,400,0.05,0.9964,0.01,0.0011
16,FakeManilaV2,20,5,500,0.032,0.9981,0.018,0.0017
16,FakeManilaV2,20,6,600,0.035,0.9984,0.003,0.0003
16,FakeManilaV2,20,7,700,0.03,0.9988,0.005,0.0004
16,FakeManilaV2,20,8,800,0.0175,0.9996,0.0125,0.0008
16,FakeManilaV2,20,9,900,0.0133,0.9998,0.0042,0.0002
16,FakeManilaV2,20,10,1000,0.018,0.9996,0.0047,0.0001
16,FakeManilaV2,21,1,100,0.06,0.9946,1.0,1.0
16,FakeManilaV2,21,2,200,0.035,0.9979,0.025,0.0033
16,FakeManilaV2,21,3,300,0.0433,0.9968,0.0083,0.0011
16,FakeManilaV2,21,4,400,0.0425,0.9976,0.0008,0.0009
16,FakeManilaV2,21,5,500,0.036,0.9981,0.0065,0.0005
16,FakeManilaV2,21,6,600,0.0283,0.9991,0.0077,0.001
16,FakeManilaV2,21,7,700,0.0343,0.9987,0.006,0.0004
16,FakeManilaV2,21,8,800,0.02,0.9995,0.0143,0.0008
16,FakeManilaV2,21,9,900,0.0211,0.9994,0.0011,0.0001
16,FakeManilaV2,21,10,1000,0.022,0.9993,0.0009,0.0001
16,FakeManilaV2,22,1,100,0.07,0.9919,1.0,1.0
16,FakeManilaV2,22,2,200,0.07,0.9948,0.0,0.0029
16,FakeManilaV2,22,3,300,0.0533,0.9956,0.0167,0.0007
16,FakeManilaV2,22,4,400,0.0425,0.9974,0.0108,0.0018
16,FakeManilaV2,22,5,500,0.042,0.9974,0.0005,0.0001
16,FakeManilaV2,22,6,600,0.0283,0.9986,0.0137,0.0012
16,FakeManilaV2,22,7,700,0.0243,0.9992,0.004,0.0006
16,FakeManilaV2,22,8,800,0.0213,0.9995,0.003,0.0003
16,FakeManilaV2,22,9,900,0.0122,0.9998,0.009,0.0003
16,FakeManilaV2,22,10,1000,0.012,0.9998,0.0002,0.0
16,FakeManilaV2,23,1,100,0.06,0.9946,1.0,1.0
16,FakeManilaV2,23,2,200,0.03,0.999,0.03,0.0044
16,FakeManilaV2,23,3,300,0.03,0.9987,0.0,0.0003
16,FakeManilaV2,23,4,400,0.0225,0.9995,0.0075,0.0007
16,FakeManilaV2,23,5,500,0.016,0.9996,0.0065,0.0002
16,FakeManilaV2,23,6,600,0.025,0.999,0.009,0.0006
16,FakeManilaV2,23,7,700,0.0257,0.9993,0.0007,0.0003
16,FakeManilaV2,23,8,800,0.0313,0.999,0.0055,0.0004
16,FakeManilaV2,23,9,900,0.02,0.9994,0.0112,0.0005
16,FakeManilaV2,23,10,1000,0.027,0.9992,0.007,0.0003
16,FakeManilaV2,24,1,100,0.07,0.9916,1.0,1.0
16,FakeManilaV2,24,2,200,0.035,0.9982,0.035,0.0066
16,FakeManilaV2,24,3,300,0.0333,0.9983,0.0017,0.0001
16,FakeManilaV2,24,4,400,0.03,0.9987,0.0033,0.0004
16,FakeManilaV2,24,5,500,0.024,0.9992,0.006,0.0005
16,FakeManilaV2,24,6,600,0.035,0.9987,0.011,0.0004
16,FakeManilaV2,24,7,700,0.03,0.9989,0.005,0.0001
16,FakeManilaV2,24,8,800,0.035,0.9984,0.005,0.0005
16,FakeManilaV2,24,9,900,0.0256,0.9989,0.0094,0.0006
16,FakeManilaV2,24,10,1000,0.023,0.9993,0.0026,0.0003
16,FakeManilaV2,25,1,100,0.06,0.9942,1.0,1.0
16,FakeManilaV2,25,2,200,0.035,0.9979,0.025,0.0037
16,FakeManilaV2,25,3,300,0.0267,0.999,0.0083,0.0011
16,FakeManilaV2,25,4,400,0.0275,0.9992,0.0008,0.0002
16,FakeManilaV2,25,5,500,0.028,0.9991,0.0005,0.0001
16,FakeManilaV2,25,6,600,0.025,0.9993,0.003,0.0003
16,FakeManilaV2,25,7,700,0.0171,0.9996,0.0079,0.0003
16,FakeManilaV2,25,8,800,0.0125,0.9998,0.0046,0.0002
16,FakeManilaV2,25,9,900,0.0144,0.9998,0.0019,0.0
16,FakeManilaV2,25,10,1000,0.008,0.9999,0.0064,0.0001
16,FakeManilaV2,26,1,100,0.01,0.9998,1.0,1.0
16,FakeManilaV2,26,2,200,0.045,0.9973,0.035,0.0025
16,FakeManilaV2,26,3,300,0.04,0.9972,0.005,0.0001
16,FakeManilaV2,26,4,400,0.03,0.9988,0.01,0.0016
16,FakeManilaV2,26,5,500,0.036,0.9982,0.006,0.0006
16,FakeManilaV2,26,6,600,0.035,0.9984,0.001,0.0002
16,FakeManilaV2,26,7,700,0.03,0.9984,0.005,0.0
16,FakeManilaV2,26,8,800,0.0275,0.9987,0.0025,0.0004
16,FakeManilaV2,26,9,900,0.03,0.9985,0.0025,0.0002
16,FakeManilaV2,26,10,1000,0.025,0.9992,0.005,0.0007
16,FakeManilaV2,27,1,100,0.04,0.9979,1.0,1.0
16,FakeManilaV2,27,2,200,0.025,0.9992,0.015,0.0013
16,FakeManilaV2,27,3,300,0.02,0.9994,0.005,0.0002
16,FakeManilaV2,27,4,400,0.02,0.9994,0.0,0.0
16,FakeManilaV2,27,5,500,0.026,0.9991,0.006,0.0003
16,FakeManilaV2,27,6,600,0.035,0.9984,0.009,0.0007
16,FakeManilaV2,27,7,700,0.0271,0.999,0.0079,0.0006
16,FakeManilaV2,27,8,800,0.0238,0.9993,0.0034,0.0003
16,FakeManilaV2,27,9,900,0.0256,0.9991,0.0018,0.0002
16,FakeManilaV2,27,10,1000,0.029,0.9988,0.0034,0.0003
16,FakeManilaV2,28,1,100,0.09,0.9901,1.0,1.0
16,FakeManilaV2,28,2,200,0.005,0.9999,0.085,0.0098
16,FakeManilaV2,28,3,300,0.02,0.9994,0.015,0.0005
16,FakeManilaV2,28,4,400,0.01,0.9998,0.01,0.0004
16,FakeManilaV2,28,5,500,0.016,0.9997,0.006,0.0002
16,FakeManilaV2,28,6,600,0.0133,0.9997,0.0027,0.0
16,FakeManilaV2,28,7,700,0.0143,0.9997,0.001,0.0
16,FakeManilaV2,28,8,800,0.0275,0.9989,0.0132,0.0008
16,FakeManilaV2,28,9,900,0.0156,0.9996,0.0119,0.0007
16,FakeManilaV2,28,10,1000,0.016,0.9996,0.0004,0.0
16,FakeManilaV2,29,1,100,0.05,0.9966,1.0,1.0
16,FakeManilaV2,29,2,200,0.035,0.998,0.015,0.0014
16,FakeManilaV2,29,3,300,0.02,0.9994,0.015,0.0014
16,FakeManilaV2,29,4,400,0.0125,0.9998,0.0075,0.0004
16,FakeManilaV2,29,5,500,0.008,0.9999,0.0045,0.0001
16,FakeManilaV2,29,6,600,0.0183,0.9995,0.0103,0.0005
16,FakeManilaV2,29,7,700,0.0271,0.9991,0.0088,0.0004
16,FakeManilaV2,29,8,800,0.0312,0.9989,0.0041,0.0001
16,FakeManilaV2,29,9,900,0.0289,0.9991,0.0024,0.0002
16,FakeManilaV2,29,10,1000,0.028,0.9992,0.0009,0.0
16,FakeManilaV2,30,1,100,0.05,0.9974,1.0,1.0
16,FakeManilaV2,30,2,200,0.04,0.9981,0.01,0.0007
16,FakeManilaV2,30,3,300,0.0267,0.9989,0.0133,0.0008
16,FakeManilaV2,30,4,400,0.0275,0.9991,0.0008,0.0002
16,FakeManilaV2,30,5,500,0.022,0.9994,0.0055,0.0003
16,FakeManilaV2,30,6,600,0.0233,0.9993,0.0013,0.0001
16,FakeManilaV2,30,7,700,0.0243,0.9991,0.001,0.0002
16,FakeManilaV2,30,8,800,0.025,0.9991,0.0007,0.0
16,FakeManilaV2,30,9,900,0.0222,0.9994,0.0028,0.0003
16,FakeManilaV2,30,10,1000,0.02,0.9994,0.0022,0.0
16,FakeManilaV2,31,1,100,0.02,0.9994,1.0,1.0
16,FakeManilaV2,31,2,200,0.02,0.9995,0.0,0.0001
16,FakeManilaV2,31,3,300,0.01,0.9999,0.01,0.0003
16,FakeManilaV2,31,4,400,0.01,0.9999,0.0,0.0
16,FakeManilaV2,31,5,500,0.01,0.9998,0.0,0.0
16,FakeManilaV2,31,6,600,0.0117,0.9998,0.0017,0.0
16,FakeManilaV2,31,7,700,0.0086,0.9999,0.0031,0.0001
16,FakeManilaV2,31,8,800,0.0063,0.9999,0.0023,0.0
16,FakeManilaV2,31,9,900,0.0078,0.9999,0.0015,0.0
16,FakeManilaV2,31,10,1000,0.01,0.9999,0.0022,0.0
16,FakeManilaV2,32,1,100,0.13,0.9789,1.0,1.0
16,FakeManilaV2,32,2,200,0.045,0.9974,0.085,0.0185
16,FakeManilaV2,32,3,300,0.01,0.9998,0.035,0.0024
16,FakeManilaV2,32,4,400,0.01,0.9999,0.0,0.0
16,FakeManilaV2,32,5,500,0.014,0.9998,0.004,0.0001
16,FakeManilaV2,32,6,600,0.0067,0.9999,0.0073,0.0001
16,FakeManilaV2,32,7,700,0.0157,0.9997,0.009,0.0003
16,FakeManilaV2,32,8,800,0.0075,0.9999,0.0082,0.0002
16,FakeManilaV2,32,9,900,0.0022,1.0,0.0053,0.0001
16,FakeManilaV2,32,10,1000,0.008,0.9999,0.0058,0.0001
16,FakeManilaV2,33,1,100,0.09,0.9854,1.0,1.0
16,FakeManilaV2,33,2,200,0.055,0.9968,0.035,0.0115
16,FakeManilaV2,33,3,300,0.0467,0.9978,0.0083,0.001
16,FakeManilaV2,33,4,400,0.0325,0.9984,0.0142,0.0006
16,FakeManilaV2,33,5,500,0.034,0.9986,0.0015,0.0002
16,FakeManilaV2,33,6,600,0.0283,0.9989,0.0057,0.0004
16,FakeManilaV2,33,7,700,0.0329,0.9987,0.0045,0.0003
16,FakeManilaV2,33,8,800,0.0325,0.9985,0.0004,0.0002
16,FakeManilaV2,33,9,900,0.03,0.9986,0.0025,0.0001
16,FakeManilaV2,33,10,1000,0.031,0.9988,0.001,0.0003
16,FakeManilaV2,34,1,100,0.1,0.9886,1.0,1.0
16,FakeManilaV2,34,2,200,0.08,0.9911,0.02,0.0024
16,FakeManilaV2,34,3,300,0.0833,0.9909,0.0033,0.0002
16,FakeManilaV2,34,4,400,0.05,0.9964,0.0333,0.0055
16,FakeManilaV2,34,5,500,0.052,0.9968,0.002,0.0004
16,FakeManilaV2,34,6,600,0.035,0.9983,0.017,0.0016
16,FakeManilaV2,34,7,700,0.0186,0.9995,0.0164,0.0012
16,FakeManilaV2,34,8,800,0.0237,0.9993,0.0052,0.0003
16,FakeManilaV2,34,9,900,0.0189,0.9995,0.0049,0.0002
16,FakeManilaV2,34,10,1000,0.016,0.9996,0.0029,0.0001
16,FakeManilaV2,35,1,100,0.06,0.9935,1.0,1.0
16,FakeManilaV2,35,2,200,0.07,0.9948,0.01,0.0013
16,FakeManilaV2,35,3,300,0.0533,0.9955,0.0167,0.0007
16,FakeManilaV2,35,4,400,0.0375,0.9975,0.0158,0.002
16,FakeManilaV2,35,5,500,0.018,0.9995,0.0195,0.002
16,FakeManilaV2,35,6,600,0.015,0.9997,0.003,0.0001
16,FakeManilaV2,35,7,700,0.0186,0.9995,0.0036,0.0002
16,FakeManilaV2,35,8,800,0.015,0.9997,0.0036,0.0002
16,FakeManilaV2,35,9,900,0.0156,0.9996,0.0006,0.0001
16,FakeManilaV2,35,10,1000,0.021,0.9994,0.0054,0.0002
16,FakeManilaV2,36,1,100,0.05,0.9956,1.0,1.0
16,FakeManilaV2,36,2,200,0.045,0.997,0.005,0.0013
16,FakeManilaV2,36,3,300,0.04,0.9974,0.005,0.0004
16,FakeManilaV2,36,4,400,0.0475,0.9977,0.0075,0.0003
16,FakeManilaV2,36,5,500,0.054,0.997,0.0065,0.0007
16,FakeManilaV2,36,6,600,0.0517,0.9972,0.0023,0.0002
16,FakeManilaV2,36,7,700,0.04,0.9977,0.0117,0.0005
16,FakeManilaV2,36,8,800,0.04,0.9977,0.0,0.0
16,FakeManilaV2,36,9,900,0.0322,0.9986,0.0078,0.0009
16,FakeManilaV2,36,10,1000,0.031,0.9987,0.0012,0.0001
16,FakeManilaV2,37,1,100,0.04,0.9968,1.0,1.0
16,FakeManilaV2,37,2,200,0.045,0.9973,0.005,0.0005
16,FakeManilaV2,37,3,300,0.0567,0.9949,0.0117,0.0024
16,FakeManilaV2,37,4,400,0.0325,0.9984,0.0242,0.0036
16,FakeManilaV2,37,5,500,0.026,0.9988,0.0065,0.0004
16,FakeManilaV2,37,6,600,0.0267,0.9992,0.0007,0.0004
16,FakeManilaV2,37,7,700,0.0229,0.9994,0.0038,0.0001
16,FakeManilaV2,37,8,800,0.0275,0.9992,0.0046,0.0001
16,FakeManilaV2,37,9,900,0.0222,0.9994,0.0053,0.0002
16,FakeManilaV2,37,10,1000,0.024,0.9994,0.0018,0.0001
16,FakeManilaV2,38,1,100,0.05,0.997,1.0,1.0
16,FakeManilaV2,38,2,200,0.04,0.9983,0.01,0.0013
16,FakeManilaV2,38,3,300,0.0433,0.9981,0.0033,0.0002
16,FakeManilaV2,38,4,400,0.0425,0.9981,0.0008,0.0
16,FakeManilaV2,38,5,500,0.04,0.9984,0.0025,0.0002
16,FakeManilaV2,38,6,600,0.03,0.9989,0.01,0.0005
16,FakeManilaV2,38,7,700,0.0243,0.9992,0.0057,0.0004
16,FakeManilaV2,38,8,800,0.02,0.9994,0.0043,0.0002
16,FakeManilaV2,38,9,900,0.0156,0.9997,0.0044,0.0003
16,FakeManilaV2,38,10,1000,0.014,0.9998,0.0016,0.0001
16,FakeManilaV2,39,1,100,0.11,0.9832,1.0,1.0
16,FakeManilaV2,39,2,200,0.065,0.9957,0.045,0.0126
16,FakeManilaV2,39,3,300,0.0733,0.9939,0.0083,0.0018
16,FakeManilaV2,39,4,400,0.0475,0.9976,0.0258,0.0037
16,FakeManilaV2,39,5,500,0.04,0.9983,0.0075,0.0007
16,FakeManilaV2,39,6,600,0.0467,0.9972,0.0067,0.0011
16,FakeManilaV2,39,7,700,0.0371,0.998,0.0095,0.0008
16,FakeManilaV2,39,8,800,0.0362,0.9981,0.0009,0.0001
16,FakeManilaV2,39,9,900,0.0311,0.9985,0.0051,0.0004
16,FakeManilaV2,39,10,1000,0.029,0.9987,0.0021,0.0002
16,FakeManilaV2,40,1,100,0.11,0.9801,1.0,1.0
16,FakeManilaV2,40,2,200,0.065,0.9935,0.045,0.0134
16,FakeManilaV2,40,3,300,0.0567,0.9956,0.0083,0.002
16,FakeManilaV2,40,4,400,0.0375,0.9978,0.0192,0.0022
16,FakeManilaV2,40,5,500,0.042,0.9978,0.0045,0.0001
16,FakeManilaV2,40,6,600,0.0333,0.9984,0.0087,0.0006
16,FakeManilaV2,40,7,700,0.0314,0.9989,0.0019,0.0005
16,FakeManilaV2,40,8,800,0.0325,0.9988,0.0011,0.0001
16,FakeManilaV2,40,9,900,0.0378,0.9985,0.0053,0.0003
16,FakeManilaV2,40,10,1000,0.036,0.9983,0.0018,0.0002
16,FakeManilaV2,41,1,100,0.07,0.9941,1.0,1.0
16,FakeManilaV2,41,2,200,0.065,0.9956,0.005,0.0015
16,FakeManilaV2,41,3,300,0.0533,0.9962,0.0117,0.0006
16,FakeManilaV2,41,4,400,0.055,0.996,0.0017,0.0002
16,FakeManilaV2,41,5,500,0.042,0.9975,0.013,0.0015
16,FakeManilaV2,41,6,600,0.0267,0.9989,0.0153,0.0013
16,FakeManilaV2,41,7,700,0.0286,0.999,0.0019,0.0001
16,FakeManilaV2,41,8,800,0.0313,0.9987,0.0027,0.0003
16,FakeManilaV2,41,9,900,0.0389,0.9981,0.0076,0.0006
16,FakeManilaV2,41,10,1000,0.03,0.9989,0.0089,0.0008
16,FakeManilaV2,42,1,100,0.07,0.994,1.0,1.0
16,FakeManilaV2,42,2,200,0.01,0.9999,0.06,0.0059
16,FakeManilaV2,42,3,300,0.02,0.9994,0.01,0.0005
16,FakeManilaV2,42,4,400,0.0225,0.9994,0.0025,0.0
16,FakeManilaV2,42,5,500,0.02,0.9994,0.0025,0.0
16,FakeManilaV2,42,6,600,0.0233,0.9994,0.0033,0.0
16,FakeManilaV2,42,7,700,0.02,0.9995,0.0033,0.0
16,FakeManilaV2,42,8,800,0.0125,0.9997,0.0075,0.0002
16,FakeManilaV2,42,9,900,0.0144,0.9997,0.0019,0.0
16,FakeManilaV2,42,10,1000,0.019,0.9994,0.0046,0.0003
16,FakeManilaV2,43,1,100,0.08,0.9919,1.0,1.0
16,FakeManilaV2,43,2,200,0.035,0.9987,0.045,0.0068
16,FakeManilaV2,43,3,300,0.0233,0.9991,0.0117,0.0004
16,FakeManilaV2,43,4,400,0.0275,0.9989,0.0042,0.0002
16,FakeManilaV2,43,5,500,0.024,0.9992,0.0035,0.0003
16,FakeManilaV2,43,6,600,0.02,0.9995,0.004,0.0003
16,FakeManilaV2,43,7,700,0.0114,0.9998,0.0086,0.0004
16,FakeManilaV2,43,8,800,0.015,0.9997,0.0036,0.0001
16,FakeManilaV2,43,9,900,0.0122,0.9998,0.0028,0.0001
16,FakeManilaV2,43,10,1000,0.012,0.9998,0.0002,0.0
16,FakeManilaV2,44,1,100,0.04,0.9973,1.0,1.0
16,FakeManilaV2,44,2,200,0.04,0.9975,0.0,0.0002
16,FakeManilaV2,44,3,300,0.0233,0.9993,0.0167,0.0018
16,FakeManilaV2,44,4,400,0.0125,0.9997,0.0108,0.0004
16,FakeManilaV2,44,5,500,0.014,0.9998,0.0015,0.0
16,FakeManilaV2,44,6,600,0.0067,0.9999,0.0073,0.0002
16,FakeManilaV2,44,7,700,0.01,0.9999,0.0033,0.0001
16,FakeManilaV2,44,8,800,0.005,1.0,0.005,0.0001
16,FakeManilaV2,44,9,900,0.0067,0.9999,0.0017,0.0
16,FakeManilaV2,44,10,1000,0.003,1.0,0.0037,0.0
16,FakeManilaV2,45,1,100,0.05,0.9968,1.0,1.0
16,FakeManilaV2,45,2,200,0.055,0.9954,0.005,0.0014
16,FakeManilaV2,45,3,300,0.0167,0.9995,0.0383,0.0041
16,FakeManilaV2,45,4,400,0.02,0.9996,0.0033,0.0001
16,FakeManilaV2,45,5,500,0.01,0.9998,0.01,0.0002
16,FakeManilaV2,45,6,600,0.0183,0.9996,0.0083,0.0003
16,FakeManilaV2,45,7,700,0.0229,0.9993,0.0045,0.0002
16,FakeManilaV2,45,8,800,0.02,0.9993,0.0029,0.0
16,FakeManilaV2,45,9,900,0.01,0.9999,0.01,0.0006
16,FakeManilaV2,45,10,1000,0.01,0.9998,0.0,0.0
16,FakeManilaV2,46,1,100,0.11,0.979,1.0,1.0
16,FakeManilaV2,46,2,200,0.06,0.9943,0.05,0.0153
16,FakeManilaV2,46,3,300,0.0467,0.9964,0.0133,0.0021
16,FakeManilaV2,46,4,400,0.0325,0.9983,0.0142,0.0019
16,FakeManilaV2,46,5,500,0.024,0.9992,0.0085,0.0009
16,FakeManilaV2,46,6,600,0.0267,0.9988,0.0027,0.0004
16,FakeManilaV2,46,7,700,0.0186,0.9995,0.0081,0.0007
16,FakeManilaV2,46,8,800,0.015,0.9997,0.0036,0.0001
16,FakeManilaV2,46,9,900,0.01,0.9999,0.005,0.0002
16,FakeManilaV2,46,10,1000,0.015,0.9997,0.005,0.0001
16,FakeManilaV2,47,1,100,0.05,0.9964,1.0,1.0
16,FakeManilaV2,47,2,200,0.04,0.9983,0.01,0.002
16,FakeManilaV2,47,3,300,0.0533,0.9957,0.0133,0.0027
16,FakeManilaV2,47,4,400,0.0425,0.9974,0.0108,0.0017
16,FakeManilaV2,47,5,500,0.038,0.9979,0.0045,0.0005
16,FakeManilaV2,47,6,600,0.04,0.9977,0.002,0.0002
16,FakeManilaV2,47,7,700,0.0371,0.9982,0.0029,0.0006
16,FakeManilaV2,47,8,800,0.0262,0.9991,0.0109,0.0008
16,FakeManilaV2,47,9,900,0.0211,0.9993,0.0051,0.0002
16,FakeManilaV2,47,10,1000,0.025,0.9991,0.0039,0.0002
16,FakeManilaV2,48,1,100,0.08,0.9907,1.0,1.0
16,FakeManilaV2,48,2,200,0.055,0.9946,0.025,0.0039
16,FakeManilaV2,48,3,300,0.04,0.9977,0.015,0.003
16,FakeManilaV2,48,4,400,0.03,0.9988,0.01,0.0011
16,FakeManilaV2,48,5,500,0.02,0.9993,0.01,0.0005
16,FakeManilaV2,48,6,600,0.0267,0.9992,0.0067,0.0
16,FakeManilaV2,48,7,700,0.0343,0.9986,0.0076,0.0007
16,FakeManilaV2,48,8,800,0.0363,0.9982,0.002,0.0004
16,FakeManilaV2,48,9,900,0.0422,0.998,0.006,0.0003
16,FakeManilaV2,48,10,1000,0.034,0.9985,0.0082,0.0006
16,FakeManilaV2,49,1,100,0.16,0.9703,1.0,1.0
16,FakeManilaV2,49,2,200,0.09,0.9901,0.07,0.0198
16,FakeManilaV2,49,3,300,0.0467,0.997,0.0433,0.0069
16,FakeManilaV2,49,4,400,0.0525,0.9956,0.0058,0.0014
16,FakeManilaV2,49,5,500,0.032,0.9988,0.0205,0.0032
16,FakeManilaV2,49,6,600,0.0217,0.9993,0.0103,0.0005
16,FakeManilaV2,49,7,700,0.0286,0.9992,0.0069,0.0001
16,FakeManilaV2,49,8,800,0.0325,0.9989,0.0039,0.0003
16,FakeManilaV2,49,9,900,0.03,0.999,0.0025,0.0002
16,FakeManilaV2,49,10,1000,0.033,0.9989,0.003,0.0001
16,FakeManilaV2,50,1,100,0.05,0.996,1.0,1.0
16,FakeManilaV2,50,2,200,0.08,0.9925,0.03,0.0035
16,FakeManilaV2,50,3,300,0.0467,0.9966,0.0333,0.0041
16,FakeManilaV2,50,4,400,0.04,0.9979,0.0067,0.0014
16,FakeManilaV2,50,5,500,0.012,0.9998,0.028,0.0019
16,FakeManilaV2,50,6,600,0.0117,0.9998,0.0003,0.0
16,FakeManilaV2,50,7,700,0.0129,0.9998,0.0012,0.0
16,FakeManilaV2,50,8,800,0.0138,0.9998,0.0009,0.0
16,FakeManilaV2,50,9,900,0.0078,0.9999,0.006,0.0002
16,FakeManilaV2,50,10,1000,0.012,0.9998,0.0042,0.0001
16,FakeManilaV2,51,1,100,0.07,0.9916,1.0,1.0
16,FakeManilaV2,51,2,200,0.02,0.9994,0.05,0.0078
16,FakeManilaV2,51,3,300,0.0333,0.9987,0.0133,0.0007
16,FakeManilaV2,51,4,400,0.015,0.9997,0.0183,0.0011
16,FakeManilaV2,51,5,500,0.01,0.9999,0.005,0.0001
16,FakeManilaV2,51,6,600,0.005,1.0,0.005,0.0001
16,FakeManilaV2,51,7,700,0.01,0.9999,0.005,0.0001
16,FakeManilaV2,51,8,800,0.01,0.9999,0.0,0.0
16,FakeManilaV2,51,9,900,0.0156,0.9997,0.0056,0.0001
16,FakeManilaV2,51,10,1000,0.02,0.9995,0.0044,0.0002
16,FakeManilaV2,52,1,100,0.06,0.9935,1.0,1.0
16,FakeManilaV2,52,2,200,0.025,0.9993,0.035,0.0057
16,FakeManilaV2,52,3,300,0.0333,0.9986,0.0083,0.0007
16,FakeManilaV2,52,4,400,0.0425,0.9973,0.0092,0.0013
16,FakeManilaV2,52,5,500,0.046,0.9975,0.0035,0.0002
16,FakeManilaV2,52,6,600,0.0367,0.9981,0.0093,0.0007
16,FakeManilaV2,52,7,700,0.0429,0.9975,0.0062,0.0006
16,FakeManilaV2,52,8,800,0.0438,0.9975,0.0009,0.0
16,FakeManilaV2,52,9,900,0.0422,0.9976,0.0015,0.0001
16,FakeManilaV2,52,10,1000,0.046,0.9971,0.0038,0.0005
16,FakeManilaV2,53,1,100,0.08,0.9931,1.0,1.0
16,FakeManilaV2,53,2,200,0.07,0.9939,0.01,0.0008
16,FakeManilaV2,53,3,300,0.04,0.9976,0.03,0.0037
16,FakeManilaV2,53,4,400,0.01,0.9999,0.03,0.0023
16,FakeManilaV2,53,5,500,0.026,0.9992,0.016,0.0007
16,FakeManilaV2,53,6,600,0.025,0.9994,0.001,0.0002
16,FakeManilaV2,53,7,700,0.0329,0.9989,0.0079,0.0005
16,FakeManilaV2,53,8,800,0.0162,0.9996,0.0166,0.0007
16,FakeManilaV2,53,9,900,0.0222,0.9993,0.006,0.0003
16,FakeManilaV2,53,10,1000,0.018,0.9996,0.0042,0.0003
16,FakeManilaV2,54,1,100,0.09,0.9895,1.0,1.0
16,FakeManilaV2,54,2,200,0.055,0.9963,0.035,0.0068
16,FakeManilaV2,54,3,300,0.0533,0.997,0.0017,0.0006
16,FakeManilaV2,54,4,400,0.035,0.9987,0.0183,0.0017
16,FakeManilaV2,54,5,500,0.036,0.9986,0.001,0.0
16,FakeManilaV2,54,6,600,0.0333,0.9989,0.0027,0.0002
16,FakeManilaV2,54,7,700,0.0214,0.9995,0.0119,0.0006
16,FakeManilaV2,54,8,800,0.0275,0.9992,0.0061,0.0003
16,FakeManilaV2,54,9,900,0.0233,0.9993,0.0042,0.0001
16,FakeManilaV2,54,10,1000,0.017,0.9995,0.0063,0.0002
16,FakeManilaV2,55,1,100,0.05,0.9969,1.0,1.0
16,FakeManilaV2,55,2,200,0.015,0.9997,0.035,0.0028
16,FakeManilaV2,55,3,300,0.02,0.9993,0.005,0.0004
16,FakeManilaV2,55,4,400,0.025,0.9991,0.005,0.0002
16,FakeManilaV2,55,5,500,0.034,0.9983,0.009,0.0008
16,FakeManilaV2,55,6,600,0.0333,0.9983,0.0007,0.0
16,FakeManilaV2,55,7,700,0.0271,0.9989,0.0062,0.0006
16,FakeManilaV2,55,8,800,0.0263,0.9992,0.0009,0.0003
16,FakeManilaV2,55,9,900,0.0233,0.9992,0.0029,0.0001
16,FakeManilaV2,55,10,1000,0.016,0.9996,0.0073,0.0004
16,FakeManilaV2,56,1,100,0.03,0.999,1.0,1.0
16,FakeManilaV2,56,2,200,0.03,0.9991,0.0,0.0001
16,FakeManilaV2,56,3,300,0.0133,0.9998,0.0167,0.0008
16,FakeManilaV2,56,4,400,0.0125,0.9998,0.0008,0.0
16,FakeManilaV2,56,5,500,0.014,0.9998,0.0015,0.0
16,FakeManilaV2,56,6,600,0.01,0.9999,0.004,0.0001
16,FakeManilaV2,56,7,700,0.0157,0.9997,0.0057,0.0002
16,FakeManilaV2,56,8,800,0.0175,0.9996,0.0018,0.0001
16,FakeManilaV2,56,9,900,0.0167,0.9996,0.0008,0.0
16,FakeManilaV2,56,10,1000,0.016,0.9996,0.0007,0.0001
16,FakeManilaV2,57,1,100,0.04,0.9975,1.0,1.0
16,FakeManilaV2,57,2,200,0.035,0.9979,0.005,0.0004
16,FakeManilaV2,57,3,300,0.0233,0.9994,0.0117,0.0016
16,FakeManilaV2,57,4,400,0.02,0.9995,0.0033,0.0
16,FakeManilaV2,57,5,500,0.028,0.999,0.008,0.0005
16,FakeManilaV2,57,6,600,0.0233,0.9994,0.0047,0.0004
16,FakeManilaV2,57,7,700,0.0157,0.9996,0.0076,0.0002
16,FakeManilaV2,57,8,800,0.0175,0.9997,0.0018,0.0001
16,FakeManilaV2,57,9,900,0.0167,0.9996,0.0008,0.0
16,FakeManilaV2,57,10,1000,0.022,0.9995,0.0053,0.0001
16,FakeManilaV2,58,1,100,0.03,0.9982,1.0,1.0
16,FakeManilaV2,58,2,200,0.035,0.9984,0.005,0.0002
16,FakeManilaV2,58,3,300,0.02,0.9994,0.015,0.001
16,FakeManilaV2,58,4,400,0.01,0.9998,0.01,0.0004
16,FakeManilaV2,58,5,500,0.022,0.9994,0.012,0.0005
16,FakeManilaV2,58,6,600,0.02,0.9994,0.002,0.0
16,FakeManilaV2,58,7,700,0.0186,0.9995,0.0014,0.0001
16,FakeManilaV2,58,8,800,0.0287,0.9988,0.0102,0.0007
16,FakeManilaV2,58,9,900,0.0322,0.9986,0.0035,0.0001
16,FakeManilaV2,58,10,1000,0.032,0.9987,0.0002,0.0001
16,FakeManilaV2,59,1,100,0.06,0.9947,1.0,1.0
16,FakeManilaV2,59,2,200,0.035,0.9983,0.025,0.0036
16,FakeManilaV2,59,3,300,0.0067,0.9999,0.0283,0.0016
16,FakeManilaV2,59,4,400,0.01,0.9999,0.0033,0.0
16,FakeManilaV2,59,5,500,0.008,0.9999,0.002,0.0
16,FakeManilaV2,59,6,600,0.0117,0.9998,0.0037,0.0001
16,FakeManilaV2,59,7,700,0.0086,0.9999,0.0031,0.0002
16,FakeManilaV2,59,8,800,0.0212,0.9995,0.0127,0.0004
16,FakeManilaV2,59,9,900,0.0267,0.9992,0.0054,0.0003
16,FakeManilaV2,59,10,1000,0.032,0.9988,0.0053,0.0004
16,FakeManilaV2,60,1,100,0.14,0.9787,1.0,1.0
16,FakeManilaV2,60,2,200,0.055,0.9961,0.085,0.0174
16,FakeManilaV2,60,3,300,0.04,0.998,0.015,0.0019
16,FakeManilaV2,60,4,400,0.0375,0.9979,0.0025,0.0001
16,FakeManilaV2,60,5,500,0.032,0.9984,0.0055,0.0004
16,FakeManilaV2,60,6,600,0.025,0.9991,0.007,0.0007
16,FakeManilaV2,60,7,700,0.03,0.9987,0.005,0.0004
16,FakeManilaV2,60,8,800,0.03,0.9988,0.0,0.0001
16,FakeManilaV2,60,9,900,0.0211,0.9993,0.0089,0.0006
16,FakeManilaV2,60,10,1000,0.021,0.9994,0.0001,0.0
16,FakeManilaV2,61,1,100,0.09,0.9901,1.0,1.0
16,FakeManilaV2,61,2,200,0.035,0.9987,0.055,0.0086
16,FakeManilaV2,61,3,300,0.0267,0.9989,0.0083,0.0001
16,FakeManilaV2,61,4,400,0.015,0.9997,0.0117,0.0008
16,FakeManilaV2,61,5,500,0.02,0.9994,0.005,0.0003
16,FakeManilaV2,61,6,600,0.0183,0.9995,0.0017,0.0001
16,FakeManilaV2,61,7,700,0.0114,0.9999,0.0069,0.0003
16,FakeManilaV2,61,8,800,0.005,1.0,0.0064,0.0001
16,FakeManilaV2,61,9,900,0.0056,0.9999,0.0006,0.0
16,FakeManilaV2,61,10,1000,0.018,0.9997,0.0124,0.0003
16,FakeManilaV2,62,1,100,0.1,0.9872,1.0,1.0
16,FakeManilaV2,62,2,200,0.085,0.9915,0.015,0.0043
16,FakeManilaV2,62,3,300,0.0367,0.9984,0.0483,0.0068
16,FakeManilaV2,62,4,400,0.0475,0.9969,0.0108,0.0014
16,FakeManilaV2,62,5,500,0.03,0.9987,0.0175,0.0017
16,FakeManilaV2,62,6,600,0.0267,0.9989,0.0033,0.0002
16,FakeManilaV2,62,7,700,0.0371,0.9982,0.0105,0.0007
16,FakeManilaV2,62,8,800,0.0287,0.9989,0.0084,0.0007
16,FakeManilaV2,62,9,900,0.0211,0.9994,0.0076,0.0005
16,FakeManilaV2,62,10,1000,0.026,0.9991,0.0049,0.0003
16,FakeManilaV2,63,1,100,0.08,0.9912,1.0,1.0
16,FakeManilaV2,63,2,200,0.02,0.9994,0.06,0.0082
16,FakeManilaV2,63,3,300,0.0133,0.9998,0.0067,0.0004
16,FakeManilaV2,63,4,400,0.0175,0.9997,0.0042,0.0001
16,FakeManilaV2,63,5,500,0.024,0.9992,0.0065,0.0005
16,FakeManilaV2,63,6,600,0.0233,0.9992,0.0007,0.0
16,FakeManilaV2,63,7,700,0.0214,0.9993,0.0019,0.0001
16,FakeManilaV2,63,8,800,0.0262,0.9991,0.0048,0.0003
16,FakeManilaV2,63,9,900,0.03,0.9988,0.0037,0.0003
16,FakeManilaV2,63,10,1000,0.024,0.9991,0.006,0.0003
16,FakeManilaV2,64,1,100,0.06,0.9962,1.0,1.0
16,FakeManilaV2,64,2,200,0.045,0.9967,0.015,0.0005
16,FakeManilaV2,64,3,300,0.0333,0.9984,0.0117,0.0017
16,FakeManilaV2,64,4,400,0.0375,0.9982,0.0042,0.0002
16,FakeManilaV2,64,5,500,0.056,0.9964,0.0185,0.0018
16,FakeManilaV2,64,6,600,0.0483,0.9975,0.0077,0.0011
16,FakeManilaV2,64,7,700,0.0429,0.9981,0.0055,0.0006
16,FakeManilaV2,64,8,800,0.0425,0.9981,0.0004,0.0
16,FakeManilaV2,64,9,900,0.0367,0.9986,0.0058,0.0005
16,FakeManilaV2,64,10,1000,0.027,0.9993,0.0097,0.0006
16,FakeManilaV2,65,1,100,0.06,0.9953,1.0,1.0
16,FakeManilaV2,65,2,200,0.05,0.9955,0.01,0.0002
16,FakeManilaV2,65,3,300,0.04,0.998,0.01,0.0025
16,FakeManilaV2,65,4,400,0.025,0.9991,0.015,0.0011
16,FakeManilaV2,65,5,500,0.028,0.9991,0.003,0.0001
16,FakeManilaV2,65,6,600,0.0133,0.9998,0.0147,0.0007
16,FakeManilaV2,65,7,700,0.0057,1.0,0.0076,0.0002
16,FakeManilaV2,65,8,800,0.0138,0.9997,0.008,0.0002
16,FakeManilaV2,65,9,900,0.0067,0.9999,0.0071,0.0002
16,FakeManilaV2,65,10,1000,0.01,0.9998,0.0033,0.0001
16,FakeManilaV2,66,1,100,0.1,0.9848,1.0,1.0
16,FakeManilaV2,66,2,200,0.045,0.9973,0.055,0.0125
16,FakeManilaV2,66,3,300,0.0367,0.998,0.0083,0.0007
16,FakeManilaV2,66,4,400,0.035,0.9985,0.0017,0.0005
16,FakeManilaV2,66,5,500,0.022,0.9992,0.013,0.0007
16,FakeManilaV2,66,6,600,0.02,0.9994,0.002,0.0002
16,FakeManilaV2,66,7,700,0.0271,0.9987,0.0071,0.0008
16,FakeManilaV2,66,8,800,0.0262,0.9989,0.0009,0.0002
16,FakeManilaV2,66,9,900,0.0211,0.9992,0.0051,0.0003
16,FakeManilaV2,66,10,1000,0.019,0.9994,0.0021,0.0002
16,FakeManilaV2,67,1,100,0.05,0.9964,1.0,1.0
16,FakeManilaV2,67,2,200,0.035,0.9986,0.015,0.0023
16,FakeManilaV2,67,3,300,0.0333,0.9987,0.0017,0.0001
16,FakeManilaV2,67,4,400,0.0325,0.9986,0.0008,0.0001
16,FakeManilaV2,67,5,500,0.02,0.9994,0.0125,0.0009
16,FakeManilaV2,67,6,600,0.0133,0.9998,0.0067,0.0004
16,FakeManilaV2,67,7,700,0.0086,0.9999,0.0048,0.0001
16,FakeManilaV2,67,8,800,0.0112,0.9998,0.0027,0.0001
16,FakeManilaV2,67,9,900,0.0167,0.9997,0.0054,0.0001
16,FakeManilaV2,67,10,1000,0.016,0.9997,0.0007,0.0
16,FakeManilaV2,68,1,100,0.06,0.9952,1.0,1.0
16,FakeManilaV2,68,2,200,0.055,0.996,0.005,0.0007
16,FakeManilaV2,68,3,300,0.0433,0.997,0.0117,0.0011
16,FakeManilaV2,68,4,400,0.02,0.9993,0.0233,0.0023
16,FakeManilaV2,68,5,500,0.022,0.9993,0.002,0.0
16,FakeManilaV2,68,6,600,0.0167,0.9996,0.0053,0.0003
16,FakeManilaV2,68,7,700,0.0171,0.9996,0.0005,0.0
16,FakeManilaV2,68,8,800,0.0175,0.9997,0.0004,0.0001
16,FakeManilaV2,68,9,900,0.0189,0.9996,0.0014,0.0001
16,FakeManilaV2,68,10,1000,0.017,0.9997,0.0019,0.0001
16,FakeManilaV2,69,1,100,0.07,0.995,1.0,1.0
16,FakeManilaV2,69,2,200,0.025,0.9991,0.045,0.0041
16,FakeManilaV2,69,3,300,0.0167,0.9997,0.0083,0.0006
16,FakeManilaV2,69,4,400,0.04,0.9979,0.0233,0.0018
16,FakeManilaV2,69,5,500,0.038,0.9981,0.002,0.0002
16,FakeManilaV2,69,6,600,0.0367,0.9981,0.0013,0.0001
16,FakeManilaV2,69,7,700,0.0257,0.999,0.011,0.0009
16,FakeManilaV2,69,8,800,0.0325,0.9986,0.0068,0.0005
16,FakeManilaV2,69,9,900,0.0311,0.9987,0.0014,0.0002
16,FakeManilaV2,69,10,1000,0.025,0.9992,0.0061,0.0004
16,FakeManilaV2,70,1,100,0.06,0.9946,1.0,1.0
16,FakeManilaV2,70,2,200,0.045,0.9967,0.015,0.0022
16,FakeManilaV2,70,3,300,0.04,0.9977,0.005,0.001
16,FakeManilaV2,70,4,400,0.025,0.9991,0.015,0.0014
16,FakeManilaV2,70,5,500,0.032,0.9985,0.007,0.0006
16,FakeManilaV2,70,6,600,0.0267,0.9989,0.0053,0.0004
16,FakeManilaV2,70,7,700,0.0271,0.999,0.0005,0.0002
16,FakeManilaV2,70,8,800,0.0213,0.9994,0.0059,0.0003
16,FakeManilaV2,70,9,900,0.0244,0.9992,0.0032,0.0002
16,FakeManilaV2,70,10,1000,0.015,0.9996,0.0094,0.0004
16,FakeManilaV2,71,1,100,0.06,0.9952,1.0,1.0
16,FakeManilaV2,71,2,200,0.045,0.9975,0.015,0.0023
16,FakeManilaV2,71,3,300,0.0533,0.9963,0.0083,0.0012
16,FakeManilaV2,71,4,400,0.0525,0.9968,0.0008,0.0004
16,FakeManilaV2,71,5,500,0.036,0.9978,0.0165,0.0011
16,FakeManilaV2,71,6,600,0.0383,0.9978,0.0023,0.0001
16,FakeManilaV2,71,7,700,0.0314,0.9987,0.0069,0.001
16,FakeManilaV2,71,8,800,0.03,0.9987,0.0014,0.0
16,FakeManilaV2,71,9,900,0.03,0.9985,0.0,0.0002
16,FakeManilaV2,71,10,1000,0.029,0.9987,0.001,0.0002
16,FakeManilaV2,72,1,100,0.06,0.9955,1.0,1.0
16,FakeManilaV2,72,2,200,0.025,0.9991,0.035,0.0036
16,FakeManilaV2,72,3,300,0.0533,0.997,0.0283,0.0021
16,FakeManilaV2,72,4,400,0.0475,0.9976,0.0058,0.0006
16,FakeManilaV2,72,5,500,0.022,0.9992,0.0255,0.0016
16,FakeManilaV2,72,6,600,0.025,0.9991,0.003,0.0
16,FakeManilaV2,72,7,700,0.0243,0.999,0.0007,0.0001
16,FakeManilaV2,72,8,800,0.0238,0.9992,0.0005,0.0001
16,FakeManilaV2,72,9,900,0.0222,0.9993,0.0015,0.0002
16,FakeManilaV2,72,10,1000,0.024,0.9993,0.0018,0.0
16,FakeManilaV2,73,1,100,0.03,0.9982,1.0,1.0
16,FakeManilaV2,73,2,200,0.045,0.9974,0.015,0.0008
16,FakeManilaV2,73,3,300,0.0367,0.9979,0.0083,0.0005
16,FakeManilaV2,73,4,400,0.0475,0.9961,0.0108,0.0018
16,FakeManilaV2,73,5,500,0.04,0.9977,0.0075,0.0015
16,FakeManilaV2,73,6,600,0.0283,0.9988,0.0117,0.0011
16,FakeManilaV2,73,7,700,0.0271,0.9989,0.0012,0.0001
16,FakeManilaV2,73,8,800,0.0175,0.9996,0.0096,0.0006
16,FakeManilaV2,73,9,900,0.0133,0.9997,0.0042,0.0002
16,FakeManilaV2,73,10,1000,0.013,0.9998,0.0003,0.0
16,FakeManilaV2,74,1,100,0.09,0.9917,1.0,1.0
16,FakeManilaV2,74,2,200,0.06,0.9935,0.03,0.0018
16,FakeManilaV2,74,3,300,0.0533,0.996,0.0067,0.0025
16,FakeManilaV2,74,4,400,0.0525,0.9965,0.0008,0.0005
16,FakeManilaV2,74,5,500,0.052,0.9969,0.0005,0.0005
16,FakeManilaV2,74,6,600,0.0367,0.9985,0.0153,0.0015
16,FakeManilaV2,74,7,700,0.0386,0.9984,0.0019,0.0001
16,FakeManilaV2,74,8,800,0.0375,0.9979,0.0011,0.0005
16,FakeManilaV2,74,9,900,0.0322,0.9983,0.0053,0.0004
16,FakeManilaV2,74,10,1000,0.03,0.9986,0.0022,0.0003
16,FakeManilaV2,75,1,100,0.08,0.9921,1.0,1.0
16,FakeManilaV2,75,2,200,0.01,0.9999,0.07,0.0077
16,FakeManilaV2,75,3,300,0.02,0.9996,0.01,0.0003
16,FakeManilaV2,75,4,400,0.0175,0.9996,0.0025,0.0
16,FakeManilaV2,75,5,500,0.014,0.9998,0.0035,0.0002
16,FakeManilaV2,75,6,600,0.0167,0.9997,0.0027,0.0001
16,FakeManilaV2,75,7,700,0.0157,0.9997,0.001,0.0
16,FakeManilaV2,75,8,800,0.015,0.9996,0.0007,0.0001
16,FakeManilaV2,75,9,900,0.0111,0.9998,0.0039,0.0001
16,FakeManilaV2,75,10,1000,0.01,0.9998,0.0011,0.0
16,FakeManilaV2,76,1,100,0.08,0.9907,1.0,1.0
16,FakeManilaV2,76,2,200,0.08,0.9928,0.0,0.0021
16,FakeManilaV2,76,3,300,0.0567,0.9966,0.0233,0.0038
16,FakeManilaV2,76,4,400,0.045,0.9966,0.0117,0.0
16,FakeManilaV2,76,5,500,0.036,0.998,0.009,0.0015
16,FakeManilaV2,76,6,600,0.0283,0.9988,0.0077,0.0008
16,FakeManilaV2,76,7,700,0.0357,0.9985,0.0074,0.0003
16,FakeManilaV2,76,8,800,0.0338,0.9987,0.002,0.0002
16,FakeManilaV2,76,9,900,0.0189,0.9995,0.0149,0.0007
16,FakeManilaV2,76,10,1000,0.016,0.9996,0.0029,0.0002
16,FakeManilaV2,77,1,100,0.05,0.997,1.0,1.0
16,FakeManilaV2,77,2,200,0.055,0.9946,0.005,0.0024
16,FakeManilaV2,77,3,300,0.05,0.9963,0.005,0.0016
16,FakeManilaV2,77,4,400,0.045,0.9971,0.005,0.0008
16,FakeManilaV2,77,5,500,0.052,0.9961,0.007,0.001
16,FakeManilaV2,77,6,600,0.0383,0.9978,0.0137,0.0017
16,FakeManilaV2,77,7,700,0.04,0.9978,0.0017,0.0
16,FakeManilaV2,77,8,800,0.0387,0.998,0.0013,0.0002
16,FakeManilaV2,77,9,900,0.0389,0.9981,0.0001,0.0
16,FakeManilaV2,77,10,1000,0.034,0.9985,0.0049,0.0004
16,FakeManilaV2,78,1,100,0.07,0.9945,1.0,1.0
16,FakeManilaV2,78,2,200,0.06,0.9945,0.01,0.0
16,FakeManilaV2,78,3,300,0.0433,0.9971,0.0167,0.0026
16,FakeManilaV2,78,4,400,0.035,0.9985,0.0083,0.0013
16,FakeManilaV2,78,5,500,0.04,0.9978,0.005,0.0007
16,FakeManilaV2,78,6,600,0.04,0.9979,0.0,0.0001
16,FakeManilaV2,78,7,700,0.0343,0.9985,0.0057,0.0006
16,FakeManilaV2,78,8,800,0.0288,0.9987,0.0055,0.0002
16,FakeManilaV2,78,9,900,0.0189,0.9993,0.0099,0.0006
16,FakeManilaV2,78,10,1000,0.024,0.9993,0.0051,0.0
16,FakeManilaV2,79,1,100,0.05,0.9966,1.0,1.0
16,FakeManilaV2,79,2,200,0.05,0.9966,0.0,0.0
16,FakeManilaV2,79,3,300,0.0233,0.9992,0.0267,0.0026
16,FakeManilaV2,79,4,400,0.02,0.9994,0.0033,0.0002
16,FakeManilaV2,79,5,500,0.02,0.9995,0.0,0.0001
16,FakeManilaV2,79,6,600,0.0167,0.9995,0.0033,0.0
16,FakeManilaV2,79,7,700,0.0171,0.9997,0.0005,0.0002
16,FakeManilaV2,79,8,800,0.0288,0.9991,0.0116,0.0006
16,FakeManilaV2,79,9,900,0.0244,0.9992,0.0043,0.0002
16,FakeManilaV2,79,10,1000,0.017,0.9996,0.0074,0.0003
16,FakeManilaV2,80,1,100,0.09,0.9901,1.0,1.0
16,FakeManilaV2,80,2,200,0.03,0.9988,0.06,0.0087
16,FakeManilaV2,80,3,300,0.05,0.9974,0.02,0.0013
16,FakeManilaV2,80,4,400,0.05,0.9974,0.0,0.0
16,FakeManilaV2,80,5,500,0.034,0.9988,0.016,0.0013
16,FakeManilaV2,80,6,600,0.0283,0.9992,0.0057,0.0004
16,FakeManilaV2,80,7,700,0.02,0.9995,0.0083,0.0004
16,FakeManilaV2,80,8,800,0.0188,0.9995,0.0012,0.0
16,FakeManilaV2,80,9,900,0.0189,0.9996,0.0001,0.0001
16,FakeManilaV2,80,10,1000,0.017,0.9997,0.0019,0.0001
16,FakeManilaV2,81,1,100,0.07,0.9935,1.0,1.0
16,FakeManilaV2,81,2,200,0.03,0.9987,0.04,0.0052
16,FakeManilaV2,81,3,300,0.02,0.9994,0.01,0.0007
16,FakeManilaV2,81,4,400,0.025,0.9991,0.005,0.0003
16,FakeManilaV2,81,5,500,0.012,0.9998,0.013,0.0007
16,FakeManilaV2,81,6,600,0.025,0.9993,0.013,0.0005
16,FakeManilaV2,81,7,700,0.0271,0.999,0.0021,0.0003
16,FakeManilaV2,81,8,800,0.03,0.9991,0.0029,0.0
16,FakeManilaV2,81,9,900,0.0311,0.999,0.0011,0.0
16,FakeManilaV2,81,10,1000,0.027,0.9993,0.0041,0.0002
16,FakeManilaV2,82,1,100,0.06,0.9953,1.0,1.0
16,FakeManilaV2,82,2,200,0.05,0.9955,0.01,0.0002
16,FakeManilaV2,82,3,300,0.05,0.9967,0.0,0.0012
16,FakeManilaV2,82,4,400,0.045,0.9967,0.005,0.0001
16,FakeManilaV2,82,5,500,0.048,0.9969,0.003,0.0002
16,FakeManilaV2,82,6,600,0.0367,0.9982,0.0113,0.0013
16,FakeManilaV2,82,7,700,0.0429,0.9981,0.0062,0.0002
16,FakeManilaV2,82,8,800,0.045,0.9979,0.0021,0.0002
16,FakeManilaV2,82,9,900,0.0456,0.9979,0.0006,0.0
16,FakeManilaV2,82,10,1000,0.046,0.9978,0.0004,0.0001
16,FakeManilaV2,83,1,100,0.13,0.9761,1.0,1.0
16,FakeManilaV2,83,2,200,0.075,0.9934,0.055,0.0173
16,FakeManilaV2,83,3,300,0.08,0.993,0.005,0.0004
16,FakeManilaV2,83,4,400,0.055,0.9968,0.025,0.0038
16,FakeManilaV2,83,5,500,0.038,0.9977,0.017,0.0009
16,FakeManilaV2,83,6,600,0.0267,0.9988,0.0113,0.0011
16,FakeManilaV2,83,7,700,0.0186,0.9994,0.0081,0.0006
16,FakeManilaV2,83,8,800,0.0163,0.9996,0.0023,0.0002
16,FakeManilaV2,83,9,900,0.0156,0.9996,0.0007,0.0
16,FakeManilaV2,83,10,1000,0.016,0.9997,0.0004,0.0001
16,FakeManilaV2,84,1,100,0.03,0.9986,1.0,1.0
16,FakeManilaV2,84,2,200,0.045,0.9977,0.015,0.0009
16,FakeManilaV2,84,3,300,0.04,0.9983,0.005,0.0006
16,FakeManilaV2,84,4,400,0.0325,0.9985,0.0075,0.0002
16,FakeManilaV2,84,5,500,0.026,0.9991,0.0065,0.0006
16,FakeManilaV2,84,6,600,0.0183,0.9995,0.0077,0.0005
16,FakeManilaV2,84,7,700,0.0214,0.9993,0.0031,0.0003
16,FakeManilaV2,84,8,800,0.0125,0.9998,0.0089,0.0006
16,FakeManilaV2,84,9,900,0.0033,1.0,0.0092,0.0001
16,FakeManilaV2,84,10,1000,0.005,1.0,0.0017,0.0
16,FakeManilaV2,85,1,100,0.05,0.9974,1.0,1.0
16,FakeManilaV2,85,2,200,0.045,0.9972,0.005,0.0002
16,FakeManilaV2,85,3,300,0.0133,0.9996,0.0317,0.0024
16,FakeManilaV2,85,4,400,0.035,0.9982,0.0217,0.0014
16,FakeManilaV2,85,5,500,0.022,0.9994,0.013,0.0012
16,FakeManilaV2,85,6,600,0.0183,0.9996,0.0037,0.0002
16,FakeManilaV2,85,7,700,0.0129,0.9997,0.0055,0.0002
16,FakeManilaV2,85,8,800,0.0113,0.9998,0.0016,0.0001
16,FakeManilaV2,85,9,900,0.0089,0.9999,0.0024,0.0001
16,FakeManilaV2,85,10,1000,0.006,1.0,0.0029,0.0001
16,FakeManilaV2,86,1,100,0.07,0.9931,1.0,1.0
16,FakeManilaV2,86,2,200,0.04,0.9978,0.03,0.0047
16,FakeManilaV2,86,3,300,0.0233,0.9992,0.0167,0.0014
16,FakeManilaV2,86,4,400,0.035,0.9983,0.0117,0.0009
16,FakeManilaV2,86,5,500,0.03,0.9985,0.005,0.0002
16,FakeManilaV2,86,6,600,0.035,0.9985,0.005,0.0
16,FakeManilaV2,86,7,700,0.0343,0.9986,0.0007,0.0001
16,FakeManilaV2,86,8,800,0.0287,0.9991,0.0055,0.0005
16,FakeManilaV2,86,9,900,0.0256,0.9992,0.0032,0.0001
16,FakeManilaV2,86,10,1000,0.028,0.9989,0.0024,0.0003
16,FakeManilaV2,87,1,100,0.09,0.9901,1.0,1.0
16,FakeManilaV2,87,2,200,0.05,0.9968,0.04,0.0067
16,FakeManilaV2,87,3,300,0.06,0.9955,0.01,0.0013
16,FakeManilaV2,87,4,400,0.0525,0.9958,0.0075,0.0004
16,FakeManilaV2,87,5,500,0.042,0.9976,0.0105,0.0018
16,FakeManilaV2,87,6,600,0.035,0.9987,0.007,0.0011
16,FakeManilaV2,87,7,700,0.0229,0.9995,0.0121,0.0007
16,FakeManilaV2,87,8,800,0.0138,0.9997,0.0091,0.0003
16,FakeManilaV2,87,9,900,0.0111,0.9998,0.0026,0.0001
16,FakeManilaV2,87,10,1000,0.012,0.9998,0.0009,0.0001
16,FakeManilaV2,88,1,100,0.09,0.9901,1.0,1.0
16,FakeManilaV2,88,2,200,0.08,0.9931,0.01,0.003
16,FakeManilaV2,88,3,300,0.04,0.9977,0.04,0.0045
16,FakeManilaV2,88,4,400,0.045,0.9967,0.005,0.001
16,FakeManilaV2,88,5,500,0.036,0.9985,0.009,0.0018
16,FakeManilaV2,88,6,600,0.04,0.998,0.004,0.0005
16,FakeManilaV2,88,7,700,0.0343,0.9987,0.0057,0.0007
16,FakeManilaV2,88,8,800,0.03,0.999,0.0043,0.0003
16,FakeManilaV2,88,9,900,0.0322,0.9989,0.0022,0.0
16,FakeManilaV2,88,10,1000,0.034,0.9988,0.0018,0.0001
16,FakeManilaV2,89,1,100,0.13,0.9805,1.0,1.0
16,FakeManilaV2,89,2,200,0.1,0.9899,0.03,0.0094
16,FakeManilaV2,89,3,300,0.0667,0.9955,0.0333,0.0056
16,FakeManilaV2,89,4,400,0.045,0.9979,0.0217,0.0024
16,FakeManilaV2,89,5,500,0.038,0.9985,0.007,0.0005
16,FakeManilaV2,89,6,600,0.0283,0.9992,0.0097,0.0007
16,FakeManilaV2,89,7,700,0.0214,0.9994,0.0069,0.0003
16,FakeManilaV2,89,8,800,0.0225,0.9994,0.0011,0.0001
16,FakeManilaV2,89,9,900,0.03,0.9989,0.0075,0.0004
16,FakeManilaV2,89,10,1000,0.028,0.9989,0.002,0.0001
16,FakeManilaV2,90,1,100,0.07,0.9935,1.0,1.0
16,FakeManilaV2,90,2,200,0.075,0.9908,0.005,0.0026
16,FakeManilaV2,90,3,300,0.0267,0.9987,0.0483,0.0079
16,FakeManilaV2,90,4,400,0.0325,0.9985,0.0058,0.0002
16,FakeManilaV2,90,5,500,0.032,0.9984,0.0005,0.0001
16,FakeManilaV2,90,6,600,0.0233,0.9991,0.0087,0.0006
16,FakeManilaV2,90,7,700,0.03,0.9986,0.0067,0.0004
16,FakeManilaV2,90,8,800,0.025,0.999,0.005,0.0004
16,FakeManilaV2,90,9,900,0.0222,0.9992,0.0028,0.0002
16,FakeManilaV2,90,10,1000,0.026,0.999,0.0038,0.0002
16,FakeManilaV2,91,1,100,0.1,0.9858,1.0,1.0
16,FakeManilaV2,91,2,200,0.04,0.9978,0.06,0.012
16,FakeManilaV2,91,3,300,0.03,0.9987,0.01,0.0009
16,FakeManilaV2,91,4,400,0.0075,0.9999,0.0225,0.0012
16,FakeManilaV2,91,5,500,0.012,0.9998,0.0045,0.0001
16,FakeManilaV2,91,6,600,0.0133,0.9997,0.0013,0.0001
16,FakeManilaV2,91,7,700,0.0086,0.9999,0.0048,0.0002
16,FakeManilaV2,91,8,800,0.0088,0.9999,0.0002,0.0
16,FakeManilaV2,91,9,900,0.0078,0.9999,0.001,0.0
16,FakeManilaV2,91,10,1000,0.008,0.9999,0.0002,0.0
16,FakeManilaV2,92,1,100,0.04,0.9977,1.0,1.0
16,FakeManilaV2,92,2,200,0.02,0.9994,0.02,0.0017
16,FakeManilaV2,92,3,300,0.0267,0.9991,0.0067,0.0002
16,FakeManilaV2,92,4,400,0.03,0.9987,0.0033,0.0004
16,FakeManilaV2,92,5,500,0.026,0.999,0.004,0.0003
16,FakeManilaV2,92,6,600,0.0267,0.999,0.0007,0.0
16,FakeManilaV2,92,7,700,0.0343,0.9988,0.0076,0.0002
16,FakeManilaV2,92,8,800,0.03,0.999,0.0043,0.0002
16,FakeManilaV2,92,9,900,0.0289,0.999,0.0011,0.0
16,FakeManilaV2,92,10,1000,0.025,0.9991,0.0039,0.0002
16,FakeManilaV2,93,1,100,0.03,0.9982,1.0,1.0
16,FakeManilaV2,93,2,200,0.02,0.9995,0.01,0.0013
16,FakeManilaV2,93,3,300,0.05,0.9974,0.03,0.002
16,FakeManilaV2,93,4,400,0.035,0.9986,0.015,0.0012
16,FakeManilaV2,93,5,500,0.036,0.9986,0.001,0.0001
16,FakeManilaV2,93,6,600,0.0233,0.9994,0.0127,0.0008
16,FakeManilaV2,93,7,700,0.0257,0.9991,0.0024,0.0002
16,FakeManilaV2,93,8,800,0.0187,0.9996,0.007,0.0004
16,FakeManilaV2,93,9,900,0.0211,0.9995,0.0024,0.0001
16,FakeManilaV2,93,10,1000,0.018,0.9996,0.0031,0.0002
16,FakeManilaV2,94,1,100,0.07,0.9919,1.0,1.0
16,FakeManilaV2,94,2,200,0.065,0.9932,0.005,0.0013
16,FakeManilaV2,94,3,300,0.0467,0.9962,0.0183,0.003
16,FakeManilaV2,94,4,400,0.0375,0.9978,0.0092,0.0016
16,FakeManilaV2,94,5,500,0.02,0.9993,0.0175,0.0015
16,FakeManilaV2,94,6,600,0.015,0.9996,0.005,0.0003
16,FakeManilaV2,94,7,700,0.0186,0.9994,0.0036,0.0003
16,FakeManilaV2,94,8,800,0.02,0.9994,0.0014,0.0
16,FakeManilaV2,94,9,900,0.0211,0.9994,0.0011,0.0001
16,FakeManilaV2,94,10,1000,0.019,0.9995,0.0021,0.0001
16,FakeManilaV2,95,1,100,0.08,0.9919,1.0,1.0
16,FakeManilaV2,95,2,200,0.065,0.9945,0.015,0.0027
16,FakeManilaV2,95,3,300,0.04,0.9971,0.025,0.0025
16,FakeManilaV2,95,4,400,0.03,0.9988,0.01,0.0017
16,FakeManilaV2,95,5,500,0.028,0.9988,0.002,0.0
16,FakeManilaV2,95,6,600,0.0183,0.9995,0.0097,0.0007
16,FakeManilaV2,95,7,700,0.0243,0.9994,0.006,0.0002
16,FakeManilaV2,95,8,800,0.0237,0.9994,0.0005,0.0001
16,FakeManilaV2,95,9,900,0.0267,0.9991,0.0029,0.0003
16,FakeManilaV2,95,10,1000,0.016,0.9996,0.0107,0.0005
16,FakeManilaV2,96,1,100,0.08,0.9894,1.0,1.0
16,FakeManilaV2,96,2,200,0.065,0.9947,0.015,0.0054
16,FakeManilaV2,96,3,300,0.0433,0.9978,0.0217,0.0031
16,FakeManilaV2,96,4,400,0.0275,0.9987,0.0158,0.0009
16,FakeManilaV2,96,5,500,0.034,0.9984,0.0065,0.0003
16,FakeManilaV2,96,6,600,0.0267,0.999,0.0073,0.0006
16,FakeManilaV2,96,7,700,0.0229,0.9992,0.0038,0.0002
16,FakeManilaV2,96,8,800,0.02,0.9994,0.0029,0.0002
16,FakeManilaV2,96,9,900,0.0167,0.9996,0.0033,0.0002
16,FakeManilaV2,96,10,1000,0.012,0.9998,0.0047,0.0002
16,FakeManilaV2,97,1,100,0.09,0.9914,1.0,1.0
16,FakeManilaV2,97,2,200,0.06,0.9958,0.03,0.0044
16,FakeManilaV2,97,3,300,0.05,0.9972,0.01,0.0014
16,FakeManilaV2,97,4,400,0.0425,0.9981,0.0075,0.0009
16,FakeManilaV2,97,5,500,0.038,0.9982,0.0045,0.0001
16,FakeManilaV2,97,6,600,0.0417,0.9981,0.0037,0.0002
16,FakeManilaV2,97,7,700,0.0357,0.9984,0.006,0.0004
16,FakeManilaV2,97,8,800,0.0337,0.9983,0.002,0.0001
16,FakeManilaV2,97,9,900,0.0267,0.999,0.0071,0.0007
16,FakeManilaV2,97,10,1000,0.032,0.9987,0.0053,0.0003
16,FakeManilaV2,98,1,100,0.08,0.9919,1.0,1.0
16,FakeManilaV2,98,2,200,0.045,0.9972,0.035,0.0053
16,FakeManilaV2,98,3,300,0.02,0.9995,0.025,0.0022
16,FakeManilaV2,98,4,400,0.0325,0.9989,0.0125,0.0005
16,FakeManilaV2,98,5,500,0.034,0.9986,0.0015,0.0003
16,FakeManilaV2,98,6,600,0.03,0.9991,0.004,0.0004
16,FakeManilaV2,98,7,700,0.0143,0.9998,0.0157,0.0007
16,FakeManilaV2,98,8,800,0.0088,0.9999,0.0055,0.0001
16,FakeManilaV2,98,9,900,0.0067,0.9999,0.0021,0.0001
16,FakeManilaV2,98,10,1000,0.009,0.9999,0.0023,0.0001
16,FakeManilaV2,99,1,100,0.03,0.9986,1.0,1.0
16,FakeManilaV2,99,2,200,0.045,0.9977,0.015,0.0009
16,FakeManilaV2,99,3,300,0.0467,0.9969,0.0017,0.0009
16,FakeManilaV2,99,4,400,0.025,0.999,0.0217,0.0021
16,FakeManilaV2,99,5,500,0.024,0.9991,0.001,0.0001
16,FakeManilaV2,99,6,600,0.025,0.9991,0.001,0.0
16,FakeManilaV2,99,7,700,0.0071,0.9999,0.0179,0.0008
16,FakeManilaV2,99,8,800,0.0113,0.9998,0.0041,0.0001
16,FakeManilaV2,99,9,900,0.0144,0.9998,0.0032,0.0
16,FakeManilaV2,99,10,1000,0.011,0.9998,0.0034,0.0
16,FakeManilaV2,100,1,100,0.1,0.9816,1.0,1.0
16,FakeManilaV2,100,2,200,0.075,0.9906,0.025,0.009
16,FakeManilaV2,100,3,300,0.06,0.9944,0.015,0.0038
16,FakeManilaV2,100,4,400,0.0425,0.9974,0.0175,0.003
16,FakeManilaV2,100,5,500,0.034,0.9985,0.0085,0.0012
16,FakeManilaV2,100,6,600,0.0283,0.9988,0.0057,0.0002
16,FakeManilaV2,100,7,700,0.0357,0.9982,0.0074,0.0006
16,FakeManilaV2,100,8,800,0.0187,0.9995,0.017,0.0013
16,FakeManilaV2,100,9,900,0.0178,0.9995,0.001,0.0
16,FakeManilaV2,100,10,1000,0.019,0.9994,0.0012,0.0001
16,FakeManilaV2,101,1,100,0.04,0.9977,1.0,1.0
16,FakeManilaV2,101,2,200,0.085,0.9917,0.045,0.006
16,FakeManilaV2,101,3,300,0.0867,0.9894,0.0017,0.0022
16,FakeManilaV2,101,4,400,0.075,0.9916,0.0117,0.0021
16,FakeManilaV2,101,5,500,0.058,0.9954,0.017,0.0038
16,FakeManilaV2,101,6,600,0.0533,0.9957,0.0047,0.0002
16,FakeManilaV2,101,7,700,0.0471,0.9967,0.0062,0.0011
16,FakeManilaV2,101,8,800,0.0463,0.9966,0.0009,0.0002
16,FakeManilaV2,101,9,900,0.0422,0.9974,0.004,0.0008
16,FakeManilaV2,101,10,1000,0.039,0.9976,0.0032,0.0002
16,FakeManilaV2,102,1,100,0.06,0.9953,1.0,1.0
16,FakeManilaV2,102,2,200,0.07,0.9947,0.01,0.0006
16,FakeManilaV2,102,3,300,0.0533,0.9962,0.0167,0.0015
16,FakeManilaV2,102,4,400,0.0375,0.9979,0.0158,0.0018
16,FakeManilaV2,102,5,500,0.032,0.9985,0.0055,0.0005
16,FakeManilaV2,102,6,600,0.0233,0.9993,0.0087,0.0008
16,FakeManilaV2,102,7,700,0.0386,0.9984,0.0152,0.0009
16,FakeManilaV2,102,8,800,0.04,0.9983,0.0014,0.0
16,FakeManilaV2,102,9,900,0.0444,0.9978,0.0044,0.0005
16,FakeManilaV2,102,10,1000,0.046,0.9975,0.0016,0.0003
16,FakeManilaV2,103,1,100,0.04,0.9968,1.0,1.0
16,FakeManilaV2,103,2,200,0.055,0.9954,0.015,0.0013
16,FakeManilaV2,103,3,300,0.0433,0.9971,0.0117,0.0017
16,FakeManilaV2,103,4,400,0.0325,0.9985,0.0108,0.0014
16,FakeManilaV2,103,5,500,0.03,0.9987,0.0025,0.0002
16,FakeManilaV2,103,6,600,0.0217,0.9993,0.0083,0.0006
16,FakeManilaV2,103,7,700,0.02,0.9994,0.0017,0.0001
16,FakeManilaV2,103,8,800,0.0325,0.9985,0.0125,0.0009
16,FakeManilaV2,103,9,900,0.0167,0.9996,0.0158,0.0011
16,FakeManilaV2,103,10,1000,0.02,0.9995,0.0033,0.0001
16,FakeManilaV2,104,1,100,0.11,0.9824,1.0,1.0
16,FakeManilaV2,104,2,200,0.065,0.993,0.045,0.0107
16,FakeManilaV2,104,3,300,0.0467,0.9967,0.0183,0.0037
16,FakeManilaV2,104,4,400,0.02,0.9994,0.0267,0.0027
16,FakeManilaV2,104,5,500,0.02,0.9995,0.0,0.0001
16,FakeManilaV2,104,6,600,0.0233,0.9992,0.0033,0.0002
16,FakeManilaV2,104,7,700,0.0214,0.9993,0.0019,0.0
16,FakeManilaV2,104,8,800,0.0238,0.9993,0.0023,0.0
16,FakeManilaV2,104,9,900,0.0256,0.9989,0.0018,0.0004
16,FakeManilaV2,104,10,1000,0.019,0.9994,0.0066,0.0006
16,FakeManilaV2,105,1,100,0.02,0.9992,1.0,1.0
16,FakeManilaV2,105,2,200,0.01,0.9999,0.01,0.0007
16,FakeManilaV2,105,3,300,0.0133,0.9997,0.0033,0.0002
16,FakeManilaV2,105,4,400,0.02,0.9994,0.0067,0.0003
16,FakeManilaV2,105,5,500,0.034,0.9987,0.014,0.0007
16,FakeManilaV2,105,6,600,0.0283,0.999,0.0057,0.0003
16,FakeManilaV2,105,7,700,0.0314,0.9986,0.0031,0.0004
16,FakeManilaV2,105,8,800,0.025,0.9991,0.0064,0.0005
16,FakeManilaV2,105,9,900,0.0267,0.9989,0.0017,0.0001
16,FakeManilaV2,105,10,1000,0.034,0.9982,0.0073,0.0008
16,FakeManilaV2,106,1,100,0.04,0.9973,1.0,1.0
16,FakeManilaV2,106,2,200,0.03,0.9988,0.01,0.0015
16,FakeManilaV2,106,3,300,0.0267,0.9992,0.0033,0.0005
16,FakeManilaV2,106,4,400,0.02,0.9994,0.0067,0.0001
16,FakeManilaV2,106,5,500,0.028,0.9987,0.008,0.0007
16,FakeManilaV2,106,6,600,0.03,0.9991,0.002,0.0004
16,FakeManilaV2,106,7,700,0.0214,0.9994,0.0086,0.0003
16,FakeManilaV2,106,8,800,0.01,0.9998,0.0114,0.0004
16,FakeManilaV2,106,9,900,0.0078,0.9999,0.0022,0.0001
16,FakeManilaV2,106,10,1000,0.008,0.9999,0.0002,0.0
16,FakeManilaV2,107,1,100,0.09,0.9832,1.0,1.0
16,FakeManilaV2,107,2,200,0.01,0.9998,0.08,0.0167
16,FakeManilaV2,107,3,300,0.0333,0.9984,0.0233,0.0014
16,FakeManilaV2,107,4,400,0.0275,0.9988,0.0058,0.0004
16,FakeManilaV2,107,5,500,0.034,0.9985,0.0065,0.0003
16,FakeManilaV2,107,6,600,0.015,0.9997,0.019,0.0012
16,FakeManilaV2,107,7,700,0.0229,0.9994,0.0079,0.0004
16,FakeManilaV2,107,8,800,0.0087,0.9999,0.0141,0.0005
16,FakeManilaV2,107,9,900,0.0156,0.9996,0.0068,0.0003
16,FakeManilaV2,107,10,1000,0.021,0.9994,0.0054,0.0002
16,FakeManilaV2,108,1,100,0.07,0.99,1.0,1.0
16,FakeManilaV2,108,2,200,0.05,0.9971,0.02,0.0071
16,FakeManilaV2,108,3,300,0.05,0.9971,0.0,0.0
16,FakeManilaV2,108,4,400,0.0475,0.9967,0.0025,0.0003
16,FakeManilaV2,108,5,500,0.042,0.9978,0.0055,0.0011
16,FakeManilaV2,108,6,600,0.04,0.9981,0.002,0.0003
16,FakeManilaV2,108,7,700,0.0457,0.9973,0.0057,0.0008
16,FakeManilaV2,108,8,800,0.0412,0.998,0.0045,0.0007
16,FakeManilaV2,108,9,900,0.0333,0.9982,0.0079,0.0002
16,FakeManilaV2,108,10,1000,0.031,0.9985,0.0023,0.0003
16,FakeManilaV2,109,1,100,0.11,0.9868,1.0,1.0
16,FakeManilaV2,109,2,200,0.04,0.998,0.07,0.0112
16,FakeManilaV2,109,3,300,0.0467,0.9974,0.0067,0.0006
16,FakeManilaV2,109,4,400,0.0225,0.9992,0.0242,0.0018
16,FakeManilaV2,109,5,500,0.01,0.9999,0.0125,0.0007
16,FakeManilaV2,109,6,600,0.0117,0.9998,0.0017,0.0001
16,FakeManilaV2,109,7,700,0.0171,0.9997,0.0055,0.0001
16,FakeManilaV2,109,8,800,0.0225,0.9994,0.0054,0.0003
16,FakeManilaV2,109,9,900,0.0189,0.9996,0.0036,0.0002
16,FakeManilaV2,109,10,1000,0.015,0.9998,0.0039,0.0002
16,FakeManilaV2,110,1,100,0.06,0.9935,1.0,1.0
16,FakeManilaV2,110,2,200,0.04,0.9982,0.02,0.0047
16,FakeManilaV2,110,3,300,0.0333,0.9982,0.0067,0.0001
16,FakeManilaV2,110,4,400,0.04,0.998,0.0067,0.0002
16,FakeManilaV2,110,5,500,0.034,0.9982,0.006,0.0002
16,FakeManilaV2,110,6,600,0.0417,0.9976,0.0077,0.0006
16,FakeManilaV2,110,7,700,0.0257,0.9989,0.016,0.0013
16,FakeManilaV2,110,8,800,0.0275,0.9986,0.0018,0.0003
16,FakeManilaV2,110,9,900,0.03,0.9988,0.0025,0.0001
16,FakeManilaV2,110,10,1000,0.02,0.9993,0.01,0.0005
16,FakeManilaV2,111,1,100,0.1,0.9883,1.0,1.0
16,FakeManilaV2,111,2,200,0.06,0.9944,0.04,0.0062
16,FakeManilaV2,111,3,300,0.0533,0.9956,0.0067,0.0012
16,FakeManilaV2,111,4,400,0.0425,0.9972,0.0108,0.0016
16,FakeManilaV2,111,5,500,0.036,0.9986,0.0065,0.0014
16,FakeManilaV2,111,6,600,0.0383,0.9985,0.0023,0.0001
16,FakeManilaV2,111,7,700,0.04,0.9978,0.0017,0.0007
16,FakeManilaV2,111,8,800,0.0412,0.9979,0.0013,0.0002
16,FakeManilaV2,111,9,900,0.04,0.9982,0.0012,0.0002
16,FakeManilaV2,111,10,1000,0.039,0.9983,0.001,0.0001
16,FakeManilaV2,112,1,100,0.07,0.9927,1.0,1.0
16,FakeManilaV2,112,2,200,0.055,0.9951,0.015,0.0025
16,FakeManilaV2,112,3,300,0.04,0.9978,0.015,0.0026
16,FakeManilaV2,112,4,400,0.0375,0.9981,0.0025,0.0003
16,FakeManilaV2,112,5,500,0.028,0.9988,0.0095,0.0007
16,FakeManilaV2,112,6,600,0.0167,0.9996,0.0113,0.0008
16,FakeManilaV2,112,7,700,0.0071,0.9999,0.0095,0.0003
16,FakeManilaV2,112,8,800,0.0075,0.9999,0.0004,0.0
16,FakeManilaV2,112,9,900,0.0056,1.0,0.0019,0.0
16,FakeManilaV2,112,10,1000,0.009,0.9999,0.0034,0.0001
16,FakeManilaV2,113,1,100,0.11,0.9868,1.0,1.0
16,FakeManilaV2,113,2,200,0.045,0.9971,0.065,0.0103
16,FakeManilaV2,113,3,300,0.03,0.9987,0.015,0.0017
16,FakeManilaV2,113,4,400,0.01,0.9999,0.02,0.0011
16,FakeManilaV2,113,5,500,0.016,0.9996,0.006,0.0003
16,FakeManilaV2,113,6,600,0.02,0.9995,0.004,0.0001
16,FakeManilaV2,113,7,700,0.0114,0.9998,0.0086,0.0003
16,FakeManilaV2,113,8,800,0.02,0.9995,0.0086,0.0003
16,FakeManilaV2,113,9,900,0.0256,0.9993,0.0056,0.0002
16,FakeManilaV2,113,10,1000,0.019,0.9996,0.0066,0.0003
16,FakeManilaV2,114,1,100,0.03,0.999,1.0,1.0
16,FakeManilaV2,114,2,200,0.02,0.9996,0.01,0.0006
16,FakeManilaV2,114,3,300,0.0233,0.9993,0.0033,0.0003
16,FakeManilaV2,114,4,400,0.0175,0.9996,0.0058,0.0003
16,FakeManilaV2,114,5,500,0.018,0.9995,0.0005,0.0001
16,FakeManilaV2,114,6,600,0.0133,0.9998,0.0047,0.0003
16,FakeManilaV2,114,7,700,0.0186,0.9996,0.0052,0.0002
16,FakeManilaV2,114,8,800,0.01,0.9999,0.0086,0.0003
16,FakeManilaV2,114,9,900,0.0122,0.9998,0.0022,0.0001
16,FakeManilaV2,114,10,1000,0.013,0.9997,0.0008,0.0001
16,FakeManilaV2,115,1,100,0.13,0.9821,1.0,1.0
16,FakeManilaV2,115,2,200,0.045,0.9964,0.085,0.0143
16,FakeManilaV2,115,3,300,0.0567,0.9962,0.0117,0.0002
16,FakeManilaV2,115,4,400,0.0225,0.9993,0.0342,0.0031
16,FakeManilaV2,115,5,500,0.012,0.9998,0.0105,0.0005
16,FakeManilaV2,115,6,600,0.015,0.9996,0.003,0.0002
16,FakeManilaV2,115,7,700,0.0186,0.9995,0.0036,0.0001
16,FakeManilaV2,115,8,800,0.0175,0.9996,0.0011,0.0001
16,FakeManilaV2,115,9,900,0.0122,0.9998,0.0053,0.0002
16,FakeManilaV2,115,10,1000,0.016,0.9997,0.0038,0.0001
16,FakeManilaV2,116,1,100,0.17,0.9686,1.0,1.0
16,FakeManilaV2,116,2,200,0.11,0.9874,0.06,0.0189
16,FakeManilaV2,116,3,300,0.0833,0.9923,0.0267,0.0048
16,FakeManilaV2,116,4,400,0.0625,0.9949,0.0208,0.0027
16,FakeManilaV2,116,5,500,0.036,0.9982,0.0265,0.0032
16,FakeManilaV2,116,6,600,0.0467,0.9971,0.0107,0.001
16,FakeManilaV2,116,7,700,0.03,0.9988,0.0167,0.0017
16,FakeManilaV2,116,8,800,0.025,0.9992,0.005,0.0004
16,FakeManilaV2,116,9,900,0.0222,0.9994,0.0028,0.0002
16,FakeManilaV2,116,10,1000,0.023,0.9994,0.0008,0.0001
16,FakeManilaV2,117,1,100,0.06,0.996,1.0,1.0
16,FakeManilaV2,117,2,200,0.03,0.999,0.03,0.0031
16,FakeManilaV2,117,3,300,0.0167,0.9997,0.0133,0.0006
16,FakeManilaV2,117,4,400,0.01,0.9999,0.0067,0.0002
16,FakeManilaV2,117,5,500,0.028,0.9991,0.018,0.0008
16,FakeManilaV2,117,6,600,0.015,0.9997,0.013,0.0006
16,FakeManilaV2,117,7,700,0.0314,0.999,0.0164,0.0007
16,FakeManilaV2,117,8,800,0.02,0.9995,0.0114,0.0005
16,FakeManilaV2,117,9,900,0.0156,0.9997,0.0044,0.0002
16,FakeManilaV2,117,10,1000,0.019,0.9994,0.0034,0.0004
16,FakeManilaV2,118,1,100,0.04,0.9973,1.0,1.0
16,FakeManilaV2,118,2,200,0.015,0.9997,0.025,0.0023
16,FakeManilaV2,118,3,300,0.0433,0.998,0.0283,0.0017
16,FakeManilaV2,118,4,400,0.025,0.9994,0.0183,0.0014
16,FakeManilaV2,118,5,500,0.016,0.9997,0.009,0.0003
16,FakeManilaV2,118,6,600,0.025,0.9991,0.009,0.0005
16,FakeManilaV2,118,7,700,0.0129,0.9997,0.0121,0.0006
16,FakeManilaV2,118,8,800,0.015,0.9997,0.0021,0.0001
16,FakeManilaV2,118,9,900,0.0056,1.0,0.0094,0.0003
16,FakeManilaV2,118,10,1000,0.008,0.9999,0.0024,0.0001
16,FakeManilaV2,119,1,100,0.04,0.998,1.0,1.0
16,FakeManilaV2,119,2,200,0.03,0.9987,0.01,0.0007
16,FakeManilaV2,119,3,300,0.0333,0.9985,0.0033,0.0001
16,FakeManilaV2,119,4,400,0.0275,0.9989,0.0058,0.0004
16,FakeManilaV2,119,5,500,0.03,0.9986,0.0025,0.0003
16,FakeManilaV2,119,6,600,0.045,0.9976,0.015,0.0011
16,FakeManilaV2,119,7,700,0.04,0.9977,0.005,0.0001
16,FakeManilaV2,119,8,800,0.0362,0.9981,0.0038,0.0004
16,FakeManilaV2,119,9,900,0.0356,0.9981,0.0007,0.0001
16,FakeManilaV2,119,10,1000,0.028,0.999,0.0076,0.0008
17,FakeManilaV2,20,1,100,0.1,0.9185,1.0,1.0
17,FakeManilaV2,20,2,200,0.075,0.9247,0.025,0.0061
17,FakeManilaV2,20,3,300,0.0967,0.903,0.0217,0.0216
17,FakeManilaV2,20,4,400,0.1075,0.8915,0.0108,0.0115
17,FakeManilaV2,20,5,500,0.102,0.8974,0.0055,0.0058
17,FakeManilaV2,20,6,600,0.095,0.9045,0.007,0.0072
17,FakeManilaV2,20,7,700,0.0986,0.9011,0.0036,0.0034
17,FakeManilaV2,20,8,800,0.1012,0.8986,0.0027,0.0025
17,FakeManilaV2,20,9,900,0.1056,0.8944,0.0043,0.0042
17,FakeManilaV2,20,10,1000,0.107,0.8928,0.0014,0.0015
17,FakeManilaV2,21,1,100,0.05,0.9682,1.0,1.0
17,FakeManilaV2,21,2,200,0.04,0.9786,0.01,0.0104
17,FakeManilaV2,21,3,300,0.0467,0.9688,0.0067,0.0097
17,FakeManilaV2,21,4,400,0.0475,0.9687,0.0008,0.0001
17,FakeManilaV2,21,5,500,0.05,0.9703,0.0025,0.0016
17,FakeManilaV2,21,6,600,0.0383,0.9705,0.0117,0.0002
17,FakeManilaV2,21,7,700,0.0429,0.9662,0.0045,0.0043
17,FakeManilaV2,21,8,800,0.0325,0.9672,0.0104,0.001
17,FakeManilaV2,21,9,900,0.0378,0.9674,0.0053,0.0002
17,FakeManilaV2,21,10,1000,0.035,0.9676,0.0028,0.0002
17,FakeManilaV2,22,1,100,0.13,0.9158,1.0,1.0
17,FakeManilaV2,22,2,200,0.1,0.952,0.03,0.0362
17,FakeManilaV2,22,3,300,0.0667,0.9655,0.0333,0.0135
17,FakeManilaV2,22,4,400,0.06,0.9682,0.0067,0.0028
17,FakeManilaV2,22,5,500,0.056,0.9624,0.004,0.0058
17,FakeManilaV2,22,6,600,0.0633,0.9588,0.0073,0.0036
17,FakeManilaV2,22,7,700,0.0457,0.963,0.0176,0.0042
17,FakeManilaV2,22,8,800,0.0462,0.9638,0.0005,0.0008
17,FakeManilaV2,22,9,900,0.0522,0.964,0.006,0.0002
17,FakeManilaV2,22,10,1000,0.045,0.9668,0.0072,0.0027
17,FakeManilaV2,23,1,100,0.15,0.8916,1.0,1.0
17,FakeManilaV2,23,2,200,0.09,0.9082,0.06,0.0166
17,FakeManilaV2,23,3,300,0.1133,0.8946,0.0233,0.0136
17,FakeManilaV2,23,4,400,0.1,0.8984,0.0133,0.0038
17,FakeManilaV2,23,5,500,0.108,0.8912,0.008,0.0072
17,FakeManilaV2,23,6,600,0.1117,0.8868,0.0037,0.0043
17,FakeManilaV2,23,7,700,0.1057,0.8934,0.006,0.0066
17,FakeManilaV2,23,8,800,0.1162,0.8826,0.0105,0.0109
17,FakeManilaV2,23,9,900,0.1167,0.8827,0.0004,0.0002
17,FakeManilaV2,23,10,1000,0.112,0.8872,0.0047,0.0045
17,FakeManilaV2,24,1,100,0.12,0.9097,1.0,1.0
17,FakeManilaV2,24,2,200,0.1,0.8996,0.02,0.0101
17,FakeManilaV2,24,3,300,0.1033,0.8955,0.0033,0.0041
17,FakeManilaV2,24,4,400,0.1075,0.8914,0.0042,0.0041
17,FakeManilaV2,24,5,500,0.112,0.8869,0.0045,0.0045
17,FakeManilaV2,24,6,600,0.1083,0.8907,0.0037,0.0038
17,FakeManilaV2,24,7,700,0.1029,0.8963,0.0055,0.0057
17,FakeManilaV2,24,8,800,0.1025,0.8964,0.0004,0.0001
17,FakeManilaV2,24,9,900,0.1089,0.8902,0.0064,0.0062
17,FakeManilaV2,24,10,1000,0.109,0.8903,0.0001,0.0001
17,FakeManilaV2,25,1,100,0.14,0.8631,1.0,1.0
17,FakeManilaV2,25,2,200,0.15,0.8745,0.01,0.0114
17,FakeManilaV2,25,3,300,0.13,0.8866,0.02,0.0121
17,FakeManilaV2,25,4,400,0.125,0.8893,0.005,0.0027
17,FakeManilaV2,25,5,500,0.106,0.8927,0.019,0.0034
17,FakeManilaV2,25,6,600,0.115,0.8826,0.009,0.0101
17,FakeManilaV2,25,7,700,0.1157,0.8831,0.0007,0.0006
17,FakeManilaV2,25,8,800,0.1137,0.8849,0.002,0.0018
17,FakeManilaV2,25,9,900,0.1122,0.8865,0.0015,0.0016
17,FakeManilaV2,25,10,1000,0.109,0.8899,0.0032,0.0034
17,FakeManilaV2,26,1,100,0.12,0.8969,1.0,1.0
17,FakeManilaV2,26,2,200,0.135,0.8758,0.015,0.0212
17,FakeManilaV2,26,3,300,0.12,0.8807,0.015,0.0049
17,FakeManilaV2,26,4,400,0.1225,0.883,0.0025,0.0024
17,FakeManilaV2,26,5,500,0.122,0.8841,0.0005,0.0011
17,FakeManilaV2,26,6,600,0.1133,0.8855,0.0087,0.0014
17,FakeManilaV2,26,7,700,0.1114,0.8875,0.0019,0.0021
17,FakeManilaV2,26,8,800,0.1087,0.8905,0.0027,0.003
17,FakeManilaV2,26,9,900,0.1022,0.8969,0.0065,0.0064
17,FakeManilaV2,26,10,1000,0.104,0.8953,0.0018,0.0016
17,FakeManilaV2,27,1,100,0.17,0.8513,1.0,1.0
17,FakeManilaV2,27,2,200,0.14,0.8763,0.03,0.025
17,FakeManilaV2,27,3,300,0.12,0.8849,0.02,0.0086
17,FakeManilaV2,27,4,400,0.125,0.8736,0.005,0.0113
17,FakeManilaV2,27,5,500,0.126,0.8724,0.001,0.0012
17,FakeManilaV2,27,6,600,0.1333,0.8645,0.0073,0.0079
17,FakeManilaV2,27,7,700,0.13,0.8682,0.0033,0.0037
17,FakeManilaV2,27,8,800,0.1225,0.8764,0.0075,0.0082
17,FakeManilaV2,27,9,900,0.1233,0.8756,0.0008,0.0008
17,FakeManilaV2,27,10,1000,0.122,0.8763,0.0013,0.0007
17,FakeManilaV2,28,1,100,0.11,0.9376,1.0,1.0
17,FakeManilaV2,28,2,200,0.055,0.9586,0.055,0.0211
17,FakeManilaV2,28,3,300,0.03,0.9697,0.025,0.0111
17,FakeManilaV2,28,4,400,0.0275,0.9772,0.0025,0.0075
17,FakeManilaV2,28,5,500,0.028,0.9738,0.0005,0.0034
17,FakeManilaV2,28,6,600,0.0317,0.9682,0.0037,0.0056
17,FakeManilaV2,28,7,700,0.0286,0.9714,0.0031,0.0032
17,FakeManilaV2,28,8,800,0.0412,0.9693,0.0127,0.0021
17,FakeManilaV2,28,9,900,0.0322,0.9696,0.009,0.0003
17,FakeManilaV2,28,10,1000,0.034,0.9694,0.0018,0.0002
17,FakeManilaV2,29,1,100,0.14,0.8832,1.0,1.0
17,FakeManilaV2,29,2,200,0.155,0.8825,0.015,0.0006
17,FakeManilaV2,29,3,300,0.1467,0.866,0.0083,0.0165
17,FakeManilaV2,29,4,400,0.12,0.8783,0.0267,0.0123
17,FakeManilaV2,29,5,500,0.134,0.8657,0.014,0.0127
17,FakeManilaV2,29,6,600,0.1367,0.8622,0.0027,0.0035
17,FakeManilaV2,29,7,700,0.1271,0.8716,0.0095,0.0094
17,FakeManilaV2,29,8,800,0.125,0.8739,0.0021,0.0023
17,FakeManilaV2,29,9,900,0.1256,0.8739,0.0006,0.0
17,FakeManilaV2,29,10,1000,0.118,0.8815,0.0076,0.0076
17,FakeManilaV2,30,1,100,0.04,0.9596,1.0,1.0
17,FakeManilaV2,30,2,200,0.045,0.9638,0.005,0.0042
17,FakeManilaV2,30,3,300,0.0533,0.9613,0.0083,0.0025
17,FakeManilaV2,30,4,400,0.05,0.9709,0.0033,0.0095
17,FakeManilaV2,30,5,500,0.046,0.9746,0.004,0.0038
17,FakeManilaV2,30,6,600,0.045,0.9706,0.001,0.004
17,FakeManilaV2,30,7,700,0.05,0.9713,0.005,0.0007
17,FakeManilaV2,30,8,800,0.045,0.9736,0.005,0.0023
17,FakeManilaV2,30,9,900,0.0422,0.9712,0.0028,0.0024
17,FakeManilaV2,30,10,1000,0.033,0.9725,0.0092,0.0013
17,FakeManilaV2,31,1,100,0.11,0.9587,1.0,1.0
17,FakeManilaV2,31,2,200,0.065,0.976,0.045,0.0173
17,FakeManilaV2,31,3,300,0.03,0.973,0.035,0.003
17,FakeManilaV2,31,4,400,0.035,0.9746,0.005,0.0016
17,FakeManilaV2,31,5,500,0.034,0.9737,0.001,0.001
17,FakeManilaV2,31,6,600,0.045,0.9676,0.011,0.006
17,FakeManilaV2,31,7,700,0.0429,0.9708,0.0021,0.0032
17,FakeManilaV2,31,8,800,0.0387,0.9733,0.0041,0.0024
17,FakeManilaV2,31,9,900,0.0322,0.9753,0.0065,0.002
17,FakeManilaV2,31,10,1000,0.033,0.9767,0.0008,0.0014
17,FakeManilaV2,32,1,100,0.19,0.8905,1.0,1.0
17,FakeManilaV2,32,2,200,0.115,0.9111,0.075,0.0206
17,FakeManilaV2,32,3,300,0.0867,0.9128,0.0283,0.0017
17,FakeManilaV2,32,4,400,0.085,0.9142,0.0017,0.0014
17,FakeManilaV2,32,5,500,0.09,0.9092,0.005,0.005
17,FakeManilaV2,32,6,600,0.0867,0.913,0.0033,0.0038
17,FakeManilaV2,32,7,700,0.0986,0.901,0.0119,0.012
17,FakeManilaV2,32,8,800,0.1,0.8999,0.0014,0.0011
17,FakeManilaV2,32,9,900,0.0989,0.9011,0.0011,0.0012
17,FakeManilaV2,32,10,1000,0.098,0.902,0.0009,0.0009
17,FakeManilaV2,33,1,100,0.19,0.8654,1.0,1.0
17,FakeManilaV2,33,2,200,0.125,0.8842,0.065,0.0188
17,FakeManilaV2,33,3,300,0.1267,0.8857,0.0017,0.0015
17,FakeManilaV2,33,4,400,0.11,0.8888,0.0167,0.0032
17,FakeManilaV2,33,5,500,0.112,0.8841,0.002,0.0048
17,FakeManilaV2,33,6,600,0.115,0.8829,0.003,0.0012
17,FakeManilaV2,33,7,700,0.1129,0.8853,0.0021,0.0024
17,FakeManilaV2,33,8,800,0.115,0.8833,0.0021,0.002
17,FakeManilaV2,33,9,900,0.1144,0.8841,0.0006,0.0007
17,FakeManilaV2,33,10,1000,0.117,0.8817,0.0026,0.0024
17,FakeManilaV2,34,1,100,0.1,0.9066,1.0,1.0
17,FakeManilaV2,34,2,200,0.11,0.9017,0.01,0.0049
17,FakeManilaV2,34,3,300,0.13,0.8914,0.02,0.0104
17,FakeManilaV2,34,4,400,0.085,0.9132,0.045,0.0218
17,FakeManilaV2,34,5,500,0.1,0.9053,0.015,0.0079
17,FakeManilaV2,34,6,600,0.1033,0.9066,0.0033,0.0013
17,FakeManilaV2,34,7,700,0.0971,0.9021,0.0062,0.0045
17,FakeManilaV2,34,8,800,0.0987,0.9004,0.0016,0.0017
17,FakeManilaV2,34,9,900,0.1,0.8995,0.0013,0.0009
17,FakeManilaV2,34,10,1000,0.1,0.8995,0.0,0.0
17,FakeManilaV2,35,1,100,0.03,0.9987,1.0,1.0
17,FakeManilaV2,35,2,200,0.025,0.9846,0.005,0.0141
17,FakeManilaV2,35,3,300,0.0367,0.976,0.0117,0.0086
17,FakeManilaV2,35,4,400,0.0475,0.9762,0.0108,0.0002
17,FakeManilaV2,35,5,500,0.038,0.9694,0.0095,0.0068
17,FakeManilaV2,35,6,600,0.0367,0.9695,0.0013,0.0001
17,FakeManilaV2,35,7,700,0.0386,0.9722,0.0019,0.0026
17,FakeManilaV2,35,8,800,0.0312,0.9746,0.0073,0.0025
17,FakeManilaV2,35,9,900,0.0322,0.9741,0.001,0.0006
17,FakeManilaV2,35,10,1000,0.034,0.9726,0.0018,0.0015
17,FakeManilaV2,36,1,100,0.07,0.9759,1.0,1.0
17,FakeManilaV2,36,2,200,0.045,0.9734,0.025,0.0025
17,FakeManilaV2,36,3,300,0.06,0.9678,0.015,0.0055
17,FakeManilaV2,36,4,400,0.06,0.9653,0.0,0.0025
17,FakeManilaV2,36,5,500,0.058,0.9694,0.002,0.004
17,FakeManilaV2,36,6,600,0.055,0.973,0.003,0.0036
17,FakeManilaV2,36,7,700,0.0471,0.9728,0.0079,0.0002
17,FakeManilaV2,36,8,800,0.05,0.9733,0.0029,0.0005
17,FakeManilaV2,36,9,900,0.0422,0.9767,0.0078,0.0034
17,FakeManilaV2,36,10,1000,0.045,0.9759,0.0028,0.0008
17,FakeManilaV2,37,1,100,0.12,0.9206,1.0,1.0
17,FakeManilaV2,37,2,200,0.11,0.9114,0.01,0.0092
17,FakeManilaV2,37,3,300,0.1133,0.9087,0.0033,0.0027
17,FakeManilaV2,37,4,400,0.09,0.9086,0.0233,0.0002
17,FakeManilaV2,37,5,500,0.09,0.9088,0.0,0.0002
17,FakeManilaV2,37,6,600,0.0867,0.9123,0.0033,0.0035
17,FakeManilaV2,37,7,700,0.0871,0.9122,0.0005,0.0001
17,FakeManilaV2,37,8,800,0.085,0.9143,0.0021,0.0021
17,FakeManilaV2,37,9,900,0.0811,0.9184,0.0039,0.0041
17,FakeManilaV2,37,10,1000,0.085,0.9146,0.0039,0.0038
17,FakeManilaV2,38,1,100,0.08,0.9349,1.0,1.0
17,FakeManilaV2,38,2,200,0.06,0.9583,0.02,0.0234
17,FakeManilaV2,38,3,300,0.0833,0.9616,0.0233,0.0034
17,FakeManilaV2,38,4,400,0.0925,0.9579,0.0092,0.0038
17,FakeManilaV2,38,5,500,0.084,0.9569,0.0085,0.001
17,FakeManilaV2,38,6,600,0.0733,0.9609,0.0107,0.004
17,FakeManilaV2,38,7,700,0.0629,0.9626,0.0105,0.0017
17,FakeManilaV2,38,8,800,0.0687,0.9578,0.0059,0.0048
17,FakeManilaV2,38,9,900,0.06,0.9622,0.0087,0.0044
17,FakeManilaV2,38,10,1000,0.06,0.9635,0.0,0.0013
17,FakeManilaV2,39,1,100,0.09,0.9548,1.0,1.0
17,FakeManilaV2,39,2,200,0.08,0.9698,0.01,0.015
17,FakeManilaV2,39,3,300,0.07,0.9727,0.01,0.0029
17,FakeManilaV2,39,4,400,0.045,0.9762,0.025,0.0035
17,FakeManilaV2,39,5,500,0.044,0.973,0.001,0.0032
17,FakeManilaV2,39,6,600,0.0467,0.9702,0.0027,0.0028
17,FakeManilaV2,39,7,700,0.0457,0.9702,0.001,0.0
17,FakeManilaV2,39,8,800,0.05,0.9722,0.0043,0.002
17,FakeManilaV2,39,9,900,0.0444,0.9755,0.0056,0.0033
17,FakeManilaV2,39,10,1000,0.048,0.9731,0.0036,0.0024
17,FakeManilaV2,40,1,100,0.22,0.8247,1.0,1.0
17,FakeManilaV2,40,2,200,0.15,0.8751,0.07,0.0504
17,FakeManilaV2,40,3,300,0.1367,0.8813,0.0133,0.0062
17,FakeManilaV2,40,4,400,0.115,0.8834,0.0217,0.0021
17,FakeManilaV2,40,5,500,0.118,0.8813,0.003,0.0022
17,FakeManilaV2,40,6,600,0.11,0.8891,0.008,0.0078
17,FakeManilaV2,40,7,700,0.1057,0.8934,0.0043,0.0043
17,FakeManilaV2,40,8,800,0.105,0.8939,0.0007,0.0005
17,FakeManilaV2,40,9,900,0.1022,0.8965,0.0028,0.0026
17,FakeManilaV2,40,10,1000,0.098,0.9003,0.0042,0.0038
17,FakeManilaV2,41,1,100,0.13,0.8658,1.0,1.0
17,FakeManilaV2,41,2,200,0.115,0.8882,0.015,0.0224
17,FakeManilaV2,41,3,300,0.1167,0.8881,0.0017,0.0001
17,FakeManilaV2,41,4,400,0.1275,0.878,0.0108,0.0101
17,FakeManilaV2,41,5,500,0.124,0.8746,0.0035,0.0034
17,FakeManilaV2,41,6,600,0.12,0.8797,0.004,0.0052
17,FakeManilaV2,41,7,700,0.1186,0.8813,0.0014,0.0016
17,FakeManilaV2,41,8,800,0.125,0.8745,0.0064,0.0068
17,FakeManilaV2,41,9,900,0.1256,0.8737,0.0006,0.0009
17,FakeManilaV2,41,10,1000,0.124,0.8756,0.0016,0.0019
17,FakeManilaV2,42,1,100,0.08,0.9547,1.0,1.0
17,FakeManilaV2,42,2,200,0.03,0.9747,0.05,0.0199
17,FakeManilaV2,42,3,300,0.0433,0.9691,0.0133,0.0055
17,FakeManilaV2,42,4,400,0.0525,0.9733,0.0092,0.0042
17,FakeManilaV2,42,5,500,0.05,0.9764,0.0025,0.0031
17,FakeManilaV2,42,6,600,0.0383,0.9758,0.0117,0.0006
17,FakeManilaV2,42,7,700,0.0371,0.9736,0.0012,0.0022
17,FakeManilaV2,42,8,800,0.0437,0.9739,0.0066,0.0003
17,FakeManilaV2,42,9,900,0.0389,0.9725,0.0049,0.0014
17,FakeManilaV2,42,10,1000,0.035,0.9732,0.0039,0.0007
17,FakeManilaV2,43,1,100,0.13,0.9542,1.0,1.0
17,FakeManilaV2,43,2,200,0.045,0.9543,0.085,0.0001
17,FakeManilaV2,43,3,300,0.0433,0.9593,0.0017,0.0049
17,FakeManilaV2,43,4,400,0.0525,0.9542,0.0092,0.005
17,FakeManilaV2,43,5,500,0.046,0.9596,0.0065,0.0053
17,FakeManilaV2,43,6,600,0.0417,0.963,0.0043,0.0034
17,FakeManilaV2,43,7,700,0.0414,0.9611,0.0002,0.0019
17,FakeManilaV2,43,8,800,0.0462,0.9596,0.0048,0.0015
17,FakeManilaV2,43,9,900,0.0433,0.9607,0.0029,0.0011
17,FakeManilaV2,43,10,1000,0.041,0.9605,0.0023,0.0002
17,FakeManilaV2,44,1,100,0.08,0.9331,1.0,1.0
17,FakeManilaV2,44,2,200,0.11,0.8933,0.03,0.0398
17,FakeManilaV2,44,3,300,0.1133,0.8855,0.0033,0.0078
17,FakeManilaV2,44,4,400,0.1125,0.887,0.0008,0.0015
17,FakeManilaV2,44,5,500,0.116,0.8834,0.0035,0.0036
17,FakeManilaV2,44,6,600,0.1183,0.8816,0.0023,0.0019
17,FakeManilaV2,44,7,700,0.1129,0.887,0.0055,0.0054
17,FakeManilaV2,44,8,800,0.1137,0.8859,0.0009,0.0011
17,FakeManilaV2,44,9,900,0.1122,0.8876,0.0015,0.0017
17,FakeManilaV2,44,10,1000,0.116,0.884,0.0038,0.0037
17,FakeManilaV2,45,1,100,0.11,0.9591,1.0,1.0
17,FakeManilaV2,45,2,200,0.105,0.9584,0.005,0.0008
17,FakeManilaV2,45,3,300,0.0533,0.9683,0.0517,0.01
17,FakeManilaV2,45,4,400,0.0325,0.9747,0.0208,0.0064
17,FakeManilaV2,45,5,500,0.032,0.9716,0.0005,0.0031
17,FakeManilaV2,45,6,600,0.03,0.97,0.002,0.0017
17,FakeManilaV2,45,7,700,0.0329,0.9712,0.0029,0.0012
17,FakeManilaV2,45,8,800,0.0437,0.9705,0.0109,0.0007
17,FakeManilaV2,45,9,900,0.0344,0.9731,0.0093,0.0026
17,FakeManilaV2,45,10,1000,0.031,0.9738,0.0034,0.0008
17,FakeManilaV2,46,1,100,0.15,0.8519,1.0,1.0
17,FakeManilaV2,46,2,200,0.135,0.857,0.015,0.0052
17,FakeManilaV2,46,3,300,0.12,0.8878,0.015,0.0308
17,FakeManilaV2,46,4,400,0.1075,0.8904,0.0125,0.0026
17,FakeManilaV2,46,5,500,0.106,0.8928,0.0015,0.0024
17,FakeManilaV2,46,6,600,0.1083,0.8905,0.0023,0.0024
17,FakeManilaV2,46,7,700,0.1071,0.892,0.0012,0.0015
17,FakeManilaV2,46,8,800,0.1112,0.8879,0.0041,0.0041
17,FakeManilaV2,46,9,900,0.1111,0.8883,0.0001,0.0005
17,FakeManilaV2,46,10,1000,0.111,0.8886,0.0001,0.0002
17,FakeManilaV2,47,1,100,0.15,0.8653,1.0,1.0
17,FakeManilaV2,47,2,200,0.105,0.894,0.045,0.0286
17,FakeManilaV2,47,3,300,0.1333,0.8761,0.0283,0.0178
17,FakeManilaV2,47,4,400,0.115,0.882,0.0183,0.0059
17,FakeManilaV2,47,5,500,0.114,0.8848,0.001,0.0028
17,FakeManilaV2,47,6,600,0.1117,0.8876,0.0023,0.0028
17,FakeManilaV2,47,7,700,0.1071,0.892,0.0045,0.0044
17,FakeManilaV2,47,8,800,0.105,0.8947,0.0021,0.0027
17,FakeManilaV2,47,9,900,0.1011,0.8987,0.0039,0.004
17,FakeManilaV2,47,10,1000,0.1,0.8997,0.0011,0.001
17,FakeManilaV2,48,1,100,0.16,0.8711,1.0,1.0
17,FakeManilaV2,48,2,200,0.14,0.869,0.02,0.0021
17,FakeManilaV2,48,3,300,0.12,0.8781,0.02,0.0092
17,FakeManilaV2,48,4,400,0.1175,0.8814,0.0025,0.0033
17,FakeManilaV2,48,5,500,0.126,0.8739,0.0085,0.0075
17,FakeManilaV2,48,6,600,0.1217,0.8781,0.0043,0.0042
17,FakeManilaV2,48,7,700,0.1186,0.8808,0.0031,0.0027
17,FakeManilaV2,48,8,800,0.1112,0.8878,0.0073,0.007
17,FakeManilaV2,48,9,900,0.1144,0.8847,0.0032,0.003
17,FakeManilaV2,48,10,1000,0.116,0.8833,0.0016,0.0014
17,FakeManilaV2,49,1,100,0.21,0.8687,1.0,1.0
17,FakeManilaV2,49,2,200,0.135,0.8986,0.075,0.0299
17,FakeManilaV2,49,3,300,0.1,0.9022,0.035,0.0036
17,FakeManilaV2,49,4,400,0.1,0.9082,0.0,0.006
17,FakeManilaV2,49,5,500,0.098,0.9017,0.002,0.0065
17,FakeManilaV2,49,6,600,0.0933,0.9064,0.0047,0.0047
17,FakeManilaV2,49,7,700,0.09,0.91,0.0033,0.0036
17,FakeManilaV2,49,8,800,0.0912,0.9086,0.0013,0.0014
17,FakeManilaV2,49,9,900,0.0956,0.9043,0.0043,0.0043
17,FakeManilaV2,49,10,1000,0.089,0.9107,0.0066,0.0064
17,FakeManilaV2,50,1,100,0.07,0.9666,1.0,1.0
17,FakeManilaV2,50,2,200,0.075,0.961,0.005,0.0056
17,FakeManilaV2,50,3,300,0.0633,0.9615,0.0117,0.0005
17,FakeManilaV2,50,4,400,0.05,0.9665,0.0133,0.005
17,FakeManilaV2,50,5,500,0.034,0.9696,0.016,0.0031
17,FakeManilaV2,50,6,600,0.0333,0.9665,0.0007,0.0031
17,FakeManilaV2,50,7,700,0.0343,0.9668,0.001,0.0004
17,FakeManilaV2,50,8,800,0.0312,0.9684,0.003,0.0015
17,FakeManilaV2,50,9,900,0.0356,0.9675,0.0043,0.0009
17,FakeManilaV2,50,10,1000,0.032,0.9678,0.0036,0.0003
17,FakeManilaV2,51,1,100,0.09,0.9602,1.0,1.0
17,FakeManilaV2,51,2,200,0.055,0.9589,0.035,0.0013
17,FakeManilaV2,51,3,300,0.0567,0.9425,0.0017,0.0164
17,FakeManilaV2,51,4,400,0.06,0.9396,0.0033,0.0029
17,FakeManilaV2,51,5,500,0.056,0.9435,0.004,0.0039
17,FakeManilaV2,51,6,600,0.0567,0.9478,0.0007,0.0043
17,FakeManilaV2,51,7,700,0.0529,0.9522,0.0038,0.0044
17,FakeManilaV2,51,8,800,0.0537,0.9532,0.0009,0.001
17,FakeManilaV2,51,9,900,0.0556,0.9547,0.0018,0.0014
17,FakeManilaV2,51,10,1000,0.052,0.9561,0.0036,0.0014
17,FakeManilaV2,52,1,100,0.17,0.8468,1.0,1.0
17,FakeManilaV2,52,2,200,0.125,0.8746,0.045,0.0278
17,FakeManilaV2,52,3,300,0.1267,0.8727,0.0017,0.002
17,FakeManilaV2,52,4,400,0.1225,0.8766,0.0042,0.004
17,FakeManilaV2,52,5,500,0.118,0.8809,0.0045,0.0043
17,FakeManilaV2,52,6,600,0.115,0.8838,0.003,0.0029
17,FakeManilaV2,52,7,700,0.1086,0.89,0.0064,0.0062
17,FakeManilaV2,52,8,800,0.11,0.8889,0.0014,0.0011
17,FakeManilaV2,52,9,900,0.1156,0.8835,0.0056,0.0054
17,FakeManilaV2,52,10,1000,0.114,0.8846,0.0016,0.001
17,FakeManilaV2,53,1,100,0.12,0.9052,1.0,1.0
17,FakeManilaV2,53,2,200,0.115,0.8926,0.005,0.0126
17,FakeManilaV2,53,3,300,0.1,0.8993,0.015,0.0067
17,FakeManilaV2,53,4,400,0.0975,0.9025,0.0025,0.0032
17,FakeManilaV2,53,5,500,0.11,0.8899,0.0125,0.0126
17,FakeManilaV2,53,6,600,0.1117,0.888,0.0017,0.0018
17,FakeManilaV2,53,7,700,0.12,0.8792,0.0083,0.0088
17,FakeManilaV2,53,8,800,0.1225,0.8771,0.0025,0.0021
17,FakeManilaV2,53,9,900,0.12,0.8793,0.0025,0.0021
17,FakeManilaV2,53,10,1000,0.117,0.8824,0.003,0.0032
17,FakeManilaV2,54,1,100,0.12,0.9581,1.0,1.0
17,FakeManilaV2,54,2,200,0.085,0.9599,0.035,0.0018
17,FakeManilaV2,54,3,300,0.07,0.973,0.015,0.0132
17,FakeManilaV2,54,4,400,0.0625,0.9676,0.0075,0.0054
17,FakeManilaV2,54,5,500,0.058,0.9681,0.0045,0.0004
17,FakeManilaV2,54,6,600,0.0567,0.9713,0.0013,0.0033
17,FakeManilaV2,54,7,700,0.0443,0.9678,0.0124,0.0036
17,FakeManilaV2,54,8,800,0.0475,0.9652,0.0032,0.0026
17,FakeManilaV2,54,9,900,0.0511,0.9633,0.0036,0.0019
17,FakeManilaV2,54,10,1000,0.044,0.9642,0.0071,0.0009
17,FakeManilaV2,55,1,100,0.08,0.955,1.0,1.0
17,FakeManilaV2,55,2,200,0.045,0.9692,0.035,0.0141
17,FakeManilaV2,55,3,300,0.0467,0.9687,0.0017,0.0005
17,FakeManilaV2,55,4,400,0.03,0.9721,0.0167,0.0034
17,FakeManilaV2,55,5,500,0.032,0.9736,0.002,0.0015
17,FakeManilaV2,55,6,600,0.04,0.9709,0.008,0.0027
17,FakeManilaV2,55,7,700,0.0343,0.9656,0.0057,0.0054
17,FakeManilaV2,55,8,800,0.04,0.9647,0.0057,0.0009
17,FakeManilaV2,55,9,900,0.0378,0.9653,0.0022,0.0007
17,FakeManilaV2,55,10,1000,0.034,0.9669,0.0038,0.0015
17,FakeManilaV2,56,1,100,0.02,0.9994,1.0,1.0
17,FakeManilaV2,56,2,200,0.01,0.9949,0.01,0.0045
17,FakeManilaV2,56,3,300,0.03,0.9699,0.02,0.025
17,FakeManilaV2,56,4,400,0.035,0.9673,0.005,0.0026
17,FakeManilaV2,56,5,500,0.038,0.9637,0.003,0.0036
17,FakeManilaV2,56,6,600,0.0433,0.9566,0.0053,0.0071
17,FakeManilaV2,56,7,700,0.0514,0.9579,0.0081,0.0013
17,FakeManilaV2,56,8,800,0.0525,0.9579,0.0011,0.0
17,FakeManilaV2,56,9,900,0.0511,0.9572,0.0014,0.0007
17,FakeManilaV2,56,10,1000,0.043,0.9607,0.0081,0.0036
17,FakeManilaV2,57,1,100,0.08,0.965,1.0,1.0
17,FakeManilaV2,57,2,200,0.055,0.9775,0.025,0.0126
17,FakeManilaV2,57,3,300,0.04,0.9822,0.015,0.0046
17,FakeManilaV2,57,4,400,0.05,0.9804,0.01,0.0017
17,FakeManilaV2,57,5,500,0.048,0.9803,0.002,0.0001
17,FakeManilaV2,57,6,600,0.05,0.9751,0.002,0.0053
17,FakeManilaV2,57,7,700,0.0343,0.975,0.0157,0.0
17,FakeManilaV2,57,8,800,0.0325,0.977,0.0018,0.002
17,FakeManilaV2,57,9,900,0.0289,0.9763,0.0036,0.0007
17,FakeManilaV2,57,10,1000,0.032,0.9756,0.0031,0.0008
17,FakeManilaV2,58,1,100,0.08,0.9289,1.0,1.0
17,FakeManilaV2,58,2,200,0.09,0.9095,0.01,0.0193
17,FakeManilaV2,58,3,300,0.0933,0.9063,0.0033,0.0032
17,FakeManilaV2,58,4,400,0.11,0.889,0.0167,0.0173
17,FakeManilaV2,58,5,500,0.116,0.882,0.006,0.0069
17,FakeManilaV2,58,6,600,0.12,0.8783,0.004,0.0038
17,FakeManilaV2,58,7,700,0.1214,0.8774,0.0014,0.0009
17,FakeManilaV2,58,8,800,0.1187,0.8807,0.0027,0.0033
17,FakeManilaV2,58,9,900,0.1178,0.8815,0.001,0.0009
17,FakeManilaV2,58,10,1000,0.123,0.875,0.0052,0.0066
17,FakeManilaV2,59,1,100,0.15,0.8922,1.0,1.0
17,FakeManilaV2,59,2,200,0.13,0.8684,0.02,0.0237
17,FakeManilaV2,59,3,300,0.1133,0.8836,0.0167,0.0151
17,FakeManilaV2,59,4,400,0.11,0.8876,0.0033,0.004
17,FakeManilaV2,59,5,500,0.108,0.8911,0.002,0.0036
17,FakeManilaV2,59,6,600,0.1217,0.883,0.0137,0.0082
17,FakeManilaV2,59,7,700,0.1086,0.8898,0.0131,0.0068
17,FakeManilaV2,59,8,800,0.1162,0.8869,0.0077,0.0029
17,FakeManilaV2,59,9,900,0.1211,0.8876,0.0049,0.0007
17,FakeManilaV2,59,10,1000,0.124,0.8871,0.0029,0.0005
17,FakeManilaV2,60,1,100,0.19,0.8939,1.0,1.0
17,FakeManilaV2,60,2,200,0.14,0.8694,0.05,0.0245
17,FakeManilaV2,60,3,300,0.1467,0.8677,0.0067,0.0017
17,FakeManilaV2,60,4,400,0.1325,0.8686,0.0142,0.001
17,FakeManilaV2,60,5,500,0.124,0.8733,0.0085,0.0046
17,FakeManilaV2,60,6,600,0.1283,0.8689,0.0043,0.0044
17,FakeManilaV2,60,7,700,0.1257,0.8737,0.0026,0.0048
17,FakeManilaV2,60,8,800,0.1187,0.8797,0.007,0.0061
17,FakeManilaV2,60,9,900,0.1144,0.8839,0.0043,0.0042
17,FakeManilaV2,60,10,1000,0.12,0.8784,0.0056,0.0055
17,FakeManilaV2,61,1,100,0.13,0.9357,1.0,1.0
17,FakeManilaV2,61,2,200,0.05,0.959,0.08,0.0233
17,FakeManilaV2,61,3,300,0.05,0.9688,0.0,0.0099
17,FakeManilaV2,61,4,400,0.05,0.9689,0.0,0.0001
17,FakeManilaV2,61,5,500,0.048,0.967,0.002,0.0019
17,FakeManilaV2,61,6,600,0.0467,0.966,0.0013,0.001
17,FakeManilaV2,61,7,700,0.0457,0.965,0.001,0.0009
17,FakeManilaV2,61,8,800,0.0425,0.9679,0.0032,0.0029
17,FakeManilaV2,61,9,900,0.0456,0.9668,0.0031,0.0011
17,FakeManilaV2,61,10,1000,0.04,0.9657,0.0056,0.0012
17,FakeManilaV2,62,1,100,0.11,0.9587,1.0,1.0
17,FakeManilaV2,62,2,200,0.075,0.9644,0.035,0.0057
17,FakeManilaV2,62,3,300,0.0333,0.9696,0.0417,0.0053
17,FakeManilaV2,62,4,400,0.0525,0.964,0.0192,0.0057
17,FakeManilaV2,62,5,500,0.034,0.9698,0.0185,0.0058
17,FakeManilaV2,62,6,600,0.035,0.9679,0.001,0.0019
17,FakeManilaV2,62,7,700,0.0443,0.9693,0.0093,0.0014
17,FakeManilaV2,62,8,800,0.035,0.971,0.0093,0.0017
17,FakeManilaV2,62,9,900,0.0311,0.9732,0.0039,0.0022
17,FakeManilaV2,62,10,1000,0.036,0.9745,0.0049,0.0013
17,FakeManilaV2,63,1,100,0.12,0.8969,1.0,1.0
17,FakeManilaV2,63,2,200,0.105,0.8945,0.015,0.0025
17,FakeManilaV2,63,3,300,0.1,0.8998,0.005,0.0053
17,FakeManilaV2,63,4,400,0.1025,0.8972,0.0025,0.0026
17,FakeManilaV2,63,5,500,0.104,0.8958,0.0015,0.0015
17,FakeManilaV2,63,6,600,0.1067,0.8929,0.0027,0.0029
17,FakeManilaV2,63,7,700,0.1114,0.8884,0.0048,0.0045
17,FakeManilaV2,63,8,800,0.1162,0.8837,0.0048,0.0047
17,FakeManilaV2,63,9,900,0.1156,0.884,0.0007,0.0004
17,FakeManilaV2,63,10,1000,0.115,0.8847,0.0006,0.0007
17,FakeManilaV2,64,1,100,0.12,0.8863,1.0,1.0
17,FakeManilaV2,64,2,200,0.125,0.891,0.005,0.0046
17,FakeManilaV2,64,3,300,0.1133,0.8886,0.0117,0.0024
17,FakeManilaV2,64,4,400,0.11,0.8981,0.0033,0.0096
17,FakeManilaV2,64,5,500,0.116,0.8912,0.006,0.0069
17,FakeManilaV2,64,6,600,0.1033,0.8964,0.0127,0.0052
17,FakeManilaV2,64,7,700,0.1043,0.8946,0.001,0.0018
17,FakeManilaV2,64,8,800,0.1025,0.8963,0.0018,0.0017
17,FakeManilaV2,64,9,900,0.1078,0.8913,0.0053,0.005
17,FakeManilaV2,64,10,1000,0.104,0.8955,0.0038,0.0042
17,FakeManilaV2,65,1,100,0.15,0.8568,1.0,1.0
17,FakeManilaV2,65,2,200,0.14,0.8574,0.01,0.0006
17,FakeManilaV2,65,3,300,0.1333,0.8645,0.0067,0.007
17,FakeManilaV2,65,4,400,0.1325,0.8667,0.0008,0.0022
17,FakeManilaV2,65,5,500,0.124,0.8752,0.0085,0.0085
17,FakeManilaV2,65,6,600,0.115,0.8847,0.009,0.0095
17,FakeManilaV2,65,7,700,0.1114,0.8883,0.0036,0.0035
17,FakeManilaV2,65,8,800,0.1087,0.8907,0.0027,0.0024
17,FakeManilaV2,65,9,900,0.1078,0.8921,0.001,0.0014
17,FakeManilaV2,65,10,1000,0.111,0.8889,0.0032,0.0032
17,FakeManilaV2,66,1,100,0.13,0.8825,1.0,1.0
17,FakeManilaV2,66,2,200,0.12,0.8879,0.01,0.0055
17,FakeManilaV2,66,3,300,0.1167,0.8801,0.0033,0.0078
17,FakeManilaV2,66,4,400,0.115,0.8835,0.0017,0.0034
17,FakeManilaV2,66,5,500,0.124,0.8744,0.009,0.0092
17,FakeManilaV2,66,6,600,0.1183,0.8803,0.0057,0.0059
17,FakeManilaV2,66,7,700,0.1171,0.8814,0.0012,0.0011
17,FakeManilaV2,66,8,800,0.1162,0.8823,0.0009,0.0009
17,FakeManilaV2,66,9,900,0.1178,0.8812,0.0015,0.0011
17,FakeManilaV2,66,10,1000,0.12,0.8792,0.0022,0.002
17,FakeManilaV2,67,1,100,0.17,0.8426,1.0,1.0
17,FakeManilaV2,67,2,200,0.125,0.8732,0.045,0.0306
17,FakeManilaV2,67,3,300,0.1033,0.8954,0.0217,0.0222
17,FakeManilaV2,67,4,400,0.1175,0.8814,0.0142,0.014
17,FakeManilaV2,67,5,500,0.11,0.8895,0.0075,0.008
17,FakeManilaV2,67,6,600,0.1117,0.8882,0.0017,0.0013
17,FakeManilaV2,67,7,700,0.11,0.8898,0.0017,0.0017
17,FakeManilaV2,67,8,800,0.11,0.8896,0.0,0.0003
17,FakeManilaV2,67,9,900,0.1056,0.8942,0.0044,0.0046
17,FakeManilaV2,67,10,1000,0.11,0.8898,0.0044,0.0044
17,FakeManilaV2,68,1,100,0.02,0.9895,1.0,1.0
17,FakeManilaV2,68,2,200,0.025,0.9798,0.005,0.0097
17,FakeManilaV2,68,3,300,0.0133,0.9866,0.0117,0.0068
17,FakeManilaV2,68,4,400,0.03,0.982,0.0167,0.0046
17,FakeManilaV2,68,5,500,0.034,0.9832,0.004,0.0011
17,FakeManilaV2,68,6,600,0.0367,0.9825,0.0027,0.0007
17,FakeManilaV2,68,7,700,0.03,0.9838,0.0067,0.0013
17,FakeManilaV2,68,8,800,0.025,0.9834,0.005,0.0004
17,FakeManilaV2,68,9,900,0.0244,0.9841,0.0006,0.0007
17,FakeManilaV2,68,10,1000,0.025,0.9817,0.0006,0.0024
17,FakeManilaV2,69,1,100,0.14,0.8851,1.0,1.0
17,FakeManilaV2,69,2,200,0.125,0.8732,0.015,0.0119
17,FakeManilaV2,69,3,300,0.14,0.8589,0.015,0.0142
17,FakeManilaV2,69,4,400,0.15,0.8485,0.01,0.0105
17,FakeManilaV2,69,5,500,0.154,0.8446,0.004,0.0039
17,FakeManilaV2,69,6,600,0.1467,0.852,0.0073,0.0074
17,FakeManilaV2,69,7,700,0.1371,0.8624,0.0095,0.0104
17,FakeManilaV2,69,8,800,0.1312,0.8681,0.0059,0.0057
17,FakeManilaV2,69,9,900,0.1311,0.8681,0.0001,0.0001
17,FakeManilaV2,69,10,1000,0.132,0.8676,0.0009,0.0005
17,FakeManilaV2,70,1,100,0.07,0.9927,1.0,1.0
17,FakeManilaV2,70,2,200,0.095,0.9542,0.025,0.0385
17,FakeManilaV2,70,3,300,0.08,0.9586,0.015,0.0044
17,FakeManilaV2,70,4,400,0.0625,0.9654,0.0175,0.0068
17,FakeManilaV2,70,5,500,0.06,0.9662,0.0025,0.0007
17,FakeManilaV2,70,6,600,0.06,0.9602,0.0,0.006
17,FakeManilaV2,70,7,700,0.06,0.9614,0.0,0.0012
17,FakeManilaV2,70,8,800,0.0512,0.965,0.0087,0.0036
17,FakeManilaV2,70,9,900,0.0433,0.9669,0.0079,0.0018
17,FakeManilaV2,70,10,1000,0.04,0.9693,0.0033,0.0025
17,FakeManilaV2,71,1,100,0.09,0.9824,1.0,1.0
17,FakeManilaV2,71,2,200,0.065,0.9811,0.025,0.0013
17,FakeManilaV2,71,3,300,0.0633,0.9734,0.0017,0.0077
17,FakeManilaV2,71,4,400,0.0825,0.9672,0.0192,0.0062
17,FakeManilaV2,71,5,500,0.068,0.969,0.0145,0.0017
17,FakeManilaV2,71,6,600,0.055,0.9744,0.013,0.0055
17,FakeManilaV2,71,7,700,0.0371,0.979,0.0179,0.0046
17,FakeManilaV2,71,8,800,0.0312,0.9804,0.0059,0.0014
17,FakeManilaV2,71,9,900,0.0389,0.9797,0.0076,0.0007
17,FakeManilaV2,71,10,1000,0.041,0.9805,0.0021,0.0008
17,FakeManilaV2,72,1,100,0.06,0.9865,1.0,1.0
17,FakeManilaV2,72,2,200,0.04,0.9737,0.02,0.0128
17,FakeManilaV2,72,3,300,0.05,0.9752,0.01,0.0015
17,FakeManilaV2,72,4,400,0.0575,0.9744,0.0075,0.0008
17,FakeManilaV2,72,5,500,0.038,0.979,0.0195,0.0046
17,FakeManilaV2,72,6,600,0.035,0.9725,0.003,0.0065
17,FakeManilaV2,72,7,700,0.0414,0.9702,0.0064,0.0023
17,FakeManilaV2,72,8,800,0.035,0.9705,0.0064,0.0002
17,FakeManilaV2,72,9,900,0.0378,0.9703,0.0028,0.0002
17,FakeManilaV2,72,10,1000,0.043,0.9681,0.0052,0.0021
17,FakeManilaV2,73,1,100,0.11,0.8962,1.0,1.0
17,FakeManilaV2,73,2,200,0.11,0.8885,0.0,0.0077
17,FakeManilaV2,73,3,300,0.11,0.891,0.0,0.0025
17,FakeManilaV2,73,4,400,0.1325,0.8663,0.0225,0.0247
17,FakeManilaV2,73,5,500,0.12,0.8778,0.0125,0.0115
17,FakeManilaV2,73,6,600,0.12,0.8792,0.0,0.0014
17,FakeManilaV2,73,7,700,0.1157,0.8833,0.0043,0.0041
17,FakeManilaV2,73,8,800,0.1087,0.8909,0.007,0.0077
17,FakeManilaV2,73,9,900,0.1056,0.8938,0.0032,0.0029
17,FakeManilaV2,73,10,1000,0.108,0.8915,0.0024,0.0024
17,FakeManilaV2,74,1,100,0.1,0.9515,1.0,1.0
17,FakeManilaV2,74,2,200,0.06,0.9706,0.04,0.0191
17,FakeManilaV2,74,3,300,0.0667,0.9725,0.0067,0.0018
17,FakeManilaV2,74,4,400,0.065,0.9736,0.0017,0.0011
17,FakeManilaV2,74,5,500,0.066,0.9748,0.001,0.0013
17,FakeManilaV2,74,6,600,0.0467,0.9783,0.0193,0.0034
17,FakeManilaV2,74,7,700,0.0443,0.9773,0.0024,0.001
17,FakeManilaV2,74,8,800,0.0425,0.9762,0.0018,0.001
17,FakeManilaV2,74,9,900,0.0389,0.9768,0.0036,0.0005
17,FakeManilaV2,74,10,1000,0.038,0.9769,0.0009,0.0002
17,FakeManilaV2,75,1,100,0.17,0.8793,1.0,1.0
17,FakeManilaV2,75,2,200,0.11,0.8928,0.06,0.0134
17,FakeManilaV2,75,3,300,0.1067,0.8927,0.0033,0.0
17,FakeManilaV2,75,4,400,0.1,0.897,0.0067,0.0043
17,FakeManilaV2,75,5,500,0.106,0.8919,0.006,0.0051
17,FakeManilaV2,75,6,600,0.105,0.8937,0.001,0.0017
17,FakeManilaV2,75,7,700,0.1114,0.8874,0.0064,0.0062
17,FakeManilaV2,75,8,800,0.1087,0.8902,0.0027,0.0028
17,FakeManilaV2,75,9,900,0.1078,0.8917,0.001,0.0016
17,FakeManilaV2,75,10,1000,0.108,0.8915,0.0002,0.0003
17,FakeManilaV2,76,1,100,0.05,0.9774,1.0,1.0
17,FakeManilaV2,76,2,200,0.07,0.9616,0.02,0.0159
17,FakeManilaV2,76,3,300,0.06,0.9678,0.01,0.0062
17,FakeManilaV2,76,4,400,0.0475,0.9701,0.0125,0.0023
17,FakeManilaV2,76,5,500,0.048,0.972,0.0005,0.0019
17,FakeManilaV2,76,6,600,0.0433,0.9721,0.0047,0.0001
17,FakeManilaV2,76,7,700,0.04,0.9748,0.0033,0.0026
17,FakeManilaV2,76,8,800,0.0425,0.9764,0.0025,0.0016
17,FakeManilaV2,76,9,900,0.04,0.9748,0.0025,0.0015
17,FakeManilaV2,76,10,1000,0.031,0.9767,0.009,0.0019
17,FakeManilaV2,77,1,100,0.09,0.972,1.0,1.0
17,FakeManilaV2,77,2,200,0.095,0.9601,0.005,0.012
17,FakeManilaV2,77,3,300,0.07,0.9583,0.025,0.0018
17,FakeManilaV2,77,4,400,0.0675,0.9563,0.0025,0.002
17,FakeManilaV2,77,5,500,0.072,0.9535,0.0045,0.0028
17,FakeManilaV2,77,6,600,0.0667,0.9563,0.0053,0.0028
17,FakeManilaV2,77,7,700,0.0657,0.9624,0.001,0.0061
17,FakeManilaV2,77,8,800,0.065,0.9643,0.0007,0.0019
17,FakeManilaV2,77,9,900,0.0633,0.9659,0.0017,0.0016
17,FakeManilaV2,77,10,1000,0.055,0.9679,0.0083,0.002
17,FakeManilaV2,78,1,100,0.06,0.9763,1.0,1.0
17,FakeManilaV2,78,2,200,0.065,0.9646,0.005,0.0117
17,FakeManilaV2,78,3,300,0.0333,0.9762,0.0317,0.0117
17,FakeManilaV2,78,4,400,0.025,0.9749,0.0083,0.0013
17,FakeManilaV2,78,5,500,0.03,0.9758,0.005,0.0009
17,FakeManilaV2,78,6,600,0.0333,0.9779,0.0033,0.0021
17,FakeManilaV2,78,7,700,0.03,0.9782,0.0033,0.0003
17,FakeManilaV2,78,8,800,0.0275,0.9786,0.0025,0.0004
17,FakeManilaV2,78,9,900,0.0222,0.9777,0.0053,0.0008
17,FakeManilaV2,78,10,1000,0.023,0.9769,0.0008,0.0008
17,FakeManilaV2,79,1,100,0.06,0.9772,1.0,1.0
17,FakeManilaV2,79,2,200,0.04,0.9791,0.02,0.0019
17,FakeManilaV2,79,3,300,0.03,0.9727,0.01,0.0063
17,FakeManilaV2,79,4,400,0.035,0.9718,0.005,0.001
17,FakeManilaV2,79,5,500,0.034,0.9735,0.001,0.0017
17,FakeManilaV2,79,6,600,0.0333,0.9714,0.0007,0.0021
17,FakeManilaV2,79,7,700,0.0286,0.9713,0.0048,0.0001
17,FakeManilaV2,79,8,800,0.0312,0.971,0.0027,0.0003
17,FakeManilaV2,79,9,900,0.0278,0.972,0.0035,0.001
17,FakeManilaV2,79,10,1000,0.03,0.9728,0.0022,0.0008
17,FakeManilaV2,80,1,100,0.11,0.8874,1.0,1.0
17,FakeManilaV2,80,2,200,0.105,0.8974,0.005,0.01
17,FakeManilaV2,80,3,300,0.1067,0.8924,0.0017,0.0051
17,FakeManilaV2,80,4,400,0.105,0.8984,0.0017,0.006
17,FakeManilaV2,80,5,500,0.106,0.8935,0.001,0.0049
17,FakeManilaV2,80,6,600,0.0983,0.9015,0.0077,0.008
17,FakeManilaV2,80,7,700,0.1029,0.8971,0.0045,0.0044
17,FakeManilaV2,80,8,800,0.1037,0.8962,0.0009,0.0009
17,FakeManilaV2,80,9,900,0.1033,0.8966,0.0004,0.0004
17,FakeManilaV2,80,10,1000,0.099,0.901,0.0043,0.0044
17,FakeManilaV2,81,1,100,0.07,0.9923,1.0,1.0
17,FakeManilaV2,81,2,200,0.04,0.9837,0.03,0.0086
17,FakeManilaV2,81,3,300,0.02,0.9864,0.02,0.0027
17,FakeManilaV2,81,4,400,0.0275,0.9796,0.0075,0.0068
17,FakeManilaV2,81,5,500,0.022,0.9799,0.0055,0.0003
17,FakeManilaV2,81,6,600,0.035,0.9809,0.013,0.0009
17,FakeManilaV2,81,7,700,0.0357,0.9792,0.0007,0.0016
17,FakeManilaV2,81,8,800,0.0462,0.9738,0.0105,0.0055
17,FakeManilaV2,81,9,900,0.0433,0.9744,0.0029,0.0006
17,FakeManilaV2,81,10,1000,0.039,0.974,0.0043,0.0004
17,FakeManilaV2,82,1,100,0.09,0.9728,1.0,1.0
17,FakeManilaV2,82,2,200,0.07,0.9844,0.02,0.0116
17,FakeManilaV2,82,3,300,0.06,0.9799,0.01,0.0045
17,FakeManilaV2,82,4,400,0.04,0.9788,0.02,0.0011
17,FakeManilaV2,82,5,500,0.044,0.9747,0.004,0.0042
17,FakeManilaV2,82,6,600,0.05,0.9706,0.006,0.004
17,FakeManilaV2,82,7,700,0.0529,0.9709,0.0029,0.0003
17,FakeManilaV2,82,8,800,0.0462,0.9723,0.0066,0.0014
17,FakeManilaV2,82,9,900,0.0544,0.9724,0.0082,0.0002
17,FakeManilaV2,82,10,1000,0.054,0.9684,0.0004,0.0041
17,FakeManilaV2,83,1,100,0.1,0.9515,1.0,1.0
17,FakeManilaV2,83,2,200,0.075,0.9654,0.025,0.0139
17,FakeManilaV2,83,3,300,0.0633,0.9695,0.0117,0.0041
17,FakeManilaV2,83,4,400,0.0475,0.9703,0.0158,0.0008
17,FakeManilaV2,83,5,500,0.044,0.9702,0.0035,0.0002
17,FakeManilaV2,83,6,600,0.0333,0.9711,0.0107,0.0009
17,FakeManilaV2,83,7,700,0.03,0.9695,0.0033,0.0015
17,FakeManilaV2,83,8,800,0.0337,0.9709,0.0037,0.0014
17,FakeManilaV2,83,9,900,0.04,0.9716,0.0063,0.0007
17,FakeManilaV2,83,10,1000,0.035,0.9717,0.005,0.0001
17,FakeManilaV2,84,1,100,0.07,0.9637,1.0,1.0
17,FakeManilaV2,84,2,200,0.05,0.9773,0.02,0.0136
17,FakeManilaV2,84,3,300,0.05,0.9778,0.0,0.0005
17,FakeManilaV2,84,4,400,0.0525,0.9785,0.0025,0.0007
17,FakeManilaV2,84,5,500,0.052,0.9758,0.0005,0.0027
17,FakeManilaV2,84,6,600,0.0433,0.9786,0.0087,0.0027
17,FakeManilaV2,84,7,700,0.04,0.9774,0.0033,0.0011
17,FakeManilaV2,84,8,800,0.025,0.9773,0.015,0.0001
17,FakeManilaV2,84,9,900,0.0222,0.9777,0.0028,0.0004
17,FakeManilaV2,84,10,1000,0.028,0.9729,0.0058,0.0049
17,FakeManilaV2,85,1,100,0.06,0.9369,1.0,1.0
17,FakeManilaV2,85,2,200,0.115,0.9046,0.055,0.0323
17,FakeManilaV2,85,3,300,0.1033,0.8949,0.0117,0.0097
17,FakeManilaV2,85,4,400,0.115,0.8942,0.0117,0.0008
17,FakeManilaV2,85,5,500,0.102,0.8965,0.013,0.0023
17,FakeManilaV2,85,6,600,0.105,0.894,0.003,0.0025
17,FakeManilaV2,85,7,700,0.1,0.8993,0.005,0.0054
17,FakeManilaV2,85,8,800,0.1012,0.8985,0.0013,0.0008
17,FakeManilaV2,85,9,900,0.1044,0.8949,0.0032,0.0036
17,FakeManilaV2,85,10,1000,0.105,0.8945,0.0006,0.0004
17,FakeManilaV2,86,1,100,0.09,0.9516,1.0,1.0
17,FakeManilaV2,86,2,200,0.06,0.952,0.03,0.0005
17,FakeManilaV2,86,3,300,0.05,0.9525,0.01,0.0005
17,FakeManilaV2,86,4,400,0.0425,0.9594,0.0075,0.0069
17,FakeManilaV2,86,5,500,0.05,0.9591,0.0075,0.0004
17,FakeManilaV2,86,6,600,0.0467,0.9608,0.0033,0.0018
17,FakeManilaV2,86,7,700,0.0457,0.9648,0.001,0.004
17,FakeManilaV2,86,8,800,0.0362,0.9683,0.0095,0.0035
17,FakeManilaV2,86,9,900,0.0344,0.9652,0.0018,0.0031
17,FakeManilaV2,86,10,1000,0.035,0.9656,0.0006,0.0004
17,FakeManilaV2,87,1,100,0.14,0.8643,1.0,1.0
17,FakeManilaV2,87,2,200,0.145,0.8616,0.005,0.0027
17,FakeManilaV2,87,3,300,0.1333,0.8684,0.0117,0.0068
17,FakeManilaV2,87,4,400,0.1175,0.8793,0.0158,0.0108
17,FakeManilaV2,87,5,500,0.116,0.8793,0.0015,0.0
17,FakeManilaV2,87,6,600,0.1183,0.8867,0.0023,0.0075
17,FakeManilaV2,87,7,700,0.1114,0.8868,0.0069,0.0001
17,FakeManilaV2,87,8,800,0.1137,0.885,0.0023,0.0018
17,FakeManilaV2,87,9,900,0.1089,0.8907,0.0049,0.0056
17,FakeManilaV2,87,10,1000,0.11,0.8895,0.0011,0.0011
17,FakeManilaV2,88,1,100,0.09,0.966,1.0,1.0
17,FakeManilaV2,88,2,200,0.08,0.9652,0.01,0.0008
17,FakeManilaV2,88,3,300,0.07,0.964,0.01,0.0012
17,FakeManilaV2,88,4,400,0.06,0.9577,0.01,0.0063
17,FakeManilaV2,88,5,500,0.056,0.9628,0.004,0.0051
17,FakeManilaV2,88,6,600,0.0583,0.9636,0.0023,0.0008
17,FakeManilaV2,88,7,700,0.0429,0.9653,0.0155,0.0017
17,FakeManilaV2,88,8,800,0.0362,0.9648,0.0066,0.0005
17,FakeManilaV2,88,9,900,0.0367,0.9664,0.0004,0.0016
17,FakeManilaV2,88,10,1000,0.035,0.9668,0.0017,0.0004
17,FakeManilaV2,89,1,100,0.2,0.8427,1.0,1.0
17,FakeManilaV2,89,2,200,0.135,0.8825,0.065,0.0398
17,FakeManilaV2,89,3,300,0.1133,0.8907,0.0217,0.0082
17,FakeManilaV2,89,4,400,0.1,0.899,0.0133,0.0083
17,FakeManilaV2,89,5,500,0.106,0.8933,0.006,0.0057
17,FakeManilaV2,89,6,600,0.115,0.8845,0.009,0.0088
17,FakeManilaV2,89,7,700,0.1114,0.8883,0.0036,0.0038
17,FakeManilaV2,89,8,800,0.1125,0.887,0.0011,0.0013
17,FakeManilaV2,89,9,900,0.1111,0.888,0.0014,0.0011
17,FakeManilaV2,89,10,1000,0.116,0.8832,0.0049,0.0049
17,FakeManilaV2,90,1,100,0.09,0.9639,1.0,1.0
17,FakeManilaV2,90,2,200,0.075,0.9743,0.015,0.0104
17,FakeManilaV2,90,3,300,0.0367,0.976,0.0383,0.0017
17,FakeManilaV2,90,4,400,0.03,0.9768,0.0067,0.0008
17,FakeManilaV2,90,5,500,0.036,0.9732,0.006,0.0035
17,FakeManilaV2,90,6,600,0.0333,0.9746,0.0027,0.0013
17,FakeManilaV2,90,7,700,0.0286,0.9751,0.0048,0.0005
17,FakeManilaV2,90,8,800,0.0287,0.9745,0.0002,0.0005
17,FakeManilaV2,90,9,900,0.0311,0.9729,0.0024,0.0016
17,FakeManilaV2,90,10,1000,0.039,0.9683,0.0079,0.0046
17,FakeManilaV2,91,1,100,0.11,0.9327,1.0,1.0
17,FakeManilaV2,91,2,200,0.07,0.9578,0.04,0.0251
17,FakeManilaV2,91,3,300,0.0667,0.9672,0.0033,0.0093
17,FakeManilaV2,91,4,400,0.04,0.9668,0.0267,0.0004
17,FakeManilaV2,91,5,500,0.036,0.9637,0.004,0.003
17,FakeManilaV2,91,6,600,0.045,0.9658,0.009,0.0021
17,FakeManilaV2,91,7,700,0.0329,0.9669,0.0121,0.0011
17,FakeManilaV2,91,8,800,0.035,0.9657,0.0021,0.0013
17,FakeManilaV2,91,9,900,0.0344,0.9671,0.0006,0.0014
17,FakeManilaV2,91,10,1000,0.033,0.9685,0.0014,0.0014
17,FakeManilaV2,92,1,100,0.07,0.9661,1.0,1.0
17,FakeManilaV2,92,2,200,0.065,0.9673,0.005,0.0012
17,FakeManilaV2,92,3,300,0.08,0.9643,0.015,0.003
17,FakeManilaV2,92,4,400,0.065,0.9714,0.015,0.0071
17,FakeManilaV2,92,5,500,0.058,0.9711,0.007,0.0003
17,FakeManilaV2,92,6,600,0.0367,0.9678,0.0213,0.0033
17,FakeManilaV2,92,7,700,0.0429,0.9707,0.0062,0.0029
17,FakeManilaV2,92,8,800,0.0587,0.9667,0.0159,0.0039
17,FakeManilaV2,92,9,900,0.0522,0.9601,0.0065,0.0067
17,FakeManilaV2,92,10,1000,0.046,0.9604,0.0062,0.0003
17,FakeManilaV2,93,1,100,0.05,0.9592,1.0,1.0
17,FakeManilaV2,93,2,200,0.025,0.9749,0.025,0.0157
17,FakeManilaV2,93,3,300,0.04,0.9726,0.015,0.0023
17,FakeManilaV2,93,4,400,0.035,0.9767,0.005,0.0041
17,FakeManilaV2,93,5,500,0.042,0.9729,0.007,0.0038
17,FakeManilaV2,93,6,600,0.0383,0.9696,0.0037,0.0033
17,FakeManilaV2,93,7,700,0.0471,0.9702,0.0088,0.0006
17,FakeManilaV2,93,8,800,0.0475,0.9689,0.0004,0.0013
17,FakeManilaV2,93,9,900,0.0533,0.9686,0.0058,0.0003
17,FakeManilaV2,93,10,1000,0.049,0.9699,0.0043,0.0013
17,FakeManilaV2,94,1,100,0.13,0.9641,1.0,1.0
17,FakeManilaV2,94,2,200,0.08,0.9749,0.05,0.0108
17,FakeManilaV2,94,3,300,0.0533,0.981,0.0267,0.0061
17,FakeManilaV2,94,4,400,0.0425,0.9766,0.0108,0.0044
17,FakeManilaV2,94,5,500,0.032,0.9718,0.0105,0.0048
17,FakeManilaV2,94,6,600,0.0267,0.9765,0.0053,0.0047
17,FakeManilaV2,94,7,700,0.0314,0.9767,0.0048,0.0002
17,FakeManilaV2,94,8,800,0.03,0.9746,0.0014,0.0021
17,FakeManilaV2,94,9,900,0.0389,0.9715,0.0089,0.0031
17,FakeManilaV2,94,10,1000,0.045,0.9719,0.0061,0.0004
17,FakeManilaV2,95,1,100,0.19,0.8164,1.0,1.0
17,FakeManilaV2,95,2,200,0.145,0.8623,0.045,0.0459
17,FakeManilaV2,95,3,300,0.13,0.8722,0.015,0.0099
17,FakeManilaV2,95,4,400,0.125,0.8737,0.005,0.0015
17,FakeManilaV2,95,5,500,0.128,0.8707,0.003,0.003
17,FakeManilaV2,95,6,600,0.1167,0.8829,0.0113,0.0122
17,FakeManilaV2,95,7,700,0.1086,0.8911,0.0081,0.0081
17,FakeManilaV2,95,8,800,0.1125,0.8871,0.0039,0.004
17,FakeManilaV2,95,9,900,0.1156,0.8839,0.0031,0.0032
17,FakeManilaV2,95,10,1000,0.123,0.8768,0.0074,0.0071
17,FakeManilaV2,96,1,100,0.12,0.9648,1.0,1.0
17,FakeManilaV2,96,2,200,0.065,0.9761,0.055,0.0113
17,FakeManilaV2,96,3,300,0.05,0.9783,0.015,0.0022
17,FakeManilaV2,96,4,400,0.0375,0.9815,0.0125,0.0032
17,FakeManilaV2,96,5,500,0.048,0.9748,0.0105,0.0067
17,FakeManilaV2,96,6,600,0.04,0.9726,0.008,0.0022
17,FakeManilaV2,96,7,700,0.0386,0.9723,0.0014,0.0003
17,FakeManilaV2,96,8,800,0.0362,0.9721,0.0023,0.0003
17,FakeManilaV2,96,9,900,0.0356,0.9707,0.0007,0.0014
17,FakeManilaV2,96,10,1000,0.031,0.9687,0.0046,0.002
17,FakeManilaV2,97,1,100,0.16,0.8323,1.0,1.0
17,FakeManilaV2,97,2,200,0.13,0.8704,0.03,0.0381
17,FakeManilaV2,97,3,300,0.1333,0.8755,0.0033,0.0051
17,FakeManilaV2,97,4,400,0.1375,0.8596,0.0042,0.0159
17,FakeManilaV2,97,5,500,0.128,0.8694,0.0095,0.0098
17,FakeManilaV2,97,6,600,0.1267,0.8706,0.0013,0.0011
17,FakeManilaV2,97,7,700,0.13,0.8679,0.0033,0.0026
17,FakeManilaV2,97,8,800,0.1225,0.8759,0.0075,0.008
17,FakeManilaV2,97,9,900,0.1222,0.8772,0.0003,0.0013
17,FakeManilaV2,97,10,1000,0.125,0.8739,0.0028,0.0033
17,FakeManilaV2,98,1,100,0.1,0.9137,1.0,1.0
17,FakeManilaV2,98,2,200,0.095,0.9033,0.005,0.0104
17,FakeManilaV2,98,3,300,0.09,0.9093,0.005,0.006
17,FakeManilaV2,98,4,400,0.0875,0.9112,0.0025,0.002
17,FakeManilaV2,98,5,500,0.086,0.9133,0.0015,0.0021
17,FakeManilaV2,98,6,600,0.0883,0.9107,0.0023,0.0026
17,FakeManilaV2,98,7,700,0.09,0.9094,0.0017,0.0013
17,FakeManilaV2,98,8,800,0.095,0.9045,0.005,0.0049
17,FakeManilaV2,98,9,900,0.1022,0.8973,0.0072,0.0072
17,FakeManilaV2,98,10,1000,0.106,0.8937,0.0038,0.0037
17,FakeManilaV2,99,1,100,0.13,0.8674,1.0,1.0
17,FakeManilaV2,99,2,200,0.105,0.8922,0.025,0.0248
17,FakeManilaV2,99,3,300,0.1067,0.8969,0.0017,0.0047
17,FakeManilaV2,99,4,400,0.1075,0.8916,0.0008,0.0053
17,FakeManilaV2,99,5,500,0.104,0.8954,0.0035,0.0038
17,FakeManilaV2,99,6,600,0.095,0.9047,0.009,0.0093
17,FakeManilaV2,99,7,700,0.0943,0.9057,0.0007,0.001
17,FakeManilaV2,99,8,800,0.0962,0.9036,0.002,0.0021
17,FakeManilaV2,99,9,900,0.0944,0.9054,0.0018,0.0018
17,FakeManilaV2,99,10,1000,0.095,0.9048,0.0006,0.0006
17,FakeManilaV2,100,1,100,0.14,0.8832,1.0,1.0
17,FakeManilaV2,100,2,200,0.115,0.9022,0.025,0.019
17,FakeManilaV2,100,3,300,0.1333,0.8905,0.0183,0.0117
17,FakeManilaV2,100,4,400,0.11,0.8955,0.0233,0.005
17,FakeManilaV2,100,5,500,0.1,0.9001,0.01,0.0046
17,FakeManilaV2,100,6,600,0.1,0.8983,0.0,0.0017
17,FakeManilaV2,100,7,700,0.1,0.8972,0.0,0.0012
17,FakeManilaV2,100,8,800,0.0987,0.9,0.0013,0.0029
17,FakeManilaV2,100,9,900,0.0967,0.9022,0.0021,0.0021
17,FakeManilaV2,100,10,1000,0.1,0.8988,0.0033,0.0034
17,FakeManilaV2,101,1,100,0.06,0.9491,1.0,1.0
17,FakeManilaV2,101,2,200,0.11,0.9489,0.05,0.0002
17,FakeManilaV2,101,3,300,0.1133,0.9455,0.0033,0.0034
17,FakeManilaV2,101,4,400,0.09,0.9551,0.0233,0.0096
17,FakeManilaV2,101,5,500,0.068,0.9623,0.022,0.0072
17,FakeManilaV2,101,6,600,0.0683,0.9626,0.0003,0.0003
17,FakeManilaV2,101,7,700,0.06,0.9671,0.0083,0.0045
17,FakeManilaV2,101,8,800,0.0513,0.9696,0.0088,0.0024
17,FakeManilaV2,101,9,900,0.0511,0.9704,0.0001,0.0008
17,FakeManilaV2,101,10,1000,0.044,0.971,0.0071,0.0006
17,FakeManilaV2,102,1,100,0.05,0.9769,1.0,1.0
17,FakeManilaV2,102,2,200,0.035,0.9738,0.015,0.0031
17,FakeManilaV2,102,3,300,0.0467,0.9754,0.0117,0.0016
17,FakeManilaV2,102,4,400,0.035,0.9768,0.0117,0.0015
17,FakeManilaV2,102,5,500,0.04,0.9733,0.005,0.0035
17,FakeManilaV2,102,6,600,0.0317,0.9715,0.0083,0.0018
17,FakeManilaV2,102,7,700,0.0371,0.9693,0.0055,0.0022
17,FakeManilaV2,102,8,800,0.045,0.9653,0.0079,0.004
17,FakeManilaV2,102,9,900,0.05,0.9661,0.005,0.0008
17,FakeManilaV2,102,10,1000,0.05,0.9665,0.0,0.0004
17,FakeManilaV2,103,1,100,0.15,0.8488,1.0,1.0
17,FakeManilaV2,103,2,200,0.12,0.896,0.03,0.0472
17,FakeManilaV2,103,3,300,0.12,0.8996,0.0,0.0037
17,FakeManilaV2,103,4,400,0.14,0.8831,0.02,0.0165
17,FakeManilaV2,103,5,500,0.132,0.8916,0.008,0.0085
17,FakeManilaV2,103,6,600,0.1183,0.8942,0.0137,0.0026
17,FakeManilaV2,103,7,700,0.1143,0.8949,0.004,0.0007
17,FakeManilaV2,103,8,800,0.1062,0.8956,0.008,0.0007
17,FakeManilaV2,103,9,900,0.1011,0.8999,0.0051,0.0043
17,FakeManilaV2,103,10,1000,0.102,0.8972,0.0009,0.0027
17,FakeManilaV2,104,1,100,0.09,0.9634,1.0,1.0
17,FakeManilaV2,104,2,200,0.065,0.9606,0.025,0.0028
17,FakeManilaV2,104,3,300,0.05,0.965,0.015,0.0044
17,FakeManilaV2,104,4,400,0.0375,0.9743,0.0125,0.0093
17,FakeManilaV2,104,5,500,0.036,0.9755,0.0015,0.0011
17,FakeManilaV2,104,6,600,0.0417,0.9757,0.0057,0.0002
17,FakeManilaV2,104,7,700,0.0429,0.9761,0.0012,0.0004
17,FakeManilaV2,104,8,800,0.0425,0.9752,0.0004,0.0009
17,FakeManilaV2,104,9,900,0.0333,0.9758,0.0092,0.0005
17,FakeManilaV2,104,10,1000,0.032,0.9783,0.0013,0.0026
17,FakeManilaV2,105,1,100,0.13,0.8858,1.0,1.0
17,FakeManilaV2,105,2,200,0.105,0.8941,0.025,0.0083
17,FakeManilaV2,105,3,300,0.11,0.8887,0.005,0.0054
17,FakeManilaV2,105,4,400,0.12,0.8789,0.01,0.0097
17,FakeManilaV2,105,5,500,0.11,0.8881,0.01,0.0091
17,FakeManilaV2,105,6,600,0.1133,0.8854,0.0033,0.0027
17,FakeManilaV2,105,7,700,0.12,0.8784,0.0067,0.007
17,FakeManilaV2,105,8,800,0.125,0.8738,0.005,0.0046
17,FakeManilaV2,105,9,900,0.1233,0.875,0.0017,0.0012
17,FakeManilaV2,105,10,1000,0.12,0.8777,0.0033,0.0027
17,FakeManilaV2,106,1,100,0.1,0.8988,1.0,1.0
17,FakeManilaV2,106,2,200,0.12,0.8969,0.02,0.0018
17,FakeManilaV2,106,3,300,0.0967,0.9029,0.0233,0.006
17,FakeManilaV2,106,4,400,0.095,0.9044,0.0017,0.0014
17,FakeManilaV2,106,5,500,0.092,0.9069,0.003,0.0025
17,FakeManilaV2,106,6,600,0.09,0.9091,0.002,0.0022
17,FakeManilaV2,106,7,700,0.0914,0.9082,0.0014,0.0009
17,FakeManilaV2,106,8,800,0.0975,0.9024,0.0061,0.0058
17,FakeManilaV2,106,9,900,0.0944,0.9055,0.0031,0.0031
17,FakeManilaV2,106,10,1000,0.095,0.9048,0.0006,0.0007
17,FakeManilaV2,107,1,100,0.13,0.9596,1.0,1.0
17,FakeManilaV2,107,2,200,0.05,0.9782,0.08,0.0186
17,FakeManilaV2,107,3,300,0.0267,0.9762,0.0233,0.002
17,FakeManilaV2,107,4,400,0.04,0.9666,0.0133,0.0096
17,FakeManilaV2,107,5,500,0.042,0.9672,0.002,0.0006
17,FakeManilaV2,107,6,600,0.0333,0.9662,0.0087,0.001
17,FakeManilaV2,107,7,700,0.0371,0.9683,0.0038,0.0021
17,FakeManilaV2,107,8,800,0.0287,0.9712,0.0084,0.0029
17,FakeManilaV2,107,9,900,0.0278,0.9722,0.001,0.0009
17,FakeManilaV2,107,10,1000,0.028,0.9718,0.0002,0.0004
17,FakeManilaV2,108,1,100,0.1,0.9609,1.0,1.0
17,FakeManilaV2,108,2,200,0.065,0.9626,0.035,0.0017
17,FakeManilaV2,108,3,300,0.0533,0.9716,0.0117,0.009
17,FakeManilaV2,108,4,400,0.055,0.9769,0.0017,0.0053
17,FakeManilaV2,108,5,500,0.052,0.9704,0.003,0.0065
17,FakeManilaV2,108,6,600,0.0517,0.973,0.0003,0.0025
17,FakeManilaV2,108,7,700,0.0471,0.9754,0.0045,0.0024
17,FakeManilaV2,108,8,800,0.0412,0.9772,0.0059,0.0019
17,FakeManilaV2,108,9,900,0.0411,0.9798,0.0001,0.0025
17,FakeManilaV2,108,10,1000,0.046,0.9805,0.0049,0.0007
17,FakeManilaV2,109,1,100,0.14,0.8899,1.0,1.0
17,FakeManilaV2,109,2,200,0.085,0.9233,0.055,0.0334
17,FakeManilaV2,109,3,300,0.0833,0.9208,0.0017,0.0025
17,FakeManilaV2,109,4,400,0.0875,0.9114,0.0042,0.0094
17,FakeManilaV2,109,5,500,0.1,0.8997,0.0125,0.0117
17,FakeManilaV2,109,6,600,0.1033,0.8961,0.0033,0.0036
17,FakeManilaV2,109,7,700,0.11,0.8896,0.0067,0.0064
17,FakeManilaV2,109,8,800,0.1162,0.8835,0.0062,0.0062
17,FakeManilaV2,109,9,900,0.1133,0.8863,0.0029,0.0029
17,FakeManilaV2,109,10,1000,0.113,0.8868,0.0003,0.0005
17,FakeManilaV2,110,1,100,0.06,0.9935,1.0,1.0
17,FakeManilaV2,110,2,200,0.035,0.9792,0.025,0.0143
17,FakeManilaV2,110,3,300,0.05,0.9653,0.015,0.0139
17,FakeManilaV2,110,4,400,0.0525,0.9682,0.0025,0.0029
17,FakeManilaV2,110,5,500,0.046,0.9717,0.0065,0.0034
17,FakeManilaV2,110,6,600,0.045,0.9714,0.001,0.0002
17,FakeManilaV2,110,7,700,0.0343,0.9747,0.0107,0.0033
17,FakeManilaV2,110,8,800,0.0387,0.9739,0.0045,0.0008
17,FakeManilaV2,110,9,900,0.04,0.9735,0.0013,0.0004
17,FakeManilaV2,110,10,1000,0.031,0.9745,0.009,0.001
17,FakeManilaV2,111,1,100,0.13,0.9553,1.0,1.0
17,FakeManilaV2,111,2,200,0.06,0.961,0.07,0.0056
17,FakeManilaV2,111,3,300,0.06,0.9661,0.0,0.0051
17,FakeManilaV2,111,4,400,0.0575,0.9606,0.0025,0.0055
17,FakeManilaV2,111,5,500,0.048,0.9615,0.0095,0.0009
17,FakeManilaV2,111,6,600,0.0567,0.9621,0.0087,0.0006
17,FakeManilaV2,111,7,700,0.0657,0.9648,0.009,0.0027
17,FakeManilaV2,111,8,800,0.0562,0.9684,0.0095,0.0036
17,FakeManilaV2,111,9,900,0.0489,0.9678,0.0074,0.0006
17,FakeManilaV2,111,10,1000,0.05,0.9676,0.0011,0.0001
17,FakeManilaV2,112,1,100,0.07,0.9729,1.0,1.0
17,FakeManilaV2,112,2,200,0.06,0.9672,0.01,0.0057
17,FakeManilaV2,112,3,300,0.0533,0.9622,0.0067,0.005
17,FakeManilaV2,112,4,400,0.04,0.9669,0.0133,0.0047
17,FakeManilaV2,112,5,500,0.034,0.9676,0.006,0.0007
17,FakeManilaV2,112,6,600,0.03,0.9699,0.004,0.0023
17,FakeManilaV2,112,7,700,0.0286,0.9714,0.0014,0.0016
17,FakeManilaV2,112,8,800,0.0262,0.9737,0.0023,0.0023
17,FakeManilaV2,112,9,900,0.0267,0.9733,0.0004,0.0004
17,FakeManilaV2,112,10,1000,0.025,0.9749,0.0017,0.0017
17,FakeManilaV2,113,1,100,0.17,0.8829,1.0,1.0
17,FakeManilaV2,113,2,200,0.105,0.8935,0.065,0.0106
17,FakeManilaV2,113,3,300,0.1,0.8991,0.005,0.0057
17,FakeManilaV2,113,4,400,0.1025,0.8975,0.0025,0.0017
17,FakeManilaV2,113,5,500,0.096,0.9033,0.0065,0.0058
17,FakeManilaV2,113,6,600,0.0983,0.9013,0.0023,0.0019
17,FakeManilaV2,113,7,700,0.0957,0.9042,0.0026,0.0029
17,FakeManilaV2,113,8,800,0.0937,0.9058,0.002,0.0016
17,FakeManilaV2,113,9,900,0.0867,0.9127,0.0071,0.0069
17,FakeManilaV2,113,10,1000,0.092,0.9077,0.0053,0.005
17,FakeManilaV2,114,1,100,0.05,0.9877,1.0,1.0
17,FakeManilaV2,114,2,200,0.025,0.9747,0.025,0.013
17,FakeManilaV2,114,3,300,0.03,0.9829,0.005,0.0081
17,FakeManilaV2,114,4,400,0.025,0.9798,0.005,0.0031
17,FakeManilaV2,114,5,500,0.03,0.9816,0.005,0.0018
17,FakeManilaV2,114,6,600,0.0317,0.9762,0.0017,0.0053
17,FakeManilaV2,114,7,700,0.0429,0.9747,0.0112,0.0016
17,FakeManilaV2,114,8,800,0.0312,0.9759,0.0116,0.0012
17,FakeManilaV2,114,9,900,0.0322,0.9762,0.001,0.0003
17,FakeManilaV2,114,10,1000,0.031,0.9765,0.0012,0.0003
17,FakeManilaV2,115,1,100,0.15,0.9234,1.0,1.0
17,FakeManilaV2,115,2,200,0.1,0.9261,0.05,0.0027
17,FakeManilaV2,115,3,300,0.1033,0.9159,0.0033,0.0102
17,FakeManilaV2,115,4,400,0.0875,0.9121,0.0158,0.0038
17,FakeManilaV2,115,5,500,0.106,0.8939,0.0185,0.0182
17,FakeManilaV2,115,6,600,0.105,0.8947,0.001,0.0007
17,FakeManilaV2,115,7,700,0.1086,0.8909,0.0036,0.0038
17,FakeManilaV2,115,8,800,0.1037,0.8959,0.0048,0.0051
17,FakeManilaV2,115,9,900,0.1056,0.8944,0.0018,0.0016
17,FakeManilaV2,115,10,1000,0.101,0.899,0.0046,0.0046
17,FakeManilaV2,116,1,100,0.21,0.8606,1.0,1.0
17,FakeManilaV2,116,2,200,0.145,0.894,0.065,0.0334
17,FakeManilaV2,116,3,300,0.1167,0.9034,0.0283,0.0093
17,FakeManilaV2,116,4,400,0.105,0.9044,0.0117,0.0011
17,FakeManilaV2,116,5,500,0.088,0.9113,0.017,0.0068
17,FakeManilaV2,116,6,600,0.1033,0.9019,0.0153,0.0094
17,FakeManilaV2,116,7,700,0.1014,0.8988,0.0019,0.0031
17,FakeManilaV2,116,8,800,0.11,0.8893,0.0086,0.0094
17,FakeManilaV2,116,9,900,0.1167,0.8825,0.0067,0.0068
17,FakeManilaV2,116,10,1000,0.116,0.8833,0.0007,0.0008
17,FakeManilaV2,117,1,100,0.14,0.8753,1.0,1.0
17,FakeManilaV2,117,2,200,0.105,0.8948,0.035,0.0194
17,FakeManilaV2,117,3,300,0.1,0.8995,0.005,0.0047
17,FakeManilaV2,117,4,400,0.105,0.8948,0.005,0.0047
17,FakeManilaV2,117,5,500,0.116,0.8836,0.011,0.0112
17,FakeManilaV2,117,6,600,0.1283,0.8716,0.0123,0.012
17,FakeManilaV2,117,7,700,0.1229,0.8767,0.0055,0.0051
17,FakeManilaV2,117,8,800,0.1262,0.8736,0.0034,0.0031
17,FakeManilaV2,117,9,900,0.1256,0.8742,0.0007,0.0006
17,FakeManilaV2,117,10,1000,0.128,0.8719,0.0024,0.0023
17,FakeManilaV2,118,1,100,0.13,0.8761,1.0,1.0
17,FakeManilaV2,118,2,200,0.12,0.8789,0.01,0.0028
17,FakeManilaV2,118,3,300,0.12,0.8795,0.0,0.0007
17,FakeManilaV2,118,4,400,0.1175,0.8822,0.0025,0.0026
17,FakeManilaV2,118,5,500,0.12,0.8799,0.0025,0.0023
17,FakeManilaV2,118,6,600,0.1167,0.882,0.0033,0.0021
17,FakeManilaV2,118,7,700,0.12,0.8795,0.0033,0.0025
17,FakeManilaV2,118,8,800,0.1262,0.8732,0.0063,0.0062
17,FakeManilaV2,118,9,900,0.1256,0.874,0.0007,0.0008
17,FakeManilaV2,118,10,1000,0.128,0.8713,0.0024,0.0027
17,FakeManilaV2,119,1,100,0.12,0.8793,1.0,1.0
17,FakeManilaV2,119,2,200,0.125,0.8904,0.005,0.0111
17,FakeManilaV2,119,3,300,0.1067,0.8976,0.0183,0.0072
17,FakeManilaV2,119,4,400,0.11,0.8928,0.0033,0.0048
17,FakeManilaV2,119,5,500,0.112,0.8917,0.002,0.0011
17,FakeManilaV2,119,6,600,0.12,0.8884,0.008,0.0033
17,FakeManilaV2,119,7,700,0.1286,0.8848,0.0086,0.0035
17,FakeManilaV2,119,8,800,0.1175,0.8903,0.0111,0.0054
17,FakeManilaV2,119,9,900,0.1178,0.887,0.0003,0.0033
17,FakeManilaV2,119,10,1000,0.116,0.8826,0.0018,0.0043
18,FakeManilaV2,20,1,102,0.1569,0.8625,1.0,1.0
18,FakeManilaV2,20,2,204,0.1275,0.8703,0.0294,0.0078
18,FakeManilaV2,20,3,306,0.1144,0.8847,0.0131,0.0144
18,FakeManilaV2,20,4,408,0.1078,0.892,0.0065,0.0072
18,FakeManilaV2,20,5,510,0.1196,0.8801,0.0118,0.0118
18,FakeManilaV2,20,6,612,0.1258,0.8738,0.0062,0.0064
18,FakeManilaV2,20,7,714,0.1331,0.8665,0.0072,0.0073
18,FakeManilaV2,20,8,816,0.136,0.8639,0.003,0.0026
18,FakeManilaV2,20,9,918,0.134,0.866,0.002,0.0021
18,FakeManilaV2,20,10,1024,0.1309,0.8691,0.0031,0.0031
18,FakeManilaV2,21,1,102,0.1373,0.8627,1.0,1.0
18,FakeManilaV2,21,2,204,0.1324,0.8668,0.0049,0.0041
18,FakeManilaV2,21,3,306,0.1307,0.869,0.0016,0.0022
18,FakeManilaV2,21,4,408,0.1324,0.8671,0.0016,0.0019
18,FakeManilaV2,21,5,510,0.1314,0.8684,0.001,0.0013
18,FakeManilaV2,21,6,612,0.1307,0.869,0.0007,0.0006
18,FakeManilaV2,21,7,714,0.1317,0.8678,0.0009,0.0012
18,FakeManilaV2,21,8,816,0.1275,0.8723,0.0042,0.0046
18,FakeManilaV2,21,9,918,0.1351,0.8645,0.0076,0.0078
18,FakeManilaV2,21,10,1024,0.1396,0.86,0.0046,0.0045
18,FakeManilaV2,22,1,102,0.1863,0.8087,1.0,1.0
18,FakeManilaV2,22,2,204,0.1716,0.8214,0.0147,0.0127
18,FakeManilaV2,22,3,306,0.1634,0.8341,0.0082,0.0127
18,FakeManilaV2,22,4,408,0.1667,0.833,0.0033,0.0011
18,FakeManilaV2,22,5,510,0.1667,0.8331,0.0,0.0001
18,FakeManilaV2,22,6,612,0.1552,0.8446,0.0114,0.0115
18,FakeManilaV2,22,7,714,0.1555,0.8445,0.0002,0.0001
18,FakeManilaV2,22,8,816,0.1532,0.8468,0.0023,0.0023
18,FakeManilaV2,22,9,918,0.1503,0.8497,0.0029,0.0029
18,FakeManilaV2,22,10,1024,0.1494,0.8506,0.0009,0.0009
18,FakeManilaV2,23,1,102,0.1275,0.8719,1.0,1.0
18,FakeManilaV2,23,2,204,0.1225,0.8771,0.0049,0.0053
18,FakeManilaV2,23,3,306,0.1242,0.8758,0.0016,0.0013
18,FakeManilaV2,23,4,408,0.125,0.8749,0.0008,0.0009
18,FakeManilaV2,23,5,510,0.1353,0.8647,0.0103,0.0102
18,FakeManilaV2,23,6,612,0.1405,0.8594,0.0052,0.0053
18,FakeManilaV2,23,7,714,0.1373,0.8627,0.0033,0.0033
18,FakeManilaV2,23,8,816,0.1336,0.8664,0.0037,0.0037
18,FakeManilaV2,23,9,918,0.134,0.866,0.0004,0.0004
18,FakeManilaV2,23,10,1024,0.1348,0.8652,0.0008,0.0008
18,FakeManilaV2,24,1,102,0.1765,0.8206,1.0,1.0
18,FakeManilaV2,24,2,204,0.1471,0.8482,0.0294,0.0276
18,FakeManilaV2,24,3,306,0.1503,0.8468,0.0033,0.0013
18,FakeManilaV2,24,4,408,0.1593,0.8396,0.009,0.0073
18,FakeManilaV2,24,5,510,0.1569,0.842,0.0025,0.0024
18,FakeManilaV2,24,6,612,0.1601,0.8388,0.0033,0.0031
18,FakeManilaV2,24,7,714,0.1541,0.8448,0.0061,0.006
18,FakeManilaV2,24,8,816,0.1556,0.8438,0.0016,0.001
18,FakeManilaV2,24,9,918,0.1569,0.8427,0.0012,0.0011
18,FakeManilaV2,24,10,1024,0.1523,0.8472,0.0045,0.0045
18,FakeManilaV2,25,1,102,0.1667,0.8326,1.0,1.0
18,FakeManilaV2,25,2,204,0.1667,0.8326,0.0,0.0
18,FakeManilaV2,25,3,306,0.1634,0.8353,0.0033,0.0027
18,FakeManilaV2,25,4,408,0.1642,0.8351,0.0008,0.0002
18,FakeManilaV2,25,5,510,0.1647,0.8347,0.0005,0.0004
18,FakeManilaV2,25,6,612,0.1667,0.8329,0.002,0.0018
18,FakeManilaV2,25,7,714,0.1639,0.8358,0.0028,0.0029
18,FakeManilaV2,25,8,816,0.1581,0.8415,0.0058,0.0057
18,FakeManilaV2,25,9,918,0.1645,0.8352,0.0064,0.0064
18,FakeManilaV2,25,10,1024,0.1621,0.8377,0.0024,0.0025
18,FakeManilaV2,26,1,102,0.1863,0.807,1.0,1.0
18,FakeManilaV2,26,2,204,0.201,0.8078,0.0147,0.0008
18,FakeManilaV2,26,3,306,0.1895,0.8034,0.0114,0.0044
18,FakeManilaV2,26,4,408,0.1814,0.8151,0.0082,0.0116
18,FakeManilaV2,26,5,510,0.1824,0.8164,0.001,0.0013
18,FakeManilaV2,26,6,612,0.1732,0.8259,0.0092,0.0095
18,FakeManilaV2,26,7,714,0.1765,0.8231,0.0033,0.0027
18,FakeManilaV2,26,8,816,0.1679,0.8318,0.0086,0.0087
18,FakeManilaV2,26,9,918,0.1634,0.8362,0.0045,0.0045
18,FakeManilaV2,26,10,1024,0.1641,0.8355,0.0007,0.0007
18,FakeManilaV2,27,1,102,0.1176,0.8806,1.0,1.0
18,FakeManilaV2,27,2,204,0.1373,0.86,0.0196,0.0207
18,FakeManilaV2,27,3,306,0.1438,0.8559,0.0065,0.0041
18,FakeManilaV2,27,4,408,0.1324,0.8671,0.0114,0.0112
18,FakeManilaV2,27,5,510,0.1373,0.862,0.0049,0.0051
18,FakeManilaV2,27,6,612,0.134,0.8649,0.0033,0.0029
18,FakeManilaV2,27,7,714,0.1303,0.8688,0.0037,0.0039
18,FakeManilaV2,27,8,816,0.1299,0.8691,0.0004,0.0003
18,FakeManilaV2,27,9,918,0.134,0.865,0.0041,0.0041
18,FakeManilaV2,27,10,1024,0.1338,0.8651,0.0002,0.0001
18,FakeManilaV2,28,1,102,0.1471,0.8823,1.0,1.0
18,FakeManilaV2,28,2,204,0.1422,0.8577,0.0049,0.0247
18,FakeManilaV2,28,3,306,0.1242,0.8756,0.018,0.018
18,FakeManilaV2,28,4,408,0.125,0.875,0.0008,0.0006
18,FakeManilaV2,28,5,510,0.1392,0.8608,0.0142,0.0142
18,FakeManilaV2,28,6,612,0.134,0.866,0.0052,0.0053
18,FakeManilaV2,28,7,714,0.1359,0.8641,0.0019,0.0019
18,FakeManilaV2,28,8,816,0.1336,0.8664,0.0023,0.0023
18,FakeManilaV2,28,9,918,0.134,0.866,0.0004,0.0004
18,FakeManilaV2,28,10,1024,0.1299,0.8701,0.0041,0.0041
18,FakeManilaV2,29,1,102,0.1765,0.8234,1.0,1.0
18,FakeManilaV2,29,2,204,0.1961,0.8015,0.0196,0.0219
18,FakeManilaV2,29,3,306,0.1895,0.81,0.0065,0.0085
18,FakeManilaV2,29,4,408,0.1667,0.8332,0.0229,0.0232
18,FakeManilaV2,29,5,510,0.1686,0.8312,0.002,0.002
18,FakeManilaV2,29,6,612,0.1634,0.8366,0.0052,0.0054
18,FakeManilaV2,29,7,714,0.1583,0.8416,0.0051,0.005
18,FakeManilaV2,29,8,816,0.1593,0.8406,0.0011,0.001
18,FakeManilaV2,29,9,918,0.1569,0.8431,0.0025,0.0025
18,FakeManilaV2,29,10,1024,0.1553,0.8445,0.0016,0.0014
18,FakeManilaV2,30,1,102,0.1569,0.8431,1.0,1.0
18,FakeManilaV2,30,2,204,0.1716,0.8281,0.0147,0.0151
18,FakeManilaV2,30,3,306,0.1797,0.8193,0.0082,0.0088
18,FakeManilaV2,30,4,408,0.1814,0.8165,0.0016,0.0028
18,FakeManilaV2,30,5,510,0.1824,0.8159,0.001,0.0006
18,FakeManilaV2,30,6,612,0.1683,0.8308,0.0141,0.015
18,FakeManilaV2,30,7,714,0.1569,0.8417,0.0114,0.0109
18,FakeManilaV2,30,8,816,0.152,0.847,0.0049,0.0053
18,FakeManilaV2,30,9,918,0.146,0.8534,0.006,0.0063
18,FakeManilaV2,30,10,1024,0.1484,0.8511,0.0025,0.0022
18,FakeManilaV2,31,1,102,0.1569,0.8427,1.0,1.0
18,FakeManilaV2,31,2,204,0.1373,0.862,0.0196,0.0194
18,FakeManilaV2,31,3,306,0.1373,0.8627,0.0,0.0007
18,FakeManilaV2,31,4,408,0.1422,0.8575,0.0049,0.0052
18,FakeManilaV2,31,5,510,0.1412,0.8585,0.001,0.001
18,FakeManilaV2,31,6,612,0.1471,0.8524,0.0059,0.0061
18,FakeManilaV2,31,7,714,0.1373,0.8616,0.0098,0.0092
18,FakeManilaV2,31,8,816,0.1324,0.8674,0.0049,0.0058
18,FakeManilaV2,31,9,918,0.134,0.8657,0.0016,0.0017
18,FakeManilaV2,31,10,1024,0.1348,0.8647,0.0008,0.0009
18,FakeManilaV2,32,1,102,0.1667,0.831,1.0,1.0
18,FakeManilaV2,32,2,204,0.1275,0.8721,0.0392,0.0411
18,FakeManilaV2,32,3,306,0.1503,0.8496,0.0229,0.0225
18,FakeManilaV2,32,4,408,0.1373,0.8626,0.0131,0.0131
18,FakeManilaV2,32,5,510,0.151,0.8489,0.0137,0.0137
18,FakeManilaV2,32,6,612,0.1487,0.8512,0.0023,0.0023
18,FakeManilaV2,32,7,714,0.1443,0.8555,0.0044,0.0043
18,FakeManilaV2,32,8,816,0.1507,0.8491,0.0065,0.0064
18,FakeManilaV2,32,9,918,0.1503,0.8497,0.0004,0.0005
18,FakeManilaV2,32,10,1024,0.1455,0.8545,0.0048,0.0048
18,FakeManilaV2,33,1,102,0.1569,0.8421,1.0,1.0
18,FakeManilaV2,33,2,204,0.1569,0.8429,0.0,0.0008
18,FakeManilaV2,33,3,306,0.1634,0.8361,0.0065,0.0067
18,FakeManilaV2,33,4,408,0.1593,0.8406,0.0041,0.0045
18,FakeManilaV2,33,5,510,0.1549,0.8451,0.0044,0.0045
18,FakeManilaV2,33,6,612,0.1552,0.8445,0.0003,0.0006
18,FakeManilaV2,33,7,714,0.1569,0.8427,0.0016,0.0018
18,FakeManilaV2,33,8,816,0.152,0.8475,0.0049,0.0048
18,FakeManilaV2,33,9,918,0.1536,0.8456,0.0016,0.0018
18,FakeManilaV2,33,10,1024,0.1533,0.8459,0.0003,0.0003
18,FakeManilaV2,34,1,102,0.1569,0.8403,1.0,1.0
18,FakeManilaV2,34,2,204,0.1716,0.8276,0.0147,0.0127
18,FakeManilaV2,34,3,306,0.1667,0.8333,0.0049,0.0058
18,FakeManilaV2,34,4,408,0.1716,0.8284,0.0049,0.0049
18,FakeManilaV2,34,5,510,0.1588,0.8409,0.0127,0.0126
18,FakeManilaV2,34,6,612,0.1601,0.8387,0.0013,0.0022
18,FakeManilaV2,34,7,714,0.1625,0.8369,0.0023,0.0018
18,FakeManilaV2,34,8,816,0.1556,0.844,0.0068,0.0071
18,FakeManilaV2,34,9,918,0.1503,0.8493,0.0053,0.0053
18,FakeManilaV2,34,10,1024,0.1475,0.8523,0.0029,0.003
18,FakeManilaV2,35,1,102,0.1176,0.8822,1.0,1.0
18,FakeManilaV2,35,2,204,0.152,0.8475,0.0343,0.0348
18,FakeManilaV2,35,3,306,0.1373,0.8625,0.0147,0.0151
18,FakeManilaV2,35,4,408,0.1495,0.85,0.0123,0.0126
18,FakeManilaV2,35,5,510,0.149,0.8503,0.0005,0.0003
18,FakeManilaV2,35,6,612,0.1503,0.8495,0.0013,0.0009
18,FakeManilaV2,35,7,714,0.1499,0.8499,0.0005,0.0004
18,FakeManilaV2,35,8,816,0.152,0.8479,0.0021,0.002
18,FakeManilaV2,35,9,918,0.1514,0.8485,0.0005,0.0006
18,FakeManilaV2,35,10,1024,0.1582,0.8415,0.0068,0.007
18,FakeManilaV2,36,1,102,0.1667,0.8319,1.0,1.0
18,FakeManilaV2,36,2,204,0.1716,0.8284,0.0049,0.0035
18,FakeManilaV2,36,3,306,0.1863,0.8132,0.0147,0.0153
18,FakeManilaV2,36,4,408,0.1642,0.835,0.0221,0.0218
18,FakeManilaV2,36,5,510,0.1549,0.8437,0.0093,0.0087
18,FakeManilaV2,36,6,612,0.1487,0.8496,0.0062,0.0059
18,FakeManilaV2,36,7,714,0.1499,0.8489,0.0012,0.0007
18,FakeManilaV2,36,8,816,0.152,0.8472,0.0021,0.0017
18,FakeManilaV2,36,9,918,0.1503,0.8493,0.0016,0.0021
18,FakeManilaV2,36,10,1024,0.1475,0.8522,0.0029,0.0029
18,FakeManilaV2,37,1,102,0.1176,0.8819,1.0,1.0
18,FakeManilaV2,37,2,204,0.098,0.8993,0.0196,0.0174
18,FakeManilaV2,37,3,306,0.098,0.9005,0.0,0.0012
18,FakeManilaV2,37,4,408,0.1275,0.8719,0.0294,0.0287
18,FakeManilaV2,37,5,510,0.1196,0.8798,0.0078,0.008
18,FakeManilaV2,37,6,612,0.1373,0.8618,0.0176,0.018
18,FakeManilaV2,37,7,714,0.1373,0.8624,0.0,0.0006
18,FakeManilaV2,37,8,816,0.136,0.8637,0.0012,0.0012
18,FakeManilaV2,37,9,918,0.1383,0.8612,0.0023,0.0024
18,FakeManilaV2,37,10,1024,0.1348,0.8651,0.0036,0.0039
18,FakeManilaV2,38,1,102,0.1667,0.8331,1.0,1.0
18,FakeManilaV2,38,2,204,0.1961,0.8038,0.0294,0.0293
18,FakeManilaV2,38,3,306,0.1699,0.8299,0.0261,0.0261
18,FakeManilaV2,38,4,408,0.1618,0.8381,0.0082,0.0081
18,FakeManilaV2,38,5,510,0.1667,0.8331,0.0049,0.005
18,FakeManilaV2,38,6,612,0.1601,0.8396,0.0065,0.0065
18,FakeManilaV2,38,7,714,0.1611,0.8389,0.0009,0.0007
18,FakeManilaV2,38,8,816,0.163,0.837,0.0019,0.0019
18,FakeManilaV2,38,9,918,0.1569,0.8431,0.0061,0.0062
18,FakeManilaV2,38,10,1024,0.1533,0.8467,0.0035,0.0036
18,FakeManilaV2,39,1,102,0.1667,0.831,1.0,1.0
18,FakeManilaV2,39,2,204,0.1471,0.8527,0.0196,0.0217
18,FakeManilaV2,39,3,306,0.1471,0.8529,0.0,0.0002
18,FakeManilaV2,39,4,408,0.1373,0.8627,0.0098,0.0098
18,FakeManilaV2,39,5,510,0.1353,0.8647,0.002,0.002
18,FakeManilaV2,39,6,612,0.1454,0.8546,0.0101,0.0101
18,FakeManilaV2,39,7,714,0.1499,0.8501,0.0044,0.0044
18,FakeManilaV2,39,8,816,0.1409,0.859,0.0089,0.0089
18,FakeManilaV2,39,9,918,0.1373,0.8626,0.0037,0.0036
18,FakeManilaV2,39,10,1024,0.1357,0.8643,0.0015,0.0016
18,FakeManilaV2,40,1,102,0.2157,0.7743,1.0,1.0
18,FakeManilaV2,40,2,204,0.1814,0.8147,0.0343,0.0405
18,FakeManilaV2,40,3,306,0.1863,0.811,0.0049,0.0038
18,FakeManilaV2,40,4,408,0.1716,0.8268,0.0147,0.0158
18,FakeManilaV2,40,5,510,0.1667,0.8327,0.0049,0.0059
18,FakeManilaV2,40,6,612,0.1634,0.8357,0.0033,0.003
18,FakeManilaV2,40,7,714,0.1569,0.8423,0.0065,0.0066
18,FakeManilaV2,40,8,816,0.1679,0.8312,0.011,0.0111
18,FakeManilaV2,40,9,918,0.171,0.8277,0.0031,0.0035
18,FakeManilaV2,40,10,1024,0.166,0.8325,0.005,0.0048
18,FakeManilaV2,41,1,102,0.1176,0.8824,1.0,1.0
18,FakeManilaV2,41,2,204,0.1471,0.8529,0.0294,0.0294
18,FakeManilaV2,41,3,306,0.1144,0.8851,0.0327,0.0322
18,FakeManilaV2,41,4,408,0.1176,0.8814,0.0033,0.0037
18,FakeManilaV2,41,5,510,0.1216,0.8779,0.0039,0.0035
18,FakeManilaV2,41,6,612,0.1275,0.8725,0.0059,0.0054
18,FakeManilaV2,41,7,714,0.1289,0.871,0.0014,0.0015
18,FakeManilaV2,41,8,816,0.1409,0.8586,0.0121,0.0123
18,FakeManilaV2,41,9,918,0.1405,0.8591,0.0004,0.0005
18,FakeManilaV2,41,10,1024,0.1455,0.8543,0.005,0.0048
18,FakeManilaV2,42,1,102,0.1078,0.8921,1.0,1.0
18,FakeManilaV2,42,2,204,0.1324,0.8671,0.0245,0.025
18,FakeManilaV2,42,3,306,0.1144,0.8856,0.018,0.0185
18,FakeManilaV2,42,4,408,0.1225,0.8774,0.0082,0.0082
18,FakeManilaV2,42,5,510,0.1216,0.8783,0.001,0.0009
18,FakeManilaV2,42,6,612,0.1209,0.879,0.0007,0.0007
18,FakeManilaV2,42,7,714,0.1218,0.8781,0.0009,0.0009
18,FakeManilaV2,42,8,816,0.1176,0.882,0.0042,0.0039
18,FakeManilaV2,42,9,918,0.1166,0.8828,0.0011,0.0008
18,FakeManilaV2,42,10,1024,0.1201,0.8794,0.0036,0.0034
18,FakeManilaV2,43,1,102,0.1765,0.8225,1.0,1.0
18,FakeManilaV2,43,2,204,0.1618,0.837,0.0147,0.0145
18,FakeManilaV2,43,3,306,0.1438,0.8552,0.018,0.0182
18,FakeManilaV2,43,4,408,0.1324,0.8666,0.0114,0.0115
18,FakeManilaV2,43,5,510,0.1216,0.878,0.0108,0.0113
18,FakeManilaV2,43,6,612,0.1242,0.8749,0.0026,0.0031
18,FakeManilaV2,43,7,714,0.1303,0.8694,0.0061,0.0055
18,FakeManilaV2,43,8,816,0.1397,0.8598,0.0095,0.0095
18,FakeManilaV2,43,9,918,0.1438,0.856,0.0041,0.0038
18,FakeManilaV2,43,10,1024,0.1416,0.8584,0.0022,0.0024
18,FakeManilaV2,44,1,102,0.1569,0.8427,1.0,1.0
18,FakeManilaV2,44,2,204,0.1373,0.8623,0.0196,0.0196
18,FakeManilaV2,44,3,306,0.1307,0.869,0.0065,0.0067
18,FakeManilaV2,44,4,408,0.1348,0.865,0.0041,0.004
18,FakeManilaV2,44,5,510,0.1353,0.8645,0.0005,0.0005
18,FakeManilaV2,44,6,612,0.1356,0.8644,0.0003,0.0001
18,FakeManilaV2,44,7,714,0.1345,0.8655,0.0012,0.0011
18,FakeManilaV2,44,8,816,0.1324,0.8676,0.0021,0.0022
18,FakeManilaV2,44,9,918,0.1275,0.8725,0.0049,0.0049
18,FakeManilaV2,44,10,1024,0.1328,0.8672,0.0054,0.0054
18,FakeManilaV2,45,1,102,0.0784,0.9206,1.0,1.0
18,FakeManilaV2,45,2,204,0.1127,0.8857,0.0343,0.0349
18,FakeManilaV2,45,3,306,0.0948,0.9051,0.018,0.0194
18,FakeManilaV2,45,4,408,0.1005,0.8995,0.0057,0.0056
18,FakeManilaV2,45,5,510,0.1078,0.8922,0.0074,0.0073
18,FakeManilaV2,45,6,612,0.1095,0.8905,0.0016,0.0016
18,FakeManilaV2,45,7,714,0.112,0.8879,0.0026,0.0026
18,FakeManilaV2,45,8,816,0.1127,0.8872,0.0007,0.0007
18,FakeManilaV2,45,9,918,0.1166,0.8834,0.0038,0.0038
18,FakeManilaV2,45,10,1024,0.1172,0.8828,0.0006,0.0006
18,FakeManilaV2,46,1,102,0.1569,0.8403,1.0,1.0
18,FakeManilaV2,46,2,204,0.1471,0.8519,0.0098,0.0116
18,FakeManilaV2,46,3,306,0.1438,0.856,0.0033,0.0041
18,FakeManilaV2,46,4,408,0.1446,0.8554,0.0008,0.0006
18,FakeManilaV2,46,5,510,0.1392,0.8608,0.0054,0.0054
18,FakeManilaV2,46,6,612,0.1307,0.8692,0.0085,0.0084
18,FakeManilaV2,46,7,714,0.1317,0.8683,0.0009,0.0008
18,FakeManilaV2,46,8,816,0.1299,0.8701,0.0018,0.0017
18,FakeManilaV2,46,9,918,0.1318,0.8681,0.0019,0.002
18,FakeManilaV2,46,10,1024,0.1289,0.871,0.0029,0.0029
18,FakeManilaV2,47,1,102,0.1176,0.8784,1.0,1.0
18,FakeManilaV2,47,2,204,0.1029,0.8955,0.0147,0.0171
18,FakeManilaV2,47,3,306,0.1176,0.8876,0.0147,0.008
18,FakeManilaV2,47,4,408,0.1176,0.883,0.0,0.0046
18,FakeManilaV2,47,5,510,0.1196,0.8784,0.002,0.0046
18,FakeManilaV2,47,6,612,0.1225,0.8768,0.0029,0.0016
18,FakeManilaV2,47,7,714,0.119,0.8807,0.0035,0.0039
18,FakeManilaV2,47,8,816,0.1225,0.8774,0.0035,0.0033
18,FakeManilaV2,47,9,918,0.1242,0.8758,0.0016,0.0016
18,FakeManilaV2,47,10,1024,0.124,0.876,0.0002,0.0002
18,FakeManilaV2,48,1,102,0.0882,0.9096,1.0,1.0
18,FakeManilaV2,48,2,204,0.1225,0.8774,0.0343,0.0322
18,FakeManilaV2,48,3,306,0.1307,0.8692,0.0082,0.0082
18,FakeManilaV2,48,4,408,0.1324,0.8672,0.0016,0.002
18,FakeManilaV2,48,5,510,0.1392,0.8597,0.0069,0.0075
18,FakeManilaV2,48,6,612,0.1389,0.8608,0.0003,0.0011
18,FakeManilaV2,48,7,714,0.1359,0.8634,0.003,0.0027
18,FakeManilaV2,48,8,816,0.1275,0.8718,0.0084,0.0083
18,FakeManilaV2,48,9,918,0.1307,0.8687,0.0033,0.0031
18,FakeManilaV2,48,10,1024,0.1387,0.8608,0.008,0.0079
18,FakeManilaV2,49,1,102,0.1471,0.8516,1.0,1.0
18,FakeManilaV2,49,2,204,0.152,0.8472,0.0049,0.0044
18,FakeManilaV2,49,3,306,0.1438,0.8562,0.0082,0.009
18,FakeManilaV2,49,4,408,0.1569,0.8426,0.0131,0.0136
18,FakeManilaV2,49,5,510,0.1471,0.8528,0.0098,0.0103
18,FakeManilaV2,49,6,612,0.1471,0.8529,0.0,0.0001
18,FakeManilaV2,49,7,714,0.1513,0.8487,0.0042,0.0042
18,FakeManilaV2,49,8,816,0.1495,0.8505,0.0018,0.0018
18,FakeManilaV2,49,9,918,0.1547,0.8453,0.0052,0.0052
18,FakeManilaV2,49,10,1024,0.1592,0.8408,0.0045,0.0045
18,FakeManilaV2,50,1,102,0.1765,0.8234,1.0,1.0
18,FakeManilaV2,50,2,204,0.1961,0.8037,0.0196,0.0198
18,FakeManilaV2,50,3,306,0.1699,0.8299,0.0261,0.0263
18,FakeManilaV2,50,4,408,0.1691,0.8308,0.0008,0.0009
18,FakeManilaV2,50,5,510,0.1647,0.835,0.0044,0.0042
18,FakeManilaV2,50,6,612,0.1569,0.8431,0.0078,0.0081
18,FakeManilaV2,50,7,714,0.1513,0.8487,0.0056,0.0057
18,FakeManilaV2,50,8,816,0.1495,0.8504,0.0018,0.0016
18,FakeManilaV2,50,9,918,0.1536,0.8464,0.0041,0.004
18,FakeManilaV2,50,10,1024,0.1572,0.8428,0.0036,0.0036
18,FakeManilaV2,51,1,102,0.1373,0.8753,1.0,1.0
18,FakeManilaV2,51,2,204,0.1422,0.8553,0.0049,0.02
18,FakeManilaV2,51,3,306,0.1373,0.861,0.0049,0.0057
18,FakeManilaV2,51,4,408,0.1348,0.8648,0.0025,0.0038
18,FakeManilaV2,51,5,510,0.151,0.8487,0.0162,0.0161
18,FakeManilaV2,51,6,612,0.1585,0.8414,0.0075,0.0073
18,FakeManilaV2,51,7,714,0.1597,0.8402,0.0012,0.0012
18,FakeManilaV2,51,8,816,0.1593,0.8406,0.0004,0.0004
18,FakeManilaV2,51,9,918,0.1612,0.8386,0.0019,0.002
18,FakeManilaV2,51,10,1024,0.1514,0.8484,0.0099,0.0098
18,FakeManilaV2,52,1,102,0.1569,0.8421,1.0,1.0
18,FakeManilaV2,52,2,204,0.1324,0.8661,0.0245,0.024
18,FakeManilaV2,52,3,306,0.1242,0.8758,0.0082,0.0097
18,FakeManilaV2,52,4,408,0.1078,0.8918,0.0163,0.0161
18,FakeManilaV2,52,5,510,0.1059,0.8934,0.002,0.0016
18,FakeManilaV2,52,6,612,0.1176,0.8813,0.0118,0.0121
18,FakeManilaV2,52,7,714,0.119,0.8803,0.0014,0.0009
18,FakeManilaV2,52,8,816,0.125,0.8747,0.006,0.0057
18,FakeManilaV2,52,9,918,0.1253,0.8744,0.0003,0.0002
18,FakeManilaV2,52,10,1024,0.1299,0.8698,0.0046,0.0047
18,FakeManilaV2,53,1,102,0.1373,0.8617,1.0,1.0
18,FakeManilaV2,53,2,204,0.1863,0.8135,0.049,0.0483
18,FakeManilaV2,53,3,306,0.1634,0.8358,0.0229,0.0223
18,FakeManilaV2,53,4,408,0.1397,0.8598,0.0237,0.024
18,FakeManilaV2,53,5,510,0.1353,0.8639,0.0044,0.0041
18,FakeManilaV2,53,6,612,0.1307,0.8692,0.0046,0.0053
18,FakeManilaV2,53,7,714,0.1317,0.8683,0.0009,0.0009
18,FakeManilaV2,53,8,816,0.1299,0.8701,0.0018,0.0017
18,FakeManilaV2,53,9,918,0.1318,0.8682,0.0019,0.0019
18,FakeManilaV2,53,10,1024,0.1309,0.8691,0.0009,0.0009
18,FakeManilaV2,54,1,102,0.1078,0.8919,1.0,1.0
18,FakeManilaV2,54,2,204,0.1275,0.8712,0.0196,0.0207
18,FakeManilaV2,54,3,306,0.1438,0.8541,0.0163,0.0171
18,FakeManilaV2,54,4,408,0.1544,0.8439,0.0106,0.0102
18,FakeManilaV2,54,5,510,0.1627,0.8357,0.0083,0.0082
18,FakeManilaV2,54,6,612,0.1569,0.8413,0.0059,0.0056
18,FakeManilaV2,54,7,714,0.1513,0.8481,0.0056,0.0068
18,FakeManilaV2,54,8,816,0.1507,0.8487,0.0005,0.0006
18,FakeManilaV2,54,9,918,0.1547,0.8451,0.0039,0.0036
18,FakeManilaV2,54,10,1024,0.1562,0.8436,0.0016,0.0014
18,FakeManilaV2,55,1,102,0.1667,0.831,1.0,1.0
18,FakeManilaV2,55,2,204,0.1569,0.8431,0.0098,0.0121
18,FakeManilaV2,55,3,306,0.1601,0.8387,0.0033,0.0044
18,FakeManilaV2,55,4,408,0.1446,0.8537,0.0155,0.015
18,FakeManilaV2,55,5,510,0.1471,0.8509,0.0025,0.0028
18,FakeManilaV2,55,6,612,0.134,0.8645,0.0131,0.0137
18,FakeManilaV2,55,7,714,0.1359,0.8634,0.0019,0.0011
18,FakeManilaV2,55,8,816,0.1348,0.8646,0.0011,0.0012
18,FakeManilaV2,55,9,918,0.1351,0.8644,0.0003,0.0002
18,FakeManilaV2,55,10,1024,0.1357,0.864,0.0007,0.0004
18,FakeManilaV2,56,1,102,0.2353,0.7627,1.0,1.0
18,FakeManilaV2,56,2,204,0.1569,0.843,0.0784,0.0803
18,FakeManilaV2,56,3,306,0.1471,0.8529,0.0098,0.0098
18,FakeManilaV2,56,4,408,0.1471,0.8527,0.0,0.0002
18,FakeManilaV2,56,5,510,0.149,0.8503,0.002,0.0024
18,FakeManilaV2,56,6,612,0.1487,0.8505,0.0003,0.0001
18,FakeManilaV2,56,7,714,0.1527,0.8464,0.004,0.0041
18,FakeManilaV2,56,8,816,0.1569,0.8421,0.0042,0.0043
18,FakeManilaV2,56,9,918,0.1612,0.8382,0.0044,0.0039
18,FakeManilaV2,56,10,1024,0.1562,0.8436,0.005,0.0054
18,FakeManilaV2,57,1,102,0.098,0.9015,1.0,1.0
18,FakeManilaV2,57,2,204,0.1029,0.8965,0.0049,0.005
18,FakeManilaV2,57,3,306,0.1209,0.8791,0.018,0.0174
18,FakeManilaV2,57,4,408,0.125,0.8749,0.0041,0.0042
18,FakeManilaV2,57,5,510,0.1412,0.8588,0.0162,0.0162
18,FakeManilaV2,57,6,612,0.1324,0.8675,0.0088,0.0087
18,FakeManilaV2,57,7,714,0.1317,0.8682,0.0007,0.0007
18,FakeManilaV2,57,8,816,0.1348,0.8652,0.0032,0.003
18,FakeManilaV2,57,9,918,0.1416,0.8584,0.0068,0.0068
18,FakeManilaV2,57,10,1024,0.1436,0.8564,0.0019,0.0019
18,FakeManilaV2,58,1,102,0.2059,0.7938,1.0,1.0
18,FakeManilaV2,58,2,204,0.201,0.799,0.0049,0.0051
18,FakeManilaV2,58,3,306,0.1601,0.8389,0.0408,0.04
18,FakeManilaV2,58,4,408,0.1471,0.8528,0.0131,0.0138
18,FakeManilaV2,58,5,510,0.1471,0.8528,0.0,0.0001
18,FakeManilaV2,58,6,612,0.1487,0.8512,0.0016,0.0016
18,FakeManilaV2,58,7,714,0.1527,0.8473,0.004,0.0039
18,FakeManilaV2,58,8,816,0.1569,0.8431,0.0042,0.0042
18,FakeManilaV2,58,9,918,0.158,0.842,0.0011,0.0011
18,FakeManilaV2,58,10,1024,0.1592,0.8408,0.0012,0.0012
18,FakeManilaV2,59,1,102,0.1373,0.8626,1.0,1.0
18,FakeManilaV2,59,2,204,0.1275,0.8724,0.0098,0.0098
18,FakeManilaV2,59,3,306,0.1176,0.8821,0.0098,0.0096
18,FakeManilaV2,59,4,408,0.1446,0.8553,0.027,0.0267
18,FakeManilaV2,59,5,510,0.1569,0.843,0.0123,0.0124
18,FakeManilaV2,59,6,612,0.1536,0.8464,0.0033,0.0034
18,FakeManilaV2,59,7,714,0.1457,0.8542,0.0079,0.0078
18,FakeManilaV2,59,8,816,0.1446,0.8551,0.0011,0.001
18,FakeManilaV2,59,9,918,0.1438,0.8561,0.0008,0.001
18,FakeManilaV2,59,10,1024,0.1455,0.8545,0.0017,0.0016
18,FakeManilaV2,60,1,102,0.1176,0.8819,1.0,1.0
18,FakeManilaV2,60,2,204,0.1422,0.8575,0.0245,0.0244
18,FakeManilaV2,60,3,306,0.134,0.8659,0.0082,0.0084
18,FakeManilaV2,60,4,408,0.1299,0.8698,0.0041,0.0039
18,FakeManilaV2,60,5,510,0.1353,0.8639,0.0054,0.0059
18,FakeManilaV2,60,6,612,0.1356,0.8635,0.0003,0.0004
18,FakeManilaV2,60,7,714,0.1401,0.8594,0.0044,0.0041
18,FakeManilaV2,60,8,816,0.1422,0.8572,0.0021,0.0022
18,FakeManilaV2,60,9,918,0.1427,0.8568,0.0005,0.0004
18,FakeManilaV2,60,10,1024,0.1426,0.8569,0.0001,0.0001
18,FakeManilaV2,61,1,102,0.1176,0.8876,1.0,1.0
18,FakeManilaV2,61,2,204,0.1029,0.8969,0.0147,0.0093
18,FakeManilaV2,61,3,306,0.1471,0.8522,0.0441,0.0447
18,FakeManilaV2,61,4,408,0.152,0.8473,0.0049,0.0049
18,FakeManilaV2,61,5,510,0.1569,0.8428,0.0049,0.0046
18,FakeManilaV2,61,6,612,0.1503,0.8495,0.0065,0.0067
18,FakeManilaV2,61,7,714,0.1457,0.8542,0.0047,0.0047
18,FakeManilaV2,61,8,816,0.1483,0.8516,0.0026,0.0026
18,FakeManilaV2,61,9,918,0.1481,0.8517,0.0001,0.0001
18,FakeManilaV2,61,10,1024,0.1504,0.8495,0.0022,0.0022
18,FakeManilaV2,62,1,102,0.1176,0.8806,1.0,1.0
18,FakeManilaV2,62,2,204,0.152,0.8464,0.0343,0.0342
18,FakeManilaV2,62,3,306,0.1601,0.8389,0.0082,0.0075
18,FakeManilaV2,62,4,408,0.1593,0.8396,0.0008,0.0006
18,FakeManilaV2,62,5,510,0.149,0.8502,0.0103,0.0106
18,FakeManilaV2,62,6,612,0.1487,0.8505,0.0003,0.0002
18,FakeManilaV2,62,7,714,0.1471,0.8522,0.0016,0.0018
18,FakeManilaV2,62,8,816,0.1507,0.8491,0.0037,0.0032
18,FakeManilaV2,62,9,918,0.1481,0.8518,0.0026,0.0027
18,FakeManilaV2,62,10,1024,0.1465,0.8534,0.0017,0.0016
18,FakeManilaV2,63,1,102,0.1471,0.8495,1.0,1.0
18,FakeManilaV2,63,2,204,0.1275,0.8719,0.0196,0.0223
18,FakeManilaV2,63,3,306,0.1503,0.8491,0.0229,0.0228
18,FakeManilaV2,63,4,408,0.1642,0.8357,0.0139,0.0134
18,FakeManilaV2,63,5,510,0.1529,0.8464,0.0113,0.0107
18,FakeManilaV2,63,6,612,0.1438,0.8555,0.0092,0.0091
18,FakeManilaV2,63,7,714,0.1401,0.8597,0.0037,0.0042
18,FakeManilaV2,63,8,816,0.1483,0.8512,0.0082,0.0085
18,FakeManilaV2,63,9,918,0.1481,0.8514,0.0001,0.0003
18,FakeManilaV2,63,10,1024,0.1426,0.8571,0.0056,0.0057
18,FakeManilaV2,64,1,102,0.1373,0.861,1.0,1.0
18,FakeManilaV2,64,2,204,0.1471,0.8529,0.0098,0.008
18,FakeManilaV2,64,3,306,0.1471,0.8529,0.0,0.0
18,FakeManilaV2,64,4,408,0.1446,0.8552,0.0025,0.0022
18,FakeManilaV2,64,5,510,0.1451,0.8549,0.0005,0.0003
18,FakeManilaV2,64,6,612,0.152,0.848,0.0069,0.0069
18,FakeManilaV2,64,7,714,0.1583,0.8417,0.0063,0.0063
18,FakeManilaV2,64,8,816,0.1556,0.8444,0.0026,0.0027
18,FakeManilaV2,64,9,918,0.1481,0.8519,0.0075,0.0075
18,FakeManilaV2,64,10,1024,0.1494,0.8506,0.0013,0.0013
18,FakeManilaV2,65,1,102,0.1078,0.8915,1.0,1.0
18,FakeManilaV2,65,2,204,0.1373,0.8626,0.0294,0.0288
18,FakeManilaV2,65,3,306,0.1307,0.8693,0.0065,0.0066
18,FakeManilaV2,65,4,408,0.1348,0.8652,0.0041,0.0041
18,FakeManilaV2,65,5,510,0.1471,0.8528,0.0123,0.0124
18,FakeManilaV2,65,6,612,0.1471,0.8528,0.0,0.0
18,FakeManilaV2,65,7,714,0.1527,0.8473,0.0056,0.0054
18,FakeManilaV2,65,8,816,0.1483,0.8515,0.0044,0.0041
18,FakeManilaV2,65,9,918,0.1492,0.8507,0.001,0.0008
18,FakeManilaV2,65,10,1024,0.1504,0.8496,0.0012,0.0011
18,FakeManilaV2,66,1,102,0.1961,0.7941,1.0,1.0
18,FakeManilaV2,66,2,204,0.152,0.846,0.0441,0.0519
18,FakeManilaV2,66,3,306,0.1405,0.859,0.0114,0.013
18,FakeManilaV2,66,4,408,0.1275,0.8716,0.0131,0.0126
18,FakeManilaV2,66,5,510,0.1392,0.8605,0.0118,0.011
18,FakeManilaV2,66,6,612,0.1471,0.8526,0.0078,0.008
18,FakeManilaV2,66,7,714,0.1485,0.8505,0.0014,0.002
18,FakeManilaV2,66,8,816,0.1471,0.8518,0.0014,0.0013
18,FakeManilaV2,66,9,918,0.1536,0.8455,0.0065,0.0063
18,FakeManilaV2,66,10,1024,0.1533,0.846,0.0003,0.0005
18,FakeManilaV2,67,1,102,0.1569,0.8403,1.0,1.0
18,FakeManilaV2,67,2,204,0.152,0.8468,0.0049,0.0066
18,FakeManilaV2,67,3,306,0.1471,0.8518,0.0049,0.005
18,FakeManilaV2,67,4,408,0.1471,0.8521,0.0,0.0003
18,FakeManilaV2,67,5,510,0.149,0.8507,0.002,0.0014
18,FakeManilaV2,67,6,612,0.1536,0.8463,0.0046,0.0044
18,FakeManilaV2,67,7,714,0.1555,0.8445,0.0019,0.0018
18,FakeManilaV2,67,8,816,0.1446,0.8554,0.0109,0.0109
18,FakeManilaV2,67,9,918,0.1492,0.8507,0.0046,0.0047
18,FakeManilaV2,67,10,1024,0.1484,0.8516,0.0008,0.0008
18,FakeManilaV2,68,1,102,0.2059,0.7938,1.0,1.0
18,FakeManilaV2,68,2,204,0.1863,0.8123,0.0196,0.0184
18,FakeManilaV2,68,3,306,0.1601,0.8396,0.0261,0.0273
18,FakeManilaV2,68,4,408,0.1471,0.8529,0.0131,0.0133
18,FakeManilaV2,68,5,510,0.1412,0.8587,0.0059,0.0057
18,FakeManilaV2,68,6,612,0.1438,0.856,0.0026,0.0027
18,FakeManilaV2,68,7,714,0.1471,0.8528,0.0033,0.0032
18,FakeManilaV2,68,8,816,0.1434,0.8561,0.0037,0.0034
18,FakeManilaV2,68,9,918,0.1416,0.8579,0.0018,0.0018
18,FakeManilaV2,68,10,1024,0.1416,0.8582,0.0,0.0003
18,FakeManilaV2,69,1,102,0.1471,0.8507,1.0,1.0
18,FakeManilaV2,69,2,204,0.1324,0.8673,0.0147,0.0167
18,FakeManilaV2,69,3,306,0.1242,0.8755,0.0082,0.0082
18,FakeManilaV2,69,4,408,0.1348,0.8652,0.0106,0.0103
18,FakeManilaV2,69,5,510,0.1373,0.8625,0.0025,0.0027
18,FakeManilaV2,69,6,612,0.1422,0.8575,0.0049,0.005
18,FakeManilaV2,69,7,714,0.1513,0.8486,0.0091,0.0089
18,FakeManilaV2,69,8,816,0.1495,0.8499,0.0018,0.0014
18,FakeManilaV2,69,9,918,0.1503,0.8492,0.0008,0.0007
18,FakeManilaV2,69,10,1024,0.1455,0.8543,0.0048,0.0051
18,FakeManilaV2,70,1,102,0.1373,0.8626,1.0,1.0
18,FakeManilaV2,70,2,204,0.1569,0.839,0.0196,0.0236
18,FakeManilaV2,70,3,306,0.1536,0.8425,0.0033,0.0035
18,FakeManilaV2,70,4,408,0.1593,0.8385,0.0057,0.004
18,FakeManilaV2,70,5,510,0.1725,0.8263,0.0132,0.0122
18,FakeManilaV2,70,6,612,0.165,0.8341,0.0075,0.0078
18,FakeManilaV2,70,7,714,0.1639,0.8356,0.0012,0.0015
18,FakeManilaV2,70,8,816,0.1556,0.8441,0.0082,0.0085
18,FakeManilaV2,70,9,918,0.1558,0.844,0.0001,0.0001
18,FakeManilaV2,70,10,1024,0.1543,0.8455,0.0015,0.0015
18,FakeManilaV2,71,1,102,0.1471,0.8516,1.0,1.0
18,FakeManilaV2,71,2,204,0.1225,0.8763,0.0245,0.0247
18,FakeManilaV2,71,3,306,0.1078,0.8893,0.0147,0.013
18,FakeManilaV2,71,4,408,0.1324,0.8659,0.0245,0.0234
18,FakeManilaV2,71,5,510,0.1275,0.8719,0.0049,0.006
18,FakeManilaV2,71,6,612,0.1307,0.8687,0.0033,0.0032
18,FakeManilaV2,71,7,714,0.1303,0.8691,0.0005,0.0004
18,FakeManilaV2,71,8,816,0.1299,0.8697,0.0004,0.0006
18,FakeManilaV2,71,9,918,0.1253,0.8742,0.0046,0.0046
18,FakeManilaV2,71,10,1024,0.124,0.8756,0.0012,0.0014
18,FakeManilaV2,72,1,102,0.1176,0.8819,1.0,1.0
18,FakeManilaV2,72,2,204,0.1078,0.8922,0.0098,0.0102
18,FakeManilaV2,72,3,306,0.1275,0.872,0.0196,0.0201
18,FakeManilaV2,72,4,408,0.1348,0.8652,0.0074,0.0069
18,FakeManilaV2,72,5,510,0.1471,0.8529,0.0123,0.0122
18,FakeManilaV2,72,6,612,0.1503,0.8496,0.0033,0.0033
18,FakeManilaV2,72,7,714,0.1513,0.8483,0.0009,0.0013
18,FakeManilaV2,72,8,816,0.1483,0.851,0.003,0.0028
18,FakeManilaV2,72,9,918,0.1492,0.8502,0.001,0.0009
18,FakeManilaV2,72,10,1024,0.1523,0.8472,0.0031,0.003
18,FakeManilaV2,73,1,102,0.1569,0.843,1.0,1.0
18,FakeManilaV2,73,2,204,0.1618,0.8382,0.0049,0.0049
18,FakeManilaV2,73,3,306,0.1699,0.8301,0.0082,0.0081
18,FakeManilaV2,73,4,408,0.1569,0.8427,0.0131,0.0126
18,FakeManilaV2,73,5,510,0.149,0.8503,0.0078,0.0076
18,FakeManilaV2,73,6,612,0.1454,0.8545,0.0036,0.0042
18,FakeManilaV2,73,7,714,0.1457,0.8542,0.0002,0.0003
18,FakeManilaV2,73,8,816,0.1409,0.859,0.0047,0.0048
18,FakeManilaV2,73,9,918,0.1438,0.8561,0.0029,0.0029
18,FakeManilaV2,73,10,1024,0.1455,0.8545,0.0017,0.0017
18,FakeManilaV2,74,1,102,0.1176,0.8822,1.0,1.0
18,FakeManilaV2,74,2,204,0.1176,0.8814,0.0,0.0009
18,FakeManilaV2,74,3,306,0.1176,0.8811,0.0,0.0002
18,FakeManilaV2,74,4,408,0.1201,0.877,0.0025,0.0041
18,FakeManilaV2,74,5,510,0.1294,0.8686,0.0093,0.0084
18,FakeManilaV2,74,6,612,0.1225,0.8763,0.0069,0.0077
18,FakeManilaV2,74,7,714,0.1289,0.8704,0.0063,0.0059
18,FakeManilaV2,74,8,816,0.1225,0.8771,0.0063,0.0066
18,FakeManilaV2,74,9,918,0.1275,0.8722,0.0049,0.0049
18,FakeManilaV2,74,10,1024,0.1318,0.8679,0.0044,0.0042
18,FakeManilaV2,75,1,102,0.2059,0.8149,1.0,1.0
18,FakeManilaV2,75,2,204,0.152,0.846,0.0539,0.0311
18,FakeManilaV2,75,3,306,0.1438,0.8562,0.0082,0.0102
18,FakeManilaV2,75,4,408,0.1373,0.8626,0.0065,0.0064
18,FakeManilaV2,75,5,510,0.1373,0.8626,0.0,0.0001
18,FakeManilaV2,75,6,612,0.134,0.8658,0.0033,0.0032
18,FakeManilaV2,75,7,714,0.1443,0.8557,0.0103,0.0101
18,FakeManilaV2,75,8,816,0.1422,0.8578,0.0021,0.0021
18,FakeManilaV2,75,9,918,0.1438,0.8562,0.0016,0.0016
18,FakeManilaV2,75,10,1024,0.1416,0.8584,0.0022,0.0022
18,FakeManilaV2,76,1,102,0.1569,0.8427,1.0,1.0
18,FakeManilaV2,76,2,204,0.1324,0.8676,0.0245,0.0249
18,FakeManilaV2,76,3,306,0.1503,0.8496,0.018,0.018
18,FakeManilaV2,76,4,408,0.1471,0.8525,0.0033,0.0029
18,FakeManilaV2,76,5,510,0.151,0.8488,0.0039,0.0037
18,FakeManilaV2,76,6,612,0.1487,0.8513,0.0023,0.0025
18,FakeManilaV2,76,7,714,0.1541,0.8459,0.0054,0.0054
18,FakeManilaV2,76,8,816,0.1507,0.8493,0.0033,0.0034
18,FakeManilaV2,76,9,918,0.1503,0.8497,0.0004,0.0004
18,FakeManilaV2,76,10,1024,0.1514,0.8486,0.001,0.0011
18,FakeManilaV2,77,1,102,0.1176,0.8796,1.0,1.0
18,FakeManilaV2,77,2,204,0.152,0.8472,0.0343,0.0324
18,FakeManilaV2,77,3,306,0.1405,0.8575,0.0114,0.0103
18,FakeManilaV2,77,4,408,0.1422,0.8574,0.0016,0.0001
18,FakeManilaV2,77,5,510,0.151,0.8482,0.0088,0.0092
18,FakeManilaV2,77,6,612,0.1471,0.8514,0.0039,0.0032
18,FakeManilaV2,77,7,714,0.1429,0.8558,0.0042,0.0044
18,FakeManilaV2,77,8,816,0.1483,0.85,0.0054,0.0059
18,FakeManilaV2,77,9,918,0.1394,0.859,0.0089,0.009
18,FakeManilaV2,77,10,1024,0.1426,0.8563,0.0031,0.0027
18,FakeManilaV2,78,1,102,0.2255,0.772,1.0,1.0
18,FakeManilaV2,78,2,204,0.2059,0.7938,0.0196,0.0219
18,FakeManilaV2,78,3,306,0.1765,0.8229,0.0294,0.029
18,FakeManilaV2,78,4,408,0.1691,0.8308,0.0074,0.0079
18,FakeManilaV2,78,5,510,0.1725,0.827,0.0034,0.0038
18,FakeManilaV2,78,6,612,0.1601,0.8388,0.0124,0.0119
18,FakeManilaV2,78,7,714,0.1569,0.842,0.0033,0.0032
18,FakeManilaV2,78,8,816,0.1569,0.8424,0.0,0.0004
18,FakeManilaV2,78,9,918,0.1645,0.8352,0.0076,0.0072
18,FakeManilaV2,78,10,1024,0.1562,0.8435,0.0082,0.0083
18,FakeManilaV2,79,1,102,0.098,0.9019,1.0,1.0
18,FakeManilaV2,79,2,204,0.1471,0.8529,0.049,0.0489
18,FakeManilaV2,79,3,306,0.1471,0.8526,0.0,0.0004
18,FakeManilaV2,79,4,408,0.1544,0.8451,0.0074,0.0075
18,FakeManilaV2,79,5,510,0.149,0.851,0.0054,0.0059
18,FakeManilaV2,79,6,612,0.1487,0.8512,0.0003,0.0002
18,FakeManilaV2,79,7,714,0.1485,0.8515,0.0002,0.0003
18,FakeManilaV2,79,8,816,0.1458,0.8541,0.0026,0.0026
18,FakeManilaV2,79,9,918,0.1449,0.8551,0.001,0.001
18,FakeManilaV2,79,10,1024,0.1416,0.8584,0.0033,0.0032
18,FakeManilaV2,80,1,102,0.1471,0.8529,1.0,1.0
18,FakeManilaV2,80,2,204,0.1569,0.8429,0.0098,0.01
18,FakeManilaV2,80,3,306,0.1307,0.8693,0.0261,0.0264
18,FakeManilaV2,80,4,408,0.152,0.848,0.0212,0.0212
18,FakeManilaV2,80,5,510,0.1431,0.8568,0.0088,0.0088
18,FakeManilaV2,80,6,612,0.1373,0.8627,0.0059,0.0059
18,FakeManilaV2,80,7,714,0.1429,0.8571,0.0056,0.0056
18,FakeManilaV2,80,8,816,0.1483,0.8517,0.0054,0.0054
18,FakeManilaV2,80,9,918,0.1438,0.8562,0.0045,0.0045
18,FakeManilaV2,80,10,1024,0.1406,0.8594,0.0032,0.0032
18,FakeManilaV2,81,1,102,0.1078,0.8981,1.0,1.0
18,FakeManilaV2,81,2,204,0.1225,0.8732,0.0147,0.025
18,FakeManilaV2,81,3,306,0.1438,0.8547,0.0212,0.0185
18,FakeManilaV2,81,4,408,0.1544,0.8445,0.0106,0.0102
18,FakeManilaV2,81,5,510,0.1451,0.8544,0.0093,0.0099
18,FakeManilaV2,81,6,612,0.1438,0.8561,0.0013,0.0018
18,FakeManilaV2,81,7,714,0.1499,0.8501,0.0061,0.006
18,FakeManilaV2,81,8,816,0.1569,0.8431,0.007,0.007
18,FakeManilaV2,81,9,918,0.1547,0.8453,0.0022,0.0022
18,FakeManilaV2,81,10,1024,0.1553,0.8447,0.0006,0.0006
18,FakeManilaV2,82,1,102,0.1275,0.8712,1.0,1.0
18,FakeManilaV2,82,2,204,0.1176,0.8814,0.0098,0.0102
18,FakeManilaV2,82,3,306,0.1209,0.8787,0.0033,0.0027
18,FakeManilaV2,82,4,408,0.1324,0.8673,0.0114,0.0114
18,FakeManilaV2,82,5,510,0.1333,0.8666,0.001,0.0007
18,FakeManilaV2,82,6,612,0.1405,0.8591,0.0072,0.0075
18,FakeManilaV2,82,7,714,0.1401,0.8599,0.0005,0.0008
18,FakeManilaV2,82,8,816,0.1324,0.8676,0.0077,0.0077
18,FakeManilaV2,82,9,918,0.134,0.866,0.0016,0.0016
18,FakeManilaV2,82,10,1024,0.1348,0.8652,0.0008,0.0008
18,FakeManilaV2,83,1,102,0.1569,0.843,1.0,1.0
18,FakeManilaV2,83,2,204,0.1373,0.8626,0.0196,0.0196
18,FakeManilaV2,83,3,306,0.1275,0.8725,0.0098,0.0099
18,FakeManilaV2,83,4,408,0.125,0.8749,0.0025,0.0023
18,FakeManilaV2,83,5,510,0.1294,0.8704,0.0044,0.0044
18,FakeManilaV2,83,6,612,0.1275,0.8725,0.002,0.002
18,FakeManilaV2,83,7,714,0.1303,0.8697,0.0028,0.0028
18,FakeManilaV2,83,8,816,0.1262,0.8737,0.004,0.004
18,FakeManilaV2,83,9,918,0.1362,0.8636,0.0099,0.01
18,FakeManilaV2,83,10,1024,0.1396,0.8603,0.0035,0.0033
18,FakeManilaV2,84,1,102,0.2157,0.7843,1.0,1.0
18,FakeManilaV2,84,2,204,0.1765,0.8231,0.0392,0.0387
18,FakeManilaV2,84,3,306,0.1699,0.8296,0.0065,0.0065
18,FakeManilaV2,84,4,408,0.1593,0.8406,0.0106,0.011
18,FakeManilaV2,84,5,510,0.1588,0.8411,0.0005,0.0004
18,FakeManilaV2,84,6,612,0.1585,0.8414,0.0003,0.0003
18,FakeManilaV2,84,7,714,0.1527,0.8472,0.0058,0.0058
18,FakeManilaV2,84,8,816,0.1507,0.8492,0.0019,0.002
18,FakeManilaV2,84,9,918,0.1569,0.8431,0.0061,0.0061
18,FakeManilaV2,84,10,1024,0.1523,0.8476,0.0045,0.0045
18,FakeManilaV2,85,1,102,0.1765,0.8316,1.0,1.0
18,FakeManilaV2,85,2,204,0.1667,0.831,0.0098,0.0006
18,FakeManilaV2,85,3,306,0.1438,0.8556,0.0229,0.0246
18,FakeManilaV2,85,4,408,0.1422,0.8574,0.0016,0.0018
18,FakeManilaV2,85,5,510,0.1608,0.8388,0.0186,0.0186
18,FakeManilaV2,85,6,612,0.1585,0.8414,0.0023,0.0026
18,FakeManilaV2,85,7,714,0.1681,0.8319,0.0096,0.0095
18,FakeManilaV2,85,8,816,0.1556,0.8443,0.0124,0.0124
18,FakeManilaV2,85,9,918,0.159,0.841,0.0034,0.0033
18,FakeManilaV2,85,10,1024,0.1543,0.8457,0.0047,0.0047
18,FakeManilaV2,86,1,102,0.1078,0.8915,1.0,1.0
18,FakeManilaV2,86,2,204,0.1569,0.8427,0.049,0.0488
18,FakeManilaV2,86,3,306,0.1405,0.8594,0.0163,0.0168
18,FakeManilaV2,86,4,408,0.125,0.8746,0.0155,0.0152
18,FakeManilaV2,86,5,510,0.1314,0.8684,0.0064,0.0062
18,FakeManilaV2,86,6,612,0.1405,0.8595,0.0092,0.0089
18,FakeManilaV2,86,7,714,0.1373,0.8627,0.0033,0.0033
18,FakeManilaV2,86,8,816,0.1373,0.8627,0.0,0.0
18,FakeManilaV2,86,9,918,0.1383,0.8616,0.0011,0.0011
18,FakeManilaV2,86,10,1024,0.1387,0.8613,0.0003,0.0003
18,FakeManilaV2,87,1,102,0.1373,0.8627,1.0,1.0
18,FakeManilaV2,87,2,204,0.1324,0.8676,0.0049,0.0048
18,FakeManilaV2,87,3,306,0.1438,0.8562,0.0114,0.0114
18,FakeManilaV2,87,4,408,0.152,0.8479,0.0082,0.0083
18,FakeManilaV2,87,5,510,0.1392,0.8608,0.0127,0.0128
18,FakeManilaV2,87,6,612,0.1242,0.8757,0.015,0.015
18,FakeManilaV2,87,7,714,0.1232,0.8767,0.0009,0.001
18,FakeManilaV2,87,8,816,0.1275,0.8725,0.0042,0.0042
18,FakeManilaV2,87,9,918,0.1253,0.8747,0.0022,0.0021
18,FakeManilaV2,87,10,1024,0.1309,0.869,0.0056,0.0057
18,FakeManilaV2,88,1,102,0.1373,0.861,1.0,1.0
18,FakeManilaV2,88,2,204,0.1667,0.8315,0.0294,0.0295
18,FakeManilaV2,88,3,306,0.1634,0.8364,0.0033,0.0049
18,FakeManilaV2,88,4,408,0.1618,0.8382,0.0016,0.0018
18,FakeManilaV2,88,5,510,0.1588,0.8411,0.0029,0.0029
18,FakeManilaV2,88,6,612,0.1536,0.8464,0.0052,0.0052
18,FakeManilaV2,88,7,714,0.1597,0.8403,0.0061,0.0061
18,FakeManilaV2,88,8,816,0.1618,0.8382,0.0021,0.0021
18,FakeManilaV2,88,9,918,0.1601,0.8397,0.0016,0.0015
18,FakeManilaV2,88,10,1024,0.1543,0.8454,0.0058,0.0057
18,FakeManilaV2,89,1,102,0.1961,0.8028,1.0,1.0
18,FakeManilaV2,89,2,204,0.2108,0.7858,0.0147,0.017
18,FakeManilaV2,89,3,306,0.183,0.8151,0.0278,0.0293
18,FakeManilaV2,89,4,408,0.1667,0.8325,0.0163,0.0174
18,FakeManilaV2,89,5,510,0.1588,0.841,0.0078,0.0086
18,FakeManilaV2,89,6,612,0.1585,0.8414,0.0003,0.0003
18,FakeManilaV2,89,7,714,0.1569,0.8431,0.0016,0.0017
18,FakeManilaV2,89,8,816,0.1581,0.8418,0.0012,0.0014
18,FakeManilaV2,89,9,918,0.1601,0.8395,0.002,0.0023
18,FakeManilaV2,89,10,1024,0.1631,0.8365,0.003,0.003
18,FakeManilaV2,90,1,102,0.1373,0.8623,1.0,1.0
18,FakeManilaV2,90,2,204,0.1373,0.8614,0.0,0.0009
18,FakeManilaV2,90,3,306,0.134,0.8659,0.0033,0.0046
18,FakeManilaV2,90,4,408,0.1471,0.8529,0.0131,0.013
18,FakeManilaV2,90,5,510,0.1392,0.8607,0.0078,0.0078
18,FakeManilaV2,90,6,612,0.134,0.8658,0.0052,0.005
18,FakeManilaV2,90,7,714,0.1443,0.8557,0.0103,0.0101
18,FakeManilaV2,90,8,816,0.1422,0.8577,0.0021,0.002
18,FakeManilaV2,90,9,918,0.146,0.8538,0.0038,0.0039
18,FakeManilaV2,90,10,1024,0.1465,0.8534,0.0005,0.0004
18,FakeManilaV2,91,1,102,0.1078,0.8919,1.0,1.0
18,FakeManilaV2,91,2,204,0.1275,0.8724,0.0196,0.0195
18,FakeManilaV2,91,3,306,0.134,0.8649,0.0065,0.0075
18,FakeManilaV2,91,4,408,0.1422,0.8574,0.0082,0.0075
18,FakeManilaV2,91,5,510,0.1627,0.837,0.0206,0.0204
18,FakeManilaV2,91,6,612,0.1487,0.8512,0.0141,0.0142
18,FakeManilaV2,91,7,714,0.1415,0.8583,0.0072,0.007
18,FakeManilaV2,91,8,816,0.1385,0.861,0.003,0.0028
18,FakeManilaV2,91,9,918,0.1329,0.8667,0.0056,0.0057
18,FakeManilaV2,91,10,1024,0.1338,0.8658,0.0009,0.0009
18,FakeManilaV2,92,1,102,0.1471,0.8516,1.0,1.0
18,FakeManilaV2,92,2,204,0.1324,0.8673,0.0147,0.0157
18,FakeManilaV2,92,3,306,0.1373,0.8612,0.0049,0.0061
18,FakeManilaV2,92,4,408,0.1397,0.8598,0.0025,0.0015
18,FakeManilaV2,92,5,510,0.1431,0.8567,0.0034,0.0031
18,FakeManilaV2,92,6,612,0.1389,0.8611,0.0042,0.0044
18,FakeManilaV2,92,7,714,0.1415,0.8585,0.0026,0.0026
18,FakeManilaV2,92,8,816,0.1434,0.8564,0.0019,0.0022
18,FakeManilaV2,92,9,918,0.1438,0.856,0.0004,0.0004
18,FakeManilaV2,92,10,1024,0.1475,0.8525,0.0037,0.0035
18,FakeManilaV2,93,1,102,0.1078,0.8915,1.0,1.0
18,FakeManilaV2,93,2,204,0.1275,0.8723,0.0196,0.0192
18,FakeManilaV2,93,3,306,0.1438,0.8559,0.0163,0.0164
18,FakeManilaV2,93,4,408,0.1446,0.8546,0.0008,0.0013
18,FakeManilaV2,93,5,510,0.149,0.8503,0.0044,0.0043
18,FakeManilaV2,93,6,612,0.1454,0.8541,0.0036,0.0038
18,FakeManilaV2,93,7,714,0.1443,0.8546,0.0012,0.0005
18,FakeManilaV2,93,8,816,0.1434,0.856,0.0009,0.0014
18,FakeManilaV2,93,9,918,0.146,0.8535,0.0026,0.0025
18,FakeManilaV2,93,10,1024,0.1445,0.8552,0.0014,0.0017
18,FakeManilaV2,94,1,102,0.1569,0.843,1.0,1.0
18,FakeManilaV2,94,2,204,0.1471,0.8528,0.0098,0.0098
18,FakeManilaV2,94,3,306,0.1503,0.8496,0.0033,0.0032
18,FakeManilaV2,94,4,408,0.1397,0.8602,0.0106,0.0105
18,FakeManilaV2,94,5,510,0.1373,0.8627,0.0025,0.0026
18,FakeManilaV2,94,6,612,0.1471,0.8528,0.0098,0.0099
18,FakeManilaV2,94,7,714,0.1471,0.8528,0.0,0.0
18,FakeManilaV2,94,8,816,0.1556,0.8443,0.0086,0.0086
18,FakeManilaV2,94,9,918,0.1601,0.8398,0.0045,0.0044
18,FakeManilaV2,94,10,1024,0.1582,0.8418,0.0019,0.002
18,FakeManilaV2,95,1,102,0.1078,0.89,1.0,1.0
18,FakeManilaV2,95,2,204,0.1029,0.8969,0.0049,0.0069
18,FakeManilaV2,95,3,306,0.1111,0.8889,0.0082,0.008
18,FakeManilaV2,95,4,408,0.1348,0.8652,0.0237,0.0237
18,FakeManilaV2,95,5,510,0.1412,0.8588,0.0064,0.0064
18,FakeManilaV2,95,6,612,0.1405,0.8595,0.0007,0.0006
18,FakeManilaV2,95,7,714,0.1415,0.8585,0.0009,0.0009
18,FakeManilaV2,95,8,816,0.1422,0.8578,0.0007,0.0007
18,FakeManilaV2,95,9,918,0.1427,0.8572,0.0005,0.0006
18,FakeManilaV2,95,10,1024,0.1445,0.8555,0.0018,0.0017
18,FakeManilaV2,96,1,102,0.1569,0.843,1.0,1.0
18,FakeManilaV2,96,2,204,0.152,0.8479,0.0049,0.0048
18,FakeManilaV2,96,3,306,0.1471,0.8529,0.0049,0.0051
18,FakeManilaV2,96,4,408,0.1373,0.8626,0.0098,0.0096
18,FakeManilaV2,96,5,510,0.1431,0.8569,0.0059,0.0057
18,FakeManilaV2,96,6,612,0.1422,0.8578,0.001,0.001
18,FakeManilaV2,96,7,714,0.1457,0.8543,0.0035,0.0035
18,FakeManilaV2,96,8,816,0.1471,0.8529,0.0014,0.0014
18,FakeManilaV2,96,9,918,0.1471,0.8529,0.0,0.0
18,FakeManilaV2,96,10,1024,0.1465,0.8535,0.0006,0.0006
18,FakeManilaV2,97,1,102,0.1765,0.8217,1.0,1.0
18,FakeManilaV2,97,2,204,0.1814,0.8186,0.0049,0.003
18,FakeManilaV2,97,3,306,0.1797,0.8199,0.0016,0.0012
18,FakeManilaV2,97,4,408,0.1642,0.8357,0.0155,0.0159
18,FakeManilaV2,97,5,510,0.1588,0.8412,0.0054,0.0054
18,FakeManilaV2,97,6,612,0.1699,0.8301,0.0111,0.0111
18,FakeManilaV2,97,7,714,0.1695,0.8304,0.0005,0.0004
18,FakeManilaV2,97,8,816,0.1593,0.8406,0.0102,0.0102
18,FakeManilaV2,97,9,918,0.1536,0.8464,0.0057,0.0058
18,FakeManilaV2,97,10,1024,0.1582,0.8417,0.0046,0.0046
18,FakeManilaV2,98,1,102,0.1176,0.8822,1.0,1.0
18,FakeManilaV2,98,2,204,0.1422,0.8578,0.0245,0.0245
18,FakeManilaV2,98,3,306,0.1373,0.8627,0.0049,0.0049
18,FakeManilaV2,98,4,408,0.1569,0.843,0.0196,0.0197
18,FakeManilaV2,98,5,510,0.1569,0.8431,0.0,0.0001
18,FakeManilaV2,98,6,612,0.152,0.848,0.0049,0.0049
18,FakeManilaV2,98,7,714,0.1555,0.8443,0.0035,0.0037
18,FakeManilaV2,98,8,816,0.163,0.8365,0.0075,0.0078
18,FakeManilaV2,98,9,918,0.1612,0.8385,0.0018,0.0019
18,FakeManilaV2,98,10,1024,0.1611,0.8387,0.0001,0.0002
18,FakeManilaV2,99,1,102,0.1078,0.8921,1.0,1.0
18,FakeManilaV2,99,2,204,0.1471,0.8525,0.0392,0.0396
18,FakeManilaV2,99,3,306,0.1503,0.8489,0.0033,0.0036
18,FakeManilaV2,99,4,408,0.1618,0.8381,0.0114,0.0108
18,FakeManilaV2,99,5,510,0.1569,0.8428,0.0049,0.0048
18,FakeManilaV2,99,6,612,0.1536,0.8463,0.0033,0.0034
18,FakeManilaV2,99,7,714,0.1555,0.8445,0.0019,0.0018
18,FakeManilaV2,99,8,816,0.1556,0.8442,0.0002,0.0003
18,FakeManilaV2,99,9,918,0.1525,0.8474,0.0031,0.0031
18,FakeManilaV2,99,10,1024,0.1494,0.8505,0.0031,0.0031
18,FakeManilaV2,100,1,102,0.1569,0.8713,1.0,1.0
18,FakeManilaV2,100,2,204,0.1471,0.8779,0.0098,0.0066
18,FakeManilaV2,100,3,306,0.1503,0.852,0.0033,0.0259
18,FakeManilaV2,100,4,408,0.1275,0.8701,0.0229,0.0181
18,FakeManilaV2,100,5,510,0.1255,0.872,0.002,0.0019
18,FakeManilaV2,100,6,612,0.1291,0.8692,0.0036,0.0028
18,FakeManilaV2,100,7,714,0.1317,0.8662,0.0026,0.003
18,FakeManilaV2,100,8,816,0.1299,0.8689,0.0018,0.0028
18,FakeManilaV2,100,9,918,0.1318,0.8666,0.0019,0.0024
18,FakeManilaV2,100,10,1024,0.1289,0.8696,0.0029,0.003
18,FakeManilaV2,101,1,102,0.1863,0.8137,1.0,1.0
18,FakeManilaV2,101,2,204,0.1569,0.8417,0.0294,0.028
18,FakeManilaV2,101,3,306,0.1569,0.839,0.0,0.0027
18,FakeManilaV2,101,4,408,0.1422,0.8558,0.0147,0.0168
18,FakeManilaV2,101,5,510,0.1451,0.8534,0.0029,0.0024
18,FakeManilaV2,101,6,612,0.1454,0.8533,0.0003,0.0002
18,FakeManilaV2,101,7,714,0.1401,0.859,0.0054,0.0058
18,FakeManilaV2,101,8,816,0.1409,0.8586,0.0009,0.0004
18,FakeManilaV2,101,9,918,0.1405,0.8588,0.0004,0.0002
18,FakeManilaV2,101,10,1024,0.1484,0.8511,0.0079,0.0078
18,FakeManilaV2,102,1,102,0.1373,0.8626,1.0,1.0
18,FakeManilaV2,102,2,204,0.1127,0.8869,0.0245,0.0243
18,FakeManilaV2,102,3,306,0.1078,0.8906,0.0049,0.0036
18,FakeManilaV2,102,4,408,0.1054,0.8936,0.0025,0.003
18,FakeManilaV2,102,5,510,0.1176,0.8812,0.0123,0.0123
18,FakeManilaV2,102,6,612,0.1324,0.867,0.0147,0.0142
18,FakeManilaV2,102,7,714,0.1373,0.8626,0.0049,0.0044
18,FakeManilaV2,102,8,816,0.1434,0.8566,0.0061,0.0061
18,FakeManilaV2,102,9,918,0.1362,0.8637,0.0072,0.0071
18,FakeManilaV2,102,10,1024,0.1367,0.8632,0.0006,0.0004
18,FakeManilaV2,103,1,102,0.098,0.9015,1.0,1.0
18,FakeManilaV2,103,2,204,0.1176,0.8814,0.0196,0.0202
18,FakeManilaV2,103,3,306,0.134,0.8651,0.0163,0.0163
18,FakeManilaV2,103,4,408,0.1373,0.8619,0.0033,0.0032
18,FakeManilaV2,103,5,510,0.149,0.8508,0.0118,0.0111
18,FakeManilaV2,103,6,612,0.1454,0.8545,0.0036,0.0038
18,FakeManilaV2,103,7,714,0.1485,0.8515,0.003,0.003
18,FakeManilaV2,103,8,816,0.1532,0.8468,0.0047,0.0047
18,FakeManilaV2,103,9,918,0.1503,0.8497,0.0029,0.0029
18,FakeManilaV2,103,10,1024,0.1514,0.8486,0.001,0.0011
18,FakeManilaV2,104,1,102,0.1471,0.8734,1.0,1.0
18,FakeManilaV2,104,2,204,0.1471,0.8645,0.0,0.0089
18,FakeManilaV2,104,3,306,0.1373,0.86,0.0098,0.0046
18,FakeManilaV2,104,4,408,0.1373,0.8619,0.0,0.002
18,FakeManilaV2,104,5,510,0.1373,0.8623,0.0,0.0004
18,FakeManilaV2,104,6,612,0.1389,0.8607,0.0016,0.0016
18,FakeManilaV2,104,7,714,0.1429,0.8569,0.004,0.0038
18,FakeManilaV2,104,8,816,0.1458,0.8539,0.003,0.003
18,FakeManilaV2,104,9,918,0.1503,0.8494,0.0045,0.0045
18,FakeManilaV2,104,10,1024,0.1465,0.8532,0.0038,0.0038
18,FakeManilaV2,105,1,102,0.1078,0.8921,1.0,1.0
18,FakeManilaV2,105,2,204,0.1373,0.8627,0.0294,0.0294
18,FakeManilaV2,105,3,306,0.1634,0.836,0.0261,0.0267
18,FakeManilaV2,105,4,408,0.1569,0.8424,0.0065,0.0064
18,FakeManilaV2,105,5,510,0.149,0.8503,0.0078,0.0079
18,FakeManilaV2,105,6,612,0.1471,0.8523,0.002,0.002
18,FakeManilaV2,105,7,714,0.1597,0.8388,0.0126,0.0136
18,FakeManilaV2,105,8,816,0.1544,0.8442,0.0053,0.0054
18,FakeManilaV2,105,9,918,0.1525,0.8461,0.0019,0.0019
18,FakeManilaV2,105,10,1024,0.1484,0.8499,0.0041,0.0039
18,FakeManilaV2,106,1,102,0.1471,0.8527,1.0,1.0
18,FakeManilaV2,106,2,204,0.1324,0.8676,0.0147,0.015
18,FakeManilaV2,106,3,306,0.1405,0.8594,0.0082,0.0082
18,FakeManilaV2,106,4,408,0.1299,0.87,0.0106,0.0106
18,FakeManilaV2,106,5,510,0.1216,0.8781,0.0083,0.0081
18,FakeManilaV2,106,6,612,0.1225,0.8773,0.001,0.0008
18,FakeManilaV2,106,7,714,0.1289,0.871,0.0063,0.0062
18,FakeManilaV2,106,8,816,0.1336,0.8664,0.0047,0.0046
18,FakeManilaV2,106,9,918,0.1329,0.867,0.0007,0.0006
18,FakeManilaV2,106,10,1024,0.1348,0.8652,0.0019,0.0018
18,FakeManilaV2,107,1,102,0.1961,0.8178,1.0,1.0
18,FakeManilaV2,107,2,204,0.1569,0.8424,0.0392,0.0246
18,FakeManilaV2,107,3,306,0.1307,0.8692,0.0261,0.0268
18,FakeManilaV2,107,4,408,0.1324,0.8671,0.0016,0.0021
18,FakeManilaV2,107,5,510,0.1373,0.8622,0.0049,0.0049
18,FakeManilaV2,107,6,612,0.1324,0.8672,0.0049,0.005
18,FakeManilaV2,107,7,714,0.1275,0.8724,0.0049,0.0051
18,FakeManilaV2,107,8,816,0.125,0.875,0.0025,0.0026
18,FakeManilaV2,107,9,918,0.1285,0.8715,0.0035,0.0035
18,FakeManilaV2,107,10,1024,0.1348,0.8652,0.0062,0.0063
18,FakeManilaV2,108,1,102,0.1176,0.8806,1.0,1.0
18,FakeManilaV2,108,2,204,0.1225,0.8771,0.0049,0.0035
18,FakeManilaV2,108,3,306,0.1144,0.8853,0.0082,0.0081
18,FakeManilaV2,108,4,408,0.1127,0.8868,0.0016,0.0016
18,FakeManilaV2,108,5,510,0.1157,0.884,0.0029,0.0028
18,FakeManilaV2,108,6,612,0.1127,0.8871,0.0029,0.0031
18,FakeManilaV2,108,7,714,0.1092,0.8907,0.0035,0.0036
18,FakeManilaV2,108,8,816,0.1164,0.8836,0.0072,0.0071
18,FakeManilaV2,108,9,918,0.1198,0.8801,0.0034,0.0035
18,FakeManilaV2,108,10,1024,0.1221,0.8779,0.0022,0.0022
18,FakeManilaV2,109,1,102,0.1765,0.8225,1.0,1.0
18,FakeManilaV2,109,2,204,0.152,0.8477,0.0245,0.0252
18,FakeManilaV2,109,3,306,0.1569,0.8419,0.0049,0.0058
18,FakeManilaV2,109,4,408,0.1544,0.8449,0.0025,0.0031
18,FakeManilaV2,109,5,510,0.1333,0.8658,0.0211,0.0208
18,FakeManilaV2,109,6,612,0.1307,0.8684,0.0026,0.0026
18,FakeManilaV2,109,7,714,0.1345,0.8653,0.0037,0.0031
18,FakeManilaV2,109,8,816,0.1422,0.8577,0.0077,0.0077
18,FakeManilaV2,109,9,918,0.1394,0.8605,0.0027,0.0029
18,FakeManilaV2,109,10,1024,0.1338,0.8662,0.0056,0.0056
18,FakeManilaV2,110,1,102,0.1863,0.8101,1.0,1.0
18,FakeManilaV2,110,2,204,0.1471,0.8527,0.0392,0.0426
18,FakeManilaV2,110,3,306,0.1601,0.8389,0.0131,0.0137
18,FakeManilaV2,110,4,408,0.1642,0.8345,0.0041,0.0045
18,FakeManilaV2,110,5,510,0.1569,0.8418,0.0074,0.0073
18,FakeManilaV2,110,6,612,0.1601,0.8388,0.0033,0.003
18,FakeManilaV2,110,7,714,0.1499,0.8498,0.0103,0.0109
18,FakeManilaV2,110,8,816,0.1507,0.8486,0.0009,0.0012
18,FakeManilaV2,110,9,918,0.1471,0.8518,0.0037,0.0032
18,FakeManilaV2,110,10,1024,0.1494,0.8499,0.0024,0.0019
18,FakeManilaV2,111,1,102,0.1961,0.8028,1.0,1.0
18,FakeManilaV2,111,2,204,0.1716,0.8284,0.0245,0.0255
18,FakeManilaV2,111,3,306,0.1667,0.8333,0.0049,0.0049
18,FakeManilaV2,111,4,408,0.1544,0.8452,0.0123,0.0119
18,FakeManilaV2,111,5,510,0.149,0.851,0.0054,0.0058
18,FakeManilaV2,111,6,612,0.1569,0.8431,0.0078,0.0079
18,FakeManilaV2,111,7,714,0.1527,0.847,0.0042,0.0039
18,FakeManilaV2,111,8,816,0.152,0.848,0.0007,0.001
18,FakeManilaV2,111,9,918,0.1547,0.8453,0.0027,0.0027
18,FakeManilaV2,111,10,1024,0.1553,0.8447,0.0006,0.0006
18,FakeManilaV2,112,1,102,0.2059,0.7853,1.0,1.0
18,FakeManilaV2,112,2,204,0.201,0.7973,0.0049,0.0121
18,FakeManilaV2,112,3,306,0.1993,0.8004,0.0016,0.0031
18,FakeManilaV2,112,4,408,0.1863,0.8135,0.0131,0.0131
18,FakeManilaV2,112,5,510,0.1784,0.8211,0.0078,0.0076
18,FakeManilaV2,112,6,612,0.1683,0.8315,0.0101,0.0104
18,FakeManilaV2,112,7,714,0.1667,0.8331,0.0016,0.0017
18,FakeManilaV2,112,8,816,0.1654,0.8341,0.0012,0.001
18,FakeManilaV2,112,9,918,0.1634,0.8365,0.002,0.0024
18,FakeManilaV2,112,10,1024,0.1689,0.8307,0.0055,0.0058
18,FakeManilaV2,113,1,102,0.1765,0.816,1.0,1.0
18,FakeManilaV2,113,2,204,0.1471,0.8527,0.0294,0.0367
18,FakeManilaV2,113,3,306,0.1438,0.8558,0.0033,0.0031
18,FakeManilaV2,113,4,408,0.1422,0.8577,0.0016,0.0019
18,FakeManilaV2,113,5,510,0.1451,0.8548,0.0029,0.0028
18,FakeManilaV2,113,6,612,0.1487,0.8513,0.0036,0.0035
18,FakeManilaV2,113,7,714,0.1513,0.8486,0.0026,0.0027
18,FakeManilaV2,113,8,816,0.1544,0.8455,0.0032,0.0032
18,FakeManilaV2,113,9,918,0.1558,0.8442,0.0014,0.0013
18,FakeManilaV2,113,10,1024,0.1523,0.8477,0.0034,0.0034
18,FakeManilaV2,114,1,102,0.098,0.901,1.0,1.0
18,FakeManilaV2,114,2,204,0.1275,0.8724,0.0294,0.0286
18,FakeManilaV2,114,3,306,0.1373,0.8623,0.0098,0.0101
18,FakeManilaV2,114,4,408,0.1446,0.8553,0.0074,0.007
18,FakeManilaV2,114,5,510,0.151,0.849,0.0064,0.0063
18,FakeManilaV2,114,6,612,0.1422,0.8578,0.0088,0.0088
18,FakeManilaV2,114,7,714,0.1485,0.8515,0.0063,0.0063
18,FakeManilaV2,114,8,816,0.1458,0.8542,0.0026,0.0027
18,FakeManilaV2,114,9,918,0.146,0.854,0.0001,0.0001
18,FakeManilaV2,114,10,1024,0.1426,0.8574,0.0034,0.0034
18,FakeManilaV2,115,1,102,0.1373,0.8753,1.0,1.0
18,FakeManilaV2,115,2,204,0.1324,0.8646,0.0049,0.0107
18,FakeManilaV2,115,3,306,0.1503,0.8481,0.018,0.0164
18,FakeManilaV2,115,4,408,0.1471,0.8529,0.0033,0.0048
18,FakeManilaV2,115,5,510,0.149,0.851,0.002,0.002
18,FakeManilaV2,115,6,612,0.1454,0.8541,0.0036,0.0031
18,FakeManilaV2,115,7,714,0.1443,0.8555,0.0012,0.0014
18,FakeManilaV2,115,8,816,0.1507,0.8492,0.0065,0.0063
18,FakeManilaV2,115,9,918,0.1471,0.8528,0.0037,0.0035
18,FakeManilaV2,115,10,1024,0.1523,0.8475,0.0053,0.0052
18,FakeManilaV2,116,1,102,0.0686,0.9313,1.0,1.0
18,FakeManilaV2,116,2,204,0.1078,0.8922,0.0392,0.0392
18,FakeManilaV2,116,3,306,0.0948,0.9044,0.0131,0.0122
18,FakeManilaV2,116,4,408,0.1127,0.8859,0.018,0.0184
18,FakeManilaV2,116,5,510,0.1235,0.8751,0.0108,0.0108
18,FakeManilaV2,116,6,612,0.1225,0.876,0.001,0.0009
18,FakeManilaV2,116,7,714,0.1232,0.875,0.0007,0.001
18,FakeManilaV2,116,8,816,0.1201,0.8784,0.0032,0.0034
18,FakeManilaV2,116,9,918,0.1231,0.8756,0.003,0.0028
18,FakeManilaV2,116,10,1024,0.125,0.8735,0.0019,0.0021
18,FakeManilaV2,117,1,102,0.1176,0.8784,1.0,1.0
18,FakeManilaV2,117,2,204,0.1176,0.8823,0.0,0.0039
18,FakeManilaV2,117,3,306,0.1111,0.8881,0.0065,0.0058
18,FakeManilaV2,117,4,408,0.1127,0.8868,0.0016,0.0013
18,FakeManilaV2,117,5,510,0.1196,0.8801,0.0069,0.0067
18,FakeManilaV2,117,6,612,0.1176,0.8822,0.002,0.0021
18,FakeManilaV2,117,7,714,0.1176,0.8821,0.0,0.0001
18,FakeManilaV2,117,8,816,0.1262,0.8735,0.0086,0.0086
18,FakeManilaV2,117,9,918,0.1383,0.8616,0.0121,0.0119
18,FakeManilaV2,117,10,1024,0.1396,0.8602,0.0013,0.0014
18,FakeManilaV2,118,1,102,0.1569,0.8413,1.0,1.0
18,FakeManilaV2,118,2,204,0.1373,0.8625,0.0196,0.0212
18,FakeManilaV2,118,3,306,0.1405,0.859,0.0033,0.0035
18,FakeManilaV2,118,4,408,0.1373,0.862,0.0033,0.0031
18,FakeManilaV2,118,5,510,0.149,0.8501,0.0118,0.012
18,FakeManilaV2,118,6,612,0.1454,0.8545,0.0036,0.0044
18,FakeManilaV2,118,7,714,0.1415,0.8585,0.004,0.004
18,FakeManilaV2,118,8,816,0.1422,0.8578,0.0007,0.0007
18,FakeManilaV2,118,9,918,0.1394,0.8605,0.0027,0.0027
18,FakeManilaV2,118,10,1024,0.1328,0.8672,0.0066,0.0067
18,FakeManilaV2,119,1,102,0.1569,0.843,1.0,1.0
18,FakeManilaV2,119,2,204,0.1373,0.8614,0.0196,0.0184
18,FakeManilaV2,119,3,306,0.1373,0.8624,0.0,0.0011
18,FakeManilaV2,119,4,408,0.1569,0.8426,0.0196,0.0199
18,FakeManilaV2,119,5,510,0.151,0.8471,0.0059,0.0046
18,FakeManilaV2,119,6,612,0.1503,0.8479,0.0007,0.0007
18,FakeManilaV2,119,7,714,0.1541,0.8442,0.0037,0.0036
18,FakeManilaV2,119,8,816,0.1495,0.8493,0.0046,0.0051
18,FakeManilaV2,119,9,918,0.1471,0.8522,0.0025,0.0029
18,FakeManilaV2,119,10,1024,0.1436,0.856,0.0035,0.0037
19,FakeManilaV2,20,1,102,0.1667,0.8284,1.0,1.0
19,FakeManilaV2,20,2,204,0.1765,0.8234,0.0098,0.005
19,FakeManilaV2,20,3,306,0.1928,0.8069,0.0163,0.0165
19,FakeManilaV2,20,4,408,0.1985,0.8009,0.0057,0.006
19,FakeManilaV2,20,5,510,0.1961,0.8032,0.0025,0.0023
19,FakeManilaV2,20,6,612,0.2026,0.7966,0.0065,0.0066
19,FakeManilaV2,20,7,714,0.2171,0.7825,0.0145,0.0142
19,FakeManilaV2,20,8,816,0.2132,0.7867,0.0039,0.0043
19,FakeManilaV2,20,9,918,0.2168,0.7832,0.0035,0.0035
19,FakeManilaV2,20,10,1024,0.2051,0.7949,0.0117,0.0117
19,FakeManilaV2,21,1,102,0.1667,0.8326,1.0,1.0
19,FakeManilaV2,21,2,204,0.2206,0.7794,0.0539,0.0532
19,FakeManilaV2,21,3,306,0.2092,0.7908,0.0114,0.0114
19,FakeManilaV2,21,4,408,0.201,0.799,0.0082,0.0081
19,FakeManilaV2,21,5,510,0.1863,0.8137,0.0147,0.0148
19,FakeManilaV2,21,6,612,0.1961,0.8039,0.0098,0.0098
19,FakeManilaV2,21,7,714,0.2031,0.7969,0.007,0.007
19,FakeManilaV2,21,8,816,0.2108,0.7892,0.0077,0.0077
19,FakeManilaV2,21,9,918,0.207,0.793,0.0038,0.0038
19,FakeManilaV2,21,10,1024,0.2041,0.7959,0.0029,0.0028
19,FakeManilaV2,22,1,102,0.2941,0.7047,1.0,1.0
19,FakeManilaV2,22,2,204,0.2451,0.751,0.049,0.0464
19,FakeManilaV2,22,3,306,0.2353,0.7623,0.0098,0.0113
19,FakeManilaV2,22,4,408,0.2353,0.7642,0.0,0.0019
19,FakeManilaV2,22,5,510,0.2392,0.7607,0.0039,0.0035
19,FakeManilaV2,22,6,612,0.2288,0.7712,0.0105,0.0105
19,FakeManilaV2,22,7,714,0.2199,0.7801,0.0089,0.0089
19,FakeManilaV2,22,8,816,0.2181,0.7819,0.0018,0.0017
19,FakeManilaV2,22,9,918,0.2113,0.7887,0.0068,0.0068
19,FakeManilaV2,22,10,1024,0.208,0.792,0.0033,0.0033
19,FakeManilaV2,23,1,102,0.1667,0.8331,1.0,1.0
19,FakeManilaV2,23,2,204,0.2157,0.7842,0.049,0.0489
19,FakeManilaV2,23,3,306,0.2124,0.7874,0.0033,0.0032
19,FakeManilaV2,23,4,408,0.1985,0.8013,0.0139,0.0139
19,FakeManilaV2,23,5,510,0.1902,0.8098,0.0083,0.0085
19,FakeManilaV2,23,6,612,0.1928,0.8072,0.0026,0.0026
19,FakeManilaV2,23,7,714,0.1905,0.8095,0.0023,0.0023
19,FakeManilaV2,23,8,816,0.1887,0.8113,0.0018,0.0017
19,FakeManilaV2,23,9,918,0.1961,0.8039,0.0074,0.0074
19,FakeManilaV2,23,10,1024,0.1943,0.8057,0.0017,0.0017
19,FakeManilaV2,24,1,102,0.2255,0.772,1.0,1.0
19,FakeManilaV2,24,2,204,0.2304,0.7687,0.0049,0.0033
19,FakeManilaV2,24,3,306,0.219,0.7808,0.0114,0.0121
19,FakeManilaV2,24,4,408,0.2255,0.7742,0.0065,0.0065
19,FakeManilaV2,24,5,510,0.2137,0.7862,0.0118,0.012
19,FakeManilaV2,24,6,612,0.2206,0.7794,0.0069,0.0069
19,FakeManilaV2,24,7,714,0.2227,0.7773,0.0021,0.0021
19,FakeManilaV2,24,8,816,0.2206,0.7794,0.0021,0.0021
19,FakeManilaV2,24,9,918,0.2157,0.7842,0.0049,0.0048
19,FakeManilaV2,24,10,1024,0.2109,0.789,0.0047,0.0048
19,FakeManilaV2,25,1,102,0.2255,0.773,1.0,1.0
19,FakeManilaV2,25,2,204,0.2304,0.7678,0.0049,0.0051
19,FakeManilaV2,25,3,306,0.2059,0.7935,0.0245,0.0257
19,FakeManilaV2,25,4,408,0.2157,0.784,0.0098,0.0095
19,FakeManilaV2,25,5,510,0.2118,0.7879,0.0039,0.0039
19,FakeManilaV2,25,6,612,0.2092,0.7908,0.0026,0.0029
19,FakeManilaV2,25,7,714,0.2073,0.7927,0.0019,0.0019
19,FakeManilaV2,25,8,816,0.2034,0.7966,0.0039,0.0038
19,FakeManilaV2,25,9,918,0.2146,0.7854,0.0112,0.0112
19,FakeManilaV2,25,10,1024,0.2139,0.7861,0.0007,0.0008
19,FakeManilaV2,26,1,102,0.2157,0.7743,1.0,1.0
19,FakeManilaV2,26,2,204,0.2108,0.7775,0.0049,0.0032
19,FakeManilaV2,26,3,306,0.2026,0.7935,0.0082,0.016
19,FakeManilaV2,26,4,408,0.2059,0.7919,0.0033,0.0016
19,FakeManilaV2,26,5,510,0.2,0.7983,0.0059,0.0063
19,FakeManilaV2,26,6,612,0.1928,0.8061,0.0072,0.0079
19,FakeManilaV2,26,7,714,0.1933,0.806,0.0005,0.0001
19,FakeManilaV2,26,8,816,0.1985,0.8009,0.0053,0.0052
19,FakeManilaV2,26,9,918,0.2004,0.7987,0.0019,0.0022
19,FakeManilaV2,26,10,1024,0.2051,0.7939,0.0046,0.0048
19,FakeManilaV2,27,1,102,0.2353,0.7636,1.0,1.0
19,FakeManilaV2,27,2,204,0.2206,0.7794,0.0147,0.0158
19,FakeManilaV2,27,3,306,0.2255,0.7742,0.0049,0.0052
19,FakeManilaV2,27,4,408,0.2181,0.7818,0.0074,0.0076
19,FakeManilaV2,27,5,510,0.2216,0.7784,0.0034,0.0034
19,FakeManilaV2,27,6,612,0.2124,0.7876,0.0092,0.0092
19,FakeManilaV2,27,7,714,0.1989,0.8011,0.0135,0.0135
19,FakeManilaV2,27,8,816,0.1998,0.8002,0.0009,0.0009
19,FakeManilaV2,27,9,918,0.2026,0.7974,0.0029,0.0028
19,FakeManilaV2,27,10,1024,0.1982,0.8017,0.0044,0.0043
19,FakeManilaV2,28,1,102,0.2549,0.745,1.0,1.0
19,FakeManilaV2,28,2,204,0.201,0.7981,0.0539,0.0531
19,FakeManilaV2,28,3,306,0.2222,0.7774,0.0212,0.0207
19,FakeManilaV2,28,4,408,0.2132,0.7867,0.009,0.0092
19,FakeManilaV2,28,5,510,0.2078,0.7921,0.0054,0.0055
19,FakeManilaV2,28,6,612,0.2092,0.7908,0.0013,0.0013
19,FakeManilaV2,28,7,714,0.1989,0.8011,0.0103,0.0103
19,FakeManilaV2,28,8,816,0.1949,0.8051,0.004,0.004
19,FakeManilaV2,28,9,918,0.1939,0.806,0.001,0.0008
19,FakeManilaV2,28,10,1024,0.1875,0.8125,0.0064,0.0065
19,FakeManilaV2,29,1,102,0.2549,0.7451,1.0,1.0
19,FakeManilaV2,29,2,204,0.2745,0.7243,0.0196,0.0208
19,FakeManilaV2,29,3,306,0.2582,0.7402,0.0163,0.0159
19,FakeManilaV2,29,4,408,0.25,0.7497,0.0082,0.0095
19,FakeManilaV2,29,5,510,0.2451,0.7542,0.0049,0.0045
19,FakeManilaV2,29,6,612,0.2337,0.7662,0.0114,0.012
19,FakeManilaV2,29,7,714,0.2353,0.7643,0.0016,0.0019
19,FakeManilaV2,29,8,816,0.2341,0.7655,0.0012,0.0012
19,FakeManilaV2,29,9,918,0.2309,0.7688,0.0031,0.0033
19,FakeManilaV2,29,10,1024,0.2295,0.7702,0.0014,0.0014
19,FakeManilaV2,30,1,102,0.2353,0.7627,1.0,1.0
19,FakeManilaV2,30,2,204,0.2108,0.7883,0.0245,0.0256
19,FakeManilaV2,30,3,306,0.2255,0.7744,0.0147,0.0139
19,FakeManilaV2,30,4,408,0.2328,0.767,0.0074,0.0074
19,FakeManilaV2,30,5,510,0.2137,0.7862,0.0191,0.0192
19,FakeManilaV2,30,6,612,0.1993,0.8006,0.0144,0.0144
19,FakeManilaV2,30,7,714,0.1975,0.8024,0.0019,0.0019
19,FakeManilaV2,30,8,816,0.1985,0.8015,0.0011,0.001
19,FakeManilaV2,30,9,918,0.1983,0.8017,0.0003,0.0003
19,FakeManilaV2,30,10,1024,0.2051,0.7949,0.0068,0.0069
19,FakeManilaV2,31,1,102,0.2549,0.745,1.0,1.0
19,FakeManilaV2,31,2,204,0.2402,0.758,0.0147,0.0131
19,FakeManilaV2,31,3,306,0.2157,0.7838,0.0245,0.0258
19,FakeManilaV2,31,4,408,0.2059,0.7938,0.0098,0.01
19,FakeManilaV2,31,5,510,0.202,0.7979,0.0039,0.004
19,FakeManilaV2,31,6,612,0.2092,0.7905,0.0072,0.0074
19,FakeManilaV2,31,7,714,0.2045,0.7945,0.0047,0.004
19,FakeManilaV2,31,8,816,0.2083,0.7912,0.0039,0.0033
19,FakeManilaV2,31,9,918,0.2059,0.7937,0.0025,0.0025
19,FakeManilaV2,31,10,1024,0.1973,0.802,0.0086,0.0083
19,FakeManilaV2,32,1,102,0.1667,0.8284,1.0,1.0
19,FakeManilaV2,32,2,204,0.1765,0.8221,0.0098,0.0063
19,FakeManilaV2,32,3,306,0.1993,0.8007,0.0229,0.0214
19,FakeManilaV2,32,4,408,0.1912,0.8088,0.0082,0.0081
19,FakeManilaV2,32,5,510,0.2,0.7999,0.0088,0.0089
19,FakeManilaV2,32,6,612,0.1912,0.8084,0.0088,0.0085
19,FakeManilaV2,32,7,714,0.1905,0.8089,0.0007,0.0005
19,FakeManilaV2,32,8,816,0.1936,0.8058,0.0032,0.0031
19,FakeManilaV2,32,9,918,0.1863,0.8134,0.0074,0.0077
19,FakeManilaV2,32,10,1024,0.1904,0.8092,0.0042,0.0042
19,FakeManilaV2,33,1,102,0.1765,0.8225,1.0,1.0
19,FakeManilaV2,33,2,204,0.1961,0.8039,0.0196,0.0186
19,FakeManilaV2,33,3,306,0.1797,0.8201,0.0163,0.0162
19,FakeManilaV2,33,4,408,0.1765,0.8235,0.0033,0.0034
19,FakeManilaV2,33,5,510,0.1824,0.8176,0.0059,0.0059
19,FakeManilaV2,33,6,612,0.1781,0.8218,0.0042,0.0042
19,FakeManilaV2,33,7,714,0.1765,0.8234,0.0016,0.0016
19,FakeManilaV2,33,8,816,0.1777,0.822,0.0012,0.0014
19,FakeManilaV2,33,9,918,0.1819,0.8175,0.0042,0.0045
19,FakeManilaV2,33,10,1024,0.1777,0.8217,0.0042,0.0042
19,FakeManilaV2,34,1,102,0.2255,0.7742,1.0,1.0
19,FakeManilaV2,34,2,204,0.201,0.799,0.0245,0.0248
19,FakeManilaV2,34,3,306,0.1928,0.8068,0.0082,0.0078
19,FakeManilaV2,34,4,408,0.1985,0.8006,0.0057,0.0061
19,FakeManilaV2,34,5,510,0.2078,0.7921,0.0093,0.0086
19,FakeManilaV2,34,6,612,0.1993,0.8004,0.0085,0.0083
19,FakeManilaV2,34,7,714,0.1933,0.8066,0.0061,0.0062
19,FakeManilaV2,34,8,816,0.1973,0.8027,0.004,0.0039
19,FakeManilaV2,34,9,918,0.1972,0.8028,0.0001,0.0001
19,FakeManilaV2,34,10,1024,0.1904,0.8096,0.0067,0.0068
19,FakeManilaV2,35,1,102,0.2059,0.7917,1.0,1.0
19,FakeManilaV2,35,2,204,0.1716,0.8252,0.0343,0.0336
19,FakeManilaV2,35,3,306,0.1863,0.8113,0.0147,0.0139
19,FakeManilaV2,35,4,408,0.1936,0.8048,0.0074,0.0065
19,FakeManilaV2,35,5,510,0.1863,0.8123,0.0074,0.0075
19,FakeManilaV2,35,6,612,0.1977,0.8018,0.0114,0.0104
19,FakeManilaV2,35,7,714,0.2003,0.7994,0.0026,0.0025
19,FakeManilaV2,35,8,816,0.201,0.799,0.0007,0.0004
19,FakeManilaV2,35,9,918,0.207,0.793,0.006,0.006
19,FakeManilaV2,35,10,1024,0.2207,0.7792,0.0137,0.0139
19,FakeManilaV2,36,1,102,0.3039,0.6919,1.0,1.0
19,FakeManilaV2,36,2,204,0.2402,0.7596,0.0637,0.0677
19,FakeManilaV2,36,3,306,0.2059,0.794,0.0343,0.0343
19,FakeManilaV2,36,4,408,0.1985,0.8009,0.0074,0.007
19,FakeManilaV2,36,5,510,0.198,0.8008,0.0005,0.0001
19,FakeManilaV2,36,6,612,0.2092,0.79,0.0111,0.0108
19,FakeManilaV2,36,7,714,0.2157,0.7831,0.0065,0.0069
19,FakeManilaV2,36,8,816,0.2145,0.7843,0.0012,0.0012
19,FakeManilaV2,36,9,918,0.2113,0.7879,0.0031,0.0036
19,FakeManilaV2,36,10,1024,0.208,0.7913,0.0033,0.0034
19,FakeManilaV2,37,1,102,0.1863,0.8113,1.0,1.0
19,FakeManilaV2,37,2,204,0.2059,0.7897,0.0196,0.0216
19,FakeManilaV2,37,3,306,0.1797,0.8158,0.0261,0.026
19,FakeManilaV2,37,4,408,0.1838,0.8134,0.0041,0.0024
19,FakeManilaV2,37,5,510,0.1824,0.8153,0.0015,0.0019
19,FakeManilaV2,37,6,612,0.1961,0.8013,0.0137,0.014
19,FakeManilaV2,37,7,714,0.1933,0.8053,0.0028,0.004
19,FakeManilaV2,37,8,816,0.1973,0.8015,0.004,0.0038
19,FakeManilaV2,37,9,918,0.2004,0.7977,0.0031,0.0037
19,FakeManilaV2,37,10,1024,0.1973,0.8017,0.0032,0.004
19,FakeManilaV2,38,1,102,0.2353,0.7636,1.0,1.0
19,FakeManilaV2,38,2,204,0.1912,0.8086,0.0441,0.0451
19,FakeManilaV2,38,3,306,0.1993,0.8007,0.0082,0.008
19,FakeManilaV2,38,4,408,0.2034,0.7964,0.0041,0.0042
19,FakeManilaV2,38,5,510,0.2157,0.7843,0.0123,0.0121
19,FakeManilaV2,38,6,612,0.2141,0.7859,0.0016,0.0016
19,FakeManilaV2,38,7,714,0.2101,0.7899,0.004,0.0039
19,FakeManilaV2,38,8,816,0.212,0.7879,0.0019,0.002
19,FakeManilaV2,38,9,918,0.2092,0.7908,0.0029,0.0029
19,FakeManilaV2,38,10,1024,0.2051,0.7949,0.0041,0.0041
19,FakeManilaV2,39,1,102,0.1961,0.8028,1.0,1.0
19,FakeManilaV2,39,2,204,0.1912,0.8088,0.0049,0.006
19,FakeManilaV2,39,3,306,0.2092,0.7908,0.018,0.018
19,FakeManilaV2,39,4,408,0.201,0.799,0.0082,0.0082
19,FakeManilaV2,39,5,510,0.1941,0.8059,0.0069,0.0069
19,FakeManilaV2,39,6,612,0.1912,0.8088,0.0029,0.0029
19,FakeManilaV2,39,7,714,0.1919,0.808,0.0007,0.0008
19,FakeManilaV2,39,8,816,0.1973,0.8027,0.0054,0.0053
19,FakeManilaV2,39,9,918,0.1993,0.8006,0.002,0.002
19,FakeManilaV2,39,10,1024,0.2021,0.7979,0.0028,0.0028
19,FakeManilaV2,40,1,102,0.2647,0.7337,1.0,1.0
19,FakeManilaV2,40,2,204,0.2353,0.7642,0.0294,0.0305
19,FakeManilaV2,40,3,306,0.2092,0.7907,0.0261,0.0265
19,FakeManilaV2,40,4,408,0.1985,0.8013,0.0106,0.0106
19,FakeManilaV2,40,5,510,0.2039,0.796,0.0054,0.0053
19,FakeManilaV2,40,6,612,0.2108,0.7888,0.0069,0.0072
19,FakeManilaV2,40,7,714,0.2087,0.791,0.0021,0.0021
19,FakeManilaV2,40,8,816,0.2132,0.7866,0.0046,0.0044
19,FakeManilaV2,40,9,918,0.22,0.7797,0.0068,0.0069
19,FakeManilaV2,40,10,1024,0.2197,0.78,0.0003,0.0003
19,FakeManilaV2,41,1,102,0.1176,0.8819,1.0,1.0
19,FakeManilaV2,41,2,204,0.1324,0.8676,0.0147,0.0143
19,FakeManilaV2,41,3,306,0.1307,0.8687,0.0016,0.0011
19,FakeManilaV2,41,4,408,0.1691,0.8296,0.0384,0.0391
19,FakeManilaV2,41,5,510,0.1941,0.8044,0.025,0.0251
19,FakeManilaV2,41,6,612,0.1863,0.8134,0.0078,0.009
19,FakeManilaV2,41,7,714,0.1793,0.8205,0.007,0.0071
19,FakeManilaV2,41,8,816,0.185,0.8146,0.0058,0.0059
19,FakeManilaV2,41,9,918,0.183,0.8167,0.002,0.0021
19,FakeManilaV2,41,10,1024,0.1826,0.8172,0.0004,0.0005
19,FakeManilaV2,42,1,102,0.2353,0.7642,1.0,1.0
19,FakeManilaV2,42,2,204,0.1863,0.8101,0.049,0.0459
19,FakeManilaV2,42,3,306,0.1732,0.8266,0.0131,0.0165
19,FakeManilaV2,42,4,408,0.1838,0.815,0.0106,0.0116
19,FakeManilaV2,42,5,510,0.1745,0.8242,0.0093,0.0092
19,FakeManilaV2,42,6,612,0.1781,0.8212,0.0036,0.003
19,FakeManilaV2,42,7,714,0.1807,0.819,0.0026,0.0023
19,FakeManilaV2,42,8,816,0.1924,0.8061,0.0117,0.0129
19,FakeManilaV2,42,9,918,0.1863,0.8122,0.0061,0.0061
19,FakeManilaV2,42,10,1024,0.1875,0.8107,0.0012,0.0015
19,FakeManilaV2,43,1,102,0.2451,0.7546,1.0,1.0
19,FakeManilaV2,43,2,204,0.2353,0.7647,0.0098,0.0101
19,FakeManilaV2,43,3,306,0.2222,0.7778,0.0131,0.0131
19,FakeManilaV2,43,4,408,0.2059,0.7941,0.0163,0.0163
19,FakeManilaV2,43,5,510,0.2196,0.7803,0.0137,0.0138
19,FakeManilaV2,43,6,612,0.2059,0.7941,0.0137,0.0138
19,FakeManilaV2,43,7,714,0.2017,0.7983,0.0042,0.0042
19,FakeManilaV2,43,8,816,0.1924,0.8076,0.0093,0.0093
19,FakeManilaV2,43,9,918,0.1993,0.8006,0.0069,0.007
19,FakeManilaV2,43,10,1024,0.2031,0.7968,0.0038,0.0038
19,FakeManilaV2,44,1,102,0.2353,0.7636,1.0,1.0
19,FakeManilaV2,44,2,204,0.2206,0.7792,0.0147,0.0156
19,FakeManilaV2,44,3,306,0.2059,0.7938,0.0147,0.0146
19,FakeManilaV2,44,4,408,0.2206,0.7793,0.0147,0.0145
19,FakeManilaV2,44,5,510,0.198,0.802,0.0225,0.0226
19,FakeManilaV2,44,6,612,0.2026,0.7973,0.0046,0.0047
19,FakeManilaV2,44,7,714,0.2031,0.7964,0.0005,0.0009
19,FakeManilaV2,44,8,816,0.2071,0.7925,0.004,0.0039
19,FakeManilaV2,44,9,918,0.2059,0.7935,0.0012,0.0011
19,FakeManilaV2,44,10,1024,0.2061,0.7935,0.0002,0.0001
19,FakeManilaV2,45,1,102,0.1471,0.8522,1.0,1.0
19,FakeManilaV2,45,2,204,0.1667,0.8332,0.0196,0.019
19,FakeManilaV2,45,3,306,0.1634,0.8364,0.0033,0.0032
19,FakeManilaV2,45,4,408,0.1642,0.8358,0.0008,0.0006
19,FakeManilaV2,45,5,510,0.1667,0.8332,0.0025,0.0025
19,FakeManilaV2,45,6,612,0.1732,0.8268,0.0065,0.0065
19,FakeManilaV2,45,7,714,0.1793,0.8206,0.0061,0.0061
19,FakeManilaV2,45,8,816,0.1801,0.8196,0.0009,0.001
19,FakeManilaV2,45,9,918,0.1754,0.8245,0.0048,0.0049
19,FakeManilaV2,45,10,1024,0.1797,0.8202,0.0043,0.0043
19,FakeManilaV2,46,1,102,0.2745,0.7254,1.0,1.0
19,FakeManilaV2,46,2,204,0.25,0.7499,0.0245,0.0246
19,FakeManilaV2,46,3,306,0.2255,0.7745,0.0245,0.0246
19,FakeManilaV2,46,4,408,0.2157,0.7843,0.0098,0.0098
19,FakeManilaV2,46,5,510,0.2137,0.7861,0.002,0.0018
19,FakeManilaV2,46,6,612,0.2124,0.7876,0.0013,0.0014
19,FakeManilaV2,46,7,714,0.2087,0.7911,0.0037,0.0036
19,FakeManilaV2,46,8,816,0.2022,0.7977,0.0065,0.0066
19,FakeManilaV2,46,9,918,0.2048,0.7952,0.0026,0.0026
19,FakeManilaV2,46,10,1024,0.2031,0.7968,0.0017,0.0016
19,FakeManilaV2,47,1,102,0.1863,0.8137,1.0,1.0
19,FakeManilaV2,47,2,204,0.2059,0.7941,0.0196,0.0196
19,FakeManilaV2,47,3,306,0.1797,0.8182,0.0261,0.0241
19,FakeManilaV2,47,4,408,0.1789,0.8191,0.0008,0.0009
19,FakeManilaV2,47,5,510,0.1725,0.8268,0.0064,0.0077
19,FakeManilaV2,47,6,612,0.1716,0.8283,0.001,0.0015
19,FakeManilaV2,47,7,714,0.1709,0.829,0.0007,0.0008
19,FakeManilaV2,47,8,816,0.1716,0.8284,0.0007,0.0006
19,FakeManilaV2,47,9,918,0.1797,0.8202,0.0082,0.0082
19,FakeManilaV2,47,10,1024,0.1846,0.8154,0.0048,0.0048
19,FakeManilaV2,48,1,102,0.1373,0.8623,1.0,1.0
19,FakeManilaV2,48,2,204,0.1765,0.8234,0.0392,0.0389
19,FakeManilaV2,48,3,306,0.1993,0.8006,0.0229,0.0228
19,FakeManilaV2,48,4,408,0.1961,0.8039,0.0033,0.0033
19,FakeManilaV2,48,5,510,0.1804,0.8193,0.0157,0.0154
19,FakeManilaV2,48,6,612,0.1797,0.8202,0.0007,0.0009
19,FakeManilaV2,48,7,714,0.1821,0.8175,0.0023,0.0027
19,FakeManilaV2,48,8,816,0.1789,0.8204,0.0032,0.0029
19,FakeManilaV2,48,9,918,0.1841,0.8155,0.0052,0.0049
19,FakeManilaV2,48,10,1024,0.1826,0.8169,0.0015,0.0014
19,FakeManilaV2,49,1,102,0.2255,0.773,1.0,1.0
19,FakeManilaV2,49,2,204,0.2255,0.773,0.0,0.0
19,FakeManilaV2,49,3,306,0.2059,0.7935,0.0196,0.0206
19,FakeManilaV2,49,4,408,0.223,0.7759,0.0172,0.0176
19,FakeManilaV2,49,5,510,0.2157,0.7841,0.0074,0.0082
19,FakeManilaV2,49,6,612,0.2124,0.7875,0.0033,0.0034
19,FakeManilaV2,49,7,714,0.2073,0.7927,0.0051,0.0052
19,FakeManilaV2,49,8,816,0.2132,0.7868,0.006,0.006
19,FakeManilaV2,49,9,918,0.2113,0.7886,0.0019,0.0019
19,FakeManilaV2,49,10,1024,0.2119,0.788,0.0006,0.0006
19,FakeManilaV2,50,1,102,0.2353,0.7642,1.0,1.0
19,FakeManilaV2,50,2,204,0.2255,0.7742,0.0098,0.01
19,FakeManilaV2,50,3,306,0.219,0.7803,0.0065,0.006
19,FakeManilaV2,50,4,408,0.2157,0.7839,0.0033,0.0037
19,FakeManilaV2,50,5,510,0.2176,0.7823,0.002,0.0016
19,FakeManilaV2,50,6,612,0.2369,0.7628,0.0193,0.0196
19,FakeManilaV2,50,7,714,0.2199,0.7796,0.017,0.0168
19,FakeManilaV2,50,8,816,0.2145,0.7852,0.0054,0.0056
19,FakeManilaV2,50,9,918,0.2102,0.7897,0.0042,0.0045
19,FakeManilaV2,50,10,1024,0.21,0.79,0.0003,0.0003
19,FakeManilaV2,51,1,102,0.2647,0.7337,1.0,1.0
19,FakeManilaV2,51,2,204,0.2353,0.7636,0.0294,0.0299
19,FakeManilaV2,51,3,306,0.2386,0.7608,0.0033,0.0027
19,FakeManilaV2,51,4,408,0.2377,0.7619,0.0008,0.0011
19,FakeManilaV2,51,5,510,0.2412,0.7585,0.0034,0.0034
19,FakeManilaV2,51,6,612,0.2271,0.7725,0.0141,0.014
19,FakeManilaV2,51,7,714,0.2353,0.7642,0.0082,0.0083
19,FakeManilaV2,51,8,816,0.2377,0.7616,0.0025,0.0026
19,FakeManilaV2,51,9,918,0.2298,0.7694,0.0079,0.0078
19,FakeManilaV2,51,10,1024,0.2305,0.7684,0.0006,0.001
19,FakeManilaV2,52,1,102,0.2549,0.7439,1.0,1.0
19,FakeManilaV2,52,2,204,0.2451,0.7533,0.0098,0.0094
19,FakeManilaV2,52,3,306,0.2288,0.7711,0.0163,0.0178
19,FakeManilaV2,52,4,408,0.2206,0.7793,0.0082,0.0082
19,FakeManilaV2,52,5,510,0.2137,0.7861,0.0069,0.0068
19,FakeManilaV2,52,6,612,0.2075,0.7919,0.0062,0.0058
19,FakeManilaV2,52,7,714,0.2101,0.7894,0.0026,0.0025
19,FakeManilaV2,52,8,816,0.212,0.7876,0.0019,0.0017
19,FakeManilaV2,52,9,918,0.2102,0.7895,0.0018,0.0018
19,FakeManilaV2,52,10,1024,0.208,0.7917,0.0022,0.0022
19,FakeManilaV2,53,1,102,0.2647,0.735,1.0,1.0
19,FakeManilaV2,53,2,204,0.2402,0.7585,0.0245,0.0235
19,FakeManilaV2,53,3,306,0.2026,0.7944,0.0376,0.0359
19,FakeManilaV2,53,4,408,0.2083,0.7912,0.0057,0.0031
19,FakeManilaV2,53,5,510,0.2078,0.7913,0.0005,0.0001
19,FakeManilaV2,53,6,612,0.2075,0.7922,0.0003,0.0008
19,FakeManilaV2,53,7,714,0.2031,0.7969,0.0044,0.0047
19,FakeManilaV2,53,8,816,0.2071,0.7928,0.004,0.004
19,FakeManilaV2,53,9,918,0.2081,0.7918,0.001,0.001
19,FakeManilaV2,53,10,1024,0.21,0.7899,0.0019,0.002
19,FakeManilaV2,54,1,102,0.1569,0.8431,1.0,1.0
19,FakeManilaV2,54,2,204,0.1618,0.8382,0.0049,0.0049
19,FakeManilaV2,54,3,306,0.1863,0.8133,0.0245,0.0249
19,FakeManilaV2,54,4,408,0.1912,0.8086,0.0049,0.0047
19,FakeManilaV2,54,5,510,0.198,0.8019,0.0069,0.0067
19,FakeManilaV2,54,6,612,0.2026,0.7974,0.0046,0.0046
19,FakeManilaV2,54,7,714,0.2073,0.7927,0.0047,0.0047
19,FakeManilaV2,54,8,816,0.2034,0.7966,0.0039,0.0038
19,FakeManilaV2,54,9,918,0.2113,0.7887,0.0079,0.0079
19,FakeManilaV2,54,10,1024,0.2148,0.7851,0.0035,0.0035
19,FakeManilaV2,55,1,102,0.2941,0.7047,1.0,1.0
19,FakeManilaV2,55,2,204,0.2451,0.7548,0.049,0.0501
19,FakeManilaV2,55,3,306,0.2288,0.7706,0.0163,0.0158
19,FakeManilaV2,55,4,408,0.2255,0.7732,0.0033,0.0026
19,FakeManilaV2,55,5,510,0.2157,0.7823,0.0098,0.0092
19,FakeManilaV2,55,6,612,0.2059,0.7922,0.0098,0.0098
19,FakeManilaV2,55,7,714,0.1989,0.8004,0.007,0.0082
19,FakeManilaV2,55,8,816,0.1998,0.7997,0.0009,0.0007
19,FakeManilaV2,55,9,918,0.1961,0.8035,0.0037,0.0038
19,FakeManilaV2,55,10,1024,0.1982,0.8014,0.0022,0.0021
19,FakeManilaV2,56,1,102,0.2157,0.7842,1.0,1.0
19,FakeManilaV2,56,2,204,0.2059,0.7938,0.0098,0.0097
19,FakeManilaV2,56,3,306,0.2059,0.7937,0.0,0.0001
19,FakeManilaV2,56,4,408,0.2206,0.7793,0.0147,0.0144
19,FakeManilaV2,56,5,510,0.2333,0.7667,0.0127,0.0126
19,FakeManilaV2,56,6,612,0.2255,0.7745,0.0078,0.0078
19,FakeManilaV2,56,7,714,0.2227,0.777,0.0028,0.0025
19,FakeManilaV2,56,8,816,0.2218,0.7779,0.0009,0.0009
19,FakeManilaV2,56,9,918,0.2135,0.7863,0.0083,0.0085
19,FakeManilaV2,56,10,1024,0.2236,0.7764,0.0101,0.01
19,FakeManilaV2,57,1,102,0.1765,0.8225,1.0,1.0
19,FakeManilaV2,57,2,204,0.1667,0.8326,0.0098,0.0101
19,FakeManilaV2,57,3,306,0.1993,0.8004,0.0327,0.0322
19,FakeManilaV2,57,4,408,0.1985,0.8008,0.0008,0.0004
19,FakeManilaV2,57,5,510,0.2059,0.7936,0.0074,0.0072
19,FakeManilaV2,57,6,612,0.1993,0.8001,0.0065,0.0065
19,FakeManilaV2,57,7,714,0.2045,0.7952,0.0051,0.0049
19,FakeManilaV2,57,8,816,0.2047,0.7953,0.0002,0.0002
19,FakeManilaV2,57,9,918,0.2102,0.7897,0.0056,0.0056
19,FakeManilaV2,57,10,1024,0.2148,0.7852,0.0046,0.0046
19,FakeManilaV2,58,1,102,0.3039,0.6944,1.0,1.0
19,FakeManilaV2,58,2,204,0.2304,0.7696,0.0735,0.0752
19,FakeManilaV2,58,3,306,0.2353,0.7645,0.0049,0.0051
19,FakeManilaV2,58,4,408,0.2279,0.7719,0.0074,0.0074
19,FakeManilaV2,58,5,510,0.2294,0.7706,0.0015,0.0013
19,FakeManilaV2,58,6,612,0.2288,0.7711,0.0007,0.0006
19,FakeManilaV2,58,7,714,0.2353,0.7647,0.0065,0.0065
19,FakeManilaV2,58,8,816,0.2292,0.7708,0.0061,0.0062
19,FakeManilaV2,58,9,918,0.2309,0.769,0.0018,0.0018
19,FakeManilaV2,58,10,1024,0.2246,0.7754,0.0063,0.0064
19,FakeManilaV2,59,1,102,0.1471,0.8529,1.0,1.0
19,FakeManilaV2,59,2,204,0.1961,0.8037,0.049,0.0493
19,FakeManilaV2,59,3,306,0.2092,0.7904,0.0131,0.0133
19,FakeManilaV2,59,4,408,0.2034,0.7966,0.0057,0.0062
19,FakeManilaV2,59,5,510,0.202,0.798,0.0015,0.0015
19,FakeManilaV2,59,6,612,0.2141,0.7859,0.0121,0.0121
19,FakeManilaV2,59,7,714,0.2143,0.7855,0.0002,0.0004
19,FakeManilaV2,59,8,816,0.2132,0.7866,0.0011,0.001
19,FakeManilaV2,59,9,918,0.2157,0.7843,0.0025,0.0023
19,FakeManilaV2,59,10,1024,0.209,0.791,0.0067,0.0067
19,FakeManilaV2,60,1,102,0.2353,0.7585,1.0,1.0
19,FakeManilaV2,60,2,204,0.2304,0.769,0.0049,0.0105
19,FakeManilaV2,60,3,306,0.2157,0.7843,0.0147,0.0153
19,FakeManilaV2,60,4,408,0.2206,0.7794,0.0049,0.0049
19,FakeManilaV2,60,5,510,0.2255,0.7744,0.0049,0.0051
19,FakeManilaV2,60,6,612,0.2288,0.7711,0.0033,0.0032
19,FakeManilaV2,60,7,714,0.2255,0.7743,0.0033,0.0032
19,FakeManilaV2,60,8,816,0.2218,0.7778,0.0037,0.0035
19,FakeManilaV2,60,9,918,0.2179,0.7819,0.0039,0.0041
19,FakeManilaV2,60,10,1024,0.2129,0.7869,0.005,0.005
19,FakeManilaV2,61,1,102,0.1471,0.8823,1.0,1.0
19,FakeManilaV2,61,2,204,0.1618,0.8366,0.0147,0.0457
19,FakeManilaV2,61,3,306,0.183,0.8151,0.0212,0.0215
19,FakeManilaV2,61,4,408,0.1789,0.8195,0.0041,0.0044
19,FakeManilaV2,61,5,510,0.1804,0.8191,0.0015,0.0004
19,FakeManilaV2,61,6,612,0.1781,0.8214,0.0023,0.0022
19,FakeManilaV2,61,7,714,0.1807,0.8191,0.0026,0.0023
19,FakeManilaV2,61,8,816,0.1826,0.8172,0.0019,0.0019
19,FakeManilaV2,61,9,918,0.1786,0.821,0.0039,0.0039
19,FakeManilaV2,61,10,1024,0.1836,0.8162,0.0049,0.0048
19,FakeManilaV2,62,1,102,0.2451,0.7533,1.0,1.0
19,FakeManilaV2,62,2,204,0.2353,0.7627,0.0098,0.0094
19,FakeManilaV2,62,3,306,0.2092,0.7905,0.0261,0.0278
19,FakeManilaV2,62,4,408,0.223,0.7768,0.0139,0.0137
19,FakeManilaV2,62,5,510,0.2176,0.7823,0.0054,0.0054
19,FakeManilaV2,62,6,612,0.2092,0.7906,0.0085,0.0084
19,FakeManilaV2,62,7,714,0.1989,0.8008,0.0103,0.0102
19,FakeManilaV2,62,8,816,0.1961,0.8039,0.0028,0.0031
19,FakeManilaV2,62,9,918,0.195,0.8049,0.0011,0.001
19,FakeManilaV2,62,10,1024,0.1963,0.8037,0.0013,0.0013
19,FakeManilaV2,63,1,102,0.1765,0.8234,1.0,1.0
19,FakeManilaV2,63,2,204,0.201,0.7981,0.0245,0.0253
19,FakeManilaV2,63,3,306,0.1928,0.8068,0.0082,0.0087
19,FakeManilaV2,63,4,408,0.1838,0.815,0.009,0.0082
19,FakeManilaV2,63,5,510,0.1882,0.8116,0.0044,0.0034
19,FakeManilaV2,63,6,612,0.1895,0.8104,0.0013,0.0012
19,FakeManilaV2,63,7,714,0.1961,0.8038,0.0065,0.0067
19,FakeManilaV2,63,8,816,0.1949,0.8051,0.0012,0.0014
19,FakeManilaV2,63,9,918,0.1961,0.8039,0.0012,0.0012
19,FakeManilaV2,63,10,1024,0.1934,0.8066,0.0027,0.0027
19,FakeManilaV2,64,1,102,0.2451,0.7477,1.0,1.0
19,FakeManilaV2,64,2,204,0.2108,0.7891,0.0343,0.0415
19,FakeManilaV2,64,3,306,0.2092,0.7907,0.0016,0.0016
19,FakeManilaV2,64,4,408,0.2108,0.7891,0.0016,0.0016
19,FakeManilaV2,64,5,510,0.2098,0.7902,0.001,0.0011
19,FakeManilaV2,64,6,612,0.2026,0.7974,0.0072,0.0072
19,FakeManilaV2,64,7,714,0.1989,0.8011,0.0037,0.0037
19,FakeManilaV2,64,8,816,0.1998,0.8001,0.0009,0.001
19,FakeManilaV2,64,9,918,0.2037,0.7961,0.0039,0.004
19,FakeManilaV2,64,10,1024,0.1973,0.8026,0.0064,0.0065
19,FakeManilaV2,65,1,102,0.2647,0.7353,1.0,1.0
19,FakeManilaV2,65,2,204,0.2304,0.7692,0.0343,0.034
19,FakeManilaV2,65,3,306,0.232,0.768,0.0016,0.0013
19,FakeManilaV2,65,4,408,0.2206,0.7794,0.0114,0.0114
19,FakeManilaV2,65,5,510,0.2314,0.7686,0.0108,0.0108
19,FakeManilaV2,65,6,612,0.2222,0.7778,0.0092,0.0092
19,FakeManilaV2,65,7,714,0.2255,0.7744,0.0033,0.0034
19,FakeManilaV2,65,8,816,0.2267,0.7728,0.0012,0.0016
19,FakeManilaV2,65,9,918,0.2309,0.7686,0.0042,0.0041
19,FakeManilaV2,65,10,1024,0.2275,0.7718,0.0034,0.0032
19,FakeManilaV2,66,1,102,0.2157,0.7823,1.0,1.0
19,FakeManilaV2,66,2,204,0.1912,0.8086,0.0245,0.0263
19,FakeManilaV2,66,3,306,0.183,0.817,0.0082,0.0084
19,FakeManilaV2,66,4,408,0.1936,0.806,0.0106,0.011
19,FakeManilaV2,66,5,510,0.202,0.7979,0.0083,0.008
19,FakeManilaV2,66,6,612,0.2075,0.7923,0.0056,0.0056
19,FakeManilaV2,66,7,714,0.2003,0.7991,0.0072,0.0067
19,FakeManilaV2,66,8,816,0.201,0.7982,0.0007,0.0009
19,FakeManilaV2,66,9,918,0.207,0.7922,0.006,0.006
19,FakeManilaV2,66,10,1024,0.2031,0.7965,0.0038,0.0043
19,FakeManilaV2,67,1,102,0.1961,0.8028,1.0,1.0
19,FakeManilaV2,67,2,204,0.1961,0.8034,0.0,0.0006
19,FakeManilaV2,67,3,306,0.1961,0.8026,0.0,0.0009
19,FakeManilaV2,67,4,408,0.1863,0.8135,0.0098,0.0109
19,FakeManilaV2,67,5,510,0.1922,0.8077,0.0059,0.0057
19,FakeManilaV2,67,6,612,0.1944,0.8053,0.0023,0.0025
19,FakeManilaV2,67,7,714,0.1989,0.801,0.0044,0.0042
19,FakeManilaV2,67,8,816,0.1961,0.8039,0.0028,0.0029
19,FakeManilaV2,67,9,918,0.1928,0.8072,0.0033,0.0033
19,FakeManilaV2,67,10,1024,0.1973,0.8027,0.0045,0.0045
19,FakeManilaV2,68,1,102,0.2353,0.7642,1.0,1.0
19,FakeManilaV2,68,2,204,0.25,0.7499,0.0147,0.0143
19,FakeManilaV2,68,3,306,0.2288,0.7712,0.0212,0.0213
19,FakeManilaV2,68,4,408,0.223,0.7769,0.0057,0.0057
19,FakeManilaV2,68,5,510,0.2137,0.7861,0.0093,0.0091
19,FakeManilaV2,68,6,612,0.2141,0.7858,0.0003,0.0003
19,FakeManilaV2,68,7,714,0.2185,0.7815,0.0044,0.0043
19,FakeManilaV2,68,8,816,0.2181,0.7817,0.0004,0.0002
19,FakeManilaV2,68,9,918,0.2157,0.784,0.0025,0.0023
19,FakeManilaV2,68,10,1024,0.2168,0.783,0.0011,0.0009
19,FakeManilaV2,69,1,102,0.2157,0.7842,1.0,1.0
19,FakeManilaV2,69,2,204,0.2059,0.7936,0.0098,0.0094
19,FakeManilaV2,69,3,306,0.219,0.7801,0.0131,0.0136
19,FakeManilaV2,69,4,408,0.2034,0.7962,0.0155,0.0162
19,FakeManilaV2,69,5,510,0.2098,0.7902,0.0064,0.0061
19,FakeManilaV2,69,6,612,0.2092,0.7908,0.0007,0.0007
19,FakeManilaV2,69,7,714,0.2129,0.7871,0.0037,0.0038
19,FakeManilaV2,69,8,816,0.2145,0.7855,0.0016,0.0015
19,FakeManilaV2,69,9,918,0.2146,0.7854,0.0001,0.0001
19,FakeManilaV2,69,10,1024,0.2139,0.7861,0.0007,0.0007
19,FakeManilaV2,70,1,102,0.2157,0.7832,1.0,1.0
19,FakeManilaV2,70,2,204,0.2402,0.7598,0.0245,0.0234
19,FakeManilaV2,70,3,306,0.2288,0.7707,0.0114,0.0109
19,FakeManilaV2,70,4,408,0.223,0.7768,0.0057,0.0061
19,FakeManilaV2,70,5,510,0.2255,0.7744,0.0025,0.0024
19,FakeManilaV2,70,6,612,0.219,0.781,0.0065,0.0067
19,FakeManilaV2,70,7,714,0.2129,0.7871,0.0061,0.006
19,FakeManilaV2,70,8,816,0.2022,0.7977,0.0107,0.0107
19,FakeManilaV2,70,9,918,0.1972,0.8027,0.005,0.005
19,FakeManilaV2,70,10,1024,0.2021,0.7977,0.005,0.005
19,FakeManilaV2,71,1,102,0.1275,0.8703,1.0,1.0
19,FakeManilaV2,71,2,204,0.1569,0.8427,0.0294,0.0276
19,FakeManilaV2,71,3,306,0.1699,0.8279,0.0131,0.0148
19,FakeManilaV2,71,4,408,0.174,0.8244,0.0041,0.0034
19,FakeManilaV2,71,5,510,0.1765,0.8223,0.0025,0.0021
19,FakeManilaV2,71,6,612,0.1797,0.8194,0.0033,0.0029
19,FakeManilaV2,71,7,714,0.1835,0.8159,0.0037,0.0036
19,FakeManilaV2,71,8,816,0.19,0.8096,0.0065,0.0063
19,FakeManilaV2,71,9,918,0.1885,0.8109,0.0015,0.0013
19,FakeManilaV2,71,10,1024,0.1885,0.8111,0.0,0.0003
19,FakeManilaV2,72,1,102,0.1569,0.8431,1.0,1.0
19,FakeManilaV2,72,2,204,0.1569,0.8413,0.0,0.0018
19,FakeManilaV2,72,3,306,0.1634,0.8356,0.0065,0.0057
19,FakeManilaV2,72,4,408,0.1642,0.8348,0.0008,0.0007
19,FakeManilaV2,72,5,510,0.1627,0.836,0.0015,0.0012
19,FakeManilaV2,72,6,612,0.1667,0.8326,0.0039,0.0034
19,FakeManilaV2,72,7,714,0.1709,0.8278,0.0042,0.0048
19,FakeManilaV2,72,8,816,0.1801,0.8183,0.0093,0.0095
19,FakeManilaV2,72,9,918,0.183,0.816,0.0029,0.0022
19,FakeManilaV2,72,10,1024,0.1885,0.8101,0.0055,0.0059
19,FakeManilaV2,73,1,102,0.2255,0.7737,1.0,1.0
19,FakeManilaV2,73,2,204,0.2451,0.7533,0.0196,0.0204
19,FakeManilaV2,73,3,306,0.2353,0.7627,0.0098,0.0094
19,FakeManilaV2,73,4,408,0.2304,0.7693,0.0049,0.0066
19,FakeManilaV2,73,5,510,0.2216,0.7784,0.0088,0.0091
19,FakeManilaV2,73,6,612,0.219,0.781,0.0026,0.0025
19,FakeManilaV2,73,7,714,0.2255,0.7745,0.0065,0.0065
19,FakeManilaV2,73,8,816,0.2181,0.7817,0.0074,0.0072
19,FakeManilaV2,73,9,918,0.2102,0.7897,0.0079,0.0079
19,FakeManilaV2,73,10,1024,0.208,0.792,0.0022,0.0023
19,FakeManilaV2,74,1,102,0.1176,0.8806,1.0,1.0
19,FakeManilaV2,74,2,204,0.1569,0.8421,0.0392,0.0385
19,FakeManilaV2,74,3,306,0.1634,0.8358,0.0065,0.0063
19,FakeManilaV2,74,4,408,0.1716,0.8276,0.0082,0.0082
19,FakeManilaV2,74,5,510,0.1784,0.8206,0.0069,0.007
19,FakeManilaV2,74,6,612,0.1781,0.821,0.0003,0.0004
19,FakeManilaV2,74,7,714,0.1863,0.8133,0.0082,0.0077
19,FakeManilaV2,74,8,816,0.1777,0.8221,0.0086,0.0088
19,FakeManilaV2,74,9,918,0.1797,0.8202,0.002,0.0019
19,FakeManilaV2,74,10,1024,0.1826,0.8172,0.0029,0.003
19,FakeManilaV2,75,1,102,0.2255,0.7832,1.0,1.0
19,FakeManilaV2,75,2,204,0.1961,0.8015,0.0294,0.0183
19,FakeManilaV2,75,3,306,0.2026,0.7973,0.0065,0.0042
19,FakeManilaV2,75,4,408,0.2034,0.7966,0.0008,0.0008
19,FakeManilaV2,75,5,510,0.2098,0.7902,0.0064,0.0064
19,FakeManilaV2,75,6,612,0.2092,0.7908,0.0007,0.0006
19,FakeManilaV2,75,7,714,0.2087,0.7913,0.0005,0.0005
19,FakeManilaV2,75,8,816,0.2083,0.7917,0.0004,0.0004
19,FakeManilaV2,75,9,918,0.207,0.793,0.0014,0.0014
19,FakeManilaV2,75,10,1024,0.2021,0.7978,0.0048,0.0048
19,FakeManilaV2,76,1,102,0.2157,0.7838,1.0,1.0
19,FakeManilaV2,76,2,204,0.201,0.7987,0.0147,0.0148
19,FakeManilaV2,76,3,306,0.1895,0.8105,0.0114,0.0118
19,FakeManilaV2,76,4,408,0.1814,0.818,0.0082,0.0076
19,FakeManilaV2,76,5,510,0.1941,0.8053,0.0127,0.0128
19,FakeManilaV2,76,6,612,0.1961,0.8038,0.002,0.0014
19,FakeManilaV2,76,7,714,0.1933,0.8064,0.0028,0.0026
19,FakeManilaV2,76,8,816,0.1949,0.8051,0.0016,0.0014
19,FakeManilaV2,76,9,918,0.2059,0.7938,0.011,0.0113
19,FakeManilaV2,76,10,1024,0.208,0.7917,0.0021,0.0021
19,FakeManilaV2,77,1,102,0.1471,0.8527,1.0,1.0
19,FakeManilaV2,77,2,204,0.1912,0.8088,0.0441,0.0439
19,FakeManilaV2,77,3,306,0.2157,0.784,0.0245,0.0248
19,FakeManilaV2,77,4,408,0.2157,0.7839,0.0,0.0
19,FakeManilaV2,77,5,510,0.2157,0.7835,0.0,0.0005
19,FakeManilaV2,77,6,612,0.2075,0.7912,0.0082,0.0077
19,FakeManilaV2,77,7,714,0.1933,0.8055,0.0142,0.0143
19,FakeManilaV2,77,8,816,0.1961,0.8027,0.0028,0.0029
19,FakeManilaV2,77,9,918,0.1939,0.805,0.0022,0.0024
19,FakeManilaV2,77,10,1024,0.1904,0.8088,0.0035,0.0038
19,FakeManilaV2,78,1,102,0.2647,0.7337,1.0,1.0
19,FakeManilaV2,78,2,204,0.2206,0.7788,0.0441,0.0451
19,FakeManilaV2,78,3,306,0.2059,0.7941,0.0147,0.0153
19,FakeManilaV2,78,4,408,0.2034,0.7966,0.0025,0.0025
19,FakeManilaV2,78,5,510,0.2078,0.7921,0.0044,0.0044
19,FakeManilaV2,78,6,612,0.1961,0.8039,0.0118,0.0118
19,FakeManilaV2,78,7,714,0.1989,0.801,0.0028,0.0029
19,FakeManilaV2,78,8,816,0.212,0.788,0.0131,0.013
19,FakeManilaV2,78,9,918,0.2179,0.7821,0.0059,0.0059
19,FakeManilaV2,78,10,1024,0.2187,0.7812,0.0009,0.0009
19,FakeManilaV2,79,1,102,0.1863,0.8135,1.0,1.0
19,FakeManilaV2,79,2,204,0.1765,0.8235,0.0098,0.01
19,FakeManilaV2,79,3,306,0.1961,0.802,0.0196,0.0215
19,FakeManilaV2,79,4,408,0.1912,0.8076,0.0049,0.0056
19,FakeManilaV2,79,5,510,0.1882,0.8117,0.0029,0.0041
19,FakeManilaV2,79,6,612,0.1977,0.8022,0.0095,0.0094
19,FakeManilaV2,79,7,714,0.1975,0.8025,0.0002,0.0003
19,FakeManilaV2,79,8,816,0.1961,0.8039,0.0014,0.0014
19,FakeManilaV2,79,9,918,0.1961,0.8039,0.0,0.0
19,FakeManilaV2,79,10,1024,0.1963,0.8037,0.0002,0.0002
19,FakeManilaV2,80,1,102,0.2451,0.751,1.0,1.0
19,FakeManilaV2,80,2,204,0.2108,0.7883,0.0343,0.0373
19,FakeManilaV2,80,3,306,0.2059,0.7937,0.0049,0.0054
19,FakeManilaV2,80,4,408,0.2034,0.7965,0.0025,0.0028
19,FakeManilaV2,80,5,510,0.1961,0.8039,0.0074,0.0074
19,FakeManilaV2,80,6,612,0.1928,0.8072,0.0033,0.0033
19,FakeManilaV2,80,7,714,0.1975,0.8025,0.0047,0.0047
19,FakeManilaV2,80,8,816,0.1961,0.8039,0.0014,0.0014
19,FakeManilaV2,80,9,918,0.2059,0.7941,0.0098,0.0098
19,FakeManilaV2,80,10,1024,0.2061,0.7939,0.0002,0.0002
19,FakeManilaV2,81,1,102,0.1961,0.8039,1.0,1.0
19,FakeManilaV2,81,2,204,0.2157,0.784,0.0196,0.0199
19,FakeManilaV2,81,3,306,0.232,0.7676,0.0163,0.0165
19,FakeManilaV2,81,4,408,0.2157,0.7842,0.0163,0.0166
19,FakeManilaV2,81,5,510,0.2137,0.786,0.002,0.0018
19,FakeManilaV2,81,6,612,0.2157,0.7841,0.002,0.0019
19,FakeManilaV2,81,7,714,0.2157,0.7843,0.0,0.0002
19,FakeManilaV2,81,8,816,0.2157,0.7843,0.0,0.0
19,FakeManilaV2,81,9,918,0.2037,0.7962,0.012,0.0119
19,FakeManilaV2,81,10,1024,0.1982,0.8017,0.0055,0.0055
19,FakeManilaV2,82,1,102,0.1667,0.8298,1.0,1.0
19,FakeManilaV2,82,2,204,0.1569,0.8417,0.0098,0.0119
19,FakeManilaV2,82,3,306,0.1863,0.8132,0.0294,0.0286
19,FakeManilaV2,82,4,408,0.1789,0.8204,0.0074,0.0072
19,FakeManilaV2,82,5,510,0.1804,0.8196,0.0015,0.0009
19,FakeManilaV2,82,6,612,0.1846,0.8151,0.0042,0.0044
19,FakeManilaV2,82,7,714,0.1919,0.8081,0.0072,0.007
19,FakeManilaV2,82,8,816,0.19,0.81,0.0019,0.0019
19,FakeManilaV2,82,9,918,0.1972,0.8028,0.0072,0.0072
19,FakeManilaV2,82,10,1024,0.1973,0.8027,0.0001,0.0001
19,FakeManilaV2,83,1,102,0.2059,0.7934,1.0,1.0
19,FakeManilaV2,83,2,204,0.1912,0.8088,0.0147,0.0155
19,FakeManilaV2,83,3,306,0.1667,0.8331,0.0245,0.0243
19,FakeManilaV2,83,4,408,0.1765,0.8229,0.0098,0.0101
19,FakeManilaV2,83,5,510,0.1922,0.8075,0.0157,0.0155
19,FakeManilaV2,83,6,612,0.1993,0.8005,0.0072,0.0069
19,FakeManilaV2,83,7,714,0.1989,0.801,0.0005,0.0005
19,FakeManilaV2,83,8,816,0.2047,0.7953,0.0058,0.0057
19,FakeManilaV2,83,9,918,0.2102,0.7897,0.0056,0.0056
19,FakeManilaV2,83,10,1024,0.2119,0.7881,0.0017,0.0016
19,FakeManilaV2,84,1,102,0.2647,0.7345,1.0,1.0
19,FakeManilaV2,84,2,204,0.1912,0.8086,0.0735,0.0742
19,FakeManilaV2,84,3,306,0.2026,0.7972,0.0114,0.0115
19,FakeManilaV2,84,4,408,0.1887,0.8109,0.0139,0.0137
19,FakeManilaV2,84,5,510,0.1961,0.8028,0.0074,0.008
19,FakeManilaV2,84,6,612,0.201,0.7987,0.0049,0.0041
19,FakeManilaV2,84,7,714,0.2017,0.7981,0.0007,0.0006
19,FakeManilaV2,84,8,816,0.2022,0.7975,0.0005,0.0007
19,FakeManilaV2,84,9,918,0.207,0.7924,0.0048,0.0051
19,FakeManilaV2,84,10,1024,0.2041,0.7951,0.0029,0.0027
19,FakeManilaV2,85,1,102,0.1569,0.8625,1.0,1.0
19,FakeManilaV2,85,2,204,0.1373,0.8587,0.0196,0.0038
19,FakeManilaV2,85,3,306,0.1699,0.8263,0.0327,0.0324
19,FakeManilaV2,85,4,408,0.1887,0.8087,0.0188,0.0176
19,FakeManilaV2,85,5,510,0.1922,0.8061,0.0034,0.0026
19,FakeManilaV2,85,6,612,0.1993,0.7996,0.0072,0.0065
19,FakeManilaV2,85,7,714,0.2059,0.7937,0.0065,0.0059
19,FakeManilaV2,85,8,816,0.2108,0.7891,0.0049,0.0046
19,FakeManilaV2,85,9,918,0.22,0.7798,0.0093,0.0093
19,FakeManilaV2,85,10,1024,0.2197,0.78,0.0003,0.0002
19,FakeManilaV2,86,1,102,0.2451,0.7432,1.0,1.0
19,FakeManilaV2,86,2,204,0.2402,0.7569,0.0049,0.0137
19,FakeManilaV2,86,3,306,0.2255,0.7745,0.0147,0.0175
19,FakeManilaV2,86,4,408,0.2328,0.7672,0.0074,0.0073
19,FakeManilaV2,86,5,510,0.2255,0.7745,0.0074,0.0073
19,FakeManilaV2,86,6,612,0.2369,0.7631,0.0114,0.0114
19,FakeManilaV2,86,7,714,0.2367,0.7633,0.0002,0.0002
19,FakeManilaV2,86,8,816,0.2255,0.7744,0.0112,0.0111
19,FakeManilaV2,86,9,918,0.2168,0.7832,0.0087,0.0088
19,FakeManilaV2,86,10,1024,0.21,0.79,0.0068,0.0068
19,FakeManilaV2,87,1,102,0.1961,0.8028,1.0,1.0
19,FakeManilaV2,87,2,204,0.1863,0.8136,0.0098,0.0108
19,FakeManilaV2,87,3,306,0.183,0.817,0.0033,0.0034
19,FakeManilaV2,87,4,408,0.1961,0.8037,0.0131,0.0133
19,FakeManilaV2,87,5,510,0.1902,0.8095,0.0059,0.0059
19,FakeManilaV2,87,6,612,0.1846,0.8153,0.0056,0.0058
19,FakeManilaV2,87,7,714,0.1863,0.8137,0.0016,0.0016
19,FakeManilaV2,87,8,816,0.1973,0.8027,0.011,0.011
19,FakeManilaV2,87,9,918,0.1928,0.8071,0.0045,0.0044
19,FakeManilaV2,87,10,1024,0.1885,0.8112,0.0043,0.0042
19,FakeManilaV2,88,1,102,0.2255,0.773,1.0,1.0
19,FakeManilaV2,88,2,204,0.2402,0.7592,0.0147,0.0138
19,FakeManilaV2,88,3,306,0.2647,0.7352,0.0245,0.024
19,FakeManilaV2,88,4,408,0.2549,0.7451,0.0098,0.0099
19,FakeManilaV2,88,5,510,0.251,0.749,0.0039,0.0039
19,FakeManilaV2,88,6,612,0.2369,0.7631,0.0141,0.0141
19,FakeManilaV2,88,7,714,0.2437,0.7563,0.0068,0.0068
19,FakeManilaV2,88,8,816,0.2341,0.7659,0.0096,0.0096
19,FakeManilaV2,88,9,918,0.2342,0.7658,0.0001,0.0001
19,FakeManilaV2,88,10,1024,0.2383,0.7617,0.0041,0.0041
19,FakeManilaV2,89,1,102,0.2549,0.7419,1.0,1.0
19,FakeManilaV2,89,2,204,0.2402,0.7575,0.0147,0.0157
19,FakeManilaV2,89,3,306,0.2288,0.7707,0.0114,0.0132
19,FakeManilaV2,89,4,408,0.2279,0.771,0.0008,0.0003
19,FakeManilaV2,89,5,510,0.2196,0.7799,0.0083,0.0089
19,FakeManilaV2,89,6,612,0.2255,0.7742,0.0059,0.0057
19,FakeManilaV2,89,7,714,0.2241,0.7757,0.0014,0.0016
19,FakeManilaV2,89,8,816,0.2169,0.7827,0.0072,0.0069
19,FakeManilaV2,89,9,918,0.2168,0.7823,0.0001,0.0004
19,FakeManilaV2,89,10,1024,0.2207,0.7786,0.0039,0.0037
19,FakeManilaV2,90,1,102,0.1765,0.8234,1.0,1.0
19,FakeManilaV2,90,2,204,0.1667,0.8304,0.0098,0.007
19,FakeManilaV2,90,3,306,0.1765,0.8229,0.0098,0.0075
19,FakeManilaV2,90,4,408,0.1765,0.8235,0.0,0.0006
19,FakeManilaV2,90,5,510,0.1745,0.8255,0.002,0.002
19,FakeManilaV2,90,6,612,0.1895,0.8105,0.015,0.015
19,FakeManilaV2,90,7,714,0.1919,0.8081,0.0023,0.0024
19,FakeManilaV2,90,8,816,0.1973,0.8027,0.0054,0.0054
19,FakeManilaV2,90,9,918,0.1939,0.8061,0.0034,0.0034
19,FakeManilaV2,90,10,1024,0.1992,0.8007,0.0053,0.0054
19,FakeManilaV2,91,1,102,0.1471,0.8522,1.0,1.0
19,FakeManilaV2,91,2,204,0.2108,0.7879,0.0637,0.0643
19,FakeManilaV2,91,3,306,0.2157,0.782,0.0049,0.0059
19,FakeManilaV2,91,4,408,0.2108,0.7883,0.0049,0.0063
19,FakeManilaV2,91,5,510,0.2137,0.7861,0.0029,0.0022
19,FakeManilaV2,91,6,612,0.2059,0.7941,0.0078,0.008
19,FakeManilaV2,91,7,714,0.2115,0.7884,0.0056,0.0057
19,FakeManilaV2,91,8,816,0.2034,0.7962,0.0081,0.0078
19,FakeManilaV2,91,9,918,0.2037,0.7958,0.0003,0.0004
19,FakeManilaV2,91,10,1024,0.1982,0.8013,0.0055,0.0055
19,FakeManilaV2,92,1,102,0.1961,0.8028,1.0,1.0
19,FakeManilaV2,92,2,204,0.1765,0.8231,0.0196,0.0202
19,FakeManilaV2,92,3,306,0.1667,0.8322,0.0098,0.0091
19,FakeManilaV2,92,4,408,0.1716,0.8283,0.0049,0.0039
19,FakeManilaV2,92,5,510,0.1843,0.8157,0.0127,0.0126
19,FakeManilaV2,92,6,612,0.183,0.817,0.0013,0.0013
19,FakeManilaV2,92,7,714,0.1877,0.8123,0.0047,0.0047
19,FakeManilaV2,92,8,816,0.1985,0.8013,0.0109,0.011
19,FakeManilaV2,92,9,918,0.2015,0.7984,0.003,0.0029
19,FakeManilaV2,92,10,1024,0.2021,0.7979,0.0006,0.0005
19,FakeManilaV2,93,1,102,0.1765,0.8234,1.0,1.0
19,FakeManilaV2,93,2,204,0.1961,0.8038,0.0196,0.0196
19,FakeManilaV2,93,3,306,0.2157,0.7836,0.0196,0.0202
19,FakeManilaV2,93,4,408,0.2083,0.7913,0.0074,0.0077
19,FakeManilaV2,93,5,510,0.2078,0.7918,0.0005,0.0004
19,FakeManilaV2,93,6,612,0.2075,0.7924,0.0003,0.0007
19,FakeManilaV2,93,7,714,0.2115,0.788,0.004,0.0044
19,FakeManilaV2,93,8,816,0.2108,0.7889,0.0007,0.0009
19,FakeManilaV2,93,9,918,0.2168,0.7831,0.006,0.0058
19,FakeManilaV2,93,10,1024,0.2168,0.7831,0.0,0.0001
19,FakeManilaV2,94,1,102,0.2745,0.7254,1.0,1.0
19,FakeManilaV2,94,2,204,0.2647,0.7353,0.0098,0.0099
19,FakeManilaV2,94,3,306,0.2614,0.7385,0.0033,0.0033
19,FakeManilaV2,94,4,408,0.2377,0.7623,0.0237,0.0237
19,FakeManilaV2,94,5,510,0.2353,0.7646,0.0025,0.0023
19,FakeManilaV2,94,6,612,0.2337,0.7663,0.0016,0.0017
19,FakeManilaV2,94,7,714,0.2311,0.7689,0.0026,0.0026
19,FakeManilaV2,94,8,816,0.2365,0.7635,0.0054,0.0054
19,FakeManilaV2,94,9,918,0.2331,0.7669,0.0034,0.0034
19,FakeManilaV2,94,10,1024,0.2256,0.7744,0.0075,0.0075
19,FakeManilaV2,95,1,102,0.1765,0.8225,1.0,1.0
19,FakeManilaV2,95,2,204,0.1814,0.8184,0.0049,0.004
19,FakeManilaV2,95,3,306,0.2222,0.7776,0.0408,0.0409
19,FakeManilaV2,95,4,408,0.2083,0.7913,0.0139,0.0138
19,FakeManilaV2,95,5,510,0.2078,0.7921,0.0005,0.0007
19,FakeManilaV2,95,6,612,0.2124,0.7874,0.0046,0.0047
19,FakeManilaV2,95,7,714,0.2213,0.7785,0.0089,0.009
19,FakeManilaV2,95,8,816,0.2132,0.7865,0.0081,0.0081
19,FakeManilaV2,95,9,918,0.2113,0.7885,0.0019,0.002
19,FakeManilaV2,95,10,1024,0.209,0.791,0.0023,0.0025
19,FakeManilaV2,96,1,102,0.2255,0.772,1.0,1.0
19,FakeManilaV2,96,2,204,0.2059,0.7941,0.0196,0.0221
19,FakeManilaV2,96,3,306,0.1961,0.8038,0.0098,0.0097
19,FakeManilaV2,96,4,408,0.201,0.799,0.0049,0.0048
19,FakeManilaV2,96,5,510,0.2039,0.796,0.0029,0.003
19,FakeManilaV2,96,6,612,0.2092,0.7907,0.0052,0.0053
19,FakeManilaV2,96,7,714,0.2157,0.7841,0.0065,0.0067
19,FakeManilaV2,96,8,816,0.212,0.788,0.0037,0.0039
19,FakeManilaV2,96,9,918,0.2037,0.7963,0.0083,0.0083
19,FakeManilaV2,96,10,1024,0.2012,0.7988,0.0025,0.0025
19,FakeManilaV2,97,1,102,0.2353,0.7585,1.0,1.0
19,FakeManilaV2,97,2,204,0.2206,0.7781,0.0147,0.0196
19,FakeManilaV2,97,3,306,0.1993,0.7955,0.0212,0.0174
19,FakeManilaV2,97,4,408,0.2059,0.7922,0.0065,0.0034
19,FakeManilaV2,97,5,510,0.2098,0.7896,0.0039,0.0026
19,FakeManilaV2,97,6,612,0.2092,0.7906,0.0007,0.001
19,FakeManilaV2,97,7,714,0.2045,0.7953,0.0047,0.0047
19,FakeManilaV2,97,8,816,0.2096,0.7904,0.0051,0.0049
19,FakeManilaV2,97,9,918,0.2146,0.7854,0.005,0.005
19,FakeManilaV2,97,10,1024,0.2109,0.7891,0.0037,0.0037
19,FakeManilaV2,98,1,102,0.1667,0.8326,1.0,1.0
19,FakeManilaV2,98,2,204,0.1667,0.8333,0.0,0.0007
19,FakeManilaV2,98,3,306,0.1797,0.8203,0.0131,0.013
19,FakeManilaV2,98,4,408,0.1838,0.8162,0.0041,0.0041
19,FakeManilaV2,98,5,510,0.1941,0.8058,0.0103,0.0103
19,FakeManilaV2,98,6,612,0.1944,0.8055,0.0003,0.0003
19,FakeManilaV2,98,7,714,0.2017,0.7983,0.0072,0.0073
19,FakeManilaV2,98,8,816,0.1961,0.8036,0.0056,0.0053
19,FakeManilaV2,98,9,918,0.1928,0.807,0.0033,0.0035
19,FakeManilaV2,98,10,1024,0.1914,0.8086,0.0014,0.0015
19,FakeManilaV2,99,1,102,0.2059,0.7917,1.0,1.0
19,FakeManilaV2,99,2,204,0.1912,0.8088,0.0147,0.0172
19,FakeManilaV2,99,3,306,0.2026,0.7967,0.0114,0.0121
19,FakeManilaV2,99,4,408,0.2059,0.794,0.0033,0.0027
19,FakeManilaV2,99,5,510,0.2098,0.79,0.0039,0.004
19,FakeManilaV2,99,6,612,0.2042,0.7956,0.0056,0.0056
19,FakeManilaV2,99,7,714,0.1947,0.8053,0.0096,0.0097
19,FakeManilaV2,99,8,816,0.1936,0.8063,0.0011,0.001
19,FakeManilaV2,99,9,918,0.2004,0.7994,0.0068,0.0068
19,FakeManilaV2,99,10,1024,0.1973,0.8027,0.0032,0.0032
19,FakeManilaV2,100,1,102,0.1863,0.8135,1.0,1.0
19,FakeManilaV2,100,2,204,0.201,0.7963,0.0147,0.0172
19,FakeManilaV2,100,3,306,0.183,0.8127,0.018,0.0164
19,FakeManilaV2,100,4,408,0.1887,0.8101,0.0057,0.0026
19,FakeManilaV2,100,5,510,0.1961,0.8032,0.0074,0.0069
19,FakeManilaV2,100,6,612,0.1928,0.807,0.0033,0.0038
19,FakeManilaV2,100,7,714,0.1891,0.8107,0.0037,0.0037
19,FakeManilaV2,100,8,816,0.1949,0.8051,0.0058,0.0056
19,FakeManilaV2,100,9,918,0.1917,0.8082,0.0031,0.0031
19,FakeManilaV2,100,10,1024,0.1953,0.8045,0.0036,0.0037
19,FakeManilaV2,101,1,102,0.2843,0.7157,1.0,1.0
19,FakeManilaV2,101,2,204,0.2843,0.7145,0.0,0.0012
19,FakeManilaV2,101,3,306,0.2712,0.7252,0.0131,0.0107
19,FakeManilaV2,101,4,408,0.25,0.7488,0.0212,0.0236
19,FakeManilaV2,101,5,510,0.2275,0.7719,0.0225,0.0231
19,FakeManilaV2,101,6,612,0.2239,0.7753,0.0036,0.0034
19,FakeManilaV2,101,7,714,0.2199,0.7795,0.004,0.0042
19,FakeManilaV2,101,8,816,0.2169,0.7829,0.003,0.0034
19,FakeManilaV2,101,9,918,0.2168,0.7831,0.0001,0.0001
19,FakeManilaV2,101,10,1024,0.2158,0.7841,0.001,0.001
19,FakeManilaV2,102,1,102,0.1667,0.8333,1.0,1.0
19,FakeManilaV2,102,2,204,0.152,0.846,0.0147,0.0127
19,FakeManilaV2,102,3,306,0.1634,0.8329,0.0114,0.0131
19,FakeManilaV2,102,4,408,0.1887,0.8084,0.0253,0.0244
19,FakeManilaV2,102,5,510,0.2059,0.7928,0.0172,0.0157
19,FakeManilaV2,102,6,612,0.1944,0.8039,0.0114,0.0111
19,FakeManilaV2,102,7,714,0.1961,0.8032,0.0016,0.0007
19,FakeManilaV2,102,8,816,0.1912,0.8083,0.0049,0.0051
19,FakeManilaV2,102,9,918,0.1917,0.8079,0.0005,0.0004
19,FakeManilaV2,102,10,1024,0.1982,0.8017,0.0065,0.0062
19,FakeManilaV2,103,1,102,0.1373,0.8623,1.0,1.0
19,FakeManilaV2,103,2,204,0.1618,0.8374,0.0245,0.0249
19,FakeManilaV2,103,3,306,0.1863,0.8132,0.0245,0.0242
19,FakeManilaV2,103,4,408,0.1887,0.8113,0.0025,0.0019
19,FakeManilaV2,103,5,510,0.2059,0.7941,0.0172,0.0171
19,FakeManilaV2,103,6,612,0.2059,0.7941,0.0,0.0
19,FakeManilaV2,103,7,714,0.2073,0.7927,0.0014,0.0014
19,FakeManilaV2,103,8,816,0.1961,0.8039,0.0112,0.0112
19,FakeManilaV2,103,9,918,0.2004,0.7995,0.0044,0.0044
19,FakeManilaV2,103,10,1024,0.2031,0.7968,0.0027,0.0027
19,FakeManilaV2,104,1,102,0.1765,0.816,1.0,1.0
19,FakeManilaV2,104,2,204,0.1814,0.8132,0.0049,0.0027
19,FakeManilaV2,104,3,306,0.1961,0.802,0.0147,0.0112
19,FakeManilaV2,104,4,408,0.1936,0.8056,0.0025,0.0035
19,FakeManilaV2,104,5,510,0.1961,0.8034,0.0025,0.0021
19,FakeManilaV2,104,6,612,0.1944,0.8053,0.0016,0.0018
19,FakeManilaV2,104,7,714,0.1989,0.801,0.0044,0.0043
19,FakeManilaV2,104,8,816,0.2108,0.7892,0.0119,0.0118
19,FakeManilaV2,104,9,918,0.2037,0.7962,0.0071,0.007
19,FakeManilaV2,104,10,1024,0.2012,0.7985,0.0025,0.0023
19,FakeManilaV2,105,1,102,0.1765,0.8217,1.0,1.0
19,FakeManilaV2,105,2,204,0.1863,0.8118,0.0098,0.0098
19,FakeManilaV2,105,3,306,0.1993,0.7997,0.0131,0.0121
19,FakeManilaV2,105,4,408,0.2132,0.7856,0.0139,0.0141
19,FakeManilaV2,105,5,510,0.2098,0.7887,0.0034,0.0031
19,FakeManilaV2,105,6,612,0.2059,0.793,0.0039,0.0043
19,FakeManilaV2,105,7,714,0.2115,0.7878,0.0056,0.0053
19,FakeManilaV2,105,8,816,0.2132,0.7858,0.0018,0.0019
19,FakeManilaV2,105,9,918,0.2135,0.7858,0.0003,0.0
19,FakeManilaV2,105,10,1024,0.2119,0.7875,0.0016,0.0017
19,FakeManilaV2,106,1,102,0.2059,0.7941,1.0,1.0
19,FakeManilaV2,106,2,204,0.1961,0.8034,0.0098,0.0094
19,FakeManilaV2,106,3,306,0.2026,0.7965,0.0065,0.0069
19,FakeManilaV2,106,4,408,0.1961,0.8039,0.0065,0.0074
19,FakeManilaV2,106,5,510,0.198,0.8019,0.002,0.002
19,FakeManilaV2,106,6,612,0.1863,0.8137,0.0118,0.0118
19,FakeManilaV2,106,7,714,0.1905,0.8095,0.0042,0.0042
19,FakeManilaV2,106,8,816,0.1912,0.8087,0.0007,0.0008
19,FakeManilaV2,106,9,918,0.2026,0.7971,0.0114,0.0115
19,FakeManilaV2,106,10,1024,0.208,0.7917,0.0054,0.0055
19,FakeManilaV2,107,1,102,0.2255,0.7663,1.0,1.0
19,FakeManilaV2,107,2,204,0.1961,0.8037,0.0294,0.0374
19,FakeManilaV2,107,3,306,0.2124,0.7872,0.0163,0.0165
19,FakeManilaV2,107,4,408,0.2083,0.7898,0.0041,0.0027
19,FakeManilaV2,107,5,510,0.202,0.7954,0.0064,0.0055
19,FakeManilaV2,107,6,612,0.2026,0.796,0.0007,0.0007
19,FakeManilaV2,107,7,714,0.1919,0.8075,0.0107,0.0115
19,FakeManilaV2,107,8,816,0.1936,0.8062,0.0018,0.0013
19,FakeManilaV2,107,9,918,0.195,0.8049,0.0014,0.0013
19,FakeManilaV2,107,10,1024,0.1943,0.8056,0.0007,0.0007
19,FakeManilaV2,108,1,102,0.2059,0.7941,1.0,1.0
19,FakeManilaV2,108,2,204,0.2059,0.7941,0.0,0.0
19,FakeManilaV2,108,3,306,0.1993,0.8005,0.0065,0.0064
19,FakeManilaV2,108,4,408,0.1936,0.8061,0.0057,0.0057
19,FakeManilaV2,108,5,510,0.2,0.8,0.0064,0.0062
19,FakeManilaV2,108,6,612,0.1993,0.8006,0.0007,0.0006
19,FakeManilaV2,108,7,714,0.2003,0.7995,0.0009,0.0011
19,FakeManilaV2,108,8,816,0.1961,0.8039,0.0042,0.0043
19,FakeManilaV2,108,9,918,0.1972,0.8028,0.0011,0.001
19,FakeManilaV2,108,10,1024,0.1934,0.8066,0.0038,0.0038
19,FakeManilaV2,109,1,102,0.1373,0.8626,1.0,1.0
19,FakeManilaV2,109,2,204,0.152,0.8468,0.0147,0.0158
19,FakeManilaV2,109,3,306,0.1503,0.8495,0.0016,0.0026
19,FakeManilaV2,109,4,408,0.1667,0.8332,0.0163,0.0163
19,FakeManilaV2,109,5,510,0.1725,0.8274,0.0059,0.0058
19,FakeManilaV2,109,6,612,0.1667,0.8333,0.0059,0.0059
19,FakeManilaV2,109,7,714,0.1695,0.8304,0.0028,0.0029
19,FakeManilaV2,109,8,816,0.1838,0.8159,0.0144,0.0145
19,FakeManilaV2,109,9,918,0.1885,0.8112,0.0046,0.0047
19,FakeManilaV2,109,10,1024,0.1904,0.8094,0.002,0.0018
19,FakeManilaV2,110,1,102,0.2157,0.7799,1.0,1.0
19,FakeManilaV2,110,2,204,0.2206,0.779,0.0049,0.0008
19,FakeManilaV2,110,3,306,0.219,0.7805,0.0016,0.0014
19,FakeManilaV2,110,4,408,0.2181,0.7808,0.0008,0.0004
19,FakeManilaV2,110,5,510,0.2196,0.7794,0.0015,0.0014
19,FakeManilaV2,110,6,612,0.2173,0.7822,0.0023,0.0028
19,FakeManilaV2,110,7,714,0.2115,0.7884,0.0058,0.0062
19,FakeManilaV2,110,8,816,0.2206,0.7791,0.0091,0.0093
19,FakeManilaV2,110,9,918,0.2146,0.7848,0.006,0.0056
19,FakeManilaV2,110,10,1024,0.2139,0.7855,0.0007,0.0008
19,FakeManilaV2,111,1,102,0.2745,0.725,1.0,1.0
19,FakeManilaV2,111,2,204,0.25,0.7494,0.0245,0.0244
19,FakeManilaV2,111,3,306,0.2353,0.7638,0.0147,0.0145
19,FakeManilaV2,111,4,408,0.2304,0.7678,0.0049,0.004
19,FakeManilaV2,111,5,510,0.2157,0.7838,0.0147,0.016
19,FakeManilaV2,111,6,612,0.219,0.7804,0.0033,0.0034
19,FakeManilaV2,111,7,714,0.2213,0.777,0.0023,0.0034
19,FakeManilaV2,111,8,816,0.2145,0.7848,0.0068,0.0078
19,FakeManilaV2,111,9,918,0.207,0.7925,0.0075,0.0077
19,FakeManilaV2,111,10,1024,0.21,0.7897,0.003,0.0028
19,FakeManilaV2,112,1,102,0.2353,0.7647,1.0,1.0
19,FakeManilaV2,112,2,204,0.2549,0.745,0.0196,0.0197
19,FakeManilaV2,112,3,306,0.2353,0.7647,0.0196,0.0197
19,FakeManilaV2,112,4,408,0.223,0.7769,0.0123,0.0123
19,FakeManilaV2,112,5,510,0.2157,0.7842,0.0074,0.0072
19,FakeManilaV2,112,6,612,0.2108,0.7892,0.0049,0.005
19,FakeManilaV2,112,7,714,0.2031,0.7969,0.0077,0.0077
19,FakeManilaV2,112,8,816,0.2083,0.7916,0.0053,0.0053
19,FakeManilaV2,112,9,918,0.2135,0.7865,0.0052,0.0051
19,FakeManilaV2,112,10,1024,0.2139,0.786,0.0004,0.0005
19,FakeManilaV2,113,1,102,0.2647,0.7337,1.0,1.0
19,FakeManilaV2,113,2,204,0.2255,0.7745,0.0392,0.0408
19,FakeManilaV2,113,3,306,0.1961,0.8039,0.0294,0.0294
19,FakeManilaV2,113,4,408,0.1912,0.8088,0.0049,0.0049
19,FakeManilaV2,113,5,510,0.202,0.798,0.0108,0.0108
19,FakeManilaV2,113,6,612,0.2026,0.7974,0.0007,0.0007
19,FakeManilaV2,113,7,714,0.2101,0.7899,0.0075,0.0075
19,FakeManilaV2,113,8,816,0.2071,0.7929,0.003,0.003
19,FakeManilaV2,113,9,918,0.2059,0.7941,0.0012,0.0012
19,FakeManilaV2,113,10,1024,0.2031,0.7968,0.0028,0.0028
19,FakeManilaV2,114,1,102,0.1961,0.8028,1.0,1.0
19,FakeManilaV2,114,2,204,0.2157,0.7842,0.0196,0.0187
19,FakeManilaV2,114,3,306,0.2255,0.7741,0.0098,0.0101
19,FakeManilaV2,114,4,408,0.223,0.7769,0.0025,0.0028
19,FakeManilaV2,114,5,510,0.2176,0.7824,0.0054,0.0055
19,FakeManilaV2,114,6,612,0.2108,0.7892,0.0069,0.0068
19,FakeManilaV2,114,7,714,0.2059,0.7941,0.0049,0.0049
19,FakeManilaV2,114,8,816,0.2047,0.7953,0.0012,0.0012
19,FakeManilaV2,114,9,918,0.2081,0.7919,0.0034,0.0035
19,FakeManilaV2,114,10,1024,0.209,0.7908,0.0009,0.001
19,FakeManilaV2,115,1,102,0.1765,0.814,1.0,1.0
19,FakeManilaV2,115,2,204,0.1863,0.8108,0.0098,0.0032
19,FakeManilaV2,115,3,306,0.1895,0.8082,0.0033,0.0025
19,FakeManilaV2,115,4,408,0.1912,0.8085,0.0016,0.0002
19,FakeManilaV2,115,5,510,0.1843,0.8155,0.0069,0.0071
19,FakeManilaV2,115,6,612,0.1993,0.8007,0.015,0.0149
19,FakeManilaV2,115,7,714,0.1919,0.8081,0.0075,0.0075
19,FakeManilaV2,115,8,816,0.201,0.799,0.0091,0.0091
19,FakeManilaV2,115,9,918,0.2026,0.7968,0.0016,0.0021
19,FakeManilaV2,115,10,1024,0.208,0.7916,0.0054,0.0053
19,FakeManilaV2,116,1,102,0.1667,0.8333,1.0,1.0
19,FakeManilaV2,116,2,204,0.152,0.8464,0.0147,0.0131
19,FakeManilaV2,116,3,306,0.1863,0.8123,0.0343,0.0342
19,FakeManilaV2,116,4,408,0.2108,0.7862,0.0245,0.0261
19,FakeManilaV2,116,5,510,0.2137,0.7844,0.0029,0.0017
19,FakeManilaV2,116,6,612,0.2141,0.7847,0.0003,0.0002
19,FakeManilaV2,116,7,714,0.2129,0.7854,0.0012,0.0008
19,FakeManilaV2,116,8,816,0.201,0.798,0.0119,0.0126
19,FakeManilaV2,116,9,918,0.2048,0.7945,0.0038,0.0035
19,FakeManilaV2,116,10,1024,0.21,0.7895,0.0052,0.0051
19,FakeManilaV2,117,1,102,0.1765,0.8217,1.0,1.0
19,FakeManilaV2,117,2,204,0.1961,0.8039,0.0196,0.0177
19,FakeManilaV2,117,3,306,0.1928,0.8068,0.0033,0.0029
19,FakeManilaV2,117,4,408,0.1814,0.8186,0.0114,0.0118
19,FakeManilaV2,117,5,510,0.2,0.8,0.0186,0.0186
19,FakeManilaV2,117,6,612,0.201,0.799,0.001,0.0009
19,FakeManilaV2,117,7,714,0.1961,0.8039,0.0049,0.0049
19,FakeManilaV2,117,8,816,0.1973,0.8027,0.0012,0.0012
19,FakeManilaV2,117,9,918,0.2059,0.7941,0.0086,0.0086
19,FakeManilaV2,117,10,1024,0.2031,0.7969,0.0028,0.0028
19,FakeManilaV2,118,1,102,0.2353,0.7627,1.0,1.0
19,FakeManilaV2,118,2,204,0.2451,0.7541,0.0098,0.0086
19,FakeManilaV2,118,3,306,0.2386,0.7613,0.0065,0.0072
19,FakeManilaV2,118,4,408,0.2279,0.772,0.0106,0.0107
19,FakeManilaV2,118,5,510,0.2353,0.7647,0.0074,0.0073
19,FakeManilaV2,118,6,612,0.2222,0.7777,0.0131,0.013
19,FakeManilaV2,118,7,714,0.2199,0.7801,0.0023,0.0023
19,FakeManilaV2,118,8,816,0.2132,0.7868,0.0067,0.0067
19,FakeManilaV2,118,9,918,0.2157,0.7843,0.0025,0.0025
19,FakeManilaV2,118,10,1024,0.2158,0.7841,0.0001,0.0001
19,FakeManilaV2,119,1,102,0.1961,0.8028,1.0,1.0
19,FakeManilaV2,119,2,204,0.1765,0.8206,0.0196,0.0178
19,FakeManilaV2,119,3,306,0.1961,0.8034,0.0196,0.0172
19,FakeManilaV2,119,4,408,0.2034,0.7961,0.0074,0.0073
19,FakeManilaV2,119,5,510,0.2059,0.7932,0.0025,0.0029
19,FakeManilaV2,119,6,612,0.2059,0.7929,0.0,0.0003
19,FakeManilaV2,119,7,714,0.2143,0.7847,0.0084,0.0082
19,FakeManilaV2,119,8,816,0.2108,0.7886,0.0035,0.0039
19,FakeManilaV2,119,9,918,0.2124,0.7872,0.0016,0.0014
19,FakeManilaV2,119,10,1024,0.2119,0.7878,0.0005,0.0006
20,FakeManilaV2,20,1,1000,0.007,1.0,1.0,1.0
20,FakeManilaV2,20,2,2000,0.0095,0.9999,0.0025,0.0
20,FakeManilaV2,20,3,3000,0.0017,1.0,0.0078,0.0001
20,FakeManilaV2,20,4,4000,0.0027,1.0,0.0011,0.0
20,FakeManilaV2,20,5,5000,0.003,1.0,0.0003,0.0
20,FakeManilaV2,20,6,6000,0.0047,1.0,0.0017,0.0
20,FakeManilaV2,20,7,7000,0.0046,1.0,0.0001,0.0
20,FakeManilaV2,20,8,8000,0.0046,1.0,0.0001,0.0
20,FakeManilaV2,20,9,9000,0.0048,1.0,0.0002,0.0
20,FakeManilaV2,20,10,10000,0.0031,1.0,0.0017,0.0
20,FakeManilaV2,21,1,1000,0.012,0.9999,1.0,1.0
20,FakeManilaV2,21,2,2000,0.0125,0.9998,0.0005,0.0
20,FakeManilaV2,21,3,3000,0.0167,0.9997,0.0042,0.0001
20,FakeManilaV2,21,4,4000,0.0155,0.9998,0.0012,0.0
20,FakeManilaV2,21,5,5000,0.0154,0.9998,0.0001,0.0
20,FakeManilaV2,21,6,6000,0.0098,0.9999,0.0056,0.0001
20,FakeManilaV2,21,7,7000,0.0063,1.0,0.0035,0.0001
20,FakeManilaV2,21,8,8000,0.0053,1.0,0.001,0.0
20,FakeManilaV2,21,9,9000,0.0013,1.0,0.0039,0.0
20,FakeManilaV2,21,10,10000,0.003,1.0,0.0017,0.0
20,FakeManilaV2,22,1,1000,0.036,0.9987,1.0,1.0
20,FakeManilaV2,22,2,2000,0.0245,0.9994,0.0115,0.0007
20,FakeManilaV2,22,3,3000,0.0143,0.9998,0.0102,0.0004
20,FakeManilaV2,22,4,4000,0.0155,0.9998,0.0012,0.0
20,FakeManilaV2,22,5,5000,0.0116,0.9999,0.0039,0.0001
20,FakeManilaV2,22,6,6000,0.0128,0.9998,0.0012,0.0
20,FakeManilaV2,22,7,7000,0.0116,0.9999,0.0013,0.0
20,FakeManilaV2,22,8,8000,0.0126,0.9998,0.0011,0.0
20,FakeManilaV2,22,9,9000,0.0088,0.9999,0.0038,0.0001
20,FakeManilaV2,22,10,10000,0.0073,0.9999,0.0015,0.0
20,FakeManilaV2,23,1,1000,0.027,0.9993,1.0,1.0
20,FakeManilaV2,23,2,2000,0.0215,0.9995,0.0055,0.0003
20,FakeManilaV2,23,3,3000,0.0067,1.0,0.0148,0.0004
20,FakeManilaV2,23,4,4000,0.0107,0.9999,0.0041,0.0001
20,FakeManilaV2,23,5,5000,0.0002,1.0,0.0106,0.0001
20,FakeManilaV2,23,6,6000,0.001,1.0,0.0008,0.0
20,FakeManilaV2,23,7,7000,0.0027,1.0,0.0017,0.0
20,FakeManilaV2,23,8,8000,0.0004,1.0,0.0023,0.0
20,FakeManilaV2,23,9,9000,0.0001,1.0,0.0003,0.0
20,FakeManilaV2,23,10,10000,0.0011,1.0,0.001,0.0
20,FakeManilaV2,24,1,1000,0.002,1.0,1.0,1.0
20,FakeManilaV2,24,2,2000,0.0155,0.9998,0.0135,0.0002
20,FakeManilaV2,24,3,3000,0.017,0.9997,0.0015,0.0
20,FakeManilaV2,24,4,4000,0.0157,0.9998,0.0013,0.0
20,FakeManilaV2,24,5,5000,0.0074,0.9999,0.0084,0.0002
20,FakeManilaV2,24,6,6000,0.0063,1.0,0.0011,0.0
20,FakeManilaV2,24,7,7000,0.004,1.0,0.0023,0.0
20,FakeManilaV2,24,8,8000,0.005,1.0,0.001,0.0
20,FakeManilaV2,24,9,9000,0.0043,1.0,0.0007,0.0
20,FakeManilaV2,24,10,10000,0.0043,1.0,0.0,0.0
20,FakeManilaV2,25,1,1000,0.003,1.0,1.0,1.0
20,FakeManilaV2,25,2,2000,0.0095,0.9999,0.0065,0.0001
20,FakeManilaV2,25,3,3000,0.0077,0.9999,0.0018,0.0
20,FakeManilaV2,25,4,4000,0.0032,1.0,0.0044,0.0
20,FakeManilaV2,25,5,5000,0.0062,1.0,0.003,0.0
20,FakeManilaV2,25,6,6000,0.0025,1.0,0.0037,0.0
20,FakeManilaV2,25,7,7000,0.0006,1.0,0.0019,0.0
20,FakeManilaV2,25,8,8000,0.0005,1.0,0.0001,0.0
20,FakeManilaV2,25,9,9000,0.0042,1.0,0.0037,0.0
20,FakeManilaV2,25,10,10000,0.0034,1.0,0.0008,0.0
20,FakeManilaV2,26,1,1000,0.004,1.0,1.0,1.0
20,FakeManilaV2,26,2,2000,0.009,0.9999,0.005,0.0001
20,FakeManilaV2,26,3,3000,0.0123,0.9998,0.0033,0.0001
20,FakeManilaV2,26,4,4000,0.0125,0.9998,0.0002,0.0
20,FakeManilaV2,26,5,5000,0.0106,0.9999,0.0019,0.0
20,FakeManilaV2,26,6,6000,0.004,1.0,0.0066,0.0001
20,FakeManilaV2,26,7,7000,0.0041,1.0,0.0001,0.0
20,FakeManilaV2,26,8,8000,0.0035,1.0,0.0006,0.0
20,FakeManilaV2,26,9,9000,0.0027,1.0,0.0008,0.0
20,FakeManilaV2,26,10,10000,0.0039,1.0,0.0012,0.0
20,FakeManilaV2,27,1,1000,0.007,1.0,1.0,1.0
20,FakeManilaV2,27,2,2000,0.001,1.0,0.006,0.0
20,FakeManilaV2,27,3,3000,0.0023,1.0,0.0013,0.0
20,FakeManilaV2,27,4,4000,0.001,1.0,0.0013,0.0
20,FakeManilaV2,27,5,5000,0.0008,1.0,0.0002,0.0
20,FakeManilaV2,27,6,6000,0.0025,1.0,0.0017,0.0
20,FakeManilaV2,27,7,7000,0.0043,1.0,0.0018,0.0
20,FakeManilaV2,27,8,8000,0.0021,1.0,0.0022,0.0
20,FakeManilaV2,27,9,9000,0.0011,1.0,0.001,0.0
20,FakeManilaV2,27,10,10000,0.0007,1.0,0.0004,0.0
20,FakeManilaV2,28,1,1000,0.04,0.9984,1.0,1.0
20,FakeManilaV2,28,2,2000,0.008,0.9999,0.032,0.0015
20,FakeManilaV2,28,3,3000,0.0203,0.9996,0.0123,0.0003
20,FakeManilaV2,28,4,4000,0.0187,0.9996,0.0016,0.0001
20,FakeManilaV2,28,5,5000,0.0174,0.9997,0.0014,0.0
20,FakeManilaV2,28,6,6000,0.0162,0.9997,0.0012,0.0
20,FakeManilaV2,28,7,7000,0.0147,0.9998,0.0015,0.0
20,FakeManilaV2,28,8,8000,0.01,0.9999,0.0047,0.0001
20,FakeManilaV2,28,9,9000,0.0096,0.9999,0.0004,0.0
20,FakeManilaV2,28,10,10000,0.0095,0.9999,0.0001,0.0
20,FakeManilaV2,29,1,1000,0.008,0.9999,1.0,1.0
20,FakeManilaV2,29,2,2000,0.002,1.0,0.006,0.0001
20,FakeManilaV2,29,3,3000,0.003,1.0,0.001,0.0
20,FakeManilaV2,29,4,4000,0.0035,1.0,0.0005,0.0
20,FakeManilaV2,29,5,5000,0.0,1.0,0.0035,0.0
20,FakeManilaV2,29,6,6000,0.0008,1.0,0.0008,0.0
20,FakeManilaV2,29,7,7000,0.0004,1.0,0.0004,0.0
20,FakeManilaV2,29,8,8000,0.0019,1.0,0.0014,0.0
20,FakeManilaV2,29,9,9000,0.0049,1.0,0.003,0.0
20,FakeManilaV2,29,10,10000,0.0035,1.0,0.0014,0.0
20,FakeManilaV2,30,1,1000,0.011,0.9999,1.0,1.0
20,FakeManilaV2,30,2,2000,0.0055,1.0,0.0055,0.0001
20,FakeManilaV2,30,3,3000,0.0077,0.9999,0.0022,0.0
20,FakeManilaV2,30,4,4000,0.0055,1.0,0.0022,0.0
20,FakeManilaV2,30,5,5000,0.0034,1.0,0.0021,0.0
20,FakeManilaV2,30,6,6000,0.0008,1.0,0.0026,0.0
20,FakeManilaV2,30,7,7000,0.0039,1.0,0.003,0.0
20,FakeManilaV2,30,8,8000,0.0045,1.0,0.0006,0.0
20,FakeManilaV2,30,9,9000,0.004,1.0,0.0005,0.0
20,FakeManilaV2,30,10,10000,0.0017,1.0,0.0023,0.0
20,FakeManilaV2,31,1,1000,0.003,1.0,1.0,1.0
20,FakeManilaV2,31,2,2000,0.0105,0.9999,0.0075,0.0001
20,FakeManilaV2,31,3,3000,0.009,0.9999,0.0015,0.0
20,FakeManilaV2,31,4,4000,0.0075,0.9999,0.0015,0.0
20,FakeManilaV2,31,5,5000,0.0136,0.9998,0.0061,0.0001
20,FakeManilaV2,31,6,6000,0.0163,0.9997,0.0027,0.0001
20,FakeManilaV2,31,7,7000,0.015,0.9998,0.0013,0.0
20,FakeManilaV2,31,8,8000,0.0129,0.9998,0.0021,0.0001
20,FakeManilaV2,31,9,9000,0.012,0.9999,0.0009,0.0
20,FakeManilaV2,31,10,10000,0.0123,0.9998,0.0003,0.0
20,FakeManilaV2,32,1,1000,0.0,1.0,1.0,1.0
20,FakeManilaV2,32,2,2000,0.006,1.0,0.006,0.0
20,FakeManilaV2,32,3,3000,0.005,1.0,0.001,0.0
20,FakeManilaV2,32,4,4000,0.0015,1.0,0.0035,0.0
20,FakeManilaV2,32,5,5000,0.0024,1.0,0.0009,0.0
20,FakeManilaV2,32,6,6000,0.0035,1.0,0.0011,0.0
20,FakeManilaV2,32,7,7000,0.001,1.0,0.0025,0.0
20,FakeManilaV2,32,8,8000,0.0005,1.0,0.0005,0.0
20,FakeManilaV2,32,9,9000,0.0009,1.0,0.0004,0.0
20,FakeManilaV2,32,10,10000,0.0,1.0,0.0009,0.0
20,FakeManilaV2,33,1,1000,0.009,0.9999,1.0,1.0
20,FakeManilaV2,33,2,2000,0.0045,1.0,0.0045,0.0001
20,FakeManilaV2,33,3,3000,0.003,1.0,0.0015,0.0
20,FakeManilaV2,33,4,4000,0.003,1.0,0.0,0.0
20,FakeManilaV2,33,5,5000,0.0006,1.0,0.0024,0.0
20,FakeManilaV2,33,6,6000,0.0002,1.0,0.0004,0.0
20,FakeManilaV2,33,7,7000,0.0016,1.0,0.0014,0.0
20,FakeManilaV2,33,8,8000,0.0035,1.0,0.0019,0.0
20,FakeManilaV2,33,9,9000,0.0044,1.0,0.0009,0.0
20,FakeManilaV2,33,10,10000,0.0006,1.0,0.0038,0.0
20,FakeManilaV2,34,1,1000,0.035,0.9988,1.0,1.0
20,FakeManilaV2,34,2,2000,0.0195,0.9996,0.0155,0.0008
20,FakeManilaV2,34,3,3000,0.023,0.9995,0.0035,0.0001
20,FakeManilaV2,34,4,4000,0.0155,0.9998,0.0075,0.0003
20,FakeManilaV2,34,5,5000,0.0126,0.9998,0.0029,0.0001
20,FakeManilaV2,34,6,6000,0.0075,0.9999,0.0051,0.0001
20,FakeManilaV2,34,7,7000,0.0026,1.0,0.0049,0.0
20,FakeManilaV2,34,8,8000,0.0004,1.0,0.0022,0.0
20,FakeManilaV2,34,9,9000,0.0014,1.0,0.0011,0.0
20,FakeManilaV2,34,10,10000,0.0001,1.0,0.0013,0.0
20,FakeManilaV2,35,1,1000,0.007,1.0,1.0,1.0
20,FakeManilaV2,35,2,2000,0.0275,0.9992,0.0205,0.0007
20,FakeManilaV2,35,3,3000,0.0193,0.9996,0.0082,0.0004
20,FakeManilaV2,35,4,4000,0.0193,0.9996,0.0001,0.0
20,FakeManilaV2,35,5,5000,0.0164,0.9997,0.0028,0.0001
20,FakeManilaV2,35,6,6000,0.0135,0.9998,0.0029,0.0001
20,FakeManilaV2,35,7,7000,0.0101,0.9999,0.0034,0.0001
20,FakeManilaV2,35,8,8000,0.0076,0.9999,0.0025,0.0
20,FakeManilaV2,35,9,9000,0.0059,1.0,0.0017,0.0
20,FakeManilaV2,35,10,10000,0.003,1.0,0.0029,0.0
20,FakeManilaV2,36,1,1000,0.006,1.0,1.0,1.0
20,FakeManilaV2,36,2,2000,0.0025,1.0,0.0035,0.0
20,FakeManilaV2,36,3,3000,0.0033,1.0,0.0008,0.0
20,FakeManilaV2,36,4,4000,0.0015,1.0,0.0018,0.0
20,FakeManilaV2,36,5,5000,0.0032,1.0,0.0017,0.0
20,FakeManilaV2,36,6,6000,0.0008,1.0,0.0024,0.0
20,FakeManilaV2,36,7,7000,0.0024,1.0,0.0016,0.0
20,FakeManilaV2,36,8,8000,0.0059,1.0,0.0034,0.0
20,FakeManilaV2,36,9,9000,0.0073,0.9999,0.0015,0.0
20,FakeManilaV2,36,10,10000,0.0043,1.0,0.003,0.0
20,FakeManilaV2,37,1,1000,0.018,0.9997,1.0,1.0
20,FakeManilaV2,37,2,2000,0.009,0.9999,0.009,0.0002
20,FakeManilaV2,37,3,3000,0.0033,1.0,0.0057,0.0001
20,FakeManilaV2,37,4,4000,0.0023,1.0,0.0011,0.0
20,FakeManilaV2,37,5,5000,0.0022,1.0,0.0,0.0
20,FakeManilaV2,37,6,6000,0.0062,1.0,0.004,0.0
20,FakeManilaV2,37,7,7000,0.0097,0.9999,0.0035,0.0001
20,FakeManilaV2,37,8,8000,0.0099,0.9999,0.0002,0.0
20,FakeManilaV2,37,9,9000,0.0083,0.9999,0.0015,0.0
20,FakeManilaV2,37,10,10000,0.0063,1.0,0.002,0.0
20,FakeManilaV2,38,1,1000,0.019,0.9996,1.0,1.0
20,FakeManilaV2,38,2,2000,0.016,0.9997,0.003,0.0001
20,FakeManilaV2,38,3,3000,0.0013,1.0,0.0147,0.0003
20,FakeManilaV2,38,4,4000,0.0025,1.0,0.0012,0.0
20,FakeManilaV2,38,5,5000,0.0048,1.0,0.0023,0.0
20,FakeManilaV2,38,6,6000,0.0092,0.9999,0.0044,0.0001
20,FakeManilaV2,38,7,7000,0.0083,0.9999,0.0009,0.0
20,FakeManilaV2,38,8,8000,0.0109,0.9999,0.0026,0.0
20,FakeManilaV2,38,9,9000,0.0116,0.9999,0.0007,0.0
20,FakeManilaV2,38,10,10000,0.011,0.9999,0.0006,0.0
20,FakeManilaV2,39,1,1000,0.025,0.9994,1.0,1.0
20,FakeManilaV2,39,2,2000,0.016,0.9997,0.009,0.0004
20,FakeManilaV2,39,3,3000,0.0213,0.9995,0.0053,0.0002
20,FakeManilaV2,39,4,4000,0.0175,0.9997,0.0038,0.0001
20,FakeManilaV2,39,5,5000,0.0092,0.9999,0.0083,0.0002
20,FakeManilaV2,39,6,6000,0.0062,1.0,0.003,0.0
20,FakeManilaV2,39,7,7000,0.0043,1.0,0.0019,0.0
20,FakeManilaV2,39,8,8000,0.0039,1.0,0.0004,0.0
20,FakeManilaV2,39,9,9000,0.007,1.0,0.0031,0.0
20,FakeManilaV2,39,10,10000,0.0062,1.0,0.0008,0.0
20,FakeManilaV2,40,1,1000,0.017,0.9997,1.0,1.0
20,FakeManilaV2,40,2,2000,0.0,1.0,0.017,0.0003
20,FakeManilaV2,40,3,3000,0.0023,1.0,0.0023,0.0
20,FakeManilaV2,40,4,4000,0.0053,1.0,0.0029,0.0
20,FakeManilaV2,40,5,5000,0.0012,1.0,0.004,0.0
20,FakeManilaV2,40,6,6000,0.0003,1.0,0.0009,0.0
20,FakeManilaV2,40,7,7000,0.0004,1.0,0.0001,0.0
20,FakeManilaV2,40,8,8000,0.0007,1.0,0.0003,0.0
20,FakeManilaV2,40,9,9000,0.0006,1.0,0.0002,0.0
20,FakeManilaV2,40,10,10000,0.0039,1.0,0.0033,0.0
20,FakeManilaV2,41,1,1000,0.005,1.0,1.0,1.0
20,FakeManilaV2,41,2,2000,0.001,1.0,0.004,0.0
20,FakeManilaV2,41,3,3000,0.0053,1.0,0.0043,0.0
20,FakeManilaV2,41,4,4000,0.0075,0.9999,0.0022,0.0
20,FakeManilaV2,41,5,5000,0.001,1.0,0.0065,0.0001
20,FakeManilaV2,41,6,6000,0.003,1.0,0.002,0.0
20,FakeManilaV2,41,7,7000,0.0026,1.0,0.0004,0.0
20,FakeManilaV2,41,8,8000,0.0041,1.0,0.0016,0.0
20,FakeManilaV2,41,9,9000,0.002,1.0,0.0021,0.0
20,FakeManilaV2,41,10,10000,0.0005,1.0,0.0015,0.0
20,FakeManilaV2,42,1,1000,0.015,0.9998,1.0,1.0
20,FakeManilaV2,42,2,2000,0.01,0.9999,0.005,0.0001
20,FakeManilaV2,42,3,3000,0.0173,0.9997,0.0073,0.0002
20,FakeManilaV2,42,4,4000,0.012,0.9999,0.0053,0.0002
20,FakeManilaV2,42,5,5000,0.0102,0.9999,0.0018,0.0
20,FakeManilaV2,42,6,6000,0.0075,0.9999,0.0027,0.0
20,FakeManilaV2,42,7,7000,0.0056,1.0,0.0019,0.0
20,FakeManilaV2,42,8,8000,0.0099,0.9999,0.0043,0.0001
20,FakeManilaV2,42,9,9000,0.0082,0.9999,0.0017,0.0
20,FakeManilaV2,42,10,10000,0.0063,1.0,0.0019,0.0
20,FakeManilaV2,43,1,1000,0.012,0.9999,1.0,1.0
20,FakeManilaV2,43,2,2000,0.0135,0.9998,0.0015,0.0
20,FakeManilaV2,43,3,3000,0.0057,1.0,0.0078,0.0002
20,FakeManilaV2,43,4,4000,0.0012,1.0,0.0044,0.0
20,FakeManilaV2,43,5,5000,0.001,1.0,0.0002,0.0
20,FakeManilaV2,43,6,6000,0.0055,1.0,0.0045,0.0
20,FakeManilaV2,43,7,7000,0.0056,1.0,0.0001,0.0
20,FakeManilaV2,43,8,8000,0.0087,0.9999,0.0032,0.0
20,FakeManilaV2,43,9,9000,0.0104,0.9999,0.0017,0.0
20,FakeManilaV2,43,10,10000,0.0093,0.9999,0.0011,0.0
20,FakeManilaV2,44,1,1000,0.017,0.9997,1.0,1.0
20,FakeManilaV2,44,2,2000,0.0125,0.9998,0.0045,0.0001
20,FakeManilaV2,44,3,3000,0.0083,0.9999,0.0042,0.0001
20,FakeManilaV2,44,4,4000,0.0043,1.0,0.0041,0.0001
20,FakeManilaV2,44,5,5000,0.004,1.0,0.0002,0.0
20,FakeManilaV2,44,6,6000,0.0027,1.0,0.0013,0.0
20,FakeManilaV2,44,7,7000,0.0046,1.0,0.0019,0.0
20,FakeManilaV2,44,8,8000,0.005,1.0,0.0004,0.0
20,FakeManilaV2,44,9,9000,0.0031,1.0,0.0019,0.0
20,FakeManilaV2,44,10,10000,0.0021,1.0,0.001,0.0
20,FakeManilaV2,45,1,1000,0.021,0.9996,1.0,1.0
20,FakeManilaV2,45,2,2000,0.0015,1.0,0.0195,0.0004
20,FakeManilaV2,45,3,3000,0.0107,0.9999,0.0092,0.0001
20,FakeManilaV2,45,4,4000,0.0072,0.9999,0.0034,0.0001
20,FakeManilaV2,45,5,5000,0.0066,1.0,0.0006,0.0
20,FakeManilaV2,45,6,6000,0.0007,1.0,0.0059,0.0
20,FakeManilaV2,45,7,7000,0.0039,1.0,0.0032,0.0
20,FakeManilaV2,45,8,8000,0.0066,1.0,0.0028,0.0
20,FakeManilaV2,45,9,9000,0.0061,1.0,0.0005,0.0
20,FakeManilaV2,45,10,10000,0.0054,1.0,0.0007,0.0
20,FakeManilaV2,46,1,1000,0.006,1.0,1.0,1.0
20,FakeManilaV2,46,2,2000,0.005,1.0,0.001,0.0
20,FakeManilaV2,46,3,3000,0.0047,1.0,0.0003,0.0
20,FakeManilaV2,46,4,4000,0.003,1.0,0.0017,0.0
20,FakeManilaV2,46,5,5000,0.0024,1.0,0.0006,0.0
20,FakeManilaV2,46,6,6000,0.006,1.0,0.0036,0.0
20,FakeManilaV2,46,7,7000,0.0006,1.0,0.0054,0.0
20,FakeManilaV2,46,8,8000,0.0006,1.0,0.0001,0.0
20,FakeManilaV2,46,9,9000,0.0007,1.0,0.0,0.0
20,FakeManilaV2,46,10,10000,0.0002,1.0,0.0005,0.0
20,FakeManilaV2,47,1,1000,0.002,1.0,1.0,1.0
20,FakeManilaV2,47,2,2000,0.006,1.0,0.004,0.0
20,FakeManilaV2,47,3,3000,0.0,1.0,0.006,0.0
20,FakeManilaV2,47,4,4000,0.0005,1.0,0.0005,0.0
20,FakeManilaV2,47,5,5000,0.0024,1.0,0.0019,0.0
20,FakeManilaV2,47,6,6000,0.005,1.0,0.0026,0.0
20,FakeManilaV2,47,7,7000,0.0063,1.0,0.0013,0.0
20,FakeManilaV2,47,8,8000,0.0064,1.0,0.0001,0.0
20,FakeManilaV2,47,9,9000,0.0071,0.9999,0.0007,0.0
20,FakeManilaV2,47,10,10000,0.0056,1.0,0.0015,0.0
20,FakeManilaV2,48,1,1000,0.0,1.0,1.0,1.0
20,FakeManilaV2,48,2,2000,0.0055,1.0,0.0055,0.0
20,FakeManilaV2,48,3,3000,0.002,1.0,0.0035,0.0
20,FakeManilaV2,48,4,4000,0.0002,1.0,0.0018,0.0
20,FakeManilaV2,48,5,5000,0.0016,1.0,0.0014,0.0
20,FakeManilaV2,48,6,6000,0.002,1.0,0.0004,0.0
20,FakeManilaV2,48,7,7000,0.0069,1.0,0.0049,0.0
20,FakeManilaV2,48,8,8000,0.0071,0.9999,0.0003,0.0
20,FakeManilaV2,48,9,9000,0.0078,0.9999,0.0007,0.0
20,FakeManilaV2,48,10,10000,0.0092,0.9999,0.0014,0.0
20,FakeManilaV2,49,1,1000,0.01,0.9999,1.0,1.0
20,FakeManilaV2,49,2,2000,0.011,0.9999,0.001,0.0
20,FakeManilaV2,49,3,3000,0.008,0.9999,0.003,0.0001
20,FakeManilaV2,49,4,4000,0.0047,1.0,0.0033,0.0
20,FakeManilaV2,49,5,5000,0.0064,1.0,0.0016,0.0
20,FakeManilaV2,49,6,6000,0.0102,0.9999,0.0038,0.0001
20,FakeManilaV2,49,7,7000,0.0064,1.0,0.0037,0.0001
20,FakeManilaV2,49,8,8000,0.0032,1.0,0.0032,0.0
20,FakeManilaV2,49,9,9000,0.0039,1.0,0.0006,0.0
20,FakeManilaV2,49,10,10000,0.0042,1.0,0.0003,0.0
20,FakeManilaV2,50,1,1000,0.001,1.0,1.0,1.0
20,FakeManilaV2,50,2,2000,0.0075,0.9999,0.0065,0.0001
20,FakeManilaV2,50,3,3000,0.0013,1.0,0.0062,0.0001
20,FakeManilaV2,50,4,4000,0.0013,1.0,0.0001,0.0
20,FakeManilaV2,50,5,5000,0.0026,1.0,0.0013,0.0
20,FakeManilaV2,50,6,6000,0.0025,1.0,0.0001,0.0
20,FakeManilaV2,50,7,7000,0.0041,1.0,0.0016,0.0
20,FakeManilaV2,50,8,8000,0.0044,1.0,0.0002,0.0
20,FakeManilaV2,50,9,9000,0.0063,1.0,0.002,0.0
20,FakeManilaV2,50,10,10000,0.0063,1.0,0.0,0.0
20,FakeManilaV2,51,1,1000,0.002,1.0,1.0,1.0
20,FakeManilaV2,51,2,2000,0.0,1.0,0.002,0.0
20,FakeManilaV2,51,3,3000,0.004,1.0,0.004,0.0
20,FakeManilaV2,51,4,4000,0.0048,1.0,0.0008,0.0
20,FakeManilaV2,51,5,5000,0.0046,1.0,0.0001,0.0
20,FakeManilaV2,51,6,6000,0.0027,1.0,0.0019,0.0
20,FakeManilaV2,51,7,7000,0.0001,1.0,0.0025,0.0
20,FakeManilaV2,51,8,8000,0.0016,1.0,0.0015,0.0
20,FakeManilaV2,51,9,9000,0.0047,1.0,0.003,0.0
20,FakeManilaV2,51,10,10000,0.0027,1.0,0.002,0.0
20,FakeManilaV2,52,1,1000,0.017,0.9997,1.0,1.0
20,FakeManilaV2,52,2,2000,0.016,0.9997,0.001,0.0
20,FakeManilaV2,52,3,3000,0.0077,0.9999,0.0083,0.0002
20,FakeManilaV2,52,4,4000,0.0108,0.9999,0.0031,0.0001
20,FakeManilaV2,52,5,5000,0.0082,0.9999,0.0026,0.0
20,FakeManilaV2,52,6,6000,0.0068,1.0,0.0014,0.0
20,FakeManilaV2,52,7,7000,0.0077,0.9999,0.0009,0.0
20,FakeManilaV2,52,8,8000,0.0059,1.0,0.0018,0.0
20,FakeManilaV2,52,9,9000,0.0066,1.0,0.0007,0.0
20,FakeManilaV2,52,10,10000,0.0041,1.0,0.0025,0.0
20,FakeManilaV2,53,1,1000,0.013,0.9998,1.0,1.0
20,FakeManilaV2,53,2,2000,0.0025,1.0,0.0105,0.0002
20,FakeManilaV2,53,3,3000,0.012,0.9999,0.0095,0.0001
20,FakeManilaV2,53,4,4000,0.0127,0.9998,0.0008,0.0
20,FakeManilaV2,53,5,5000,0.0074,0.9999,0.0054,0.0001
20,FakeManilaV2,53,6,6000,0.0048,1.0,0.0026,0.0
20,FakeManilaV2,53,7,7000,0.0054,1.0,0.0006,0.0
20,FakeManilaV2,53,8,8000,0.0019,1.0,0.0036,0.0
20,FakeManilaV2,53,9,9000,0.0,1.0,0.0019,0.0
20,FakeManilaV2,53,10,10000,0.0005,1.0,0.0005,0.0
20,FakeManilaV2,54,1,1000,0.001,1.0,1.0,1.0
20,FakeManilaV2,54,2,2000,0.002,1.0,0.001,0.0
20,FakeManilaV2,54,3,3000,0.011,0.9999,0.009,0.0001
20,FakeManilaV2,54,4,4000,0.0018,1.0,0.0093,0.0001
20,FakeManilaV2,54,5,5000,0.001,1.0,0.0008,0.0
20,FakeManilaV2,54,6,6000,0.0003,1.0,0.0007,0.0
20,FakeManilaV2,54,7,7000,0.0004,1.0,0.0001,0.0
20,FakeManilaV2,54,8,8000,0.0004,1.0,0.0001,0.0
20,FakeManilaV2,54,9,9000,0.0019,1.0,0.0015,0.0
20,FakeManilaV2,54,10,10000,0.0005,1.0,0.0014,0.0
20,FakeManilaV2,55,1,1000,0.017,0.9997,1.0,1.0
20,FakeManilaV2,55,2,2000,0.002,1.0,0.015,0.0003
20,FakeManilaV2,55,3,3000,0.0033,1.0,0.0013,0.0
20,FakeManilaV2,55,4,4000,0.0007,1.0,0.0026,0.0
20,FakeManilaV2,55,5,5000,0.0014,1.0,0.0007,0.0
20,FakeManilaV2,55,6,6000,0.006,1.0,0.0046,0.0
20,FakeManilaV2,55,7,7000,0.0091,0.9999,0.0031,0.0
20,FakeManilaV2,55,8,8000,0.0113,0.9999,0.0021,0.0
20,FakeManilaV2,55,9,9000,0.0102,0.9999,0.001,0.0
20,FakeManilaV2,55,10,10000,0.0076,0.9999,0.0026,0.0
20,FakeManilaV2,56,1,1000,0.012,0.9999,1.0,1.0
20,FakeManilaV2,56,2,2000,0.0045,1.0,0.0075,0.0001
20,FakeManilaV2,56,3,3000,0.0083,0.9999,0.0038,0.0
20,FakeManilaV2,56,4,4000,0.0153,0.9998,0.0069,0.0002
20,FakeManilaV2,56,5,5000,0.0174,0.9997,0.0022,0.0001
20,FakeManilaV2,56,6,6000,0.013,0.9998,0.0044,0.0001
20,FakeManilaV2,56,7,7000,0.0131,0.9998,0.0001,0.0
20,FakeManilaV2,56,8,8000,0.0085,0.9999,0.0046,0.0001
20,FakeManilaV2,56,9,9000,0.0039,1.0,0.0046,0.0001
20,FakeManilaV2,56,10,10000,0.0037,1.0,0.0002,0.0
20,FakeManilaV2,57,1,1000,0.011,0.9999,1.0,1.0
20,FakeManilaV2,57,2,2000,0.012,0.9999,0.001,0.0
20,FakeManilaV2,57,3,3000,0.0043,1.0,0.0077,0.0001
20,FakeManilaV2,57,4,4000,0.004,1.0,0.0003,0.0
20,FakeManilaV2,57,5,5000,0.0002,1.0,0.0038,0.0
20,FakeManilaV2,57,6,6000,0.003,1.0,0.0028,0.0
20,FakeManilaV2,57,7,7000,0.0006,1.0,0.0024,0.0
20,FakeManilaV2,57,8,8000,0.0026,1.0,0.0021,0.0
20,FakeManilaV2,57,9,9000,0.0017,1.0,0.001,0.0
20,FakeManilaV2,57,10,10000,0.0011,1.0,0.0006,0.0
20,FakeManilaV2,58,1,1000,0.002,1.0,1.0,1.0
20,FakeManilaV2,58,2,2000,0.0055,1.0,0.0035,0.0
20,FakeManilaV2,58,3,3000,0.003,1.0,0.0025,0.0
20,FakeManilaV2,58,4,4000,0.0008,1.0,0.0023,0.0
20,FakeManilaV2,58,5,5000,0.0002,1.0,0.0006,0.0
20,FakeManilaV2,58,6,6000,0.0027,1.0,0.0025,0.0
20,FakeManilaV2,58,7,7000,0.002,1.0,0.0007,0.0
20,FakeManilaV2,58,8,8000,0.0046,1.0,0.0026,0.0
20,FakeManilaV2,58,9,9000,0.0036,1.0,0.0011,0.0
20,FakeManilaV2,58,10,10000,0.0051,1.0,0.0015,0.0
20,FakeManilaV2,59,1,1000,0.01,0.9999,1.0,1.0
20,FakeManilaV2,59,2,2000,0.0005,1.0,0.0095,0.0001
20,FakeManilaV2,59,3,3000,0.0047,1.0,0.0042,0.0
20,FakeManilaV2,59,4,4000,0.002,1.0,0.0027,0.0
20,FakeManilaV2,59,5,5000,0.0006,1.0,0.0014,0.0
20,FakeManilaV2,59,6,6000,0.0002,1.0,0.0004,0.0
20,FakeManilaV2,59,7,7000,0.0033,1.0,0.0031,0.0
20,FakeManilaV2,59,8,8000,0.0047,1.0,0.0015,0.0
20,FakeManilaV2,59,9,9000,0.0018,1.0,0.003,0.0
20,FakeManilaV2,59,10,10000,0.0011,1.0,0.0007,0.0
20,FakeManilaV2,60,1,1000,0.008,0.9999,1.0,1.0
20,FakeManilaV2,60,2,2000,0.004,1.0,0.004,0.0
20,FakeManilaV2,60,3,3000,0.004,1.0,0.0,0.0
20,FakeManilaV2,60,4,4000,0.0005,1.0,0.0035,0.0
20,FakeManilaV2,60,5,5000,0.0028,1.0,0.0023,0.0
20,FakeManilaV2,60,6,6000,0.0022,1.0,0.0006,0.0
20,FakeManilaV2,60,7,7000,0.0011,1.0,0.001,0.0
20,FakeManilaV2,60,8,8000,0.0004,1.0,0.0008,0.0
20,FakeManilaV2,60,9,9000,0.0012,1.0,0.0008,0.0
20,FakeManilaV2,60,10,10000,0.0012,1.0,0.0,0.0
20,FakeManilaV2,61,1,1000,0.001,1.0,1.0,1.0
20,FakeManilaV2,61,2,2000,0.0025,1.0,0.0015,0.0
20,FakeManilaV2,61,3,3000,0.0017,1.0,0.0008,0.0
20,FakeManilaV2,61,4,4000,0.0038,1.0,0.0021,0.0
20,FakeManilaV2,61,5,5000,0.0,1.0,0.0038,0.0
20,FakeManilaV2,61,6,6000,0.0025,1.0,0.0025,0.0
20,FakeManilaV2,61,7,7000,0.0059,1.0,0.0034,0.0
20,FakeManilaV2,61,8,8000,0.0039,1.0,0.002,0.0
20,FakeManilaV2,61,9,9000,0.0029,1.0,0.001,0.0
20,FakeManilaV2,61,10,10000,0.0035,1.0,0.0006,0.0
20,FakeManilaV2,62,1,1000,0.003,1.0,1.0,1.0
20,FakeManilaV2,62,2,2000,0.0025,1.0,0.0005,0.0
20,FakeManilaV2,62,3,3000,0.006,1.0,0.0035,0.0
20,FakeManilaV2,62,4,4000,0.0037,1.0,0.0023,0.0
20,FakeManilaV2,62,5,5000,0.0048,1.0,0.0011,0.0
20,FakeManilaV2,62,6,6000,0.0032,1.0,0.0016,0.0
20,FakeManilaV2,62,7,7000,0.0007,1.0,0.0025,0.0
20,FakeManilaV2,62,8,8000,0.0004,1.0,0.0003,0.0
20,FakeManilaV2,62,9,9000,0.002,1.0,0.0016,0.0
20,FakeManilaV2,62,10,10000,0.0028,1.0,0.0008,0.0
20,FakeManilaV2,63,1,1000,0.007,1.0,1.0,1.0
20,FakeManilaV2,63,2,2000,0.0065,1.0,0.0005,0.0
20,FakeManilaV2,63,3,3000,0.017,0.9997,0.0105,0.0002
20,FakeManilaV2,63,4,4000,0.0152,0.9998,0.0018,0.0001
20,FakeManilaV2,63,5,5000,0.0128,0.9998,0.0024,0.0001
20,FakeManilaV2,63,6,6000,0.0095,0.9999,0.0033,0.0001
20,FakeManilaV2,63,7,7000,0.0114,0.9999,0.0019,0.0
20,FakeManilaV2,63,8,8000,0.014,0.9998,0.0026,0.0001
20,FakeManilaV2,63,9,9000,0.0136,0.9998,0.0004,0.0
20,FakeManilaV2,63,10,10000,0.0118,0.9999,0.0018,0.0
20,FakeManilaV2,64,1,1000,0.009,0.9999,1.0,1.0
20,FakeManilaV2,64,2,2000,0.0025,1.0,0.0065,0.0001
20,FakeManilaV2,64,3,3000,0.005,1.0,0.0025,0.0
20,FakeManilaV2,64,4,4000,0.0072,0.9999,0.0022,0.0
20,FakeManilaV2,64,5,5000,0.0076,0.9999,0.0004,0.0
20,FakeManilaV2,64,6,6000,0.0068,1.0,0.0008,0.0
20,FakeManilaV2,64,7,7000,0.0053,1.0,0.0015,0.0
20,FakeManilaV2,64,8,8000,0.0055,1.0,0.0002,0.0
20,FakeManilaV2,64,9,9000,0.0071,0.9999,0.0016,0.0
20,FakeManilaV2,64,10,10000,0.0065,1.0,0.0006,0.0
20,FakeManilaV2,65,1,1000,0.003,1.0,1.0,1.0
20,FakeManilaV2,65,2,2000,0.008,0.9999,0.005,0.0001
20,FakeManilaV2,65,3,3000,0.0083,0.9999,0.0003,0.0
20,FakeManilaV2,65,4,4000,0.0075,0.9999,0.0008,0.0
20,FakeManilaV2,65,5,5000,0.0082,0.9999,0.0007,0.0
20,FakeManilaV2,65,6,6000,0.0087,0.9999,0.0005,0.0
20,FakeManilaV2,65,7,7000,0.0069,1.0,0.0018,0.0
20,FakeManilaV2,65,8,8000,0.0102,0.9999,0.0034,0.0001
20,FakeManilaV2,65,9,9000,0.0079,0.9999,0.0024,0.0
20,FakeManilaV2,65,10,10000,0.0084,0.9999,0.0005,0.0
20,FakeManilaV2,66,1,1000,0.009,0.9999,1.0,1.0
20,FakeManilaV2,66,2,2000,0.0105,0.9999,0.0015,0.0
20,FakeManilaV2,66,3,3000,0.0033,1.0,0.0072,0.0001
20,FakeManilaV2,66,4,4000,0.0033,1.0,0.0001,0.0
20,FakeManilaV2,66,5,5000,0.0036,1.0,0.0004,0.0
20,FakeManilaV2,66,6,6000,0.0048,1.0,0.0012,0.0
20,FakeManilaV2,66,7,7000,0.0036,1.0,0.0013,0.0
20,FakeManilaV2,66,8,8000,0.001,1.0,0.0026,0.0
20,FakeManilaV2,66,9,9000,0.0003,1.0,0.0007,0.0
20,FakeManilaV2,66,10,10000,0.0018,1.0,0.0015,0.0
20,FakeManilaV2,67,1,1000,0.004,1.0,1.0,1.0
20,FakeManilaV2,67,2,2000,0.0045,1.0,0.0005,0.0
20,FakeManilaV2,67,3,3000,0.0023,1.0,0.0022,0.0
20,FakeManilaV2,67,4,4000,0.0033,1.0,0.0009,0.0
20,FakeManilaV2,67,5,5000,0.0004,1.0,0.0028,0.0
20,FakeManilaV2,67,6,6000,0.0015,1.0,0.0011,0.0
20,FakeManilaV2,67,7,7000,0.0009,1.0,0.0006,0.0
20,FakeManilaV2,67,8,8000,0.0006,1.0,0.0002,0.0
20,FakeManilaV2,67,9,9000,0.0031,1.0,0.0025,0.0
20,FakeManilaV2,67,10,10000,0.0043,1.0,0.0012,0.0
20,FakeManilaV2,68,1,1000,0.012,0.9999,1.0,1.0
20,FakeManilaV2,68,2,2000,0.0045,1.0,0.0075,0.0001
20,FakeManilaV2,68,3,3000,0.0083,0.9999,0.0038,0.0
20,FakeManilaV2,68,4,4000,0.0055,1.0,0.0028,0.0
20,FakeManilaV2,68,5,5000,0.01,0.9999,0.0045,0.0001
20,FakeManilaV2,68,6,6000,0.0027,1.0,0.0073,0.0001
20,FakeManilaV2,68,7,7000,0.0009,1.0,0.0018,0.0
20,FakeManilaV2,68,8,8000,0.0018,1.0,0.0009,0.0
20,FakeManilaV2,68,9,9000,0.0012,1.0,0.0005,0.0
20,FakeManilaV2,68,10,10000,0.0023,1.0,0.0011,0.0
20,FakeManilaV2,69,1,1000,0.014,0.9998,1.0,1.0
20,FakeManilaV2,69,2,2000,0.006,1.0,0.008,0.0002
20,FakeManilaV2,69,3,3000,0.0003,1.0,0.0057,0.0
20,FakeManilaV2,69,4,4000,0.0,1.0,0.0003,0.0
20,FakeManilaV2,69,5,5000,0.0046,1.0,0.0046,0.0
20,FakeManilaV2,69,6,6000,0.0058,1.0,0.0012,0.0
20,FakeManilaV2,69,7,7000,0.0047,1.0,0.0011,0.0
20,FakeManilaV2,69,8,8000,0.0031,1.0,0.0016,0.0
20,FakeManilaV2,69,9,9000,0.0019,1.0,0.0012,0.0
20,FakeManilaV2,69,10,10000,0.0008,1.0,0.0011,0.0
20,FakeManilaV2,70,1,1000,0.003,1.0,1.0,1.0
20,FakeManilaV2,70,2,2000,0.0095,0.9999,0.0065,0.0001
20,FakeManilaV2,70,3,3000,0.0103,0.9999,0.0008,0.0
20,FakeManilaV2,70,4,4000,0.005,1.0,0.0053,0.0001
20,FakeManilaV2,70,5,5000,0.0028,1.0,0.0022,0.0
20,FakeManilaV2,70,6,6000,0.0075,0.9999,0.0047,0.0
20,FakeManilaV2,70,7,7000,0.0101,0.9999,0.0026,0.0
20,FakeManilaV2,70,8,8000,0.0118,0.9999,0.0016,0.0
20,FakeManilaV2,70,9,9000,0.0099,0.9999,0.0019,0.0
20,FakeManilaV2,70,10,10000,0.0078,0.9999,0.0021,0.0
20,FakeManilaV2,71,1,1000,0.007,1.0,1.0,1.0
20,FakeManilaV2,71,2,2000,0.01,0.9999,0.003,0.0001
20,FakeManilaV2,71,3,3000,0.0057,1.0,0.0043,0.0001
20,FakeManilaV2,71,4,4000,0.0043,1.0,0.0014,0.0
20,FakeManilaV2,71,5,5000,0.0048,1.0,0.0006,0.0
20,FakeManilaV2,71,6,6000,0.0055,1.0,0.0007,0.0
20,FakeManilaV2,71,7,7000,0.0071,0.9999,0.0016,0.0
20,FakeManilaV2,71,8,8000,0.0063,1.0,0.0009,0.0
20,FakeManilaV2,71,9,9000,0.0064,1.0,0.0002,0.0
20,FakeManilaV2,71,10,10000,0.004,1.0,0.0024,0.0
20,FakeManilaV2,72,1,1000,0.004,1.0,1.0,1.0
20,FakeManilaV2,72,2,2000,0.0035,1.0,0.0005,0.0
20,FakeManilaV2,72,3,3000,0.003,1.0,0.0005,0.0
20,FakeManilaV2,72,4,4000,0.0002,1.0,0.0028,0.0
20,FakeManilaV2,72,5,5000,0.0058,1.0,0.0056,0.0
20,FakeManilaV2,72,6,6000,0.0047,1.0,0.0011,0.0
20,FakeManilaV2,72,7,7000,0.0046,1.0,0.0001,0.0
20,FakeManilaV2,72,8,8000,0.0008,1.0,0.0038,0.0
20,FakeManilaV2,72,9,9000,0.0034,1.0,0.0027,0.0
20,FakeManilaV2,72,10,10000,0.0011,1.0,0.0023,0.0
20,FakeManilaV2,73,1,1000,0.007,1.0,1.0,1.0
20,FakeManilaV2,73,2,2000,0.008,0.9999,0.001,0.0
20,FakeManilaV2,73,3,3000,0.0043,1.0,0.0037,0.0
20,FakeManilaV2,73,4,4000,0.004,1.0,0.0003,0.0
20,FakeManilaV2,73,5,5000,0.005,1.0,0.001,0.0
20,FakeManilaV2,73,6,6000,0.0052,1.0,0.0002,0.0
20,FakeManilaV2,73,7,7000,0.005,1.0,0.0002,0.0
20,FakeManilaV2,73,8,8000,0.0051,1.0,0.0001,0.0
20,FakeManilaV2,73,9,9000,0.0084,0.9999,0.0033,0.0
20,FakeManilaV2,73,10,10000,0.0077,0.9999,0.0007,0.0
20,FakeManilaV2,74,1,1000,0.007,1.0,1.0,1.0
20,FakeManilaV2,74,2,2000,0.0015,1.0,0.0055,0.0
20,FakeManilaV2,74,3,3000,0.0033,1.0,0.0018,0.0
20,FakeManilaV2,74,4,4000,0.002,1.0,0.0013,0.0
20,FakeManilaV2,74,5,5000,0.0,1.0,0.002,0.0
20,FakeManilaV2,74,6,6000,0.0008,1.0,0.0008,0.0
20,FakeManilaV2,74,7,7000,0.0034,1.0,0.0026,0.0
20,FakeManilaV2,74,8,8000,0.0006,1.0,0.0028,0.0
20,FakeManilaV2,74,9,9000,0.002,1.0,0.0014,0.0
20,FakeManilaV2,74,10,10000,0.0003,1.0,0.0017,0.0
20,FakeManilaV2,75,1,1000,0.023,0.9995,1.0,1.0
20,FakeManilaV2,75,2,2000,0.0145,0.9998,0.0085,0.0003
20,FakeManilaV2,75,3,3000,0.008,0.9999,0.0065,0.0001
20,FakeManilaV2,75,4,4000,0.0115,0.9999,0.0035,0.0001
20,FakeManilaV2,75,5,5000,0.0092,0.9999,0.0023,0.0
20,FakeManilaV2,75,6,6000,0.0042,1.0,0.005,0.0001
20,FakeManilaV2,75,7,7000,0.0056,1.0,0.0014,0.0
20,FakeManilaV2,75,8,8000,0.0039,1.0,0.0017,0.0
20,FakeManilaV2,75,9,9000,0.0026,1.0,0.0013,0.0
20,FakeManilaV2,75,10,10000,0.0001,1.0,0.0025,0.0
20,FakeManilaV2,76,1,1000,0.035,0.9988,1.0,1.0
20,FakeManilaV2,76,2,2000,0.021,0.9996,0.014,0.0008
20,FakeManilaV2,76,3,3000,0.0157,0.9998,0.0053,0.0002
20,FakeManilaV2,76,4,4000,0.013,0.9998,0.0027,0.0001
20,FakeManilaV2,76,5,5000,0.0076,0.9999,0.0054,0.0001
20,FakeManilaV2,76,6,6000,0.008,0.9999,0.0004,0.0
20,FakeManilaV2,76,7,7000,0.0077,0.9999,0.0003,0.0
20,FakeManilaV2,76,8,8000,0.0036,1.0,0.0041,0.0
20,FakeManilaV2,76,9,9000,0.0032,1.0,0.0004,0.0
20,FakeManilaV2,76,10,10000,0.0012,1.0,0.002,0.0
20,FakeManilaV2,77,1,1000,0.015,0.9998,1.0,1.0
20,FakeManilaV2,77,2,2000,0.016,0.9997,0.001,0.0
20,FakeManilaV2,77,3,3000,0.0123,0.9998,0.0037,0.0001
20,FakeManilaV2,77,4,4000,0.0118,0.9999,0.0006,0.0
20,FakeManilaV2,77,5,5000,0.0054,1.0,0.0064,0.0001
20,FakeManilaV2,77,6,6000,0.0063,1.0,0.0009,0.0
20,FakeManilaV2,77,7,7000,0.0023,1.0,0.004,0.0
20,FakeManilaV2,77,8,8000,0.0024,1.0,0.0001,0.0
20,FakeManilaV2,77,9,9000,0.0077,0.9999,0.0053,0.0001
20,FakeManilaV2,77,10,10000,0.0101,0.9999,0.0024,0.0
20,FakeManilaV2,78,1,1000,0.003,1.0,1.0,1.0
20,FakeManilaV2,78,2,2000,0.0015,1.0,0.0015,0.0
20,FakeManilaV2,78,3,3000,0.0053,1.0,0.0038,0.0
20,FakeManilaV2,78,4,4000,0.0062,1.0,0.0009,0.0
20,FakeManilaV2,78,5,5000,0.0066,1.0,0.0004,0.0
20,FakeManilaV2,78,6,6000,0.0067,1.0,0.0001,0.0
20,FakeManilaV2,78,7,7000,0.0061,1.0,0.0005,0.0
20,FakeManilaV2,78,8,8000,0.0075,0.9999,0.0014,0.0
20,FakeManilaV2,78,9,9000,0.0077,0.9999,0.0002,0.0
20,FakeManilaV2,78,10,10000,0.0075,0.9999,0.0002,0.0
20,FakeManilaV2,79,1,1000,0.015,0.9998,1.0,1.0
20,FakeManilaV2,79,2,2000,0.0095,0.9999,0.0055,0.0001
20,FakeManilaV2,79,3,3000,0.0123,0.9998,0.0028,0.0001
20,FakeManilaV2,79,4,4000,0.0097,0.9999,0.0026,0.0001
20,FakeManilaV2,79,5,5000,0.0084,0.9999,0.0014,0.0
20,FakeManilaV2,79,6,6000,0.0073,0.9999,0.0011,0.0
20,FakeManilaV2,79,7,7000,0.0076,0.9999,0.0002,0.0
20,FakeManilaV2,79,8,8000,0.0087,0.9999,0.0012,0.0
20,FakeManilaV2,79,9,9000,0.0073,0.9999,0.0014,0.0
20,FakeManilaV2,79,10,10000,0.0063,1.0,0.001,0.0
20,FakeManilaV2,80,1,1000,0.009,0.9999,1.0,1.0
20,FakeManilaV2,80,2,2000,0.0115,0.9999,0.0025,0.0001
20,FakeManilaV2,80,3,3000,0.008,0.9999,0.0035,0.0001
20,FakeManilaV2,80,4,4000,0.01,0.9999,0.002,0.0
20,FakeManilaV2,80,5,5000,0.0042,1.0,0.0058,0.0001
20,FakeManilaV2,80,6,6000,0.0088,0.9999,0.0046,0.0001
20,FakeManilaV2,80,7,7000,0.0081,0.9999,0.0007,0.0
20,FakeManilaV2,80,8,8000,0.0061,1.0,0.002,0.0
20,FakeManilaV2,80,9,9000,0.0096,0.9999,0.0034,0.0001
20,FakeManilaV2,80,10,10000,0.0084,0.9999,0.0012,0.0
20,FakeManilaV2,81,1,1000,0.01,0.9999,1.0,1.0
20,FakeManilaV2,81,2,2000,0.011,0.9999,0.001,0.0
20,FakeManilaV2,81,3,3000,0.0043,1.0,0.0067,0.0001
20,FakeManilaV2,81,4,4000,0.0048,1.0,0.0004,0.0
20,FakeManilaV2,81,5,5000,0.0064,1.0,0.0016,0.0
20,FakeManilaV2,81,6,6000,0.0047,1.0,0.0017,0.0
20,FakeManilaV2,81,7,7000,0.0039,1.0,0.0008,0.0
20,FakeManilaV2,81,8,8000,0.0024,1.0,0.0015,0.0
20,FakeManilaV2,81,9,9000,0.001,1.0,0.0014,0.0
20,FakeManilaV2,81,10,10000,0.0017,1.0,0.0007,0.0
20,FakeManilaV2,82,1,1000,0.006,1.0,1.0,1.0
20,FakeManilaV2,82,2,2000,0.002,1.0,0.004,0.0
20,FakeManilaV2,82,3,3000,0.0063,1.0,0.0043,0.0
20,FakeManilaV2,82,4,4000,0.0032,1.0,0.0031,0.0
20,FakeManilaV2,82,5,5000,0.0012,1.0,0.002,0.0
20,FakeManilaV2,82,6,6000,0.001,1.0,0.0002,0.0
20,FakeManilaV2,82,7,7000,0.0011,1.0,0.0001,0.0
20,FakeManilaV2,82,8,8000,0.001,1.0,0.0001,0.0
20,FakeManilaV2,82,9,9000,0.0017,1.0,0.0007,0.0
20,FakeManilaV2,82,10,10000,0.0023,1.0,0.0006,0.0
20,FakeManilaV2,83,1,1000,0.005,1.0,1.0,1.0
20,FakeManilaV2,83,2,2000,0.0015,1.0,0.0035,0.0
20,FakeManilaV2,83,3,3000,0.004,1.0,0.0025,0.0
20,FakeManilaV2,83,4,4000,0.0005,1.0,0.0035,0.0
20,FakeManilaV2,83,5,5000,0.0022,1.0,0.0017,0.0
20,FakeManilaV2,83,6,6000,0.005,1.0,0.0028,0.0
20,FakeManilaV2,83,7,7000,0.0033,1.0,0.0017,0.0
20,FakeManilaV2,83,8,8000,0.0002,1.0,0.003,0.0
20,FakeManilaV2,83,9,9000,0.0011,1.0,0.0009,0.0
20,FakeManilaV2,83,10,10000,0.001,1.0,0.0001,0.0
20,FakeManilaV2,84,1,1000,0.013,0.9998,1.0,1.0
20,FakeManilaV2,84,2,2000,0.013,0.9998,0.0,0.0
20,FakeManilaV2,84,3,3000,0.0133,0.9998,0.0003,0.0
20,FakeManilaV2,84,4,4000,0.0133,0.9998,0.0001,0.0
20,FakeManilaV2,84,5,5000,0.007,1.0,0.0062,0.0001
20,FakeManilaV2,84,6,6000,0.008,0.9999,0.001,0.0
20,FakeManilaV2,84,7,7000,0.0049,1.0,0.0031,0.0
20,FakeManilaV2,84,8,8000,0.0046,1.0,0.0002,0.0
20,FakeManilaV2,84,9,9000,0.0042,1.0,0.0004,0.0
20,FakeManilaV2,84,10,10000,0.0052,1.0,0.001,0.0
20,FakeManilaV2,85,1,1000,0.0,1.0,1.0,1.0
20,FakeManilaV2,85,2,2000,0.0025,1.0,0.0025,0.0
20,FakeManilaV2,85,3,3000,0.001,1.0,0.0015,0.0
20,FakeManilaV2,85,4,4000,0.0,1.0,0.001,0.0
20,FakeManilaV2,85,5,5000,0.0092,0.9999,0.0092,0.0001
20,FakeManilaV2,85,6,6000,0.01,0.9999,0.0008,0.0
20,FakeManilaV2,85,7,7000,0.0071,0.9999,0.0029,0.0
20,FakeManilaV2,85,8,8000,0.0106,0.9999,0.0035,0.0001
20,FakeManilaV2,85,9,9000,0.0098,0.9999,0.0008,0.0
20,FakeManilaV2,85,10,10000,0.0091,0.9999,0.0007,0.0
20,FakeManilaV2,86,1,1000,0.025,0.9994,1.0,1.0
20,FakeManilaV2,86,2,2000,0.009,0.9999,0.016,0.0005
20,FakeManilaV2,86,3,3000,0.0137,0.9998,0.0047,0.0001
20,FakeManilaV2,86,4,4000,0.0013,1.0,0.0124,0.0002
20,FakeManilaV2,86,5,5000,0.0024,1.0,0.0011,0.0
20,FakeManilaV2,86,6,6000,0.0028,1.0,0.0004,0.0
20,FakeManilaV2,86,7,7000,0.0019,1.0,0.001,0.0
20,FakeManilaV2,86,8,8000,0.0005,1.0,0.0014,0.0
20,FakeManilaV2,86,9,9000,0.001,1.0,0.0005,0.0
20,FakeManilaV2,86,10,10000,0.0009,1.0,0.0001,0.0
20,FakeManilaV2,87,1,1000,0.028,0.9992,1.0,1.0
20,FakeManilaV2,87,2,2000,0.013,0.9998,0.015,0.0006
20,FakeManilaV2,87,3,3000,0.0087,0.9999,0.0043,0.0001
20,FakeManilaV2,87,4,4000,0.006,1.0,0.0027,0.0
20,FakeManilaV2,87,5,5000,0.002,1.0,0.004,0.0
20,FakeManilaV2,87,6,6000,0.001,1.0,0.001,0.0
20,FakeManilaV2,87,7,7000,0.0021,1.0,0.0011,0.0
20,FakeManilaV2,87,8,8000,0.0025,1.0,0.0004,0.0
20,FakeManilaV2,87,9,9000,0.0013,1.0,0.0012,0.0
20,FakeManilaV2,87,10,10000,0.0001,1.0,0.0012,0.0
20,FakeManilaV2,88,1,1000,0.022,0.9995,1.0,1.0
20,FakeManilaV2,88,2,2000,0.018,0.9997,0.004,0.0002
20,FakeManilaV2,88,3,3000,0.0133,0.9998,0.0047,0.0001
20,FakeManilaV2,88,4,4000,0.0082,0.9999,0.0051,0.0001
20,FakeManilaV2,88,5,5000,0.0052,1.0,0.003,0.0
20,FakeManilaV2,88,6,6000,0.0067,1.0,0.0015,0.0
20,FakeManilaV2,88,7,7000,0.0086,0.9999,0.0019,0.0
20,FakeManilaV2,88,8,8000,0.0052,1.0,0.0033,0.0
20,FakeManilaV2,88,9,9000,0.0041,1.0,0.0011,0.0
20,FakeManilaV2,88,10,10000,0.0037,1.0,0.0004,0.0
20,FakeManilaV2,89,1,1000,0.008,0.9999,1.0,1.0
20,FakeManilaV2,89,2,2000,0.002,1.0,0.006,0.0001
20,FakeManilaV2,89,3,3000,0.0067,1.0,0.0047,0.0
20,FakeManilaV2,89,4,4000,0.004,1.0,0.0027,0.0
20,FakeManilaV2,89,5,5000,0.0022,1.0,0.0018,0.0
20,FakeManilaV2,89,6,6000,0.0,1.0,0.0022,0.0
20,FakeManilaV2,89,7,7000,0.001,1.0,0.001,0.0
20,FakeManilaV2,89,8,8000,0.0004,1.0,0.0006,0.0
20,FakeManilaV2,89,9,9000,0.0017,1.0,0.0013,0.0
20,FakeManilaV2,89,10,10000,0.0011,1.0,0.0006,0.0
20,FakeManilaV2,90,1,1000,0.007,1.0,1.0,1.0
20,FakeManilaV2,90,2,2000,0.003,1.0,0.004,0.0
20,FakeManilaV2,90,3,3000,0.0053,1.0,0.0023,0.0
20,FakeManilaV2,90,4,4000,0.0002,1.0,0.0051,0.0
20,FakeManilaV2,90,5,5000,0.0036,1.0,0.0034,0.0
20,FakeManilaV2,90,6,6000,0.0058,1.0,0.0022,0.0
20,FakeManilaV2,90,7,7000,0.008,0.9999,0.0022,0.0
20,FakeManilaV2,90,8,8000,0.0051,1.0,0.0029,0.0
20,FakeManilaV2,90,9,9000,0.0046,1.0,0.0006,0.0
20,FakeManilaV2,90,10,10000,0.0044,1.0,0.0002,0.0
20,FakeManilaV2,91,1,1000,0.02,0.9996,1.0,1.0
20,FakeManilaV2,91,2,2000,0.0095,0.9999,0.0105,0.0003
20,FakeManilaV2,91,3,3000,0.0047,1.0,0.0048,0.0001
20,FakeManilaV2,91,4,4000,0.0037,1.0,0.0009,0.0
20,FakeManilaV2,91,5,5000,0.0034,1.0,0.0004,0.0
20,FakeManilaV2,91,6,6000,0.0025,1.0,0.0009,0.0
20,FakeManilaV2,91,7,7000,0.0016,1.0,0.0009,0.0
20,FakeManilaV2,91,8,8000,0.0015,1.0,0.0001,0.0
20,FakeManilaV2,91,9,9000,0.002,1.0,0.0005,0.0
20,FakeManilaV2,91,10,10000,0.0023,1.0,0.0003,0.0
20,FakeManilaV2,92,1,1000,0.014,0.9998,1.0,1.0
20,FakeManilaV2,92,2,2000,0.002,1.0,0.012,0.0002
20,FakeManilaV2,92,3,3000,0.0017,1.0,0.0003,0.0
20,FakeManilaV2,92,4,4000,0.0005,1.0,0.0012,0.0
20,FakeManilaV2,92,5,5000,0.0078,0.9999,0.0073,0.0001
20,FakeManilaV2,92,6,6000,0.0037,1.0,0.0041,0.0
20,FakeManilaV2,92,7,7000,0.0053,1.0,0.0016,0.0
20,FakeManilaV2,92,8,8000,0.002,1.0,0.0033,0.0
20,FakeManilaV2,92,9,9000,0.001,1.0,0.001,0.0
20,FakeManilaV2,92,10,10000,0.0005,1.0,0.0005,0.0
20,FakeManilaV2,93,1,1000,0.011,0.9999,1.0,1.0
20,FakeManilaV2,93,2,2000,0.0105,0.9999,0.0005,0.0
20,FakeManilaV2,93,3,3000,0.0127,0.9998,0.0022,0.0001
20,FakeManilaV2,93,4,4000,0.0098,0.9999,0.0029,0.0001
20,FakeManilaV2,93,5,5000,0.0102,0.9999,0.0004,0.0
20,FakeManilaV2,93,6,6000,0.0042,1.0,0.006,0.0001
20,FakeManilaV2,93,7,7000,0.0076,0.9999,0.0034,0.0
20,FakeManilaV2,93,8,8000,0.0091,0.9999,0.0016,0.0
20,FakeManilaV2,93,9,9000,0.0072,0.9999,0.0019,0.0
20,FakeManilaV2,93,10,10000,0.0078,0.9999,0.0006,0.0
20,FakeManilaV2,94,1,1000,0.002,1.0,1.0,1.0
20,FakeManilaV2,94,2,2000,0.009,0.9999,0.007,0.0001
20,FakeManilaV2,94,3,3000,0.008,0.9999,0.001,0.0
20,FakeManilaV2,94,4,4000,0.0035,1.0,0.0045,0.0001
20,FakeManilaV2,94,5,5000,0.0024,1.0,0.0011,0.0
20,FakeManilaV2,94,6,6000,0.0062,1.0,0.0038,0.0
20,FakeManilaV2,94,7,7000,0.0069,1.0,0.0007,0.0
20,FakeManilaV2,94,8,8000,0.0054,1.0,0.0015,0.0
20,FakeManilaV2,94,9,9000,0.0044,1.0,0.0009,0.0
20,FakeManilaV2,94,10,10000,0.0041,1.0,0.0003,0.0
20,FakeManilaV2,95,1,1000,0.015,0.9998,1.0,1.0
20,FakeManilaV2,95,2,2000,0.0065,1.0,0.0085,0.0002
20,FakeManilaV2,95,3,3000,0.0023,1.0,0.0042,0.0
20,FakeManilaV2,95,4,4000,0.0013,1.0,0.0011,0.0
20,FakeManilaV2,95,5,5000,0.0032,1.0,0.0019,0.0
20,FakeManilaV2,95,6,6000,0.0037,1.0,0.0005,0.0
20,FakeManilaV2,95,7,7000,0.005,1.0,0.0013,0.0
20,FakeManilaV2,95,8,8000,0.0039,1.0,0.0011,0.0
20,FakeManilaV2,95,9,9000,0.0013,1.0,0.0025,0.0
20,FakeManilaV2,95,10,10000,0.001,1.0,0.0003,0.0
20,FakeManilaV2,96,1,1000,0.008,0.9999,1.0,1.0
20,FakeManilaV2,96,2,2000,0.0075,0.9999,0.0005,0.0
20,FakeManilaV2,96,3,3000,0.0023,1.0,0.0052,0.0001
20,FakeManilaV2,96,4,4000,0.0075,0.9999,0.0052,0.0001
20,FakeManilaV2,96,5,5000,0.0094,0.9999,0.0019,0.0
20,FakeManilaV2,96,6,6000,0.0045,1.0,0.0049,0.0001
20,FakeManilaV2,96,7,7000,0.0026,1.0,0.0019,0.0
20,FakeManilaV2,96,8,8000,0.0014,1.0,0.0012,0.0
20,FakeManilaV2,96,9,9000,0.0006,1.0,0.0008,0.0
20,FakeManilaV2,96,10,10000,0.0002,1.0,0.0004,0.0
20,FakeManilaV2,97,1,1000,0.008,0.9999,1.0,1.0
20,FakeManilaV2,97,2,2000,0.0005,1.0,0.0075,0.0001
20,FakeManilaV2,97,3,3000,0.0047,1.0,0.0042,0.0
20,FakeManilaV2,97,4,4000,0.0033,1.0,0.0014,0.0
20,FakeManilaV2,97,5,5000,0.0074,0.9999,0.0042,0.0
20,FakeManilaV2,97,6,6000,0.0048,1.0,0.0026,0.0
20,FakeManilaV2,97,7,7000,0.0044,1.0,0.0004,0.0
20,FakeManilaV2,97,8,8000,0.0041,1.0,0.0003,0.0
20,FakeManilaV2,97,9,9000,0.0024,1.0,0.0017,0.0
20,FakeManilaV2,97,10,10000,0.0047,1.0,0.0023,0.0
20,FakeManilaV2,98,1,1000,0.011,0.9999,1.0,1.0
20,FakeManilaV2,98,2,2000,0.0115,0.9999,0.0005,0.0
20,FakeManilaV2,98,3,3000,0.0047,1.0,0.0068,0.0001
20,FakeManilaV2,98,4,4000,0.0023,1.0,0.0024,0.0
20,FakeManilaV2,98,5,5000,0.0,1.0,0.0022,0.0
20,FakeManilaV2,98,6,6000,0.002,1.0,0.002,0.0
20,FakeManilaV2,98,7,7000,0.0044,1.0,0.0024,0.0
20,FakeManilaV2,98,8,8000,0.0044,1.0,0.0001,0.0
20,FakeManilaV2,98,9,9000,0.0034,1.0,0.0009,0.0
20,FakeManilaV2,98,10,10000,0.003,1.0,0.0004,0.0
20,FakeManilaV2,99,1,1000,0.023,0.9995,1.0,1.0
20,FakeManilaV2,99,2,2000,0.0145,0.9998,0.0085,0.0003
20,FakeManilaV2,99,3,3000,0.0083,0.9999,0.0062,0.0001
20,FakeManilaV2,99,4,4000,0.0063,1.0,0.0021,0.0
20,FakeManilaV2,99,5,5000,0.0076,0.9999,0.0014,0.0
20,FakeManilaV2,99,6,6000,0.0092,0.9999,0.0016,0.0
20,FakeManilaV2,99,7,7000,0.0079,0.9999,0.0013,0.0
20,FakeManilaV2,99,8,8000,0.0105,0.9999,0.0026,0.0
20,FakeManilaV2,99,9,9000,0.0094,0.9999,0.0011,0.0
20,FakeManilaV2,99,10,10000,0.0091,0.9999,0.0003,0.0
20,FakeManilaV2,100,1,1000,0.0,1.0,1.0,1.0
20,FakeManilaV2,100,2,2000,0.0075,0.9999,0.0075,0.0001
20,FakeManilaV2,100,3,3000,0.0027,1.0,0.0048,0.0
20,FakeManilaV2,100,4,4000,0.0028,1.0,0.0001,0.0
20,FakeManilaV2,100,5,5000,0.002,1.0,0.0008,0.0
20,FakeManilaV2,100,6,6000,0.0003,1.0,0.0017,0.0
20,FakeManilaV2,100,7,7000,0.0003,1.0,0.0,0.0
20,FakeManilaV2,100,8,8000,0.0033,1.0,0.003,0.0
20,FakeManilaV2,100,9,9000,0.0011,1.0,0.0021,0.0
20,FakeManilaV2,100,10,10000,0.0033,1.0,0.0022,0.0
20,FakeManilaV2,101,1,1000,0.006,1.0,1.0,1.0
20,FakeManilaV2,101,2,2000,0.0095,0.9999,0.0035,0.0001
20,FakeManilaV2,101,3,3000,0.0053,1.0,0.0042,0.0001
20,FakeManilaV2,101,4,4000,0.0075,0.9999,0.0022,0.0
20,FakeManilaV2,101,5,5000,0.0046,1.0,0.0029,0.0
20,FakeManilaV2,101,6,6000,0.0087,0.9999,0.0041,0.0001
20,FakeManilaV2,101,7,7000,0.0087,0.9999,0.0,0.0
20,FakeManilaV2,101,8,8000,0.0048,1.0,0.004,0.0001
20,FakeManilaV2,101,9,9000,0.0011,1.0,0.0036,0.0
20,FakeManilaV2,101,10,10000,0.0017,1.0,0.0006,0.0
20,FakeManilaV2,102,1,1000,0.01,0.9999,1.0,1.0
20,FakeManilaV2,102,2,2000,0.01,0.9999,0.0,0.0
20,FakeManilaV2,102,3,3000,0.0097,0.9999,0.0003,0.0
20,FakeManilaV2,102,4,4000,0.0072,0.9999,0.0024,0.0
20,FakeManilaV2,102,5,5000,0.0082,0.9999,0.001,0.0
20,FakeManilaV2,102,6,6000,0.0085,0.9999,0.0003,0.0
20,FakeManilaV2,102,7,7000,0.0037,1.0,0.0048,0.0001
20,FakeManilaV2,102,8,8000,0.0036,1.0,0.0001,0.0
20,FakeManilaV2,102,9,9000,0.0019,1.0,0.0017,0.0
20,FakeManilaV2,102,10,10000,0.0014,1.0,0.0005,0.0
20,FakeManilaV2,103,1,1000,0.01,0.9999,1.0,1.0
20,FakeManilaV2,103,2,2000,0.0125,0.9998,0.0025,0.0001
20,FakeManilaV2,103,3,3000,0.0083,0.9999,0.0042,0.0001
20,FakeManilaV2,103,4,4000,0.0035,1.0,0.0048,0.0001
20,FakeManilaV2,103,5,5000,0.0052,1.0,0.0017,0.0
20,FakeManilaV2,103,6,6000,0.0063,1.0,0.0011,0.0
20,FakeManilaV2,103,7,7000,0.0053,1.0,0.001,0.0
20,FakeManilaV2,103,8,8000,0.0065,1.0,0.0012,0.0
20,FakeManilaV2,103,9,9000,0.0046,1.0,0.0019,0.0
20,FakeManilaV2,103,10,10000,0.0044,1.0,0.0002,0.0
20,FakeManilaV2,104,1,1000,0.03,0.9991,1.0,1.0
20,FakeManilaV2,104,2,2000,0.0145,0.9998,0.0155,0.0007
20,FakeManilaV2,104,3,3000,0.0077,0.9999,0.0068,0.0002
20,FakeManilaV2,104,4,4000,0.004,1.0,0.0037,0.0
20,FakeManilaV2,104,5,5000,0.0044,1.0,0.0004,0.0
20,FakeManilaV2,104,6,6000,0.0093,0.9999,0.0049,0.0001
20,FakeManilaV2,104,7,7000,0.0057,1.0,0.0036,0.0001
20,FakeManilaV2,104,8,8000,0.0049,1.0,0.0008,0.0
20,FakeManilaV2,104,9,9000,0.0043,1.0,0.0005,0.0
20,FakeManilaV2,104,10,10000,0.0059,1.0,0.0016,0.0
20,FakeManilaV2,105,1,1000,0.005,1.0,1.0,1.0
20,FakeManilaV2,105,2,2000,0.0145,0.9998,0.0095,0.0002
20,FakeManilaV2,105,3,3000,0.01,0.9999,0.0045,0.0001
20,FakeManilaV2,105,4,4000,0.0043,1.0,0.0058,0.0001
20,FakeManilaV2,105,5,5000,0.0016,1.0,0.0026,0.0
20,FakeManilaV2,105,6,6000,0.0027,1.0,0.0011,0.0
20,FakeManilaV2,105,7,7000,0.001,1.0,0.0017,0.0
20,FakeManilaV2,105,8,8000,0.0005,1.0,0.0005,0.0
20,FakeManilaV2,105,9,9000,0.0072,0.9999,0.0067,0.0001
20,FakeManilaV2,105,10,10000,0.0084,0.9999,0.0012,0.0
20,FakeManilaV2,106,1,1000,0.005,1.0,1.0,1.0
20,FakeManilaV2,106,2,2000,0.0005,1.0,0.0045,0.0
20,FakeManilaV2,106,3,3000,0.0047,1.0,0.0042,0.0
20,FakeManilaV2,106,4,4000,0.0032,1.0,0.0014,0.0
20,FakeManilaV2,106,5,5000,0.0026,1.0,0.0006,0.0
20,FakeManilaV2,106,6,6000,0.0027,1.0,0.0001,0.0
20,FakeManilaV2,106,7,7000,0.0057,1.0,0.003,0.0
20,FakeManilaV2,106,8,8000,0.0016,1.0,0.0041,0.0
20,FakeManilaV2,106,9,9000,0.0004,1.0,0.0012,0.0
20,FakeManilaV2,106,10,10000,0.0016,1.0,0.0012,0.0
20,FakeManilaV2,107,1,1000,0.01,0.9999,1.0,1.0
20,FakeManilaV2,107,2,2000,0.016,0.9997,0.006,0.0002
20,FakeManilaV2,107,3,3000,0.0093,0.9999,0.0067,0.0002
20,FakeManilaV2,107,4,4000,0.001,1.0,0.0083,0.0001
20,FakeManilaV2,107,5,5000,0.0006,1.0,0.0004,0.0
20,FakeManilaV2,107,6,6000,0.0003,1.0,0.0003,0.0
20,FakeManilaV2,107,7,7000,0.0017,1.0,0.0014,0.0
20,FakeManilaV2,107,8,8000,0.0011,1.0,0.0006,0.0
20,FakeManilaV2,107,9,9000,0.0003,1.0,0.0008,0.0
20,FakeManilaV2,107,10,10000,0.0007,1.0,0.0004,0.0
20,FakeManilaV2,108,1,1000,0.001,1.0,1.0,1.0
20,FakeManilaV2,108,2,2000,0.003,1.0,0.002,0.0
20,FakeManilaV2,108,3,3000,0.005,1.0,0.002,0.0
20,FakeManilaV2,108,4,4000,0.0013,1.0,0.0037,0.0
20,FakeManilaV2,108,5,5000,0.0016,1.0,0.0003,0.0
20,FakeManilaV2,108,6,6000,0.0007,1.0,0.0009,0.0
20,FakeManilaV2,108,7,7000,0.0016,1.0,0.0009,0.0
20,FakeManilaV2,108,8,8000,0.0005,1.0,0.0011,0.0
20,FakeManilaV2,108,9,9000,0.0016,1.0,0.0011,0.0
20,FakeManilaV2,108,10,10000,0.0002,1.0,0.0014,0.0
20,FakeManilaV2,109,1,1000,0.03,0.9991,1.0,1.0
20,FakeManilaV2,109,2,2000,0.0195,0.9996,0.0105,0.0005
20,FakeManilaV2,109,3,3000,0.014,0.9998,0.0055,0.0002
20,FakeManilaV2,109,4,4000,0.0127,0.9998,0.0013,0.0
20,FakeManilaV2,109,5,5000,0.0106,0.9999,0.0021,0.0001
20,FakeManilaV2,109,6,6000,0.01,0.9999,0.0006,0.0
20,FakeManilaV2,109,7,7000,0.0097,0.9999,0.0003,0.0
20,FakeManilaV2,109,8,8000,0.0085,0.9999,0.0012,0.0
20,FakeManilaV2,109,9,9000,0.0063,1.0,0.0022,0.0
20,FakeManilaV2,109,10,10000,0.0052,1.0,0.0011,0.0
20,FakeManilaV2,110,1,1000,0.004,1.0,1.0,1.0
20,FakeManilaV2,110,2,2000,0.0085,0.9999,0.0045,0.0001
20,FakeManilaV2,110,3,3000,0.007,1.0,0.0015,0.0
20,FakeManilaV2,110,4,4000,0.0072,0.9999,0.0002,0.0
20,FakeManilaV2,110,5,5000,0.0074,0.9999,0.0002,0.0
20,FakeManilaV2,110,6,6000,0.0015,1.0,0.0059,0.0001
20,FakeManilaV2,110,7,7000,0.0006,1.0,0.0009,0.0
20,FakeManilaV2,110,8,8000,0.004,1.0,0.0034,0.0
20,FakeManilaV2,110,9,9000,0.0036,1.0,0.0004,0.0
20,FakeManilaV2,110,10,10000,0.0009,1.0,0.0027,0.0
20,FakeManilaV2,111,1,1000,0.008,0.9999,1.0,1.0
20,FakeManilaV2,111,2,2000,0.0075,0.9999,0.0005,0.0
20,FakeManilaV2,111,3,3000,0.006,1.0,0.0015,0.0
20,FakeManilaV2,111,4,4000,0.0018,1.0,0.0042,0.0
20,FakeManilaV2,111,5,5000,0.0006,1.0,0.0012,0.0
20,FakeManilaV2,111,6,6000,0.0,1.0,0.0006,0.0
20,FakeManilaV2,111,7,7000,0.001,1.0,0.001,0.0
20,FakeManilaV2,111,8,8000,0.0016,1.0,0.0006,0.0
20,FakeManilaV2,111,9,9000,0.0003,1.0,0.0013,0.0
20,FakeManilaV2,111,10,10000,0.0001,1.0,0.0002,0.0
20,FakeManilaV2,112,1,1000,0.0,1.0,1.0,1.0
20,FakeManilaV2,112,2,2000,0.0015,1.0,0.0015,0.0
20,FakeManilaV2,112,3,3000,0.0013,1.0,0.0002,0.0
20,FakeManilaV2,112,4,4000,0.0005,1.0,0.0008,0.0
20,FakeManilaV2,112,5,5000,0.0004,1.0,0.0001,0.0
20,FakeManilaV2,112,6,6000,0.0023,1.0,0.0019,0.0
20,FakeManilaV2,112,7,7000,0.0053,1.0,0.003,0.0
20,FakeManilaV2,112,8,8000,0.0052,1.0,0.0,0.0
20,FakeManilaV2,112,9,9000,0.0058,1.0,0.0005,0.0
20,FakeManilaV2,112,10,10000,0.0047,1.0,0.0011,0.0
20,FakeManilaV2,113,1,1000,0.039,0.9985,1.0,1.0
20,FakeManilaV2,113,2,2000,0.0225,0.9995,0.0165,0.001
20,FakeManilaV2,113,3,3000,0.018,0.9997,0.0045,0.0002
20,FakeManilaV2,113,4,4000,0.016,0.9997,0.002,0.0001
20,FakeManilaV2,113,5,5000,0.011,0.9999,0.005,0.0001
20,FakeManilaV2,113,6,6000,0.0082,0.9999,0.0028,0.0001
20,FakeManilaV2,113,7,7000,0.0057,1.0,0.0025,0.0
20,FakeManilaV2,113,8,8000,0.0021,1.0,0.0036,0.0
20,FakeManilaV2,113,9,9000,0.0017,1.0,0.0005,0.0
20,FakeManilaV2,113,10,10000,0.0021,1.0,0.0004,0.0
20,FakeManilaV2,114,1,1000,0.029,0.9992,1.0,1.0
20,FakeManilaV2,114,2,2000,0.0105,0.9999,0.0185,0.0007
20,FakeManilaV2,114,3,3000,0.003,1.0,0.0075,0.0001
20,FakeManilaV2,114,4,4000,0.002,1.0,0.001,0.0
20,FakeManilaV2,114,5,5000,0.0004,1.0,0.0016,0.0
20,FakeManilaV2,114,6,6000,0.0002,1.0,0.0002,0.0
20,FakeManilaV2,114,7,7000,0.0013,1.0,0.0011,0.0
20,FakeManilaV2,114,8,8000,0.0015,1.0,0.0002,0.0
20,FakeManilaV2,114,9,9000,0.0018,1.0,0.0003,0.0
20,FakeManilaV2,114,10,10000,0.0028,1.0,0.001,0.0
20,FakeManilaV2,115,1,1000,0.029,0.9992,1.0,1.0
20,FakeManilaV2,115,2,2000,0.02,0.9996,0.009,0.0004
20,FakeManilaV2,115,3,3000,0.016,0.9997,0.004,0.0001
20,FakeManilaV2,115,4,4000,0.0178,0.9997,0.0018,0.0001
20,FakeManilaV2,115,5,5000,0.0172,0.9997,0.0006,0.0
20,FakeManilaV2,115,6,6000,0.0138,0.9998,0.0034,0.0001
20,FakeManilaV2,115,7,7000,0.0149,0.9998,0.001,0.0
20,FakeManilaV2,115,8,8000,0.0114,0.9999,0.0035,0.0001
20,FakeManilaV2,115,9,9000,0.0096,0.9999,0.0018,0.0
20,FakeManilaV2,115,10,10000,0.0085,0.9999,0.0011,0.0
20,FakeManilaV2,116,1,1000,0.031,0.999,1.0,1.0
20,FakeManilaV2,116,2,2000,0.0235,0.9994,0.0075,0.0004
20,FakeManilaV2,116,3,3000,0.0223,0.9995,0.0012,0.0001
20,FakeManilaV2,116,4,4000,0.0195,0.9996,0.0028,0.0001
20,FakeManilaV2,116,5,5000,0.0192,0.9996,0.0003,0.0
20,FakeManilaV2,116,6,6000,0.0152,0.9998,0.004,0.0001
20,FakeManilaV2,116,7,7000,0.016,0.9997,0.0008,0.0
20,FakeManilaV2,116,8,8000,0.0125,0.9998,0.0035,0.0001
20,FakeManilaV2,116,9,9000,0.013,0.9998,0.0005,0.0
20,FakeManilaV2,116,10,10000,0.0092,0.9999,0.0038,0.0001
20,FakeManilaV2,117,1,1000,0.031,0.999,1.0,1.0
20,FakeManilaV2,117,2,2000,0.0185,0.9997,0.0125,0.0006
20,FakeManilaV2,117,3,3000,0.0233,0.9995,0.0048,0.0002
20,FakeManilaV2,117,4,4000,0.0132,0.9998,0.0101,0.0004
20,FakeManilaV2,117,5,5000,0.0116,0.9999,0.0016,0.0
20,FakeManilaV2,117,6,6000,0.0133,0.9998,0.0017,0.0
20,FakeManilaV2,117,7,7000,0.0103,0.9999,0.003,0.0001
20,FakeManilaV2,117,8,8000,0.0059,1.0,0.0044,0.0001
20,FakeManilaV2,117,9,9000,0.0076,0.9999,0.0017,0.0
20,FakeManilaV2,117,10,10000,0.0069,1.0,0.0007,0.0
20,FakeManilaV2,118,1,1000,0.007,1.0,1.0,1.0
20,FakeManilaV2,118,2,2000,0.0035,1.0,0.0035,0.0
20,FakeManilaV2,118,3,3000,0.005,1.0,0.0015,0.0
20,FakeManilaV2,118,4,4000,0.0037,1.0,0.0013,0.0
20,FakeManilaV2,118,5,5000,0.0066,1.0,0.0029,0.0
20,FakeManilaV2,118,6,6000,0.006,1.0,0.0006,0.0
20,FakeManilaV2,118,7,7000,0.0039,1.0,0.0021,0.0
20,FakeManilaV2,118,8,8000,0.0046,1.0,0.0008,0.0
20,FakeManilaV2,118,9,9000,0.0037,1.0,0.001,0.0
20,FakeManilaV2,118,10,10000,0.0013,1.0,0.0024,0.0
20,FakeManilaV2,119,1,1000,0.006,1.0,1.0,1.0
20,FakeManilaV2,119,2,2000,0.006,1.0,0.0,0.0
20,FakeManilaV2,119,3,3000,0.002,1.0,0.004,0.0
20,FakeManilaV2,119,4,4000,0.0003,1.0,0.0017,0.0
20,FakeManilaV2,119,5,5000,0.0014,1.0,0.0012,0.0
20,FakeManilaV2,119,6,6000,0.0023,1.0,0.0009,0.0
20,FakeManilaV2,119,7,7000,0.0049,1.0,0.0025,0.0
20,FakeManilaV2,119,8,8000,0.0039,1.0,0.001,0.0
20,FakeManilaV2,119,9,9000,0.0051,1.0,0.0012,0.0
20,FakeManilaV2,119,10,10000,0.0025,1.0,0.0026,0.0
25,FakeManilaV2,20,1,102,0.2083,0.9326,1.0,1.0
25,FakeManilaV2,20,2,204,0.1795,0.9571,0.0288,0.0245
25,FakeManilaV2,20,3,306,0.1474,0.9709,0.0322,0.0138
25,FakeManilaV2,20,4,408,0.1339,0.9735,0.0135,0.0026
25,FakeManilaV2,20,5,510,0.1317,0.9763,0.0021,0.0028
25,FakeManilaV2,20,6,612,0.1151,0.9821,0.0166,0.0058
25,FakeManilaV2,20,7,714,0.1132,0.981,0.0019,0.0011
25,FakeManilaV2,20,8,816,0.1069,0.9846,0.0063,0.0036
25,FakeManilaV2,20,9,918,0.099,0.9873,0.0079,0.0027
25,FakeManilaV2,20,10,1024,0.0987,0.9871,0.0003,0.0002
25,FakeManilaV2,21,1,102,0.1887,0.9394,1.0,1.0
25,FakeManilaV2,21,2,204,0.1259,0.9799,0.0628,0.0405
25,FakeManilaV2,21,3,306,0.1343,0.9772,0.0084,0.0027
25,FakeManilaV2,21,4,408,0.1167,0.9826,0.0176,0.0054
25,FakeManilaV2,21,5,510,0.1262,0.979,0.0095,0.0035
25,FakeManilaV2,21,6,612,0.0983,0.9864,0.0279,0.0073
25,FakeManilaV2,21,7,714,0.102,0.986,0.0036,0.0004
25,FakeManilaV2,21,8,816,0.098,0.9867,0.0039,0.0007
25,FakeManilaV2,21,9,918,0.0979,0.9869,0.0002,0.0002
25,FakeManilaV2,21,10,1024,0.0947,0.9867,0.0031,0.0002
25,FakeManilaV2,22,1,102,0.1244,0.9443,1.0,1.0
25,FakeManilaV2,22,2,204,0.1207,0.9691,0.0037,0.0248
25,FakeManilaV2,22,3,306,0.1245,0.9752,0.0038,0.0062
25,FakeManilaV2,22,4,408,0.1081,0.9824,0.0163,0.0072
25,FakeManilaV2,22,5,510,0.1044,0.9823,0.0037,0.0001
25,FakeManilaV2,22,6,612,0.1051,0.9824,0.0007,0.0001
25,FakeManilaV2,22,7,714,0.1096,0.9817,0.0046,0.0008
25,FakeManilaV2,22,8,816,0.0993,0.9837,0.0104,0.002
25,FakeManilaV2,22,9,918,0.1005,0.9831,0.0012,0.0006
25,FakeManilaV2,22,10,1024,0.1035,0.9834,0.003,0.0003
25,FakeManilaV2,23,1,102,0.1596,0.9569,1.0,1.0
25,FakeManilaV2,23,2,204,0.136,0.9773,0.0236,0.0204
25,FakeManilaV2,23,3,306,0.1183,0.9817,0.0178,0.0044
25,FakeManilaV2,23,4,408,0.1327,0.9769,0.0144,0.0048
25,FakeManilaV2,23,5,510,0.1244,0.9795,0.0083,0.0026
25,FakeManilaV2,23,6,612,0.1255,0.9783,0.0011,0.0012
25,FakeManilaV2,23,7,714,0.1267,0.9792,0.0012,0.0009
25,FakeManilaV2,23,8,816,0.1235,0.9793,0.0032,0.0001
25,FakeManilaV2,23,9,918,0.1143,0.9818,0.0092,0.0026
25,FakeManilaV2,23,10,1024,0.1153,0.9817,0.001,0.0001
25,FakeManilaV2,24,1,102,0.1164,0.9823,1.0,1.0
25,FakeManilaV2,24,2,204,0.0882,0.9895,0.0282,0.0072
25,FakeManilaV2,24,3,306,0.0953,0.9862,0.007,0.0034
25,FakeManilaV2,24,4,408,0.0867,0.9886,0.0086,0.0025
25,FakeManilaV2,24,5,510,0.1012,0.9857,0.0145,0.0029
25,FakeManilaV2,24,6,612,0.0982,0.988,0.003,0.0023
25,FakeManilaV2,24,7,714,0.098,0.9879,0.0002,0.0001
25,FakeManilaV2,24,8,816,0.0849,0.9901,0.0131,0.0023
25,FakeManilaV2,24,9,918,0.0859,0.9893,0.001,0.0009
25,FakeManilaV2,24,10,1024,0.086,0.9897,0.0001,0.0004
25,FakeManilaV2,25,1,102,0.1682,0.9271,1.0,1.0
25,FakeManilaV2,25,2,204,0.1311,0.9726,0.0371,0.0455
25,FakeManilaV2,25,3,306,0.1232,0.9806,0.008,0.008
25,FakeManilaV2,25,4,408,0.1198,0.98,0.0034,0.0006
25,FakeManilaV2,25,5,510,0.1163,0.9816,0.0035,0.0015
25,FakeManilaV2,25,6,612,0.1199,0.9811,0.0036,0.0004
25,FakeManilaV2,25,7,714,0.1211,0.9815,0.0012,0.0004
25,FakeManilaV2,25,8,816,0.1244,0.98,0.0033,0.0015
25,FakeManilaV2,25,9,918,0.119,0.9815,0.0054,0.0015
25,FakeManilaV2,25,10,1024,0.1143,0.9814,0.0047,0.0002
25,FakeManilaV2,26,1,102,0.1357,0.9569,1.0,1.0
25,FakeManilaV2,26,2,204,0.1072,0.9741,0.0285,0.0172
25,FakeManilaV2,26,3,306,0.094,0.9858,0.0133,0.0117
25,FakeManilaV2,26,4,408,0.0824,0.9917,0.0115,0.0059
25,FakeManilaV2,26,5,510,0.0851,0.9912,0.0027,0.0005
25,FakeManilaV2,26,6,612,0.0832,0.9912,0.0019,0.0
25,FakeManilaV2,26,7,714,0.0858,0.9905,0.0026,0.0007
25,FakeManilaV2,26,8,816,0.0882,0.9896,0.0024,0.0009
25,FakeManilaV2,26,9,918,0.0903,0.9886,0.0021,0.001
25,FakeManilaV2,26,10,1024,0.0879,0.9896,0.0024,0.001
25,FakeManilaV2,27,1,102,0.1354,0.9643,1.0,1.0
25,FakeManilaV2,27,2,204,0.1115,0.9695,0.0239,0.0052
25,FakeManilaV2,27,3,306,0.1081,0.9813,0.0034,0.0117
25,FakeManilaV2,27,4,408,0.1048,0.9848,0.0034,0.0036
25,FakeManilaV2,27,5,510,0.0964,0.9872,0.0083,0.0024
25,FakeManilaV2,27,6,612,0.0903,0.9878,0.0062,0.0006
25,FakeManilaV2,27,7,714,0.0849,0.9896,0.0054,0.0017
25,FakeManilaV2,27,8,816,0.0751,0.9925,0.0098,0.0029
25,FakeManilaV2,27,9,918,0.08,0.9912,0.0049,0.0013
25,FakeManilaV2,27,10,1024,0.0762,0.9918,0.0038,0.0006
25,FakeManilaV2,28,1,102,0.1369,0.9148,1.0,1.0
25,FakeManilaV2,28,2,204,0.1464,0.9658,0.0095,0.051
25,FakeManilaV2,28,3,306,0.1474,0.9689,0.0009,0.003
25,FakeManilaV2,28,4,408,0.1327,0.9749,0.0147,0.0061
25,FakeManilaV2,28,5,510,0.1199,0.9779,0.0127,0.0029
25,FakeManilaV2,28,6,612,0.1217,0.9779,0.0018,0.0
25,FakeManilaV2,28,7,714,0.12,0.9801,0.0018,0.0022
25,FakeManilaV2,28,8,816,0.1275,0.9781,0.0075,0.002
25,FakeManilaV2,28,9,918,0.1121,0.9839,0.0154,0.0059
25,FakeManilaV2,28,10,1024,0.1133,0.9837,0.0012,0.0002
25,FakeManilaV2,29,1,102,0.1648,0.9567,1.0,1.0
25,FakeManilaV2,29,2,204,0.1449,0.9708,0.0199,0.0141
25,FakeManilaV2,29,3,306,0.1444,0.9726,0.0005,0.0018
25,FakeManilaV2,29,4,408,0.1351,0.9762,0.0093,0.0036
25,FakeManilaV2,29,5,510,0.1381,0.9734,0.0029,0.0027
25,FakeManilaV2,29,6,612,0.1204,0.9783,0.0176,0.0049
25,FakeManilaV2,29,7,714,0.1148,0.981,0.0056,0.0027
25,FakeManilaV2,29,8,816,0.1118,0.9817,0.003,0.0007
25,FakeManilaV2,29,9,918,0.106,0.9827,0.0059,0.001
25,FakeManilaV2,29,10,1024,0.1035,0.9841,0.0024,0.0014
25,FakeManilaV2,30,1,102,0.1173,0.9535,1.0,1.0
25,FakeManilaV2,30,2,204,0.1253,0.9709,0.008,0.0174
25,FakeManilaV2,30,3,306,0.1218,0.9747,0.0035,0.0038
25,FakeManilaV2,30,4,408,0.1085,0.9797,0.0134,0.005
25,FakeManilaV2,30,5,510,0.1008,0.9821,0.0077,0.0024
25,FakeManilaV2,30,6,612,0.0891,0.987,0.0117,0.0049
25,FakeManilaV2,30,7,714,0.0782,0.9893,0.0109,0.0023
25,FakeManilaV2,30,8,816,0.0781,0.9908,0.0,0.0015
25,FakeManilaV2,30,9,918,0.0797,0.991,0.0016,0.0003
25,FakeManilaV2,30,10,1024,0.0772,0.9917,0.0026,0.0007
25,FakeManilaV2,31,1,102,0.0913,0.9862,1.0,1.0
25,FakeManilaV2,31,2,204,0.1017,0.9846,0.0104,0.0016
25,FakeManilaV2,31,3,306,0.1157,0.9837,0.014,0.0009
25,FakeManilaV2,31,4,408,0.0919,0.9882,0.0238,0.0046
25,FakeManilaV2,31,5,510,0.0931,0.9902,0.0012,0.002
25,FakeManilaV2,31,6,612,0.0837,0.9908,0.0093,0.0006
25,FakeManilaV2,31,7,714,0.0863,0.9899,0.0025,0.0009
25,FakeManilaV2,31,8,816,0.0968,0.9881,0.0105,0.0018
25,FakeManilaV2,31,9,918,0.0946,0.9882,0.0022,0.0
25,FakeManilaV2,31,10,1024,0.0879,0.9884,0.0067,0.0003
25,FakeManilaV2,32,1,102,0.1572,0.959,1.0,1.0
25,FakeManilaV2,32,2,204,0.1201,0.9817,0.0371,0.0228
25,FakeManilaV2,32,3,306,0.1045,0.9849,0.0156,0.0032
25,FakeManilaV2,32,4,408,0.1155,0.9819,0.011,0.003
25,FakeManilaV2,32,5,510,0.1045,0.9838,0.011,0.0018
25,FakeManilaV2,32,6,612,0.1012,0.9863,0.0033,0.0026
25,FakeManilaV2,32,7,714,0.1079,0.9841,0.0067,0.0022
25,FakeManilaV2,32,8,816,0.1121,0.9839,0.0042,0.0002
25,FakeManilaV2,32,9,918,0.1143,0.9845,0.0022,0.0006
25,FakeManilaV2,32,10,1024,0.1074,0.9851,0.0069,0.0007
25,FakeManilaV2,33,1,102,0.1575,0.9646,1.0,1.0
25,FakeManilaV2,33,2,204,0.1186,0.9778,0.0389,0.0133
25,FakeManilaV2,33,3,306,0.1085,0.9825,0.0101,0.0046
25,FakeManilaV2,33,4,408,0.1293,0.9768,0.0208,0.0056
25,FakeManilaV2,33,5,510,0.1343,0.9768,0.005,0.0
25,FakeManilaV2,33,6,612,0.1232,0.9797,0.0111,0.0029
25,FakeManilaV2,33,7,714,0.1292,0.9774,0.0061,0.0023
25,FakeManilaV2,33,8,816,0.1183,0.979,0.011,0.0016
25,FakeManilaV2,33,9,918,0.1186,0.9791,0.0003,0.0002
25,FakeManilaV2,33,10,1024,0.1192,0.9787,0.0006,0.0004
25,FakeManilaV2,34,1,102,0.1572,0.9578,1.0,1.0
25,FakeManilaV2,34,2,204,0.1134,0.981,0.0438,0.0233
25,FakeManilaV2,34,3,306,0.1065,0.9852,0.0068,0.0042
25,FakeManilaV2,34,4,408,0.1176,0.9836,0.0111,0.0016
25,FakeManilaV2,34,5,510,0.1117,0.984,0.0059,0.0004
25,FakeManilaV2,34,6,612,0.1125,0.9824,0.0008,0.0016
25,FakeManilaV2,34,7,714,0.1146,0.9816,0.002,0.0008
25,FakeManilaV2,34,8,816,0.1026,0.9854,0.0119,0.0038
25,FakeManilaV2,34,9,918,0.0968,0.9866,0.0058,0.0012
25,FakeManilaV2,34,10,1024,0.0938,0.9876,0.003,0.0011
25,FakeManilaV2,35,1,102,0.1719,0.9213,1.0,1.0
25,FakeManilaV2,35,2,204,0.1526,0.9667,0.0193,0.0455
25,FakeManilaV2,35,3,306,0.156,0.9685,0.0035,0.0018
25,FakeManilaV2,35,4,408,0.1544,0.9724,0.0016,0.0038
25,FakeManilaV2,35,5,510,0.1438,0.9741,0.0106,0.0017
25,FakeManilaV2,35,6,612,0.1337,0.9784,0.0101,0.0043
25,FakeManilaV2,35,7,714,0.1348,0.9784,0.0012,0.0
25,FakeManilaV2,35,8,816,0.1271,0.9804,0.0077,0.002
25,FakeManilaV2,35,9,918,0.1233,0.9813,0.0038,0.0009
25,FakeManilaV2,35,10,1024,0.1104,0.9844,0.013,0.0032
25,FakeManilaV2,36,1,102,0.1752,0.9586,1.0,1.0
25,FakeManilaV2,36,2,204,0.1419,0.9725,0.0334,0.0139
25,FakeManilaV2,36,3,306,0.1113,0.98,0.0305,0.0076
25,FakeManilaV2,36,4,408,0.0806,0.9895,0.0307,0.0094
25,FakeManilaV2,36,5,510,0.0631,0.9921,0.0175,0.0026
25,FakeManilaV2,36,6,612,0.0631,0.9932,0.0,0.0012
25,FakeManilaV2,36,7,714,0.0624,0.9938,0.0007,0.0005
25,FakeManilaV2,36,8,816,0.0689,0.9927,0.0066,0.0011
25,FakeManilaV2,36,9,918,0.0664,0.9938,0.0026,0.0012
25,FakeManilaV2,36,10,1024,0.0703,0.9934,0.004,0.0005
25,FakeManilaV2,37,1,102,0.1599,0.9596,1.0,1.0
25,FakeManilaV2,37,2,204,0.1118,0.9819,0.0481,0.0223
25,FakeManilaV2,37,3,306,0.1288,0.9798,0.017,0.0021
25,FakeManilaV2,37,4,408,0.1109,0.9846,0.0179,0.0047
25,FakeManilaV2,37,5,510,0.0968,0.987,0.0141,0.0024
25,FakeManilaV2,37,6,612,0.0912,0.9888,0.0056,0.0018
25,FakeManilaV2,37,7,714,0.092,0.989,0.0008,0.0003
25,FakeManilaV2,37,8,816,0.0919,0.9889,0.0,0.0002
25,FakeManilaV2,37,9,918,0.0837,0.9911,0.0082,0.0022
25,FakeManilaV2,37,10,1024,0.083,0.9914,0.0006,0.0003
25,FakeManilaV2,38,1,102,0.1458,0.9731,1.0,1.0
25,FakeManilaV2,38,2,204,0.1195,0.9831,0.0263,0.01
25,FakeManilaV2,38,3,306,0.122,0.9821,0.0026,0.001
25,FakeManilaV2,38,4,408,0.1143,0.984,0.0078,0.002
25,FakeManilaV2,38,5,510,0.0839,0.9909,0.0303,0.0068
25,FakeManilaV2,38,6,612,0.0844,0.9914,0.0004,0.0005
25,FakeManilaV2,38,7,714,0.076,0.9925,0.0083,0.0011
25,FakeManilaV2,38,8,816,0.0781,0.9921,0.0021,0.0004
25,FakeManilaV2,38,9,918,0.0805,0.9919,0.0024,0.0002
25,FakeManilaV2,38,10,1024,0.0821,0.9917,0.0015,0.0002
25,FakeManilaV2,39,1,102,0.1042,0.9684,1.0,1.0
25,FakeManilaV2,39,2,204,0.1222,0.9788,0.0181,0.0104
25,FakeManilaV2,39,3,306,0.1266,0.9798,0.0044,0.0009
25,FakeManilaV2,39,4,408,0.091,0.9877,0.0356,0.0079
25,FakeManilaV2,39,5,510,0.0968,0.987,0.0058,0.0007
25,FakeManilaV2,39,6,612,0.0821,0.9887,0.0147,0.0017
25,FakeManilaV2,39,7,714,0.08,0.9906,0.0021,0.002
25,FakeManilaV2,39,8,816,0.1005,0.987,0.0205,0.0036
25,FakeManilaV2,39,9,918,0.1012,0.9876,0.0007,0.0005
25,FakeManilaV2,39,10,1024,0.0928,0.9885,0.0084,0.0009
25,FakeManilaV2,40,1,102,0.1553,0.9475,1.0,1.0
25,FakeManilaV2,40,2,204,0.1189,0.9742,0.0365,0.0267
25,FakeManilaV2,40,3,306,0.1208,0.9776,0.0019,0.0034
25,FakeManilaV2,40,4,408,0.1131,0.9835,0.0078,0.0059
25,FakeManilaV2,40,5,510,0.1126,0.9814,0.0005,0.0021
25,FakeManilaV2,40,6,612,0.1079,0.9825,0.0046,0.0011
25,FakeManilaV2,40,7,714,0.1113,0.9827,0.0033,0.0001
25,FakeManilaV2,40,8,816,0.1085,0.9835,0.0028,0.0008
25,FakeManilaV2,40,9,918,0.1106,0.9825,0.0022,0.001
25,FakeManilaV2,40,10,1024,0.1133,0.9815,0.0027,0.001
25,FakeManilaV2,41,1,102,0.132,0.9734,1.0,1.0
25,FakeManilaV2,41,2,204,0.1302,0.9763,0.0018,0.0029
25,FakeManilaV2,41,3,306,0.1266,0.9792,0.0036,0.0029
25,FakeManilaV2,41,4,408,0.1195,0.9792,0.0071,0.0
25,FakeManilaV2,41,5,510,0.1224,0.9801,0.0029,0.0009
25,FakeManilaV2,41,6,612,0.1162,0.9824,0.0062,0.0023
25,FakeManilaV2,41,7,714,0.1099,0.9837,0.0063,0.0013
25,FakeManilaV2,41,8,816,0.1032,0.9851,0.0067,0.0014
25,FakeManilaV2,41,9,918,0.1077,0.9843,0.0045,0.0008
25,FakeManilaV2,41,10,1024,0.0938,0.9885,0.0139,0.0041
25,FakeManilaV2,42,1,102,0.1673,0.9178,1.0,1.0
25,FakeManilaV2,42,2,204,0.1247,0.9694,0.0426,0.0516
25,FakeManilaV2,42,3,306,0.1238,0.9789,0.0009,0.0095
25,FakeManilaV2,42,4,408,0.1121,0.9797,0.0116,0.0008
25,FakeManilaV2,42,5,510,0.1064,0.9845,0.0057,0.0048
25,FakeManilaV2,42,6,612,0.1126,0.9835,0.0062,0.001
25,FakeManilaV2,42,7,714,0.1143,0.9834,0.0016,0.0001
25,FakeManilaV2,42,8,816,0.1069,0.9856,0.0074,0.0021
25,FakeManilaV2,42,9,918,0.1077,0.9862,0.0008,0.0007
25,FakeManilaV2,42,10,1024,0.1133,0.9855,0.0056,0.0007
25,FakeManilaV2,43,1,102,0.1495,0.9573,1.0,1.0
25,FakeManilaV2,43,2,204,0.1406,0.9719,0.0089,0.0146
25,FakeManilaV2,43,3,306,0.1201,0.9825,0.0205,0.0106
25,FakeManilaV2,43,4,408,0.121,0.9828,0.0009,0.0002
25,FakeManilaV2,43,5,510,0.1102,0.9855,0.0108,0.0027
25,FakeManilaV2,43,6,612,0.1036,0.9856,0.0067,0.0001
25,FakeManilaV2,43,7,714,0.0933,0.9885,0.0103,0.0029
25,FakeManilaV2,43,8,816,0.095,0.9873,0.0017,0.0012
25,FakeManilaV2,43,9,918,0.0939,0.9885,0.0011,0.0013
25,FakeManilaV2,43,10,1024,0.0879,0.9894,0.006,0.0008
25,FakeManilaV2,44,1,102,0.1268,0.9524,1.0,1.0
25,FakeManilaV2,44,2,204,0.125,0.9682,0.0018,0.0158
25,FakeManilaV2,44,3,306,0.1021,0.9839,0.0229,0.0157
25,FakeManilaV2,44,4,408,0.1118,0.9841,0.0097,0.0002
25,FakeManilaV2,44,5,510,0.1145,0.9846,0.0026,0.0005
25,FakeManilaV2,44,6,612,0.1106,0.9848,0.0039,0.0002
25,FakeManilaV2,44,7,714,0.0928,0.989,0.0178,0.0042
25,FakeManilaV2,44,8,816,0.0965,0.9872,0.0037,0.0018
25,FakeManilaV2,44,9,918,0.0928,0.9885,0.0037,0.0013
25,FakeManilaV2,44,10,1024,0.0967,0.9876,0.0039,0.0009
25,FakeManilaV2,45,1,102,0.2004,0.947,1.0,1.0
25,FakeManilaV2,45,2,204,0.1486,0.9645,0.0518,0.0175
25,FakeManilaV2,45,3,306,0.1339,0.974,0.0147,0.0095
25,FakeManilaV2,45,4,408,0.1192,0.982,0.0147,0.008
25,FakeManilaV2,45,5,510,0.1143,0.9846,0.0048,0.0026
25,FakeManilaV2,45,6,612,0.1164,0.9819,0.0021,0.0026
25,FakeManilaV2,45,7,714,0.1073,0.9832,0.0091,0.0013
25,FakeManilaV2,45,8,816,0.0959,0.986,0.0114,0.0027
25,FakeManilaV2,45,9,918,0.094,0.988,0.0019,0.002
25,FakeManilaV2,45,10,1024,0.0918,0.9889,0.0021,0.0009
25,FakeManilaV2,46,1,102,0.1596,0.9519,1.0,1.0
25,FakeManilaV2,46,2,204,0.0996,0.9857,0.06,0.0337
25,FakeManilaV2,46,3,306,0.1072,0.9828,0.0077,0.0029
25,FakeManilaV2,46,4,408,0.1085,0.9822,0.0012,0.0005
25,FakeManilaV2,46,5,510,0.1147,0.9835,0.0063,0.0013
25,FakeManilaV2,46,6,612,0.1193,0.9834,0.0046,0.0001
25,FakeManilaV2,46,7,714,0.1113,0.9857,0.0079,0.0023
25,FakeManilaV2,46,8,816,0.1026,0.9875,0.0087,0.0018
25,FakeManilaV2,46,9,918,0.0866,0.9908,0.0161,0.0033
25,FakeManilaV2,46,10,1024,0.0821,0.9914,0.0045,0.0007
25,FakeManilaV2,47,1,102,0.2062,0.9068,1.0,1.0
25,FakeManilaV2,47,2,204,0.1722,0.9581,0.034,0.0512
25,FakeManilaV2,47,3,306,0.1215,0.9742,0.0507,0.0161
25,FakeManilaV2,47,4,408,0.1075,0.9845,0.014,0.0103
25,FakeManilaV2,47,5,510,0.1007,0.9832,0.0069,0.0013
25,FakeManilaV2,47,6,612,0.0951,0.9865,0.0056,0.0032
25,FakeManilaV2,47,7,714,0.0841,0.9906,0.011,0.0041
25,FakeManilaV2,47,8,816,0.0879,0.9898,0.0038,0.0008
25,FakeManilaV2,47,9,918,0.0881,0.9897,0.0001,0.0001
25,FakeManilaV2,47,10,1024,0.084,0.9905,0.0041,0.0008
25,FakeManilaV2,48,1,102,0.1403,0.9516,1.0,1.0
25,FakeManilaV2,48,2,204,0.1541,0.956,0.0138,0.0043
25,FakeManilaV2,48,3,306,0.145,0.9716,0.0091,0.0156
25,FakeManilaV2,48,4,408,0.1029,0.9846,0.0421,0.013
25,FakeManilaV2,48,5,510,0.0789,0.9912,0.024,0.0066
25,FakeManilaV2,48,6,612,0.0881,0.9902,0.0092,0.001
25,FakeManilaV2,48,7,714,0.0723,0.9927,0.0159,0.0025
25,FakeManilaV2,48,8,816,0.065,0.9939,0.0073,0.0013
25,FakeManilaV2,48,9,918,0.0682,0.9937,0.0032,0.0002
25,FakeManilaV2,48,10,1024,0.0752,0.9928,0.007,0.0009
25,FakeManilaV2,49,1,102,0.1513,0.9561,1.0,1.0
25,FakeManilaV2,49,2,204,0.091,0.9848,0.0604,0.0286
25,FakeManilaV2,49,3,306,0.0943,0.9871,0.0033,0.0023
25,FakeManilaV2,49,4,408,0.1026,0.9849,0.0084,0.0022
25,FakeManilaV2,49,5,510,0.0888,0.9882,0.0138,0.0033
25,FakeManilaV2,49,6,612,0.0837,0.9905,0.005,0.0023
25,FakeManilaV2,49,7,714,0.0821,0.9907,0.0017,0.0001
25,FakeManilaV2,49,8,816,0.0864,0.9896,0.0043,0.001
25,FakeManilaV2,49,9,918,0.0851,0.9899,0.0013,0.0003
25,FakeManilaV2,49,10,1024,0.0821,0.99,0.0031,0.0001
25,FakeManilaV2,50,1,102,0.1449,0.9733,1.0,1.0
25,FakeManilaV2,50,2,204,0.1464,0.9719,0.0015,0.0014
25,FakeManilaV2,50,3,306,0.1346,0.9761,0.0118,0.0041
25,FakeManilaV2,50,4,408,0.1204,0.9804,0.0142,0.0044
25,FakeManilaV2,50,5,510,0.1322,0.9771,0.0118,0.0034
25,FakeManilaV2,50,6,612,0.1326,0.9795,0.0003,0.0025
25,FakeManilaV2,50,7,714,0.13,0.9802,0.0026,0.0006
25,FakeManilaV2,50,8,816,0.1158,0.9839,0.0142,0.0038
25,FakeManilaV2,50,9,918,0.1171,0.9838,0.0013,0.0002
25,FakeManilaV2,50,10,1024,0.1113,0.9849,0.0058,0.0011
25,FakeManilaV2,51,1,102,0.1299,0.9662,1.0,1.0
25,FakeManilaV2,51,2,204,0.1103,0.9777,0.0196,0.0116
25,FakeManilaV2,51,3,306,0.1092,0.9801,0.0011,0.0023
25,FakeManilaV2,51,4,408,0.1225,0.9779,0.0134,0.0022
25,FakeManilaV2,51,5,510,0.0969,0.9854,0.0256,0.0075
25,FakeManilaV2,51,6,612,0.0937,0.9872,0.0032,0.0018
25,FakeManilaV2,51,7,714,0.0953,0.9877,0.0016,0.0006
25,FakeManilaV2,51,8,816,0.0974,0.9875,0.0021,0.0002
25,FakeManilaV2,51,9,918,0.0849,0.9903,0.0126,0.0028
25,FakeManilaV2,51,10,1024,0.0899,0.9906,0.005,0.0004
25,FakeManilaV2,52,1,102,0.1437,0.9636,1.0,1.0
25,FakeManilaV2,52,2,204,0.1517,0.9677,0.008,0.0041
25,FakeManilaV2,52,3,306,0.1273,0.9746,0.0243,0.0069
25,FakeManilaV2,52,4,408,0.117,0.9814,0.0103,0.0068
25,FakeManilaV2,52,5,510,0.1139,0.9827,0.0031,0.0013
25,FakeManilaV2,52,6,612,0.1007,0.9857,0.0132,0.003
25,FakeManilaV2,52,7,714,0.0918,0.9884,0.0089,0.0028
25,FakeManilaV2,52,8,816,0.0941,0.9873,0.0023,0.0011
25,FakeManilaV2,52,9,918,0.0893,0.9886,0.0048,0.0013
25,FakeManilaV2,52,10,1024,0.0947,0.9878,0.0055,0.0008
25,FakeManilaV2,53,1,102,0.1222,0.9518,1.0,1.0
25,FakeManilaV2,53,2,204,0.106,0.9776,0.0162,0.0257
25,FakeManilaV2,53,3,306,0.1187,0.9833,0.0127,0.0058
25,FakeManilaV2,53,4,408,0.1124,0.9821,0.0062,0.0012
25,FakeManilaV2,53,5,510,0.1045,0.9846,0.008,0.0025
25,FakeManilaV2,53,6,612,0.0917,0.9886,0.0128,0.0041
25,FakeManilaV2,53,7,714,0.0824,0.9909,0.0093,0.0023
25,FakeManilaV2,53,8,816,0.0824,0.9905,0.0,0.0004
25,FakeManilaV2,53,9,918,0.084,0.9903,0.0016,0.0002
25,FakeManilaV2,53,10,1024,0.0801,0.9915,0.004,0.0012
25,FakeManilaV2,54,1,102,0.1667,0.9504,1.0,1.0
25,FakeManilaV2,54,2,204,0.1752,0.9593,0.0086,0.0089
25,FakeManilaV2,54,3,306,0.1774,0.9629,0.0021,0.0036
25,FakeManilaV2,54,4,408,0.1544,0.9692,0.023,0.0063
25,FakeManilaV2,54,5,510,0.1441,0.973,0.0103,0.0038
25,FakeManilaV2,54,6,612,0.1468,0.9722,0.0026,0.0008
25,FakeManilaV2,54,7,714,0.136,0.9776,0.0107,0.0054
25,FakeManilaV2,54,8,816,0.125,0.9804,0.011,0.0028
25,FakeManilaV2,54,9,918,0.1273,0.9802,0.0023,0.0002
25,FakeManilaV2,54,10,1024,0.126,0.9803,0.0013,0.0001
25,FakeManilaV2,55,1,102,0.1152,0.9677,1.0,1.0
25,FakeManilaV2,55,2,204,0.1173,0.9816,0.0021,0.0138
25,FakeManilaV2,55,3,306,0.115,0.9811,0.0023,0.0005
25,FakeManilaV2,55,4,408,0.1201,0.9807,0.0051,0.0004
25,FakeManilaV2,55,5,510,0.1103,0.9835,0.0098,0.0029
25,FakeManilaV2,55,6,612,0.1031,0.9866,0.0071,0.003
25,FakeManilaV2,55,7,714,0.1012,0.9868,0.0019,0.0002
25,FakeManilaV2,55,8,816,0.0977,0.9882,0.0035,0.0014
25,FakeManilaV2,55,9,918,0.095,0.988,0.0027,0.0002
25,FakeManilaV2,55,10,1024,0.0967,0.9877,0.0017,0.0003
25,FakeManilaV2,56,1,102,0.167,0.9021,1.0,1.0
25,FakeManilaV2,56,2,204,0.1032,0.9828,0.0637,0.0806
25,FakeManilaV2,56,3,306,0.1299,0.9782,0.0267,0.0046
25,FakeManilaV2,56,4,408,0.1198,0.9813,0.0101,0.0031
25,FakeManilaV2,56,5,510,0.0987,0.987,0.0211,0.0057
25,FakeManilaV2,56,6,612,0.1152,0.9827,0.0165,0.0043
25,FakeManilaV2,56,7,714,0.1059,0.9851,0.0093,0.0024
25,FakeManilaV2,56,8,816,0.1008,0.9869,0.0051,0.0017
25,FakeManilaV2,56,9,918,0.1023,0.9868,0.0015,0.0001
25,FakeManilaV2,56,10,1024,0.0996,0.9875,0.0027,0.0007
25,FakeManilaV2,57,1,102,0.1731,0.9324,1.0,1.0
25,FakeManilaV2,57,2,204,0.1195,0.9606,0.0536,0.0282
25,FakeManilaV2,57,3,306,0.1097,0.9802,0.0098,0.0196
25,FakeManilaV2,57,4,408,0.0904,0.9856,0.0193,0.0054
25,FakeManilaV2,57,5,510,0.0885,0.9885,0.0018,0.0029
25,FakeManilaV2,57,6,612,0.0918,0.9867,0.0033,0.0018
25,FakeManilaV2,57,7,714,0.0864,0.9891,0.0054,0.0025
25,FakeManilaV2,57,8,816,0.091,0.9879,0.0046,0.0013
25,FakeManilaV2,57,9,918,0.1001,0.9857,0.0092,0.0021
25,FakeManilaV2,57,10,1024,0.0987,0.986,0.0015,0.0003
25,FakeManilaV2,58,1,102,0.1654,0.9378,1.0,1.0
25,FakeManilaV2,58,2,204,0.1275,0.9626,0.038,0.0248
25,FakeManilaV2,58,3,306,0.1136,0.9819,0.0139,0.0193
25,FakeManilaV2,58,4,408,0.0824,0.9916,0.0311,0.0097
25,FakeManilaV2,58,5,510,0.0829,0.9905,0.0005,0.0011
25,FakeManilaV2,58,6,612,0.0963,0.9874,0.0134,0.0031
25,FakeManilaV2,58,7,714,0.0871,0.9898,0.0092,0.0024
25,FakeManilaV2,58,8,816,0.0787,0.9917,0.0084,0.0019
25,FakeManilaV2,58,9,918,0.0646,0.9941,0.0142,0.0023
25,FakeManilaV2,58,10,1024,0.0713,0.9927,0.0067,0.0014
25,FakeManilaV2,59,1,102,0.1719,0.9642,1.0,1.0
25,FakeManilaV2,59,2,204,0.1446,0.9725,0.0273,0.0083
25,FakeManilaV2,59,3,306,0.1285,0.976,0.0161,0.0036
25,FakeManilaV2,59,4,408,0.1032,0.984,0.0252,0.0079
25,FakeManilaV2,59,5,510,0.0931,0.9877,0.0101,0.0037
25,FakeManilaV2,59,6,612,0.1124,0.9841,0.0193,0.0036
25,FakeManilaV2,59,7,714,0.1138,0.985,0.0014,0.0009
25,FakeManilaV2,59,8,816,0.1137,0.9846,0.0002,0.0004
25,FakeManilaV2,59,9,918,0.1136,0.9845,0.0001,0.0001
25,FakeManilaV2,59,10,1024,0.1123,0.9842,0.0012,0.0004
25,FakeManilaV2,60,1,102,0.1152,0.9568,1.0,1.0
25,FakeManilaV2,60,2,204,0.1189,0.9719,0.0037,0.0151
25,FakeManilaV2,60,3,306,0.1087,0.9792,0.0102,0.0073
25,FakeManilaV2,60,4,408,0.1036,0.982,0.0051,0.0029
25,FakeManilaV2,60,5,510,0.0906,0.9857,0.0129,0.0037
25,FakeManilaV2,60,6,612,0.09,0.9882,0.0007,0.0025
25,FakeManilaV2,60,7,714,0.0835,0.989,0.0065,0.0008
25,FakeManilaV2,60,8,816,0.0919,0.9881,0.0084,0.001
25,FakeManilaV2,60,9,918,0.0914,0.9888,0.0005,0.0007
25,FakeManilaV2,60,10,1024,0.0947,0.9882,0.0033,0.0006
25,FakeManilaV2,61,1,102,0.1906,0.9531,1.0,1.0
25,FakeManilaV2,61,2,204,0.129,0.9757,0.0616,0.0226
25,FakeManilaV2,61,3,306,0.1263,0.9761,0.0027,0.0004
25,FakeManilaV2,61,4,408,0.1137,0.9796,0.0127,0.0035
25,FakeManilaV2,61,5,510,0.124,0.9766,0.0103,0.003
25,FakeManilaV2,61,6,612,0.1145,0.9804,0.0095,0.0038
25,FakeManilaV2,61,7,714,0.103,0.9839,0.0115,0.0035
25,FakeManilaV2,61,8,816,0.1039,0.9853,0.0009,0.0014
25,FakeManilaV2,61,9,918,0.102,0.986,0.0019,0.0007
25,FakeManilaV2,61,10,1024,0.1006,0.9871,0.0013,0.0012
25,FakeManilaV2,62,1,102,0.1688,0.9378,1.0,1.0
25,FakeManilaV2,62,2,204,0.1189,0.9734,0.0499,0.0355
25,FakeManilaV2,62,3,306,0.0983,0.985,0.0205,0.0116
25,FakeManilaV2,62,4,408,0.0827,0.9873,0.0156,0.0022
25,FakeManilaV2,62,5,510,0.0785,0.9899,0.0042,0.0027
25,FakeManilaV2,62,6,612,0.0811,0.9896,0.0026,0.0003
25,FakeManilaV2,62,7,714,0.0736,0.992,0.0075,0.0024
25,FakeManilaV2,62,8,816,0.0784,0.9917,0.0049,0.0003
25,FakeManilaV2,62,9,918,0.0806,0.9912,0.0021,0.0005
25,FakeManilaV2,62,10,1024,0.0791,0.9915,0.0015,0.0003
25,FakeManilaV2,63,1,102,0.1854,0.9424,1.0,1.0
25,FakeManilaV2,63,2,204,0.1348,0.9744,0.0506,0.0321
25,FakeManilaV2,63,3,306,0.1222,0.9813,0.0126,0.0068
25,FakeManilaV2,63,4,408,0.0999,0.9877,0.0224,0.0064
25,FakeManilaV2,63,5,510,0.0991,0.9876,0.0008,0.0001
25,FakeManilaV2,63,6,612,0.0982,0.9881,0.0008,0.0005
25,FakeManilaV2,63,7,714,0.0844,0.9914,0.0138,0.0033
25,FakeManilaV2,63,8,816,0.0778,0.9923,0.0066,0.0009
25,FakeManilaV2,63,9,918,0.0775,0.9924,0.0003,0.0002
25,FakeManilaV2,63,10,1024,0.085,0.991,0.0074,0.0014
25,FakeManilaV2,64,1,102,0.1749,0.9392,1.0,1.0
25,FakeManilaV2,64,2,204,0.1042,0.9685,0.0708,0.0292
25,FakeManilaV2,64,3,306,0.0947,0.9852,0.0095,0.0168
25,FakeManilaV2,64,4,408,0.0922,0.9874,0.0025,0.0021
25,FakeManilaV2,64,5,510,0.0732,0.9918,0.019,0.0044
25,FakeManilaV2,64,6,612,0.0801,0.9905,0.0068,0.0013
25,FakeManilaV2,64,7,714,0.0798,0.9909,0.0003,0.0003
25,FakeManilaV2,64,8,816,0.0873,0.9899,0.0075,0.0009
25,FakeManilaV2,64,9,918,0.0911,0.9888,0.0037,0.0012
25,FakeManilaV2,64,10,1024,0.0967,0.9879,0.0056,0.0009
25,FakeManilaV2,65,1,102,0.1722,0.9613,1.0,1.0
25,FakeManilaV2,65,2,204,0.1152,0.978,0.057,0.0167
25,FakeManilaV2,65,3,306,0.1073,0.9815,0.0079,0.0035
25,FakeManilaV2,65,4,408,0.1103,0.9827,0.003,0.0013
25,FakeManilaV2,65,5,510,0.1069,0.985,0.0034,0.0023
25,FakeManilaV2,65,6,612,0.1031,0.9843,0.0037,0.0007
25,FakeManilaV2,65,7,714,0.1037,0.9837,0.0006,0.0006
25,FakeManilaV2,65,8,816,0.095,0.9872,0.0088,0.0035
25,FakeManilaV2,65,9,918,0.095,0.9877,0.0,0.0005
25,FakeManilaV2,65,10,1024,0.0938,0.9888,0.0012,0.0011
25,FakeManilaV2,66,1,102,0.2047,0.9333,1.0,1.0
25,FakeManilaV2,66,2,204,0.163,0.9612,0.0417,0.0279
25,FakeManilaV2,66,3,306,0.1658,0.9629,0.0029,0.0017
25,FakeManilaV2,66,4,408,0.1544,0.9713,0.0114,0.0084
25,FakeManilaV2,66,5,510,0.142,0.9745,0.0124,0.0032
25,FakeManilaV2,66,6,612,0.1411,0.9745,0.0008,0.0
25,FakeManilaV2,66,7,714,0.125,0.9782,0.0161,0.0037
25,FakeManilaV2,66,8,816,0.1293,0.9775,0.0042,0.0007
25,FakeManilaV2,66,9,918,0.1179,0.9815,0.0114,0.004
25,FakeManilaV2,66,10,1024,0.1162,0.9819,0.0016,0.0004
25,FakeManilaV2,67,1,102,0.1811,0.9386,1.0,1.0
25,FakeManilaV2,67,2,204,0.1204,0.9777,0.0607,0.0391
25,FakeManilaV2,67,3,306,0.1085,0.9846,0.0119,0.0069
25,FakeManilaV2,67,4,408,0.0965,0.9879,0.0119,0.0032
25,FakeManilaV2,67,5,510,0.103,0.9859,0.0065,0.002
25,FakeManilaV2,67,6,612,0.0924,0.9892,0.0106,0.0033
25,FakeManilaV2,67,7,714,0.0915,0.9887,0.0009,0.0005
25,FakeManilaV2,67,8,816,0.0965,0.9872,0.005,0.0015
25,FakeManilaV2,67,9,918,0.1008,0.9864,0.0043,0.0008
25,FakeManilaV2,67,10,1024,0.0987,0.9876,0.0022,0.0012
25,FakeManilaV2,68,1,102,0.2126,0.9411,1.0,1.0
25,FakeManilaV2,68,2,204,0.1468,0.9707,0.0659,0.0297
25,FakeManilaV2,68,3,306,0.1505,0.9718,0.0038,0.001
25,FakeManilaV2,68,4,408,0.1342,0.9776,0.0163,0.0058
25,FakeManilaV2,68,5,510,0.1284,0.9808,0.0058,0.0033
25,FakeManilaV2,68,6,612,0.1162,0.9832,0.0122,0.0023
25,FakeManilaV2,68,7,714,0.1106,0.9849,0.0056,0.0017
25,FakeManilaV2,68,8,816,0.0968,0.9876,0.0138,0.0028
25,FakeManilaV2,68,9,918,0.094,0.9875,0.0028,0.0001
25,FakeManilaV2,68,10,1024,0.1035,0.9859,0.0095,0.0016
25,FakeManilaV2,69,1,102,0.1281,0.9712,1.0,1.0
25,FakeManilaV2,69,2,204,0.0803,0.9898,0.0478,0.0187
25,FakeManilaV2,69,3,306,0.0695,0.9932,0.0107,0.0033
25,FakeManilaV2,69,4,408,0.1011,0.9872,0.0316,0.0059
25,FakeManilaV2,69,5,510,0.1032,0.9836,0.0021,0.0036
25,FakeManilaV2,69,6,612,0.1129,0.9808,0.0098,0.0028
25,FakeManilaV2,69,7,714,0.1096,0.983,0.0033,0.0022
25,FakeManilaV2,69,8,816,0.1069,0.9823,0.0027,0.0006
25,FakeManilaV2,69,9,918,0.1099,0.9813,0.003,0.001
25,FakeManilaV2,69,10,1024,0.1133,0.9816,0.0034,0.0003
25,FakeManilaV2,70,1,102,0.1783,0.9383,1.0,1.0
25,FakeManilaV2,70,2,204,0.1406,0.9575,0.0377,0.0192
25,FakeManilaV2,70,3,306,0.1177,0.9815,0.0229,0.024
25,FakeManilaV2,70,4,408,0.106,0.9855,0.0117,0.004
25,FakeManilaV2,70,5,510,0.1017,0.9864,0.0043,0.0009
25,FakeManilaV2,70,6,612,0.0912,0.9894,0.0105,0.003
25,FakeManilaV2,70,7,714,0.0846,0.99,0.0066,0.0006
25,FakeManilaV2,70,8,816,0.0898,0.9889,0.0051,0.0011
25,FakeManilaV2,70,9,918,0.091,0.9886,0.0012,0.0003
25,FakeManilaV2,70,10,1024,0.084,0.9899,0.007,0.0013
25,FakeManilaV2,71,1,102,0.1238,0.9547,1.0,1.0
25,FakeManilaV2,71,2,204,0.1308,0.9761,0.007,0.0215
25,FakeManilaV2,71,3,306,0.115,0.9791,0.0158,0.003
25,FakeManilaV2,71,4,408,0.1189,0.98,0.0039,0.0009
25,FakeManilaV2,71,5,510,0.1126,0.9827,0.0063,0.0027
25,FakeManilaV2,71,6,612,0.1008,0.9844,0.0118,0.0016
25,FakeManilaV2,71,7,714,0.0973,0.9862,0.0035,0.0018
25,FakeManilaV2,71,8,816,0.0953,0.9872,0.002,0.001
25,FakeManilaV2,71,9,918,0.0895,0.9885,0.0058,0.0014
25,FakeManilaV2,71,10,1024,0.0869,0.9885,0.0026,0.0
25,FakeManilaV2,72,1,102,0.204,0.9342,1.0,1.0
25,FakeManilaV2,72,2,204,0.1575,0.9702,0.0466,0.036
25,FakeManilaV2,72,3,306,0.1346,0.9783,0.0229,0.0081
25,FakeManilaV2,72,4,408,0.1238,0.982,0.0108,0.0037
25,FakeManilaV2,72,5,510,0.1007,0.9881,0.0231,0.0061
25,FakeManilaV2,72,6,612,0.0886,0.9884,0.012,0.0004
25,FakeManilaV2,72,7,714,0.0807,0.9904,0.008,0.002
25,FakeManilaV2,72,8,816,0.0787,0.9899,0.0019,0.0005
25,FakeManilaV2,72,9,918,0.0842,0.9897,0.0054,0.0002
25,FakeManilaV2,72,10,1024,0.0801,0.9903,0.0041,0.0006
25,FakeManilaV2,73,1,102,0.14,0.9594,1.0,1.0
25,FakeManilaV2,73,2,204,0.072,0.9882,0.068,0.0288
25,FakeManilaV2,73,3,306,0.0806,0.9901,0.0086,0.0019
25,FakeManilaV2,73,4,408,0.0763,0.9898,0.0043,0.0003
25,FakeManilaV2,73,5,510,0.0713,0.9914,0.005,0.0016
25,FakeManilaV2,73,6,612,0.0847,0.9887,0.0134,0.0026
25,FakeManilaV2,73,7,714,0.0765,0.9909,0.0082,0.0022
25,FakeManilaV2,73,8,816,0.0794,0.9902,0.0029,0.0007
25,FakeManilaV2,73,9,918,0.0813,0.9908,0.0019,0.0006
25,FakeManilaV2,73,10,1024,0.084,0.9897,0.0027,0.0012
25,FakeManilaV2,74,1,102,0.1927,0.9293,1.0,1.0
25,FakeManilaV2,74,2,204,0.1376,0.9723,0.0551,0.043
25,FakeManilaV2,74,3,306,0.1219,0.981,0.0156,0.0087
25,FakeManilaV2,74,4,408,0.1284,0.9766,0.0064,0.0045
25,FakeManilaV2,74,5,510,0.1204,0.9812,0.008,0.0047
25,FakeManilaV2,74,6,612,0.1176,0.9814,0.0028,0.0001
25,FakeManilaV2,74,7,714,0.1147,0.9821,0.0029,0.0007
25,FakeManilaV2,74,8,816,0.1161,0.9818,0.0014,0.0003
25,FakeManilaV2,74,9,918,0.1176,0.9829,0.0015,0.0012
25,FakeManilaV2,74,10,1024,0.1104,0.9848,0.0072,0.0019
25,FakeManilaV2,75,1,102,0.269,0.9069,1.0,1.0
25,FakeManilaV2,75,2,204,0.1556,0.9643,0.1134,0.0574
25,FakeManilaV2,75,3,306,0.1252,0.9772,0.0304,0.0129
25,FakeManilaV2,75,4,408,0.1054,0.9836,0.0198,0.0063
25,FakeManilaV2,75,5,510,0.0891,0.9877,0.0163,0.0041
25,FakeManilaV2,75,6,612,0.0852,0.9908,0.0039,0.0032
25,FakeManilaV2,75,7,714,0.0942,0.988,0.0091,0.0028
25,FakeManilaV2,75,8,816,0.0876,0.9893,0.0066,0.0013
25,FakeManilaV2,75,9,918,0.1005,0.9867,0.0129,0.0026
25,FakeManilaV2,75,10,1024,0.1006,0.987,0.0001,0.0003
25,FakeManilaV2,76,1,102,0.1608,0.924,1.0,1.0
25,FakeManilaV2,76,2,204,0.1648,0.9612,0.004,0.0372
25,FakeManilaV2,76,3,306,0.1012,0.9853,0.0636,0.0241
25,FakeManilaV2,76,4,408,0.0898,0.988,0.0114,0.0026
25,FakeManilaV2,76,5,510,0.0813,0.9902,0.0085,0.0022
25,FakeManilaV2,76,6,612,0.0757,0.992,0.0056,0.0018
25,FakeManilaV2,76,7,714,0.0813,0.9917,0.0056,0.0003
25,FakeManilaV2,76,8,816,0.0735,0.9916,0.0077,0.0001
25,FakeManilaV2,76,9,918,0.0793,0.9909,0.0058,0.0008
25,FakeManilaV2,76,10,1024,0.0791,0.9906,0.0002,0.0002
25,FakeManilaV2,77,1,102,0.1474,0.9501,1.0,1.0
25,FakeManilaV2,77,2,204,0.117,0.9752,0.0303,0.0252
25,FakeManilaV2,77,3,306,0.135,0.9728,0.018,0.0025
25,FakeManilaV2,77,4,408,0.114,0.9807,0.021,0.0079
25,FakeManilaV2,77,5,510,0.1143,0.9826,0.0004,0.0019
25,FakeManilaV2,77,6,612,0.1281,0.9809,0.0137,0.0017
25,FakeManilaV2,77,7,714,0.1127,0.9857,0.0154,0.0048
25,FakeManilaV2,77,8,816,0.1244,0.9825,0.0117,0.0032
25,FakeManilaV2,77,9,918,0.1215,0.9837,0.0029,0.0011
25,FakeManilaV2,77,10,1024,0.1104,0.9864,0.0112,0.0028
25,FakeManilaV2,78,1,102,0.1535,0.9606,1.0,1.0
25,FakeManilaV2,78,2,204,0.1486,0.9663,0.0049,0.0056
25,FakeManilaV2,78,3,306,0.1133,0.9821,0.0353,0.0158
25,FakeManilaV2,78,4,408,0.0901,0.9871,0.0232,0.005
25,FakeManilaV2,78,5,510,0.0907,0.9873,0.0006,0.0002
25,FakeManilaV2,78,6,612,0.0923,0.9871,0.0016,0.0002
25,FakeManilaV2,78,7,714,0.0797,0.9897,0.0126,0.0026
25,FakeManilaV2,78,8,816,0.0809,0.9906,0.0012,0.0009
25,FakeManilaV2,78,9,918,0.0834,0.9906,0.0026,0.0001
25,FakeManilaV2,78,10,1024,0.085,0.99,0.0015,0.0006
25,FakeManilaV2,79,1,102,0.1918,0.9218,1.0,1.0
25,FakeManilaV2,79,2,204,0.1566,0.9585,0.0352,0.0367
25,FakeManilaV2,79,3,306,0.1357,0.975,0.0208,0.0165
25,FakeManilaV2,79,4,408,0.1173,0.9783,0.0184,0.0033
25,FakeManilaV2,79,5,510,0.1125,0.9841,0.0048,0.0059
25,FakeManilaV2,79,6,612,0.093,0.9886,0.0195,0.0044
25,FakeManilaV2,79,7,714,0.0922,0.9892,0.0009,0.0007
25,FakeManilaV2,79,8,816,0.106,0.9863,0.0138,0.003
25,FakeManilaV2,79,9,918,0.0989,0.9874,0.0071,0.0011
25,FakeManilaV2,79,10,1024,0.0967,0.9876,0.0022,0.0002
25,FakeManilaV2,80,1,102,0.1575,0.9645,1.0,1.0
25,FakeManilaV2,80,2,204,0.1379,0.9711,0.0196,0.0066
25,FakeManilaV2,80,3,306,0.1168,0.9798,0.021,0.0087
25,FakeManilaV2,80,4,408,0.1158,0.9773,0.001,0.0025
25,FakeManilaV2,80,5,510,0.1026,0.983,0.0132,0.0057
25,FakeManilaV2,80,6,612,0.1033,0.9827,0.0008,0.0003
25,FakeManilaV2,80,7,714,0.0912,0.986,0.0121,0.0034
25,FakeManilaV2,80,8,816,0.0882,0.9866,0.003,0.0006
25,FakeManilaV2,80,9,918,0.0871,0.9869,0.0012,0.0003
25,FakeManilaV2,80,10,1024,0.0879,0.9864,0.0008,0.0005
25,FakeManilaV2,81,1,102,0.17,0.9544,1.0,1.0
25,FakeManilaV2,81,2,204,0.1232,0.976,0.0469,0.0216
25,FakeManilaV2,81,3,306,0.1255,0.9774,0.0023,0.0014
25,FakeManilaV2,81,4,408,0.0947,0.9873,0.0308,0.0099
25,FakeManilaV2,81,5,510,0.1008,0.9866,0.0061,0.0007
25,FakeManilaV2,81,6,612,0.1176,0.9827,0.0169,0.0039
25,FakeManilaV2,81,7,714,0.1097,0.9831,0.0079,0.0005
25,FakeManilaV2,81,8,816,0.1094,0.9837,0.0004,0.0006
25,FakeManilaV2,81,9,918,0.1037,0.986,0.0057,0.0023
25,FakeManilaV2,81,10,1024,0.1016,0.9868,0.0021,0.0008
25,FakeManilaV2,82,1,102,0.1173,0.9198,1.0,1.0
25,FakeManilaV2,82,2,204,0.1235,0.9744,0.0061,0.0546
25,FakeManilaV2,82,3,306,0.0989,0.9844,0.0246,0.01
25,FakeManilaV2,82,4,408,0.0885,0.9872,0.0103,0.0027
25,FakeManilaV2,82,5,510,0.0986,0.984,0.01,0.0032
25,FakeManilaV2,82,6,612,0.0774,0.9904,0.0212,0.0064
25,FakeManilaV2,82,7,714,0.0835,0.9907,0.0061,0.0003
25,FakeManilaV2,82,8,816,0.0983,0.9878,0.0149,0.0028
25,FakeManilaV2,82,9,918,0.0968,0.9883,0.0015,0.0005
25,FakeManilaV2,82,10,1024,0.0977,0.9883,0.0008,0.0001
25,FakeManilaV2,83,1,102,0.2282,0.8969,1.0,1.0
25,FakeManilaV2,83,2,204,0.189,0.9407,0.0392,0.0438
25,FakeManilaV2,83,3,306,0.1509,0.9698,0.0381,0.0291
25,FakeManilaV2,83,4,408,0.1278,0.9802,0.0232,0.0104
25,FakeManilaV2,83,5,510,0.1069,0.9848,0.0208,0.0046
25,FakeManilaV2,83,6,612,0.1102,0.9853,0.0033,0.0005
25,FakeManilaV2,83,7,714,0.1068,0.9859,0.0034,0.0006
25,FakeManilaV2,83,8,816,0.1094,0.986,0.0025,0.0002
25,FakeManilaV2,83,9,918,0.103,0.9869,0.0064,0.0009
25,FakeManilaV2,83,10,1024,0.0967,0.9888,0.0063,0.0019
25,FakeManilaV2,84,1,102,0.1131,0.9705,1.0,1.0
25,FakeManilaV2,84,2,204,0.1222,0.9762,0.0092,0.0057
25,FakeManilaV2,84,3,306,0.1206,0.9757,0.0016,0.0005
25,FakeManilaV2,84,4,408,0.1115,0.9832,0.0091,0.0075
25,FakeManilaV2,84,5,510,0.1105,0.9849,0.001,0.0017
25,FakeManilaV2,84,6,612,0.1031,0.9872,0.0074,0.0023
25,FakeManilaV2,84,7,714,0.0994,0.9883,0.0037,0.0011
25,FakeManilaV2,84,8,816,0.0888,0.9897,0.0105,0.0014
25,FakeManilaV2,84,9,918,0.0921,0.9885,0.0033,0.0012
25,FakeManilaV2,84,10,1024,0.0996,0.9869,0.0075,0.0016
25,FakeManilaV2,85,1,102,0.1253,0.9028,1.0,1.0
25,FakeManilaV2,85,2,204,0.1299,0.9744,0.0046,0.0717
25,FakeManilaV2,85,3,306,0.1126,0.9836,0.0173,0.0091
25,FakeManilaV2,85,4,408,0.1075,0.9855,0.0051,0.0019
25,FakeManilaV2,85,5,510,0.0972,0.9863,0.0103,0.0008
25,FakeManilaV2,85,6,612,0.0969,0.9878,0.0003,0.0015
25,FakeManilaV2,85,7,714,0.1068,0.9862,0.0099,0.0016
25,FakeManilaV2,85,8,816,0.1112,0.9856,0.0044,0.0006
25,FakeManilaV2,85,9,918,0.1023,0.9874,0.0089,0.0018
25,FakeManilaV2,85,10,1024,0.0967,0.9887,0.0056,0.0012
25,FakeManilaV2,86,1,102,0.2338,0.9149,1.0,1.0
25,FakeManilaV2,86,2,204,0.1474,0.9703,0.0864,0.0554
25,FakeManilaV2,86,3,306,0.1346,0.9755,0.0128,0.0052
25,FakeManilaV2,86,4,408,0.1097,0.9828,0.0249,0.0074
25,FakeManilaV2,86,5,510,0.0911,0.9878,0.0186,0.005
25,FakeManilaV2,86,6,612,0.0846,0.9887,0.0065,0.0009
25,FakeManilaV2,86,7,714,0.0919,0.9882,0.0073,0.0004
25,FakeManilaV2,86,8,816,0.0928,0.9878,0.001,0.0004
25,FakeManilaV2,86,9,918,0.0972,0.9872,0.0043,0.0006
25,FakeManilaV2,86,10,1024,0.0987,0.9867,0.0015,0.0005
25,FakeManilaV2,87,1,102,0.1612,0.9539,1.0,1.0
25,FakeManilaV2,87,2,204,0.1419,0.9675,0.0193,0.0137
25,FakeManilaV2,87,3,306,0.1488,0.9732,0.0069,0.0057
25,FakeManilaV2,87,4,408,0.1305,0.9774,0.0183,0.0042
25,FakeManilaV2,87,5,510,0.1222,0.9819,0.0083,0.0045
25,FakeManilaV2,87,6,612,0.119,0.9833,0.0033,0.0014
25,FakeManilaV2,87,7,714,0.118,0.9825,0.0009,0.0007
25,FakeManilaV2,87,8,816,0.1124,0.9826,0.0056,0.0001
25,FakeManilaV2,87,9,918,0.1004,0.9854,0.012,0.0028
25,FakeManilaV2,87,10,1024,0.0947,0.9872,0.0057,0.0018
25,FakeManilaV2,88,1,102,0.2089,0.916,1.0,1.0
25,FakeManilaV2,88,2,204,0.1471,0.9589,0.0619,0.0429
25,FakeManilaV2,88,3,306,0.1269,0.9775,0.0201,0.0186
25,FakeManilaV2,88,4,408,0.1042,0.9839,0.0228,0.0064
25,FakeManilaV2,88,5,510,0.1106,0.9841,0.0064,0.0002
25,FakeManilaV2,88,6,612,0.0997,0.9872,0.0109,0.0031
25,FakeManilaV2,88,7,714,0.0953,0.9881,0.0043,0.0009
25,FakeManilaV2,88,8,816,0.1005,0.9874,0.0052,0.0006
25,FakeManilaV2,88,9,918,0.0914,0.9895,0.0091,0.0021
25,FakeManilaV2,88,10,1024,0.0987,0.989,0.0073,0.0006
25,FakeManilaV2,89,1,102,0.1728,0.9374,1.0,1.0
25,FakeManilaV2,89,2,204,0.1247,0.9753,0.0481,0.0379
25,FakeManilaV2,89,3,306,0.1016,0.9858,0.0231,0.0106
25,FakeManilaV2,89,4,408,0.1039,0.9854,0.0022,0.0005
25,FakeManilaV2,89,5,510,0.0987,0.9859,0.0051,0.0006
25,FakeManilaV2,89,6,612,0.086,0.9889,0.0127,0.003
25,FakeManilaV2,89,7,714,0.0863,0.9898,0.0003,0.0009
25,FakeManilaV2,89,8,816,0.0882,0.9889,0.0019,0.0009
25,FakeManilaV2,89,9,918,0.078,0.9914,0.0102,0.0025
25,FakeManilaV2,89,10,1024,0.0772,0.9909,0.0008,0.0004
25,FakeManilaV2,90,1,102,0.1906,0.9369,1.0,1.0
25,FakeManilaV2,90,2,204,0.1544,0.9634,0.0362,0.0265
25,FakeManilaV2,90,3,306,0.1244,0.9774,0.03,0.014
25,FakeManilaV2,90,4,408,0.1256,0.9789,0.0012,0.0015
25,FakeManilaV2,90,5,510,0.1183,0.9832,0.0074,0.0043
25,FakeManilaV2,90,6,612,0.109,0.9842,0.0093,0.001
25,FakeManilaV2,90,7,714,0.1169,0.9826,0.0079,0.0015
25,FakeManilaV2,90,8,816,0.1143,0.983,0.0026,0.0004
25,FakeManilaV2,90,9,918,0.1106,0.9851,0.0036,0.0021
25,FakeManilaV2,90,10,1024,0.1074,0.9845,0.0032,0.0006
25,FakeManilaV2,91,1,102,0.1728,0.932,1.0,1.0
25,FakeManilaV2,91,2,204,0.1336,0.9769,0.0392,0.0449
25,FakeManilaV2,91,3,306,0.0918,0.9864,0.0418,0.0095
25,FakeManilaV2,91,4,408,0.0882,0.9898,0.0036,0.0034
25,FakeManilaV2,91,5,510,0.091,0.9897,0.0028,0.0001
25,FakeManilaV2,91,6,612,0.1033,0.9868,0.0124,0.0029
25,FakeManilaV2,91,7,714,0.1048,0.9871,0.0014,0.0003
25,FakeManilaV2,91,8,816,0.0876,0.9901,0.0172,0.003
25,FakeManilaV2,91,9,918,0.0841,0.9908,0.0035,0.0007
25,FakeManilaV2,91,10,1024,0.084,0.9908,0.0001,0.0
25,FakeManilaV2,92,1,102,0.2062,0.9346,1.0,1.0
25,FakeManilaV2,92,2,204,0.1366,0.978,0.0695,0.0434
25,FakeManilaV2,92,3,306,0.1513,0.9712,0.0147,0.0069
25,FakeManilaV2,92,4,408,0.1216,0.9802,0.0297,0.009
25,FakeManilaV2,92,5,510,0.1204,0.981,0.0012,0.0008
25,FakeManilaV2,92,6,612,0.1122,0.9827,0.0082,0.0016
25,FakeManilaV2,92,7,714,0.1148,0.9818,0.0026,0.0008
25,FakeManilaV2,92,8,816,0.1069,0.9835,0.0079,0.0017
25,FakeManilaV2,92,9,918,0.1026,0.9853,0.0043,0.0018
25,FakeManilaV2,92,10,1024,0.1016,0.9859,0.001,0.0005
25,FakeManilaV2,93,1,102,0.1406,0.9502,1.0,1.0
25,FakeManilaV2,93,2,204,0.1495,0.9698,0.0089,0.0196
25,FakeManilaV2,93,3,306,0.1019,0.9872,0.0476,0.0174
25,FakeManilaV2,93,4,408,0.1054,0.9865,0.0035,0.0007
25,FakeManilaV2,93,5,510,0.1105,0.9842,0.0051,0.0023
25,FakeManilaV2,93,6,612,0.0953,0.9879,0.0152,0.0037
25,FakeManilaV2,93,7,714,0.0944,0.9877,0.0009,0.0002
25,FakeManilaV2,93,8,816,0.0928,0.9888,0.0015,0.0011
25,FakeManilaV2,93,9,918,0.0885,0.9894,0.0043,0.0007
25,FakeManilaV2,93,10,1024,0.0938,0.9886,0.0052,0.0008
25,FakeManilaV2,94,1,102,0.0962,0.9828,1.0,1.0
25,FakeManilaV2,94,2,204,0.0944,0.9856,0.0018,0.0028
25,FakeManilaV2,94,3,306,0.0823,0.9909,0.0121,0.0054
25,FakeManilaV2,94,4,408,0.1042,0.9866,0.0219,0.0044
25,FakeManilaV2,94,5,510,0.0952,0.9877,0.009,0.0011
25,FakeManilaV2,94,6,612,0.0899,0.9887,0.0053,0.001
25,FakeManilaV2,94,7,714,0.0818,0.9901,0.008,0.0014
25,FakeManilaV2,94,8,816,0.0797,0.9907,0.0022,0.0006
25,FakeManilaV2,94,9,918,0.0776,0.9917,0.0021,0.001
25,FakeManilaV2,94,10,1024,0.0781,0.991,0.0006,0.0007
25,FakeManilaV2,95,1,102,0.1342,0.9701,1.0,1.0
25,FakeManilaV2,95,2,204,0.1464,0.9694,0.0123,0.0007
25,FakeManilaV2,95,3,306,0.1168,0.9817,0.0296,0.0124
25,FakeManilaV2,95,4,408,0.0965,0.9856,0.0203,0.0038
25,FakeManilaV2,95,5,510,0.0953,0.9877,0.0012,0.0022
25,FakeManilaV2,95,6,612,0.0879,0.9896,0.0074,0.0019
25,FakeManilaV2,95,7,714,0.0835,0.9906,0.0045,0.001
25,FakeManilaV2,95,8,816,0.0907,0.9894,0.0072,0.0012
25,FakeManilaV2,95,9,918,0.0946,0.989,0.0039,0.0005
25,FakeManilaV2,95,10,1024,0.084,0.991,0.0106,0.002
25,FakeManilaV2,96,1,102,0.1464,0.9674,1.0,1.0
25,FakeManilaV2,96,2,204,0.1562,0.9673,0.0098,0.0001
25,FakeManilaV2,96,3,306,0.1256,0.9768,0.0306,0.0096
25,FakeManilaV2,96,4,408,0.132,0.9763,0.0064,0.0005
25,FakeManilaV2,96,5,510,0.1225,0.9801,0.0096,0.0037
25,FakeManilaV2,96,6,612,0.1129,0.9837,0.0095,0.0036
25,FakeManilaV2,96,7,714,0.099,0.9868,0.014,0.0031
25,FakeManilaV2,96,8,816,0.0901,0.989,0.0089,0.0021
25,FakeManilaV2,96,9,918,0.0968,0.9878,0.0068,0.0012
25,FakeManilaV2,96,10,1024,0.0947,0.9882,0.0021,0.0003
25,FakeManilaV2,97,1,102,0.1017,0.9646,1.0,1.0
25,FakeManilaV2,97,2,204,0.0959,0.9773,0.0058,0.0127
25,FakeManilaV2,97,3,306,0.0951,0.9826,0.0008,0.0053
25,FakeManilaV2,97,4,408,0.0956,0.9834,0.0005,0.0008
25,FakeManilaV2,97,5,510,0.0788,0.9891,0.0168,0.0057
25,FakeManilaV2,97,6,612,0.0769,0.9907,0.0019,0.0016
25,FakeManilaV2,97,7,714,0.0793,0.9914,0.0024,0.0007
25,FakeManilaV2,97,8,816,0.079,0.992,0.0002,0.0006
25,FakeManilaV2,97,9,918,0.0791,0.9919,0.0,0.0
25,FakeManilaV2,97,10,1024,0.0801,0.9916,0.001,0.0003
25,FakeManilaV2,98,1,102,0.1363,0.9648,1.0,1.0
25,FakeManilaV2,98,2,204,0.0879,0.99,0.0484,0.0252
25,FakeManilaV2,98,3,306,0.1121,0.9842,0.0242,0.0057
25,FakeManilaV2,98,4,408,0.1078,0.9845,0.0043,0.0003
25,FakeManilaV2,98,5,510,0.1107,0.9834,0.0028,0.0012
25,FakeManilaV2,98,6,612,0.1143,0.9803,0.0036,0.003
25,FakeManilaV2,98,7,714,0.1031,0.9838,0.0112,0.0034
25,FakeManilaV2,98,8,816,0.0937,0.9874,0.0093,0.0037
25,FakeManilaV2,98,9,918,0.0928,0.988,0.001,0.0006
25,FakeManilaV2,98,10,1024,0.0987,0.9862,0.0059,0.0018
25,FakeManilaV2,99,1,102,0.2034,0.9446,1.0,1.0
25,FakeManilaV2,99,2,204,0.1143,0.9826,0.0892,0.038
25,FakeManilaV2,99,3,306,0.1033,0.9839,0.0109,0.0013
25,FakeManilaV2,99,4,408,0.1011,0.9869,0.0022,0.003
25,FakeManilaV2,99,5,510,0.0998,0.9878,0.0013,0.0009
25,FakeManilaV2,99,6,612,0.0992,0.9888,0.0007,0.0009
25,FakeManilaV2,99,7,714,0.0922,0.9904,0.007,0.0016
25,FakeManilaV2,99,8,816,0.0928,0.9896,0.0007,0.0008
25,FakeManilaV2,99,9,918,0.094,0.9891,0.0012,0.0005
25,FakeManilaV2,99,10,1024,0.0869,0.9902,0.0071,0.0011
25,FakeManilaV2,100,1,102,0.1615,0.9647,1.0,1.0
25,FakeManilaV2,100,2,204,0.1311,0.978,0.0303,0.0134
25,FakeManilaV2,100,3,306,0.147,0.9711,0.0158,0.0069
25,FakeManilaV2,100,4,408,0.1216,0.9811,0.0253,0.01
25,FakeManilaV2,100,5,510,0.1194,0.981,0.0022,0.0001
25,FakeManilaV2,100,6,612,0.1202,0.9806,0.0008,0.0004
25,FakeManilaV2,100,7,714,0.1264,0.9792,0.0062,0.0014
25,FakeManilaV2,100,8,816,0.1186,0.982,0.0079,0.0028
25,FakeManilaV2,100,9,918,0.1147,0.9838,0.0039,0.0018
25,FakeManilaV2,100,10,1024,0.1133,0.9844,0.0014,0.0007
25,FakeManilaV2,101,1,102,0.2007,0.9394,1.0,1.0
25,FakeManilaV2,101,2,204,0.1268,0.9632,0.0738,0.0238
25,FakeManilaV2,101,3,306,0.1023,0.9658,0.0245,0.0025
25,FakeManilaV2,101,4,408,0.1026,0.9717,0.0003,0.0059
25,FakeManilaV2,101,5,510,0.0951,0.9748,0.0075,0.0032
25,FakeManilaV2,101,6,612,0.0919,0.9752,0.0032,0.0004
25,FakeManilaV2,101,7,714,0.091,0.9844,0.0009,0.0092
25,FakeManilaV2,101,8,816,0.0965,0.9832,0.0055,0.0012
25,FakeManilaV2,101,9,918,0.1009,0.9837,0.0044,0.0005
25,FakeManilaV2,101,10,1024,0.0967,0.9863,0.0042,0.0026
25,FakeManilaV2,102,1,102,0.1593,0.9648,1.0,1.0
25,FakeManilaV2,102,2,204,0.0751,0.9926,0.0843,0.0278
25,FakeManilaV2,102,3,306,0.0871,0.9896,0.0121,0.003
25,FakeManilaV2,102,4,408,0.0852,0.9898,0.0019,0.0002
25,FakeManilaV2,102,5,510,0.0884,0.9876,0.0032,0.0022
25,FakeManilaV2,102,6,612,0.1018,0.9861,0.0134,0.0015
25,FakeManilaV2,102,7,714,0.1025,0.9859,0.0007,0.0002
25,FakeManilaV2,102,8,816,0.1118,0.9832,0.0093,0.0027
25,FakeManilaV2,102,9,918,0.1049,0.9853,0.0069,0.0022
25,FakeManilaV2,102,10,1024,0.1035,0.9854,0.0014,0.0001
25,FakeManilaV2,103,1,102,0.1048,0.9648,1.0,1.0
25,FakeManilaV2,103,2,204,0.0787,0.9745,0.026,0.0097
25,FakeManilaV2,103,3,306,0.0696,0.976,0.0091,0.0015
25,FakeManilaV2,103,4,408,0.0815,0.9863,0.0118,0.0102
25,FakeManilaV2,103,5,510,0.0928,0.9852,0.0113,0.0011
25,FakeManilaV2,103,6,612,0.0874,0.9888,0.0054,0.0036
25,FakeManilaV2,103,7,714,0.0895,0.987,0.0021,0.0018
25,FakeManilaV2,103,8,816,0.0953,0.9875,0.0058,0.0004
25,FakeManilaV2,103,9,918,0.0889,0.9896,0.0064,0.0021
25,FakeManilaV2,103,10,1024,0.0908,0.9887,0.0019,0.0009
25,FakeManilaV2,104,1,102,0.1752,0.939,1.0,1.0
25,FakeManilaV2,104,2,204,0.133,0.966,0.0423,0.027
25,FakeManilaV2,104,3,306,0.1089,0.982,0.0241,0.016
25,FakeManilaV2,104,4,408,0.1357,0.9761,0.0269,0.0059
25,FakeManilaV2,104,5,510,0.1181,0.9822,0.0176,0.0061
25,FakeManilaV2,104,6,612,0.1172,0.9821,0.0008,0.0001
25,FakeManilaV2,104,7,714,0.1063,0.9846,0.0109,0.0026
25,FakeManilaV2,104,8,816,0.099,0.986,0.0074,0.0014
25,FakeManilaV2,104,9,918,0.0904,0.9879,0.0085,0.0019
25,FakeManilaV2,104,10,1024,0.0899,0.9882,0.0006,0.0003
25,FakeManilaV2,105,1,102,0.1382,0.9627,1.0,1.0
25,FakeManilaV2,105,2,204,0.1566,0.9577,0.0184,0.005
25,FakeManilaV2,105,3,306,0.1236,0.9739,0.033,0.0162
25,FakeManilaV2,105,4,408,0.1005,0.9825,0.0231,0.0086
25,FakeManilaV2,105,5,510,0.0911,0.9858,0.0094,0.0033
25,FakeManilaV2,105,6,612,0.0959,0.9858,0.0048,0.0
25,FakeManilaV2,105,7,714,0.0952,0.9866,0.0007,0.0008
25,FakeManilaV2,105,8,816,0.091,0.9885,0.0042,0.0019
25,FakeManilaV2,105,9,918,0.0907,0.9872,0.0003,0.0013
25,FakeManilaV2,105,10,1024,0.0889,0.988,0.0018,0.0008
25,FakeManilaV2,106,1,102,0.1639,0.9421,1.0,1.0
25,FakeManilaV2,106,2,204,0.1575,0.9665,0.0064,0.0244
25,FakeManilaV2,106,3,306,0.1281,0.9787,0.0294,0.0122
25,FakeManilaV2,106,4,408,0.11,0.9846,0.0181,0.0059
25,FakeManilaV2,106,5,510,0.1066,0.9858,0.0034,0.0012
25,FakeManilaV2,106,6,612,0.1013,0.9865,0.0053,0.0007
25,FakeManilaV2,106,7,714,0.1023,0.9868,0.001,0.0003
25,FakeManilaV2,106,8,816,0.0904,0.9902,0.0119,0.0034
25,FakeManilaV2,106,9,918,0.0844,0.9911,0.006,0.0009
25,FakeManilaV2,106,10,1024,0.084,0.9912,0.0004,0.0001
25,FakeManilaV2,107,1,102,0.1854,0.92,1.0,1.0
25,FakeManilaV2,107,2,204,0.1896,0.9419,0.0043,0.0219
25,FakeManilaV2,107,3,306,0.1085,0.9816,0.0812,0.0397
25,FakeManilaV2,107,4,408,0.1259,0.9776,0.0175,0.004
25,FakeManilaV2,107,5,510,0.1263,0.9783,0.0004,0.0006
25,FakeManilaV2,107,6,612,0.1146,0.9817,0.0118,0.0034
25,FakeManilaV2,107,7,714,0.1026,0.9853,0.0119,0.0036
25,FakeManilaV2,107,8,816,0.0904,0.9882,0.0123,0.0029
25,FakeManilaV2,107,9,918,0.0961,0.9867,0.0057,0.0015
25,FakeManilaV2,107,10,1024,0.0908,0.9881,0.0053,0.0014
25,FakeManilaV2,108,1,102,0.1958,0.945,1.0,1.0
25,FakeManilaV2,108,2,204,0.117,0.9796,0.0787,0.0346
25,FakeManilaV2,108,3,306,0.1206,0.9813,0.0036,0.0017
25,FakeManilaV2,108,4,408,0.1008,0.9875,0.0198,0.0063
25,FakeManilaV2,108,5,510,0.1075,0.9857,0.0067,0.0018
25,FakeManilaV2,108,6,612,0.1077,0.9856,0.0002,0.0001
25,FakeManilaV2,108,7,714,0.1141,0.9844,0.0063,0.0012
25,FakeManilaV2,108,8,816,0.1063,0.9862,0.0077,0.0018
25,FakeManilaV2,108,9,918,0.0979,0.988,0.0084,0.0018
25,FakeManilaV2,108,10,1024,0.0889,0.9899,0.009,0.0019
25,FakeManilaV2,109,1,102,0.1376,0.9682,1.0,1.0
25,FakeManilaV2,109,2,204,0.1072,0.9794,0.0303,0.0112
25,FakeManilaV2,109,3,306,0.1059,0.9817,0.0013,0.0023
25,FakeManilaV2,109,4,408,0.1063,0.9849,0.0004,0.0032
25,FakeManilaV2,109,5,510,0.1204,0.9831,0.0141,0.0018
25,FakeManilaV2,109,6,612,0.1195,0.9827,0.0009,0.0004
25,FakeManilaV2,109,7,714,0.1166,0.9834,0.0028,0.0007
25,FakeManilaV2,109,8,816,0.1149,0.9841,0.0018,0.0006
25,FakeManilaV2,109,9,918,0.1131,0.984,0.0018,0.0001
25,FakeManilaV2,109,10,1024,0.1104,0.9853,0.0027,0.0013
25,FakeManilaV2,110,1,102,0.1752,0.9498,1.0,1.0
25,FakeManilaV2,110,2,204,0.1085,0.9826,0.0668,0.0328
25,FakeManilaV2,110,3,306,0.12,0.9813,0.0115,0.0013
25,FakeManilaV2,110,4,408,0.1348,0.9766,0.0148,0.0047
25,FakeManilaV2,110,5,510,0.1349,0.9772,0.0001,0.0006
25,FakeManilaV2,110,6,612,0.1358,0.9776,0.0009,0.0004
25,FakeManilaV2,110,7,714,0.1256,0.9812,0.0103,0.0037
25,FakeManilaV2,110,8,816,0.1198,0.9817,0.0058,0.0005
25,FakeManilaV2,110,9,918,0.1099,0.9836,0.0099,0.0019
25,FakeManilaV2,110,10,1024,0.1055,0.9845,0.0044,0.0009
25,FakeManilaV2,111,1,102,0.171,0.9445,1.0,1.0
25,FakeManilaV2,111,2,204,0.1664,0.9654,0.0046,0.0209
25,FakeManilaV2,111,3,306,0.1397,0.9708,0.0267,0.0054
25,FakeManilaV2,111,4,408,0.1293,0.9796,0.0104,0.0088
25,FakeManilaV2,111,5,510,0.1186,0.9818,0.0107,0.0022
25,FakeManilaV2,111,6,612,0.1126,0.9846,0.0059,0.0028
25,FakeManilaV2,111,7,714,0.0953,0.988,0.0173,0.0034
25,FakeManilaV2,111,8,816,0.1011,0.986,0.0058,0.002
25,FakeManilaV2,111,9,918,0.1088,0.9835,0.0077,0.0025
25,FakeManilaV2,111,10,1024,0.1035,0.9842,0.0053,0.0007
25,FakeManilaV2,112,1,102,0.1651,0.957,1.0,1.0
25,FakeManilaV2,112,2,204,0.1336,0.9731,0.0316,0.0161
25,FakeManilaV2,112,3,306,0.1147,0.98,0.0189,0.0069
25,FakeManilaV2,112,4,408,0.1029,0.9829,0.0117,0.0029
25,FakeManilaV2,112,5,510,0.1026,0.9853,0.0003,0.0024
25,FakeManilaV2,112,6,612,0.1073,0.9832,0.0047,0.0021
25,FakeManilaV2,112,7,714,0.1068,0.9845,0.0005,0.0013
25,FakeManilaV2,112,8,816,0.1042,0.9847,0.0027,0.0002
25,FakeManilaV2,112,9,918,0.0972,0.9867,0.0069,0.002
25,FakeManilaV2,112,10,1024,0.0967,0.9869,0.0005,0.0002
25,FakeManilaV2,113,1,102,0.1495,0.9529,1.0,1.0
25,FakeManilaV2,113,2,204,0.1158,0.973,0.0337,0.0201
25,FakeManilaV2,113,3,306,0.1252,0.9719,0.0094,0.0011
25,FakeManilaV2,113,4,408,0.1017,0.9829,0.0235,0.011
25,FakeManilaV2,113,5,510,0.0907,0.9862,0.011,0.0033
25,FakeManilaV2,113,6,612,0.0849,0.9888,0.0059,0.0026
25,FakeManilaV2,113,7,714,0.0823,0.9901,0.0026,0.0013
25,FakeManilaV2,113,8,816,0.0873,0.9898,0.005,0.0003
25,FakeManilaV2,113,9,918,0.0849,0.9897,0.0024,0.0001
25,FakeManilaV2,113,10,1024,0.0879,0.9893,0.003,0.0004
25,FakeManilaV2,114,1,102,0.1903,0.9393,1.0,1.0
25,FakeManilaV2,114,2,204,0.1397,0.9637,0.0506,0.0244
25,FakeManilaV2,114,3,306,0.1495,0.9699,0.0098,0.0062
25,FakeManilaV2,114,4,408,0.1265,0.9805,0.023,0.0106
25,FakeManilaV2,114,5,510,0.1162,0.9827,0.0103,0.0022
25,FakeManilaV2,114,6,612,0.1043,0.9841,0.012,0.0013
25,FakeManilaV2,114,7,714,0.097,0.9867,0.0072,0.0026
25,FakeManilaV2,114,8,816,0.0928,0.988,0.0042,0.0013
25,FakeManilaV2,114,9,918,0.0933,0.9882,0.0004,0.0002
25,FakeManilaV2,114,10,1024,0.0899,0.9891,0.0034,0.0009
25,FakeManilaV2,115,1,102,0.1661,0.9046,1.0,1.0
25,FakeManilaV2,115,2,204,0.1419,0.9672,0.0242,0.0627
25,FakeManilaV2,115,3,306,0.1332,0.9711,0.0087,0.0039
25,FakeManilaV2,115,4,408,0.14,0.973,0.0068,0.0018
25,FakeManilaV2,115,5,510,0.136,0.9733,0.004,0.0004
25,FakeManilaV2,115,6,612,0.1075,0.9827,0.0284,0.0093
25,FakeManilaV2,115,7,714,0.1117,0.9811,0.0042,0.0016
25,FakeManilaV2,115,8,816,0.1088,0.9828,0.0029,0.0017
25,FakeManilaV2,115,9,918,0.1005,0.9853,0.0083,0.0025
25,FakeManilaV2,115,10,1024,0.1006,0.9855,0.0001,0.0002
25,FakeManilaV2,116,1,102,0.1759,0.9583,1.0,1.0
25,FakeManilaV2,116,2,204,0.1584,0.9676,0.0175,0.0093
25,FakeManilaV2,116,3,306,0.1192,0.9785,0.0392,0.0109
25,FakeManilaV2,116,4,408,0.1069,0.9841,0.0123,0.0057
25,FakeManilaV2,116,5,510,0.0948,0.9891,0.0121,0.005
25,FakeManilaV2,116,6,612,0.1015,0.9867,0.0067,0.0024
25,FakeManilaV2,116,7,714,0.0956,0.9889,0.0059,0.0022
25,FakeManilaV2,116,8,816,0.0953,0.9896,0.0004,0.0007
25,FakeManilaV2,116,9,918,0.0896,0.9903,0.0057,0.0007
25,FakeManilaV2,116,10,1024,0.0889,0.99,0.0007,0.0003
25,FakeManilaV2,117,1,102,0.1572,0.9388,1.0,1.0
25,FakeManilaV2,117,2,204,0.1336,0.9651,0.0236,0.0263
25,FakeManilaV2,117,3,306,0.1238,0.975,0.0098,0.01
25,FakeManilaV2,117,4,408,0.1192,0.978,0.0046,0.003
25,FakeManilaV2,117,5,510,0.1142,0.9804,0.005,0.0024
25,FakeManilaV2,117,6,612,0.1189,0.9801,0.0047,0.0003
25,FakeManilaV2,117,7,714,0.1093,0.9831,0.0095,0.0031
25,FakeManilaV2,117,8,816,0.099,0.9859,0.0104,0.0027
25,FakeManilaV2,117,9,918,0.1034,0.985,0.0045,0.0009
25,FakeManilaV2,117,10,1024,0.0996,0.9861,0.0038,0.0011
25,FakeManilaV2,118,1,102,0.1749,0.9596,1.0,1.0
25,FakeManilaV2,118,2,204,0.1391,0.9756,0.0358,0.0161
25,FakeManilaV2,118,3,306,0.1328,0.9799,0.0063,0.0043
25,FakeManilaV2,118,4,408,0.1115,0.985,0.0212,0.0051
25,FakeManilaV2,118,5,510,0.0972,0.9867,0.0143,0.0016
25,FakeManilaV2,118,6,612,0.1118,0.9842,0.0146,0.0025
25,FakeManilaV2,118,7,714,0.1079,0.9845,0.0039,0.0003
25,FakeManilaV2,118,8,816,0.0965,0.9875,0.0114,0.003
25,FakeManilaV2,118,9,918,0.0964,0.9881,0.0001,0.0006
25,FakeManilaV2,118,10,1024,0.1006,0.9869,0.0042,0.0012
25,FakeManilaV2,119,1,102,0.1691,0.9512,1.0,1.0
25,FakeManilaV2,119,2,204,0.1602,0.9684,0.0089,0.0172
25,FakeManilaV2,119,3,306,0.1114,0.98,0.0488,0.0116
25,FakeManilaV2,119,4,408,0.1235,0.9778,0.0121,0.0021
25,FakeManilaV2,119,5,510,0.0946,0.9862,0.0289,0.0084
25,FakeManilaV2,119,6,612,0.0867,0.9881,0.0079,0.0019
25,FakeManilaV2,119,7,714,0.078,0.9904,0.0087,0.0023
25,FakeManilaV2,119,8,816,0.0855,0.9899,0.0075,0.0004
25,FakeManilaV2,119,9,918,0.0838,0.9908,0.0017,0.0009
25,FakeManilaV2,119,10,1024,0.0908,0.9895,0.0071,0.0013
