idx,backend,seed,checkpoint,shots,tvd,hf,d_tvd,d_hf
1,FakeManilaV2,0,1,2457,0.0602,0.9397,1.0,1.0
1,FakeManilaV2,0,2,4914,0.0625,0.9375,0.0022,0.0022
1,FakeManilaV2,0,3,7371,0.0628,0.9372,0.0003,0.0003
1,FakeManilaV2,0,4,9828,0.0608,0.9392,0.002,0.002
1,FakeManilaV2,0,5,12285,0.0611,0.9389,0.0003,0.0003
1,FakeManilaV2,0,6,14742,0.0622,0.9378,0.0011,0.0011
1,FakeManilaV2,0,7,17199,0.0627,0.9373,0.0005,0.0005
1,FakeManilaV2,0,8,19656,0.0628,0.9372,0.0001,0.0001
1,FakeManilaV2,0,9,22113,0.0626,0.9374,0.0001,0.0002
1,FakeManilaV2,0,10,24576,0.0634,0.9366,0.0007,0.0007
1,FakeManilaV2,1,1,2457,0.0696,0.9301,1.0,1.0
1,FakeManilaV2,1,2,4914,0.0615,0.9384,0.0081,0.0083
1,FakeManilaV2,1,3,7371,0.0609,0.939,0.0005,0.0006
1,FakeManilaV2,1,4,9828,0.0638,0.9362,0.0029,0.0028
1,FakeManilaV2,1,5,12285,0.0614,0.9386,0.0024,0.0024
1,FakeManilaV2,1,6,14742,0.0608,0.9391,0.0005,0.0005
1,FakeManilaV2,1,7,17199,0.0604,0.9396,0.0004,0.0004
1,FakeManilaV2,1,8,19656,0.0601,0.9398,0.0003,0.0003
1,FakeManilaV2,1,9,22113,0.06,0.94,0.0001,0.0001
1,FakeManilaV2,1,10,24576,0.0608,0.9392,0.0008,0.0008
1,FakeManilaV2,2,1,2457,0.0598,0.9402,1.0,1.0
1,FakeManilaV2,2,2,4914,0.0637,0.9362,0.0039,0.004
1,FakeManilaV2,2,3,7371,0.0629,0.9369,0.0007,0.0008
1,FakeManilaV2,2,4,9828,0.0601,0.9398,0.0028,0.0029
1,FakeManilaV2,2,5,12285,0.0588,0.9412,0.0014,0.0014
1,FakeManilaV2,2,6,14742,0.0596,0.9403,0.0009,0.0009
1,FakeManilaV2,2,7,17199,0.0604,0.9396,0.0007,0.0007
1,FakeManilaV2,2,8,19656,0.0599,0.9401,0.0005,0.0005
1,FakeManilaV2,2,9,22113,0.0602,0.9397,0.0004,0.0004
1,FakeManilaV2,2,10,24576,0.0609,0.939,0.0007,0.0007
1,FakeManilaV2,3,1,2457,0.0582,0.9418,1.0,1.0
1,FakeManilaV2,3,2,4914,0.0554,0.9446,0.0028,0.0028
1,FakeManilaV2,3,3,7371,0.0566,0.9434,0.0012,0.0012
1,FakeManilaV2,3,4,9828,0.0568,0.9432,0.0002,0.0002
1,FakeManilaV2,3,5,12285,0.0586,0.9413,0.0018,0.0019
1,FakeManilaV2,3,6,14742,0.0579,0.9421,0.0007,0.0008
1,FakeManilaV2,3,7,17199,0.0583,0.9417,0.0004,0.0003
1,FakeManilaV2,3,8,19656,0.0589,0.9411,0.0007,0.0007
1,FakeManilaV2,3,9,22113,0.0596,0.9403,0.0007,0.0007
1,FakeManilaV2,3,10,24576,0.0606,0.9394,0.0009,0.0009
1,FakeManilaV2,4,1,2457,0.0505,0.9495,1.0,1.0
1,FakeManilaV2,4,2,4914,0.0499,0.95,0.0006,0.0005
1,FakeManilaV2,4,3,7371,0.054,0.946,0.0041,0.004
1,FakeManilaV2,4,4,9828,0.0567,0.9433,0.0027,0.0027
1,FakeManilaV2,4,5,12285,0.0568,0.9432,0.0001,0.0001
1,FakeManilaV2,4,6,14742,0.0575,0.9425,0.0007,0.0007
1,FakeManilaV2,4,7,17199,0.057,0.943,0.0005,0.0005
1,FakeManilaV2,4,8,19656,0.0573,0.9427,0.0002,0.0003
1,FakeManilaV2,4,9,22113,0.0578,0.9422,0.0005,0.0005
1,FakeManilaV2,4,10,24576,0.0584,0.9416,0.0006,0.0006
1,FakeManilaV2,5,1,2457,0.0635,0.9364,1.0,1.0
1,FakeManilaV2,5,2,4914,0.0625,0.9375,0.001,0.0011
1,FakeManilaV2,5,3,7371,0.0605,0.9395,0.002,0.002
1,FakeManilaV2,5,4,9828,0.0578,0.9422,0.0027,0.0027
1,FakeManilaV2,5,5,12285,0.0593,0.9407,0.0015,0.0015
1,FakeManilaV2,5,6,14742,0.0582,0.9418,0.0011,0.0011
1,FakeManilaV2,5,7,17199,0.0574,0.9426,0.0008,0.0008
1,FakeManilaV2,5,8,19656,0.0584,0.9416,0.001,0.001
1,FakeManilaV2,5,9,22113,0.0593,0.9407,0.0009,0.0009
1,FakeManilaV2,5,10,24576,0.0594,0.9406,0.0001,0.0001
1,FakeManilaV2,6,1,2457,0.0582,0.9417,1.0,1.0
1,FakeManilaV2,6,2,4914,0.0596,0.9404,0.0014,0.0013
1,FakeManilaV2,6,3,7371,0.0606,0.9393,0.001,0.001
1,FakeManilaV2,6,4,9828,0.0623,0.9377,0.0016,0.0016
1,FakeManilaV2,6,5,12285,0.0624,0.9376,0.0002,0.0002
1,FakeManilaV2,6,6,14742,0.0628,0.9372,0.0004,0.0004
1,FakeManilaV2,6,7,17199,0.0626,0.9374,0.0003,0.0003
1,FakeManilaV2,6,8,19656,0.0633,0.9367,0.0007,0.0007
1,FakeManilaV2,6,9,22113,0.0623,0.9377,0.001,0.001
1,FakeManilaV2,6,10,24576,0.0622,0.9378,0.0001,0.0001
1,FakeManilaV2,7,1,2457,0.0667,0.9332,1.0,1.0
1,FakeManilaV2,7,2,4914,0.0657,0.9342,0.001,0.001
1,FakeManilaV2,7,3,7371,0.064,0.936,0.0017,0.0017
1,FakeManilaV2,7,4,9828,0.0621,0.9379,0.002,0.002
1,FakeManilaV2,7,5,12285,0.062,0.938,0.0,0.0
1,FakeManilaV2,7,6,14742,0.0621,0.9379,0.0,0.0
1,FakeManilaV2,7,7,17199,0.0629,0.9371,0.0008,0.0008
1,FakeManilaV2,7,8,19656,0.0615,0.9385,0.0014,0.0014
1,FakeManilaV2,7,9,22113,0.0608,0.9392,0.0006,0.0006
1,FakeManilaV2,7,10,24576,0.0613,0.9387,0.0005,0.0005
1,FakeManilaV2,8,1,2457,0.0521,0.9479,1.0,1.0
1,FakeManilaV2,8,2,4914,0.0547,0.9452,0.0026,0.0027
1,FakeManilaV2,8,3,7371,0.0566,0.9434,0.0018,0.0019
1,FakeManilaV2,8,4,9828,0.0562,0.9438,0.0004,0.0004
1,FakeManilaV2,8,5,12285,0.0579,0.9421,0.0017,0.0017
1,FakeManilaV2,8,6,14742,0.0595,0.9405,0.0016,0.0016
1,FakeManilaV2,8,7,17199,0.0598,0.9401,0.0003,0.0003
1,FakeManilaV2,8,8,19656,0.0589,0.9411,0.0009,0.0009
1,FakeManilaV2,8,9,22113,0.0595,0.9405,0.0006,0.0006
1,FakeManilaV2,8,10,24576,0.0594,0.9405,0.0001,0.0001
1,FakeManilaV2,9,1,2457,0.0724,0.9275,1.0,1.0
1,FakeManilaV2,9,2,4914,0.0696,0.9304,0.0028,0.0028
1,FakeManilaV2,9,3,7371,0.0661,0.9339,0.0035,0.0035
1,FakeManilaV2,9,4,9828,0.0646,0.9354,0.0015,0.0015
1,FakeManilaV2,9,5,12285,0.0633,0.9367,0.0013,0.0013
1,FakeManilaV2,9,6,14742,0.0639,0.9361,0.0006,0.0006
1,FakeManilaV2,9,7,17199,0.063,0.937,0.0009,0.0009
1,FakeManilaV2,9,8,19656,0.0649,0.9351,0.0019,0.0019
1,FakeManilaV2,9,9,22113,0.0646,0.9354,0.0003,0.0003
1,FakeManilaV2,9,10,24576,0.0643,0.9357,0.0002,0.0002
1,FakeManilaV2,10,1,2457,0.0643,0.9357,1.0,1.0
1,FakeManilaV2,10,2,4914,0.0606,0.9394,0.0037,0.0037
1,FakeManilaV2,10,3,7371,0.0592,0.9408,0.0015,0.0015
1,FakeManilaV2,10,4,9828,0.0584,0.9416,0.0007,0.0008
1,FakeManilaV2,10,5,12285,0.058,0.942,0.0004,0.0004
1,FakeManilaV2,10,6,14742,0.0592,0.9408,0.0012,0.0012
1,FakeManilaV2,10,7,17199,0.0587,0.9413,0.0004,0.0004
1,FakeManilaV2,10,8,19656,0.0596,0.9404,0.0009,0.0009
1,FakeManilaV2,10,9,22113,0.0606,0.9394,0.0009,0.0009
1,FakeManilaV2,10,10,24576,0.0603,0.9397,0.0002,0.0002
1,FakeManilaV2,11,1,2457,0.0639,0.9355,1.0,1.0
1,FakeManilaV2,11,2,4914,0.0639,0.936,0.0,0.0005
1,FakeManilaV2,11,3,7371,0.064,0.9359,0.0001,0.0001
1,FakeManilaV2,11,4,9828,0.0641,0.9359,0.0001,0.0
1,FakeManilaV2,11,5,12285,0.0625,0.9374,0.0016,0.0016
1,FakeManilaV2,11,6,14742,0.0611,0.9389,0.0015,0.0015
1,FakeManilaV2,11,7,17199,0.062,0.9379,0.001,0.001
1,FakeManilaV2,11,8,19656,0.0626,0.9374,0.0005,0.0005
1,FakeManilaV2,11,9,22113,0.0636,0.9364,0.0011,0.001
1,FakeManilaV2,11,10,24576,0.0635,0.9365,0.0001,0.0001
1,FakeManilaV2,12,1,2457,0.0615,0.9385,1.0,1.0
1,FakeManilaV2,12,2,4914,0.0611,0.9389,0.0004,0.0004
1,FakeManilaV2,12,3,7371,0.06,0.94,0.0011,0.001
1,FakeManilaV2,12,4,9828,0.062,0.938,0.002,0.002
1,FakeManilaV2,12,5,12285,0.0621,0.9378,0.0001,0.0001
1,FakeManilaV2,12,6,14742,0.0615,0.9384,0.0006,0.0006
1,FakeManilaV2,12,7,17199,0.0615,0.9384,0.0,0.0
1,FakeManilaV2,12,8,19656,0.0612,0.9388,0.0004,0.0004
1,FakeManilaV2,12,9,22113,0.0606,0.9394,0.0006,0.0005
1,FakeManilaV2,12,10,24576,0.0608,0.9392,0.0002,0.0001
1,FakeManilaV2,13,1,2457,0.0692,0.9306,1.0,1.0
1,FakeManilaV2,13,2,4914,0.0629,0.9369,0.0063,0.0063
1,FakeManilaV2,13,3,7371,0.0628,0.9371,0.0001,0.0002
1,FakeManilaV2,13,4,9828,0.063,0.937,0.0002,0.0001
1,FakeManilaV2,13,5,12285,0.062,0.938,0.001,0.001
1,FakeManilaV2,13,6,14742,0.0615,0.9385,0.0006,0.0006
1,FakeManilaV2,13,7,17199,0.061,0.939,0.0005,0.0005
1,FakeManilaV2,13,8,19656,0.0605,0.9395,0.0005,0.0005
1,FakeManilaV2,13,9,22113,0.0606,0.9394,0.0001,0.0001
1,FakeManilaV2,13,10,24576,0.0605,0.9395,0.0001,0.0001
1,FakeManilaV2,14,1,2457,0.0641,0.9436,1.0,1.0
1,FakeManilaV2,14,2,4914,0.0566,0.9432,0.0075,0.0004
1,FakeManilaV2,14,3,7371,0.057,0.9429,0.0004,0.0003
1,FakeManilaV2,14,4,9828,0.0568,0.9432,0.0002,0.0002
1,FakeManilaV2,14,5,12285,0.0563,0.9436,0.0004,0.0005
1,FakeManilaV2,14,6,14742,0.0566,0.9434,0.0002,0.0002
1,FakeManilaV2,14,7,17199,0.0574,0.9425,0.0009,0.0009
1,FakeManilaV2,14,8,19656,0.0584,0.9416,0.001,0.0009
1,FakeManilaV2,14,9,22113,0.0581,0.9418,0.0003,0.0003
1,FakeManilaV2,14,10,24576,0.0579,0.9421,0.0002,0.0002
1,FakeManilaV2,15,1,2457,0.0574,0.9426,1.0,1.0
1,FakeManilaV2,15,2,4914,0.0613,0.9387,0.0039,0.0039
1,FakeManilaV2,15,3,7371,0.0582,0.9418,0.0031,0.0031
1,FakeManilaV2,15,4,9828,0.0587,0.9413,0.0005,0.0005
1,FakeManilaV2,15,5,12285,0.0593,0.9407,0.0006,0.0006
1,FakeManilaV2,15,6,14742,0.0602,0.9398,0.0009,0.0009
1,FakeManilaV2,15,7,17199,0.0595,0.9405,0.0008,0.0008
1,FakeManilaV2,15,8,19656,0.0601,0.9399,0.0007,0.0007
1,FakeManilaV2,15,9,22113,0.0608,0.9392,0.0006,0.0007
1,FakeManilaV2,15,10,24576,0.0599,0.94,0.0008,0.0008
1,FakeManilaV2,16,1,2457,0.0651,0.9349,1.0,1.0
1,FakeManilaV2,16,2,4914,0.0629,0.9371,0.0022,0.0022
1,FakeManilaV2,16,3,7371,0.0616,0.9384,0.0013,0.0013
1,FakeManilaV2,16,4,9828,0.0599,0.9401,0.0017,0.0017
1,FakeManilaV2,16,5,12285,0.0611,0.9389,0.0012,0.0012
1,FakeManilaV2,16,6,14742,0.0604,0.9396,0.0007,0.0007
1,FakeManilaV2,16,7,17199,0.0605,0.9395,0.0,0.0
1,FakeManilaV2,16,8,19656,0.0608,0.9392,0.0003,0.0003
1,FakeManilaV2,16,9,22113,0.0615,0.9385,0.0007,0.0007
1,FakeManilaV2,16,10,24576,0.0615,0.9385,0.0,0.0
1,FakeManilaV2,17,1,2457,0.0513,0.9487,1.0,1.0
1,FakeManilaV2,17,2,4914,0.0537,0.9463,0.0024,0.0024
1,FakeManilaV2,17,3,7371,0.0562,0.9438,0.0024,0.0024
1,FakeManilaV2,17,4,9828,0.055,0.945,0.0011,0.0011
1,FakeManilaV2,17,5,12285,0.0554,0.9446,0.0003,0.0003
1,FakeManilaV2,17,6,14742,0.0566,0.9434,0.0013,0.0013
1,FakeManilaV2,17,7,17199,0.0581,0.9418,0.0015,0.0015
1,FakeManilaV2,17,8,19656,0.0585,0.9415,0.0003,0.0003
1,FakeManilaV2,17,9,22113,0.0582,0.9418,0.0003,0.0003
1,FakeManilaV2,17,10,24576,0.0592,0.9408,0.001,0.001
1,FakeManilaV2,18,1,2457,0.0574,0.9426,1.0,1.0
1,FakeManilaV2,18,2,4914,0.06,0.94,0.0026,0.0026
1,FakeManilaV2,18,3,7371,0.0621,0.9379,0.0021,0.0021
1,FakeManilaV2,18,4,9828,0.0606,0.9394,0.0015,0.0015
1,FakeManilaV2,18,5,12285,0.0601,0.9399,0.0006,0.0005
1,FakeManilaV2,18,6,14742,0.0595,0.9405,0.0006,0.0006
1,FakeManilaV2,18,7,17199,0.0598,0.9401,0.0003,0.0004
1,FakeManilaV2,18,8,19656,0.0595,0.9404,0.0003,0.0003
1,FakeManilaV2,18,9,22113,0.0594,0.9405,0.0001,0.0001
1,FakeManilaV2,18,10,24576,0.0589,0.9411,0.0005,0.0005
1,FakeManilaV2,19,1,2457,0.0627,0.9373,1.0,1.0
1,FakeManilaV2,19,2,4914,0.0568,0.9432,0.0059,0.0059
1,FakeManilaV2,19,3,7371,0.0585,0.9415,0.0017,0.0017
1,FakeManilaV2,19,4,9828,0.0565,0.9435,0.002,0.002
1,FakeManilaV2,19,5,12285,0.0576,0.9424,0.0012,0.0012
1,FakeManilaV2,19,6,14742,0.0566,0.9434,0.0011,0.0011
1,FakeManilaV2,19,7,17199,0.0579,0.9421,0.0013,0.0013
1,FakeManilaV2,19,8,19656,0.0587,0.9413,0.0007,0.0007
1,FakeManilaV2,19,9,22113,0.0589,0.9411,0.0002,0.0002
1,FakeManilaV2,19,10,24576,0.0592,0.9408,0.0003,0.0003
2,FakeManilaV2,0,1,819,0.1575,0.8425,1.0,1.0
2,FakeManilaV2,0,2,1638,0.1581,0.8418,0.0006,0.0007
2,FakeManilaV2,0,3,2457,0.162,0.8379,0.0039,0.0038
2,FakeManilaV2,0,4,3276,0.1618,0.838,0.0002,0.0001
2,FakeManilaV2,0,5,4095,0.1585,0.8414,0.0033,0.0034
2,FakeManilaV2,0,6,4914,0.1579,0.842,0.0006,0.0006
2,FakeManilaV2,0,7,5733,0.1559,0.844,0.002,0.002
2,FakeManilaV2,0,8,6552,0.1551,0.8449,0.0009,0.0009
2,FakeManilaV2,0,9,7371,0.153,0.8469,0.002,0.002
2,FakeManilaV2,0,10,8192,0.1537,0.8463,0.0007,0.0006
2,FakeManilaV2,1,1,819,0.1416,0.8583,1.0,1.0
2,FakeManilaV2,1,2,1638,0.1484,0.8516,0.0067,0.0067
2,FakeManilaV2,1,3,2457,0.1587,0.8411,0.0104,0.0105
2,FakeManilaV2,1,4,3276,0.1581,0.8419,0.0006,0.0008
2,FakeManilaV2,1,5,4095,0.1619,0.838,0.0038,0.0039
2,FakeManilaV2,1,6,4914,0.162,0.838,0.0001,0.0001
2,FakeManilaV2,1,7,5733,0.1626,0.8374,0.0006,0.0005
2,FakeManilaV2,1,8,6552,0.1642,0.8357,0.0017,0.0017
2,FakeManilaV2,1,9,7371,0.1628,0.8372,0.0014,0.0014
2,FakeManilaV2,1,10,8192,0.1622,0.8378,0.0006,0.0006
2,FakeManilaV2,2,1,819,0.1795,0.8197,1.0,1.0
2,FakeManilaV2,2,2,1638,0.1581,0.8419,0.0214,0.0222
2,FakeManilaV2,2,3,2457,0.1656,0.8343,0.0075,0.0075
2,FakeManilaV2,2,4,3276,0.1636,0.8364,0.002,0.002
2,FakeManilaV2,2,5,4095,0.1661,0.8339,0.0024,0.0024
2,FakeManilaV2,2,6,4914,0.1654,0.8346,0.0006,0.0006
2,FakeManilaV2,2,7,5733,0.162,0.8379,0.0034,0.0034
2,FakeManilaV2,2,8,6552,0.1609,0.8391,0.0012,0.0011
2,FakeManilaV2,2,9,7371,0.1614,0.8385,0.0006,0.0006
2,FakeManilaV2,2,10,8192,0.1616,0.8383,0.0002,0.0002
2,FakeManilaV2,3,1,819,0.1551,0.8449,1.0,1.0
2,FakeManilaV2,3,2,1638,0.1575,0.8424,0.0024,0.0026
2,FakeManilaV2,3,3,2457,0.1579,0.8421,0.0004,0.0003
2,FakeManilaV2,3,4,3276,0.1538,0.8461,0.0041,0.0041
2,FakeManilaV2,3,5,4095,0.1626,0.8373,0.0088,0.0088
2,FakeManilaV2,3,6,4914,0.163,0.8368,0.0004,0.0005
2,FakeManilaV2,3,7,5733,0.1633,0.8366,0.0003,0.0002
2,FakeManilaV2,3,8,6552,0.1622,0.8377,0.001,0.001
2,FakeManilaV2,3,9,7371,0.1616,0.8384,0.0007,0.0007
2,FakeManilaV2,3,10,8192,0.1611,0.8388,0.0004,0.0004
2,FakeManilaV2,4,1,819,0.1551,0.8448,1.0,1.0
2,FakeManilaV2,4,2,1638,0.1526,0.847,0.0024,0.0022
2,FakeManilaV2,4,3,2457,0.1567,0.843,0.0041,0.004
2,FakeManilaV2,4,4,3276,0.1532,0.8464,0.0035,0.0034
2,FakeManilaV2,4,5,4095,0.1526,0.8472,0.0006,0.0007
2,FakeManilaV2,4,6,4914,0.1538,0.846,0.0012,0.0012
2,FakeManilaV2,4,7,5733,0.1565,0.8434,0.0026,0.0026
2,FakeManilaV2,4,8,6552,0.1581,0.8417,0.0017,0.0017
2,FakeManilaV2,4,9,7371,0.1585,0.8414,0.0003,0.0003
2,FakeManilaV2,4,10,8192,0.1577,0.8422,0.0007,0.0008
2,FakeManilaV2,5,1,819,0.1551,0.8446,1.0,1.0
2,FakeManilaV2,5,2,1638,0.1593,0.8407,0.0043,0.004
2,FakeManilaV2,5,3,2457,0.1632,0.8368,0.0039,0.0039
2,FakeManilaV2,5,4,3276,0.1618,0.8382,0.0014,0.0014
2,FakeManilaV2,5,5,4095,0.1634,0.8366,0.0016,0.0016
2,FakeManilaV2,5,6,4914,0.1638,0.8362,0.0004,0.0004
2,FakeManilaV2,5,7,5733,0.1652,0.8348,0.0014,0.0014
2,FakeManilaV2,5,8,6552,0.1656,0.8344,0.0004,0.0004
2,FakeManilaV2,5,9,7371,0.1651,0.8349,0.0005,0.0005
2,FakeManilaV2,5,10,8192,0.1637,0.8363,0.0014,0.0014
2,FakeManilaV2,6,1,819,0.1331,0.8659,1.0,1.0
2,FakeManilaV2,6,2,1638,0.1484,0.8515,0.0153,0.0144
2,FakeManilaV2,6,3,2457,0.1563,0.8436,0.0079,0.0079
2,FakeManilaV2,6,4,3276,0.1609,0.8391,0.0046,0.0045
2,FakeManilaV2,6,5,4095,0.1585,0.8415,0.0024,0.0024
2,FakeManilaV2,6,6,4914,0.1579,0.8421,0.0006,0.0006
2,FakeManilaV2,6,7,5733,0.1584,0.8416,0.0005,0.0005
2,FakeManilaV2,6,8,6552,0.1612,0.8388,0.0028,0.0028
2,FakeManilaV2,6,9,7371,0.1632,0.8368,0.002,0.002
2,FakeManilaV2,6,10,8192,0.1631,0.8369,0.0001,0.0001
2,FakeManilaV2,7,1,819,0.149,0.851,1.0,1.0
2,FakeManilaV2,7,2,1638,0.1441,0.8559,0.0049,0.0048
2,FakeManilaV2,7,3,2457,0.1469,0.853,0.0028,0.0028
2,FakeManilaV2,7,4,3276,0.1493,0.8507,0.0023,0.0023
2,FakeManilaV2,7,5,4095,0.1499,0.8501,0.0007,0.0007
2,FakeManilaV2,7,6,4914,0.1567,0.8433,0.0068,0.0068
2,FakeManilaV2,7,7,5733,0.1573,0.8427,0.0006,0.0006
2,FakeManilaV2,7,8,6552,0.1578,0.8422,0.0005,0.0005
2,FakeManilaV2,7,9,7371,0.1602,0.8398,0.0024,0.0024
2,FakeManilaV2,7,10,8192,0.1632,0.8368,0.003,0.003
2,FakeManilaV2,8,1,819,0.1563,0.8432,1.0,1.0
2,FakeManilaV2,8,2,1638,0.163,0.8367,0.0067,0.0066
2,FakeManilaV2,8,3,2457,0.1575,0.8422,0.0055,0.0056
2,FakeManilaV2,8,4,3276,0.1545,0.8455,0.0031,0.0033
2,FakeManilaV2,8,5,4095,0.1551,0.8449,0.0006,0.0006
2,FakeManilaV2,8,6,4914,0.1538,0.8461,0.0012,0.0012
2,FakeManilaV2,8,7,5733,0.1537,0.8463,0.0002,0.0002
2,FakeManilaV2,8,8,6552,0.1551,0.8449,0.0014,0.0014
2,FakeManilaV2,8,9,7371,0.1524,0.8476,0.0027,0.0027
2,FakeManilaV2,8,10,8192,0.1521,0.8478,0.0003,0.0002
2,FakeManilaV2,9,1,819,0.1526,0.8473,1.0,1.0
2,FakeManilaV2,9,2,1638,0.1502,0.8498,0.0024,0.0025
2,FakeManilaV2,9,3,2457,0.153,0.847,0.0028,0.0028
2,FakeManilaV2,9,4,3276,0.1529,0.847,0.0001,0.0001
2,FakeManilaV2,9,5,4095,0.1558,0.8442,0.0029,0.0028
2,FakeManilaV2,9,6,4914,0.1569,0.8431,0.0011,0.0011
2,FakeManilaV2,9,7,5733,0.1593,0.8407,0.0024,0.0024
2,FakeManilaV2,9,8,6552,0.1584,0.8415,0.0008,0.0008
2,FakeManilaV2,9,9,7371,0.159,0.841,0.0006,0.0006
2,FakeManilaV2,9,10,8192,0.1599,0.84,0.0009,0.001
2,FakeManilaV2,10,1,819,0.1551,0.8449,1.0,1.0
2,FakeManilaV2,10,2,1638,0.1563,0.8437,0.0012,0.0012
2,FakeManilaV2,10,3,2457,0.16,0.84,0.0037,0.0037
2,FakeManilaV2,10,4,3276,0.1557,0.8443,0.0043,0.0043
2,FakeManilaV2,10,5,4095,0.1597,0.8403,0.004,0.004
2,FakeManilaV2,10,6,4914,0.1587,0.8412,0.001,0.0009
2,FakeManilaV2,10,7,5733,0.1619,0.8381,0.0031,0.0031
2,FakeManilaV2,10,8,6552,0.1629,0.8371,0.001,0.001
2,FakeManilaV2,10,9,7371,0.162,0.838,0.0009,0.0009
2,FakeManilaV2,10,10,8192,0.1609,0.8391,0.0011,0.0011
2,FakeManilaV2,11,1,819,0.1783,0.8217,1.0,1.0
2,FakeManilaV2,11,2,1638,0.1777,0.8223,0.0006,0.0006
2,FakeManilaV2,11,3,2457,0.1705,0.8295,0.0071,0.0072
2,FakeManilaV2,11,4,3276,0.1722,0.8278,0.0016,0.0017
2,FakeManilaV2,11,5,4095,0.1719,0.8281,0.0002,0.0003
2,FakeManilaV2,11,6,4914,0.1742,0.8258,0.0023,0.0023
2,FakeManilaV2,11,7,5733,0.1706,0.8294,0.0036,0.0036
2,FakeManilaV2,11,8,6552,0.1693,0.8307,0.0013,0.0013
2,FakeManilaV2,11,9,7371,0.1715,0.8285,0.0022,0.0022
2,FakeManilaV2,11,10,8192,0.171,0.829,0.0005,0.0005
2,FakeManilaV2,12,1,819,0.1453,0.8544,1.0,1.0
2,FakeManilaV2,12,2,1638,0.1648,0.8351,0.0195,0.0193
2,FakeManilaV2,12,3,2457,0.1543,0.8456,0.0106,0.0105
2,FakeManilaV2,12,4,3276,0.1538,0.846,0.0004,0.0003
2,FakeManilaV2,12,5,4095,0.1534,0.8465,0.0005,0.0005
2,FakeManilaV2,12,6,4914,0.1569,0.8431,0.0035,0.0035
2,FakeManilaV2,12,7,5733,0.158,0.842,0.0011,0.0011
2,FakeManilaV2,12,8,6552,0.1571,0.8429,0.001,0.001
2,FakeManilaV2,12,9,7371,0.1568,0.8432,0.0002,0.0002
2,FakeManilaV2,12,10,8192,0.1572,0.8428,0.0004,0.0004
2,FakeManilaV2,13,1,819,0.1587,0.8413,1.0,1.0
2,FakeManilaV2,13,2,1638,0.1575,0.8424,0.0012,0.0012
2,FakeManilaV2,13,3,2457,0.1669,0.8331,0.0094,0.0093
2,FakeManilaV2,13,4,3276,0.1642,0.8358,0.0026,0.0026
2,FakeManilaV2,13,5,4095,0.1626,0.8374,0.0016,0.0016
2,FakeManilaV2,13,6,4914,0.1612,0.8388,0.0015,0.0015
2,FakeManilaV2,13,7,5733,0.1594,0.8406,0.0017,0.0017
2,FakeManilaV2,13,8,6552,0.1592,0.8408,0.0002,0.0002
2,FakeManilaV2,13,9,7371,0.1562,0.8438,0.003,0.003
2,FakeManilaV2,13,10,8192,0.1573,0.8426,0.0012,0.0012
2,FakeManilaV2,14,1,819,0.149,0.8502,1.0,1.0
2,FakeManilaV2,14,2,1638,0.1435,0.8562,0.0055,0.006
2,FakeManilaV2,14,3,2457,0.149,0.8508,0.0055,0.0054
2,FakeManilaV2,14,4,3276,0.1468,0.853,0.0021,0.0022
2,FakeManilaV2,14,5,4095,0.1475,0.8523,0.0007,0.0007
2,FakeManilaV2,14,6,4914,0.1518,0.8481,0.0043,0.0042
2,FakeManilaV2,14,7,5733,0.1544,0.8455,0.0026,0.0025
2,FakeManilaV2,14,8,6552,0.1552,0.8447,0.0009,0.0008
2,FakeManilaV2,14,9,7371,0.1537,0.8462,0.0015,0.0015
2,FakeManilaV2,14,10,8192,0.1547,0.8452,0.001,0.001
2,FakeManilaV2,15,1,819,0.1661,0.8334,1.0,1.0
2,FakeManilaV2,15,2,1638,0.1551,0.8448,0.011,0.0114
2,FakeManilaV2,15,3,2457,0.1534,0.8464,0.0016,0.0015
2,FakeManilaV2,15,4,3276,0.1563,0.8436,0.0028,0.0028
2,FakeManilaV2,15,5,4095,0.1597,0.8401,0.0034,0.0034
2,FakeManilaV2,15,6,4914,0.1597,0.84,0.0,0.0001
2,FakeManilaV2,15,7,5733,0.1587,0.841,0.001,0.001
2,FakeManilaV2,15,8,6552,0.156,0.8438,0.0027,0.0029
2,FakeManilaV2,15,9,7371,0.1576,0.8422,0.0017,0.0017
2,FakeManilaV2,15,10,8192,0.1572,0.8426,0.0004,0.0004
2,FakeManilaV2,16,1,819,0.1551,0.8444,1.0,1.0
2,FakeManilaV2,16,2,1638,0.1441,0.8559,0.011,0.0115
2,FakeManilaV2,16,3,2457,0.1477,0.8521,0.0037,0.0038
2,FakeManilaV2,16,4,3276,0.1545,0.8455,0.0067,0.0066
2,FakeManilaV2,16,5,4095,0.1558,0.8441,0.0013,0.0014
2,FakeManilaV2,16,6,4914,0.1561,0.8439,0.0003,0.0003
2,FakeManilaV2,16,7,5733,0.1556,0.8443,0.0005,0.0005
2,FakeManilaV2,16,8,6552,0.1577,0.8422,0.0021,0.0021
2,FakeManilaV2,16,9,7371,0.1559,0.844,0.0018,0.0018
2,FakeManilaV2,16,10,8192,0.1562,0.8436,0.0004,0.0004
2,FakeManilaV2,17,1,819,0.1514,0.8481,1.0,1.0
2,FakeManilaV2,17,2,1638,0.1557,0.8443,0.0043,0.0038
2,FakeManilaV2,17,3,2457,0.1591,0.8409,0.0035,0.0035
2,FakeManilaV2,17,4,3276,0.1627,0.8373,0.0036,0.0036
2,FakeManilaV2,17,5,4095,0.1636,0.8363,0.0009,0.0009
2,FakeManilaV2,17,6,4914,0.1628,0.8371,0.0008,0.0008
2,FakeManilaV2,17,7,5733,0.1598,0.8402,0.003,0.0031
2,FakeManilaV2,17,8,6552,0.1581,0.8419,0.0017,0.0017
2,FakeManilaV2,17,9,7371,0.1567,0.8433,0.0014,0.0014
2,FakeManilaV2,17,10,8192,0.1555,0.8445,0.0012,0.0012
2,FakeManilaV2,18,1,819,0.1795,0.8202,1.0,1.0
2,FakeManilaV2,18,2,1638,0.1697,0.8302,0.0098,0.01
2,FakeManilaV2,18,3,2457,0.1697,0.8302,0.0,0.0
2,FakeManilaV2,18,4,3276,0.1679,0.832,0.0018,0.0018
2,FakeManilaV2,18,5,4095,0.1641,0.8358,0.0038,0.0037
2,FakeManilaV2,18,6,4914,0.1644,0.8354,0.0003,0.0004
2,FakeManilaV2,18,7,5733,0.1615,0.8384,0.0029,0.003
2,FakeManilaV2,18,8,6552,0.1598,0.8401,0.0017,0.0017
2,FakeManilaV2,18,9,7371,0.1594,0.8406,0.0004,0.0004
2,FakeManilaV2,18,10,8192,0.1594,0.8405,0.0,0.0
2,FakeManilaV2,19,1,819,0.1551,0.8444,1.0,1.0
2,FakeManilaV2,19,2,1638,0.1673,0.8324,0.0122,0.012
2,FakeManilaV2,19,3,2457,0.1587,0.8409,0.0085,0.0085
2,FakeManilaV2,19,4,3276,0.1612,0.8387,0.0024,0.0022
2,FakeManilaV2,19,5,4095,0.1612,0.8388,0.0,0.0001
2,FakeManilaV2,19,6,4914,0.1614,0.8386,0.0002,0.0002
2,FakeManilaV2,19,7,5733,0.1624,0.8376,0.001,0.001
2,FakeManilaV2,19,8,6552,0.163,0.837,0.0006,0.0006
2,FakeManilaV2,19,9,7371,0.1644,0.8355,0.0014,0.0014
2,FakeManilaV2,19,10,8192,0.1642,0.8358,0.0002,0.0002
3,FakeManilaV2,0,1,400,0.06,0.94,1.0,1.0
3,FakeManilaV2,0,2,800,0.0525,0.9475,0.0075,0.0075
3,FakeManilaV2,0,3,1200,0.06,0.94,0.0075,0.0075
3,FakeManilaV2,0,4,1600,0.0656,0.9344,0.0056,0.0056
3,FakeManilaV2,0,5,2000,0.0625,0.9375,0.0031,0.0031
3,FakeManilaV2,0,6,2400,0.0654,0.9346,0.0029,0.0029
3,FakeManilaV2,0,7,2800,0.0657,0.9343,0.0003,0.0003
3,FakeManilaV2,0,8,3200,0.0697,0.9303,0.004,0.004
3,FakeManilaV2,0,9,3600,0.0664,0.9336,0.0033,0.0033
3,FakeManilaV2,0,10,4000,0.0663,0.9337,0.0001,0.0001
3,FakeManilaV2,1,1,400,0.055,0.945,1.0,1.0
3,FakeManilaV2,1,2,800,0.05,0.95,0.005,0.005
3,FakeManilaV2,1,3,1200,0.0533,0.9467,0.0033,0.0033
3,FakeManilaV2,1,4,1600,0.0544,0.9456,0.001,0.001
3,FakeManilaV2,1,5,2000,0.058,0.942,0.0036,0.0036
3,FakeManilaV2,1,6,2400,0.0604,0.9396,0.0024,0.0024
3,FakeManilaV2,1,7,2800,0.06,0.94,0.0004,0.0004
3,FakeManilaV2,1,8,3200,0.0594,0.9406,0.0006,0.0006
3,FakeManilaV2,1,9,3600,0.0625,0.9375,0.0031,0.0031
3,FakeManilaV2,1,10,4000,0.063,0.937,0.0005,0.0005
3,FakeManilaV2,2,1,400,0.0475,0.9525,1.0,1.0
3,FakeManilaV2,2,2,800,0.055,0.945,0.0075,0.0075
3,FakeManilaV2,2,3,1200,0.065,0.935,0.01,0.01
3,FakeManilaV2,2,4,1600,0.0656,0.9344,0.0006,0.0006
3,FakeManilaV2,2,5,2000,0.067,0.933,0.0014,0.0014
3,FakeManilaV2,2,6,2400,0.0696,0.9304,0.0026,0.0026
3,FakeManilaV2,2,7,2800,0.07,0.93,0.0004,0.0004
3,FakeManilaV2,2,8,3200,0.07,0.93,0.0,0.0
3,FakeManilaV2,2,9,3600,0.07,0.93,0.0,0.0
3,FakeManilaV2,2,10,4000,0.0695,0.9305,0.0005,0.0005
3,FakeManilaV2,3,1,400,0.0725,0.9275,1.0,1.0
3,FakeManilaV2,3,2,800,0.0613,0.9387,0.0112,0.0112
3,FakeManilaV2,3,3,1200,0.0617,0.9383,0.0004,0.0004
3,FakeManilaV2,3,4,1600,0.0587,0.9413,0.0029,0.0029
3,FakeManilaV2,3,5,2000,0.056,0.944,0.0027,0.0027
3,FakeManilaV2,3,6,2400,0.0583,0.9417,0.0023,0.0023
3,FakeManilaV2,3,7,2800,0.06,0.94,0.0017,0.0017
3,FakeManilaV2,3,8,3200,0.0613,0.9387,0.0012,0.0012
3,FakeManilaV2,3,9,3600,0.0617,0.9383,0.0004,0.0004
3,FakeManilaV2,3,10,4000,0.065,0.935,0.0033,0.0033
3,FakeManilaV2,4,1,400,0.055,0.945,1.0,1.0
3,FakeManilaV2,4,2,800,0.0563,0.9437,0.0012,0.0012
3,FakeManilaV2,4,3,1200,0.0567,0.9433,0.0004,0.0004
3,FakeManilaV2,4,4,1600,0.0631,0.9369,0.0065,0.0065
3,FakeManilaV2,4,5,2000,0.0665,0.9335,0.0034,0.0034
3,FakeManilaV2,4,6,2400,0.0675,0.9325,0.001,0.001
3,FakeManilaV2,4,7,2800,0.0696,0.9304,0.0021,0.0021
3,FakeManilaV2,4,8,3200,0.07,0.93,0.0004,0.0004
3,FakeManilaV2,4,9,3600,0.0719,0.9281,0.0019,0.0019
3,FakeManilaV2,4,10,4000,0.0725,0.9275,0.0006,0.0006
3,FakeManilaV2,5,1,400,0.0875,0.9125,1.0,1.0
3,FakeManilaV2,5,2,800,0.0763,0.9237,0.0112,0.0112
3,FakeManilaV2,5,3,1200,0.0775,0.9225,0.0013,0.0012
3,FakeManilaV2,5,4,1600,0.0763,0.9237,0.0013,0.0012
3,FakeManilaV2,5,5,2000,0.079,0.921,0.0027,0.0027
3,FakeManilaV2,5,6,2400,0.0733,0.9267,0.0057,0.0057
3,FakeManilaV2,5,7,2800,0.0711,0.9289,0.0023,0.0023
3,FakeManilaV2,5,8,3200,0.0703,0.9297,0.0008,0.0008
3,FakeManilaV2,5,9,3600,0.0686,0.9314,0.0017,0.0017
3,FakeManilaV2,5,10,4000,0.0685,0.9315,0.0001,0.0001
3,FakeManilaV2,6,1,400,0.055,0.945,1.0,1.0
3,FakeManilaV2,6,2,800,0.055,0.945,0.0,0.0
3,FakeManilaV2,6,3,1200,0.0592,0.9408,0.0042,0.0042
3,FakeManilaV2,6,4,1600,0.0606,0.9394,0.0015,0.0015
3,FakeManilaV2,6,5,2000,0.063,0.937,0.0024,0.0024
3,FakeManilaV2,6,6,2400,0.0646,0.9354,0.0016,0.0016
3,FakeManilaV2,6,7,2800,0.0639,0.9361,0.0007,0.0007
3,FakeManilaV2,6,8,3200,0.0628,0.9372,0.0011,0.0011
3,FakeManilaV2,6,9,3600,0.0633,0.9367,0.0005,0.0005
3,FakeManilaV2,6,10,4000,0.0633,0.9368,0.0001,0.0001
3,FakeManilaV2,7,1,400,0.0425,0.9575,1.0,1.0
3,FakeManilaV2,7,2,800,0.0412,0.9588,0.0012,0.0013
3,FakeManilaV2,7,3,1200,0.0508,0.9492,0.0096,0.0096
3,FakeManilaV2,7,4,1600,0.0569,0.9431,0.006,0.006
3,FakeManilaV2,7,5,2000,0.059,0.941,0.0021,0.0021
3,FakeManilaV2,7,6,2400,0.0617,0.9383,0.0027,0.0027
3,FakeManilaV2,7,7,2800,0.0632,0.9368,0.0015,0.0015
3,FakeManilaV2,7,8,3200,0.0628,0.9372,0.0004,0.0004
3,FakeManilaV2,7,9,3600,0.0631,0.9369,0.0002,0.0002
3,FakeManilaV2,7,10,4000,0.0635,0.9365,0.0004,0.0004
3,FakeManilaV2,8,1,400,0.05,0.95,1.0,1.0
3,FakeManilaV2,8,2,800,0.0513,0.9488,0.0012,0.0012
3,FakeManilaV2,8,3,1200,0.05,0.95,0.0012,0.0012
3,FakeManilaV2,8,4,1600,0.0537,0.9463,0.0037,0.0037
3,FakeManilaV2,8,5,2000,0.056,0.944,0.0023,0.0023
3,FakeManilaV2,8,6,2400,0.0571,0.9429,0.0011,0.0011
3,FakeManilaV2,8,7,2800,0.0618,0.9382,0.0047,0.0047
3,FakeManilaV2,8,8,3200,0.0622,0.9378,0.0004,0.0004
3,FakeManilaV2,8,9,3600,0.0622,0.9378,0.0,0.0
3,FakeManilaV2,8,10,4000,0.0613,0.9387,0.001,0.001
3,FakeManilaV2,9,1,400,0.065,0.935,1.0,1.0
3,FakeManilaV2,9,2,800,0.0775,0.9225,0.0125,0.0125
3,FakeManilaV2,9,3,1200,0.0683,0.9317,0.0092,0.0092
3,FakeManilaV2,9,4,1600,0.0706,0.9294,0.0023,0.0023
3,FakeManilaV2,9,5,2000,0.0725,0.9275,0.0019,0.0019
3,FakeManilaV2,9,6,2400,0.0737,0.9262,0.0012,0.0013
3,FakeManilaV2,9,7,2800,0.0696,0.9304,0.0041,0.0041
3,FakeManilaV2,9,8,3200,0.0675,0.9325,0.0021,0.0021
3,FakeManilaV2,9,9,3600,0.0694,0.9306,0.0019,0.0019
3,FakeManilaV2,9,10,4000,0.0677,0.9322,0.0017,0.0017
3,FakeManilaV2,10,1,400,0.075,0.925,1.0,1.0
3,FakeManilaV2,10,2,800,0.0725,0.9275,0.0025,0.0025
3,FakeManilaV2,10,3,1200,0.0733,0.9267,0.0008,0.0008
3,FakeManilaV2,10,4,1600,0.0719,0.9281,0.0015,0.0015
3,FakeManilaV2,10,5,2000,0.0705,0.9295,0.0014,0.0014
3,FakeManilaV2,10,6,2400,0.0692,0.9308,0.0013,0.0013
3,FakeManilaV2,10,7,2800,0.07,0.93,0.0008,0.0008
3,FakeManilaV2,10,8,3200,0.0691,0.9309,0.0009,0.0009
3,FakeManilaV2,10,9,3600,0.0692,0.9308,0.0001,0.0001
3,FakeManilaV2,10,10,4000,0.0703,0.9297,0.0011,0.0011
3,FakeManilaV2,11,1,400,0.09,0.91,1.0,1.0
3,FakeManilaV2,11,2,800,0.0787,0.9213,0.0112,0.0113
3,FakeManilaV2,11,3,1200,0.0675,0.9325,0.0112,0.0112
3,FakeManilaV2,11,4,1600,0.075,0.925,0.0075,0.0075
3,FakeManilaV2,11,5,2000,0.072,0.928,0.003,0.003
3,FakeManilaV2,11,6,2400,0.0696,0.9304,0.0024,0.0024
3,FakeManilaV2,11,7,2800,0.0689,0.9311,0.0007,0.0007
3,FakeManilaV2,11,8,3200,0.0709,0.9291,0.002,0.002
3,FakeManilaV2,11,9,3600,0.0742,0.9258,0.0032,0.0032
3,FakeManilaV2,11,10,4000,0.0728,0.9273,0.0014,0.0014
3,FakeManilaV2,12,1,400,0.0775,0.9225,1.0,1.0
3,FakeManilaV2,12,2,800,0.0687,0.9313,0.0088,0.0088
3,FakeManilaV2,12,3,1200,0.0742,0.9258,0.0054,0.0054
3,FakeManilaV2,12,4,1600,0.0781,0.9219,0.004,0.004
3,FakeManilaV2,12,5,2000,0.073,0.927,0.0051,0.0051
3,FakeManilaV2,12,6,2400,0.0683,0.9317,0.0047,0.0047
3,FakeManilaV2,12,7,2800,0.0693,0.9307,0.001,0.001
3,FakeManilaV2,12,8,3200,0.0681,0.9319,0.0012,0.0012
3,FakeManilaV2,12,9,3600,0.0672,0.9328,0.0009,0.0009
3,FakeManilaV2,12,10,4000,0.0667,0.9332,0.0005,0.0005
3,FakeManilaV2,13,1,400,0.0325,0.9675,1.0,1.0
3,FakeManilaV2,13,2,800,0.05,0.95,0.0175,0.0175
3,FakeManilaV2,13,3,1200,0.0533,0.9467,0.0033,0.0033
3,FakeManilaV2,13,4,1600,0.0531,0.9469,0.0002,0.0002
3,FakeManilaV2,13,5,2000,0.055,0.945,0.0019,0.0019
3,FakeManilaV2,13,6,2400,0.0546,0.9454,0.0004,0.0004
3,FakeManilaV2,13,7,2800,0.055,0.945,0.0004,0.0004
3,FakeManilaV2,13,8,3200,0.0566,0.9434,0.0016,0.0016
3,FakeManilaV2,13,9,3600,0.0594,0.9406,0.0029,0.0029
3,FakeManilaV2,13,10,4000,0.0585,0.9415,0.0009,0.0009
3,FakeManilaV2,14,1,400,0.0625,0.9375,1.0,1.0
3,FakeManilaV2,14,2,800,0.0713,0.9287,0.0088,0.0088
3,FakeManilaV2,14,3,1200,0.065,0.935,0.0063,0.0062
3,FakeManilaV2,14,4,1600,0.0681,0.9319,0.0031,0.0031
3,FakeManilaV2,14,5,2000,0.0635,0.9365,0.0046,0.0046
3,FakeManilaV2,14,6,2400,0.0637,0.9363,0.0002,0.0002
3,FakeManilaV2,14,7,2800,0.0614,0.9386,0.0023,0.0023
3,FakeManilaV2,14,8,3200,0.0625,0.9375,0.0011,0.0011
3,FakeManilaV2,14,9,3600,0.0642,0.9358,0.0017,0.0017
3,FakeManilaV2,14,10,4000,0.064,0.936,0.0002,0.0002
3,FakeManilaV2,15,1,400,0.0725,0.9275,1.0,1.0
3,FakeManilaV2,15,2,800,0.0563,0.9437,0.0162,0.0162
3,FakeManilaV2,15,3,1200,0.0575,0.9425,0.0012,0.0013
3,FakeManilaV2,15,4,1600,0.0569,0.9431,0.0006,0.0006
3,FakeManilaV2,15,5,2000,0.057,0.943,0.0001,0.0001
3,FakeManilaV2,15,6,2400,0.0567,0.9433,0.0003,0.0003
3,FakeManilaV2,15,7,2800,0.0571,0.9429,0.0005,0.0005
3,FakeManilaV2,15,8,3200,0.0531,0.9469,0.004,0.004
3,FakeManilaV2,15,9,3600,0.0556,0.9444,0.0024,0.0024
3,FakeManilaV2,15,10,4000,0.058,0.942,0.0024,0.0024
3,FakeManilaV2,16,1,400,0.0725,0.9275,1.0,1.0
3,FakeManilaV2,16,2,800,0.0613,0.9387,0.0112,0.0112
3,FakeManilaV2,16,3,1200,0.0583,0.9417,0.0029,0.0029
3,FakeManilaV2,16,4,1600,0.0587,0.9413,0.0004,0.0004
3,FakeManilaV2,16,5,2000,0.064,0.936,0.0052,0.0053
3,FakeManilaV2,16,6,2400,0.0675,0.9325,0.0035,0.0035
3,FakeManilaV2,16,7,2800,0.0668,0.9332,0.0007,0.0007
3,FakeManilaV2,16,8,3200,0.0678,0.9322,0.001,0.001
3,FakeManilaV2,16,9,3600,0.0658,0.9342,0.002,0.002
3,FakeManilaV2,16,10,4000,0.0663,0.9337,0.0004,0.0004
3,FakeManilaV2,17,1,400,0.085,0.915,1.0,1.0
3,FakeManilaV2,17,2,800,0.075,0.925,0.01,0.01
3,FakeManilaV2,17,3,1200,0.0717,0.9283,0.0033,0.0033
3,FakeManilaV2,17,4,1600,0.0675,0.9325,0.0042,0.0042
3,FakeManilaV2,17,5,2000,0.067,0.933,0.0005,0.0005
3,FakeManilaV2,17,6,2400,0.0675,0.9325,0.0005,0.0005
3,FakeManilaV2,17,7,2800,0.0657,0.9343,0.0018,0.0018
3,FakeManilaV2,17,8,3200,0.0641,0.9359,0.0017,0.0017
3,FakeManilaV2,17,9,3600,0.0636,0.9364,0.0005,0.0005
3,FakeManilaV2,17,10,4000,0.0627,0.9373,0.0009,0.0009
3,FakeManilaV2,18,1,400,0.0525,0.9475,1.0,1.0
3,FakeManilaV2,18,2,800,0.0575,0.9425,0.005,0.005
3,FakeManilaV2,18,3,1200,0.0667,0.9333,0.0092,0.0092
3,FakeManilaV2,18,4,1600,0.065,0.935,0.0017,0.0017
3,FakeManilaV2,18,5,2000,0.0645,0.9355,0.0005,0.0005
3,FakeManilaV2,18,6,2400,0.0654,0.9346,0.0009,0.0009
3,FakeManilaV2,18,7,2800,0.0664,0.9336,0.001,0.001
3,FakeManilaV2,18,8,3200,0.0659,0.9341,0.0005,0.0005
3,FakeManilaV2,18,9,3600,0.0636,0.9364,0.0023,0.0023
3,FakeManilaV2,18,10,4000,0.0643,0.9357,0.0006,0.0006
3,FakeManilaV2,19,1,400,0.0675,0.9325,1.0,1.0
3,FakeManilaV2,19,2,800,0.0637,0.9363,0.0038,0.0038
3,FakeManilaV2,19,3,1200,0.0692,0.9308,0.0054,0.0054
3,FakeManilaV2,19,4,1600,0.0656,0.9344,0.0035,0.0035
3,FakeManilaV2,19,5,2000,0.0665,0.9335,0.0009,0.0009
3,FakeManilaV2,19,6,2400,0.0654,0.9346,0.0011,0.0011
3,FakeManilaV2,19,7,2800,0.0675,0.9325,0.0021,0.0021
3,FakeManilaV2,19,8,3200,0.0663,0.9337,0.0012,0.0012
3,FakeManilaV2,19,9,3600,0.0658,0.9342,0.0004,0.0004
3,FakeManilaV2,19,10,4000,0.0643,0.9357,0.0016,0.0016
4,FakeManilaV2,0,1,819,0.1673,0.8326,1.0,1.0
4,FakeManilaV2,0,2,1638,0.1691,0.8306,0.0018,0.002
4,FakeManilaV2,0,3,2457,0.1766,0.8231,0.0075,0.0075
4,FakeManilaV2,0,4,3276,0.1767,0.8229,0.0001,0.0001
4,FakeManilaV2,0,5,4095,0.1758,0.824,0.0009,0.001
4,FakeManilaV2,0,6,4914,0.174,0.8259,0.0018,0.0019
4,FakeManilaV2,0,7,5733,0.1744,0.8255,0.0004,0.0004
4,FakeManilaV2,0,8,6552,0.1751,0.8249,0.0006,0.0007
4,FakeManilaV2,0,9,7371,0.1742,0.8257,0.0009,0.0009
4,FakeManilaV2,0,10,8192,0.1747,0.8253,0.0005,0.0005
4,FakeManilaV2,1,1,819,0.1832,0.8168,1.0,1.0
4,FakeManilaV2,1,2,1638,0.185,0.815,0.0018,0.0018
4,FakeManilaV2,1,3,2457,0.1897,0.8102,0.0047,0.0048
4,FakeManilaV2,1,4,3276,0.1871,0.8129,0.0025,0.0027
4,FakeManilaV2,1,5,4095,0.1829,0.817,0.0042,0.0041
4,FakeManilaV2,1,6,4914,0.1827,0.8172,0.0002,0.0002
4,FakeManilaV2,1,7,5733,0.1811,0.8189,0.0017,0.0017
4,FakeManilaV2,1,8,6552,0.1781,0.8219,0.0029,0.0029
4,FakeManilaV2,1,9,7371,0.1799,0.8201,0.0018,0.0018
4,FakeManilaV2,1,10,8192,0.1818,0.8182,0.0019,0.0019
4,FakeManilaV2,2,1,819,0.1758,0.824,1.0,1.0
4,FakeManilaV2,2,2,1638,0.1777,0.8223,0.0018,0.0016
4,FakeManilaV2,2,3,2457,0.1758,0.8241,0.0018,0.0018
4,FakeManilaV2,2,4,3276,0.1777,0.8223,0.0018,0.0018
4,FakeManilaV2,2,5,4095,0.1741,0.8258,0.0035,0.0035
4,FakeManilaV2,2,6,4914,0.1707,0.8292,0.0034,0.0034
4,FakeManilaV2,2,7,5733,0.1723,0.8276,0.0016,0.0016
4,FakeManilaV2,2,8,6552,0.1737,0.8262,0.0014,0.0014
4,FakeManilaV2,2,9,7371,0.1751,0.8246,0.0015,0.0015
4,FakeManilaV2,2,10,8192,0.1738,0.826,0.0013,0.0013
4,FakeManilaV2,3,1,819,0.1978,0.8022,1.0,1.0
4,FakeManilaV2,3,2,1638,0.1917,0.8081,0.0061,0.0059
4,FakeManilaV2,3,3,2457,0.1832,0.8168,0.0085,0.0087
4,FakeManilaV2,3,4,3276,0.1764,0.8235,0.0067,0.0067
4,FakeManilaV2,3,5,4095,0.1792,0.8206,0.0028,0.0028
4,FakeManilaV2,3,6,4914,0.1813,0.8185,0.0021,0.0021
4,FakeManilaV2,3,7,5733,0.1758,0.824,0.0055,0.0055
4,FakeManilaV2,3,8,6552,0.1743,0.8255,0.0015,0.0015
4,FakeManilaV2,3,9,7371,0.1719,0.828,0.0024,0.0025
4,FakeManilaV2,3,10,8192,0.1755,0.8244,0.0036,0.0036
4,FakeManilaV2,4,1,819,0.1844,0.8156,1.0,1.0
4,FakeManilaV2,4,2,1638,0.1899,0.8099,0.0055,0.0057
4,FakeManilaV2,4,3,2457,0.1888,0.8107,0.001,0.0008
4,FakeManilaV2,4,4,3276,0.1835,0.8162,0.0054,0.0055
4,FakeManilaV2,4,5,4095,0.1856,0.8142,0.0021,0.002
4,FakeManilaV2,4,6,4914,0.1829,0.8169,0.0026,0.0027
4,FakeManilaV2,4,7,5733,0.179,0.8209,0.004,0.004
4,FakeManilaV2,4,8,6552,0.1799,0.8199,0.001,0.001
4,FakeManilaV2,4,9,7371,0.1788,0.8211,0.0011,0.0011
4,FakeManilaV2,4,10,8192,0.1769,0.823,0.0019,0.002
4,FakeManilaV2,5,1,819,0.149,0.8508,1.0,1.0
4,FakeManilaV2,5,2,1638,0.1545,0.8455,0.0055,0.0053
4,FakeManilaV2,5,3,2457,0.16,0.84,0.0055,0.0055
4,FakeManilaV2,5,4,3276,0.1737,0.8263,0.0137,0.0137
4,FakeManilaV2,5,5,4095,0.1751,0.8249,0.0014,0.0014
4,FakeManilaV2,5,6,4914,0.175,0.825,0.0001,0.0001
4,FakeManilaV2,5,7,5733,0.173,0.827,0.002,0.002
4,FakeManilaV2,5,8,6552,0.1734,0.8266,0.0003,0.0003
4,FakeManilaV2,5,9,7371,0.1727,0.8273,0.0007,0.0007
4,FakeManilaV2,5,10,8192,0.1709,0.8291,0.0018,0.0018
4,FakeManilaV2,6,1,819,0.1746,0.8245,1.0,1.0
4,FakeManilaV2,6,2,1638,0.177,0.8229,0.0024,0.0017
4,FakeManilaV2,6,3,2457,0.184,0.816,0.0069,0.0069
4,FakeManilaV2,6,4,3276,0.1789,0.8211,0.0051,0.0052
4,FakeManilaV2,6,5,4095,0.1746,0.8254,0.0043,0.0043
4,FakeManilaV2,6,6,4914,0.1726,0.8274,0.002,0.002
4,FakeManilaV2,6,7,5733,0.1709,0.8291,0.0016,0.0016
4,FakeManilaV2,6,8,6552,0.1714,0.8286,0.0005,0.0005
4,FakeManilaV2,6,9,7371,0.1707,0.8293,0.0007,0.0007
4,FakeManilaV2,6,10,8192,0.1703,0.8297,0.0004,0.0004
4,FakeManilaV2,7,1,819,0.1575,0.8425,1.0,1.0
4,FakeManilaV2,7,2,1638,0.1636,0.8363,0.0061,0.0062
4,FakeManilaV2,7,3,2457,0.1665,0.8335,0.0028,0.0028
4,FakeManilaV2,7,4,3276,0.1685,0.8315,0.002,0.002
4,FakeManilaV2,7,5,4095,0.1692,0.8308,0.0007,0.0007
4,FakeManilaV2,7,6,4914,0.1742,0.8258,0.005,0.005
4,FakeManilaV2,7,7,5733,0.1739,0.8261,0.0003,0.0003
4,FakeManilaV2,7,8,6552,0.1757,0.8243,0.0018,0.0018
4,FakeManilaV2,7,9,7371,0.1743,0.8257,0.0013,0.0013
4,FakeManilaV2,7,10,8192,0.1744,0.8256,0.0001,0.0001
4,FakeManilaV2,8,1,819,0.1697,0.8301,1.0,1.0
4,FakeManilaV2,8,2,1638,0.1813,0.8185,0.0116,0.0116
4,FakeManilaV2,8,3,2457,0.1762,0.8237,0.0051,0.0052
4,FakeManilaV2,8,4,3276,0.178,0.822,0.0017,0.0016
4,FakeManilaV2,8,5,4095,0.1731,0.8268,0.0048,0.0048
4,FakeManilaV2,8,6,4914,0.173,0.827,0.0002,0.0002
4,FakeManilaV2,8,7,5733,0.1736,0.8264,0.0006,0.0006
4,FakeManilaV2,8,8,6552,0.1748,0.8252,0.0012,0.0012
4,FakeManilaV2,8,9,7371,0.1719,0.8281,0.0029,0.0028
4,FakeManilaV2,8,10,8192,0.172,0.8279,0.0001,0.0001
4,FakeManilaV2,9,1,819,0.1502,0.8498,1.0,1.0
4,FakeManilaV2,9,2,1638,0.1648,0.8349,0.0147,0.0149
4,FakeManilaV2,9,3,2457,0.164,0.8359,0.0008,0.001
4,FakeManilaV2,9,4,3276,0.1642,0.8358,0.0002,0.0002
4,FakeManilaV2,9,5,4095,0.1634,0.8366,0.0009,0.0008
4,FakeManilaV2,9,6,4914,0.1663,0.8337,0.0029,0.0029
4,FakeManilaV2,9,7,5733,0.1683,0.8317,0.0021,0.0021
4,FakeManilaV2,9,8,6552,0.1661,0.8339,0.0023,0.0023
4,FakeManilaV2,9,9,7371,0.1647,0.8353,0.0014,0.0014
4,FakeManilaV2,9,10,8192,0.1644,0.8356,0.0003,0.0003
4,FakeManilaV2,10,1,819,0.1832,0.8168,1.0,1.0
4,FakeManilaV2,10,2,1638,0.1801,0.8199,0.0031,0.0031
4,FakeManilaV2,10,3,2457,0.1673,0.8327,0.0128,0.0128
4,FakeManilaV2,10,4,3276,0.1719,0.8281,0.0046,0.0046
4,FakeManilaV2,10,5,4095,0.1729,0.8271,0.001,0.001
4,FakeManilaV2,10,6,4914,0.1716,0.8284,0.0013,0.0013
4,FakeManilaV2,10,7,5733,0.1713,0.8287,0.0003,0.0003
4,FakeManilaV2,10,8,6552,0.1709,0.829,0.0003,0.0004
4,FakeManilaV2,10,9,7371,0.1704,0.8296,0.0005,0.0005
4,FakeManilaV2,10,10,8192,0.173,0.827,0.0026,0.0026
4,FakeManilaV2,11,1,819,0.2015,0.7985,1.0,1.0
4,FakeManilaV2,11,2,1638,0.1874,0.8125,0.014,0.014
4,FakeManilaV2,11,3,2457,0.1856,0.8144,0.0018,0.0019
4,FakeManilaV2,11,4,3276,0.1819,0.818,0.0037,0.0036
4,FakeManilaV2,11,5,4095,0.177,0.8229,0.0049,0.0049
4,FakeManilaV2,11,6,4914,0.1813,0.8187,0.0043,0.0043
4,FakeManilaV2,11,7,5733,0.1812,0.8188,0.0001,0.0001
4,FakeManilaV2,11,8,6552,0.1777,0.8223,0.0036,0.0036
4,FakeManilaV2,11,9,7371,0.1777,0.8223,0.0001,0.0001
4,FakeManilaV2,11,10,8192,0.1774,0.8226,0.0004,0.0003
4,FakeManilaV2,12,1,819,0.1551,0.8448,1.0,1.0
4,FakeManilaV2,12,2,1638,0.1728,0.8272,0.0177,0.0176
4,FakeManilaV2,12,3,2457,0.1713,0.8286,0.0014,0.0014
4,FakeManilaV2,12,4,3276,0.1654,0.8345,0.0059,0.0059
4,FakeManilaV2,12,5,4095,0.167,0.8329,0.0016,0.0016
4,FakeManilaV2,12,6,4914,0.1667,0.8333,0.0004,0.0004
4,FakeManilaV2,12,7,5733,0.1661,0.8339,0.0006,0.0006
4,FakeManilaV2,12,8,6552,0.1659,0.8341,0.0002,0.0002
4,FakeManilaV2,12,9,7371,0.167,0.833,0.0011,0.0011
4,FakeManilaV2,12,10,8192,0.1669,0.8331,0.0001,0.0001
4,FakeManilaV2,13,1,819,0.16,0.84,1.0,1.0
4,FakeManilaV2,13,2,1638,0.1697,0.8303,0.0098,0.0097
4,FakeManilaV2,13,3,2457,0.1791,0.8209,0.0094,0.0093
4,FakeManilaV2,13,4,3276,0.1761,0.8239,0.003,0.0029
4,FakeManilaV2,13,5,4095,0.1766,0.8234,0.0004,0.0004
4,FakeManilaV2,13,6,4914,0.1777,0.8223,0.0011,0.0011
4,FakeManilaV2,13,7,5733,0.176,0.824,0.0017,0.0017
4,FakeManilaV2,13,8,6552,0.1751,0.8249,0.0009,0.0009
4,FakeManilaV2,13,9,7371,0.1743,0.8257,0.0007,0.0007
4,FakeManilaV2,13,10,8192,0.175,0.8249,0.0007,0.0007
4,FakeManilaV2,14,1,819,0.1477,0.8508,1.0,1.0
4,FakeManilaV2,14,2,1638,0.1477,0.852,0.0,0.0013
4,FakeManilaV2,14,3,2457,0.1628,0.8371,0.0151,0.015
4,FakeManilaV2,14,4,3276,0.1648,0.8351,0.002,0.002
4,FakeManilaV2,14,5,4095,0.1658,0.834,0.001,0.0011
4,FakeManilaV2,14,6,4914,0.1697,0.8301,0.0039,0.0039
4,FakeManilaV2,14,7,5733,0.1681,0.8317,0.0016,0.0016
4,FakeManilaV2,14,8,6552,0.169,0.8309,0.0008,0.0008
4,FakeManilaV2,14,9,7371,0.1678,0.832,0.0011,0.0011
4,FakeManilaV2,14,10,8192,0.1656,0.8341,0.0022,0.0021
4,FakeManilaV2,15,1,819,0.1587,0.8408,1.0,1.0
4,FakeManilaV2,15,2,1638,0.1654,0.8345,0.0067,0.0063
4,FakeManilaV2,15,3,2457,0.1677,0.832,0.0022,0.0024
4,FakeManilaV2,15,4,3276,0.1658,0.8341,0.0019,0.002
4,FakeManilaV2,15,5,4095,0.1639,0.836,0.0019,0.0019
4,FakeManilaV2,15,6,4914,0.164,0.8358,0.0002,0.0002
4,FakeManilaV2,15,7,5733,0.1627,0.837,0.0013,0.0012
4,FakeManilaV2,15,8,6552,0.1636,0.8362,0.0009,0.0008
4,FakeManilaV2,15,9,7371,0.1643,0.8355,0.0007,0.0007
4,FakeManilaV2,15,10,8192,0.1677,0.832,0.0034,0.0035
4,FakeManilaV2,16,1,819,0.1856,0.8143,1.0,1.0
4,FakeManilaV2,16,2,1638,0.1801,0.8199,0.0055,0.0056
4,FakeManilaV2,16,3,2457,0.1815,0.8184,0.0014,0.0014
4,FakeManilaV2,16,4,3276,0.1804,0.8196,0.0011,0.0011
4,FakeManilaV2,16,5,4095,0.1841,0.8158,0.0037,0.0038
4,FakeManilaV2,16,6,4914,0.1848,0.8152,0.0007,0.0006
4,FakeManilaV2,16,7,5733,0.1821,0.8178,0.0027,0.0026
4,FakeManilaV2,16,8,6552,0.1801,0.8198,0.002,0.002
4,FakeManilaV2,16,9,7371,0.1776,0.8223,0.0025,0.0025
4,FakeManilaV2,16,10,8192,0.1768,0.8231,0.0008,0.0008
4,FakeManilaV2,17,1,819,0.1551,0.8438,1.0,1.0
4,FakeManilaV2,17,2,1638,0.1654,0.8344,0.0104,0.0094
4,FakeManilaV2,17,3,2457,0.1624,0.8376,0.0031,0.0031
4,FakeManilaV2,17,4,3276,0.1694,0.8305,0.007,0.007
4,FakeManilaV2,17,5,4095,0.1731,0.8268,0.0037,0.0038
4,FakeManilaV2,17,6,4914,0.1726,0.8274,0.0006,0.0006
4,FakeManilaV2,17,7,5733,0.1727,0.8273,0.0001,0.0001
4,FakeManilaV2,17,8,6552,0.1719,0.8281,0.0008,0.0008
4,FakeManilaV2,17,9,7371,0.1722,0.8278,0.0003,0.0003
4,FakeManilaV2,17,10,8192,0.1709,0.8291,0.0013,0.0013
4,FakeManilaV2,18,1,819,0.1795,0.8201,1.0,1.0
4,FakeManilaV2,18,2,1638,0.1801,0.8197,0.0006,0.0004
4,FakeManilaV2,18,3,2457,0.1783,0.8216,0.0018,0.0019
4,FakeManilaV2,18,4,3276,0.1786,0.8212,0.0003,0.0004
4,FakeManilaV2,18,5,4095,0.1788,0.8211,0.0002,0.0002
4,FakeManilaV2,18,6,4914,0.177,0.8228,0.0017,0.0018
4,FakeManilaV2,18,7,5733,0.1786,0.8213,0.0016,0.0015
4,FakeManilaV2,18,8,6552,0.1767,0.8232,0.0019,0.0019
4,FakeManilaV2,18,9,7371,0.1764,0.8236,0.0004,0.0004
4,FakeManilaV2,18,10,8192,0.1746,0.8254,0.0018,0.0018
4,FakeManilaV2,19,1,819,0.1929,0.806,1.0,1.0
4,FakeManilaV2,19,2,1638,0.1935,0.8057,0.0006,0.0003
4,FakeManilaV2,19,3,2457,0.1852,0.8141,0.0083,0.0084
4,FakeManilaV2,19,4,3276,0.1816,0.8181,0.0036,0.004
4,FakeManilaV2,19,5,4095,0.1824,0.8175,0.0008,0.0006
4,FakeManilaV2,19,6,4914,0.1787,0.8213,0.0037,0.0038
4,FakeManilaV2,19,7,5733,0.1825,0.8175,0.0038,0.0038
4,FakeManilaV2,19,8,6552,0.1786,0.8214,0.0039,0.0039
4,FakeManilaV2,19,9,7371,0.1773,0.8226,0.0013,0.0012
4,FakeManilaV2,19,10,8192,0.1786,0.8213,0.0013,0.0013
5,FakeManilaV2,0,1,102,0.2157,0.7783,1.0,1.0
5,FakeManilaV2,0,2,204,0.2059,0.789,0.0098,0.0107
5,FakeManilaV2,0,3,306,0.2026,0.7935,0.0033,0.0045
5,FakeManilaV2,0,4,408,0.2108,0.7883,0.0082,0.0052
5,FakeManilaV2,0,5,510,0.2216,0.7779,0.0108,0.0104
5,FakeManilaV2,0,6,612,0.2206,0.7786,0.001,0.0007
5,FakeManilaV2,0,7,714,0.2129,0.7866,0.0077,0.008
5,FakeManilaV2,0,8,816,0.2145,0.7854,0.0016,0.0011
5,FakeManilaV2,0,9,918,0.2124,0.7875,0.002,0.0021
5,FakeManilaV2,0,10,1024,0.2051,0.7949,0.0073,0.0074
5,FakeManilaV2,1,1,102,0.1863,0.8135,1.0,1.0
5,FakeManilaV2,1,2,204,0.1912,0.8088,0.0049,0.0047
5,FakeManilaV2,1,3,306,0.1961,0.8036,0.0049,0.0052
5,FakeManilaV2,1,4,408,0.1912,0.8087,0.0049,0.0051
5,FakeManilaV2,1,5,510,0.1902,0.8091,0.001,0.0004
5,FakeManilaV2,1,6,612,0.1879,0.8115,0.0023,0.0024
5,FakeManilaV2,1,7,714,0.2003,0.7992,0.0124,0.0123
5,FakeManilaV2,1,8,816,0.1949,0.8046,0.0054,0.0054
5,FakeManilaV2,1,9,918,0.1928,0.807,0.002,0.0024
5,FakeManilaV2,1,10,1024,0.1904,0.8095,0.0024,0.0024
5,FakeManilaV2,2,1,102,0.2157,0.7832,1.0,1.0
5,FakeManilaV2,2,2,204,0.2157,0.7799,0.0,0.0033
5,FakeManilaV2,2,3,306,0.2059,0.7913,0.0098,0.0114
5,FakeManilaV2,2,4,408,0.1887,0.8093,0.0172,0.018
5,FakeManilaV2,2,5,510,0.198,0.8005,0.0093,0.0088
5,FakeManilaV2,2,6,612,0.2042,0.7951,0.0062,0.0054
5,FakeManilaV2,2,7,714,0.1947,0.805,0.0096,0.0099
5,FakeManilaV2,2,8,816,0.1936,0.8061,0.0011,0.0011
5,FakeManilaV2,2,9,918,0.1895,0.8102,0.0041,0.0042
5,FakeManilaV2,2,10,1024,0.1914,0.8082,0.0019,0.002
5,FakeManilaV2,3,1,102,0.1471,0.8527,1.0,1.0
5,FakeManilaV2,3,2,204,0.1765,0.8217,0.0294,0.031
5,FakeManilaV2,3,3,306,0.1863,0.8128,0.0098,0.0089
5,FakeManilaV2,3,4,408,0.1985,0.8013,0.0123,0.0115
5,FakeManilaV2,3,5,510,0.1882,0.8115,0.0103,0.0101
5,FakeManilaV2,3,6,612,0.1928,0.807,0.0046,0.0044
5,FakeManilaV2,3,7,714,0.1933,0.8066,0.0005,0.0005
5,FakeManilaV2,3,8,816,0.1998,0.8002,0.0065,0.0064
5,FakeManilaV2,3,9,918,0.2015,0.7985,0.0018,0.0017
5,FakeManilaV2,3,10,1024,0.2041,0.7959,0.0026,0.0026
5,FakeManilaV2,4,1,102,0.2059,0.7938,1.0,1.0
5,FakeManilaV2,4,2,204,0.1961,0.8034,0.0098,0.0096
5,FakeManilaV2,4,3,306,0.1928,0.8064,0.0033,0.003
5,FakeManilaV2,4,4,408,0.1887,0.8111,0.0041,0.0046
5,FakeManilaV2,4,5,510,0.1784,0.8206,0.0103,0.0095
5,FakeManilaV2,4,6,612,0.1944,0.8053,0.016,0.0153
5,FakeManilaV2,4,7,714,0.1989,0.8008,0.0044,0.0044
5,FakeManilaV2,4,8,816,0.1936,0.8057,0.0053,0.0049
5,FakeManilaV2,4,9,918,0.1972,0.8026,0.0035,0.0031
5,FakeManilaV2,4,10,1024,0.1982,0.8017,0.0011,0.001
5,FakeManilaV2,5,1,102,0.1667,0.8319,1.0,1.0
5,FakeManilaV2,5,2,204,0.1765,0.8228,0.0098,0.0091
5,FakeManilaV2,5,3,306,0.183,0.817,0.0065,0.0058
5,FakeManilaV2,5,4,408,0.1936,0.8063,0.0106,0.0107
5,FakeManilaV2,5,5,510,0.1902,0.8098,0.0034,0.0035
5,FakeManilaV2,5,6,612,0.1993,0.8007,0.0092,0.0091
5,FakeManilaV2,5,7,714,0.2003,0.7997,0.0009,0.001
5,FakeManilaV2,5,8,816,0.1973,0.8027,0.003,0.003
5,FakeManilaV2,5,9,918,0.2037,0.7963,0.0064,0.0064
5,FakeManilaV2,5,10,1024,0.2021,0.7976,0.0016,0.0013
5,FakeManilaV2,6,1,102,0.2745,0.725,1.0,1.0
5,FakeManilaV2,6,2,204,0.1961,0.8025,0.0784,0.0775
5,FakeManilaV2,6,3,306,0.1961,0.8036,0.0,0.0011
5,FakeManilaV2,6,4,408,0.1814,0.8186,0.0147,0.015
5,FakeManilaV2,6,5,510,0.1765,0.8235,0.0049,0.0049
5,FakeManilaV2,6,6,612,0.183,0.8168,0.0065,0.0067
5,FakeManilaV2,6,7,714,0.1877,0.8122,0.0047,0.0046
5,FakeManilaV2,6,8,816,0.1826,0.8171,0.0051,0.0049
5,FakeManilaV2,6,9,918,0.1786,0.8211,0.0039,0.004
5,FakeManilaV2,6,10,1024,0.1816,0.8183,0.003,0.0028
5,FakeManilaV2,7,1,102,0.1961,0.8028,1.0,1.0
5,FakeManilaV2,7,2,204,0.2206,0.7785,0.0245,0.0244
5,FakeManilaV2,7,3,306,0.2124,0.7847,0.0082,0.0062
5,FakeManilaV2,7,4,408,0.1985,0.8006,0.0139,0.0159
5,FakeManilaV2,7,5,510,0.198,0.8011,0.0005,0.0004
5,FakeManilaV2,7,6,612,0.1977,0.8011,0.0003,0.0001
5,FakeManilaV2,7,7,714,0.1961,0.803,0.0016,0.0019
5,FakeManilaV2,7,8,816,0.19,0.8097,0.0061,0.0066
5,FakeManilaV2,7,9,918,0.1852,0.8146,0.0048,0.005
5,FakeManilaV2,7,10,1024,0.1914,0.8085,0.0062,0.0062
5,FakeManilaV2,8,1,102,0.1863,0.807,1.0,1.0
5,FakeManilaV2,8,2,204,0.1716,0.8276,0.0147,0.0205
5,FakeManilaV2,8,3,306,0.1732,0.8267,0.0016,0.0008
5,FakeManilaV2,8,4,408,0.1814,0.8186,0.0082,0.0081
5,FakeManilaV2,8,5,510,0.1843,0.8155,0.0029,0.0032
5,FakeManilaV2,8,6,612,0.1814,0.8181,0.0029,0.0027
5,FakeManilaV2,8,7,714,0.1821,0.8175,0.0007,0.0006
5,FakeManilaV2,8,8,816,0.1863,0.813,0.0042,0.0045
5,FakeManilaV2,8,9,918,0.1863,0.8133,0.0,0.0003
5,FakeManilaV2,8,10,1024,0.1875,0.8123,0.0012,0.001
5,FakeManilaV2,9,1,102,0.1373,0.8623,1.0,1.0
5,FakeManilaV2,9,2,204,0.1716,0.8278,0.0343,0.0345
5,FakeManilaV2,9,3,306,0.1863,0.8133,0.0147,0.0145
5,FakeManilaV2,9,4,408,0.1789,0.8211,0.0074,0.0077
5,FakeManilaV2,9,5,510,0.1961,0.8039,0.0172,0.0172
5,FakeManilaV2,9,6,612,0.1944,0.8055,0.0016,0.0016
5,FakeManilaV2,9,7,714,0.2017,0.7981,0.0072,0.0074
5,FakeManilaV2,9,8,816,0.1949,0.8049,0.0068,0.0068
5,FakeManilaV2,9,9,918,0.1906,0.809,0.0042,0.0042
5,FakeManilaV2,9,10,1024,0.1924,0.8072,0.0018,0.0018
5,FakeManilaV2,10,1,102,0.1667,0.8333,1.0,1.0
5,FakeManilaV2,10,2,204,0.1863,0.8135,0.0196,0.0198
5,FakeManilaV2,10,3,306,0.1797,0.8199,0.0065,0.0064
5,FakeManilaV2,10,4,408,0.1838,0.8159,0.0041,0.004
5,FakeManilaV2,10,5,510,0.1902,0.8094,0.0064,0.0065
5,FakeManilaV2,10,6,612,0.1961,0.8033,0.0059,0.0061
5,FakeManilaV2,10,7,714,0.1835,0.8162,0.0126,0.0129
5,FakeManilaV2,10,8,816,0.1875,0.8121,0.004,0.004
5,FakeManilaV2,10,9,918,0.1939,0.8056,0.0064,0.0065
5,FakeManilaV2,10,10,1024,0.1973,0.8024,0.0034,0.0031
5,FakeManilaV2,11,1,102,0.2549,0.745,1.0,1.0
5,FakeManilaV2,11,2,204,0.1912,0.8085,0.0637,0.0635
5,FakeManilaV2,11,3,306,0.2059,0.7938,0.0147,0.0146
5,FakeManilaV2,11,4,408,0.2181,0.7818,0.0123,0.012
5,FakeManilaV2,11,5,510,0.2118,0.7882,0.0064,0.0064
5,FakeManilaV2,11,6,612,0.2059,0.7941,0.0059,0.0059
5,FakeManilaV2,11,7,714,0.2031,0.7968,0.0028,0.0027
5,FakeManilaV2,11,8,816,0.1998,0.8002,0.0033,0.0033
5,FakeManilaV2,11,9,918,0.2015,0.7984,0.0018,0.0017
5,FakeManilaV2,11,10,1024,0.1934,0.8066,0.0082,0.0082
5,FakeManilaV2,12,1,102,0.1373,0.8623,1.0,1.0
5,FakeManilaV2,12,2,204,0.2108,0.7886,0.0735,0.0737
5,FakeManilaV2,12,3,306,0.1993,0.8006,0.0114,0.012
5,FakeManilaV2,12,4,408,0.1887,0.8111,0.0106,0.0104
5,FakeManilaV2,12,5,510,0.1804,0.8196,0.0083,0.0085
5,FakeManilaV2,12,6,612,0.1912,0.8088,0.0108,0.0108
5,FakeManilaV2,12,7,714,0.1849,0.8148,0.0063,0.006
5,FakeManilaV2,12,8,816,0.1875,0.8123,0.0026,0.0025
5,FakeManilaV2,12,9,918,0.1841,0.8159,0.0034,0.0036
5,FakeManilaV2,12,10,1024,0.1865,0.8134,0.0024,0.0025
5,FakeManilaV2,13,1,102,0.1863,0.8291,1.0,1.0
5,FakeManilaV2,13,2,204,0.1569,0.8358,0.0294,0.0067
5,FakeManilaV2,13,3,306,0.1536,0.8416,0.0033,0.0058
5,FakeManilaV2,13,4,408,0.1667,0.8295,0.0131,0.0121
5,FakeManilaV2,13,5,510,0.1647,0.8296,0.002,0.0001
5,FakeManilaV2,13,6,612,0.1634,0.8312,0.0013,0.0016
5,FakeManilaV2,13,7,714,0.1653,0.8302,0.0019,0.001
5,FakeManilaV2,13,8,816,0.1654,0.8308,0.0002,0.0007
5,FakeManilaV2,13,9,918,0.1743,0.8228,0.0089,0.008
5,FakeManilaV2,13,10,1024,0.1777,0.8189,0.0034,0.0039
5,FakeManilaV2,14,1,102,0.2549,0.743,1.0,1.0
5,FakeManilaV2,14,2,204,0.2157,0.7818,0.0392,0.0388
5,FakeManilaV2,14,3,306,0.2157,0.7804,0.0,0.0015
5,FakeManilaV2,14,4,408,0.2108,0.7852,0.0049,0.0048
5,FakeManilaV2,14,5,510,0.2039,0.7945,0.0069,0.0093
5,FakeManilaV2,14,6,612,0.2059,0.7928,0.002,0.0017
5,FakeManilaV2,14,7,714,0.1975,0.8018,0.0084,0.009
5,FakeManilaV2,14,8,816,0.1998,0.7999,0.0023,0.0019
5,FakeManilaV2,14,9,918,0.1917,0.8077,0.008,0.0078
5,FakeManilaV2,14,10,1024,0.1865,0.8129,0.0052,0.0052
5,FakeManilaV2,15,1,102,0.2255,0.7692,1.0,1.0
5,FakeManilaV2,15,2,204,0.2353,0.7639,0.0098,0.0053
5,FakeManilaV2,15,3,306,0.2255,0.7741,0.0098,0.0102
5,FakeManilaV2,15,4,408,0.2206,0.7791,0.0049,0.005
5,FakeManilaV2,15,5,510,0.2216,0.7783,0.001,0.0009
5,FakeManilaV2,15,6,612,0.2239,0.7758,0.0023,0.0024
5,FakeManilaV2,15,7,714,0.2087,0.7906,0.0152,0.0148
5,FakeManilaV2,15,8,816,0.2096,0.7894,0.0009,0.0013
5,FakeManilaV2,15,9,918,0.1993,0.799,0.0102,0.0096
5,FakeManilaV2,15,10,1024,0.2012,0.7981,0.0018,0.0009
5,FakeManilaV2,16,1,102,0.1667,0.8319,1.0,1.0
5,FakeManilaV2,16,2,204,0.1569,0.843,0.0098,0.0111
5,FakeManilaV2,16,3,306,0.1765,0.8227,0.0196,0.0203
5,FakeManilaV2,16,4,408,0.1936,0.8064,0.0172,0.0163
5,FakeManilaV2,16,5,510,0.1843,0.8156,0.0093,0.0092
5,FakeManilaV2,16,6,612,0.1912,0.8083,0.0069,0.0073
5,FakeManilaV2,16,7,714,0.1877,0.8123,0.0035,0.004
5,FakeManilaV2,16,8,816,0.1838,0.8161,0.0039,0.0039
5,FakeManilaV2,16,9,918,0.1928,0.8072,0.009,0.009
5,FakeManilaV2,16,10,1024,0.1895,0.8105,0.0034,0.0034
5,FakeManilaV2,17,1,102,0.2451,0.7546,1.0,1.0
5,FakeManilaV2,17,2,204,0.201,0.7984,0.0441,0.0438
5,FakeManilaV2,17,3,306,0.1895,0.8096,0.0114,0.0112
5,FakeManilaV2,17,4,408,0.1912,0.8078,0.0016,0.0019
5,FakeManilaV2,17,5,510,0.1804,0.8196,0.0108,0.0118
5,FakeManilaV2,17,6,612,0.1895,0.8103,0.0092,0.0092
5,FakeManilaV2,17,7,714,0.1905,0.8095,0.0009,0.0008
5,FakeManilaV2,17,8,816,0.1949,0.8051,0.0044,0.0044
5,FakeManilaV2,17,9,918,0.1895,0.8105,0.0053,0.0053
5,FakeManilaV2,17,10,1024,0.1914,0.8086,0.0019,0.0019
5,FakeManilaV2,18,1,102,0.2255,0.7692,1.0,1.0
5,FakeManilaV2,18,2,204,0.2108,0.7865,0.0147,0.0172
5,FakeManilaV2,18,3,306,0.2059,0.794,0.0049,0.0075
5,FakeManilaV2,18,4,408,0.2108,0.7887,0.0049,0.0052
5,FakeManilaV2,18,5,510,0.2039,0.7958,0.0069,0.007
5,FakeManilaV2,18,6,612,0.2042,0.7957,0.0003,0.0
5,FakeManilaV2,18,7,714,0.1919,0.8081,0.0124,0.0124
5,FakeManilaV2,18,8,816,0.1924,0.8076,0.0005,0.0005
5,FakeManilaV2,18,9,918,0.195,0.805,0.0026,0.0026
5,FakeManilaV2,18,10,1024,0.2021,0.7978,0.0072,0.0072
5,FakeManilaV2,19,1,102,0.1667,0.8249,1.0,1.0
5,FakeManilaV2,19,2,204,0.1716,0.8268,0.0049,0.0019
5,FakeManilaV2,19,3,306,0.1732,0.8265,0.0016,0.0003
5,FakeManilaV2,19,4,408,0.1691,0.8309,0.0041,0.0043
5,FakeManilaV2,19,5,510,0.1706,0.8294,0.0015,0.0015
5,FakeManilaV2,19,6,612,0.1683,0.8315,0.0023,0.0021
5,FakeManilaV2,19,7,714,0.1779,0.8215,0.0096,0.01
5,FakeManilaV2,19,8,816,0.1777,0.8217,0.0002,0.0003
5,FakeManilaV2,19,9,918,0.1765,0.8232,0.0012,0.0015
5,FakeManilaV2,19,10,1024,0.1865,0.8131,0.0101,0.0102
8,FakeManilaV2,0,1,50,0.165,0.9114,1.0,1.0
8,FakeManilaV2,0,2,100,0.1625,0.9603,0.0025,0.0488
8,FakeManilaV2,0,3,150,0.1292,0.9757,0.0333,0.0155
8,FakeManilaV2,0,4,200,0.1,0.9801,0.0292,0.0044
8,FakeManilaV2,0,5,250,0.079,0.9903,0.021,0.0102
8,FakeManilaV2,0,6,300,0.0575,0.994,0.0215,0.0037
8,FakeManilaV2,0,7,350,0.0604,0.9948,0.0029,0.0008
8,FakeManilaV2,0,8,400,0.065,0.9939,0.0046,0.0009
8,FakeManilaV2,0,9,450,0.0517,0.9959,0.0133,0.0021
8,FakeManilaV2,0,10,500,0.054,0.9964,0.0023,0.0004
8,FakeManilaV2,1,1,50,0.1675,0.9492,1.0,1.0
8,FakeManilaV2,1,2,100,0.1325,0.969,0.035,0.0198
8,FakeManilaV2,1,3,150,0.1333,0.9717,0.0008,0.0026
8,FakeManilaV2,1,4,200,0.125,0.9758,0.0083,0.0042
8,FakeManilaV2,1,5,250,0.108,0.9829,0.017,0.0071
8,FakeManilaV2,1,6,300,0.1125,0.9824,0.0045,0.0005
8,FakeManilaV2,1,7,350,0.1139,0.9819,0.0014,0.0005
8,FakeManilaV2,1,8,400,0.105,0.9848,0.0089,0.0028
8,FakeManilaV2,1,9,450,0.0847,0.9875,0.0203,0.0027
8,FakeManilaV2,1,10,500,0.0765,0.9887,0.0082,0.0012
8,FakeManilaV2,2,1,50,0.2475,0.9095,1.0,1.0
8,FakeManilaV2,2,2,100,0.1625,0.9635,0.085,0.0539
8,FakeManilaV2,2,3,150,0.1358,0.9663,0.0267,0.0028
8,FakeManilaV2,2,4,200,0.105,0.9829,0.0308,0.0166
8,FakeManilaV2,2,5,250,0.108,0.9808,0.003,0.002
8,FakeManilaV2,2,6,300,0.0808,0.9886,0.0272,0.0077
8,FakeManilaV2,2,7,350,0.085,0.9889,0.0042,0.0003
8,FakeManilaV2,2,8,400,0.07,0.9917,0.015,0.0028
8,FakeManilaV2,2,9,450,0.0783,0.9921,0.0083,0.0004
8,FakeManilaV2,2,10,500,0.081,0.9919,0.0027,0.0002
8,FakeManilaV2,3,1,50,0.2075,0.9316,1.0,1.0
8,FakeManilaV2,3,2,100,0.1175,0.9736,0.09,0.042
8,FakeManilaV2,3,3,150,0.0933,0.9832,0.0242,0.0097
8,FakeManilaV2,3,4,200,0.1,0.9763,0.0067,0.0069
8,FakeManilaV2,3,5,250,0.0815,0.9849,0.0185,0.0086
8,FakeManilaV2,3,6,300,0.0608,0.9923,0.0207,0.0074
8,FakeManilaV2,3,7,350,0.0575,0.9942,0.0033,0.0019
8,FakeManilaV2,3,8,400,0.0725,0.9913,0.015,0.0029
8,FakeManilaV2,3,9,450,0.0667,0.9926,0.0058,0.0014
8,FakeManilaV2,3,10,500,0.0705,0.9909,0.0038,0.0017
8,FakeManilaV2,4,1,50,0.1075,0.9745,1.0,1.0
8,FakeManilaV2,4,2,100,0.1425,0.9594,0.035,0.0151
8,FakeManilaV2,4,3,150,0.12,0.9714,0.0225,0.012
8,FakeManilaV2,4,4,200,0.095,0.9812,0.025,0.0098
8,FakeManilaV2,4,5,250,0.096,0.9862,0.001,0.005
8,FakeManilaV2,4,6,300,0.09,0.9896,0.006,0.0034
8,FakeManilaV2,4,7,350,0.08,0.9917,0.01,0.0021
8,FakeManilaV2,4,8,400,0.0625,0.9943,0.0175,0.0027
8,FakeManilaV2,4,9,450,0.0581,0.9952,0.0044,0.0008
8,FakeManilaV2,4,10,500,0.0685,0.9933,0.0104,0.0018
8,FakeManilaV2,5,1,50,0.1625,0.9086,1.0,1.0
8,FakeManilaV2,5,2,100,0.1175,0.976,0.045,0.0674
8,FakeManilaV2,5,3,150,0.1317,0.9697,0.0142,0.0064
8,FakeManilaV2,5,4,200,0.105,0.979,0.0267,0.0094
8,FakeManilaV2,5,5,250,0.0855,0.9878,0.0195,0.0087
8,FakeManilaV2,5,6,300,0.095,0.9852,0.0095,0.0026
8,FakeManilaV2,5,7,350,0.0864,0.9864,0.0086,0.0012
8,FakeManilaV2,5,8,400,0.08,0.9887,0.0064,0.0023
8,FakeManilaV2,5,9,450,0.0728,0.9907,0.0072,0.002
8,FakeManilaV2,5,10,500,0.0745,0.991,0.0017,0.0004
8,FakeManilaV2,6,1,50,0.185,0.9376,1.0,1.0
8,FakeManilaV2,6,2,100,0.1425,0.9738,0.0425,0.0362
8,FakeManilaV2,6,3,150,0.145,0.9679,0.0025,0.0059
8,FakeManilaV2,6,4,200,0.1275,0.9747,0.0175,0.0068
8,FakeManilaV2,6,5,250,0.112,0.9824,0.0155,0.0077
8,FakeManilaV2,6,6,300,0.0883,0.9871,0.0237,0.0046
8,FakeManilaV2,6,7,350,0.0779,0.9906,0.0105,0.0035
8,FakeManilaV2,6,8,400,0.0775,0.9917,0.0004,0.0011
8,FakeManilaV2,6,9,450,0.0819,0.991,0.0044,0.0006
8,FakeManilaV2,6,10,500,0.064,0.9947,0.0179,0.0037
8,FakeManilaV2,7,1,50,0.1875,0.9343,1.0,1.0
8,FakeManilaV2,7,2,100,0.145,0.9459,0.0425,0.0116
8,FakeManilaV2,7,3,150,0.1333,0.9739,0.0117,0.028
8,FakeManilaV2,7,4,200,0.1275,0.9749,0.0058,0.001
8,FakeManilaV2,7,5,250,0.1135,0.9816,0.014,0.0067
8,FakeManilaV2,7,6,300,0.1108,0.9814,0.0027,0.0002
8,FakeManilaV2,7,7,350,0.0943,0.9874,0.0165,0.0061
8,FakeManilaV2,7,8,400,0.07,0.9932,0.0243,0.0057
8,FakeManilaV2,7,9,450,0.0711,0.9931,0.0011,0.0001
8,FakeManilaV2,7,10,500,0.0655,0.9939,0.0056,0.0008
8,FakeManilaV2,8,1,50,0.185,0.893,1.0,1.0
8,FakeManilaV2,8,2,100,0.1425,0.9551,0.0425,0.0621
8,FakeManilaV2,8,3,150,0.1017,0.9831,0.0408,0.028
8,FakeManilaV2,8,4,200,0.0975,0.9868,0.0042,0.0037
8,FakeManilaV2,8,5,250,0.072,0.9919,0.0255,0.0051
8,FakeManilaV2,8,6,300,0.0658,0.9924,0.0062,0.0005
8,FakeManilaV2,8,7,350,0.0604,0.992,0.0055,0.0003
8,FakeManilaV2,8,8,400,0.0725,0.9892,0.0121,0.0028
8,FakeManilaV2,8,9,450,0.0578,0.9934,0.0147,0.0041
8,FakeManilaV2,8,10,500,0.0545,0.9948,0.0033,0.0014
8,FakeManilaV2,9,1,50,0.3025,0.8034,1.0,1.0
8,FakeManilaV2,9,2,100,0.145,0.9597,0.1575,0.1563
8,FakeManilaV2,9,3,150,0.0917,0.9848,0.0533,0.0251
8,FakeManilaV2,9,4,200,0.0825,0.9877,0.0092,0.0029
8,FakeManilaV2,9,5,250,0.0935,0.9864,0.011,0.0014
8,FakeManilaV2,9,6,300,0.0767,0.9917,0.0168,0.0054
8,FakeManilaV2,9,7,350,0.0771,0.992,0.0005,0.0003
8,FakeManilaV2,9,8,400,0.055,0.9947,0.0221,0.0027
8,FakeManilaV2,9,9,450,0.06,0.9949,0.005,0.0002
8,FakeManilaV2,9,10,500,0.064,0.9947,0.004,0.0002
8,FakeManilaV2,10,1,50,0.17,0.9388,1.0,1.0
8,FakeManilaV2,10,2,100,0.1575,0.957,0.0125,0.0182
8,FakeManilaV2,10,3,150,0.1133,0.976,0.0442,0.019
8,FakeManilaV2,10,4,200,0.12,0.9768,0.0067,0.0008
8,FakeManilaV2,10,5,250,0.111,0.979,0.009,0.0022
8,FakeManilaV2,10,6,300,0.1017,0.983,0.0093,0.004
8,FakeManilaV2,10,7,350,0.0979,0.9867,0.0038,0.0037
8,FakeManilaV2,10,8,400,0.0825,0.9886,0.0154,0.0018
8,FakeManilaV2,10,9,450,0.0775,0.9898,0.005,0.0012
8,FakeManilaV2,10,10,500,0.0685,0.9922,0.009,0.0024
8,FakeManilaV2,11,1,50,0.185,0.946,1.0,1.0
8,FakeManilaV2,11,2,100,0.1525,0.964,0.0325,0.018
8,FakeManilaV2,11,3,150,0.1292,0.9737,0.0233,0.0097
8,FakeManilaV2,11,4,200,0.1025,0.9852,0.0267,0.0115
8,FakeManilaV2,11,5,250,0.097,0.986,0.0055,0.0008
8,FakeManilaV2,11,6,300,0.0933,0.9879,0.0037,0.002
8,FakeManilaV2,11,7,350,0.0882,0.9889,0.0051,0.001
8,FakeManilaV2,11,8,400,0.0875,0.9903,0.0007,0.0014
8,FakeManilaV2,11,9,450,0.0717,0.9929,0.0158,0.0026
8,FakeManilaV2,11,10,500,0.0585,0.9954,0.0132,0.0025
8,FakeManilaV2,12,1,50,0.1875,0.9011,1.0,1.0
8,FakeManilaV2,12,2,100,0.17,0.9573,0.0175,0.0562
8,FakeManilaV2,12,3,150,0.1175,0.9785,0.0525,0.0212
8,FakeManilaV2,12,4,200,0.085,0.9885,0.0325,0.01
8,FakeManilaV2,12,5,250,0.099,0.9859,0.014,0.0026
8,FakeManilaV2,12,6,300,0.0858,0.9878,0.0132,0.0019
8,FakeManilaV2,12,7,350,0.0686,0.9924,0.0173,0.0046
8,FakeManilaV2,12,8,400,0.065,0.9931,0.0036,0.0008
8,FakeManilaV2,12,9,450,0.0644,0.993,0.0006,0.0001
8,FakeManilaV2,12,10,500,0.0625,0.9934,0.0019,0.0003
8,FakeManilaV2,13,1,50,0.205,0.894,1.0,1.0
8,FakeManilaV2,13,2,100,0.1325,0.9759,0.0725,0.0819
8,FakeManilaV2,13,3,150,0.1242,0.9762,0.0083,0.0004
8,FakeManilaV2,13,4,200,0.105,0.9785,0.0192,0.0023
8,FakeManilaV2,13,5,250,0.0855,0.9882,0.0195,0.0097
8,FakeManilaV2,13,6,300,0.0825,0.9883,0.003,0.0001
8,FakeManilaV2,13,7,350,0.0779,0.9884,0.0046,0.0
8,FakeManilaV2,13,8,400,0.065,0.9915,0.0129,0.0032
8,FakeManilaV2,13,9,450,0.08,0.99,0.015,0.0015
8,FakeManilaV2,13,10,500,0.0885,0.989,0.0085,0.001
8,FakeManilaV2,14,1,50,0.245,0.9193,1.0,1.0
8,FakeManilaV2,14,2,100,0.15,0.9697,0.095,0.0504
8,FakeManilaV2,14,3,150,0.1333,0.9746,0.0167,0.0049
8,FakeManilaV2,14,4,200,0.1325,0.9736,0.0008,0.001
8,FakeManilaV2,14,5,250,0.112,0.979,0.0205,0.0054
8,FakeManilaV2,14,6,300,0.1033,0.9841,0.0087,0.0051
8,FakeManilaV2,14,7,350,0.1004,0.9842,0.003,0.0001
8,FakeManilaV2,14,8,400,0.0925,0.9865,0.0079,0.0023
8,FakeManilaV2,14,9,450,0.0867,0.9865,0.0058,0.0
8,FakeManilaV2,14,10,500,0.072,0.9883,0.0147,0.0018
8,FakeManilaV2,15,1,50,0.26,0.904,1.0,1.0
8,FakeManilaV2,15,2,100,0.1875,0.949,0.0725,0.045
8,FakeManilaV2,15,3,150,0.1675,0.9572,0.02,0.0082
8,FakeManilaV2,15,4,200,0.1575,0.962,0.01,0.0048
8,FakeManilaV2,15,5,250,0.1225,0.9757,0.035,0.0137
8,FakeManilaV2,15,6,300,0.1133,0.9796,0.0092,0.0039
8,FakeManilaV2,15,7,350,0.0971,0.9837,0.0162,0.004
8,FakeManilaV2,15,8,400,0.0975,0.9838,0.0004,0.0001
8,FakeManilaV2,15,9,450,0.0842,0.9856,0.0133,0.0018
8,FakeManilaV2,15,10,500,0.0815,0.9862,0.0027,0.0006
8,FakeManilaV2,16,1,50,0.1825,0.9031,1.0,1.0
8,FakeManilaV2,16,2,100,0.17,0.9532,0.0125,0.0501
8,FakeManilaV2,16,3,150,0.1133,0.9816,0.0567,0.0284
8,FakeManilaV2,16,4,200,0.105,0.9818,0.0083,0.0003
8,FakeManilaV2,16,5,250,0.0865,0.9878,0.0185,0.006
8,FakeManilaV2,16,6,300,0.08,0.992,0.0065,0.0041
8,FakeManilaV2,16,7,350,0.0943,0.9889,0.0143,0.0031
8,FakeManilaV2,16,8,400,0.09,0.9879,0.0043,0.001
8,FakeManilaV2,16,9,450,0.0825,0.9892,0.0075,0.0012
8,FakeManilaV2,16,10,500,0.0815,0.9896,0.001,0.0004
8,FakeManilaV2,17,1,50,0.2675,0.9025,1.0,1.0
8,FakeManilaV2,17,2,100,0.16,0.9645,0.1075,0.062
8,FakeManilaV2,17,3,150,0.1667,0.9565,0.0067,0.008
8,FakeManilaV2,17,4,200,0.1275,0.9757,0.0392,0.0192
8,FakeManilaV2,17,5,250,0.104,0.983,0.0235,0.0073
8,FakeManilaV2,17,6,300,0.0825,0.9883,0.0215,0.0053
8,FakeManilaV2,17,7,350,0.0796,0.9907,0.0029,0.0024
8,FakeManilaV2,17,8,400,0.0725,0.9918,0.0071,0.001
8,FakeManilaV2,17,9,450,0.0681,0.9923,0.0044,0.0006
8,FakeManilaV2,17,10,500,0.069,0.9933,0.0009,0.001
8,FakeManilaV2,18,1,50,0.1625,0.9552,1.0,1.0
8,FakeManilaV2,18,2,100,0.135,0.971,0.0275,0.0158
8,FakeManilaV2,18,3,150,0.1558,0.9661,0.0208,0.0049
8,FakeManilaV2,18,4,200,0.1475,0.9646,0.0083,0.0015
8,FakeManilaV2,18,5,250,0.12,0.9785,0.0275,0.0139
8,FakeManilaV2,18,6,300,0.1092,0.9813,0.0108,0.0028
8,FakeManilaV2,18,7,350,0.0807,0.9884,0.0285,0.0071
8,FakeManilaV2,18,8,400,0.07,0.992,0.0107,0.0036
8,FakeManilaV2,18,9,450,0.0686,0.9926,0.0014,0.0007
8,FakeManilaV2,18,10,500,0.0655,0.9926,0.0031,0.0
8,FakeManilaV2,19,1,50,0.2075,0.8428,1.0,1.0
8,FakeManilaV2,19,2,100,0.1625,0.9552,0.045,0.1124
8,FakeManilaV2,19,3,150,0.1492,0.9658,0.0133,0.0106
8,FakeManilaV2,19,4,200,0.105,0.9826,0.0442,0.0168
8,FakeManilaV2,19,5,250,0.0785,0.9907,0.0265,0.0081
8,FakeManilaV2,19,6,300,0.0775,0.9905,0.001,0.0002
8,FakeManilaV2,19,7,350,0.0746,0.9912,0.0029,0.0008
8,FakeManilaV2,19,8,400,0.0725,0.9924,0.0021,0.0012
8,FakeManilaV2,19,9,450,0.0669,0.9935,0.0056,0.0011
8,FakeManilaV2,19,10,500,0.066,0.9933,0.0009,0.0002
15,FakeManilaV2,0,1,100,0.18,0.8149,1.0,1.0
15,FakeManilaV2,0,2,200,0.155,0.8399,0.025,0.025
15,FakeManilaV2,0,3,300,0.15,0.8468,0.005,0.0068
15,FakeManilaV2,0,4,400,0.1525,0.847,0.0025,0.0002
15,FakeManilaV2,0,5,500,0.146,0.8535,0.0065,0.0066
15,FakeManilaV2,0,6,600,0.14,0.8596,0.006,0.006
15,FakeManilaV2,0,7,700,0.1429,0.8566,0.0029,0.0029
15,FakeManilaV2,0,8,800,0.1437,0.8556,0.0009,0.001
15,FakeManilaV2,0,9,900,0.1367,0.8626,0.0071,0.0069
15,FakeManilaV2,0,10,1000,0.131,0.8683,0.0057,0.0058
15,FakeManilaV2,1,1,100,0.17,0.8516,1.0,1.0
15,FakeManilaV2,1,2,200,0.13,0.8667,0.04,0.0151
15,FakeManilaV2,1,3,300,0.13,0.8709,0.0,0.0042
15,FakeManilaV2,1,4,400,0.1225,0.8767,0.0075,0.0058
15,FakeManilaV2,1,5,500,0.118,0.886,0.0045,0.0094
15,FakeManilaV2,1,6,600,0.1067,0.8936,0.0113,0.0075
15,FakeManilaV2,1,7,700,0.1014,0.8985,0.0052,0.0049
15,FakeManilaV2,1,8,800,0.115,0.8835,0.0136,0.015
15,FakeManilaV2,1,9,900,0.1156,0.8829,0.0006,0.0007
15,FakeManilaV2,1,10,1000,0.11,0.8889,0.0056,0.0061
15,FakeManilaV2,2,1,100,0.13,0.9003,1.0,1.0
15,FakeManilaV2,2,2,200,0.155,0.8853,0.025,0.015
15,FakeManilaV2,2,3,300,0.1533,0.8805,0.0017,0.0049
15,FakeManilaV2,2,4,400,0.1375,0.8893,0.0158,0.0088
15,FakeManilaV2,2,5,500,0.126,0.888,0.0115,0.0013
15,FakeManilaV2,2,6,600,0.125,0.8792,0.001,0.0088
15,FakeManilaV2,2,7,700,0.1214,0.8792,0.0036,0.0
15,FakeManilaV2,2,8,800,0.12,0.8788,0.0014,0.0005
15,FakeManilaV2,2,9,900,0.1189,0.8803,0.0011,0.0015
15,FakeManilaV2,2,10,1000,0.116,0.8829,0.0029,0.0026
15,FakeManilaV2,3,1,100,0.16,0.849,1.0,1.0
15,FakeManilaV2,3,2,200,0.165,0.8365,0.005,0.0125
15,FakeManilaV2,3,3,300,0.1533,0.8458,0.0117,0.0093
15,FakeManilaV2,3,4,400,0.155,0.8447,0.0017,0.0011
15,FakeManilaV2,3,5,500,0.156,0.8434,0.001,0.0013
15,FakeManilaV2,3,6,600,0.145,0.8536,0.011,0.0102
15,FakeManilaV2,3,7,700,0.1429,0.856,0.0021,0.0024
15,FakeManilaV2,3,8,800,0.1475,0.8515,0.0046,0.0045
15,FakeManilaV2,3,9,900,0.1467,0.8527,0.0008,0.0012
15,FakeManilaV2,3,10,1000,0.149,0.8501,0.0023,0.0026
15,FakeManilaV2,4,1,100,0.07,0.9297,1.0,1.0
15,FakeManilaV2,4,2,200,0.085,0.9148,0.015,0.0149
15,FakeManilaV2,4,3,300,0.1033,0.8959,0.0183,0.0189
15,FakeManilaV2,4,4,400,0.1175,0.8822,0.0142,0.0137
15,FakeManilaV2,4,5,500,0.126,0.8739,0.0085,0.0083
15,FakeManilaV2,4,6,600,0.1217,0.8778,0.0043,0.0039
15,FakeManilaV2,4,7,700,0.1129,0.8869,0.0088,0.0091
15,FakeManilaV2,4,8,800,0.115,0.8845,0.0021,0.0024
15,FakeManilaV2,4,9,900,0.1178,0.8818,0.0028,0.0027
15,FakeManilaV2,4,10,1000,0.12,0.8797,0.0022,0.0021
15,FakeManilaV2,5,1,100,0.16,0.8976,1.0,1.0
15,FakeManilaV2,5,2,200,0.14,0.8679,0.02,0.0297
15,FakeManilaV2,5,3,300,0.1167,0.9014,0.0233,0.0335
15,FakeManilaV2,5,4,400,0.115,0.8832,0.0017,0.0182
15,FakeManilaV2,5,5,500,0.11,0.8886,0.005,0.0053
15,FakeManilaV2,5,6,600,0.1183,0.8806,0.0083,0.0079
15,FakeManilaV2,5,7,700,0.1229,0.8756,0.0045,0.0051
15,FakeManilaV2,5,8,800,0.12,0.879,0.0029,0.0034
15,FakeManilaV2,5,9,900,0.12,0.8793,0.0,0.0003
15,FakeManilaV2,5,10,1000,0.118,0.8812,0.002,0.0019
15,FakeManilaV2,6,1,100,0.13,0.8683,1.0,1.0
15,FakeManilaV2,6,2,200,0.175,0.8246,0.045,0.0437
15,FakeManilaV2,6,3,300,0.1533,0.8449,0.0217,0.0203
15,FakeManilaV2,6,4,400,0.1525,0.8586,0.0008,0.0137
15,FakeManilaV2,6,5,500,0.14,0.8575,0.0125,0.001
15,FakeManilaV2,6,6,600,0.1383,0.8584,0.0017,0.0009
15,FakeManilaV2,6,7,700,0.1486,0.854,0.0102,0.0044
15,FakeManilaV2,6,8,800,0.14,0.8574,0.0086,0.0033
15,FakeManilaV2,6,9,900,0.1444,0.8536,0.0044,0.0038
15,FakeManilaV2,6,10,1000,0.147,0.8512,0.0026,0.0024
15,FakeManilaV2,7,1,100,0.12,0.8789,1.0,1.0
15,FakeManilaV2,7,2,200,0.14,0.8568,0.02,0.0221
15,FakeManilaV2,7,3,300,0.1467,0.8692,0.0067,0.0124
15,FakeManilaV2,7,4,400,0.12,0.8855,0.0267,0.0164
15,FakeManilaV2,7,5,500,0.122,0.8821,0.002,0.0034
15,FakeManilaV2,7,6,600,0.1367,0.8708,0.0147,0.0113
15,FakeManilaV2,7,7,700,0.1257,0.8728,0.011,0.002
15,FakeManilaV2,7,8,800,0.1287,0.8703,0.003,0.0024
15,FakeManilaV2,7,9,900,0.1344,0.8651,0.0057,0.0052
15,FakeManilaV2,7,10,1000,0.129,0.8703,0.0054,0.0051
15,FakeManilaV2,8,1,100,0.11,0.9155,1.0,1.0
15,FakeManilaV2,8,2,200,0.085,0.9176,0.025,0.0021
15,FakeManilaV2,8,3,300,0.08,0.9199,0.005,0.0022
15,FakeManilaV2,8,4,400,0.0925,0.9066,0.0125,0.0133
15,FakeManilaV2,8,5,500,0.1,0.8985,0.0075,0.0081
15,FakeManilaV2,8,6,600,0.1083,0.8891,0.0083,0.0094
15,FakeManilaV2,8,7,700,0.1129,0.8859,0.0045,0.0032
15,FakeManilaV2,8,8,800,0.115,0.8839,0.0021,0.002
15,FakeManilaV2,8,9,900,0.1078,0.8918,0.0072,0.0079
15,FakeManilaV2,8,10,1000,0.114,0.8857,0.0062,0.0061
15,FakeManilaV2,9,1,100,0.18,0.8176,1.0,1.0
15,FakeManilaV2,9,2,200,0.18,0.8158,0.0,0.0018
15,FakeManilaV2,9,3,300,0.1667,0.8328,0.0133,0.017
15,FakeManilaV2,9,4,400,0.1475,0.8524,0.0192,0.0196
15,FakeManilaV2,9,5,500,0.14,0.8599,0.0075,0.0075
15,FakeManilaV2,9,6,600,0.13,0.8698,0.01,0.0099
15,FakeManilaV2,9,7,700,0.1343,0.8651,0.0043,0.0047
15,FakeManilaV2,9,8,800,0.1337,0.8657,0.0005,0.0005
15,FakeManilaV2,9,9,900,0.1289,0.8708,0.0049,0.0052
15,FakeManilaV2,9,10,1000,0.126,0.8735,0.0029,0.0027
15,FakeManilaV2,10,1,100,0.18,0.8086,1.0,1.0
15,FakeManilaV2,10,2,200,0.195,0.8033,0.015,0.0053
15,FakeManilaV2,10,3,300,0.1833,0.8158,0.0117,0.0125
15,FakeManilaV2,10,4,400,0.1775,0.822,0.0058,0.0063
15,FakeManilaV2,10,5,500,0.17,0.8295,0.0075,0.0074
15,FakeManilaV2,10,6,600,0.1567,0.8431,0.0133,0.0136
15,FakeManilaV2,10,7,700,0.1457,0.8542,0.011,0.0111
15,FakeManilaV2,10,8,800,0.1437,0.8559,0.002,0.0017
15,FakeManilaV2,10,9,900,0.1433,0.856,0.0004,0.0001
15,FakeManilaV2,10,10,1000,0.137,0.8624,0.0063,0.0063
15,FakeManilaV2,11,1,100,0.17,0.8267,1.0,1.0
15,FakeManilaV2,11,2,200,0.145,0.8542,0.025,0.0276
15,FakeManilaV2,11,3,300,0.15,0.8488,0.005,0.0055
15,FakeManilaV2,11,4,400,0.155,0.8435,0.005,0.0053
15,FakeManilaV2,11,5,500,0.16,0.8396,0.005,0.0039
15,FakeManilaV2,11,6,600,0.1467,0.8531,0.0133,0.0135
15,FakeManilaV2,11,7,700,0.1443,0.8554,0.0024,0.0023
15,FakeManilaV2,11,8,800,0.1362,0.8637,0.008,0.0083
15,FakeManilaV2,11,9,900,0.1356,0.8643,0.0007,0.0006
15,FakeManilaV2,11,10,1000,0.137,0.8627,0.0014,0.0015
15,FakeManilaV2,12,1,100,0.13,0.9121,1.0,1.0
15,FakeManilaV2,12,2,200,0.14,0.8671,0.01,0.045
15,FakeManilaV2,12,3,300,0.1333,0.8742,0.0067,0.0071
15,FakeManilaV2,12,4,400,0.1175,0.8881,0.0158,0.0139
15,FakeManilaV2,12,5,500,0.124,0.8746,0.0065,0.0135
15,FakeManilaV2,12,6,600,0.1233,0.8755,0.0007,0.0009
15,FakeManilaV2,12,7,700,0.1271,0.8715,0.0038,0.004
15,FakeManilaV2,12,8,800,0.1262,0.8727,0.0009,0.0012
15,FakeManilaV2,12,9,900,0.1278,0.8717,0.0015,0.001
15,FakeManilaV2,12,10,1000,0.124,0.8754,0.0038,0.0037
15,FakeManilaV2,13,1,100,0.22,0.8436,1.0,1.0
15,FakeManilaV2,13,2,200,0.165,0.8659,0.055,0.0223
15,FakeManilaV2,13,3,300,0.1433,0.8746,0.0217,0.0087
15,FakeManilaV2,13,4,400,0.12,0.8821,0.0233,0.0075
15,FakeManilaV2,13,5,500,0.12,0.8812,0.0,0.0009
15,FakeManilaV2,13,6,600,0.1267,0.8822,0.0067,0.001
15,FakeManilaV2,13,7,700,0.1286,0.8803,0.0019,0.0019
15,FakeManilaV2,13,8,800,0.1212,0.8807,0.0073,0.0005
15,FakeManilaV2,13,9,900,0.1178,0.8795,0.0035,0.0013
15,FakeManilaV2,13,10,1000,0.117,0.8804,0.0008,0.0009
15,FakeManilaV2,14,1,100,0.1,0.9321,1.0,1.0
15,FakeManilaV2,14,2,200,0.07,0.936,0.03,0.0039
15,FakeManilaV2,14,3,300,0.1,0.9244,0.03,0.0116
15,FakeManilaV2,14,4,400,0.1,0.9133,0.0,0.0111
15,FakeManilaV2,14,5,500,0.088,0.9182,0.012,0.0049
15,FakeManilaV2,14,6,600,0.09,0.9087,0.002,0.0095
15,FakeManilaV2,14,7,700,0.0986,0.9004,0.0086,0.0083
15,FakeManilaV2,14,8,800,0.1012,0.8981,0.0027,0.0023
15,FakeManilaV2,14,9,900,0.1044,0.8945,0.0032,0.0036
15,FakeManilaV2,14,10,1000,0.108,0.8911,0.0036,0.0034
15,FakeManilaV2,15,1,100,0.13,0.8671,1.0,1.0
15,FakeManilaV2,15,2,200,0.125,0.8726,0.005,0.0055
15,FakeManilaV2,15,3,300,0.14,0.8585,0.015,0.014
15,FakeManilaV2,15,4,400,0.135,0.8638,0.005,0.0052
15,FakeManilaV2,15,5,500,0.13,0.8693,0.005,0.0055
15,FakeManilaV2,15,6,600,0.135,0.8647,0.005,0.0046
15,FakeManilaV2,15,7,700,0.1343,0.8652,0.0007,0.0005
15,FakeManilaV2,15,8,800,0.1325,0.8668,0.0018,0.0016
15,FakeManilaV2,15,9,900,0.1267,0.8724,0.0058,0.0056
15,FakeManilaV2,15,10,1000,0.131,0.8686,0.0043,0.0038
15,FakeManilaV2,16,1,100,0.14,0.858,1.0,1.0
15,FakeManilaV2,16,2,200,0.115,0.8846,0.025,0.0266
15,FakeManilaV2,16,3,300,0.1233,0.8755,0.0083,0.0091
15,FakeManilaV2,16,4,400,0.115,0.8841,0.0083,0.0086
15,FakeManilaV2,16,5,500,0.13,0.8691,0.015,0.015
15,FakeManilaV2,16,6,600,0.1317,0.867,0.0017,0.002
15,FakeManilaV2,16,7,700,0.1329,0.8661,0.0012,0.0009
15,FakeManilaV2,16,8,800,0.1337,0.8658,0.0009,0.0003
15,FakeManilaV2,16,9,900,0.13,0.8699,0.0037,0.0041
15,FakeManilaV2,16,10,1000,0.137,0.8627,0.007,0.0072
15,FakeManilaV2,17,1,100,0.1,0.907,1.0,1.0
15,FakeManilaV2,17,2,200,0.11,0.8877,0.01,0.0193
15,FakeManilaV2,17,3,300,0.11,0.8888,0.0,0.0011
15,FakeManilaV2,17,4,400,0.13,0.8689,0.02,0.02
15,FakeManilaV2,17,5,500,0.122,0.8777,0.008,0.0089
15,FakeManilaV2,17,6,600,0.1183,0.8815,0.0037,0.0038
15,FakeManilaV2,17,7,700,0.1214,0.8784,0.0031,0.0031
15,FakeManilaV2,17,8,800,0.1337,0.866,0.0123,0.0124
15,FakeManilaV2,17,9,900,0.14,0.8596,0.0063,0.0064
15,FakeManilaV2,17,10,1000,0.134,0.8657,0.006,0.0061
15,FakeManilaV2,18,1,100,0.13,0.8981,1.0,1.0
15,FakeManilaV2,18,2,200,0.115,0.8869,0.015,0.0112
15,FakeManilaV2,18,3,300,0.1067,0.893,0.0083,0.0061
15,FakeManilaV2,18,4,400,0.1075,0.8914,0.0008,0.0017
15,FakeManilaV2,18,5,500,0.104,0.8955,0.0035,0.0041
15,FakeManilaV2,18,6,600,0.1017,0.8979,0.0023,0.0024
15,FakeManilaV2,18,7,700,0.1029,0.8969,0.0012,0.001
15,FakeManilaV2,18,8,800,0.1025,0.8972,0.0004,0.0003
15,FakeManilaV2,18,9,900,0.1033,0.8963,0.0008,0.0009
15,FakeManilaV2,18,10,1000,0.107,0.8927,0.0037,0.0036
15,FakeManilaV2,19,1,100,0.21,0.8265,1.0,1.0
15,FakeManilaV2,19,2,200,0.145,0.8662,0.065,0.0397
15,FakeManilaV2,19,3,300,0.1167,0.8883,0.0283,0.0221
15,FakeManilaV2,19,4,400,0.1225,0.88,0.0058,0.0083
15,FakeManilaV2,19,5,500,0.126,0.8851,0.0035,0.0051
15,FakeManilaV2,19,6,600,0.1217,0.886,0.0043,0.0008
15,FakeManilaV2,19,7,700,0.1286,0.8817,0.0069,0.0042
15,FakeManilaV2,19,8,800,0.1237,0.8793,0.0048,0.0024
15,FakeManilaV2,19,9,900,0.1233,0.8749,0.0004,0.0044
15,FakeManilaV2,19,10,1000,0.127,0.8716,0.0037,0.0034
16,FakeManilaV2,0,1,100,0.1,0.9875,1.0,1.0
16,FakeManilaV2,0,2,200,0.1,0.9863,0.0,0.0012
16,FakeManilaV2,0,3,300,0.0733,0.9914,0.0267,0.0051
16,FakeManilaV2,0,4,400,0.05,0.9967,0.0233,0.0053
16,FakeManilaV2,0,5,500,0.036,0.9981,0.014,0.0014
16,FakeManilaV2,0,6,600,0.03,0.9986,0.006,0.0005
16,FakeManilaV2,0,7,700,0.0329,0.9987,0.0029,0.0001
16,FakeManilaV2,0,8,800,0.0338,0.9985,0.0009,0.0002
16,FakeManilaV2,0,9,900,0.0378,0.9984,0.004,0.0001
16,FakeManilaV2,0,10,1000,0.029,0.999,0.0088,0.0007
16,FakeManilaV2,1,1,100,0.09,0.9854,1.0,1.0
16,FakeManilaV2,1,2,200,0.08,0.9919,0.01,0.0065
16,FakeManilaV2,1,3,300,0.05,0.9959,0.03,0.004
16,FakeManilaV2,1,4,400,0.0325,0.9986,0.0175,0.0028
16,FakeManilaV2,1,5,500,0.048,0.997,0.0155,0.0016
16,FakeManilaV2,1,6,600,0.0483,0.9969,0.0003,0.0002
16,FakeManilaV2,1,7,700,0.0443,0.9968,0.004,0.0
16,FakeManilaV2,1,8,800,0.0463,0.9968,0.002,0.0
16,FakeManilaV2,1,9,900,0.0522,0.9967,0.006,0.0001
16,FakeManilaV2,1,10,1000,0.048,0.9973,0.0042,0.0006
16,FakeManilaV2,2,1,100,0.05,0.996,1.0,1.0
16,FakeManilaV2,2,2,200,0.06,0.9948,0.01,0.0012
16,FakeManilaV2,2,3,300,0.0533,0.9946,0.0067,0.0002
16,FakeManilaV2,2,4,400,0.05,0.9965,0.0033,0.0019
16,FakeManilaV2,2,5,500,0.038,0.9982,0.012,0.0016
16,FakeManilaV2,2,6,600,0.0217,0.9993,0.0163,0.0011
16,FakeManilaV2,2,7,700,0.0214,0.9993,0.0002,0.0
16,FakeManilaV2,2,8,800,0.0163,0.9996,0.0052,0.0003
16,FakeManilaV2,2,9,900,0.0156,0.9997,0.0007,0.0001
16,FakeManilaV2,2,10,1000,0.019,0.9995,0.0034,0.0002
16,FakeManilaV2,3,1,100,0.06,0.9949,1.0,1.0
16,FakeManilaV2,3,2,200,0.06,0.9931,0.0,0.0017
16,FakeManilaV2,3,3,300,0.0467,0.9972,0.0133,0.004
16,FakeManilaV2,3,4,400,0.0325,0.9986,0.0142,0.0014
16,FakeManilaV2,3,5,500,0.026,0.9989,0.0065,0.0003
16,FakeManilaV2,3,6,600,0.0317,0.9985,0.0057,0.0004
16,FakeManilaV2,3,7,700,0.03,0.9988,0.0017,0.0003
16,FakeManilaV2,3,8,800,0.025,0.9991,0.005,0.0004
16,FakeManilaV2,3,9,900,0.0122,0.9998,0.0128,0.0007
16,FakeManilaV2,3,10,1000,0.018,0.9996,0.0058,0.0002
16,FakeManilaV2,4,1,100,0.04,0.9977,1.0,1.0
16,FakeManilaV2,4,2,200,0.02,0.9994,0.02,0.0018
16,FakeManilaV2,4,3,300,0.02,0.9996,0.0,0.0001
16,FakeManilaV2,4,4,400,0.0125,0.9998,0.0075,0.0002
16,FakeManilaV2,4,5,500,0.016,0.9996,0.0035,0.0002
16,FakeManilaV2,4,6,600,0.02,0.9995,0.004,0.0001
16,FakeManilaV2,4,7,700,0.0114,0.9998,0.0086,0.0003
16,FakeManilaV2,4,8,800,0.0237,0.9992,0.0123,0.0006
16,FakeManilaV2,4,9,900,0.0156,0.9996,0.0082,0.0004
16,FakeManilaV2,4,10,1000,0.018,0.9994,0.0024,0.0002
16,FakeManilaV2,5,1,100,0.06,0.9955,1.0,1.0
16,FakeManilaV2,5,2,200,0.055,0.9967,0.005,0.0012
16,FakeManilaV2,5,3,300,0.06,0.9961,0.005,0.0006
16,FakeManilaV2,5,4,400,0.0325,0.9983,0.0275,0.0022
16,FakeManilaV2,5,5,500,0.026,0.9988,0.0065,0.0005
16,FakeManilaV2,5,6,600,0.0217,0.9992,0.0043,0.0004
16,FakeManilaV2,5,7,700,0.03,0.9987,0.0083,0.0005
16,FakeManilaV2,5,8,800,0.0225,0.9993,0.0075,0.0006
16,FakeManilaV2,5,9,900,0.0144,0.9997,0.0081,0.0005
16,FakeManilaV2,5,10,1000,0.015,0.9997,0.0006,0.0
16,FakeManilaV2,6,1,100,0.04,0.9975,1.0,1.0
16,FakeManilaV2,6,2,200,0.035,0.9984,0.005,0.001
16,FakeManilaV2,6,3,300,0.0267,0.9992,0.0083,0.0008
16,FakeManilaV2,6,4,400,0.0275,0.9991,0.0008,0.0001
16,FakeManilaV2,6,5,500,0.022,0.9994,0.0055,0.0003
16,FakeManilaV2,6,6,600,0.025,0.9993,0.003,0.0001
16,FakeManilaV2,6,7,700,0.0271,0.9989,0.0021,0.0004
16,FakeManilaV2,6,8,800,0.0238,0.9991,0.0034,0.0001
16,FakeManilaV2,6,9,900,0.0211,0.9994,0.0026,0.0003
16,FakeManilaV2,6,10,1000,0.025,0.9993,0.0039,0.0001
16,FakeManilaV2,7,1,100,0.06,0.9961,1.0,1.0
16,FakeManilaV2,7,2,200,0.045,0.9978,0.015,0.0017
16,FakeManilaV2,7,3,300,0.0433,0.9975,0.0017,0.0004
16,FakeManilaV2,7,4,400,0.0375,0.9982,0.0058,0.0007
16,FakeManilaV2,7,5,500,0.034,0.9981,0.0035,0.0001
16,FakeManilaV2,7,6,600,0.0417,0.9976,0.0077,0.0005
16,FakeManilaV2,7,7,700,0.0329,0.9986,0.0088,0.001
16,FakeManilaV2,7,8,800,0.0262,0.999,0.0066,0.0004
16,FakeManilaV2,7,9,900,0.0233,0.9992,0.0029,0.0002
16,FakeManilaV2,7,10,1000,0.025,0.9991,0.0017,0.0001
16,FakeManilaV2,8,1,100,0.03,0.9986,1.0,1.0
16,FakeManilaV2,8,2,200,0.04,0.9974,0.01,0.0011
16,FakeManilaV2,8,3,300,0.0367,0.9986,0.0033,0.0012
16,FakeManilaV2,8,4,400,0.03,0.9988,0.0067,0.0002
16,FakeManilaV2,8,5,500,0.034,0.9986,0.004,0.0002
16,FakeManilaV2,8,6,600,0.0383,0.9978,0.0043,0.0008
16,FakeManilaV2,8,7,700,0.0286,0.9989,0.0098,0.0011
16,FakeManilaV2,8,8,800,0.0288,0.9989,0.0002,0.0
16,FakeManilaV2,8,9,900,0.0211,0.9993,0.0076,0.0004
16,FakeManilaV2,8,10,1000,0.017,0.9996,0.0041,0.0003
16,FakeManilaV2,9,1,100,0.11,0.9873,1.0,1.0
16,FakeManilaV2,9,2,200,0.065,0.9936,0.045,0.0063
16,FakeManilaV2,9,3,300,0.04,0.9977,0.025,0.004
16,FakeManilaV2,9,4,400,0.0175,0.9996,0.0225,0.0019
16,FakeManilaV2,9,5,500,0.016,0.9996,0.0015,0.0001
16,FakeManilaV2,9,6,600,0.01,0.9999,0.006,0.0002
16,FakeManilaV2,9,7,700,0.02,0.9994,0.01,0.0004
16,FakeManilaV2,9,8,800,0.015,0.9997,0.005,0.0003
16,FakeManilaV2,9,9,900,0.0122,0.9998,0.0028,0.0001
16,FakeManilaV2,9,10,1000,0.017,0.9996,0.0048,0.0002
16,FakeManilaV2,10,1,100,0.1,0.9882,1.0,1.0
16,FakeManilaV2,10,2,200,0.055,0.9967,0.045,0.0086
16,FakeManilaV2,10,3,300,0.04,0.9984,0.015,0.0016
16,FakeManilaV2,10,4,400,0.04,0.9979,0.0,0.0005
16,FakeManilaV2,10,5,500,0.036,0.9979,0.004,0.0
16,FakeManilaV2,10,6,600,0.0333,0.9986,0.0027,0.0007
16,FakeManilaV2,10,7,700,0.0214,0.9994,0.0119,0.0008
16,FakeManilaV2,10,8,800,0.02,0.9994,0.0014,0.0
16,FakeManilaV2,10,9,900,0.0244,0.9992,0.0044,0.0001
16,FakeManilaV2,10,10,1000,0.023,0.9992,0.0014,0.0
16,FakeManilaV2,11,1,100,0.01,0.9998,1.0,1.0
16,FakeManilaV2,11,2,200,0.05,0.9969,0.04,0.0029
16,FakeManilaV2,11,3,300,0.0533,0.9968,0.0033,0.0
16,FakeManilaV2,11,4,400,0.035,0.9987,0.0183,0.0019
16,FakeManilaV2,11,5,500,0.024,0.9992,0.011,0.0005
16,FakeManilaV2,11,6,600,0.0083,0.9999,0.0157,0.0007
16,FakeManilaV2,11,7,700,0.0243,0.9992,0.016,0.0008
16,FakeManilaV2,11,8,800,0.0112,0.9999,0.013,0.0007
16,FakeManilaV2,11,9,900,0.0111,0.9998,0.0001,0.0
16,FakeManilaV2,11,10,1000,0.01,0.9999,0.0011,0.0
16,FakeManilaV2,12,1,100,0.05,0.9956,1.0,1.0
16,FakeManilaV2,12,2,200,0.045,0.9973,0.005,0.0016
16,FakeManilaV2,12,3,300,0.04,0.9977,0.005,0.0004
16,FakeManilaV2,12,4,400,0.04,0.9977,0.0,0.0001
16,FakeManilaV2,12,5,500,0.034,0.9986,0.006,0.0008
16,FakeManilaV2,12,6,600,0.02,0.9994,0.014,0.0008
16,FakeManilaV2,12,7,700,0.0229,0.9994,0.0029,0.0
16,FakeManilaV2,12,8,800,0.02,0.9996,0.0029,0.0002
16,FakeManilaV2,12,9,900,0.0144,0.9998,0.0056,0.0002
16,FakeManilaV2,12,10,1000,0.021,0.9996,0.0066,0.0002
16,FakeManilaV2,13,1,100,0.12,0.9691,1.0,1.0
16,FakeManilaV2,13,2,200,0.09,0.9856,0.03,0.0165
16,FakeManilaV2,13,3,300,0.0867,0.9896,0.0033,0.004
16,FakeManilaV2,13,4,400,0.0575,0.9941,0.0292,0.0045
16,FakeManilaV2,13,5,500,0.064,0.9938,0.0065,0.0003
16,FakeManilaV2,13,6,600,0.06,0.9944,0.004,0.0006
16,FakeManilaV2,13,7,700,0.0586,0.9953,0.0014,0.0009
16,FakeManilaV2,13,8,800,0.0525,0.9963,0.0061,0.0011
16,FakeManilaV2,13,9,900,0.0444,0.9963,0.0081,0.0
16,FakeManilaV2,13,10,1000,0.046,0.9965,0.0016,0.0002
16,FakeManilaV2,14,1,100,0.04,0.9982,1.0,1.0
16,FakeManilaV2,14,2,200,0.07,0.9923,0.03,0.006
16,FakeManilaV2,14,3,300,0.0733,0.9919,0.0033,0.0004
16,FakeManilaV2,14,4,400,0.0725,0.9946,0.0008,0.0027
16,FakeManilaV2,14,5,500,0.05,0.9975,0.0225,0.0029
16,FakeManilaV2,14,6,600,0.0433,0.9978,0.0067,0.0003
16,FakeManilaV2,14,7,700,0.0357,0.9986,0.0076,0.0008
16,FakeManilaV2,14,8,800,0.0275,0.999,0.0082,0.0004
16,FakeManilaV2,14,9,900,0.0311,0.9985,0.0036,0.0004
16,FakeManilaV2,14,10,1000,0.032,0.9985,0.0009,0.0001
16,FakeManilaV2,15,1,100,0.03,0.9982,1.0,1.0
16,FakeManilaV2,15,2,200,0.055,0.9957,0.025,0.0025
16,FakeManilaV2,15,3,300,0.02,0.9995,0.035,0.0038
16,FakeManilaV2,15,4,400,0.025,0.9993,0.005,0.0002
16,FakeManilaV2,15,5,500,0.018,0.9995,0.007,0.0002
16,FakeManilaV2,15,6,600,0.0083,0.9999,0.0097,0.0004
16,FakeManilaV2,15,7,700,0.0157,0.9996,0.0074,0.0003
16,FakeManilaV2,15,8,800,0.02,0.9994,0.0043,0.0003
16,FakeManilaV2,15,9,900,0.0222,0.9993,0.0022,0.0001
16,FakeManilaV2,15,10,1000,0.012,0.9998,0.0102,0.0005
16,FakeManilaV2,16,1,100,0.07,0.993,1.0,1.0
16,FakeManilaV2,16,2,200,0.04,0.9982,0.03,0.0052
16,FakeManilaV2,16,3,300,0.0333,0.9988,0.0067,0.0006
16,FakeManilaV2,16,4,400,0.0525,0.9971,0.0192,0.0017
16,FakeManilaV2,16,5,500,0.034,0.9986,0.0185,0.0016
16,FakeManilaV2,16,6,600,0.0333,0.9984,0.0007,0.0002
16,FakeManilaV2,16,7,700,0.0229,0.9992,0.0105,0.0008
16,FakeManilaV2,16,8,800,0.0112,0.9998,0.0116,0.0006
16,FakeManilaV2,16,9,900,0.0033,1.0,0.0079,0.0002
16,FakeManilaV2,16,10,1000,0.004,1.0,0.0007,0.0
16,FakeManilaV2,17,1,100,0.04,0.998,1.0,1.0
16,FakeManilaV2,17,2,200,0.04,0.9977,0.0,0.0003
16,FakeManilaV2,17,3,300,0.04,0.9981,0.0,0.0004
16,FakeManilaV2,17,4,400,0.03,0.9984,0.01,0.0003
16,FakeManilaV2,17,5,500,0.018,0.9995,0.012,0.0011
16,FakeManilaV2,17,6,600,0.0067,0.9999,0.0113,0.0004
16,FakeManilaV2,17,7,700,0.01,0.9999,0.0033,0.0
16,FakeManilaV2,17,8,800,0.0088,0.9999,0.0013,0.0
16,FakeManilaV2,17,9,900,0.0178,0.9997,0.009,0.0002
16,FakeManilaV2,17,10,1000,0.026,0.9992,0.0082,0.0005
16,FakeManilaV2,18,1,100,0.1,0.9816,1.0,1.0
16,FakeManilaV2,18,2,200,0.06,0.9944,0.04,0.0128
16,FakeManilaV2,18,3,300,0.04,0.9984,0.02,0.0039
16,FakeManilaV2,18,4,400,0.03,0.9988,0.01,0.0005
16,FakeManilaV2,18,5,500,0.024,0.9993,0.006,0.0005
16,FakeManilaV2,18,6,600,0.025,0.9993,0.001,0.0001
16,FakeManilaV2,18,7,700,0.0186,0.9996,0.0064,0.0003
16,FakeManilaV2,18,8,800,0.01,0.9999,0.0086,0.0002
16,FakeManilaV2,18,9,900,0.0122,0.9998,0.0022,0.0001
16,FakeManilaV2,18,10,1000,0.011,0.9998,0.0012,0.0
16,FakeManilaV2,19,1,100,0.05,0.9956,1.0,1.0
16,FakeManilaV2,19,2,200,0.04,0.9977,0.01,0.0021
16,FakeManilaV2,19,3,300,0.0133,0.9997,0.0267,0.002
16,FakeManilaV2,19,4,400,0.0175,0.9996,0.0042,0.0001
16,FakeManilaV2,19,5,500,0.014,0.9997,0.0035,0.0001
16,FakeManilaV2,19,6,600,0.0167,0.9997,0.0027,0.0
16,FakeManilaV2,19,7,700,0.0257,0.9991,0.009,0.0005
16,FakeManilaV2,19,8,800,0.02,0.9996,0.0057,0.0004
16,FakeManilaV2,19,9,900,0.0178,0.9996,0.0022,0.0
16,FakeManilaV2,19,10,1000,0.02,0.9995,0.0022,0.0001
17,FakeManilaV2,0,1,102,0.1127,0.9517,1.0,1.0
17,FakeManilaV2,0,2,204,0.1127,0.9111,0.0,0.0407
17,FakeManilaV2,0,3,306,0.116,0.9042,0.0033,0.0069
17,FakeManilaV2,0,4,408,0.1103,0.9021,0.0057,0.0021
17,FakeManilaV2,0,5,510,0.099,0.9045,0.0113,0.0024
17,FakeManilaV2,0,6,612,0.0915,0.9077,0.0075,0.0032
17,FakeManilaV2,0,7,714,0.0896,0.9098,0.0019,0.0021
17,FakeManilaV2,0,8,816,0.098,0.9008,0.0084,0.009
17,FakeManilaV2,0,9,918,0.0959,0.9025,0.0022,0.0016
17,FakeManilaV2,0,10,1024,0.0977,0.9012,0.0018,0.0013
17,FakeManilaV2,1,1,102,0.0735,0.9398,1.0,1.0
17,FakeManilaV2,1,2,204,0.0833,0.9165,0.0098,0.0233
17,FakeManilaV2,1,3,306,0.1046,0.895,0.0212,0.0215
17,FakeManilaV2,1,4,408,0.0907,0.9088,0.0139,0.0138
17,FakeManilaV2,1,5,510,0.098,0.9013,0.0074,0.0075
17,FakeManilaV2,1,6,612,0.098,0.9012,0.0,0.0001
17,FakeManilaV2,1,7,714,0.1022,0.8969,0.0042,0.0043
17,FakeManilaV2,1,8,816,0.1042,0.8951,0.0019,0.0018
17,FakeManilaV2,1,9,918,0.1024,0.8969,0.0018,0.0018
17,FakeManilaV2,1,10,1024,0.1094,0.8903,0.007,0.0066
17,FakeManilaV2,2,1,102,0.1078,0.9209,1.0,1.0
17,FakeManilaV2,2,2,204,0.1373,0.9115,0.0294,0.0093
17,FakeManilaV2,2,3,306,0.116,0.9093,0.0212,0.0022
17,FakeManilaV2,2,4,408,0.1225,0.8932,0.0065,0.0162
17,FakeManilaV2,2,5,510,0.1147,0.8925,0.0078,0.0007
17,FakeManilaV2,2,6,612,0.1078,0.8908,0.0069,0.0018
17,FakeManilaV2,2,7,714,0.1022,0.8958,0.0056,0.005
17,FakeManilaV2,2,8,816,0.1017,0.8968,0.0005,0.0011
17,FakeManilaV2,2,9,918,0.1013,0.8979,0.0004,0.0011
17,FakeManilaV2,2,10,1024,0.1016,0.8978,0.0003,0.0001
17,FakeManilaV2,3,1,102,0.1324,0.895,1.0,1.0
17,FakeManilaV2,3,2,204,0.1078,0.8935,0.0245,0.0015
17,FakeManilaV2,3,3,306,0.1356,0.8657,0.0278,0.0278
17,FakeManilaV2,3,4,408,0.1176,0.8815,0.018,0.0158
17,FakeManilaV2,3,5,510,0.1137,0.8856,0.0039,0.004
17,FakeManilaV2,3,6,612,0.1095,0.8894,0.0042,0.0039
17,FakeManilaV2,3,7,714,0.105,0.8941,0.0044,0.0047
17,FakeManilaV2,3,8,816,0.1029,0.8962,0.0021,0.0021
17,FakeManilaV2,3,9,918,0.1078,0.8916,0.0049,0.0046
17,FakeManilaV2,3,10,1024,0.1064,0.8929,0.0014,0.0012
17,FakeManilaV2,4,1,102,0.0882,0.9456,1.0,1.0
17,FakeManilaV2,4,2,204,0.0392,0.9698,0.049,0.0241
17,FakeManilaV2,4,3,306,0.0474,0.9662,0.0082,0.0035
17,FakeManilaV2,4,4,408,0.0368,0.9749,0.0106,0.0087
17,FakeManilaV2,4,5,510,0.0549,0.9684,0.0181,0.0066
17,FakeManilaV2,4,6,612,0.0458,0.9694,0.0092,0.001
17,FakeManilaV2,4,7,714,0.0413,0.971,0.0044,0.0016
17,FakeManilaV2,4,8,816,0.0551,0.9679,0.0138,0.0031
17,FakeManilaV2,4,9,918,0.0452,0.9709,0.0099,0.003
17,FakeManilaV2,4,10,1024,0.0479,0.9689,0.0026,0.002
17,FakeManilaV2,5,1,102,0.0784,0.9215,1.0,1.0
17,FakeManilaV2,5,2,204,0.1176,0.8895,0.0392,0.032
17,FakeManilaV2,5,3,306,0.098,0.8998,0.0196,0.0103
17,FakeManilaV2,5,4,408,0.1078,0.8909,0.0098,0.0089
17,FakeManilaV2,5,5,510,0.1078,0.8915,0.0,0.0006
17,FakeManilaV2,5,6,612,0.1144,0.885,0.0065,0.0064
17,FakeManilaV2,5,7,714,0.1092,0.8899,0.0051,0.0049
17,FakeManilaV2,5,8,816,0.1042,0.8952,0.0051,0.0053
17,FakeManilaV2,5,9,918,0.1078,0.8918,0.0037,0.0033
17,FakeManilaV2,5,10,1024,0.1074,0.8922,0.0004,0.0003
17,FakeManilaV2,6,1,102,0.1569,0.8421,1.0,1.0
17,FakeManilaV2,6,2,204,0.1373,0.8602,0.0196,0.0181
17,FakeManilaV2,6,3,306,0.1405,0.8589,0.0033,0.0012
17,FakeManilaV2,6,4,408,0.1275,0.8714,0.0131,0.0124
17,FakeManilaV2,6,5,510,0.1294,0.8693,0.002,0.0021
17,FakeManilaV2,6,6,612,0.1307,0.8674,0.0013,0.0019
17,FakeManilaV2,6,7,714,0.1246,0.8721,0.0061,0.0047
17,FakeManilaV2,6,8,816,0.1225,0.8758,0.0021,0.0037
17,FakeManilaV2,6,9,918,0.1264,0.8725,0.0038,0.0033
17,FakeManilaV2,6,10,1024,0.1201,0.8791,0.0062,0.0066
17,FakeManilaV2,7,1,102,0.0882,0.9282,1.0,1.0
17,FakeManilaV2,7,2,204,0.1029,0.9187,0.0147,0.0095
17,FakeManilaV2,7,3,306,0.0931,0.9185,0.0098,0.0003
17,FakeManilaV2,7,4,408,0.098,0.9099,0.0049,0.0085
17,FakeManilaV2,7,5,510,0.1088,0.9037,0.0108,0.0062
17,FakeManilaV2,7,6,612,0.1193,0.8914,0.0105,0.0123
17,FakeManilaV2,7,7,714,0.1057,0.8937,0.0135,0.0022
17,FakeManilaV2,7,8,816,0.1042,0.8952,0.0016,0.0015
17,FakeManilaV2,7,9,918,0.098,0.9017,0.0061,0.0065
17,FakeManilaV2,7,10,1024,0.1016,0.898,0.0035,0.0037
17,FakeManilaV2,8,1,102,0.0784,0.9745,1.0,1.0
17,FakeManilaV2,8,2,204,0.0637,0.9751,0.0147,0.0006
17,FakeManilaV2,8,3,306,0.0719,0.9701,0.0082,0.0051
17,FakeManilaV2,8,4,408,0.0588,0.9752,0.0131,0.0052
17,FakeManilaV2,8,5,510,0.0569,0.9716,0.002,0.0037
17,FakeManilaV2,8,6,612,0.0605,0.9674,0.0036,0.0041
17,FakeManilaV2,8,7,714,0.0469,0.9735,0.0135,0.006
17,FakeManilaV2,8,8,816,0.0417,0.9742,0.0053,0.0008
17,FakeManilaV2,8,9,918,0.0387,0.9763,0.003,0.0021
17,FakeManilaV2,8,10,1024,0.0312,0.9751,0.0074,0.0012
17,FakeManilaV2,9,1,102,0.1078,0.9209,1.0,1.0
17,FakeManilaV2,9,2,204,0.1422,0.8855,0.0343,0.0353
17,FakeManilaV2,9,3,306,0.1422,0.8763,0.0,0.0093
17,FakeManilaV2,9,4,408,0.1127,0.8844,0.0294,0.0081
17,FakeManilaV2,9,5,510,0.1078,0.8911,0.0049,0.0067
17,FakeManilaV2,9,6,612,0.1176,0.8815,0.0098,0.0096
17,FakeManilaV2,9,7,714,0.1218,0.8772,0.0042,0.0043
17,FakeManilaV2,9,8,816,0.1176,0.8817,0.0042,0.0046
17,FakeManilaV2,9,9,918,0.1122,0.8873,0.0054,0.0055
17,FakeManilaV2,9,10,1024,0.1172,0.8823,0.005,0.005
17,FakeManilaV2,10,1,102,0.098,0.9632,1.0,1.0
17,FakeManilaV2,10,2,204,0.0392,0.9745,0.0588,0.0114
17,FakeManilaV2,10,3,306,0.0376,0.973,0.0016,0.0015
17,FakeManilaV2,10,4,408,0.0466,0.9767,0.009,0.0037
17,FakeManilaV2,10,5,510,0.0343,0.9759,0.0123,0.0008
17,FakeManilaV2,10,6,612,0.0441,0.9664,0.0098,0.0095
17,FakeManilaV2,10,7,714,0.0441,0.9681,0.0,0.0017
17,FakeManilaV2,10,8,816,0.0453,0.9693,0.0012,0.0012
17,FakeManilaV2,10,9,918,0.0359,0.9706,0.0094,0.0013
17,FakeManilaV2,10,10,1024,0.0342,0.9706,0.0018,0.0
17,FakeManilaV2,11,1,102,0.0931,0.9097,1.0,1.0
17,FakeManilaV2,11,2,204,0.1127,0.8867,0.0196,0.023
17,FakeManilaV2,11,3,306,0.1176,0.8814,0.0049,0.0053
17,FakeManilaV2,11,4,408,0.1152,0.8839,0.0025,0.0025
17,FakeManilaV2,11,5,510,0.1098,0.8901,0.0054,0.0063
17,FakeManilaV2,11,6,612,0.1111,0.8888,0.0013,0.0013
17,FakeManilaV2,11,7,714,0.1092,0.8907,0.0019,0.0018
17,FakeManilaV2,11,8,816,0.1091,0.8909,0.0002,0.0002
17,FakeManilaV2,11,9,918,0.1155,0.8845,0.0064,0.0064
17,FakeManilaV2,11,10,1024,0.1113,0.8886,0.0041,0.0041
17,FakeManilaV2,12,1,102,0.1176,0.9231,1.0,1.0
17,FakeManilaV2,12,2,204,0.1029,0.912,0.0147,0.0111
17,FakeManilaV2,12,3,306,0.0964,0.9129,0.0065,0.0009
17,FakeManilaV2,12,4,408,0.098,0.9086,0.0016,0.0043
17,FakeManilaV2,12,5,510,0.099,0.9139,0.001,0.0053
17,FakeManilaV2,12,6,612,0.098,0.9096,0.001,0.0044
17,FakeManilaV2,12,7,714,0.1001,0.9107,0.0021,0.0011
17,FakeManilaV2,12,8,816,0.0895,0.9113,0.0107,0.0006
17,FakeManilaV2,12,9,918,0.0882,0.9109,0.0012,0.0004
17,FakeManilaV2,12,10,1024,0.0908,0.9079,0.0026,0.003
17,FakeManilaV2,13,1,102,0.1618,0.8967,1.0,1.0
17,FakeManilaV2,13,2,204,0.152,0.8889,0.0098,0.0078
17,FakeManilaV2,13,3,306,0.1454,0.8925,0.0065,0.0036
17,FakeManilaV2,13,4,408,0.1348,0.8843,0.0106,0.0082
17,FakeManilaV2,13,5,510,0.1186,0.8918,0.0162,0.0075
17,FakeManilaV2,13,6,612,0.1324,0.882,0.0137,0.0098
17,FakeManilaV2,13,7,714,0.1324,0.8792,0.0,0.0027
17,FakeManilaV2,13,8,816,0.1287,0.8856,0.0037,0.0064
17,FakeManilaV2,13,9,918,0.1171,0.889,0.0116,0.0034
17,FakeManilaV2,13,10,1024,0.1211,0.888,0.004,0.0011
17,FakeManilaV2,14,1,102,0.0735,0.9298,1.0,1.0
17,FakeManilaV2,14,2,204,0.0686,0.9521,0.0049,0.0223
17,FakeManilaV2,14,3,306,0.0899,0.9431,0.0212,0.009
17,FakeManilaV2,14,4,408,0.0858,0.9555,0.0041,0.0124
17,FakeManilaV2,14,5,510,0.0647,0.9622,0.0211,0.0067
17,FakeManilaV2,14,6,612,0.0523,0.9659,0.0124,0.0037
17,FakeManilaV2,14,7,714,0.0462,0.9654,0.0061,0.0005
17,FakeManilaV2,14,8,816,0.0343,0.9699,0.0119,0.0045
17,FakeManilaV2,14,9,918,0.0359,0.9699,0.0016,0.0
17,FakeManilaV2,14,10,1024,0.0381,0.9697,0.0021,0.0002
17,FakeManilaV2,15,1,102,0.1275,0.9038,1.0,1.0
17,FakeManilaV2,15,2,204,0.1176,0.9007,0.0098,0.0031
17,FakeManilaV2,15,3,306,0.1095,0.8929,0.0082,0.0078
17,FakeManilaV2,15,4,408,0.098,0.9027,0.0114,0.0098
17,FakeManilaV2,15,5,510,0.0941,0.9053,0.0039,0.0026
17,FakeManilaV2,15,6,612,0.0948,0.9045,0.0007,0.0008
17,FakeManilaV2,15,7,714,0.1022,0.8969,0.0075,0.0076
17,FakeManilaV2,15,8,816,0.1127,0.8865,0.0105,0.0104
17,FakeManilaV2,15,9,918,0.1133,0.8855,0.0005,0.001
17,FakeManilaV2,15,10,1024,0.1104,0.8891,0.0029,0.0036
17,FakeManilaV2,16,1,102,0.0735,0.9841,1.0,1.0
17,FakeManilaV2,16,2,204,0.0392,0.9888,0.0343,0.0048
17,FakeManilaV2,16,3,306,0.0343,0.9855,0.0049,0.0033
17,FakeManilaV2,16,4,408,0.0515,0.9715,0.0172,0.014
17,FakeManilaV2,16,5,510,0.05,0.975,0.0015,0.0035
17,FakeManilaV2,16,6,612,0.0507,0.9754,0.0007,0.0005
17,FakeManilaV2,16,7,714,0.0504,0.9745,0.0002,0.0009
17,FakeManilaV2,16,8,816,0.0429,0.978,0.0075,0.0035
17,FakeManilaV2,16,9,918,0.037,0.9784,0.0059,0.0004
17,FakeManilaV2,16,10,1024,0.042,0.9793,0.005,0.0008
17,FakeManilaV2,17,1,102,0.1225,0.8892,1.0,1.0
17,FakeManilaV2,17,2,204,0.1324,0.8783,0.0098,0.0109
17,FakeManilaV2,17,3,306,0.1062,0.894,0.0261,0.0157
17,FakeManilaV2,17,4,408,0.1054,0.8934,0.0008,0.0006
17,FakeManilaV2,17,5,510,0.0961,0.9036,0.0093,0.0102
17,FakeManilaV2,17,6,612,0.0931,0.9067,0.0029,0.0031
17,FakeManilaV2,17,7,714,0.098,0.9019,0.0049,0.0049
17,FakeManilaV2,17,8,816,0.1005,0.8995,0.0025,0.0024
17,FakeManilaV2,17,9,918,0.1046,0.8953,0.0041,0.0042
17,FakeManilaV2,17,10,1024,0.1035,0.8962,0.0011,0.0009
17,FakeManilaV2,18,1,102,0.1324,0.8673,1.0,1.0
17,FakeManilaV2,18,2,204,0.1275,0.8686,0.0049,0.0013
17,FakeManilaV2,18,3,306,0.1438,0.8549,0.0163,0.0138
17,FakeManilaV2,18,4,408,0.1348,0.865,0.009,0.0101
17,FakeManilaV2,18,5,510,0.1235,0.8763,0.0113,0.0113
17,FakeManilaV2,18,6,612,0.1291,0.8709,0.0056,0.0054
17,FakeManilaV2,18,7,714,0.1261,0.8738,0.003,0.0029
17,FakeManilaV2,18,8,816,0.1238,0.8759,0.0023,0.0021
17,FakeManilaV2,18,9,918,0.1209,0.8789,0.0029,0.003
17,FakeManilaV2,18,10,1024,0.1182,0.8817,0.0028,0.0028
17,FakeManilaV2,19,1,102,0.0882,0.9897,1.0,1.0
17,FakeManilaV2,19,2,204,0.0539,0.9735,0.0343,0.0162
17,FakeManilaV2,19,3,306,0.0261,0.9801,0.0278,0.0065
17,FakeManilaV2,19,4,408,0.0221,0.9779,0.0041,0.0022
17,FakeManilaV2,19,5,510,0.0265,0.9764,0.0044,0.0015
17,FakeManilaV2,19,6,612,0.0343,0.9783,0.0078,0.0019
17,FakeManilaV2,19,7,714,0.0329,0.9784,0.0014,0.0001
17,FakeManilaV2,19,8,816,0.0306,0.9751,0.0023,0.0033
17,FakeManilaV2,19,9,918,0.0278,0.9769,0.0029,0.0018
17,FakeManilaV2,19,10,1024,0.0293,0.9753,0.0015,0.0016
18,FakeManilaV2,0,1,102,0.1569,0.8413,1.0,1.0
18,FakeManilaV2,0,2,204,0.1716,0.8246,0.0147,0.0167
18,FakeManilaV2,0,3,306,0.1601,0.8368,0.0114,0.0122
18,FakeManilaV2,0,4,408,0.152,0.847,0.0082,0.0102
18,FakeManilaV2,0,5,510,0.1471,0.8525,0.0049,0.0055
18,FakeManilaV2,0,6,612,0.1471,0.8522,0.0,0.0003
18,FakeManilaV2,0,7,714,0.1457,0.8541,0.0014,0.0018
18,FakeManilaV2,0,8,816,0.1434,0.8566,0.0023,0.0025
18,FakeManilaV2,0,9,918,0.1471,0.8529,0.0037,0.0037
18,FakeManilaV2,0,10,1024,0.1465,0.8535,0.0006,0.0006
18,FakeManilaV2,1,1,102,0.1373,0.8626,1.0,1.0
18,FakeManilaV2,1,2,204,0.1863,0.8137,0.049,0.0489
18,FakeManilaV2,1,3,306,0.1732,0.8268,0.0131,0.0131
18,FakeManilaV2,1,4,408,0.1642,0.8357,0.009,0.009
18,FakeManilaV2,1,5,510,0.149,0.8508,0.0152,0.0151
18,FakeManilaV2,1,6,612,0.1438,0.8559,0.0052,0.0051
18,FakeManilaV2,1,7,714,0.1429,0.8568,0.0009,0.0009
18,FakeManilaV2,1,8,816,0.1373,0.8623,0.0056,0.0055
18,FakeManilaV2,1,9,918,0.1362,0.8638,0.0011,0.0015
18,FakeManilaV2,1,10,1024,0.1436,0.8564,0.0074,0.0074
18,FakeManilaV2,2,1,102,0.1471,0.8516,1.0,1.0
18,FakeManilaV2,2,2,204,0.1618,0.8344,0.0147,0.0171
18,FakeManilaV2,2,3,306,0.1503,0.8489,0.0114,0.0144
18,FakeManilaV2,2,4,408,0.1422,0.8568,0.0082,0.008
18,FakeManilaV2,2,5,510,0.1431,0.8559,0.001,0.0009
18,FakeManilaV2,2,6,612,0.1373,0.8623,0.0059,0.0064
18,FakeManilaV2,2,7,714,0.1401,0.8596,0.0028,0.0027
18,FakeManilaV2,2,8,816,0.1397,0.8602,0.0004,0.0007
18,FakeManilaV2,2,9,918,0.1438,0.8562,0.0041,0.004
18,FakeManilaV2,2,10,1024,0.1426,0.8573,0.0012,0.0012
18,FakeManilaV2,3,1,102,0.1078,0.8919,1.0,1.0
18,FakeManilaV2,3,2,204,0.1324,0.8671,0.0245,0.0248
18,FakeManilaV2,3,3,306,0.1307,0.8692,0.0016,0.0021
18,FakeManilaV2,3,4,408,0.1471,0.8529,0.0163,0.0162
18,FakeManilaV2,3,5,510,0.1529,0.8471,0.0059,0.0059
18,FakeManilaV2,3,6,612,0.152,0.848,0.001,0.0009
18,FakeManilaV2,3,7,714,0.1555,0.8445,0.0035,0.0035
18,FakeManilaV2,3,8,816,0.1495,0.8505,0.006,0.0059
18,FakeManilaV2,3,9,918,0.1547,0.8453,0.0052,0.0052
18,FakeManilaV2,3,10,1024,0.1533,0.8467,0.0014,0.0014
18,FakeManilaV2,4,1,102,0.1765,0.8235,1.0,1.0
18,FakeManilaV2,4,2,204,0.1814,0.818,0.0049,0.0055
18,FakeManilaV2,4,3,306,0.1765,0.822,0.0049,0.0039
18,FakeManilaV2,4,4,408,0.1667,0.8323,0.0098,0.0103
18,FakeManilaV2,4,5,510,0.1569,0.8403,0.0098,0.008
18,FakeManilaV2,4,6,612,0.1618,0.8366,0.0049,0.0037
18,FakeManilaV2,4,7,714,0.1597,0.8386,0.0021,0.002
18,FakeManilaV2,4,8,816,0.1532,0.8451,0.0065,0.0064
18,FakeManilaV2,4,9,918,0.1601,0.8388,0.0069,0.0063
18,FakeManilaV2,4,10,1024,0.1523,0.847,0.0078,0.0082
18,FakeManilaV2,5,1,102,0.1765,0.8206,1.0,1.0
18,FakeManilaV2,5,2,204,0.1618,0.8366,0.0147,0.016
18,FakeManilaV2,5,3,306,0.1765,0.8232,0.0147,0.0134
18,FakeManilaV2,5,4,408,0.1838,0.8146,0.0074,0.0086
18,FakeManilaV2,5,5,510,0.1824,0.8165,0.0015,0.0019
18,FakeManilaV2,5,6,612,0.1846,0.8146,0.0023,0.0019
18,FakeManilaV2,5,7,714,0.1793,0.8198,0.0054,0.0052
18,FakeManilaV2,5,8,816,0.1752,0.8243,0.004,0.0045
18,FakeManilaV2,5,9,918,0.1732,0.8267,0.002,0.0025
18,FakeManilaV2,5,10,1024,0.1748,0.8252,0.0016,0.0015
18,FakeManilaV2,6,1,102,0.1275,0.8725,1.0,1.0
18,FakeManilaV2,6,2,204,0.1373,0.861,0.0098,0.0116
18,FakeManilaV2,6,3,306,0.134,0.8655,0.0033,0.0045
18,FakeManilaV2,6,4,408,0.125,0.8748,0.009,0.0093
18,FakeManilaV2,6,5,510,0.1412,0.8586,0.0162,0.0162
18,FakeManilaV2,6,6,612,0.1405,0.8591,0.0007,0.0005
18,FakeManilaV2,6,7,714,0.1401,0.8596,0.0005,0.0005
18,FakeManilaV2,6,8,816,0.1373,0.8623,0.0028,0.0027
18,FakeManilaV2,6,9,918,0.1394,0.8603,0.0022,0.002
18,FakeManilaV2,6,10,1024,0.1387,0.8612,0.0008,0.0009
18,FakeManilaV2,7,1,102,0.1765,0.8217,1.0,1.0
18,FakeManilaV2,7,2,204,0.1765,0.8212,0.0,0.0005
18,FakeManilaV2,7,3,306,0.183,0.8144,0.0065,0.0067
18,FakeManilaV2,7,4,408,0.1716,0.8261,0.0114,0.0117
18,FakeManilaV2,7,5,510,0.1706,0.828,0.001,0.0019
18,FakeManilaV2,7,6,612,0.1732,0.8248,0.0026,0.0032
18,FakeManilaV2,7,7,714,0.1639,0.8345,0.0093,0.0097
18,FakeManilaV2,7,8,816,0.1532,0.846,0.0107,0.0115
18,FakeManilaV2,7,9,918,0.1569,0.8428,0.0037,0.0032
18,FakeManilaV2,7,10,1024,0.1592,0.8403,0.0023,0.0025
18,FakeManilaV2,8,1,102,0.1078,0.8919,1.0,1.0
18,FakeManilaV2,8,2,204,0.1078,0.8915,0.0,0.0004
18,FakeManilaV2,8,3,306,0.1405,0.8593,0.0327,0.0322
18,FakeManilaV2,8,4,408,0.1275,0.8724,0.0131,0.0131
18,FakeManilaV2,8,5,510,0.1373,0.8621,0.0098,0.0103
18,FakeManilaV2,8,6,612,0.1405,0.8588,0.0033,0.0033
18,FakeManilaV2,8,7,714,0.1345,0.8653,0.0061,0.0065
18,FakeManilaV2,8,8,816,0.1299,0.8697,0.0046,0.0044
18,FakeManilaV2,8,9,918,0.1285,0.8713,0.0014,0.0016
18,FakeManilaV2,8,10,1024,0.1309,0.869,0.0023,0.0023
18,FakeManilaV2,9,1,102,0.1765,0.8231,1.0,1.0
18,FakeManilaV2,9,2,204,0.1373,0.8617,0.0392,0.0387
18,FakeManilaV2,9,3,306,0.1438,0.8556,0.0065,0.0061
18,FakeManilaV2,9,4,408,0.1593,0.8405,0.0155,0.0151
18,FakeManilaV2,9,5,510,0.1647,0.8348,0.0054,0.0056
18,FakeManilaV2,9,6,612,0.1683,0.8314,0.0036,0.0034
18,FakeManilaV2,9,7,714,0.1555,0.8445,0.0128,0.0131
18,FakeManilaV2,9,8,816,0.1507,0.8492,0.0047,0.0047
18,FakeManilaV2,9,9,918,0.146,0.854,0.0048,0.0048
18,FakeManilaV2,9,10,1024,0.1484,0.8516,0.0025,0.0024
18,FakeManilaV2,10,1,102,0.0882,0.9105,1.0,1.0
18,FakeManilaV2,10,2,204,0.1422,0.8575,0.0539,0.053
18,FakeManilaV2,10,3,306,0.1373,0.8627,0.0049,0.0052
18,FakeManilaV2,10,4,408,0.1299,0.8701,0.0074,0.0074
18,FakeManilaV2,10,5,510,0.1373,0.8627,0.0074,0.0074
18,FakeManilaV2,10,6,612,0.1373,0.8627,0.0,0.0
18,FakeManilaV2,10,7,714,0.1429,0.8571,0.0056,0.0056
18,FakeManilaV2,10,8,816,0.1373,0.8627,0.0056,0.0056
18,FakeManilaV2,10,9,918,0.1362,0.8638,0.0011,0.0011
18,FakeManilaV2,10,10,1024,0.1328,0.8672,0.0034,0.0034
18,FakeManilaV2,11,1,102,0.1176,0.8814,1.0,1.0
18,FakeManilaV2,11,2,204,0.1373,0.8605,0.0196,0.0209
18,FakeManilaV2,11,3,306,0.1275,0.8717,0.0098,0.0112
18,FakeManilaV2,11,4,408,0.1324,0.8666,0.0049,0.005
18,FakeManilaV2,11,5,510,0.1333,0.8666,0.001,0.0001
18,FakeManilaV2,11,6,612,0.1356,0.8644,0.0023,0.0022
18,FakeManilaV2,11,7,714,0.1401,0.8599,0.0044,0.0045
18,FakeManilaV2,11,8,816,0.1397,0.8603,0.0004,0.0004
18,FakeManilaV2,11,9,918,0.1362,0.8638,0.0035,0.0036
18,FakeManilaV2,11,10,1024,0.1396,0.8602,0.0035,0.0036
18,FakeManilaV2,12,1,102,0.1373,0.86,1.0,1.0
18,FakeManilaV2,12,2,204,0.1765,0.82,0.0392,0.04
18,FakeManilaV2,12,3,306,0.1634,0.8353,0.0131,0.0153
18,FakeManilaV2,12,4,408,0.1642,0.8343,0.0008,0.0011
18,FakeManilaV2,12,5,510,0.1725,0.827,0.0083,0.0073
18,FakeManilaV2,12,6,612,0.1634,0.8357,0.0092,0.0087
18,FakeManilaV2,12,7,714,0.1555,0.8433,0.0079,0.0076
18,FakeManilaV2,12,8,816,0.152,0.8471,0.0035,0.0038
18,FakeManilaV2,12,9,918,0.159,0.8405,0.0071,0.0066
18,FakeManilaV2,12,10,1024,0.1553,0.8439,0.0038,0.0034
18,FakeManilaV2,13,1,102,0.1471,0.8495,1.0,1.0
18,FakeManilaV2,13,2,204,0.1422,0.8541,0.0049,0.0046
18,FakeManilaV2,13,3,306,0.1307,0.8661,0.0114,0.012
18,FakeManilaV2,13,4,408,0.1422,0.8556,0.0114,0.0106
18,FakeManilaV2,13,5,510,0.151,0.8461,0.0088,0.0095
18,FakeManilaV2,13,6,612,0.1454,0.852,0.0056,0.006
18,FakeManilaV2,13,7,714,0.1401,0.8576,0.0054,0.0056
18,FakeManilaV2,13,8,816,0.1311,0.8669,0.0089,0.0093
18,FakeManilaV2,13,9,918,0.134,0.8647,0.0029,0.0023
18,FakeManilaV2,13,10,1024,0.1338,0.8646,0.0002,0.0001
18,FakeManilaV2,14,1,102,0.1275,0.8703,1.0,1.0
18,FakeManilaV2,14,2,204,0.152,0.8468,0.0245,0.0235
18,FakeManilaV2,14,3,306,0.1373,0.86,0.0147,0.0131
18,FakeManilaV2,14,4,408,0.1495,0.8459,0.0123,0.0141
18,FakeManilaV2,14,5,510,0.1608,0.8368,0.0113,0.0091
18,FakeManilaV2,14,6,612,0.1601,0.8386,0.0007,0.0018
18,FakeManilaV2,14,7,714,0.1597,0.8395,0.0005,0.0009
18,FakeManilaV2,14,8,816,0.1556,0.844,0.004,0.0045
18,FakeManilaV2,14,9,918,0.1612,0.8385,0.0056,0.0055
18,FakeManilaV2,14,10,1024,0.1631,0.8367,0.0019,0.0018
18,FakeManilaV2,15,1,102,0.1275,0.8679,1.0,1.0
18,FakeManilaV2,15,2,204,0.152,0.8468,0.0245,0.021
18,FakeManilaV2,15,3,306,0.1373,0.8621,0.0147,0.0153
18,FakeManilaV2,15,4,408,0.1299,0.8692,0.0074,0.007
18,FakeManilaV2,15,5,510,0.1373,0.8624,0.0074,0.0068
18,FakeManilaV2,15,6,612,0.152,0.8476,0.0147,0.0148
18,FakeManilaV2,15,7,714,0.1457,0.8536,0.0063,0.006
18,FakeManilaV2,15,8,816,0.1434,0.8556,0.0023,0.002
18,FakeManilaV2,15,9,918,0.1471,0.852,0.0037,0.0036
18,FakeManilaV2,15,10,1024,0.1465,0.853,0.0006,0.001
18,FakeManilaV2,16,1,102,0.1667,0.8331,1.0,1.0
18,FakeManilaV2,16,2,204,0.1373,0.861,0.0294,0.0279
18,FakeManilaV2,16,3,306,0.1601,0.8393,0.0229,0.0216
18,FakeManilaV2,16,4,408,0.1495,0.8504,0.0106,0.0111
18,FakeManilaV2,16,5,510,0.1529,0.847,0.0034,0.0035
18,FakeManilaV2,16,6,612,0.1585,0.8413,0.0056,0.0057
18,FakeManilaV2,16,7,714,0.1597,0.8403,0.0012,0.001
18,FakeManilaV2,16,8,816,0.1593,0.8407,0.0004,0.0004
18,FakeManilaV2,16,9,918,0.1656,0.8344,0.0063,0.0063
18,FakeManilaV2,16,10,1024,0.165,0.8349,0.0005,0.0005
18,FakeManilaV2,17,1,102,0.1765,0.8234,1.0,1.0
18,FakeManilaV2,17,2,204,0.1863,0.8135,0.0098,0.01
18,FakeManilaV2,17,3,306,0.1699,0.8297,0.0163,0.0163
18,FakeManilaV2,17,4,408,0.1667,0.8332,0.0033,0.0035
18,FakeManilaV2,17,5,510,0.1471,0.8528,0.0196,0.0195
18,FakeManilaV2,17,6,612,0.1536,0.8463,0.0065,0.0065
18,FakeManilaV2,17,7,714,0.1485,0.8513,0.0051,0.005
18,FakeManilaV2,17,8,816,0.1495,0.8501,0.0011,0.0011
18,FakeManilaV2,17,9,918,0.1416,0.8582,0.0079,0.0081
18,FakeManilaV2,17,10,1024,0.1484,0.8515,0.0068,0.0067
18,FakeManilaV2,18,1,102,0.1667,0.8268,1.0,1.0
18,FakeManilaV2,18,2,204,0.1716,0.8263,0.0049,0.0005
18,FakeManilaV2,18,3,306,0.1601,0.8399,0.0114,0.0135
18,FakeManilaV2,18,4,408,0.1593,0.8406,0.0008,0.0007
18,FakeManilaV2,18,5,510,0.1529,0.847,0.0064,0.0064
18,FakeManilaV2,18,6,612,0.1618,0.8381,0.0088,0.0088
18,FakeManilaV2,18,7,714,0.1541,0.8459,0.0077,0.0078
18,FakeManilaV2,18,8,816,0.1507,0.8492,0.0033,0.0033
18,FakeManilaV2,18,9,918,0.1569,0.8431,0.0061,0.0061
18,FakeManilaV2,18,10,1024,0.1572,0.8428,0.0004,0.0003
18,FakeManilaV2,19,1,102,0.1863,0.8087,1.0,1.0
18,FakeManilaV2,19,2,204,0.152,0.8468,0.0343,0.0381
18,FakeManilaV2,19,3,306,0.134,0.8659,0.018,0.019
18,FakeManilaV2,19,4,408,0.1275,0.8721,0.0065,0.0062
18,FakeManilaV2,19,5,510,0.1353,0.8647,0.0078,0.0074
18,FakeManilaV2,19,6,612,0.1324,0.8676,0.0029,0.0029
18,FakeManilaV2,19,7,714,0.1289,0.871,0.0035,0.0033
18,FakeManilaV2,19,8,816,0.1311,0.8687,0.0023,0.0023
18,FakeManilaV2,19,9,918,0.1275,0.8724,0.0037,0.0037
18,FakeManilaV2,19,10,1024,0.1279,0.8719,0.0005,0.0005
19,FakeManilaV2,0,1,102,0.2353,0.7636,1.0,1.0
19,FakeManilaV2,0,2,204,0.2206,0.7772,0.0147,0.0136
19,FakeManilaV2,0,3,306,0.219,0.7795,0.0016,0.0024
19,FakeManilaV2,0,4,408,0.2132,0.7863,0.0057,0.0068
19,FakeManilaV2,0,5,510,0.2176,0.7818,0.0044,0.0045
19,FakeManilaV2,0,6,612,0.2141,0.785,0.0036,0.0032
19,FakeManilaV2,0,7,714,0.2157,0.784,0.0016,0.001
19,FakeManilaV2,0,8,816,0.2096,0.7904,0.0061,0.0064
19,FakeManilaV2,0,9,918,0.2124,0.7876,0.0029,0.0028
19,FakeManilaV2,0,10,1024,0.2148,0.7851,0.0024,0.0025
19,FakeManilaV2,1,1,102,0.1569,0.8427,1.0,1.0
19,FakeManilaV2,1,2,204,0.1961,0.8039,0.0392,0.0388
19,FakeManilaV2,1,3,306,0.1961,0.8039,0.0,0.0
19,FakeManilaV2,1,4,408,0.1961,0.8039,0.0,0.0
19,FakeManilaV2,1,5,510,0.1863,0.8137,0.0098,0.0098
19,FakeManilaV2,1,6,612,0.1895,0.8105,0.0033,0.0033
19,FakeManilaV2,1,7,714,0.1835,0.8165,0.0061,0.006
19,FakeManilaV2,1,8,816,0.1838,0.8161,0.0004,0.0003
19,FakeManilaV2,1,9,918,0.183,0.8168,0.0008,0.0007
19,FakeManilaV2,1,10,1024,0.1865,0.8133,0.0035,0.0035
19,FakeManilaV2,2,1,102,0.2353,0.7646,1.0,1.0
19,FakeManilaV2,2,2,204,0.201,0.7943,0.0343,0.0297
19,FakeManilaV2,2,3,306,0.2222,0.7758,0.0212,0.0185
19,FakeManilaV2,2,4,408,0.2108,0.7881,0.0114,0.0123
19,FakeManilaV2,2,5,510,0.2039,0.7945,0.0069,0.0064
19,FakeManilaV2,2,6,612,0.2059,0.7933,0.002,0.0013
19,FakeManilaV2,2,7,714,0.1975,0.8021,0.0084,0.0089
19,FakeManilaV2,2,8,816,0.2022,0.7973,0.0047,0.0048
19,FakeManilaV2,2,9,918,0.1993,0.8001,0.0029,0.0027
19,FakeManilaV2,2,10,1024,0.2061,0.7934,0.0067,0.0067
19,FakeManilaV2,3,1,102,0.1667,0.8331,1.0,1.0
19,FakeManilaV2,3,2,204,0.1569,0.8427,0.0098,0.0096
19,FakeManilaV2,3,3,306,0.1765,0.8234,0.0196,0.0193
19,FakeManilaV2,3,4,408,0.1887,0.8113,0.0123,0.0122
19,FakeManilaV2,3,5,510,0.1784,0.8216,0.0103,0.0103
19,FakeManilaV2,3,6,612,0.1797,0.8202,0.0013,0.0013
19,FakeManilaV2,3,7,714,0.1807,0.8193,0.0009,0.0009
19,FakeManilaV2,3,8,816,0.1814,0.8186,0.0007,0.0008
19,FakeManilaV2,3,9,918,0.1906,0.8091,0.0093,0.0094
19,FakeManilaV2,3,10,1024,0.1895,0.8103,0.0012,0.0012
19,FakeManilaV2,4,1,102,0.2157,0.7843,1.0,1.0
19,FakeManilaV2,4,2,204,0.2206,0.7785,0.0049,0.0058
19,FakeManilaV2,4,3,306,0.2124,0.7866,0.0082,0.0081
19,FakeManilaV2,4,4,408,0.2034,0.7961,0.009,0.0095
19,FakeManilaV2,4,5,510,0.2059,0.7923,0.0025,0.0039
19,FakeManilaV2,4,6,612,0.2157,0.7835,0.0098,0.0087
19,FakeManilaV2,4,7,714,0.2171,0.7821,0.0014,0.0014
19,FakeManilaV2,4,8,816,0.212,0.7865,0.0051,0.0044
19,FakeManilaV2,4,9,918,0.2168,0.7826,0.0048,0.004
19,FakeManilaV2,4,10,1024,0.2139,0.7858,0.0029,0.0032
19,FakeManilaV2,5,1,102,0.1863,0.8113,1.0,1.0
19,FakeManilaV2,5,2,204,0.2059,0.7926,0.0196,0.0187
19,FakeManilaV2,5,3,306,0.2124,0.7873,0.0065,0.0053
19,FakeManilaV2,5,4,408,0.2353,0.7641,0.0229,0.0232
19,FakeManilaV2,5,5,510,0.2412,0.7583,0.0059,0.0058
19,FakeManilaV2,5,6,612,0.2516,0.7479,0.0105,0.0104
19,FakeManilaV2,5,7,714,0.2451,0.7543,0.0065,0.0064
19,FakeManilaV2,5,8,816,0.239,0.7604,0.0061,0.0061
19,FakeManilaV2,5,9,918,0.2375,0.7625,0.0015,0.002
19,FakeManilaV2,5,10,1024,0.2422,0.7578,0.0047,0.0047
19,FakeManilaV2,6,1,102,0.2451,0.7533,1.0,1.0
19,FakeManilaV2,6,2,204,0.2059,0.7926,0.0392,0.0393
19,FakeManilaV2,6,3,306,0.2092,0.7902,0.0033,0.0024
19,FakeManilaV2,6,4,408,0.1863,0.8135,0.0229,0.0234
19,FakeManilaV2,6,5,510,0.1824,0.8176,0.0039,0.0041
19,FakeManilaV2,6,6,612,0.183,0.8167,0.0007,0.0009
19,FakeManilaV2,6,7,714,0.1891,0.8108,0.0061,0.0059
19,FakeManilaV2,6,8,816,0.1924,0.8075,0.0033,0.0033
19,FakeManilaV2,6,9,918,0.1885,0.8115,0.0039,0.004
19,FakeManilaV2,6,10,1024,0.1885,0.8115,0.0,0.0001
19,FakeManilaV2,7,1,102,0.1961,0.8028,1.0,1.0
19,FakeManilaV2,7,2,204,0.2059,0.7911,0.0098,0.0118
19,FakeManilaV2,7,3,306,0.2222,0.7738,0.0163,0.0173
19,FakeManilaV2,7,4,408,0.2108,0.7881,0.0114,0.0143
19,FakeManilaV2,7,5,510,0.2118,0.7874,0.001,0.0007
19,FakeManilaV2,7,6,612,0.2124,0.7866,0.0007,0.0008
19,FakeManilaV2,7,7,714,0.2059,0.7933,0.0065,0.0067
19,FakeManilaV2,7,8,816,0.1973,0.8021,0.0086,0.0088
19,FakeManilaV2,7,9,918,0.1928,0.8068,0.0045,0.0047
19,FakeManilaV2,7,10,1024,0.1943,0.8052,0.0015,0.0016
19,FakeManilaV2,8,1,102,0.1569,0.8358,1.0,1.0
19,FakeManilaV2,8,2,204,0.1814,0.8174,0.0245,0.0184
19,FakeManilaV2,8,3,306,0.1797,0.8202,0.0016,0.0028
19,FakeManilaV2,8,4,408,0.174,0.8258,0.0057,0.0056
19,FakeManilaV2,8,5,510,0.1784,0.8211,0.0044,0.0047
19,FakeManilaV2,8,6,612,0.1797,0.8194,0.0013,0.0016
19,FakeManilaV2,8,7,714,0.1849,0.8146,0.0051,0.0048
19,FakeManilaV2,8,8,816,0.1985,0.8009,0.0137,0.0137
19,FakeManilaV2,8,9,918,0.2004,0.7994,0.0019,0.0016
19,FakeManilaV2,8,10,1024,0.2031,0.7968,0.0027,0.0026
19,FakeManilaV2,9,1,102,0.2255,0.7745,1.0,1.0
19,FakeManilaV2,9,2,204,0.1961,0.8034,0.0294,0.029
19,FakeManilaV2,9,3,306,0.1928,0.8071,0.0033,0.0037
19,FakeManilaV2,9,4,408,0.1887,0.8113,0.0041,0.0042
19,FakeManilaV2,9,5,510,0.198,0.8019,0.0093,0.0093
19,FakeManilaV2,9,6,612,0.2124,0.7875,0.0144,0.0144
19,FakeManilaV2,9,7,714,0.2129,0.7869,0.0005,0.0006
19,FakeManilaV2,9,8,816,0.2157,0.7841,0.0028,0.0028
19,FakeManilaV2,9,9,918,0.2168,0.7829,0.0011,0.0012
19,FakeManilaV2,9,10,1024,0.2109,0.7884,0.0058,0.0055
19,FakeManilaV2,10,1,102,0.1373,0.861,1.0,1.0
19,FakeManilaV2,10,2,204,0.152,0.848,0.0147,0.0129
19,FakeManilaV2,10,3,306,0.1471,0.8529,0.0049,0.0049
19,FakeManilaV2,10,4,408,0.1569,0.8431,0.0098,0.0098
19,FakeManilaV2,10,5,510,0.1549,0.8451,0.002,0.0019
19,FakeManilaV2,10,6,612,0.1667,0.8333,0.0118,0.0117
19,FakeManilaV2,10,7,714,0.1737,0.8263,0.007,0.007
19,FakeManilaV2,10,8,816,0.1838,0.8161,0.0102,0.0102
19,FakeManilaV2,10,9,918,0.1852,0.8147,0.0014,0.0014
19,FakeManilaV2,10,10,1024,0.1914,0.8086,0.0062,0.0061
19,FakeManilaV2,11,1,102,0.2353,0.7646,1.0,1.0
19,FakeManilaV2,11,2,204,0.1961,0.8032,0.0392,0.0386
19,FakeManilaV2,11,3,306,0.2092,0.7905,0.0131,0.0127
19,FakeManilaV2,11,4,408,0.2034,0.7964,0.0057,0.0059
19,FakeManilaV2,11,5,510,0.2059,0.7941,0.0025,0.0023
19,FakeManilaV2,11,6,612,0.2042,0.7957,0.0016,0.0016
19,FakeManilaV2,11,7,714,0.2241,0.7759,0.0198,0.0198
19,FakeManilaV2,11,8,816,0.2145,0.7854,0.0096,0.0096
19,FakeManilaV2,11,9,918,0.2135,0.7865,0.001,0.0011
19,FakeManilaV2,11,10,1024,0.207,0.7929,0.0065,0.0065
19,FakeManilaV2,12,1,102,0.1667,0.8326,1.0,1.0
19,FakeManilaV2,12,2,204,0.1961,0.8034,0.0294,0.0292
19,FakeManilaV2,12,3,306,0.2157,0.7841,0.0196,0.0193
19,FakeManilaV2,12,4,408,0.2157,0.7834,0.0,0.0007
19,FakeManilaV2,12,5,510,0.2196,0.7797,0.0039,0.0037
19,FakeManilaV2,12,6,612,0.2206,0.779,0.001,0.0006
19,FakeManilaV2,12,7,714,0.2129,0.7857,0.0077,0.0066
19,FakeManilaV2,12,8,816,0.2169,0.7818,0.004,0.0038
19,FakeManilaV2,12,9,918,0.2157,0.7839,0.0012,0.002
19,FakeManilaV2,12,10,1024,0.2139,0.7855,0.0018,0.0016
19,FakeManilaV2,13,1,102,0.1373,0.8843,1.0,1.0
19,FakeManilaV2,13,2,204,0.1471,0.8466,0.0098,0.0377
19,FakeManilaV2,13,3,306,0.1536,0.8405,0.0065,0.006
19,FakeManilaV2,13,4,408,0.1593,0.8371,0.0057,0.0035
19,FakeManilaV2,13,5,510,0.1706,0.8232,0.0113,0.0139
19,FakeManilaV2,13,6,612,0.1667,0.8289,0.0039,0.0057
19,FakeManilaV2,13,7,714,0.1737,0.8225,0.007,0.0064
19,FakeManilaV2,13,8,816,0.1691,0.828,0.0046,0.0055
19,FakeManilaV2,13,9,918,0.1797,0.8181,0.0106,0.0099
19,FakeManilaV2,13,10,1024,0.1826,0.8147,0.0029,0.0034
19,FakeManilaV2,14,1,102,0.2353,0.7627,1.0,1.0
19,FakeManilaV2,14,2,204,0.2451,0.7544,0.0098,0.0083
19,FakeManilaV2,14,3,306,0.2386,0.7599,0.0065,0.0055
19,FakeManilaV2,14,4,408,0.2328,0.7648,0.0057,0.0049
19,FakeManilaV2,14,5,510,0.2216,0.7771,0.0113,0.0123
19,FakeManilaV2,14,6,612,0.2402,0.7593,0.0186,0.0178
19,FakeManilaV2,14,7,714,0.2311,0.7688,0.0091,0.0095
19,FakeManilaV2,14,8,816,0.2292,0.7708,0.0019,0.002
19,FakeManilaV2,14,9,918,0.2222,0.7777,0.0069,0.0069
19,FakeManilaV2,14,10,1024,0.2119,0.7879,0.0103,0.0102
19,FakeManilaV2,15,1,102,0.2353,0.7642,1.0,1.0
19,FakeManilaV2,15,2,204,0.1912,0.8082,0.0441,0.044
19,FakeManilaV2,15,3,306,0.2157,0.7842,0.0245,0.024
19,FakeManilaV2,15,4,408,0.2157,0.7842,0.0,0.0001
19,FakeManilaV2,15,5,510,0.2157,0.7843,0.0,0.0001
19,FakeManilaV2,15,6,612,0.2222,0.7777,0.0065,0.0066
19,FakeManilaV2,15,7,714,0.2241,0.7759,0.0019,0.0019
19,FakeManilaV2,15,8,816,0.2304,0.7695,0.0063,0.0064
19,FakeManilaV2,15,9,918,0.2266,0.773,0.0038,0.0035
19,FakeManilaV2,15,10,1024,0.2227,0.7772,0.0039,0.0042
19,FakeManilaV2,16,1,102,0.1961,0.802,1.0,1.0
19,FakeManilaV2,16,2,204,0.1716,0.8284,0.0245,0.0264
19,FakeManilaV2,16,3,306,0.1961,0.8033,0.0245,0.0252
19,FakeManilaV2,16,4,408,0.1961,0.8039,0.0,0.0007
19,FakeManilaV2,16,5,510,0.1882,0.8117,0.0078,0.0078
19,FakeManilaV2,16,6,612,0.1895,0.8102,0.0013,0.0015
19,FakeManilaV2,16,7,714,0.1933,0.8067,0.0037,0.0035
19,FakeManilaV2,16,8,816,0.1936,0.8064,0.0004,0.0003
19,FakeManilaV2,16,9,918,0.195,0.805,0.0014,0.0014
19,FakeManilaV2,16,10,1024,0.1904,0.8095,0.0046,0.0045
19,FakeManilaV2,17,1,102,0.1471,0.8516,1.0,1.0
19,FakeManilaV2,17,2,204,0.1373,0.86,0.0098,0.0084
19,FakeManilaV2,17,3,306,0.1438,0.853,0.0065,0.0069
19,FakeManilaV2,17,4,408,0.174,0.8235,0.0302,0.0295
19,FakeManilaV2,17,5,510,0.1667,0.8327,0.0074,0.0092
19,FakeManilaV2,17,6,612,0.1797,0.8195,0.0131,0.0132
19,FakeManilaV2,17,7,714,0.1835,0.8164,0.0037,0.0032
19,FakeManilaV2,17,8,816,0.1949,0.8051,0.0114,0.0112
19,FakeManilaV2,17,9,918,0.1939,0.8061,0.001,0.001
19,FakeManilaV2,17,10,1024,0.1943,0.8055,0.0004,0.0005
19,FakeManilaV2,18,1,102,0.2059,0.7853,1.0,1.0
19,FakeManilaV2,18,2,204,0.2402,0.7575,0.0343,0.0278
19,FakeManilaV2,18,3,306,0.232,0.7679,0.0082,0.0104
19,FakeManilaV2,18,4,408,0.2304,0.7694,0.0016,0.0015
19,FakeManilaV2,18,5,510,0.2118,0.788,0.0186,0.0186
19,FakeManilaV2,18,6,612,0.2059,0.7941,0.0059,0.0061
19,FakeManilaV2,18,7,714,0.2003,0.7997,0.0056,0.0056
19,FakeManilaV2,18,8,816,0.1936,0.8064,0.0067,0.0067
19,FakeManilaV2,18,9,918,0.195,0.805,0.0014,0.0014
19,FakeManilaV2,18,10,1024,0.1992,0.8008,0.0042,0.0042
19,FakeManilaV2,19,1,102,0.1667,0.8338,1.0,1.0
19,FakeManilaV2,19,2,204,0.1716,0.8272,0.0049,0.0066
19,FakeManilaV2,19,3,306,0.1993,0.8007,0.0278,0.0266
19,FakeManilaV2,19,4,408,0.1912,0.8086,0.0082,0.008
19,FakeManilaV2,19,5,510,0.1863,0.8137,0.0049,0.0051
19,FakeManilaV2,19,6,612,0.1895,0.8104,0.0033,0.0033
19,FakeManilaV2,19,7,714,0.1947,0.8049,0.0051,0.0055
19,FakeManilaV2,19,8,816,0.1985,0.8012,0.0039,0.0037
19,FakeManilaV2,19,9,918,0.1961,0.8038,0.0025,0.0026
19,FakeManilaV2,19,10,1024,0.2031,0.7968,0.007,0.0071
20,FakeManilaV2,0,1,1000,0.003,1.0,1.0,1.0
20,FakeManilaV2,0,2,2000,0.001,1.0,0.002,0.0
20,FakeManilaV2,0,3,3000,0.0017,1.0,0.0007,0.0
20,FakeManilaV2,0,4,4000,0.004,1.0,0.0023,0.0
20,FakeManilaV2,0,5,5000,0.0058,1.0,0.0018,0.0
20,FakeManilaV2,0,6,6000,0.0062,1.0,0.0004,0.0
20,FakeManilaV2,0,7,7000,0.0053,1.0,0.0009,0.0
20,FakeManilaV2,0,8,8000,0.0021,1.0,0.0032,0.0
20,FakeManilaV2,0,9,9000,0.0032,1.0,0.0011,0.0
20,FakeManilaV2,0,10,10000,0.0028,1.0,0.0004,0.0
20,FakeManilaV2,1,1,1000,0.009,0.9999,1.0,1.0
20,FakeManilaV2,1,2,2000,0.0095,0.9999,0.0005,0.0
20,FakeManilaV2,1,3,3000,0.0083,0.9999,0.0012,0.0
20,FakeManilaV2,1,4,4000,0.0077,0.9999,0.0006,0.0
20,FakeManilaV2,1,5,5000,0.0036,1.0,0.0041,0.0
20,FakeManilaV2,1,6,6000,0.0067,1.0,0.0031,0.0
20,FakeManilaV2,1,7,7000,0.004,1.0,0.0027,0.0
20,FakeManilaV2,1,8,8000,0.0019,1.0,0.0021,0.0
20,FakeManilaV2,1,9,9000,0.0006,1.0,0.0013,0.0
20,FakeManilaV2,1,10,10000,0.0,1.0,0.0006,0.0
20,FakeManilaV2,2,1,1000,0.015,0.9998,1.0,1.0
20,FakeManilaV2,2,2,2000,0.0035,1.0,0.0115,0.0002
20,FakeManilaV2,2,3,3000,0.0053,1.0,0.0018,0.0
20,FakeManilaV2,2,4,4000,0.003,1.0,0.0023,0.0
20,FakeManilaV2,2,5,5000,0.0046,1.0,0.0016,0.0
20,FakeManilaV2,2,6,6000,0.0065,1.0,0.0019,0.0
20,FakeManilaV2,2,7,7000,0.003,1.0,0.0035,0.0
20,FakeManilaV2,2,8,8000,0.0066,1.0,0.0036,0.0
20,FakeManilaV2,2,9,9000,0.0077,0.9999,0.001,0.0
20,FakeManilaV2,2,10,10000,0.0085,0.9999,0.0008,0.0
20,FakeManilaV2,3,1,1000,0.013,0.9998,1.0,1.0
20,FakeManilaV2,3,2,2000,0.015,0.9998,0.002,0.0001
20,FakeManilaV2,3,3,3000,0.0103,0.9999,0.0047,0.0001
20,FakeManilaV2,3,4,4000,0.0035,1.0,0.0068,0.0001
20,FakeManilaV2,3,5,5000,0.0052,1.0,0.0017,0.0
20,FakeManilaV2,3,6,6000,0.0007,1.0,0.0045,0.0
20,FakeManilaV2,3,7,7000,0.002,1.0,0.0013,0.0
20,FakeManilaV2,3,8,8000,0.0039,1.0,0.0019,0.0
20,FakeManilaV2,3,9,9000,0.0033,1.0,0.0005,0.0
20,FakeManilaV2,3,10,10000,0.0025,1.0,0.0008,0.0
20,FakeManilaV2,4,1,1000,0.021,0.9996,1.0,1.0
20,FakeManilaV2,4,2,2000,0.013,0.9998,0.008,0.0003
20,FakeManilaV2,4,3,3000,0.0087,0.9999,0.0043,0.0001
20,FakeManilaV2,4,4,4000,0.0028,1.0,0.0059,0.0001
20,FakeManilaV2,4,5,5000,0.0008,1.0,0.0019,0.0
20,FakeManilaV2,4,6,6000,0.0003,1.0,0.0005,0.0
20,FakeManilaV2,4,7,7000,0.0006,1.0,0.0002,0.0
20,FakeManilaV2,4,8,8000,0.002,1.0,0.0014,0.0
20,FakeManilaV2,4,9,9000,0.0009,1.0,0.0011,0.0
20,FakeManilaV2,4,10,10000,0.0003,1.0,0.0006,0.0
20,FakeManilaV2,5,1,1000,0.009,0.9999,1.0,1.0
20,FakeManilaV2,5,2,2000,0.0145,0.9998,0.0055,0.0001
20,FakeManilaV2,5,3,3000,0.0087,0.9999,0.0058,0.0001
20,FakeManilaV2,5,4,4000,0.0053,1.0,0.0034,0.0
20,FakeManilaV2,5,5,5000,0.001,1.0,0.0042,0.0
20,FakeManilaV2,5,6,6000,0.0032,1.0,0.0022,0.0
20,FakeManilaV2,5,7,7000,0.0023,1.0,0.0009,0.0
20,FakeManilaV2,5,8,8000,0.0008,1.0,0.0015,0.0
20,FakeManilaV2,5,9,9000,0.0008,1.0,0.0,0.0
20,FakeManilaV2,5,10,10000,0.0001,1.0,0.0007,0.0
20,FakeManilaV2,6,1,1000,0.005,1.0,1.0,1.0
20,FakeManilaV2,6,2,2000,0.01,0.9999,0.005,0.0001
20,FakeManilaV2,6,3,3000,0.0073,0.9999,0.0027,0.0
20,FakeManilaV2,6,4,4000,0.0033,1.0,0.0041,0.0
20,FakeManilaV2,6,5,5000,0.0022,1.0,0.001,0.0
20,FakeManilaV2,6,6,6000,0.0035,1.0,0.0013,0.0
20,FakeManilaV2,6,7,7000,0.0059,1.0,0.0024,0.0
20,FakeManilaV2,6,8,8000,0.0056,1.0,0.0002,0.0
20,FakeManilaV2,6,9,9000,0.006,1.0,0.0004,0.0
20,FakeManilaV2,6,10,10000,0.0051,1.0,0.0009,0.0
20,FakeManilaV2,7,1,1000,0.001,1.0,1.0,1.0
20,FakeManilaV2,7,2,2000,0.0045,1.0,0.0035,0.0
20,FakeManilaV2,7,3,3000,0.0003,1.0,0.0042,0.0
20,FakeManilaV2,7,4,4000,0.006,1.0,0.0057,0.0
20,FakeManilaV2,7,5,5000,0.005,1.0,0.001,0.0
20,FakeManilaV2,7,6,6000,0.0012,1.0,0.0038,0.0
20,FakeManilaV2,7,7,7000,0.0013,1.0,0.0001,0.0
20,FakeManilaV2,7,8,8000,0.0011,1.0,0.0002,0.0
20,FakeManilaV2,7,9,9000,0.0007,1.0,0.0005,0.0
20,FakeManilaV2,7,10,10000,0.0016,1.0,0.0009,0.0
20,FakeManilaV2,8,1,1000,0.012,0.9999,1.0,1.0
20,FakeManilaV2,8,2,2000,0.002,1.0,0.01,0.0001
20,FakeManilaV2,8,3,3000,0.0067,1.0,0.0047,0.0
20,FakeManilaV2,8,4,4000,0.0047,1.0,0.0019,0.0
20,FakeManilaV2,8,5,5000,0.001,1.0,0.0037,0.0
20,FakeManilaV2,8,6,6000,0.0037,1.0,0.0027,0.0
20,FakeManilaV2,8,7,7000,0.003,1.0,0.0007,0.0
20,FakeManilaV2,8,8,8000,0.0019,1.0,0.0011,0.0
20,FakeManilaV2,8,9,9000,0.0018,1.0,0.0001,0.0
20,FakeManilaV2,8,10,10000,0.0028,1.0,0.001,0.0
20,FakeManilaV2,9,1,1000,0.005,1.0,1.0,1.0
20,FakeManilaV2,9,2,2000,0.003,1.0,0.002,0.0
20,FakeManilaV2,9,3,3000,0.006,1.0,0.003,0.0
20,FakeManilaV2,9,4,4000,0.0065,1.0,0.0005,0.0
20,FakeManilaV2,9,5,5000,0.0034,1.0,0.0031,0.0
20,FakeManilaV2,9,6,6000,0.0035,1.0,0.0001,0.0
20,FakeManilaV2,9,7,7000,0.0024,1.0,0.0011,0.0
20,FakeManilaV2,9,8,8000,0.0034,1.0,0.0009,0.0
20,FakeManilaV2,9,9,9000,0.0012,1.0,0.0022,0.0
20,FakeManilaV2,9,10,10000,0.0004,1.0,0.0008,0.0
20,FakeManilaV2,10,1,1000,0.01,0.9999,1.0,1.0
20,FakeManilaV2,10,2,2000,0.0055,1.0,0.0045,0.0001
20,FakeManilaV2,10,3,3000,0.0077,0.9999,0.0022,0.0
20,FakeManilaV2,10,4,4000,0.0083,0.9999,0.0006,0.0
20,FakeManilaV2,10,5,5000,0.0032,1.0,0.005,0.0001
20,FakeManilaV2,10,6,6000,0.0037,1.0,0.0005,0.0
20,FakeManilaV2,10,7,7000,0.0067,1.0,0.003,0.0
20,FakeManilaV2,10,8,8000,0.0056,1.0,0.0011,0.0
20,FakeManilaV2,10,9,9000,0.0058,1.0,0.0002,0.0
20,FakeManilaV2,10,10,10000,0.0072,0.9999,0.0014,0.0
20,FakeManilaV2,11,1,1000,0.022,0.9995,1.0,1.0
20,FakeManilaV2,11,2,2000,0.0135,0.9998,0.0085,0.0003
20,FakeManilaV2,11,3,3000,0.0107,0.9999,0.0028,0.0001
20,FakeManilaV2,11,4,4000,0.0098,0.9999,0.0009,0.0
20,FakeManilaV2,11,5,5000,0.0038,1.0,0.0059,0.0001
20,FakeManilaV2,11,6,6000,0.0045,1.0,0.0007,0.0
20,FakeManilaV2,11,7,7000,0.0056,1.0,0.0011,0.0
20,FakeManilaV2,11,8,8000,0.0068,1.0,0.0012,0.0
20,FakeManilaV2,11,9,9000,0.0042,1.0,0.0025,0.0
20,FakeManilaV2,11,10,10000,0.003,1.0,0.0012,0.0
20,FakeManilaV2,12,1,1000,0.015,0.9998,1.0,1.0
20,FakeManilaV2,12,2,2000,0.0115,0.9999,0.0035,0.0001
20,FakeManilaV2,12,3,3000,0.0027,1.0,0.0088,0.0001
20,FakeManilaV2,12,4,4000,0.004,1.0,0.0013,0.0
20,FakeManilaV2,12,5,5000,0.0004,1.0,0.0036,0.0
20,FakeManilaV2,12,6,6000,0.0005,1.0,0.0001,0.0
20,FakeManilaV2,12,7,7000,0.0004,1.0,0.0001,0.0
20,FakeManilaV2,12,8,8000,0.004,1.0,0.0036,0.0
20,FakeManilaV2,12,9,9000,0.0004,1.0,0.0036,0.0
20,FakeManilaV2,12,10,10000,0.0019,1.0,0.0015,0.0
20,FakeManilaV2,13,1,1000,0.002,1.0,1.0,1.0
20,FakeManilaV2,13,2,2000,0.005,1.0,0.003,0.0
20,FakeManilaV2,13,3,3000,0.006,1.0,0.001,0.0
20,FakeManilaV2,13,4,4000,0.0043,1.0,0.0018,0.0
20,FakeManilaV2,13,5,5000,0.0012,1.0,0.003,0.0
20,FakeManilaV2,13,6,6000,0.002,1.0,0.0008,0.0
20,FakeManilaV2,13,7,7000,0.0046,1.0,0.0026,0.0
20,FakeManilaV2,13,8,8000,0.0034,1.0,0.0012,0.0
20,FakeManilaV2,13,9,9000,0.0034,1.0,0.0001,0.0
20,FakeManilaV2,13,10,10000,0.0082,0.9999,0.0048,0.0001
20,FakeManilaV2,14,1,1000,0.018,0.9997,1.0,1.0
20,FakeManilaV2,14,2,2000,0.019,0.9996,0.001,0.0
20,FakeManilaV2,14,3,3000,0.0167,0.9997,0.0023,0.0001
20,FakeManilaV2,14,4,4000,0.016,0.9997,0.0007,0.0
20,FakeManilaV2,14,5,5000,0.011,0.9999,0.005,0.0001
20,FakeManilaV2,14,6,6000,0.0107,0.9999,0.0003,0.0
20,FakeManilaV2,14,7,7000,0.009,0.9999,0.0017,0.0
20,FakeManilaV2,14,8,8000,0.0084,0.9999,0.0006,0.0
20,FakeManilaV2,14,9,9000,0.0081,0.9999,0.0003,0.0
20,FakeManilaV2,14,10,10000,0.0092,0.9999,0.0011,0.0
20,FakeManilaV2,15,1,1000,0.003,1.0,1.0,1.0
20,FakeManilaV2,15,2,2000,0.003,1.0,0.0,0.0
20,FakeManilaV2,15,3,3000,0.002,1.0,0.001,0.0
20,FakeManilaV2,15,4,4000,0.004,1.0,0.002,0.0
20,FakeManilaV2,15,5,5000,0.003,1.0,0.001,0.0
20,FakeManilaV2,15,6,6000,0.0023,1.0,0.0007,0.0
20,FakeManilaV2,15,7,7000,0.0074,0.9999,0.0051,0.0
20,FakeManilaV2,15,8,8000,0.0075,0.9999,0.0001,0.0
20,FakeManilaV2,15,9,9000,0.0082,0.9999,0.0007,0.0
20,FakeManilaV2,15,10,10000,0.0093,0.9999,0.0011,0.0
20,FakeManilaV2,16,1,1000,0.01,0.9999,1.0,1.0
20,FakeManilaV2,16,2,2000,0.0015,1.0,0.0085,0.0001
20,FakeManilaV2,16,3,3000,0.0003,1.0,0.0012,0.0
20,FakeManilaV2,16,4,4000,0.004,1.0,0.0037,0.0
20,FakeManilaV2,16,5,5000,0.0016,1.0,0.0024,0.0
20,FakeManilaV2,16,6,6000,0.0007,1.0,0.0009,0.0
20,FakeManilaV2,16,7,7000,0.001,1.0,0.0003,0.0
20,FakeManilaV2,16,8,8000,0.0039,1.0,0.0029,0.0
20,FakeManilaV2,16,9,9000,0.0023,1.0,0.0015,0.0
20,FakeManilaV2,16,10,10000,0.0021,1.0,0.0002,0.0
20,FakeManilaV2,17,1,1000,0.008,0.9999,1.0,1.0
20,FakeManilaV2,17,2,2000,0.0045,1.0,0.0035,0.0
20,FakeManilaV2,17,3,3000,0.0033,1.0,0.0012,0.0
20,FakeManilaV2,17,4,4000,0.0012,1.0,0.0021,0.0
20,FakeManilaV2,17,5,5000,0.0032,1.0,0.002,0.0
20,FakeManilaV2,17,6,6000,0.0033,1.0,0.0001,0.0
20,FakeManilaV2,17,7,7000,0.003,1.0,0.0003,0.0
20,FakeManilaV2,17,8,8000,0.0039,1.0,0.0009,0.0
20,FakeManilaV2,17,9,9000,0.0038,1.0,0.0001,0.0
20,FakeManilaV2,17,10,10000,0.0027,1.0,0.0011,0.0
20,FakeManilaV2,18,1,1000,0.018,0.9997,1.0,1.0
20,FakeManilaV2,18,2,2000,0.021,0.9996,0.003,0.0001
20,FakeManilaV2,18,3,3000,0.023,0.9995,0.002,0.0001
20,FakeManilaV2,18,4,4000,0.018,0.9997,0.005,0.0002
20,FakeManilaV2,18,5,5000,0.0186,0.9997,0.0006,0.0
20,FakeManilaV2,18,6,6000,0.0162,0.9997,0.0024,0.0001
20,FakeManilaV2,18,7,7000,0.013,0.9998,0.0032,0.0001
20,FakeManilaV2,18,8,8000,0.0126,0.9998,0.0004,0.0
20,FakeManilaV2,18,9,9000,0.0097,0.9999,0.003,0.0001
20,FakeManilaV2,18,10,10000,0.0097,0.9999,0.0,0.0
20,FakeManilaV2,19,1,1000,0.021,0.9996,1.0,1.0
20,FakeManilaV2,19,2,2000,0.0045,1.0,0.0165,0.0004
20,FakeManilaV2,19,3,3000,0.007,1.0,0.0025,0.0
20,FakeManilaV2,19,4,4000,0.0057,1.0,0.0013,0.0
20,FakeManilaV2,19,5,5000,0.0008,1.0,0.0049,0.0
20,FakeManilaV2,19,6,6000,0.0028,1.0,0.002,0.0
20,FakeManilaV2,19,7,7000,0.0039,1.0,0.001,0.0
20,FakeManilaV2,19,8,8000,0.0043,1.0,0.0004,0.0
20,FakeManilaV2,19,9,9000,0.0036,1.0,0.0007,0.0
20,FakeManilaV2,19,10,10000,0.0018,1.0,0.0018,0.0
25,FakeManilaV2,0,1,102,0.1771,0.9376,1.0,1.0
25,FakeManilaV2,0,2,204,0.1535,0.968,0.0236,0.0304
25,FakeManilaV2,0,3,306,0.1313,0.9808,0.0222,0.0128
25,FakeManilaV2,0,4,408,0.1327,0.9798,0.0013,0.0009
25,FakeManilaV2,0,5,510,0.1166,0.9844,0.0161,0.0045
25,FakeManilaV2,0,6,612,0.1137,0.9848,0.0029,0.0004
25,FakeManilaV2,0,7,714,0.1095,0.9858,0.0042,0.001
25,FakeManilaV2,0,8,816,0.1097,0.9857,0.0002,0.0002
25,FakeManilaV2,0,9,918,0.1123,0.9843,0.0027,0.0014
25,FakeManilaV2,0,10,1024,0.1104,0.985,0.002,0.0007
25,FakeManilaV2,1,1,102,0.1774,0.9462,1.0,1.0
25,FakeManilaV2,1,2,204,0.1446,0.9701,0.0328,0.0239
25,FakeManilaV2,1,3,306,0.1433,0.9736,0.0013,0.0035
25,FakeManilaV2,1,4,408,0.1345,0.9764,0.0088,0.0028
25,FakeManilaV2,1,5,510,0.1267,0.977,0.0078,0.0006
25,FakeManilaV2,1,6,612,0.1263,0.9774,0.0003,0.0004
25,FakeManilaV2,1,7,714,0.1303,0.9774,0.004,0.0
25,FakeManilaV2,1,8,816,0.1324,0.9776,0.0021,0.0002
25,FakeManilaV2,1,9,918,0.132,0.9784,0.0003,0.0008
25,FakeManilaV2,1,10,1024,0.1319,0.9795,0.0002,0.0011
25,FakeManilaV2,2,1,102,0.1382,0.9561,1.0,1.0
25,FakeManilaV2,2,2,204,0.0968,0.9765,0.0414,0.0204
25,FakeManilaV2,2,3,306,0.1001,0.9805,0.0033,0.0039
25,FakeManilaV2,2,4,408,0.0824,0.9872,0.0177,0.0068
25,FakeManilaV2,2,5,510,0.1027,0.9856,0.0203,0.0016
25,FakeManilaV2,2,6,612,0.1024,0.9866,0.0003,0.001
25,FakeManilaV2,2,7,714,0.105,0.9867,0.0026,0.0001
25,FakeManilaV2,2,8,816,0.0996,0.9879,0.0054,0.0012
25,FakeManilaV2,2,9,918,0.0932,0.9893,0.0064,0.0014
25,FakeManilaV2,2,10,1024,0.0899,0.9898,0.0033,0.0005
25,FakeManilaV2,3,1,102,0.159,0.9508,1.0,1.0
25,FakeManilaV2,3,2,204,0.1575,0.9678,0.0015,0.017
25,FakeManilaV2,3,3,306,0.1309,0.9775,0.0266,0.0097
25,FakeManilaV2,3,4,408,0.1155,0.9819,0.0154,0.0044
25,FakeManilaV2,3,5,510,0.1126,0.9815,0.0029,0.0004
25,FakeManilaV2,3,6,612,0.1169,0.9803,0.0043,0.0012
25,FakeManilaV2,3,7,714,0.1192,0.9802,0.0023,0.0001
25,FakeManilaV2,3,8,816,0.1103,0.9829,0.0089,0.0026
25,FakeManilaV2,3,9,918,0.1012,0.9851,0.0091,0.0022
25,FakeManilaV2,3,10,1024,0.1016,0.9847,0.0004,0.0005
25,FakeManilaV2,4,1,102,0.1633,0.9609,1.0,1.0
25,FakeManilaV2,4,2,204,0.1213,0.9779,0.042,0.017
25,FakeManilaV2,4,3,306,0.1026,0.9842,0.0187,0.0063
25,FakeManilaV2,4,4,408,0.095,0.9881,0.0077,0.004
25,FakeManilaV2,4,5,510,0.1184,0.9825,0.0234,0.0056
25,FakeManilaV2,4,6,612,0.1136,0.9845,0.0048,0.002
25,FakeManilaV2,4,7,714,0.1171,0.9835,0.0035,0.001
25,FakeManilaV2,4,8,816,0.1192,0.9831,0.0021,0.0004
25,FakeManilaV2,4,9,918,0.1045,0.9861,0.0147,0.0029
25,FakeManilaV2,4,10,1024,0.1113,0.9835,0.0069,0.0025
25,FakeManilaV2,5,1,102,0.1967,0.9337,1.0,1.0
25,FakeManilaV2,5,2,204,0.1771,0.9555,0.0196,0.0218
25,FakeManilaV2,5,3,306,0.132,0.9737,0.045,0.0182
25,FakeManilaV2,5,4,408,0.1106,0.9855,0.0214,0.0118
25,FakeManilaV2,5,5,510,0.0887,0.9895,0.0219,0.004
25,FakeManilaV2,5,6,612,0.1026,0.9867,0.014,0.0028
25,FakeManilaV2,5,7,714,0.1017,0.9869,0.001,0.0002
25,FakeManilaV2,5,8,816,0.1042,0.9859,0.0025,0.0009
25,FakeManilaV2,5,9,918,0.1019,0.9871,0.0023,0.0011
25,FakeManilaV2,5,10,1024,0.0928,0.9892,0.0091,0.0022
25,FakeManilaV2,6,1,102,0.185,0.9422,1.0,1.0
25,FakeManilaV2,6,2,204,0.1373,0.9706,0.0478,0.0284
25,FakeManilaV2,6,3,306,0.1572,0.9689,0.0199,0.0017
25,FakeManilaV2,6,4,408,0.1523,0.9701,0.0049,0.0012
25,FakeManilaV2,6,5,510,0.1242,0.9782,0.0281,0.0081
25,FakeManilaV2,6,6,612,0.1255,0.9759,0.0013,0.0023
25,FakeManilaV2,6,7,714,0.118,0.978,0.0075,0.0021
25,FakeManilaV2,6,8,816,0.1103,0.9817,0.0077,0.0037
25,FakeManilaV2,6,9,918,0.1158,0.9815,0.0055,0.0003
25,FakeManilaV2,6,10,1024,0.1153,0.9823,0.0005,0.0008
25,FakeManilaV2,7,1,102,0.1455,0.9326,1.0,1.0
25,FakeManilaV2,7,2,204,0.1045,0.9683,0.0411,0.0356
25,FakeManilaV2,7,3,306,0.0802,0.9844,0.0243,0.0162
25,FakeManilaV2,7,4,408,0.0864,0.9852,0.0062,0.0008
25,FakeManilaV2,7,5,510,0.0865,0.9869,0.0001,0.0016
25,FakeManilaV2,7,6,612,0.0803,0.9881,0.0063,0.0013
25,FakeManilaV2,7,7,714,0.0811,0.9897,0.0008,0.0015
25,FakeManilaV2,7,8,816,0.0904,0.9871,0.0093,0.0026
25,FakeManilaV2,7,9,918,0.0863,0.9878,0.0041,0.0007
25,FakeManilaV2,7,10,1024,0.083,0.9883,0.0033,0.0005
25,FakeManilaV2,8,1,102,0.2298,0.9314,1.0,1.0
25,FakeManilaV2,8,2,204,0.1642,0.9625,0.0656,0.0311
25,FakeManilaV2,8,3,306,0.118,0.981,0.0463,0.0184
25,FakeManilaV2,8,4,408,0.0987,0.9842,0.0193,0.0032
25,FakeManilaV2,8,5,510,0.081,0.9897,0.0176,0.0056
25,FakeManilaV2,8,6,612,0.0796,0.9906,0.0015,0.0009
25,FakeManilaV2,8,7,714,0.086,0.99,0.0065,0.0006
25,FakeManilaV2,8,8,816,0.0781,0.9916,0.0079,0.0016
25,FakeManilaV2,8,9,918,0.0711,0.9929,0.007,0.0013
25,FakeManilaV2,8,10,1024,0.0654,0.9937,0.0057,0.0007
25,FakeManilaV2,9,1,102,0.1887,0.9321,1.0,1.0
25,FakeManilaV2,9,2,204,0.1789,0.9596,0.0098,0.0275
25,FakeManilaV2,9,3,306,0.1607,0.9662,0.0182,0.0066
25,FakeManilaV2,9,4,408,0.1281,0.9773,0.0327,0.0111
25,FakeManilaV2,9,5,510,0.126,0.9784,0.002,0.001
25,FakeManilaV2,9,6,612,0.1181,0.9812,0.008,0.0029
25,FakeManilaV2,9,7,714,0.1021,0.9856,0.0159,0.0043
25,FakeManilaV2,9,8,816,0.0996,0.9864,0.0025,0.0009
25,FakeManilaV2,9,9,918,0.099,0.9861,0.0005,0.0003
25,FakeManilaV2,9,10,1024,0.0938,0.9877,0.0053,0.0017
25,FakeManilaV2,10,1,102,0.1927,0.9204,1.0,1.0
25,FakeManilaV2,10,2,204,0.132,0.9763,0.0607,0.0558
25,FakeManilaV2,10,3,306,0.087,0.9857,0.045,0.0095
25,FakeManilaV2,10,4,408,0.1011,0.9861,0.0141,0.0004
25,FakeManilaV2,10,5,510,0.0907,0.988,0.0104,0.0019
25,FakeManilaV2,10,6,612,0.0921,0.9869,0.0014,0.0011
25,FakeManilaV2,10,7,714,0.0858,0.9886,0.0063,0.0017
25,FakeManilaV2,10,8,816,0.0858,0.989,0.0,0.0004
25,FakeManilaV2,10,9,918,0.0866,0.9892,0.0009,0.0002
25,FakeManilaV2,10,10,1024,0.0918,0.988,0.0052,0.0012
25,FakeManilaV2,11,1,102,0.1204,0.9667,1.0,1.0
25,FakeManilaV2,11,2,204,0.08,0.9885,0.0404,0.0218
25,FakeManilaV2,11,3,306,0.0979,0.9848,0.018,0.0036
25,FakeManilaV2,11,4,408,0.0864,0.99,0.0115,0.0052
25,FakeManilaV2,11,5,510,0.0811,0.9912,0.0053,0.0012
25,FakeManilaV2,11,6,612,0.0819,0.9918,0.0008,0.0006
25,FakeManilaV2,11,7,714,0.0746,0.9928,0.0073,0.001
25,FakeManilaV2,11,8,816,0.0717,0.9932,0.0029,0.0004
25,FakeManilaV2,11,9,918,0.0718,0.9927,0.0001,0.0005
25,FakeManilaV2,11,10,1024,0.0694,0.9935,0.0025,0.0008
25,FakeManilaV2,12,1,102,0.2062,0.9326,1.0,1.0
25,FakeManilaV2,12,2,204,0.186,0.9561,0.0202,0.0235
25,FakeManilaV2,12,3,306,0.1404,0.9726,0.0455,0.0165
25,FakeManilaV2,12,4,408,0.1109,0.9834,0.0295,0.0107
25,FakeManilaV2,12,5,510,0.1041,0.9852,0.0068,0.0019
25,FakeManilaV2,12,6,612,0.1058,0.9848,0.0017,0.0004
25,FakeManilaV2,12,7,714,0.117,0.9821,0.0112,0.0027
25,FakeManilaV2,12,8,816,0.1026,0.9856,0.0144,0.0034
25,FakeManilaV2,12,9,918,0.1009,0.9861,0.0018,0.0005
25,FakeManilaV2,12,10,1024,0.0996,0.9867,0.0012,0.0006
25,FakeManilaV2,13,1,102,0.1615,0.9664,1.0,1.0
25,FakeManilaV2,13,2,204,0.174,0.9574,0.0126,0.009
25,FakeManilaV2,13,3,306,0.1619,0.9653,0.0122,0.0079
25,FakeManilaV2,13,4,408,0.1679,0.9627,0.006,0.0026
25,FakeManilaV2,13,5,510,0.1694,0.9624,0.0015,0.0003
25,FakeManilaV2,13,6,612,0.1529,0.9707,0.0165,0.0083
25,FakeManilaV2,13,7,714,0.1444,0.9744,0.0084,0.0037
25,FakeManilaV2,13,8,816,0.1394,0.9757,0.005,0.0013
25,FakeManilaV2,13,9,918,0.1284,0.9799,0.011,0.0041
25,FakeManilaV2,13,10,1024,0.126,0.98,0.0024,0.0001
25,FakeManilaV2,14,1,102,0.1317,0.9712,1.0,1.0
25,FakeManilaV2,14,2,204,0.0898,0.9874,0.042,0.0162
25,FakeManilaV2,14,3,306,0.0783,0.9912,0.0114,0.0038
25,FakeManilaV2,14,4,408,0.0567,0.9946,0.0217,0.0034
25,FakeManilaV2,14,5,510,0.0711,0.9929,0.0145,0.0017
25,FakeManilaV2,14,6,612,0.0708,0.9926,0.0004,0.0003
25,FakeManilaV2,14,7,714,0.0694,0.9934,0.0014,0.0008
25,FakeManilaV2,14,8,816,0.0744,0.993,0.0051,0.0005
25,FakeManilaV2,14,9,918,0.0718,0.9925,0.0027,0.0004
25,FakeManilaV2,14,10,1024,0.0703,0.9928,0.0015,0.0002
25,FakeManilaV2,15,1,102,0.1373,0.9478,1.0,1.0
25,FakeManilaV2,15,2,204,0.1363,0.9684,0.0009,0.0206
25,FakeManilaV2,15,3,306,0.1035,0.9841,0.0329,0.0157
25,FakeManilaV2,15,4,408,0.0864,0.9884,0.0171,0.0043
25,FakeManilaV2,15,5,510,0.0832,0.9896,0.0032,0.0012
25,FakeManilaV2,15,6,612,0.0825,0.991,0.0007,0.0014
25,FakeManilaV2,15,7,714,0.0797,0.9913,0.0028,0.0003
25,FakeManilaV2,15,8,816,0.0797,0.9912,0.0,0.0002
25,FakeManilaV2,15,9,918,0.0772,0.9921,0.0025,0.0009
25,FakeManilaV2,15,10,1024,0.0821,0.9907,0.0048,0.0014
25,FakeManilaV2,16,1,102,0.1556,0.9719,1.0,1.0
25,FakeManilaV2,16,2,204,0.1471,0.973,0.0086,0.0011
25,FakeManilaV2,16,3,306,0.1023,0.9838,0.0447,0.0108
25,FakeManilaV2,16,4,408,0.0916,0.9892,0.0107,0.0054
25,FakeManilaV2,16,5,510,0.0853,0.9907,0.0063,0.0015
25,FakeManilaV2,16,6,612,0.0913,0.9896,0.006,0.0011
25,FakeManilaV2,16,7,714,0.0899,0.9904,0.0014,0.0008
25,FakeManilaV2,16,8,816,0.0977,0.9891,0.0078,0.0013
25,FakeManilaV2,16,9,918,0.0903,0.9905,0.0075,0.0013
25,FakeManilaV2,16,10,1024,0.0957,0.9896,0.0054,0.0009
25,FakeManilaV2,17,1,102,0.1731,0.9271,1.0,1.0
25,FakeManilaV2,17,2,204,0.129,0.963,0.0441,0.0358
25,FakeManilaV2,17,3,306,0.1077,0.9794,0.0212,0.0165
25,FakeManilaV2,17,4,408,0.0919,0.9859,0.0158,0.0064
25,FakeManilaV2,17,5,510,0.1103,0.9814,0.0184,0.0044
25,FakeManilaV2,17,6,612,0.1019,0.9853,0.0084,0.0038
25,FakeManilaV2,17,7,714,0.0956,0.9875,0.0063,0.0022
25,FakeManilaV2,17,8,816,0.0965,0.9878,0.0009,0.0003
25,FakeManilaV2,17,9,918,0.0939,0.988,0.0026,0.0002
25,FakeManilaV2,17,10,1024,0.0977,0.9872,0.0038,0.0008
25,FakeManilaV2,18,1,102,0.1575,0.9466,1.0,1.0
25,FakeManilaV2,18,2,204,0.1045,0.9784,0.053,0.0318
25,FakeManilaV2,18,3,306,0.1056,0.9815,0.0011,0.0032
25,FakeManilaV2,18,4,408,0.1081,0.9843,0.0026,0.0028
25,FakeManilaV2,18,5,510,0.0964,0.986,0.0117,0.0018
25,FakeManilaV2,18,6,612,0.1023,0.9831,0.0059,0.0029
25,FakeManilaV2,18,7,714,0.1135,0.9816,0.0112,0.0016
25,FakeManilaV2,18,8,816,0.1109,0.9826,0.0026,0.001
25,FakeManilaV2,18,9,918,0.1067,0.9839,0.0043,0.0013
25,FakeManilaV2,18,10,1024,0.1065,0.984,0.0002,0.0
25,FakeManilaV2,19,1,102,0.174,0.9209,1.0,1.0
25,FakeManilaV2,19,2,204,0.1078,0.9814,0.0662,0.0605
25,FakeManilaV2,19,3,306,0.0969,0.9863,0.0109,0.0049
25,FakeManilaV2,19,4,408,0.1091,0.9844,0.0122,0.0019
25,FakeManilaV2,19,5,510,0.1102,0.9833,0.0012,0.0011
25,FakeManilaV2,19,6,612,0.0981,0.9861,0.0121,0.0028
25,FakeManilaV2,19,7,714,0.0988,0.9852,0.0006,0.0009
25,FakeManilaV2,19,8,816,0.0892,0.9872,0.0096,0.002
25,FakeManilaV2,19,9,918,0.0943,0.9867,0.0052,0.0005
25,FakeManilaV2,19,10,1024,0.0908,0.9874,0.0035,0.0007
